vectors:

 20.442173 7.167374 -118.716003

 16.208620 7.167374 -121.326569

 8.709183 7.167374 -121.326569

 1.209748 7.167374 -119.804657

 -6.289692 7.167374 -116.362198

 -10.523247 6.934394 -115.273560

 21.530804 7.167374 -111.040024

 16.208620 6.934394 -111.040024

 1.209746 7.167374 -111.040024

 -6.289692 7.167374 -111.040024

 -13.789131 7.167374 -111.040024

 -18.022686 7.167374 -107.774139

 21.530804 6.934394 -103.540588

 16.208620 7.167374 -103.540588

 8.709183 7.167374 -103.540588

 1.209746 7.167374 -103.540588

 -6.289692 6.934394 -103.540588

 -13.789131 6.934394 -103.540588

 -21.288570 6.934394 -103.540588

 -25.522121 7.167374 -100.274689

 20.442173 7.167374 -99.307007

 16.208620 6.934394 -98.218384

 8.709183 7.167374 -98.218384

 1.209746 7.167374 -96.041138

 -6.289692 6.934394 -96.041138

 -13.789131 7.167374 -96.041138

 -21.288570 7.167374 -96.041138

 -26.610752 6.934394 -96.041138

 -114.547699 7.167374 -92.775269

 -118.781250 7.167374 -93.863892

 -126.280701 6.934394 -93.863892

 -130.514252 7.167374 -92.775269

 -0.967507 7.167374 -88.541718

 -6.289692 7.167374 -88.541718

 -13.789131 6.934394 -88.541718

 -21.288570 7.167374 -88.541718

 -26.610752 7.167374 -88.541718

 -92.049393 7.167374 -85.275833

 -96.282959 7.167374 -86.364456

 -103.782379 7.167374 -86.364456

 -111.281815 7.167374 -88.541718

 -118.781250 6.934394 -88.541718

 -126.280701 7.167374 -88.541718

 -131.602875 7.167374 -88.541718

 12.942733 6.934394 -77.776382

 8.492676 7.885582 -78.818802

 1.282957 7.632807 -81.070969

 -6.301876 6.947160 -81.042519

 -13.789131 7.108796 -81.042267

 -21.288570 7.167374 -81.042267

 -28.788006 7.167374 -81.042267

 -33.021564 7.167374 -77.776382

 -84.549957 6.934394 -77.776382

 -88.783508 7.167374 -81.042267

 -96.282944 7.167374 -81.042267

 -103.782379 7.167374 -81.042267

 -111.281815 7.167374 -81.042267

 -118.781250 7.167374 -81.042267

 -126.280701 7.167374 -81.042267

 -131.602875 7.167374 -81.042267

 35.441044 6.934394 -70.276947

 31.207499 7.167374 -71.365570

 23.708054 6.934394 -71.365570

 16.208620 7.167374 -73.542831

 8.689669 6.871902 -73.312210

 1.209998 4.388539 -73.517342

 -6.289692 4.342072 -73.542831

 -13.789131 6.989178 -73.542831

 -21.288570 7.167374 -73.542831

 -28.788006 7.167374 -73.542831

 -36.287445 6.934394 -73.542831

 -43.786884 11.200068 -71.365570

 -51.286320 12.797897 -71.365570

 -58.785763 11.200068 -71.365570

 -66.285202 7.167374 -71.365570

 -73.784622 7.130554 -71.365570

 -81.284073 7.167374 -73.542831

 -88.783508 6.934394 -73.542831

 -96.282944 4.073719 -73.542831

 -103.782379 4.073719 -73.542831

 -111.281815 7.167374 -73.542831

 -118.781250 6.934394 -73.542831

 -126.280701 7.167374 -75.720093

 -130.514252 7.167374 -76.808716

 65.438789 6.934394 -62.777504

 61.205238 7.167374 -63.866135

 53.705807 7.167374 -63.866135

 46.206367 6.934394 -63.866135

 38.706928 7.167374 -66.043396

 31.207495 6.934394 -66.043396

 23.708054 7.167374 -66.043396

 16.208620 7.167374 -66.043396

 8.708237 7.021457 -66.041580

 1.210692 4.827677 -66.042450

 -6.289692 2.340679 -66.043396

 -13.789131 5.546735 -66.043396

 -21.288570 6.846984 -66.043396

 -28.788006 6.934394 -66.043396

 -36.287445 6.934394 -66.043396

 -43.786884 11.433048 -66.043396

 -51.286320 10.671835 -66.043396

 -58.785763 10.438854 -66.043396

 -66.285202 6.934394 -66.043396

 -73.784622 7.167374 -66.043396

 -81.284073 7.167374 -66.043396

 -88.783508 7.167374 -66.043396

 -96.282944 4.306699 -66.043396

 -103.782379 6.934394 -66.043396

 -111.281815 7.167374 -66.043396

 -115.515381 7.167374 -69.309280

 66.527420 7.167374 -58.543961

 61.205238 7.167374 -58.543961

 53.705795 6.934394 -58.543961

 46.206367 7.167374 -58.543961

 38.706928 7.167374 -58.543961

 31.207495 7.165661 -58.543961

 23.708054 7.152474 -58.543961

 16.208620 7.165661 -58.543961

 8.464009 7.501820 -58.298782

 1.454919 5.850914 -58.298786

 -6.288746 1.339494 -58.543007

 -13.789131 1.449474 -58.543953

 -21.288570 5.758810 -58.543953

 -28.788006 7.167374 -58.543961

 -36.287445 7.167374 -58.543961

 -43.786884 6.934394 -58.543961

 -51.286320 8.396480 -58.543961

 -58.785763 8.396480 -58.543961

 -66.285202 7.167374 -58.543961

 -73.784622 6.934394 -58.543961

 -81.284073 6.934394 -58.543961

 -88.783508 7.167374 -58.543961

 -96.282944 6.934394 -58.543961

 -103.782379 7.167374 -60.721214

 -108.015930 7.167374 -61.809837

 66.527420 7.167374 -51.044518

 61.205238 7.167374 -51.044518

 53.705795 7.167374 -51.044518

 46.206367 6.919490 -51.044518

 38.706928 6.882145 -51.044518

 31.207495 6.544779 -51.044518

 23.708054 6.400795 -51.044518

 16.208620 6.311799 -51.044518

 8.465523 7.525790 -51.288185

 1.454919 6.510298 -51.289696

 -6.288746 1.275013 -51.045464

 -13.789131 1.319408 -51.044518

 -21.288570 5.952275 -51.044518

 -28.788006 6.934394 -51.044518

 -36.287445 6.934394 -51.044518

 -43.786884 7.167374 -51.044518

 -51.286320 7.167374 -51.044518

 -58.785763 6.934394 -51.044518

 -66.285202 7.167374 -51.044518

 -73.784622 7.167374 -51.044518

 -81.284073 6.934394 -51.044518

 -88.783508 7.167374 -53.221771

 -93.017059 7.167374 -54.310402

 66.527420 7.167374 -43.545082

 61.205238 7.167374 -43.545082

 53.705795 6.919490 -43.545082

 46.206367 6.439723 -43.545082

 38.706928 5.867276 -43.545082

 31.207495 4.934968 -43.545082

 23.708054 7.059738 -43.545082

 16.208620 4.934964 -43.545082

 8.709183 5.867276 -43.545082

 1.210692 5.148431 -43.546028

 -6.289692 1.123623 -43.545082

 -13.789131 1.448180 -43.545082

 -21.288570 5.768682 -43.545082

 -28.788006 7.167374 -43.545082

 -36.287445 6.934394 -43.545082

 -42.617111 4.626531 -44.714844

 -52.456089 4.859511 -44.714844

 -58.785763 6.934394 -43.545082

 -66.285202 7.167374 -43.545082

 -73.784622 7.167374 -43.545082

 -79.106827 6.934394 -43.545082

 66.527420 6.934394 -36.045647

 61.205238 6.934394 -36.045647

 53.705795 6.882142 -36.045647

 46.206367 5.634295 -36.045647

 38.706928 4.598366 -36.045647

 31.207495 3.330413 -36.045647

 23.708054 3.162320 -36.045647

 16.208620 2.323740 -36.045647

 8.709183 4.598366 -36.045639

 1.209746 4.574756 -36.045639

 -6.289692 2.208122 -36.045639

 -13.789131 4.875208 -36.045639

 -21.288570 6.847253 -36.045639

 -28.788006 6.934394 -36.045639

 -36.287445 6.934394 -36.045639

 -42.617111 4.859511 -34.875870

 -52.456089 4.626531 -34.875870

 -58.785763 7.167374 -36.045639

 -66.285202 6.934394 -36.045639

 -73.784622 7.167374 -36.045639

 -81.284073 7.167374 -36.045639

 -85.517624 7.167374 -32.779755

 72.938225 7.167374 -25.280319

 68.704681 6.934394 -28.546204

 61.205238 6.932681 -28.546204

 53.705795 6.544775 -28.546204

 46.206367 5.768851 -28.546204

 38.706928 3.563393 -28.546204

 31.207495 2.255208 -28.546204

 23.708054 1.734797 -28.546204

 16.208620 2.022223 -28.546204

 8.709183 3.563391 -28.546204

 1.209746 5.004691 -28.546196

 -6.289692 6.018728 -28.546196

 -13.789131 6.941178 -28.546194

 -21.288570 7.167374 -28.546196

 -28.788006 6.934394 -28.546196

 -36.287445 7.167374 -28.546196

 -43.786884 7.167374 -28.546196

 -51.286320 7.167374 -28.546196

 -58.785763 7.167374 -28.546196

 -66.285202 7.167374 -28.546188

 -73.784622 7.167374 -28.546188

 -81.284073 7.167374 -28.546188

 -88.783508 7.167374 -28.546188

 -93.017059 7.167374 -25.280304

 74.026855 6.934394 -21.046761

 68.704681 7.167374 -21.046753

 61.205238 7.152466 -21.046753

 53.705795 6.400788 -21.046753

 46.206367 4.661216 -21.046753

 38.706928 3.162320 -21.046753

 31.207495 1.501813 -21.046753

 23.708054 1.141255 -21.046753

 16.208620 1.501813 -21.046753

 8.709183 2.929338 -21.046753

 1.209746 4.894196 -21.046753

 -6.289692 6.167808 -21.046753

 -13.789131 7.152466 -21.046753

 -21.288570 6.934394 -21.046753

 -26.610752 7.167374 -21.046753

 -38.464699 6.934394 -21.046753

 -43.786884 6.934394 -21.046753

 -51.286320 6.934394 -21.046753

 -58.785763 7.167374 -21.046753

 -66.285202 6.934394 -21.046753

 -73.784622 7.167374 -21.046753

 -81.284073 7.167374 -21.046745

 -88.783508 7.167374 -21.046745

 -94.105682 7.167374 -21.046745

 74.026855 7.167374 -13.547318

 68.704681 6.934394 -13.547318

 61.205238 6.932681 -13.547318

 53.705795 6.544775 -13.547318

 46.206367 4.934962 -13.547318

 38.706928 3.563391 -13.547318

 31.207495 2.255206 -13.547318

 23.708054 1.734793 -13.547318

 16.208620 2.022223 -13.547318

 8.709183 3.330411 -13.547318

 1.209746 5.167943 -13.547318

 -6.289692 6.544775 -13.547318

 -13.789131 7.165661 -13.547318

 -21.288570 7.167374 -13.547318

 -28.788006 6.934394 -13.547310

 -36.287445 7.167374 -13.547310

 -43.786884 6.934394 -13.547310

 -51.286320 7.167374 -13.547310

 -58.785763 6.934394 -13.547310

 -66.285202 7.167374 -13.547310

 -73.784622 7.167374 -13.547310

 -81.284073 7.167374 -13.547310

 -88.783508 7.167374 -13.547310

 -96.282944 7.167374 -13.547310

 -100.516495 6.934394 -10.281425

 74.026855 6.934394 -6.047882

 68.704681 7.167374 -6.047882

 61.205238 6.934394 -6.047882

 53.705795 6.649161 -6.047882

 46.206367 5.634294 -6.047882

 38.706928 4.365384 -6.047882

 31.207495 3.563393 -6.047882

 23.708054 3.162318 -6.047874

 16.208620 3.563393 -6.047874

 8.709183 4.598361 -6.047874

 1.660252 5.848692 -6.047874

 -6.461313 5.848695 -6.047874

 -14.582878 5.848697 -6.047874

 -21.288570 6.934394 -6.047874

 -28.788006 6.934394 -6.047874

 -36.287445 6.934394 -6.047874

 -43.786884 7.167374 -6.047874

 -51.286320 7.167374 -6.047874

 -58.785763 7.167374 -6.047874

 -66.285202 6.934394 -6.047874

 -73.784622 6.712872 -6.047869

 -81.284073 6.712872 -6.047868

 -88.783508 4.892102 -6.047868

 -96.282944 7.167374 -6.047867

 -103.782379 7.167374 -6.047867

 -108.015930 6.934394 -2.781982

 80.437653 6.934394 4.717438

 76.204109 7.167374 1.451553

 68.704681 7.167374 1.451557

 61.205238 7.167374 1.451557

 53.705795 7.152466 1.451557

 46.206367 6.672699 1.451557

 38.706928 5.634294 1.451557

 31.207495 4.934962 1.451561

 23.708054 4.894196 1.451561

 16.208620 5.167943 1.451561

 8.709183 5.867274 1.451561

 1.660252 5.848694 1.451561

 -6.461313 5.848697 1.451561

 -14.582878 5.848697 1.451561

 -21.288570 7.147891 1.451565

 -28.788006 6.914910 1.451565

 -36.287445 7.165137 1.451565

 -43.786884 7.167374 1.451569

 -51.286320 6.934394 1.451569

 -58.785763 7.167374 1.451569

 -66.285202 6.670765 1.451568

 -73.784622 4.186824 1.451568

 -81.284073 4.228930 1.451568

 -88.783508 4.471506 1.451569

 -96.282944 7.125268 1.451569

 -103.782379 7.167374 1.451569

 -109.104568 7.167374 1.451569

 87.937103 7.167374 12.216869

 83.703552 7.167374 8.950989

 76.204109 6.934394 8.950989

 68.704681 7.167374 8.950989

 61.205238 6.934394 8.950989

 53.705795 7.167374 8.950989

 46.206367 7.152466 8.950989

 38.706928 6.649161 8.950993

 31.207495 6.544775 8.950993

 23.708054 6.400788 8.950993

 16.208620 6.544775 8.950996

 8.709183 6.649161 8.950996

 1.660252 5.848697 8.950996

 -6.461313 5.848695 8.950996

 -13.789131 6.353325 8.950996

 -21.288570 5.932086 8.950996

 -28.788006 8.330605 8.950996

 -36.287445 6.353325 8.950996

 -43.786884 6.561456 8.950996

 -51.286320 7.147891 8.950996

 -58.785763 7.167374 8.950996

 -66.285202 6.733925 8.950996

 -73.784622 4.207877 8.950996

 -81.284073 4.186823 8.950996

 -88.783508 4.186824 8.951000

 -96.282944 6.733925 8.951000

 -103.782379 7.167374 8.951004

 -109.104568 6.934394 8.951004

 147.932587 11.854451 19.716309

 143.699066 11.854451 18.627678

 136.199615 11.621471 18.627678

 128.700180 7.330431 18.627678

 124.466629 6.934394 19.716309

 102.935989 7.167374 19.716309

 98.702438 6.934394 18.627678

 91.202988 7.167374 16.450424

 83.703552 7.167374 16.450424

 76.204109 7.167374 16.450424

 68.704681 7.167374 16.450424

 61.205238 7.167374 16.450424

 53.705795 7.167374 16.450424

 46.206367 6.934394 16.450424

 38.706928 6.934394 16.450424

 31.207495 6.932681 16.450424

 23.708054 7.152466 16.450424

 16.208620 6.932681 16.450424

 8.709183 6.914910 16.450424

 1.209746 6.520588 16.450424

 -6.289692 5.467494 16.450424

 -13.789131 4.320136 16.450424

 -21.288570 4.195191 16.450424

 -28.788006 3.962211 16.450428

 -36.287445 4.320136 16.450428

 -43.786884 5.234513 16.450428

 -51.286320 6.520588 16.450428

 -58.785763 6.914910 16.450428

 -66.285202 6.860759 16.450428

 -73.784622 4.228930 16.450428

 -81.284073 4.038056 16.450428

 -88.783508 4.059109 16.450428

 -96.282944 6.882692 16.450432

 -103.782379 6.934394 16.450432

 -109.104568 7.167374 16.450432

 149.021225 11.854451 23.949860

 143.699066 11.621471 23.949860

 136.199615 11.621471 23.949860

 128.700180 7.330431 23.949860

 121.200729 6.934394 23.949860

 113.701309 6.934394 26.127113

 106.201874 6.934394 23.949860

 98.702438 6.934394 23.949860

 91.202988 7.167374 23.949860

 83.703552 7.167374 23.949860

 76.204109 7.167374 23.949860

 68.704681 7.167374 23.949860

 61.205238 6.934394 23.949860

 53.705795 6.934394 23.949860

 46.206367 6.931249 23.949860

 38.706928 6.907016 23.949860

 31.207495 6.931249 23.949860

 23.708054 6.934394 23.949860

 16.208620 7.167374 23.949860

 8.709183 6.794436 23.949860

 1.209746 5.467494 23.949860

 -6.289692 3.575412 23.949860

 -13.789131 2.455166 23.949860

 -21.288570 1.697783 23.949860

 -28.788006 1.930764 23.949860

 -36.287445 2.455166 23.949860

 -43.786884 3.575412 23.949860

 -51.286320 5.234513 23.949860

 -58.785763 6.794436 23.949860

 -66.285202 6.959549 23.949860

 -73.784622 4.343791 23.949860

 -81.284073 4.471506 23.949860

 -88.783508 6.733925 23.949862

 -96.282944 7.167374 23.949863

 -103.782379 7.167374 23.949863

 -111.281815 7.167374 23.949863

 -115.515381 6.934394 27.215752

 149.021225 11.621471 31.449303

 143.699066 11.854451 31.449303

 136.199615 11.621471 31.449303

 128.700180 7.330431 31.449303

 121.200729 6.934394 31.449303

 113.701309 6.934394 31.449303

 106.201874 7.167374 31.449303

 98.702438 7.167374 31.449303

 91.202988 7.167374 31.449303

 83.703552 6.934394 31.449303

 76.204109 7.167374 31.449303

 68.704681 7.167374 31.449303

 61.205238 6.907010 31.449303

 53.705795 6.410348 31.449303

 46.206367 5.790507 31.449303

 38.706928 5.758946 31.449303

 31.207495 6.023488 31.449303

 23.708054 6.643328 31.449303

 16.208620 6.904773 31.449303

 8.709183 6.353325 31.449303

 1.209746 4.553116 31.449303

 -6.289692 2.222186 31.449303

 -13.789131 0.744710 31.449303

 -21.288570 0.064274 31.449303

 -28.788006 -0.168706 31.449303

 -36.287445 0.511729 31.449303

 -43.786884 2.455170 31.449303

 -51.286320 4.320136 31.449303

 -58.785763 6.353325 31.449303

 -66.285202 7.165137 31.449303

 -73.784622 4.777140 31.449305

 -81.284073 4.322738 31.449305

 -88.783508 6.861639 31.449305

 -96.282944 7.167374 31.449303

 -103.782379 6.934394 31.449303

 -111.281815 7.167374 31.449303

 -116.603989 6.934394 31.449303

 147.932587 11.854451 35.682854

 143.699066 11.854451 36.771477

 136.199615 11.854451 38.948738

 128.700180 7.331631 38.948738

 121.200729 6.934394 38.948738

 113.701309 6.934394 38.948738

 106.201874 6.934394 38.948738

 98.702438 7.167374 38.948738

 91.202988 6.934394 38.948738

 83.703552 6.934394 38.948738

 76.204109 7.167374 38.948738

 68.704681 6.907010 38.948738

 61.205238 6.258521 38.948738

 53.705795 4.545745 38.948738

 46.206367 3.260879 38.948738

 38.706928 2.990912 38.948738

 31.207495 3.260879 38.948738

 23.708054 4.778727 38.948738

 16.208620 6.239371 38.948738

 8.709183 5.904706 38.948738

 1.209746 3.962211 38.948738

 -6.289692 1.930764 38.948738

 -13.789131 -0.168706 38.948738

 -21.288570 -0.711777 38.948738

 -28.788006 -0.944757 38.948738

 -36.287445 0.064274 38.948738

 -43.786884 1.930764 38.948738

 -51.286320 4.195195 38.948738

 -58.785763 5.932086 38.948738

 -66.285202 7.147891 38.948738

 -73.784622 7.167374 38.948738

 -81.284073 5.694741 38.948738

 -88.783508 7.167374 38.948738

 -96.282944 7.167374 38.948738

 -103.782379 6.934394 38.948738

 -111.281815 7.167374 38.948738

 -116.603989 7.167374 38.948738

 132.933716 8.598859 43.182293

 128.700180 6.934394 44.270920

 121.200729 7.167374 46.448177

 113.701309 6.934394 46.448177

 106.119720 6.807160 46.603252

 98.663544 6.484126 45.673351

 91.227905 6.484126 45.673351

 83.792267 6.484126 45.673351

 76.326126 6.752684 46.603252

 68.704681 6.643328 46.448177

 61.205238 4.778725 46.448177

 53.705795 2.447382 46.448177

 46.206367 0.545854 46.448177

 38.706928 1.741529 46.448177

 31.207495 0.545854 46.448177

 23.708054 2.447386 46.448177

 16.208620 4.761508 46.448177

 8.709183 5.408904 46.448177

 1.209746 4.195191 46.448177

 -6.289692 1.697783 46.448177

 -13.789131 -0.168706 46.448177

 -21.288570 -0.711777 46.448177

 -28.788006 -0.711777 46.448177

 -36.287445 0.064274 46.448177

 -43.786884 1.697783 46.448177

 -51.286320 3.962214 46.448177

 -58.785763 5.932086 46.448177

 -66.285202 7.147891 46.448177

 -73.784622 6.934394 46.448177

 -81.284073 7.167374 46.448177

 -88.783508 7.167374 46.448177

 -96.282944 6.934394 46.448177

 -103.782379 7.167374 46.448177

 -111.281815 6.934394 46.448177

 -115.515381 7.167374 43.182293

 119.023483 7.167374 53.947617

 113.701309 7.167374 53.947613

 107.067841 6.717106 54.077660

 75.387955 6.563916 54.077660

 68.704681 6.023484 53.947613

 61.205238 3.260879 53.947613

 53.705795 0.545853 53.947613

 46.206367 -1.857651 53.947613

 38.706928 -2.813790 53.947613

 31.207495 -2.090631 53.947613

 23.708054 0.312877 53.947613

 16.208620 3.260116 53.947613

 8.709183 4.980140 53.947613

 1.209746 4.316989 53.947613

 -6.289692 2.455170 53.947613

 -13.789131 0.744710 53.947613

 -21.288570 -0.168708 53.947613

 -28.788006 0.064273 53.947613

 -36.287445 0.744710 53.947613

 -43.786884 2.455166 53.947613

 -51.286320 4.320136 53.947613

 -58.785763 6.353325 53.947613

 -66.285202 6.932157 53.947613

 -73.784622 6.934394 53.947613

 -81.284073 6.934394 53.947613

 -88.783508 7.167374 53.947613

 -96.282944 7.167374 53.947613

 -103.782379 7.167374 53.947613

 -108.015930 6.934394 50.681732

 119.023483 7.167374 61.447052

 113.701309 6.934394 61.447052

 107.067841 6.717106 61.513294

 75.387955 6.284856 61.513294

 68.704681 5.758946 61.447052

 61.205238 2.757928 61.447052

 53.705795 -0.191034 61.447052

 46.206367 -2.813792 61.447052

 38.706928 -4.137265 61.447052

 31.207495 -2.813792 61.447052

 23.708054 -0.424009 61.447052

 16.208620 2.990912 61.447052

 8.709183 5.156705 61.447052

 1.209746 5.440117 61.447052

 -6.289692 3.575412 61.447052

 -13.789131 2.455170 61.447052

 -21.288570 1.930764 61.447052

 -28.788006 1.930764 61.447052

 -36.287445 2.222190 61.447052

 -43.786884 3.808392 61.447052

 -51.286320 5.234513 61.447052

 -58.785763 6.794436 61.447052

 -66.285202 6.934394 61.447052

 -73.784622 7.167374 61.447052

 -81.284073 7.167374 61.447052

 -88.783508 6.934394 61.447052

 -96.282959 6.934394 59.269798

 -100.516495 7.167374 58.181160

 170.430908 6.934394 72.212364

 166.197372 7.167374 71.123741

 158.697922 7.167374 71.123741

 151.198486 7.167374 71.123741

 146.964935 7.167374 72.212364

 119.154419 7.875831 68.870094

 113.343124 6.574180 68.948433

 107.356506 6.567017 67.658165

 75.387955 6.563916 68.948921

 68.704681 6.023484 68.946480

 61.205238 3.260877 68.946480

 53.705795 0.545851 68.946480

 46.206367 -1.857651 68.946480

 38.706928 -3.046772 68.946480

 31.207495 -2.090631 68.946480

 23.708054 0.312873 68.946480

 16.208620 3.260879 68.946480

 8.709183 5.771554 68.946480

 1.209746 6.284465 68.946480

 -6.289692 5.467494 68.946480

 -13.789131 4.320136 68.946480

 -21.288570 4.195191 68.946480

 -28.788006 3.962211 68.946480

 -36.287445 4.320136 68.946480

 -43.786884 5.467494 68.946480

 -51.286320 6.520588 68.946480

 -58.785763 6.914910 68.946480

 -66.285202 6.934394 68.946480

 -73.784622 7.167374 68.946480

 -81.284073 6.934394 66.769234

 -85.517624 6.934394 65.680603

 171.519547 7.167374 76.445930

 166.197372 7.167374 76.445923

 158.697922 7.167374 76.445923

 151.198486 7.167374 76.445923

 143.699066 7.167374 76.445923

 136.199615 7.167374 78.623184

 128.700180 6.934394 78.623184

 121.200729 7.167374 76.445923

 114.503479 6.717106 76.384552

 75.387955 6.645062 76.384552

 68.704681 6.643324 76.445923

 61.205238 4.778723 76.445923

 53.705795 2.447381 76.445923

 46.206367 0.312873 76.445923

 38.706928 -0.424010 76.445923

 31.207495 0.312873 76.445923

 23.708054 2.447382 76.445923

 16.208620 4.777480 76.445923

 8.709183 6.627438 76.445923

 1.209746 6.913075 76.445923

 -6.289692 6.794436 76.445923

 -13.789131 6.120345 76.445923

 -21.288570 5.932086 76.445923

 -28.788006 5.932086 76.445923

 -36.287445 6.353325 76.445923

 -43.786884 6.561456 76.445923

 -51.286320 6.813022 74.268669

 -58.785763 7.167374 74.268669

 -66.285202 7.167374 74.268669

 -70.518753 6.934394 73.180038

 171.519547 6.934394 83.945358

 166.197372 6.934394 83.945358

 158.697922 7.167374 83.945358

 151.198486 6.934394 83.945358

 143.699066 7.167374 83.945358

 136.199615 7.167374 83.945358

 128.700180 6.934394 83.945358

 121.200729 6.934394 83.945358

 114.503479 6.484126 83.820183

 82.530273 6.106540 85.070038

 76.326126 6.390391 83.845222

 68.704681 6.903501 83.945358

 61.205238 6.025540 83.945358

 53.705795 4.778725 83.945358

 46.206367 3.493859 83.945358

 38.706928 2.757932 83.945358

 31.207495 3.482090 83.945358

 23.708054 4.481553 83.945358

 16.208620 5.359935 83.945358

 8.709183 6.318116 83.945358

 1.209746 6.499863 83.945358

 -6.289692 6.861565 83.945358

 -13.789131 7.149157 83.945358

 -21.288570 7.147891 83.945358

 -28.788006 6.914910 83.945358

 -36.287445 7.165137 83.945358

 -41.609627 6.934394 83.945358

 170.430908 7.167374 88.178909

 166.197372 6.934394 89.267540

 158.697922 6.934394 91.444809

 151.198486 7.167374 91.444809

 143.699066 7.167374 91.444809

 136.199615 7.167374 91.444809

 128.700180 6.934394 91.444809

 121.200729 7.167374 91.444809

 113.568115 6.807160 91.293625

 106.099182 6.476226 92.224510

 98.663544 6.491978 92.224510

 91.227905 5.850243 92.224510

 83.774536 5.186351 91.293625

 76.204109 5.361739 91.444809

 68.704681 5.890107 91.444809

 61.205238 6.554842 91.444809

 53.705795 6.612931 91.444809

 46.206367 6.023488 91.444809

 38.706928 5.510650 91.444809

 31.207495 5.495799 91.444809

 23.708054 5.250397 91.444809

 16.208620 4.996333 91.444809

 8.709183 4.497235 91.444809

 1.209746 5.023709 91.444809

 -6.289692 5.773488 91.444809

 -13.789131 6.404037 91.444809

 -21.288570 7.151394 91.444809

 -28.788006 7.167374 91.444809

 -36.287445 6.934394 91.444809

 -40.521000 6.934394 88.178909

 155.432022 6.934394 95.678352

 151.198486 7.167374 96.766991

 143.699066 6.934394 98.944237

 136.199615 6.934394 98.944237

 128.700180 7.167374 98.944237

 121.200729 7.167374 98.944237

 113.701309 6.934394 98.944237

 106.201874 7.136801 98.944237

 98.702438 5.919570 98.944237

 91.202988 4.500210 98.944237

 83.703552 2.832549 98.944237

 76.204109 2.503935 98.944237

 68.704681 2.832545 98.944237

 61.205238 4.267230 98.944237

 53.705795 6.152548 98.944237

 46.206367 7.133656 98.944237

 38.706928 6.834187 98.944237

 31.207495 5.537364 98.944237

 23.708054 4.413044 98.944237

 16.208620 3.070434 98.944237

 8.709183 5.038948 98.944237

 1.209746 3.303414 98.944237

 -6.289692 4.180064 98.944237

 -13.789131 5.773491 98.944237

 -21.288570 6.861565 98.944237

 -28.788006 7.167374 98.944237

 -34.110188 6.934394 98.944237

 140.433151 7.167374 103.177788

 136.199615 6.934394 106.443665

 128.700180 7.167374 106.443665

 121.200729 6.934394 106.443665

 113.701309 7.167374 106.443665

 106.201874 6.582226 106.443665

 98.702438 4.267236 106.443665

 91.202988 1.897038 106.443665

 83.703552 -0.226212 106.443665

 76.204109 -1.281999 106.443665

 68.704681 -0.459192 106.443665

 61.205238 1.664054 106.443665

 53.705795 4.267230 106.443665

 46.206367 6.580426 106.443665

 38.706928 6.499863 106.443665

 31.207495 4.790732 106.443665

 23.708054 3.303414 106.443665

 16.208620 1.667880 106.443665

 8.709183 1.109931 106.443665

 1.209746 1.667882 106.443665

 -6.289692 3.303418 106.443665

 -13.789131 5.023713 106.443665

 -21.288570 6.266883 106.443665

 -28.788006 6.932559 106.443665

 -33.021564 7.167374 103.177788

 132.933716 7.167374 110.677216

 128.700180 7.167374 113.943108

 121.200729 6.934394 113.943108

 113.701309 6.930881 113.943108

 106.201874 5.890114 113.943108

 98.702438 3.065531 113.943108

 91.202988 -0.226212 113.943108

 83.703552 -3.142950 113.943108

 76.204109 -3.977595 113.943108

 68.704681 -2.909971 113.943108

 61.205238 -0.459197 113.943108

 53.705795 2.832549 113.943108

 46.206367 5.874672 113.943108

 38.706928 6.341980 113.943108

 31.207495 4.730217 113.943108

 23.708054 2.873410 113.943108

 16.208620 1.342911 113.943108

 8.709183 0.706557 113.943108

 1.209746 1.342911 113.943108

 -6.289692 2.873412 113.943108

 -13.789131 4.497237 113.943108

 -21.288570 6.345494 113.943108

 -26.610752 7.034142 113.943108

 140.433151 6.934394 124.708435

 136.199615 6.934394 123.619820

 128.700180 6.934394 121.442551

 121.200729 7.167374 121.442551

 113.701309 7.136799 121.442551

 106.201874 5.361749 121.442551

 98.702438 2.270959 121.442551

 91.202988 -1.281999 121.442551

 83.703552 -3.977595 121.442551

 76.204109 -5.195243 121.442551

 68.704681 -3.977597 121.442551

 61.205238 -1.049021 121.442551

 53.705795 2.270955 121.442551

 46.206367 5.360175 121.442551

 38.706928 6.236310 121.442551

 31.207495 4.790732 121.442551

 23.708054 3.303414 121.442551

 16.208620 1.900860 121.442551

 8.709183 1.109931 121.442551

 1.209746 1.900862 121.442551

 -6.289692 3.070437 121.442551

 -13.789131 4.790732 121.442551

 -21.288570 6.499863 121.442551

 -28.788006 6.932559 121.442551

 -33.021564 7.167374 124.708435

 147.932587 6.934394 132.207886

 143.699066 7.167374 128.942001

 136.199615 6.934394 128.942001

 128.700180 7.167374 128.942001

 121.200729 7.167374 128.942001

 113.701309 7.163861 128.942001

 106.201874 5.890114 128.942001

 98.702438 3.065533 128.942001

 91.202988 -0.459191 128.942001

 83.703552 -2.909966 128.942001

 76.204109 -4.210573 128.942001

 68.704681 -2.909970 128.942001

 61.205238 -0.226212 128.942001

 53.705795 3.065529 128.942001

 46.206367 5.890110 128.942001

 38.706928 6.858057 128.942001

 31.207495 5.540511 128.942001

 23.708054 4.180066 128.942001

 16.208620 3.303421 128.942001

 8.709183 2.873414 128.942001

 1.209746 3.070441 128.942001

 -6.289692 4.413050 128.942001

 -13.789131 5.540511 128.942001

 -21.288570 6.628591 128.942001

 -28.788006 6.934394 128.942001

 -36.287445 6.934394 128.942001

 -43.786884 6.934394 131.119263

 -48.020435 7.167374 132.207886

 149.021225 7.167374 136.441437

 143.699066 7.167374 136.441437

 136.199615 6.934394 136.441437

 128.700180 6.934394 136.441437

 121.200729 7.167374 136.441437

 113.701309 7.167374 136.441437

 106.201874 6.349246 136.441437

 98.702438 4.500216 136.441437

 91.202988 1.664058 136.441437

 83.703552 -0.226212 136.441437

 76.204109 -1.049018 136.441437

 68.704681 -0.459192 136.441437

 61.205238 1.664054 136.441437

 53.705795 4.267230 136.441437

 46.206367 6.349240 136.441437

 38.706928 6.918414 136.441437

 31.207495 6.637017 136.441437

 23.708054 5.773491 136.441437

 16.208620 5.023713 136.441437

 8.709183 4.730217 136.441437

 1.209746 5.023713 136.441437

 -6.289692 5.773491 136.441437

 -13.789131 6.637017 136.441437

 -21.288570 6.918414 136.441437

 -28.788006 6.934394 136.441437

 -36.287445 7.167374 136.441437

 -43.786884 6.934394 136.441437

 -51.286320 6.934394 136.441437

 -55.519878 6.934394 139.707306

 149.021225 7.167374 143.940872

 143.699066 7.167374 143.940872

 136.199615 6.934394 143.940872

 128.700180 6.934394 143.940872

 121.200729 6.934394 143.940872

 113.701309 7.167374 143.940872

 106.201874 7.136801 143.940872

 98.702438 6.152550 143.940872

 91.202988 4.267230 143.940872

 83.703552 2.832549 143.940872

 76.204109 2.503935 143.940872

 68.704681 2.832545 143.940872

 61.205238 4.267230 143.940872

 53.705795 6.152548 143.940872

 46.206367 7.136799 143.940872

 38.706928 6.934394 143.940872

 31.207495 7.151394 143.940872

 23.708054 6.628585 143.940872

 16.208620 6.266883 143.940872

 8.709183 6.345494 143.940872

 1.209746 6.499863 143.940872

 -6.289692 6.628585 143.940872

 -13.789131 6.918414 143.940872

 -21.288570 7.167374 143.940872

 -28.788006 6.934394 143.940872

 -36.287445 6.934394 143.940872

 -43.786884 7.167374 143.940872

 -51.286320 6.934394 143.940872

 -58.785763 6.934394 143.940872

 -66.285202 7.167374 146.118134

 -73.784622 6.934394 146.118134

 -81.284073 7.167374 146.118134

 -88.783508 7.167374 146.118134

 -93.017059 7.167374 147.206757

 149.021225 7.167374 151.440308

 143.699066 6.934394 151.440292

 136.199615 7.167374 151.440292

 128.700180 7.167374 151.440292

 121.200729 6.934394 151.440292

 113.701309 6.934394 151.440292

 106.201874 7.167374 151.440292

 98.702438 6.903819 151.440292

 91.202988 6.349240 151.440292

 83.703552 5.890107 151.440292

 76.204109 5.361739 151.440292

 68.704681 5.890107 151.440292

 61.205238 6.349240 151.440292

 53.705795 6.903819 151.440292

 46.206367 6.934394 151.440292

 38.706928 7.167374 151.440292

 31.207495 6.934394 151.440292

 23.708054 6.934394 151.440292

 16.208620 7.165539 151.440292

 8.709183 6.918414 151.440292

 1.209746 6.932559 151.440292

 -6.289692 6.934394 151.440292

 -13.789131 7.167374 151.440292

 -21.288570 7.167374 151.440292

 -28.788006 7.167374 151.440292

 -36.287445 6.934394 151.440292

 -43.786884 6.934394 151.440292

 -51.286320 7.167374 151.440292

 -58.785763 6.934394 151.440292

 -66.285202 6.934394 151.440292

 -73.784622 7.167374 151.440292

 -81.284073 6.934394 151.440292

 -88.783508 6.934394 151.440292

 -96.282944 7.167374 151.440292

 -103.782379 6.934394 153.617569

 -111.281815 7.167374 153.617569

 -118.781250 6.934394 153.617569

 -123.014816 7.167374 154.706207

 147.932587 6.934394 155.673859

 143.699066 7.167374 156.762512

 136.199615 6.934394 158.939758

 128.700180 7.167374 158.939758

 121.200729 7.167374 158.939758

 113.701309 7.167374 158.939758

 106.201874 7.167374 158.939758

 98.702438 6.934394 158.939758

 91.202988 7.167374 158.939758

 83.703552 7.163861 158.939758

 76.204109 6.903819 158.939758

 68.704681 7.163861 158.939758

 61.205238 7.167374 158.939758

 53.705795 6.934394 158.939758

 46.206367 6.934394 158.939758

 38.706928 6.934394 158.939758

 31.207495 6.934394 158.939758

 23.708054 7.167374 158.939758

 16.208620 6.934394 158.939758

 8.709183 7.167374 158.939758

 1.209746 7.167374 158.939758

 -6.289692 6.934394 158.939758

 -13.789131 6.934394 158.939758

 -21.288570 7.167374 158.939758

 -28.788006 6.934394 158.939758

 -36.287445 6.934394 158.939758

 -43.786884 7.167374 158.939758

 -51.286320 6.934394 158.939758

 -58.785763 7.167374 158.939758

 -66.285202 6.934394 158.939758

 -73.784622 7.167374 158.939758

 -81.284073 7.167374 158.939758

 -88.783508 7.167374 158.939758

 -96.282944 6.934394 158.939758

 -103.782379 6.934394 158.939758

 -111.281815 7.167374 158.939758

 -118.781250 7.167374 158.939758

 -126.280701 6.934394 158.939758

 -133.780151 7.167374 161.117020

 -138.013702 6.934394 162.205627

 132.933716 7.167374 163.173294

 128.700180 7.167374 166.439178

 121.200729 7.167374 166.439178

 113.701309 7.167374 166.439178

 106.201874 7.167374 166.439178

 98.702438 7.167374 166.439178

 91.202988 6.934394 166.439178

 83.703552 6.934394 166.439178

 76.204109 7.167374 166.439178

 68.704681 6.934394 166.439178

 61.205238 6.934394 166.439178

 53.705795 7.167374 166.439178

 46.206367 7.167374 166.439178

 38.706928 6.934394 166.439178

 31.207495 6.934394 166.439178

 23.708054 7.167374 166.439178

 16.208620 7.167374 166.439178

 8.709183 7.167374 166.439178

 1.209746 6.934394 166.439178

 -6.289692 6.934394 166.439178

 -13.789131 6.934394 166.439178

 -21.288570 7.167374 166.439178

 -28.788006 7.167374 166.439178

 -36.287445 6.934394 166.439178

 -43.786884 7.167374 166.439178

 -51.286320 7.167374 166.439178

 -58.785763 6.934394 166.439178

 -66.285202 6.934394 166.439178

 -73.784622 7.167374 166.439178

 -81.284073 7.167374 166.439178

 -88.783508 7.167374 166.439178

 -96.282944 7.167374 166.439178

 -103.782379 7.167374 166.439178

 -111.281815 6.934394 166.439178

 -118.781250 6.934394 166.439178

 -125.378922 6.808675 166.438568

 -134.527756 7.028641 166.600449

 -139.102325 7.167374 166.439194

 126.522919 6.934394 173.938614

 121.200729 7.167374 173.938614

 113.701309 6.934394 173.938614

 106.201874 6.934394 173.938614

 98.702438 7.167374 173.938614

 91.202988 6.934394 173.938614

 83.703552 6.934394 173.938614

 76.204109 7.167374 173.938614

 68.704681 7.167374 173.938614

 61.205238 7.167374 173.938614

 53.705795 6.934394 173.938614

 46.206367 6.934394 173.938614

 38.706928 7.167374 173.938614

 31.207495 7.167374 173.938614

 23.708054 6.934394 173.938614

 16.208620 7.167374 173.938614

 8.709183 6.934394 173.938614

 1.209746 7.167374 173.938614

 -6.289692 6.934394 173.938614

 -13.789131 6.934394 173.938614

 -21.288570 6.934394 173.938614

 -28.788006 7.167374 173.938614

 -36.287445 6.934394 173.938614

 -43.786884 6.934394 173.938614

 -51.286320 7.167374 173.938614

 -58.785763 7.167374 173.938614

 -66.285202 6.934394 173.938614

 -73.784622 7.167374 173.938614

 -81.284073 6.934394 173.938614

 -88.783508 6.934394 173.938614

 -96.282944 7.167374 173.938614

 -103.782379 7.167374 171.761368

 -111.281815 6.934394 171.761368

 -118.781250 6.934394 173.938614

 -126.280701 6.934394 173.938614

 -133.780136 7.167374 173.938614

 -139.102325 7.167374 173.938614

 132.933716 6.934394 184.703934

 128.700180 6.934394 181.438065

 121.200729 7.167374 181.438065

 113.701309 6.934394 181.438065

 106.201874 7.167374 181.438065

 98.702438 7.167374 181.438065

 91.202988 6.934394 181.438065

 83.703552 6.934394 181.438065

 76.204109 6.934394 181.438065

 68.704681 6.934394 181.438065

 61.205238 6.934394 181.438065

 53.705795 7.167374 181.438065

 46.206367 7.167374 181.438065

 38.706928 6.934394 181.438065

 31.207495 7.167374 181.438065

 23.708054 6.934394 181.438065

 16.208620 7.167374 181.438065

 8.709183 6.934394 181.438065

 1.209746 7.167374 181.438065

 -6.289692 6.934394 181.438065

 -13.789131 6.934394 181.438065

 -21.288570 7.167374 181.438065

 -28.788006 7.167374 181.438065

 -36.287445 7.167374 181.438065

 -43.786884 7.167374 181.438065

 -51.286320 6.934394 181.438065

 -58.785763 6.934394 181.438065

 -66.285202 7.167374 181.438065

 -73.784622 6.934394 181.438065

 -81.284073 7.167374 181.438065

 -88.783508 7.167374 179.260803

 -93.017059 7.167374 178.172165

 -122.047150 6.934394 178.172165

 -126.280701 6.934394 179.260803

 -133.780151 7.167374 179.260803

 -138.013702 7.167374 178.172165

 140.433151 6.934394 192.203369

 136.199615 6.934394 188.937485

 128.700180 6.934394 188.937485

 121.200729 7.167374 188.937485

 113.701309 7.167374 188.937485

 106.201874 7.167374 188.937485

 98.702438 7.167374 188.937485

 91.202988 7.167374 188.937485

 83.703552 7.167374 188.937485

 76.204109 7.167374 186.760254

 68.704681 7.167374 186.760254

 61.205238 6.934394 186.760254

 53.705807 6.934394 186.760254

 46.206367 7.167374 186.760254

 38.706928 6.934394 186.760254

 31.207499 6.934394 186.760254

 23.708054 7.167374 188.937485

 16.208620 7.167374 188.937485

 8.709183 7.167374 188.937485

 1.209746 6.934394 188.937485

 -6.289692 6.934394 188.937485

 -13.789131 7.167374 188.937485

 -21.288570 7.167374 188.937485

 -28.788006 6.934394 188.937485

 -36.287445 6.934394 188.937485

 -43.786884 6.934394 188.937485

 -51.286320 7.167374 188.937485

 -58.785763 7.167374 188.937485

 -66.285202 7.167374 186.760254

 -73.784622 6.934394 186.760254

 -78.018188 7.167374 185.671600

 141.521805 7.167374 196.436935

 136.199615 7.167374 196.436920

 128.700180 6.934394 196.436920

 121.200729 7.167374 196.436920

 113.701309 7.167374 196.436920

 106.201874 7.167374 196.436920

 98.702438 7.167374 196.436920

 91.202988 7.167374 196.436920

 86.969437 6.934394 193.171036

 21.530804 7.167374 196.436935

 16.208620 6.934394 196.436920

 8.709183 6.934394 196.436920

 1.209746 7.167374 196.436920

 -6.289692 6.934394 196.436920

 -13.789131 7.167374 196.436920

 -21.288570 6.934394 196.436920

 -28.788006 6.934394 196.436920

 -36.287445 6.934394 196.436920

 -43.786884 6.934394 194.259674

 -51.286320 7.167374 194.259674

 -55.519878 6.934394 193.171036

 141.521805 6.934394 203.936356

 136.199615 6.934394 203.936356

 128.700180 6.934394 203.936356

 121.200729 6.934394 203.936356

 113.701309 7.167374 203.936356

 106.201874 7.167374 203.936356

 98.702438 6.934394 201.759109

 94.468872 6.934394 200.670486

 20.442173 7.167374 200.670486

 16.208620 7.167374 203.936356

 8.709183 6.934394 203.936356

 1.209746 6.934394 203.936356

 -6.289692 6.934394 203.936356

 -13.789131 7.167374 203.936356

 -21.288570 7.167374 203.936356

 -28.788006 7.167374 203.936356

 -33.021564 6.934394 200.670486

 141.521805 7.167374 211.435822

 136.199615 7.167374 211.435822

 128.700180 7.167374 211.435822

 121.200729 6.934394 211.435822

 113.701309 6.934394 209.258545

 109.467758 6.934394 208.169907

 12.942733 7.167374 208.169907

 8.709183 7.167374 209.258545

 1.209748 6.934394 209.258545

 -6.289692 6.934394 209.258545

 -13.789127 7.167374 209.258545

 -21.288570 6.934394 209.258545

 -25.522121 7.167374 208.169907

 140.433151 7.167374 215.669342

 136.199615 6.934394 216.757965

 128.700180 7.167374 216.757965

 124.466629 6.934394 215.669342

 23.412357 13.616839 -121.686188

 16.735836 13.616839 -125.493820

 8.709183 13.616839 -125.527039

 1.209748 13.616839 -124.005127

 -6.816908 13.615561 -120.529449

 -12.834707 13.615561 -118.780853

 25.698061 13.616839 -111.567230

 -16.759314 13.616839 -114.010193

 -20.992870 13.616839 -110.744324

 25.698061 14.455944 -103.013367

 -24.258755 13.615561 -106.510757

 -29.029423 13.616839 -102.586136

 23.412357 14.455944 -96.336823

 16.735830 14.222963 -94.051132

 9.300642 13.616839 -94.059769

 4.179930 13.615561 -93.070953

 -30.778004 13.615561 -96.568359

 -112.236252 13.616839 -96.282562

 -118.254044 13.616839 -98.031158

 -126.807907 13.616839 -98.031158

 -133.484421 13.615561 -95.745453

 3.232966 13.615561 -88.541718

 -30.769375 14.455944 -89.133163

 -89.737946 13.616839 -88.783127

 -95.755737 13.616839 -90.531708

 -103.190933 13.616839 -90.523071

 -108.916519 13.615561 -92.012909

 -135.770142 13.615561 -89.068924

 15.254190 13.615561 -81.283691

 9.817926 13.616839 -82.916519

 4.179932 14.222963 -84.012451

 -32.259216 13.615561 -83.407593

 -35.991745 13.615561 -80.746567

 -81.579773 13.616839 -80.746567

 -85.813324 13.616839 -84.012451

 -135.770142 14.222963 -80.515045

 37.752502 13.615561 -73.784241

 31.734716 13.616839 -75.532837

 24.299515 14.222963 -75.524200

 18.573925 13.615561 -77.014038

 -38.652756 13.615561 -77.014038

 -44.378334 13.616839 -77.764587

 -51.286316 13.615561 -79.898193

 -58.785759 13.615561 -77.806427

 -66.285202 13.616839 -75.566040

 -73.193176 13.616839 -75.524200

 -78.918762 13.616839 -77.014038

 -121.146561 13.616839 -70.071625

 -127.389450 13.616839 -71.668579

 -133.484421 14.455944 -73.838531

 68.408974 13.616839 -65.747696

 61.732460 13.615561 -68.033386

 53.705811 13.616839 -68.066620

 46.797829 13.615561 -68.024765

 41.072235 13.615561 -69.514618

 -114.251999 13.615561 -63.073212

 -118.485550 14.455944 -66.339096

 70.694679 13.615561 -59.071175

 5.924345 11.396014 -55.759121

 3.994584 7.840506 -55.759121

 -98.648254 13.615561 -55.072739

 -104.891129 11.362288 -56.669708

 -110.327393 11.362288 -58.302536

 70.727898 14.222963 -51.044518

 5.924345 11.826564 -53.829357

 3.994584 9.112901 -53.829357

 -84.254257 13.615561 -48.074341

 -89.892258 13.615561 -49.170273

 -95.328522 13.615561 -50.803101

 70.727898 14.222963 -43.545082

 -44.792683 1.253836 -42.539276

 -50.280529 1.253836 -42.539276

 -83.307297 13.615561 -43.545082

 70.686050 14.222963 -36.637100

 -44.792683 1.253836 -37.051437

 -50.280529 1.020856 -37.051437

 -84.755280 13.616839 -38.410950

 -88.487808 13.616839 -35.749939

 76.445518 13.616839 -27.591774

 72.175896 13.615561 -30.911507

 -31.310368 14.222963 -25.187378

 -33.765079 13.615561 -25.187378

 -91.753708 13.615561 -31.516373

 -96.524368 14.455944 -27.591759

 78.194122 13.615561 -21.573975

 -30.811226 14.455944 -21.046753

 -34.264225 14.455944 -21.046753

 -98.157181 14.222963 -22.155487

 78.227325 14.222963 -13.547318

 -31.310368 14.455944 -16.906128

 -33.765079 14.222963 -16.906128

 -99.754150 13.616839 -15.912613

 -103.486679 13.615561 -13.251610

 78.185486 14.455944 -6.639343

 -106.752579 13.616839 -9.018051

 -111.523239 13.615561 -5.093445

 83.407837 13.616839 1.747253

 79.675323 13.616839 -0.913750

 13.238435 13.410679 4.421745

 11.679367 13.519985 4.421745

 -113.271820 13.616839 0.924351

 90.907288 13.615561 9.246685

 86.673737 13.616839 5.980801

 13.238435 13.422409 5.980812

 11.679367 13.516382 5.980812

 -46.757065 13.798010 11.921181

 -48.316139 13.613889 11.921181

 -113.305054 14.222963 8.951004

 150.902771 13.721658 16.746124

 144.226273 13.721659 14.460426

 136.199615 13.675037 14.427208

 128.172958 13.616839 14.460423

 122.155174 13.615561 16.209007

 105.247437 13.616839 16.209007

 99.811172 13.616839 14.576180

 93.568298 13.615561 12.979214

 50.735615 3.974614 19.420609

 49.176552 3.741633 19.420609

 -46.757065 13.827274 13.480244

 -48.316139 13.977085 13.480244

 -113.263199 14.455944 15.858971

 153.188461 13.721661 23.422646

 118.835419 13.616839 20.478653

 113.701309 13.616839 21.926636

 108.567184 13.616839 20.478653

 50.735615 3.974614 20.979675

 49.176552 3.741633 20.979675

 -114.753021 14.455944 21.584557

 -119.022659 14.455944 24.904297

 153.188461 14.455944 31.976515

 -120.771255 14.455944 30.922092

 150.902771 14.456206 38.653038

 144.807816 13.720669 40.822983

 138.564926 13.721658 42.419952

 -120.771255 14.455944 39.475956

 135.245178 13.615561 46.689598

 129.808929 13.615561 48.322418

 124.170921 13.615561 49.418365

 -114.251999 14.222963 49.418362

 -119.022659 14.222963 45.493755

 123.182114 14.222963 54.539074

 -1.760437 4.062747 56.917789

 -3.319508 3.651639 56.917789

 -106.752579 14.455944 56.917789

 -110.986115 14.455944 53.651917

 123.223953 14.222963 61.447052

 -1.760437 4.294089 58.476868

 -3.319508 3.902215 58.476868

 -91.148819 13.615561 64.918259

 -97.391693 14.222963 63.321297

 -102.827957 13.615561 61.688461

 173.401093 13.616839 69.242188

 166.724579 13.616839 66.956482

 158.697922 13.615561 66.923264

 150.671280 13.615561 66.956482

 144.653473 14.222963 68.705070

 122.643387 12.967709 68.149078

 -76.149933 14.222963 72.417694

 -82.392807 13.616839 70.820732

 -87.829086 14.455944 69.187904

 175.686798 13.616839 75.918709

 141.333755 14.222963 72.974709

 135.608170 14.455944 74.464554

 129.291641 14.455944 74.464554

 124.170914 14.222963 73.475739

 -46.757065 13.616822 79.416100

 -51.877777 13.615561 78.427292

 -58.785763 14.222963 78.469147

 -66.812408 13.616839 78.435928

 -72.830215 13.615561 76.687332

 175.686798 14.455944 84.472572

 -45.661133 13.616839 85.054108

 173.401093 14.222963 91.149101

 167.306122 13.615561 93.319031

 161.063232 13.616839 94.916016

 -7.133411 13.154768 92.288536

 -12.945414 13.704823 92.288536

 -39.758656 13.615561 93.810120

 -44.028297 13.615561 90.490372

 157.743484 13.615561 99.185638

 152.307236 14.455944 100.818489

 146.064346 13.616839 102.415466

 -7.133411 12.293493 98.100510

 -12.945414 13.154772 98.100510

 -38.161690 14.455944 100.052979

 143.403336 14.222963 106.147980

 139.169785 13.615561 109.413849

 -32.259216 14.222963 108.808975

 -36.528854 14.222963 105.489243

 135.903915 14.455944 113.647392

 132.469849 14.222963 115.796066

 52.862068 10.995705 114.786812

 47.050095 13.176525 114.786812

 0.366025 -4.525238 114.786812

 -5.445976 -3.654348 114.786812

 -30.811226 14.455944 113.943108

 142.744598 14.222963 121.201126

 137.308365 14.222963 119.568314

 132.059006 14.455944 118.920189

 52.862068 10.427040 120.598824

 47.050095 12.882759 120.598824

 0.366025 -4.383885 120.598824

 -5.445976 -3.298748 120.598824

 -32.259216 14.222963 119.077232

 -35.991745 14.222963 121.738243

 151.439880 14.455944 129.896439

 146.669235 13.616839 125.971802

 -38.652756 14.222963 125.470787

 -44.895626 14.222963 127.067757

 -50.331886 13.616839 128.700577

 153.188461 14.455944 135.914215

 45.362640 13.616758 137.285141

 39.550652 13.615580 137.285141

 -54.256500 13.615561 133.471252

 -58.490059 13.616839 136.737122

 153.221695 14.455944 143.940872

 45.362637 14.226286 143.097137

 39.550648 14.459267 143.097137

 -61.151070 13.616839 140.469650

 -66.876663 14.455944 141.959503

 -73.784622 14.455944 141.917648

 -81.284073 14.222963 141.917648

 -89.310715 14.222963 141.950867

 -95.328522 14.455944 143.699432

 153.188461 14.222963 151.967529

 60.361534 13.615480 152.284012

 54.549530 13.616858 152.284012

 -98.648254 14.455944 147.969070

 -104.373856 14.455944 149.458939

 -111.281815 14.455944 149.417084

 -119.308472 14.222963 149.450317

 -125.326279 13.616839 151.198898

 150.902771 14.455944 158.644043

 144.807816 14.455944 160.814011

 138.564896 14.222963 162.410965

 60.361534 14.459267 158.096054

 54.549530 14.226286 158.096054

 -128.646011 13.616839 155.468536

 -134.888885 14.222963 157.065521

 -140.983887 13.615561 159.235458

 135.903915 14.455944 166.143478

 132.171387 14.455944 168.804489

 112.857574 13.616839 167.282898

 107.045593 14.222963 167.282898

 -143.269592 13.616839 165.911972

 130.723404 13.615561 173.938614

 112.857574 14.222963 173.094894

 107.045593 14.222963 173.094894

 -98.648254 14.455944 177.409836

 -104.373840 14.455944 175.919998

 -110.690369 14.455944 175.919998

 -116.415955 14.455944 177.409836

 -143.269592 14.222963 174.465820

 135.903915 14.455944 181.733734

 132.171387 14.222963 179.072754

 -83.649384 14.222963 184.909271

 -89.892273 14.222963 183.312302

 -95.328537 14.455944 181.679443

 -119.735687 14.222963 181.679443

 -125.753479 13.616839 183.428055

 -134.307388 14.455944 183.428055

 -140.983887 14.222963 181.142334

 143.940445 14.455944 189.891891

 139.169785 14.455944 185.967316

 81.338257 13.616839 192.408707

 75.612656 13.616839 190.918884

 68.704681 14.455944 190.960724

 61.205238 14.222963 190.960724

 53.705807 14.455944 190.960724

 46.206367 14.455944 190.960724

 38.706928 14.222963 190.960724

 31.798954 14.222963 190.918884

 26.678236 13.616839 191.907669

 -61.151066 14.455944 192.408707

 -66.876663 14.222963 190.918884

 -74.311859 14.455944 190.927505

 -80.329651 14.222963 189.178894

 145.689056 14.455944 195.909729

 88.232803 13.615561 199.407104

 83.999252 13.615561 196.141220

 25.582304 14.222963 197.545700

 -38.652756 14.455944 199.908142

 -44.378338 14.455944 198.418304

 -51.813541 14.455944 198.426910

 -57.831337 13.616839 196.678345

 145.722290 14.455944 203.936356

 103.836578 13.615561 207.407562

 97.593689 13.615561 205.810623

 92.157410 14.455944 204.177780

 23.949469 14.222963 202.981949

 19.178802 14.222963 206.906540

 -31.758186 14.222963 206.906540

 -35.991741 14.455944 203.640671

 145.689056 14.455944 211.963058

 118.835419 14.455944 214.907043

 112.592560 13.616839 213.310059

 107.156296 14.455944 211.677216

 15.254196 14.455944 211.677216

 9.236402 14.455944 213.425797

 1.209748 14.222963 213.459030

 -6.289692 13.616839 213.459015

 -13.789127 13.616839 213.459015

 -21.815784 13.615561 213.425812

 -27.833588 13.616839 211.677216

 143.403336 14.222963 218.639526

 136.726837 14.222963 220.925232

 128.172958 14.222963 220.925232

 122.155167 14.455944 219.176636

 -12.945414 13.937803 92.288536

 -7.133411 12.060513 98.100510

 104.337265 3.724877 48.896980

 98.440262 3.341809 48.659977

 91.371002 3.574790 48.659977

 84.301712 3.341809 48.659977

 78.388092 3.724371 48.896980

 104.604660 3.341809 54.824375

 98.401382 2.369327 54.954422

 91.395920 2.369327 54.954422

 84.390442 2.368945 54.954422

 78.137299 3.569661 54.824375

 104.604660 3.341809 61.893646

 98.401382 2.369327 61.959888

 91.395920 2.369327 61.959888

 84.390442 2.366023 61.959888

 78.137299 3.325150 61.893646

 111.427795 3.491897 70.168602

 105.488998 3.484734 68.963409

 98.401382 1.659379 68.965355

 91.395920 1.659379 68.965355

 84.390442 2.368945 68.965355

 78.137299 3.569661 68.962914

 111.673935 3.574790 76.032181

 105.406845 2.602307 75.970825

 98.401382 1.659379 75.970825

 91.395920 1.659379 75.970825

 84.390442 2.368903 75.970825

 78.137299 3.570717 76.032181

 111.673935 3.574790 83.101463

 105.406845 2.602307 82.976295

 98.401382 2.598618 82.976295

 91.395920 2.298299 82.976295

 84.319458 3.123563 83.076431

 78.388092 3.705246 81.936699

 111.427795 3.491897 89.027245

 105.509537 3.338119 89.265877

 98.440262 3.253451 89.265877

 91.371002 3.077210 89.265877

 85.478638 2.600539 89.027245

 18.325396 6.934394 -120.021271

 12.458899 7.167374 -121.326569

 4.959466 7.167374 -120.565613

 -2.539972 7.167374 -118.083435

 -8.406467 7.167374 -115.817886

 18.869713 6.934394 -111.040024

 -2.539972 6.934394 -111.040024

 -10.039412 6.934394 -111.040024

 -15.905907 7.167374 -109.407074

 18.869713 6.934394 -103.540588

 12.458899 7.167374 -103.540588

 4.959463 7.167374 -103.540588

 -2.539972 6.934394 -103.540588

 -10.039412 6.934394 -103.540588

 -17.538849 6.934394 -103.540588

 -23.405346 7.167374 -101.907623

 18.325396 6.934394 -98.762711

 12.458899 6.934394 -98.218384

 4.959463 7.167374 -97.129761

 -2.539972 6.934394 -96.041138

 -10.039412 7.167374 -96.041138

 -17.538849 7.167374 -96.041138

 -23.949661 6.934394 -96.041138

 -116.664490 7.167374 -93.319580

 -122.530975 7.167374 -93.863892

 -128.397476 6.934394 -93.319580

 -3.628599 7.167374 -88.541718

 -10.039412 6.934394 -88.541718

 -17.538849 6.934394 -88.541718

 -23.949661 6.934394 -88.541718

 -94.166168 6.934394 -85.820129

 -100.032669 6.934394 -86.364456

 -107.532104 6.934394 -87.453094

 -115.031540 7.167374 -88.541718

 -122.530975 6.934394 -88.541718

 -128.941788 7.167374 -88.541718

 10.825958 7.167374 -78.320694

 5.150395 7.972320 -79.659454

 -2.644156 7.053741 -81.047806

 -10.039845 7.062841 -81.042267

 -17.538849 7.167374 -81.042267

 -25.038288 7.167374 -81.042267

 -30.904785 6.934394 -79.409332

 -86.666733 6.934394 -79.409332

 -92.533234 7.167374 -81.042267

 -100.032669 7.167374 -81.042267

 -107.532104 6.934394 -81.042267

 -115.031540 7.167374 -81.042267

 -122.530975 6.934394 -81.042267

 -128.941788 6.934394 -81.042267

 33.324268 7.167374 -70.821259

 27.457777 7.167374 -71.365570

 19.958338 7.167374 -72.454193

 12.458899 6.934394 -73.542831

 4.958976 6.031221 -73.403763

 -2.540406 4.369958 -73.541534

 -10.039412 6.116332 -73.542831

 -17.538849 7.167374 -73.542831

 -25.038288 7.167374 -73.542831

 -32.537724 7.167374 -73.542831

 -40.037167 9.067233 -72.454193

 -47.536606 12.115471 -71.365570

 -55.036045 12.115471 -71.365570

 -62.535480 9.300214 -71.365570

 -70.034912 7.167374 -71.365570

 -77.534348 6.934394 -72.454193

 -85.033798 7.167374 -73.542831

 -92.533234 6.934394 -73.542831

 -100.032669 4.306699 -73.542831

 -107.532104 7.167374 -73.542831

 -115.031540 7.167374 -73.542831

 -122.530975 6.934394 -74.631454

 -128.397476 7.167374 -76.264404

 63.322014 7.167374 -63.321823

 57.455524 7.167374 -63.866135

 49.956081 7.167374 -63.866135

 42.456650 7.167374 -64.954773

 34.957211 7.167374 -66.043396

 27.457775 6.934394 -66.043396

 19.958338 6.934394 -66.043396

 12.458899 7.167374 -66.043396

 4.959464 6.569425 -66.044769

 -2.539973 2.492175 -66.043396

 -10.039412 4.579679 -66.043396

 -17.538849 5.957082 -66.043396

 -25.038288 7.084793 -66.043396

 -32.537724 7.167374 -66.043396

 -40.037167 9.300214 -66.043396

 -47.536606 10.819462 -66.043396

 -55.036045 10.438854 -66.043396

 -62.535480 8.686624 -66.043396

 -70.034912 7.167374 -66.043396

 -77.534348 7.167374 -66.043396

 -85.033798 7.167374 -66.043396

 -92.533234 7.167374 -66.043396

 -100.032669 6.934394 -66.043396

 -107.532104 7.167374 -66.043396

 -113.398605 7.167374 -67.676331

 63.866325 7.167374 -58.543961

 57.455509 7.167374 -58.543961

 49.956081 7.167374 -58.543961

 42.456650 7.167374 -58.543961

 34.957211 7.166520 -58.543961

 27.457775 7.159070 -58.543961

 19.958338 7.159070 -58.543961

 12.433559 7.054705 -58.516811

 4.959464 6.759841 -58.952507

 -2.514631 2.517006 -58.516811

 -10.039412 1.335632 -58.543953

 -17.538849 2.608206 -58.543953

 -25.038288 6.981483 -58.543953

 -32.537724 6.934394 -58.543961

 -40.037167 7.167374 -58.543961

 -47.536606 7.898415 -58.543961

 -55.036045 8.396480 -58.543961

 -62.535480 7.898415 -58.543961

 -70.034912 7.167374 -58.543961

 -77.534348 7.167374 -58.543961

 -85.033798 7.167374 -58.543961

 -92.533234 6.934394 -58.543961

 -100.032669 7.167374 -59.632584

 -105.899170 7.167374 -61.265518

 63.866325 7.167374 -51.044518

 57.455509 7.167374 -51.044518

 49.956081 6.926944 -51.044518

 42.456650 6.784328 -51.044518

 34.957211 6.713463 -51.044518

 27.457775 6.239806 -51.044518

 19.958338 6.239806 -51.044518

 12.458899 6.713463 -51.044518

 4.959464 7.546538 -50.635971

 -2.514631 2.496496 -51.071663

 -10.039412 1.175053 -51.044518

 -17.538849 2.543975 -51.044518

 -25.038288 7.371181 -51.044518

 -32.537724 7.167374 -51.044518

 -40.037167 6.934394 -51.044518

 -47.536606 7.167374 -51.044518

 -55.036045 7.167374 -51.044518

 -62.535480 7.167374 -51.044518

 -70.034912 7.167374 -51.044518

 -77.534348 7.167374 -51.044518

 -85.033798 6.934394 -52.133141

 -90.900284 6.934394 -53.766083

 63.866325 7.167374 -43.545082

 57.455509 6.926944 -43.545082

 49.956081 6.912587 -43.545082

 42.456650 6.037007 -43.545082

 34.957211 5.517613 -43.545082

 27.457775 4.798091 -43.545082

 19.958338 4.798091 -43.545082

 12.458899 5.284633 -43.545082

 4.959464 5.984784 -43.543278

 -2.539973 2.155082 -43.545082

 -10.039412 1.129035 -43.545082

 -17.538849 2.668235 -43.545082

 -25.038288 6.937765 -43.545082

 -32.537724 7.167374 -43.545082

 -39.452278 5.780461 -44.129959

 -47.536602 4.859511 -44.714844

 -55.620930 5.780461 -44.129959

 -62.535480 7.167374 -43.545082

 -70.034912 7.167374 -43.545082

 -76.445724 6.934394 -43.545082

 63.866325 7.167374 -36.045647

 57.455509 7.024758 -36.045647

 49.956081 6.141728 -36.045647

 42.456650 5.232819 -36.045647

 34.957211 4.914772 -36.045647

 27.457775 3.362858 -36.045647

 19.958338 3.362858 -36.045647

 12.458899 4.080880 -36.045647

 4.959464 5.059800 -36.045639

 -2.539973 2.349393 -36.045639

 -10.039412 3.128824 -36.045639

 -17.538849 5.899249 -36.045639

 -25.038288 7.010328 -36.045639

 -32.537724 7.167374 -36.045639

 -39.452278 6.013442 -35.460754

 -47.536602 4.626531 -34.875870

 -55.620930 6.013442 -35.460754

 -62.535480 6.934394 -36.045639

 -70.034912 7.167374 -36.045639

 -77.534348 7.167374 -36.045639

 -83.400848 6.934394 -34.412697

 70.821449 6.934394 -26.913254

 64.954964 6.933539 -28.546204

 57.455509 6.855217 -28.546204

 49.956081 5.623378 -28.546204

 42.456650 4.365666 -28.546204

 34.957211 2.676320 -28.546204

 27.457775 0.755346 -28.546204

 19.958338 1.995000 -28.546204

 12.458899 2.676320 -28.546204

 4.959464 4.395842 -28.546200

 -2.539973 5.196922 -28.546196

 -10.039412 6.529755 -28.546194

 -17.538849 7.084816 -28.546194

 -25.038288 7.167374 -28.546196

 -32.537724 7.167374 -28.546196

 -40.037167 7.167374 -28.546196

 -47.536606 6.934394 -28.546196

 -55.036045 7.167374 -28.546196

 -62.535480 6.934394 -28.546196

 -70.034912 7.167374 -28.546188

 -77.534348 7.167374 -28.546188

 -85.033798 7.167374 -28.546188

 -90.900284 7.167374 -26.913246

 71.365768 7.167374 -21.046761

 64.954964 6.926940 -21.046753

 57.455509 6.776631 -21.046753

 49.956081 5.647492 -21.046753

 42.456650 4.028256 -21.046753

 34.957211 2.448555 -21.046753

 27.457775 1.438026 -21.046753

 19.958338 1.205046 -21.046753

 12.458899 2.448555 -21.046753

 4.959463 3.795276 -21.046753

 -2.539972 5.647492 -21.046753

 -10.039412 6.543651 -21.046753

 -17.538849 7.159920 -21.046753

 -23.949661 6.934394 -21.046753

 -41.125793 6.934394 -21.046753

 -47.536606 6.934394 -21.046753

 -55.036045 6.934394 -21.046753

 -62.535480 6.934394 -21.046753

 -70.034912 7.167374 -21.046753

 -77.534348 6.934394 -21.046745

 -85.033798 6.934394 -21.046745

 -91.444595 7.167374 -21.046745

 71.365768 6.934394 -13.547318

 64.954964 6.933539 -13.547318

 57.455509 6.622237 -13.547318

 49.956081 5.623378 -13.547318

 42.456650 4.365666 -13.547318

 34.957211 2.909300 -13.547318

 27.457775 1.762019 -13.547318

 19.958338 1.995000 -13.547318

 12.458899 2.909300 -13.547318

 4.959463 4.365666 -13.547318

 -2.539972 5.856358 -13.547318

 -10.039412 6.855217 -13.547318

 -17.538849 6.933539 -13.547318

 -25.038288 6.934394 -13.547310

 -32.537724 7.167374 -13.547310

 -40.037167 6.934394 -13.547310

 -47.536606 6.934394 -13.547310

 -55.036045 6.934394 -13.547310

 -62.535480 6.934394 -13.547310

 -70.034912 7.167374 -13.547310

 -77.534348 6.934394 -13.547310

 -85.033798 7.167374 -13.547310

 -92.533234 6.934394 -13.547310

 -98.399719 7.167374 -11.914368

 71.365768 6.934394 -6.047882

 64.954964 7.167374 -6.047882

 57.455509 6.791778 -6.047882

 49.956081 6.141728 -6.047882

 42.456650 5.232819 -6.047882

 34.957211 4.080878 -6.047882

 27.457775 3.362856 -6.047882

 19.958338 3.129876 -6.047874

 12.458899 3.847898 -6.047874

 5.721031 5.848691 -6.047874

 -2.400530 5.848694 -6.047874

 -10.522097 5.848696 -6.047874

 -17.538849 6.934394 -6.047874

 -25.038288 6.934394 -6.047874

 -32.537724 6.934394 -6.047874

 -40.037167 6.934394 -6.047874

 -47.536606 6.934394 -6.047874

 -55.036045 7.167374 -6.047874

 -62.535480 6.934394 -6.047874

 -70.034912 6.691818 -6.047873

 -77.534348 6.861639 -6.047868

 -85.033798 6.576958 -6.047868

 -92.533234 6.882692 -6.047868

 -100.032669 6.934394 -6.047867

 -105.899170 7.167374 -4.414925

 78.320892 7.167374 3.084496

 72.454391 6.934394 1.451553

 64.954964 6.934394 1.451557

 57.455509 7.159920 1.451557

 49.956081 6.679606 1.451557

 42.456650 6.269988 1.451557

 34.957211 5.517609 1.451561

 27.457775 4.798091 1.451561

 19.958338 5.031071 1.451561

 12.458899 5.284629 1.451561

 5.721031 5.848693 1.451561

 -2.400530 5.848696 1.451561

 -10.522097 5.848697 1.451561

 -17.538849 6.923533 1.451565

 -25.038288 7.147891 1.451565

 -32.537724 6.923533 1.451565

 -40.037167 6.933272 1.451565

 -47.536606 6.934394 1.451569

 -55.036045 7.167374 1.451569

 -62.535480 6.934394 1.451569

 -70.034912 4.301685 1.451568

 -77.534348 4.228930 1.451568

 -85.033798 4.249983 1.451568

 -92.533234 6.470296 1.451569

 -100.032669 6.934394 1.451569

 -106.443481 6.934394 1.451569

 85.820328 7.167374 10.583931

 79.953827 7.167374 8.950989

 72.454391 6.934394 8.950989

 64.954964 7.167374 8.950989

 57.455509 7.167374 8.950989

 49.956081 7.159920 8.950989

 42.456650 6.784328 8.950989

 34.957211 6.480479 8.950993

 27.457775 6.239802 8.950993

 19.958338 6.239802 8.950996

 12.458899 6.713459 8.950996

 4.959463 6.774585 8.950996

 -2.400530 5.848696 8.950996

 -10.039412 6.340899 8.950996

 -17.538849 6.026216 8.950996

 -25.038288 6.165066 8.950996

 -32.537724 6.026216 8.950996

 -40.037167 6.340899 8.950996

 -47.536606 6.971163 8.950996

 -55.036045 7.157631 8.950996

 -62.535480 7.167374 8.950996

 -70.034912 4.471506 8.950996

 -77.534348 4.080162 8.950996

 -85.033798 4.101215 8.950997

 -92.533234 4.471506 8.951000

 -100.032669 6.934394 8.951004

 -106.443481 6.934394 8.951004

 145.815811 11.854451 19.171993

 139.949341 11.854451 18.627678

 132.449890 9.898325 18.627678

 126.583405 6.934394 19.171993

 100.819199 7.167374 19.171993

 94.952713 7.167374 17.539051

 87.453278 7.167374 16.450424

 79.953827 7.167374 16.450424

 72.454391 6.934394 16.450424

 64.954964 7.167374 16.450424

 57.455509 6.934394 16.450424

 49.956081 6.934394 16.450424

 42.456650 7.167374 16.450424

 34.957211 7.166520 16.450424

 27.457775 6.926085 16.450424

 19.958338 6.926085 16.450424

 12.458899 6.923793 16.450424

 4.959463 6.601256 16.450424

 -2.539972 5.761062 16.450424

 -10.039412 5.010306 16.450424

 -17.538849 4.374154 16.450424

 -25.038288 4.195191 16.450424

 -32.537724 4.141173 16.450428

 -40.037167 4.777326 16.450428

 -47.536606 5.994042 16.450428

 -55.036045 6.834237 16.450428

 -62.535480 6.924651 16.450428

 -70.034912 4.343791 16.450428

 -77.534348 4.207877 16.450428

 -85.033798 4.038056 16.450428

 -92.533234 4.756187 16.450432

 -100.032669 6.934394 16.450432

 -106.443481 7.167374 16.450432

 146.360138 11.854451 23.949860

 139.949326 11.621471 23.949860

 132.449890 9.671286 23.949860

 124.950470 7.167374 23.949860

 117.451019 6.934394 25.038490

 109.951584 6.934394 25.038490

 102.452164 7.167374 23.949860

 94.952713 6.934394 23.949860

 87.453278 6.934394 23.949860

 79.953827 7.167374 23.949860

 72.454391 7.167374 23.949860

 64.954964 6.934394 23.949860

 57.455509 6.934394 23.949860

 49.956081 6.932818 23.949860

 42.456650 6.919131 23.949860

 34.957211 7.152112 23.949860

 27.457775 6.932818 23.949860

 19.958338 6.934394 23.949860

 12.458899 6.980904 23.949860

 4.959463 5.897985 23.949860

 -2.539972 4.637944 23.949860

 -10.039412 2.898801 23.949860

 -17.538849 1.959987 23.949860

 -25.038288 1.930764 23.949860

 -32.537724 1.959987 23.949860

 -40.037167 3.131781 23.949860

 -47.536606 4.404963 23.949860

 -55.036045 6.130965 23.949860

 -62.535480 6.980904 23.949860

 -70.034912 6.428139 23.949860

 -77.534348 4.186823 23.949860

 -85.033798 6.576957 23.949860

 -92.533234 7.125268 23.949863

 -100.032669 6.934394 23.949863

 -107.532104 6.934394 23.949863

 -113.398605 7.167374 25.582809

 146.360138 11.621471 31.449303

 139.949326 11.854451 31.449303

 132.449890 9.898325 31.449303

 124.950470 6.934394 31.449303

 117.451019 7.167374 31.449303

 109.951584 7.167374 31.449303

 102.452164 6.934394 31.449303

 94.952713 7.167374 31.449303

 87.453278 7.167374 31.449303

 79.953827 6.934394 31.449303

 72.454391 7.167374 31.449303

 64.954964 6.920703 31.449303

 57.455509 6.891659 31.449303

 49.956081 8.265963 31.449303

 42.456650 5.891221 31.449303

 34.957211 5.891221 31.449303

 27.457775 6.333405 31.449303

 19.958338 6.890542 31.449303

 12.458899 6.512561 31.449303

 4.959463 5.453221 31.449303

 -2.539972 3.504143 31.449303

 -10.039412 1.599940 31.449303

 -17.538849 0.404493 31.449303

 -25.038288 0.064274 31.449303

 -32.537724 0.404493 31.449303

 -40.037167 1.366960 31.449303

 -47.536606 3.504143 31.449303

 -55.036045 5.220241 31.449303

 -62.535480 6.526248 31.449303

 -70.034912 6.881232 31.449305

 -77.534348 4.450452 31.449305

 -85.033798 4.977710 31.449305

 -92.533234 6.934394 31.449303

 -100.032669 7.167374 31.449303

 -107.532104 7.167374 31.449303

 -113.942902 6.934394 31.449303

 145.815811 11.621471 36.227165

 139.949326 11.854451 37.860107

 132.449890 9.904266 38.948738

 124.950470 7.167374 38.948738

 117.451019 6.934394 38.948738

 109.951584 6.934394 38.948738

 102.452164 6.934394 38.948738

 94.952713 6.934394 38.948738

 87.453278 6.934394 38.948738

 79.953827 7.167374 38.948738

 72.454391 7.153683 38.948738

 64.954964 6.699257 38.948738

 57.455509 5.285640 38.948738

 49.956081 4.136292 38.948738

 42.456650 3.009402 38.948738

 34.957211 3.009402 38.948738

 27.457775 3.903314 38.948738

 19.958338 5.509049 38.948738

 12.458899 5.955548 38.948738

 4.959463 5.166441 38.948738

 -2.539972 3.062977 38.948738

 -10.039412 0.764539 38.948738

 -17.538849 -0.556732 38.948738

 -25.038288 -0.711777 38.948738

 -32.537724 -0.556732 38.948738

 -40.037167 0.997519 38.948738

 -47.536606 2.829997 38.948738

 -55.036045 4.947150 38.948738

 -62.535480 6.423497 38.948738

 -70.034912 7.157631 38.948738

 -77.534348 6.934394 38.948738

 -85.033798 6.934394 38.948738

 -92.533234 6.934394 38.948738

 -100.032669 6.934394 38.948738

 -107.532104 7.167374 38.948738

 -113.942902 6.934394 38.948738

 130.816940 7.210888 43.726608

 124.950470 7.167374 45.359550

 117.451019 6.934394 46.448177

 109.910507 6.754289 46.525715

 102.391632 6.762133 46.138302

 94.945724 6.484126 45.673351

 87.510086 6.484126 45.673351

 80.059204 6.734894 46.138302

 72.515396 6.698006 46.525715

 64.954964 5.711026 46.448177

 57.455509 3.380075 46.448177

 49.956081 0.256968 46.448177

 42.456650 0.177415 46.448177

 34.957211 -0.055566 46.448177

 27.457775 1.263640 46.448177

 19.958338 3.604447 46.448177

 12.458899 4.968717 46.448177

 4.959463 4.685559 46.448177

 -2.539972 3.062977 46.448177

 -10.039412 0.764539 46.448177

 -17.538849 -0.556732 46.448177

 -25.038288 -0.711777 46.448177

 -32.537724 -0.323752 46.448177

 -40.037167 0.997519 46.448177

 -47.536606 3.062977 46.448177

 -55.036045 3.940477 46.448177

 -62.535480 6.423497 46.448177

 -70.034912 6.924651 46.448177

 -77.534348 7.167374 46.448177

 -85.033798 6.934394 46.448177

 -92.533234 6.934394 46.448177

 -100.032669 7.167374 46.448177

 -107.532104 6.934394 46.448177

 -113.398605 7.167374 44.815235

 116.362381 6.934394 53.947617

 110.384583 6.709260 54.012634

 72.046318 6.060721 54.012634

 64.954964 4.525691 53.947613

 57.455509 1.786876 53.947613

 49.956081 -1.895554 53.947613

 42.456650 -2.335721 53.947613

 34.957211 -2.568702 53.947613

 27.457775 -0.888877 53.947613

 19.958338 1.786498 53.947613

 12.458899 4.353110 53.947613

 4.959463 4.648564 53.947613

 -2.539972 3.269588 53.947613

 -10.039412 1.599940 53.947613

 -17.538849 0.171513 53.947613

 -25.038288 -0.168708 53.947613

 -32.537724 0.171513 53.947613

 -40.037167 1.366960 53.947613

 -47.536606 3.271163 53.947613

 -55.036045 5.453221 53.947613

 -62.535480 6.526248 53.947613

 -70.034912 7.166253 53.947613

 -77.534348 6.934394 53.947613

 -85.033798 6.934394 53.947613

 -92.533234 6.934394 53.947613

 -100.032669 7.167374 53.947613

 -105.899170 7.167374 52.314671

 116.362381 6.934394 61.447052

 110.384583 6.942240 61.480175

 72.046318 6.138390 61.480175

 64.954964 4.374926 61.447052

 57.455509 1.399939 61.447052

 49.956081 -1.735394 61.447052

 42.456650 -3.592020 61.447052

 27.457775 -1.735391 61.447052

 19.958338 1.399942 61.447052

 12.458899 4.190299 61.447052

 4.959463 5.414900 61.447052

 -2.539972 4.391273 61.447052

 -10.039412 3.131781 61.447052

 -17.538849 1.959987 61.447052

 -25.038288 1.930764 61.447052

 -32.537724 2.192967 61.447052

 -40.037167 2.898801 61.447052

 -47.536606 4.637944 61.447052

 -55.036045 5.897985 61.447052

 -62.535480 6.747924 61.447052

 -70.034912 6.934394 61.447052

 -77.534348 7.167374 61.447052

 -85.033798 7.167374 61.447052

 -92.533234 7.167374 60.358421

 -98.399734 7.167374 58.725483

 168.314133 7.167374 71.668053

 162.447647 6.934394 71.123741

 154.948212 7.167374 71.123741

 149.081711 6.934394 71.668053

 116.248764 7.225007 68.909264

 110.349808 6.454108 68.303307

 72.046318 6.293702 68.947701

 64.954964 4.525691 68.946480

 57.455509 1.786876 68.946480

 49.956081 -0.655900 68.946480

 42.456650 -2.335721 68.946480

 34.957211 -2.568702 68.946480

 27.457775 -0.888879 68.946480

 19.958338 1.786876 68.946480

 12.458899 6.681753 68.946480

 4.959463 6.028008 68.946480

 -2.539972 5.992465 68.946480

 -10.039412 4.777326 68.946480

 -17.538849 4.374154 68.946480

 -25.038288 3.962211 68.946480

 -32.537724 4.374154 68.946480

 -40.037167 4.777326 68.946480

 -47.536606 5.994042 68.946480

 -55.036045 6.834237 68.946480

 -62.535480 7.157631 68.946480

 -70.034912 7.167374 68.946480

 -77.534348 6.934394 67.857857

 -83.400848 6.934394 66.224915

 168.858444 7.167374 76.445930

 162.447647 7.167374 76.445923

 154.948212 6.934394 76.445923

 147.448776 6.934394 76.445923

 139.949341 7.167374 77.534546

 132.449890 7.167374 78.623184

 124.950470 6.934394 77.534546

 117.852112 6.709260 76.415237

 72.046318 6.411214 76.415237

 64.954964 5.478045 76.445923

 57.455509 3.380073 76.445923

 49.956081 1.496615 76.445923

 42.456650 0.177411 76.445923

 34.957211 0.177411 76.445923

 27.457775 1.263637 76.445923

 19.958338 3.612431 76.445923

 12.458899 5.702458 76.445923

 4.959463 6.886746 76.445923

 -2.539972 6.737266 76.445923

 -10.039412 6.340899 76.445923

 -17.538849 6.259196 76.445923

 -25.038288 5.932086 76.445923

 -32.537724 6.026216 76.445923

 -40.037167 6.573880 76.445923

 -47.536606 6.687240 75.357300

 -55.036045 6.873706 74.268669

 -62.535480 6.934394 74.268669

 -68.401978 6.934394 73.724350

 168.858444 7.167374 83.945358

 162.447647 6.934394 83.945358

 154.948212 6.934394 83.945358

 147.448776 7.167374 83.945358

 139.949326 6.934394 83.945358

 132.449890 7.167374 83.945358

 124.950470 6.934394 83.945358

 117.852112 6.942240 83.882774

 113.088699 5.145947 83.460831

 98.551910 4.989205 90.745193

 79.428207 6.481444 84.457634

 72.515396 6.646945 83.895287

 64.954964 6.464520 83.945358

 57.455509 5.518620 83.945358

 49.956081 4.136292 83.945358

 42.456650 3.242383 83.945358

 34.957211 3.003520 83.945358

 27.457775 3.981822 83.945358

 19.958338 5.037234 83.945358

 12.458899 5.722537 83.945358

 4.959463 6.408989 83.945358

 -2.539972 6.447736 83.945358

 -10.039412 6.772380 83.945358

 -17.538849 7.148524 83.945358

 -25.038288 6.914910 83.945358

 -32.537724 7.156514 83.945358

 -38.948532 6.933272 83.945358

 168.314133 6.934394 88.723221

 162.447647 7.167374 90.356171

 154.948212 6.934394 91.444809

 147.448776 7.167374 91.444809

 139.949326 6.934394 91.444809

 132.449890 7.167374 91.444809

 124.950470 7.167374 91.444809

 117.384415 6.754289 91.369217

 109.833633 6.758183 91.759071

 102.381363 6.367616 92.224510

 94.945724 6.171113 92.224510

 87.501221 5.634787 91.759071

 79.989319 5.274047 91.369217

 72.454391 5.509437 91.444809

 64.954964 5.989497 91.444809

 57.455509 6.350905 91.444809

 49.956081 6.085229 91.444809

 42.456650 5.883561 91.444809

 34.957211 5.619715 91.444809

 27.457775 5.140117 91.444809

 19.958338 4.890384 91.444809

 12.458899 4.863274 91.444809

 4.959463 4.876961 91.444809

 -2.539972 7.331160 91.444809

 -10.039412 5.972270 91.444809

 -17.538849 6.894207 91.444809

 -25.038288 6.926406 91.444809

 -32.537724 6.934394 91.444809

 -38.404221 7.167374 89.811859

 153.315277 6.934394 96.222672

 147.448776 6.934394 97.855614

 139.949326 7.167374 98.944237

 132.449890 6.934394 98.944237

 124.950470 7.167374 98.944237

 117.451019 6.934394 98.944237

 109.951584 6.919105 98.944237

 102.452164 6.644677 98.944237

 94.952713 5.326382 98.944237

 87.453278 3.549888 98.944237

 79.953827 2.551751 98.944237

 72.454391 2.551749 98.944237

 64.954964 3.782868 98.944237

 57.455509 5.093398 98.944237

 49.956081 6.410123 98.944237

 42.456650 6.750939 98.944237

 34.957211 6.302264 98.944237

 27.457775 5.091694 98.944237

 19.958338 3.858231 98.944237

 12.458899 2.855433 98.944237

 4.959463 3.088414 98.944237

 -2.539972 3.625251 98.944237

 -10.039412 5.093266 98.944237

 -17.538849 6.317530 98.944237

 -25.038288 6.781489 98.944237

 -31.449097 6.934394 98.944237

 138.316376 7.167374 104.810730

 132.449890 7.167374 106.443665

 124.950470 6.934394 106.443665

 117.451019 7.167374 106.443665

 109.951584 6.641818 106.443665

 102.452164 5.541218 106.443665

 94.952713 3.198626 106.443665

 87.453278 0.835414 106.443665

 79.953827 -0.870597 106.443665

 72.454391 -0.870597 106.443665

 64.954964 0.835412 106.443665

 57.455509 2.965642 106.443665

 49.956081 5.307334 106.443665

 42.456650 6.307160 106.443665

 34.957211 5.761786 106.443665

 27.457775 4.163563 106.443665

 19.958338 2.602139 106.443665

 12.458899 1.388905 106.443665

 4.959463 1.388905 106.443665

 -2.539972 2.369159 106.443665

 -10.039412 4.163563 106.443665

 -17.538849 5.528808 106.443665

 -25.038288 6.599719 106.443665

 -30.904785 6.933478 104.810730

 130.816940 6.934394 112.310165

 124.950470 6.934394 113.943108

 117.451019 6.932635 113.943108

 109.951584 6.526986 113.943108

 102.452164 4.477824 113.943108

 94.952713 1.419661 113.943108

 87.453278 -1.568091 113.943108

 79.953827 -3.676762 113.943108

 72.454391 -3.443783 113.943108

 64.954964 -1.568095 113.943108

 57.455509 1.186676 113.943108

 49.956081 4.237123 113.943108

 42.456650 5.875346 113.943108

 34.957211 5.536099 113.943108

 27.457775 3.801814 113.943108

 19.958338 4.273699 113.943108

 12.458899 1.024733 113.943108

 4.959463 1.024733 113.943108

 -2.539972 1.875180 113.943108

 -10.039412 3.568835 113.943108

 -17.538849 5.304875 113.943108

 -23.949661 6.689816 113.943108

 138.316391 6.934394 124.164124

 132.449890 7.167374 122.531181

 124.950470 6.934394 121.442551

 117.451019 6.919105 121.442551

 109.951584 6.365765 121.442551

 102.452164 3.816352 121.442551

 94.952713 0.727460 121.442551

 87.453278 -2.746288 121.442551

 79.953827 -4.586419 121.442551

 72.454391 -4.819401 121.442551

 64.954964 -2.746288 121.442551

 57.455509 0.494477 121.442551

 49.956081 4.048542 121.442551

 42.456650 6.031224 121.442551

 34.957211 5.746502 121.442551

 27.457775 4.163563 121.442551

 19.958338 2.602139 121.442551

 12.458899 1.621885 121.442551

 4.959463 1.388905 121.442551

 -2.539972 2.602139 121.442551

 -10.039412 3.930583 121.442551

 -17.538849 5.761788 121.442551

 -25.038288 6.599719 121.442551

 -30.904785 7.166459 123.075493

 145.815811 6.934394 130.574951

 139.949326 6.934394 128.942001

 132.449890 7.167374 128.942001

 124.950470 6.934394 128.942001

 117.451019 7.165616 128.942001

 109.951584 6.294005 128.942001

 102.452164 4.244845 128.942001

 94.952713 1.186681 128.942001

 87.453278 -1.568088 128.942001

 79.953827 -3.676758 128.942001

 72.454391 -3.443780 128.942001

 64.954964 -1.568091 128.942001

 57.455509 1.186678 128.942001

 49.956081 4.477822 128.942001

 42.456650 6.141101 128.942001

 34.957211 6.315773 128.942001

 27.457775 5.093272 128.942001

 19.958338 3.858235 128.942001

 12.458899 2.855435 128.942001

 4.959463 2.855435 128.942001

 -2.539972 3.625255 128.942001

 -10.039412 4.860291 128.942001

 -17.538849 6.084550 128.942001

 -25.038288 6.781489 128.942001

 -32.537724 6.934394 128.942001

 -40.037167 7.167374 130.030624

 -45.903664 7.167374 131.663559

 146.360138 6.934394 136.441437

 139.949326 7.167374 136.441437

 132.449890 7.167374 136.441437

 124.950470 6.934394 136.441437

 117.451019 6.934394 136.441437

 109.951584 6.641818 136.441437

 102.452164 5.541218 136.441437

 94.952713 3.198626 136.441437

 87.453278 0.602433 136.441437

 79.953827 -0.637617 136.441437

 72.454391 -0.870597 136.441437

 64.954964 0.602431 136.441437

 57.455509 2.965642 136.441437

 49.956081 5.541218 136.441437

 42.456650 6.633826 136.441437

 34.957211 6.661227 136.441437

 27.457775 5.972274 136.441437

 19.958338 5.398602 136.441437

 12.458899 4.876965 136.441437

 4.959463 4.876965 136.441437

 -2.539972 5.165622 136.441437

 -10.039412 5.972274 136.441437

 -17.538849 6.661227 136.441437

 -25.038288 7.159386 136.441437

 -32.537724 6.934394 136.441437

 -40.037167 7.167374 136.441437

 -47.536606 7.167374 136.441437

 -53.403103 6.934394 138.074371

 146.360138 7.167374 143.940872

 139.949326 6.934394 143.940872

 132.449890 6.934394 143.940872

 124.950470 7.167374 143.940872

 117.451019 6.934394 143.940872

 109.951584 7.152085 143.940872

 102.452164 6.644677 143.940872

 94.952713 5.093402 143.940872

 87.453278 3.782868 143.940872

 79.953827 2.784731 143.940872

 72.454391 2.784729 143.940872

 64.954964 3.549888 143.940872

 57.455509 5.093398 143.940872

 49.956081 6.411693 143.940872

 42.456650 7.152085 143.940872

 34.957211 7.159386 143.940872

 27.457775 7.006482 143.940872

 19.958338 6.680716 143.940872

 12.458899 6.189698 143.940872

 4.959463 6.422678 143.940872

 -2.539972 6.680716 143.940872

 -10.039412 7.006482 143.940872

 -17.538849 7.159386 143.940872

 -25.038288 7.167374 143.940872

 -32.537724 7.167374 143.940872

 -40.037167 7.167374 143.940872

 -47.536606 7.167374 143.940872

 -55.036045 7.167374 143.940872

 -62.535480 7.167374 145.029495

 -70.034912 7.167374 146.118134

 -77.534348 7.167374 146.118134

 -85.033798 6.934394 146.118134

 -90.900284 7.167374 146.662460

 146.360138 7.167374 151.440292

 139.949326 7.167374 151.440292

 132.449890 6.934394 151.440292

 124.950470 6.934394 151.440292

 117.451019 6.934394 151.440292

 109.951584 6.934394 151.440292

 102.452164 6.919105 151.440292

 94.952713 6.626531 151.440292

 87.453278 6.003186 151.440292

 79.953827 5.742417 151.440292

 72.454391 5.509437 151.440292

 64.954964 6.236166 151.440292

 57.455509 6.859511 151.440292

 49.956081 7.152085 151.440292

 42.456650 6.934394 151.440292

 34.957211 6.934394 151.440292

 27.457775 6.934394 151.440292

 19.958338 7.166459 151.440292

 12.458899 6.925487 151.440292

 4.959463 7.158467 151.440292

 -2.539972 6.933478 151.440292

 -10.039412 7.167374 151.440292

 -17.538849 7.167374 151.440292

 -25.038288 6.934394 151.440292

 -32.537724 6.934394 151.440292

 -40.037167 6.934394 151.440292

 -47.536606 6.934394 151.440292

 -55.036045 7.167374 151.440292

 -62.535480 6.934394 151.440292

 -70.034912 7.167374 151.440292

 -77.534348 6.934394 151.440292

 -85.033798 6.934394 151.440292

 -92.533234 6.934394 151.440292

 -100.032669 7.167374 152.528931

 -107.532104 7.167374 153.617569

 -115.031540 6.934394 153.617569

 -120.898041 6.934394 154.161880

 145.815811 7.167374 156.218170

 139.949326 7.167374 157.851135

 132.449890 6.934394 158.939758

 124.950470 6.934394 158.939758

 117.451019 7.167374 158.939758

 109.951584 7.167374 158.939758

 102.452164 7.167374 158.939758

 94.952713 6.934394 158.939758

 87.453278 7.165616 158.939758

 79.953827 6.917354 158.939758

 72.454391 6.917354 158.939758

 64.954964 6.932635 158.939758

 57.455509 7.167374 158.939758

 49.956081 6.934394 158.939758

 42.456650 6.934394 158.939758

 34.957211 6.934394 158.939758

 27.457775 6.934394 158.939758

 19.958338 7.167374 158.939758

 12.458899 6.934394 158.939758

 4.959463 6.934394 158.939758

 -2.539972 6.934394 158.939758

 -10.039412 7.167374 158.939758

 -17.538849 6.934394 158.939758

 -25.038288 7.167374 158.939758

 -32.537724 7.167374 158.939758

 -40.037167 6.934394 158.939758

 -47.536606 6.934394 158.939758

 -55.036045 6.934394 158.939758

 -62.535480 6.934394 158.939758

 -70.034912 7.167374 158.939758

 -77.534348 6.934394 158.939758

 -85.033798 6.934394 158.939758

 -92.533234 6.934394 158.939758

 -100.032669 7.167374 158.939758

 -107.532104 7.167374 158.939758

 -115.031540 6.934394 158.939758

 -122.530975 6.934394 158.939758

 -130.030426 6.934394 160.028381

 -135.896927 7.167374 161.661316

 130.816940 7.167374 164.806244

 124.950470 6.934394 166.439178

 117.451019 7.167374 166.439178

 109.951584 6.934394 166.439178

 102.452164 6.934394 166.439178

 94.952713 6.934394 166.439178

 87.453278 6.934394 166.439178

 79.953827 7.167374 166.439178

 72.454391 6.934394 166.439178

 64.954964 6.934394 166.439178

 57.455509 7.167374 166.439178

 49.956081 6.934394 166.439178

 42.456650 7.167374 166.439178

 34.957211 6.934394 166.439178

 27.457775 6.934394 166.439178

 19.958338 6.934394 166.439178

 12.458899 7.167374 166.439178

 4.959463 6.934394 166.439178

 -2.539972 6.934394 166.439178

 -10.039412 7.167374 166.439178

 -17.538849 7.167374 166.439178

 -25.038288 6.934394 166.439178

 -32.537724 7.167374 166.439178

 -40.037167 7.167374 166.439178

 -47.536606 6.934394 166.439178

 -55.036045 7.167374 166.439178

 -62.535480 7.167374 166.439178

 -70.034912 6.934394 166.439178

 -77.534348 7.167374 166.439178

 -85.033798 6.934394 166.439178

 -92.533234 6.934394 166.439178

 -100.032669 6.934394 166.439178

 -107.532104 6.934394 166.439178

 -115.031540 7.167374 166.439178

 -122.530975 6.934394 166.439178

 -136.441238 7.167374 166.439194

 123.861832 7.167374 173.938614

 117.451019 7.167374 173.938614

 109.951584 7.167374 173.938614

 102.452164 7.167374 173.938614

 94.952713 7.167374 173.938614

 87.453278 7.167374 173.938614

 79.953827 6.934394 173.938614

 72.454391 6.934394 173.938614

 64.954964 6.934394 173.938614

 57.455509 7.167374 173.938614

 49.956081 7.167374 173.938614

 42.456650 7.167374 173.938614

 34.957211 7.167374 173.938614

 27.457775 6.934394 173.938614

 19.958338 6.934394 173.938614

 12.458899 7.167374 173.938614

 4.959463 7.167374 173.938614

 -2.539972 6.934394 173.938614

 -10.039412 7.167374 173.938614

 -17.538849 7.167374 173.938614

 -25.038288 6.934394 173.938614

 -32.537724 7.167374 173.938614

 -40.037167 7.167374 173.938614

 -47.536606 6.934394 173.938614

 -55.036045 6.934394 173.938614

 -62.535480 7.167374 173.938614

 -70.034912 6.934394 173.938614

 -77.534348 6.934394 173.938614

 -85.033798 6.934394 173.938614

 -92.533234 6.934394 173.938614

 -100.032669 6.934394 172.849991

 -107.532104 6.934394 171.761368

 -115.031540 7.167374 172.849991

 -122.530975 6.934394 173.938614

 -130.030411 7.167374 173.938614

 -136.441238 7.167374 173.938614

 130.816940 7.167374 183.070999

 124.950470 6.934394 181.438065

 117.451019 7.167374 181.438065

 109.951584 7.167374 181.438065

 102.452164 6.934394 181.438065

 94.952713 6.934394 181.438065

 87.453278 6.934394 181.438065

 79.953827 6.934394 181.438065

 72.454391 7.167374 181.438065

 64.954964 6.934394 181.438065

 57.455509 7.167374 181.438065

 49.956081 6.934394 181.438065

 42.456650 6.934394 181.438065

 34.957211 6.934394 181.438065

 27.457775 6.934394 181.438065

 19.958338 6.934394 181.438065

 12.458899 7.167374 181.438065

 4.959463 7.167374 181.438065

 -2.539972 6.934394 181.438065

 -10.039412 6.934394 181.438065

 -17.538849 7.167374 181.438065

 -25.038288 7.167374 181.438065

 -32.537724 7.167374 181.438065

 -40.037167 6.934394 181.438065

 -47.536606 7.167374 181.438065

 -55.036045 6.934394 181.438065

 -62.535480 6.934394 181.438065

 -70.034912 6.934394 181.438065

 -77.534348 7.167374 181.438065

 -85.033798 7.167374 180.349426

 -90.900284 6.934394 178.716476

 -124.163910 6.934394 178.716476

 -130.030426 6.934394 179.260803

 -135.896927 6.934394 178.716476

 138.316376 7.167374 190.570435

 132.449890 7.167374 188.937485

 124.950470 7.167374 188.937485

 117.451019 6.934394 188.937485

 109.951584 7.167374 188.937485

 102.452164 6.934394 188.937485

 94.952713 6.934394 188.937485

 87.453278 6.934394 188.937485

 79.953827 6.934394 187.848877

 72.454391 7.167374 186.760254

 64.954964 7.167374 186.760254

 57.455524 7.167374 186.760254

 49.956081 7.167374 186.760254

 42.456650 6.934394 186.760254

 34.957211 7.167374 186.760254

 27.457777 7.167374 187.848877

 19.958338 7.167374 188.937485

 12.458899 6.934394 188.937485

 4.959463 6.934394 188.937485

 -2.539972 6.934394 188.937485

 -10.039412 6.934394 188.937485

 -17.538849 6.934394 188.937485

 -25.038288 6.934394 188.937485

 -32.537724 7.167374 188.937485

 -40.037167 6.934394 188.937485

 -47.536606 6.934394 188.937485

 -55.036045 6.934394 188.937485

 -62.535480 7.167374 187.848877

 -70.034912 6.934394 186.760254

 -75.901413 6.934394 186.215942

 138.860703 6.934394 196.436920

 132.449890 6.934394 196.436920

 124.950470 6.934394 196.436920

 117.451019 7.167374 196.436920

 109.951584 6.934394 196.436920

 102.452164 7.167374 196.436920

 94.952713 6.934394 196.436920

 89.086212 6.934394 194.803970

 18.869713 7.167374 196.436920

 12.458899 7.167374 196.436920

 4.959463 7.167374 196.436920

 -2.539972 6.934394 196.436920

 -10.039412 7.167374 196.436920

 -17.538849 6.934394 196.436920

 -25.038288 7.167374 196.436920

 -32.537724 6.934394 196.436920

 -40.037167 6.934394 195.348282

 -47.536606 7.167374 194.259674

 -53.403103 6.934394 193.715363

 138.860703 6.934394 203.936356

 132.449890 6.934394 203.936356

 124.950470 7.167374 203.936356

 117.451019 6.934394 203.936356

 109.951584 6.934394 203.936356

 102.452164 7.167374 202.847733

 96.585663 6.934394 201.214798

 18.325396 7.167374 202.303421

 12.458899 7.167374 203.936356

 4.959463 7.167374 203.936356

 -2.539972 6.934394 203.936356

 -10.039412 6.934394 203.936356

 -17.538849 7.167374 203.936356

 -25.038288 7.167374 203.936356

 -30.904785 6.934394 202.303421

 138.860703 6.934394 211.435822

 132.449890 6.934394 211.435822

 124.950470 6.934394 211.435822

 117.451019 6.934394 210.347168

 111.584534 7.167374 208.714218

 10.825958 6.934394 208.714218

 4.959466 7.167374 209.258545

 -2.539972 7.167374 209.258545

 -10.039410 7.167374 209.258545

 -17.538849 7.167374 209.258545

 -23.405346 6.934394 208.714218

 138.316391 7.167374 216.213654

 132.449890 7.167374 216.757965

 126.583405 7.167374 216.213654

 122.833694 7.167374 213.552582

 128.700180 6.934394 214.096893

 136.199615 6.934394 214.096893

 140.977478 6.934394 213.552582

 -27.155064 7.167374 206.053131

 -21.288570 7.167374 206.597443

 -13.789127 6.934394 206.597443

 -6.289692 7.167374 206.597443

 1.209748 6.934394 206.597443

 8.709183 7.167374 206.597443

 14.575676 7.167374 206.053131

 107.834824 6.934394 206.053131

 113.701309 6.934394 206.597443

 121.200729 6.934394 207.686081

 128.700180 7.167374 207.686081

 136.199615 7.167374 207.686081

 141.521805 6.934394 207.686081

 -34.654503 6.934394 198.553696

 -28.788006 6.934394 200.186630

 -21.288570 6.934394 200.186630

 -13.789131 7.167374 200.186630

 -6.289692 6.934394 200.186630

 1.209746 7.167374 200.186630

 8.709183 7.167374 200.186630

 16.208620 6.934394 200.186630

 20.986486 7.167374 198.553696

 92.835938 6.934394 198.553696

 98.702438 7.167374 199.098022

 106.201874 6.934394 200.186630

 113.701309 7.167374 200.186630

 121.200729 7.167374 200.186630

 128.700180 6.934394 200.186630

 136.199615 7.167374 200.186630

 141.521805 7.167374 200.186661

 -57.152821 7.167374 191.054276

 -51.286320 6.934394 191.598587

 -43.786884 6.934394 191.598587

 -36.287445 7.167374 192.687210

 -28.788006 6.934394 192.687210

 -21.288570 7.167374 192.687210

 -13.789131 7.167374 192.687210

 -6.289692 6.934394 192.687210

 1.209746 7.167374 192.687210

 8.709183 7.167374 192.687210

 16.208620 6.934394 192.687210

 22.619429 6.934394 192.687210

 85.336502 7.167374 191.054276

 91.202988 6.934394 192.687210

 98.702438 6.934394 192.687210

 106.201874 6.934394 192.687210

 113.701309 7.167374 192.687210

 121.200729 6.934394 192.687210

 128.700180 7.167374 192.687210

 136.199615 7.167374 192.687210

 140.977478 6.934394 194.320145

 -79.651123 7.167374 183.554840

 -73.784622 6.934394 184.099152

 -66.285202 7.167374 184.099152

 -58.785763 7.167374 185.187775

 -51.286320 7.167374 185.187775

 -43.786884 7.167374 185.187775

 -36.287445 6.934394 185.187775

 -28.788006 7.167374 185.187775

 -21.288570 7.167374 185.187775

 -13.789131 6.934394 185.187775

 -6.289692 7.167374 185.187775

 1.209746 7.167374 185.187775

 8.709183 7.167374 185.187775

 16.208620 7.167374 185.187775

 23.708054 6.934394 185.187775

 31.207495 6.934394 184.099152

 38.706928 6.934394 184.099152

 46.206367 6.934394 184.099152

 53.705795 7.167374 184.099152

 61.205238 6.934394 184.099152

 68.704681 7.167374 184.099152

 76.204109 6.934394 184.099152

 83.703552 7.167374 185.187775

 91.202988 6.934394 185.187775

 98.702438 6.934394 185.187775

 106.201874 6.934394 185.187775

 113.701309 7.167374 185.187775

 121.200729 6.934394 185.187775

 128.700180 6.934394 185.187775

 134.566681 6.934394 186.820709

 -138.558014 7.167374 176.055374

 -133.780151 7.167374 176.599701

 -126.280701 6.934394 176.599701

 -120.414200 7.167374 176.055374

 -94.650009 7.167374 176.055374

 -88.783508 7.167374 176.599701

 -81.284073 7.167374 177.688324

 -73.784622 6.934394 177.688324

 -66.285202 7.167374 177.688324

 -58.785763 7.167374 177.688324

 -51.286320 7.167374 177.688324

 -43.786884 6.934394 177.688324

 -36.287445 7.167374 177.688324

 -28.788006 7.167374 177.688324

 -21.288570 6.934394 177.688324

 -13.789131 6.934394 177.688324

 -6.289692 7.167374 177.688324

 1.209746 6.934394 177.688324

 8.709183 6.934394 177.688324

 16.208620 7.167374 177.688324

 23.708054 7.167374 177.688324

 31.207495 7.167374 177.688324

 38.706928 7.167374 177.688324

 46.206367 7.167374 177.688324

 53.705795 7.167374 177.688324

 61.205238 6.934394 177.688324

 68.704681 7.167374 177.688324

 76.204109 6.934394 177.688324

 83.703552 6.934394 177.688324

 91.202988 6.934394 177.688324

 98.702438 6.934394 177.688324

 106.201874 7.167374 177.688324

 113.701309 7.167374 177.688324

 121.200729 6.934394 177.688324

 127.611572 6.934394 177.688324

 -139.102325 6.934394 170.188889

 -133.729309 7.009603 170.280212

 -126.209869 6.921818 170.280212

 -118.781250 6.934394 170.188889

 -111.281815 7.167374 169.100266

 -103.782379 6.934394 169.100266

 -96.282944 6.934394 170.188889

 -88.783508 6.934394 170.188889

 -81.284073 6.934394 170.188889

 -73.784622 6.934394 170.188889

 -66.285202 7.167374 170.188889

 -58.785763 6.934394 170.188889

 -51.286320 7.167374 170.188889

 -43.786884 7.167374 170.188889

 -36.287445 7.167374 170.188889

 -28.788006 7.167374 170.188889

 -21.288570 6.934394 170.188889

 -13.789131 7.167374 170.188889

 -6.289692 7.167374 170.188889

 1.209746 7.167374 170.188889

 8.709183 7.167374 170.188889

 16.208620 6.934394 170.188889

 23.708054 7.167374 170.188889

 31.207495 7.167374 170.188889

 38.706928 6.934394 170.188889

 46.206367 7.167374 170.188889

 53.705795 6.934394 170.188889

 61.205238 7.167374 170.188889

 68.704681 7.167374 170.188889

 76.204109 6.934394 170.188889

 83.703552 7.167374 170.188889

 91.202988 6.934394 170.188889

 98.702438 6.934394 170.188889

 106.201874 7.167374 170.188889

 113.701309 7.167374 170.188889

 121.200729 7.167374 170.188889

 127.611572 6.934394 170.188889

 -138.558014 7.167374 164.322418

 -133.696945 7.009603 163.658203

 -126.209869 6.827404 162.666687

 -118.781250 6.934394 162.689468

 -111.281815 6.934394 162.689468

 -103.782379 6.934394 162.689468

 -96.282944 7.167374 162.689468

 -88.783508 6.934394 162.689468

 -81.284073 6.934394 162.689468

 -73.784622 7.167374 162.689468

 -66.285202 7.167374 162.689468

 -58.785763 7.167374 162.689468

 -51.286320 7.167374 162.689468

 -43.786884 7.167374 162.689468

 -36.287445 6.934394 162.689468

 -28.788006 6.934394 162.689468

 -21.288570 6.934394 162.689468

 -13.789131 6.934394 162.689468

 -6.289692 6.934394 162.689468

 1.209746 6.934394 162.689468

 8.709183 7.167374 162.689468

 16.208620 7.167374 162.689468

 23.708054 7.167374 162.689468

 31.207495 6.934394 162.689468

 38.706928 6.934394 162.689468

 46.206367 6.934394 162.689468

 53.705795 7.167374 162.689468

 61.205238 6.934394 162.689468

 68.704681 6.932635 162.689468

 76.204109 7.152085 162.689468

 83.703552 7.165616 162.689468

 91.202988 6.934394 162.689468

 98.702438 7.167374 162.689468

 106.201874 7.167374 162.689468

 113.701309 6.934394 162.689468

 121.200729 6.934394 162.689468

 128.700180 6.934394 162.689468

 134.566681 6.934394 161.056503

 -124.647766 6.934394 156.822983

 -118.781250 6.934394 156.278671

 -111.281815 7.167374 156.278671

 -103.782379 7.167374 156.278671

 -96.282944 7.167374 155.190033

 -88.783508 7.167374 155.190033

 -81.284073 7.167374 155.190033

 -73.784622 6.934394 155.190033

 -66.285202 6.934394 155.190033

 -58.785763 7.167374 155.190033

 -51.286320 6.934394 155.190033

 -43.786884 6.934394 155.190033

 -36.287445 7.167374 155.190033

 -28.788006 6.934394 155.190033

 -21.288570 6.934394 155.190033

 -13.789131 7.167374 155.190033

 -6.289692 6.934394 155.190033

 1.209746 7.166459 155.190033

 8.709183 7.159386 155.190033

 16.208620 6.933478 155.190033

 23.708054 6.934394 155.190033

 31.207495 7.167374 155.190033

 38.706928 6.934394 155.190033

 46.206367 6.934394 155.190033

 53.705795 7.152085 155.190033

 61.205238 6.641818 155.190033

 68.704681 6.526986 155.190033

 76.204109 6.132779 155.190033

 83.703552 6.294005 155.190033

 91.202988 6.641818 155.190033

 98.702438 6.919105 155.190033

 106.201874 6.934394 155.190033

 113.701309 6.934394 155.190033

 121.200729 6.934394 155.190033

 128.700180 6.934394 155.190033

 136.199615 6.934394 155.190033

 143.699066 7.167374 154.101395

 148.476898 7.167374 153.557083

 -94.650009 6.934394 149.323517

 -88.783508 6.934394 148.779221

 -81.284073 6.934394 148.779221

 -73.784622 6.934394 148.779221

 -66.285202 6.934394 148.779221

 -58.785763 7.167374 147.690582

 -51.286320 6.934394 147.690582

 -43.786884 6.934394 147.690582

 -36.287445 6.934394 147.690582

 -28.788006 7.167374 147.690582

 -21.288570 6.934394 147.690582

 -13.789131 6.926406 147.690582

 -6.289692 6.781489 147.690582

 1.209746 6.599719 147.690582

 8.709183 6.748444 147.690582

 16.208620 6.832699 147.690582

 23.708054 6.781489 147.690582

 31.207495 6.926406 147.690582

 38.706928 7.167374 147.690582

 46.206367 7.152085 147.690582

 53.705795 6.411693 147.690582

 61.205238 5.308234 147.690582

 68.704681 4.244838 147.690582

 76.204109 4.049326 147.690582

 83.703552 4.244838 147.690582

 91.202988 5.541218 147.690582

 98.702438 6.411696 147.690582

 106.201874 7.152085 147.690582

 113.701309 7.167374 147.690582

 121.200729 7.167374 147.690582

 128.700180 6.934394 147.690582

 136.199615 6.934394 147.690582

 143.699066 7.167374 147.690582

 149.021225 6.934394 147.690598

 -57.152821 6.934394 141.824081

 -51.286320 6.934394 140.191147

 -43.786884 7.167374 140.191147

 -36.287445 7.167374 140.191147

 -28.788006 6.934394 140.191147

 -21.288570 6.926406 140.191147

 -13.789131 6.661227 140.191147

 -6.289692 6.317530 140.191147

 1.209746 5.528810 140.191147

 8.709183 5.537856 140.191147

 16.208620 5.761790 140.191147

 23.708054 6.317530 140.191147

 31.207495 6.661227 140.191147

 38.706928 6.926406 140.191147

 46.206367 6.626531 140.191147

 53.705795 5.093402 140.191147

 61.205238 2.965642 140.191147

 68.704681 1.419656 140.191147

 76.204109 0.727458 140.191147

 83.703552 1.419658 140.191147

 91.202988 3.198624 140.191147

 98.702438 5.326382 140.191147

 106.201874 6.859515 140.191147

 113.701309 7.167374 140.191147

 121.200729 7.167374 140.191147

 128.700180 7.167374 140.191147

 136.199615 6.934394 140.191147

 143.699066 7.167374 140.191147

 149.021225 7.167374 140.191147

 -49.653381 7.167374 134.324646

 -43.786884 7.167374 133.780350

 -36.287445 6.934394 132.691711

 -28.788006 7.167374 132.691711

 -21.288570 7.006482 132.691711

 -13.789131 5.972274 132.691711

 -6.289692 4.860291 132.691711

 1.209746 3.930587 132.691711

 8.709183 3.568835 132.691711

 16.208620 4.163567 132.691711

 23.708054 4.860291 132.691711

 31.207495 6.205254 132.691711

 38.706928 7.004723 132.691711

 46.206367 6.236166 132.691711

 53.705795 3.782868 132.691711

 61.205238 0.835412 132.691711

 68.704681 -1.801071 132.691711

 76.204109 -2.746285 132.691711

 83.703552 -1.801068 132.691711

 91.202988 0.602433 132.691711

 98.702438 3.782872 132.691711

 106.201874 6.236172 132.691711

 113.701309 7.165616 132.691711

 121.200729 7.167374 132.691711

 128.700180 6.934394 132.691711

 136.199615 6.934394 132.691711

 143.699066 6.934394 132.691711

 148.476898 7.167374 134.324646

 -34.654503 7.167374 126.825218

 -28.788006 7.166459 125.192276

 -21.288570 6.447736 125.192276

 -13.789131 5.165622 125.192276

 -6.289692 3.625251 125.192276

 1.209746 2.602143 125.192276

 8.709183 1.875182 125.192276

 16.208620 2.369159 125.192276

 23.708054 3.625251 125.192276

 31.207495 5.398602 125.192276

 38.706928 6.663672 125.192276

 46.206367 5.741631 125.192276

 53.705795 2.784731 125.192276

 61.205238 -0.870598 125.192276

 68.704681 -3.443783 125.192276

 76.204109 -4.586418 125.192276

 83.703552 -3.443780 125.192276

 91.202988 -0.870597 125.192276

 98.702438 2.551757 125.192276

 106.201874 5.509440 125.192276

 113.701309 7.150334 125.192276

 121.200729 6.934394 125.192276

 128.700180 7.167374 125.192276

 136.199615 6.934394 126.280907

 142.066101 7.167374 126.825218

 -27.699375 6.866858 117.692833

 -21.288570 6.422678 117.692833

 -13.789131 4.876965 117.692833

 -6.289692 3.088416 117.692833

 1.209746 1.621885 117.692833

 8.709183 1.024735 117.692833

 16.208620 1.388905 117.692833

 23.708054 3.088414 117.692833

 31.207495 4.876965 117.692833

 38.706928 6.405636 117.692833

 46.206367 5.500934 117.692833

 53.705795 2.784731 117.692833

 61.205238 -0.637619 117.692833

 68.704681 -3.443783 117.692833

 76.204109 -4.819399 117.692833

 83.703552 -3.443781 117.692833

 91.202988 -0.637617 117.692833

 98.702438 2.551755 117.692833

 106.201874 5.509440 117.692833

 113.701309 7.150334 117.692833

 121.200729 6.934394 117.692833

 128.700180 7.167374 117.692833

 -27.699375 7.099839 110.193382

 -21.288570 6.189698 110.193382

 -13.789131 4.643985 110.193382

 -6.289692 3.088416 110.193382

 1.209746 1.388905 110.193382

 8.709183 2.957293 110.193382

 16.208620 1.388905 110.193382

 23.708054 3.088414 110.193382

 31.207495 4.876965 110.193382

 38.706928 6.187942 110.193382

 46.206367 6.227547 110.193382

 53.705795 3.549888 110.193382

 61.205238 0.602429 110.193382

 68.704681 -1.568091 110.193382

 76.204109 -2.746288 110.193382

 83.703552 -1.801071 110.193382

 91.202988 0.835414 110.193382

 98.702438 3.549891 110.193382

 106.201874 6.003192 110.193382

 113.701309 7.165616 110.193382

 121.200729 6.934394 110.193382

 128.700180 6.934394 110.193382

 134.566681 6.934394 108.560448

 -33.565876 6.934394 101.061012

 -28.788006 6.933478 102.693954

 -21.288570 6.447736 102.693954

 -13.789131 5.165622 102.693954

 -6.289692 3.858231 102.693954

 1.209746 2.602139 102.693954

 8.709183 1.875180 102.693954

 16.208620 2.369159 102.693954

 23.708054 5.790789 102.693954

 31.207495 5.164048 102.693954

 38.706928 6.667023 102.693954

 46.206367 6.624059 102.693954

 53.705795 5.326382 102.693954

 61.205238 3.198622 102.693954

 68.704681 1.419656 102.693954

 76.204109 0.727458 102.693954

 83.703552 1.186678 102.693954

 91.202988 2.965644 102.693954

 98.702438 5.093402 102.693954

 106.201874 6.626534 102.693954

 113.701309 6.934394 102.693954

 121.200729 6.934394 102.693954

 128.700180 7.167374 102.693954

 136.199615 6.934394 102.693954

 142.066101 6.934394 101.061012

 -35.198818 6.934394 95.194527

 -28.788006 6.934394 95.194527

 -21.288570 7.006482 95.194527

 -13.789131 6.205254 95.194527

 -6.289692 4.860286 95.194527

 1.209746 3.930583 95.194527

 8.709183 3.801812 95.194527

 16.208620 3.916896 95.194527

 23.708054 4.598742 95.194527

 31.207495 5.400092 95.194527

 38.706928 6.288912 95.194527

 46.206367 6.345592 95.194527

 53.705795 6.149756 95.194527

 61.205238 5.294545 95.194527

 68.704681 4.244838 95.194527

 76.204109 3.816346 95.194527

 83.739044 4.009452 95.118927

 91.215454 5.175227 95.584373

 98.682999 6.089282 95.584373

 106.150513 6.690026 95.584373

 113.634705 6.987269 95.118927

 121.200729 6.934394 95.194527

 128.700180 7.167374 95.194527

 136.199615 6.934394 95.194527

 143.699066 6.934394 95.194527

 151.198486 7.167374 94.105896

 157.064957 7.167374 93.561577

 -41.065311 6.934394 86.062141

 -36.287445 6.933272 87.695084

 -28.788006 7.157631 87.695084

 -21.288570 6.916661 87.695084

 -13.789131 6.660108 87.695084

 -6.289692 6.317530 87.695084

 1.209746 5.528806 87.695084

 8.709183 5.291183 87.695084

 16.208620 5.294625 87.695084

 23.708054 4.632995 87.695084

 31.207495 4.255965 87.695084

 38.706928 4.367270 87.695084

 46.206367 4.525695 87.695084

 53.705795 5.695830 87.695084

 61.205238 6.406678 87.695084

 68.704681 6.280313 87.695084

 76.265121 5.876067 87.645012

 83.152405 5.879424 88.181839

 112.497955 5.266018 90.160439

 105.804367 4.907174 90.745193

 113.088699 4.912967 76.208366

 114.035797 6.529153 87.556908

 121.200729 6.934394 87.695084

 128.700180 7.167374 87.695084

 136.199615 7.167374 87.695084

 143.699066 7.167374 87.695084

 151.198486 7.167374 87.695084

 158.697922 7.167374 87.695084

 166.197372 7.167374 86.606453

 170.975220 6.934394 86.062141

 -42.698257 6.980904 80.195641

 -36.287445 6.526248 80.195641

 -28.788006 6.423497 80.195641

 -21.288570 6.656477 80.195641

 -13.789131 6.518260 80.195641

 -6.289692 6.595019 80.195641

 1.209746 6.822960 80.195641

 8.709183 6.239799 80.195641

 16.208620 4.952216 80.195641

 23.708054 3.464467 80.195641

 31.207495 1.780993 80.195641

 38.706928 1.399939 80.195641

 46.206367 1.786876 80.195641

 53.705795 3.380073 80.195641

 61.205238 5.518620 80.195641

 68.704681 6.889903 80.195641

 75.857040 6.401238 80.114883

 105.836258 4.912967 61.703472

 105.228500 5.266018 47.750118

 105.836258 4.912967 54.451015

 106.422745 4.792895 68.310791

 114.503479 6.484126 80.102371

 121.200729 6.934394 80.195641

 128.700180 6.934394 81.284271

 136.199615 6.934394 81.284271

 143.699066 7.167374 80.195641

 151.198486 7.167374 80.195641

 158.697922 7.167374 80.195641

 166.197372 7.167374 80.195641

 171.519547 6.934394 80.195641

 -72.151688 7.167374 71.063263

 -66.285202 6.934394 71.607574

 -58.785763 7.157631 71.607574

 -51.286320 6.783291 71.607574

 -43.786884 6.130963 72.696198

 -36.287445 5.453221 72.696198

 -28.788006 5.180129 72.696198

 -21.288570 4.947148 72.696198

 -13.789131 5.220241 72.696198

 -6.289692 5.897983 72.696198

 1.209746 6.598767 72.696198

 8.709183 6.083005 72.696198

 16.208620 4.135668 72.696198

 23.708054 1.496621 72.696198

 31.207495 -0.888881 72.696198

 38.706928 -1.735393 72.696198

 46.206367 -0.655900 72.696198

 53.705795 1.496615 72.696198

 61.205238 3.903312 72.696198

 68.704681 6.100425 72.696198

 75.387955 6.371512 72.666740

 112.385468 5.033038 69.558510

 77.357109 4.931327 82.890961

 76.762634 4.874911 76.208366

 83.424866 4.615050 84.073235

 113.923309 6.529153 72.666496

 120.177567 7.405112 72.657997

 145.332001 6.934394 74.329147

 151.198486 7.167374 73.784828

 158.697922 7.167374 73.784828

 166.197372 7.167374 73.784828

 170.975220 7.167374 74.329147

 -87.150558 6.934394 63.563831

 -81.284073 6.934394 64.108139

 -73.784622 6.934394 65.196770

 -66.285202 6.934394 65.196770

 -58.785763 6.738183 65.196770

 -51.286320 5.761062 65.196770

 -43.786884 4.404962 65.196770

 -36.287445 3.504143 65.196770

 -28.788006 3.062977 65.196770

 -21.288570 3.062977 65.196770

 -13.789131 3.271163 65.196770

 -6.289692 4.404962 65.196770

 1.209746 5.745799 65.196770

 8.709183 5.464129 65.196770

 16.208620 3.009402 65.196770

 23.708054 0.177413 65.196770

 31.207495 -2.568702 65.196770

 38.706928 -3.592020 65.196770

 46.206367 -2.335721 65.196770

 53.705795 0.177408 65.196770

 61.205238 3.242383 65.196770

 68.704681 5.891213 65.196770

 75.387955 6.307899 65.231102

 84.046997 5.145947 47.166660

 76.762634 4.833810 68.955925

 91.299454 5.145947 47.166660

 107.212173 6.642064 64.585732

 113.522217 6.754289 65.197746

 119.088943 7.638093 65.158569

 -102.149445 6.934394 56.064384

 -96.282959 6.934394 56.608700

 -88.783508 6.934394 57.697330

 -81.284073 7.167374 57.697330

 -73.784622 7.167374 57.697330

 -66.285202 6.933272 57.697330

 -58.785763 6.340903 57.697330

 -51.286320 5.010306 57.697330

 -43.786884 3.131779 57.697330

 -36.287445 1.366960 57.697330

 -28.788006 0.764539 57.697330

 -21.288570 0.997519 57.697330

 -13.789131 1.599940 57.697330

 -6.289692 2.898801 57.697330

 1.209746 4.995045 57.697330

 8.709183 5.301402 57.697330

 16.208620 3.009023 57.697330

 23.708054 -0.055566 57.697330

 31.207495 -2.335721 57.697330

 38.706928 -3.592017 57.697330

 46.206367 -2.335721 57.697330

 53.705795 0.177411 57.697330

 61.205238 3.009402 57.697330

 68.704681 5.891213 57.697330

 75.387955 6.540879 57.795479

 98.551910 4.912967 47.166660

 76.762634 4.805003 61.703472

 76.762634 5.066790 54.451015

 107.067841 6.717106 57.795479

 113.701309 6.934394 57.697330

 119.023483 6.934394 57.697330

 -109.648880 7.167374 48.564953

 -103.782379 6.934394 50.197895

 -96.282944 6.934394 50.197895

 -88.783508 7.167374 50.197895

 -81.284073 7.167374 50.197895

 -73.784622 7.167374 50.197895

 -66.285202 7.156514 50.197895

 -58.785763 6.026219 50.197895

 -51.286320 4.374154 50.197895

 -43.786884 1.959987 50.197895

 -36.287445 0.404493 50.197895

 -28.788006 -0.323752 50.197895

 -21.288570 -0.556732 50.197895

 -13.789131 0.404493 50.197895

 -6.289692 2.192967 50.197895

 1.209746 4.139602 50.197895

 8.709183 5.427502 50.197895

 16.208620 3.894324 50.197895

 23.708054 1.496621 50.197895

 31.207495 -0.888879 50.197895

 38.706928 -1.502408 50.197895

 46.206367 -0.888879 50.197895

 53.705795 1.263637 50.197895

 61.205238 4.136292 50.197895

 68.704681 6.100425 50.197895

 75.857040 6.425323 50.340454

 77.357109 5.238528 47.750118

 91.299454 4.463727 90.745193

 84.626587 3.893443 90.160439

 106.593796 6.529153 50.340454

 113.701309 6.934394 50.197895

 120.112106 6.934394 50.197899

 -116.059677 7.167374 41.065517

 -111.281815 7.167374 42.698460

 -103.782379 6.934394 42.698460

 -96.282944 6.934394 42.698460

 -88.783508 6.934394 42.698460

 -81.284073 7.167374 42.698460

 -73.784622 7.167374 42.698460

 -66.285202 7.147891 42.698460

 -58.785763 6.165066 42.698460

 -51.286320 3.962214 42.698460

 -43.786884 1.697783 42.698460

 -36.287445 0.064274 42.698460

 -28.788006 -0.944757 42.698460

 -21.288570 -0.944757 42.698460

 -13.789131 0.064274 42.698460

 -6.289692 1.697783 42.698460

 1.209746 3.962211 42.698460

 8.709183 5.656804 42.698460

 16.208620 5.267459 42.698460

 23.708054 3.380076 42.698460

 31.207495 1.786876 42.698460

 38.706928 1.166962 42.698460

 46.206367 1.786876 42.698460

 53.705795 3.380075 42.698460

 61.205238 5.285640 42.698460

 68.704681 6.658679 42.698460

 76.265121 6.727050 42.775997

 83.747910 6.942240 42.311047

 91.215454 6.709260 42.311047

 98.682999 6.709260 42.311047

 106.160797 6.987269 42.775997

 113.701309 7.167374 42.698460

 121.200729 7.167374 42.698460

 128.700180 6.979475 41.609829

 134.566681 10.503281 41.065517

 -116.603989 6.934394 35.199024

 -111.281815 7.167374 35.199017

 -103.782379 7.167374 35.199017

 -96.282944 6.934394 35.199017

 -88.783508 7.146321 35.199020

 -81.284073 6.558744 35.199020

 -73.784622 6.861148 35.199020

 -66.285202 5.683880 35.199017

 -58.785763 6.026219 35.199017

 -51.286320 4.374154 35.199017

 -43.786884 2.192967 35.199017

 -36.287445 0.404493 35.199017

 -28.788006 -0.556732 35.199017

 -21.288570 -0.556732 35.199017

 -13.789131 0.404493 35.199017

 -6.289692 1.959987 35.199017

 1.209746 4.141173 35.199017

 8.709183 6.245507 35.199017

 16.208620 6.455585 35.199017

 23.708054 5.478045 35.199017

 31.207495 4.525691 35.199017

 38.706928 4.141950 35.199017

 46.206367 4.525691 35.199017

 53.705795 5.711026 35.199017

 61.205238 6.699257 35.199017

 68.704681 7.153683 35.199017

 76.204109 6.934394 35.199017

 83.703552 6.934394 35.199017

 91.202988 7.167374 35.199017

 98.702438 6.934394 35.199017

 106.201874 6.934394 35.199017

 113.701309 6.934394 35.199017

 121.200729 7.167374 35.199017

 128.700180 7.097451 35.199017

 136.199615 11.854451 35.199017

 143.699066 11.854451 34.110390

 148.476898 11.854451 33.566074

 -116.059677 6.934394 29.332527

 -111.281815 7.167374 27.699585

 -103.782379 6.934394 27.699585

 -96.282944 7.167374 27.699585

 -88.783508 6.955448 27.699581

 -81.284073 4.301684 27.699581

 -73.784622 4.471455 27.699581

 -66.285202 6.933272 27.699581

 -58.785763 6.573884 27.699581

 -51.286320 5.010306 27.699581

 -43.786884 2.898801 27.699581

 -36.287445 1.366960 27.699581

 -28.788006 0.764539 27.699581

 -21.288570 2.930077 27.699581

 -13.789131 1.599940 27.699581

 -6.289692 2.898801 27.699581

 1.209746 4.777326 27.699581

 8.709183 6.573880 27.699581

 16.208620 7.152565 27.699581

 23.708054 8.837908 27.699581

 31.207495 6.360881 27.699581

 38.706928 6.449471 27.699581

 46.206367 6.360881 27.699581

 53.705795 6.905350 27.699581

 61.205238 6.920703 27.699581

 68.704681 7.167374 27.699581

 76.204109 7.167374 27.699581

 83.703552 7.167374 27.699581

 91.202988 6.934394 27.699581

 98.702438 7.167374 27.699581

 106.201874 6.934394 27.699581

 113.701309 7.167374 28.788208

 121.200729 7.167374 27.699581

 128.700180 7.098650 27.699581

 136.199615 11.621471 27.699581

 143.699066 11.854451 27.699581

 149.021225 11.854451 27.699581

 -110.193192 6.934394 20.200150

 -103.782379 6.934394 20.200150

 -96.282944 7.146321 20.200150

 -88.783508 4.714081 20.200142

 -81.284073 4.038056 20.200142

 -73.784622 4.186823 20.200142

 -66.285202 6.831721 20.200142

 -58.785763 6.738183 20.200142

 -51.286320 5.994042 20.200142

 -43.786884 4.404963 20.200142

 -36.287445 3.271163 20.200142

 -28.788006 2.829997 20.200142

 -21.288570 3.062977 20.200142

 -13.789131 3.504143 20.200142

 -6.289692 4.404963 20.200142

 1.209746 5.994042 20.200142

 8.709183 6.971163 20.200142

 16.208620 7.166520 20.200142

 23.708054 7.159920 20.200142

 31.207495 7.164944 20.200142

 38.706928 6.920703 20.200142

 46.206367 6.932818 20.200142

 53.705795 6.934394 20.200142

 61.205238 6.934394 20.200142

 68.704681 6.934394 20.200142

 76.204109 7.167374 20.200142

 83.703552 6.934394 20.200142

 91.202988 6.934394 20.200142

 98.702438 6.934394 21.288769

 104.568924 7.167374 21.833084

 122.833694 7.167374 21.833084

 128.700180 7.098650 21.288769

 136.199615 11.621471 21.288769

 143.699066 11.854451 21.288769

 148.476898 11.621471 21.833084

 -109.104568 7.167374 12.700718

 -103.782379 7.167374 12.700718

 -96.282944 6.882692 12.700716

 -88.783508 4.080162 12.700714

 -81.284073 4.080162 12.700714

 -73.784622 4.249983 12.700714

 -66.285202 6.882252 12.700714

 -58.785763 6.924651 12.700714

 -51.286320 6.601256 12.700714

 -43.786884 5.897983 12.700714

 -36.287445 5.220241 12.700714

 -28.788006 4.947148 12.700710

 -21.288570 3.707495 12.700710

 -13.789131 5.453221 12.700710

 -6.289692 5.897985 12.700710

 1.209746 6.826787 12.700710

 8.709183 6.782035 12.700710

 16.208620 6.855217 12.700710

 23.708054 6.776631 12.700710

 31.207495 6.622237 12.700710

 38.706928 7.024758 12.700710

 46.206367 7.159920 12.700706

 53.705795 6.934394 12.700706

 61.205238 7.167374 12.700706

 68.704681 7.167374 12.700706

 76.204109 6.934394 12.700706

 83.703552 7.167374 12.700706

 89.570053 6.934394 14.333649

 -109.104568 6.934394 5.201286

 -103.782379 6.934394 5.201286

 -96.282944 6.840586 5.201286

 -88.783508 4.080162 5.201286

 -81.284073 4.228930 5.201283

 -73.784622 4.059109 5.201283

 -66.285202 6.866453 5.201283

 -58.785763 6.934394 5.201283

 -51.286320 6.924651 5.201283

 -43.786884 6.980904 5.201283

 -36.287445 6.759228 5.201283

 -28.788006 6.656477 5.201279

 -21.288570 6.656477 5.201279

 -14.582878 5.848694 5.201279

 -6.461313 5.848695 5.201279

 1.660252 5.848695 5.201279

 8.709183 6.374709 5.201279

 16.208620 5.856358 5.201279

 23.708054 5.647492 5.201279

 31.207495 8.021896 5.201279

 38.706928 6.374709 5.201275

 46.206367 6.679606 5.201275

 53.705795 7.159920 5.201275

 61.205238 7.167374 5.201275

 68.704681 7.167374 5.201271

 76.204109 7.167374 5.201271

 82.070602 6.934394 6.834213

 -108.560257 6.934394 -0.665207

 -103.782379 7.167374 -2.298149

 -96.282944 7.167374 -2.298149

 -88.783508 4.492558 -2.298149

 -81.284073 4.343791 -2.298149

 -73.784622 4.322738 -2.298149

 -66.285202 6.670765 -2.298150

 -58.785763 6.934394 -2.298149

 -51.286320 6.934394 -2.298157

 -43.786884 6.934394 -2.298157

 -36.287445 6.933272 -2.298157

 -28.788006 6.924651 -2.298157

 -21.288570 7.157631 -2.298157

 -14.582878 5.848696 -2.298157

 -6.461313 5.848696 -2.298157

 1.660252 5.848694 -2.298157

 8.709183 4.999839 -2.298157

 16.208620 4.132686 -2.298157

 23.708054 3.795278 -2.298157

 31.207495 4.365666 -2.298157

 38.706928 4.999839 -2.298164

 46.206367 6.037007 -2.298164

 53.705795 6.784328 -2.298164

 61.205238 7.167374 -2.298164

 68.704681 6.934394 -2.298164

 75.115486 7.167374 -2.298164

 -102.149445 6.934394 -8.164642

 -96.282944 6.934394 -9.797592

 -88.783508 6.861639 -9.797592

 -81.284073 6.934394 -9.797592

 -73.784622 7.167374 -9.797592

 -66.285202 6.934394 -9.797592

 -58.785763 6.934394 -9.797592

 -51.286320 7.167374 -9.797592

 -43.786884 7.167374 -9.797592

 -36.287445 7.167374 -9.797592

 -28.788006 6.934394 -9.797592

 -21.288570 6.934394 -9.797592

 -13.789131 6.933539 -9.797592

 -6.461313 5.848432 -9.797592

 1.209746 5.284629 -9.797592

 8.709183 3.847898 -9.797592

 16.208620 2.909300 -9.797600

 23.708054 2.448555 -9.797600

 31.207495 2.676320 -9.797600

 38.706928 3.847898 -9.797600

 46.206367 5.284629 -9.797600

 53.705795 6.480479 -9.797600

 61.205238 7.444963 -9.797600

 68.704681 7.167374 -9.797600

 74.026855 7.167374 -9.797600

 -95.194321 7.167374 -17.297028

 -88.783508 7.167374 -17.297028

 -81.284073 6.934394 -17.297028

 -73.784622 7.167374 -17.297028

 -66.285202 7.167374 -17.297028

 -58.785763 7.167374 -17.297028

 -51.286320 7.167374 -17.297028

 -43.786884 6.934394 -17.297028

 -37.376072 7.167374 -17.297028

 -27.699375 6.934394 -17.297035

 -21.288570 6.934394 -17.297035

 -13.789131 7.159066 -17.297035

 -6.289692 6.472783 -17.297035

 1.209746 4.798087 -17.297035

 8.709183 3.362856 -17.297035

 16.208620 1.762019 -17.297035

 23.708054 1.205046 -17.297035

 31.207495 1.995000 -17.297035

 38.706928 3.362856 -17.297035

 46.206367 5.031067 -17.297035

 53.705795 6.472783 -17.297035

 61.205238 7.159066 -17.297043

 68.704681 7.167374 -17.297043

 74.026855 6.934394 -17.297043

 -93.561386 6.934394 -23.163521

 -88.783508 7.167374 -24.796463

 -81.284073 6.934394 -24.796463

 -73.784622 6.934394 -24.796471

 -66.285202 7.167374 -24.796471

 -58.785763 6.934394 -24.796471

 -51.286320 6.934394 -24.796471

 -43.786884 6.934394 -24.796471

 -37.376072 7.167374 -24.796471

 -27.699375 7.167374 -24.796471

 -21.288570 6.934394 -24.796471

 -13.789131 7.159066 -24.796471

 -6.289692 6.198876 -24.796474

 1.209746 4.957430 -24.796474

 8.709183 3.129876 -24.796478

 16.208620 1.762019 -24.796478

 23.708054 1.438026 -24.796478

 31.207495 1.762019 -24.796478

 38.706928 3.129876 -24.796478

 46.206367 4.798087 -24.796478

 53.705795 6.472783 -24.796478

 61.205238 6.926085 -24.796478

 68.704681 6.934394 -24.796478

 73.482536 6.934394 -23.163536

 -87.150558 7.167374 -30.662971

 -81.284073 7.167374 -32.295914

 -73.784622 6.934394 -32.295914

 -66.285202 7.167374 -32.295914

 -58.785763 7.167374 -32.295914

 -51.871204 5.780461 -31.711029

 -43.202000 6.013442 -31.711029

 -36.287445 7.167374 -32.295914

 -28.788006 6.934394 -32.295914

 -21.288570 7.104887 -32.295914

 -13.789131 6.543902 -32.295914

 -6.289692 4.722797 -32.295914

 1.209746 4.743985 -32.295914

 8.709183 3.847898 -32.295914

 16.208620 2.676320 -32.295914

 23.708054 2.215577 -32.295914

 31.207495 2.909302 -32.295914

 38.706928 3.847898 -32.295929

 46.206367 5.284629 -32.295929

 53.705795 6.480479 -32.295929

 61.205238 7.166520 -32.295929

 67.616051 7.167374 -32.295929

 -80.195450 7.167374 -39.795364

 -73.784622 6.934394 -39.795364

 -66.285202 6.934394 -39.795364

 -58.785763 6.934394 -39.795364

 -52.456089 4.859511 -39.795364

 -42.617111 4.626531 -39.795364

 -36.287445 7.167374 -39.795364

 -28.788006 7.167374 -39.795364

 -21.288570 6.024725 -39.795364

 -13.789131 2.418905 -39.795364

 -6.289692 1.161962 -39.795364

 1.209746 4.797815 -39.795364

 8.709183 4.999839 -39.795364

 16.208620 4.365672 -39.795364

 23.708054 3.795280 -39.795364

 31.207495 4.132691 -39.795364

 38.706928 4.999841 -39.795364

 46.206367 6.269988 -39.795364

 53.705795 6.784328 -39.795364

 61.205238 6.934394 -39.795364

 66.527420 6.934394 -39.795364

 -80.195450 6.934394 -47.294800

 -73.784622 6.934394 -47.294800

 -66.285202 7.167374 -47.294800

 -58.785763 6.934394 -47.294800

 -51.871204 6.013442 -47.879684

 -43.202000 5.780461 -47.879684

 -36.287445 6.934394 -47.294800

 -28.788006 7.167374 -47.294800

 -21.288570 5.788525 -47.294800

 -13.789131 1.250592 -47.294800

 -6.289692 1.159369 -47.294800

 1.236891 5.492403 -47.320141

 8.709183 6.374709 -47.294800

 16.208620 5.623382 -47.294800

 23.708054 5.647496 -47.294800

 31.207495 5.623382 -47.294800

 38.706928 6.141728 -47.294800

 46.206367 6.679606 -47.294800

 53.705795 7.159924 -47.294800

 61.205238 6.934394 -47.294800

 66.527420 6.934394 -47.294800

 -94.650009 6.934394 -56.427185

 -88.783508 6.934394 -55.882858

 -81.284073 6.934394 -54.794235

 -73.784622 7.167374 -54.794235

 -66.285202 7.167374 -54.794235

 -58.785763 7.898415 -54.794235

 -51.286320 7.665435 -54.794235

 -43.786884 6.934394 -54.794235

 -36.287445 6.934394 -54.794235

 -28.788006 6.934394 -54.794235

 -21.288570 5.833172 -54.794235

 -13.789131 1.354079 -54.794235

 -6.291495 1.323950 -54.794235

 0.801197 6.276381 -54.794235

 9.117732 7.777934 -54.794235

 16.208620 6.855219 -54.794235

 23.708054 6.543651 -54.794235

 31.207495 6.855219 -54.794235

 38.706928 7.024758 -54.794235

 46.206367 7.159924 -54.794235

 53.705795 6.934394 -54.794235

 61.205238 6.934394 -54.794235

 66.527420 7.167374 -54.794235

 -109.648880 7.167374 -63.926613

 -103.782379 6.934394 -63.382294

 -96.282944 7.167374 -62.293671

 -88.783508 7.167374 -62.293671

 -81.284073 7.167374 -62.293671

 -73.784622 6.934394 -62.293671

 -66.285202 6.934394 -62.293671

 -58.785763 9.650648 -62.293671

 -51.286320 9.650648 -62.293671

 -43.786884 9.067233 -62.293671

 -36.287445 6.934394 -62.293671

 -28.788006 6.934394 -62.293671

 -21.288570 6.010672 -62.293674

 -13.789131 2.557378 -62.293674

 -6.289692 1.522873 -62.293674

 1.236891 5.539608 -62.268330

 8.682037 7.074426 -62.268330

 16.208620 6.933539 -62.293671

 23.708054 7.159924 -62.293671

 31.207495 6.933539 -62.293671

 38.706928 6.934394 -62.293671

 46.206367 6.934394 -61.205048

 53.705795 7.167374 -61.205048

 61.205238 6.934394 -61.205048

 65.983109 7.167374 -60.660736

 -117.148315 6.934394 -71.426056

 -111.281815 7.167374 -69.793106

 -103.782379 4.306699 -69.793106

 -96.282944 4.073719 -69.793106

 -88.783508 7.167374 -69.793106

 -81.284073 6.934394 -69.793106

 -73.784622 6.934394 -68.704483

 -66.285202 6.934394 -68.704483

 -58.785763 10.819462 -68.704483

 -51.286320 11.734865 -68.704483

 -43.786884 11.200068 -68.704483

 -36.287445 7.167374 -69.793106

 -28.788006 7.167374 -69.793106

 -21.288570 7.067502 -69.793106

 -13.789131 6.783126 -69.793106

 -6.289692 2.894008 -69.793106

 1.209746 3.635307 -69.791809

 8.708532 6.870834 -69.767578

 16.208620 6.934394 -69.793106

 23.708054 7.167374 -68.704483

 31.207495 7.167374 -68.704483

 37.073986 7.167374 -68.160172

 -131.058563 7.167374 -78.925491

 -126.280701 6.934394 -78.381180

 -118.781250 7.167374 -77.292542

 -111.281815 6.934394 -77.292542

 -103.782379 7.167374 -77.292542

 -96.282944 4.306699 -77.292542

 -88.783508 6.934394 -77.292542

 -82.917007 7.167374 -75.659607

 -34.654503 6.934394 -75.659607

 -28.788006 7.167374 -77.292542

 -21.288570 7.167374 -77.292542

 -13.789131 7.115989 -77.292542

 -6.290558 6.249131 -77.292107

 1.217024 6.239890 -77.184547

 8.517912 7.134724 -76.229439

 14.575676 7.167374 -75.659607

 -131.602875 6.934394 -84.791992

 -126.280701 6.934394 -84.791992

 -118.781250 7.167374 -84.791992

 -111.281815 7.167374 -84.791992

 -103.782379 7.167374 -83.703369

 -96.282959 6.934394 -83.703369

 -90.416458 7.167374 -83.159058

 -27.699375 6.934394 -84.791992

 -21.288570 6.934394 -84.791992

 -13.789131 7.167374 -84.791992

 -6.289692 6.934394 -84.791992

 0.121119 6.934394 -84.791992

 -131.058563 6.934394 -90.658493

 -126.280701 6.934394 -91.202789

 -118.781250 7.167374 -91.202789

 -112.914764 7.167374 -90.658493

 -26.610752 6.934394 -92.291428

 -21.288570 6.934394 -92.291428

 -13.789131 7.167374 -92.291428

 -6.289692 6.934394 -92.291428

 0.121119 6.934394 -92.291428

 -26.066437 6.934394 -98.157913

 -21.288570 6.934394 -99.790863

 -13.789131 7.167374 -99.790863

 -6.289692 7.167374 -99.790863

 1.209746 6.934394 -99.790863

 8.709183 6.934394 -100.879486

 16.208620 7.167374 -100.879486

 20.986486 6.934394 -101.423798

 -19.655628 6.934394 -105.657349

 -13.789131 6.934394 -107.290314

 -6.289692 6.934394 -107.290314

 1.209746 7.167374 -107.290314

 16.208620 7.167374 -107.290314

 21.530804 6.934394 -107.290314

 -12.156189 7.167374 -113.156799

 -6.289692 7.167374 -113.701111

 1.209748 6.934394 -115.422333

 8.709183 6.934394 -116.183289

 16.208620 6.934394 -116.183289

 20.986486 6.934394 -114.878021

 20.074097 13.615561 -123.589996

 12.722506 13.615561 -125.510437

 4.959466 13.615561 -124.766083

 -2.803579 13.615561 -122.267273

 -9.825806 13.616839 -119.655167

 -18.876087 13.616839 -112.377258

 -26.644093 13.616839 -104.548431

 20.074097 14.222963 -95.193985

 13.018235 14.455944 -94.055450

 6.740286 13.615561 -93.565369

 -115.245148 13.616839 -97.156845

 -122.530975 13.616839 -98.031158

 -130.146179 13.616839 -96.888290

 -92.746841 13.615561 -89.657410

 -99.473343 13.615561 -90.527405

 -106.053726 13.615561 -91.268005

 12.536058 14.455944 -82.100098

 6.998929 13.616839 -83.464478

 -34.125481 13.616839 -82.077072

 -83.696548 13.616839 -82.379517

 34.743614 13.615561 -74.658539

 28.017115 13.615561 -75.528519

 21.436722 13.615561 -76.269119

 -41.515549 13.615561 -77.389313

 -47.832336 13.615561 -78.831390

 -55.036041 13.615561 -78.852310

 -62.535477 13.615561 -76.686249

 -69.739182 13.616839 -75.545135

 -76.055969 13.615561 -76.269119

 -124.268005 13.616839 -70.870117

 -130.436935 13.615561 -72.753555

 65.070709 13.615561 -66.890549

 57.719131 13.616839 -68.050003

 50.251816 13.615561 -68.045685

 43.935036 13.615561 -68.769684

 -116.368790 13.615561 -64.706146

 4.959465 8.821206 -56.033298

 -101.769699 11.362288 -55.871231

 -107.609268 11.362288 -57.486130

 4.959465 10.138314 -53.555187

 -87.073257 13.616839 -48.622299

 -92.610397 14.455944 -49.986687

 -47.536606 1.253836 -42.539276

 -47.536606 1.253836 -37.051437

 -86.621552 14.455944 -37.080444

 74.310699 13.616839 -29.251640

 -32.537724 14.455944 -25.187378

 -94.139038 13.616839 -29.554062

 -32.537724 14.222963 -16.906128

 -101.620422 13.615561 -14.582115

 -109.137894 13.616839 -7.055748

 81.541580 13.615561 0.416752

 12.458899 13.232351 4.421745

 88.790512 13.616839 7.613743

 12.458899 13.469398 5.980812

 -47.536598 13.614838 11.921181

 147.564514 13.755768 15.603275

 140.212952 13.721899 14.443817

 132.186279 13.615561 14.443817

 125.164085 13.616839 15.334717

 102.529312 13.615561 15.392593

 96.689743 13.616839 13.777695

 49.956081 3.974614 19.420609

 -47.536606 13.669201 13.480244

 116.268372 13.616839 21.202644

 111.134232 13.615561 21.202644

 49.956081 3.741633 20.979675

 -116.887848 13.615561 23.244423

 147.855286 13.742715 39.738007

 141.686356 13.730229 41.621468

 132.527054 13.615561 47.506012

 126.989937 13.615561 48.870392

 -116.637344 14.222963 47.456059

 -2.539972 3.624215 56.917789

 -108.869339 14.455944 55.284859

 -2.539972 4.098151 58.476868

 -94.270264 14.455944 64.119781

 -100.109833 13.616839 62.504868

 170.062851 13.615561 68.099335

 162.711258 13.615561 66.939873

 154.684586 13.616839 66.939873

 147.662354 14.455944 67.830772

 -79.271378 14.222963 71.619217

 -85.110947 14.455944 70.004311

 138.470963 14.455944 73.719635

 132.449890 14.222963 74.464554

 126.731285 13.615561 73.970146

 -49.317429 13.615553 78.921692

 -55.331772 13.616839 78.448212

 -62.799080 13.616839 78.452530

 -69.821320 14.222963 77.561630

 170.353607 13.615561 92.234070

 164.184677 13.615561 94.117523

 -10.039413 13.546286 92.288536

 -41.893478 13.616839 92.150238

 155.025360 13.615561 100.002075

 149.185791 13.616839 101.616974

 -10.039413 12.724133 98.100510

 141.286560 14.222963 107.780922

 -34.394035 13.615561 107.149109

 134.186890 13.615561 114.721741

 49.956081 12.086117 114.786812

 -2.539976 -3.973303 114.786812

 140.026505 14.455944 120.384727

 134.683685 14.455944 119.244255

 49.956081 11.538408 120.598824

 -2.539976 -3.841317 120.598824

 -34.125481 14.222963 120.407745

 149.054565 14.222963 127.934128

 -41.774189 14.222963 126.269264

 -47.613758 14.222963 127.884171

 42.456642 13.616808 137.285141

 -56.373276 13.615561 135.104202

 42.456642 14.459267 143.097137

 -64.013870 13.616839 141.214569

 -70.330643 13.616839 141.938583

 -77.534348 13.616839 141.917648

 -85.297394 14.455944 141.934265

 -92.319611 14.455944 142.825150

 57.455528 13.615530 152.284012

 -101.511063 14.455944 148.714020

 -107.827850 13.616839 149.438019

 -115.295135 14.222963 149.433701

 -122.317368 14.455944 150.324615

 147.855286 14.222963 159.729034

 141.686356 14.222963 161.612488

 57.455528 14.459267 158.096054

 -131.767456 13.616839 156.267014

 -137.936386 13.616839 158.150482

 134.037643 14.455944 167.473999

 109.951584 13.615561 167.282898

 109.951584 14.222963 173.094894

 -101.511047 14.455944 176.664902

 -107.532104 14.222963 175.919998

 -113.553146 14.222963 176.664902

 134.037643 14.222963 180.403244

 -86.770828 14.455944 184.110794

 -92.610397 14.455944 182.495880

 -122.744583 13.616839 182.553757

 -130.030426 14.222963 183.428055

 -137.645630 14.222963 182.285187

 141.555115 14.222963 187.929596

 78.475449 14.222963 191.663803

 72.158661 14.455944 190.939804

 64.954964 14.222963 190.960724

 57.455524 14.455944 190.960724

 49.956085 13.616839 190.960724

 42.456650 14.455944 190.960724

 35.252945 13.615561 190.939804

 29.238592 13.615561 191.413284

 -64.013855 14.222963 191.663803

 -70.594254 13.615561 190.923187

 -77.320755 14.222963 190.053192

 86.116028 13.615561 197.774155

 -41.515553 14.222963 199.163223

 -48.095943 14.455944 198.422623

 -54.822437 14.222963 197.552628

 100.715118 13.616839 206.609100

 94.875549 13.615561 204.994202

 21.564135 13.615561 204.944229

 -33.874966 14.455944 205.273590

 115.713989 13.616839 214.108521

 109.874420 14.222963 212.493637

 12.245300 13.615561 212.551514

 5.223076 14.222963 213.442429

 -2.539972 14.455944 213.459030

 -10.039410 13.615561 213.459015

 -17.802456 13.615561 213.442413

 -24.824688 13.615561 212.551514

 140.065094 14.455944 219.782379

 132.449890 14.222963 220.925232

 125.164078 14.455944 220.050949

 120.495285 14.222963 217.041855

 144.546188 14.222963 215.301270

 -29.795891 14.222963 209.291885

 17.216499 13.615561 209.291885

 105.496429 13.615561 209.542389

 145.705658 14.455944 207.949692

 -37.322250 14.222963 201.774399

 24.765888 14.455944 200.263840

 90.195114 13.615561 201.792450

 145.705658 14.222963 199.923050

 -59.491199 14.455944 194.543518

 26.130270 14.455944 194.726685

 82.668747 13.615561 194.274979

 144.814758 14.222963 192.900818

 -81.989517 14.455944 187.044083

 137.536850 14.222963 183.850525

 -142.126740 14.222963 177.804092

 -118.075821 14.455944 179.544632

 -96.988388 14.455944 179.544632

 131.447403 14.222963 176.505692

 -143.269592 13.615561 170.188889

 107.045593 14.222963 170.188889

 112.857574 14.222963 170.188889

 131.447403 13.615561 171.371552

 -142.126724 13.616839 162.573715

 137.234390 14.222963 164.277206

 -126.986130 14.222963 153.333710

 54.549530 14.226286 155.190033

 60.361534 14.450184 155.190033

 152.045609 14.455944 155.305801

 -96.988388 14.222963 145.834274

 153.205093 14.222963 147.954208

 -59.820564 13.615561 138.603378

 39.550648 14.459267 140.191147

 45.362637 14.217203 140.191147

 153.205093 14.455944 139.927536

 -52.294197 13.615561 131.085922

 152.314178 14.455944 132.905319

 -37.322250 14.455944 123.604515

 144.706909 14.455944 123.586472

 -31.535221 14.455944 116.510185

 -5.445976 -3.243568 117.692818

 0.366025 -4.338071 117.692818

 47.050095 12.796659 117.692818

 52.862068 10.594881 117.692818

 132.264420 14.222963 117.358131

 -31.535221 14.222963 111.376045

 137.536850 13.615561 111.530624

 -37.345276 14.222963 102.771118

 144.733856 14.455944 104.281723

 -38.960171 14.222963 96.931549

 -12.945414 13.313305 95.194527

 -7.133411 12.724133 95.194534

 159.403366 13.616839 97.050842

 -44.844719 14.455944 87.772232

 174.543945 14.222963 87.810844

 -46.209099 13.615553 82.235100

 175.686798 14.222963 80.195641

 -74.490082 13.616839 74.552505

 123.407166 13.595337 70.812401

 142.993591 13.615561 70.839882

 174.543945 13.615561 72.580444

 -89.488953 14.222963 67.053078

 122.933685 13.828318 64.798065

 -104.790253 13.615561 59.303123

 -3.319508 3.776928 57.697330

 -1.760437 3.945437 57.697330

 123.203033 14.455944 57.993061

 -112.619064 14.222963 51.535137

 123.676521 13.615561 51.978714

 -119.896957 14.455944 42.484856

 136.905045 13.616839 44.554779

 -120.771255 14.222963 35.199024

 152.045609 14.460164 35.314777

 -119.896957 14.455944 27.913193

 153.188461 14.456496 27.699581

 -114.008102 14.455944 18.721764

 49.176552 3.974614 20.200142

 50.735615 3.741633 20.200142

 106.907318 13.615561 18.343834

 120.495293 13.615561 18.343834

 152.045609 13.732297 20.084381

 -113.284119 14.222963 12.404987

 -48.316139 14.064062 12.700714

 -46.757065 13.613950 12.700714

 92.237793 13.616839 11.112949

 -113.288437 14.455944 4.937675

 11.679367 13.634676 5.201279

 13.238435 13.300056 5.201279

 85.040787 13.615561 3.864025

 -112.397522 14.222963 -2.084549

 78.930420 13.615561 -3.776543

 -105.119629 13.616839 -11.134827

 78.206406 14.455944 -10.093330

 -98.955673 14.222963 -19.034058

 -34.014652 14.455944 -18.976440

 -31.060799 14.455944 -18.976440

 78.210739 14.222963 -17.560654

 -97.340775 14.222963 -24.873627

 -34.014652 14.455944 -23.117065

 -31.060799 14.455944 -23.117065

 77.319817 13.615561 -24.582878

 -90.120758 14.222963 -33.633156

 71.430977 13.616839 -33.774307

 -84.031296 14.455944 -40.978012

 -50.280529 1.020856 -39.795364

 -44.792683 1.253836 -39.795364

 70.706978 14.222963 -40.091095

 -83.780777 14.222963 -45.809708

 70.727898 14.455944 -47.294800

 -96.988388 13.616839 -52.937927

 3.720406 8.544189 -54.794243

 6.198524 12.516869 -54.794243

 70.711296 14.222963 -55.057846

 -112.289703 14.222963 -60.687874

 69.551826 13.616839 -62.409439

 -119.816071 13.615561 -68.205353

 39.412369 13.616839 -71.649429

 -134.627274 14.222963 -77.176788

 -80.249268 13.616839 -78.880310

 -37.322250 13.615561 -78.880310

 16.914059 13.616839 -79.148865

 -135.770142 14.222963 -84.791992

 -87.775635 13.615561 -86.397781

 -31.514297 13.615561 -86.270370

 3.706450 14.455944 -86.277084

 -134.627274 13.615561 -92.407196

 -110.576385 13.616839 -94.147736

 -30.773693 14.222963 -92.850769

 3.706447 13.615561 -90.806335

 -29.903717 13.615561 -99.577240

 24.555212 14.222963 -99.675110

 -22.625813 13.616839 -108.627533

 25.698061 14.455944 -107.290314

 -14.797009 13.616839 -116.395523

 24.555212 13.615561 -116.626709

 -26.677853 10.811659 209.923569

 -21.552177 10.811659 211.342163

 135.903915 10.811659 76.543869

 128.995911 10.811659 76.543869

 -74.967285 10.811659 70.682091

 -71.674484 10.578678 74.933678

 136.463242 10.811659 218.841599

 141.918243 10.578678 217.154434

 122.685822 10.578678 74.960831

 128.436569 10.578678 218.841599

 39.889584 10.578678 -67.778992

 36.596779 10.578678 -72.030594

 76.127090 10.811659 -13.547318

 76.110481 10.578678 -21.310371

 123.310898 10.578678 217.423004

 120.018082 10.811659 213.171432

 46.628227 9.004977 121.020683

 46.628227 9.292620 114.364960

 141.588898 10.578678 122.954781

 136.753998 10.578678 121.594063

 53.283928 6.797637 114.364960

 53.283928 6.581978 121.020683

 130.379578 10.811659 120.181358

 -37.470097 10.578678 -75.278427

 -44.082611 12.711515 -74.565079

 143.605423 10.811659 211.699417

 149.417679 13.103821 37.167942

 151.104843 13.001246 31.712906

 -51.286320 13.626921 -75.631866

 -94.770721 10.578678 -26.436028

 -96.131439 10.811659 -21.601120

 -30.273098 10.578678 205.421448

 -117.269012 10.578678 26.060020

 -118.687622 10.811659 31.185699

 -58.785763 12.944496 -74.585999

 134.418808 10.578678 164.658386

 137.382263 10.578678 160.675354

 -66.285202 10.811659 -73.465820

 -73.488907 10.578678 -73.444885

 -133.686508 10.578678 -80.778656

 -131.999344 10.811659 -75.323624

 -80.101410 10.811659 -75.278427

 -127.463364 10.578678 157.204132

 -134.334534 10.811659 159.091278

 -139.498779 10.578678 160.720551

 14.098464 10.578678 209.923569

 17.693710 10.578678 205.421448

 105.019211 10.811659 205.671951

 108.312012 10.811659 209.923569

 130.585022 10.811659 114.869583

 -124.170547 10.578678 152.952545

 -36.364460 10.578678 -21.046753

 -35.026260 10.578678 -26.866791

 -30.049191 10.578678 -26.866791

 -28.710991 10.578678 -21.046753

 144.253433 13.170394 38.797230

 -126.835068 10.811659 -73.694336

 -119.963913 10.578678 -71.807220

 137.382263 13.103821 40.684345

 -83.064865 10.578678 -79.261475

 130.435791 10.811659 167.621826

 -34.506653 10.578678 -79.261475

 143.622055 10.578678 203.936356

 -37.470097 10.811659 198.172531

 -34.506653 10.811659 202.155579

 106.623734 10.811659 166.861038

 113.279419 10.811659 166.861038

 0.787886 -1.125022 121.020683

 -5.867832 0.118823 121.020683

 -51.582050 10.517988 76.347984

 -45.271976 10.623636 77.931007

 -58.785763 10.811659 76.368912

 66.923882 10.811659 -64.262596

 61.468845 10.578678 -65.949768

 -66.548813 10.578678 76.352303

 120.898911 10.421770 68.509583

 17.391270 10.578678 -75.278427

 14.098464 10.578678 -79.530029

 53.705807 10.578678 -65.966370

 145.809189 10.811659 70.458717

 142.516403 10.578678 74.710320

 -30.523613 10.810741 107.626328

 -28.710991 10.512060 113.943108

 46.502094 10.811659 -65.945450

 -30.523613 10.810741 120.259895

 -34.506653 10.578678 123.223343

 22.195820 10.578678 201.826218

 23.556553 10.811659 196.991302

 89.717896 10.811659 197.922012

 93.313141 10.578678 202.424133

 -30.049191 10.811659 -15.226723

 -35.026260 10.811659 -15.226723

 74.691872 10.578678 -26.436050

 173.603165 10.578678 76.182320

 171.916000 10.578678 70.727272

 -133.686508 10.578678 -88.805328

 -87.002731 10.811659 -34.264847

 -90.268616 10.811659 -30.031281

 149.686234 10.578678 131.052155

 145.184143 10.811659 127.456902

 143.605423 10.578678 196.173325

 -89.966171 10.578678 63.182655

 -86.673355 10.578678 67.434242

 -87.298416 10.811659 -82.527359

 -90.893661 10.578678 -87.029480

 -59.968410 10.578678 190.673096

 -56.675602 10.578678 194.924698

 -28.690067 10.578678 -88.837433

 -30.523613 10.811659 -82.224915

 -98.018555 10.578678 -14.729965

 -102.001587 10.578678 -11.766518

 54.127666 10.813324 158.517899

 54.127666 10.565054 151.862167

 60.783386 10.278677 151.862167

 60.783386 10.813324 158.517899

 2.694839 10.811659 -82.527359

 1.132730 10.811659 -88.541718

 151.104843 13.103824 23.686249

 -111.183868 10.811659 16.154701

 -113.017426 10.578678 22.767212

 25.193146 10.578678 190.422577

 134.418808 10.811659 112.162315

 137.684708 10.811659 107.928764

 -117.000458 10.578678 -67.824188

 -112.766907 10.578678 -64.558289

 82.520905 10.578678 190.673096

 85.484344 10.811659 194.656128

 -131.999344 10.811659 -94.260345

 149.417679 10.578678 157.158951

 151.104843 10.811659 151.703918

 -110.099167 13.596845 -90.277313

 -113.391983 10.811659 -94.528900

 129.254562 10.578678 46.296669

 134.089447 11.040373 44.935944

 -28.694378 10.811659 -96.304749

 122.685822 10.811659 47.933270

 70.440285 10.811659 -29.728851

 68.606735 10.578678 -36.341370

 142.186813 10.811659 191.047638

 -94.172791 10.811659 145.453094

 -97.465607 10.578678 149.704697

 2.694838 10.578678 -94.556046

 -36.135937 10.578678 99.498611

 -34.775211 10.578678 104.333527

 113.279419 10.811659 173.516754

 106.623734 10.578678 173.516754

 -37.470097 10.578678 127.206383

 -44.341259 10.578678 129.093506

 -49.176167 10.578678 130.454224

 -82.466721 10.578678 183.173660

 -79.173920 10.578678 187.425232

 -81.207062 10.578678 -43.545082

 -83.019684 10.578678 -37.228294

 -105.267487 10.811659 -7.532959

 -109.769577 10.578678 -3.937714

 121.123718 10.811659 61.447052

 81.922745 10.811659 3.232346

 77.939720 10.578678 0.268902

 47.691456 5.336440 22.464767

 47.691456 5.338012 17.935516

 3.162280 6.885881 -56.591423

 6.756649 9.442078 -56.591423

 52.220707 5.338012 17.935516

 52.220707 5.570992 22.464767

 -51.368305 2.823693 -35.963654

 -51.368305 3.056674 -43.627068

 -43.704899 2.823693 -43.627068

 -43.704899 2.823693 -35.963654

 -27.275772 10.811659 -101.430420

 -105.267487 10.578678 55.432701

 -101.672241 10.811659 59.934811

 166.751740 10.578678 91.293289

 171.916000 10.811659 89.664009

 159.880569 10.578678 93.180412

 107.384521 10.811659 22.214256

 104.091705 10.578678 17.962658

 10.194275 9.693630 2.936653

 14.723527 9.289311 2.936653

 123.310898 10.811659 17.962658

 120.018082 10.578678 22.214256

 21.927263 10.578678 -97.821930

 23.614431 10.578678 -103.276978

 149.417679 13.103819 18.231216

 -111.204803 10.578678 8.951004

 -104.336761 7.950984 -58.695465

 -97.465607 10.811659 -56.808350

 -109.171661 7.950984 -60.056183

 -104.078125 10.578678 173.840683

 -97.465591 10.811659 175.674210

 68.627663 10.811659 -43.545082

 39.128788 10.805330 136.863297

 45.784496 10.278677 136.863297

 -110.986084 10.578678 173.840683

 -4.804600 3.855301 59.961956

 -4.804600 2.820426 55.432701

 21.927263 10.578678 -120.201111

 16.472227 10.811659 -123.410202

 -117.598618 10.578678 175.674210

 -0.275346 4.073379 55.432701

 -0.275346 4.867102 59.961956

 141.918243 10.811659 104.662872

 144.881699 10.578678 100.679848

 8.709183 10.811659 -123.426804

 1.209748 10.811659 -121.904877

 -6.553299 10.811659 -118.445816

 -49.801231 10.015856 14.965336

 -49.801231 10.416483 10.436089

 -117.269012 10.578678 44.338024

 -112.766907 10.578678 47.933270

 -11.678978 10.578678 -117.027222

 -45.271976 10.412712 10.436089

 -45.271976 9.647381 14.965336

 89.422195 10.578678 10.731773

 85.188644 10.578678 7.465893

 151.121445 10.811659 143.940872

 137.684708 10.811659 187.452393

 134.418808 10.578678 183.218826

 130.435791 10.578678 180.255402

 -82.769165 10.811659 -49.559433

 -19.507778 10.811659 -109.259216

 -22.773663 10.578678 -105.025665

 -38.023052 10.578678 92.627464

 -13.367271 10.054430 91.866676

 -6.711552 9.231150 91.866676

 -57.004963 10.578678 138.222229

 -59.968418 10.811659 142.205246

 -52.771412 10.811659 134.956329

 -141.185944 10.811659 174.202209

 -139.498779 10.811659 179.657242

 -13.367271 9.231150 98.522369

 6.756649 10.296721 -52.997055

 3.162280 9.057313 -52.997055

 -6.711552 8.353271 98.522369

 23.614431 10.578678 -111.303619

 -120.891418 10.811659 179.925812

 -42.274651 10.578678 89.334641

 -94.172806 10.811659 179.925812

 121.102798 10.578678 54.243347

 14.723527 9.867105 7.465904

 10.194275 10.315754 7.465904

 92.385651 10.811659 14.714817

 -109.501038 10.578678 52.166821

 -111.188187 10.578678 1.187958

 151.752869 10.578678 98.792732

 156.587753 10.578678 97.431999

 39.128788 10.580343 143.518997

 45.784496 10.565054 143.518997

 -89.337891 10.578678 -51.196014

 -94.172806 10.578678 -52.556755

 68.627663 10.811659 -51.044518

 -15.274221 10.578678 -112.525116

 143.962662 13.103822 16.544052

 136.199615 13.001244 16.527443

 128.436569 10.578678 16.544052

 -89.337891 10.811659 181.286545

 99.256790 10.578678 16.601929

 -126.017090 10.811659 181.344437

 -134.043747 10.811659 181.344437

 151.104843 10.578678 136.177811

 -66.580933 10.578678 144.038803

 -43.635376 10.811659 84.499741

 -73.784622 10.578678 144.017914

 128.623154 10.811659 173.938614

 -81.284073 10.578678 144.017914

 -89.047119 10.811659 144.034515

 -141.185944 10.578678 166.175583

 75.908379 10.578678 188.839569

 68.704681 10.811659 188.860489

 61.205238 10.811659 188.860489

 53.705807 10.578678 188.860489

 46.206367 10.811659 188.860489

 38.706928 10.811659 188.860489

 -118.687622 10.578678 39.212349

 31.503227 10.811659 188.839569

 68.611053 10.811659 -58.807571

 16.472221 10.578678 -96.134766

 9.004911 10.811659 -96.139084

 113.701309 10.578678 24.026878

 -118.517654 10.578678 -95.947510

 -66.580933 10.578678 188.839569

 -96.837326 10.578678 61.295551

 -126.544312 10.811659 -95.947510

 -74.048248 10.811659 188.843887

 173.603165 10.811659 84.208969

 76.106163 10.578678 -6.343613

 166.460968 10.811659 69.040108

 158.697922 10.578678 69.023506

 150.934875 10.578678 69.040108

 -96.019348 13.595567 -88.448090

 -104.078125 10.578678 151.538239

 -103.486664 13.595567 -88.443756

 -111.281815 10.578678 151.517349

 -119.044861 10.578678 151.533936

 -44.082611 10.578678 196.338974

 -51.549931 10.811659 196.343292

 144.253433 10.578678 158.788254

 9.263555 10.578678 -80.890762

 98.148071 10.578678 203.784882

 -81.838440 10.578678 68.794975

 -5.867832 -0.506958 114.364960

 0.787886 -1.591162 114.364960

 113.146927 10.811659 211.284317

 8.972792 10.811659 211.342163

 1.209748 10.578678 211.358765

 31.471107 10.811659 -73.449203

 -6.289692 10.811659 211.358765

 24.003782 10.578678 -73.444885

 -13.789127 10.811659 211.358765

 -10.039413 13.313305 92.288536

 -12.945414 13.546286 95.194527

 -12.945414 12.921791 98.100510

 101.388763 3.416854 48.778477

 94.905640 3.341809 48.659977

 87.836365 3.574790 48.659977

 81.344910 3.649579 48.778477

 101.503021 2.855567 54.889400

 94.898651 2.369327 54.954422

 87.893173 2.369136 54.954422

 81.263870 2.852813 54.889400

 101.503021 3.088547 61.926769

 94.898651 2.369327 61.959888

 87.893173 2.367675 61.959888

 81.263870 3.078566 61.926769

 108.458405 3.371825 69.566010

 101.945175 2.572056 68.964386

 94.898651 1.426398 68.965355

 87.893173 2.130654 68.965355

 81.263870 2.852813 68.964127

 108.540390 2.855567 76.001495

 101.904114 1.897862 75.970825

 94.898651 1.426398 75.970825

 87.893173 2.130629 75.970825

 81.263870 3.086300 76.001495

 108.540390 2.855567 83.038879

 101.904114 2.600461 82.976295

 94.898651 2.331967 82.976295

 87.857681 2.710933 83.026360

 81.353775 3.297915 82.506569

 108.468674 3.415009 89.146568

 101.974899 3.528767 89.265877

 94.905640 3.048839 89.265877

 88.424820 2.722384 89.146568

 84.899048 2.862052 86.051842

 91.383453 2.804245 86.121086

 98.420822 2.809545 86.121086

 105.458191 2.853723 86.121086

 111.550873 3.416854 86.064354

 78.262695 3.405002 78.984444

 84.354950 2.979212 79.523628

 91.395920 1.862348 79.473557

 98.401382 2.128996 79.473557

 105.406845 2.369327 79.473557

 111.673935 3.574790 79.566826

 78.137299 3.570189 72.497551

 84.390442 2.601906 72.468094

 91.395920 1.659379 72.468094

 98.401382 1.426398 72.468094

 105.447922 2.810542 72.467117

 111.550873 3.416854 73.100388

 78.137299 3.563897 65.428276

 84.390442 2.600464 65.462616

 91.395920 2.130843 65.462616

 98.401382 1.897862 65.462616

 105.046829 3.296779 65.428528

 78.137299 3.563897 58.359009

 84.390442 2.600464 58.457161

 91.395920 2.602307 58.457161

 98.401382 2.369327 58.457161

 104.604660 3.341809 58.359009

 78.262695 3.414035 51.860676

 84.346085 2.855376 51.807198

 91.383453 3.088547 51.807198

 98.420822 2.855567 51.807198

 104.470963 3.649834 51.860676

 101.445892 3.369191 51.833935

 94.902145 2.855567 51.807198

 87.864761 3.088452 51.807198

 81.304382 3.367688 51.833935

 101.503021 3.088547 58.408085

 94.898651 2.602307 58.457161

 87.893173 2.368405 58.457161

 81.263870 3.082181 58.408085

 101.724091 2.830302 65.445580

 94.898651 1.897862 65.462616

 87.893173 2.132670 65.462616

 81.263870 2.849200 65.445450

 108.499390 3.113696 72.783760

 101.924652 2.351449 72.467598

 94.898651 1.659379 72.468094

 87.893173 2.130642 72.468094

 81.263870 3.086049 72.482811

 108.540390 3.088547 79.520195

 101.904114 2.365651 79.473557

 94.898651 1.879180 79.473557

 87.875443 2.304290 79.498596

 81.308838 3.308596 79.254028

 108.504532 3.368268 86.092728

 101.939499 2.831634 86.121086

 94.902145 2.923384 86.121086

 88.141251 2.949639 86.086464

 -10.039413 12.902227 95.194527

 -10.039413 12.491152 98.100510

 57.455528 14.454721 155.190033

 42.456642 14.221741 140.191147

 49.956081 11.928753 117.692818

 -2.539976 -3.790821 117.692818

 -2.539972 3.744693 57.697330

 12.458899 13.350876 5.201279

 49.956081 3.974614 20.200142

 -47.536606 1.253836 -39.795364

 139.210144 10.578678 75.627090

 -17.670654 10.811659 211.350494

 20.697529 10.811659 -74.361664

 0.787886 -1.591072 117.692818

 -10.039410 10.811659 211.358765

 27.737446 10.811659 -73.447052

 -5.867832 -0.310557 117.692818

 -2.539972 10.578678 211.358765

 34.033939 10.811659 -72.739899

 5.091272 10.811659 211.350494

 11.535628 10.811659 210.632874

 -29.617298 10.777893 117.101509

 110.729477 10.578678 210.603943

 116.582504 10.578678 212.227859

 173.603165 10.578678 80.195641

 -2.539974 -1.165553 114.364960

 -32.389874 10.811659 203.788498

 -29.380093 10.578678 -18.136734

 -35.695362 10.811659 -18.136734

 -84.255905 10.811659 68.114616

 57.455524 10.813324 158.517899

 -92.519669 10.811659 -28.233658

 -78.402863 10.811659 69.738541

 49.956081 8.045127 114.364960

 -85.181641 10.578678 -80.894409

 143.386505 10.578678 125.205841

 -32.515133 10.811659 -80.743195

 19.944767 10.811659 203.623825

 -118.482193 10.578678 -69.815704

 95.730606 10.578678 203.104507

 -115.143234 10.811659 24.413616

 101.583633 10.578678 204.728409

 -97.074997 10.578678 -18.165543

 76.116631 10.578678 -9.945465

 -32.537724 10.811659 -26.866791

 5.979197 10.811659 -81.709061

 11.681007 10.811659 -80.210388

 140.817841 10.578678 159.731812

 146.835541 10.811659 157.973602

 -54.112766 10.811659 195.634003

 -47.816273 10.578678 196.341125

 132.501923 10.578678 113.515953

 67.767464 10.811659 -61.535080

 -40.776356 10.811659 197.255753

 -140.342361 10.811659 163.448074

 -118.687622 10.578678 35.199024

 135.735855 12.256395 42.810146

 -121.607697 10.578678 152.243256

 -115.163330 10.811659 151.525635

 -106.792908 13.596845 -89.360535

 -107.679977 10.578678 151.527786

 -99.753006 13.596845 -88.445923

 129.529465 10.811659 170.780228

 -100.771866 10.811659 150.621475

 -93.456512 10.811659 -87.738770

 72.566078 10.811659 -28.082451

 113.279419 10.578678 170.188889

 87.601120 10.578678 196.289062

 106.623734 10.578678 170.188889

 -44.453674 10.484667 81.215378

 -32.649414 10.811199 105.979927

 -85.011200 10.578678 -35.746567

 -35.988377 10.811659 125.214867

 148.372040 10.578678 69.749413

 49.956081 5.570208 22.464767

 154.816391 10.578678 69.031815

 162.579453 10.578678 69.031815

 169.188477 10.578678 69.883690

 -103.634537 10.578678 -9.649734

 -47.536606 2.823693 -35.963654

 77.022949 10.578678 -3.037354

 172.759583 10.811659 86.936493

 -76.611084 10.811659 188.134567

 -129.271820 10.811659 -95.103943

 -99.254791 10.811659 60.615181

 -70.314590 10.578678 188.841721

 -122.530975 10.811659 -95.947510

 150.395538 10.811659 133.614990

 110.542908 10.578678 23.120567

 -93.401749 10.811659 62.239109

 -63.274662 10.578678 189.756348

 -115.954803 10.811659 -95.238205

 116.859695 10.578678 23.120567

 -110.969299 7.950984 -62.307251

 57.455524 10.421864 151.862167

 5.849874 10.811659 -95.347565

 12.738566 10.578678 -96.136932

 19.199745 10.811659 -96.978363

 139.801468 10.578678 106.295830

 -2.539972 4.361203 59.961956

 28.348185 10.811659 189.631088

 68.619362 10.578678 -54.926041

 35.105076 10.578678 188.850037

 -47.536606 9.948111 14.965336

 -117.978317 10.811659 41.775181

 42.456650 10.578678 188.860489

 49.956081 10.578678 188.860489

 57.455524 10.811659 188.860489

 64.954964 10.578678 188.860489

 121.894302 10.578678 51.088306

 72.306534 10.578678 188.850037

 79.214645 10.811659 189.756348

 -141.185944 10.811659 170.188889

 -25.024715 10.578678 -103.228027

 7.217303 10.430912 -54.794235

 -110.478882 10.811659 -1.374878

 2.701626 8.308622 -54.794235

 83.555695 10.578678 5.349121

 -91.609955 10.578678 144.743820

 -47.536606 2.823693 -43.627068

 -85.165588 10.578678 144.026199

 -77.534348 10.578678 144.017914

 -10.039413 8.908702 98.522369

 129.529465 10.578678 177.097015

 -70.182785 10.578678 144.028366

 -42.955009 10.578678 86.917183

 -63.274677 10.811659 143.122025

 -50.973789 10.578678 132.705276

 49.956081 5.570992 17.935516

 139.935760 10.811659 189.250015

 -136.771271 10.578678 180.500824

 14.723527 9.694698 5.201279

 151.113159 10.811659 140.059341

 -130.030426 10.811659 181.344437

 10.194275 9.771711 5.201279

 95.821228 10.578678 15.658375

 -107.384247 10.811659 53.799763

 -123.454254 10.578678 180.635101

 101.674255 10.811659 17.282295

 -91.755341 10.578678 180.606186

 -95.819199 10.811659 -54.682549

 125.873734 10.811659 17.253357

 158.234161 10.578678 95.306213

 -85.902313 10.578678 182.230118

 132.318085 11.729379 16.535751

 140.081146 13.172123 16.535751

 22.770849 10.811659 -115.752380

 146.690170 13.216447 17.387634

 -17.390999 10.811659 -110.892181

 42.456642 10.572697 143.518997

 -13.476599 10.578678 -114.776169

 68.627663 10.578678 -47.294800

 -91.755341 10.811659 -51.876389

 -86.053528 10.578678 -50.377724

 45.784496 10.421864 140.191147

 148.317276 10.811659 99.736298

 39.128788 10.809326 140.191147

 -47.536606 10.531088 10.436089

 -2.539972 3.446902 55.432701

 154.170319 10.578678 98.112366

 -111.196503 10.811659 5.069481

 -111.133957 10.578678 50.050049

 90.903915 10.811659 12.723297

 12.458899 9.974939 7.465904

 121.113251 10.578678 57.845200

 -95.819199 10.578678 177.800018

 -40.148849 10.578678 90.981041

 -119.245026 10.811659 177.800018

 23.614431 10.578678 -107.290314

 -6.711552 8.675721 95.194527

 4.959464 9.593801 -52.536404

 -13.367271 9.642790 95.194527

 -140.342361 10.578678 176.929733

 -54.888203 10.811659 136.589294

 -58.486698 10.578678 140.213730

 -10.039413 9.642786 91.866676

 -37.079494 10.578678 96.063034

 -21.140720 10.811659 -107.142441

 -81.988113 10.578678 -46.552254

 132.427292 10.811659 181.737122

 136.051758 10.578678 185.335617

 151.113159 10.578678 147.822403

 87.305420 10.811659 9.098835

 -45.271976 10.030048 12.700714

 -9.116138 10.578678 -117.736511

 -115.017960 10.578678 46.135651

 -49.801231 10.449150 12.700714

 -2.671776 10.811659 -120.175354

 4.959466 10.578678 -122.665833

 12.590703 10.578678 -123.418488

 143.399979 10.811659 102.671371

 -0.275346 4.586730 57.697330

 -114.292358 10.811659 174.757446

 19.199745 10.578678 -121.805634

 -4.804600 3.221374 57.697330

 -107.532104 10.811659 173.840683

 42.456642 10.425512 136.863297

 68.617195 10.811659 -39.943222

 -100.771866 10.811659 174.757446

 -106.754211 7.950984 -59.375824

 -100.901184 7.718003 -57.751907

 -111.194351 10.578678 12.552853

 150.261261 12.983467 20.958733

 22.770849 10.578678 -100.549438

 121.664490 10.578678 20.088455

 12.458899 9.258492 2.936653

 105.738113 10.578678 20.088455

 163.316162 10.811659 92.236847

 169.333862 10.578678 90.478645

 -103.469849 10.578678 57.683754

 -27.985077 10.578678 -98.867584

 -43.704899 2.823693 -39.795364

 -51.368305 2.823693 -39.795364

 52.220707 5.570992 20.200142

 4.959464 7.269621 -57.052082

 47.691456 5.337228 20.200142

 79.931229 10.578678 1.750626

 121.011322 10.500223 64.978317

 -107.518539 10.578678 -5.735336

 -82.113373 10.578678 -40.386688

 -80.820328 10.578678 185.299469

 -46.758713 10.811659 129.773880

 -40.905678 10.811659 128.149948

 109.951584 10.578678 173.516754

 -35.455574 10.811659 101.916069

 1.913782 10.811659 -91.548874

 -95.819199 10.811659 147.578903

 142.896088 10.578678 193.610489

 69.523514 10.811659 -33.035110

 125.970200 10.578678 47.114971

 -28.692223 10.811659 -92.571091

 131.671982 10.811659 45.616306

 -111.745560 13.596845 -92.403107

 150.261261 10.578678 154.431442

 -132.842926 10.811659 -91.532837

 84.002625 10.578678 192.664627

 -114.883698 10.578678 -66.191254

 136.051758 10.811659 110.045532

 24.374849 10.811659 193.706955

 -112.100647 10.811659 19.460957

 151.104843 13.177279 27.699581

 1.913782 10.578678 -85.534546

 60.783386 10.429506 155.190033

 54.127666 10.572697 155.190033

 -100.010071 10.578678 -13.248238

 -29.606838 10.578678 -85.531189

 -58.322010 10.811659 192.798889

 -89.096039 10.578678 -84.778412

 -88.319763 10.811659 65.308456

 143.613724 10.578678 200.054855

 147.435181 10.811659 129.254532

 -88.635666 10.578678 -32.148064

 -133.686508 10.811659 -84.791992

 172.759583 10.811659 73.454796

 75.401176 10.811659 -23.873207

 -32.537724 10.811659 -15.226723

 91.515518 10.811659 200.173080

 22.876186 10.578678 199.408768

 43.195839 10.811659 -66.862213

 -32.515133 10.811199 121.741623

 50.103951 10.811659 -65.955917

 -29.617298 10.777893 110.784721

 144.162796 10.811659 72.584518

 -69.111649 10.578678 75.642990

 57.587322 10.811659 -65.958069

 15.744866 10.811659 -77.404236

 121.792374 10.733204 71.735207

 -62.667286 10.578678 76.360596

 64.196358 10.811659 -65.106186

 -55.183910 10.781319 76.358437

 -48.427013 10.454321 77.139496

 -2.539974 -0.503099 121.020683

 109.951584 10.811659 166.861038

 -35.988377 10.578678 200.164047

 143.613724 10.811659 207.817886

 -35.988377 10.578678 -77.269958

 132.427292 10.578678 166.140121

 -129.417191 10.578678 -74.508972

 -81.583145 10.578678 -77.269958

 140.817841 13.116240 39.740791

 -123.399506 10.811659 -72.750793

 146.835541 12.966181 37.982586

 49.956081 7.909966 121.020683

 -29.380093 10.578678 -23.956772

 -35.695362 10.811659 -23.956772

 -125.816956 10.578678 155.078354

 130.482285 10.811659 117.525482

 106.665619 10.578678 207.797760

 15.896085 10.578678 207.672501

 -136.916656 10.811659 159.905899

 -130.898926 10.811659 158.147705

 -76.795151 10.578678 -74.361664

 -132.842926 10.811659 -78.051147

 -69.887039 10.578678 -73.455353

 -62.535480 11.878077 -74.025909

 135.900543 10.578678 162.666855

 -55.036045 13.285707 -75.108948

 -117.978317 10.578678 28.622860

 -28.475475 10.811659 207.672501

 -95.451080 10.578678 -24.018570

 -47.684464 13.609140 -75.098480

 150.261261 13.152045 34.440426

 142.761826 10.811659 214.426941

 -40.776356 11.645096 -74.921753

 133.566803 10.811659 120.887726

 53.283928 6.806298 117.692818

 139.171448 10.811659 122.274429

 46.628227 9.148797 117.692818

 121.664490 10.578678 215.297195

 125.873734 10.811659 218.132294

 76.118790 10.811659 -17.428848

 38.243179 10.811659 -69.904785

 132.449890 10.811659 218.841599

 125.840881 10.811659 75.752350

 139.190750 10.578678 217.998016

 -73.320877 10.578678 72.807884

 132.449890 10.578678 76.543869

 -24.115017 10.578678 210.632874

 18.597555 7.167374 -115.530655

 12.458899 7.167374 -116.183289

 4.959463 6.934394 -115.802811

 -2.539972 7.167374 -114.561707

 -9.222940 6.934394 -113.428955

 18.869713 7.167374 -107.290314

 -2.539972 7.167374 -107.290314

 -10.039412 6.934394 -107.290314

 -16.722378 7.167374 -106.473831

 18.597555 7.167374 -101.151642

 12.458899 6.934394 -100.879486

 4.959463 7.167374 -100.335175

 -2.539972 6.934394 -99.790863

 -10.039412 6.934394 -99.790863

 -17.538849 7.167374 -99.790863

 -23.677502 6.934394 -98.974396

 -3.084284 7.167374 -92.291428

 -10.039412 7.167374 -92.291428

 -17.538849 7.167374 -92.291428

 -23.949661 7.167374 -92.291428

 -115.848007 7.167374 -90.930634

 -122.530975 6.934394 -91.202789

 -128.669632 6.934394 -90.930634

 -3.084284 6.934394 -84.791992

 -10.039412 6.934394 -84.791992

 -17.538849 6.934394 -84.791992

 -24.493973 6.934394 -84.791992

 -93.349701 6.934394 -83.431198

 -100.032669 6.934394 -83.703369

 -107.532104 7.167374 -84.247681

 -115.031540 7.167374 -84.791992

 -122.530975 6.934394 -84.791992

 -128.941788 6.934394 -84.791992

 11.642427 7.167374 -75.931763

 4.962895 6.866174 -76.695068

 -2.551904 6.425116 -77.280609

 -10.039412 6.871094 -77.292542

 -17.538849 7.167374 -77.292542

 -25.038288 7.167374 -77.292542

 -31.721256 7.167374 -76.476074

 -85.850266 7.167374 -76.476074

 -92.533234 7.167374 -77.292542

 -100.032669 4.073719 -77.292542

 -107.532104 7.167374 -77.292542

 -115.031540 7.167374 -77.292542

 -122.530975 7.167374 -77.836853

 -128.669632 6.934394 -78.653336

 34.140743 7.167374 -68.432327

 27.457777 7.167374 -68.704483

 19.958338 6.934394 -69.248810

 12.458899 6.934394 -69.793106

 4.959464 5.898750 -69.778938

 -2.539973 2.569563 -69.793106

 -10.039412 5.623172 -69.793106

 -17.538849 6.927163 -69.793106

 -25.038288 7.130010 -69.793106

 -32.537724 7.167374 -69.793106

 -40.037167 9.067233 -69.248810

 -47.536606 11.583960 -68.704483

 -55.036045 11.393654 -68.704483

 -62.535480 9.109906 -68.704483

 -70.034912 7.167374 -68.704483

 -77.534348 7.167374 -69.248810

 -85.033798 6.934394 -69.793106

 -92.533234 7.167374 -69.793106

 -100.032669 4.073719 -69.793106

 -107.532104 7.167374 -69.793106

 -114.215073 7.167374 -70.609589

 63.594170 7.167374 -60.932892

 57.455509 7.167374 -61.205048

 49.956081 6.934394 -61.205048

 42.456650 6.934394 -61.749359

 34.957211 6.933967 -62.293671

 27.457775 6.930238 -62.293671

 19.958338 6.930238 -62.293671

 12.457008 7.019404 -62.291782

 4.959464 6.802174 -62.341629

 -2.538080 2.495063 -62.291782

 -10.039412 2.216728 -62.293674

 -17.538849 3.538330 -62.293674

 -25.038288 6.946360 -62.293674

 -32.537724 7.167374 -62.293671

 -40.037167 8.000812 -62.293671

 -47.536606 9.242449 -62.293671

 -55.036045 9.417667 -62.293671

 -62.535480 8.409009 -62.293671

 -70.034912 7.167374 -62.293671

 -77.534348 6.934394 -62.293671

 -85.033798 6.934394 -62.293671

 -92.533234 6.934394 -62.293671

 -100.032669 7.167374 -62.837990

 -106.715622 6.934394 -63.654465

 63.866325 6.934394 -54.794235

 57.455509 6.934394 -54.794235

 49.956081 6.930667 -54.794235

 42.456650 6.859363 -54.794235

 34.957211 6.707011 -54.794235

 27.457775 6.582946 -54.794235

 19.958338 6.582946 -54.794235

 12.507805 6.955610 -54.793289

 -2.587931 2.547579 -54.794235

 -10.039412 1.221516 -54.794235

 -17.538849 2.538214 -54.794235

 -25.038288 7.148249 -54.794235

 -32.537724 7.167374 -54.794235

 -40.037167 7.167374 -54.794235

 -47.536606 7.299914 -54.794235

 -55.036045 7.665435 -54.794235

 -62.535480 7.532895 -54.794235

 -70.034912 6.934394 -54.794235

 -77.534348 6.934394 -54.794235

 -85.033798 7.167374 -55.338554

 -91.716751 7.167374 -56.155029

 63.866325 6.934394 -47.294800

 57.455509 7.163647 -47.294800

 49.956081 7.036255 -47.294800

 42.456650 6.643651 -47.294800

 34.957211 6.115536 -47.294800

 27.457775 5.518949 -47.294800

 19.958338 7.917467 -47.294800

 12.458899 5.882556 -47.294800

 4.960410 6.500673 -47.245895

 -2.538080 2.269272 -47.296692

 -10.039412 1.083997 -47.294800

 -17.538849 2.477555 -47.294800

 -25.038288 7.134954 -47.294800

 -32.537724 6.934394 -47.294800

 -39.744720 6.357425 -47.587242

 -47.536606 6.013442 -47.879684

 -55.328487 6.357425 -47.587242

 -62.535480 6.934394 -47.294800

 -70.034912 7.167374 -47.294800

 -76.990036 7.167374 -47.294800

 63.866325 7.167374 -39.795364

 57.455509 7.092343 -39.795364

 49.956081 6.410670 -39.795364

 42.456650 6.585293 -39.795364

 34.957211 4.799246 -39.795364

 27.457775 3.963984 -39.795364

 19.958338 3.963984 -39.795364

 12.458899 4.566266 -39.795364

 4.959464 5.458300 -39.795364

 -2.539973 1.984772 -39.795364

 -10.039412 1.460540 -39.795364

 -17.538849 3.638384 -39.795364

 -25.038288 6.911486 -39.795364

 -32.537724 6.934394 -39.795364

 -39.452278 6.013442 -39.795364

 -55.620930 6.013442 -39.795364

 -62.535480 6.934394 -39.795364

 -70.034912 6.934394 -39.795364

 -76.990036 7.167374 -39.795364

 64.410645 7.166947 -32.295929

 57.455509 6.939984 -32.295929

 49.956081 6.115532 -32.295929

 42.456650 6.964785 -32.295929

 34.957211 3.495091 -32.295914

 27.457775 2.445949 -32.295914

 19.958338 2.678929 -32.295914

 12.458899 3.495091 -32.295914

 4.959464 4.658047 -32.295914

 -2.539973 3.927555 -32.295914

 -10.039412 5.568447 -32.295914

 -17.538849 6.905960 -32.295914

 -25.038288 7.077594 -32.295914

 -32.537724 7.167374 -32.295914

 -39.744720 6.357425 -32.003471

 -47.536606 6.013442 -31.711029

 -55.328487 6.357425 -32.003471

 -62.535480 7.167374 -32.295914

 -70.034912 7.167374 -32.295914

 -77.534348 6.934394 -32.295914

 -84.217316 6.934394 -31.479446

 71.093613 7.167374 -23.980011

 64.954964 7.163218 -24.796478

 57.455509 6.815926 -24.796478

 49.956081 5.518947 -24.796478

 42.456650 4.196961 -24.796478

 34.957211 2.445949 -24.796478

 27.457775 1.716511 -24.796478

 19.958338 1.716511 -24.796478

 12.458899 2.678927 -24.796478

 4.959464 4.099982 -24.796476

 -2.539973 5.560497 -24.796474

 -10.039412 6.671926 -24.796474

 -17.538849 7.163218 -24.796471

 -24.493973 6.934394 -24.796471

 -40.581482 6.934394 -24.796471

 -47.536606 6.934394 -24.796471

 -55.036045 7.167374 -24.796471

 -62.535480 7.167374 -24.796471

 -70.034912 7.167374 -24.796471

 -77.534348 7.167374 -24.796463

 -85.033798 7.167374 -24.796463

 -91.172440 7.167374 -23.979996

 71.365768 7.167374 -17.297043

 64.954964 6.930238 -17.297043

 57.455509 6.582946 -17.297035

 49.956081 5.518947 -17.297035

 42.456650 4.196961 -17.297035

 34.957211 2.678927 -17.297035

 27.457775 1.716511 -17.297035

 19.958338 1.483531 -17.297035

 12.458899 2.445947 -17.297035

 4.959463 4.196961 -17.297035

 -2.539972 5.751927 -17.297035

 -10.039412 6.582946 -17.297035

 -17.538849 7.163218 -17.297035

 -24.493973 7.167374 -17.297035

 -40.581482 6.934394 -17.297028

 -47.536606 6.934394 -17.297028

 -55.036045 6.934394 -17.297028

 -62.535480 7.167374 -17.297028

 -70.034912 7.167374 -17.297028

 -77.534348 7.167374 -17.297028

 -85.033798 6.934394 -17.297028

 -91.988907 7.167374 -17.297028

 71.365768 6.934394 -9.797600

 64.954964 7.166947 -9.797600

 57.455509 6.707004 -9.797600

 49.956081 6.115532 -9.797600

 42.456650 4.799241 -9.797600

 34.957211 3.262109 -9.797600

 27.457775 2.678927 -9.797600

 19.958338 2.678927 -9.797600

 12.458899 3.495087 -9.797600

 4.959463 4.799241 -9.797592

 -2.400530 5.847486 -9.797592

 -10.039412 6.939984 -9.797592

 -17.538849 9.332485 -9.797592

 -25.038288 7.167374 -9.797592

 -32.537724 6.934394 -9.797592

 -40.037167 7.167374 -9.797592

 -47.536606 6.934394 -9.797592

 -55.036045 6.934394 -9.797592

 -62.535480 7.167374 -9.797592

 -70.034912 7.167374 -9.797592

 -77.534348 7.167374 -9.797592

 -85.033798 6.997554 -9.797592

 -92.533234 7.125268 -9.797592

 -99.216202 6.934394 -8.981117

 71.910080 7.167374 -2.298164

 64.954964 7.167374 -2.298164

 57.455509 6.859359 -2.298164

 49.956081 8.576204 -2.298164

 42.456650 5.518424 -2.298164

 34.957211 4.566266 -2.298157

 27.457775 4.196961 -2.298157

 19.958338 4.196961 -2.298157

 12.458899 4.566266 -2.298157

 5.721031 5.848692 -2.298157

 -2.400530 5.848695 -2.298157

 -10.522097 5.848696 -2.298157

 -17.538849 6.928962 -2.298157

 -25.038288 6.924651 -2.298157

 -32.537724 7.161942 -2.298157

 -40.037167 7.166811 -2.298157

 -47.536606 6.934394 -2.298157

 -55.036045 6.934394 -2.298149

 -62.535480 6.934394 -2.298149

 -70.034912 4.544261 -2.298150

 -77.534348 4.471506 -2.298149

 -85.033798 4.492558 -2.298149

 -92.533234 6.882692 -2.298149

 -100.032669 6.934394 -2.298149

 -106.171326 6.934394 -1.481674

 79.137344 6.934394 6.017742

 72.454391 7.167374 5.201271

 64.954964 6.934394 5.201275

 57.455509 7.163647 5.201275

 49.956081 7.036252 5.201275

 42.456650 6.410666 5.201275

 34.957211 5.882552 5.201275

 27.457775 5.518947 5.201279

 19.958338 5.751927 5.201279

 5.721031 5.848694 5.201279

 -2.400530 5.848696 5.201279

 -10.522097 5.848696 5.201279

 -17.538849 6.474872 5.201279

 -25.038288 6.423497 5.201279

 -32.537724 6.707852 5.201279

 -40.037167 6.637088 5.201283

 -47.536606 6.836287 5.201283

 -55.036045 6.929523 5.201283

 -62.535480 9.099932 5.201283

 -70.034912 4.301684 5.201283

 -77.534348 4.059109 5.201283

 -85.033798 4.207877 5.201283

 -92.533234 4.586367 5.201286

 -100.032669 6.934394 5.201286

 -106.443481 6.934394 5.201286

 86.636795 7.167374 13.517178

 79.953827 6.934394 12.700706

 72.454391 7.167374 12.700706

 64.954964 6.934394 12.700706

 57.455509 7.167374 12.700706

 49.956081 6.930667 12.700706

 42.456650 6.859359 12.700706

 34.957211 6.707004 12.700710

 27.457775 6.815926 12.700710

 19.958338 6.582946 12.700710

 12.458899 6.935116 12.700710

 4.959463 6.920903 12.700710

 -2.539972 6.245894 12.700710

 -10.039412 5.792096 12.700710

 -17.538849 5.083694 12.700710

 -25.038288 4.947148 12.700710

 -32.537724 5.083694 12.700710

 -40.037167 5.792092 12.700714

 -55.036045 6.762954 12.700714

 -62.535480 7.162503 12.700714

 -70.034912 4.492558 12.700714

 -77.534348 4.207877 12.700714

 -85.033798 4.165771 12.700714

 -92.533234 4.492558 12.700715

 -100.032669 7.167374 12.700718

 -106.443481 7.167374 12.700718

 146.087982 11.854451 21.560928

 139.949326 11.854451 21.288769

 132.449890 9.898325 21.288769

 125.766922 7.167374 21.560928

 101.635681 7.167374 21.560928

 94.952713 6.934394 20.744457

 87.453278 6.934394 20.200142

 79.953827 7.167374 20.200142

 72.454391 6.934394 20.200142

 64.954964 6.934394 20.200142

 57.455509 6.934394 20.200142

 42.456650 7.159743 20.200142

 34.957211 6.926335 20.200142

 27.457775 7.162432 20.200142

 19.958338 7.163218 20.200142

 12.458899 7.068841 20.200142

 4.959463 6.249621 20.200142

 -2.539972 5.083013 20.200142

 -10.039412 3.838061 20.200142

 -17.538849 3.050580 20.200142

 -25.038288 3.062977 20.200142

 -32.537724 3.050580 20.200142

 -40.037167 4.071042 20.200142

 -47.536606 5.315991 20.200142

 -55.036045 6.249621 20.200142

 -62.535480 6.836287 20.200142

 -70.034912 4.586367 20.200142

 -77.534348 4.080162 20.200142

 -85.033798 4.322738 20.200142

 -92.533234 6.640117 20.200144

 -100.032669 6.934394 20.200150

 -106.987778 7.167374 20.200150

 146.360138 11.621471 27.699581

 139.949326 11.621471 27.699581

 132.449890 9.898325 27.699581

 124.950470 6.934394 27.699581

 117.451019 6.934394 28.243893

 109.951584 6.934394 28.243893

 102.452164 6.934394 27.699581

 94.952713 7.167374 27.699581

 87.453278 6.934394 27.699581

 79.953827 6.934394 27.699581

 72.454391 6.934394 27.699581

 64.954964 6.927547 27.699581

 57.455509 6.796536 27.699581

 49.956081 6.516623 27.699581

 42.456650 6.288684 27.699581

 34.957211 6.521664 27.699581

 27.457775 6.749604 27.699581

 19.958338 7.028958 27.699581

 12.458899 6.863225 27.699581

 4.959463 5.792096 27.699581

 -2.539972 4.071042 27.699581

 -10.039412 2.132880 27.699581

 -17.538849 -0.173904 27.699581

 -25.038288 0.997519 27.699581

 -32.537724 1.065749 27.699581

 -40.037167 0.893227 27.699581

 -47.536606 3.838061 27.699581

 -55.036045 5.792096 27.699581

 -62.535480 6.870068 27.699581

 -70.034912 6.861077 27.699581

 -77.534348 4.080162 27.699581

 -85.033798 6.449243 27.699581

 -92.533234 6.934394 27.699581

 -100.032669 6.934394 27.699585

 -107.532104 6.934394 27.699585

 -113.670761 7.167374 28.516052

 146.087982 11.621471 33.838230

 139.949326 11.854451 34.654705

 132.449890 9.665344 35.199017

 124.950470 7.167374 35.199017

 117.451019 7.167374 35.199017

 109.951584 6.934394 35.199017

 102.452164 7.167374 35.199017

 94.952713 6.934394 35.199017

 87.453278 6.934394 35.199017

 79.953827 6.934394 35.199017

 72.454391 7.160527 35.199017

 64.954964 6.926468 35.199017

 57.455509 5.972159 35.199017

 49.956081 5.234848 35.199017

 42.456650 4.566802 35.199017

 34.957211 4.566802 35.199017

 27.457775 5.001868 35.199017

 19.958338 5.966815 35.199017

 12.458899 6.234057 35.199017

 4.959463 5.309832 35.199017

 -2.539972 3.283560 35.199017

 -10.039412 1.298730 35.199017

 -17.538849 0.040370 35.199017

 -25.038288 -0.323752 35.199017

 -32.537724 -0.192611 35.199017

 -40.037167 1.065749 35.199017

 -47.536606 3.283560 35.199017

 -55.036045 5.316678 35.199017

 -62.535480 6.707852 35.199017

 -70.034912 6.880101 35.199020

 -77.534348 6.712872 35.199020

 -85.033798 6.712872 35.199020

 -92.533234 7.167374 35.199017

 -100.032669 6.934394 35.199017

 -107.532104 7.167374 35.199017

 -113.942902 7.167374 35.199017

 131.633423 8.750371 41.337669

 124.950470 6.934394 42.154148

 117.451019 7.167374 42.698460

 109.931046 7.077321 42.737225

 102.421890 6.964755 42.543518

 94.949219 6.942240 42.311047

 87.481689 6.942240 42.311047

 80.006516 6.718154 42.543518

 72.484894 6.692866 42.737225

 64.954964 6.205140 42.698460

 57.455509 4.332858 42.698460

 49.956081 2.583474 42.698460

 42.456650 1.476918 42.698460

 34.957211 1.709899 42.698460

 27.457775 1.343825 42.698460

 19.958338 4.323768 42.698460

 12.458899 5.695115 42.698460

 4.959463 5.042489 42.698460

 -2.539972 2.829997 42.698460

 -10.039412 0.764539 42.698460

 -17.538849 -0.556732 42.698460

 -25.038288 -0.711777 42.698460

 -32.537724 -0.323752 42.698460

 -40.037167 0.997519 42.698460

 -47.536606 2.829997 42.698460

 -55.036045 4.947150 42.698460

 -62.535480 6.656477 42.698460

 -70.034912 6.924651 42.698460

 -77.534348 6.934394 42.698460

 -85.033798 7.167374 42.698460

 -92.533234 6.934394 42.698460

 -100.032669 7.167374 42.698460

 -107.532104 6.934394 42.698460

 -113.670761 6.934394 41.881985

 116.906708 6.934394 50.197895

 110.147537 6.964755 50.269176

 87.963028 4.295077 90.452812

 77.059875 4.919677 51.100567

 76.762634 4.819404 58.077244

 94.925690 5.145947 47.166660

 72.280869 6.495852 50.269176

 64.954964 5.001868 50.197895

 57.455509 2.583474 50.197895

 49.956081 0.187380 50.197895

 42.456650 -1.079152 50.197895

 34.957211 -1.079152 50.197895

 27.457775 0.187382 50.197895

 19.958338 4.744518 50.197895

 12.458899 4.544421 50.197895

 4.959463 4.900042 50.197895

 -2.539972 3.049792 50.197895

 -10.039412 1.065749 50.197895

 -17.538849 -0.192611 50.197895

 -25.038288 -0.556732 50.197895

 -32.537724 -0.192611 50.197895

 -40.037167 0.059076 50.197895

 -47.536606 3.283560 50.197895

 -55.036045 5.316678 50.197895

 -62.535480 6.474872 50.197895

 -70.034912 6.928962 50.197895

 -77.534348 7.167374 50.197895

 -85.033798 7.167374 50.197895

 -92.533234 7.167374 50.197895

 -100.032669 7.167374 50.197895

 -106.715622 7.167374 49.381428

 116.362381 6.934394 57.697330

 110.384583 6.709260 57.746399

 76.762634 4.819404 65.329689

 87.673233 4.912967 47.166660

 84.025726 4.487229 87.116837

 77.059875 4.903119 79.549660

 72.046318 6.216046 57.746399

 64.954964 4.566800 57.697330

 57.455509 3.875437 57.697330

 49.956081 -1.312137 57.697330

 42.456650 -4.320013 57.697330

 34.957211 -2.847379 57.697330

 27.457775 -1.312133 57.697330

 19.958338 1.476729 57.697330

 12.458899 4.038722 57.697330

 4.959463 5.148224 57.697330

 -10.039412 2.365860 57.697330

 -17.538849 1.065749 57.697330

 -25.038288 0.997519 57.697330

 -32.537724 1.065749 57.697330

 -40.037167 2.365860 57.697330

 -47.536606 4.071042 57.697330

 -55.036045 5.792096 57.697330

 -62.535480 6.870068 57.697330

 -70.034912 7.166811 57.697330

 -77.534348 7.167374 57.697330

 -85.033798 7.167374 57.697330

 -92.533234 6.934394 57.153015

 -99.216202 7.167374 56.336544

 116.305588 7.079700 65.178154

 110.367203 6.581683 64.891739

 80.390991 4.773189 83.482101

 80.702057 5.192238 47.458389

 109.404099 5.145947 68.934654

 105.532379 4.973001 51.100567

 72.046318 6.216046 65.213936

 64.954964 4.333819 65.196770

 57.455509 1.476918 65.196770

 49.956081 -1.079156 65.196770

 42.456650 -2.847379 65.196770

 34.957211 -2.847379 65.196770

 27.457775 -1.079152 65.196770

 19.958338 1.476918 65.196770

 12.458899 4.469746 65.196770

 4.959463 5.604962 65.196770

 -2.539972 5.308360 65.196770

 -10.039412 3.838061 65.196770

 -17.538849 3.283560 65.196770

 -25.038288 2.829997 65.196770

 -32.537724 3.050580 65.196770

 -40.037167 3.838061 65.196770

 -47.536606 5.315991 65.196770

 -55.036045 6.482600 65.196770

 -62.535480 7.069268 65.196770

 -70.034912 6.934394 65.196770

 -77.534348 7.167374 64.652443

 -84.217316 6.934394 63.835979

 168.586288 7.167374 74.056992

 162.447647 6.934394 73.784828

 154.948212 7.167374 73.784828

 148.265244 6.934394 74.056992

 117.050430 6.967134 72.662254

 105.836258 4.912967 58.077244

 112.737091 4.973001 72.883438

 109.151154 5.203089 90.452812

 106.129517 4.852931 65.007133

 102.178131 4.831698 90.745193

 72.046318 6.468947 72.681473

 64.954964 5.234848 72.696198

 57.455509 2.583474 72.696198

 49.956081 0.187377 72.696198

 42.456650 -1.079154 72.696198

 34.957211 -1.079154 72.696198

 27.457775 0.187380 72.696198

 19.958338 2.583163 72.696198

 12.458899 5.225829 72.696198

 4.959463 6.340888 72.696198

 -2.539972 6.248374 72.696198

 -10.039412 5.792092 72.696198

 -17.538849 5.083694 72.696198

 -25.038288 4.947148 72.696198

 -32.537724 5.083694 72.696198

 -40.037167 5.792092 72.696198

 -47.536606 6.457127 72.151886

 -55.036045 6.970463 71.607574

 -62.535480 7.162503 71.607574

 -69.218445 6.934394 71.335419

 168.858444 7.167374 80.195641

 162.447647 6.934394 80.195641

 154.948212 7.167374 80.195641

 147.448776 6.934394 80.195641

 139.949326 7.167374 80.739952

 132.449890 6.934394 81.284271

 124.950470 6.934394 80.739952

 117.852112 6.942240 80.149002

 112.793335 4.973001 86.810623

 94.925690 4.493485 90.745193

 76.762634 4.854362 72.582146

 113.088699 5.145947 79.834595

 101.890198 5.205981 47.458389

 72.280869 6.529078 80.155266

 64.954964 6.204262 80.195641

 57.455509 4.332856 80.195641

 49.956081 2.583474 80.195641

 42.456650 1.709899 80.195641

 34.957211 1.473975 80.195641

 27.457775 2.506238 80.195641

 19.958338 4.324830 80.195641

 12.458899 5.596005 80.195641

 4.959463 6.414887 80.195641

 -2.539972 6.825480 80.195641

 -10.039412 6.556643 80.195641

 -17.538849 6.470880 80.195641

 -25.038288 6.423497 80.195641

 -32.537724 6.707852 80.195641

 -39.492851 6.870068 80.195641

 168.586288 7.167374 86.334290

 162.447647 6.934394 87.150764

 154.948212 7.167374 87.695084

 147.448776 7.167374 87.695084

 139.949326 6.934394 87.695084

 132.449890 6.934394 87.695084

 124.950470 6.934394 87.695084

 117.618271 6.964755 87.625992

 79.708755 5.761254 87.913429

 72.484894 6.078191 87.670052

 64.954964 6.227006 87.695084

 57.455509 6.051255 87.695084

 49.956081 5.227253 87.695084

 42.456650 4.562973 87.695084

 34.957211 4.195127 87.695084

 27.457775 4.677458 87.695084

 19.958338 5.080300 87.695084

 12.458899 5.176414 87.695084

 4.959463 5.409999 87.695084

 -2.539972 6.039658 87.695084

 -10.039412 6.605309 87.695084

 -17.538849 7.021365 87.695084

 -25.038288 7.153636 87.695084

 -32.537724 6.928962 87.695084

 -38.676380 6.933831 86.878609

 154.131729 7.167374 93.833740

 147.448776 7.167374 94.650208

 139.949326 7.167374 95.194527

 132.449890 6.934394 95.194527

 124.950470 6.934394 95.194527

 117.417725 7.077321 95.156723

 109.892609 6.955136 95.351654

 102.416748 6.389653 95.584373

 94.949219 5.515765 95.584373

 87.477249 4.708828 95.351654

 79.971573 3.912898 95.156723

 72.454391 4.030593 95.194527

 64.954964 5.002671 95.194527

 57.455509 5.955132 95.194527

 49.956081 6.247674 95.194527

 42.456650 6.433741 95.194527

 34.957211 5.728011 95.194527

 27.457775 4.999415 95.194527

 19.958338 4.490796 95.194527

 12.458899 3.742862 95.194527

 4.959463 3.982687 95.194527

 -2.539972 4.628415 95.194527

 -17.538849 6.372886 95.194527

 -25.038288 6.853950 95.194527

 -31.993412 7.167374 95.194527

 139.132843 7.167374 101.877480

 132.449890 7.167374 102.693954

 124.950470 7.167374 102.693954

 117.451019 6.934394 102.693954

 109.951584 7.013447 102.693954

 102.452164 5.859965 102.693954

 94.952713 4.029521 102.693954

 87.453278 2.309140 102.693954

 79.953827 0.840579 102.693954

 72.454391 0.840577 102.693954

 64.954964 2.309140 102.693954

 57.455509 4.262501 102.693954

 49.956081 5.858729 102.693954

 42.456650 6.762032 102.693954

 34.957211 6.032025 102.693954

 27.457775 4.627629 102.693954

 19.958338 3.230183 102.693954

 12.458899 2.355149 102.693954

 4.959463 2.355149 102.693954

 -2.539972 3.230183 102.693954

 -10.039412 4.395438 102.693954

 -17.538849 6.039658 102.693954

 -25.038288 6.690608 102.693954

 -31.176945 7.166916 101.877480

 131.633423 7.167374 109.376923

 124.950470 7.167374 110.193382

 117.451019 7.166495 110.193382

 109.951584 6.467914 110.193382

 102.452164 4.776542 110.193382

 94.952713 2.076163 110.193382

 87.453278 -0.599320 110.193382

 79.953827 -2.040699 110.193382

 72.454391 -2.273679 110.193382

 64.954964 -0.599320 110.193382

 57.455509 2.076159 110.193382

 49.956081 4.772229 110.193382

 42.456650 6.324234 110.193382

 34.957211 5.648945 110.193382

 27.457775 3.982689 110.193382

 19.958338 2.355149 110.193382

 12.458899 1.090329 110.193382

 4.959463 1.323310 110.193382

 -2.539972 2.122169 110.193382

 -10.039412 3.982689 110.193382

 -17.538849 5.416841 110.193382

 -24.493973 6.761260 110.193382

 124.950470 6.934394 117.692833

 117.451019 6.925872 117.692833

 109.951584 6.213393 117.692833

 102.452164 4.030595 117.692833

 94.952713 1.073559 117.692833

 87.453278 -2.040699 117.692833

 79.953827 -4.015101 117.692833

 72.454391 -4.248081 117.692833

 64.954964 -2.273681 117.692833

 57.455509 0.840577 117.692833

 42.456650 6.069775 117.692833

 34.957211 5.408320 117.692833

 27.457775 3.749709 117.692833

 19.958338 2.355149 117.692833

 12.458899 1.323310 117.692833

 4.959463 1.323310 117.692833

 -10.039412 3.749709 117.692833

 -17.538849 5.649821 117.692833

 -24.493973 6.761260 117.692833

 139.132858 6.934394 126.553062

 132.449890 7.167374 125.736588

 124.950470 6.934394 125.192276

 117.451019 7.158852 125.192276

 109.951584 6.446373 125.192276

 102.452164 4.030597 125.192276

 94.952713 0.840581 125.192276

 87.453278 -2.273679 125.192276

 79.953827 -4.015099 125.192276

 72.454391 -4.015101 125.192276

 64.954964 -2.040699 125.192276

 57.455509 0.840579 125.192276

 49.956081 4.263182 125.192276

 42.456650 5.969674 125.192276

 34.957211 6.031140 125.192276

 27.457775 4.395438 125.192276

 19.958338 2.997207 125.192276

 12.458899 2.122169 125.192276

 4.959463 2.122169 125.192276

 -2.539972 3.230187 125.192276

 -10.039412 4.628418 125.192276

 -17.538849 5.806678 125.192276

 -25.038288 6.923588 125.192276

 -31.721256 6.933936 126.008736

 146.087982 7.167374 133.508194

 139.949326 6.934394 132.691711

 132.449890 6.934394 132.691711

 124.950470 6.934394 132.691711

 117.451019 6.933515 132.691711

 109.951584 6.467914 132.691711

 102.452164 4.776542 132.691711

 94.952713 2.309145 132.691711

 87.453278 -0.366336 132.691711

 79.953827 -2.273678 132.691711

 72.454391 -2.040699 132.691711

 64.954964 -0.366340 132.691711

 57.455509 2.309140 132.691711

 49.956081 5.009518 132.691711

 42.456650 6.387467 132.691711

 34.957211 6.604992 132.691711

 27.457775 5.649262 132.691711

 19.958338 4.628418 132.691711

 12.458899 3.749709 132.691711

 4.959463 3.749709 132.691711

 -2.539972 4.395438 132.691711

 -10.039412 5.649262 132.691711

 -17.538849 6.372890 132.691711

 -25.038288 6.853950 132.691711

 -32.537724 7.167374 132.691711

 -40.037167 6.934394 133.236023

 -46.720131 7.167374 134.052505

 146.360138 7.167374 140.191147

 139.949326 7.167374 140.191147

 132.449890 6.934394 140.191147

 124.950470 6.934394 140.191147

 117.451019 7.167374 140.191147

 109.951584 6.780467 140.191147

 102.452164 5.859965 140.191147

 94.952713 4.262501 140.191147

 87.453278 2.076159 140.191147

 79.953827 1.073559 140.191147

 72.454391 0.840577 140.191147

 64.954964 2.309140 140.191147

 57.455509 4.029521 140.191147

 49.956081 5.859963 140.191147

 34.957211 6.793815 140.191147

 27.457775 6.605866 140.191147

 19.958338 5.806678 140.191147

 12.458899 5.416842 140.191147

 4.959463 5.649823 140.191147

 -2.539972 5.806678 140.191147

 -10.039412 6.605870 140.191147

 -17.538849 7.026795 140.191147

 -25.038288 6.930398 140.191147

 -32.537724 6.934394 140.191147

 -40.037167 7.167374 140.191147

 -47.536606 6.934394 140.191147

 -54.219570 6.934394 141.007614

 146.360138 6.934394 147.690582

 139.949326 7.167374 147.690582

 132.449890 7.167374 147.690582

 124.950470 7.167374 147.690582

 117.451019 6.934394 147.690582

 109.951584 7.159733 147.690582

 102.452164 6.898383 147.690582

 94.952713 5.859965 147.690582

 87.453278 4.776538 147.690582

 79.953827 4.030593 147.690582

 72.454391 4.263573 147.690582

 64.954964 5.009518 147.690582

 57.455509 6.092944 147.690582

 49.956081 6.665402 147.690582

 42.456650 7.159729 147.690582

 34.957211 7.163378 147.690582

 27.457775 7.086930 147.690582

 19.958338 6.923588 147.690582

 12.458899 6.790574 147.690582

 4.959463 6.557593 147.690582

 -2.539972 6.923588 147.690582

 -10.039412 7.086930 147.690582

 -17.538849 7.163378 147.690582

 -25.038288 7.167374 147.690582

 -32.537724 6.934394 147.690582

 -40.037167 6.934394 147.690582

 -47.536606 6.934394 147.690582

 -55.036045 6.934394 147.690582

 -62.535480 6.934394 148.234894

 -70.034912 6.934394 148.779221

 -77.534348 6.934394 148.779221

 -85.033798 6.934394 148.779221

 -91.716751 6.934394 149.051376

 146.087982 7.167374 153.829239

 139.949326 7.167374 154.645706

 132.449890 6.934394 155.190033

 124.950470 6.934394 155.190033

 117.451019 6.934394 155.190033

 109.951584 6.934394 155.190033

 102.452164 7.159729 155.190033

 94.952713 7.013443 155.190033

 87.453278 6.467910 155.190033

 79.953827 6.213393 155.190033

 72.454391 6.213393 155.190033

 64.954964 6.700890 155.190033

 49.956081 7.159729 155.190033

 42.456650 6.934394 155.190033

 34.957211 6.934394 155.190033

 27.457775 6.934394 155.190033

 19.958338 7.166916 155.190033

 12.458899 6.929940 155.190033

 4.959463 6.929940 155.190033

 -2.539972 7.166916 155.190033

 -10.039412 7.167374 155.190033

 -17.538849 6.934394 155.190033

 -25.038288 6.934394 155.190033

 -32.537724 7.167374 155.190033

 -40.037167 7.167374 155.190033

 -47.536606 6.934394 155.190033

 -55.036045 7.167374 155.190033

 -62.535480 7.167374 155.190033

 -70.034912 7.167374 155.190033

 -77.534348 6.934394 155.190033

 -85.033798 6.934394 155.190033

 -92.533234 6.934394 155.190033

 -100.032669 6.934394 155.734360

 -107.532104 6.934394 156.278671

 -115.031540 7.167374 156.278671

 -121.714508 6.934394 156.550812

 131.633423 7.167374 161.873001

 124.950470 6.934394 162.689468

 117.451019 6.934394 162.689468

 109.951584 6.934394 162.689468

 102.452164 6.934394 162.689468

 94.952713 7.167374 162.689468

 87.453278 7.166495 162.689468

 79.953827 7.158852 162.689468

 72.454391 6.925872 162.689468

 64.954964 7.166495 162.689468

 57.455509 7.167374 162.689468

 49.956081 6.934394 162.689468

 42.456650 7.167374 162.689468

 34.957211 6.934394 162.689468

 27.457775 6.934394 162.689468

 19.958338 6.934394 162.689468

 12.458899 6.934394 162.689468

 4.959463 6.934394 162.689468

 -2.539972 6.934394 162.689468

 -10.039412 7.167374 162.689468

 -17.538849 7.167374 162.689468

 -25.038288 6.934394 162.689468

 -32.537724 6.934394 162.689468

 -40.037167 6.934394 162.689468

 -47.536606 7.167374 162.689468

 -55.036045 7.167374 162.689468

 -62.535480 7.167374 162.689468

 -70.034912 6.934394 162.689468

 -77.534348 7.167374 162.689468

 -85.033798 7.167374 162.689468

 -92.533234 6.934394 162.689468

 -100.032669 7.167374 162.689468

 -107.532104 6.934394 162.689468

 -115.031540 6.934394 162.689468

 -122.530975 7.167374 162.689468

 -130.033020 7.009043 162.346283

 -136.169083 7.167374 164.050247

 124.406143 7.167374 170.188889

 117.451019 6.934394 170.188889

 102.452164 6.934394 170.188889

 94.952713 6.934394 170.188889

 87.453278 7.167374 170.188889

 79.953827 6.934394 170.188889

 72.454391 7.167374 170.188889

 64.954964 7.167374 170.188889

 57.455509 7.167374 170.188889

 49.956081 6.934394 170.188889

 42.456650 6.934394 170.188889

 34.957211 6.934394 170.188889

 27.457775 7.167374 170.188889

 19.958338 7.167374 170.188889

 12.458899 7.167374 170.188889

 4.959463 6.934394 170.188889

 -2.539972 7.167374 170.188889

 -10.039412 7.167374 170.188889

 -17.538849 6.934394 170.188889

 -25.038288 6.934394 170.188889

 -32.537724 6.934394 170.188889

 -40.037167 7.167374 170.188889

 -47.536606 6.934394 170.188889

 -55.036045 7.167374 170.188889

 -62.535480 7.167374 170.188889

 -70.034912 6.934394 170.188889

 -77.534348 7.167374 170.188889

 -85.033798 6.934394 170.188889

 -92.533234 6.934394 170.188889

 -100.032669 6.934394 169.644577

 -107.532104 7.167374 169.100266

 -115.031540 7.167374 169.644577

 -122.530975 6.934394 170.188889

 -130.033005 7.078326 171.168350

 -136.441238 7.167374 170.188889

 124.406143 6.934394 177.688324

 117.451019 7.167374 177.688324

 109.951584 6.934394 177.688324

 102.452164 7.167374 177.688324

 94.952713 7.167374 177.688324

 87.453278 6.934394 177.688324

 79.953827 7.167374 177.688324

 72.454391 7.167374 177.688324

 64.954964 7.167374 177.688324

 57.455509 7.167374 177.688324

 49.956081 7.167374 177.688324

 42.456650 7.167374 177.688324

 34.957211 6.934394 177.688324

 27.457775 7.167374 177.688324

 19.958338 7.167374 177.688324

 12.458899 7.167374 177.688324

 4.959463 7.167374 177.688324

 -2.539972 7.167374 177.688324

 -10.039412 6.934394 177.688324

 -17.538849 7.167374 177.688324

 -25.038288 6.934394 177.688324

 -32.537724 6.934394 177.688324

 -40.037167 6.934394 177.688324

 -47.536606 7.167374 177.688324

 -55.036045 6.934394 177.688324

 -62.535480 6.934394 177.688324

 -70.034912 6.934394 177.688324

 -77.534348 6.934394 177.688324

 -85.033798 7.167374 177.144012

 -91.716751 6.934394 176.327545

 -123.347458 6.934394 176.327545

 -130.030411 7.167374 176.599701

 -136.169083 6.934394 176.327545

 131.633423 6.934394 186.004242

 124.950470 7.167374 185.187775

 117.451019 6.934394 185.187775

 109.951584 7.167374 185.187775

 102.452164 7.167374 185.187775

 94.952713 7.167374 185.187775

 87.453278 7.167374 185.187775

 79.953827 6.934394 184.643478

 72.454391 6.934394 184.099152

 64.954964 7.167374 184.099152

 57.455509 6.934394 184.099152

 49.956081 7.167374 184.099152

 42.456650 6.934394 184.099152

 34.957211 7.167374 184.099152

 27.457777 6.934394 184.643478

 19.958338 6.934394 185.187775

 12.458899 7.167374 185.187775

 4.959463 7.167374 185.187775

 -2.539972 7.167374 185.187775

 -10.039412 6.934394 185.187775

 -17.538849 7.167374 185.187775

 -25.038288 6.934394 185.187775

 -32.537724 6.934394 185.187775

 -40.037167 6.934394 185.187775

 -47.536606 7.167374 185.187775

 -55.036045 7.167374 185.187775

 -62.535480 7.167374 184.643478

 -70.034912 6.934394 184.099152

 -76.717880 6.934394 183.826996

 138.588547 7.167374 193.503677

 132.449890 7.167374 192.687210

 124.950470 6.934394 192.687210

 117.451019 6.934394 192.687210

 109.951584 7.167374 192.687210

 102.452164 6.934394 192.687210

 94.952713 6.934394 192.687210

 88.269745 7.167374 191.870728

 19.414026 6.934394 192.687210

 12.458899 6.934394 192.687210

 4.959463 7.167374 192.687210

 -2.539972 7.167374 192.687210

 -10.039412 6.934394 192.687210

 -17.538849 7.167374 192.687210

 -25.038288 6.934394 192.687210

 -32.537724 6.934394 192.687210

 -40.037167 6.934394 192.142883

 -47.536606 6.934394 191.598587

 -54.219570 7.167374 191.326416

 138.860703 7.167374 200.186630

 132.449890 6.934394 200.186630

 124.950470 7.167374 200.186630

 117.451019 7.167374 200.186630

 109.951584 7.167374 200.186630

 102.452164 7.167374 199.642334

 95.769180 7.167374 198.825851

 18.597555 7.167374 199.370163

 12.458899 6.934394 200.186630

 4.959463 6.934394 200.186630

 -2.539972 6.934394 200.186630

 -10.039412 7.167374 200.186630

 -17.538849 6.934394 200.186630

 -25.038288 6.934394 200.186630

 -31.721256 6.934394 199.370163

 138.860703 6.934394 207.686081

 132.449890 7.167374 207.686081

 124.950470 7.167374 207.686081

 117.451019 6.934394 207.141754

 110.768066 6.934394 206.325287

 11.642427 6.934394 206.325287

 4.959463 7.167374 206.597443

 -2.539972 6.934394 206.597443

 -10.039412 6.934394 206.597443

 -17.538849 6.934394 206.597443

 -24.221817 6.934394 206.325287

 138.588547 7.167374 213.824738

 132.449890 6.934394 214.096893

 125.766922 6.934394 213.824738

 -137.046036 8.760960 -227.765137

 -141.279587 8.760960 -228.853745

 -148.779037 8.760960 -228.853745

 -153.012589 8.760960 -227.765137

 -135.957382 8.760960 -223.531570

 -141.279587 8.760960 -223.531570

 -148.779037 8.760960 -223.531570

 -156.278473 8.760960 -223.531570

 -160.512024 8.760960 -220.265686

 -129.546570 8.760960 -212.766251

 -133.780136 8.760960 -216.032150

 -141.279587 8.760960 -216.032150

 -148.779037 8.760960 -216.032150

 -156.278473 8.760960 -216.032150

 -161.600647 8.760960 -216.032150

 -197.041519 8.760960 -212.766251

 -201.275085 8.760960 -213.854889

 -208.774506 8.760960 -213.854889

 -216.273941 8.760960 -213.854889

 -220.507477 8.760960 -212.766251

 42.940479 8.760960 -205.266800

 38.706928 8.760960 -206.355423

 31.207499 8.760960 -206.355423

 23.708054 8.760960 -206.355423

 16.208620 8.760960 -206.355423

 8.709183 8.760960 -206.355423

 1.209748 8.760960 -206.355423

 -6.289691 8.760960 -206.355423

 -13.789128 8.760960 -206.355423

 -21.288568 8.760960 -206.355423

 -25.522123 8.760960 -205.266800

 -122.047150 8.760960 -205.266800

 -126.280701 8.760960 -208.532684

 -133.780136 8.760960 -208.532684

 -141.279587 8.760960 -208.532684

 -148.779037 8.760960 -208.532684

 -156.278473 8.760960 -208.532684

 -161.600647 8.760960 -208.532684

 -195.952896 8.760960 -208.532684

 -201.275085 8.760960 -208.532684

 -208.774506 8.760960 -208.532684

 -216.273941 8.760960 -208.532684

 -221.596130 8.760960 -208.532684

 50.439911 8.760960 -197.767365

 46.206367 8.760960 -201.033249

 38.706928 8.760960 -201.033249

 31.207495 8.760960 -201.033249

 23.708054 8.760960 -201.033249

 16.208620 8.760960 -201.033249

 8.709183 8.760960 -201.033249

 1.209746 8.760960 -201.033249

 -6.289691 8.760960 -201.033249

 -13.789130 8.760960 -201.033249

 -21.288568 8.760960 -201.033249

 -28.788008 8.760960 -201.033249

 -36.287445 8.760960 -198.856003

 -43.786884 8.760960 -198.856003

 -48.020435 8.760960 -197.767365

 -120.958519 8.760960 -201.033249

 -126.280701 8.760960 -201.033249

 -133.780136 8.760960 -201.033249

 -141.279587 8.760960 -201.033249

 -148.779037 8.760960 -201.033249

 -156.278473 8.760960 -201.033249

 -161.600647 8.760960 -201.033249

 -189.542099 8.760960 -197.767365

 -193.775650 8.760960 -201.033249

 -201.275085 8.760960 -201.033249

 -208.774506 8.760960 -201.033249

 -216.273941 8.760960 -201.033249

 -221.596130 8.760960 -201.033249

 57.939339 8.760960 -190.267929

 53.705795 8.760960 -193.533813

 46.206367 8.760960 -193.533813

 38.706928 8.760960 -193.533813

 31.207495 8.760960 -193.533813

 23.708054 8.760960 -193.533813

 16.208620 8.760960 -193.533813

 8.709183 8.760960 -193.533813

 1.209746 8.760960 -193.533813

 -6.289691 8.760960 -193.533813

 -13.789130 8.760960 -193.533813

 -21.288568 8.760960 -193.533813

 -28.788008 8.760960 -193.533813

 -36.287445 8.760960 -193.533813

 -43.786884 8.760960 -193.533813

 -51.286320 8.760960 -193.533813

 -55.519878 8.760960 -190.267929

 -120.958519 8.760960 -193.533829

 -126.280701 8.760960 -193.533813

 -133.780136 8.760960 -193.533813

 -141.279587 8.760960 -193.533813

 -148.779037 8.760960 -193.533813

 -156.278473 8.760960 -193.533813

 -163.777908 8.760960 -193.533813

 -168.011459 8.760960 -190.267929

 -182.042648 8.760960 -190.267929

 -186.276199 8.760960 -193.533813

 -193.775650 8.760960 -193.533813

 -201.275085 8.760960 -193.533813

 -208.774506 8.760960 -193.533813

 -216.273941 8.760960 -193.533813

 -221.596130 8.760960 -193.533829

 59.027977 8.760960 -186.034393

 53.705795 8.760960 -186.034363

 46.206367 8.760960 -186.034363

 38.706928 8.760960 -186.034363

 31.207495 8.760960 -186.034363

 23.708054 8.760960 -188.211624

 16.208620 8.760960 -188.211624

 8.709183 8.760960 -188.211624

 1.209748 8.760960 -188.211624

 -6.289691 8.760960 -188.211624

 -13.789128 8.760960 -188.211624

 -21.288568 8.760960 -186.034363

 -28.788008 8.760960 -186.034363

 -36.287445 8.760960 -186.034363

 -43.786884 8.760960 -186.034363

 -51.286320 8.760960 -186.034363

 -56.608501 8.760960 -186.034393

 -120.958519 8.760960 -186.034393

 -126.280701 8.760960 -186.034363

 -133.780136 8.760960 -186.034363

 -141.279587 8.760960 -186.034363

 -148.779037 8.760960 -186.034363

 -156.278473 8.760960 -186.034363

 -163.777908 8.760960 -186.034363

 -171.277313 8.760960 -186.034363

 -178.776779 8.760960 -186.034363

 -186.276199 8.760960 -186.034363

 -193.775650 8.760960 -186.034363

 -201.275085 8.760960 -186.034363

 -208.774506 8.760960 -186.034363

 -216.273941 8.760960 -188.211624

 -220.507477 8.760960 -189.300262

 110.435417 8.760960 -175.269058

 106.201866 8.760960 -176.357697

 98.702431 8.760960 -176.357697

 91.202988 8.760960 -176.357697

 83.703552 8.760960 -176.357697

 79.469986 8.760960 -175.269058

 59.027977 8.760960 -178.534943

 53.705795 8.760960 -178.534943

 46.206367 8.760960 -178.534943

 38.706928 8.760960 -178.534943

 34.473373 8.760960 -181.800827

 -24.554455 8.760960 -181.800827

 -28.788008 8.760960 -180.712219

 -36.287445 8.760960 -180.712219

 -43.786884 8.760960 -180.712219

 -51.286320 8.760960 -180.712219

 -55.519878 8.760960 -181.800827

 -120.958519 8.760960 -178.534943

 -126.280701 8.760960 -178.534943

 -133.780136 8.760960 -178.534943

 -141.279587 8.760960 -178.534943

 -148.779037 8.760960 -178.534943

 -156.278473 8.760960 -178.534943

 -163.777908 8.760960 -178.534943

 -171.277313 8.760960 -178.534943

 -178.776779 8.760960 -178.534943

 -186.276199 8.760960 -178.534943

 -193.775650 8.760960 -178.534943

 -201.275085 8.760960 -178.534943

 -205.508621 8.760960 -181.800827

 207.928116 8.760960 -167.769608

 203.694550 8.760960 -168.858261

 196.195114 8.760960 -168.858261

 188.695694 8.760960 -168.858261

 181.196243 8.760960 -168.858261

 173.696808 8.760960 -168.858261

 166.197372 8.760960 -168.858261

 161.963821 8.760960 -167.769608

 125.434288 8.760960 -167.769608

 121.200729 8.760960 -168.858261

 113.701302 8.760960 -171.035507

 106.201866 8.760960 -171.035507

 98.702431 8.760960 -171.035507

 91.202988 8.760960 -171.035507

 83.703545 8.760960 -171.035507

 78.381363 8.760960 -171.035507

 59.027977 8.760960 -171.035507

 53.705795 8.760960 -171.035507

 46.206367 8.760960 -171.035507

 40.884186 8.760960 -171.035507

 -114.547707 8.760960 -167.769608

 -118.781258 8.760960 -171.035507

 -126.280701 8.760960 -171.035507

 -133.780136 8.760960 -171.035507

 -141.279587 8.760960 -171.035507

 -148.779037 8.760960 -171.035507

 -156.278473 8.760960 -171.035507

 -163.777908 8.760960 -171.035507

 -171.277313 8.760960 -171.035507

 -178.776779 8.760960 -171.035507

 -186.276199 8.760960 -171.035507

 -193.775650 8.760960 -171.035507

 -201.275085 8.760960 -171.035507

 -208.774506 8.760960 -168.858261

 -216.273941 8.760960 -168.858261

 -220.507477 8.760960 -167.769608

 209.016739 8.760960 -163.536087

 203.694550 8.760960 -163.536087

 196.195114 8.760960 -163.536087

 188.695679 8.760960 -163.536087

 181.196243 8.760960 -163.536087

 173.696808 8.760960 -163.536087

 166.197372 8.760960 -163.536087

 158.697922 8.760960 -163.536087

 151.198486 8.760960 -161.358810

 146.964935 8.760960 -160.270172

 132.933716 8.760960 -160.270172

 128.700180 8.760960 -163.536087

 121.200729 8.760960 -163.536087

 113.701302 8.760960 -163.536087

 106.201866 8.760960 -163.536087

 98.702431 8.760960 -163.536087

 91.202988 8.760960 -163.536087

 83.703545 8.760960 -163.536087

 78.381363 8.760960 -163.536087

 59.027977 8.760960 -163.536087

 53.705795 8.760960 -163.536087

 46.206367 8.760960 -163.536087

 40.884186 8.760960 -163.536087

 -113.459076 8.760960 -163.536087

 -118.781258 8.760960 -163.536087

 -126.280701 8.760960 -163.536087

 -133.780136 8.760960 -163.536087

 -141.279587 8.760960 -163.536087

 -148.779037 8.760960 -163.536087

 -156.278473 8.760960 -163.536087

 -163.777908 8.760960 -163.536087

 -171.277313 8.760960 -163.536087

 -178.776779 8.760960 -163.536087

 -186.276199 8.760960 -163.536087

 -193.775650 8.760960 -163.536087

 -201.275085 8.760960 -163.536087

 -208.774506 8.760960 -163.536087

 -216.273941 8.760960 -163.536087

 -223.773361 8.760960 -163.536087

 -228.006927 8.760960 -160.270172

 209.016739 8.760960 -156.036652

 203.694550 8.760960 -156.036621

 196.195114 8.760960 -156.036621

 188.695679 8.760960 -156.036621

 181.196243 8.760960 -156.036621

 173.696808 8.760960 -156.036621

 166.197372 8.760960 -156.036621

 158.697922 8.760960 -156.036621

 151.198486 8.760960 -156.036621

 145.876312 8.760960 -156.036652

 134.022354 8.760960 -156.036652

 128.700180 8.760960 -156.036621

 121.200729 8.760960 -156.036621

 113.701302 8.760960 -156.036621

 106.201866 8.760960 -156.036621

 98.702431 8.760960 -156.036621

 91.202988 8.760960 -156.036621

 83.703545 8.760960 -156.036621

 76.204109 8.760960 -156.036621

 71.970558 8.760960 -152.770752

 59.027977 8.760960 -156.036652

 53.705795 8.760960 -156.036621

 46.206367 8.760960 -156.036621

 40.884186 8.760960 -156.036652

 -114.547707 8.760960 -159.302521

 -118.781258 8.760960 -156.036621

 -126.280701 8.760960 -156.036621

 -133.780136 8.760960 -156.036621

 -141.279587 8.760960 -156.036621

 -148.779037 8.760960 -156.036621

 -156.278473 8.760960 -156.036621

 -163.777908 8.760960 -156.036621

 -171.277313 8.760960 -156.036621

 -178.776779 8.760960 -156.036621

 -186.276199 8.760960 -156.036621

 -193.775650 8.760960 -156.036621

 -201.275085 8.760960 -156.036621

 -208.774506 8.760960 -156.036621

 -216.273941 8.760960 -156.036621

 -223.773361 8.760960 -156.036621

 -229.095566 8.760960 -156.036652

 209.016739 8.760960 -148.537201

 203.694550 8.760960 -148.537201

 196.195114 8.760960 -148.537201

 188.695679 8.760960 -148.537201

 181.196243 8.760960 -148.537201

 173.696808 8.760960 -148.537201

 166.197372 8.760960 -148.537201

 158.697922 8.760960 -148.537201

 151.198486 8.760960 -148.537201

 145.876312 8.760960 -148.537201

 134.022354 8.760960 -148.537201

 128.700180 8.760960 -148.537201

 121.200729 8.760960 -148.537201

 113.701302 8.760960 -148.537201

 109.467751 8.760960 -151.803070

 96.525177 8.760960 -148.537201

 91.202988 8.760960 -148.537201

 83.703545 8.760960 -148.537201

 76.204109 8.760960 -148.537201

 68.704681 8.760960 -148.537201

 61.205238 8.760960 -148.537201

 53.705795 8.760960 -148.537201

 46.206367 8.760960 -148.537201

 40.884186 8.760960 -148.537201

 -62.051647 8.760960 -145.271317

 -66.285202 8.760960 -146.359955

 -73.784630 8.760960 -146.359955

 -81.284073 8.760960 -146.359955

 -85.517632 8.760960 -145.271317

 -122.047150 8.760960 -151.803070

 -126.280701 8.760960 -150.714447

 -133.780136 8.760960 -148.537201

 -141.279587 8.760960 -148.537201

 -148.779037 8.760960 -148.537201

 -156.278473 8.760960 -148.537201

 -163.777908 8.760960 -148.537201

 -171.277313 8.760960 -148.537201

 -178.776779 8.760960 -148.537201

 -186.276199 8.760960 -148.537201

 -193.775650 8.760960 -148.537201

 -201.275085 8.760960 -148.537201

 -208.774506 8.760960 -148.537201

 -216.273941 8.760960 -148.537201

 -223.773361 8.760960 -148.537201

 -229.095566 8.760960 -148.537201

 207.928116 8.760960 -144.303650

 203.694550 8.760960 -141.037766

 196.195114 8.760960 -141.037766

 188.695679 8.760960 -141.037766

 183.373505 8.760960 -141.037766

 171.519547 8.760960 -141.037766

 166.197372 8.760960 -141.037766

 158.697922 8.760960 -141.037766

 151.198486 8.760960 -141.037766

 145.876312 8.760960 -141.037766

 134.022354 8.760960 -141.037766

 128.700180 8.760960 -141.037766

 121.200729 8.760960 -141.037766

 115.878555 8.760960 -141.037766

 95.436539 8.760960 -144.303650

 91.202988 8.760960 -141.037766

 83.703545 8.760960 -141.037766

 76.204109 8.760960 -141.037766

 68.704681 8.760960 -141.037766

 61.205238 8.760960 -141.037766

 53.705795 8.760960 -141.037766

 46.206367 8.760960 -141.037766

 40.884186 8.760960 -141.037766

 -54.552212 8.760960 -137.771881

 -58.785763 8.760960 -141.037766

 -66.285202 8.760960 -141.037766

 -73.784630 8.760960 -141.037766

 -81.284073 8.760960 -141.037766

 -88.783516 8.760960 -141.037766

 -93.017067 8.760960 -137.771881

 -137.046036 8.760960 -144.303650

 -141.279587 8.760960 -141.037766

 -148.779037 8.760960 -141.037766

 -156.278473 8.760960 -141.037766

 -163.777908 8.760960 -141.037766

 -171.277313 8.760960 -141.037766

 -178.776779 8.760960 -141.037766

 -186.276199 8.760960 -141.037766

 -193.775650 8.760960 -141.037766

 -201.275085 8.760960 -141.037766

 -208.774506 8.760960 -141.037766

 -216.273941 8.760960 -141.037766

 -223.773361 8.760960 -141.037766

 -229.095566 8.760960 -141.037766

 201.517303 8.760960 -133.538330

 196.195114 8.760960 -133.538330

 188.695679 8.760960 -133.538330

 181.196243 8.760960 -133.538330

 173.696808 8.760960 -133.538330

 166.197372 8.760960 -133.538330

 158.697922 8.760960 -133.538330

 151.198486 8.760960 -133.538330

 143.699066 8.760960 -133.538330

 136.199615 8.760960 -133.538330

 128.700180 8.760960 -133.538330

 121.200729 8.760960 -133.538330

 115.878555 8.760960 -133.538330

 87.937103 8.760960 -136.804214

 83.703552 8.760960 -135.715591

 76.204109 8.760960 -133.538330

 68.704681 8.760960 -133.538330

 61.205238 8.760960 -133.538330

 53.705795 8.760960 -133.538330

 46.206367 8.760960 -133.538330

 41.972813 8.760960 -136.804214

 -53.463581 8.760960 -133.538330

 -58.785763 4.758134 -133.538330

 -66.285202 8.760960 -133.538330

 -73.784630 6.347920 -133.538330

 -81.284073 6.347920 -133.538330

 -88.783516 6.347920 -133.538330

 -94.105690 8.760960 -133.538330

 -144.545471 8.760960 -136.804214

 -148.779037 8.760960 -135.715591

 -156.278473 8.760960 -133.538330

 -163.777908 8.760960 -133.538330

 -171.277313 8.760960 -133.538330

 -178.776779 8.760960 -133.538330

 -186.276199 8.760960 -133.538330

 -193.775650 8.760960 -133.538330

 -201.275085 8.760960 -133.538330

 -208.774506 8.760960 -133.538330

 -216.273941 8.760960 -133.538330

 -223.773361 8.760960 -133.538330

 -228.006927 8.760960 -136.804214

 200.428680 8.760960 -129.304779

 196.195114 8.760960 -126.038887

 188.695679 8.760960 -126.038887

 181.196243 8.760960 -126.038887

 173.696808 8.760960 -126.038887

 166.197372 8.760960 -126.038887

 158.697922 8.760960 -126.038887

 151.198486 8.760960 -126.038887

 143.699066 8.760960 -126.038887

 136.199615 8.760960 -126.038887

 128.700180 8.760960 -126.038887

 121.200729 8.760960 -126.038887

 115.878555 8.760960 -126.038887

 72.938225 8.760960 -129.304779

 68.704681 8.760960 -128.216156

 61.205238 8.760960 -128.216156

 53.705807 8.760960 -128.216156

 49.472244 8.760960 -129.304779

 -53.463581 8.760960 -126.038887

 -58.785763 8.760960 -126.038887

 -66.285202 8.760960 -126.038887

 -73.784630 6.347920 -126.038887

 -81.284073 3.352080 -126.038887

 -88.783516 6.347920 -126.038887

 -94.105690 8.760960 -126.038887

 -159.544357 8.760960 -129.304779

 -163.777908 8.760960 -126.038887

 -171.277313 8.760960 -126.038887

 -178.776779 8.760960 -126.038887

 -186.276199 8.760960 -126.038887

 -193.775650 8.760960 -126.038887

 -201.275085 8.760960 -126.038887

 -208.774506 8.760960 -126.038887

 -216.273941 8.760960 -126.038887

 -221.596130 8.760960 -126.038887

 194.017853 8.760960 -118.539452

 188.695679 8.760960 -118.539452

 181.196243 8.760960 -118.539452

 173.696808 8.760960 -118.539452

 166.197372 8.760960 -118.539452

 158.697922 8.760960 -120.716721

 151.198486 8.760960 -118.539452

 143.699066 8.760960 -118.539452

 136.199615 8.760960 -118.539452

 128.700180 8.760960 -118.539452

 121.200729 8.760960 -118.539452

 115.878555 8.760960 -118.539452

 -54.552212 8.760960 -121.805336

 -58.785763 8.760960 -120.716721

 -66.285202 8.760960 -120.716721

 -73.784630 6.347920 -118.539452

 -81.284073 6.347920 -118.539452

 -88.783516 6.347920 -118.539452

 -94.105690 8.760960 -118.539452

 -167.043793 8.760960 -121.805336

 -168.011459 8.760960 -121.805336

 -182.042648 8.760960 -121.805336

 -186.276199 8.760960 -118.539452

 -193.775650 8.760960 -118.539452

 -201.275085 8.760960 -118.539452

 -208.774506 8.760960 -118.539452

 -216.273941 8.760960 -118.539452

 -220.507477 8.760960 -121.805336

 192.929245 8.760960 -114.305901

 188.695679 8.760960 -111.040024

 181.196243 8.760960 -111.040024

 173.696808 8.760960 -111.040024

 168.374619 8.760960 -111.040024

 147.932587 8.760960 -114.305901

 143.699066 8.760960 -113.217293

 136.199615 8.760960 -113.217293

 128.700180 8.760960 -113.217293

 121.200729 8.760960 -113.217293

 116.967178 8.760960 -114.305901

 -75.961891 8.760960 -111.040024

 -81.284073 8.760960 -111.040024

 -88.783516 8.760960 -111.040024

 -94.105690 8.760960 -111.040024

 -174.543213 8.760960 -107.774132

 -178.776779 8.760960 -108.862770

 -186.276199 8.760960 -111.040024

 -193.775650 8.760960 -111.040024

 -201.275085 8.760960 -111.040024

 -208.774506 8.760960 -111.040024

 -214.096710 8.760960 -111.040024

 186.518417 8.760960 -103.540581

 181.196243 8.760960 -103.540581

 173.696808 8.760960 -103.540581

 168.374619 8.760960 -103.540581

 -77.050522 8.760960 -106.806473

 -81.284073 8.760960 -105.717827

 -88.783516 8.760960 -105.717827

 -93.017067 8.760960 -106.806473

 -173.454590 8.760960 -103.540581

 -178.776779 8.760960 -103.540581

 -186.276199 8.760960 -103.540581

 -193.775650 8.760960 -103.540581

 -201.275085 8.760960 -103.540565

 -208.774506 8.760960 -103.540565

 -213.008041 8.760960 -106.806458

 186.518417 8.760960 -96.041138

 181.196243 8.760960 -96.041138

 173.696808 8.760960 -96.041138

 168.374619 8.760960 -96.041138

 -173.454590 8.760960 -96.041138

 -178.776779 8.760960 -96.041138

 -186.276199 8.760960 -96.041138

 -193.775650 8.760960 -96.041138

 -201.275085 8.760960 -98.218391

 -205.508621 8.760960 -99.307014

 186.518417 8.760960 -88.541710

 181.196243 8.760960 -88.541710

 173.696808 8.760960 -88.541710

 168.374619 8.760960 -88.541710

 -174.543213 8.760960 -91.807594

 -178.776779 8.760960 -90.718971

 -186.276230 8.760960 -90.718971

 -190.509750 8.760960 -91.807594

 186.518417 8.760960 -81.042267

 181.196243 8.760960 -81.042267

 173.696808 8.760960 -81.042267

 168.374619 8.760960 -81.042267

 186.518417 8.760960 -73.542839

 181.196243 8.760960 -73.542831

 173.696808 8.760960 -73.542831

 168.374619 8.760960 -73.542839

 132.933716 8.760960 -70.276947

 128.700180 8.760960 -71.365578

 121.200729 8.760960 -71.365578

 116.967178 8.760960 -70.276947

 186.518417 8.760960 -66.043388

 181.196243 8.760960 -66.043388

 173.696808 8.760960 -66.043388

 168.374619 8.760960 -66.043388

 134.022354 8.760960 -66.043388

 128.700180 8.760960 -66.043388

 121.200729 8.760960 -66.043388

 115.878555 8.760960 -66.043388

 192.929245 8.760960 -55.278072

 188.695679 8.760960 -58.543961

 181.196243 8.760960 -58.543961

 173.696808 8.760960 -58.543961

 168.374619 8.760960 -58.543961

 140.433151 8.760960 -55.278072

 136.199615 8.760960 -58.543961

 128.700180 8.760960 -58.543961

 121.200729 8.760960 -58.543961

 115.878555 8.760960 -58.543961

 194.017853 8.760960 -51.044518

 188.695679 8.760960 -51.044518

 181.196243 8.760960 -51.044518

 173.696808 8.760960 -51.044518

 169.463242 8.760960 -54.310402

 141.521805 8.760960 -51.044518

 136.199615 8.760960 -51.044518

 128.700180 8.760960 -51.044518

 121.200729 8.760960 -51.044518

 116.967178 8.760960 -54.310402

 194.017853 8.760960 -43.545082

 188.695679 8.760960 -43.545082

 181.196243 8.760960 -43.545082

 175.874054 8.760960 -43.545082

 141.521805 8.760960 -43.545082

 136.199615 8.760960 -43.545082

 128.700180 8.760960 -43.545082

 123.377998 8.760960 -43.545082

 194.017853 8.760960 -36.045647

 188.695679 8.760960 -36.045647

 181.196243 8.760960 -36.045647

 173.696808 8.760960 -36.045647

 169.463242 8.760960 -32.779762

 140.433151 8.760960 -39.311527

 136.199615 8.760960 -38.222904

 128.700180 8.760960 -38.222904

 124.466621 8.760960 -39.311527

 194.017853 8.760960 -28.546207

 188.695679 8.760960 -28.546207

 181.196243 8.760960 -28.546207

 173.696808 8.760960 -28.546207

 168.374619 8.760960 -28.546206

 192.929245 8.760960 -24.312654

 188.695679 8.760960 -21.046770

 181.196243 8.760960 -21.046766

 173.696808 8.760960 -21.046766

 168.374619 8.760960 -21.046766

 185.429794 8.760960 -16.813213

 181.196243 8.760960 -15.724586

 173.696808 8.760960 -15.724586

 169.463242 8.760960 -16.813211

 -189.542099 8.760960 42.214626

 -193.775650 8.760960 41.125999

 -198.009186 8.760960 42.214626

 -182.042648 8.760960 49.714066

 -186.276199 8.760960 46.448177

 -193.775650 8.760960 46.448177

 -201.275085 8.760960 46.448177

 -205.508621 8.760960 49.714066

 -180.954041 8.760960 53.947617

 -186.276199 8.760960 53.947613

 -193.775650 8.760960 53.947617

 -201.275085 8.760960 53.947617

 -206.597244 8.760960 53.947617

 -180.954041 8.760960 61.447052

 -186.276199 8.760960 61.447052

 -193.775650 8.760960 61.447052

 -201.275085 8.760960 61.447052

 -206.597244 8.760960 61.447060

 -159.544357 8.760960 72.212364

 -163.777908 8.760960 71.123741

 -171.277313 8.760960 71.123741

 -178.776779 8.760960 68.946480

 -186.276199 8.760960 68.946480

 -193.775650 8.760960 68.946480

 -201.275085 8.760960 68.946487

 -206.597244 8.760960 68.946495

 -152.044907 8.760960 79.711815

 -156.278473 8.760960 76.445923

 -163.777908 8.760960 76.445923

 -171.277313 8.760960 76.445923

 -178.776779 8.760960 76.445923

 -186.276199 8.760960 76.445923

 -193.775650 8.760960 76.445930

 -201.275085 8.760960 76.445930

 -205.508621 8.760960 73.180046

 -150.956284 8.760960 83.945358

 -156.278473 8.760960 83.945358

 -163.777908 8.760960 83.945358

 -171.277313 8.760960 83.945358

 -178.776779 8.760960 83.945358

 -186.276199 8.760960 83.945358

 -193.775650 8.760960 83.945358

 -199.097809 8.760960 83.945358

 -144.545471 8.760960 94.710686

 -148.779037 8.760960 91.444809

 -156.278473 8.760960 91.444809

 -163.777908 8.760960 91.444809

 -171.277313 8.760960 91.444809

 -178.776779 8.760960 91.444809

 -186.276199 8.760960 91.444809

 -193.775650 8.760960 91.444809

 -199.097809 8.760960 91.444794

 -129.546570 8.760960 102.210114

 -133.780151 8.760960 101.121490

 -141.279587 8.760960 98.944237

 -148.779037 8.760960 98.944237

 -156.278473 8.760960 98.944237

 -163.777908 8.760960 98.944237

 -171.277313 8.760960 98.944237

 -178.776779 8.760960 98.944237

 -186.276199 8.760960 98.944237

 -193.775650 8.760960 98.944237

 -199.097809 8.760960 98.944237

 -122.047150 8.760960 109.709541

 -126.280701 8.760960 106.443665

 -133.780136 8.760960 106.443665

 -141.279587 8.760960 106.443665

 -148.779037 8.760960 106.443665

 -156.278473 8.760960 106.443665

 -163.777908 8.760960 106.443665

 -168.011459 8.760960 103.177788

 -180.954041 8.760960 106.443665

 -186.276199 8.760960 106.443665

 -193.775650 8.760960 106.443665

 -199.097809 8.760960 106.443665

 -120.958519 8.760960 113.943108

 -126.280701 8.760960 113.943108

 -133.780136 8.760960 113.943108

 -141.279587 8.760960 113.943108

 -148.779037 8.760960 113.943108

 -156.278473 8.760960 111.765862

 -160.512024 8.760960 110.677216

 -180.954041 8.760960 113.943108

 -186.276199 8.760960 113.943108

 -193.775650 8.760960 113.943108

 -201.275085 8.760960 113.943108

 -205.508621 8.760960 117.209000

 -122.047150 8.760960 118.176666

 -126.280701 8.760960 121.442551

 -133.780136 8.760960 121.442551

 -141.279587 8.760960 121.442551

 -145.513138 8.760960 118.176666

 -180.954041 8.760960 121.442551

 -186.276199 8.760960 121.442551

 -193.775650 8.760960 121.442551

 -201.275085 8.760960 121.442551

 -206.597244 8.760960 121.442551

 -129.546570 8.760960 125.676102

 -133.780151 8.760960 126.764740

 -138.013702 8.760960 125.676102

 -182.042648 8.760960 125.676102

 -186.276199 8.760960 128.942001

 -193.775650 8.760960 128.942001

 -201.275085 8.760960 128.942001

 -206.597244 8.760960 128.941986

 -189.542099 8.760960 133.175552

 -193.775650 8.760960 136.441437

 -201.275085 8.760960 136.441437

 -208.774506 8.760960 136.441437

 -213.008041 8.760960 139.707306

 -195.952896 8.760960 143.940872

 -201.275085 8.760960 143.940872

 -208.774506 8.760960 143.940872

 -216.273941 8.760960 143.940872

 -220.507477 8.760960 147.206757

 -195.952896 8.760960 151.440308

 -201.275085 8.760960 151.440292

 -208.774506 8.760960 151.440292

 -216.273941 8.760960 151.440292

 -223.773361 8.760960 151.440292

 -228.006927 8.760960 154.706207

 -197.041519 8.760960 155.673859

 -201.275085 8.760960 158.939758

 -208.774506 8.760960 158.939758

 -216.273941 8.760960 158.939758

 -223.773361 8.760960 158.939758

 -229.095566 8.760960 158.939758

 -204.540955 8.760960 163.173294

 -208.774506 8.760960 166.439178

 -216.273941 8.760960 166.439178

 -223.773361 8.760960 166.439178

 -229.095566 8.760960 166.439194

 -210.951767 8.760960 173.938614

 -216.273941 8.760960 173.938614

 -223.773361 8.760960 173.938614

 -229.095566 8.760960 173.938614

 -210.951767 8.760960 181.438065

 -216.273941 8.760960 181.438065

 -223.773361 8.760960 181.438065

 -229.095566 8.760960 181.438065

 -212.040405 8.760960 185.671600

 -216.273941 8.760960 186.760254

 -223.773361 8.760960 186.760254

 -228.006927 8.760960 185.671600

 -134.075851 13.607999 -230.735306

 -140.752380 13.607999 -233.020996

 -149.306229 13.607999 -233.020996

 -155.324036 13.607999 -231.272430

 -131.905899 13.607999 -224.640320

 -159.248672 13.607999 -226.501740

 -164.019318 13.607999 -222.577133

 -126.576401 13.607999 -215.736420

 -130.308929 13.607999 -218.397446

 -165.767914 13.607999 -216.559341

 -194.071335 13.607999 -215.736420

 -200.747864 13.607999 -218.022141

 -208.774506 13.607999 -218.055359

 -216.801163 13.607999 -218.022141

 -223.477676 13.607999 -215.736420

 45.251945 13.607999 -208.774094

 39.234146 13.607999 -210.522690

 31.207499 13.607999 -210.555908

 23.708054 13.607999 -210.555908

 16.208620 13.607999 -210.555908

 8.709183 13.607999 -210.555908

 1.209748 13.607999 -210.555908

 -6.289691 13.607999 -210.555908

 -13.789128 13.607999 -210.555908

 -21.815784 13.607999 -210.522690

 -27.833580 13.607999 -208.774094

 -118.539848 13.607999 -207.578247

 -123.310516 13.607999 -211.502853

 -165.801132 12.844583 -208.532684

 -191.901398 13.607999 -209.641434

 -225.763397 13.607999 -209.059937

 53.410103 13.607999 -200.737549

 49.176552 13.607999 -204.003433

 -31.153311 13.607999 -204.504471

 -36.878902 13.607999 -203.014633

 -44.314095 13.607999 -203.023254

 -50.331902 13.607999 -201.274673

 -116.791260 13.607999 -201.560471

 -165.759277 12.844583 -201.624710

 -186.571899 13.607999 -200.737549

 -190.304428 13.607999 -203.398560

 -225.796616 12.844583 -201.033249

 61.446640 13.607999 -192.579391

 56.675987 13.607999 -196.503998

 -54.256508 13.607999 -196.503998

 -59.027184 13.607999 -192.579391

 -116.758049 12.844583 -193.533829

 -167.249115 13.607999 -195.899139

 -170.981628 13.607999 -193.238129

 -179.072464 13.607999 -193.238129

 -183.306015 13.607999 -196.503998

 -225.763397 12.844583 -193.006622

 63.195236 13.607999 -186.561615

 28.842188 13.607999 -182.563156

 23.116594 13.607999 -184.052994

 16.208620 12.844583 -184.011139

 8.709183 12.844583 -184.011139

 1.209748 12.844583 -184.011139

 -6.289691 12.844583 -184.011139

 -13.197670 13.607999 -184.052994

 -18.923264 13.607999 -182.563156

 -60.808975 13.607999 -186.034393

 -116.758049 12.844583 -186.034393

 -173.130295 13.607999 -189.804062

 -176.923798 13.607999 -189.804062

 -211.139816 13.607999 -182.563156

 -217.382690 13.607999 -184.160126

 -223.477676 12.844583 -186.330078

 112.746880 13.607999 -178.776352

 106.729088 13.607999 -180.524933

 98.702431 13.607999 -180.558167

 91.202988 13.607999 -180.558167

 83.176346 13.607999 -180.524933

 76.499802 13.607999 -178.239243

 63.228455 12.844583 -178.534943

 35.235718 13.607999 -176.169632

 31.503191 13.607999 -178.830643

 -22.243000 13.607999 -178.293518

 -28.260796 13.607999 -176.544968

 -36.287445 13.607999 -176.511734

 -43.786880 13.607999 -176.511734

 -51.813530 13.607999 -176.544968

 -58.490059 13.607999 -178.830643

 -116.799896 12.844583 -179.126404

 -205.044754 13.607999 -176.681976

 -208.478806 13.607999 -178.830643

 210.898331 13.607999 -170.739792

 204.221786 13.607999 -173.025513

 196.195114 13.607999 -173.058731

 188.695694 13.607999 -173.058731

 181.196243 13.607999 -173.058731

 173.696808 13.607999 -173.058731

 165.670135 13.607999 -173.025513

 159.652359 13.607999 -171.276901

 127.745750 13.607999 -171.276901

 122.309486 13.607999 -172.909760

 116.066612 13.607999 -174.506729

 74.214104 13.607999 -171.562729

 63.228455 12.844583 -171.035507

 36.725571 13.607999 -170.444046

 -111.040405 13.607999 -170.081070

 -115.310051 13.607999 -173.400818

 -204.633896 13.607999 -173.557877

 -209.365952 13.607999 -173.016891

 -216.801163 12.844583 -173.025513

 -222.818954 13.607999 -171.276901

 213.183975 13.607999 -164.063293

 156.332626 13.607999 -167.007294

 150.089737 13.607999 -165.410309

 143.994736 13.607999 -163.240356

 136.441025 13.607999 -162.581619

 131.670364 13.607999 -166.506256

 74.222740 12.844583 -164.127533

 63.228455 12.844583 -163.536087

 36.683712 12.844583 -163.536087

 -109.258606 13.607999 -163.536087

 -226.743561 13.607999 -166.506256

 -231.514236 13.607999 -162.581619

 213.217209 12.844583 -156.036652

 141.709061 13.607999 -156.563873

 138.189606 13.607999 -156.563873

 104.348900 13.607999 -152.266953

 101.224792 13.607999 -152.677811

 72.732903 13.607999 -158.401947

 69.000374 13.607999 -155.740936

 63.186600 12.844583 -156.628098

 36.683712 12.844583 -156.036652

 -111.040405 12.844583 -156.991058

 -115.811081 12.844583 -153.066452

 -233.262787 13.607999 -156.563873

 213.183975 12.844583 -148.009979

 178.673874 13.607999 -145.178391

 176.219177 13.607999 -145.178391

 141.675827 12.844583 -148.537201

 138.222824 12.844583 -148.537201

 110.230087 13.607999 -146.171890

 106.497566 13.607999 -148.832886

 100.576675 13.607999 -147.428452

 66.851715 13.607999 -152.306870

 63.727608 13.607999 -151.896011

 36.683712 12.844583 -148.537201

 -59.740189 13.607999 -148.778625

 -65.757988 13.607999 -150.527191

 -73.784630 13.607999 -150.560410

 -81.811287 13.607999 -150.527191

 -87.829094 13.607999 -148.778625

 -119.735687 13.607999 -148.295776

 -125.171959 13.607999 -146.662949

 -131.414825 13.607999 -145.065994

 -233.296021 12.844583 -148.537201

 211.435410 13.607999 -141.992203

 207.165756 13.607999 -138.672455

 179.173019 13.607999 -141.037766

 175.720016 13.607999 -141.037766

 141.717682 12.844583 -141.629211

 138.180984 12.844583 -141.629211

 111.719940 13.607999 -140.446304

 98.943840 12.844583 -141.992188

 94.173164 13.607999 -138.067596

 36.716930 12.844583 -140.510544

 -51.044907 12.844583 -140.083344

 -55.815582 13.607999 -144.007950

 -91.753700 13.607999 -144.007950

 -96.524368 13.607999 -140.083344

 -134.075836 12.844583 -141.333466

 -138.309402 13.607999 -138.067596

 -233.262787 12.844583 -140.510544

 205.568802 13.607999 -132.429581

 178.673874 12.844583 -136.897156

 176.219177 12.844583 -136.897156

 141.176697 13.607999 -136.897156

 138.721985 13.607999 -136.897156

 111.678085 12.844583 -133.538330

 90.248558 13.607999 -133.296921

 84.812294 13.607999 -131.664093

 78.569405 13.607999 -130.067123

 43.236183 13.607999 -130.568146

 38.465515 13.607999 -134.492767

 -49.296326 13.607999 -134.065552

 -98.272949 13.607999 -134.065552

 -142.234009 13.607999 -133.296906

 -147.670288 13.607999 -131.664093

 -153.913162 13.607999 -130.067123

 -227.244598 13.607999 -131.173035

 -231.514236 12.844583 -134.492752

 203.935989 13.607999 -126.993324

 199.666321 13.607999 -123.673592

 170.726608 13.607999 -123.068710

 169.167557 13.607999 -123.068710

 111.678085 12.844583 -126.038887

 75.249687 13.607999 -125.797493

 69.231895 12.844583 -124.048889

 61.205238 12.844583 -124.015678

 53.178596 13.607999 -124.048889

 47.160782 13.607999 -125.797493

 -49.296326 12.844583 -125.511673

 -98.306160 12.844583 -126.038887

 -156.574188 13.607999 -126.334602

 -160.807724 13.607999 -123.068710

 -173.130295 12.844583 -122.269211

 -176.923798 12.844583 -122.269211

 -225.647644 12.844583 -124.930138

 198.069351 13.607999 -117.430710

 170.726608 12.844583 -121.509628

 163.227173 13.607999 -115.569283

 158.697922 13.607999 -116.516235

 153.563797 13.607999 -115.068237

 111.711304 12.844583 -118.012230

 -51.582027 12.844583 -118.835144

 -58.258553 13.607999 -116.549461

 -65.693741 12.844583 -116.558090

 -70.814453 13.607999 -115.569267

 -98.306160 12.844583 -118.539452

 -165.190826 13.607999 -118.035667

 -169.864426 13.607999 -118.035667

 -179.072464 12.844583 -118.835144

 -182.506531 13.607999 -116.686478

 -219.745148 13.607999 -116.174149

 -224.014771 13.607999 -119.493866

 196.436539 12.844583 -111.994453

 192.166885 13.607999 -108.674706

 164.215988 13.607999 -110.448563

 150.244034 13.607999 -110.798599

 144.226273 13.607999 -109.050034

 136.199615 13.607999 -109.016808

 128.700180 13.607999 -109.016808

 120.673515 13.607999 -109.050034

 113.996994 13.607999 -111.335716

 -71.910393 13.607999 -109.931282

 -98.272949 12.844583 -110.512802

 -171.573029 13.607999 -110.744324

 -177.668030 13.607999 -112.914261

 -182.917389 12.844583 -113.562378

 -218.148193 13.607999 -109.931282

 190.677048 13.607999 -102.949120

 164.174133 12.844583 -103.540581

 -74.080338 13.607999 -103.836281

 -80.756851 13.607999 -101.550575

 -89.310730 13.607999 -101.550575

 -95.987259 13.607999 -103.836281

 -169.287338 13.607999 -104.067787

 -211.744705 13.607999 -100.570389

 -216.515366 12.844583 -104.495003

 190.718903 12.844583 -96.041138

 164.174133 12.844583 -96.041138

 -169.287338 12.844583 -95.513931

 -196.140945 13.607999 -92.569923

 -202.383835 13.607999 -94.166885

 -207.820084 13.607999 -95.799721

 190.718903 12.844583 -88.541710

 164.174133 12.844583 -88.541710

 -171.573029 12.844583 -88.837410

 -178.249557 12.844583 -86.551712

 -186.803436 13.607999 -86.551712

 -192.821198 13.607999 -88.300293

 190.718903 12.844583 -81.042267

 164.174133 12.844583 -81.042267

 190.718903 12.844583 -73.542839

 164.174133 12.844583 -73.542839

 135.903915 13.607999 -73.247131

 129.227402 13.607999 -75.532837

 120.673508 12.844583 -75.532837

 113.996994 12.844583 -73.247131

 190.677048 12.844583 -66.634850

 164.174133 12.844583 -66.043388

 138.073853 12.844583 -67.152145

 111.711304 12.844583 -66.570602

 196.436539 12.844583 -57.589527

 192.166885 12.844583 -60.909271

 164.207367 12.844583 -58.016754

 143.940445 12.844583 -57.589539

 139.670822 13.607999 -60.909260

 111.711304 12.844583 -58.016743

 198.185120 12.844583 -51.571728

 170.225571 12.844583 -48.679207

 165.955933 13.607999 -51.998951

 145.689056 13.607999 -51.571743

 117.729515 13.607999 -48.679207

 113.459877 12.844583 -51.998951

 198.218338 13.607999 -43.545082

 171.673584 13.607999 -43.545082

 145.689056 12.844583 -43.017853

 119.326492 13.607999 -42.436337

 198.218338 12.844583 -36.045647

 170.225571 12.844583 -38.410954

 165.955933 12.844583 -35.091217

 143.403336 13.607999 -36.341339

 136.726837 13.607999 -34.055649

 128.172958 12.844583 -34.055649

 121.496437 13.607999 -36.341347

 198.185120 12.844583 -28.018997

 164.207367 12.844583 -29.073416

 196.436539 12.844583 -22.001196

 191.665863 12.844583 -18.076582

 164.207367 12.844583 -20.519558

 187.741257 13.607999 -13.305916

 181.723465 13.607999 -11.557327

 173.169601 13.607999 -11.557327

 166.493042 13.607999 -13.843029

 -187.230637 13.607999 38.707321

 -193.775650 12.844583 36.925526

 -200.320633 13.607999 38.707329

 -178.535355 12.844583 47.402607

 -183.306015 12.844583 43.477997

 -204.245270 13.607999 43.477997

 -209.015915 12.844583 47.402607

 -176.786774 13.607999 53.420410

 -210.764511 13.607999 53.420395

 -176.795410 12.844583 60.855587

 -210.797729 12.844583 61.447060

 -157.232910 13.607999 68.705070

 -163.250702 13.607999 66.956482

 -170.685867 12.844583 66.965118

 -175.806595 13.607999 65.976295

 -210.764511 12.844583 69.473717

 -148.537613 13.607999 77.400360

 -153.308289 13.607999 73.475739

 -204.746292 12.844583 78.811241

 -209.015915 12.844583 75.491508

 -146.904770 13.607999 82.836617

 -203.256439 13.607999 84.536835

 -141.575272 12.844583 91.740501

 -145.307816 13.607999 89.079498

 -203.298294 12.844583 91.444794

 -127.235130 12.844583 98.702812

 -132.671402 12.844583 97.069984

 -138.914261 13.607999 95.473022

 -173.130295 12.844583 102.713913

 -176.254410 12.844583 102.303055

 -203.298294 12.844583 98.944237

 -118.539848 12.844583 107.398102

 -123.310516 12.844583 103.473488

 -166.748093 12.844583 109.413857

 -170.981628 12.844583 106.147964

 -176.795410 12.844583 107.035133

 -203.256439 12.844583 105.852211

 -116.758049 12.844583 113.943108

 -151.144348 13.607999 117.414307

 -157.387222 12.844583 115.817360

 -162.823502 13.607999 114.184509

 -176.753555 12.844583 113.943108

 -204.746292 12.844583 111.577797

 -209.015915 12.844583 114.897530

 -118.539848 12.844583 120.488113

 -123.310516 12.844583 124.412727

 -144.249756 13.607999 124.412720

 -148.483322 12.844583 121.146851

 -176.786774 12.844583 121.969749

 -210.764511 12.844583 120.915329

 -127.235115 12.844583 129.183395

 -133.780151 12.844583 130.965210

 -140.325165 13.607999 129.183395

 -178.535355 12.844583 127.987541

 -183.306015 12.844583 131.912186

 -210.755890 12.844583 128.350525

 -186.571899 12.844583 136.145737

 -190.304428 12.844583 138.806747

 -212.245728 13.607999 134.076111

 -215.978241 13.607999 136.737122

 -191.794266 12.844583 144.532333

 -219.244125 12.844583 140.970673

 -223.477676 12.844583 144.236572

 -191.785660 12.844583 151.967529

 -226.743561 12.844583 148.470123

 -231.514236 12.844583 152.394745

 -193.534210 12.844583 157.985321

 -198.304901 13.607999 161.909927

 -233.262787 12.844583 158.412537

 -201.570770 13.607999 166.143478

 -205.303299 13.607999 168.804489

 -233.296021 12.844583 166.439194

 -206.793152 13.607999 174.530075

 -233.296021 12.844583 173.938614

 -206.784531 12.844583 181.965286

 -233.262787 12.844583 181.965286

 -209.070190 12.844583 188.641769

 -215.746704 13.607999 190.927505

 -224.300598 13.607999 190.927505

 -230.977097 13.607999 188.641785

 -79.971886 8.424664 -101.775375

 -79.353157 8.275637 -98.468285

 -78.734428 8.126610 -95.161194

 -78.115700 7.977583 -91.854103

 -77.496971 7.828556 -88.547012

 -76.878250 7.679529 -85.239922

 -76.259521 7.530502 -81.932831

 -75.640793 7.381475 -78.625748

 -75.022072 7.232448 -75.318657

 -76.222176 8.463493 -101.775375

 -75.603447 8.333881 -98.468285

 -74.984718 8.204269 -95.161194

 -74.365990 8.074657 -91.854103

 -73.747261 7.945045 -88.547012

 -73.128540 7.815434 -85.239922

 -72.509811 7.685822 -81.932831

 -71.891083 7.556210 -78.625748

 -71.272362 7.426598 -75.318657

 -80.627975 8.592812 -103.746597

 -76.636353 8.612226 -104.290924

 3.679018 7.023272 -113.242874

 4.082616 6.777812 -112.965286

 3.679018 7.023272 -106.929207

 4.082616 6.777812 -107.206795

 12.858690 7.023272 -113.242874

 12.455093 6.777812 -112.965286

 12.858690 7.023272 -106.929207

 12.455093 6.777812 -107.206795

 9.798800 7.023272 -106.929207

 6.738909 7.023272 -106.929207

 7.043836 6.777812 -107.206795

 9.493873 6.777812 -107.206795

 6.738909 7.023272 -113.242874

 9.798800 7.023272 -113.242874

 9.493873 6.777812 -112.965286

 7.043836 6.777812 -112.965286

 6.738909 6.988390 -115.603714

 9.798800 6.988390 -115.603714

 9.493873 6.742930 -115.326126

 7.043836 6.742930 -115.326126

 32.639072 -3.153989 61.447052

 34.956211 -3.173941 58.126869

 37.298103 -3.975430 61.447052

 34.956211 -3.173940 63.768246

 33.941360 -2.676908 65.492332

 34.775753 -15.738070 63.128994

 36.508083 -3.079599 65.380264

 35.415905 -15.738070 63.101044

 38.243790 -4.083667 63.486076

 35.848797 -15.738070 62.628628

 38.131721 -4.083667 60.919353

 35.820847 -15.738070 61.988476

 36.237534 -3.402879 59.183647

 35.348427 -15.738070 61.555584

 33.670811 -3.068923 59.295715

 34.708279 -15.738070 61.583534

 31.935106 -2.919709 61.189903

 34.275387 -15.738070 62.055954

 32.047173 -2.775903 63.756626

 34.303337 -15.738070 62.696102

 34.035843 -5.641003 65.232750

 34.441124 -6.941723 64.048386

 34.553425 -9.147135 63.739838

 34.609009 -10.794869 63.587128

 34.664589 -12.442603 63.434418

 34.720173 -14.090337 63.281704

 35.484585 -14.090337 63.248329

 35.553265 -12.442603 63.395615

 35.621944 -10.794868 63.542900

 35.690624 -9.147135 63.690186

 35.829391 -6.941723 63.987774

 36.391338 -5.641003 65.129906

 36.001507 -14.090337 62.684208

 36.154217 -12.442603 62.739792

 36.306931 -10.794868 62.795372

 36.459641 -9.147135 62.850956

 36.768188 -6.941723 62.963257

 37.984207 -5.641003 63.391594

 35.968132 -14.090337 61.919796

 36.115417 -12.442603 61.851116

 36.262703 -10.794868 61.782436

 36.409988 -9.147135 61.713757

 36.707573 -6.941723 61.574989

 37.881363 -5.641003 61.036098

 35.404011 -14.090337 61.402874

 35.459595 -12.442603 61.250164

 35.515175 -10.794868 61.097454

 35.570759 -9.147135 60.944740

 35.683060 -6.941723 60.636192

 36.143055 -5.641003 59.443230

 34.639599 -14.090337 61.436249

 34.570919 -12.442603 61.288963

 34.502235 -10.794868 61.141678

 34.433556 -9.147135 60.994392

 34.294788 -6.941723 60.696808

 33.787556 -5.641003 59.546074

 34.122677 -14.090337 62.000370

 33.969967 -12.442603 61.944790

 33.817253 -10.794868 61.889206

 33.664543 -9.147135 61.833626

 33.355995 -6.941723 61.721321

 32.194687 -5.641003 61.284382

 34.156052 -14.090337 62.764782

 34.008766 -12.442603 62.833466

 33.861481 -10.794868 62.902145

 33.714195 -9.147135 62.970825

 33.416607 -6.941723 63.109592

 32.297531 -5.641003 63.639881

 35.707027 -16.468414 63.725357

 34.540154 -16.468414 63.776302

 36.496109 -16.468414 62.864223

 36.445160 -16.468414 61.697350

 35.584030 -16.468414 60.908268

 34.417156 -16.468414 60.959213

 33.628075 -16.468414 61.820347

 33.679020 -16.468414 62.987221

 35.062092 -18.999489 62.342285

 36.021988 -4.824774 56.670334

 36.116467 -2.926923 56.410748

 33.549744 -2.532516 56.522816

 33.666489 -4.824774 56.773174

 -3.071642 -3.725712 119.983604

 -2.659495 -7.907657 118.759216

 -1.788992 -4.076533 119.925545

 -2.327846 -7.907657 118.744736

 -0.921621 -4.313773 118.944214

 -2.103575 -7.907657 118.499992

 -0.977624 -4.298456 117.614449

 -2.118055 -7.907657 118.168335

 -1.924193 -4.039556 116.715218

 -2.362805 -7.907657 117.944069

 -3.206843 -3.688735 116.773277

 -2.694452 -7.907657 117.958549

 -4.074214 -3.451499 117.754616

 -2.918723 -7.907657 118.203293

 -4.018211 -3.466815 119.084373

 -2.904243 -7.907657 118.534943

 -3.042825 -5.808138 119.849129

 -2.832858 -6.482013 119.235535

 -2.731483 -7.201004 118.957008

 -2.238893 -7.201004 118.935501

 -2.113628 -6.482012 119.204132

 -1.822496 -5.808138 119.795845

 -1.905784 -7.201004 118.571976

 -1.627258 -6.482012 118.673347

 -0.997266 -5.808138 118.895264

 -1.927292 -7.201004 118.079391

 -1.658662 -6.482012 117.954117

 -1.050547 -5.808138 117.674934

 -2.290814 -7.201004 117.746277

 -2.189439 -6.482012 117.467751

 -1.951126 -5.808138 116.849701

 -2.783406 -7.201004 117.767776

 -2.908672 -6.482012 117.499153

 -3.171458 -5.808138 116.902985

 -3.116513 -7.201004 118.131310

 -3.395040 -6.482012 118.029930

 -3.996687 -5.808138 117.803558

 -3.095006 -7.201004 118.623901

 -3.363638 -6.482012 118.749161

 -3.943406 -5.808138 119.023895

 -2.177022 -8.286032 119.068176

 -2.781553 -8.286032 119.094574

 -1.768216 -8.286032 118.622047

 -1.794612 -8.286032 118.017509

 -2.240744 -8.286032 117.608704

 -2.845276 -8.286032 117.635101

 -3.254081 -8.286032 118.081230

 -3.227688 -8.286032 118.685768

 -2.511149 -9.597324 118.351639

 -2.013848 -5.385268 115.413132

 -1.984692 -4.023006 115.278648

 -3.267342 -3.672185 115.336700

 -3.234180 -5.385268 115.466408

 -130.162933 0.943479 166.585083

 -132.672409 1.543317 166.638718

 -132.415497 1.760906 164.807999

 -127.877754 1.619935 164.317902

 -127.630157 1.409850 166.530411

 -132.415497 1.760906 168.816162

 -127.877769 1.724822 168.816162

 -130.152603 1.449385 164.287354

 -130.152588 1.472564 169.100632

 -134.211472 4.892907 166.619415

 -133.316254 4.819591 164.040558

 -130.082962 4.864519 162.787964

 -126.853020 4.618802 163.291351

 -133.316254 4.819591 169.710297

 -130.082962 4.899161 170.677612

 -127.725891 4.671053 166.457535

 -126.853020 4.779143 169.710312

 -133.011215 3.088642 164.324554

 -127.229385 2.909022 163.655945

 -126.425438 2.848247 166.490814

 -127.229385 3.052112 169.397797

 -133.817459 3.046604 166.636993

 -130.122391 2.961526 163.202469

 -133.011200 3.088642 169.397797

 -130.122375 2.992813 170.265488

 -126.535904 4.740970 168.561554

 -126.534264 4.637351 164.415314

 -70.048515 7.609152 -71.687737

 -73.798225 7.572332 -71.687737

 -80.625717 9.034406 -103.715950

 -79.974945 8.866523 -101.748894

 -79.359894 8.717801 -98.448395

 -78.743454 8.568714 -95.140884

 -78.127007 8.419615 -91.833366

 -77.510567 8.270503 -88.525848

 -76.894135 8.121380 -85.218338

 -76.277687 7.972244 -81.910820

 -75.661240 7.823096 -78.603317

 -75.040382 7.674112 -75.295250

 -76.634499 9.053816 -104.260178

 -76.225845 8.905437 -101.750443

 -75.610451 8.776039 -98.448349

 -74.994011 8.646366 -95.140831

 -74.377563 8.516680 -91.833313

 -73.761124 8.386982 -88.525803

 -73.144684 8.257272 -85.218285

 -72.528244 8.127550 -81.910774

 -71.911797 7.997816 -78.603271

 -71.289429 7.868297 -75.294975

 -77.045609 9.202576 -106.216324

 -81.279160 9.202576 -105.127678

 -73.784622 6.014085 -71.365570

 -70.034912 6.050905 -71.365570

 -77.050522 7.644490 -106.806473

 -81.284073 7.644490 -105.717827

 -79.971886 7.308194 -101.775375

 -79.353157 7.159167 -98.468285

 -78.734428 7.010140 -95.161194

 -78.115700 6.861114 -91.854103

 -77.496971 6.712087 -88.547012

 -76.878250 6.563060 -85.239922

 -76.259521 6.414033 -81.932831

 -75.640793 6.265006 -78.625748

 -75.022072 6.115979 -75.318657

 -76.222176 7.347024 -101.775375

 -75.603447 7.217412 -98.468285

 -74.984718 7.087800 -95.161194

 -74.365990 6.958188 -91.854103

 -73.747261 6.828576 -88.547012

 -73.128540 6.698964 -85.239922

 -72.509811 6.569352 -81.932831

 -71.891083 6.439740 -78.625748

 -71.272362 6.310128 -75.318657

 -80.627975 7.476342 -103.746597

 -76.636353 7.495757 -104.290924

 -70.048515 6.492683 -71.687737

 -73.798225 6.455863 -71.687737

 -80.625717 7.917936 -103.715950

 -79.974945 7.750053 -101.748894

 -79.359894 7.601332 -98.448395

 -78.743454 7.452245 -95.140884

 -78.127007 7.303145 -91.833366

 -77.510567 7.154034 -88.525848

 -76.894135 7.004910 -85.218338

 -76.277687 6.855775 -81.910820

 -75.661240 6.706627 -78.603317

 -75.040382 6.557642 -75.295250

 -76.634499 7.937346 -104.260178

 -76.225845 7.788968 -101.750443

 -75.610451 7.659570 -98.448349

 -74.994011 7.529897 -95.140831

 -74.377563 7.400210 -91.833313

 -73.761124 7.270513 -88.525803

 -73.144684 7.140802 -85.218285

 -72.528244 7.011081 -81.910774

 -71.911797 6.881346 -78.603271

 -71.289429 6.751827 -75.294975

 -77.045609 8.086106 -106.216324

 -81.279160 8.086106 -105.127678

 -80.902489 7.440243 -103.651665

 -80.255356 7.302094 -101.702721

 -79.640854 7.152392 -98.414871

 -79.022102 7.001817 -95.107849

 -78.403336 6.851254 -91.800835

 -77.784569 6.700691 -88.493820

 -77.165794 6.550128 -85.186813

 -76.547012 6.399567 -81.879799

 -75.928230 6.249705 -78.572670

 -75.305618 6.118688 -75.246109

 -76.348373 7.514364 -104.339859

 -75.933868 7.351894 -101.825653

 -75.315758 7.224372 -98.521736

 -74.697060 7.096303 -95.214577

 -74.078369 6.968226 -91.907417

 -73.459686 6.840150 -88.600258

 -72.841011 6.712073 -85.293098

 -72.222343 6.583997 -81.985939

 -71.603668 6.454987 -78.678947

 -70.988991 6.306784 -75.391869

 -72.240776 7.025728 -81.963882

 -80.258377 7.743953 -101.676079

 -80.900093 7.881048 -103.620949

 -75.948677 6.691327 -78.550240

 -76.565178 6.841312 -81.857788

 -71.005989 6.748708 -75.367943

 -69.757973 6.029348 -71.457832

 -69.771576 6.471126 -71.779999

 -73.473549 7.282089 -88.579048

 -74.061867 6.035009 -71.274078

 -72.857155 7.153914 -85.271461

 -79.647591 7.594560 -98.394981

 -79.031128 7.443924 -95.087540

 -78.414642 7.293289 -91.780098

 -77.798164 7.142641 -88.472656

 -77.181679 6.991981 -85.165230

 -75.323891 6.560490 -75.222557

 -76.346512 7.955822 -104.309097

 -75.937546 7.793848 -101.800743

 -75.322762 7.666533 -98.501793

 -74.706352 7.538402 -95.194214

 -74.089943 7.410252 -91.886627

 -71.624382 6.896592 -78.656471

 -74.075470 6.476787 -71.596245

 -81.547211 8.019971 -105.030487

 -76.759262 8.119501 -106.266945

 -81.552124 7.578355 -105.620636

 -76.764175 7.677886 -106.857094

 -75.444038 5.729379 -98.322754

 -75.425163 8.864838 -98.343529

 -75.503204 5.723215 -98.761398

 -75.486633 8.858969 -98.781860

 -75.156212 5.692377 -98.361061

 -75.137558 8.827812 -98.383362

 -75.215401 5.686220 -98.799706

 -75.199036 8.821945 -98.821693

 -76.958229 5.729379 -106.449242

 -76.939354 8.864838 -106.470016

 -77.017395 5.723215 -106.887886

 -77.000824 8.858969 -106.908348

 -76.670403 5.692377 -106.487549

 -76.651749 8.827812 -106.509850

 -76.729591 5.686220 -106.926193

 -76.713226 8.821945 -106.948181

 -74.050400 5.729379 -90.939224

 -74.031525 8.864838 -90.959999

 -74.109566 5.723215 -91.377869

 -74.092995 8.858969 -91.398331

 -73.762573 5.692377 -90.977531

 -73.743919 8.827812 -90.999832

 -73.821762 5.686220 -91.416176

 -73.805397 8.821945 -91.438164

 -72.391541 5.729379 -82.259140

 -72.372665 8.864838 -82.279915

 -72.450706 5.723215 -82.697784

 -72.434135 8.858969 -82.718246

 -72.103714 5.692377 -82.297447

 -72.085060 8.827812 -82.319748

 -72.162903 5.686220 -82.736092

 -72.146538 8.821945 -82.758080

 -71.330643 5.729379 -76.472420

 -71.311768 8.864838 -76.493195

 -71.389809 5.723215 -76.911064

 -71.373238 8.858969 -76.931526

 -71.042816 5.692377 -76.510727

 -71.024162 8.827812 -76.533028

 -71.102005 5.686220 -76.949371

 -71.085640 8.821945 -76.971359

 -69.961121 5.729379 -71.341522

 -69.942245 8.864838 -71.362297

 -70.020287 5.723215 -71.780167

 -70.003716 8.858969 -71.800629

 -69.673294 5.692377 -71.379829

 -69.654640 8.827812 -71.402130

 -69.732483 5.686220 -71.818474

 -69.716118 8.821945 -71.840462

 -79.772507 5.729379 -98.132950

 -79.753632 8.864838 -98.153725

 -79.831673 5.723215 -98.571594

 -79.815102 8.858969 -98.592056

 -79.484680 5.692377 -98.171257

 -79.466026 8.827812 -98.193558

 -79.543869 5.686220 -98.609901

 -79.527504 8.821945 -98.631889

 -81.749634 5.729379 -105.356712

 -81.730759 8.864838 -105.377487

 -81.808800 5.723215 -105.795357

 -81.792229 8.858969 -105.815819

 -81.461807 5.692377 -105.395020

 -81.443153 8.827812 -105.417320

 -81.520996 5.686220 -105.833664

 -81.504631 8.821945 -105.855652

 -78.378868 5.729379 -90.749420

 -78.359993 8.864838 -90.770195

 -78.438034 5.723215 -91.188065

 -78.421463 8.858969 -91.208527

 -78.091042 5.692377 -90.787727

 -78.072388 8.827812 -90.810028

 -78.150230 5.686220 -91.226372

 -78.133865 8.821945 -91.248360

 -76.720009 5.729379 -82.069336

 -76.701134 8.864838 -82.090111

 -76.779175 5.723215 -82.507980

 -76.762604 8.858969 -82.528442

 -76.432182 5.692377 -82.107643

 -76.413528 8.827812 -82.129944

 -76.491371 5.686220 -82.546288

 -76.475006 8.821945 -82.568275

 -75.659111 5.729379 -76.282616

 -75.640236 8.864838 -76.303391

 -75.718277 5.723215 -76.721260

 -75.701706 8.858969 -76.741722

 -75.371284 5.692377 -76.320923

 -75.352631 8.827812 -76.343224

 -75.430473 5.686220 -76.759567

 -75.414108 8.821945 -76.781555

 -74.289589 5.729379 -71.151718

 -74.270714 8.864838 -71.172493

 -74.348755 5.723215 -71.590363

 -74.332184 8.858969 -71.610825

 -74.001762 5.692377 -71.190025

 -73.983109 8.827812 -71.212326

 -74.060951 5.686220 -71.628670

 -74.044586 8.821945 -71.650658

 -75.425163 13.571198 -98.343529

 -75.486633 13.570715 -98.781860

 -75.137558 13.568150 -98.383362

 -75.199036 13.567667 -98.821693

 -74.031525 13.571198 -90.959999

 -74.092995 13.570715 -91.398331

 -73.743919 13.568150 -90.999832

 -73.805397 13.567667 -91.438164

 -72.372665 13.571198 -82.279915

 -72.434135 13.570715 -82.718246

 -72.085060 13.568150 -82.319748

 -72.146538 13.567667 -82.758080

 -71.311768 13.571198 -76.493195

 -71.373238 13.570715 -76.931526

 -71.024162 13.568150 -76.533028

 -71.085640 13.567667 -76.971359

 -79.753632 13.571198 -98.153725

 -79.815102 13.570715 -98.592056

 -79.466026 13.568150 -98.193558

 -79.527504 13.567667 -98.631889

 -78.359993 13.571198 -90.770195

 -78.421463 13.570715 -91.208527

 -78.072388 13.568150 -90.810028

 -78.133865 13.567667 -91.248360

 -76.701134 13.571198 -82.090111

 -76.762604 13.570715 -82.528442

 -76.413528 13.568150 -82.129944

 -76.475006 13.567667 -82.568275

 -75.640236 13.571198 -76.303391

 -75.701706 13.570715 -76.741722

 -75.352631 13.568150 -76.343224

 -75.414108 13.567667 -76.781555

tris:

 5830 2641 1175

 5830 1175 2639

 5829 2642 1174

 5829 1174 2638

 5828 2643 1173

 5828 1173 2637

 5827 2645 1171

 5827 1171 2636

 5826 2646 1170

 5826 1170 2635

 5825 2647 1169

 5825 1169 2634

 5824 2648 1168

 5824 1168 2633

 5823 2649 1167

 5823 1167 2632

 5822 2650 1166

 5822 1166 2631

 5821 2652 1164

 5821 1164 2630

 5820 2653 1163

 5820 1163 2629

 5819 2654 1162

 5819 1162 2628

 5818 2655 1161

 5818 1161 2627

 5817 2656 1160

 5817 1160 2626

 5816 2658 1158

 5816 1158 2625

 5815 2659 1157

 5815 1157 2624

 5814 2660 1156

 5814 1156 2623

 5813 2661 1155

 5813 1155 2622

 5812 2662 1154

 5812 1154 2621

 5811 2663 1153

 5811 1153 2620

 5810 2664 1152

 5810 1152 2619

 5809 2665 1151

 5809 1151 2618

 5808 2667 1149

 5808 1149 2617

 5807 2668 1148

 5807 1148 2616

 5806 2669 1147

 5806 1147 2615

 5805 2670 1146

 5805 1146 2614

 5804 2671 1145

 5804 1145 2613

 5803 2672 1144

 5803 1144 2612

 5802 2673 1143

 5802 1143 2611

 5801 2675 1141

 5801 1141 2610

 5800 2676 1140

 5800 1140 2609

 5799 2677 1139

 5799 1139 2608

 5798 2678 1138

 5798 1138 2607

 5797 2679 1137

 5797 1137 2606

 5796 2680 1136

 5796 1136 2605

 5795 2681 1135

 5795 1135 2604

 5794 2682 1134

 5794 1134 2603

 5793 2683 1133

 5793 1133 2602

 5792 2684 1132

 5792 1132 2601

 5791 2685 1131

 5791 1131 2600

 5790 2687 1129

 5790 1129 2599

 5789 2688 1128

 5789 1128 2598

 5788 2689 1127

 5788 1127 2597

 5787 2690 1126

 5787 1126 2596

 5786 2691 1125

 5786 1125 2595

 5785 2692 1124

 5785 1124 2594

 5784 2693 1123

 5784 1123 2593

 5783 2694 1122

 5783 1122 2592

 5782 2696 1120

 5782 1120 2591

 5781 2697 1119

 5781 1119 2590

 5780 2698 1118

 5780 1118 2589

 5779 2699 1117

 5779 1117 2588

 5778 2700 1116

 5778 1116 2587

 5777 2701 1115

 5777 1115 2586

 5776 2702 1114

 5776 1114 2585

 5775 2703 1113

 5775 1113 2584

 5774 2704 1112

 5774 1112 2583

 5773 2705 1111

 5773 1111 2582

 5772 2706 1110

 5772 1110 2581

 5771 2707 1109

 5771 1109 2580

 5770 2708 1108

 5770 1108 2579

 5769 2709 1107

 5769 1107 2578

 5768 2710 1106

 5768 1106 2577

 5767 2711 1105

 5767 1105 2576

 5766 2712 1104

 5766 1104 2575

 5765 2713 1103

 5765 1103 2574

 5764 2714 1102

 5764 1102 2573

 5763 2715 1101

 5763 1101 2572

 5762 2716 1100

 5762 1100 2571

 5761 2717 1099

 5761 1099 2570

 5760 2718 1098

 5760 1098 2569

 5759 2719 1097

 5759 1097 2568

 5758 2720 1096

 5758 1096 2567

 5757 2721 1095

 5757 1095 2566

 5756 2722 1094

 5756 1094 2565

 5755 2723 1093

 5755 1093 2564

 5754 2724 1092

 5754 1092 2563

 5753 2726 1089

 5753 1089 2561

 5752 2727 1088

 5752 1088 2560

 5751 2728 1087

 5751 1087 2559

 5750 2730 1085

 5750 1085 2558

 5749 2731 1084

 5749 1084 2557

 5748 2732 1083

 5748 1083 2556

 5747 2733 1082

 5747 1082 2555

 5746 2734 1081

 5746 1081 2554

 5745 2735 1080

 5745 1080 2553

 5744 2736 1079

 5744 1079 2552

 5743 2737 1078

 5743 1078 2551

 5742 2738 1077

 5742 1077 2550

 5741 2739 1076

 5741 1076 2549

 5740 2740 1075

 5740 1075 2548

 5739 2741 1074

 5739 1074 2547

 5738 2742 1073

 5738 1073 2546

 5737 2743 1072

 5737 1072 2545

 5736 2744 1071

 5736 1071 2544

 5735 2745 1070

 5735 1070 2543

 5734 2746 1069

 5734 1069 2542

 5733 2747 1068

 5733 1068 2541

 5732 2748 1067

 5732 1067 2540

 5731 2749 1066

 5731 1066 2539

 5730 2750 1065

 5730 1065 2538

 5729 2751 1064

 5729 1064 2537

 5728 2752 1063

 5728 1063 2536

 5727 2753 1062

 5727 1062 2535

 5726 2754 1061

 5726 1061 2534

 5725 2755 1060

 5725 1060 2533

 5724 2756 1059

 5724 1059 2532

 5723 2757 1058

 5723 1058 2531

 5722 2758 1057

 5722 1057 2530

 5721 2759 1056

 5721 1056 2529

 5720 2761 1053

 5720 1053 2527

 5719 2762 1052

 5719 1052 2526

 5718 2763 1051

 5718 1051 2525

 5717 2764 1050

 5717 1050 2524

 5716 2765 1049

 5716 1049 2523

 5715 2766 1048

 5715 1048 2522

 5714 2767 1047

 5714 1047 2521

 5713 2768 1046

 5713 1046 2520

 5712 2769 1045

 5712 1045 2519

 5711 2770 1044

 5711 1044 2518

 5710 2771 1043

 5710 1043 2517

 5709 2772 1042

 5709 1042 2516

 5708 2773 1041

 5708 1041 2515

 5707 2774 1040

 5707 1040 2514

 5706 2775 1039

 5706 1039 2513

 5705 2776 1038

 5705 1038 2512

 5704 2777 1037

 5704 1037 2511

 5703 2778 1036

 5703 1036 2510

 5702 2779 1035

 5702 1035 2509

 5701 2780 1034

 5701 1034 2508

 5700 2781 1033

 5700 1033 2507

 5699 2782 1032

 5699 1032 2506

 5698 2783 1031

 5698 1031 2505

 5697 2784 1030

 5697 1030 2504

 5696 2785 1029

 5696 1029 2503

 5695 2786 1028

 5695 1028 2502

 5694 2787 1027

 5694 1027 2501

 5693 2788 1026

 5693 1026 2500

 5692 2789 1025

 5692 1025 2499

 5691 2790 1024

 5691 1024 2498

 5690 2791 1023

 5690 1023 2497

 5689 2792 1022

 5689 1022 2496

 5688 2793 1021

 5688 1021 2495

 5687 2795 1019

 5687 1019 2493

 5686 2796 1018

 5686 1018 2492

 5685 2798 1016

 5685 1016 2491

 7153 7152 7134

 7153 7134 7137

 5683 2800 1014

 5683 1014 2490

 5682 2801 1013

 5682 1013 2489

 5681 2802 1012

 5681 1012 2488

 5680 2803 1011

 5680 1011 2487

 5679 2804 1010

 5679 1010 2486

 5678 2805 1009

 5678 1009 2485

 5677 2806 1008

 5677 1008 2484

 5676 2807 1007

 5676 1007 2483

 5675 2808 1006

 5675 1006 2482

 5674 2809 1005

 5674 1005 2481

 5673 2810 1004

 5673 1004 2480

 5672 2811 1003

 5672 1003 2479

 5671 2812 1002

 5671 1002 2478

 5670 2813 1001

 5670 1001 2477

 5669 2814 1000

 5669 1000 2476

 5668 2815 999

 5668 999 2475

 5667 2816 998

 5667 998 2474

 5666 2817 997

 5666 997 2473

 5665 2818 996

 5665 996 2472

 5664 2819 995

 5664 995 2471

 5663 2820 994

 5663 994 2470

 5662 2821 993

 5662 993 2469

 5661 2822 992

 5661 992 2468

 5660 2823 991

 5660 991 2467

 5659 2824 990

 5659 990 2466

 5658 2825 989

 5658 989 2465

 5657 2826 988

 5657 988 2464

 5656 2827 987

 5656 987 2463

 5655 2828 986

 5655 986 2462

 5654 2829 985

 5654 985 2461

 5653 2830 984

 5653 984 2460

 5652 2831 983

 5652 983 2459

 5651 2832 982

 5651 982 2458

 5650 2833 981

 5650 981 2457

 5649 2834 980

 5649 980 2456

 5648 2836 976

 5648 976 2453

 5647 2837 975

 5647 975 2452

 5646 2838 974

 5646 974 2451

 5645 2839 973

 5645 973 2450

 5644 2840 972

 5644 972 2449

 5643 2841 971

 5643 971 2448

 5642 2842 970

 5642 970 2447

 5641 2843 969

 5641 969 2446

 5640 2844 968

 5640 968 2445

 5639 2845 967

 5639 967 2444

 5638 2846 966

 5638 966 2443

 5637 2847 965

 5637 965 2442

 5636 2848 964

 5636 964 2441

 5635 2849 963

 5635 963 2440

 5634 2850 962

 5634 962 2439

 5633 2851 961

 5633 961 2438

 5632 2852 960

 5632 960 2437

 5631 2853 959

 5631 959 2436

 5630 2854 958

 5630 958 2435

 5629 2855 957

 5629 957 2434

 5628 2856 956

 5628 956 2433

 5627 2857 955

 5627 955 2432

 5626 2858 954

 5626 954 2431

 5625 2859 953

 5625 953 2430

 5624 2861 951

 5624 951 2428

 5623 2862 950

 5623 950 2427

 5622 2863 949

 5622 949 2426

 5621 2864 948

 5621 948 2425

 5620 2865 947

 5620 947 2424

 5619 2866 946

 5619 946 2423

 5618 2867 945

 5618 945 2422

 5617 2868 944

 5617 944 2421

 5616 2869 943

 5616 943 2420

 5615 2870 942

 5615 942 2419

 5614 2871 941

 5614 941 2418

 5613 2872 940

 5613 940 2417

 5612 2874 934

 5612 934 2412

 5611 2875 933

 5611 933 2411

 5610 2876 932

 5610 932 2410

 5609 2877 931

 5609 931 2409

 5608 2878 930

 5608 930 2408

 5607 2879 929

 5607 929 2407

 5606 2880 928

 5606 928 2406

 5605 2881 927

 5605 927 2405

 5604 2882 926

 5604 926 2404

 5603 2883 925

 5603 925 2403

 5602 2884 924

 5602 924 2402

 5601 2885 923

 5601 923 2401

 5600 2886 922

 5600 922 2400

 5599 2887 921

 5599 921 2399

 5598 2888 920

 5598 920 2398

 5597 2889 919

 5597 919 2397

 5596 2890 918

 5596 918 2396

 5595 2891 917

 5595 917 2395

 5594 2892 916

 5594 916 2394

 5593 2893 915

 5593 915 2393

 5592 2894 914

 5592 914 2392

 5591 2895 913

 5591 913 2391

 5590 2896 912

 5590 912 2390

 5589 2897 911

 5589 911 2389

 5588 2898 910

 5588 910 2388

 5587 2899 909

 5587 909 2387

 5586 2900 908

 5586 908 2386

 5585 2901 907

 5585 907 2385

 5584 2902 906

 5584 906 2384

 5583 2903 905

 5583 905 2383

 5582 2904 904

 5582 904 2382

 5581 2905 903

 5581 903 2381

 5580 2906 902

 5580 902 2380

 5579 2908 895

 5579 895 2374

 5578 2909 894

 5578 894 2373

 5577 2910 893

 5577 893 2372

 5576 2911 892

 5576 892 2371

 5575 2912 891

 5575 891 2370

 5574 2913 890

 5574 890 2369

 5573 2914 889

 5573 889 2368

 5572 2915 888

 5572 888 2367

 5571 2916 887

 5571 887 2366

 5570 2917 886

 5570 886 2365

 5569 2918 885

 5569 885 2364

 5568 2919 884

 5568 884 2363

 5567 2920 883

 5567 883 2362

 5566 2922 881

 5566 881 2360

 5565 2923 880

 5565 880 2359

 5564 2924 879

 5564 879 2358

 5563 2925 878

 5563 878 2357

 5562 2926 877

 5562 877 2356

 5561 2927 876

 5561 876 2355

 5560 2928 875

 5560 875 2354

 5559 2929 874

 5559 874 2353

 5558 2930 873

 5558 873 2352

 5557 2931 872

 5557 872 2351

 5556 2932 871

 5556 871 2350

 5555 2933 870

 5555 870 2349

 5554 2934 869

 5554 869 2348

 5553 2935 868

 5553 868 2347

 5552 2937 865

 5552 865 2345

 5551 2938 864

 5551 864 2344

 5550 2939 863

 5550 863 2343

 5549 2940 862

 5549 862 2342

 5548 2941 861

 5548 861 2341

 5547 2942 860

 5547 860 2340

 5546 2943 859

 5546 859 2339

 5545 2944 858

 5545 858 2338

 5544 2945 857

 5544 857 2337

 5543 2946 856

 5543 856 2336

 5542 2947 855

 5542 855 2335

 5541 2948 854

 5541 854 2334

 5540 2949 853

 5540 853 2333

 5539 2950 852

 5539 852 2332

 5538 2951 851

 5538 851 2331

 5537 2952 850

 5537 850 2330

 5536 2953 849

 5536 849 2329

 5535 2954 848

 5535 848 2328

 5534 2955 847

 5534 847 2327

 5533 2956 846

 5533 846 2326

 5532 2957 845

 5532 845 2325

 5531 2958 844

 5531 844 2324

 5530 2959 843

 5530 843 2323

 5529 2960 842

 5529 842 2322

 5528 2961 841

 5528 841 2321

 5527 2962 840

 5527 840 2320

 5526 2963 839

 5526 839 2319

 5525 2965 835

 5525 835 2316

 5524 2966 834

 5524 834 2315

 5523 2967 833

 5523 833 2314

 5522 2968 832

 5522 832 2313

 5521 2969 831

 5521 831 2312

 5520 2970 830

 5520 830 2311

 5519 2971 829

 5519 829 2310

 5518 2972 828

 5518 828 2309

 5517 2973 827

 5517 827 2308

 5516 2974 826

 5516 826 2307

 5515 2975 825

 5515 825 2306

 5514 2976 824

 5514 824 2305

 5513 2977 823

 5513 823 2304

 5512 2978 822

 5512 822 2303

 5511 2979 821

 5511 821 2302

 5510 2980 820

 5510 820 2301

 5509 2981 819

 5509 819 2300

 5508 2982 818

 5508 818 2299

 5507 2983 817

 5507 817 2298

 5506 2984 816

 5506 816 2297

 5505 2985 815

 5505 815 2296

 5504 2986 814

 5504 814 2295

 5503 2987 813

 5503 813 2294

 5502 2988 812

 5502 812 2293

 5501 2990 808

 5501 808 2290

 5500 2991 807

 5500 807 2289

 5499 2992 806

 5499 806 2288

 5498 2994 804

 5498 804 2286

 5497 2995 803

 5497 803 2285

 5496 2996 802

 5496 802 2284

 5495 2997 801

 5495 801 2283

 5494 2998 800

 5494 800 2282

 5493 2999 799

 5493 799 2281

 5492 3001 797

 5492 797 2279

 5491 3002 796

 5491 796 2278

 5490 3003 795

 5490 795 2277

 5489 3004 794

 5489 794 2276

 5488 3005 793

 5488 793 2275

 5487 3006 792

 5487 792 2274

 5486 3007 791

 5486 791 2273

 5485 3008 790

 5485 790 2272

 5484 3009 789

 5484 789 2271

 5483 3010 788

 5483 788 2270

 5482 3012 784

 5482 784 2267

 5481 3013 783

 5481 783 2266

 5480 3014 782

 5480 782 2265

 5479 3015 781

 5479 781 2264

 5478 3016 780

 5478 780 2263

 5477 3017 779

 5477 779 2262

 5476 3018 778

 5476 778 2261

 5475 3019 777

 5475 777 2260

 5474 3020 776

 5474 776 2259

 5473 3021 775

 5473 775 2258

 5472 3022 774

 5472 774 2257

 5471 3023 773

 5471 773 2256

 5470 3024 772

 5470 772 2255

 5469 3025 771

 5469 771 2254

 5468 3026 770

 5468 770 2253

 5467 3027 769

 5467 769 2252

 5466 3028 768

 5466 768 2251

 5465 3029 767

 5465 767 2250

 5464 3030 766

 5464 766 2249

 5463 3031 765

 5463 765 2248

 5462 3032 764

 5462 764 2247

 5461 3033 763

 5461 763 2246

 5460 3035 761

 5460 761 2245

 5459 3036 760

 5459 760 2244

 5458 3037 759

 5458 759 2243

 5457 3038 758

 5457 758 2242

 5456 3039 757

 5456 757 2241

 5455 3040 756

 5455 756 2240

 5454 3041 755

 5454 755 2239

 5453 3042 754

 5453 754 2238

 5452 3043 753

 5452 753 2237

 5451 3044 752

 5451 752 2236

 5450 3045 751

 5450 751 2235

 5449 3046 750

 5449 750 2234

 5448 3047 749

 5448 749 2233

 5447 3048 748

 5447 748 2232

 5446 3049 747

 5446 747 2231

 5445 3050 746

 5445 746 2230

 5444 3051 745

 5444 745 2229

 5443 3052 744

 5443 744 2228

 5442 3053 743

 5442 743 2227

 5441 3054 742

 5441 742 2226

 5440 3055 741

 5440 741 2225

 5439 3056 740

 5439 740 2224

 5438 3057 739

 5438 739 2223

 5437 3058 738

 5437 738 2222

 5436 3060 736

 5436 736 2221

 5435 3061 735

 5435 735 2220

 5434 3062 734

 5434 734 2219

 5433 3064 732

 5433 732 2217

 5432 3065 731

 5432 731 2216

 5431 3066 730

 5431 730 2215

 5430 3067 729

 5430 729 2214

 5429 3068 728

 5429 728 2213

 5428 3069 727

 5428 727 2212

 5427 3070 726

 5427 726 2211

 5426 3071 725

 5426 725 2210

 5425 3072 724

 5425 724 2209

 5424 3073 723

 5424 723 2208

 5423 3074 722

 5423 722 2207

 5422 3075 721

 5422 721 2206

 5421 3076 720

 5421 720 2205

 5420 3077 719

 5420 719 2204

 5419 3078 718

 5419 718 2203

 5418 3079 717

 5418 717 2202

 5417 3080 716

 5417 716 2201

 5416 3081 715

 5416 715 2200

 5415 3082 714

 5415 714 2199

 5414 3083 713

 5414 713 2198

 5413 3084 712

 5413 712 2197

 5412 3085 711

 5412 711 2196

 5411 3087 709

 5411 709 2195

 5410 3088 708

 5410 708 2194

 5409 3089 707

 5409 707 2193

 5408 3090 706

 5408 706 2192

 5407 3091 705

 5407 705 2191

 5406 3092 704

 5406 704 2190

 5405 3093 703

 5405 703 2189

 5404 3094 702

 5404 702 2188

 5403 3095 701

 5403 701 2187

 5402 3096 700

 5402 700 2186

 5401 3097 699

 5401 699 2185

 5400 3098 698

 5400 698 2184

 5399 3099 697

 5399 697 2183

 5398 3100 696

 5398 696 2182

 5397 3101 695

 5397 695 2181

 5396 3102 694

 5396 694 2180

 5395 3103 693

 5395 693 2179

 5394 3108 688

 5394 688 2174

 5393 3109 687

 5393 687 2173

 5392 3110 686

 5392 686 2172

 5391 3111 685

 5391 685 2171

 5390 3112 684

 5390 684 2170

 5389 3113 683

 5389 683 2169

 5388 3114 682

 5388 682 2168

 5387 3115 681

 5387 681 2167

 5386 3117 679

 5386 679 2166

 5385 3118 678

 5385 678 2165

 5384 3119 677

 5384 677 2164

 5383 3120 676

 5383 676 2163

 5382 3121 675

 5382 675 2162

 5381 3122 674

 5381 674 2161

 5380 3123 673

 5380 673 2160

 5379 3124 672

 5379 672 2159

 5378 3125 671

 5378 671 2158

 5377 3126 670

 5377 670 2157

 5376 3127 669

 5376 669 2156

 5375 3128 668

 5375 668 2155

 5374 3129 667

 5374 667 2154

 5373 3130 666

 5373 666 2153

 5372 3131 665

 5372 665 2152

 5371 3132 664

 5371 664 2151

 5370 3134 1487

 5370 1487 4378

 5369 2148 1514

 5369 1514 4419

 5368 3202 1507

 5368 1507 4420

 5367 3265 1523

 5367 1523 4407

 5366 3104 1520

 5366 1520 4413

 5365 3138 661

 5365 661 2147

 5364 3139 660

 5364 660 2146

 5363 3140 659

 5363 659 2145

 5362 3141 658

 5362 658 2144

 5361 3142 657

 5361 657 2143

 5360 3143 656

 5360 656 2142

 5359 3144 655

 5359 655 2141

 5358 3145 654

 5358 654 2140

 5357 3147 652

 5357 652 2139

 5356 3148 651

 5356 651 2138

 5355 3149 650

 5355 650 2137

 5354 3150 649

 5354 649 2136

 5353 3151 648

 5353 648 2135

 5352 3152 647

 5352 647 2134

 5351 3153 646

 5351 646 2133

 5350 3154 645

 5350 645 2132

 5349 3155 644

 5349 644 2131

 5348 3156 643

 5348 643 2130

 5347 3157 642

 5347 642 2129

 5346 3158 641

 5346 641 2128

 5345 3159 640

 5345 640 2127

 5344 3160 639

 5344 639 2126

 5343 3161 638

 5343 638 2125

 5342 3162 637

 5342 637 2124

 5341 3163 636

 5341 636 2123

 5340 3164 635

 5340 635 2122

 5339 3165 634

 5339 634 2121

 5338 3166 633

 5338 633 2120

 5337 2149 1522

 5337 1522 4406

 5336 3136 1503

 5336 1503 4430

 5335 3105 1521

 5335 1521 4405

 5334 3106 1508

 5334 1508 4425

 5333 3133 1497

 5333 1497 4435

 5332 3172 631

 5332 631 2119

 5331 3174 627

 5331 627 2115

 5330 3175 626

 5330 626 2114

 5329 3176 625

 5329 625 2113

 5328 3177 624

 5328 624 2112

 5327 3179 622

 5327 622 2111

 5326 3180 621

 5326 621 2110

 5325 3181 620

 5325 620 2109

 5324 3182 619

 5324 619 2108

 5323 3183 618

 5323 618 2107

 5322 3184 617

 5322 617 2106

 5321 3185 616

 5321 616 2105

 5320 3186 615

 5320 615 2104

 5319 3187 614

 5319 614 2103

 5318 3188 613

 5318 613 2102

 5317 3189 612

 5317 612 2101

 5316 3190 611

 5316 611 2100

 5315 3191 610

 5315 610 2099

 5314 3192 609

 5314 609 2098

 5313 3193 608

 5313 608 2097

 5312 3194 607

 5312 607 2096

 5311 3195 606

 5311 606 2095

 5310 3196 605

 5310 605 2094

 5309 3197 604

 5309 604 2093

 5308 3198 603

 5308 603 2092

 5307 3199 602

 5307 602 2091

 5306 3200 601

 5306 601 2090

 5305 3135 1492

 5305 1492 4440

 5304 3167 1502

 5304 1502 4390

 5303 3201 1490

 5303 1490 4381

 5302 3168 1519

 5302 1519 4404

 5301 3205 599

 5301 599 2089

 5300 3206 598

 5300 598 2088

 5299 3208 591

 5299 591 2083

 5298 3209 590

 5298 590 2082

 5297 3210 589

 5297 589 2081

 5296 3211 588

 5296 588 2080

 5295 3212 587

 5295 587 2079

 5294 3213 586

 5294 586 2078

 5293 3214 585

 5293 585 2077

 5292 3215 584

 5292 584 2076

 5291 3216 583

 5291 583 2075

 5290 3217 582

 5290 582 2074

 5289 3218 581

 5289 581 2073

 5288 3219 580

 5288 580 2072

 5287 3220 579

 5287 579 2071

 5286 3222 577

 5286 577 2069

 5285 3223 576

 5285 576 2068

 5284 3224 575

 5284 575 2067

 5283 3225 574

 5283 574 2066

 574 3225 6995

 5281 3227 572

 5281 572 2065

 5280 3228 571

 5280 571 2064

 5279 3229 570

 5279 570 2063

 5278 3230 569

 5278 569 2062

 5277 3231 568

 5277 568 2061

 5276 3169 1513

 5276 1513 4414

 5275 3170 1518

 5275 1518 4409

 5274 3203 1489

 5274 1489 4380

 5273 3233 1501

 5273 1501 4426

 5272 3236 566

 5272 566 2060

 5271 3237 565

 5271 565 2059

 5270 3239 563

 5270 563 2058

 5269 3240 562

 5269 562 2057

 5268 3241 561

 5268 561 2056

 5267 3242 560

 5267 560 2055

 5266 3243 559

 5266 559 2054

 5265 3244 558

 5265 558 2053

 5264 3245 557

 5264 557 2052

 5263 3246 556

 5263 556 2051

 5262 3247 555

 5262 555 2050

 5261 3248 554

 5261 554 2049

 5260 3249 553

 5260 553 2048

 5259 3250 552

 5259 552 2047

 5258 3251 551

 5258 551 2046

 5257 3252 550

 5257 550 2045

 5256 3253 549

 5256 549 2044

 5255 3254 548

 5255 548 2043

 5254 3255 547

 5254 547 2042

 5253 3256 546

 5253 546 2041

 5252 3257 545

 5252 545 2040

 5251 3258 544

 5251 544 2039

 5250 3259 543

 5250 543 2038

 5249 3260 542

 5249 542 2037

 5248 3261 541

 5248 541 2036

 5247 3262 540

 5247 540 2035

 5246 3263 539

 5246 539 2034

 5245 3232 1488

 5245 1488 4379

 5244 3234 1496

 5244 1496 4431

 5243 3264 1491

 5243 1491 4436

 5242 3266 1524

 5242 1524 4408

 5241 3268 537

 5241 537 2033

 5240 3269 536

 5240 536 2032

 5239 3271 534

 5239 534 2031

 5238 3272 533

 5238 533 2030

 5237 3273 532

 5237 532 2029

 5236 3274 531

 5236 531 2028

 5235 3275 530

 5235 530 2027

 5234 3276 529

 5234 529 2026

 5233 3277 528

 5233 528 2025

 5232 3278 527

 5232 527 2024

 5231 3279 526

 5231 526 2023

 5230 3280 525

 5230 525 2022

 5229 3281 524

 5229 524 2021

 5228 3282 523

 5228 523 2020

 5227 3283 522

 5227 522 2019

 5226 3284 521

 5226 521 2018

 5225 3285 520

 5225 520 2017

 5224 3286 519

 5224 519 2016

 5223 3287 518

 5223 518 2015

 5222 3288 517

 5222 517 2014

 5221 3289 516

 5221 516 2013

 5220 3290 515

 5220 515 2012

 5219 3291 514

 5219 514 2011

 5218 3292 513

 5218 513 2010

 5217 3293 512

 5217 512 2009

 5216 3294 511

 5216 511 2008

 5215 3295 510

 5215 510 2007

 5214 3296 509

 5214 509 2006

 5213 3297 508

 5213 508 2005

 5212 3298 507

 5212 507 2004

 5211 3299 506

 5211 506 2003

 5210 3300 505

 5210 505 2002

 5209 3301 504

 5209 504 2001

 5208 3302 503

 5208 503 2000

 5207 3303 502

 5207 502 1999

 5206 3304 501

 5206 501 1998

 5205 3306 499

 5205 499 1997

 5204 3307 498

 5204 498 1996

 5203 3308 497

 5203 497 1995

 5202 3309 496

 5202 496 1994

 5201 3310 495

 5201 495 1993

 5200 3311 494

 5200 494 1992

 5199 3312 493

 5199 493 1991

 5198 3313 492

 5198 492 1990

 5197 3314 491

 5197 491 1989

 5196 3315 490

 5196 490 1988

 5195 3316 489

 5195 489 1987

 5194 3317 488

 5194 488 1986

 5193 3318 487

 5193 487 1985

 5192 3319 486

 5192 486 1984

 5191 3320 485

 5191 485 1983

 5190 3321 484

 5190 484 1982

 5189 3322 483

 5189 483 1981

 5188 3323 482

 5188 482 1980

 5187 3324 481

 5187 481 1979

 5186 3325 480

 5186 480 1978

 5185 3326 479

 5185 479 1977

 5184 3327 478

 5184 478 1976

 5183 3328 477

 5183 477 1975

 5182 3329 476

 5182 476 1974

 5181 3330 475

 5181 475 1973

 5180 3331 474

 5180 474 1972

 5179 3332 473

 5179 473 1971

 5178 3333 472

 5178 472 1970

 5177 3334 471

 5177 471 1969

 5176 3335 470

 5176 470 1968

 5175 3336 469

 5175 469 1967

 5174 3337 468

 5174 468 1966

 5173 3338 467

 5173 467 1965

 5172 3339 466

 5172 466 1964

 5171 3340 465

 5171 465 1963

 5170 3341 464

 5170 464 1962

 5169 3343 462

 5169 462 1961

 5168 3344 461

 5168 461 1960

 5167 3345 460

 5167 460 1959

 5166 3346 459

 5166 459 1958

 5165 3347 458

 5165 458 1957

 5164 3348 457

 5164 457 1956

 5163 3349 456

 5163 456 1955

 5162 3350 455

 5162 455 1954

 5161 3351 454

 5161 454 1953

 5160 3352 453

 5160 453 1952

 5159 3353 452

 5159 452 1951

 5158 3354 451

 5158 451 1950

 5157 3355 450

 5157 450 1949

 5156 3356 449

 5156 449 1948

 5155 3357 448

 5155 448 1947

 5154 3358 447

 5154 447 1946

 5153 3359 446

 5153 446 1945

 5152 3360 445

 5152 445 1944

 5151 3361 444

 5151 444 1943

 5150 3362 443

 5150 443 1942

 5149 3363 442

 5149 442 1941

 5148 3364 441

 5148 441 1940

 5147 3365 440

 5147 440 1939

 5146 3366 439

 5146 439 1938

 5145 3367 438

 5145 438 1937

 5144 3368 437

 5144 437 1936

 5143 3369 436

 5143 436 1935

 5142 3370 435

 5142 435 1934

 5141 3371 434

 5141 434 1933

 5140 3372 433

 5140 433 1932

 5139 3373 432

 5139 432 1931

 5138 3374 431

 5138 431 1930

 5137 3375 430

 5137 430 1929

 5136 3376 429

 5136 429 1928

 5135 3377 428

 5135 428 1927

 5134 3378 427

 5134 427 1926

 5133 3380 424

 5133 424 1924

 5132 3381 423

 5132 423 1923

 5131 3382 422

 5131 422 1922

 5130 3383 421

 5130 421 1921

 5129 3384 420

 5129 420 1920

 5128 3385 419

 5128 419 1919

 5127 3386 418

 5127 418 1918

 5126 3387 417

 5126 417 1917

 5125 3388 416

 5125 416 1916

 5124 3389 415

 5124 415 1915

 5123 3390 414

 5123 414 1914

 5122 3391 413

 5122 413 1913

 5121 3392 412

 5121 412 1912

 5120 3393 411

 5120 411 1911

 5119 3394 410

 5119 410 1910

 5118 3395 409

 5118 409 1909

 5117 3396 408

 5117 408 1908

 5116 3397 407

 5116 407 1907

 5115 3398 406

 5115 406 1906

 5114 3399 405

 5114 405 1905

 5113 3400 404

 5113 404 1904

 5112 3402 402

 5112 402 1902

 5111 3403 401

 5111 401 1901

 5110 3404 400

 5110 400 1900

 5109 3405 399

 5109 399 1899

 5108 3406 398

 5108 398 1898

 5107 3407 397

 5107 397 1897

 5106 3408 396

 5106 396 1896

 5105 3410 393

 5105 393 1893

 5104 3411 392

 5104 392 1892

 5103 3412 391

 5103 391 1891

 5102 3413 390

 5102 390 1890

 5101 3415 388

 5101 388 1889

 5100 3416 387

 5100 387 1888

 5099 3417 386

 5099 386 1887

 5098 3418 385

 5098 385 1886

 5097 3419 384

 5097 384 1885

 5096 3420 383

 5096 383 1884

 5095 3421 382

 5095 382 1883

 5094 3422 381

 5094 381 1882

 5093 3424 379

 5093 379 1880

 5092 3425 378

 5092 378 1879

 5091 3426 377

 5091 377 1878

 5090 3427 376

 5090 376 1877

 5089 3428 375

 5089 375 1876

 5088 3429 374

 5088 374 1875

 5087 3430 373

 5087 373 1874

 5086 3431 372

 5086 372 1873

 5085 3432 371

 5085 371 1872

 5084 3433 370

 5084 370 1871

 5083 3434 369

 5083 369 1870

 5082 3435 368

 5082 368 1869

 5081 3436 367

 5081 367 1868

 5080 3437 366

 5080 366 1867

 5079 3438 365

 5079 365 1866

 5078 3439 364

 5078 364 1865

 5077 3440 363

 5077 363 1864

 5076 3441 362

 5076 362 1863

 5075 3443 353

 5075 353 1856

 5074 3444 352

 5074 352 1855

 5073 3445 351

 5073 351 1854

 5072 3446 350

 5072 350 1853

 5071 3447 349

 5071 349 1852

 5070 3448 348

 5070 348 1851

 5069 3449 347

 5069 347 1850

 5068 3450 346

 5068 346 1849

 5067 3451 345

 5067 345 1848

 5066 3452 344

 5066 344 1847

 5065 3453 343

 5065 343 1846

 5064 3454 342

 5064 342 1845

 5063 3455 341

 5063 341 1844

 5062 3456 340

 5062 340 1843

 5061 3457 339

 5061 339 1842

 5060 3458 338

 5060 338 1841

 5059 3460 336

 5059 336 1839

 5058 3461 335

 5058 335 1838

 5057 3462 334

 5057 334 1837

 5056 3463 333

 5056 333 1836

 5055 3464 332

 5055 332 1835

 5054 3465 331

 5054 331 1834

 5053 3466 330

 5053 330 1833

 5052 3467 329

 5052 329 1832

 5051 3468 328

 5051 328 1831

 5050 3470 325

 5050 325 1829

 5049 3471 324

 5049 324 1828

 5048 3472 323

 5048 323 1827

 5047 3473 322

 5047 322 1826

 5046 3474 321

 5046 321 1825

 5045 3475 320

 5045 320 1824

 5044 3476 319

 5044 319 1823

 5043 3477 318

 5043 318 1822

 5042 3478 317

 5042 317 1821

 5041 3479 316

 5041 316 1820

 5040 3480 315

 5040 315 1819

 5039 3481 314

 5039 314 1818

 5038 3482 313

 5038 313 1817

 5037 3483 312

 5037 312 1816

 5036 3484 311

 5036 311 1815

 5035 3485 310

 5035 310 1814

 5034 3486 309

 5034 309 1813

 5033 3487 308

 5033 308 1812

 5032 3488 307

 5032 307 1811

 5031 3489 306

 5031 306 1810

 5030 3490 305

 5030 305 1809

 5029 3491 304

 5029 304 1808

 5028 3492 303

 5028 303 1807

 5027 3493 302

 5027 302 1806

 5026 3494 301

 5026 301 1805

 5025 3496 297

 5025 297 1802

 5024 3497 296

 5024 296 1801

 5023 3498 295

 5023 295 1800

 5022 3499 294

 5022 294 1799

 5021 3500 293

 5021 293 1798

 5020 3501 292

 5020 292 1797

 5019 3502 291

 5019 291 1796

 5018 3503 290

 5018 290 1795

 5017 3504 289

 5017 289 1794

 5016 3505 288

 5016 288 1793

 5015 3506 287

 5015 287 1792

 5014 3507 286

 5014 286 1791

 5013 3508 285

 5013 285 1790

 5012 3509 284

 5012 284 1789

 5011 3510 283

 5011 283 1788

 5010 3511 282

 5010 282 1787

 5009 3512 281

 5009 281 1786

 5008 3513 280

 5008 280 1785

 5007 3514 279

 5007 279 1784

 5006 3515 278

 5006 278 1783

 5005 3516 277

 5005 277 1782

 5004 3517 276

 5004 276 1781

 5003 3518 275

 5003 275 1780

 5002 3519 274

 5002 274 1779

 5001 3521 271

 5001 271 1777

 5000 3522 270

 5000 270 1776

 4999 3523 269

 4999 269 1775

 4998 3524 268

 4998 268 1774

 4997 3525 267

 4997 267 1773

 4996 3526 266

 4996 266 1772

 4995 3527 265

 4995 265 1771

 4994 3528 264

 4994 264 1770

 4993 3530 262

 4993 262 1768

 4992 3531 261

 4992 261 1767

 4991 3532 260

 4991 260 1766

 4990 3533 259

 4990 259 1765

 4989 3534 258

 4989 258 1764

 4988 3535 257

 4988 257 1763

 4987 3536 256

 4987 256 1762

 4986 3537 255

 4986 255 1761

 4985 3538 254

 4985 254 1760

 4984 3539 253

 4984 253 1759

 4983 3540 252

 4983 252 1758

 4982 3541 251

 4982 251 1757

 4981 3542 250

 4981 250 1756

 4980 3543 249

 4980 249 1755

 4979 3545 247

 4979 247 1754

 4978 3546 246

 4978 246 1753

 4977 3547 245

 4977 245 1752

 4976 3548 244

 4976 244 1751

 4975 3549 243

 4975 243 1750

 4974 3550 242

 4974 242 1749

 4973 3551 241

 4973 241 1748

 4972 3552 240

 4972 240 1747

 4971 3554 238

 4971 238 1746

 4970 3555 237

 4970 237 1745

 4969 3556 236

 4969 236 1744

 4968 3557 235

 4968 235 1743

 4967 3558 234

 4967 234 1742

 4966 3559 233

 4966 233 1741

 4965 3560 232

 4965 232 1740

 4964 3561 231

 4964 231 1739

 4963 3562 230

 4963 230 1738

 4962 3563 229

 4962 229 1737

 4961 3564 228

 4961 228 1736

 4960 3565 227

 4960 227 1735

 4959 3566 226

 4959 226 1734

 4958 3567 225

 4958 225 1733

 4957 3569 222

 4957 222 1731

 4956 3570 221

 4956 221 1730

 4955 3571 220

 4955 220 1729

 4954 3572 219

 4954 219 1728

 4953 3573 218

 4953 218 1727

 4952 3574 217

 4952 217 1726

 4951 3575 216

 4951 216 1725

 4950 3576 215

 4950 215 1724

 4949 3577 214

 4949 214 1723

 4948 3578 213

 4948 213 1722

 4947 3579 212

 4947 212 1721

 4946 3580 211

 4946 211 1720

 4945 3581 210

 4945 210 1719

 4944 3582 209

 4944 209 1718

 4943 3583 208

 4943 208 1717

 4942 3584 207

 4942 207 1716

 4941 3585 206

 4941 206 1715

 4940 3586 205

 4940 205 1714

 4939 3587 204

 4939 204 1713

 4938 3588 203

 4938 203 1712

 4937 3589 202

 4937 202 1711

 4936 3591 198

 4936 198 1708

 4935 3592 197

 4935 197 1707

 4934 3593 196

 4934 196 1706

 4933 3594 195

 4933 195 1705

 4932 3596 193

 4932 193 1703

 4931 3597 192

 4931 192 1702

 4930 3598 191

 4930 191 1701

 4929 3599 190

 4929 190 1700

 4928 3600 189

 4928 189 1699

 4927 3601 188

 4927 188 1698

 4926 3602 187

 4926 187 1697

 4925 3603 186

 4925 186 1696

 4924 3604 185

 4924 185 1695

 4923 3605 184

 4923 184 1694

 4922 3606 183

 4922 183 1693

 4921 3607 182

 4921 182 1692

 4920 3608 181

 4920 181 1691

 4919 3609 180

 4919 180 1690

 4918 3610 179

 4918 179 1689

 4917 3612 177

 4917 177 1688

 4916 3613 176

 4916 176 1687

 4915 3614 175

 4915 175 1686

 4914 3615 174

 4914 174 1685

 4913 3616 173

 4913 173 1684

 4912 3617 172

 4912 172 1683

 4911 3618 171

 4911 171 1682

 4910 3619 170

 4910 170 1681

 4909 3620 169

 4909 169 1680

 4908 3621 168

 4908 168 1679

 4907 3622 167

 4907 167 1678

 4906 3623 166

 4906 166 1677

 4905 3624 165

 4905 165 1676

 4904 3625 164

 4904 164 1675

 4903 3626 163

 4903 163 1674

 4902 3627 162

 4902 162 1673

 4901 3628 161

 4901 161 1672

 4900 3629 160

 4900 160 1671

 4899 3630 159

 4899 159 1670

 4898 3631 158

 4898 158 1669

 4897 3633 156

 4897 156 1668

 4896 3634 155

 4896 155 1667

 4895 3635 154

 4895 154 1666

 4894 3636 153

 4894 153 1665

 4893 3637 152

 4893 152 1664

 4892 3638 151

 4892 151 1663

 4891 3639 150

 4891 150 1662

 4890 3640 149

 4890 149 1661

 4889 3641 148

 4889 148 1660

 4888 3642 147

 4888 147 1659

 4887 3643 146

 4887 146 1658

 4886 3644 145

 4886 145 1657

 4885 3645 144

 4885 144 1656

 4884 3647 142

 4884 142 1654

 4883 3648 141

 4883 141 1653

 4882 3649 140

 4882 140 1652

 4881 3650 139

 4881 139 1651

 4880 3651 138

 4880 138 1650

 4879 3652 137

 4879 137 1649

 4878 3653 136

 4878 136 1648

 4877 3654 135

 4877 135 1647

 4876 3656 133

 4876 133 1646

 4875 3657 132

 4875 132 1645

 4874 3658 131

 4874 131 1644

 4873 3659 130

 4873 130 1643

 4872 3660 129

 4872 129 1642

 4871 3661 128

 4871 128 1641

 4870 3662 127

 4870 127 1640

 4869 3663 126

 4869 126 1639

 4868 3664 125

 4868 125 1638

 4867 3665 124

 4867 124 1637

 4866 3666 123

 4866 123 1636

 4865 3667 122

 4865 122 1635

 4864 3668 121

 4864 121 1634

 4863 3669 120

 4863 120 1633

 4862 3670 119

 4862 119 1632

 4861 3671 118

 4861 118 1631

 4860 3672 117

 4860 117 1630

 4859 3673 116

 4859 116 1629

 4858 3674 115

 4858 115 1628

 4857 3675 114

 4857 114 1627

 4856 3676 113

 4856 113 1626

 4855 3677 112

 4855 112 1625

 4854 3678 111

 4854 111 1624

 4853 3679 110

 4853 110 1623

 4852 3681 108

 4852 108 1622

 4851 3682 107

 4851 107 1621

 4850 3683 106

 4850 106 1620

 4849 3684 105

 4849 105 1619

 4848 3685 104

 4848 104 1618

 4847 3686 103

 4847 103 1617

 4846 3687 102

 4846 102 1616

 4845 3688 101

 4845 101 1615

 4844 3689 100

 4844 100 1614

 4843 3690 99

 4843 99 1613

 4842 3691 98

 4842 98 1612

 4841 3692 97

 4841 97 1611

 4840 3693 96

 4840 96 1610

 4839 3694 95

 4839 95 1609

 4838 3695 94

 4838 94 1608

 4837 3696 93

 4837 93 1607

 4836 3697 92

 4836 92 1606

 4835 3698 91

 4835 91 1605

 4834 3699 90

 4834 90 1604

 4833 3700 89

 4833 89 1603

 4832 3701 88

 4832 88 1602

 4831 3703 82

 4831 82 1597

 4830 3704 81

 4830 81 1596

 4829 3705 80

 4829 80 1595

 4828 3706 79

 4828 79 1594

 4827 3707 78

 4827 78 1593

 4826 3708 77

 4826 77 1592

 4825 3709 76

 4825 76 1591

 4824 3711 69

 4824 69 1584

 4823 3712 68

 4823 68 1583

 4822 3713 67

 4822 67 1582

 4821 3714 66

 4821 66 1581

 4820 3715 65

 4820 65 1580

 4819 3716 64

 4819 64 1579

 4818 3717 63

 4818 63 1578

 4817 3719 58

 4817 58 1574

 4816 3720 57

 4816 57 1573

 4815 3721 56

 4815 56 1572

 4814 3722 55

 4814 55 1571

 4813 3723 54

 4813 54 1570

 4812 3724 53

 4812 53 1569

 4811 3726 49

 4811 49 1566

 4810 3727 48

 4810 48 1565

 4809 3728 47

 4809 47 1564

 4808 3729 46

 4808 46 1563

 4807 3731 42

 4807 42 1560

 4806 3732 41

 4806 41 1559

 4805 3733 40

 4805 40 1558

 4804 3735 35

 4804 35 1554

 4803 3736 34

 4803 34 1553

 4802 3737 33

 4802 33 1552

 4801 3738 32

 4801 32 1551

 4800 3740 26

 4800 26 1547

 4799 3741 25

 4799 25 1546

 4798 3742 24

 4798 24 1545

 4797 3743 23

 4797 23 1544

 4796 3744 22

 4796 22 1543

 4795 3745 21

 4795 21 1542

 4794 3746 20

 4794 20 1541

 4793 3748 17

 4793 17 1539

 4792 3749 16

 4792 16 1538

 4791 3750 15

 4791 15 1537

 6977 3750 6975

 4790 3752 12

 4790 12 1534

 4789 3754 9

 4789 9 1532

 4788 3755 8

 4788 8 1531

 6975 8 3755

 15 6977 6984

 4785 3758 6

 4785 6 1530

 4784 4068 1479

 4784 1479 3927

 4783 4070 1340

 4783 1340 3844

 4782 4072 1346

 4782 1346 3989

 4781 4074 1481

 4781 1481 3928

 4780 4075 1341

 4780 1341 3845

 4779 4073 1482

 4779 1482 3929

 4778 4078 1213

 4778 1213 4048

 4777 4080 1261

 4777 1261 4028

 4776 4076 1483

 4776 1483 3930

 4775 4081 1484

 4775 1484 3931

 4774 4084 1369

 4774 1369 3974

 4773 4086 1374

 4773 1374 3862

 4772 4088 1376

 4772 1376 3975

 4771 4089 1375

 4771 1375 3863

 4770 4091 1218

 4770 1218 3782

 4769 4092 1470

 4769 1470 3932

 4768 4094 1306

 4768 1306 4004

 4767 4095 1219

 4767 1219 3783

 4766 4097 1264

 4766 1264 4029

 4765 4067 1480

 4765 1480 3933

 4764 4100 1307

 4764 1307 4005

 4763 4101 1220

 4763 1220 3784

 4762 4103 1411

 4762 1411 3956

 4761 4104 1221

 4761 1221 3785

 4760 4105 1222

 4760 1222 3786

 4759 4107 1226

 4759 1226 4049

 4758 4108 1223

 4758 1223 3787

 4757 4110 1415

 4757 1415 3886

 4756 4111 1416

 4756 1416 3887

 4755 4113 1467

 4755 1467 3934

 4754 4115 1473

 4754 1473 3935

 4753 4116 1367

 4753 1367 3976

 4752 4109 1414

 4752 1414 3957

 4751 4119 1258

 4751 1258 4030

 4750 4121 1262

 4750 1262 4031

 4749 4083 1377

 4749 1377 3864

 4748 4093 1308

 4748 1308 3827

 4747 4124 1224

 4747 1224 3788

 4746 4122 1309

 4746 1309 3828

 4745 4126 1210

 4745 1210 4050

 4744 4123 1225

 4744 1225 3789

 4743 4102 1417

 4743 1417 3888

 4742 4090 1217

 4742 1217 4051

 4741 4129 1462

 4741 1462 3936

 4740 4131 1469

 4740 1469 3937

 4739 4133 1419

 4739 1419 3889

 4738 4135 1379

 4738 1379 3865

 4737 4137 1342

 4737 1342 3846

 4736 4136 1343

 4736 1343 3847

 4735 4140 1228

 4735 1228 3790

 4734 4138 1344

 4734 1344 3848

 4733 4142 1333

 4733 1333 3990

 4732 4144 1205

 4732 1205 4052

 4731 4145 1229

 4731 1229 3791

 4730 4141 1345

 4730 1345 3849

 4729 4147 1338

 4729 1338 3991

 4728 4149 1372

 4728 1372 3977

 4727 4150 1230

 4727 1230 3792

 4726 4152 1381

 4726 1381 3866

 4725 4077 1231

 4725 1231 3793

 4724 4154 1457

 4724 1457 3938

 4723 4156 1465

 4723 1465 3939

 4722 4158 1267

 4722 1267 3807

 4721 4159 1255

 4721 1255 4032

 4720 4161 1328

 4720 1328 3992

 4719 4106 1212

 4719 1212 4053

 4718 4164 1259

 4718 1259 4033

 4717 4166 1383

 4717 1383 3867

 4716 4167 1454

 4716 1454 3940

 4715 4169 1336

 4715 1336 3993

 4714 4171 1200

 4714 1200 4054

 4713 4173 1461

 4713 1461 3941

 4712 4175 1208

 4712 1208 4055

 4711 4177 1269

 4711 1269 3808

 4710 4179 1403

 4710 1403 3958

 4709 4181 1412

 4709 1412 3959

 4708 4183 1198

 4708 1198 4056

 4707 4184 1298

 4707 1298 4006

 4706 4186 1304

 4706 1304 4007

 4705 4187 1449

 4705 1449 3942

 4704 4189 1363

 4704 1363 3978

 4703 4191 1232

 4703 1232 3794

 4702 4193 1456

 4702 1456 3943

 4701 4162 1204

 4701 1204 4057

 4700 4196 1401

 4700 1401 3960

 4699 4198 1194

 4699 1194 4058

 4698 4200 1312

 4698 1312 3829

 4697 4174 1199

 4697 1199 4059

 4696 4199 1313

 4696 1313 3830

 4695 4204 1250

 4695 1250 4034

 4694 4205 1439

 4694 1439 3944

 4693 4207 1404

 4693 1404 3961

 4692 4208 1192

 4692 1192 4060

 4691 4210 1365

 4691 1365 3979

 4690 4212 1424

 4690 1424 3890

 4689 4214 1385

 4689 1385 3868

 4688 4215 1386

 4688 1386 3869

 4687 4217 1453

 4687 1453 3945

 4686 4219 1253

 4686 1253 4035

 4685 4221 1272

 4685 1272 3809

 4684 4222 1322

 4684 1322 3994

 4683 4224 1274

 4683 1274 3810

 4682 4226 1294

 4682 1294 4008

 4681 4228 1235

 4681 1235 3795

 4680 4230 1302

 4680 1302 4009

 4679 4232 1248

 4679 1248 4036

 4678 4234 1251

 4678 1251 4037

 4677 4201 1193

 4677 1193 4061

 4676 4237 1327

 4676 1327 3995

 4675 4239 1349

 4675 1349 3850

 4674 4238 1350

 4674 1350 3851

 4673 4242 1290

 4673 1290 4010

 4672 4244 1275

 4672 1275 3811

 4671 4246 1299

 4671 1299 4011

 4670 4248 1186

 4670 1186 4062

 4669 4249 1285

 4669 1285 4012

 4668 4185 1297

 4668 1297 4013

 4667 4252 1237

 4667 1237 3796

 4666 4251 1238

 4666 1238 3797

 4665 4255 1425

 4665 1425 3891

 4664 4256 1246

 4664 1246 4038

 4663 4258 1388

 4663 1388 3870

 4662 4254 1426

 4662 1426 3892

 4661 4261 1319

 4661 1319 3996

 4660 4263 1178

 4660 1178 3759

 4659 4259 1427

 4659 1427 3893

 4658 4266 1323

 4658 1323 3997

 4657 4268 1358

 4657 1358 3980

 4656 4269 1179

 4656 1179 3760

 4655 4270 1180

 4655 1180 3761

 4654 4271 1181

 4654 1181 3762

 4653 4273 1283

 4653 1283 4014

 4652 4275 1315

 4652 1315 3831

 4651 4276 1182

 4651 1182 3763

 4650 4278 1295

 4650 1295 4015

 4649 4280 1279

 4649 1279 3812

 4648 4281 1392

 4648 1392 3962

 4647 4283 1430

 4647 1430 3946

 4646 4284 1431

 4646 1431 3894

 4645 4218 1249

 4645 1249 4039

 4644 4287 1187

 4644 1187 4063

 4643 4209 1361

 4643 1361 3981

 4642 4290 1352

 4642 1352 3852

 4641 4292 1395

 4641 1395 3963

 4640 4291 1391

 4640 1391 3871

 4639 4295 1438

 4639 1438 3947

 4638 4289 1353

 4638 1353 3982

 4637 4298 1242

 4637 1242 3798

 4636 4299 1359

 4636 1359 3983

 4635 4300 1183

 4635 1183 4064

 4634 4264 1428

 4634 1428 3948

 4633 4288 1354

 4633 1354 3853

 4632 4303 1434

 4632 1434 3949

 4631 4304 1317

 4631 1317 3998

 4630 4306 1281

 4630 1281 3813

 4629 4279 1278

 4629 1278 4016

 4628 4308 1321

 4628 1321 3999

 4627 4250 1284

 4627 1284 4017

 4626 4311 1356

 4626 1356 3854

 4625 4265 1318

 4625 1318 3832

 4624 4277 1282

 4624 1282 3814

 4623 4257 1389

 4623 1389 3964

 4622 4310 1357

 4622 1357 3855

 4621 4313 1393

 4621 1393 3965

 4620 4285 1243

 4620 1243 3799

 4619 4314 1244

 4619 1244 3800

 4618 4316 1240

 4618 1240 4040

 4617 4317 1184

 4617 1184 4065

 4616 4312 1394

 4616 1394 3872

 4615 4286 1185

 4615 1185 3764

 4614 4318 1286

 4614 1286 3815

 4613 4262 1177

 4613 1177 4066

 4612 4319 1287

 4612 1287 3816

 4611 4320 1288

 4611 1288 3817

 4610 4216 1432

 4610 1432 3895

 4609 4240 1351

 4609 1351 3984

 4608 4245 1289

 4608 1289 3818

 4607 4315 1245

 4607 1245 4041

 4606 4321 1433

 4606 1433 3896

 4605 4322 1291

 4605 1291 3819

 4604 4301 1435

 4604 1435 3897

 4603 4236 1320

 4603 1320 3833

 4602 4307 1292

 4602 1292 3820

 4601 4243 1276

 4601 1276 4018

 4600 4323 1436

 4600 1436 3898

 4599 4325 1387

 4599 1387 3966

 4598 4305 1280

 4598 1280 4019

 4597 4324 1437

 4597 1437 3899

 4596 4282 1440

 4596 1440 3900

 4595 4229 1293

 4595 1293 3821

 4594 4293 1390

 4594 1390 3967

 4593 4326 1396

 4593 1396 3873

 4592 4302 1355

 4592 1355 3985

 4591 4328 1397

 4591 1397 3874

 4590 4329 1422

 4590 1422 3950

 4589 4296 1360

 4589 1360 3856

 4588 4330 1398

 4588 1398 3875

 4587 4331 1399

 4587 1399 3876

 4586 4233 1247

 4586 1247 3801

 4585 4206 1400

 4585 1400 3877

 4584 4223 1273

 4584 1273 4020

 4583 4227 1236

 4583 1236 4042

 4582 4309 1277

 4582 1277 4021

 4581 4297 1241

 4581 1241 4043

 4580 4235 1188

 4580 1188 3765

 4579 4294 1429

 4579 1429 3951

 4578 4192 1441

 4578 1441 3901

 4577 4333 1442

 4577 1442 3902

 4576 4202 1314

 4576 1314 4000

 4575 4334 1443

 4575 1443 3903

 4574 4335 1444

 4574 1444 3904

 4573 4336 1445

 4573 1445 3905

 4572 4337 1446

 4572 1446 3906

 4571 4274 1316

 4571 1316 4001

 4570 4272 1296

 4570 1296 3822

 4569 4338 1447

 4569 1447 3907

 4568 4341 1234

 4568 1234 4044

 4567 4340 1448

 4567 1448 3908

 4566 4260 1324

 4566 1324 3834

 4565 4267 1362

 4565 1362 3857

 4564 4247 1189

 4564 1189 3766

 4563 4342 1190

 4563 1190 3767

 4562 4343 1191

 4562 1191 3768

 4561 4180 1402

 4561 1402 3878

 4560 4253 1239

 4560 1239 4045

 4559 4344 1300

 4559 1300 3823

 4558 4345 1195

 4558 1195 3769

 4557 4172 1450

 4557 1450 3909

 4556 4168 1325

 4556 1325 3835

 4555 4241 1301

 4555 1301 3824

 4554 4165 1382

 4554 1382 3968

 4553 4348 1196

 4553 1196 3770

 4552 4346 1451

 4552 1451 3910

 4551 4347 1326

 4551 1326 3836

 4550 4194 1197

 4550 1197 3771

 4549 4349 1452

 4549 1452 3911

 4548 4350 1347

 4548 1347 3986

 4547 4351 1270

 4547 1270 4022

 4546 4231 1252

 4546 1252 3802

 4545 4220 1271

 4545 1271 4023

 4544 4352 1329

 4544 1329 3837

 4543 4353 1330

 4543 1330 3838

 4542 4354 1331

 4542 1331 3839

 4541 4225 1303

 4541 1303 3825

 4540 4146 1332

 4540 1332 3840

 4539 4213 1384

 4539 1384 3969

 4538 4163 1254

 4538 1254 3803

 4537 4148 1364

 4537 1364 3858

 4536 4327 1348

 4536 1348 3987

 4535 4132 1420

 4535 1420 3952

 4534 4155 1455

 4534 1455 3912

 4533 4211 1423

 4533 1423 3953

 4532 4203 1256

 4532 1256 3804

 4531 4355 1201

 4531 1201 3772

 4530 4356 1405

 4530 1405 3879

 4529 4127 1418

 4529 1418 3954

 4528 4357 1202

 4528 1202 3773

 4527 4358 1406

 4527 1406 3880

 4526 4197 1203

 4526 1203 3774

 4525 4359 1407

 4525 1407 3881

 4524 4117 1408

 4524 1408 3882

 4523 4125 1310

 4523 1310 4002

 4522 4339 1311

 4522 1311 4003

 4521 4332 1421

 4521 1421 3955

 4520 4130 1458

 4520 1458 3913

 4519 4139 1227

 4519 1227 4046

 4518 4188 1366

 4518 1366 3859

 4517 4360 1459

 4517 1459 3914

 4516 4361 1460

 4516 1460 3915

 4515 4195 1409

 4515 1409 3883

 4514 4362 1410

 4514 1410 3884

 4513 4363 1206

 4513 1206 3775

 4512 4182 1207

 4512 1207 3776

 4511 4120 1257

 4511 1257 3805

 4510 4079 1265

 4510 1265 4024

 4509 4176 1268

 4509 1268 4025

 4508 4114 1463

 4508 1463 3916

 4507 4099 1305

 4507 1305 3826

 4506 4364 1464

 4506 1464 3917

 4505 4190 1233

 4505 1233 4047

 4504 4153 1466

 4504 1466 3918

 4503 4128 1209

 4503 1209 3777

 4502 4085 1373

 4502 1373 3970

 4501 4170 1211

 4501 1211 3778

 4500 4087 1368

 4500 1368 3860

 4499 4071 1334

 4499 1334 3841

 4498 4096 1260

 4498 1260 3806

 4497 4178 1413

 4497 1413 3885

 4496 4365 1335

 4496 1335 3842

 4495 4118 1263

 4495 1263 4026

 4494 4157 1266

 4494 1266 4027

 4493 4098 1468

 4493 1468 3919

 4492 4367 1370

 4492 1370 3861

 4491 4160 1337

 4491 1337 3988

 4490 4082 1471

 4490 1471 3920

 4489 4368 1472

 4489 1472 3921

 4488 4151 1380

 4488 1380 3971

 4487 4112 1474

 4487 1474 3922

 4486 4369 1475

 4486 1475 3923

 4485 4371 1214

 4485 1214 3779

 4484 4370 1476

 4484 1476 3924

 4483 4366 1371

 4483 1371 3972

 4482 4373 1215

 4482 1215 3780

 4481 4372 1477

 4481 1477 3925

 4480 4134 1378

 4480 1378 3973

 4479 4143 1216

 4479 1216 3781

 4478 4374 1478

 4478 1478 3926

 4477 4069 1339

 4477 1339 3843

 4476 4037 1251

 4476 1251 3802

 4475 4009 1302

 4475 1302 3825

 4474 4019 1280

 4474 1280 3813

 4473 3997 1323

 4473 1323 3834

 4472 3973 1378

 4472 1378 3865

 4471 3975 1376

 4471 1376 3864

 4470 3965 1393

 4470 1393 3872

 4469 3959 1412

 4469 1412 3885

 4467 3983 1486

 4467 1486 3856

 4376 1353 1485

 4466 4410 1523

 4466 1523 4408

 4465 4411 1522

 4465 1522 4407

 4464 4412 1521

 4464 1521 4406

 4463 4413 1520

 4463 1520 4405

 4462 4415 1518

 4462 1518 4404

 4461 4416 1517

 4461 1517 4403

 4460 4417 1516

 4460 1516 4402

 4459 4418 1515

 4459 1515 4401

 4458 4419 1514

 4458 1514 4400

 4457 4421 1512

 4457 1512 4399

 4456 4422 1511

 4456 1511 4398

 4455 4423 1510

 4455 1510 4397

 4454 4424 1509

 4454 1509 4396

 4453 4425 1508

 4453 1508 4395

 4452 4427 1506

 4452 1506 4394

 4451 4428 1505

 4451 1505 4393

 4450 4429 1504

 4450 1504 4392

 4449 4430 1503

 4449 1503 4391

 4448 4432 1500

 4448 1500 4389

 4447 4433 1499

 4447 1499 4388

 4446 4434 1498

 4446 1498 4387

 4445 4435 1497

 4445 1497 4386

 4444 4437 1495

 4444 1495 4385

 4443 4438 1494

 4443 1494 4384

 4442 4439 1493

 4442 1493 4383

 4441 4440 1492

 4441 1492 4382

 4439 4441 4382

 4439 4382 1493

 1488 4378 4441

 1488 4441 4439

 4378 1487 4440

 4378 4440 4441

 4438 4442 4383

 4438 4383 1494

 1489 4379 4442

 1489 4442 4438

 4379 1488 4439

 4379 4439 4442

 4437 4443 4384

 4437 4384 1495

 1490 4380 4443

 1490 4443 4437

 4380 1489 4438

 4380 4438 4443

 4436 4444 4385

 4436 4385 1496

 1491 4381 4444

 1491 4444 4436

 4381 1490 4437

 4381 4437 4444

 4434 4445 4386

 4434 4386 1498

 1493 4382 4445

 1493 4445 4434

 4382 1492 4435

 4382 4435 4445

 4433 4446 4387

 4433 4387 1499

 1494 4383 4446

 1494 4446 4433

 4383 1493 4434

 4383 4434 4446

 4432 4447 4388

 4432 4388 1500

 1495 4384 4447

 1495 4447 4432

 4384 1494 4433

 4384 4433 4447

 4431 4448 4389

 4431 4389 1501

 1496 4385 4448

 1496 4448 4431

 4385 1495 4432

 4385 4432 4448

 4429 4449 4391

 4429 4391 1504

 1498 4386 4449

 1498 4449 4429

 4386 1497 4430

 4386 4430 4449

 4428 4450 4392

 4428 4392 1505

 1499 4387 4450

 1499 4450 4428

 4387 1498 4429

 4387 4429 4450

 4427 4451 4393

 4427 4393 1506

 1500 4388 4451

 1500 4451 4427

 4388 1499 4428

 4388 4428 4451

 4426 4452 4394

 4426 4394 1507

 1501 4389 4452

 1501 4452 4426

 4389 1500 4427

 4389 4427 4452

 4424 4453 4395

 4424 4395 1509

 1503 4390 4453

 1503 4453 4424

 4390 1502 4425

 4390 4425 4453

 4423 4454 4396

 4423 4396 1510

 1504 4391 4454

 1504 4454 4423

 4391 1503 4424

 4391 4424 4454

 4422 4455 4397

 4422 4397 1511

 1505 4392 4455

 1505 4455 4422

 4392 1504 4423

 4392 4423 4455

 4421 4456 4398

 4421 4398 1512

 1506 4393 4456

 1506 4456 4421

 4393 1505 4422

 4393 4422 4456

 4420 4457 4399

 4420 4399 1513

 1507 4394 4457

 1507 4457 4420

 4394 1506 4421

 4394 4421 4457

 4418 4458 4400

 4418 4400 1515

 1509 4395 4458

 1509 4458 4418

 4395 1508 4419

 4395 4419 4458

 4417 4459 4401

 4417 4401 1516

 1510 4396 4459

 1510 4459 4417

 4396 1509 4418

 4396 4418 4459

 4416 4460 4402

 4416 4402 1517

 1511 4397 4460

 1511 4460 4416

 4397 1510 4417

 4397 4417 4460

 4415 4461 4403

 4415 4403 1518

 1512 4398 4461

 1512 4461 4415

 4398 1511 4416

 4398 4416 4461

 4414 4462 4404

 4414 4404 1519

 1513 4399 4462

 1513 4462 4414

 4399 1512 4415

 4399 4415 4462

 4412 4463 4405

 4412 4405 1521

 1515 4400 4463

 1515 4463 4412

 4400 1514 4413

 4400 4413 4463

 4411 4464 4406

 4411 4406 1522

 1516 4401 4464

 1516 4464 4411

 4401 1515 4412

 4401 4412 4464

 4410 4465 4407

 4410 4407 1523

 1517 4402 4465

 1517 4465 4410

 4402 1516 4411

 4402 4411 4465

 4409 4466 4408

 4409 4408 1524

 1518 4403 4466

 1518 4466 4409

 4403 1517 4410

 4403 4410 4466

 4377 4376 1360

 1360 3982 4377

 3982 4376 4377

 3982 1353 4376

 1353 4375 1485

 1353 3852 4375

 3852 1352 4375

 3983 1359 1486

 4376 4467 3856

 4376 3856 1360

 1485 4375 4467

 1485 4467 4376

 4375 1352 3983

 4375 3983 4467

 1486 4468 3856

 1359 3856 4468

 1359 4468 1486

 3856 1360 4377

 3856 4377 4468

 3958 4469 3885

 3958 3885 1413

 1403 3878 4469

 1403 4469 3958

 3878 1402 3959

 3878 3959 4469

 3964 4470 3872

 3964 3872 1394

 1389 3870 4470

 1389 4470 3964

 3870 1388 3965

 3870 3965 4470

 3974 4471 3864

 3974 3864 1377

 1369 3860 4471

 1369 4471 3974

 3860 1368 3975

 3860 3975 4471

 3972 4472 3865

 3972 3865 1379

 1371 3861 4472

 1371 4472 3972

 3861 1370 3973

 3861 3973 4472

 3996 4473 3834

 3996 3834 1324

 1319 3832 4473

 1319 4473 3996

 3832 1318 3997

 3832 3997 4473

 4018 4474 3813

 4018 3813 1281

 1276 3811 4474

 1276 4474 4018

 3811 1275 4019

 3811 4019 4474

 4008 4475 3825

 4008 3825 1303

 1294 3821 4475

 1294 4475 4008

 3821 1293 4009

 3821 4009 4475

 4036 4476 3802

 4036 3802 1252

 1248 3801 4476

 1248 4476 4036

 3801 1247 4037

 3801 4037 4476

 4147 4477 3843

 4147 3843 1338

 628 2116 4477

 628 4477 4147

 2116 629 4069

 2116 4069 4477

 4068 4478 3926

 4068 3926 1479

 1171 2635 4478

 1171 4478 4068

 2635 1170 4374

 2635 4374 4478

 4373 4479 3781

 4373 3781 1215

 62 1577 4479

 62 4479 4373

 1577 63 4143

 1577 4143 4479

 4367 4480 3973

 4367 3973 1370

 781 2993 4480

 781 4480 4367

 2993 805 4134

 2993 4134 4480

 4374 4481 3925

 4374 3925 1478

 1170 2634 4481

 1170 4481 4374

 2634 1169 4372

 2634 4372 4481

 4371 4482 3780

 4371 3780 1214

 61 1576 4482

 61 4482 4371

 1576 62 4373

 1576 4373 4482

 4135 4483 3972

 4135 3972 1379

 806 2992 4483

 806 4483 4135

 2992 782 4366

 2992 4366 4483

 4372 4484 3924

 4372 3924 1477

 1169 2633 4484

 1169 4484 4372

 2633 1168 4370

 2633 4370 4484

 4078 4485 3779

 4078 3779 1213

 60 1575 4485

 60 4485 4078

 1575 61 4371

 1575 4371 4485

 4370 4486 3923

 4370 3923 1476

 1168 2632 4486

 1168 4486 4370

 2632 1167 4369

 2632 4369 4486

 4369 4487 3922

 4369 3922 1475

 1167 2631 4487

 1167 4487 4369

 2631 1166 4112

 2631 4112 4487

 4149 4488 3971

 4149 3971 1372

 785 2989 4488

 785 4488 4149

 2989 809 4151

 2989 4151 4488

 4115 4489 3921

 4115 3921 1473

 1165 2630 4489

 1165 4489 4115

 2630 1164 4368

 2630 4368 4489

 4368 4490 3920

 4368 3920 1472

 1164 2629 4490

 1164 4490 4368

 2629 1163 4082

 2629 4082 4490

 4350 4491 3988

 4350 3988 1347

 654 3145 4491

 654 4491 4350

 3145 624 4160

 3145 4160 4491

 4366 4492 3861

 4366 3861 1371

 782 2264 4492

 782 4492 4366

 2264 781 4367

 2264 4367 4492

 4131 4493 3919

 4131 3919 1469

 1159 2625 4493

 1159 4493 4131

 2625 1158 4098

 2625 4098 4493

 4121 4494 4027

 4121 4027 1262

 239 3529 4494

 239 4494 4121

 3529 263 4157

 3529 4157 4494

 4158 4495 4026

 4158 4026 1267

 264 3528 4495

 264 4495 4158

 3528 240 4118

 3528 4118 4495

 4169 4496 3842

 4169 3842 1336

 623 2111 4496

 623 4496 4169

 2111 622 4365

 2111 4365 4496

 4181 4497 3885

 4181 3885 1412

 952 2429 4497

 952 4497 4181

 2429 953 4178

 2429 4178 4497

 4164 4498 3806

 4164 3806 1259

 223 1732 4498

 223 4498 4164

 1732 224 4096

 1732 4096 4498

 4365 4499 3841

 4365 3841 1335

 622 2110 4499

 622 4499 4365

 2110 621 4071

 2110 4071 4499

 4084 4500 3860

 4084 3860 1369

 775 2257 4500

 775 4500 4084

 2257 774 4087

 2257 4087 4500

 4126 4501 3778

 4126 3778 1210

 52 1568 4501

 52 4501 4126

 1568 53 4170

 1568 4170 4501

 4166 4502 3970

 4166 3970 1383

 812 2988 4502

 812 4502 4166

 2988 786 4085

 2988 4085 4502

 4175 4503 3777

 4175 3777 1208

 50 1567 4503

 50 4503 4175

 1567 51 4128

 1567 4128 4503

 4113 4504 3918

 4113 3918 1467

 1152 2618 4504

 1152 4504 4113

 2618 1151 4153

 2618 4153 4504

 4124 4505 4047

 4124 4047 1224

 81 3680 4505

 81 4505 4124

 3680 109 4190

 3680 4190 4505

 4156 4506 3917

 4156 3917 1465

 1150 2617 4506

 1150 4506 4156

 2617 1149 4364

 2617 4364 4506

 4186 4507 3826

 4186 3826 1304

 425 1925 4507

 425 4507 4186

 1925 426 4099

 1925 4099 4507

 4364 4508 3916

 4364 3916 1464

 1149 2616 4508

 1149 4508 4364

 2616 1148 4114

 2616 4114 4508

 4097 4509 4025

 4097 4025 1264

 248 3520 4509

 248 4509 4097

 3520 272 4176

 3520 4176 4509

 4351 4510 4024

 4351 4024 1270

 274 3519 4510

 274 4510 4351

 3519 249 4079

 3519 4079 4510

 4119 4511 3805

 4119 3805 1258

 216 1724 4511

 216 4511 4119

 1724 215 4120

 1724 4120 4511

 4363 4512 3776

 4363 3776 1206

 45 1562 4512

 45 4512 4363

 1562 46 4182

 1562 4182 4512

 4144 4513 3775

 4144 3775 1205

 44 1561 4513

 44 4513 4144

 1561 45 4363

 1561 4363 4513

 4103 4514 3884

 4103 3884 1411

 942 2418 4514

 942 4514 4103

 2418 941 4362

 2418 4362 4514

 4362 4515 3883

 4362 3883 1410

 941 2417 4515

 941 4515 4362

 2417 940 4195

 2417 4195 4515

 4173 4516 3915

 4173 3915 1461

 1142 2610 4516

 1142 4516 4173

 2610 1141 4361

 2610 4361 4516

 4361 4517 3914

 4361 3914 1460

 1141 2609 4517

 1141 4517 4361

 2609 1140 4360

 2609 4360 4517

 4116 4518 3859

 4116 3859 1367

 764 2246 4518

 764 4518 4116

 2246 763 4188

 2246 4188 4518

 4341 4519 4046

 4341 4046 1234

 110 3679 4519

 110 4519 4341

 3679 84 4139

 3679 4139 4519

 4360 4520 3913

 4360 3913 1459

 1140 2608 4520

 1140 4520 4360

 2608 1139 4130

 2608 4130 4520

 4111 4521 3955

 4111 3955 1416

 979 2797 4521

 979 4521 4111

 2797 1017 4332

 2797 4332 4521

 4100 4522 4003

 4100 4003 1307

 463 3305 4522

 463 4522 4100

 3305 500 4339

 3305 4339 4522

 4200 4523 4002

 4200 4002 1312

 501 3304 4523

 501 4523 4200

 3304 466 4125

 3304 4125 4523

 4359 4524 3882

 4359 3882 1407

 938 2416 4524

 938 4524 4359

 2416 939 4117

 2416 4117 4524

 4358 4525 3881

 4358 3881 1406

 937 2415 4525

 937 4525 4358

 2415 938 4359

 2415 4359 4525

 4357 4526 3774

 4357 3774 1202

 39 1557 4526

 39 4526 4357

 1557 40 4197

 1557 4197 4526

 4356 4527 3880

 4356 3880 1405

 936 2414 4527

 936 4527 4356

 2414 937 4358

 2414 4358 4527

 4355 4528 3773

 4355 3773 1201

 38 1556 4528

 38 4528 4355

 1556 39 4357

 1556 4357 4528

 4329 4529 3954

 4329 3954 1422

 1018 2796 4529

 1018 4529 4329

 2796 981 4127

 2796 4127 4529

 4207 4530 3879

 4207 3879 1404

 935 2413 4530

 935 4530 4207

 2413 936 4356

 2413 4356 4530

 4171 4531 3772

 4171 3772 1200

 37 1555 4531

 37 4531 4171

 1555 38 4355

 1555 4355 4531

 4159 4532 3804

 4159 3804 1255

 201 1710 4532

 201 4532 4159

 1710 202 4203

 1710 4203 4532

 4133 4533 3953

 4133 3953 1419

 983 2794 4533

 983 4533 4133

 2794 1020 4211

 2794 4211 4533

 4193 4534 3912

 4193 3912 1456

 1130 2599 4534

 1130 4534 4193

 2599 1129 4155

 2599 4155 4534

 4212 4535 3952

 4212 3952 1424

 1021 2793 4535

 1021 4535 4212

 2793 984 4132

 2793 4132 4535

 4137 4536 3987

 4137 3987 1342

 649 3116 4536

 649 4536 4137

 3116 680 4327

 3116 4327 4536

 4210 4537 3858

 4210 3858 1365

 762 2245 4537

 762 4537 4210

 2245 761 4148

 2245 4148 4537

 4219 4538 3803

 4219 3803 1253

 199 1709 4538

 199 4538 4219

 1709 200 4163

 1709 4163 4538

 4152 4539 3969

 4152 3969 1381

 810 2964 4539

 810 4539 4152

 2964 836 4213

 2964 4213 4539

 4354 4540 3840

 4354 3840 1331

 596 2087 4540

 596 4540 4354

 2087 597 4146

 2087 4146 4540

 4230 4541 3825

 4230 3825 1302

 403 1903 4541

 403 4541 4230

 1903 404 4225

 1903 4225 4541

 4353 4542 3839

 4353 3839 1330

 595 2086 4542

 595 4542 4353

 2086 596 4354

 2086 4354 4542

 4352 4543 3838

 4352 3838 1329

 594 2085 4543

 594 4543 4352

 2085 595 4353

 2085 4353 4543

 4161 4544 3837

 4161 3837 1328

 593 2084 4544

 593 4544 4161

 2084 594 4352

 2084 4352 4544

 4177 4545 4023

 4177 4023 1269

 273 3495 4545

 273 4545 4177

 3495 298 4220

 3495 4220 4545

 4234 4546 3802

 4234 3802 1251

 194 1704 4546

 194 4546 4234

 1704 195 4231

 1704 4231 4546

 4224 4547 4022

 4224 4022 1274

 301 3494 4547

 301 4547 4224

 3494 274 4351

 3494 4351 4547

 4239 4548 3986

 4239 3986 1349

 681 3115 4548

 681 4548 4239

 3115 654 4350

 3115 4350 4548

 4217 4549 3911

 4217 3911 1453

 1121 2591 4549

 1121 4549 4217

 2591 1120 4349

 2591 4349 4549

 4348 4550 3771

 4348 3771 1196

 30 1550 4550

 30 4550 4348

 1550 31 4194

 1550 4194 4550

 4237 4551 3836

 4237 3836 1327

 592 2083 4551

 592 4551 4237

 2083 591 4347

 2083 4347 4551

 4349 4552 3910

 4349 3910 1452

 1120 2590 4552

 1120 4552 4349

 2590 1119 4346

 2590 4346 4552

 4345 4553 3770

 4345 3770 1195

 29 1549 4553

 29 4553 4345

 1549 30 4348

 1549 4348 4553

 4325 4554 3968

 4325 3968 1387

 839 2963 4554

 839 4554 4325

 2963 811 4165

 2963 4165 4554

 4344 4555 3824

 4344 3824 1300

 395 1895 4555

 395 4555 4344

 1895 396 4241

 1895 4241 4555

 4347 4556 3835

 4347 3835 1326

 591 2082 4556

 591 4556 4347

 2082 590 4168

 2082 4168 4556

 4346 4557 3909

 4346 3909 1451

 1119 2589 4557

 1119 4557 4346

 2589 1118 4172

 2589 4172 4557

 4198 4558 3769

 4198 3769 1194

 28 1548 4558

 28 4558 4198

 1548 29 4345

 1548 4345 4558

 4246 4559 3823

 4246 3823 1299

 394 1894 4559

 394 4559 4246

 1894 395 4344

 1894 4344 4559

 4191 4560 4045

 4191 4045 1232

 108 3655 4560

 108 4560 4191

 3655 134 4253

 3655 4253 4560

 4179 4561 3878

 4179 3878 1403

 915 2392 4561

 915 4561 4179

 2392 914 4180

 2392 4180 4561

 4208 4562 3768

 4208 3768 1192

 23 1543 4562

 23 4562 4208

 1543 22 4343

 1543 4343 4562

 4343 4563 3767

 4343 3767 1191

 22 1542 4563

 22 4563 4343

 1542 21 4342

 1542 4342 4563

 4342 4564 3766

 4342 3766 1190

 21 1541 4564

 21 4564 4342

 1541 20 4247

 1541 4247 4564

 4189 4565 3857

 4189 3857 1363

 739 2222 4565

 739 4565 4189

 2222 738 4267

 2222 4267 4565

 4266 4566 3834

 4266 3834 1323

 578 2070 4566

 578 4566 4266

 2070 579 4260

 2070 4260 4566

 4187 4567 3908

 4187 3908 1449

 1107 2577 4567

 1107 4567 4187

 2577 1106 4340

 2577 4340 4567

 4316 4568 4044

 4316 4044 1240

 135 3654 4568

 135 4568 4316

 3654 110 4341

 3654 4341 4568

 4340 4569 3907

 4340 3907 1448

 1106 2576 4569

 1106 4569 4340

 2576 1105 4338

 2576 4338 4569

 4278 4570 3822

 4278 3822 1295

 380 1881 4570

 380 4570 4278

 1881 381 4272

 1881 4272 4570

 4339 4571 4001

 4339 4001 1311

 500 3270 4571

 500 4571 4339

 3270 535 4274

 3270 4274 4571

 4338 4572 3906

 4338 3906 1447

 1105 2575 4572

 1105 4572 4338

 2575 1104 4337

 2575 4337 4572

 4337 4573 3905

 4337 3905 1446

 1104 2574 4573

 1104 4573 4337

 2574 1103 4336

 2574 4336 4573

 4336 4574 3904

 4336 3904 1445

 1103 2573 4574

 1103 4574 4336

 2573 1102 4335

 2573 4335 4574

 4335 4575 3903

 4335 3903 1444

 1102 2572 4575

 1102 4575 4335

 2572 1101 4334

 2572 4334 4575

 4304 4576 4000

 4304 4000 1317

 536 3269 4576

 536 4576 4304

 3269 503 4202

 3269 4202 4576

 4334 4577 3902

 4334 3902 1443

 1101 2571 4577

 1101 4577 4334

 2571 1100 4333

 2571 4333 4577

 4333 4578 3901

 4333 3901 1442

 1100 2570 4578

 1100 4578 4333

 2570 1099 4192

 2570 4192 4578

 4332 4579 3951

 4332 3951 1421

 1017 2760 4579

 1017 4579 4332

 2760 1054 4294

 2760 4294 4579

 4287 4580 3765

 4287 3765 1187

 18 1540 4580

 18 4580 4287

 1540 19 4235

 1540 4235 4580

 4228 4581 4043

 4228 4043 1235

 118 3646 4581

 118 4581 4228

 3646 143 4297

 3646 4297 4581

 4221 4582 4021

 4221 4021 1272

 299 3469 4582

 299 4582 4221

 3469 326 4309

 3469 4309 4582

 4298 4583 4042

 4298 4042 1242

 144 3645 4583

 144 4583 4298

 3645 119 4227

 3645 4227 4583

 4280 4584 4020

 4280 4020 1279

 328 3468 4584

 328 4584 4280

 3468 300 4223

 3468 4223 4584

 4331 4585 3877

 4331 3877 1399

 900 2379 4585

 900 4585 4331

 2379 901 4206

 2379 4206 4585

 4232 4586 3801

 4232 3801 1248

 174 1684 4586

 174 4586 4232

 1684 173 4233

 1684 4233 4586

 4330 4587 3876

 4330 3876 1398

 899 2378 4587

 899 4587 4330

 2378 900 4331

 2378 4331 4587

 4328 4588 3875

 4328 3875 1397

 898 2377 4588

 898 4588 4328

 2377 899 4330

 2377 4330 4588

 4299 4589 3856

 4299 3856 1359

 733 2218 4589

 733 4589 4299

 2218 734 4296

 2218 4296 4589

 4284 4590 3950

 4284 3950 1431

 1056 2759 4590

 1056 4590 4284

 2759 1018 4329

 2759 4329 4590

 4326 4591 3874

 4326 3874 1396

 897 2376 4591

 897 4591 4326

 2376 898 4328

 2376 4328 4591

 4327 4592 3985

 4327 3985 1348

 680 3086 4592

 680 4592 4327

 3086 710 4302

 3086 4302 4592

 4292 4593 3873

 4292 3873 1395

 896 2375 4593

 896 4593 4292

 2375 897 4326

 2375 4326 4593

 4215 4594 3967

 4215 3967 1386

 838 2936 4594

 838 4594 4215

 2936 866 4293

 2936 4293 4594

 4226 4595 3821

 4226 3821 1294

 368 1868 4595

 368 4595 4226

 1868 367 4229

 1868 4229 4595

 4205 4596 3900

 4205 3900 1439

 1091 2562 4596

 1091 4596 4205

 2562 1092 4282

 2562 4282 4596

 4295 4597 3899

 4295 3899 1438

 1090 2561 4597

 1090 4597 4295

 2561 1089 4324

 2561 4324 4597

 4244 4598 4019

 4244 4019 1275

 309 3459 4598

 309 4598 4244

 3459 337 4305

 3459 4305 4598

 4281 4599 3966

 4281 3966 1392

 868 2935 4599

 868 4599 4281

 2935 839 4325

 2935 4325 4599

 4324 4600 3898

 4324 3898 1437

 1089 2560 4600

 1089 4600 4324

 2560 1088 4323

 2560 4323 4600

 4306 4601 4018

 4306 4018 1281

 338 3458 4601

 338 4601 4306

 3458 310 4243

 3458 4243 4601

 4322 4602 3820

 4322 3820 1291

 361 1862 4602

 361 4602 4322

 1862 362 4307

 1862 4307 4602

 4308 4603 3833

 4308 3833 1321

 564 2058 4603

 564 4603 4308

 2058 563 4236

 2058 4236 4603

 4323 4604 3897

 4323 3897 1436

 1088 2559 4604

 1088 4604 4323

 2559 1087 4301

 2559 4301 4604

 4242 4605 3819

 4242 3819 1290

 360 1861 4605

 360 4605 4242

 1861 361 4322

 1861 4322 4605

 4303 4606 3896

 4303 3896 1434

 1086 2558 4606

 1086 4606 4303

 2558 1085 4321

 2558 4321 4606

 4252 4607 4041

 4252 4041 1237

 132 3632 4607

 132 4607 4252

 3632 157 4315

 3632 4315 4607

 4320 4608 3818

 4320 3818 1288

 358 1860 4608

 358 4608 4320

 1860 359 4245

 1860 4245 4608

 4311 4609 3984

 4311 3984 1356

 711 3085 4609

 711 4609 4311

 3085 683 4240

 3085 4240 4609

 4321 4610 3895

 4321 3895 1433

 1085 2557 4610

 1085 4610 4321

 2557 1084 4216

 2557 4216 4610

 4319 4611 3817

 4319 3817 1287

 357 1859 4611

 357 4611 4319

 1859 358 4320

 1859 4320 4611

 4318 4612 3816

 4318 3816 1286

 356 1858 4612

 356 4612 4318

 1858 357 4319

 1858 4319 4612

 4300 4613 4066

 4300 4066 1183

 6 3758 4613

 6 4613 4300

 3758 0 4262

 3758 4262 4613

 4249 4614 3815

 4249 3815 1285

 355 1857 4614

 355 4614 4249

 1857 356 4318

 1857 4318 4614

 4317 4615 3764

 4317 3764 1184

 10 1533 4615

 10 4615 4317

 1533 11 4286

 1533 4286 4615

 4313 4616 3872

 4313 3872 1393

 882 2361 4616

 882 4616 4313

 2361 883 4312

 2361 4312 4616

 4276 4617 4065

 4276 4065 1182

 5 3753 4617

 5 4617 4276

 3753 10 4317

 3753 4317 4617

 4256 4618 4040

 4256 4040 1246

 158 3631 4618

 158 4618 4256

 3631 135 4316

 3631 4316 4618

 4315 4619 3800

 4315 3800 1245

 157 1668 4619

 157 4619 4315

 1668 156 4314

 1668 4314 4619

 4314 4620 3799

 4314 3799 1244

 156 1667 4620

 156 4620 4314

 1667 155 4285

 1667 4285 4620

 4258 4621 3965

 4258 3965 1388

 853 2921 4621

 853 4621 4258

 2921 882 4313

 2921 4313 4621

 4268 4622 3855

 4268 3855 1358

 713 2197 4622

 713 4622 4268

 2197 712 4310

 2197 4310 4622

 4312 4623 3964

 4312 3964 1394

 883 2920 4623

 883 4623 4312

 2920 854 4257

 2920 4257 4623

 4273 4624 3814

 4273 3814 1283

 346 1848 4624

 346 4624 4273

 1848 345 4277

 1848 4277 4624

 4261 4625 3832

 4261 3832 1319

 550 2044 4625

 550 4625 4261

 2044 549 4265

 2044 4265 4625

 4310 4626 3854

 4310 3854 1357

 712 2196 4626

 712 4626 4310

 2196 711 4311

 2196 4311 4626

 4309 4627 4017

 4309 4017 1277

 326 3442 4627

 326 4627 4309

 3442 354 4250

 3442 4250 4627

 4275 4628 3999

 4275 3999 1315

 534 3238 4628

 534 4628 4275

 3238 564 4308

 3238 4308 4628

 4307 4629 4016

 4307 4016 1292

 362 3441 4629

 362 4629 4307

 3441 327 4279

 3441 4279 4629

 4305 4630 3813

 4305 3813 1280

 337 1840 4630

 337 4630 4305

 1840 338 4306

 1840 4306 4630

 4222 4631 3998

 4222 3998 1322

 565 3237 4631

 565 4631 4222

 3237 536 4304

 3237 4304 4631

 4255 4632 3949

 4255 3949 1425

 1048 2729 4632

 1048 4632 4255

 2729 1086 4303

 2729 4303 4632

 4302 4633 3853

 4302 3853 1355

 710 2195 4633

 710 4633 4302

 2195 709 4288

 2195 4288 4633

 4301 4634 3948

 4301 3948 1435

 1087 2728 4634

 1087 4634 4301

 2728 1051 4264

 2728 4264 4634

 4248 4635 4064

 4248 4064 1186

 12 3752 4635

 12 4635 4248

 3752 6 4300

 3752 4300 4635

 4290 4636 3983

 4290 3983 1352

 705 3063 4636

 705 4636 4290

 3063 733 4299

 3063 4299 4636

 4297 4637 3798

 4297 3798 1241

 143 1655 4637

 143 4637 4297

 1655 144 4298

 1655 4298 4637

 4296 4638 3982

 4296 3982 1360

 734 3062 4638

 734 4638 4296

 3062 706 4289

 3062 4289 4638

 4294 4639 3947

 4294 3947 1429

 1054 2725 4639

 1054 4639 4294

 2725 1090 4295

 2725 4295 4639

 4293 4640 3871

 4293 3871 1390

 866 2346 4640

 866 4640 4293

 2346 867 4291

 2346 4291 4640

 4291 4641 3963

 4291 3963 1391

 867 2907 4641

 867 4641 4291

 2907 896 4292

 2907 4292 4641

 4289 4642 3852

 4289 3852 1353

 706 2191 4642

 706 4642 4289

 2191 705 4290

 2191 4290 4642

 4288 4643 3981

 4288 3981 1354

 709 3059 4643

 709 4643 4288

 3059 737 4209

 3059 4209 4643

 4286 4644 4063

 4286 4063 1185

 11 3747 4644

 11 4644 4286

 3747 18 4287

 3747 4287 4644

 4285 4645 4039

 4285 4039 1243

 155 3611 4645

 155 4645 4285

 3611 178 4218

 3611 4218 4645

 4283 4646 3894

 4283 3894 1430

 1055 2528 4646

 1055 4646 4283

 2528 1056 4284

 2528 4284 4646

 4282 4647 3946

 4282 3946 1440

 1092 2724 4647

 1092 4647 4282

 2724 1055 4283

 2724 4283 4647

 4196 4648 3962

 4196 3962 1401

 902 2906 4648

 902 4648 4196

 2906 868 4281

 2906 4281 4648

 4279 4649 3812

 4279 3812 1278

 327 1830 4649

 327 4649 4279

 1830 328 4280

 1830 4280 4649

 4277 4650 4015

 4277 4015 1282

 345 3423 4650

 345 4650 4277

 3423 380 4278

 3423 4278 4650

 4271 4651 3763

 4271 3763 1181

 4 1529 4651

 4 4651 4271

 1529 5 4276

 1529 4276 4651

 4274 4652 3831

 4274 3831 1316

 535 2031 4652

 535 4652 4274

 2031 534 4275

 2031 4275 4652

 4272 4653 4014

 4272 4014 1296

 381 3422 4653

 381 4653 4272

 3422 346 4273

 3422 4273 4653

 4270 4654 3762

 4270 3762 1180

 3 1528 4654

 3 4654 4270

 1528 4 4271

 1528 4271 4654

 4269 4655 3761

 4269 3761 1179

 2 1527 4655

 2 4655 4269

 1527 3 4270

 1527 4270 4655

 4263 4656 3760

 4263 3760 1178

 1 1526 4656

 1 4656 4263

 1526 2 4269

 1526 4269 4656

 4267 4657 3980

 4267 3980 1362

 738 3058 4657

 738 4657 4267

 3058 713 4268

 3058 4268 4657

 4265 4658 3997

 4265 3997 1318

 549 3221 4658

 549 4658 4265

 3221 578 4266

 3221 4266 4658

 4264 4659 3893

 4264 3893 1428

 1051 2524 4659

 1051 4659 4264

 2524 1050 4259

 2524 4259 4659

 4262 4660 3759

 4262 3759 1177

 0 1525 4660

 0 4660 4262

 1525 1 4263

 1525 4263 4660

 4260 4661 3996

 4260 3996 1324

 579 3220 4661

 579 4661 4260

 3220 550 4261

 3220 4261 4661

 4259 4662 3892

 4259 3892 1427

 1050 2523 4662

 1050 4662 4259

 2523 1049 4254

 2523 4254 4662

 4257 4663 3870

 4257 3870 1389

 854 2333 4663

 854 4663 4257

 2333 853 4258

 2333 4258 4663

 4204 4664 4038

 4204 4038 1250

 179 3610 4664

 179 4664 4204

 3610 158 4256

 3610 4256 4664

 4254 4665 3891

 4254 3891 1426

 1049 2522 4665

 1049 4665 4254

 2522 1048 4255

 2522 4255 4665

 4253 4666 3797

 4253 3797 1239

 134 1646 4666

 134 4666 4253

 1646 133 4251

 1646 4251 4666

 4251 4667 3796

 4251 3796 1238

 133 1645 4667

 133 4667 4251

 1645 132 4252

 1645 4252 4667

 4250 4668 4013

 4250 4013 1284

 354 3414 4668

 354 4668 4250

 3414 389 4185

 3414 4185 4668

 4184 4669 4012

 4184 4012 1298

 390 3413 4669

 390 4669 4184

 3413 355 4249

 3413 4249 4669

 4247 4670 4062

 4247 4062 1189

 20 3746 4670

 20 4670 4247

 3746 12 4248

 3746 4248 4670

 4245 4671 4011

 4245 4011 1289

 359 3409 4671

 359 4671 4245

 3409 394 4246

 3409 4246 4671

 4243 4672 3811

 4243 3811 1276

 310 1813 4672

 310 4672 4243

 1813 309 4244

 1813 4244 4672

 4241 4673 4010

 4241 4010 1301

 396 3408 4673

 396 4673 4241

 3408 360 4242

 3408 4242 4673

 4240 4674 3851

 4240 3851 1351

 683 2168 4674

 683 4674 4240

 2168 682 4238

 2168 4238 4674

 4238 4675 3850

 4238 3850 1350

 682 2167 4675

 682 4675 4238

 2167 681 4239

 2167 4239 4675

 4236 4676 3995

 4236 3995 1320

 563 3207 4676

 563 4676 4236

 3207 592 4237

 3207 4237 4676

 4235 4677 4061

 4235 4061 1188

 19 3739 4677

 19 4677 4235

 3739 27 4201

 3739 4201 4677

 4233 4678 4037

 4233 4037 1247

 173 3595 4678

 173 4678 4233

 3595 194 4234

 3595 4234 4678

 4231 4679 4036

 4231 4036 1252

 195 3594 4679

 195 4679 4231

 3594 174 4232

 3594 4232 4679

 4229 4680 4009

 4229 4009 1293

 367 3401 4680

 367 4680 4229

 3401 403 4230

 3401 4230 4680

 4227 4681 3795

 4227 3795 1236

 119 1631 4681

 119 4681 4227

 1631 118 4228

 1631 4228 4681

 4225 4682 4008

 4225 4008 1303

 404 3400 4682

 404 4682 4225

 3400 368 4226

 3400 4226 4682

 4223 4683 3810

 4223 3810 1273

 300 1804 4683

 300 4683 4223

 1804 301 4224

 1804 4224 4683

 4142 4684 3994

 4142 3994 1333

 598 3206 4684

 598 4684 4142

 3206 565 4222

 3206 4222 4684

 4220 4685 3809

 4220 3809 1271

 298 1803 4685

 298 4685 4220

 1803 299 4221

 1803 4221 4685

 4218 4686 4035

 4218 4035 1249

 178 3590 4686

 178 4686 4218

 3590 199 4219

 3590 4219 4686

 4216 4687 3945

 4216 3945 1432

 1084 2695 4687

 1084 4687 4216

 2695 1121 4217

 2695 4217 4687

 4214 4688 3869

 4214 3869 1385

 837 2318 4688

 837 4688 4214

 2318 838 4215

 2318 4215 4688

 4213 4689 3868

 4213 3868 1384

 836 2317 4689

 836 4689 4213

 2317 837 4214

 2317 4214 4689

 4211 4690 3890

 4211 3890 1423

 1020 2494 4690

 1020 4690 4211

 2494 1021 4212

 2494 4212 4690

 4209 4691 3979

 4209 3979 1361

 737 3034 4691

 737 4691 4209

 3034 762 4210

 3034 4210 4691

 4183 4692 4060

 4183 4060 1198

 32 3738 4692

 32 4692 4183

 3738 23 4208

 3738 4208 4692

 4206 4693 3961

 4206 3961 1400

 901 2873 4693

 901 4693 4206

 2873 935 4207

 2873 4207 4693

 4167 4694 3944

 4167 3944 1454

 1122 2694 4694

 1122 4694 4167

 2694 1091 4205

 2694 4205 4694

 4203 4695 4034

 4203 4034 1256

 202 3589 4695

 202 4695 4203

 3589 179 4204

 3589 4204 4695

 4202 4696 3830

 4202 3830 1314

 503 1999 4696

 503 4696 4202

 1999 502 4199

 1999 4199 4696

 4201 4697 4059

 4201 4059 1193

 27 3734 4697

 27 4697 4201

 3734 36 4174

 3734 4174 4697

 4199 4698 3829

 4199 3829 1313

 502 1998 4698

 502 4698 4199

 1998 501 4200

 1998 4200 4698

 4197 4699 4058

 4197 4058 1203

 40 3733 4699

 40 4699 4197

 3733 28 4198

 3733 4198 4699

 4195 4700 3960

 4195 3960 1409

 940 2872 4700

 940 4700 4195

 2872 902 4196

 2872 4196 4700

 4194 4701 4057

 4194 4057 1197

 31 3730 4701

 31 4701 4194

 3730 43 4162

 3730 4162 4701

 4192 4702 3943

 4192 3943 1441

 1099 2686 4702

 1099 4702 4192

 2686 1130 4193

 2686 4193 4702

 4190 4703 3794

 4190 3794 1233

 109 1622 4703

 109 4703 4190

 1622 108 4191

 1622 4191 4703

 4188 4704 3978

 4188 3978 1366

 763 3033 4704

 763 4704 4188

 3033 739 4189

 3033 4189 4704

 4154 4705 3942

 4154 3942 1457

 1131 2685 4705

 1131 4705 4154

 2685 1107 4187

 2685 4187 4705

 4185 4706 4007

 4185 4007 1297

 389 3379 4706

 389 4706 4185

 3379 425 4186

 3379 4186 4706

 4094 4707 4006

 4094 4006 1306

 427 3378 4707

 427 4707 4094

 3378 390 4184

 3378 4184 4707

 4182 4708 4056

 4182 4056 1207

 46 3729 4708

 46 4708 4182

 3729 32 4183

 3729 4183 4708

 4180 4709 3959

 4180 3959 1402

 914 2860 4709

 914 4709 4180

 2860 952 4181

 2860 4181 4709

 4178 4710 3958

 4178 3958 1413

 953 2859 4710

 953 4710 4178

 2859 915 4179

 2859 4179 4710

 4176 4711 3808

 4176 3808 1268

 272 1778 4711

 272 4711 4176

 1778 273 4177

 1778 4177 4711

 4174 4712 4055

 4174 4055 1199

 36 3725 4712

 36 4712 4174

 3725 50 4175

 3725 4175 4712

 4172 4713 3941

 4172 3941 1450

 1118 2674 4713

 1118 4713 4172

 2674 1142 4173

 2674 4173 4713

 4170 4714 4054

 4170 4054 1211

 53 3724 4714

 53 4714 4170

 3724 37 4171

 3724 4171 4714

 4168 4715 3993

 4168 3993 1325

 590 3178 4715

 590 4715 4168

 3178 623 4169

 3178 4169 4715

 4129 4716 3940

 4129 3940 1462

 1143 2673 4716

 1143 4716 4129

 2673 1122 4167

 2673 4167 4716

 4165 4717 3867

 4165 3867 1382

 811 2292 4717

 811 4717 4165

 2292 812 4166

 2292 4166 4717

 4163 4718 4033

 4163 4033 1254

 200 3568 4718

 200 4718 4163

 3568 223 4164

 3568 4164 4718

 4162 4719 4053

 4162 4053 1204

 43 3718 4719

 43 4719 4162

 3718 59 4106

 3718 4106 4719

 4160 4720 3992

 4160 3992 1337

 624 3177 4720

 624 4720 4160

 3177 593 4161

 3177 4161 4720

 4080 4721 4032

 4080 4032 1261

 225 3567 4721

 225 4721 4080

 3567 201 4159

 3567 4159 4721

 4157 4722 3807

 4157 3807 1266

 263 1769 4722

 263 4722 4157

 1769 264 4158

 1769 4158 4722

 4155 4723 3939

 4155 3939 1455

 1129 2666 4723

 1129 4723 4155

 2666 1150 4156

 2666 4156 4723

 4153 4724 3938

 4153 3938 1466

 1151 2665 4724

 1151 4724 4153

 2665 1131 4154

 2665 4154 4724

 4150 4725 3793

 4150 3793 1230

 87 1601 4725

 87 4725 4150

 1601 88 4077

 1601 4077 4725

 4151 4726 3866

 4151 3866 1380

 809 2291 4726

 809 4726 4151

 2291 810 4152

 2291 4152 4726

 4145 4727 3792

 4145 3792 1229

 86 1600 4727

 86 4727 4145

 1600 87 4150

 1600 4150 4727

 4148 4728 3977

 4148 3977 1364

 761 3011 4728

 761 4728 4148

 3011 785 4149

 3011 4149 4728

 4146 4729 3991

 4146 3991 1332

 597 3173 4729

 597 4729 4146

 3173 628 4147

 3173 4147 4729

 4072 4730 3849

 4072 3849 1346

 653 2139 4730

 653 4730 4072

 2139 652 4141

 2139 4141 4730

 4140 4731 3791

 4140 3791 1228

 85 1599 4731

 85 4731 4140

 1599 86 4145

 1599 4145 4731

 4143 4732 4052

 4143 4052 1216

 63 3717 4732

 63 4732 4143

 3717 44 4144

 3717 4144 4732

 4075 4733 3990

 4075 3990 1341

 631 3172 4733

 631 4733 4075

 3172 598 4142

 3172 4142 4733

 4141 4734 3848

 4141 3848 1345

 652 2138 4734

 652 4734 4141

 2138 651 4138

 2138 4138 4734

 4139 4735 3790

 4139 3790 1227

 84 1598 4735

 84 4735 4139

 1598 85 4140

 1598 4140 4735

 4138 4736 3847

 4138 3847 1344

 651 2137 4736

 651 4736 4138

 2137 650 4136

 2137 4136 4736

 4136 4737 3846

 4136 3846 1343

 650 2136 4737

 650 4737 4136

 2136 649 4137

 2136 4137 4737

 4134 4738 3865

 4134 3865 1378

 805 2287 4738

 805 4738 4134

 2287 806 4135

 2287 4135 4738

 4132 4739 3889

 4132 3889 1420

 984 2459 4739

 984 4739 4132

 2459 983 4133

 2459 4133 4739

 4130 4740 3937

 4130 3937 1458

 1139 2657 4740

 1139 4740 4130

 2657 1159 4131

 2657 4131 4740

 4092 4741 3936

 4092 3936 1470

 1160 2656 4741

 1160 4741 4092

 2656 1143 4129

 2656 4129 4741

 4128 4742 4051

 4128 4051 1209

 51 3710 4742

 51 4742 4128

 3710 70 4090

 3710 4090 4742

 4127 4743 3888

 4127 3888 1418

 981 2456 4743

 981 4743 4127

 2456 980 4102

 2456 4102 4743

 4107 4744 3789

 4107 3789 1226

 83 1597 4744

 83 4744 4107

 1597 82 4123

 1597 4123 4744

 4108 4745 4050

 4108 4050 1223

 76 3709 4745

 76 4745 4108

 3709 52 4126

 3709 4126 4745

 4125 4746 3828

 4125 3828 1310

 466 1963 4746

 466 4746 4125

 1963 465 4122

 1963 4122 4746

 4123 4747 3788

 4123 3788 1225

 82 1596 4747

 82 4747 4123

 1596 81 4124

 1596 4124 4747

 4122 4748 3827

 4122 3827 1309

 465 1962 4748

 465 4748 4122

 1962 464 4093

 1962 4093 4748

 4088 4749 3864

 4088 3864 1376

 798 2280 4749

 798 4749 4088

 2280 799 4083

 2280 4083 4749

 4120 4750 4031

 4120 4031 1257

 215 3553 4750

 215 4750 4120

 3553 239 4121

 3553 4121 4750

 4118 4751 4030

 4118 4030 1263

 240 3552 4751

 240 4751 4118

 3552 216 4119

 3552 4119 4751

 4117 4752 3957

 4117 3957 1408

 939 2835 4752

 939 4752 4117

 2835 977 4109

 2835 4109 4752

 4089 4753 3976

 4089 3976 1375

 788 3010 4753

 788 4753 4089

 3010 764 4116

 3010 4116 4753

 4114 4754 3935

 4114 3935 1463

 1148 2651 4754

 1148 4754 4114

 2651 1165 4115

 2651 4115 4754

 4112 4755 3934

 4112 3934 1474

 1166 2650 4755

 1166 4755 4112

 2650 1152 4113

 2650 4113 4755

 4110 4756 3887

 4110 3887 1415

 978 2455 4756

 978 4756 4110

 2455 979 4111

 2455 4111 4756

 4109 4757 3886

 4109 3886 1414

 977 2454 4757

 977 4757 4109

 2454 978 4110

 2454 4110 4757

 4105 4758 3787

 4105 3787 1222

 75 1590 4758

 75 4758 4105

 1590 76 4108

 1590 4108 4758

 4106 4759 4049

 4106 4049 1212

 59 3702 4759

 59 4759 4106

 3702 83 4107

 3702 4107 4759

 4104 4760 3786

 4104 3786 1221

 74 1589 4760

 74 4760 4104

 1589 75 4105

 1589 4105 4760

 4101 4761 3785

 4101 3785 1220

 73 1588 4761

 73 4761 4101

 1588 74 4104

 1588 4104 4761

 4102 4762 3956

 4102 3956 1417

 980 2834 4762

 980 4762 4102

 2834 942 4103

 2834 4103 4762

 4095 4763 3784

 4095 3784 1219

 72 1587 4763

 72 4763 4095

 1587 73 4101

 1587 4101 4763

 4099 4764 4005

 4099 4005 1305

 426 3342 4764

 426 4764 4099

 3342 463 4100

 3342 4100 4764

 4098 4765 3933

 4098 3933 1468

 1158 2644 4765

 1158 4765 4098

 2644 1172 4067

 2644 4067 4765

 4096 4766 4029

 4096 4029 1260

 224 3544 4766

 224 4766 4096

 3544 248 4097

 3544 4097 4766

 4091 4767 3783

 4091 3783 1218

 71 1586 4767

 71 4767 4091

 1586 72 4095

 1586 4095 4767

 4093 4768 4004

 4093 4004 1308

 464 3341 4768

 464 4768 4093

 3341 427 4094

 3341 4094 4768

 4074 4769 3932

 4074 3932 1481

 1173 2643 4769

 1173 4769 4074

 2643 1160 4092

 2643 4092 4769

 4090 4770 3782

 4090 3782 1217

 70 1585 4770

 70 4770 4090

 1585 71 4091

 1585 4091 4770

 4086 4771 3863

 4086 3863 1374

 787 2269 4771

 787 4771 4086

 2269 788 4089

 2269 4089 4771

 4087 4772 3975

 4087 3975 1368

 774 3000 4772

 774 4772 4087

 3000 798 4088

 3000 4088 4772

 4085 4773 3862

 4085 3862 1373

 786 2268 4773

 786 4773 4085

 2268 787 4086

 2268 4086 4773

 4083 4774 3974

 4083 3974 1377

 799 2999 4774

 799 4774 4083

 2999 775 4084

 2999 4084 4774

 4082 4775 3931

 4082 3931 1471

 1163 2640 4775

 1163 4775 4082

 2640 1176 4081

 2640 4081 4775

 4081 4776 3930

 4081 3930 1484

 1176 2639 4776

 1176 4776 4081

 2639 1175 4076

 2639 4076 4776

 4079 4777 4028

 4079 4028 1265

 249 3543 4777

 249 4777 4079

 3543 225 4080

 3543 4080 4777

 4077 4778 4048

 4077 4048 1231

 88 3701 4778

 88 4778 4077

 3701 60 4078

 3701 4078 4778

 4076 4779 3929

 4076 3929 1483

 1175 2638 4779

 1175 4779 4076

 2638 1174 4073

 2638 4073 4779

 4070 4780 3845

 4070 3845 1340

 630 2118 4780

 630 4780 4070

 2118 631 4075

 2118 4075 4780

 4073 4781 3928

 4073 3928 1482

 1174 2637 4781

 1174 4781 4073

 2637 1173 4074

 2637 4074 4781

 4071 4782 3989

 4071 3989 1334

 621 3146 4782

 621 4782 4071

 3146 653 4072

 3146 4072 4782

 4069 4783 3844

 4069 3844 1339

 629 2117 4783

 629 4783 4069

 2117 630 4070

 2117 4070 4783

 4067 4784 3927

 4067 3927 1480

 1172 2636 4784

 1172 4784 4067

 2636 1171 4068

 2636 4068 4784

 3757 4785 1530

 3757 1530 7

 1 1525 4785

 1 4785 3757

 1525 0 3758

 1525 3758 4785

 6987 4787 6991

 2 1526 4786

 2 4786 3756

 1526 1 3757

 1526 3757 4786

 6991 3756 6992

 3 1527 4787

 3 4787 3755

 1527 2 3756

 1527 3756 4787

 3754 4788 1531

 3754 1531 9

 4 1528 4788

 4 4788 3754

 1528 3 3755

 1528 3755 4788

 3753 4789 1532

 3753 1532 10

 5 1529 4789

 5 4789 3753

 1529 4 3754

 1529 3754 4789

 3751 4790 1534

 3751 1534 13

 7 1530 4790

 7 4790 3751

 1530 6 3752

 1530 3752 4790

 6992 3756 4786

 3757 6979 4786

 6979 3757 7

 6981 7 3751

 6981 3751 13

 6981 1535 6983

 3749 4791 1537

 3749 1537 16

 9 1531 4791

 9 4791 3749

 1531 8 3750

 1531 3750 4791

 3748 4792 1538

 3748 1538 17

 10 1532 4792

 10 4792 3748

 1532 9 3749

 1532 3749 4792

 3747 4793 1539

 3747 1539 18

 11 1533 4793

 11 4793 3747

 1533 10 3748

 1533 3748 4793

 3745 4794 1541

 3745 1541 21

 13 1534 4794

 13 4794 3745

 1534 12 3746

 1534 3746 4794

 3744 4795 1542

 3744 1542 22

 14 1535 4795

 14 4795 3744

 1535 13 3745

 1535 3745 4795

 3743 4796 1543

 3743 1543 23

 15 1536 4796

 15 4796 3743

 1536 14 3744

 1536 3744 4796

 3742 4797 1544

 3742 1544 24

 16 1537 4797

 16 4797 3742

 1537 15 3743

 1537 3743 4797

 3741 4798 1545

 3741 1545 25

 17 1538 4798

 17 4798 3741

 1538 16 3742

 1538 3742 4798

 3740 4799 1546

 3740 1546 26

 18 1539 4799

 18 4799 3740

 1539 17 3741

 1539 3741 4799

 3739 4800 1547

 3739 1547 27

 19 1540 4800

 19 4800 3739

 1540 18 3740

 1540 3740 4800

 3737 4801 1551

 3737 1551 33

 24 1544 4801

 24 4801 3737

 1544 23 3738

 1544 3738 4801

 3736 4802 1552

 3736 1552 34

 25 1545 4802

 25 4802 3736

 1545 24 3737

 1545 3737 4802

 3735 4803 1553

 3735 1553 35

 26 1546 4803

 26 4803 3735

 1546 25 3736

 1546 3736 4803

 3734 4804 1554

 3734 1554 36

 27 1547 4804

 27 4804 3734

 1547 26 3735

 1547 3735 4804

 3732 4805 1558

 3732 1558 41

 29 1548 4805

 29 4805 3732

 1548 28 3733

 1548 3733 4805

 3731 4806 1559

 3731 1559 42

 30 1549 4806

 30 4806 3731

 1549 29 3732

 1549 3732 4806

 3730 4807 1560

 3730 1560 43

 31 1550 4807

 31 4807 3730

 1550 30 3731

 1550 3731 4807

 3728 4808 1563

 3728 1563 47

 33 1551 4808

 33 4808 3728

 1551 32 3729

 1551 3729 4808

 3727 4809 1564

 3727 1564 48

 34 1552 4809

 34 4809 3727

 1552 33 3728

 1552 3728 4809

 3726 4810 1565

 3726 1565 49

 35 1553 4810

 35 4810 3726

 1553 34 3727

 1553 3727 4810

 3725 4811 1566

 3725 1566 50

 36 1554 4811

 36 4811 3725

 1554 35 3726

 1554 3726 4811

 3723 4812 1569

 3723 1569 54

 38 1555 4812

 38 4812 3723

 1555 37 3724

 1555 3724 4812

 3722 4813 1570

 3722 1570 55

 39 1556 4813

 39 4813 3722

 1556 38 3723

 1556 3723 4813

 3721 4814 1571

 3721 1571 56

 40 1557 4814

 40 4814 3721

 1557 39 3722

 1557 3722 4814

 3720 4815 1572

 3720 1572 57

 41 1558 4815

 41 4815 3720

 1558 40 3721

 1558 3721 4815

 3719 4816 1573

 3719 1573 58

 42 1559 4816

 42 4816 3719

 1559 41 3720

 1559 3720 4816

 3718 4817 1574

 3718 1574 59

 43 1560 4817

 43 4817 3718

 1560 42 3719

 1560 3719 4817

 3716 4818 1578

 3716 1578 64

 45 1561 4818

 45 4818 3716

 1561 44 3717

 1561 3717 4818

 3715 4819 1579

 3715 1579 65

 46 1562 4819

 46 4819 3715

 1562 45 3716

 1562 3716 4819

 3714 4820 1580

 3714 1580 66

 47 1563 4820

 47 4820 3714

 1563 46 3715

 1563 3715 4820

 3713 4821 1581

 3713 1581 67

 48 1564 4821

 48 4821 3713

 1564 47 3714

 1564 3714 4821

 3712 4822 1582

 3712 1582 68

 49 1565 4822

 49 4822 3712

 1565 48 3713

 1565 3713 4822

 3711 4823 1583

 3711 1583 69

 50 1566 4823

 50 4823 3711

 1566 49 3712

 1566 3712 4823

 3710 4824 1584

 3710 1584 70

 51 1567 4824

 51 4824 3710

 1567 50 3711

 1567 3711 4824

 3708 4825 1591

 3708 1591 77

 53 1568 4825

 53 4825 3708

 1568 52 3709

 1568 3709 4825

 3707 4826 1592

 3707 1592 78

 54 1569 4826

 54 4826 3707

 1569 53 3708

 1569 3708 4826

 3706 4827 1593

 3706 1593 79

 55 1570 4827

 55 4827 3706

 1570 54 3707

 1570 3707 4827

 3705 4828 1594

 3705 1594 80

 56 1571 4828

 56 4828 3705

 1571 55 3706

 1571 3706 4828

 3704 4829 1595

 3704 1595 81

 57 1572 4829

 57 4829 3704

 1572 56 3705

 1572 3705 4829

 3703 4830 1596

 3703 1596 82

 58 1573 4830

 58 4830 3703

 1573 57 3704

 1573 3704 4830

 3702 4831 1597

 3702 1597 83

 59 1574 4831

 59 4831 3702

 1574 58 3703

 1574 3703 4831

 3700 4832 1602

 3700 1602 89

 61 1575 4832

 61 4832 3700

 1575 60 3701

 1575 3701 4832

 3699 4833 1603

 3699 1603 90

 62 1576 4833

 62 4833 3699

 1576 61 3700

 1576 3700 4833

 3698 4834 1604

 3698 1604 91

 63 1577 4834

 63 4834 3698

 1577 62 3699

 1577 3699 4834

 3697 4835 1605

 3697 1605 92

 64 1578 4835

 64 4835 3697

 1578 63 3698

 1578 3698 4835

 3696 4836 1606

 3696 1606 93

 65 1579 4836

 65 4836 3696

 1579 64 3697

 1579 3697 4836

 3695 4837 1607

 3695 1607 94

 66 1580 4837

 66 4837 3695

 1580 65 3696

 1580 3696 4837

 3694 4838 1608

 3694 1608 95

 67 1581 4838

 67 4838 3694

 1581 66 3695

 1581 3695 4838

 3693 4839 1609

 3693 1609 96

 68 1582 4839

 68 4839 3693

 1582 67 3694

 1582 3694 4839

 3692 4840 1610

 3692 1610 97

 69 1583 4840

 69 4840 3692

 1583 68 3693

 1583 3693 4840

 3691 4841 1611

 3691 1611 98

 70 1584 4841

 70 4841 3691

 1584 69 3692

 1584 3692 4841

 3690 4842 1612

 3690 1612 99

 71 1585 4842

 71 4842 3690

 1585 70 3691

 1585 3691 4842

 3689 4843 1613

 3689 1613 100

 72 1586 4843

 72 4843 3689

 1586 71 3690

 1586 3690 4843

 3688 4844 1614

 3688 1614 101

 73 1587 4844

 73 4844 3688

 1587 72 3689

 1587 3689 4844

 3687 4845 1615

 3687 1615 102

 74 1588 4845

 74 4845 3687

 1588 73 3688

 1588 3688 4845

 3686 4846 1616

 3686 1616 103

 1589 74 3687

 1589 3687 4846

 3685 4847 1617

 3685 1617 104

 76 1590 4847

 76 4847 3685

 1590 75 3686

 1590 3686 4847

 3684 4848 1618

 3684 1618 105

 77 1591 4848

 77 4848 3684

 1591 76 3685

 1591 3685 4848

 3683 4849 1619

 3683 1619 106

 78 1592 4849

 78 4849 3683

 1592 77 3684

 1592 3684 4849

 3682 4850 1620

 3682 1620 107

 79 1593 4850

 79 4850 3682

 1593 78 3683

 1593 3683 4850

 3681 4851 1621

 3681 1621 108

 80 1594 4851

 80 4851 3681

 1594 79 3682

 1594 3682 4851

 3680 4852 1622

 3680 1622 109

 81 1595 4852

 81 4852 3680

 1595 80 3681

 1595 3681 4852

 3678 4853 1623

 3678 1623 111

 85 1598 4853

 85 4853 3678

 1598 84 3679

 1598 3679 4853

 3677 4854 1624

 3677 1624 112

 86 1599 4854

 86 4854 3677

 1599 85 3678

 1599 3678 4854

 3676 4855 1625

 3676 1625 113

 87 1600 4855

 87 4855 3676

 1600 86 3677

 1600 3677 4855

 3675 4856 1626

 3675 1626 114

 88 1601 4856

 88 4856 3675

 1601 87 3676

 1601 3676 4856

 3674 4857 1627

 3674 1627 115

 89 1602 4857

 89 4857 3674

 1602 88 3675

 1602 3675 4857

 3673 4858 1628

 3673 1628 116

 90 1603 4858

 90 4858 3673

 1603 89 3674

 1603 3674 4858

 3672 4859 1629

 3672 1629 117

 91 1604 4859

 91 4859 3672

 1604 90 3673

 1604 3673 4859

 3671 4860 1630

 3671 1630 118

 92 1605 4860

 92 4860 3671

 1605 91 3672

 1605 3672 4860

 3670 4861 1631

 3670 1631 119

 93 1606 4861

 93 4861 3670

 1606 92 3671

 1606 3671 4861

 3669 4862 1632

 3669 1632 120

 94 1607 4862

 94 4862 3669

 1607 93 3670

 1607 3670 4862

 3668 4863 1633

 3668 1633 121

 95 1608 4863

 95 4863 3668

 1608 94 3669

 1608 3669 4863

 3667 4864 1634

 3667 1634 122

 96 1609 4864

 96 4864 3667

 1609 95 3668

 1609 3668 4864

 3666 4865 1635

 3666 1635 123

 97 1610 4865

 97 4865 3666

 1610 96 3667

 1610 3667 4865

 3665 4866 1636

 3665 1636 124

 98 1611 4866

 98 4866 3665

 1611 97 3666

 1611 3666 4866

 3664 4867 1637

 3664 1637 125

 99 1612 4867

 99 4867 3664

 1612 98 3665

 1612 3665 4867

 3663 4868 1638

 3663 1638 126

 100 1613 4868

 100 4868 3663

 1613 99 3664

 1613 3664 4868

 3662 4869 1639

 3662 1639 127

 101 1614 4869

 101 4869 3662

 1614 100 3663

 1614 3663 4869

 3661 4870 1640

 3661 1640 128

 102 1615 4870

 102 4870 3661

 1615 101 3662

 1615 3662 4870

 3660 4871 1641

 3660 1641 129

 103 1616 4871

 103 4871 3660

 1616 102 3661

 1616 3661 4871

 3659 4872 1642

 3659 1642 130

 104 1617 4872

 104 4872 3659

 1617 103 3660

 1617 3660 4872

 3658 4873 1643

 3658 1643 131

 105 1618 4873

 105 4873 3658

 1618 104 3659

 1618 3659 4873

 3657 4874 1644

 3657 1644 132

 106 1619 4874

 106 4874 3657

 1619 105 3658

 1619 3658 4874

 3656 4875 1645

 3656 1645 133

 107 1620 4875

 107 4875 3656

 1620 106 3657

 1620 3657 4875

 3655 4876 1646

 3655 1646 134

 108 1621 4876

 108 4876 3655

 1621 107 3656

 1621 3656 4876

 3653 4877 1647

 3653 1647 136

 111 1623 4877

 111 4877 3653

 1623 110 3654

 1623 3654 4877

 3652 4878 1648

 3652 1648 137

 112 1624 4878

 112 4878 3652

 1624 111 3653

 1624 3653 4878

 3651 4879 1649

 3651 1649 138

 113 1625 4879

 113 4879 3651

 1625 112 3652

 1625 3652 4879

 3650 4880 1650

 3650 1650 139

 114 1626 4880

 114 4880 3650

 1626 113 3651

 1626 3651 4880

 3649 4881 1651

 3649 1651 140

 115 1627 4881

 115 4881 3649

 1627 114 3650

 1627 3650 4881

 3648 4882 1652

 3648 1652 141

 116 1628 4882

 116 4882 3648

 1628 115 3649

 1628 3649 4882

 3647 4883 1653

 3647 1653 142

 117 1629 4883

 117 4883 3647

 1629 116 3648

 1629 3648 4883

 3646 4884 1654

 3646 1654 143

 118 1630 4884

 118 4884 3646

 1630 117 3647

 1630 3647 4884

 3644 4885 1656

 3644 1656 145

 120 1632 4885

 120 4885 3644

 1632 119 3645

 1632 3645 4885

 3643 4886 1657

 3643 1657 146

 121 1633 4886

 121 4886 3643

 1633 120 3644

 1633 3644 4886

 3642 4887 1658

 3642 1658 147

 122 1634 4887

 122 4887 3642

 1634 121 3643

 1634 3643 4887

 3641 4888 1659

 3641 1659 148

 123 1635 4888

 123 4888 3641

 1635 122 3642

 1635 3642 4888

 3640 4889 1660

 3640 1660 149

 124 1636 4889

 124 4889 3640

 1636 123 3641

 1636 3641 4889

 3639 4890 1661

 3639 1661 150

 125 1637 4890

 125 4890 3639

 1637 124 3640

 1637 3640 4890

 3638 4891 1662

 3638 1662 151

 126 1638 4891

 126 4891 3638

 1638 125 3639

 1638 3639 4891

 3637 4892 1663

 3637 1663 152

 127 1639 4892

 127 4892 3637

 1639 126 3638

 1639 3638 4892

 3636 4893 1664

 3636 1664 153

 128 1640 4893

 128 4893 3636

 1640 127 3637

 1640 3637 4893

 3635 4894 1665

 3635 1665 154

 129 1641 4894

 129 4894 3635

 1641 128 3636

 1641 3636 4894

 3634 4895 1666

 3634 1666 155

 130 1642 4895

 130 4895 3634

 1642 129 3635

 1642 3635 4895

 3633 4896 1667

 3633 1667 156

 131 1643 4896

 131 4896 3633

 1643 130 3634

 1643 3634 4896

 3632 4897 1668

 3632 1668 157

 132 1644 4897

 132 4897 3632

 1644 131 3633

 1644 3633 4897

 3630 4898 1669

 3630 1669 159

 136 1647 4898

 136 4898 3630

 1647 135 3631

 1647 3631 4898

 3629 4899 1670

 3629 1670 160

 137 1648 4899

 137 4899 3629

 1648 136 3630

 1648 3630 4899

 3628 4900 1671

 3628 1671 161

 138 1649 4900

 138 4900 3628

 1649 137 3629

 1649 3629 4900

 3627 4901 1672

 3627 1672 162

 139 1650 4901

 139 4901 3627

 1650 138 3628

 1650 3628 4901

 3626 4902 1673

 3626 1673 163

 140 1651 4902

 140 4902 3626

 1651 139 3627

 1651 3627 4902

 3625 4903 1674

 3625 1674 164

 141 1652 4903

 141 4903 3625

 1652 140 3626

 1652 3626 4903

 3624 4904 1675

 3624 1675 165

 142 1653 4904

 142 4904 3624

 1653 141 3625

 1653 3625 4904

 3623 4905 1676

 3623 1676 166

 143 1654 4905

 143 4905 3623

 1654 142 3624

 1654 3624 4905

 3622 4906 1677

 3622 1677 167

 144 1655 4906

 144 4906 3622

 1655 143 3623

 1655 3623 4906

 3621 4907 1678

 3621 1678 168

 145 1656 4907

 145 4907 3621

 1656 144 3622

 1656 3622 4907

 3620 4908 1679

 3620 1679 169

 146 1657 4908

 146 4908 3620

 1657 145 3621

 1657 3621 4908

 3619 4909 1680

 3619 1680 170

 147 1658 4909

 147 4909 3619

 1658 146 3620

 1658 3620 4909

 3618 4910 1681

 3618 1681 171

 148 1659 4910

 148 4910 3618

 1659 147 3619

 1659 3619 4910

 3617 4911 1682

 3617 1682 172

 149 1660 4911

 149 4911 3617

 1660 148 3618

 1660 3618 4911

 3616 4912 1683

 3616 1683 173

 150 1661 4912

 150 4912 3616

 1661 149 3617

 1661 3617 4912

 3615 4913 1684

 3615 1684 174

 151 1662 4913

 151 4913 3615

 1662 150 3616

 1662 3616 4913

 3614 4914 1685

 3614 1685 175

 152 1663 4914

 152 4914 3614

 1663 151 3615

 1663 3615 4914

 3613 4915 1686

 3613 1686 176

 153 1664 4915

 153 4915 3613

 1664 152 3614

 1664 3614 4915

 3612 4916 1687

 3612 1687 177

 154 1665 4916

 154 4916 3612

 1665 153 3613

 1665 3613 4916

 3611 4917 1688

 3611 1688 178

 155 1666 4917

 155 4917 3611

 1666 154 3612

 1666 3612 4917

 3609 4918 1689

 3609 1689 180

 159 1669 4918

 159 4918 3609

 1669 158 3610

 1669 3610 4918

 3608 4919 1690

 3608 1690 181

 160 1670 4919

 160 4919 3608

 1670 159 3609

 1670 3609 4919

 3607 4920 1691

 3607 1691 182

 161 1671 4920

 161 4920 3607

 1671 160 3608

 1671 3608 4920

 3606 4921 1692

 3606 1692 183

 162 1672 4921

 162 4921 3606

 1672 161 3607

 1672 3607 4921

 3605 4922 1693

 3605 1693 184

 163 1673 4922

 163 4922 3605

 1673 162 3606

 1673 3606 4922

 3604 4923 1694

 3604 1694 185

 164 1674 4923

 164 4923 3604

 1674 163 3605

 1674 3605 4923

 3603 4924 1695

 3603 1695 186

 165 1675 4924

 165 4924 3603

 1675 164 3604

 1675 3604 4924

 3602 4925 1696

 3602 1696 187

 166 1676 4925

 166 4925 3602

 1676 165 3603

 1676 3603 4925

 3601 4926 1697

 3601 1697 188

 167 1677 4926

 167 4926 3601

 1677 166 3602

 1677 3602 4926

 3600 4927 1698

 3600 1698 189

 168 1678 4927

 168 4927 3600

 1678 167 3601

 1678 3601 4927

 3599 4928 1699

 3599 1699 190

 169 1679 4928

 169 4928 3599

 1679 168 3600

 1679 3600 4928

 3598 4929 1700

 3598 1700 191

 170 1680 4929

 170 4929 3598

 1680 169 3599

 1680 3599 4929

 3597 4930 1701

 3597 1701 192

 171 1681 4930

 171 4930 3597

 1681 170 3598

 1681 3598 4930

 3596 4931 1702

 3596 1702 193

 172 1682 4931

 172 4931 3596

 1682 171 3597

 1682 3597 4931

 3595 4932 1703

 3595 1703 194

 173 1683 4932

 173 4932 3595

 1683 172 3596

 1683 3596 4932

 3593 4933 1705

 3593 1705 196

 175 1685 4933

 175 4933 3593

 1685 174 3594

 1685 3594 4933

 3592 4934 1706

 3592 1706 197

 176 1686 4934

 176 4934 3592

 1686 175 3593

 1686 3593 4934

 3591 4935 1707

 3591 1707 198

 177 1687 4935

 177 4935 3591

 1687 176 3592

 1687 3592 4935

 3590 4936 1708

 3590 1708 199

 178 1688 4936

 178 4936 3590

 1688 177 3591

 1688 3591 4936

 3588 4937 1711

 3588 1711 203

 180 1689 4937

 180 4937 3588

 1689 179 3589

 1689 3589 4937

 3587 4938 1712

 3587 1712 204

 181 1690 4938

 181 4938 3587

 1690 180 3588

 1690 3588 4938

 3586 4939 1713

 3586 1713 205

 182 1691 4939

 182 4939 3586

 1691 181 3587

 1691 3587 4939

 3585 4940 1714

 3585 1714 206

 183 1692 4940

 183 4940 3585

 1692 182 3586

 1692 3586 4940

 3584 4941 1715

 3584 1715 207

 184 1693 4941

 184 4941 3584

 1693 183 3585

 1693 3585 4941

 3583 4942 1716

 3583 1716 208

 185 1694 4942

 185 4942 3583

 1694 184 3584

 1694 3584 4942

 3582 4943 1717

 3582 1717 209

 186 1695 4943

 186 4943 3582

 1695 185 3583

 1695 3583 4943

 3581 4944 1718

 3581 1718 210

 187 1696 4944

 187 4944 3581

 1696 186 3582

 1696 3582 4944

 3580 4945 1719

 3580 1719 211

 188 1697 4945

 188 4945 3580

 1697 187 3581

 1697 3581 4945

 3579 4946 1720

 3579 1720 212

 189 1698 4946

 189 4946 3579

 1698 188 3580

 1698 3580 4946

 3578 4947 1721

 3578 1721 213

 190 1699 4947

 190 4947 3578

 1699 189 3579

 1699 3579 4947

 3577 4948 1722

 3577 1722 214

 191 1700 4948

 191 4948 3577

 1700 190 3578

 1700 3578 4948

 3576 4949 1723

 3576 1723 215

 192 1701 4949

 192 4949 3576

 1701 191 3577

 1701 3577 4949

 3575 4950 1724

 3575 1724 216

 193 1702 4950

 193 4950 3575

 1702 192 3576

 1702 3576 4950

 3574 4951 1725

 3574 1725 217

 194 1703 4951

 194 4951 3574

 1703 193 3575

 1703 3575 4951

 3573 4952 1726

 3573 1726 218

 195 1704 4952

 195 4952 3573

 1704 194 3574

 1704 3574 4952

 3572 4953 1727

 3572 1727 219

 196 1705 4953

 196 4953 3572

 1705 195 3573

 1705 3573 4953

 3571 4954 1728

 3571 1728 220

 197 1706 4954

 197 4954 3571

 1706 196 3572

 1706 3572 4954

 3570 4955 1729

 3570 1729 221

 198 1707 4955

 198 4955 3570

 1707 197 3571

 1707 3571 4955

 3569 4956 1730

 3569 1730 222

 199 1708 4956

 199 4956 3569

 1708 198 3570

 1708 3570 4956

 3568 4957 1731

 3568 1731 223

 200 1709 4957

 200 4957 3568

 1709 199 3569

 1709 3569 4957

 3566 4958 1733

 3566 1733 226

 202 1710 4958

 202 4958 3566

 1710 201 3567

 1710 3567 4958

 3565 4959 1734

 3565 1734 227

 203 1711 4959

 203 4959 3565

 1711 202 3566

 1711 3566 4959

 3564 4960 1735

 3564 1735 228

 204 1712 4960

 204 4960 3564

 1712 203 3565

 1712 3565 4960

 3563 4961 1736

 3563 1736 229

 205 1713 4961

 205 4961 3563

 1713 204 3564

 1713 3564 4961

 3562 4962 1737

 3562 1737 230

 206 1714 4962

 206 4962 3562

 1714 205 3563

 1714 3563 4962

 3561 4963 1738

 3561 1738 231

 207 1715 4963

 207 4963 3561

 1715 206 3562

 1715 3562 4963

 3560 4964 1739

 3560 1739 232

 208 1716 4964

 208 4964 3560

 1716 207 3561

 1716 3561 4964

 3559 4965 1740

 3559 1740 233

 209 1717 4965

 209 4965 3559

 1717 208 3560

 1717 3560 4965

 3558 4966 1741

 3558 1741 234

 210 1718 4966

 210 4966 3558

 1718 209 3559

 1718 3559 4966

 3557 4967 1742

 3557 1742 235

 211 1719 4967

 211 4967 3557

 1719 210 3558

 1719 3558 4967

 3556 4968 1743

 3556 1743 236

 212 1720 4968

 212 4968 3556

 1720 211 3557

 1720 3557 4968

 3555 4969 1744

 3555 1744 237

 213 1721 4969

 213 4969 3555

 1721 212 3556

 1721 3556 4969

 3554 4970 1745

 3554 1745 238

 214 1722 4970

 214 4970 3554

 1722 213 3555

 1722 3555 4970

 3553 4971 1746

 3553 1746 239

 215 1723 4971

 215 4971 3553

 1723 214 3554

 1723 3554 4971

 3551 4972 1747

 3551 1747 241

 217 1725 4972

 217 4972 3551

 1725 216 3552

 1725 3552 4972

 3550 4973 1748

 3550 1748 242

 218 1726 4973

 218 4973 3550

 1726 217 3551

 1726 3551 4973

 3549 4974 1749

 3549 1749 243

 219 1727 4974

 219 4974 3549

 1727 218 3550

 1727 3550 4974

 3548 4975 1750

 3548 1750 244

 220 1728 4975

 220 4975 3548

 1728 219 3549

 1728 3549 4975

 3547 4976 1751

 3547 1751 245

 221 1729 4976

 221 4976 3547

 1729 220 3548

 1729 3548 4976

 3546 4977 1752

 3546 1752 246

 222 1730 4977

 222 4977 3546

 1730 221 3547

 1730 3547 4977

 3545 4978 1753

 3545 1753 247

 223 1731 4978

 223 4978 3545

 1731 222 3546

 1731 3546 4978

 3544 4979 1754

 3544 1754 248

 224 1732 4979

 224 4979 3544

 1732 223 3545

 1732 3545 4979

 3542 4980 1755

 3542 1755 250

 226 1733 4980

 226 4980 3542

 1733 225 3543

 1733 3543 4980

 3541 4981 1756

 3541 1756 251

 227 1734 4981

 227 4981 3541

 1734 226 3542

 1734 3542 4981

 3540 4982 1757

 3540 1757 252

 228 1735 4982

 228 4982 3540

 1735 227 3541

 1735 3541 4982

 3539 4983 1758

 3539 1758 253

 229 1736 4983

 229 4983 3539

 1736 228 3540

 1736 3540 4983

 3538 4984 1759

 3538 1759 254

 230 1737 4984

 230 4984 3538

 1737 229 3539

 1737 3539 4984

 3537 4985 1760

 3537 1760 255

 231 1738 4985

 231 4985 3537

 1738 230 3538

 1738 3538 4985

 3536 4986 1761

 3536 1761 256

 232 1739 4986

 232 4986 3536

 1739 231 3537

 1739 3537 4986

 3535 4987 1762

 3535 1762 257

 233 1740 4987

 233 4987 3535

 1740 232 3536

 1740 3536 4987

 3534 4988 1763

 3534 1763 258

 234 1741 4988

 234 4988 3534

 1741 233 3535

 1741 3535 4988

 3533 4989 1764

 3533 1764 259

 235 1742 4989

 235 4989 3533

 1742 234 3534

 1742 3534 4989

 3532 4990 1765

 3532 1765 260

 236 1743 4990

 236 4990 3532

 1743 235 3533

 1743 3533 4990

 3531 4991 1766

 3531 1766 261

 237 1744 4991

 237 4991 3531

 1744 236 3532

 1744 3532 4991

 3530 4992 1767

 3530 1767 262

 238 1745 4992

 238 4992 3530

 1745 237 3531

 1745 3531 4992

 3529 4993 1768

 3529 1768 263

 239 1746 4993

 239 4993 3529

 1746 238 3530

 1746 3530 4993

 3527 4994 1770

 3527 1770 265

 241 1747 4994

 241 4994 3527

 1747 240 3528

 1747 3528 4994

 3526 4995 1771

 3526 1771 266

 242 1748 4995

 242 4995 3526

 1748 241 3527

 1748 3527 4995

 3525 4996 1772

 3525 1772 267

 243 1749 4996

 243 4996 3525

 1749 242 3526

 1749 3526 4996

 3524 4997 1773

 3524 1773 268

 244 1750 4997

 244 4997 3524

 1750 243 3525

 1750 3525 4997

 3523 4998 1774

 3523 1774 269

 245 1751 4998

 245 4998 3523

 1751 244 3524

 1751 3524 4998

 3522 4999 1775

 3522 1775 270

 246 1752 4999

 246 4999 3522

 1752 245 3523

 1752 3523 4999

 3521 5000 1776

 3521 1776 271

 247 1753 5000

 247 5000 3521

 1753 246 3522

 1753 3522 5000

 3520 5001 1777

 3520 1777 272

 248 1754 5001

 248 5001 3520

 1754 247 3521

 1754 3521 5001

 3518 5002 1779

 3518 1779 275

 250 1755 5002

 250 5002 3518

 1755 249 3519

 1755 3519 5002

 3517 5003 1780

 3517 1780 276

 251 1756 5003

 251 5003 3517

 1756 250 3518

 1756 3518 5003

 3516 5004 1781

 3516 1781 277

 252 1757 5004

 252 5004 3516

 1757 251 3517

 1757 3517 5004

 3515 5005 1782

 3515 1782 278

 253 1758 5005

 253 5005 3515

 1758 252 3516

 1758 3516 5005

 3514 5006 1783

 3514 1783 279

 254 1759 5006

 254 5006 3514

 1759 253 3515

 1759 3515 5006

 3513 5007 1784

 3513 1784 280

 255 1760 5007

 255 5007 3513

 1760 254 3514

 1760 3514 5007

 3512 5008 1785

 3512 1785 281

 256 1761 5008

 256 5008 3512

 1761 255 3513

 1761 3513 5008

 3511 5009 1786

 3511 1786 282

 257 1762 5009

 257 5009 3511

 1762 256 3512

 1762 3512 5009

 3510 5010 1787

 3510 1787 283

 258 1763 5010

 258 5010 3510

 1763 257 3511

 1763 3511 5010

 3509 5011 1788

 3509 1788 284

 259 1764 5011

 259 5011 3509

 1764 258 3510

 1764 3510 5011

 3508 5012 1789

 3508 1789 285

 260 1765 5012

 260 5012 3508

 1765 259 3509

 1765 3509 5012

 3507 5013 1790

 3507 1790 286

 261 1766 5013

 261 5013 3507

 1766 260 3508

 1766 3508 5013

 3506 5014 1791

 3506 1791 287

 262 1767 5014

 262 5014 3506

 1767 261 3507

 1767 3507 5014

 3505 5015 1792

 3505 1792 288

 263 1768 5015

 263 5015 3505

 1768 262 3506

 1768 3506 5015

 3504 5016 1793

 3504 1793 289

 264 1769 5016

 264 5016 3504

 1769 263 3505

 1769 3505 5016

 3503 5017 1794

 3503 1794 290

 265 1770 5017

 265 5017 3503

 1770 264 3504

 1770 3504 5017

 3502 5018 1795

 3502 1795 291

 266 1771 5018

 266 5018 3502

 1771 265 3503

 1771 3503 5018

 3501 5019 1796

 3501 1796 292

 267 1772 5019

 267 5019 3501

 1772 266 3502

 1772 3502 5019

 3500 5020 1797

 3500 1797 293

 268 1773 5020

 268 5020 3500

 1773 267 3501

 1773 3501 5020

 3499 5021 1798

 3499 1798 294

 269 1774 5021

 269 5021 3499

 1774 268 3500

 1774 3500 5021

 3498 5022 1799

 3498 1799 295

 270 1775 5022

 270 5022 3498

 1775 269 3499

 1775 3499 5022

 3497 5023 1800

 3497 1800 296

 271 1776 5023

 271 5023 3497

 1776 270 3498

 1776 3498 5023

 3496 5024 1801

 3496 1801 297

 272 1777 5024

 272 5024 3496

 1777 271 3497

 1777 3497 5024

 3495 5025 1802

 3495 1802 298

 273 1778 5025

 273 5025 3495

 1778 272 3496

 1778 3496 5025

 3493 5026 1805

 3493 1805 302

 275 1779 5026

 275 5026 3493

 1779 274 3494

 1779 3494 5026

 3492 5027 1806

 3492 1806 303

 276 1780 5027

 276 5027 3492

 1780 275 3493

 1780 3493 5027

 3491 5028 1807

 3491 1807 304

 277 1781 5028

 277 5028 3491

 1781 276 3492

 1781 3492 5028

 3490 5029 1808

 3490 1808 305

 278 1782 5029

 278 5029 3490

 1782 277 3491

 1782 3491 5029

 3489 5030 1809

 3489 1809 306

 279 1783 5030

 279 5030 3489

 1783 278 3490

 1783 3490 5030

 3488 5031 1810

 3488 1810 307

 280 1784 5031

 280 5031 3488

 1784 279 3489

 1784 3489 5031

 3487 5032 1811

 3487 1811 308

 281 1785 5032

 281 5032 3487

 1785 280 3488

 1785 3488 5032

 3486 5033 1812

 3486 1812 309

 282 1786 5033

 282 5033 3486

 1786 281 3487

 1786 3487 5033

 3485 5034 1813

 3485 1813 310

 283 1787 5034

 283 5034 3485

 1787 282 3486

 1787 3486 5034

 3484 5035 1814

 3484 1814 311

 284 1788 5035

 284 5035 3484

 1788 283 3485

 1788 3485 5035

 3483 5036 1815

 3483 1815 312

 285 1789 5036

 285 5036 3483

 1789 284 3484

 1789 3484 5036

 3482 5037 1816

 3482 1816 313

 286 1790 5037

 286 5037 3482

 1790 285 3483

 1790 3483 5037

 3481 5038 1817

 3481 1817 314

 287 1791 5038

 287 5038 3481

 1791 286 3482

 1791 3482 5038

 3480 5039 1818

 3480 1818 315

 288 1792 5039

 288 5039 3480

 1792 287 3481

 1792 3481 5039

 3479 5040 1819

 3479 1819 316

 289 1793 5040

 289 5040 3479

 1793 288 3480

 1793 3480 5040

 3478 5041 1820

 3478 1820 317

 290 1794 5041

 290 5041 3478

 1794 289 3479

 1794 3479 5041

 3477 5042 1821

 3477 1821 318

 291 1795 5042

 291 5042 3477

 1795 290 3478

 1795 3478 5042

 3476 5043 1822

 3476 1822 319

 292 1796 5043

 292 5043 3476

 1796 291 3477

 1796 3477 5043

 3475 5044 1823

 3475 1823 320

 293 1797 5044

 293 5044 3475

 1797 292 3476

 1797 3476 5044

 3474 5045 1824

 3474 1824 321

 294 1798 5045

 294 5045 3474

 1798 293 3475

 1798 3475 5045

 3473 5046 1825

 3473 1825 322

 295 1799 5046

 295 5046 3473

 1799 294 3474

 1799 3474 5046

 3472 5047 1826

 3472 1826 323

 296 1800 5047

 296 5047 3472

 1800 295 3473

 1800 3473 5047

 3471 5048 1827

 3471 1827 324

 297 1801 5048

 297 5048 3471

 1801 296 3472

 1801 3472 5048

 3470 5049 1828

 3470 1828 325

 298 1802 5049

 298 5049 3470

 1802 297 3471

 1802 3471 5049

 3469 5050 1829

 3469 1829 326

 299 1803 5050

 299 5050 3469

 1803 298 3470

 1803 3470 5050

 3467 5051 1831

 3467 1831 329

 301 1804 5051

 301 5051 3467

 1804 300 3468

 1804 3468 5051

 3466 5052 1832

 3466 1832 330

 302 1805 5052

 302 5052 3466

 1805 301 3467

 1805 3467 5052

 3465 5053 1833

 3465 1833 331

 303 1806 5053

 303 5053 3465

 1806 302 3466

 1806 3466 5053

 3464 5054 1834

 3464 1834 332

 304 1807 5054

 304 5054 3464

 1807 303 3465

 1807 3465 5054

 3463 5055 1835

 3463 1835 333

 305 1808 5055

 305 5055 3463

 1808 304 3464

 1808 3464 5055

 3462 5056 1836

 3462 1836 334

 306 1809 5056

 306 5056 3462

 1809 305 3463

 1809 3463 5056

 3461 5057 1837

 3461 1837 335

 307 1810 5057

 307 5057 3461

 1810 306 3462

 1810 3462 5057

 3460 5058 1838

 3460 1838 336

 308 1811 5058

 308 5058 3460

 1811 307 3461

 1811 3461 5058

 3459 5059 1839

 3459 1839 337

 309 1812 5059

 309 5059 3459

 1812 308 3460

 1812 3460 5059

 3457 5060 1841

 3457 1841 339

 311 1814 5060

 311 5060 3457

 1814 310 3458

 1814 3458 5060

 3456 5061 1842

 3456 1842 340

 312 1815 5061

 312 5061 3456

 1815 311 3457

 1815 3457 5061

 3455 5062 1843

 3455 1843 341

 313 1816 5062

 313 5062 3455

 1816 312 3456

 1816 3456 5062

 3454 5063 1844

 3454 1844 342

 314 1817 5063

 314 5063 3454

 1817 313 3455

 1817 3455 5063

 3453 5064 1845

 3453 1845 343

 315 1818 5064

 315 5064 3453

 1818 314 3454

 1818 3454 5064

 3452 5065 1846

 3452 1846 344

 316 1819 5065

 316 5065 3452

 1819 315 3453

 1819 3453 5065

 3451 5066 1847

 3451 1847 345

 317 1820 5066

 317 5066 3451

 1820 316 3452

 1820 3452 5066

 3450 5067 1848

 3450 1848 346

 318 1821 5067

 318 5067 3450

 1821 317 3451

 1821 3451 5067

 3449 5068 1849

 3449 1849 347

 319 1822 5068

 319 5068 3449

 1822 318 3450

 1822 3450 5068

 3448 5069 1850

 3448 1850 348

 320 1823 5069

 320 5069 3448

 1823 319 3449

 1823 3449 5069

 3447 5070 1851

 3447 1851 349

 321 1824 5070

 321 5070 3447

 1824 320 3448

 1824 3448 5070

 3446 5071 1852

 3446 1852 350

 322 1825 5071

 322 5071 3446

 1825 321 3447

 1825 3447 5071

 3445 5072 1853

 3445 1853 351

 323 1826 5072

 323 5072 3445

 1826 322 3446

 1826 3446 5072

 3444 5073 1854

 3444 1854 352

 324 1827 5073

 324 5073 3444

 1827 323 3445

 1827 3445 5073

 3443 5074 1855

 3443 1855 353

 325 1828 5074

 325 5074 3443

 1828 324 3444

 1828 3444 5074

 3442 5075 1856

 3442 1856 354

 326 1829 5075

 326 5075 3442

 1829 325 3443

 1829 3443 5075

 3440 5076 1863

 3440 1863 363

 328 1830 5076

 328 5076 3440

 1830 327 3441

 1830 3441 5076

 3439 5077 1864

 3439 1864 364

 329 1831 5077

 329 5077 3439

 1831 328 3440

 1831 3440 5077

 3438 5078 1865

 3438 1865 365

 330 1832 5078

 330 5078 3438

 1832 329 3439

 1832 3439 5078

 3437 5079 1866

 3437 1866 366

 331 1833 5079

 331 5079 3437

 1833 330 3438

 1833 3438 5079

 3436 5080 1867

 3436 1867 367

 332 1834 5080

 332 5080 3436

 1834 331 3437

 1834 3437 5080

 3435 5081 1868

 3435 1868 368

 333 1835 5081

 333 5081 3435

 1835 332 3436

 1835 3436 5081

 3434 5082 1869

 3434 1869 369

 334 1836 5082

 334 5082 3434

 1836 333 3435

 1836 3435 5082

 3433 5083 1870

 3433 1870 370

 335 1837 5083

 335 5083 3433

 1837 334 3434

 1837 3434 5083

 3432 5084 1871

 3432 1871 371

 336 1838 5084

 336 5084 3432

 1838 335 3433

 1838 3433 5084

 3431 5085 1872

 3431 1872 372

 337 1839 5085

 337 5085 3431

 1839 336 3432

 1839 3432 5085

 3430 5086 1873

 3430 1873 373

 338 1840 5086

 338 5086 3430

 1840 337 3431

 1840 3431 5086

 3429 5087 1874

 3429 1874 374

 339 1841 5087

 339 5087 3429

 1841 338 3430

 1841 3430 5087

 3428 5088 1875

 3428 1875 375

 340 1842 5088

 340 5088 3428

 1842 339 3429

 1842 3429 5088

 3427 5089 1876

 3427 1876 376

 341 1843 5089

 341 5089 3427

 1843 340 3428

 1843 3428 5089

 3426 5090 1877

 3426 1877 377

 342 1844 5090

 342 5090 3426

 1844 341 3427

 1844 3427 5090

 3425 5091 1878

 3425 1878 378

 343 1845 5091

 343 5091 3425

 1845 342 3426

 1845 3426 5091

 3424 5092 1879

 3424 1879 379

 344 1846 5092

 344 5092 3424

 1846 343 3425

 1846 3425 5092

 3423 5093 1880

 3423 1880 380

 345 1847 5093

 345 5093 3423

 1847 344 3424

 1847 3424 5093

 3421 5094 1882

 3421 1882 382

 347 1849 5094

 347 5094 3421

 1849 346 3422

 1849 3422 5094

 3420 5095 1883

 3420 1883 383

 348 1850 5095

 348 5095 3420

 1850 347 3421

 1850 3421 5095

 3419 5096 1884

 3419 1884 384

 349 1851 5096

 349 5096 3419

 1851 348 3420

 1851 3420 5096

 3418 5097 1885

 3418 1885 385

 350 1852 5097

 350 5097 3418

 1852 349 3419

 1852 3419 5097

 3417 5098 1886

 3417 1886 386

 351 1853 5098

 351 5098 3417

 1853 350 3418

 1853 3418 5098

 3416 5099 1887

 3416 1887 387

 352 1854 5099

 352 5099 3416

 1854 351 3417

 1854 3417 5099

 3415 5100 1888

 3415 1888 388

 353 1855 5100

 353 5100 3415

 1855 352 3416

 1855 3416 5100

 3414 5101 1889

 3414 1889 389

 354 1856 5101

 354 5101 3414

 1856 353 3415

 1856 3415 5101

 3412 5102 1890

 3412 1890 391

 356 1857 5102

 356 5102 3412

 1857 355 3413

 1857 3413 5102

 3411 5103 1891

 3411 1891 392

 357 1858 5103

 357 5103 3411

 1858 356 3412

 1858 3412 5103

 3410 5104 1892

 3410 1892 393

 358 1859 5104

 358 5104 3410

 1859 357 3411

 1859 3411 5104

 3409 5105 1893

 3409 1893 394

 359 1860 5105

 359 5105 3409

 1860 358 3410

 1860 3410 5105

 3407 5106 1896

 3407 1896 397

 361 1861 5106

 361 5106 3407

 1861 360 3408

 1861 3408 5106

 3406 5107 1897

 3406 1897 398

 362 1862 5107

 362 5107 3406

 1862 361 3407

 1862 3407 5107

 3405 5108 1898

 3405 1898 399

 363 1863 5108

 363 5108 3405

 1863 362 3406

 1863 3406 5108

 3404 5109 1899

 3404 1899 400

 364 1864 5109

 364 5109 3404

 1864 363 3405

 1864 3405 5109

 3403 5110 1900

 3403 1900 401

 365 1865 5110

 365 5110 3403

 1865 364 3404

 1865 3404 5110

 3402 5111 1901

 3402 1901 402

 366 1866 5111

 366 5111 3402

 1866 365 3403

 1866 3403 5111

 3401 5112 1902

 3401 1902 403

 367 1867 5112

 367 5112 3401

 1867 366 3402

 1867 3402 5112

 3399 5113 1904

 3399 1904 405

 369 1869 5113

 369 5113 3399

 1869 368 3400

 1869 3400 5113

 3398 5114 1905

 3398 1905 406

 370 1870 5114

 370 5114 3398

 1870 369 3399

 1870 3399 5114

 3397 5115 1906

 3397 1906 407

 371 1871 5115

 371 5115 3397

 1871 370 3398

 1871 3398 5115

 3396 5116 1907

 3396 1907 408

 372 1872 5116

 372 5116 3396

 1872 371 3397

 1872 3397 5116

 3395 5117 1908

 3395 1908 409

 373 1873 5117

 373 5117 3395

 1873 372 3396

 1873 3396 5117

 3394 5118 1909

 3394 1909 410

 374 1874 5118

 374 5118 3394

 1874 373 3395

 1874 3395 5118

 3393 5119 1910

 3393 1910 411

 375 1875 5119

 375 5119 3393

 1875 374 3394

 1875 3394 5119

 3392 5120 1911

 3392 1911 412

 376 1876 5120

 376 5120 3392

 1876 375 3393

 1876 3393 5120

 3391 5121 1912

 3391 1912 413

 377 1877 5121

 377 5121 3391

 1877 376 3392

 1877 3392 5121

 3390 5122 1913

 3390 1913 414

 378 1878 5122

 378 5122 3390

 1878 377 3391

 1878 3391 5122

 3389 5123 1914

 3389 1914 415

 379 1879 5123

 379 5123 3389

 1879 378 3390

 1879 3390 5123

 3388 5124 1915

 3388 1915 416

 380 1880 5124

 380 5124 3388

 1880 379 3389

 1880 3389 5124

 3387 5125 1916

 3387 1916 417

 381 1881 5125

 381 5125 3387

 1881 380 3388

 1881 3388 5125

 3386 5126 1917

 3386 1917 418

 382 1882 5126

 382 5126 3386

 1882 381 3387

 1882 3387 5126

 3385 5127 1918

 3385 1918 419

 383 1883 5127

 383 5127 3385

 1883 382 3386

 1883 3386 5127

 3384 5128 1919

 3384 1919 420

 384 1884 5128

 384 5128 3384

 1884 383 3385

 1884 3385 5128

 3383 5129 1920

 3383 1920 421

 385 1885 5129

 385 5129 3383

 1885 384 3384

 1885 3384 5129

 3382 5130 1921

 3382 1921 422

 386 1886 5130

 386 5130 3382

 1886 385 3383

 1886 3383 5130

 3381 5131 1922

 3381 1922 423

 387 1887 5131

 387 5131 3381

 1887 386 3382

 1887 3382 5131

 3380 5132 1923

 3380 1923 424

 388 1888 5132

 388 5132 3380

 1888 387 3381

 1888 3381 5132

 3379 5133 1924

 3379 1924 425

 389 1889 5133

 389 5133 3379

 1889 388 3380

 1889 3380 5133

 3377 5134 1926

 3377 1926 428

 391 1890 5134

 391 5134 3377

 1890 390 3378

 1890 3378 5134

 3376 5135 1927

 3376 1927 429

 392 1891 5135

 392 5135 3376

 1891 391 3377

 1891 3377 5135

 3375 5136 1928

 3375 1928 430

 393 1892 5136

 393 5136 3375

 1892 392 3376

 1892 3376 5136

 3374 5137 1929

 3374 1929 431

 394 1893 5137

 394 5137 3374

 1893 393 3375

 1893 3375 5137

 3373 5138 1930

 3373 1930 432

 395 1894 5138

 395 5138 3373

 1894 394 3374

 1894 3374 5138

 3372 5139 1931

 3372 1931 433

 396 1895 5139

 396 5139 3372

 1895 395 3373

 1895 3373 5139

 3371 5140 1932

 3371 1932 434

 397 1896 5140

 397 5140 3371

 1896 396 3372

 1896 3372 5140

 3370 5141 1933

 3370 1933 435

 398 1897 5141

 398 5141 3370

 1897 397 3371

 1897 3371 5141

 3369 5142 1934

 3369 1934 436

 399 1898 5142

 399 5142 3369

 1898 398 3370

 1898 3370 5142

 3368 5143 1935

 3368 1935 437

 400 1899 5143

 400 5143 3368

 1899 399 3369

 1899 3369 5143

 3367 5144 1936

 3367 1936 438

 401 1900 5144

 401 5144 3367

 1900 400 3368

 1900 3368 5144

 3366 5145 1937

 3366 1937 439

 402 1901 5145

 402 5145 3366

 1901 401 3367

 1901 3367 5145

 3365 5146 1938

 3365 1938 440

 403 1902 5146

 403 5146 3365

 1902 402 3366

 1902 3366 5146

 3364 5147 1939

 3364 1939 441

 404 1903 5147

 404 5147 3364

 1903 403 3365

 1903 3365 5147

 3363 5148 1940

 3363 1940 442

 405 1904 5148

 405 5148 3363

 1904 404 3364

 1904 3364 5148

 3362 5149 1941

 3362 1941 443

 406 1905 5149

 406 5149 3362

 1905 405 3363

 1905 3363 5149

 3361 5150 1942

 3361 1942 444

 407 1906 5150

 407 5150 3361

 1906 406 3362

 1906 3362 5150

 3360 5151 1943

 3360 1943 445

 408 1907 5151

 408 5151 3360

 1907 407 3361

 1907 3361 5151

 3359 5152 1944

 3359 1944 446

 409 1908 5152

 409 5152 3359

 1908 408 3360

 1908 3360 5152

 3358 5153 1945

 3358 1945 447

 410 1909 5153

 410 5153 3358

 1909 409 3359

 1909 3359 5153

 3357 5154 1946

 3357 1946 448

 411 1910 5154

 411 5154 3357

 1910 410 3358

 1910 3358 5154

 3356 5155 1947

 3356 1947 449

 412 1911 5155

 412 5155 3356

 1911 411 3357

 1911 3357 5155

 3355 5156 1948

 3355 1948 450

 413 1912 5156

 413 5156 3355

 1912 412 3356

 1912 3356 5156

 3354 5157 1949

 3354 1949 451

 414 1913 5157

 414 5157 3354

 1913 413 3355

 1913 3355 5157

 3353 5158 1950

 3353 1950 452

 415 1914 5158

 415 5158 3353

 1914 414 3354

 1914 3354 5158

 3352 5159 1951

 3352 1951 453

 416 1915 5159

 416 5159 3352

 1915 415 3353

 1915 3353 5159

 3351 5160 1952

 3351 1952 454

 417 1916 5160

 417 5160 3351

 1916 416 3352

 1916 3352 5160

 3350 5161 1953

 3350 1953 455

 418 1917 5161

 418 5161 3350

 1917 417 3351

 1917 3351 5161

 3349 5162 1954

 3349 1954 456

 419 1918 5162

 419 5162 3349

 1918 418 3350

 1918 3350 5162

 3348 5163 1955

 3348 1955 457

 420 1919 5163

 420 5163 3348

 1919 419 3349

 1919 3349 5163

 3347 5164 1956

 3347 1956 458

 421 1920 5164

 421 5164 3347

 1920 420 3348

 1920 3348 5164

 3346 5165 1957

 3346 1957 459

 422 1921 5165

 422 5165 3346

 1921 421 3347

 1921 3347 5165

 3345 5166 1958

 3345 1958 460

 423 1922 5166

 423 5166 3345

 1922 422 3346

 1922 3346 5166

 3344 5167 1959

 3344 1959 461

 424 1923 5167

 424 5167 3344

 1923 423 3345

 1923 3345 5167

 3343 5168 1960

 3343 1960 462

 425 1924 5168

 425 5168 3343

 1924 424 3344

 1924 3344 5168

 3342 5169 1961

 3342 1961 463

 426 1925 5169

 426 5169 3342

 1925 425 3343

 1925 3343 5169

 3340 5170 1962

 3340 1962 465

 428 1926 5170

 428 5170 3340

 1926 427 3341

 1926 3341 5170

 3339 5171 1963

 3339 1963 466

 429 1927 5171

 429 5171 3339

 1927 428 3340

 1927 3340 5171

 3338 5172 1964

 3338 1964 467

 430 1928 5172

 430 5172 3338

 1928 429 3339

 1928 3339 5172

 3337 5173 1965

 3337 1965 468

 431 1929 5173

 431 5173 3337

 1929 430 3338

 1929 3338 5173

 3336 5174 1966

 3336 1966 469

 432 1930 5174

 432 5174 3336

 1930 431 3337

 1930 3337 5174

 3335 5175 1967

 3335 1967 470

 433 1931 5175

 433 5175 3335

 1931 432 3336

 1931 3336 5175

 3334 5176 1968

 3334 1968 471

 434 1932 5176

 434 5176 3334

 1932 433 3335

 1932 3335 5176

 3333 5177 1969

 3333 1969 472

 435 1933 5177

 435 5177 3333

 1933 434 3334

 1933 3334 5177

 3332 5178 1970

 3332 1970 473

 436 1934 5178

 436 5178 3332

 1934 435 3333

 1934 3333 5178

 3331 5179 1971

 3331 1971 474

 437 1935 5179

 437 5179 3331

 1935 436 3332

 1935 3332 5179

 3330 5180 1972

 3330 1972 475

 438 1936 5180

 438 5180 3330

 1936 437 3331

 1936 3331 5180

 3329 5181 1973

 3329 1973 476

 439 1937 5181

 439 5181 3329

 1937 438 3330

 1937 3330 5181

 3328 5182 1974

 3328 1974 477

 440 1938 5182

 440 5182 3328

 1938 439 3329

 1938 3329 5182

 3327 5183 1975

 3327 1975 478

 441 1939 5183

 441 5183 3327

 1939 440 3328

 1939 3328 5183

 3326 5184 1976

 3326 1976 479

 442 1940 5184

 442 5184 3326

 1940 441 3327

 1940 3327 5184

 3325 5185 1977

 3325 1977 480

 443 1941 5185

 443 5185 3325

 1941 442 3326

 1941 3326 5185

 3324 5186 1978

 3324 1978 481

 444 1942 5186

 444 5186 3324

 1942 443 3325

 1942 3325 5186

 3323 5187 1979

 3323 1979 482

 445 1943 5187

 445 5187 3323

 1943 444 3324

 1943 3324 5187

 3322 5188 1980

 3322 1980 483

 446 1944 5188

 446 5188 3322

 1944 445 3323

 1944 3323 5188

 3321 5189 1981

 3321 1981 484

 447 1945 5189

 447 5189 3321

 1945 446 3322

 1945 3322 5189

 3320 5190 1982

 3320 1982 485

 448 1946 5190

 448 5190 3320

 1946 447 3321

 1946 3321 5190

 3319 5191 1983

 3319 1983 486

 449 1947 5191

 449 5191 3319

 1947 448 3320

 1947 3320 5191

 3318 5192 1984

 3318 1984 487

 450 1948 5192

 450 5192 3318

 1948 449 3319

 1948 3319 5192

 3317 5193 1985

 3317 1985 488

 451 1949 5193

 451 5193 3317

 1949 450 3318

 1949 3318 5193

 3316 5194 1986

 3316 1986 489

 452 1950 5194

 452 5194 3316

 1950 451 3317

 1950 3317 5194

 3315 5195 1987

 3315 1987 490

 453 1951 5195

 453 5195 3315

 1951 452 3316

 1951 3316 5195

 3314 5196 1988

 3314 1988 491

 454 1952 5196

 454 5196 3314

 1952 453 3315

 1952 3315 5196

 3313 5197 1989

 3313 1989 492

 455 1953 5197

 455 5197 3313

 1953 454 3314

 1953 3314 5197

 3312 5198 1990

 3312 1990 493

 456 1954 5198

 456 5198 3312

 1954 455 3313

 1954 3313 5198

 3311 5199 1991

 3311 1991 494

 457 1955 5199

 457 5199 3311

 1955 456 3312

 1955 3312 5199

 3310 5200 1992

 3310 1992 495

 458 1956 5200

 458 5200 3310

 1956 457 3311

 1956 3311 5200

 3309 5201 1993

 3309 1993 496

 459 1957 5201

 459 5201 3309

 1957 458 3310

 1957 3310 5201

 3308 5202 1994

 3308 1994 497

 460 1958 5202

 460 5202 3308

 1958 459 3309

 1958 3309 5202

 3307 5203 1995

 3307 1995 498

 461 1959 5203

 461 5203 3307

 1959 460 3308

 1959 3308 5203

 3306 5204 1996

 3306 1996 499

 462 1960 5204

 462 5204 3306

 1960 461 3307

 1960 3307 5204

 3305 5205 1997

 3305 1997 500

 463 1961 5205

 463 5205 3305

 1961 462 3306

 1961 3306 5205

 3303 5206 1998

 3303 1998 502

 467 1964 5206

 467 5206 3303

 1964 466 3304

 1964 3304 5206

 3302 5207 1999

 3302 1999 503

 468 1965 5207

 468 5207 3302

 1965 467 3303

 1965 3303 5207

 3301 5208 2000

 3301 2000 504

 469 1966 5208

 469 5208 3301

 1966 468 3302

 1966 3302 5208

 3300 5209 2001

 3300 2001 505

 470 1967 5209

 470 5209 3300

 1967 469 3301

 1967 3301 5209

 3299 5210 2002

 3299 2002 506

 471 1968 5210

 471 5210 3299

 1968 470 3300

 1968 3300 5210

 3298 5211 2003

 3298 2003 507

 472 1969 5211

 472 5211 3298

 1969 471 3299

 1969 3299 5211

 3297 5212 2004

 3297 2004 508

 473 1970 5212

 473 5212 3297

 1970 472 3298

 1970 3298 5212

 3296 5213 2005

 3296 2005 509

 474 1971 5213

 474 5213 3296

 1971 473 3297

 1971 3297 5213

 3295 5214 2006

 3295 2006 510

 475 1972 5214

 475 5214 3295

 1972 474 3296

 1972 3296 5214

 3294 5215 2007

 3294 2007 511

 476 1973 5215

 476 5215 3294

 1973 475 3295

 1973 3295 5215

 3293 5216 2008

 3293 2008 512

 477 1974 5216

 477 5216 3293

 1974 476 3294

 1974 3294 5216

 3292 5217 2009

 3292 2009 513

 478 1975 5217

 478 5217 3292

 1975 477 3293

 1975 3293 5217

 3291 5218 2010

 3291 2010 514

 479 1976 5218

 479 5218 3291

 1976 478 3292

 1976 3292 5218

 3290 5219 2011

 3290 2011 515

 480 1977 5219

 480 5219 3290

 1977 479 3291

 1977 3291 5219

 3289 5220 2012

 3289 2012 516

 481 1978 5220

 481 5220 3289

 1978 480 3290

 1978 3290 5220

 3288 5221 2013

 3288 2013 517

 482 1979 5221

 482 5221 3288

 1979 481 3289

 1979 3289 5221

 3287 5222 2014

 3287 2014 518

 483 1980 5222

 483 5222 3287

 1980 482 3288

 1980 3288 5222

 3286 5223 2015

 3286 2015 519

 484 1981 5223

 484 5223 3286

 1981 483 3287

 1981 3287 5223

 3285 5224 2016

 3285 2016 520

 485 1982 5224

 485 5224 3285

 1982 484 3286

 1982 3286 5224

 3284 5225 2017

 3284 2017 521

 486 1983 5225

 486 5225 3284

 1983 485 3285

 1983 3285 5225

 3283 5226 2018

 3283 2018 522

 487 1984 5226

 487 5226 3283

 1984 486 3284

 1984 3284 5226

 3282 5227 2019

 3282 2019 523

 488 1985 5227

 488 5227 3282

 1985 487 3283

 1985 3283 5227

 3281 5228 2020

 3281 2020 524

 489 1986 5228

 489 5228 3281

 1986 488 3282

 1986 3282 5228

 3280 5229 2021

 3280 2021 525

 490 1987 5229

 490 5229 3280

 1987 489 3281

 1987 3281 5229

 3279 5230 2022

 3279 2022 526

 491 1988 5230

 491 5230 3279

 1988 490 3280

 1988 3280 5230

 3278 5231 2023

 3278 2023 527

 492 1989 5231

 492 5231 3278

 1989 491 3279

 1989 3279 5231

 3277 5232 2024

 3277 2024 528

 493 1990 5232

 493 5232 3277

 1990 492 3278

 1990 3278 5232

 3276 5233 2025

 3276 2025 529

 494 1991 5233

 494 5233 3276

 1991 493 3277

 1991 3277 5233

 3275 5234 2026

 3275 2026 530

 495 1992 5234

 495 5234 3275

 1992 494 3276

 1992 3276 5234

 3274 5235 2027

 3274 2027 531

 496 1993 5235

 496 5235 3274

 1993 495 3275

 1993 3275 5235

 3273 5236 2028

 3273 2028 532

 497 1994 5236

 497 5236 3273

 1994 496 3274

 1994 3274 5236

 3272 5237 2029

 3272 2029 533

 498 1995 5237

 498 5237 3272

 1995 497 3273

 1995 3273 5237

 3271 5238 2030

 3271 2030 534

 499 1996 5238

 499 5238 3271

 1996 498 3272

 1996 3272 5238

 3270 5239 2031

 3270 2031 535

 500 1997 5239

 500 5239 3270

 1997 499 3271

 1997 3271 5239

 3268 5240 2032

 3268 2032 537

 504 2000 5240

 504 5240 3268

 2000 503 3269

 2000 3269 5240

 3267 5241 2033

 3267 2033 538

 505 2001 5241

 505 5241 3267

 2001 504 3268

 2001 3268 5241

 3265 5242 4408

 3265 4408 1523

 692 2178 5242

 692 5242 3265

 2178 693 3266

 2178 3266 5242

 3234 5243 4436

 3234 4436 1496

 539 3263 5243

 539 5243 3234

 3263 509 3264

 3263 3264 5243

 3233 5244 4431

 3233 4431 1501

 568 3231 5244

 568 5244 3233

 3231 539 3234

 3231 3234 5244

 3203 5245 4379

 3203 4379 1489

 507 2003 5245

 507 5245 3203

 2003 506 3232

 2003 3232 5245

 3262 5246 2034

 3262 2034 540

 510 2006 5246

 510 5246 3262

 2006 509 3263

 2006 3263 5246

 3261 5247 2035

 3261 2035 541

 511 2007 5247

 511 5247 3261

 2007 510 3262

 2007 3262 5247

 3260 5248 2036

 3260 2036 542

 512 2008 5248

 512 5248 3260

 2008 511 3261

 2008 3261 5248

 3259 5249 2037

 3259 2037 543

 513 2009 5249

 513 5249 3259

 2009 512 3260

 2009 3260 5249

 3258 5250 2038

 3258 2038 544

 514 2010 5250

 514 5250 3258

 2010 513 3259

 2010 3259 5250

 3257 5251 2039

 3257 2039 545

 515 2011 5251

 515 5251 3257

 2011 514 3258

 2011 3258 5251

 3256 5252 2040

 3256 2040 546

 516 2012 5252

 516 5252 3256

 2012 515 3257

 2012 3257 5252

 3255 5253 2041

 3255 2041 547

 517 2013 5253

 517 5253 3255

 2013 516 3256

 2013 3256 5253

 3254 5254 2042

 3254 2042 548

 518 2014 5254

 518 5254 3254

 2014 517 3255

 2014 3255 5254

 3253 5255 2043

 3253 2043 549

 519 2015 5255

 519 5255 3253

 2015 518 3254

 2015 3254 5255

 3252 5256 2044

 3252 2044 550

 520 2016 5256

 520 5256 3252

 2016 519 3253

 2016 3253 5256

 3251 5257 2045

 3251 2045 551

 521 2017 5257

 521 5257 3251

 2017 520 3252

 2017 3252 5257

 3250 5258 2046

 3250 2046 552

 522 2018 5258

 522 5258 3250

 2018 521 3251

 2018 3251 5258

 3249 5259 2047

 3249 2047 553

 523 2019 5259

 523 5259 3249

 2019 522 3250

 2019 3250 5259

 3248 5260 2048

 3248 2048 554

 524 2020 5260

 524 5260 3248

 2020 523 3249

 2020 3249 5260

 3247 5261 2049

 3247 2049 555

 525 2021 5261

 525 5261 3247

 2021 524 3248

 2021 3248 5261

 3246 5262 2050

 3246 2050 556

 526 2022 5262

 526 5262 3246

 2022 525 3247

 2022 3247 5262

 3245 5263 2051

 3245 2051 557

 527 2023 5263

 527 5263 3245

 2023 526 3246

 2023 3246 5263

 3244 5264 2052

 3244 2052 558

 528 2024 5264

 528 5264 3244

 2024 527 3245

 2024 3245 5264

 3243 5265 2053

 3243 2053 559

 529 2025 5265

 529 5265 3243

 2025 528 3244

 2025 3244 5265

 3242 5266 2054

 3242 2054 560

 530 2026 5266

 530 5266 3242

 2026 529 3243

 2026 3243 5266

 3241 5267 2055

 3241 2055 561

 531 2027 5267

 531 5267 3241

 2027 530 3242

 2027 3242 5267

 3240 5268 2056

 3240 2056 562

 532 2028 5268

 532 5268 3240

 2028 531 3241

 2028 3241 5268

 3239 5269 2057

 3239 2057 563

 533 2029 5269

 533 5269 3239

 2029 532 3240

 2029 3240 5269

 3238 5270 2058

 3238 2058 564

 534 2030 5270

 534 5270 3238

 2030 533 3239

 2030 3239 5270

 3236 5271 2059

 3236 2059 566

 537 2032 5271

 537 5271 3236

 2032 536 3237

 2032 3237 5271

 3235 5272 2060

 3235 2060 567

 538 2033 5272

 538 5272 3235

 2033 537 3236

 2033 3236 5272

 3202 5273 4426

 3202 4426 1507

 601 3200 5273

 601 5273 3202

 3200 568 3233

 3200 3233 5273

 3201 5274 4380

 3201 4380 1490

 508 2004 5274

 508 5274 3201

 2004 507 3203

 2004 3203 5274

 3266 5275 4409

 3266 4409 1524

 693 3103 5275

 693 5275 3266

 3103 663 3170

 3103 3170 5275

 3168 5276 4414

 3168 4414 1519

 664 3132 5276

 664 5276 3168

 3132 633 3169

 3132 3169 5276

 3230 5277 2061

 3230 2061 569

 540 2034 5277

 540 5277 3230

 2034 539 3231

 2034 3231 5277

 3229 5278 2062

 3229 2062 570

 541 2035 5278

 541 5278 3229

 2035 540 3230

 2035 3230 5278

 3228 5279 2063

 3228 2063 571

 542 2036 5279

 542 5279 3228

 2036 541 3229

 2036 3229 5279

 3227 5280 2064

 3227 2064 572

 543 2037 5280

 543 5280 3227

 2037 542 3228

 2037 3228 5280

 3226 5281 2065

 3226 2065 573

 544 2038 5281

 544 5281 3226

 2038 543 3227

 2038 3227 5281

 6995 6998 3194

 545 2039 5282

 545 5282 3225

 2039 544 3226

 2039 3226 5282

 3224 5283 2066

 3224 2066 575

 546 2040 5283

 546 5283 3224

 2040 545 3225

 2040 3225 5283

 3223 5284 2067

 3223 2067 576

 547 2041 5284

 547 5284 3223

 2041 546 3224

 2041 3224 5284

 3222 5285 2068

 3222 2068 577

 548 2042 5285

 548 5285 3222

 2042 547 3223

 2042 3223 5285

 3221 5286 2069

 3221 2069 578

 549 2043 5286

 549 5286 3221

 2043 548 3222

 2043 3222 5286

 3219 5287 2071

 3219 2071 580

 551 2045 5287

 551 5287 3219

 2045 550 3220

 2045 3220 5287

 3218 5288 2072

 3218 2072 581

 552 2046 5288

 552 5288 3218

 2046 551 3219

 2046 3219 5288

 3217 5289 2073

 3217 2073 582

 553 2047 5289

 553 5289 3217

 2047 552 3218

 2047 3218 5289

 3216 5290 2074

 3216 2074 583

 554 2048 5290

 554 5290 3216

 2048 553 3217

 2048 3217 5290

 3215 5291 2075

 3215 2075 584

 555 2049 5291

 555 5291 3215

 2049 554 3216

 2049 3216 5291

 3214 5292 2076

 3214 2076 585

 556 2050 5292

 556 5292 3214

 2050 555 3215

 2050 3215 5292

 3213 5293 2077

 3213 2077 586

 557 2051 5293

 557 5293 3213

 2051 556 3214

 2051 3214 5293

 3212 5294 2078

 3212 2078 587

 558 2052 5294

 558 5294 3212

 2052 557 3213

 2052 3213 5294

 3211 5295 2079

 3211 2079 588

 559 2053 5295

 559 5295 3211

 2053 558 3212

 2053 3212 5295

 3210 5296 2080

 3210 2080 589

 560 2054 5296

 560 5296 3210

 2054 559 3211

 2054 3211 5296

 3209 5297 2081

 3209 2081 590

 561 2055 5297

 561 5297 3209

 2055 560 3210

 2055 3210 5297

 3208 5298 2082

 3208 2082 591

 562 2056 5298

 562 5298 3208

 2056 561 3209

 2056 3209 5298

 3207 5299 2083

 3207 2083 592

 563 2057 5299

 563 5299 3207

 2057 562 3208

 2057 3208 5299

 3205 5300 2088

 3205 2088 599

 566 2059 5300

 566 5300 3205

 2059 565 3206

 2059 3206 5300

 3204 5301 2089

 3204 2089 600

 567 2060 5301

 567 5301 3204

 2060 566 3205

 2060 3205 5301

 3170 5302 4404

 3170 4404 1518

 663 2150 5302

 663 5302 3170

 2150 664 3168

 2150 3168 5302

 3264 5303 4381

 3264 4381 1491

 509 2005 5303

 509 5303 3264

 2005 508 3201

 2005 3201 5303

 3136 5304 4390

 3136 4390 1503

 600 2089 5304

 600 5304 3136

 2089 599 3167

 2089 3167 5304

 3134 5305 4440

 3134 4440 1487

 505 3267 5305

 505 5305 3134

 3267 538 3135

 3267 3135 5305

 3199 5306 2090

 3199 2090 602

 569 2061 5306

 569 5306 3199

 2061 568 3200

 2061 3200 5306

 3198 5307 2091

 3198 2091 603

 570 2062 5307

 570 5307 3198

 2062 569 3199

 2062 3199 5307

 3197 5308 2092

 3197 2092 604

 571 2063 5308

 571 5308 3197

 2063 570 3198

 2063 3198 5308

 3196 5309 2093

 3196 2093 605

 572 2064 5309

 572 5309 3196

 2064 571 3197

 2064 3197 5309

 3195 5310 2094

 3195 2094 606

 573 2065 5310

 573 5310 3195

 2065 572 3196

 2065 3196 5310

 3194 5311 2095

 3194 2095 607

 3225 5282 6996

 5311 6998 3195

 3193 5312 2096

 3193 2096 608

 575 2066 5312

 575 5312 3193

 2066 574 3194

 2066 3194 5312

 3192 5313 2097

 3192 2097 609

 576 2067 5313

 576 5313 3192

 2067 575 3193

 2067 3193 5313

 3191 5314 2098

 3191 2098 610

 577 2068 5314

 577 5314 3191

 2068 576 3192

 2068 3192 5314

 3190 5315 2099

 3190 2099 611

 578 2069 5315

 578 5315 3190

 2069 577 3191

 2069 3191 5315

 3189 5316 2100

 3189 2100 612

 579 2070 5316

 579 5316 3189

 2070 578 3190

 2070 3190 5316

 3188 5317 2101

 3188 2101 613

 580 2071 5317

 580 5317 3188

 2071 579 3189

 2071 3189 5317

 3187 5318 2102

 3187 2102 614

 581 2072 5318

 581 5318 3187

 2072 580 3188

 2072 3188 5318

 3186 5319 2103

 3186 2103 615

 582 2073 5319

 582 5319 3186

 2073 581 3187

 2073 3187 5319

 3185 5320 2104

 3185 2104 616

 583 2074 5320

 583 5320 3185

 2074 582 3186

 2074 3186 5320

 3184 5321 2105

 3184 2105 617

 584 2075 5321

 584 5321 3184

 2075 583 3185

 2075 3185 5321

 3183 5322 2106

 3183 2106 618

 585 2076 5322

 585 5322 3183

 2076 584 3184

 2076 3184 5322

 3182 5323 2107

 3182 2107 619

 586 2077 5323

 586 5323 3182

 2077 585 3183

 2077 3183 5323

 3181 5324 2108

 3181 2108 620

 587 2078 5324

 587 5324 3181

 2078 586 3182

 2078 3182 5324

 3180 5325 2109

 3180 2109 621

 588 2079 5325

 588 5325 3180

 2079 587 3181

 2079 3181 5325

 3179 5326 2110

 3179 2110 622

 589 2080 5326

 589 5326 3179

 2080 588 3180

 2080 3180 5326

 3178 5327 2111

 3178 2111 623

 590 2081 5327

 590 5327 3178

 2081 589 3179

 2081 3179 5327

 3176 5328 2112

 3176 2112 625

 594 2084 5328

 594 5328 3176

 2084 593 3177

 2084 3177 5328

 3175 5329 2113

 3175 2113 626

 595 2085 5329

 595 5329 3175

 2085 594 3176

 2085 3176 5329

 3174 5330 2114

 3174 2114 627

 596 2086 5330

 596 5330 3174

 2086 595 3175

 2086 3175 5330

 3173 5331 2115

 3173 2115 628

 597 2087 5331

 597 5331 3173

 2087 596 3174

 2087 3174 5331

 3171 5332 2119

 3171 2119 632

 599 2088 5332

 599 5332 3171

 2088 598 3172

 2088 3172 5332

 3135 5333 4435

 3135 4435 1492

 538 3235 5333

 538 5333 3135

 3235 567 3133

 3235 3133 5333

 3167 5334 4425

 3167 4425 1502

 599 3171 5334

 599 5334 3167

 3171 632 3106

 3171 3106 5334

 3104 5335 4405

 3104 4405 1520

 689 2175 5335

 689 5335 3104

 2175 690 3105

 2175 3105 5335

 3133 5336 4430

 3133 4430 1497

 567 3204 5336

 567 5336 3133

 3204 600 3136

 3204 3136 5336

 3105 5337 4406

 3105 4406 1521

 690 2176 5337

 690 5337 3105

 2176 691 2149

 2176 2149 5337

 3165 5338 2120

 3165 2120 634

 602 2090 5338

 602 5338 3165

 2090 601 3166

 2090 3166 5338

 3164 5339 2121

 3164 2121 635

 603 2091 5339

 603 5339 3164

 2091 602 3165

 2091 3165 5339

 3163 5340 2122

 3163 2122 636

 604 2092 5340

 604 5340 3163

 2092 603 3164

 2092 3164 5340

 3162 5341 2123

 3162 2123 637

 605 2093 5341

 605 5341 3162

 2093 604 3163

 2093 3163 5341

 3161 5342 2124

 3161 2124 638

 606 2094 5342

 606 5342 3161

 2094 605 3162

 2094 3162 5342

 3160 5343 2125

 3160 2125 639

 607 2095 5343

 607 5343 3160

 2095 606 3161

 2095 3161 5343

 3159 5344 2126

 3159 2126 640

 608 2096 5344

 608 5344 3159

 2096 607 3160

 2096 3160 5344

 3158 5345 2127

 3158 2127 641

 609 2097 5345

 609 5345 3158

 2097 608 3159

 2097 3159 5345

 3157 5346 2128

 3157 2128 642

 610 2098 5346

 610 5346 3157

 2098 609 3158

 2098 3158 5346

 3156 5347 2129

 3156 2129 643

 611 2099 5347

 611 5347 3156

 2099 610 3157

 2099 3157 5347

 3155 5348 2130

 3155 2130 644

 612 2100 5348

 612 5348 3155

 2100 611 3156

 2100 3156 5348

 3154 5349 2131

 3154 2131 645

 613 2101 5349

 613 5349 3154

 2101 612 3155

 2101 3155 5349

 3153 5350 2132

 3153 2132 646

 614 2102 5350

 614 5350 3153

 2102 613 3154

 2102 3154 5350

 3152 5351 2133

 3152 2133 647

 615 2103 5351

 615 5351 3152

 2103 614 3153

 2103 3153 5351

 3151 5352 2134

 3151 2134 648

 616 2104 5352

 616 5352 3151

 2104 615 3152

 2104 3152 5352

 3150 5353 2135

 3150 2135 649

 617 2105 5353

 617 5353 3150

 2105 616 3151

 2105 3151 5353

 3149 5354 2136

 3149 2136 650

 618 2106 5354

 618 5354 3149

 2106 617 3150

 2106 3150 5354

 3148 5355 2137

 3148 2137 651

 619 2107 5355

 619 5355 3148

 2107 618 3149

 2107 3149 5355

 3147 5356 2138

 3147 2138 652

 620 2108 5356

 620 5356 3147

 2108 619 3148

 2108 3148 5356

 3146 5357 2139

 3146 2139 653

 621 2109 5357

 621 5357 3146

 2109 620 3147

 2109 3147 5357

 3144 5358 2140

 3144 2140 655

 625 2112 5358

 625 5358 3144

 2112 624 3145

 2112 3145 5358

 3143 5359 2141

 3143 2141 656

 626 2113 5359

 626 5359 3143

 2113 625 3144

 2113 3144 5359

 3142 5360 2142

 3142 2142 657

 627 2114 5360

 627 5360 3142

 2114 626 3143

 2114 3143 5360

 3141 5361 2143

 3141 2143 658

 628 2115 5361

 628 5361 3141

 2115 627 3142

 2115 3142 5361

 3140 5362 2144

 3140 2144 659

 629 2116 5362

 629 5362 3140

 2116 628 3141

 2116 3141 5362

 3139 5363 2145

 3139 2145 660

 630 2117 5363

 630 5363 3139

 2117 629 3140

 2117 3140 5363

 3138 5364 2146

 3138 2146 661

 631 2118 5364

 631 5364 3138

 2118 630 3139

 2118 3139 5364

 3137 5365 2147

 3137 2147 662

 632 2119 5365

 632 5365 3137

 2119 631 3138

 2119 3138 5365

 2148 5366 4413

 2148 4413 1514

 662 3107 5366

 662 5366 2148

 3107 689 3104

 3107 3104 5366

 2149 5367 4407

 2149 4407 1522

 691 2177 5367

 691 5367 2149

 2177 692 3265

 2177 3265 5367

 3169 5368 4420

 3169 4420 1513

 633 3166 5368

 633 5368 3169

 3166 601 3202

 3166 3202 5368

 3106 5369 4419

 3106 4419 1508

 632 3137 5369

 632 5369 3106

 3137 662 2148

 3137 2148 5369

 3232 5370 4378

 3232 4378 1488

 506 2002 5370

 506 5370 3232

 2002 505 3134

 2002 3134 5370

 3131 5371 2151

 3131 2151 665

 634 2120 5371

 634 5371 3131

 2120 633 3132

 2120 3132 5371

 3130 5372 2152

 3130 2152 666

 635 2121 5372

 635 5372 3130

 2121 634 3131

 2121 3131 5372

 3129 5373 2153

 3129 2153 667

 636 2122 5373

 636 5373 3129

 2122 635 3130

 2122 3130 5373

 3128 5374 2154

 3128 2154 668

 637 2123 5374

 637 5374 3128

 2123 636 3129

 2123 3129 5374

 3127 5375 2155

 3127 2155 669

 638 2124 5375

 638 5375 3127

 2124 637 3128

 2124 3128 5375

 3126 5376 2156

 3126 2156 670

 639 2125 5376

 639 5376 3126

 2125 638 3127

 2125 3127 5376

 3125 5377 2157

 3125 2157 671

 640 2126 5377

 640 5377 3125

 2126 639 3126

 2126 3126 5377

 3124 5378 2158

 3124 2158 672

 641 2127 5378

 641 5378 3124

 2127 640 3125

 2127 3125 5378

 3123 5379 2159

 3123 2159 673

 642 2128 5379

 642 5379 3123

 2128 641 3124

 2128 3124 5379

 3122 5380 2160

 3122 2160 674

 643 2129 5380

 643 5380 3122

 2129 642 3123

 2129 3123 5380

 3121 5381 2161

 3121 2161 675

 644 2130 5381

 644 5381 3121

 2130 643 3122

 2130 3122 5381

 3120 5382 2162

 3120 2162 676

 645 2131 5382

 645 5382 3120

 2131 644 3121

 2131 3121 5382

 3119 5383 2163

 3119 2163 677

 646 2132 5383

 646 5383 3119

 2132 645 3120

 2132 3120 5383

 3118 5384 2164

 3118 2164 678

 647 2133 5384

 647 5384 3118

 2133 646 3119

 2133 3119 5384

 3117 5385 2165

 3117 2165 679

 648 2134 5385

 648 5385 3117

 2134 647 3118

 2134 3118 5385

 3116 5386 2166

 3116 2166 680

 649 2135 5386

 649 5386 3116

 2135 648 3117

 2135 3117 5386

 3114 5387 2167

 3114 2167 682

 655 2140 5387

 655 5387 3114

 2140 654 3115

 2140 3115 5387

 3113 5388 2168

 3113 2168 683

 656 2141 5388

 656 5388 3113

 2141 655 3114

 2141 3114 5388

 3112 5389 2169

 3112 2169 684

 657 2142 5389

 657 5389 3112

 2142 656 3113

 2142 3113 5389

 3111 5390 2170

 3111 2170 685

 658 2143 5390

 658 5390 3111

 2143 657 3112

 2143 3112 5390

 3110 5391 2171

 3110 2171 686

 659 2144 5391

 659 5391 3110

 2144 658 3111

 2144 3111 5391

 3109 5392 2172

 3109 2172 687

 660 2145 5392

 660 5392 3109

 2145 659 3110

 2145 3110 5392

 3108 5393 2173

 3108 2173 688

 661 2146 5393

 661 5393 3108

 2146 660 3109

 2146 3109 5393

 3107 5394 2174

 3107 2174 689

 662 2147 5394

 662 5394 3107

 2147 661 3108

 2147 3108 5394

 3102 5395 2179

 3102 2179 694

 664 2150 5395

 664 5395 3102

 2150 663 3103

 2150 3103 5395

 3101 5396 2180

 3101 2180 695

 665 2151 5396

 665 5396 3101

 2151 664 3102

 2151 3102 5396

 3100 5397 2181

 3100 2181 696

 666 2152 5397

 666 5397 3100

 2152 665 3101

 2152 3101 5397

 3099 5398 2182

 3099 2182 697

 667 2153 5398

 667 5398 3099

 2153 666 3100

 2153 3100 5398

 3098 5399 2183

 3098 2183 698

 668 2154 5399

 668 5399 3098

 2154 667 3099

 2154 3099 5399

 3097 5400 2184

 3097 2184 699

 669 2155 5400

 669 5400 3097

 2155 668 3098

 2155 3098 5400

 3096 5401 2185

 3096 2185 700

 670 2156 5401

 670 5401 3096

 2156 669 3097

 2156 3097 5401

 3095 5402 2186

 3095 2186 701

 671 2157 5402

 671 5402 3095

 2157 670 3096

 2157 3096 5402

 3094 5403 2187

 3094 2187 702

 672 2158 5403

 672 5403 3094

 2158 671 3095

 2158 3095 5403

 3093 5404 2188

 3093 2188 703

 673 2159 5404

 673 5404 3093

 2159 672 3094

 2159 3094 5404

 3092 5405 2189

 3092 2189 704

 674 2160 5405

 674 5405 3092

 2160 673 3093

 2160 3093 5405

 3091 5406 2190

 3091 2190 705

 675 2161 5406

 675 5406 3091

 2161 674 3092

 2161 3092 5406

 3090 5407 2191

 3090 2191 706

 676 2162 5407

 676 5407 3090

 2162 675 3091

 2162 3091 5407

 3089 5408 2192

 3089 2192 707

 677 2163 5408

 677 5408 3089

 2163 676 3090

 2163 3090 5408

 3088 5409 2193

 3088 2193 708

 678 2164 5409

 678 5409 3088

 2164 677 3089

 2164 3089 5409

 3087 5410 2194

 3087 2194 709

 679 2165 5410

 679 5410 3087

 2165 678 3088

 2165 3088 5410

 3086 5411 2195

 3086 2195 710

 680 2166 5411

 680 5411 3086

 2166 679 3087

 2166 3087 5411

 3084 5412 2196

 3084 2196 712

 684 2169 5412

 684 5412 3084

 2169 683 3085

 2169 3085 5412

 3083 5413 2197

 3083 2197 713

 685 2170 5413

 685 5413 3083

 2170 684 3084

 2170 3084 5413

 3082 5414 2198

 3082 2198 714

 686 2171 5414

 686 5414 3082

 2171 685 3083

 2171 3083 5414

 3081 5415 2199

 3081 2199 715

 687 2172 5415

 687 5415 3081

 2172 686 3082

 2172 3082 5415

 3080 5416 2200

 3080 2200 716

 688 2173 5416

 688 5416 3080

 2173 687 3081

 2173 3081 5416

 3079 5417 2201

 3079 2201 717

 689 2174 5417

 689 5417 3079

 2174 688 3080

 2174 3080 5417

 3078 5418 2202

 3078 2202 718

 690 2175 5418

 690 5418 3078

 2175 689 3079

 2175 3079 5418

 3077 5419 2203

 3077 2203 719

 691 2176 5419

 691 5419 3077

 2176 690 3078

 2176 3078 5419

 3076 5420 2204

 3076 2204 720

 692 2177 5420

 692 5420 3076

 2177 691 3077

 2177 3077 5420

 3075 5421 2205

 3075 2205 721

 693 2178 5421

 693 5421 3075

 2178 692 3076

 2178 3076 5421

 3074 5422 2206

 3074 2206 722

 694 2179 5422

 694 5422 3074

 2179 693 3075

 2179 3075 5422

 3073 5423 2207

 3073 2207 723

 695 2180 5423

 695 5423 3073

 2180 694 3074

 2180 3074 5423

 3072 5424 2208

 3072 2208 724

 696 2181 5424

 696 5424 3072

 2181 695 3073

 2181 3073 5424

 3071 5425 2209

 3071 2209 725

 697 2182 5425

 697 5425 3071

 2182 696 3072

 2182 3072 5425

 3070 5426 2210

 3070 2210 726

 698 2183 5426

 698 5426 3070

 2183 697 3071

 2183 3071 5426

 3069 5427 2211

 3069 2211 727

 699 2184 5427

 699 5427 3069

 2184 698 3070

 2184 3070 5427

 3068 5428 2212

 3068 2212 728

 700 2185 5428

 700 5428 3068

 2185 699 3069

 2185 3069 5428

 3067 5429 2213

 3067 2213 729

 701 2186 5429

 701 5429 3067

 2186 700 3068

 2186 3068 5429

 3066 5430 2214

 3066 2214 730

 702 2187 5430

 702 5430 3066

 2187 701 3067

 2187 3067 5430

 3065 5431 2215

 3065 2215 731

 703 2188 5431

 703 5431 3065

 2188 702 3066

 2188 3066 5431

 3064 5432 2216

 3064 2216 732

 704 2189 5432

 704 5432 3064

 2189 703 3065

 2189 3065 5432

 3063 5433 2217

 3063 2217 733

 705 2190 5433

 705 5433 3063

 2190 704 3064

 2190 3064 5433

 3061 5434 2219

 3061 2219 735

 707 2192 5434

 707 5434 3061

 2192 706 3062

 2192 3062 5434

 3060 5435 2220

 3060 2220 736

 708 2193 5435

 708 5435 3060

 2193 707 3061

 2193 3061 5435

 3059 5436 2221

 3059 2221 737

 709 2194 5436

 709 5436 3059

 2194 708 3060

 2194 3060 5436

 3057 5437 2222

 3057 2222 739

 714 2198 5437

 714 5437 3057

 2198 713 3058

 2198 3058 5437

 3056 5438 2223

 3056 2223 740

 715 2199 5438

 715 5438 3056

 2199 714 3057

 2199 3057 5438

 3055 5439 2224

 3055 2224 741

 716 2200 5439

 716 5439 3055

 2200 715 3056

 2200 3056 5439

 3054 5440 2225

 3054 2225 742

 717 2201 5440

 717 5440 3054

 2201 716 3055

 2201 3055 5440

 3053 5441 2226

 3053 2226 743

 718 2202 5441

 718 5441 3053

 2202 717 3054

 2202 3054 5441

 3052 5442 2227

 3052 2227 744

 719 2203 5442

 719 5442 3052

 2203 718 3053

 2203 3053 5442

 3051 5443 2228

 3051 2228 745

 720 2204 5443

 720 5443 3051

 2204 719 3052

 2204 3052 5443

 3050 5444 2229

 3050 2229 746

 721 2205 5444

 721 5444 3050

 2205 720 3051

 2205 3051 5444

 3049 5445 2230

 3049 2230 747

 722 2206 5445

 722 5445 3049

 2206 721 3050

 2206 3050 5445

 3048 5446 2231

 3048 2231 748

 723 2207 5446

 723 5446 3048

 2207 722 3049

 2207 3049 5446

 3047 5447 2232

 3047 2232 749

 724 2208 5447

 724 5447 3047

 2208 723 3048

 2208 3048 5447

 3046 5448 2233

 3046 2233 750

 725 2209 5448

 725 5448 3046

 2209 724 3047

 2209 3047 5448

 3045 5449 2234

 3045 2234 751

 726 2210 5449

 726 5449 3045

 2210 725 3046

 2210 3046 5449

 3044 5450 2235

 3044 2235 752

 727 2211 5450

 727 5450 3044

 2211 726 3045

 2211 3045 5450

 3043 5451 2236

 3043 2236 753

 728 2212 5451

 728 5451 3043

 2212 727 3044

 2212 3044 5451

 3042 5452 2237

 3042 2237 754

 729 2213 5452

 729 5452 3042

 2213 728 3043

 2213 3043 5452

 3041 5453 2238

 3041 2238 755

 730 2214 5453

 730 5453 3041

 2214 729 3042

 2214 3042 5453

 3040 5454 2239

 3040 2239 756

 731 2215 5454

 731 5454 3040

 2215 730 3041

 2215 3041 5454

 3039 5455 2240

 3039 2240 757

 732 2216 5455

 732 5455 3039

 2216 731 3040

 2216 3040 5455

 3038 5456 2241

 3038 2241 758

 733 2217 5456

 733 5456 3038

 2217 732 3039

 2217 3039 5456

 3037 5457 2242

 3037 2242 759

 734 2218 5457

 734 5457 3037

 2218 733 3038

 2218 3038 5457

 3036 5458 2243

 3036 2243 760

 735 2219 5458

 735 5458 3036

 2219 734 3037

 2219 3037 5458

 3035 5459 2244

 3035 2244 761

 736 2220 5459

 736 5459 3035

 2220 735 3036

 2220 3036 5459

 3034 5460 2245

 3034 2245 762

 737 2221 5460

 737 5460 3034

 2221 736 3035

 2221 3035 5460

 3032 5461 2246

 3032 2246 764

 740 2223 5461

 740 5461 3032

 2223 739 3033

 2223 3033 5461

 3031 5462 2247

 3031 2247 765

 741 2224 5462

 741 5462 3031

 2224 740 3032

 2224 3032 5462

 3030 5463 2248

 3030 2248 766

 742 2225 5463

 742 5463 3030

 2225 741 3031

 2225 3031 5463

 3029 5464 2249

 3029 2249 767

 743 2226 5464

 743 5464 3029

 2226 742 3030

 2226 3030 5464

 3028 5465 2250

 3028 2250 768

 744 2227 5465

 744 5465 3028

 2227 743 3029

 2227 3029 5465

 3027 5466 2251

 3027 2251 769

 745 2228 5466

 745 5466 3027

 2228 744 3028

 2228 3028 5466

 3026 5467 2252

 3026 2252 770

 746 2229 5467

 746 5467 3026

 2229 745 3027

 2229 3027 5467

 3025 5468 2253

 3025 2253 771

 747 2230 5468

 747 5468 3025

 2230 746 3026

 2230 3026 5468

 3024 5469 2254

 3024 2254 772

 748 2231 5469

 748 5469 3024

 2231 747 3025

 2231 3025 5469

 3023 5470 2255

 3023 2255 773

 749 2232 5470

 749 5470 3023

 2232 748 3024

 2232 3024 5470

 3022 5471 2256

 3022 2256 774

 750 2233 5471

 750 5471 3022

 2233 749 3023

 2233 3023 5471

 3021 5472 2257

 3021 2257 775

 751 2234 5472

 751 5472 3021

 2234 750 3022

 2234 3022 5472

 3020 5473 2258

 3020 2258 776

 752 2235 5473

 752 5473 3020

 2235 751 3021

 2235 3021 5473

 3019 5474 2259

 3019 2259 777

 753 2236 5474

 753 5474 3019

 2236 752 3020

 2236 3020 5474

 3018 5475 2260

 3018 2260 778

 754 2237 5475

 754 5475 3018

 2237 753 3019

 2237 3019 5475

 3017 5476 2261

 3017 2261 779

 755 2238 5476

 755 5476 3017

 2238 754 3018

 2238 3018 5476

 3016 5477 2262

 3016 2262 780

 756 2239 5477

 756 5477 3016

 2239 755 3017

 2239 3017 5477

 3015 5478 2263

 3015 2263 781

 757 2240 5478

 757 5478 3015

 2240 756 3016

 2240 3016 5478

 3014 5479 2264

 3014 2264 782

 758 2241 5479

 758 5479 3014

 2241 757 3015

 2241 3015 5479

 3013 5480 2265

 3013 2265 783

 759 2242 5480

 759 5480 3013

 2242 758 3014

 2242 3014 5480

 3012 5481 2266

 3012 2266 784

 760 2243 5481

 760 5481 3012

 2243 759 3013

 2243 3013 5481

 3011 5482 2267

 3011 2267 785

 761 2244 5482

 761 5482 3011

 2244 760 3012

 2244 3012 5482

 3009 5483 2270

 3009 2270 789

 765 2247 5483

 765 5483 3009

 2247 764 3010

 2247 3010 5483

 3008 5484 2271

 3008 2271 790

 766 2248 5484

 766 5484 3008

 2248 765 3009

 2248 3009 5484

 3007 5485 2272

 3007 2272 791

 767 2249 5485

 767 5485 3007

 2249 766 3008

 2249 3008 5485

 3006 5486 2273

 3006 2273 792

 768 2250 5486

 768 5486 3006

 2250 767 3007

 2250 3007 5486

 3005 5487 2274

 3005 2274 793

 769 2251 5487

 769 5487 3005

 2251 768 3006

 2251 3006 5487

 3004 5488 2275

 3004 2275 794

 770 2252 5488

 770 5488 3004

 2252 769 3005

 2252 3005 5488

 3003 5489 2276

 3003 2276 795

 771 2253 5489

 771 5489 3003

 2253 770 3004

 2253 3004 5489

 3002 5490 2277

 3002 2277 796

 772 2254 5490

 772 5490 3002

 2254 771 3003

 2254 3003 5490

 3001 5491 2278

 3001 2278 797

 773 2255 5491

 773 5491 3001

 2255 772 3002

 2255 3002 5491

 3000 5492 2279

 3000 2279 798

 774 2256 5492

 774 5492 3000

 2256 773 3001

 2256 3001 5492

 2998 5493 2281

 2998 2281 800

 776 2258 5493

 776 5493 2998

 2258 775 2999

 2258 2999 5493

 2997 5494 2282

 2997 2282 801

 777 2259 5494

 777 5494 2997

 2259 776 2998

 2259 2998 5494

 2996 5495 2283

 2996 2283 802

 778 2260 5495

 778 5495 2996

 2260 777 2997

 2260 2997 5495

 2995 5496 2284

 2995 2284 803

 779 2261 5496

 779 5496 2995

 2261 778 2996

 2261 2996 5496

 2994 5497 2285

 2994 2285 804

 780 2262 5497

 780 5497 2994

 2262 779 2995

 2262 2995 5497

 2993 5498 2286

 2993 2286 805

 781 2263 5498

 781 5498 2993

 2263 780 2994

 2263 2994 5498

 2991 5499 2288

 2991 2288 807

 783 2265 5499

 783 5499 2991

 2265 782 2992

 2265 2992 5499

 2990 5500 2289

 2990 2289 808

 784 2266 5500

 784 5500 2990

 2266 783 2991

 2266 2991 5500

 2989 5501 2290

 2989 2290 809

 785 2267 5501

 785 5501 2989

 2267 784 2990

 2267 2990 5501

 2987 5502 2293

 2987 2293 813

 787 2268 5502

 787 5502 2987

 2268 786 2988

 2268 2988 5502

 2986 5503 2294

 2986 2294 814

 788 2269 5503

 788 5503 2986

 2269 787 2987

 2269 2987 5503

 2985 5504 2295

 2985 2295 815

 789 2270 5504

 789 5504 2985

 2270 788 2986

 2270 2986 5504

 2984 5505 2296

 2984 2296 816

 790 2271 5505

 790 5505 2984

 2271 789 2985

 2271 2985 5505

 2983 5506 2297

 2983 2297 817

 791 2272 5506

 791 5506 2983

 2272 790 2984

 2272 2984 5506

 2982 5507 2298

 2982 2298 818

 792 2273 5507

 792 5507 2982

 2273 791 2983

 2273 2983 5507

 2981 5508 2299

 2981 2299 819

 793 2274 5508

 793 5508 2981

 2274 792 2982

 2274 2982 5508

 2980 5509 2300

 2980 2300 820

 794 2275 5509

 794 5509 2980

 2275 793 2981

 2275 2981 5509

 2979 5510 2301

 2979 2301 821

 795 2276 5510

 795 5510 2979

 2276 794 2980

 2276 2980 5510

 2978 5511 2302

 2978 2302 822

 796 2277 5511

 796 5511 2978

 2277 795 2979

 2277 2979 5511

 2977 5512 2303

 2977 2303 823

 797 2278 5512

 797 5512 2977

 2278 796 2978

 2278 2978 5512

 2976 5513 2304

 2976 2304 824

 798 2279 5513

 798 5513 2976

 2279 797 2977

 2279 2977 5513

 2975 5514 2305

 2975 2305 825

 799 2280 5514

 799 5514 2975

 2280 798 2976

 2280 2976 5514

 2974 5515 2306

 2974 2306 826

 800 2281 5515

 800 5515 2974

 2281 799 2975

 2281 2975 5515

 2973 5516 2307

 2973 2307 827

 801 2282 5516

 801 5516 2973

 2282 800 2974

 2282 2974 5516

 2972 5517 2308

 2972 2308 828

 802 2283 5517

 802 5517 2972

 2283 801 2973

 2283 2973 5517

 2971 5518 2309

 2971 2309 829

 803 2284 5518

 803 5518 2971

 2284 802 2972

 2284 2972 5518

 2970 5519 2310

 2970 2310 830

 804 2285 5519

 804 5519 2970

 2285 803 2971

 2285 2971 5519

 2969 5520 2311

 2969 2311 831

 805 2286 5520

 805 5520 2969

 2286 804 2970

 2286 2970 5520

 2968 5521 2312

 2968 2312 832

 806 2287 5521

 806 5521 2968

 2287 805 2969

 2287 2969 5521

 2967 5522 2313

 2967 2313 833

 807 2288 5522

 807 5522 2967

 2288 806 2968

 2288 2968 5522

 2966 5523 2314

 2966 2314 834

 808 2289 5523

 808 5523 2966

 2289 807 2967

 2289 2967 5523

 2965 5524 2315

 2965 2315 835

 809 2290 5524

 809 5524 2965

 2290 808 2966

 2290 2966 5524

 2964 5525 2316

 2964 2316 836

 810 2291 5525

 810 5525 2964

 2291 809 2965

 2291 2965 5525

 2962 5526 2319

 2962 2319 840

 812 2292 5526

 812 5526 2962

 2292 811 2963

 2292 2963 5526

 2961 5527 2320

 2961 2320 841

 813 2293 5527

 813 5527 2961

 2293 812 2962

 2293 2962 5527

 2960 5528 2321

 2960 2321 842

 814 2294 5528

 814 5528 2960

 2294 813 2961

 2294 2961 5528

 2959 5529 2322

 2959 2322 843

 815 2295 5529

 815 5529 2959

 2295 814 2960

 2295 2960 5529

 2958 5530 2323

 2958 2323 844

 816 2296 5530

 816 5530 2958

 2296 815 2959

 2296 2959 5530

 2957 5531 2324

 2957 2324 845

 817 2297 5531

 817 5531 2957

 2297 816 2958

 2297 2958 5531

 2956 5532 2325

 2956 2325 846

 818 2298 5532

 818 5532 2956

 2298 817 2957

 2298 2957 5532

 2955 5533 2326

 2955 2326 847

 819 2299 5533

 819 5533 2955

 2299 818 2956

 2299 2956 5533

 2954 5534 2327

 2954 2327 848

 820 2300 5534

 820 5534 2954

 2300 819 2955

 2300 2955 5534

 2953 5535 2328

 2953 2328 849

 821 2301 5535

 821 5535 2953

 2301 820 2954

 2301 2954 5535

 2952 5536 2329

 2952 2329 850

 822 2302 5536

 822 5536 2952

 2302 821 2953

 2302 2953 5536

 2951 5537 2330

 2951 2330 851

 823 2303 5537

 823 5537 2951

 2303 822 2952

 2303 2952 5537

 2950 5538 2331

 2950 2331 852

 824 2304 5538

 824 5538 2950

 2304 823 2951

 2304 2951 5538

 2949 5539 2332

 2949 2332 853

 825 2305 5539

 825 5539 2949

 2305 824 2950

 2305 2950 5539

 2948 5540 2333

 2948 2333 854

 826 2306 5540

 826 5540 2948

 2306 825 2949

 2306 2949 5540

 2947 5541 2334

 2947 2334 855

 827 2307 5541

 827 5541 2947

 2307 826 2948

 2307 2948 5541

 2946 5542 2335

 2946 2335 856

 828 2308 5542

 828 5542 2946

 2308 827 2947

 2308 2947 5542

 2945 5543 2336

 2945 2336 857

 829 2309 5543

 829 5543 2945

 2309 828 2946

 2309 2946 5543

 2944 5544 2337

 2944 2337 858

 830 2310 5544

 830 5544 2944

 2310 829 2945

 2310 2945 5544

 2943 5545 2338

 2943 2338 859

 831 2311 5545

 831 5545 2943

 2311 830 2944

 2311 2944 5545

 2942 5546 2339

 2942 2339 860

 832 2312 5546

 832 5546 2942

 2312 831 2943

 2312 2943 5546

 2941 5547 2340

 2941 2340 861

 833 2313 5547

 833 5547 2941

 2313 832 2942

 2313 2942 5547

 2940 5548 2341

 2940 2341 862

 834 2314 5548

 834 5548 2940

 2314 833 2941

 2314 2941 5548

 2939 5549 2342

 2939 2342 863

 835 2315 5549

 835 5549 2939

 2315 834 2940

 2315 2940 5549

 2938 5550 2343

 2938 2343 864

 836 2316 5550

 836 5550 2938

 2316 835 2939

 2316 2939 5550

 2937 5551 2344

 2937 2344 865

 837 2317 5551

 837 5551 2937

 2317 836 2938

 2317 2938 5551

 2936 5552 2345

 2936 2345 866

 838 2318 5552

 838 5552 2936

 2318 837 2937

 2318 2937 5552

 2934 5553 2347

 2934 2347 869

 840 2319 5553

 840 5553 2934

 2319 839 2935

 2319 2935 5553

 2933 5554 2348

 2933 2348 870

 841 2320 5554

 841 5554 2933

 2320 840 2934

 2320 2934 5554

 2932 5555 2349

 2932 2349 871

 842 2321 5555

 842 5555 2932

 2321 841 2933

 2321 2933 5555

 2931 5556 2350

 2931 2350 872

 843 2322 5556

 843 5556 2931

 2322 842 2932

 2322 2932 5556

 2930 5557 2351

 2930 2351 873

 844 2323 5557

 844 5557 2930

 2323 843 2931

 2323 2931 5557

 2929 5558 2352

 2929 2352 874

 845 2324 5558

 845 5558 2929

 2324 844 2930

 2324 2930 5558

 2928 5559 2353

 2928 2353 875

 846 2325 5559

 846 5559 2928

 2325 845 2929

 2325 2929 5559

 2927 5560 2354

 2927 2354 876

 847 2326 5560

 847 5560 2927

 2326 846 2928

 2326 2928 5560

 2926 5561 2355

 2926 2355 877

 848 2327 5561

 848 5561 2926

 2327 847 2927

 2327 2927 5561

 2925 5562 2356

 2925 2356 878

 849 2328 5562

 849 5562 2925

 2328 848 2926

 2328 2926 5562

 2924 5563 2357

 2924 2357 879

 850 2329 5563

 850 5563 2924

 2329 849 2925

 2329 2925 5563

 2923 5564 2358

 2923 2358 880

 851 2330 5564

 851 5564 2923

 2330 850 2924

 2330 2924 5564

 2922 5565 2359

 2922 2359 881

 852 2331 5565

 852 5565 2922

 2331 851 2923

 2331 2923 5565

 2921 5566 2360

 2921 2360 882

 853 2332 5566

 853 5566 2921

 2332 852 2922

 2332 2922 5566

 2919 5567 2362

 2919 2362 884

 855 2334 5567

 855 5567 2919

 2334 854 2920

 2334 2920 5567

 2918 5568 2363

 2918 2363 885

 856 2335 5568

 856 5568 2918

 2335 855 2919

 2335 2919 5568

 2917 5569 2364

 2917 2364 886

 857 2336 5569

 857 5569 2917

 2336 856 2918

 2336 2918 5569

 2916 5570 2365

 2916 2365 887

 858 2337 5570

 858 5570 2916

 2337 857 2917

 2337 2917 5570

 2915 5571 2366

 2915 2366 888

 859 2338 5571

 859 5571 2915

 2338 858 2916

 2338 2916 5571

 2914 5572 2367

 2914 2367 889

 860 2339 5572

 860 5572 2914

 2339 859 2915

 2339 2915 5572

 2913 5573 2368

 2913 2368 890

 861 2340 5573

 861 5573 2913

 2340 860 2914

 2340 2914 5573

 2912 5574 2369

 2912 2369 891

 862 2341 5574

 862 5574 2912

 2341 861 2913

 2341 2913 5574

 2911 5575 2370

 2911 2370 892

 863 2342 5575

 863 5575 2911

 2342 862 2912

 2342 2912 5575

 2910 5576 2371

 2910 2371 893

 864 2343 5576

 864 5576 2910

 2343 863 2911

 2343 2911 5576

 2909 5577 2372

 2909 2372 894

 865 2344 5577

 865 5577 2909

 2344 864 2910

 2344 2910 5577

 2908 5578 2373

 2908 2373 895

 866 2345 5578

 866 5578 2908

 2345 865 2909

 2345 2909 5578

 2907 5579 2374

 2907 2374 896

 867 2346 5579

 867 5579 2907

 2346 866 2908

 2346 2908 5579

 2905 5580 2380

 2905 2380 903

 869 2347 5580

 869 5580 2905

 2347 868 2906

 2347 2906 5580

 2904 5581 2381

 2904 2381 904

 870 2348 5581

 870 5581 2904

 2348 869 2905

 2348 2905 5581

 2903 5582 2382

 2903 2382 905

 871 2349 5582

 871 5582 2903

 2349 870 2904

 2349 2904 5582

 2902 5583 2383

 2902 2383 906

 872 2350 5583

 872 5583 2902

 2350 871 2903

 2350 2903 5583

 2901 5584 2384

 2901 2384 907

 873 2351 5584

 873 5584 2901

 2351 872 2902

 2351 2902 5584

 2900 5585 2385

 2900 2385 908

 874 2352 5585

 874 5585 2900

 2352 873 2901

 2352 2901 5585

 2899 5586 2386

 2899 2386 909

 875 2353 5586

 875 5586 2899

 2353 874 2900

 2353 2900 5586

 2898 5587 2387

 2898 2387 910

 876 2354 5587

 876 5587 2898

 2354 875 2899

 2354 2899 5587

 2897 5588 2388

 2897 2388 911

 877 2355 5588

 877 5588 2897

 2355 876 2898

 2355 2898 5588

 2896 5589 2389

 2896 2389 912

 878 2356 5589

 878 5589 2896

 2356 877 2897

 2356 2897 5589

 2895 5590 2390

 2895 2390 913

 879 2357 5590

 879 5590 2895

 2357 878 2896

 2357 2896 5590

 2894 5591 2391

 2894 2391 914

 880 2358 5591

 880 5591 2894

 2358 879 2895

 2358 2895 5591

 2893 5592 2392

 2893 2392 915

 881 2359 5592

 881 5592 2893

 2359 880 2894

 2359 2894 5592

 2892 5593 2393

 2892 2393 916

 882 2360 5593

 882 5593 2892

 2360 881 2893

 2360 2893 5593

 2891 5594 2394

 2891 2394 917

 883 2361 5594

 883 5594 2891

 2361 882 2892

 2361 2892 5594

 2890 5595 2395

 2890 2395 918

 884 2362 5595

 884 5595 2890

 2362 883 2891

 2362 2891 5595

 2889 5596 2396

 2889 2396 919

 885 2363 5596

 885 5596 2889

 2363 884 2890

 2363 2890 5596

 2888 5597 2397

 2888 2397 920

 886 2364 5597

 886 5597 2888

 2364 885 2889

 2364 2889 5597

 2887 5598 2398

 2887 2398 921

 887 2365 5598

 887 5598 2887

 2365 886 2888

 2365 2888 5598

 2886 5599 2399

 2886 2399 922

 888 2366 5599

 888 5599 2886

 2366 887 2887

 2366 2887 5599

 2885 5600 2400

 2885 2400 923

 889 2367 5600

 889 5600 2885

 2367 888 2886

 2367 2886 5600

 2884 5601 2401

 2884 2401 924

 890 2368 5601

 890 5601 2884

 2368 889 2885

 2368 2885 5601

 2883 5602 2402

 2883 2402 925

 891 2369 5602

 891 5602 2883

 2369 890 2884

 2369 2884 5602

 2882 5603 2403

 2882 2403 926

 892 2370 5603

 892 5603 2882

 2370 891 2883

 2370 2883 5603

 2881 5604 2404

 2881 2404 927

 893 2371 5604

 893 5604 2881

 2371 892 2882

 2371 2882 5604

 2880 5605 2405

 2880 2405 928

 894 2372 5605

 894 5605 2880

 2372 893 2881

 2372 2881 5605

 2879 5606 2406

 2879 2406 929

 895 2373 5606

 895 5606 2879

 2373 894 2880

 2373 2880 5606

 2878 5607 2407

 2878 2407 930

 896 2374 5607

 896 5607 2878

 2374 895 2879

 2374 2879 5607

 2877 5608 2408

 2877 2408 931

 897 2375 5608

 897 5608 2877

 2375 896 2878

 2375 2878 5608

 2876 5609 2409

 2876 2409 932

 898 2376 5609

 898 5609 2876

 2376 897 2877

 2376 2877 5609

 2875 5610 2410

 2875 2410 933

 899 2377 5610

 899 5610 2875

 2377 898 2876

 2377 2876 5610

 2874 5611 2411

 2874 2411 934

 900 2378 5611

 900 5611 2874

 2378 899 2875

 2378 2875 5611

 2873 5612 2412

 2873 2412 935

 901 2379 5612

 901 5612 2873

 2379 900 2874

 2379 2874 5612

 2871 5613 2417

 2871 2417 941

 903 2380 5613

 903 5613 2871

 2380 902 2872

 2380 2872 5613

 2870 5614 2418

 2870 2418 942

 904 2381 5614

 904 5614 2870

 2381 903 2871

 2381 2871 5614

 2869 5615 2419

 2869 2419 943

 905 2382 5615

 905 5615 2869

 2382 904 2870

 2382 2870 5615

 2868 5616 2420

 2868 2420 944

 906 2383 5616

 906 5616 2868

 2383 905 2869

 2383 2869 5616

 2867 5617 2421

 2867 2421 945

 907 2384 5617

 907 5617 2867

 2384 906 2868

 2384 2868 5617

 2866 5618 2422

 2866 2422 946

 908 2385 5618

 908 5618 2866

 2385 907 2867

 2385 2867 5618

 2865 5619 2423

 2865 2423 947

 909 2386 5619

 909 5619 2865

 2386 908 2866

 2386 2866 5619

 2864 5620 2424

 2864 2424 948

 910 2387 5620

 910 5620 2864

 2387 909 2865

 2387 2865 5620

 2863 5621 2425

 2863 2425 949

 911 2388 5621

 911 5621 2863

 2388 910 2864

 2388 2864 5621

 2862 5622 2426

 2862 2426 950

 912 2389 5622

 912 5622 2862

 2389 911 2863

 2389 2863 5622

 2861 5623 2427

 2861 2427 951

 913 2390 5623

 913 5623 2861

 2390 912 2862

 2390 2862 5623

 2860 5624 2428

 2860 2428 952

 914 2391 5624

 914 5624 2860

 2391 913 2861

 2391 2861 5624

 2858 5625 2430

 2858 2430 954

 916 2393 5625

 916 5625 2858

 2393 915 2859

 2393 2859 5625

 2857 5626 2431

 2857 2431 955

 917 2394 5626

 917 5626 2857

 2394 916 2858

 2394 2858 5626

 2856 5627 2432

 2856 2432 956

 918 2395 5627

 918 5627 2856

 2395 917 2857

 2395 2857 5627

 2855 5628 2433

 2855 2433 957

 919 2396 5628

 919 5628 2855

 2396 918 2856

 2396 2856 5628

 2854 5629 2434

 2854 2434 958

 920 2397 5629

 920 5629 2854

 2397 919 2855

 2397 2855 5629

 2853 5630 2435

 2853 2435 959

 921 2398 5630

 921 5630 2853

 2398 920 2854

 2398 2854 5630

 2852 5631 2436

 2852 2436 960

 922 2399 5631

 922 5631 2852

 2399 921 2853

 2399 2853 5631

 2851 5632 2437

 2851 2437 961

 923 2400 5632

 923 5632 2851

 2400 922 2852

 2400 2852 5632

 2850 5633 2438

 2850 2438 962

 924 2401 5633

 924 5633 2850

 2401 923 2851

 2401 2851 5633

 2849 5634 2439

 2849 2439 963

 925 2402 5634

 925 5634 2849

 2402 924 2850

 2402 2850 5634

 2848 5635 2440

 2848 2440 964

 926 2403 5635

 926 5635 2848

 2403 925 2849

 2403 2849 5635

 2847 5636 2441

 2847 2441 965

 927 2404 5636

 927 5636 2847

 2404 926 2848

 2404 2848 5636

 2846 5637 2442

 2846 2442 966

 928 2405 5637

 928 5637 2846

 2405 927 2847

 2405 2847 5637

 2845 5638 2443

 2845 2443 967

 929 2406 5638

 929 5638 2845

 2406 928 2846

 2406 2846 5638

 2844 5639 2444

 2844 2444 968

 930 2407 5639

 930 5639 2844

 2407 929 2845

 2407 2845 5639

 2843 5640 2445

 2843 2445 969

 931 2408 5640

 931 5640 2843

 2408 930 2844

 2408 2844 5640

 2842 5641 2446

 2842 2446 970

 932 2409 5641

 932 5641 2842

 2409 931 2843

 2409 2843 5641

 2841 5642 2447

 2841 2447 971

 933 2410 5642

 933 5642 2841

 2410 932 2842

 2410 2842 5642

 2840 5643 2448

 2840 2448 972

 934 2411 5643

 934 5643 2840

 2411 933 2841

 2411 2841 5643

 2839 5644 2449

 2839 2449 973

 935 2412 5644

 935 5644 2839

 2412 934 2840

 2412 2840 5644

 2838 5645 2450

 2838 2450 974

 936 2413 5645

 936 5645 2838

 2413 935 2839

 2413 2839 5645

 2837 5646 2451

 2837 2451 975

 937 2414 5646

 937 5646 2837

 2414 936 2838

 2414 2838 5646

 2836 5647 2452

 2836 2452 976

 938 2415 5647

 938 5647 2836

 2415 937 2837

 2415 2837 5647

 2835 5648 2453

 2835 2453 977

 939 2416 5648

 939 5648 2835

 2416 938 2836

 2416 2836 5648

 2833 5649 2456

 2833 2456 981

 943 2419 5649

 943 5649 2833

 2419 942 2834

 2419 2834 5649

 2832 5650 2457

 2832 2457 982

 944 2420 5650

 944 5650 2832

 2420 943 2833

 2420 2833 5650

 2831 5651 2458

 2831 2458 983

 945 2421 5651

 945 5651 2831

 2421 944 2832

 2421 2832 5651

 2830 5652 2459

 2830 2459 984

 946 2422 5652

 946 5652 2830

 2422 945 2831

 2422 2831 5652

 2829 5653 2460

 2829 2460 985

 947 2423 5653

 947 5653 2829

 2423 946 2830

 2423 2830 5653

 2828 5654 2461

 2828 2461 986

 948 2424 5654

 948 5654 2828

 2424 947 2829

 2424 2829 5654

 2827 5655 2462

 2827 2462 987

 949 2425 5655

 949 5655 2827

 2425 948 2828

 2425 2828 5655

 2826 5656 2463

 2826 2463 988

 950 2426 5656

 950 5656 2826

 2426 949 2827

 2426 2827 5656

 2825 5657 2464

 2825 2464 989

 951 2427 5657

 951 5657 2825

 2427 950 2826

 2427 2826 5657

 2824 5658 2465

 2824 2465 990

 952 2428 5658

 952 5658 2824

 2428 951 2825

 2428 2825 5658

 2823 5659 2466

 2823 2466 991

 953 2429 5659

 953 5659 2823

 2429 952 2824

 2429 2824 5659

 2822 5660 2467

 2822 2467 992

 954 2430 5660

 954 5660 2822

 2430 953 2823

 2430 2823 5660

 2821 5661 2468

 2821 2468 993

 955 2431 5661

 955 5661 2821

 2431 954 2822

 2431 2822 5661

 2820 5662 2469

 2820 2469 994

 956 2432 5662

 956 5662 2820

 2432 955 2821

 2432 2821 5662

 2819 5663 2470

 2819 2470 995

 957 2433 5663

 957 5663 2819

 2433 956 2820

 2433 2820 5663

 2818 5664 2471

 2818 2471 996

 958 2434 5664

 958 5664 2818

 2434 957 2819

 2434 2819 5664

 2817 5665 2472

 2817 2472 997

 959 2435 5665

 959 5665 2817

 2435 958 2818

 2435 2818 5665

 2816 5666 2473

 2816 2473 998

 960 2436 5666

 960 5666 2816

 2436 959 2817

 2436 2817 5666

 2815 5667 2474

 2815 2474 999

 961 2437 5667

 961 5667 2815

 2437 960 2816

 2437 2816 5667

 2814 5668 2475

 2814 2475 1000

 962 2438 5668

 962 5668 2814

 2438 961 2815

 2438 2815 5668

 2813 5669 2476

 2813 2476 1001

 963 2439 5669

 963 5669 2813

 2439 962 2814

 2439 2814 5669

 2812 5670 2477

 2812 2477 1002

 964 2440 5670

 964 5670 2812

 2440 963 2813

 2440 2813 5670

 2811 5671 2478

 2811 2478 1003

 965 2441 5671

 965 5671 2811

 2441 964 2812

 2441 2812 5671

 2810 5672 2479

 2810 2479 1004

 966 2442 5672

 966 5672 2810

 2442 965 2811

 2442 2811 5672

 2809 5673 2480

 2809 2480 1005

 967 2443 5673

 967 5673 2809

 2443 966 2810

 2443 2810 5673

 2808 5674 2481

 2808 2481 1006

 968 2444 5674

 968 5674 2808

 2444 967 2809

 2444 2809 5674

 2807 5675 2482

 2807 2482 1007

 969 2445 5675

 969 5675 2807

 2445 968 2808

 2445 2808 5675

 2806 5676 2483

 2806 2483 1008

 970 2446 5676

 970 5676 2806

 2446 969 2807

 2446 2807 5676

 2805 5677 2484

 2805 2484 1009

 971 2447 5677

 971 5677 2805

 2447 970 2806

 2447 2806 5677

 2804 5678 2485

 2804 2485 1010

 972 2448 5678

 972 5678 2804

 2448 971 2805

 2448 2805 5678

 2803 5679 2486

 2803 2486 1011

 973 2449 5679

 973 5679 2803

 2449 972 2804

 2449 2804 5679

 2802 5680 2487

 2802 2487 1012

 974 2450 5680

 974 5680 2802

 2450 973 2803

 2450 2803 5680

 2801 5681 2488

 2801 2488 1013

 975 2451 5681

 975 5681 2801

 2451 974 2802

 2451 2802 5681

 2800 5682 2489

 2800 2489 1014

 976 2452 5682

 976 5682 2800

 2452 975 2801

 2452 2801 5682

 2799 5683 2490

 2799 2490 1015

 977 2453 5683

 977 5683 2799

 2453 976 2800

 2453 2800 5683

 7152 7150 7130

 7152 7130 7134

 978 2454 5684

 978 5684 2798

 2454 977 2799

 2454 2799 5684

 2797 5685 2491

 2797 2491 1017

 979 2455 5685

 979 5685 2797

 2455 978 2798

 2455 2798 5685

 2795 5686 2492

 2795 2492 1019

 982 2457 5686

 982 5686 2795

 2457 981 2796

 2457 2796 5686

 2794 5687 2493

 2794 2493 1020

 983 2458 5687

 983 5687 2794

 2458 982 2795

 2458 2795 5687

 2792 5688 2495

 2792 2495 1022

 985 2460 5688

 985 5688 2792

 2460 984 2793

 2460 2793 5688

 2791 5689 2496

 2791 2496 1023

 986 2461 5689

 986 5689 2791

 2461 985 2792

 2461 2792 5689

 2790 5690 2497

 2790 2497 1024

 987 2462 5690

 987 5690 2790

 2462 986 2791

 2462 2791 5690

 2789 5691 2498

 2789 2498 1025

 988 2463 5691

 988 5691 2789

 2463 987 2790

 2463 2790 5691

 2788 5692 2499

 2788 2499 1026

 989 2464 5692

 989 5692 2788

 2464 988 2789

 2464 2789 5692

 2787 5693 2500

 2787 2500 1027

 990 2465 5693

 990 5693 2787

 2465 989 2788

 2465 2788 5693

 2786 5694 2501

 2786 2501 1028

 991 2466 5694

 991 5694 2786

 2466 990 2787

 2466 2787 5694

 2785 5695 2502

 2785 2502 1029

 992 2467 5695

 992 5695 2785

 2467 991 2786

 2467 2786 5695

 2784 5696 2503

 2784 2503 1030

 993 2468 5696

 993 5696 2784

 2468 992 2785

 2468 2785 5696

 2783 5697 2504

 2783 2504 1031

 994 2469 5697

 994 5697 2783

 2469 993 2784

 2469 2784 5697

 2782 5698 2505

 2782 2505 1032

 995 2470 5698

 995 5698 2782

 2470 994 2783

 2470 2783 5698

 2781 5699 2506

 2781 2506 1033

 996 2471 5699

 996 5699 2781

 2471 995 2782

 2471 2782 5699

 2780 5700 2507

 2780 2507 1034

 997 2472 5700

 997 5700 2780

 2472 996 2781

 2472 2781 5700

 2779 5701 2508

 2779 2508 1035

 998 2473 5701

 998 5701 2779

 2473 997 2780

 2473 2780 5701

 2778 5702 2509

 2778 2509 1036

 999 2474 5702

 999 5702 2778

 2474 998 2779

 2474 2779 5702

 2777 5703 2510

 2777 2510 1037

 1000 2475 5703

 1000 5703 2777

 2475 999 2778

 2475 2778 5703

 2776 5704 2511

 2776 2511 1038

 1001 2476 5704

 1001 5704 2776

 2476 1000 2777

 2476 2777 5704

 2775 5705 2512

 2775 2512 1039

 1002 2477 5705

 1002 5705 2775

 2477 1001 2776

 2477 2776 5705

 2774 5706 2513

 2774 2513 1040

 1003 2478 5706

 1003 5706 2774

 2478 1002 2775

 2478 2775 5706

 2773 5707 2514

 2773 2514 1041

 1004 2479 5707

 1004 5707 2773

 2479 1003 2774

 2479 2774 5707

 2772 5708 2515

 2772 2515 1042

 1005 2480 5708

 1005 5708 2772

 2480 1004 2773

 2480 2773 5708

 2771 5709 2516

 2771 2516 1043

 1006 2481 5709

 1006 5709 2771

 2481 1005 2772

 2481 2772 5709

 2770 5710 2517

 2770 2517 1044

 1007 2482 5710

 1007 5710 2770

 2482 1006 2771

 2482 2771 5710

 2769 5711 2518

 2769 2518 1045

 1008 2483 5711

 1008 5711 2769

 2483 1007 2770

 2483 2770 5711

 2768 5712 2519

 2768 2519 1046

 1009 2484 5712

 1009 5712 2768

 2484 1008 2769

 2484 2769 5712

 2767 5713 2520

 2767 2520 1047

 1010 2485 5713

 1010 5713 2767

 2485 1009 2768

 2485 2768 5713

 2766 5714 2521

 2766 2521 1048

 1011 2486 5714

 1011 5714 2766

 2486 1010 2767

 2486 2767 5714

 2765 5715 2522

 2765 2522 1049

 1012 2487 5715

 1012 5715 2765

 2487 1011 2766

 2487 2766 5715

 2764 5716 2523

 2764 2523 1050

 1013 2488 5716

 1013 5716 2764

 2488 1012 2765

 2488 2765 5716

 2763 5717 2524

 2763 2524 1051

 1014 2489 5717

 1014 5717 2763

 2489 1013 2764

 2489 2764 5717

 2762 5718 2525

 2762 2525 1052

 1015 2490 5718

 1015 5718 2762

 2490 1014 2763

 2490 2763 5718

 2761 5719 2526

 2761 2526 1053

 7150 7146 7131

 7150 7131 7130

 7151 7147 7132

 7151 7132 7136

 2760 5720 2527

 2760 2527 1054

 1017 2491 5720

 1017 5720 2760

 2491 1016 2761

 2491 2761 5720

 2758 5721 2529

 2758 2529 1057

 1019 2492 5721

 1019 5721 2758

 2492 1018 2759

 2492 2759 5721

 2757 5722 2530

 2757 2530 1058

 1020 2493 5722

 1020 5722 2757

 2493 1019 2758

 2493 2758 5722

 2756 5723 2531

 2756 2531 1059

 1021 2494 5723

 1021 5723 2756

 2494 1020 2757

 2494 2757 5723

 2755 5724 2532

 2755 2532 1060

 1022 2495 5724

 1022 5724 2755

 2495 1021 2756

 2495 2756 5724

 2754 5725 2533

 2754 2533 1061

 1023 2496 5725

 1023 5725 2754

 2496 1022 2755

 2496 2755 5725

 2753 5726 2534

 2753 2534 1062

 1024 2497 5726

 1024 5726 2753

 2497 1023 2754

 2497 2754 5726

 2752 5727 2535

 2752 2535 1063

 1025 2498 5727

 1025 5727 2752

 2498 1024 2753

 2498 2753 5727

 2751 5728 2536

 2751 2536 1064

 1026 2499 5728

 1026 5728 2751

 2499 1025 2752

 2499 2752 5728

 2750 5729 2537

 2750 2537 1065

 1027 2500 5729

 1027 5729 2750

 2500 1026 2751

 2500 2751 5729

 2749 5730 2538

 2749 2538 1066

 1028 2501 5730

 1028 5730 2749

 2501 1027 2750

 2501 2750 5730

 2748 5731 2539

 2748 2539 1067

 1029 2502 5731

 1029 5731 2748

 2502 1028 2749

 2502 2749 5731

 2747 5732 2540

 2747 2540 1068

 1030 2503 5732

 1030 5732 2747

 2503 1029 2748

 2503 2748 5732

 2746 5733 2541

 2746 2541 1069

 1031 2504 5733

 1031 5733 2746

 2504 1030 2747

 2504 2747 5733

 2745 5734 2542

 2745 2542 1070

 1032 2505 5734

 1032 5734 2745

 2505 1031 2746

 2505 2746 5734

 2744 5735 2543

 2744 2543 1071

 1033 2506 5735

 1033 5735 2744

 2506 1032 2745

 2506 2745 5735

 2743 5736 2544

 2743 2544 1072

 1034 2507 5736

 1034 5736 2743

 2507 1033 2744

 2507 2744 5736

 2742 5737 2545

 2742 2545 1073

 1035 2508 5737

 1035 5737 2742

 2508 1034 2743

 2508 2743 5737

 2741 5738 2546

 2741 2546 1074

 1036 2509 5738

 1036 5738 2741

 2509 1035 2742

 2509 2742 5738

 2740 5739 2547

 2740 2547 1075

 1037 2510 5739

 1037 5739 2740

 2510 1036 2741

 2510 2741 5739

 2739 5740 2548

 2739 2548 1076

 1038 2511 5740

 1038 5740 2739

 2511 1037 2740

 2511 2740 5740

 2738 5741 2549

 2738 2549 1077

 1039 2512 5741

 1039 5741 2738

 2512 1038 2739

 2512 2739 5741

 2737 5742 2550

 2737 2550 1078

 1040 2513 5742

 1040 5742 2737

 2513 1039 2738

 2513 2738 5742

 2736 5743 2551

 2736 2551 1079

 1041 2514 5743

 1041 5743 2736

 2514 1040 2737

 2514 2737 5743

 2735 5744 2552

 2735 2552 1080

 1042 2515 5744

 1042 5744 2735

 2515 1041 2736

 2515 2736 5744

 2734 5745 2553

 2734 2553 1081

 1043 2516 5745

 1043 5745 2734

 2516 1042 2735

 2516 2735 5745

 2733 5746 2554

 2733 2554 1082

 1044 2517 5746

 1044 5746 2733

 2517 1043 2734

 2517 2734 5746

 2732 5747 2555

 2732 2555 1083

 1045 2518 5747

 1045 5747 2732

 2518 1044 2733

 2518 2733 5747

 2731 5748 2556

 2731 2556 1084

 1046 2519 5748

 1046 5748 2731

 2519 1045 2732

 2519 2732 5748

 2730 5749 2557

 2730 2557 1085

 1047 2520 5749

 1047 5749 2730

 2520 1046 2731

 2520 2731 5749

 2729 5750 2558

 2729 2558 1086

 1048 2521 5750

 1048 5750 2729

 2521 1047 2730

 2521 2730 5750

 2727 5751 2559

 2727 2559 1088

 1052 2525 5751

 1052 5751 2727

 2525 1051 2728

 2525 2728 5751

 2726 5752 2560

 2726 2560 1089

 1053 2526 5752

 1053 5752 2726

 2526 1052 2727

 2526 2727 5752

 2725 5753 2561

 2725 2561 1090

 1054 2527 5753

 1054 5753 2725

 2527 1053 2726

 2527 2726 5753

 2723 5754 2563

 2723 2563 1093

 1056 2528 5754

 1056 5754 2723

 2528 1055 2724

 2528 2724 5754

 2722 5755 2564

 2722 2564 1094

 1057 2529 5755

 1057 5755 2722

 2529 1056 2723

 2529 2723 5755

 2721 5756 2565

 2721 2565 1095

 1058 2530 5756

 1058 5756 2721

 2530 1057 2722

 2530 2722 5756

 2720 5757 2566

 2720 2566 1096

 1059 2531 5757

 1059 5757 2720

 2531 1058 2721

 2531 2721 5757

 2719 5758 2567

 2719 2567 1097

 1060 2532 5758

 1060 5758 2719

 2532 1059 2720

 2532 2720 5758

 2718 5759 2568

 2718 2568 1098

 1061 2533 5759

 1061 5759 2718

 2533 1060 2719

 2533 2719 5759

 2717 5760 2569

 2717 2569 1099

 1062 2534 5760

 1062 5760 2717

 2534 1061 2718

 2534 2718 5760

 2716 5761 2570

 2716 2570 1100

 1063 2535 5761

 1063 5761 2716

 2535 1062 2717

 2535 2717 5761

 2715 5762 2571

 2715 2571 1101

 1064 2536 5762

 1064 5762 2715

 2536 1063 2716

 2536 2716 5762

 2714 5763 2572

 2714 2572 1102

 1065 2537 5763

 1065 5763 2714

 2537 1064 2715

 2537 2715 5763

 2713 5764 2573

 2713 2573 1103

 1066 2538 5764

 1066 5764 2713

 2538 1065 2714

 2538 2714 5764

 2712 5765 2574

 2712 2574 1104

 1067 2539 5765

 1067 5765 2712

 2539 1066 2713

 2539 2713 5765

 2711 5766 2575

 2711 2575 1105

 1068 2540 5766

 1068 5766 2711

 2540 1067 2712

 2540 2712 5766

 2710 5767 2576

 2710 2576 1106

 1069 2541 5767

 1069 5767 2710

 2541 1068 2711

 2541 2711 5767

 2709 5768 2577

 2709 2577 1107

 1070 2542 5768

 1070 5768 2709

 2542 1069 2710

 2542 2710 5768

 2708 5769 2578

 2708 2578 1108

 1071 2543 5769

 1071 5769 2708

 2543 1070 2709

 2543 2709 5769

 2707 5770 2579

 2707 2579 1109

 1072 2544 5770

 1072 5770 2707

 2544 1071 2708

 2544 2708 5770

 2706 5771 2580

 2706 2580 1110

 1073 2545 5771

 1073 5771 2706

 2545 1072 2707

 2545 2707 5771

 2705 5772 2581

 2705 2581 1111

 1074 2546 5772

 1074 5772 2705

 2546 1073 2706

 2546 2706 5772

 2704 5773 2582

 2704 2582 1112

 1075 2547 5773

 1075 5773 2704

 2547 1074 2705

 2547 2705 5773

 2703 5774 2583

 2703 2583 1113

 1076 2548 5774

 1076 5774 2703

 2548 1075 2704

 2548 2704 5774

 2702 5775 2584

 2702 2584 1114

 1077 2549 5775

 1077 5775 2702

 2549 1076 2703

 2549 2703 5775

 2701 5776 2585

 2701 2585 1115

 1078 2550 5776

 1078 5776 2701

 2550 1077 2702

 2550 2702 5776

 2700 5777 2586

 2700 2586 1116

 1079 2551 5777

 1079 5777 2700

 2551 1078 2701

 2551 2701 5777

 2699 5778 2587

 2699 2587 1117

 1080 2552 5778

 1080 5778 2699

 2552 1079 2700

 2552 2700 5778

 2698 5779 2588

 2698 2588 1118

 1081 2553 5779

 1081 5779 2698

 2553 1080 2699

 2553 2699 5779

 2697 5780 2589

 2697 2589 1119

 1082 2554 5780

 1082 5780 2697

 2554 1081 2698

 2554 2698 5780

 2696 5781 2590

 2696 2590 1120

 1083 2555 5781

 1083 5781 2696

 2555 1082 2697

 2555 2697 5781

 2695 5782 2591

 2695 2591 1121

 1084 2556 5782

 1084 5782 2695

 2556 1083 2696

 2556 2696 5782

 2693 5783 2592

 2693 2592 1123

 1092 2562 5783

 1092 5783 2693

 2562 1091 2694

 2562 2694 5783

 2692 5784 2593

 2692 2593 1124

 1093 2563 5784

 1093 5784 2692

 2563 1092 2693

 2563 2693 5784

 2691 5785 2594

 2691 2594 1125

 1094 2564 5785

 1094 5785 2691

 2564 1093 2692

 2564 2692 5785

 2690 5786 2595

 2690 2595 1126

 1095 2565 5786

 1095 5786 2690

 2565 1094 2691

 2565 2691 5786

 2689 5787 2596

 2689 2596 1127

 1096 2566 5787

 1096 5787 2689

 2566 1095 2690

 2566 2690 5787

 2688 5788 2597

 2688 2597 1128

 1097 2567 5788

 1097 5788 2688

 2567 1096 2689

 2567 2689 5788

 2687 5789 2598

 2687 2598 1129

 1098 2568 5789

 1098 5789 2687

 2568 1097 2688

 2568 2688 5789

 2686 5790 2599

 2686 2599 1130

 1099 2569 5790

 1099 5790 2686

 2569 1098 2687

 2569 2687 5790

 2684 5791 2600

 2684 2600 1132

 1108 2578 5791

 1108 5791 2684

 2578 1107 2685

 2578 2685 5791

 2683 5792 2601

 2683 2601 1133

 1109 2579 5792

 1109 5792 2683

 2579 1108 2684

 2579 2684 5792

 2682 5793 2602

 2682 2602 1134

 1110 2580 5793

 1110 5793 2682

 2580 1109 2683

 2580 2683 5793

 2681 5794 2603

 2681 2603 1135

 1111 2581 5794

 1111 5794 2681

 2581 1110 2682

 2581 2682 5794

 2680 5795 2604

 2680 2604 1136

 1112 2582 5795

 1112 5795 2680

 2582 1111 2681

 2582 2681 5795

 2679 5796 2605

 2679 2605 1137

 1113 2583 5796

 1113 5796 2679

 2583 1112 2680

 2583 2680 5796

 2678 5797 2606

 2678 2606 1138

 1114 2584 5797

 1114 5797 2678

 2584 1113 2679

 2584 2679 5797

 2677 5798 2607

 2677 2607 1139

 1115 2585 5798

 1115 5798 2677

 2585 1114 2678

 2585 2678 5798

 2676 5799 2608

 2676 2608 1140

 1116 2586 5799

 1116 5799 2676

 2586 1115 2677

 2586 2677 5799

 2675 5800 2609

 2675 2609 1141

 1117 2587 5800

 1117 5800 2675

 2587 1116 2676

 2587 2676 5800

 2674 5801 2610

 2674 2610 1142

 1118 2588 5801

 1118 5801 2674

 2588 1117 2675

 2588 2675 5801

 2672 5802 2611

 2672 2611 1144

 1123 2592 5802

 1123 5802 2672

 2592 1122 2673

 2592 2673 5802

 2671 5803 2612

 2671 2612 1145

 1124 2593 5803

 1124 5803 2671

 2593 1123 2672

 2593 2672 5803

 2670 5804 2613

 2670 2613 1146

 1125 2594 5804

 1125 5804 2670

 2594 1124 2671

 2594 2671 5804

 2669 5805 2614

 2669 2614 1147

 1126 2595 5805

 1126 5805 2669

 2595 1125 2670

 2595 2670 5805

 2668 5806 2615

 2668 2615 1148

 1127 2596 5806

 1127 5806 2668

 2596 1126 2669

 2596 2669 5806

 2667 5807 2616

 2667 2616 1149

 1128 2597 5807

 1128 5807 2667

 2597 1127 2668

 2597 2668 5807

 2666 5808 2617

 2666 2617 1150

 1129 2598 5808

 1129 5808 2666

 2598 1128 2667

 2598 2667 5808

 2664 5809 2618

 2664 2618 1152

 1132 2600 5809

 1132 5809 2664

 2600 1131 2665

 2600 2665 5809

 2663 5810 2619

 2663 2619 1153

 1133 2601 5810

 1133 5810 2663

 2601 1132 2664

 2601 2664 5810

 2662 5811 2620

 2662 2620 1154

 1134 2602 5811

 1134 5811 2662

 2602 1133 2663

 2602 2663 5811

 2661 5812 2621

 2661 2621 1155

 1135 2603 5812

 1135 5812 2661

 2603 1134 2662

 2603 2662 5812

 2660 5813 2622

 2660 2622 1156

 1136 2604 5813

 1136 5813 2660

 2604 1135 2661

 2604 2661 5813

 2659 5814 2623

 2659 2623 1157

 1137 2605 5814

 1137 5814 2659

 2605 1136 2660

 2605 2660 5814

 2658 5815 2624

 2658 2624 1158

 1138 2606 5815

 1138 5815 2658

 2606 1137 2659

 2606 2659 5815

 2657 5816 2625

 2657 2625 1159

 1139 2607 5816

 1139 5816 2657

 2607 1138 2658

 2607 2658 5816

 2655 5817 2626

 2655 2626 1161

 1144 2611 5817

 1144 5817 2655

 2611 1143 2656

 2611 2656 5817

 2654 5818 2627

 2654 2627 1162

 1145 2612 5818

 1145 5818 2654

 2612 1144 2655

 2612 2655 5818

 2653 5819 2628

 2653 2628 1163

 1146 2613 5819

 1146 5819 2653

 2613 1145 2654

 2613 2654 5819

 2652 5820 2629

 2652 2629 1164

 1147 2614 5820

 1147 5820 2652

 2614 1146 2653

 2614 2653 5820

 2651 5821 2630

 2651 2630 1165

 1148 2615 5821

 1148 5821 2651

 2615 1147 2652

 2615 2652 5821

 2649 5822 2631

 2649 2631 1167

 1153 2619 5822

 1153 5822 2649

 2619 1152 2650

 2619 2650 5822

 2648 5823 2632

 2648 2632 1168

 1154 2620 5823

 1154 5823 2648

 2620 1153 2649

 2620 2649 5823

 2647 5824 2633

 2647 2633 1169

 1155 2621 5824

 1155 5824 2647

 2621 1154 2648

 2621 2648 5824

 2646 5825 2634

 2646 2634 1170

 1156 2622 5825

 1156 5825 2646

 2622 1155 2647

 2622 2647 5825

 2645 5826 2635

 2645 2635 1171

 1157 2623 5826

 1157 5826 2645

 2623 1156 2646

 2623 2646 5826

 2644 5827 2636

 2644 2636 1172

 1158 2624 5827

 1158 5827 2644

 2624 1157 2645

 2624 2645 5827

 2642 5828 2637

 2642 2637 1174

 1161 2626 5828

 1161 5828 2642

 2626 1160 2643

 2626 2643 5828

 2641 5829 2638

 2641 2638 1175

 1162 2627 5829

 1162 5829 2641

 2627 1161 2642

 2627 2642 5829

 2640 5830 2639

 2640 2639 1176

 1163 2628 5830

 1163 5830 2640

 2628 1162 2641

 2628 2641 5830

 6571 6570 6574

 6571 6574 6575

 6570 6569 6573

 6570 6573 6574

 6569 6568 6572

 6569 6572 6573

 6567 6566 6570

 6567 6570 6571

 6566 6565 6569

 6566 6569 6570

 6565 6564 6568

 6565 6568 6569

 6563 6562 6566

 6563 6566 6567

 6562 6561 6565

 6562 6565 6566

 6561 6560 6564

 6561 6564 6565

 6558 6557 6562

 6558 6562 6563

 6557 6556 6561

 6557 6561 6562

 6556 6555 6560

 6556 6560 6561

 6555 6554 6559

 6555 6559 6560

 6552 6551 6557

 6552 6557 6558

 6551 6550 6556

 6551 6556 6557

 6550 6549 6555

 6550 6555 6556

 6549 6548 6554

 6549 6554 6555

 6548 6547 6553

 6548 6553 6554

 6546 6545 6550

 6546 6550 6551

 6545 6544 6549

 6545 6549 6550

 6544 6543 6548

 6544 6548 6549

 6543 6542 6547

 6543 6547 6548

 6541 6540 6544

 6541 6544 6545

 6540 6539 6543

 6540 6543 6544

 6539 6538 6542

 6539 6542 6543

 6536 6535 6539

 6536 6539 6540

 6535 6534 6538

 6535 6538 6539

 6534 6533 6537

 6534 6537 6538

 6528 6527 6535

 6528 6535 6536

 6527 6526 6534

 6527 6534 6535

 6526 6525 6533

 6526 6533 6534

 6525 6524 6532

 6525 6532 6533

 6522 6521 6530

 6522 6530 6531

 6521 6520 6529

 6521 6529 6530

 6518 6517 6527

 6518 6527 6528

 6517 6516 6526

 6517 6526 6527

 6516 6515 6525

 6516 6525 6526

 6515 6514 6524

 6515 6524 6525

 6511 6510 6522

 6511 6522 6523

 6510 6509 6521

 6510 6521 6522

 6509 6508 6520

 6509 6520 6521

 6508 6507 6519

 6508 6519 6520

 6506 6505 6516

 6506 6516 6517

 6505 6504 6515

 6505 6515 6516

 6504 6503 6514

 6504 6514 6515

 6501 6500 6512

 6501 6512 6513

 6500 6499 6511

 6500 6511 6512

 6499 6498 6510

 6499 6510 6511

 6498 6497 6509

 6498 6509 6510

 6497 6496 6508

 6497 6508 6509

 6496 6495 6507

 6496 6507 6508

 6494 6493 6505

 6494 6505 6506

 6493 6492 6504

 6493 6504 6505

 6492 6491 6503

 6492 6503 6504

 6490 6489 6501

 6490 6501 6502

 6489 6488 6500

 6489 6500 6501

 6488 6487 6499

 6488 6499 6500

 6487 6486 6498

 6487 6498 6499

 6486 6485 6497

 6486 6497 6498

 6485 6484 6496

 6485 6496 6497

 6483 6482 6493

 6483 6493 6494

 6482 6481 6492

 6482 6492 6493

 6481 6480 6491

 6481 6491 6492

 6480 6479 6490

 6480 6490 6491

 6479 6478 6489

 6479 6489 6490

 6478 6477 6488

 6478 6488 6489

 6477 6476 6487

 6477 6487 6488

 6476 6475 6486

 6476 6486 6487

 6474 6473 6482

 6474 6482 6483

 6473 6472 6481

 6473 6481 6482

 6472 6471 6480

 6472 6480 6481

 6471 6470 6479

 6471 6479 6480

 6470 6469 6478

 6470 6478 6479

 6469 6468 6477

 6469 6477 6478

 6468 6467 6476

 6468 6476 6477

 6465 6464 6473

 6465 6473 6474

 6464 6463 6472

 6464 6472 6473

 6463 6462 6471

 6463 6471 6472

 6462 6461 6470

 6462 6470 6471

 6461 6460 6469

 6461 6469 6470

 6460 6459 6468

 6460 6468 6469

 6459 6458 6467

 6459 6467 6468

 6457 6456 6465

 6457 6465 6466

 6456 6455 6464

 6456 6464 6465

 6455 6454 6463

 6455 6463 6464

 6454 6453 6462

 6454 6462 6463

 6453 6452 6461

 6453 6461 6462

 6452 6451 6460

 6452 6460 6461

 6451 6450 6459

 6451 6459 6460

 6449 6448 6456

 6449 6456 6457

 6448 6447 6455

 6448 6455 6456

 6447 6446 6454

 6447 6454 6455

 6446 6445 6453

 6446 6453 6454

 6444 6443 6448

 6444 6448 6449

 6443 6442 6447

 6443 6447 6448

 6442 6441 6446

 6442 6446 6447

 6441 6440 6445

 6441 6445 6446

 6439 6438 6443

 6439 6443 6444

 6438 6437 6442

 6438 6442 6443

 6437 6436 6441

 6437 6441 6442

 6436 6435 6440

 6436 6440 6441

 6434 6433 6437

 6434 6437 6438

 6433 6432 6436

 6433 6436 6437

 6427 6426 6430

 6427 6430 6431

 6426 6425 6429

 6426 6429 6430

 6425 6424 6428

 6425 6428 6429

 6422 6421 6426

 6422 6426 6427

 6421 6420 6425

 6421 6425 6426

 6420 6419 6424

 6420 6424 6425

 6419 6418 6423

 6419 6423 6424

 6413 6412 6421

 6413 6421 6422

 6412 6411 6420

 6412 6420 6421

 6411 6410 6419

 6411 6419 6420

 6410 6409 6418

 6410 6418 6419

 6408 6407 6416

 6408 6416 6417

 6407 6406 6415

 6407 6415 6416

 6406 6405 6414

 6406 6414 6415

 6404 6403 6411

 6404 6411 6412

 6403 6402 6410

 6403 6410 6411

 6402 6401 6409

 6402 6409 6410

 6399 6398 6407

 6399 6407 6408

 6398 6397 6406

 6398 6406 6407

 6397 6396 6405

 6397 6405 6406

 6394 6393 6403

 6394 6403 6404

 6393 6392 6402

 6393 6402 6403

 6392 6391 6401

 6392 6401 6402

 6390 6389 6399

 6390 6399 6400

 6389 6388 6398

 6389 6398 6399

 6388 6387 6397

 6388 6397 6398

 6387 6386 6396

 6387 6396 6397

 6385 6384 6394

 6385 6394 6395

 6384 6383 6393

 6384 6393 6394

 6383 6382 6392

 6383 6392 6393

 6382 6381 6391

 6382 6391 6392

 6380 6379 6389

 6380 6389 6390

 6379 6378 6388

 6379 6388 6389

 6378 6377 6387

 6378 6387 6388

 6376 6375 6384

 6376 6384 6385

 6375 6374 6383

 6375 6383 6384

 6374 6373 6382

 6374 6382 6383

 6372 6371 6379

 6372 6379 6380

 6371 6370 6378

 6371 6378 6379

 6370 6369 6377

 6370 6377 6378

 6368 6367 6375

 6368 6375 6376

 6367 6366 6374

 6367 6374 6375

 6366 6365 6373

 6366 6373 6374

 6364 6363 6367

 6364 6367 6368

 6363 6362 6366

 6363 6366 6367

 6362 6361 6365

 6362 6365 6366

 6356 6355 6363

 6356 6363 6364

 6355 6354 6362

 6355 6362 6363

 6354 6353 6361

 6354 6361 6362

 6350 6349 6359

 6350 6359 6360

 6349 6348 6358

 6349 6358 6359

 6348 6347 6357

 6348 6357 6358

 6346 6345 6355

 6346 6355 6356

 6345 6344 6354

 6345 6354 6355

 6344 6343 6353

 6344 6353 6354

 6341 6340 6351

 6341 6351 6352

 6340 6339 6350

 6340 6350 6351

 6339 6338 6349

 6339 6349 6350

 6338 6337 6348

 6338 6348 6349

 6337 6336 6347

 6337 6347 6348

 6331 6330 6345

 6331 6345 6346

 6330 6329 6344

 6330 6344 6345

 6329 6328 6343

 6329 6343 6344

 6327 6326 6341

 6327 6341 6342

 6326 6325 6340

 6326 6340 6341

 6325 6324 6339

 6325 6339 6340

 6324 6323 6338

 6324 6338 6339

 6323 6322 6337

 6323 6337 6338

 6322 6321 6336

 6322 6336 6337

 6320 6319 6334

 6320 6334 6335

 6319 6318 6333

 6319 6333 6334

 6318 6317 6332

 6318 6332 6333

 6310 6309 6330

 6310 6330 6331

 6309 6308 6329

 6309 6329 6330

 6308 6307 6328

 6308 6328 6329

 6304 6303 6326

 6304 6326 6327

 6303 6302 6325

 6303 6325 6326

 6302 6301 6324

 6302 6324 6325

 6301 6300 6323

 6301 6323 6324

 6296 6295 6319

 6296 6319 6320

 6295 6294 6318

 6295 6318 6319

 6294 6293 6317

 6294 6317 6318

 6289 6288 6315

 6289 6315 6316

 6288 6287 6314

 6288 6314 6315

 6287 6286 6313

 6287 6313 6314

 6286 6285 6312

 6286 6312 6313

 6285 6284 6311

 6285 6311 6312

 6282 6281 6309

 6282 6309 6310

 6281 6280 6308

 6281 6308 6309

 6280 6279 6307

 6280 6307 6308

 6279 6278 6306

 6279 6306 6307

 6277 6276 6304

 6277 6304 6305

 6276 6275 6303

 6276 6303 6304

 6275 6274 6302

 6275 6302 6303

 6274 6273 6301

 6274 6301 6302

 6273 6272 6300

 6273 6300 6301

 6272 6271 6299

 6272 6299 6300

 6270 6269 6297

 6270 6297 6298

 6267 6266 6295

 6267 6295 6296

 6266 6265 6294

 6266 6294 6295

 6265 6264 6293

 6265 6293 6294

 6264 6263 6292

 6264 6292 6293

 6263 6262 6291

 6263 6291 6292

 6262 6261 6290

 6262 6290 6291

 6255 6254 6288

 6255 6288 6289

 6254 6253 6287

 6254 6287 6288

 6253 6252 6286

 6253 6286 6287

 6252 6251 6285

 6252 6285 6286

 6251 6250 6284

 6251 6284 6285

 6250 6249 6283

 6250 6283 6284

 6249 6248 6282

 6249 6282 6283

 6247 6246 6280

 6247 6280 6281

 6246 6245 6279

 6246 6279 6280

 6245 6244 6278

 6245 6278 6279

 6241 6240 6276

 6241 6276 6277

 6240 6239 6275

 6240 6275 6276

 6239 6238 6274

 6239 6274 6275

 6238 6237 6273

 6238 6273 6274

 6237 6236 6272

 6237 6272 6273

 6236 6235 6271

 6236 6271 6272

 6235 6234 6270

 6235 6270 6271

 6234 6233 6269

 6234 6269 6270

 6233 6232 6268

 6233 6268 6269

 6229 6228 6266

 6229 6266 6267

 6228 6227 6265

 6228 6265 6266

 6227 6226 6264

 6227 6264 6265

 6226 6225 6263

 6226 6263 6264

 6225 6224 6262

 6225 6262 6263

 6224 6223 6261

 6224 6261 6262

 6221 6220 6259

 6221 6259 6260

 6220 6219 6258

 6220 6258 6259

 6219 6218 6257

 6219 6257 6258

 6218 6217 6256

 6218 6256 6257

 6214 6213 6254

 6214 6254 6255

 6213 6212 6253

 6213 6253 6254

 6212 6211 6252

 6212 6252 6253

 6211 6210 6251

 6211 6251 6252

 6210 6209 6250

 6210 6250 6251

 6209 6208 6249

 6209 6249 6250

 6208 6207 6248

 6208 6248 6249

 6207 6206 6247

 6207 6247 6248

 6206 6205 6246

 6206 6246 6247

 6205 6204 6245

 6205 6245 6246

 6204 6203 6244

 6204 6244 6245

 6203 6202 6243

 6203 6243 6244

 6201 6200 6241

 6201 6241 6242

 6200 6199 6240

 6200 6240 6241

 6199 6198 6239

 6199 6239 6240

 6198 6197 6238

 6198 6238 6239

 6197 6196 6237

 6197 6237 6238

 6196 6195 6236

 6196 6236 6237

 6195 6194 6235

 6195 6235 6236

 6194 6193 6234

 6194 6234 6235

 6193 6192 6233

 6193 6233 6234

 6192 6191 6232

 6192 6232 6233

 6191 6190 6231

 6191 6231 6232

 6190 6189 6230

 6190 6230 6231

 6187 6186 6228

 6187 6228 6229

 6186 6185 6227

 6186 6227 6228

 6185 6184 6226

 6185 6226 6227

 6184 6183 6225

 6184 6225 6226

 6183 6182 6224

 6183 6224 6225

 6182 6181 6223

 6182 6223 6224

 6180 6179 6221

 6180 6221 6222

 6179 6178 6220

 6179 6220 6221

 6178 6177 6219

 6178 6219 6220

 6177 6176 6218

 6177 6218 6219

 6176 6175 6217

 6176 6217 6218

 6175 6174 6216

 6175 6216 6217

 6174 6173 6215

 6174 6215 6216

 6171 6170 6213

 6171 6213 6214

 6170 6169 6212

 6170 6212 6213

 6169 6168 6211

 6169 6211 6212

 6167 6166 6209

 6167 6209 6210

 6166 6165 6208

 6166 6208 6209

 6165 6164 6207

 6165 6207 6208

 6164 6163 6206

 6164 6206 6207

 6162 6161 6204

 6162 6204 6205

 6161 6160 6203

 6161 6203 6204

 6160 6159 6202

 6160 6202 6203

 6157 6156 6200

 6157 6200 6201

 6156 6155 6199

 6156 6199 6200

 6155 6154 6198

 6155 6198 6199

 6154 6153 6197

 6154 6197 6198

 6153 6152 6196

 6153 6196 6197

 6152 6151 6195

 6152 6195 6196

 6151 6150 6194

 6151 6194 6195

 6150 6149 6193

 6150 6193 6194

 6149 6148 6192

 6149 6192 6193

 6148 6147 6191

 6148 6191 6192

 6147 6146 6190

 6147 6190 6191

 6146 6145 6189

 6146 6189 6190

 6145 6144 6188

 6145 6188 6189

 6141 6140 6185

 6141 6185 6186

 6140 6139 6184

 6140 6184 6185

 6139 6138 6183

 6139 6183 6184

 6138 6137 6182

 6138 6182 6183

 6136 6135 6179

 6136 6179 6180

 6135 6134 6178

 6135 6178 6179

 6134 6133 6177

 6134 6177 6178

 6133 6132 6176

 6133 6176 6177

 6132 6131 6175

 6132 6175 6176

 6131 6130 6174

 6131 6174 6175

 6130 6129 6173

 6130 6173 6174

 6129 6128 6172

 6129 6172 6173

 6126 6125 6170

 6126 6170 6171

 6125 6124 6169

 6125 6169 6170

 6124 6123 6168

 6124 6168 6169

 6122 6121 6166

 6122 6166 6167

 6121 6120 6165

 6121 6165 6166

 6120 6119 6164

 6120 6164 6165

 6119 6118 6163

 6119 6163 6164

 6117 6116 6161

 6117 6161 6162

 6116 6115 6160

 6116 6160 6161

 6115 6114 6159

 6115 6159 6160

 6114 6113 6158

 6114 6158 6159

 6112 6111 6156

 6112 6156 6157

 6111 6110 6155

 6111 6155 6156

 6110 6109 6154

 6110 6154 6155

 6109 6108 6153

 6109 6153 6154

 6108 6107 6152

 6108 6152 6153

 6107 6106 6151

 6107 6151 6152

 6106 6105 6150

 6106 6150 6151

 6105 6104 6149

 6105 6149 6150

 6104 6103 6148

 6104 6148 6149

 6103 6102 6147

 6103 6147 6148

 6102 6101 6146

 6102 6146 6147

 6101 6100 6145

 6101 6145 6146

 6100 6099 6144

 6100 6144 6145

 6099 6098 6143

 6099 6143 6144

 6098 6097 6142

 6098 6142 6143

 6095 6094 6135

 6095 6135 6136

 6094 6093 6134

 6094 6134 6135

 6093 6092 6133

 6093 6133 6134

 6091 6090 6131

 6091 6131 6132

 6090 6089 6130

 6090 6130 6131

 6089 6088 6129

 6089 6129 6130

 6088 6087 6128

 6088 6128 6129

 6086 6085 6126

 6086 6126 6127

 6085 6084 6125

 6085 6125 6126

 6084 6083 6124

 6084 6124 6125

 6083 6082 6123

 6083 6123 6124

 6081 6080 6121

 6081 6121 6122

 6080 6079 6120

 6080 6120 6121

 6079 6078 6119

 6079 6119 6120

 6078 6077 6118

 6078 6118 6119

 6077 6076 6117

 6077 6117 6118

 6076 6075 6116

 6076 6116 6117

 6075 6074 6115

 6075 6115 6116

 6074 6073 6114

 6074 6114 6115

 6073 6072 6113

 6073 6113 6114

 6071 6070 6111

 6071 6111 6112

 6070 6069 6110

 6070 6110 6111

 6069 6068 6109

 6069 6109 6110

 6068 6067 6108

 6068 6108 6109

 6067 6066 6107

 6067 6107 6108

 6066 6065 6106

 6066 6106 6107

 6065 6064 6105

 6065 6105 6106

 6064 6063 6104

 6064 6104 6105

 6063 6062 6103

 6063 6103 6104

 6062 6061 6102

 6062 6102 6103

 6061 6060 6101

 6061 6101 6102

 6060 6059 6100

 6060 6100 6101

 6059 6058 6099

 6059 6099 6100

 6058 6057 6098

 6058 6098 6099

 6057 6056 6097

 6057 6097 6098

 6056 6055 6096

 6056 6096 6097

 6054 6053 6094

 6054 6094 6095

 6053 6052 6093

 6053 6093 6094

 6052 6051 6092

 6052 6092 6093

 6050 6049 6089

 6050 6089 6090

 6049 6048 6088

 6049 6088 6089

 6048 6047 6087

 6048 6087 6088

 6047 6046 6086

 6047 6086 6087

 6046 6045 6085

 6046 6085 6086

 6045 6044 6084

 6045 6084 6085

 6044 6043 6083

 6044 6083 6084

 6043 6042 6082

 6043 6082 6083

 6041 6040 6080

 6041 6080 6081

 6040 6039 6079

 6040 6079 6080

 6039 6038 6078

 6039 6078 6079

 6038 6037 6077

 6038 6077 6078

 6037 6036 6076

 6037 6076 6077

 6036 6035 6075

 6036 6075 6076

 6035 6034 6074

 6035 6074 6075

 6034 6033 6073

 6034 6073 6074

 6033 6032 6072

 6033 6072 6073

 6031 6030 6069

 6031 6069 6070

 6030 6029 6068

 6030 6068 6069

 6029 6028 6067

 6029 6067 6068

 6028 6027 6066

 6028 6066 6067

 6027 6026 6065

 6027 6065 6066

 6026 6025 6064

 6026 6064 6065

 6025 6024 6063

 6025 6063 6064

 6024 6023 6062

 6024 6062 6063

 6023 6022 6061

 6023 6061 6062

 6022 6021 6060

 6022 6060 6061

 6021 6020 6059

 6021 6059 6060

 6020 6019 6058

 6020 6058 6059

 6019 6018 6057

 6019 6057 6058

 6018 6017 6056

 6018 6056 6057

 6017 6016 6055

 6017 6055 6056

 6015 6014 6053

 6015 6053 6054

 6014 6013 6052

 6014 6052 6053

 6013 6012 6051

 6013 6051 6052

 6011 6010 6049

 6011 6049 6050

 6010 6009 6048

 6010 6048 6049

 6009 6008 6047

 6009 6047 6048

 6008 6007 6046

 6008 6046 6047

 6007 6006 6045

 6007 6045 6046

 6006 6005 6044

 6006 6044 6045

 6005 6004 6043

 6005 6043 6044

 6003 6002 6038

 6003 6038 6039

 6002 6001 6037

 6002 6037 6038

 6001 6000 6036

 6001 6036 6037

 6000 5999 6035

 6000 6035 6036

 5999 5998 6034

 5999 6034 6035

 5998 5997 6033

 5998 6033 6034

 5997 5996 6032

 5997 6032 6033

 5994 5993 6027

 5994 6027 6028

 5993 5992 6026

 5993 6026 6027

 5992 5991 6025

 5992 6025 6026

 5991 5990 6024

 5991 6024 6025

 5990 5989 6023

 5990 6023 6024

 5989 5988 6022

 5989 6022 6023

 5988 5987 6021

 5988 6021 6022

 5987 5986 6020

 5987 6020 6021

 5986 5985 6019

 5986 6019 6020

 5985 5984 6018

 5985 6018 6019

 5984 5983 6017

 5984 6017 6018

 5975 5974 6014

 5975 6014 6015

 5974 5973 6013

 5974 6013 6014

 5973 5972 6012

 5973 6012 6013

 5971 5970 6010

 5971 6010 6011

 5970 5969 6009

 5970 6009 6010

 5969 5968 6008

 5969 6008 6009

 5968 5967 6007

 5968 6007 6008

 5967 5966 6006

 5967 6006 6007

 5963 5962 5994

 5963 5994 5995

 5962 5961 5993

 5962 5993 5994

 5961 5960 5992

 5961 5992 5993

 5960 5959 5991

 5960 5991 5992

 5959 5958 5990

 5959 5990 5991

 5958 5957 5989

 5958 5989 5990

 5957 5956 5988

 5957 5988 5989

 5956 5955 5987

 5956 5987 5988

 5955 5954 5986

 5955 5986 5987

 5954 5953 5985

 5954 5985 5986

 5953 5952 5984

 5953 5984 5985

 5952 5951 5983

 5952 5983 5984

 5950 5949 5981

 5950 5981 5982

 5949 5948 5980

 5949 5980 5981

 5948 5947 5979

 5948 5979 5980

 5947 5946 5978

 5947 5978 5979

 5946 5945 5977

 5946 5977 5978

 5938 5937 5975

 5938 5975 5976

 5937 5936 5974

 5937 5974 5975

 5936 5935 5973

 5936 5973 5974

 5935 5934 5972

 5935 5972 5973

 5933 5932 5964

 5933 5964 5965

 5932 5931 5963

 5932 5963 5964

 5931 5930 5962

 5931 5962 5963

 5930 5929 5961

 5930 5961 5962

 5929 5928 5960

 5929 5960 5961

 5928 5927 5959

 5928 5959 5960

 5926 5925 5957

 5926 5957 5958

 5925 5924 5956

 5925 5956 5957

 5924 5923 5955

 5924 5955 5956

 5923 5922 5954

 5923 5954 5955

 5922 5921 5953

 5922 5953 5954

 5921 5920 5952

 5921 5952 5953

 5920 5919 5951

 5920 5951 5952

 5918 5917 5949

 5918 5949 5950

 5917 5916 5948

 5917 5948 5949

 5916 5915 5947

 5916 5947 5948

 5915 5914 5946

 5915 5946 5947

 5914 5913 5945

 5914 5945 5946

 5913 5912 5944

 5913 5944 5945

 5912 5911 5943

 5912 5943 5944

 5911 5910 5942

 5911 5942 5943

 5910 5909 5941

 5910 5941 5942

 5909 5908 5940

 5909 5940 5941

 5908 5907 5939

 5908 5939 5940

 5907 5906 5938

 5907 5938 5939

 5906 5905 5937

 5906 5937 5938

 5905 5904 5936

 5905 5936 5937

 5904 5903 5935

 5904 5935 5936

 5903 5902 5934

 5903 5934 5935

 5901 5900 5932

 5901 5932 5933

 5900 5899 5931

 5900 5931 5932

 5899 5898 5930

 5899 5930 5931

 5898 5897 5929

 5898 5929 5930

 5897 5896 5928

 5897 5928 5929

 5895 5894 5924

 5895 5924 5925

 5894 5893 5923

 5894 5923 5924

 5893 5892 5922

 5893 5922 5923

 5892 5891 5921

 5892 5921 5922

 5891 5890 5920

 5891 5920 5921

 5890 5889 5919

 5890 5919 5920

 5888 5887 5916

 5888 5916 5917

 5887 5886 5915

 5887 5915 5916

 5886 5885 5914

 5886 5914 5915

 5885 5884 5913

 5885 5913 5914

 5884 5883 5912

 5884 5912 5913

 5883 5882 5911

 5883 5911 5912

 5882 5881 5910

 5882 5910 5911

 5881 5880 5909

 5881 5909 5910

 5880 5879 5908

 5880 5908 5909

 5879 5878 5907

 5879 5907 5908

 5878 5877 5906

 5878 5906 5907

 5877 5876 5905

 5877 5905 5906

 5876 5875 5904

 5876 5904 5905

 5875 5874 5903

 5875 5903 5904

 5873 5872 5900

 5873 5900 5901

 5872 5871 5899

 5872 5899 5900

 5871 5870 5898

 5871 5898 5899

 5870 5869 5897

 5870 5897 5898

 5868 5867 5894

 5868 5894 5895

 5867 5866 5893

 5867 5893 5894

 5866 5865 5892

 5866 5892 5893

 5865 5864 5891

 5865 5891 5892

 5864 5863 5890

 5864 5890 5891

 5863 5862 5889

 5863 5889 5890

 5861 5860 5884

 5861 5884 5885

 5860 5859 5883

 5860 5883 5884

 5859 5858 5882

 5859 5882 5883

 5858 5857 5881

 5858 5881 5882

 5857 5856 5880

 5857 5880 5881

 5856 5855 5879

 5856 5879 5880

 5855 5854 5878

 5855 5878 5879

 5854 5853 5877

 5854 5877 5878

 5853 5852 5876

 5853 5876 5877

 5852 5851 5875

 5852 5875 5876

 5850 5849 5872

 5850 5872 5873

 5849 5848 5871

 5849 5871 5872

 5848 5847 5870

 5848 5870 5871

 5847 5846 5869

 5847 5869 5870

 5845 5844 5867

 5845 5867 5868

 5844 5843 5866

 5844 5866 5867

 5843 5842 5865

 5843 5865 5866

 5842 5841 5864

 5842 5864 5865

 5841 5840 5863

 5841 5863 5864

 5839 5838 5844

 5839 5844 5845

 5838 5837 5843

 5838 5843 5844

 5837 5836 5842

 5837 5842 5843

 5836 5835 5841

 5836 5841 5842

 5834 5833 5837

 5834 5837 5838

 5833 5832 5836

 5833 5836 5837

 5832 5831 5835

 5832 5835 5836

 6230 6189 6741

 6230 6741 6756

 6513 6512 6914

 6513 6914 6915

 6187 6229 6755

 6187 6755 6739

 5964 5963 6641

 5964 6641 6642

 5965 5964 6642

 5965 6642 6643

 5966 5967 6645

 5966 6645 6644

 6372 6380 6842

 6372 6842 6838

 6427 6431 6874

 6427 6874 6870

 6517 6518 6918

 6517 6918 6917

 5967 5968 6646

 5967 6646 6645

 5863 5840 6583

 5863 6583 6603

 5968 5969 6647

 5968 6647 6646

 5839 5845 6585

 5839 6585 6582

 5969 5970 6648

 5969 6648 6647

 6223 6181 6736

 6223 6736 6754

 6377 6369 6835

 6377 6835 6841

 6428 6424 6869

 6428 6869 6871

 5970 5971 6649

 5970 6649 6648

 6180 6222 6753

 6180 6753 6735

 6368 6376 6840

 6368 6840 6834

 6205 6206 6745

 6205 6745 6744

 5841 5835 6580

 5841 6580 6584

 6552 6558 6943

 6552 6943 6940

 5834 5838 6581

 5834 6581 6579

 6373 6365 6833

 6373 6833 6839

 5976 5975 6651

 5976 6651 6652

 6096 6055 6691

 6096 6691 6703

 5978 5977 6653

 5978 6653 6654

 6054 6095 6702

 6054 6702 6690

 5979 5978 6654

 5979 6654 6655

 5835 5831 6576

 5835 6576 6580

 6429 6428 6871

 6429 6871 6872

 6554 6553 6941

 6554 6941 6942

 6210 6211 6747

 6210 6747 6746

 5980 5979 6655

 5980 6655 6656

 6215 6173 6734

 6215 6734 6749

 6430 6429 6872

 6430 6872 6873

 6553 6547 6938

 6553 6938 6941

 5981 5980 6656

 5981 6656 6657

 6092 6051 6689

 6092 6689 6701

 6171 6214 6748

 6171 6748 6732

 6431 6430 6873

 6431 6873 6874

 5982 5981 6657

 5982 6657 6658

 6050 6090 6699

 6050 6699 6688

 6506 6517 6917

 6506 6917 6911

 6216 6215 6749

 6216 6749 6750

 6211 6168 6731

 6211 6731 6747

 6217 6216 6750

 6217 6750 6751

 6167 6210 6746

 6167 6746 6730

 6514 6503 6910

 6514 6910 6916

 6501 6513 6915

 6501 6915 6908

 6206 6163 6729

 6206 6729 6745

 6222 6221 6752

 6222 6752 6753

 6082 6042 6686

 6082 6686 6696

 6162 6205 6744

 6162 6744 6728

 6041 6081 6695

 6041 6695 6685

 6507 6495 6906

 6507 6906 6912

 6202 6159 6727

 6202 6727 6743

 6364 6368 6834

 6364 6834 6832

 5995 5994 6660

 5995 6660 6661

 6458 6459 6892

 6458 6892 6891

 6157 6201 6742

 6157 6742 6725

 6520 6519 6919

 6520 6919 6920

 5996 5997 6663

 5996 6663 6662

 5997 5998 6664

 5997 6664 6663

 6365 6361 6831

 6365 6831 6833

 6231 6230 6756

 6231 6756 6757

 5998 5999 6665

 5998 6665 6664

 6422 6427 6870

 6422 6870 6867

 6232 6231 6757

 6232 6757 6758

 6523 6522 6921

 6523 6921 6922

 5999 6000 6666

 5999 6666 6665

 6449 6457 6890

 6449 6890 6885

 6000 6001 6667

 6000 6667 6666

 6001 6002 6668

 6001 6668 6667

 6072 6032 6682

 6072 6682 6694

 6002 6003 6669

 6002 6669 6668

 6466 6465 6893

 6466 6893 6894

 6031 6070 6692

 6031 6692 6681

 6423 6418 6866

 6423 6866 6868

 6004 6005 6671

 6004 6671 6670

 6453 6445 6884

 6453 6884 6889

 6005 6006 6672

 6005 6672 6671

 6188 6144 6724

 6188 6724 6740

 6242 6241 6759

 6242 6759 6760

 6141 6186 6738

 6141 6738 6721

 6244 6243 6761

 6244 6761 6762

 6356 6364 6832

 6356 6832 6826

 6016 6017 6677

 6016 6677 6676

 6182 6137 6717

 6182 6717 6737

 6361 6353 6825

 6361 6825 6831

 6248 6247 6763

 6248 6763 6764

 6136 6180 6735

 6136 6735 6716

 6350 6360 6830

 6350 6830 6822

 6055 6016 6676

 6055 6676 6691

 6494 6506 6911

 6494 6911 6905

 6357 6347 6821

 6357 6821 6827

 6381 6382 6844

 6381 6844 6843

 6015 6054 6690

 6015 6690 6675

 6432 6433 6876

 6432 6876 6875

 6503 6491 6904

 6503 6904 6910

 6546 6551 6939

 6546 6939 6937

 6433 6434 6877

 6433 6877 6876

 6051 6012 6674

 6051 6674 6689

 6490 6502 6909

 6490 6909 6903

 6386 6387 6847

 6386 6847 6846

 6257 6256 6766

 6257 6766 6767

 6011 6050 6688

 6011 6688 6673

 6172 6128 6713

 6172 6713 6733

 6560 6559 6944

 6560 6944 6945

 6258 6257 6767

 6258 6767 6768

 6126 6171 6732

 6126 6732 6711

 6259 6258 6768

 6259 6768 6769

 6547 6542 6935

 6547 6935 6938

 6260 6259 6769

 6260 6769 6770

 6028 6029 6679

 6028 6679 6678

 6413 6422 6867

 6413 6867 6861

 6571 6575 6954

 6571 6954 6950

 6029 6030 6680

 6029 6680 6679

 6030 6031 6681

 6030 6681 6680

 6496 6484 6900

 6496 6900 6907

 6346 6356 6826

 6346 6826 6820

 6572 6568 6949

 6572 6949 6951

 6043 6004 6670

 6043 6670 6687

 6418 6409 6859

 6418 6859 6866

 6003 6039 6683

 6003 6683 6669

 6353 6343 6819

 6353 6819 6825

 6530 6529 6925

 6530 6925 6926

 6341 6352 6824

 6341 6824 6817

 6531 6530 6926

 6531 6926 6927

 6269 6268 6773

 6269 6773 6774

 6533 6532 6928

 6533 6928 6929

 6444 6449 6885

 6444 6885 6883

 6271 6270 6775

 6271 6775 6776

 6039 6040 6684

 6039 6684 6683

 6040 6041 6685

 6040 6685 6684

 6347 6336 6816

 6347 6816 6821

 6042 6043 6687

 6042 6687 6686

 6445 6440 6882

 6445 6882 6884

 6032 5996 6662

 6032 6662 6682

 5994 6028 6678

 5994 6678 6660

 6281 6282 6780

 6281 6780 6779

 6283 6282 6780

 6283 6780 6781

 6331 6346 6820

 6331 6820 6811

 6284 6283 6781

 6284 6781 6782

 6343 6328 6810

 6343 6810 6819

 6017 5983 6659

 6017 6659 6677

 6327 6342 6818

 6327 6818 6809

 5975 6015 6675

 5975 6675 6651

 6408 6417 6865

 6408 6865 6858

 6395 6394 6850

 6395 6850 6851

 6012 5972 6650

 6012 6650 6674

 6483 6494 6905

 6483 6905 6899

 5971 6011 6673

 5971 6673 6649

 6414 6405 6857

 6414 6857 6862

 6336 6321 6806

 6336 6806 6816

 6404 6412 6860

 6404 6860 6856

 5831 5832 6577

 5831 6577 6576

 6435 6436 6879

 6435 6879 6878

 6320 6335 6815

 6320 6815 6805

 6400 6399 6853

 6400 6853 6854

 6291 6290 6784

 6291 6784 6785

 5832 5833 6578

 5832 6578 6577

 6292 6291 6785

 6292 6785 6786

 5833 5834 6579

 5833 6579 6578

 6409 6401 6855

 6409 6855 6859

 6293 6292 6786

 6293 6786 6787

 6438 6439 6881

 6438 6881 6880

 6006 5966 6644

 6006 6644 6672

 6332 6317 6804

 6332 6804 6812

 6541 6545 6936

 6541 6936 6934

 6567 6571 6950

 6567 6950 6948

 5963 5995 6661

 5963 6661 6641

 6486 6475 6897

 6486 6897 6902

 5838 5839 6582

 5838 6582 6581

 6542 6538 6932

 6542 6932 6935

 6298 6297 6789

 6298 6789 6790

 6568 6564 6947

 6568 6947 6949

 6070 6071 6693

 6070 6693 6692

 5840 5841 6584

 5840 6584 6583

 6300 6299 6791

 6300 6791 6792

 6538 6537 6931

 6538 6931 6932

 6310 6331 6811

 6310 6811 6797

 6540 6541 6934

 6540 6934 6933

 6475 6476 6898

 6475 6898 6897

 5846 5847 6587

 5846 6587 6586

 6305 6304 6793

 6305 6793 6794

 6439 6444 6883

 6439 6883 6881

 5847 5848 6588

 5847 6588 6587

 6307 6306 6795

 6307 6795 6796

 5848 5849 6589

 5848 6589 6588

 6328 6307 6796

 6328 6796 6810

 5849 5850 6590

 5849 6590 6589

 6304 6327 6809

 6304 6809 6793

 5851 5852 6592

 5851 6592 6591

 5983 5951 6638

 5983 6638 6659

 6440 6435 6878

 6440 6878 6882

 5852 5853 6593

 5852 6593 6592

 5950 5982 6658

 5950 6658 6637

 6312 6311 6798

 6312 6798 6799

 5853 5854 6594

 5853 6594 6593

 6313 6312 6799

 6313 6799 6800

 5854 5855 6595

 5854 6595 6594

 6323 6300 6792

 6323 6792 6808

 6314 6313 6800

 6314 6800 6801

 5855 5856 6596

 5855 6596 6595

 6296 6320 6805

 6296 6805 6788

 6315 6314 6801

 6315 6801 6802

 6087 6086 6697

 6087 6697 6698

 5856 5857 6597

 5856 6597 6596

 6316 6315 6802

 6316 6802 6803

 5857 5858 6598

 5857 6598 6597

 5977 5945 6636

 5977 6636 6653

 5858 5859 6599

 5858 6599 6598

 5938 5976 6652

 5938 6652 6629

 6317 6293 6787

 6317 6787 6804

 5859 5860 6600

 5859 6600 6599

 6399 6408 6858

 6399 6858 6853

 6090 6091 6700

 6090 6700 6699

 5860 5861 6601

 5860 6601 6600

 5862 5863 6603

 5862 6603 6602

 5972 5934 6628

 5972 6628 6650

 6405 6396 6852

 6405 6852 6857

 5933 5965 6643

 5933 6643 6627

 6394 6404 6856

 6394 6856 6850

 6097 6096 6703

 6097 6703 6704

 6289 6316 6803

 6289 6803 6783

 6401 6391 6849

 6401 6849 6855

 6321 6322 6807

 6321 6807 6806

 6322 6323 6808

 6322 6808 6807

 6474 6483 6899

 6474 6899 6896

 5959 5927 6625

 5959 6625 6640

 5926 5958 6639

 5926 6639 6624

 6311 6284 6782

 6311 6782 6798

 5874 5875 6608

 5874 6608 6607

 6282 6310 6797

 6282 6797 6780

 6536 6540 6933

 6536 6933 6930

 6537 6533 6929

 6537 6929 6931

 6476 6467 6895

 6476 6895 6898

 6306 6278 6778

 6306 6778 6795

 6277 6305 6794

 6277 6794 6777

 5951 5919 6622

 5951 6622 6638

 6563 6567 6948

 6563 6948 6946

 5918 5950 6637

 5918 6637 6621

 6564 6560 6945

 6564 6945 6947

 6484 6485 6901

 6484 6901 6900

 6485 6486 6902

 6485 6902 6901

 5885 5886 6610

 5885 6610 6609

 6299 6271 6776

 6299 6776 6791

 6333 6332 6812

 6333 6812 6813

 5886 5887 6611

 5886 6611 6610

 6270 6298 6790

 6270 6790 6775

 6334 6333 6813

 6334 6813 6814

 6545 6546 6937

 6545 6937 6936

 6118 6117 6707

 6118 6707 6708

 5887 5888 6612

 5887 6612 6611

 6297 6269 6774

 6297 6774 6789

 6335 6334 6814

 6335 6814 6815

 6434 6438 6880

 6434 6880 6877

 6267 6296 6788

 6267 6788 6772

 6491 6490 6903

 6491 6903 6904

 6436 6432 6875

 6436 6875 6879

 6412 6413 6861

 6412 6861 6860

 6415 6414 6862

 6415 6862 6863

 6416 6415 6863

 6416 6863 6864

 6417 6416 6864

 6417 6864 6865

 6390 6400 6854

 6390 6854 6848

 6342 6341 6817

 6342 6817 6818

 5896 5897 6616

 5896 6616 6615

 6290 6261 6771

 6290 6771 6784

 6127 6126 6711

 6127 6711 6712

 6255 6289 6783

 6255 6783 6765

 5934 5902 6618

 5934 6618 6628

 6396 6386 6846

 6396 6846 6852

 5901 5933 6627

 5901 6627 6617

 6385 6395 6851

 6385 6851 6845

 5902 5903 6619

 5902 6619 6618

 6168 6123 6710

 6168 6710 6731

 6132 6133 6715

 6132 6715 6714

 6122 6167 6730

 6122 6730 6709

 6282 6248 6764

 6282 6764 6780

 6391 6381 6843

 6391 6843 6849

 5928 5896 6615

 5928 6615 6626

 6247 6281 6779

 6247 6779 6763

 6137 6138 6718

 6137 6718 6717

 5895 5925 6623

 5895 6623 6614

 6163 6118 6708

 6163 6708 6729

 6138 6139 6719

 6138 6719 6718

 6117 6162 6728

 6117 6728 6707

 6139 6140 6720

 6139 6720 6719

 6278 6244 6762

 6278 6762 6778

 6528 6536 6930

 6528 6930 6924

 6140 6141 6721

 6140 6721 6720

 6241 6277 6777

 6241 6777 6759

 6143 6142 6722

 6143 6722 6723

 6573 6572 6951

 6573 6951 6952

 6144 6143 6723

 6144 6723 6724

 6574 6573 6952

 6574 6952 6953

 6465 6474 6896

 6465 6896 6893

 6158 6113 6706

 6158 6706 6726

 6575 6574 6953

 6575 6953 6954

 5919 5889 6613

 5919 6613 6622

 6112 6157 6725

 6112 6725 6705

 6532 6524 6923

 6532 6923 6928

 6351 6350 6822

 6351 6822 6823

 5888 5917 6620

 5888 6620 6612

 6522 6531 6927

 6522 6927 6921

 6352 6351 6823

 6352 6823 6824

 6529 6520 6920

 6529 6920 6925

 5917 5918 6621

 5917 6621 6620

 6467 6458 6891

 6467 6891 6895

 6268 6232 6758

 6268 6758 6773

 6229 6267 6772

 6229 6772 6755

 6495 6496 6907

 6495 6907 6906

 5925 5926 6624

 5925 6624 6623

 6558 6563 6946

 6558 6946 6943

 5927 5928 6626

 5927 6626 6625

 6159 6158 6726

 6159 6726 6727

 6261 6223 6754

 6261 6754 6771

 6502 6501 6908

 6502 6908 6909

 6221 6260 6770

 6221 6770 6752

 5903 5874 6607

 5903 6607 6619

 6142 6097 6704

 6142 6704 6722

 6559 6554 6942

 6559 6942 6944

 6358 6357 6827

 6358 6827 6828

 5873 5901 6617

 5873 6617 6606

 6095 6136 6716

 6095 6716 6702

 6359 6358 6828

 6359 6828 6829

 6360 6359 6829

 6360 6829 6830

 6256 6217 6751

 6256 6751 6766

 6380 6390 6848

 6380 6848 6842

 6551 6552 6940

 6551 6940 6939

 6133 6092 6701

 6133 6701 6715

 6214 6255 6765

 6214 6765 6748

 5897 5869 6605

 5897 6605 6616

 6091 6132 6714

 6091 6714 6700

 5868 5895 6614

 5868 6614 6604

 6387 6377 6841

 6387 6841 6847

 5939 5938 6629

 5939 6629 6630

 6376 6385 6845

 6376 6845 6840

 5940 5939 6630

 5940 6630 6631

 6173 6172 6733

 6173 6733 6734

 5941 5940 6631

 5941 6631 6632

 6128 6087 6698

 6128 6698 6713

 5942 5941 6632

 5942 6632 6633

 6086 6127 6712

 6086 6712 6697

 6382 6373 6839

 6382 6839 6844

 5943 5942 6633

 5943 6633 6634

 5944 5943 6634

 5944 6634 6635

 5889 5862 6602

 5889 6602 6613

 5945 5944 6635

 5945 6635 6636

 5861 5885 6609

 5861 6609 6601

 6123 6082 6696

 6123 6696 6710

 6518 6528 6924

 6518 6924 6918

 6081 6122 6709

 6081 6709 6695

 6243 6202 6743

 6243 6743 6761

 6181 6182 6737

 6181 6737 6736

 6201 6242 6760

 6201 6760 6742

 6424 6423 6868

 6424 6868 6869

 6450 6451 6887

 6450 6887 6886

 6524 6514 6916

 6524 6916 6923

 6451 6452 6888

 6451 6888 6887

 6511 6523 6922

 6511 6922 6913

 6452 6453 6889

 6452 6889 6888

 6186 6187 6739

 6186 6739 6738

 6457 6466 6894

 6457 6894 6890

 6189 6188 6740

 6189 6740 6741

 5875 5851 6591

 5875 6591 6608

 6519 6507 6912

 6519 6912 6919

 6369 6370 6836

 6369 6836 6835

 5850 5873 6606

 5850 6606 6590

 6113 6072 6694

 6113 6694 6706

 6370 6371 6837

 6370 6837 6836

 6071 6112 6705

 6071 6705 6693

 6371 6372 6838

 6371 6838 6837

 5958 5959 6640

 5958 6640 6639

 5869 5846 6586

 5869 6586 6605

 6512 6511 6913

 6512 6913 6914

 5845 5868 6604

 5845 6604 6585

 6459 6450 6886

 6459 6886 6892

 6974 7168 7169

 6974 7169 6964

 6332 7178 7168

 6332 7168 6974

 6970 7175 7176

 6970 7176 6971

 6956 7160 7159

 6956 7159 6955

 6963 7167 7166

 6963 7166 6962

 6973 7158 7179

 6973 7179 6333

 6969 7174 7175

 6969 7175 6970

 6955 7159 7158

 6955 7158 6973

 6962 7166 7165

 6962 7165 6961

 6972 7177 7156

 6972 7156 1589

 3686 75 1589

 3686 1589 4846

 4042 1236 3795

 3795 1235 4043

 4043 1241 3798

 3798 1242 4042

 4042 3795 4043

 4043 3798 4042

 6968 7173 7174

 6968 7174 6969

 6975 6976 6978

 6975 6978 6977

 6983 6986 6982

 6983 6982 6981

 6981 6982 6980

 6981 6980 6979

 6987 6990 6976

 6987 6976 6975

 6985 6978 6976

 6985 6976 6990

 6982 6986 6989

 6982 6989 6980

 6986 6985 6990

 6986 6990 6989

 6979 6980 6989

 6979 6989 6988

 6990 6987 6991

 6990 6991 6994

 6977 6978 6985

 6977 6985 6984

 6984 6985 6986

 6984 6986 6983

 6992 6993 6994

 6992 6994 6991

 6989 6990 6994

 6989 6994 6993

 6988 6989 6993

 6988 6993 6992

 6984 14 1536

 6983 14 6984

 1536 15 6984

 6977 15 3750

 3750 8 6975

 6987 6975 4787

 6991 4787 3756

 6988 6992 4786

 6975 3755 4787

 6981 6979 7

 6981 13 1535

 6983 1535 14

 6979 6988 4786

 3194 574 6995

 6998 5311 3194

 6995 3225 6996

 6997 573 3195

 3226 6997 6996

 6998 6997 3195

 6996 5282 3226

 3226 573 6997

 7020 7000 7002

 7020 7002 7021

 7021 7002 7004

 7021 7004 7027

 7027 7004 7006

 7027 7006 7033

 7033 7006 7008

 7033 7008 7039

 7039 7008 7010

 7039 7010 7045

 7045 7010 7012

 7045 7012 7051

 7008 7006 7066

 7008 7066 7067

 7051 7012 7014

 7051 7014 7057

 7057 7014 7000

 7057 7000 7020

 7013 6999 7001

 7001 7003 7005

 7005 7007 7009

 7009 7011 7013

 7013 7001 7005

 7005 7009 7013

 7013 7062 7015

 7013 7015 6999

 7062 7061 7016

 7062 7016 7015

 7061 7060 7017

 7061 7017 7016

 7060 7059 7018

 7060 7018 7017

 7059 7058 7019

 7059 7019 7018

 7058 7057 7020

 7058 7020 7019

 7011 7056 7062

 7011 7062 7013

 7056 7055 7061

 7056 7061 7062

 7055 7054 7060

 7055 7060 7061

 7054 7053 7059

 7054 7059 7060

 7053 7052 7058

 7053 7058 7059

 7052 7051 7057

 7052 7057 7058

 7009 7050 7056

 7009 7056 7011

 7050 7049 7055

 7050 7055 7056

 7049 7048 7054

 7049 7054 7055

 7048 7047 7053

 7048 7053 7054

 7047 7046 7052

 7047 7052 7053

 7046 7045 7051

 7046 7051 7052

 7044 7043 7049

 7044 7049 7050

 7043 7042 7048

 7043 7048 7049

 7042 7041 7047

 7042 7047 7048

 7041 7040 7046

 7041 7046 7047

 7040 7039 7045

 7040 7045 7046

 7005 7038 7044

 7005 7044 7007

 7038 7037 7043

 7038 7043 7044

 7037 7036 7042

 7037 7042 7043

 7036 7035 7041

 7036 7041 7042

 7035 7034 7040

 7035 7040 7041

 7034 7033 7039

 7034 7039 7040

 7003 7032 7038

 7003 7038 7005

 7032 7031 7037

 7032 7037 7038

 7031 7030 7036

 7031 7036 7037

 7030 7029 7035

 7030 7035 7036

 7029 7028 7034

 7029 7034 7035

 7028 7027 7033

 7028 7033 7034

 7001 7026 7032

 7001 7032 7003

 7026 7025 7031

 7026 7031 7032

 7025 7024 7030

 7025 7030 7031

 7024 7023 7029

 7024 7029 7030

 7023 7022 7028

 7023 7028 7029

 7022 7021 7027

 7022 7027 7028

 6999 7015 7026

 6999 7026 7001

 7015 7016 7025

 7015 7025 7026

 7016 7017 7024

 7016 7024 7025

 7017 7018 7023

 7017 7023 7024

 7018 7019 7022

 7018 7022 7023

 7019 7020 7021

 7019 7021 7022

 7065 7063 7071

 7014 7012 7069

 7014 7069 7070

 7004 7002 7063

 7004 7063 7065

 7010 7008 7067

 7010 7067 7068

 7000 7014 7070

 7000 7070 7064

 7002 7000 7064

 7002 7064 7063

 7006 7004 7065

 7006 7065 7066

 7012 7010 7068

 7012 7068 7069

 7070 7069 7071

 7068 7067 7071

 7066 7065 7071

 7063 7064 7071

 7064 7070 7071

 7069 7068 7071

 7067 7066 7071

 7073 7072 7075

 7073 7075 7074

 7044 7050 7075

 7044 7075 7072

 7007 7044 7072

 7007 7072 7073

 7050 7009 7074

 7050 7074 7075

 7094 7077 7079

 7094 7079 7095

 7095 7079 7081

 7095 7081 7098

 7098 7081 7083

 7098 7083 7101

 7101 7083 7085

 7101 7085 7104

 7104 7085 7087

 7104 7087 7107

 7107 7087 7089

 7107 7089 7110

 7085 7083 7119

 7085 7119 7120

 7110 7089 7091

 7110 7091 7113

 7113 7091 7077

 7113 7077 7094

 7090 7076 7078

 7078 7080 7082

 7082 7084 7086

 7086 7088 7090

 7090 7078 7082

 7082 7086 7090

 7090 7115 7092

 7090 7092 7076

 7115 7114 7093

 7115 7093 7092

 7114 7113 7094

 7114 7094 7093

 7088 7112 7115

 7088 7115 7090

 7112 7111 7114

 7112 7114 7115

 7111 7110 7113

 7111 7113 7114

 7086 7109 7112

 7086 7112 7088

 7109 7108 7111

 7109 7111 7112

 7108 7107 7110

 7108 7110 7111

 7106 7105 7108

 7106 7108 7109

 7105 7104 7107

 7105 7107 7108

 7082 7103 7106

 7082 7106 7084

 7103 7102 7105

 7103 7105 7106

 7102 7101 7104

 7102 7104 7105

 7080 7100 7103

 7080 7103 7082

 7100 7099 7102

 7100 7102 7103

 7099 7098 7101

 7099 7101 7102

 7078 7097 7100

 7078 7100 7080

 7097 7096 7099

 7097 7099 7100

 7096 7095 7098

 7096 7098 7099

 7076 7092 7097

 7076 7097 7078

 7092 7093 7096

 7092 7096 7097

 7093 7094 7095

 7093 7095 7096

 7118 7116 7124

 7091 7089 7122

 7091 7122 7123

 7081 7079 7116

 7081 7116 7118

 7087 7085 7120

 7087 7120 7121

 7077 7091 7123

 7077 7123 7117

 7079 7077 7117

 7079 7117 7116

 7083 7081 7118

 7083 7118 7119

 7089 7087 7121

 7089 7121 7122

 7123 7122 7124

 7121 7120 7124

 7119 7118 7124

 7116 7117 7124

 7117 7123 7124

 7122 7121 7124

 7120 7119 7124

 7126 7125 7128

 7126 7128 7127

 7106 7109 7128

 7106 7128 7125

 7084 7106 7125

 7084 7125 7126

 7109 7086 7127

 7109 7127 7128

 7136 7132 7133

 7136 7133 7129

 7131 7136 7129

 7131 7129 7130

 7130 7129 7137

 7130 7137 7134

 7129 7133 7135

 7129 7135 7137

 7147 7148 7133

 7147 7133 7132

 7146 7151 7136

 7146 7136 7131

 7148 7149 7135

 7148 7135 7133

 7149 7153 7137

 7149 7137 7135

 2762 5719 7143

 2762 7143 7145

 2762 7154 1015

 2798 5684 7140

 2798 7140 7139

 2799 7155 7141

 5684 2799 7141

 5684 7141 7140

 1016 2798 7139

 1016 7139 7138

 2761 1016 7138

 2761 7138 7142

 5719 2761 7142

 5719 7142 7143

 7145 7143 7153

 7145 7153 7149

 7144 7154 7148

 7139 7140 7151

 7139 7151 7146

 7155 7147 7141

 7140 7141 7147

 7140 7147 7151

 7138 7139 7146

 7138 7146 7150

 7142 7138 7150

 7142 7150 7152

 7143 7142 7152

 7143 7152 7153

 7155 7148 7147

 7155 1015 7144

 7154 7144 1015

 7148 7155 7144

 7154 7149 7148

 7154 7145 7149

 2762 7145 7154

 2799 1015 7155

 7158 7159 7169

 7158 7169 7168

 7159 7160 7170

 7159 7170 7169

 7160 7161 7171

 7160 7171 7170

 7161 7162 7172

 7161 7172 7171

 7162 7163 7173

 7162 7173 7172

 7163 7164 7174

 7163 7174 7173

 7164 7165 7175

 7164 7175 7174

 7165 7166 7176

 7165 7176 7175

 7166 7167 7177

 7166 7177 7176

 7167 7157 7156

 7167 7156 7177

 7179 7158 7168

 7179 7168 7178

 6957 7161 7160

 6957 7160 6956

 6971 7176 7177

 6971 7177 6972

 6964 7169 7170

 6964 7170 6965

 6958 7162 7161

 6958 7161 6957

 6965 7170 7171

 6965 7171 6966

 6959 7163 7162

 6959 7162 6958

 6966 7171 7172

 6966 7172 6967

 6960 7164 7163

 6960 7163 6959

 6967 7172 7173

 6967 7173 6968

 75 7157 7167

 75 7167 6963

 6961 7165 7164

 6961 7164 6960

 6332 6973 6333

 6974 6955 6973

 6964 6956 6955

 6965 6957 6956

 6966 6958 6957

 6967 6959 6958

 6968 6960 6959

 6969 6961 6960

 6970 6962 6961

 6971 6963 6962

 6972 75 6963

 6332 6974 6973

 6974 6964 6955

 6964 6965 6956

 6965 6966 6957

 6966 6967 6958

 6967 6968 6959

 6968 6969 6960

 6969 6970 6961

 6970 6971 6962

 6971 6972 6963

 6972 1589 75

 7203 7193 7217

 7203 7217 7216

 7182 7203 7216

 7182 7216 7226

 7199 7200 7224

 7199 7224 7223

 7185 7184 7207

 7185 7207 7208

 7192 7191 7214

 7192 7214 7215

 7202 7183 7227

 7202 7227 7206

 7198 7199 7223

 7198 7223 7222

 7184 7202 7206

 7184 7206 7207

 7191 7190 7213

 7191 7213 7214

 7201 7181 7204

 7201 7204 7225

 7197 7198 7222

 7197 7222 7221

 7186 7185 7208

 7186 7208 7209

 7200 7201 7225

 7200 7225 7224

 7193 7194 7218

 7193 7218 7217

 7187 7186 7209

 7187 7209 7210

 7194 7195 7219

 7194 7219 7218

 7188 7187 7210

 7188 7210 7211

 7195 7196 7220

 7195 7220 7219

 7189 7188 7211

 7189 7211 7212

 7196 7197 7221

 7196 7221 7220

 7180 7192 7215

 7180 7215 7205

 7190 7189 7212

 7190 7212 7213

 7238 7265 7266

 7238 7266 7239

 7275 7273 7265

 7275 7265 7238

 7245 7248 7270

 7245 7270 7246

 7230 7259 7249

 7230 7249 7229

 7237 7264 7251

 7237 7251 7236

 7228 7250 7272

 7228 7272 7274

 7244 7258 7248

 7244 7248 7245

 7229 7249 7250

 7229 7250 7228

 7236 7251 7252

 7236 7252 7235

 7247 7253 7255

 7247 7255 7254

 7243 7256 7258

 7243 7258 7244

 7231 7260 7259

 7231 7259 7230

 7246 7270 7253

 7246 7253 7247

 7239 7266 7267

 7239 7267 7240

 7232 7261 7260

 7232 7260 7231

 7240 7267 7268

 7240 7268 7241

 7233 7262 7261

 7233 7261 7232

 7241 7268 7269

 7241 7269 7242

 7234 7263 7262

 7234 7262 7233

 7242 7269 7256

 7242 7256 7243

 7257 7271 7264

 7257 7264 7237

 7235 7252 7263

 7235 7263 7234

 7185 7186 7231

 7185 7231 7230

 7207 7206 7250

 7207 7250 7249

 7200 7199 7245

 7200 7245 7246

 7221 7222 7258

 7221 7258 7256

 7186 7187 7232

 7186 7232 7231

 7208 7207 7249

 7208 7249 7259

 7201 7200 7246

 7201 7246 7247

 7222 7223 7248

 7222 7248 7258

 7187 7188 7233

 7187 7233 7232

 7209 7208 7259

 7209 7259 7260

 7180 7205 7271

 7180 7271 7257

 7223 7224 7270

 7223 7270 7248

 7188 7189 7234

 7188 7234 7233

 7210 7209 7260

 7210 7260 7261

 7224 7225 7253

 7224 7253 7270

 7189 7190 7235

 7189 7235 7234

 7211 7210 7261

 7211 7261 7262

 7205 7215 7264

 7205 7264 7271

 7190 7191 7236

 7190 7236 7235

 7212 7211 7262

 7212 7262 7263

 7225 7204 7255

 7225 7255 7253

 7191 7192 7237

 7191 7237 7236

 7213 7212 7263

 7213 7263 7252

 7206 7227 7272

 7206 7272 7250

 7193 7203 7238

 7193 7238 7239

 7214 7213 7252

 7214 7252 7251

 7226 7216 7265

 7226 7265 7273

 7194 7193 7239

 7194 7239 7240

 7215 7214 7251

 7215 7251 7264

 7227 7183 7274

 7227 7274 7272

 7204 7181 7254

 7204 7254 7255

 7195 7194 7240

 7195 7240 7241

 7216 7217 7266

 7216 7266 7265

 7183 7202 7228

 7183 7228 7274

 7196 7195 7241

 7196 7241 7242

 7217 7218 7267

 7217 7267 7266

 7203 7182 7275

 7203 7275 7238

 7192 7180 7257

 7192 7257 7237

 7197 7196 7242

 7197 7242 7243

 7218 7219 7268

 7218 7268 7267

 7182 7226 7273

 7182 7273 7275

 7202 7184 7229

 7202 7229 7228

 7181 7201 7247

 7181 7247 7254

 7198 7197 7243

 7198 7243 7244

 7219 7220 7269

 7219 7269 7268

 7184 7185 7230

 7184 7230 7229

 7199 7198 7244

 7199 7244 7245

 7220 7221 7256

 7220 7256 7269

 7276 7277 7279

 7276 7279 7278

 7280 7282 7283

 7280 7283 7281

 7277 7276 7280

 7277 7280 7281

 7278 7279 7283

 7278 7283 7282

 7278 7282 7280

 7278 7280 7276

 7284 7285 7287

 7284 7287 7286

 7288 7290 7291

 7288 7291 7289

 7285 7284 7288

 7285 7288 7289

 7286 7287 7291

 7286 7291 7290

 7286 7290 7288

 7286 7288 7284

 7292 7293 7295

 7292 7295 7294

 7296 7298 7299

 7296 7299 7297

 7293 7292 7296

 7293 7296 7297

 7294 7295 7299

 7294 7299 7298

 7294 7298 7296

 7294 7296 7292

 7300 7301 7303

 7300 7303 7302

 7304 7306 7307

 7304 7307 7305

 7301 7300 7304

 7301 7304 7305

 7302 7303 7307

 7302 7307 7306

 7302 7306 7304

 7302 7304 7300

 7308 7309 7311

 7308 7311 7310

 7312 7314 7315

 7312 7315 7313

 7309 7308 7312

 7309 7312 7313

 7310 7311 7315

 7310 7315 7314

 7310 7314 7312

 7310 7312 7308

 7316 7317 7319

 7316 7319 7318

 7320 7322 7323

 7320 7323 7321

 7317 7316 7320

 7317 7320 7321

 7318 7319 7323

 7318 7323 7322

 7318 7322 7320

 7318 7320 7316

 7324 7325 7327

 7324 7327 7326

 7328 7330 7331

 7328 7331 7329

 7325 7324 7328

 7325 7328 7329

 7326 7327 7331

 7326 7331 7330

 7326 7330 7328

 7326 7328 7324

 7332 7333 7335

 7332 7335 7334

 7336 7338 7339

 7336 7339 7337

 7333 7332 7336

 7333 7336 7337

 7334 7335 7339

 7334 7339 7338

 7334 7338 7336

 7334 7336 7332

 7340 7341 7343

 7340 7343 7342

 7344 7346 7347

 7344 7347 7345

 7341 7340 7344

 7341 7344 7345

 7342 7343 7347

 7342 7347 7346

 7342 7346 7344

 7342 7344 7340

 7348 7349 7351

 7348 7351 7350

 7352 7354 7355

 7352 7355 7353

 7349 7348 7352

 7349 7352 7353

 7350 7351 7355

 7350 7355 7354

 7350 7354 7352

 7350 7352 7348

 7356 7357 7359

 7356 7359 7358

 7360 7362 7363

 7360 7363 7361

 7357 7356 7360

 7357 7360 7361

 7358 7359 7363

 7358 7363 7362

 7358 7362 7360

 7358 7360 7356

 7364 7365 7367

 7364 7367 7366

 7368 7370 7371

 7368 7371 7369

 7365 7364 7368

 7365 7368 7369

 7366 7367 7371

 7366 7371 7370

 7366 7370 7368

 7366 7368 7364

 7351 7349 7396

 7351 7396 7397

 7297 7299 7379

 7297 7379 7378

 7301 7305 7382

 7301 7382 7380

 7343 7341 7392

 7343 7392 7393

 7315 7311 7385

 7315 7385 7387

 7293 7297 7378

 7293 7378 7376

 7361 7363 7403

 7361 7403 7402

 7307 7303 7381

 7307 7381 7383

 7281 7283 7375

 7281 7375 7374

 7353 7355 7399

 7353 7399 7398

 7327 7325 7388

 7327 7388 7389

 7299 7295 7377

 7299 7377 7379

 7357 7361 7402

 7357 7402 7400

 7277 7281 7374

 7277 7374 7372

 7345 7347 7395

 7345 7395 7394

 7349 7353 7398

 7349 7398 7396

 7363 7359 7401

 7363 7401 7403

 7311 7309 7384

 7311 7384 7385

 7283 7279 7373

 7283 7373 7375

 7341 7345 7394

 7341 7394 7392

 7355 7351 7397

 7355 7397 7399

 7329 7331 7391

 7329 7391 7390

 7303 7301 7380

 7303 7380 7381

 7347 7343 7393

 7347 7393 7395

 7295 7293 7376

 7295 7376 7377

 7325 7329 7390

 7325 7390 7388

 7313 7315 7387

 7313 7387 7386

 7359 7357 7400

 7359 7400 7401

 7331 7327 7389

 7331 7389 7391

 7305 7307 7383

 7305 7383 7382

 7279 7277 7372

 7279 7372 7373

 7309 7313 7386

 7309 7386 7384

vector2s:

 0.085189 0.864407

 0.147126 0.864407

 0.147126 0.926344

 0.085189 0.926344

 0.748039 0.186545

 0.997358 0.186545

 0.997358 0.248875

 0.748039 0.248875

 0.381030 0.955545

 0.421047 0.955545

 0.421047 0.997556

 0.381030 0.997556

 0.115031 0.926344

 0.047354 0.928520

 0.009429 0.922974

 0.047354 0.831550

 0.009429 0.865383

 0.009429 0.798076

 0.009429 0.980565

 0.094350 0.928520

 0.376495 0.883862

 0.337776 0.883862

 0.337776 0.774047

 0.376495 0.774047

 0.376495 0.874294

 0.415214 0.874294

 0.415214 0.993677

 0.376495 0.993677

 0.249117 0.610490

 0.161941 0.610490

 0.161941 0.504979

 0.249117 0.504979

 0.098080 0.618237

 0.003488 0.618237

 0.003488 0.517397

 0.098080 0.517397

 0.126495 0.618237

 0.031903 0.618237

 0.031903 0.517397

 0.126495 0.517397

 0.357135 0.993677

 0.337776 0.993677

 0.415214 0.883862

 0.415214 0.774047

 0.337776 0.874294

 0.337776 0.754912

 0.376495 0.754912

 0.415214 0.754912

 0.161422 0.610490

 0.248599 0.610490

 0.248599 0.504979

 0.161422 0.504979

 0.161422 0.716000

 0.248599 0.716000

 0.192672 0.618237

 0.192672 0.517397

 0.192672 0.719076

 0.098080 0.719076

 0.126495 0.719076

 0.031903 0.719076

 0.137801 0.618237

 0.043209 0.618237

 0.043209 0.517397

 0.137801 0.517397

 0.137801 0.719076

 0.043209 0.719076

 0.003488 0.719076

 0.249117 0.716000

 0.161941 0.716000

 0.094350 0.831550

 0.067020 0.792232

 0.094350 0.795290

 0.124611 0.786389

 0.141346 0.795290

 0.182202 0.786389

 0.239793 0.786389

 0.188342 0.831550

 0.239793 0.865383

 0.188342 0.928520

 0.239793 0.922974

 0.239793 0.980565

 0.182202 0.980565

 0.141346 0.928520

 0.341012 0.955545

 0.341012 0.997556

 0.341012 0.913535

 0.381030 0.913535

 0.421047 0.913535

 0.115031 0.864407

 0.116157 0.896558

 0.147126 0.894193

 0.085189 0.896558

 0.031315 0.794240

 0.218105 0.794240

 0.218105 0.981030

 0.031315 0.981030

 0.282496 0.754912

 0.462749 0.754912

 0.462749 0.993677

 0.282496 0.993677

 0.499805 0.082932

 0.499805 0.163091

 0.253768 0.163091

 0.253768 0.082932

 0.094215 0.868534

 0.146235 0.926559

 0.839266 0.930851

 0.805034 0.946750

 0.790584 0.906025

 0.792634 0.820929

 0.819561 0.783222

 0.851032 0.803631

 0.865235 0.862431

 0.865235 0.906618

 0.799295 0.252033

 0.799295 0.276494

 0.626880 0.276494

 0.626880 0.252033

 0.658495 0.452123

 0.593266 0.452123

 0.593266 0.317890

 0.658495 0.317890

 0.777692 0.452123

 0.712463 0.452123

 0.712463 0.317890

 0.777692 0.317890

 0.658809 0.282210

 0.712778 0.282210

 0.124611 0.980565

 0.067020 0.980565

 0.141346 0.831550

 0.117626 0.864407

 0.117626 0.926344

 0.085189 0.894193

 0.778970 0.293355

 0.778970 0.478004

 0.594321 0.478004

 0.594321 0.293355

 0.995946 0.293355

 0.995946 0.478004

 0.811297 0.478004

 0.811297 0.293355

 0.632815 0.311629

 0.737366 0.311629

 0.737366 0.416180

 0.632815 0.416180

 0.621362 0.320396

 0.594321 0.385680

 0.621362 0.450963

 0.686646 0.478004

 0.751929 0.450963

 0.778970 0.385680

 0.751929 0.320396

 0.686646 0.293355

 0.778970 0.250582

 0.778970 0.435231

 0.594321 0.435231

 0.594321 0.250582

 0.777623 0.293355

 0.777623 0.478004

 0.592974 0.478004

 0.592974 0.293355

 0.992205 0.293355

 0.992205 0.478004

 0.807556 0.478004

 0.807556 0.293355

 0.670514 0.292157

 0.670514 0.435651

 0.527019 0.435651

 0.586103 0.250582

 0.586103 0.501335

 0.401454 0.501335

 0.401454 0.250582

 0.609889 0.308145

 0.746293 0.308145

 0.746293 0.444549

 0.609889 0.444549

 0.777196 0.293355

 0.777196 0.478004

 0.592547 0.478004

 0.592547 0.293355

 0.966908 0.250582

 0.966908 0.498920

 0.845458 0.498920

 0.845458 0.250582

 0.574147 0.253234

 0.574147 0.496268

 0.415051 0.496268

 0.415051 0.253234

 0.792613 0.044129

 0.952785 0.044129

 0.952785 0.204301

 0.792613 0.204301

 0.505586 0.185788

 0.624487 0.185788

 0.624487 0.247070

 0.505586 0.247070

 0.783666 0.185788

 0.783666 0.247070

 0.748039 -0.000444

 0.997358 -0.000444

 0.997358 0.124215

 0.748039 0.124215

 0.783666 0.001940

 0.727450 0.124505

 0.624487 0.001940

 0.505586 0.001940

 0.547794 0.124505

 0.505586 0.124505

 0.624487 0.124505

 0.783666 0.124505

 0.258938 0.008522

 0.492201 0.008522

 0.492201 0.241785

 0.258938 0.241785

 0.253860 0.003174

 0.497242 0.246557

 0.253860 0.246557

 0.497242 0.003174

 0.267298 0.105137

 0.320194 0.105137

 0.320194 0.158033

 0.267298 0.158033

 0.490644 0.007194

 0.490644 0.243238

 0.254600 0.243238

 0.254600 0.007194

uv:

 0 1 2

 0 2 3

 0 1 2

 0 2 3

 0 1 2

 0 2 3

 0 1 2

 0 2 3

 0 1 2

 0 2 3

 0 1 2

 0 2 3

 0 1 2

 0 2 3

 0 1 2

 0 2 3

 0 1 2

 0 2 3

 0 1 2

 0 2 3

 0 1 2

 0 2 3

 0 1 2

 0 2 3

 0 1 2

 0 2 3

 0 1 2

 0 2 3

 0 1 2

 0 2 3

 0 1 2

 0 2 3

 0 1 2

 0 2 3

 0 1 2

 0 2 3

 0 1 2

 0 2 3

 0 1 2

 0 2 3

 0 1 2

 0 2 3

 0 1 2

 0 2 3

 0 1 2

 0 2 3

 0 1 2

 0 2 3

 0 1 2

 0 2 3

 0 1 2

 0 2 3

 0 1 2

 0 2 3

 0 1 2

 0 2 3

 0 1 2

 0 2 3

 0 1 2

 0 2 3

 0 1 2

 0 2 3

 0 1 2

 0 2 3

 0 1 2

 0 2 3

 0 1 2

 0 2 3

 0 1 2

 0 2 3

 0 1 2

 0 2 3

 0 1 2

 0 2 3

 0 1 2

 0 2 3

 0 1 2

 0 2 3

 0 1 2

 0 2 3

 0 1 2

 0 2 3

 0 1 2

 0 2 3

 0 1 2

 0 2 3

 0 1 2

 0 2 3

 0 1 2

 0 2 3

 0 1 2

 0 2 3

 0 1 2

 0 2 3

 0 1 2

 0 2 3

 0 1 2

 0 2 3

 0 1 2

 0 2 3

 0 1 2

 0 2 3

 0 1 2

 0 2 3

 0 1 2

 0 2 3

 0 1 2

 0 2 3

 0 1 2

 0 2 3

 0 1 2

 0 2 3

 0 1 2

 0 2 3

 0 1 2

 0 2 3

 0 1 2

 0 2 3

 0 1 2

 0 2 3

 0 1 2

 0 2 3

 0 1 2

 0 2 3

 0 1 2

 0 2 3

 0 1 2

 0 2 3

 0 1 2

 0 2 3

 0 1 2

 0 2 3

 0 1 2

 0 2 3

 0 1 2

 0 2 3

 0 1 2

 0 2 3

 0 1 2

 0 2 3

 0 1 2

 0 2 3

 0 1 2

 0 2 3

 0 1 2

 0 2 3

 0 1 2

 0 2 3

 0 1 2

 0 2 3

 0 1 2

 0 2 3

 0 1 2

 0 2 3

 0 1 2

 0 2 3

 0 1 2

 0 2 3

 0 1 2

 0 2 3

 0 1 2

 0 2 3

 0 1 2

 0 2 3

 0 1 2

 0 2 3

 0 1 2

 0 2 3

 0 1 2

 0 2 3

 0 1 2

 0 2 3

 0 1 2

 0 2 3

 0 1 2

 0 2 3

 0 1 2

 0 2 3

 0 1 2

 0 2 3

 0 1 2

 0 2 3

 0 1 2

 0 2 3

 0 1 2

 0 2 3

 0 1 2

 0 2 3

 0 1 2

 0 2 3

 0 1 2

 0 2 3

 0 1 2

 0 2 3

 0 1 2

 0 2 3

 0 1 2

 0 2 3

 0 1 2

 0 2 3

 0 1 2

 0 2 3

 0 1 2

 0 2 3

 0 1 2

 0 2 3

 0 1 2

 0 2 3

 0 1 2

 0 2 3

 0 1 2

 0 2 3

 0 1 2

 0 2 3

 0 1 2

 0 2 3

 0 1 2

 0 2 3

 0 1 2

 0 2 3

 0 1 2

 0 2 3

 0 1 2

 0 2 3

 0 1 2

 0 2 3

 0 1 2

 0 2 3

 0 1 2

 0 2 3

 0 1 2

 0 2 3

 0 1 2

 0 2 3

 0 1 2

 0 2 3

 0 1 2

 0 2 3

 0 1 2

 0 2 3

 0 1 2

 0 2 3

 0 1 2

 0 2 3

 0 1 2

 0 2 3

 0 1 2

 0 2 3

 0 1 2

 0 2 3

 0 1 2

 0 2 3

 0 1 2

 0 2 3

 0 1 2

 0 2 3

 0 1 2

 0 2 3

 0 1 2

 0 2 3

 0 1 2

 0 2 3

 0 1 2

 0 2 3

 0 1 2

 0 2 3

 0 1 2

 0 2 3

 0 1 2

 0 2 3

 0 1 2

 0 2 3

 0 1 2

 0 2 3

 0 1 2

 0 2 3

 0 1 2

 0 2 3

 0 1 2

 0 2 3

 0 1 2

 0 2 3

 0 1 2

 0 2 3

 0 1 2

 0 2 3

 0 1 2

 0 2 3

 0 1 2

 0 2 3

 0 1 2

 0 2 3

 4 5 6

 4 6 7

 0 1 2

 0 2 3

 0 1 2

 0 2 3

 0 1 2

 0 2 3

 0 1 2

 0 2 3

 0 1 2

 0 2 3

 0 1 2

 0 2 3

 0 1 2

 0 2 3

 0 1 2

 0 2 3

 0 1 2

 0 2 3

 0 1 2

 0 2 3

 0 1 2

 0 2 3

 0 1 2

 0 2 3

 0 1 2

 0 2 3

 0 1 2

 0 2 3

 0 1 2

 0 2 3

 0 1 2

 0 2 3

 0 1 2

 0 2 3

 0 1 2

 0 2 3

 0 1 2

 0 2 3

 0 1 2

 0 2 3

 0 1 2

 0 2 3

 0 1 2

 0 2 3

 0 1 2

 0 2 3

 0 1 2

 0 2 3

 0 1 2

 0 2 3

 0 1 2

 0 2 3

 0 1 2

 0 2 3

 0 1 2

 0 2 3

 0 1 2

 0 2 3

 0 1 2

 0 2 3

 0 1 2

 0 2 3

 0 1 2

 0 2 3

 0 1 2

 0 2 3

 0 1 2

 0 2 3

 0 1 2

 0 2 3

 0 1 2

 0 2 3

 0 1 2

 0 2 3

 0 1 2

 0 2 3

 0 1 2

 0 2 3

 0 1 2

 0 2 3

 0 1 2

 0 2 3

 0 1 2

 0 2 3

 0 1 2

 0 2 3

 0 1 2

 0 2 3

 0 1 2

 0 2 3

 0 1 2

 0 2 3

 0 1 2

 0 2 3

 0 1 2

 0 2 3

 0 1 2

 0 2 3

 0 1 2

 0 2 3

 0 1 2

 0 2 3

 0 1 2

 0 2 3

 0 1 2

 0 2 3

 0 1 2

 0 2 3

 0 1 2

 0 2 3

 0 1 2

 0 2 3

 0 1 2

 0 2 3

 0 1 2

 0 2 3

 0 1 2

 0 2 3

 0 1 2

 0 2 3

 0 1 2

 0 2 3

 0 1 2

 0 2 3

 0 1 2

 0 2 3

 0 1 2

 0 2 3

 0 1 2

 0 2 3

 0 1 2

 0 2 3

 0 1 2

 0 2 3

 0 1 2

 0 2 3

 0 1 2

 0 2 3

 0 1 2

 0 2 3

 0 1 2

 0 2 3

 0 1 2

 0 2 3

 0 1 2

 0 2 3

 0 1 2

 0 2 3

 0 1 2

 0 2 3

 0 1 2

 0 2 3

 0 1 2

 0 2 3

 0 1 2

 0 2 3

 0 1 2

 0 2 3

 0 1 2

 0 2 3

 0 1 2

 0 2 3

 0 1 2

 0 2 3

 0 1 2

 0 2 3

 0 1 2

 0 2 3

 0 1 2

 0 2 3

 0 1 2

 0 2 3

 0 1 2

 0 2 3

 0 1 2

 0 2 3

 0 1 2

 0 2 3

 0 1 2

 0 2 3

 0 1 2

 0 2 3

 0 1 2

 0 2 3

 0 1 2

 0 2 3

 0 1 2

 0 2 3

 0 1 2

 0 2 3

 0 1 2

 0 2 3

 0 1 2

 0 2 3

 0 1 2

 0 2 3

 0 1 2

 0 2 3

 0 1 2

 0 2 3

 0 1 2

 0 2 3

 0 1 2

 0 2 3

 0 1 2

 0 2 3

 0 1 2

 0 2 3

 0 1 2

 0 2 3

 0 1 2

 0 2 3

 0 1 2

 0 2 3

 0 1 2

 0 2 3

 0 1 2

 0 2 3

 0 1 2

 0 2 3

 0 1 2

 0 2 3

 0 1 2

 0 2 3

 0 1 2

 0 2 3

 0 1 2

 0 2 3

 0 1 2

 0 2 3

 0 1 2

 0 2 3

 0 1 2

 0 2 3

 0 1 2

 0 2 3

 0 1 2

 0 2 3

 0 1 2

 0 2 3

 0 1 2

 0 2 3

 0 1 2

 0 2 3

 0 1 2

 0 2 3

 0 1 2

 0 2 3

 0 1 2

 0 2 3

 0 1 2

 0 2 3

 0 1 2

 0 2 3

 0 1 2

 0 2 3

 0 1 2

 0 2 3

 0 1 2

 0 2 3

 0 1 2

 0 2 3

 0 1 2

 0 2 3

 0 1 2

 0 2 3

 0 1 2

 0 2 3

 0 1 2

 0 2 3

 0 1 2

 0 2 3

 0 1 2

 0 2 3

 0 1 2

 0 2 3

 0 1 2

 0 2 3

 0 1 2

 0 2 3

 0 1 2

 0 2 3

 0 1 2

 0 2 3

 0 1 2

 0 2 3

 0 1 2

 0 2 3

 0 1 2

 0 2 3

 0 1 2

 0 2 3

 0 1 2

 0 2 3

 0 1 2

 0 2 3

 0 1 2

 0 2 3

 0 1 2

 0 2 3

 0 1 2

 0 2 3

 0 1 2

 0 2 3

 0 1 2

 0 2 3

 0 1 2

 0 2 3

 0 1 2

 0 2 3

 0 1 2

 0 2 3

 0 1 2

 0 2 3

 0 1 2

 0 2 3

 0 1 2

 0 2 3

 0 1 2

 0 2 3

 0 1 2

 0 2 3

 0 1 2

 0 2 3

 0 1 2

 0 2 3

 0 1 2

 0 2 3

 0 1 2

 0 2 3

 0 1 2

 0 2 3

 0 1 2

 0 2 3

 0 1 2

 0 2 3

 0 1 2

 0 2 3

 0 1 2

 0 2 3

 0 1 2

 0 2 3

 0 1 2

 0 2 3

 0 1 2

 0 2 3

 0 1 2

 0 2 3

 0 1 2

 0 2 3

 0 1 2

 0 2 3

 0 1 2

 0 2 3

 0 1 2

 0 2 3

 0 1 2

 0 2 3

 0 1 2

 0 2 3

 0 1 2

 0 2 3

 0 1 2

 0 2 3

 0 1 2

 0 2 3

 0 1 2

 0 2 3

 0 1 2

 0 2 3

 0 1 2

 0 2 3

 0 1 2

 0 2 3

 0 1 2

 0 2 3

 0 1 2

 0 2 3

 0 1 2

 0 2 3

 0 1 2

 0 2 3

 0 1 2

 0 2 3

 0 1 2

 0 2 3

 0 1 2

 0 2 3

 0 1 2

 0 2 3

 0 1 2

 0 2 3

 0 1 2

 0 2 3

 0 1 2

 0 2 3

 0 1 2

 0 2 3

 0 1 2

 0 2 3

 0 1 2

 0 2 3

 0 1 2

 0 2 3

 0 1 2

 0 2 3

 0 1 2

 0 2 3

 0 1 2

 0 2 3

 0 1 2

 0 2 3

 0 1 2

 0 2 3

 0 1 2

 0 2 3

 0 1 2

 0 2 3

 0 1 2

 0 2 3

 0 1 2

 0 2 3

 0 1 2

 0 2 3

 0 1 2

 0 2 3

 0 1 2

 0 2 3

 0 1 2

 0 2 3

 0 1 2

 0 2 3

 0 1 2

 0 2 3

 0 1 2

 0 2 3

 0 1 2

 0 2 3

 0 1 2

 0 2 3

 0 1 2

 0 2 3

 0 1 2

 0 2 3

 0 1 2

 0 2 3

 0 1 2

 0 2 3

 0 1 2

 0 2 3

 0 1 2

 0 2 3

 0 1 2

 0 2 3

 0 1 2

 0 2 3

 0 1 2

 0 2 3

 0 1 2

 0 2 3

 0 1 2

 0 2 3

 0 1 2

 0 2 3

 0 1 2

 0 2 3

 0 1 2

 0 2 3

 0 1 2

 0 2 3

 0 1 2

 0 2 3

 0 1 2

 0 2 3

 0 1 2

 0 2 3

 0 1 2

 0 2 3

 0 1 2

 0 2 3

 0 1 2

 0 2 3

 0 1 2

 0 2 3

 0 1 2

 0 2 3

 0 1 2

 0 2 3

 0 1 2

 0 2 3

 0 1 2

 0 2 3

 0 1 2

 0 2 3

 0 1 2

 0 2 3

 0 1 2

 0 2 3

 0 1 2

 0 2 3

 0 1 2

 0 2 3

 0 1 2

 0 2 3

 0 1 2

 0 2 3

 0 1 2

 0 2 3

 0 1 2

 0 2 3

 0 1 2

 0 2 3

 0 1 2

 0 2 3

 0 1 2

 0 2 3

 0 1 2

 0 2 3

 0 1 2

 0 2 3

 0 1 2

 0 2 3

 0 1 2

 0 2 3

 0 1 2

 0 2 3

 0 1 2

 0 2 3

 0 1 2

 0 2 3

 0 1 2

 0 2 3

 0 1 2

 0 2 3

 0 1 2

 0 2 3

 0 1 2

 0 2 3

 0 1 2

 0 2 3

 0 1 2

 0 2 3

 0 1 2

 0 2 3

 0 1 2

 0 2 3

 0 1 2

 0 2 3

 0 1 2

 0 2 3

 0 1 2

 0 2 3

 0 1 2

 0 2 3

 0 1 2

 0 2 3

 0 1 2

 0 2 3

 0 1 2

 0 2 3

 0 1 2

 0 2 3

 0 1 2

 0 2 3

 0 1 2

 0 2 3

 0 1 2

 0 2 3

 0 1 2

 0 2 3

 0 1 2

 0 2 3

 0 1 2

 0 2 3

 0 1 2

 0 2 3

 0 1 2

 0 2 3

 0 1 2

 0 2 3

 0 1 2

 0 2 3

 0 1 2

 0 2 3

 0 1 2

 0 2 3

 0 1 2

 0 2 3

 0 1 2

 0 2 3

 0 1 2

 0 2 3

 0 1 2

 0 2 3

 0 1 2

 0 2 3

 0 1 2

 0 2 3

 0 1 2

 0 2 3

 0 1 2

 0 2 3

 0 1 2

 0 2 3

 0 1 2

 0 2 3

 0 1 2

 0 2 3

 0 1 2

 0 2 3

 0 1 2

 0 2 3

 0 1 2

 0 2 3

 0 1 2

 0 2 3

 0 1 2

 0 2 3

 0 1 2

 0 2 3

 0 1 2

 0 2 3

 0 1 2

 0 2 3

 0 1 2

 0 2 3

 8 9 10

 8 10 11

 8 9 10

 8 10 11

 8 9 10

 8 10 11

 8 9 10

 8 10 11

 8 9 10

 8 10 11

 0 1 2

 0 2 3

 0 1 2

 0 2 3

 0 1 2

 0 2 3

 0 1 2

 0 2 3

 0 1 2

 0 2 3

 0 1 2

 0 2 3

 0 1 2

 0 2 3

 0 1 2

 0 2 3

 0 1 2

 0 2 3

 0 1 2

 0 2 3

 0 1 2

 0 2 3

 0 1 2

 0 2 3

 0 1 2

 0 2 3

 0 1 2

 0 2 3

 0 1 2

 0 2 3

 0 1 2

 0 2 3

 0 1 2

 0 2 3

 0 1 2

 0 2 3

 0 1 2

 0 2 3

 0 1 2

 0 2 3

 0 1 2

 0 2 3

 0 1 2

 0 2 3

 0 1 2

 0 2 3

 0 1 2

 0 2 3

 0 1 2

 0 2 3

 0 1 2

 0 2 3

 0 1 2

 0 2 3

 0 1 2

 0 2 3

 8 9 10

 8 10 11

 8 9 10

 8 10 11

 8 9 10

 8 10 11

 8 9 10

 8 10 11

 8 9 10

 8 10 11

 0 1 2

 0 2 3

 0 1 2

 0 2 3

 0 1 2

 0 2 3

 0 1 2

 0 2 3

 0 1 2

 0 2 3

 0 1 2

 0 2 3

 0 1 2

 0 2 3

 0 1 2

 0 2 3

 0 1 2

 0 2 3

 0 1 2

 0 2 3

 0 1 2

 0 2 3

 0 1 2

 0 2 3

 0 1 2

 0 2 3

 0 1 2

 0 2 3

 0 1 2

 0 2 3

 0 1 2

 0 2 3

 0 1 2

 0 2 3

 0 1 2

 0 2 3

 0 1 2

 0 2 3

 0 1 2

 0 2 3

 0 1 2

 0 2 3

 0 1 2

 0 2 3

 0 1 2

 0 2 3

 0 1 2

 0 2 3

 0 1 2

 0 2 3

 0 1 2

 0 2 3

 0 1 2

 0 2 3

 8 9 10

 8 10 11

 8 9 10

 8 10 11

 8 9 10

 8 10 11

 8 9 10

 8 10 11

 0 1 2

 0 2 3

 0 1 2

 0 2 3

 0 1 2

 0 2 3

 0 1 2

 0 2 3

 0 1 2

 0 2 3

 0 1 2

 0 2 3

 0 1 2

 0 2 3

 0 1 2

 0 2 3

 0 1 2

 0 2 3

 0 1 2

 0 2 3

 0 1 2

 0 2 3

 0 1 2

 0 2 3

 0 1 2

 0 2 3

 0 1 2

 0 2 3

 0 1 2

 0 2 3

 0 1 2

 0 2 3

 0 1 2

 0 2 3

 0 1 2

 0 2 3

 0 1 2

 0 2 3

 3 0 12

 0 1 2

 0 2 3

 0 1 2

 0 2 3

 0 1 2

 0 2 3

 0 1 2

 0 2 3

 0 1 2

 0 2 3

 8 9 10

 8 10 11

 8 9 10

 8 10 11

 8 9 10

 8 10 11

 8 9 10

 8 10 11

 0 1 2

 0 2 3

 0 1 2

 0 2 3

 0 1 2

 0 2 3

 0 1 2

 0 2 3

 0 1 2

 0 2 3

 0 1 2

 0 2 3

 0 1 2

 0 2 3

 0 1 2

 0 2 3

 0 1 2

 0 2 3

 0 1 2

 0 2 3

 0 1 2

 0 2 3

 0 1 2

 0 2 3

 0 1 2

 0 2 3

 0 1 2

 0 2 3

 0 1 2

 0 2 3

 0 1 2

 0 2 3

 0 1 2

 0 2 3

 0 1 2

 0 2 3

 0 1 2

 0 2 3

 0 1 2

 0 2 3

 0 1 2

 0 2 3

 0 1 2

 0 2 3

 0 1 2

 0 2 3

 0 1 2

 0 2 3

 0 1 2

 0 2 3

 0 1 2

 0 2 3

 0 1 2

 0 2 3

 8 9 10

 8 10 11

 8 9 10

 8 10 11

 8 9 10

 8 10 11

 8 9 10

 8 10 11

 0 1 2

 0 2 3

 0 1 2

 0 2 3

 0 1 2

 0 2 3

 0 1 2

 0 2 3

 0 1 2

 0 2 3

 0 1 2

 0 2 3

 0 1 2

 0 2 3

 0 1 2

 0 2 3

 0 1 2

 0 2 3

 0 1 2

 0 2 3

 0 1 2

 0 2 3

 0 1 2

 0 2 3

 0 1 2

 0 2 3

 0 1 2

 0 2 3

 0 1 2

 0 2 3

 0 1 2

 0 2 3

 0 1 2

 0 2 3

 0 1 2

 0 2 3

 0 1 2

 0 2 3

 0 1 2

 0 2 3

 0 1 2

 0 2 3

 0 1 2

 0 2 3

 0 1 2

 0 2 3

 0 1 2

 0 2 3

 0 1 2

 0 2 3

 0 1 2

 0 2 3

 0 1 2

 0 2 3

 0 1 2

 0 2 3

 0 1 2

 0 2 3

 0 1 2

 0 2 3

 0 1 2

 0 2 3

 0 1 2

 0 2 3

 0 1 2

 0 2 3

 0 1 2

 0 2 3

 0 1 2

 0 2 3

 0 1 2

 0 2 3

 0 1 2

 0 2 3

 0 1 2

 0 2 3

 0 1 2

 0 2 3

 0 1 2

 0 2 3

 0 1 2

 0 2 3

 0 1 2

 0 2 3

 0 1 2

 0 2 3

 0 1 2

 0 2 3

 0 1 2

 0 2 3

 0 1 2

 0 2 3

 0 1 2

 0 2 3

 0 1 2

 0 2 3

 0 1 2

 0 2 3

 0 1 2

 0 2 3

 0 1 2

 0 2 3

 0 1 2

 0 2 3

 0 1 2

 0 2 3

 0 1 2

 0 2 3

 0 1 2

 0 2 3

 0 1 2

 0 2 3

 0 1 2

 0 2 3

 0 1 2

 0 2 3

 0 1 2

 0 2 3

 0 1 2

 0 2 3

 0 1 2

 0 2 3

 0 1 2

 0 2 3

 0 1 2

 0 2 3

 0 1 2

 0 2 3

 0 1 2

 0 2 3

 0 1 2

 0 2 3

 0 1 2

 0 2 3

 0 1 2

 0 2 3

 0 1 2

 0 2 3

 0 1 2

 0 2 3

 0 1 2

 0 2 3

 0 1 2

 0 2 3

 0 1 2

 0 2 3

 0 1 2

 0 2 3

 0 1 2

 0 2 3

 0 1 2

 0 2 3

 0 1 2

 0 2 3

 0 1 2

 0 2 3

 0 1 2

 0 2 3

 0 1 2

 0 2 3

 0 1 2

 0 2 3

 0 1 2

 0 2 3

 0 1 2

 0 2 3

 0 1 2

 0 2 3

 0 1 2

 0 2 3

 0 1 2

 0 2 3

 0 1 2

 0 2 3

 0 1 2

 0 2 3

 0 1 2

 0 2 3

 0 1 2

 0 2 3

 0 1 2

 0 2 3

 0 1 2

 0 2 3

 0 1 2

 0 2 3

 0 1 2

 0 2 3

 0 1 2

 0 2 3

 0 1 2

 0 2 3

 0 1 2

 0 2 3

 0 1 2

 0 2 3

 0 1 2

 0 2 3

 0 1 2

 0 2 3

 0 1 2

 0 2 3

 0 1 2

 0 2 3

 0 1 2

 0 2 3

 0 1 2

 0 2 3

 0 1 2

 0 2 3

 0 1 2

 0 2 3

 0 1 2

 0 2 3

 0 1 2

 0 2 3

 0 1 2

 0 2 3

 0 1 2

 0 2 3

 0 1 2

 0 2 3

 0 1 2

 0 2 3

 0 1 2

 0 2 3

 0 1 2

 0 2 3

 0 1 2

 0 2 3

 0 1 2

 0 2 3

 0 1 2

 0 2 3

 0 1 2

 0 2 3

 0 1 2

 0 2 3

 0 1 2

 0 2 3

 0 1 2

 0 2 3

 0 1 2

 0 2 3

 0 1 2

 0 2 3

 0 1 2

 0 2 3

 0 1 2

 0 2 3

 0 1 2

 0 2 3

 0 1 2

 0 2 3

 0 1 2

 0 2 3

 0 1 2

 0 2 3

 0 1 2

 0 2 3

 0 1 2

 0 2 3

 0 1 2

 0 2 3

 0 1 2

 0 2 3

 0 1 2

 0 2 3

 0 1 2

 0 2 3

 0 1 2

 0 2 3

 0 1 2

 0 2 3

 0 1 2

 0 2 3

 0 1 2

 0 2 3

 0 1 2

 0 2 3

 0 1 2

 0 2 3

 0 1 2

 0 2 3

 0 1 2

 0 2 3

 0 1 2

 0 2 3

 0 1 2

 0 2 3

 0 1 2

 0 2 3

 0 1 2

 0 2 3

 0 1 2

 0 2 3

 0 1 2

 0 2 3

 0 1 2

 0 2 3

 0 1 2

 0 2 3

 0 1 2

 0 2 3

 0 1 2

 0 2 3

 0 1 2

 0 2 3

 0 1 2

 0 2 3

 0 1 2

 0 2 3

 0 1 2

 0 2 3

 0 1 2

 0 2 3

 0 1 2

 0 2 3

 0 1 2

 0 2 3

 0 1 2

 0 2 3

 0 1 2

 0 2 3

 0 1 2

 0 2 3

 0 1 2

 0 2 3

 0 1 2

 0 2 3

 0 1 2

 0 2 3

 0 1 2

 0 2 3

 0 1 2

 0 2 3

 0 1 2

 0 2 3

 0 1 2

 0 2 3

 0 1 2

 0 2 3

 0 1 2

 0 2 3

 0 1 2

 0 2 3

 0 1 2

 0 2 3

 0 1 2

 0 2 3

 0 1 2

 0 2 3

 0 1 2

 0 2 3

 0 1 2

 0 2 3

 0 1 2

 0 2 3

 0 1 2

 0 2 3

 0 1 2

 0 2 3

 0 1 2

 0 2 3

 0 1 2

 0 2 3

 0 1 2

 0 2 3

 0 1 2

 0 2 3

 0 1 2

 0 2 3

 0 1 2

 0 2 3

 0 1 2

 0 2 3

 0 1 2

 0 2 3

 0 1 2

 0 2 3

 0 1 2

 0 2 3

 0 1 2

 0 2 3

 0 1 2

 0 2 3

 0 1 2

 0 2 3

 0 1 2

 0 2 3

 0 1 2

 0 2 3

 0 1 2

 0 2 3

 0 1 2

 0 2 3

 0 1 2

 0 2 3

 0 1 2

 0 2 3

 0 1 2

 0 2 3

 0 1 2

 0 2 3

 0 1 2

 0 2 3

 0 1 2

 0 2 3

 0 1 2

 0 2 3

 0 1 2

 0 2 3

 0 1 2

 0 2 3

 0 1 2

 0 2 3

 0 1 2

 0 2 3

 0 1 2

 0 2 3

 0 1 2

 0 2 3

 0 1 2

 0 2 3

 0 1 2

 0 2 3

 0 1 2

 0 2 3

 0 1 2

 0 2 3

 0 1 2

 0 2 3

 0 1 2

 0 2 3

 0 1 2

 0 2 3

 0 1 2

 0 2 3

 0 1 2

 0 2 3

 0 1 2

 0 2 3

 0 1 2

 0 2 3

 0 1 2

 0 2 3

 0 1 2

 0 2 3

 0 1 2

 0 2 3

 0 1 2

 0 2 3

 0 1 2

 0 2 3

 0 1 2

 0 2 3

 0 1 2

 0 2 3

 0 1 2

 0 2 3

 0 1 2

 0 2 3

 0 1 2

 0 2 3

 0 1 2

 0 2 3

 0 1 2

 0 2 3

 0 1 2

 0 2 3

 0 1 2

 0 2 3

 0 1 2

 0 2 3

 0 1 2

 0 2 3

 0 1 2

 0 2 3

 0 1 2

 0 2 3

 0 1 2

 0 2 3

 0 1 2

 0 2 3

 0 1 2

 0 2 3

 0 1 2

 0 2 3

 0 1 2

 0 2 3

 0 1 2

 0 2 3

 0 1 2

 0 2 3

 0 1 2

 0 2 3

 0 1 2

 0 2 3

 0 1 2

 0 2 3

 0 1 2

 0 2 3

 0 1 2

 0 2 3

 0 1 2

 0 2 3

 0 1 2

 0 2 3

 0 1 2

 0 2 3

 0 1 2

 0 2 3

 0 1 2

 0 2 3

 0 1 2

 0 2 3

 0 1 2

 0 2 3

 0 1 2

 0 2 3

 0 1 2

 0 2 3

 0 1 2

 0 2 3

 0 1 2

 0 2 3

 0 1 2

 0 2 3

 0 1 2

 0 2 3

 0 1 2

 0 2 3

 0 1 2

 0 2 3

 0 1 2

 0 2 3

 0 1 2

 0 2 3

 0 1 2

 0 2 3

 0 1 2

 0 2 3

 0 1 2

 0 2 3

 0 1 2

 0 2 3

 0 1 2

 0 2 3

 0 1 2

 0 2 3

 0 1 2

 0 2 3

 0 1 2

 0 2 3

 0 1 2

 0 2 3

 0 1 2

 0 2 3

 0 1 2

 0 2 3

 0 1 2

 0 2 3

 0 1 2

 0 2 3

 0 1 2

 0 2 3

 0 1 2

 0 2 3

 0 1 2

 0 2 3

 0 1 2

 0 2 3

 0 1 2

 0 2 3

 0 1 2

 0 2 3

 0 1 2

 0 2 3

 0 1 2

 0 2 3

 0 1 2

 0 2 3

 0 1 2

 0 2 3

 0 1 2

 0 2 3

 0 1 2

 0 2 3

 0 1 2

 0 2 3

 0 1 2

 0 2 3

 0 1 2

 0 2 3

 0 1 2

 0 2 3

 0 1 2

 0 2 3

 0 1 2

 0 2 3

 0 1 2

 0 2 3

 0 1 2

 0 2 3

 0 1 2

 0 2 3

 0 1 2

 0 2 3

 0 1 2

 0 2 3

 0 1 2

 0 2 3

 0 1 2

 0 2 3

 0 1 2

 0 2 3

 0 1 2

 0 2 3

 0 1 2

 0 2 3

 0 1 2

 0 2 3

 0 1 2

 0 2 3

 0 1 2

 0 2 3

 0 1 2

 0 2 3

 0 1 2

 0 2 3

 0 1 2

 0 2 3

 0 1 2

 0 2 3

 0 1 2

 0 2 3

 0 1 2

 0 2 3

 0 1 2

 0 2 3

 0 1 2

 0 2 3

 0 1 2

 0 2 3

 0 1 2

 0 2 3

 0 1 2

 0 2 3

 0 1 2

 0 2 3

 0 1 2

 0 2 3

 0 1 2

 0 2 3

 0 1 2

 0 2 3

 0 1 2

 0 2 3

 0 1 2

 0 2 3

 0 1 2

 0 2 3

 0 1 2

 0 2 3

 0 1 2

 0 2 3

 0 1 2

 0 2 3

 0 1 2

 0 2 3

 0 1 2

 0 2 3

 0 1 2

 0 2 3

 0 1 2

 0 2 3

 0 1 2

 0 2 3

 0 1 2

 0 2 3

 0 1 2

 0 2 3

 0 1 2

 0 2 3

 0 1 2

 0 2 3

 0 1 2

 0 2 3

 0 1 2

 0 2 3

 0 1 2

 0 2 3

 0 1 2

 0 2 3

 0 1 2

 0 2 3

 0 1 2

 0 2 3

 0 1 2

 0 2 3

 0 1 2

 0 2 3

 0 1 2

 0 2 3

 0 1 2

 0 2 3

 0 1 2

 0 2 3

 0 1 2

 0 2 3

 0 1 2

 0 2 3

 0 1 2

 0 2 3

 0 1 2

 0 2 3

 0 1 2

 0 2 3

 0 1 2

 0 2 3

 0 1 2

 0 2 3

 0 1 2

 0 2 3

 0 1 2

 0 2 3

 0 1 2

 0 2 3

 0 1 2

 0 2 3

 0 1 2

 0 2 3

 0 1 2

 0 2 3

 0 1 2

 0 2 3

 0 1 2

 0 2 3

 0 1 2

 0 2 3

 0 1 2

 0 2 3

 0 1 2

 0 2 3

 0 1 2

 0 2 3

 0 1 2

 0 2 3

 0 1 2

 0 2 3

 0 1 2

 0 2 3

 0 1 2

 0 2 3

 0 1 2

 0 2 3

 0 1 2

 0 2 3

 0 1 2

 0 2 3

 0 1 2

 0 2 3

 0 1 2

 0 2 3

 0 1 2

 0 2 3

 0 1 2

 0 2 3

 0 1 2

 0 2 3

 0 1 2

 0 2 3

 0 1 2

 0 2 3

 0 1 2

 0 2 3

 0 1 2

 0 2 3

 0 1 2

 0 2 3

 0 1 2

 0 2 3

 0 1 2

 0 2 3

 0 1 2

 0 2 3

 0 1 2

 0 2 3

 0 1 2

 0 2 3

 0 1 2

 0 2 3

 0 1 2

 0 2 3

 0 1 2

 0 2 3

 0 1 2

 0 2 3

 0 1 2

 0 2 3

 0 1 2

 0 2 3

 0 1 2

 0 2 3

 0 1 2

 0 2 3

 0 1 2

 0 2 3

 0 1 2

 0 2 3

 0 1 2

 0 2 3

 0 1 2

 0 2 3

 0 1 2

 0 2 3

 0 1 2

 0 2 3

 0 1 2

 0 2 3

 0 1 2

 0 2 3

 0 1 2

 0 2 3

 0 1 2

 0 2 3

 0 1 2

 0 2 3

 0 1 2

 0 2 3

 0 1 2

 0 2 3

 0 1 2

 0 2 3

 0 1 2

 0 2 3

 0 1 2

 0 2 3

 0 1 2

 0 2 3

 0 1 2

 0 2 3

 0 1 2

 0 2 3

 0 1 2

 0 2 3

 0 1 2

 0 2 3

 0 1 2

 0 2 3

 0 1 2

 0 2 3

 0 1 2

 0 2 3

 0 1 2

 0 2 3

 0 1 2

 0 2 3

 0 1 2

 0 2 3

 0 1 2

 0 2 3

 0 1 2

 0 2 3

 0 1 2

 0 2 3

 0 1 2

 0 2 3

 0 1 2

 0 2 3

 0 1 2

 0 2 3

 0 1 2

 0 2 3

 0 1 2

 0 2 3

 0 1 2

 0 2 3

 0 1 2

 0 2 3

 0 1 2

 0 2 3

 0 1 2

 0 2 3

 0 1 2

 0 2 3

 0 1 2

 0 2 3

 0 1 2

 0 2 3

 0 1 2

 0 2 3

 0 1 2

 0 2 3

 0 1 2

 0 2 3

 0 1 2

 0 2 3

 0 1 2

 0 2 3

 0 1 2

 0 2 3

 13 14 15

 0 1 2

 0 2 3

 0 1 2

 0 2 3

 0 1 2

 0 2 3

 15 16 17

 18 13 19

 0 1 2

 0 2 3

 20 21 22

 20 22 23

 20 21 22

 20 22 23

 20 21 22

 20 22 23

 20 21 22

 20 22 23

 20 21 22

 20 22 23

 20 21 22

 20 22 23

 20 21 22

 20 22 23

 20 21 22

 20 22 23

 20 21 22

 20 22 23

 20 21 22

 20 22 23

 24 25 26

 24 26 27

 20 21 22

 20 22 23

 24 25 26

 24 26 27

 20 21 22

 20 22 23

 28 29 30

 28 30 31

 20 21 22

 20 22 23

 20 21 22

 20 22 23

 32 33 34

 32 34 35

 20 21 22

 20 22 23

 20 21 22

 20 22 23

 20 21 22

 20 22 23

 36 37 38

 36 38 39

 20 21 22

 20 22 23

 20 21 22

 20 22 23

 20 21 22

 20 22 23

 20 21 22

 20 22 23

 20 21 22

 20 22 23

 20 21 22

 20 22 23

 20 21 22

 20 22 23

 20 21 22

 20 22 23

 20 21 22

 20 22 23

 20 21 22

 20 22 23

 20 21 22

 20 22 23

 24 25 26

 24 26 27

 24 25 26

 24 26 27

 24 25 26

 24 26 27

 20 21 22

 20 22 23

 20 21 22

 20 22 23

 20 21 22

 20 22 23

 20 21 22

 20 22 23

 20 21 22

 20 22 23

 20 21 22

 20 22 23

 20 21 22

 20 22 23

 20 21 22

 20 22 23

 20 21 22

 20 22 23

 24 25 26

 24 26 27

 24 25 26

 24 26 27

 20 21 22

 20 22 23

 20 21 22

 20 22 23

 20 21 22

 20 22 23

 20 21 22

 20 22 23

 20 21 22

 20 22 23

 20 21 22

 20 22 23

 20 21 22

 20 22 23

 20 21 22

 20 22 23

 20 21 22

 20 22 23

 20 21 22

 20 22 23

 20 21 22

 20 22 23

 20 21 22

 20 22 23

 20 21 22

 20 22 23

 20 21 22

 20 22 23

 20 21 22

 20 22 23

 24 25 26

 24 26 27

 20 21 22

 20 22 23

 20 21 22

 20 22 23

 20 21 22

 20 22 23

 20 21 22

 20 22 23

 20 21 22

 20 22 23

 20 21 22

 20 22 23

 20 21 22

 20 22 23

 20 21 22

 20 22 23

 20 21 22

 20 22 23

 20 21 22

 20 22 23

 20 21 22

 20 22 23

 24 25 26

 24 26 27

 24 25 26

 24 26 27

 20 21 22

 20 22 23

 20 21 22

 20 22 23

 20 21 22

 20 22 23

 20 21 22

 20 22 23

 20 21 22

 20 22 23

 20 21 22

 20 22 23

 20 21 22

 20 22 23

 20 21 22

 20 22 23

 20 21 22

 20 22 23

 20 21 22

 20 22 23

 20 21 22

 20 22 23

 20 21 22

 20 22 23

 20 21 22

 20 22 23

 20 21 22

 20 22 23

 20 21 22

 20 22 23

 20 21 22

 20 22 23

 20 21 22

 20 22 23

 20 21 22

 20 22 23

 24 25 26

 24 26 27

 20 21 22

 20 22 23

 20 21 22

 20 22 23

 20 21 22

 20 22 23

 20 21 22

 20 22 23

 20 21 22

 20 22 23

 20 21 22

 20 22 23

 20 21 22

 20 22 23

 24 25 26

 24 26 27

 24 25 26

 24 26 27

 24 25 26

 24 26 27

 24 25 26

 24 26 27

 24 25 26

 24 26 27

 20 21 22

 20 22 23

 20 21 22

 20 22 23

 20 21 22

 20 22 23

 20 21 22

 20 22 23

 20 21 22

 20 22 23

 24 25 26

 24 26 27

 20 21 22

 20 22 23

 20 21 22

 20 22 23

 20 21 22

 20 22 23

 20 21 22

 20 22 23

 20 21 22

 20 22 23

 20 21 22

 20 22 23

 20 21 22

 20 22 23

 20 21 22

 20 22 23

 24 25 26

 24 26 27

 20 21 22

 20 22 23

 24 25 26

 24 26 27

 20 21 22

 20 22 23

 20 21 22

 20 22 23

 24 25 26

 24 26 27

 20 21 22

 20 22 23

 20 21 22

 20 22 23

 20 21 22

 20 22 23

 20 21 22

 20 22 23

 24 25 26

 24 26 27

 20 21 22

 20 22 23

 20 21 22

 20 22 23

 24 25 26

 24 26 27

 20 21 22

 20 22 23

 20 21 22

 20 22 23

 20 21 22

 20 22 23

 20 21 22

 20 22 23

 20 21 22

 20 22 23

 20 21 22

 20 22 23

 20 21 22

 20 22 23

 24 25 26

 24 26 27

 20 21 22

 20 22 23

 20 21 22

 20 22 23

 20 21 22

 20 22 23

 24 25 26

 24 26 27

 24 25 26

 24 26 27

 24 25 26

 24 26 27

 20 21 22

 20 22 23

 20 21 22

 20 22 23

 20 21 22

 20 22 23

 20 21 22

 20 22 23

 20 21 22

 20 22 23

 24 25 26

 24 26 27

 20 21 22

 20 22 23

 20 21 22

 20 22 23

 20 21 22

 20 22 23

 20 21 22

 20 22 23

 24 25 26

 24 26 27

 24 25 26

 24 26 27

 24 25 26

 24 26 27

 20 21 22

 20 22 23

 24 25 26

 24 26 27

 20 21 22

 20 22 23

 20 21 22

 20 22 23

 20 21 22

 20 22 23

 20 21 22

 20 22 23

 24 25 26

 24 26 27

 20 21 22

 20 22 23

 20 21 22

 20 22 23

 20 21 22

 20 22 23

 20 21 22

 20 22 23

 20 21 22

 20 22 23

 20 21 22

 20 22 23

 20 21 22

 20 22 23

 20 21 22

 20 22 23

 20 21 22

 20 22 23

 20 21 22

 20 22 23

 20 21 22

 20 22 23

 20 21 22

 20 22 23

 20 21 22

 20 22 23

 20 21 22

 20 22 23

 24 25 26

 24 26 27

 20 21 22

 20 22 23

 20 21 22

 20 22 23

 24 25 26

 24 26 27

 20 21 22

 20 22 23

 20 21 22

 20 22 23

 24 25 26

 24 26 27

 20 21 22

 20 22 23

 20 21 22

 20 22 23

 20 21 22

 20 22 23

 20 21 22

 20 22 23

 20 21 22

 20 22 23

 24 25 26

 24 26 27

 20 21 22

 20 22 23

 20 21 22

 20 22 23

 24 25 26

 24 26 27

 20 21 22

 20 22 23

 20 21 22

 20 22 23

 24 25 26

 24 26 27

 20 21 22

 20 22 23

 24 25 26

 24 26 27

 20 21 22

 20 22 23

 20 21 22

 20 22 23

 20 21 22

 20 22 23

 20 21 22

 20 22 23

 20 21 22

 20 22 23

 20 21 22

 20 22 23

 20 21 22

 20 22 23

 20 21 22

 20 22 23

 20 21 22

 20 22 23

 20 21 22

 20 22 23

 24 25 26

 24 26 27

 20 21 22

 20 22 23

 20 21 22

 20 22 23

 20 21 22

 20 22 23

 24 25 26

 24 26 27

 20 21 22

 20 22 23

 20 21 22

 20 22 23

 20 21 22

 20 22 23

 20 21 22

 20 22 23

 24 25 26

 24 26 27

 20 21 22

 20 22 23

 20 21 22

 20 22 23

 20 21 22

 20 22 23

 20 21 22

 20 22 23

 20 21 22

 20 22 23

 20 21 22

 20 22 23

 20 21 22

 20 22 23

 20 21 22

 20 22 23

 20 21 22

 20 22 23

 20 21 22

 20 22 23

 20 21 22

 20 22 23

 20 21 22

 20 22 23

 20 21 22

 20 22 23

 20 21 22

 20 22 23

 24 25 26

 24 26 27

 20 21 22

 20 22 23

 20 21 22

 20 22 23

 20 21 22

 20 22 23

 20 21 22

 20 22 23

 24 25 26

 24 26 27

 20 21 22

 20 22 23

 20 21 22

 20 22 23

 20 21 22

 20 22 23

 20 21 22

 20 22 23

 20 21 22

 20 22 23

 24 25 26

 24 26 27

 20 21 22

 20 22 23

 24 25 26

 24 26 27

 20 21 22

 20 22 23

 20 21 22

 20 22 23

 20 21 22

 20 22 23

 20 21 22

 20 22 23

 20 21 22

 20 22 23

 20 21 22

 20 22 23

 20 21 22

 20 22 23

 20 21 22

 20 22 23

 20 21 22

 20 22 23

 20 21 22

 20 22 23

 20 21 22

 20 22 23

 20 21 22

 20 22 23

 20 21 22

 20 22 23

 20 21 22

 20 22 23

 20 21 22

 20 22 23

 20 21 22

 20 22 23

 20 21 22

 20 22 23

 20 21 22

 20 22 23

 20 21 22

 20 22 23

 20 21 22

 20 22 23

 20 21 22

 20 22 23

 24 25 26

 24 26 27

 20 21 22

 20 22 23

 20 21 22

 20 22 23

 20 21 22

 20 22 23

 20 21 22

 20 22 23

 20 21 22

 20 22 23

 20 21 22

 20 22 23

 20 21 22

 20 22 23

 20 21 22

 20 22 23

 20 21 22

 20 22 23

 20 21 22

 20 22 23

 24 25 26

 24 26 27

 20 21 22

 20 22 23

 20 21 22

 20 22 23

 24 25 26

 24 26 27

 20 21 22

 20 22 23

 24 25 26

 24 26 27

 24 25 26

 24 26 27

 20 21 22

 20 22 23

 24 25 26

 24 26 27

 20 21 22

 20 22 23

 20 21 22

 20 22 23

 20 21 22

 20 22 23

 20 21 22

 20 22 23

 20 21 22

 20 22 23

 20 21 22

 20 22 23

 20 21 22

 20 22 23

 20 21 22

 20 22 23

 24 25 26

 24 26 27

 20 21 22

 20 22 23

 20 21 22

 20 22 23

 24 25 26

 24 26 27

 20 21 22

 20 22 23

 20 21 22

 20 22 23

 20 21 22

 20 22 23

 0 1 2

 0 2 3

 40 41 41

 40 41 41

 40 41 41

 40 41 41

 40 41 41

 40 41 41

 0 1 2

 0 2 3

 0 1 2

 0 2 3

 0 1 2

 0 2 3

 0 1 2

 0 2 3

 0 1 2

 0 2 3

 27 26 26

 0 1 2

 0 2 3

 0 1 2

 0 2 3

 0 1 2

 0 2 3

 0 1 2

 0 2 3

 0 1 2

 0 2 3

 0 1 2

 0 2 3

 0 1 2

 0 2 3

 0 1 2

 0 2 3

 0 1 2

 0 2 3

 0 1 2

 0 2 3

 0 1 2

 0 2 3

 0 1 2

 0 2 3

 0 1 2

 0 2 3

 0 1 2

 0 2 3

 0 1 2

 0 2 3

 0 1 2

 0 2 3

 0 1 2

 0 2 3

 0 1 2

 0 2 3

 0 1 2

 0 2 3

 0 1 2

 0 2 3

 0 1 2

 0 2 3

 0 1 2

 0 2 3

 0 1 2

 0 2 3

 0 1 2

 0 2 3

 0 1 2

 0 2 3

 0 1 2

 0 2 3

 0 1 2

 0 2 3

 0 1 2

 0 2 3

 0 1 2

 0 2 3

 0 1 2

 0 2 3

 0 1 2

 0 2 3

 0 1 2

 0 2 3

 0 1 2

 0 2 3

 0 1 2

 0 2 3

 0 1 2

 0 2 3

 0 1 2

 0 2 3

 0 1 2

 0 2 3

 0 1 2

 0 2 3

 0 1 2

 0 2 3

 0 1 2

 0 2 3

 0 1 2

 0 2 3

 0 1 2

 0 2 3

 0 1 2

 0 2 3

 0 1 2

 0 2 3

 0 1 2

 0 2 3

 0 1 2

 0 2 3

 0 1 2

 0 2 3

 0 1 2

 0 2 3

 0 1 2

 0 2 3

 0 1 2

 0 2 3

 0 1 2

 0 2 3

 0 1 2

 0 2 3

 0 1 2

 0 2 3

 0 1 2

 0 2 3

 0 1 2

 0 2 3

 0 1 2

 0 2 3

 0 1 2

 0 2 3

 0 1 2

 0 2 3

 0 1 2

 0 2 3

 0 1 2

 0 2 3

 0 1 2

 0 2 3

 0 1 2

 0 2 3

 0 1 2

 0 2 3

 0 1 2

 0 2 3

 0 1 2

 0 2 3

 0 1 2

 0 2 3

 0 1 2

 0 2 3

 0 1 2

 0 2 3

 0 1 2

 0 2 3

 0 1 2

 0 2 3

 0 1 2

 0 2 3

 0 1 2

 0 2 3

 0 1 2

 0 2 3

 0 1 2

 0 2 3

 0 1 2

 0 2 3

 0 1 2

 0 2 3

 0 1 2

 0 2 3

 0 1 2

 0 2 3

 0 1 2

 0 2 3

 0 1 2

 0 2 3

 0 1 2

 0 2 3

 0 1 2

 0 2 3

 0 1 2

 0 2 3

 0 1 2

 0 2 3

 0 1 2

 0 2 3

 0 1 2

 0 2 3

 0 1 2

 0 2 3

 0 1 2

 0 2 3

 0 1 2

 0 2 3

 0 1 2

 0 2 3

 0 1 2

 0 2 3

 0 1 2

 0 2 3

 0 1 2

 0 2 3

 0 1 2

 0 2 3

 0 1 2

 0 2 3

 0 1 2

 0 2 3

 0 1 2

 0 2 3

 0 1 2

 0 2 3

 0 1 2

 0 2 3

 0 1 2

 0 2 3

 0 1 2

 0 2 3

 0 1 2

 0 2 3

 0 1 2

 0 2 3

 0 1 2

 0 2 3

 41 27 41

 41 27 41

 27 27 41

 27 26 27

 41 27 41

 41 27 27

 27 26 27

 27 26 26

 0 1 2

 0 2 3

 0 1 2

 0 2 3

 0 1 2

 0 2 3

 41 27 27

 41 27 27

 41 27 41

 27 26 26

 27 26 27

 0 1 2

 0 2 3

 0 1 2

 0 2 3

 0 1 2

 0 2 3

 0 1 2

 0 2 3

 0 1 2

 0 2 3

 0 1 2

 0 2 3

 0 1 2

 0 2 3

 0 1 2

 0 2 3

 0 1 2

 0 2 3

 0 1 2

 0 2 3

 0 1 2

 0 2 3

 0 1 2

 0 2 3

 27 40 41

 27 41 41

 26 27 40

 26 40 27

 27 41 41

 27 41 40

 27 40 41

 27 41 41

 26 27 40

 26 40 27

 27 41 41

 27 41 40

 27 40 41

 27 41 41

 26 27 40

 26 40 27

 27 41 41

 27 41 40

 0 1 2

 0 2 3

 0 1 2

 0 2 3

 0 1 2

 0 2 3

 42 20 23

 42 23 43

 26 27 20

 26 20 42

 27 41 21

 27 21 20

 42 20 23

 42 23 43

 26 27 20

 26 20 42

 27 41 21

 27 21 20

 42 20 23

 42 23 43

 26 27 20

 26 20 42

 27 41 21

 27 21 20

 44 24 27

 44 27 41

 45 46 24

 45 24 44

 46 47 25

 46 25 24

 42 20 23

 42 23 43

 26 27 20

 26 20 42

 27 41 21

 27 21 20

 42 20 23

 42 23 43

 26 27 20

 26 20 42

 27 41 21

 27 21 20

 44 24 27

 44 27 41

 45 46 24

 45 24 44

 46 47 25

 46 25 24

 42 20 23

 42 23 43

 26 27 20

 26 20 42

 27 41 21

 27 21 20

 42 20 23

 42 23 43

 26 27 20

 26 20 42

 27 41 21

 27 21 20

 42 20 23

 42 23 43

 26 27 20

 26 20 42

 27 41 21

 27 21 20

 42 20 23

 42 23 43

 26 27 20

 26 20 42

 27 41 21

 27 21 20

 42 20 23

 42 23 43

 26 27 20

 26 20 42

 27 41 21

 27 21 20

 42 20 23

 42 23 43

 26 27 20

 26 20 42

 27 41 21

 27 21 20

 42 20 23

 42 23 43

 26 27 20

 26 20 42

 27 41 21

 27 21 20

 42 20 23

 42 23 43

 26 27 20

 26 20 42

 27 41 21

 27 21 20

 44 24 27

 44 27 41

 45 46 24

 45 24 44

 46 47 25

 46 25 24

 42 20 23

 42 23 43

 26 27 20

 26 20 42

 27 41 21

 27 21 20

 44 24 27

 44 27 41

 45 46 24

 45 24 44

 46 47 25

 46 25 24

 44 24 27

 44 27 41

 45 46 24

 45 24 44

 46 47 25

 46 25 24

 42 20 23

 42 23 43

 26 27 20

 26 20 42

 27 41 21

 27 21 20

 44 24 27

 44 27 41

 45 46 24

 45 24 44

 46 47 25

 46 25 24

 42 20 23

 42 23 43

 26 27 20

 26 20 42

 27 41 21

 27 21 20

 42 20 23

 42 23 43

 26 27 20

 26 20 42

 27 41 21

 27 21 20

 44 24 27

 44 27 41

 45 46 24

 45 24 44

 46 47 25

 46 25 24

 42 20 23

 42 23 43

 26 27 20

 26 20 42

 27 41 21

 27 21 20

 42 20 23

 42 23 43

 26 27 20

 26 20 42

 27 41 21

 27 21 20

 42 20 23

 42 23 43

 26 27 20

 26 20 42

 27 41 21

 27 21 20

 42 20 23

 42 23 43

 26 27 20

 26 20 42

 27 41 21

 27 21 20

 42 20 23

 42 23 43

 26 27 20

 26 20 42

 27 41 21

 27 21 20

 42 20 23

 42 23 43

 26 27 20

 26 20 42

 27 41 21

 27 21 20

 42 20 23

 42 23 43

 26 27 20

 26 20 42

 27 41 21

 27 21 20

 42 20 23

 42 23 43

 26 27 20

 26 20 42

 27 41 21

 27 21 20

 42 20 23

 42 23 43

 26 27 20

 26 20 42

 27 41 21

 27 21 20

 42 20 23

 42 23 43

 26 27 20

 26 20 42

 27 41 21

 27 21 20

 44 24 27

 44 27 41

 45 46 24

 45 24 44

 46 47 25

 46 25 24

 42 20 23

 42 23 43

 26 27 20

 26 20 42

 27 41 21

 27 21 20

 42 20 23

 42 23 43

 26 27 20

 26 20 42

 27 41 21

 27 21 20

 42 20 23

 42 23 43

 26 27 20

 26 20 42

 27 41 21

 27 21 20

 42 20 23

 42 23 43

 26 27 20

 26 20 42

 27 41 21

 27 21 20

 42 20 23

 42 23 43

 26 27 20

 26 20 42

 27 41 21

 27 21 20

 42 20 23

 42 23 43

 26 27 20

 26 20 42

 27 41 21

 27 21 20

 42 20 23

 42 23 43

 26 27 20

 26 20 42

 27 41 21

 27 21 20

 42 20 23

 42 23 43

 26 27 20

 26 20 42

 27 41 21

 27 21 20

 42 20 23

 42 23 43

 26 27 20

 26 20 42

 27 41 21

 27 21 20

 42 20 23

 42 23 43

 26 27 20

 26 20 42

 27 41 21

 27 21 20

 42 20 23

 42 23 43

 26 27 20

 26 20 42

 27 41 21

 27 21 20

 42 20 23

 42 23 43

 26 27 20

 26 20 42

 27 41 21

 27 21 20

 42 20 23

 42 23 43

 26 27 20

 26 20 42

 27 41 21

 27 21 20

 42 20 23

 42 23 43

 26 27 20

 26 20 42

 27 41 21

 27 21 20

 42 20 23

 42 23 43

 26 27 20

 26 20 42

 27 41 21

 27 21 20

 42 20 23

 42 23 43

 26 27 20

 26 20 42

 27 41 21

 27 21 20

 42 20 23

 42 23 43

 26 27 20

 26 20 42

 27 41 21

 27 21 20

 42 20 23

 42 23 43

 26 27 20

 26 20 42

 27 41 21

 27 21 20

 42 20 23

 42 23 43

 26 27 20

 26 20 42

 27 41 21

 27 21 20

 42 20 23

 42 23 43

 26 27 20

 26 20 42

 27 41 21

 27 21 20

 42 20 23

 42 23 43

 26 27 20

 26 20 42

 27 41 21

 27 21 20

 44 24 27

 44 27 41

 45 46 24

 45 24 44

 46 47 25

 46 25 24

 42 20 23

 42 23 43

 26 27 20

 26 20 42

 27 41 21

 27 21 20

 44 24 27

 44 27 41

 45 46 24

 45 24 44

 46 47 25

 46 25 24

 42 20 23

 42 23 43

 26 27 20

 26 20 42

 27 41 21

 27 21 20

 42 20 23

 42 23 43

 26 27 20

 26 20 42

 27 41 21

 27 21 20

 42 20 23

 42 23 43

 26 27 20

 26 20 42

 27 41 21

 27 21 20

 42 20 23

 42 23 43

 26 27 20

 26 20 42

 27 41 21

 27 21 20

 42 20 23

 42 23 43

 26 27 20

 26 20 42

 27 41 21

 27 21 20

 44 24 27

 44 27 41

 45 46 24

 45 24 44

 46 47 25

 46 25 24

 42 20 23

 42 23 43

 26 27 20

 26 20 42

 27 41 21

 27 21 20

 42 20 23

 42 23 43

 26 27 20

 26 20 42

 27 41 21

 27 21 20

 42 20 23

 42 23 43

 26 27 20

 26 20 42

 27 41 21

 27 21 20

 42 20 23

 42 23 43

 26 27 20

 26 20 42

 27 41 21

 27 21 20

 44 24 27

 44 27 41

 45 46 24

 45 24 44

 46 47 25

 46 25 24

 42 20 23

 42 23 43

 26 27 20

 26 20 42

 27 41 21

 27 21 20

 42 20 23

 42 23 43

 26 27 20

 26 20 42

 27 41 21

 27 21 20

 42 20 23

 42 23 43

 26 27 20

 26 20 42

 27 41 21

 27 21 20

 42 20 23

 42 23 43

 26 27 20

 26 20 42

 27 41 21

 27 21 20

 42 20 23

 42 23 43

 26 27 20

 26 20 42

 27 41 21

 27 21 20

 42 20 23

 42 23 43

 26 27 20

 26 20 42

 27 41 21

 27 21 20

 42 20 23

 42 23 43

 26 27 20

 26 20 42

 27 41 21

 27 21 20

 42 20 23

 42 23 43

 26 27 20

 26 20 42

 27 41 21

 27 21 20

 42 20 23

 42 23 43

 26 27 20

 26 20 42

 27 41 21

 27 21 20

 42 20 23

 42 23 43

 26 27 20

 26 20 42

 27 41 21

 27 21 20

 42 20 23

 42 23 43

 26 27 20

 26 20 42

 27 41 21

 27 21 20

 42 20 23

 42 23 43

 26 27 20

 26 20 42

 27 41 21

 27 21 20

 42 20 23

 42 23 43

 26 27 20

 26 20 42

 27 41 21

 27 21 20

 42 20 23

 42 23 43

 26 27 20

 26 20 42

 27 41 21

 27 21 20

 44 24 27

 44 27 41

 45 46 24

 45 24 44

 46 47 25

 46 25 24

 42 20 23

 42 23 43

 26 27 20

 26 20 42

 27 41 21

 27 21 20

 42 20 23

 42 23 43

 26 27 20

 26 20 42

 27 41 21

 27 21 20

 42 20 23

 42 23 43

 26 27 20

 26 20 42

 27 41 21

 27 21 20

 42 20 23

 42 23 43

 26 27 20

 26 20 42

 27 41 21

 27 21 20

 44 24 27

 44 27 41

 45 46 24

 45 24 44

 46 47 25

 46 25 24

 42 20 23

 42 23 43

 26 27 20

 26 20 42

 27 41 21

 27 21 20

 42 20 23

 42 23 43

 26 27 20

 26 20 42

 27 41 21

 27 21 20

 42 20 23

 42 23 43

 26 27 20

 26 20 42

 27 41 21

 27 21 20

 44 24 27

 44 27 41

 45 46 24

 45 24 44

 46 47 25

 46 25 24

 42 20 23

 42 23 43

 26 27 20

 26 20 42

 27 41 21

 27 21 20

 42 20 23

 42 23 43

 26 27 20

 26 20 42

 27 41 21

 27 21 20

 42 20 23

 42 23 43

 26 27 20

 26 20 42

 27 41 21

 27 21 20

 42 20 23

 42 23 43

 26 27 20

 26 20 42

 27 41 21

 27 21 20

 42 20 23

 42 23 43

 26 27 20

 26 20 42

 27 41 21

 27 21 20

 42 20 23

 42 23 43

 26 27 20

 26 20 42

 27 41 21

 27 21 20

 42 20 23

 42 23 43

 26 27 20

 26 20 42

 27 41 21

 27 21 20

 42 20 23

 42 23 43

 26 27 20

 26 20 42

 27 41 21

 27 21 20

 42 20 23

 42 23 43

 26 27 20

 26 20 42

 27 41 21

 27 21 20

 42 20 23

 42 23 43

 26 27 20

 26 20 42

 27 41 21

 27 21 20

 44 24 27

 44 27 41

 45 46 24

 45 24 44

 46 47 25

 46 25 24

 42 20 23

 42 23 43

 26 27 20

 26 20 42

 27 41 21

 27 21 20

 44 24 27

 44 27 41

 45 46 24

 45 24 44

 46 47 25

 46 25 24

 42 20 23

 42 23 43

 26 27 20

 26 20 42

 27 41 21

 27 21 20

 42 20 23

 42 23 43

 26 27 20

 26 20 42

 27 41 21

 27 21 20

 44 24 27

 44 27 41

 45 46 24

 45 24 44

 46 47 25

 46 25 24

 42 20 23

 42 23 43

 26 27 20

 26 20 42

 27 41 21

 27 21 20

 42 20 23

 42 23 43

 26 27 20

 26 20 42

 27 41 21

 27 21 20

 44 24 27

 44 27 41

 45 46 24

 45 24 44

 46 47 25

 46 25 24

 42 20 23

 42 23 43

 26 27 20

 26 20 42

 27 41 21

 27 21 20

 42 20 23

 42 23 43

 26 27 20

 26 20 42

 27 41 21

 27 21 20

 42 20 23

 42 23 43

 26 27 20

 26 20 42

 27 41 21

 27 21 20

 42 20 23

 42 23 43

 26 27 20

 26 20 42

 27 41 21

 27 21 20

 42 20 23

 42 23 43

 26 27 20

 26 20 42

 27 41 21

 27 21 20

 44 24 27

 44 27 41

 45 46 24

 45 24 44

 46 47 25

 46 25 24

 42 20 23

 42 23 43

 26 27 20

 26 20 42

 27 41 21

 27 21 20

 42 20 23

 42 23 43

 26 27 20

 26 20 42

 27 41 21

 27 21 20

 44 24 27

 44 27 41

 45 46 24

 45 24 44

 46 47 25

 46 25 24

 42 20 23

 42 23 43

 26 27 20

 26 20 42

 27 41 21

 27 21 20

 42 20 23

 42 23 43

 26 27 20

 26 20 42

 27 41 21

 27 21 20

 44 24 27

 44 27 41

 45 46 24

 45 24 44

 46 47 25

 46 25 24

 42 20 23

 42 23 43

 26 27 20

 26 20 42

 27 41 21

 27 21 20

 42 20 23

 42 23 43

 26 27 20

 26 20 42

 27 41 21

 27 21 20

 42 20 23

 42 23 43

 26 27 20

 26 20 42

 27 41 21

 27 21 20

 42 20 23

 42 23 43

 26 27 20

 26 20 42

 27 41 21

 27 21 20

 42 20 23

 42 23 43

 26 27 20

 26 20 42

 27 41 21

 27 21 20

 42 20 23

 42 23 43

 26 27 20

 26 20 42

 27 41 21

 27 21 20

 42 20 23

 42 23 43

 26 27 20

 26 20 42

 27 41 21

 27 21 20

 42 20 23

 42 23 43

 26 27 20

 26 20 42

 27 41 21

 27 21 20

 42 20 23

 42 23 43

 26 27 20

 26 20 42

 27 41 21

 27 21 20

 42 20 23

 42 23 43

 26 27 20

 26 20 42

 27 41 21

 27 21 20

 42 20 23

 42 23 43

 26 27 20

 26 20 42

 27 41 21

 27 21 20

 42 20 23

 42 23 43

 26 27 20

 26 20 42

 27 41 21

 27 21 20

 42 20 23

 42 23 43

 26 27 20

 26 20 42

 27 41 21

 27 21 20

 42 20 23

 42 23 43

 26 27 20

 26 20 42

 27 41 21

 27 21 20

 44 24 27

 44 27 41

 45 46 24

 45 24 44

 46 47 25

 46 25 24

 42 20 23

 42 23 43

 26 27 20

 26 20 42

 27 41 21

 27 21 20

 42 20 23

 42 23 43

 26 27 20

 26 20 42

 27 41 21

 27 21 20

 42 20 23

 42 23 43

 26 27 20

 26 20 42

 27 41 21

 27 21 20

 42 20 23

 42 23 43

 26 27 20

 26 20 42

 27 41 21

 27 21 20

 44 24 27

 44 27 41

 45 46 24

 45 24 44

 46 47 25

 46 25 24

 42 20 23

 42 23 43

 26 27 20

 26 20 42

 27 41 21

 27 21 20

 44 24 27

 44 27 41

 45 46 24

 45 24 44

 46 47 25

 46 25 24

 44 24 27

 44 27 41

 45 46 24

 45 24 44

 46 47 25

 46 25 24

 44 24 27

 44 27 41

 45 46 24

 45 24 44

 46 47 25

 46 25 24

 42 20 23

 42 23 43

 26 27 20

 26 20 42

 27 41 21

 27 21 20

 42 20 23

 42 23 43

 26 27 20

 26 20 42

 27 41 21

 27 21 20

 42 20 23

 42 23 43

 26 27 20

 26 20 42

 27 41 21

 27 21 20

 42 20 23

 42 23 43

 26 27 20

 26 20 42

 27 41 21

 27 21 20

 44 24 27

 44 27 41

 45 46 24

 45 24 44

 46 47 25

 46 25 24

 42 20 23

 42 23 43

 26 27 20

 26 20 42

 27 41 21

 27 21 20

 42 20 23

 42 23 43

 26 27 20

 26 20 42

 27 41 21

 27 21 20

 42 20 23

 42 23 43

 26 27 20

 26 20 42

 27 41 21

 27 21 20

 42 20 23

 42 23 43

 26 27 20

 26 20 42

 27 41 21

 27 21 20

 42 20 23

 42 23 43

 26 27 20

 26 20 42

 27 41 21

 27 21 20

 44 24 27

 44 27 41

 45 46 24

 45 24 44

 46 47 25

 46 25 24

 44 24 27

 44 27 41

 45 46 24

 45 24 44

 46 47 25

 46 25 24

 44 24 27

 44 27 41

 45 46 24

 45 24 44

 46 47 25

 46 25 24

 42 20 23

 42 23 43

 26 27 20

 26 20 42

 27 41 21

 27 21 20

 42 20 23

 42 23 43

 26 27 20

 26 20 42

 27 41 21

 27 21 20

 42 20 23

 42 23 43

 26 27 20

 26 20 42

 27 41 21

 27 21 20

 44 24 27

 44 27 41

 45 46 24

 45 24 44

 46 47 25

 46 25 24

 42 20 23

 42 23 43

 26 27 20

 26 20 42

 27 41 21

 27 21 20

 42 20 23

 42 23 43

 26 27 20

 26 20 42

 27 41 21

 27 21 20

 42 20 23

 42 23 43

 26 27 20

 26 20 42

 27 41 21

 27 21 20

 42 20 23

 42 23 43

 26 27 20

 26 20 42

 27 41 21

 27 21 20

 42 20 23

 42 23 43

 26 27 20

 26 20 42

 27 41 21

 27 21 20

 42 20 23

 42 23 43

 26 27 20

 26 20 42

 27 41 21

 27 21 20

 42 20 23

 42 23 43

 26 27 20

 26 20 42

 27 41 21

 27 21 20

 44 24 27

 44 27 41

 45 46 24

 45 24 44

 46 47 25

 46 25 24

 42 20 23

 42 23 43

 26 27 20

 26 20 42

 27 41 21

 27 21 20

 42 20 23

 42 23 43

 26 27 20

 26 20 42

 27 41 21

 27 21 20

 44 24 27

 44 27 41

 45 46 24

 45 24 44

 46 47 25

 46 25 24

 42 20 23

 42 23 43

 26 27 20

 26 20 42

 27 41 21

 27 21 20

 42 20 23

 42 23 43

 26 27 20

 26 20 42

 27 41 21

 27 21 20

 42 20 23

 42 23 43

 26 27 20

 26 20 42

 27 41 21

 27 21 20

 42 20 23

 42 23 43

 26 27 20

 26 20 42

 27 41 21

 27 21 20

 44 24 27

 44 27 41

 45 46 24

 45 24 44

 46 47 25

 46 25 24

 42 20 23

 42 23 43

 26 27 20

 26 20 42

 27 41 21

 27 21 20

 42 20 23

 42 23 43

 26 27 20

 26 20 42

 27 41 21

 27 21 20

 44 24 27

 44 27 41

 45 46 24

 45 24 44

 46 47 25

 46 25 24

 42 20 23

 42 23 43

 26 27 20

 26 20 42

 27 41 21

 27 21 20

 44 24 27

 44 27 41

 45 46 24

 45 24 44

 46 47 25

 46 25 24

 42 20 23

 42 23 43

 26 27 20

 26 20 42

 27 41 21

 27 21 20

 42 20 23

 42 23 43

 26 27 20

 26 20 42

 27 41 21

 27 21 20

 42 20 23

 42 23 43

 26 27 20

 26 20 42

 27 41 21

 27 21 20

 42 20 23

 42 23 43

 26 27 20

 26 20 42

 27 41 21

 27 21 20

 42 20 23

 42 23 43

 26 27 20

 26 20 42

 27 41 21

 27 21 20

 42 20 23

 42 23 43

 26 27 20

 26 20 42

 27 41 21

 27 21 20

 42 20 23

 42 23 43

 26 27 20

 26 20 42

 27 41 21

 27 21 20

 42 20 23

 42 23 43

 26 27 20

 26 20 42

 27 41 21

 27 21 20

 44 24 27

 44 27 41

 45 46 24

 45 24 44

 46 47 25

 46 25 24

 42 20 23

 42 23 43

 26 27 20

 26 20 42

 27 41 21

 27 21 20

 42 20 23

 42 23 43

 26 27 20

 26 20 42

 27 41 21

 27 21 20

 42 20 23

 42 23 43

 26 27 20

 26 20 42

 27 41 21

 27 21 20

 42 20 23

 42 23 43

 26 27 20

 26 20 42

 27 41 21

 27 21 20

 42 20 23

 42 23 43

 26 27 20

 26 20 42

 27 41 21

 27 21 20

 44 24 27

 44 27 41

 45 46 24

 45 24 44

 46 47 25

 46 25 24

 44 24 27

 44 27 41

 45 46 24

 45 24 44

 46 47 25

 46 25 24

 44 24 27

 44 27 41

 45 46 24

 45 24 44

 46 47 25

 46 25 24

 44 24 27

 44 27 41

 45 46 24

 45 24 44

 46 47 25

 46 25 24

 44 24 27

 44 27 41

 45 46 24

 45 24 44

 46 47 25

 46 25 24

 42 20 23

 42 23 43

 26 27 20

 26 20 42

 27 41 21

 27 21 20

 42 20 23

 42 23 43

 26 27 20

 26 20 42

 27 41 21

 27 21 20

 42 20 23

 42 23 43

 26 27 20

 26 20 42

 27 41 21

 27 21 20

 42 20 23

 42 23 43

 26 27 20

 26 20 42

 27 41 21

 27 21 20

 42 20 23

 42 23 43

 26 27 20

 26 20 42

 27 41 21

 27 21 20

 42 20 23

 42 23 43

 26 27 20

 26 20 42

 27 41 21

 27 21 20

 42 20 23

 42 23 43

 26 27 20

 26 20 42

 27 41 21

 27 21 20

 44 24 27

 44 27 41

 45 46 24

 45 24 44

 46 47 25

 46 25 24

 42 20 23

 42 23 43

 26 27 20

 26 20 42

 27 41 21

 27 21 20

 42 20 23

 42 23 43

 26 27 20

 26 20 42

 27 41 21

 27 21 20

 42 20 23

 42 23 43

 26 27 20

 26 20 42

 27 41 21

 27 21 20

 42 20 23

 42 23 43

 26 27 20

 26 20 42

 27 41 21

 27 21 20

 42 20 23

 42 23 43

 26 27 20

 26 20 42

 27 41 21

 27 21 20

 42 20 23

 42 23 43

 26 27 20

 26 20 42

 27 41 21

 27 21 20

 42 20 23

 42 23 43

 26 27 20

 26 20 42

 27 41 21

 27 21 20

 42 20 23

 42 23 43

 26 27 20

 26 20 42

 27 41 21

 27 21 20

 42 20 23

 42 23 43

 26 27 20

 26 20 42

 27 41 21

 27 21 20

 42 20 23

 42 23 43

 26 27 20

 26 20 42

 27 41 21

 27 21 20

 42 20 23

 42 23 43

 26 27 20

 26 20 42

 27 41 21

 27 21 20

 42 20 23

 42 23 43

 26 27 20

 26 20 42

 27 41 21

 27 21 20

 42 20 23

 42 23 43

 26 27 20

 26 20 42

 27 41 21

 27 21 20

 42 20 23

 42 23 43

 26 27 20

 26 20 42

 27 41 21

 27 21 20

 42 20 23

 42 23 43

 26 27 20

 26 20 42

 27 41 21

 27 21 20

 42 20 23

 42 23 43

 26 27 20

 26 20 42

 27 41 21

 27 21 20

 42 20 23

 42 23 43

 26 27 20

 26 20 42

 27 41 21

 27 21 20

 42 20 23

 42 23 43

 26 27 20

 26 20 42

 27 41 21

 27 21 20

 44 24 27

 44 27 41

 45 46 24

 45 24 44

 46 47 25

 46 25 24

 44 24 27

 44 27 41

 45 46 24

 45 24 44

 46 47 25

 46 25 24

 42 20 23

 42 23 43

 26 27 20

 26 20 42

 27 41 21

 27 21 20

 42 20 23

 42 23 43

 26 27 20

 26 20 42

 27 41 21

 27 21 20

 42 20 23

 42 23 43

 26 27 20

 26 20 42

 27 41 21

 27 21 20

 42 20 23

 42 23 43

 26 27 20

 26 20 42

 27 41 21

 27 21 20

 42 20 23

 42 23 43

 26 27 20

 26 20 42

 27 41 21

 27 21 20

 42 20 23

 42 23 43

 26 27 20

 26 20 42

 27 41 21

 27 21 20

 42 20 23

 42 23 43

 26 27 20

 26 20 42

 27 41 21

 27 21 20

 42 20 23

 42 23 43

 26 27 20

 26 20 42

 27 41 21

 27 21 20

 42 20 23

 42 23 43

 26 27 20

 26 20 42

 27 41 21

 27 21 20

 42 20 23

 42 23 43

 26 27 20

 26 20 42

 27 41 21

 27 21 20

 42 20 23

 42 23 43

 26 27 20

 26 20 42

 27 41 21

 27 21 20

 44 24 27

 44 27 41

 45 46 24

 45 24 44

 46 47 25

 46 25 24

 42 20 23

 42 23 43

 26 27 20

 26 20 42

 27 41 21

 27 21 20

 42 20 23

 42 23 43

 26 27 20

 26 20 42

 27 41 21

 27 21 20

 42 20 23

 42 23 43

 26 27 20

 26 20 42

 27 41 21

 27 21 20

 42 20 23

 42 23 43

 26 27 20

 26 20 42

 27 41 21

 27 21 20

 42 20 23

 42 23 43

 26 27 20

 26 20 42

 27 41 21

 27 21 20

 42 20 23

 42 23 43

 26 27 20

 26 20 42

 27 41 21

 27 21 20

 42 20 23

 42 23 43

 26 27 20

 26 20 42

 27 41 21

 27 21 20

 42 20 23

 42 23 43

 26 27 20

 26 20 42

 27 41 21

 27 21 20

 42 20 23

 42 23 43

 26 27 20

 26 20 42

 27 41 21

 27 21 20

 42 20 23

 42 23 43

 26 27 20

 26 20 42

 27 41 21

 27 21 20

 42 20 23

 42 23 43

 26 27 20

 26 20 42

 27 41 21

 27 21 20

 42 20 23

 42 23 43

 26 27 20

 26 20 42

 27 41 21

 27 21 20

 42 20 23

 42 23 43

 26 27 20

 26 20 42

 27 41 21

 27 21 20

 42 20 23

 42 23 43

 26 27 20

 26 20 42

 27 41 21

 27 21 20

 42 20 23

 42 23 43

 26 27 20

 26 20 42

 27 41 21

 27 21 20

 44 24 27

 44 27 41

 45 46 24

 45 24 44

 46 47 25

 46 25 24

 44 24 27

 44 27 41

 45 46 24

 45 24 44

 46 47 25

 46 25 24

 42 20 23

 42 23 43

 26 27 20

 26 20 42

 27 41 21

 27 21 20

 42 20 23

 42 23 43

 26 27 20

 26 20 42

 27 41 21

 27 21 20

 42 20 23

 42 23 43

 26 27 20

 26 20 42

 27 41 21

 27 21 20

 42 20 23

 42 23 43

 26 27 20

 26 20 42

 27 41 21

 27 21 20

 42 20 23

 42 23 43

 26 27 20

 26 20 42

 27 41 21

 27 21 20

 42 20 23

 42 23 43

 26 27 20

 26 20 42

 27 41 21

 27 21 20

 42 20 23

 42 23 43

 26 27 20

 26 20 42

 27 41 21

 27 21 20

 42 20 23

 42 23 43

 26 27 20

 26 20 42

 27 41 21

 27 21 20

 42 20 23

 42 23 43

 26 27 20

 26 20 42

 27 41 21

 27 21 20

 44 24 27

 44 27 41

 45 46 24

 45 24 44

 46 47 25

 46 25 24

 44 24 27

 44 27 41

 45 46 24

 45 24 44

 46 47 25

 46 25 24

 44 24 27

 44 27 41

 45 46 24

 45 24 44

 46 47 25

 46 25 24

 42 20 23

 42 23 43

 26 27 20

 26 20 42

 27 41 21

 27 21 20

 42 20 23

 42 23 43

 26 27 20

 26 20 42

 27 41 21

 27 21 20

 42 20 23

 42 23 43

 26 27 20

 26 20 42

 27 41 21

 27 21 20

 42 20 23

 42 23 43

 26 27 20

 26 20 42

 27 41 21

 27 21 20

 42 20 23

 42 23 43

 26 27 20

 26 20 42

 27 41 21

 27 21 20

 42 20 23

 42 23 43

 26 27 20

 26 20 42

 27 41 21

 27 21 20

 42 20 23

 42 23 43

 26 27 20

 26 20 42

 27 41 21

 27 21 20

 42 20 23

 42 23 43

 26 27 20

 26 20 42

 27 41 21

 27 21 20

 42 20 23

 42 23 43

 26 27 20

 26 20 42

 27 41 21

 27 21 20

 48 49 50

 48 50 51

 52 53 49

 52 49 48

 27 41 21

 27 21 20

 42 20 23

 42 23 43

 26 27 20

 26 20 42

 27 41 21

 27 21 20

 54 32 35

 54 35 55

 56 57 32

 56 32 54

 58 59 37

 58 37 36

 42 20 23

 42 23 43

 26 27 20

 26 20 42

 27 41 21

 27 21 20

 42 20 23

 42 23 43

 26 27 20

 26 20 42

 27 41 21

 27 21 20

 42 20 23

 42 23 43

 26 27 20

 26 20 42

 27 41 21

 27 21 20

 60 61 62

 60 62 63

 64 65 61

 64 61 60

 57 66 33

 57 33 32

 42 20 23

 42 23 43

 26 27 20

 26 20 42

 27 41 21

 27 21 20

 42 20 23

 42 23 43

 26 27 20

 26 20 42

 27 41 21

 27 21 20

 42 20 23

 42 23 43

 26 27 20

 26 20 42

 67 68 29

 67 29 28

 42 20 23

 42 23 43

 26 27 20

 26 20 42

 27 41 21

 27 21 20

 44 24 27

 44 27 41

 45 46 24

 45 24 44

 46 47 25

 46 25 24

 42 20 23

 42 23 43

 26 27 20

 26 20 42

 27 41 21

 27 21 20

 44 24 27

 44 27 41

 45 46 24

 45 24 44

 46 47 25

 46 25 24

 42 20 23

 42 23 43

 26 27 20

 26 20 42

 27 41 21

 27 21 20

 42 20 23

 42 23 43

 26 27 20

 26 20 42

 27 41 21

 27 21 20

 42 20 23

 42 23 43

 26 27 20

 26 20 42

 27 41 21

 27 21 20

 42 20 23

 42 23 43

 26 27 20

 26 20 42

 27 41 21

 27 21 20

 42 20 23

 42 23 43

 26 27 20

 26 20 42

 27 41 21

 27 21 20

 42 20 23

 42 23 43

 26 27 20

 26 20 42

 27 41 21

 27 21 20

 42 20 23

 42 23 43

 26 27 20

 26 20 42

 27 41 21

 27 21 20

 42 20 23

 42 23 43

 26 27 20

 26 20 42

 27 41 21

 27 21 20

 42 20 23

 42 23 43

 26 27 20

 26 20 42

 27 41 21

 27 21 20

 42 20 23

 42 23 43

 26 27 20

 26 20 42

 27 41 21

 27 21 20

 0 1 2

 0 2 3

 0 1 2

 0 2 3

 0 1 2

 0 2 3

 69 70 71

 0 1 2

 0 2 3

 0 1 2

 0 2 3

 71 72 73

 0 1 2

 0 2 3

 0 1 2

 0 2 3

 0 1 2

 0 2 3

 0 1 2

 0 2 3

 0 1 2

 0 2 3

 0 1 2

 0 2 3

 0 1 2

 0 2 3

 0 1 2

 0 2 3

 0 1 2

 0 2 3

 0 1 2

 0 2 3

 0 1 2

 0 2 3

 73 72 74

 75 76 74

 76 75 77

 78 77 79

 78 79 80

 78 81 82

 0 1 2

 0 2 3

 0 1 2

 0 2 3

 0 1 2

 0 2 3

 0 1 2

 0 2 3

 0 1 2

 0 2 3

 0 1 2

 0 2 3

 0 1 2

 0 2 3

 0 1 2

 0 2 3

 0 1 2

 0 2 3

 0 1 2

 0 2 3

 0 1 2

 0 2 3

 0 1 2

 0 2 3

 0 1 2

 0 2 3

 0 1 2

 0 2 3

 0 1 2

 0 2 3

 0 1 2

 0 2 3

 0 1 2

 0 2 3

 0 1 2

 0 2 3

 0 1 2

 0 2 3

 0 1 2

 0 2 3

 0 1 2

 0 2 3

 0 1 2

 0 2 3

 0 1 2

 0 2 3

 0 1 2

 0 2 3

 0 1 2

 0 2 3

 0 1 2

 0 2 3

 0 1 2

 0 2 3

 0 1 2

 0 2 3

 0 1 2

 0 2 3

 0 1 2

 0 2 3

 0 1 2

 0 2 3

 0 1 2

 0 2 3

 0 1 2

 0 2 3

 0 1 2

 0 2 3

 0 1 2

 0 2 3

 0 1 2

 0 2 3

 0 1 2

 0 2 3

 0 1 2

 0 2 3

 0 1 2

 0 2 3

 0 1 2

 0 2 3

 0 1 2

 0 2 3

 0 1 2

 0 2 3

 0 1 2

 0 2 3

 0 1 2

 0 2 3

 0 1 2

 0 2 3

 0 1 2

 0 2 3

 0 1 2

 0 2 3

 0 1 2

 0 2 3

 0 1 2

 0 2 3

 0 1 2

 0 2 3

 0 1 2

 0 2 3

 0 1 2

 0 2 3

 0 1 2

 0 2 3

 0 1 2

 0 2 3

 0 1 2

 0 2 3

 0 1 2

 0 2 3

 0 1 2

 0 2 3

 0 1 2

 0 2 3

 0 1 2

 0 2 3

 0 1 2

 0 2 3

 0 1 2

 0 2 3

 0 1 2

 0 2 3

 0 1 2

 0 2 3

 0 1 2

 0 2 3

 0 1 2

 0 2 3

 0 1 2

 0 2 3

 0 1 2

 0 2 3

 0 1 2

 0 2 3

 0 1 2

 0 2 3

 0 1 2

 0 2 3

 0 1 2

 0 2 3

 0 1 2

 0 2 3

 0 1 2

 0 2 3

 0 1 2

 0 2 3

 0 1 2

 0 2 3

 0 1 2

 0 2 3

 0 1 2

 0 2 3

 0 1 2

 0 2 3

 0 1 2

 0 2 3

 0 1 2

 0 2 3

 0 1 2

 0 2 3

 0 1 2

 0 2 3

 0 1 2

 0 2 3

 0 1 2

 0 2 3

 0 1 2

 0 2 3

 0 1 2

 0 2 3

 0 1 2

 0 2 3

 0 1 2

 0 2 3

 0 1 2

 0 2 3

 0 1 2

 0 2 3

 0 1 2

 0 2 3

 0 1 2

 0 2 3

 0 1 2

 0 2 3

 0 1 2

 0 2 3

 0 1 2

 0 2 3

 0 1 2

 0 2 3

 0 1 2

 0 2 3

 0 1 2

 0 2 3

 0 1 2

 0 2 3

 0 1 2

 0 2 3

 0 1 2

 0 2 3

 0 1 2

 0 2 3

 0 1 2

 0 2 3

 0 1 2

 0 2 3

 0 1 2

 0 2 3

 0 1 2

 0 2 3

 0 1 2

 0 2 3

 0 1 2

 0 2 3

 0 1 2

 0 2 3

 0 1 2

 0 2 3

 0 1 2

 0 2 3

 0 1 2

 0 2 3

 0 1 2

 0 2 3

 0 1 2

 0 2 3

 0 1 2

 0 2 3

 0 1 2

 0 2 3

 0 1 2

 0 2 3

 0 1 2

 0 2 3

 0 1 2

 0 2 3

 0 1 2

 0 2 3

 0 1 2

 0 2 3

 0 1 2

 0 2 3

 0 1 2

 0 2 3

 0 1 2

 0 2 3

 0 1 2

 0 2 3

 0 1 2

 0 2 3

 0 1 2

 0 2 3

 0 1 2

 0 2 3

 0 1 2

 0 2 3

 0 1 2

 0 2 3

 0 1 2

 0 2 3

 0 1 2

 0 2 3

 0 1 2

 0 2 3

 0 1 2

 0 2 3

 0 1 2

 0 2 3

 0 1 2

 0 2 3

 0 1 2

 0 2 3

 0 1 2

 0 2 3

 0 1 2

 0 2 3

 0 1 2

 0 2 3

 0 1 2

 0 2 3

 0 1 2

 0 2 3

 0 1 2

 0 2 3

 0 1 2

 0 2 3

 0 1 2

 0 2 3

 0 1 2

 0 2 3

 0 1 2

 0 2 3

 0 1 2

 0 2 3

 0 1 2

 0 2 3

 0 1 2

 0 2 3

 0 1 2

 0 2 3

 0 1 2

 0 2 3

 0 1 2

 0 2 3

 0 1 2

 0 2 3

 0 1 2

 0 2 3

 0 1 2

 0 2 3

 0 1 2

 0 2 3

 0 1 2

 0 2 3

 0 1 2

 0 2 3

 0 1 2

 0 2 3

 0 1 2

 0 2 3

 0 1 2

 0 2 3

 0 1 2

 0 2 3

 0 1 2

 0 2 3

 0 1 2

 0 2 3

 0 1 2

 0 2 3

 0 1 2

 0 2 3

 0 1 2

 0 2 3

 0 1 2

 0 2 3

 0 1 2

 0 2 3

 0 1 2

 0 2 3

 0 1 2

 0 2 3

 0 1 2

 0 2 3

 0 1 2

 0 2 3

 0 1 2

 0 2 3

 0 1 2

 0 2 3

 0 1 2

 0 2 3

 0 1 2

 0 2 3

 0 1 2

 0 2 3

 0 1 2

 0 2 3

 0 1 2

 0 2 3

 0 1 2

 0 2 3

 0 1 2

 0 2 3

 0 1 2

 0 2 3

 0 1 2

 0 2 3

 0 1 2

 0 2 3

 0 1 2

 0 2 3

 0 1 2

 0 2 3

 0 1 2

 0 2 3

 0 1 2

 0 2 3

 0 1 2

 0 2 3

 0 1 2

 0 2 3

 0 1 2

 0 2 3

 0 1 2

 0 2 3

 0 1 2

 0 2 3

 0 1 2

 0 2 3

 0 1 2

 0 2 3

 0 1 2

 0 2 3

 0 1 2

 0 2 3

 0 1 2

 0 2 3

 0 1 2

 0 2 3

 0 1 2

 0 2 3

 0 1 2

 0 2 3

 0 1 2

 0 2 3

 0 1 2

 0 2 3

 0 1 2

 0 2 3

 0 1 2

 0 2 3

 0 1 2

 0 2 3

 0 1 2

 0 2 3

 0 1 2

 0 2 3

 0 1 2

 0 2 3

 0 1 2

 0 2 3

 0 1 2

 0 2 3

 0 1 2

 0 2 3

 0 1 2

 0 2 3

 0 1 2

 0 2 3

 0 1 2

 0 2 3

 0 1 2

 0 2 3

 0 1 2

 0 2 3

 0 1 2

 0 2 3

 0 1 2

 0 2 3

 0 1 2

 0 2 3

 0 1 2

 0 2 3

 0 1 2

 0 2 3

 0 1 2

 0 2 3

 0 1 2

 0 2 3

 0 1 2

 0 2 3

 0 1 2

 0 2 3

 0 1 2

 0 2 3

 0 1 2

 0 2 3

 0 1 2

 0 2 3

 0 1 2

 0 2 3

 0 1 2

 0 2 3

 0 1 2

 0 2 3

 0 1 2

 0 2 3

 0 1 2

 0 2 3

 0 1 2

 0 2 3

 0 1 2

 0 2 3

 0 1 2

 0 2 3

 0 1 2

 0 2 3

 0 1 2

 0 2 3

 0 1 2

 0 2 3

 0 1 2

 0 2 3

 0 1 2

 0 2 3

 0 1 2

 0 2 3

 0 1 2

 0 2 3

 0 1 2

 0 2 3

 0 1 2

 0 2 3

 0 1 2

 0 2 3

 0 1 2

 0 2 3

 0 1 2

 0 2 3

 0 1 2

 0 2 3

 0 1 2

 0 2 3

 0 1 2

 0 2 3

 0 1 2

 0 2 3

 0 1 2

 0 2 3

 0 1 2

 0 2 3

 0 1 2

 0 2 3

 0 1 2

 0 2 3

 0 1 2

 0 2 3

 0 1 2

 0 2 3

 0 1 2

 0 2 3

 0 1 2

 0 2 3

 0 1 2

 0 2 3

 0 1 2

 0 2 3

 0 1 2

 0 2 3

 0 1 2

 0 2 3

 0 1 2

 0 2 3

 0 1 2

 0 2 3

 0 1 2

 0 2 3

 0 1 2

 0 2 3

 0 1 2

 0 2 3

 0 1 2

 0 2 3

 0 1 2

 0 2 3

 0 1 2

 0 2 3

 0 1 2

 0 2 3

 0 1 2

 0 2 3

 0 1 2

 0 2 3

 0 1 2

 0 2 3

 0 1 2

 0 2 3

 0 1 2

 0 2 3

 0 1 2

 0 2 3

 0 1 2

 0 2 3

 0 1 2

 0 2 3

 0 1 2

 0 2 3

 0 1 2

 0 2 3

 0 1 2

 0 2 3

 0 1 2

 0 2 3

 0 1 2

 0 2 3

 0 1 2

 0 2 3

 0 1 2

 0 2 3

 0 1 2

 0 2 3

 0 1 2

 0 2 3

 0 1 2

 0 2 3

 0 1 2

 0 2 3

 0 1 2

 0 2 3

 0 1 2

 0 2 3

 0 1 2

 0 2 3

 0 1 2

 0 2 3

 0 1 2

 0 2 3

 0 1 2

 0 2 3

 0 1 2

 0 2 3

 0 1 2

 0 2 3

 0 1 2

 0 2 3

 0 1 2

 0 2 3

 0 1 2

 0 2 3

 0 1 2

 0 2 3

 0 1 2

 0 2 3

 0 1 2

 0 2 3

 0 1 2

 0 2 3

 0 1 2

 0 2 3

 0 1 2

 0 2 3

 0 1 2

 0 2 3

 0 1 2

 0 2 3

 0 1 2

 0 2 3

 0 1 2

 0 2 3

 0 1 2

 0 2 3

 0 1 2

 0 2 3

 0 1 2

 0 2 3

 0 1 2

 0 2 3

 0 1 2

 0 2 3

 0 1 2

 0 2 3

 0 1 2

 0 2 3

 0 1 2

 0 2 3

 0 1 2

 0 2 3

 0 1 2

 0 2 3

 0 1 2

 0 2 3

 0 1 2

 0 2 3

 0 1 2

 0 2 3

 0 1 2

 0 2 3

 0 1 2

 0 2 3

 0 1 2

 0 2 3

 0 1 2

 0 2 3

 0 1 2

 0 2 3

 0 1 2

 0 2 3

 0 1 2

 0 2 3

 0 1 2

 0 2 3

 0 1 2

 0 2 3

 0 1 2

 0 2 3

 0 1 2

 0 2 3

 0 1 2

 0 2 3

 0 1 2

 0 2 3

 0 1 2

 0 2 3

 0 1 2

 0 2 3

 0 1 2

 0 2 3

 0 1 2

 0 2 3

 0 1 2

 0 2 3

 0 1 2

 0 2 3

 0 1 2

 0 2 3

 0 1 2

 0 2 3

 0 1 2

 0 2 3

 0 1 2

 0 2 3

 0 1 2

 0 2 3

 0 1 2

 0 2 3

 0 1 2

 0 2 3

 0 1 2

 0 2 3

 0 1 2

 0 2 3

 0 1 2

 0 2 3

 0 1 2

 0 2 3

 0 1 2

 0 2 3

 0 1 2

 0 2 3

 0 1 2

 0 2 3

 0 1 2

 0 2 3

 0 1 2

 0 2 3

 0 1 2

 0 2 3

 0 1 2

 0 2 3

 0 1 2

 0 2 3

 0 1 2

 0 2 3

 0 1 2

 0 2 3

 0 1 2

 0 2 3

 0 1 2

 0 2 3

 0 1 2

 0 2 3

 0 1 2

 0 2 3

 0 1 2

 0 2 3

 0 1 2

 0 2 3

 0 1 2

 0 2 3

 0 1 2

 0 2 3

 0 1 2

 0 2 3

 0 1 2

 0 2 3

 0 1 2

 0 2 3

 0 1 2

 0 2 3

 0 1 2

 0 2 3

 0 1 2

 0 2 3

 0 1 2

 0 2 3

 0 1 2

 0 2 3

 0 1 2

 0 2 3

 0 1 2

 0 2 3

 0 1 2

 0 2 3

 0 1 2

 0 2 3

 0 1 2

 0 2 3

 0 1 2

 0 2 3

 0 1 2

 0 2 3

 0 1 2

 0 2 3

 0 1 2

 0 2 3

 0 1 2

 0 2 3

 0 1 2

 0 2 3

 0 1 2

 0 2 3

 0 1 2

 0 2 3

 0 1 2

 0 2 3

 0 1 2

 0 2 3

 0 1 2

 0 2 3

 0 1 2

 0 2 3

 0 1 2

 0 2 3

 0 1 2

 0 2 3

 0 1 2

 0 2 3

 0 1 2

 0 2 3

 0 1 2

 0 2 3

 0 1 2

 0 2 3

 0 1 2

 0 2 3

 0 1 2

 0 2 3

 0 1 2

 0 2 3

 0 1 2

 0 2 3

 0 1 2

 0 2 3

 0 1 2

 0 2 3

 0 1 2

 0 2 3

 0 1 2

 0 2 3

 0 1 2

 0 2 3

 0 1 2

 0 2 3

 0 1 2

 0 2 3

 0 1 2

 0 2 3

 0 1 2

 0 2 3

 0 1 2

 0 2 3

 0 1 2

 0 2 3

 0 1 2

 0 2 3

 0 1 2

 0 2 3

 0 1 2

 0 2 3

 0 1 2

 0 2 3

 0 1 2

 0 2 3

 0 1 2

 0 2 3

 0 1 2

 0 2 3

 0 1 2

 0 2 3

 0 1 2

 0 2 3

 0 1 2

 0 2 3

 0 1 2

 0 2 3

 0 1 2

 0 2 3

 0 1 2

 0 2 3

 0 1 2

 0 2 3

 0 1 2

 0 2 3

 0 1 2

 0 2 3

 0 1 2

 0 2 3

 0 1 2

 0 2 3

 0 1 2

 0 2 3

 0 1 2

 0 2 3

 0 1 2

 0 2 3

 0 1 2

 0 2 3

 0 1 2

 0 2 3

 0 1 2

 0 2 3

 0 1 2

 0 2 3

 0 1 2

 0 2 3

 0 1 2

 0 2 3

 0 1 2

 0 2 3

 0 1 2

 0 2 3

 0 1 2

 0 2 3

 0 1 2

 0 2 3

 0 1 2

 0 2 3

 0 1 2

 0 2 3

 0 1 2

 0 2 3

 0 1 2

 0 2 3

 0 1 2

 0 2 3

 0 1 2

 0 2 3

 0 1 2

 0 2 3

 0 1 2

 0 2 3

 0 1 2

 0 2 3

 0 1 2

 0 2 3

 0 1 2

 0 2 3

 0 1 2

 0 2 3

 0 1 2

 0 2 3

 0 1 2

 0 2 3

 0 1 2

 0 2 3

 0 1 2

 0 2 3

 0 1 2

 0 2 3

 0 1 2

 0 2 3

 0 1 2

 0 2 3

 0 1 2

 0 2 3

 0 1 2

 0 2 3

 0 1 2

 0 2 3

 0 1 2

 0 2 3

 0 1 2

 0 2 3

 0 1 2

 0 2 3

 0 1 2

 0 2 3

 0 1 2

 0 2 3

 0 1 2

 0 2 3

 0 1 2

 0 2 3

 0 1 2

 0 2 3

 0 1 2

 0 2 3

 0 1 2

 0 2 3

 0 1 2

 0 2 3

 0 1 2

 0 2 3

 0 1 2

 0 2 3

 0 1 2

 0 2 3

 0 1 2

 0 2 3

 0 1 2

 0 2 3

 0 1 2

 0 2 3

 0 1 2

 0 2 3

 0 1 2

 0 2 3

 0 1 2

 0 2 3

 0 1 2

 0 2 3

 0 1 2

 0 2 3

 0 1 2

 0 2 3

 0 1 2

 0 2 3

 0 1 2

 0 2 3

 0 1 2

 0 2 3

 0 1 2

 0 2 3

 0 1 2

 0 2 3

 0 1 2

 0 2 3

 0 1 2

 0 2 3

 0 1 2

 0 2 3

 0 1 2

 0 2 3

 0 1 2

 0 2 3

 0 1 2

 0 2 3

 0 1 2

 0 2 3

 0 1 2

 0 2 3

 0 1 2

 0 2 3

 0 1 2

 0 2 3

 0 1 2

 0 2 3

 0 1 2

 0 2 3

 0 1 2

 0 2 3

 0 1 2

 0 2 3

 0 1 2

 0 2 3

 0 1 2

 0 2 3

 0 1 2

 0 2 3

 0 1 2

 0 2 3

 0 1 2

 0 2 3

 0 1 2

 0 2 3

 0 1 2

 0 2 3

 0 1 2

 0 2 3

 0 1 2

 0 2 3

 0 1 2

 0 2 3

 0 1 2

 0 2 3

 0 1 2

 0 2 3

 0 1 2

 0 2 3

 0 1 2

 0 2 3

 0 1 2

 0 2 3

 0 1 2

 0 2 3

 0 1 2

 0 2 3

 0 1 2

 0 2 3

 0 1 2

 0 2 3

 0 1 2

 0 2 3

 0 1 2

 0 2 3

 0 1 2

 0 2 3

 0 1 2

 0 2 3

 0 1 2

 0 2 3

 0 1 2

 0 2 3

 0 1 2

 0 2 3

 0 1 2

 0 2 3

 0 1 2

 0 2 3

 0 1 2

 0 2 3

 0 1 2

 0 2 3

 0 1 2

 0 2 3

 0 1 2

 0 2 3

 0 1 2

 0 2 3

 0 1 2

 0 2 3

 0 1 2

 0 2 3

 0 1 2

 0 2 3

 0 1 2

 0 2 3

 0 1 2

 0 2 3

 0 1 2

 0 2 3

 0 1 2

 0 2 3

 0 1 2

 0 2 3

 0 1 2

 0 2 3

 0 1 2

 0 2 3

 0 1 2

 0 2 3

 0 1 2

 0 2 3

 0 1 2

 0 2 3

 0 1 2

 0 2 3

 0 1 2

 0 2 3

 0 1 2

 0 2 3

 0 1 2

 0 2 3

 0 1 2

 0 2 3

 0 1 2

 0 2 3

 0 1 2

 0 2 3

 0 1 2

 0 2 3

 0 1 2

 0 2 3

 0 1 2

 0 2 3

 0 1 2

 0 2 3

 0 1 2

 0 2 3

 0 1 2

 0 2 3

 0 1 2

 0 2 3

 0 1 2

 0 2 3

 0 1 2

 0 2 3

 0 1 2

 0 2 3

 0 1 2

 0 2 3

 0 1 2

 0 2 3

 0 1 2

 0 2 3

 0 1 2

 0 2 3

 0 1 2

 0 2 3

 0 1 2

 0 2 3

 0 1 2

 0 2 3

 0 1 2

 0 2 3

 0 1 2

 0 2 3

 0 1 2

 0 2 3

 0 1 2

 0 2 3

 0 1 2

 0 2 3

 0 1 2

 0 2 3

 0 1 2

 0 2 3

 0 1 2

 0 2 3

 0 1 2

 0 2 3

 0 1 2

 0 2 3

 0 1 2

 0 2 3

 0 1 2

 0 2 3

 0 1 2

 0 2 3

 0 1 2

 0 2 3

 0 1 2

 0 2 3

 0 1 2

 0 2 3

 0 1 2

 0 2 3

 0 1 2

 0 2 3

 0 1 2

 0 2 3

 0 1 2

 0 2 3

 0 1 2

 0 2 3

 0 1 2

 0 2 3

 0 1 2

 0 2 3

 0 1 2

 0 2 3

 0 1 2

 0 2 3

 0 1 2

 0 2 3

 0 1 2

 0 2 3

 0 1 2

 0 2 3

 0 1 2

 0 2 3

 0 1 2

 0 2 3

 0 1 2

 0 2 3

 0 1 2

 0 2 3

 0 1 2

 0 2 3

 0 1 2

 0 2 3

 0 1 2

 0 2 3

 0 1 2

 0 2 3

 0 1 2

 0 2 3

 0 1 2

 0 2 3

 0 1 2

 0 2 3

 0 1 2

 0 2 3

 0 1 2

 0 2 3

 0 1 2

 0 2 3

 0 1 2

 0 2 3

 0 1 2

 0 2 3

 0 1 2

 0 2 3

 0 1 2

 0 2 3

 0 1 2

 0 2 3

 0 1 2

 0 2 3

 0 1 2

 0 2 3

 0 1 2

 0 2 3

 0 1 2

 0 2 3

 0 1 2

 0 2 3

 0 1 2

 0 2 3

 0 1 2

 0 2 3

 0 1 2

 0 2 3

 0 1 2

 0 2 3

 0 1 2

 0 2 3

 0 1 2

 0 2 3

 0 1 2

 0 2 3

 0 1 2

 0 2 3

 0 1 2

 0 2 3

 0 1 2

 0 2 3

 0 1 2

 0 2 3

 0 1 2

 0 2 3

 0 1 2

 0 2 3

 0 1 2

 0 2 3

 0 1 2

 0 2 3

 0 1 2

 0 2 3

 0 1 2

 0 2 3

 0 1 2

 0 2 3

 0 1 2

 0 2 3

 0 1 2

 0 2 3

 0 1 2

 0 2 3

 0 1 2

 0 2 3

 0 1 2

 0 2 3

 0 1 2

 0 2 3

 0 1 2

 0 2 3

 0 1 2

 0 2 3

 0 1 2

 0 2 3

 0 1 2

 0 2 3

 0 1 2

 0 2 3

 0 1 2

 0 2 3

 0 1 2

 0 2 3

 0 1 2

 0 2 3

 0 1 2

 0 2 3

 0 1 2

 0 2 3

 0 1 2

 0 2 3

 0 1 2

 0 2 3

 0 1 2

 0 2 3

 0 1 2

 0 2 3

 0 1 2

 0 2 3

 0 1 2

 0 2 3

 0 1 2

 0 2 3

 0 1 2

 0 2 3

 0 1 2

 0 2 3

 0 1 2

 0 2 3

 0 1 2

 0 2 3

 0 1 2

 0 2 3

 0 1 2

 0 2 3

 0 1 2

 0 2 3

 0 1 2

 0 2 3

 0 1 2

 0 2 3

 0 1 2

 0 2 3

 0 1 2

 0 2 3

 0 1 2

 0 2 3

 0 1 2

 0 2 3

 0 1 2

 0 2 3

 0 1 2

 0 2 3

 0 1 2

 0 2 3

 0 1 2

 0 2 3

 0 1 2

 0 2 3

 0 1 2

 0 2 3

 0 1 2

 0 2 3

 0 1 2

 0 2 3

 0 1 2

 0 2 3

 0 1 2

 0 2 3

 0 1 2

 0 2 3

 0 1 2

 0 2 3

 0 1 2

 0 2 3

 0 1 2

 0 2 3

 0 1 2

 0 2 3

 0 1 2

 0 2 3

 0 1 2

 0 2 3

 0 1 2

 0 2 3

 0 1 2

 0 2 3

 0 1 2

 0 2 3

 0 1 2

 0 2 3

 0 1 2

 0 2 3

 0 1 2

 0 2 3

 0 1 2

 0 2 3

 0 1 2

 0 2 3

 0 1 2

 0 2 3

 0 1 2

 0 2 3

 0 1 2

 0 2 3

 0 1 2

 0 2 3

 0 1 2

 0 2 3

 0 1 2

 0 2 3

 0 1 2

 0 2 3

 0 1 2

 0 2 3

 0 1 2

 0 2 3

 0 1 2

 0 2 3

 0 1 2

 0 2 3

 0 1 2

 0 2 3

 0 1 2

 0 2 3

 0 1 2

 0 2 3

 0 1 2

 0 2 3

 0 1 2

 0 2 3

 0 1 2

 0 2 3

 0 1 2

 0 2 3

 0 1 2

 0 2 3

 0 1 2

 0 2 3

 0 1 2

 0 2 3

 0 1 2

 0 2 3

 0 1 2

 0 2 3

 0 1 2

 0 2 3

 0 1 2

 0 2 3

 0 1 2

 0 2 3

 0 1 2

 0 2 3

 0 1 2

 0 2 3

 0 1 2

 0 2 3

 0 1 2

 0 2 3

 0 1 2

 0 2 3

 0 1 2

 0 2 3

 0 1 2

 0 2 3

 0 1 2

 0 2 3

 0 1 2

 0 2 3

 0 1 2

 0 2 3

 0 1 2

 0 2 3

 0 1 2

 0 2 3

 0 1 2

 0 2 3

 0 1 2

 0 2 3

 0 1 2

 0 2 3

 0 1 2

 0 2 3

 0 1 2

 0 2 3

 0 1 2

 0 2 3

 0 1 2

 0 2 3

 0 1 2

 0 2 3

 0 1 2

 0 2 3

 0 1 2

 0 2 3

 0 1 2

 0 2 3

 0 1 2

 0 2 3

 0 1 2

 0 2 3

 0 1 2

 0 2 3

 0 1 2

 0 2 3

 0 1 2

 0 2 3

 0 1 2

 0 2 3

 0 1 2

 0 2 3

 0 1 2

 0 2 3

 0 1 2

 0 2 3

 0 1 2

 0 2 3

 0 1 2

 0 2 3

 0 1 2

 0 2 3

 0 1 2

 0 2 3

 0 1 2

 0 2 3

 0 1 2

 0 2 3

 0 1 2

 0 2 3

 0 1 2

 0 2 3

 0 1 2

 0 2 3

 0 1 2

 0 2 3

 0 1 2

 0 2 3

 0 1 2

 0 2 3

 0 1 2

 0 2 3

 0 1 2

 0 2 3

 0 1 2

 0 2 3

 0 1 2

 0 2 3

 0 1 2

 0 2 3

 0 1 2

 0 2 3

 0 1 2

 0 2 3

 0 1 2

 0 2 3

 0 1 2

 0 2 3

 0 1 2

 0 2 3

 0 1 2

 0 2 3

 0 1 2

 0 2 3

 0 1 2

 0 2 3

 0 1 2

 0 2 3

 0 1 2

 0 2 3

 0 1 2

 0 2 3

 0 1 2

 0 2 3

 0 1 2

 0 2 3

 0 1 2

 0 2 3

 0 1 2

 0 2 3

 0 1 2

 0 2 3

 0 1 2

 0 2 3

 0 1 2

 0 2 3

 0 1 2

 0 2 3

 0 1 2

 0 2 3

 0 1 2

 0 2 3

 0 1 2

 0 2 3

 0 1 2

 0 2 3

 0 1 2

 0 2 3

 0 1 2

 0 2 3

 0 1 2

 0 2 3

 0 1 2

 0 2 3

 0 1 2

 0 2 3

 0 1 2

 0 2 3

 0 1 2

 0 2 3

 0 1 2

 0 2 3

 0 1 2

 0 2 3

 0 1 2

 0 2 3

 0 1 2

 0 2 3

 0 1 2

 0 2 3

 0 1 2

 0 2 3

 0 1 2

 0 2 3

 0 1 2

 0 2 3

 0 1 2

 0 2 3

 0 1 2

 0 2 3

 0 1 2

 0 2 3

 0 1 2

 0 2 3

 0 1 2

 0 2 3

 0 1 2

 0 2 3

 0 1 2

 0 2 3

 0 1 2

 0 2 3

 0 1 2

 0 2 3

 0 1 2

 0 2 3

 0 1 2

 0 2 3

 0 1 2

 0 2 3

 0 1 2

 0 2 3

 0 1 2

 0 2 3

 0 1 2

 0 2 3

 0 1 2

 0 2 3

 0 1 2

 0 2 3

 0 1 2

 0 2 3

 0 1 2

 0 2 3

 0 1 2

 0 2 3

 0 1 2

 0 2 3

 0 1 2

 0 2 3

 0 1 2

 0 2 3

 0 1 2

 0 2 3

 0 1 2

 0 2 3

 0 1 2

 0 2 3

 0 1 2

 0 2 3

 0 1 2

 0 2 3

 0 1 2

 0 2 3

 0 1 2

 0 2 3

 0 1 2

 0 2 3

 0 1 2

 0 2 3

 0 1 2

 0 2 3

 0 1 2

 0 2 3

 0 1 2

 0 2 3

 0 1 2

 0 2 3

 0 1 2

 0 2 3

 0 1 2

 0 2 3

 0 1 2

 0 2 3

 0 1 2

 0 2 3

 0 1 2

 0 2 3

 0 1 2

 0 2 3

 0 1 2

 0 2 3

 0 1 2

 0 2 3

 0 1 2

 0 2 3

 0 1 2

 0 2 3

 0 1 2

 0 2 3

 0 1 2

 0 2 3

 0 1 2

 0 2 3

 0 1 2

 0 2 3

 0 1 2

 0 2 3

 0 1 2

 0 2 3

 0 1 2

 0 2 3

 0 1 2

 0 2 3

 0 1 2

 0 2 3

 0 1 2

 0 2 3

 0 1 2

 0 2 3

 0 1 2

 0 2 3

 0 1 2

 0 2 3

 0 1 2

 0 2 3

 0 1 2

 0 2 3

 0 1 2

 0 2 3

 0 1 2

 0 2 3

 0 1 2

 0 2 3

 0 1 2

 0 2 3

 0 1 2

 0 2 3

 0 1 2

 0 2 3

 0 1 2

 0 2 3

 0 1 2

 0 2 3

 0 1 2

 0 2 3

 0 1 2

 0 2 3

 0 1 2

 0 2 3

 0 1 2

 0 2 3

 0 1 2

 0 2 3

 0 1 2

 0 2 3

 0 1 2

 0 2 3

 0 1 2

 0 2 3

 0 1 2

 0 2 3

 0 1 2

 0 2 3

 0 1 2

 0 2 3

 0 1 2

 0 2 3

 0 1 2

 0 2 3

 0 1 2

 0 2 3

 0 1 2

 0 2 3

 0 1 2

 0 2 3

 0 1 2

 0 2 3

 0 1 2

 0 2 3

 0 1 2

 0 2 3

 0 1 2

 0 2 3

 0 1 2

 0 2 3

 0 1 2

 0 2 3

 0 1 2

 0 2 3

 0 1 2

 0 2 3

 0 1 2

 0 2 3

 0 1 2

 0 2 3

 0 1 2

 0 2 3

 0 1 2

 0 2 3

 0 1 2

 0 2 3

 0 1 2

 0 2 3

 0 1 2

 0 2 3

 0 1 2

 0 2 3

 0 1 2

 0 2 3

 0 1 2

 0 2 3

 0 1 2

 0 2 3

 0 1 2

 0 2 3

 0 1 2

 0 2 3

 0 1 2

 0 2 3

 0 1 2

 0 2 3

 0 1 2

 0 2 3

 0 1 2

 0 2 3

 0 1 2

 0 2 3

 0 1 2

 0 2 3

 0 1 2

 0 2 3

 0 1 2

 0 2 3

 0 1 2

 0 2 3

 0 1 2

 0 2 3

 0 1 2

 0 2 3

 0 1 2

 0 2 3

 0 1 2

 0 2 3

 0 1 2

 0 2 3

 0 1 2

 0 2 3

 0 1 2

 0 2 3

 0 1 2

 0 2 3

 0 1 2

 0 2 3

 0 1 2

 0 2 3

 0 1 2

 0 2 3

 0 1 2

 0 2 3

 0 1 2

 0 2 3

 0 1 2

 0 2 3

 0 1 2

 0 2 3

 0 1 2

 0 2 3

 0 1 2

 0 2 3

 0 1 2

 0 2 3

 0 1 2

 0 2 3

 0 1 2

 0 2 3

 0 1 2

 0 2 3

 0 1 2

 0 2 3

 0 1 2

 0 2 3

 0 1 2

 0 2 3

 0 1 2

 0 2 3

 0 1 2

 0 2 3

 0 1 2

 0 2 3

 0 1 2

 0 2 3

 0 1 2

 0 2 3

 0 1 2

 0 2 3

 0 1 2

 0 2 3

 0 1 2

 0 2 3

 0 1 2

 0 2 3

 0 1 2

 0 2 3

 0 1 2

 0 2 3

 0 1 2

 0 2 3

 0 1 2

 0 2 3

 0 1 2

 0 2 3

 0 1 2

 0 2 3

 0 1 2

 0 2 3

 0 1 2

 0 2 3

 0 1 2

 0 2 3

 0 1 2

 0 2 3

 0 1 2

 0 2 3

 0 1 2

 0 2 3

 0 1 2

 0 2 3

 0 1 2

 0 2 3

 0 1 2

 0 2 3

 0 1 2

 0 2 3

 0 1 2

 0 2 3

 0 1 2

 0 2 3

 0 1 2

 0 2 3

 0 1 2

 0 2 3

 0 1 2

 0 2 3

 0 1 2

 0 2 3

 0 1 2

 0 2 3

 0 1 2

 0 2 3

 0 1 2

 0 2 3

 0 1 2

 0 2 3

 0 1 2

 0 2 3

 0 1 2

 0 2 3

 0 1 2

 0 2 3

 0 1 2

 0 2 3

 0 1 2

 0 2 3

 0 1 2

 0 2 3

 0 1 2

 0 2 3

 0 1 2

 0 2 3

 0 1 2

 0 2 3

 0 1 2

 0 2 3

 0 1 2

 0 2 3

 0 1 2

 0 2 3

 0 1 2

 0 2 3

 0 1 2

 0 2 3

 0 1 2

 0 2 3

 0 1 2

 0 2 3

 0 1 2

 0 2 3

 0 1 2

 0 2 3

 0 1 2

 0 2 3

 0 1 2

 0 2 3

 0 1 2

 0 2 3

 0 1 2

 0 2 3

 0 1 2

 0 2 3

 0 1 2

 0 2 3

 0 1 2

 0 2 3

 0 1 2

 0 2 3

 0 1 2

 0 2 3

 0 1 2

 0 2 3

 0 1 2

 0 2 3

 0 1 2

 0 2 3

 0 1 2

 0 2 3

 0 1 2

 0 2 3

 0 1 2

 0 2 3

 0 1 2

 0 2 3

 0 1 2

 0 2 3

 0 1 2

 0 2 3

 0 1 2

 0 2 3

 0 1 2

 0 2 3

 0 1 2

 0 2 3

 0 1 2

 0 2 3

 0 1 2

 0 2 3

 0 1 2

 0 2 3

 0 1 2

 0 2 3

 0 1 2

 0 2 3

 0 1 2

 0 2 3

 0 1 2

 0 2 3

 0 1 2

 0 2 3

 0 1 2

 0 2 3

 0 1 2

 0 2 3

 0 1 2

 0 2 3

 0 1 2

 0 2 3

 0 1 2

 0 2 3

 0 1 2

 0 2 3

 0 1 2

 0 2 3

 0 1 2

 0 2 3

 0 1 2

 0 2 3

 0 1 2

 0 2 3

 0 1 2

 0 2 3

 0 1 2

 0 2 3

 0 1 2

 0 2 3

 0 1 2

 0 2 3

 0 1 2

 0 2 3

 0 1 2

 0 2 3

 0 1 2

 0 2 3

 0 1 2

 0 2 3

 0 1 2

 0 2 3

 0 1 2

 0 2 3

 0 1 2

 0 2 3

 0 1 2

 0 2 3

 0 1 2

 0 2 3

 0 1 2

 0 2 3

 0 1 2

 0 2 3

 0 1 2

 0 2 3

 0 1 2

 0 2 3

 0 1 2

 0 2 3

 0 1 2

 0 2 3

 0 1 2

 0 2 3

 0 1 2

 0 2 3

 0 1 2

 0 2 3

 0 1 2

 0 2 3

 0 1 2

 0 2 3

 0 1 2

 0 2 3

 0 1 2

 0 2 3

 0 1 2

 0 2 3

 0 1 2

 0 2 3

 0 1 2

 0 2 3

 0 1 2

 0 2 3

 0 1 2

 0 2 3

 0 1 2

 0 2 3

 0 1 2

 0 2 3

 0 1 2

 0 2 3

 0 1 2

 0 2 3

 0 1 2

 0 2 3

 0 1 2

 0 2 3

 0 1 2

 0 2 3

 0 1 2

 0 2 3

 0 1 2

 0 2 3

 0 1 2

 0 2 3

 0 1 2

 0 2 3

 0 1 2

 0 2 3

 0 1 2

 0 2 3

 0 1 2

 0 2 3

 0 1 2

 0 2 3

 0 1 2

 0 2 3

 0 1 2

 0 2 3

 0 1 2

 0 2 3

 0 1 2

 0 2 3

 0 1 2

 0 2 3

 0 1 2

 0 2 3

 0 1 2

 0 2 3

 0 1 2

 0 2 3

 0 1 2

 0 2 3

 0 1 2

 0 2 3

 0 1 2

 0 2 3

 0 1 2

 0 2 3

 0 1 2

 0 2 3

 0 1 2

 0 2 3

 0 1 2

 0 2 3

 0 1 2

 0 2 3

 0 1 2

 0 2 3

 0 1 2

 0 2 3

 0 1 2

 0 2 3

 0 1 2

 0 2 3

 0 1 2

 0 2 3

 0 1 2

 0 2 3

 0 1 2

 0 2 3

 0 1 2

 0 2 3

 0 1 2

 0 2 3

 0 1 2

 0 2 3

 0 1 2

 0 2 3

 0 1 2

 0 2 3

 0 1 2

 0 2 3

 0 1 2

 0 2 3

 0 1 2

 0 2 3

 0 1 2

 0 2 3

 0 1 2

 0 2 3

 0 1 2

 0 2 3

 0 1 2

 0 2 3

 0 1 2

 0 2 3

 0 1 2

 0 2 3

 0 1 2

 0 2 3

 0 1 2

 0 2 3

 0 1 2

 0 2 3

 0 1 2

 0 2 3

 0 1 2

 0 2 3

 0 1 2

 0 2 3

 0 1 2

 0 2 3

 0 1 2

 0 2 3

 0 1 2

 0 2 3

 0 1 2

 0 2 3

 0 1 2

 0 2 3

 0 1 2

 0 2 3

 0 1 2

 0 2 3

 0 1 2

 0 2 3

 0 1 2

 0 2 3

 0 1 2

 0 2 3

 0 1 2

 0 2 3

 0 1 2

 0 2 3

 0 1 2

 0 2 3

 0 1 2

 0 2 3

 0 1 2

 0 2 3

 0 1 2

 0 2 3

 0 1 2

 0 2 3

 0 1 2

 0 2 3

 0 1 2

 0 2 3

 0 1 2

 0 2 3

 0 1 2

 0 2 3

 0 1 2

 0 2 3

 0 1 2

 0 2 3

 0 1 2

 0 2 3

 0 1 2

 0 2 3

 0 1 2

 0 2 3

 0 1 2

 0 2 3

 0 1 2

 0 2 3

 0 1 2

 0 2 3

 0 1 2

 0 2 3

 0 1 2

 0 2 3

 0 1 2

 0 2 3

 0 1 2

 0 2 3

 0 1 2

 0 2 3

 0 1 2

 0 2 3

 0 1 2

 0 2 3

 0 1 2

 0 2 3

 0 1 2

 0 2 3

 0 1 2

 0 2 3

 0 1 2

 0 2 3

 0 1 2

 0 2 3

 0 1 2

 0 2 3

 0 1 2

 0 2 3

 0 1 2

 0 2 3

 0 1 2

 0 2 3

 0 1 2

 0 2 3

 0 1 2

 0 2 3

 0 1 2

 0 2 3

 0 1 2

 0 2 3

 0 1 2

 0 2 3

 0 1 2

 0 2 3

 0 1 2

 0 2 3

 0 1 2

 0 2 3

 0 1 2

 0 2 3

 0 1 2

 0 2 3

 0 1 2

 0 2 3

 0 1 2

 0 2 3

 0 1 2

 0 2 3

 0 1 2

 0 2 3

 0 1 2

 0 2 3

 0 1 2

 0 2 3

 0 1 2

 0 2 3

 0 1 2

 0 2 3

 0 1 2

 0 2 3

 0 1 2

 0 2 3

 0 1 2

 0 2 3

 0 1 2

 0 2 3

 0 1 2

 0 2 3

 0 1 2

 0 2 3

 0 1 2

 0 2 3

 0 1 2

 0 2 3

 0 1 2

 0 2 3

 0 1 2

 0 2 3

 0 1 2

 0 2 3

 0 1 2

 0 2 3

 0 1 2

 0 2 3

 0 1 2

 0 2 3

 0 1 2

 0 2 3

 0 1 2

 0 2 3

 0 1 2

 0 2 3

 0 1 2

 0 2 3

 0 1 2

 0 2 3

 0 1 2

 0 2 3

 0 1 2

 0 2 3

 0 1 2

 0 2 3

 0 1 2

 0 2 3

 0 1 2

 0 2 3

 0 1 2

 0 2 3

 0 1 2

 0 2 3

 0 1 2

 0 2 3

 0 1 2

 0 2 3

 0 1 2

 0 2 3

 0 1 2

 0 2 3

 0 1 2

 0 2 3

 0 1 2

 0 2 3

 0 1 2

 0 2 3

 0 1 2

 0 2 3

 0 1 2

 0 2 3

 0 1 2

 0 2 3

 0 1 2

 0 2 3

 0 1 2

 0 2 3

 0 1 2

 0 2 3

 0 1 2

 0 2 3

 0 1 2

 0 2 3

 0 1 2

 0 2 3

 0 1 2

 0 2 3

 0 1 2

 0 2 3

 0 1 2

 0 2 3

 0 1 2

 0 2 3

 0 1 2

 0 2 3

 0 1 2

 0 2 3

 0 1 2

 0 2 3

 0 1 2

 0 2 3

 0 1 2

 0 2 3

 0 1 2

 0 2 3

 0 1 2

 0 2 3

 0 1 2

 0 2 3

 0 1 2

 0 2 3

 0 1 2

 0 2 3

 0 1 2

 0 2 3

 0 1 2

 0 2 3

 0 1 2

 0 2 3

 0 1 2

 0 2 3

 0 1 2

 0 2 3

 0 1 2

 0 2 3

 0 1 2

 0 2 3

 0 1 2

 0 2 3

 0 1 2

 0 2 3

 0 1 2

 0 2 3

 0 1 2

 0 2 3

 0 1 2

 0 2 3

 0 1 2

 0 2 3

 0 1 2

 0 2 3

 0 1 2

 0 2 3

 0 1 2

 0 2 3

 0 1 2

 0 2 3

 0 1 2

 0 2 3

 0 1 2

 0 2 3

 0 1 2

 0 2 3

 0 1 2

 0 2 3

 0 1 2

 0 2 3

 0 1 2

 0 2 3

 0 1 2

 0 2 3

 0 1 2

 0 2 3

 0 1 2

 0 2 3

 0 1 2

 0 2 3

 0 1 2

 0 2 3

 0 1 2

 0 2 3

 0 1 2

 0 2 3

 0 1 2

 0 2 3

 0 1 2

 0 2 3

 0 1 2

 0 2 3

 0 1 2

 0 2 3

 0 1 2

 0 2 3

 0 1 2

 0 2 3

 0 1 2

 0 2 3

 0 1 2

 0 2 3

 0 1 2

 0 2 3

 0 1 2

 0 2 3

 0 1 2

 0 2 3

 0 1 2

 0 2 3

 0 1 2

 0 2 3

 0 1 2

 0 2 3

 0 1 2

 0 2 3

 0 1 2

 0 2 3

 0 1 2

 0 2 3

 0 1 2

 0 2 3

 0 1 2

 0 2 3

 0 1 2

 0 2 3

 0 1 2

 0 2 3

 0 1 2

 0 2 3

 0 1 2

 0 2 3

 0 1 2

 0 2 3

 0 1 2

 0 2 3

 0 1 2

 0 2 3

 0 1 2

 0 2 3

 0 1 2

 0 2 3

 0 1 2

 0 2 3

 0 1 2

 0 2 3

 0 1 2

 0 2 3

 0 1 2

 0 2 3

 0 1 2

 0 2 3

 0 1 2

 0 2 3

 0 1 2

 0 2 3

 0 1 2

 0 2 3

 0 1 2

 0 2 3

 0 1 2

 0 2 3

 0 1 2

 0 2 3

 0 1 2

 0 2 3

 0 1 2

 0 2 3

 0 1 2

 0 2 3

 0 1 2

 0 2 3

 0 1 2

 0 2 3

 0 1 2

 0 2 3

 0 1 2

 0 2 3

 0 1 2

 0 2 3

 0 1 2

 0 2 3

 0 1 2

 0 2 3

 0 1 2

 0 2 3

 0 1 2

 0 2 3

 83 8 11

 83 11 84

 85 86 8

 85 8 83

 86 87 9

 86 9 8

 83 8 11

 83 11 84

 85 86 8

 85 8 83

 86 87 9

 86 9 8

 83 8 11

 83 11 84

 85 86 8

 85 8 83

 86 87 9

 86 9 8

 83 8 11

 83 11 84

 85 86 8

 85 8 83

 86 87 9

 86 9 8

 0 1 2

 0 2 3

 0 1 2

 0 2 3

 0 1 2

 0 2 3

 0 1 2

 0 2 3

 0 1 2

 0 2 3

 0 1 2

 0 2 3

 0 1 2

 0 2 3

 0 1 2

 0 2 3

 0 1 2

 0 2 3

 0 1 2

 0 2 3

 0 1 2

 0 2 3

 0 1 2

 0 2 3

 0 1 2

 0 2 3

 0 1 2

 0 2 3

 0 1 2

 0 2 3

 0 1 2

 0 2 3

 0 1 2

 0 2 3

 0 1 2

 0 2 3

 0 1 2

 0 2 3

 0 1 2

 0 2 3

 0 1 2

 0 2 3

 0 1 2

 0 2 3

 0 1 2

 0 2 3

 0 1 2

 0 2 3

 0 1 2

 0 2 3

 0 1 2

 0 2 3

 0 1 2

 0 2 3

 0 1 2

 0 2 3

 0 1 2

 0 2 3

 0 1 2

 0 2 3

 0 1 2

 0 2 3

 0 1 2

 0 2 3

 0 1 2

 0 2 3

 0 1 2

 0 2 3

 0 1 2

 0 2 3

 0 1 2

 0 2 3

 0 1 2

 0 2 3

 0 1 2

 0 2 3

 0 1 2

 0 2 3

 0 1 2

 0 2 3

 0 1 2

 0 2 3

 0 1 2

 0 2 3

 0 1 2

 0 2 3

 0 1 2

 0 2 3

 0 1 2

 0 2 3

 0 1 2

 0 2 3

 0 1 2

 0 2 3

 0 1 2

 0 2 3

 0 1 2

 0 2 3

 0 1 2

 0 2 3

 0 1 2

 0 2 3

 0 1 2

 0 2 3

 0 1 2

 0 2 3

 0 1 2

 0 2 3

 0 1 2

 0 2 3

 0 1 2

 0 2 3

 0 1 2

 0 2 3

 0 1 2

 0 2 3

 0 1 2

 0 2 3

 0 1 2

 0 2 3

 0 1 2

 0 2 3

 0 1 2

 0 2 3

 0 1 2

 0 2 3

 0 1 2

 0 2 3

 0 1 2

 0 2 3

 0 1 2

 0 2 3

 0 1 2

 0 2 3

 0 1 2

 0 2 3

 0 1 2

 0 2 3

 0 1 2

 0 2 3

 0 1 2

 0 2 3

 0 1 2

 0 2 3

 0 1 2

 0 2 3

 0 1 2

 0 2 3

 0 1 2

 0 2 3

 0 1 2

 0 2 3

 0 1 2

 0 2 3

 0 1 2

 0 2 3

 0 1 2

 0 2 3

 0 1 2

 0 2 3

 0 1 2

 0 2 3

 83 8 11

 83 11 84

 85 86 8

 85 8 83

 86 87 9

 86 9 8

 83 8 11

 83 11 84

 85 86 8

 85 8 83

 86 87 9

 86 9 8

 83 8 11

 83 11 84

 85 86 8

 85 8 83

 86 87 9

 86 9 8

 83 8 11

 83 11 84

 85 86 8

 85 8 83

 86 87 9

 86 9 8

 0 1 2

 0 2 3

 0 1 2

 0 2 3

 0 1 2

 0 2 3

 0 1 2

 0 2 3

 0 1 2

 0 2 3

 0 1 2

 0 2 3

 0 1 2

 0 2 3

 0 1 2

 0 2 3

 0 1 2

 0 2 3

 0 1 2

 0 2 3

 0 1 2

 0 2 3

 0 1 2

 0 2 3

 0 1 2

 0 2 3

 0 1 2

 0 2 3

 0 1 2

 0 2 3

 88 89 3

 0 1 2

 0 2 3

 0 1 2

 0 2 3

 0 1 2

 0 2 3

 0 1 2

 0 2 3

 0 1 2

 0 2 3

 0 1 2

 0 2 3

 0 1 2

 0 2 3

 0 1 2

 0 2 3

 0 1 2

 0 2 3

 0 1 2

 0 2 3

 0 1 2

 0 2 3

 0 1 2

 0 2 3

 0 1 2

 0 2 3

 0 1 2

 0 2 3

 0 1 2

 0 2 3

 0 1 2

 0 2 3

 0 1 2

 0 2 3

 0 1 2

 0 2 3

 0 1 2

 0 2 3

 0 1 2

 0 2 3

 0 1 2

 0 2 3

 0 1 2

 0 2 3

 0 1 2

 0 2 3

 0 1 2

 0 2 3

 0 1 2

 0 2 3

 0 1 2

 0 2 3

 0 1 2

 0 2 3

 0 1 2

 0 2 3

 0 1 2

 0 2 3

 0 1 2

 0 2 3

 0 1 2

 0 2 3

 0 1 2

 0 2 3

 0 1 2

 0 2 3

 0 1 2

 0 2 3

 0 1 2

 0 2 3

 0 1 2

 0 2 3

 0 1 2

 0 2 3

 0 1 2

 0 2 3

 0 1 2

 0 2 3

 0 1 2

 0 2 3

 0 1 2

 0 2 3

 0 1 2

 0 2 3

 0 1 2

 0 2 3

 0 1 2

 0 2 3

 0 1 2

 0 2 3

 0 1 2

 0 2 3

 0 1 2

 0 2 3

 0 1 2

 0 2 3

 0 1 2

 0 2 3

 0 1 2

 0 2 3

 0 1 2

 0 2 3

 0 1 2

 0 2 3

 0 1 2

 0 2 3

 0 1 2

 0 2 3

 0 1 2

 0 2 3

 0 1 2

 0 2 3

 0 1 2

 0 2 3

 0 1 2

 0 2 3

 0 1 2

 0 2 3

 83 8 11

 83 11 84

 85 86 8

 85 8 83

 86 87 9

 86 9 8

 83 8 11

 83 11 84

 85 86 8

 85 8 83

 86 87 9

 86 9 8

 83 8 11

 83 11 84

 85 86 8

 85 8 83

 86 87 9

 86 9 8

 83 8 11

 83 11 84

 85 86 8

 85 8 83

 86 87 9

 86 9 8

 0 1 2

 0 2 3

 0 1 2

 0 2 3

 0 1 2

 0 2 3

 0 1 2

 0 2 3

 0 1 2

 0 2 3

 0 1 2

 0 2 3

 0 1 2

 0 2 3

 0 1 2

 0 2 3

 0 1 2

 0 2 3

 0 1 2

 0 2 3

 0 1 2

 0 2 3

 0 1 2

 0 2 3

 0 1 2

 0 2 3

 0 1 2

 0 2 3

 0 1 2

 0 2 3

 0 1 2

 0 2 3

 0 1 90

 3 91 2

 0 1 2

 0 2 3

 0 1 2

 0 2 3

 0 1 2

 0 2 3

 0 1 2

 0 2 3

 0 1 2

 0 2 3

 0 1 2

 0 2 3

 0 1 2

 0 2 3

 0 1 2

 0 2 3

 0 1 2

 0 2 3

 0 1 2

 0 2 3

 0 1 2

 0 2 3

 0 1 2

 0 2 3

 0 1 2

 0 2 3

 0 1 2

 0 2 3

 0 1 2

 0 2 3

 0 1 2

 0 2 3

 0 1 2

 0 2 3

 0 1 2

 0 2 3

 0 1 2

 0 2 3

 0 1 2

 0 2 3

 0 1 2

 0 2 3

 0 1 2

 0 2 3

 0 1 2

 0 2 3

 0 1 2

 0 2 3

 0 1 2

 0 2 3

 0 1 2

 0 2 3

 0 1 2

 0 2 3

 0 1 2

 0 2 3

 0 1 2

 0 2 3

 0 1 2

 0 2 3

 0 1 2

 0 2 3

 0 1 2

 0 2 3

 0 1 2

 0 2 3

 0 1 2

 0 2 3

 0 1 2

 0 2 3

 0 1 2

 0 2 3

 0 1 2

 0 2 3

 0 1 2

 0 2 3

 0 1 2

 0 2 3

 0 1 2

 0 2 3

 0 1 2

 0 2 3

 0 1 2

 0 2 3

 0 1 2

 0 2 3

 0 1 2

 0 2 3

 0 1 2

 0 2 3

 0 1 2

 0 2 3

 0 1 2

 0 2 3

 0 1 2

 0 2 3

 0 1 2

 0 2 3

 0 1 2

 0 2 3

 0 1 2

 0 2 3

 0 1 2

 0 2 3

 0 1 2

 0 2 3

 0 1 2

 0 2 3

 0 1 2

 0 2 3

 0 1 2

 0 2 3

 0 1 2

 0 2 3

 0 1 2

 0 2 3

 0 1 2

 0 2 3

 0 1 2

 0 2 3

 0 1 2

 0 2 3

 0 1 2

 0 2 3

 0 1 2

 0 2 3

 83 8 11

 83 11 84

 85 86 8

 85 8 83

 86 87 9

 86 9 8

 83 8 11

 83 11 84

 85 86 8

 85 8 83

 86 87 9

 86 9 8

 83 8 11

 83 11 84

 85 86 8

 85 8 83

 86 87 9

 86 9 8

 83 8 11

 83 11 84

 85 86 8

 85 8 83

 86 87 9

 86 9 8

 83 8 11

 83 11 84

 85 86 8

 85 8 83

 86 87 9

 86 9 8

 0 1 2

 0 2 3

 0 1 2

 0 2 3

 0 1 2

 0 2 3

 0 1 2

 0 2 3

 0 1 2

 0 2 3

 0 1 2

 0 2 3

 0 1 2

 0 2 3

 0 1 2

 0 2 3

 0 1 2

 0 2 3

 0 1 2

 0 2 3

 0 1 2

 0 2 3

 0 1 2

 0 2 3

 0 1 2

 0 2 3

 0 1 2

 0 2 3

 0 1 2

 0 2 3

 0 1 2

 0 2 3

 0 1 2

 0 2 3

 0 1 2

 0 2 3

 0 1 2

 0 2 3

 0 1 2

 0 2 3

 0 1 2

 0 2 3

 0 1 2

 0 2 3

 0 1 2

 0 2 3

 0 1 2

 0 2 3

 0 1 2

 0 2 3

 0 1 2

 0 2 3

 0 1 2

 0 2 3

 0 1 2

 0 2 3

 0 1 2

 0 2 3

 0 1 2

 0 2 3

 0 1 2

 0 2 3

 0 1 2

 0 2 3

 0 1 2

 0 2 3

 0 1 2

 0 2 3

 0 1 2

 0 2 3

 0 1 2

 0 2 3

 0 1 2

 0 2 3

 0 1 2

 0 2 3

 0 1 2

 0 2 3

 0 1 2

 0 2 3

 0 1 2

 0 2 3

 0 1 2

 0 2 3

 0 1 2

 0 2 3

 0 1 2

 0 2 3

 0 1 2

 0 2 3

 0 1 2

 0 2 3

 0 1 2

 0 2 3

 0 1 2

 0 2 3

 0 1 2

 0 2 3

 0 1 2

 0 2 3

 0 1 2

 0 2 3

 0 1 2

 0 2 3

 0 1 2

 0 2 3

 0 1 2

 0 2 3

 0 1 2

 0 2 3

 0 1 2

 0 2 3

 0 1 2

 0 2 3

 0 1 2

 0 2 3

 0 1 2

 0 2 3

 0 1 2

 0 2 3

 0 1 2

 0 2 3

 0 1 2

 0 2 3

 0 1 2

 0 2 3

 0 1 2

 0 2 3

 0 1 2

 0 2 3

 0 1 2

 0 2 3

 0 1 2

 0 2 3

 0 1 2

 0 2 3

 0 1 2

 0 2 3

 0 1 2

 0 2 3

 0 1 2

 0 2 3

 0 1 2

 0 2 3

 0 1 2

 0 2 3

 0 1 2

 0 2 3

 0 1 2

 0 2 3

 0 1 2

 0 2 3

 0 1 2

 0 2 3

 0 1 2

 0 2 3

 0 1 2

 0 2 3

 0 1 2

 0 2 3

 0 1 2

 0 2 3

 0 1 2

 0 2 3

 0 1 2

 0 2 3

 0 1 2

 0 2 3

 83 8 11

 83 11 84

 85 86 8

 85 8 83

 86 87 9

 86 9 8

 83 8 11

 83 11 84

 85 86 8

 85 8 83

 86 87 9

 86 9 8

 83 8 11

 83 11 84

 85 86 8

 85 8 83

 86 87 9

 86 9 8

 83 8 11

 83 11 84

 85 86 8

 85 8 83

 86 87 9

 86 9 8

 83 8 11

 83 11 84

 85 86 8

 85 8 83

 86 87 9

 86 9 8

 0 1 2

 0 2 3

 0 1 2

 0 2 3

 0 1 2

 0 2 3

 0 1 2

 0 2 3

 0 1 2

 0 2 3

 0 1 2

 0 2 3

 0 1 2

 0 2 3

 0 1 2

 0 2 3

 0 1 2

 0 2 3

 0 1 2

 0 2 3

 0 1 2

 0 2 3

 0 1 2

 0 2 3

 0 1 2

 0 2 3

 0 1 2

 0 2 3

 0 1 2

 0 2 3

 0 1 2

 0 2 3

 0 1 2

 0 2 3

 0 1 2

 0 2 3

 0 1 2

 0 2 3

 0 1 2

 0 2 3

 0 1 2

 0 2 3

 0 1 2

 0 2 3

 0 1 2

 0 2 3

 0 1 2

 0 2 3

 0 1 2

 0 2 3

 0 1 2

 0 2 3

 0 1 2

 0 2 3

 0 1 2

 0 2 3

 0 1 2

 0 2 3

 0 1 2

 0 2 3

 0 1 2

 0 2 3

 0 1 2

 0 2 3

 0 1 2

 0 2 3

 0 1 2

 0 2 3

 0 1 2

 0 2 3

 0 1 2

 0 2 3

 0 1 2

 0 2 3

 0 1 2

 0 2 3

 0 1 2

 0 2 3

 0 1 2

 0 2 3

 0 1 2

 0 2 3

 0 1 2

 0 2 3

 0 1 2

 0 2 3

 0 1 2

 0 2 3

 0 1 2

 0 2 3

 0 1 2

 0 2 3

 0 1 2

 0 2 3

 0 1 2

 0 2 3

 0 1 2

 0 2 3

 0 1 2

 0 2 3

 0 1 2

 0 2 3

 0 1 2

 0 2 3

 0 1 2

 0 2 3

 0 1 2

 0 2 3

 0 1 2

 0 2 3

 0 1 2

 0 2 3

 0 1 2

 0 2 3

 0 1 2

 0 2 3

 0 1 2

 0 2 3

 0 1 2

 0 2 3

 0 1 2

 0 2 3

 0 1 2

 0 2 3

 0 1 2

 0 2 3

 0 1 2

 0 2 3

 0 1 2

 0 2 3

 0 1 2

 0 2 3

 0 1 2

 0 2 3

 0 1 2

 0 2 3

 0 1 2

 0 2 3

 0 1 2

 0 2 3

 0 1 2

 0 2 3

 0 1 2

 0 2 3

 0 1 2

 0 2 3

 0 1 2

 0 2 3

 0 1 2

 0 2 3

 0 1 2

 0 2 3

 0 1 2

 0 2 3

 0 1 2

 0 2 3

 0 1 2

 0 2 3

 0 1 2

 0 2 3

 0 1 2

 0 2 3

 0 1 2

 0 2 3

 0 1 2

 0 2 3

 0 1 2

 0 2 3

 0 1 2

 0 2 3

 0 1 2

 0 2 3

 0 1 2

 0 2 3

 0 1 2

 0 2 3

 0 1 2

 0 2 3

 0 1 2

 0 2 3

 0 1 2

 0 2 3

 0 1 2

 0 2 3

 0 1 2

 0 2 3

 0 1 2

 0 2 3

 0 1 2

 0 2 3

 0 1 2

 0 2 3

 0 1 2

 0 2 3

 0 1 2

 0 2 3

 0 1 2

 0 2 3

 0 1 2

 0 2 3

 0 1 2

 0 2 3

 0 1 2

 0 2 3

 0 1 2

 0 2 3

 0 1 2

 0 2 3

 0 1 2

 0 2 3

 0 1 2

 0 2 3

 0 1 2

 0 2 3

 0 1 2

 0 2 3

 0 1 2

 0 2 3

 0 1 2

 0 2 3

 0 1 2

 0 2 3

 0 1 2

 0 2 3

 0 1 2

 0 2 3

 0 1 2

 0 2 3

 0 1 2

 0 2 3

 0 1 2

 0 2 3

 0 1 2

 0 2 3

 0 1 2

 0 2 3

 0 1 2

 0 2 3

 0 1 2

 0 2 3

 0 1 2

 0 2 3

 0 1 2

 0 2 3

 0 1 2

 0 2 3

 0 1 2

 0 2 3

 0 1 2

 0 2 3

 0 1 2

 0 2 3

 0 1 2

 0 2 3

 0 1 2

 0 2 3

 0 1 2

 0 2 3

 0 1 2

 0 2 3

 0 1 2

 0 2 3

 0 1 2

 0 2 3

 0 1 2

 0 2 3

 0 1 2

 0 2 3

 0 1 2

 0 2 3

 0 1 2

 0 2 3

 0 1 2

 0 2 3

 0 1 2

 0 2 3

 0 1 2

 0 2 3

 0 1 2

 0 2 3

 0 1 2

 0 2 3

 0 1 2

 0 2 3

 0 1 2

 0 2 3

 0 1 2

 0 2 3

 0 1 2

 0 2 3

 0 1 2

 0 2 3

 0 1 2

 0 2 3

 0 1 2

 0 2 3

 0 1 2

 0 2 3

 0 1 2

 0 2 3

 0 1 2

 0 2 3

 0 1 2

 0 2 3

 0 1 2

 0 2 3

 0 1 2

 0 2 3

 0 1 2

 0 2 3

 0 1 2

 0 2 3

 0 1 2

 0 2 3

 0 1 2

 0 2 3

 0 1 2

 0 2 3

 0 1 2

 0 2 3

 0 1 2

 0 2 3

 0 1 2

 0 2 3

 0 1 2

 0 2 3

 0 1 2

 0 2 3

 0 1 2

 0 2 3

 0 1 2

 0 2 3

 0 1 2

 0 2 3

 0 1 2

 0 2 3

 0 1 2

 0 2 3

 0 1 2

 0 2 3

 0 1 2

 0 2 3

 0 1 2

 0 2 3

 0 1 2

 0 2 3

 0 1 2

 0 2 3

 0 1 2

 0 2 3

 0 1 2

 0 2 3

 0 1 2

 0 2 3

 0 1 2

 0 2 3

 0 1 2

 0 2 3

 0 1 2

 0 2 3

 0 1 2

 0 2 3

 0 1 2

 0 2 3

 0 1 2

 0 2 3

 0 1 2

 0 2 3

 0 1 2

 0 2 3

 0 1 2

 0 2 3

 0 1 2

 0 2 3

 0 1 2

 0 2 3

 0 1 2

 0 2 3

 0 1 2

 0 2 3

 0 1 2

 0 2 3

 0 1 2

 0 2 3

 0 1 2

 0 2 3

 0 1 2

 0 2 3

 0 1 2

 0 2 3

 0 1 2

 0 2 3

 0 1 2

 0 2 3

 0 1 2

 0 2 3

 0 1 2

 0 2 3

 0 1 2

 0 2 3

 0 1 2

 0 2 3

 0 1 2

 0 2 3

 0 1 2

 0 2 3

 0 1 2

 0 2 3

 0 1 2

 0 2 3

 0 1 2

 0 2 3

 0 1 2

 0 2 3

 0 1 2

 0 2 3

 0 1 2

 0 2 3

 0 1 2

 0 2 3

 0 1 2

 0 2 3

 0 1 2

 0 2 3

 0 1 2

 0 2 3

 0 1 2

 0 2 3

 0 1 2

 0 2 3

 0 1 2

 0 2 3

 0 1 2

 0 2 3

 0 1 2

 0 2 3

 0 1 2

 0 2 3

 0 1 2

 0 2 3

 0 1 2

 0 2 3

 0 1 2

 0 2 3

 0 1 2

 0 2 3

 0 1 2

 0 2 3

 0 1 2

 0 2 3

 0 1 2

 0 2 3

 0 1 2

 0 2 3

 0 1 2

 0 2 3

 0 1 2

 0 2 3

 0 1 2

 0 2 3

 0 1 2

 0 2 3

 0 1 2

 0 2 3

 0 1 2

 0 2 3

 0 1 2

 0 2 3

 0 1 2

 0 2 3

 0 1 2

 0 2 3

 0 1 2

 0 2 3

 0 1 2

 0 2 3

 0 1 2

 0 2 3

 0 1 2

 0 2 3

 0 1 2

 0 2 3

 0 1 2

 0 2 3

 0 1 2

 0 2 3

 0 1 2

 0 2 3

 0 1 2

 0 2 3

 0 1 2

 0 2 3

 0 1 2

 0 2 3

 0 1 2

 0 2 3

 0 1 2

 0 2 3

 0 1 2

 0 2 3

 0 1 2

 0 2 3

 0 1 2

 0 2 3

 0 1 2

 0 2 3

 0 1 2

 0 2 3

 0 1 2

 0 2 3

 0 1 2

 0 2 3

 0 1 2

 0 2 3

 0 1 2

 0 2 3

 0 1 2

 0 2 3

 0 1 2

 0 2 3

 0 1 2

 0 2 3

 0 1 2

 0 2 3

 0 1 2

 0 2 3

 0 1 2

 0 2 3

 0 1 2

 0 2 3

 0 1 2

 0 2 3

 0 1 2

 0 2 3

 0 1 2

 0 2 3

 0 1 2

 0 2 3

 0 1 2

 0 2 3

 0 1 2

 0 2 3

 0 1 2

 0 2 3

 0 1 2

 0 2 3

 0 1 2

 0 2 3

 0 1 2

 0 2 3

 0 1 2

 0 2 3

 0 1 2

 0 2 3

 0 1 2

 0 2 3

 0 1 2

 0 2 3

 0 1 2

 0 2 3

 0 1 2

 0 2 3

 0 1 2

 0 2 3

 0 1 2

 0 2 3

 0 1 2

 0 2 3

 0 1 2

 0 2 3

 0 1 2

 0 2 3

 0 1 2

 0 2 3

 0 1 2

 0 2 3

 0 1 2

 0 2 3

 0 1 2

 0 2 3

 0 1 2

 0 2 3

 0 1 2

 0 2 3

 0 1 2

 0 2 3

 0 1 2

 0 2 3

 0 1 2

 0 2 3

 0 1 2

 0 2 3

 0 1 2

 0 2 3

 0 1 2

 0 2 3

 0 1 2

 0 2 3

 0 1 2

 0 2 3

 0 1 2

 0 2 3

 0 1 2

 0 2 3

 0 1 2

 0 2 3

 0 1 2

 0 2 3

 0 1 2

 0 2 3

 0 1 2

 0 2 3

 0 1 2

 0 2 3

 0 1 2

 0 2 3

 0 1 2

 0 2 3

 0 1 2

 0 2 3

 0 1 2

 0 2 3

 0 1 2

 0 2 3

 0 1 2

 0 2 3

 0 1 2

 0 2 3

 0 1 2

 0 2 3

 0 1 2

 0 2 3

 0 1 2

 0 2 3

 0 1 2

 0 2 3

 0 1 2

 0 2 3

 0 1 2

 0 2 3

 0 1 2

 0 2 3

 0 1 2

 0 2 3

 0 1 2

 0 2 3

 0 1 2

 0 2 3

 0 1 2

 0 2 3

 0 1 2

 0 2 3

 0 1 2

 0 2 3

 0 1 2

 0 2 3

 0 1 2

 0 2 3

 0 1 2

 0 2 3

 0 1 2

 0 2 3

 0 1 2

 0 2 3

 0 1 2

 0 2 3

 0 1 2

 0 2 3

 0 1 2

 0 2 3

 0 1 2

 0 2 3

 0 1 2

 0 2 3

 0 1 2

 0 2 3

 0 1 2

 0 2 3

 0 1 2

 0 2 3

 0 1 2

 0 2 3

 0 1 2

 0 2 3

 0 1 2

 0 2 3

 0 1 2

 0 2 3

 0 1 2

 0 2 3

 0 1 2

 0 2 3

 0 1 2

 0 2 3

 0 1 2

 0 2 3

 0 1 2

 0 2 3

 0 1 2

 0 2 3

 0 1 2

 0 2 3

 0 1 2

 0 2 3

 0 1 2

 0 2 3

 0 1 2

 0 2 3

 0 1 2

 0 2 3

 0 1 2

 0 2 3

 0 1 2

 0 2 3

 0 1 2

 0 2 3

 0 1 2

 0 2 3

 0 1 2

 0 2 3

 0 1 2

 0 2 3

 0 1 2

 0 2 3

 0 1 2

 0 2 3

 0 1 2

 0 2 3

 0 1 2

 0 2 3

 0 1 2

 0 2 3

 0 1 2

 0 2 3

 0 1 2

 0 2 3

 0 1 2

 0 2 3

 0 1 2

 0 2 3

 0 1 2

 0 2 3

 0 1 2

 0 2 3

 0 1 2

 0 2 3

 0 1 2

 0 2 3

 0 1 2

 0 2 3

 0 1 2

 0 2 3

 0 1 2

 0 2 3

 0 1 2

 0 2 3

 0 1 2

 0 2 3

 0 1 2

 0 2 3

 0 1 2

 0 2 3

 0 1 2

 0 2 3

 0 1 2

 0 2 3

 0 1 2

 0 2 3

 0 1 2

 0 2 3

 0 1 2

 0 2 3

 0 1 2

 0 2 3

 0 1 2

 0 2 3

 0 1 2

 0 2 3

 0 1 2

 0 2 3

 0 1 2

 0 2 3

 0 1 2

 0 2 3

 0 1 2

 0 2 3

 0 1 2

 0 2 3

 0 1 2

 0 2 3

 0 1 2

 0 2 3

 0 1 2

 0 2 3

 0 1 2

 0 2 3

 0 1 2

 0 2 3

 0 1 2

 0 2 3

 0 1 2

 0 2 3

 0 1 2

 0 2 3

 0 1 2

 0 2 3

 0 1 2

 0 2 3

 0 1 2

 0 2 3

 0 1 2

 0 2 3

 0 1 2

 0 2 3

 0 1 2

 0 2 3

 0 1 2

 0 2 3

 0 1 2

 0 2 3

 0 1 2

 0 2 3

 0 1 2

 0 2 3

 0 1 2

 0 2 3

 0 1 2

 0 2 3

 0 1 2

 0 2 3

 0 1 2

 0 2 3

 0 1 2

 0 2 3

 0 1 2

 0 2 3

 0 1 2

 0 2 3

 0 1 2

 0 2 3

 0 1 2

 0 2 3

 0 1 2

 0 2 3

 0 1 2

 0 2 3

 0 1 2

 0 2 3

 0 1 2

 0 2 3

 0 1 2

 0 2 3

 0 1 2

 0 2 3

 0 1 2

 0 2 3

 0 1 2

 0 2 3

 0 1 2

 0 2 3

 0 1 2

 0 2 3

 0 1 2

 0 2 3

 0 1 2

 0 2 3

 0 1 2

 0 2 3

 0 1 2

 0 2 3

 0 1 2

 0 2 3

 0 1 2

 0 2 3

 0 1 2

 0 2 3

 0 1 2

 0 2 3

 0 1 2

 0 2 3

 0 1 2

 0 2 3

 0 1 2

 0 2 3

 0 1 2

 0 2 3

 0 1 2

 0 2 3

 0 1 2

 0 2 3

 0 1 2

 0 2 3

 0 1 2

 0 2 3

 0 1 2

 0 2 3

 0 1 2

 0 2 3

 0 1 2

 0 2 3

 0 1 2

 0 2 3

 0 1 2

 0 2 3

 0 1 2

 0 2 3

 0 1 2

 0 2 3

 0 1 2

 0 2 3

 0 1 2

 0 2 3

 0 1 2

 0 2 3

 0 1 2

 0 2 3

 0 1 2

 0 2 3

 0 1 2

 0 2 3

 0 1 2

 0 2 3

 0 1 2

 0 2 3

 0 1 2

 0 2 3

 0 1 2

 0 2 3

 0 1 2

 0 2 3

 0 1 2

 0 2 3

 0 1 2

 0 2 3

 0 1 2

 0 2 3

 0 1 2

 0 2 3

 0 1 2

 0 2 3

 0 1 2

 0 2 3

 0 1 2

 0 2 3

 0 1 2

 0 2 3

 0 1 2

 0 2 3

 0 1 2

 0 2 3

 0 1 2

 0 2 3

 0 1 2

 0 2 3

 0 1 2

 0 2 3

 0 1 2

 0 2 3

 0 1 2

 0 2 3

 0 1 2

 0 2 3

 0 1 2

 0 2 3

 0 1 2

 0 2 3

 0 1 2

 0 2 3

 0 1 2

 0 2 3

 0 1 2

 0 2 3

 0 1 2

 0 2 3

 0 1 2

 0 2 3

 0 1 2

 0 2 3

 0 1 2

 0 2 3

 0 1 2

 0 2 3

 0 1 2

 0 2 3

 0 1 2

 0 2 3

 0 1 2

 0 2 3

 0 1 2

 0 2 3

 0 1 2

 0 2 3

 0 1 2

 0 2 3

 0 1 2

 0 2 3

 0 1 2

 0 2 3

 0 1 2

 0 2 3

 0 1 2

 0 2 3

 0 1 2

 0 2 3

 0 1 2

 0 2 3

 0 1 2

 0 2 3

 0 1 2

 0 2 3

 0 1 2

 0 2 3

 0 1 2

 0 2 3

 0 1 2

 0 2 3

 0 1 2

 0 2 3

 0 1 2

 0 2 3

 0 1 2

 0 2 3

 0 1 2

 0 2 3

 0 1 2

 0 2 3

 0 1 2

 0 2 3

 0 1 2

 0 2 3

 0 1 2

 0 2 3

 0 1 2

 0 2 3

 0 1 2

 0 2 3

 0 1 2

 0 2 3

 0 1 2

 0 2 3

 0 1 2

 0 2 3

 0 1 2

 0 2 3

 0 1 2

 0 2 3

 0 1 2

 0 2 3

 0 1 2

 0 2 3

 0 1 2

 0 2 3

 0 1 2

 0 2 3

 0 1 2

 0 2 3

 0 1 2

 0 2 3

 0 1 2

 0 2 3

 0 1 2

 0 2 3

 0 1 2

 0 2 3

 0 1 2

 0 2 3

 0 1 2

 0 2 3

 0 1 2

 0 2 3

 0 1 2

 0 2 3

 0 1 2

 0 2 3

 0 1 2

 0 2 3

 0 1 2

 0 2 3

 0 1 2

 0 2 3

 0 1 2

 0 2 3

 0 1 2

 0 2 3

 0 1 2

 0 2 3

 0 1 2

 0 2 3

 0 1 2

 0 2 3

 0 1 2

 0 2 3

 0 1 2

 0 2 3

 0 1 2

 0 2 3

 0 1 2

 0 2 3

 0 1 2

 0 2 3

 0 1 2

 0 2 3

 0 1 2

 0 2 3

 0 1 2

 0 2 3

 0 1 2

 0 2 3

 0 1 2

 0 2 3

 0 1 2

 0 2 3

 0 1 2

 0 2 3

 0 1 2

 0 2 3

 0 1 2

 0 2 3

 0 1 2

 0 2 3

 0 1 2

 0 2 3

 0 1 2

 0 2 3

 0 1 2

 0 2 3

 0 1 2

 0 2 3

 0 1 2

 0 2 3

 0 1 2

 0 2 3

 0 1 2

 0 2 3

 0 1 2

 0 2 3

 0 1 2

 0 2 3

 0 1 2

 0 2 3

 0 1 2

 0 2 3

 0 1 2

 0 2 3

 0 1 2

 0 2 3

 0 1 2

 0 2 3

 0 1 2

 0 2 3

 0 1 2

 0 2 3

 0 1 2

 0 2 3

 0 1 2

 0 2 3

 0 1 2

 0 2 3

 0 1 2

 0 2 3

 0 1 2

 0 2 3

 0 1 2

 0 2 3

 0 1 2

 0 2 3

 0 1 2

 0 2 3

 0 1 2

 0 2 3

 0 1 2

 0 2 3

 0 1 2

 0 2 3

 0 1 2

 0 2 3

 0 1 2

 0 2 3

 0 1 2

 0 2 3

 0 1 2

 0 2 3

 0 1 2

 0 2 3

 0 1 2

 0 2 3

 0 1 2

 0 2 3

 0 1 2

 0 2 3

 0 1 2

 0 2 3

 0 1 2

 0 2 3

 0 1 2

 0 2 3

 0 1 2

 0 2 3

 0 1 2

 0 2 3

 0 1 2

 0 2 3

 0 1 2

 0 2 3

 0 1 2

 0 2 3

 0 1 2

 0 2 3

 0 1 2

 0 2 3

 0 1 2

 0 2 3

 0 1 2

 0 2 3

 0 1 2

 0 2 3

 0 1 2

 0 2 3

 0 1 2

 0 2 3

 0 1 2

 0 2 3

 0 1 2

 0 2 3

 0 1 2

 0 2 3

 0 1 2

 0 2 3

 0 1 2

 0 2 3

 0 1 2

 0 2 3

 0 1 2

 0 2 3

 0 1 2

 0 2 3

 0 1 2

 0 2 3

 0 1 2

 0 2 3

 0 1 2

 0 2 3

 0 1 2

 0 2 3

 0 1 2

 0 2 3

 0 1 2

 0 2 3

 0 1 2

 0 2 3

 0 1 2

 0 2 3

 0 1 2

 0 2 3

 0 1 2

 0 2 3

 0 1 2

 0 2 3

 0 1 2

 0 2 3

 0 1 2

 0 2 3

 0 1 2

 0 2 3

 0 1 2

 0 2 3

 0 1 2

 0 2 3

 0 1 2

 0 2 3

 0 1 2

 0 2 3

 0 1 2

 0 2 3

 0 1 2

 0 2 3

 0 1 2

 0 2 3

 0 1 2

 0 2 3

 0 1 2

 0 2 3

 0 1 2

 0 2 3

 0 1 2

 0 2 3

 0 1 2

 0 2 3

 0 1 2

 0 2 3

 0 1 2

 0 2 3

 0 1 2

 0 2 3

 0 1 2

 0 2 3

 0 1 2

 0 2 3

 0 1 2

 0 2 3

 0 1 2

 0 2 3

 0 1 2

 0 2 3

 0 1 2

 0 2 3

 0 1 2

 0 2 3

 0 1 2

 0 2 3

 0 1 2

 0 2 3

 0 1 2

 0 2 3

 0 1 2

 0 2 3

 0 1 2

 0 2 3

 0 1 2

 0 2 3

 0 1 2

 0 2 3

 0 1 2

 0 2 3

 0 1 2

 0 2 3

 0 1 2

 0 2 3

 0 1 2

 0 2 3

 0 1 2

 0 2 3

 0 1 2

 0 2 3

 0 1 2

 0 2 3

 0 1 2

 0 2 3

 0 1 2

 0 2 3

 0 1 2

 0 2 3

 0 1 2

 0 2 3

 0 1 2

 0 2 3

 0 1 2

 0 2 3

 0 1 2

 0 2 3

 0 1 2

 0 2 3

 0 1 2

 0 2 3

 0 1 2

 0 2 3

 0 1 2

 0 2 3

 0 1 2

 0 2 3

 0 1 2

 0 2 3

 0 1 2

 0 2 3

 0 1 2

 0 2 3

 0 1 2

 0 2 3

 0 1 2

 0 2 3

 0 1 2

 0 2 3

 0 1 2

 0 2 3

 0 1 2

 0 2 3

 0 1 2

 0 2 3

 0 1 2

 0 2 3

 0 1 2

 0 2 3

 0 1 2

 0 2 3

 0 1 2

 0 2 3

 0 1 2

 0 2 3

 0 1 2

 0 2 3

 0 1 2

 0 2 3

 0 1 2

 0 2 3

 0 1 2

 0 2 3

 0 1 2

 0 2 3

 0 1 2

 0 2 3

 0 1 2

 0 2 3

 0 1 2

 0 2 3

 0 1 2

 0 2 3

 0 1 2

 0 2 3

 0 1 2

 0 2 3

 0 1 2

 0 2 3

 0 1 2

 0 2 3

 0 1 2

 0 2 3

 0 1 2

 0 2 3

 0 1 2

 0 2 3

 0 1 2

 0 2 3

 0 1 2

 0 2 3

 0 1 2

 0 2 3

 0 1 2

 0 2 3

 0 1 2

 0 2 3

 0 1 2

 0 2 3

 0 1 2

 0 2 3

 0 1 2

 0 2 3

 0 1 2

 0 2 3

 0 1 2

 0 2 3

 0 1 2

 0 2 3

 0 1 2

 0 2 3

 0 1 2

 0 2 3

 0 1 2

 0 2 3

 0 1 2

 0 2 3

 0 1 2

 0 2 3

 0 1 2

 0 2 3

 0 1 2

 0 2 3

 0 1 2

 0 2 3

 0 1 2

 0 2 3

 0 1 2

 0 2 3

 0 1 2

 0 2 3

 0 1 2

 0 2 3

 0 1 2

 0 2 3

 0 1 2

 0 2 3

 0 1 2

 0 2 3

 0 1 2

 0 2 3

 0 1 2

 0 2 3

 0 1 2

 0 2 3

 0 1 2

 0 2 3

 0 1 2

 0 2 3

 0 1 2

 0 2 3

 0 1 2

 0 2 3

 0 1 2

 0 2 3

 0 1 2

 0 2 3

 0 1 2

 0 2 3

 0 1 2

 0 2 3

 0 1 2

 0 2 3

 0 1 2

 0 2 3

 0 1 2

 0 2 3

 0 1 2

 0 2 3

 0 1 2

 0 2 3

 0 1 2

 0 2 3

 0 1 2

 0 2 3

 0 1 2

 0 2 3

 0 1 2

 0 2 3

 0 1 2

 0 2 3

 0 1 2

 0 2 3

 0 1 2

 0 2 3

 0 1 2

 0 2 3

 0 1 2

 0 2 3

 0 1 2

 0 2 3

 0 1 2

 0 2 3

 0 1 2

 0 2 3

 0 1 2

 0 2 3

 0 1 2

 0 2 3

 0 1 2

 0 2 3

 0 1 2

 0 2 3

 0 1 2

 0 2 3

 0 1 2

 0 2 3

 0 1 2

 0 2 3

 0 1 2

 0 2 3

 0 1 2

 0 2 3

 0 1 2

 0 2 3

 0 1 2

 0 2 3

 0 1 2

 0 2 3

 0 1 2

 0 2 3

 0 1 2

 0 2 3

 0 1 2

 0 2 3

 0 1 2

 0 2 3

 0 1 2

 0 2 3

 0 1 2

 0 2 3

 0 1 2

 0 2 3

 0 1 2

 0 2 3

 0 1 2

 0 2 3

 0 1 2

 0 2 3

 0 1 2

 0 2 3

 0 1 2

 0 2 3

 0 1 2

 0 2 3

 0 1 2

 0 2 3

 0 1 2

 0 2 3

 0 1 2

 0 2 3

 0 1 2

 0 2 3

 0 1 2

 0 2 3

 0 1 2

 0 2 3

 0 1 2

 0 2 3

 0 1 2

 0 2 3

 0 1 2

 0 2 3

 0 1 2

 0 2 3

 0 1 2

 0 2 3

 0 1 2

 0 2 3

 0 1 2

 0 2 3

 0 1 2

 0 2 3

 0 1 2

 0 2 3

 0 1 2

 0 2 3

 0 1 2

 0 2 3

 0 1 2

 0 2 3

 0 1 2

 0 2 3

 0 1 2

 0 2 3

 0 1 2

 0 2 3

 0 1 2

 0 2 3

 0 1 2

 0 2 3

 0 1 2

 0 2 3

 0 1 2

 0 2 3

 0 1 2

 0 2 3

 0 1 2

 0 2 3

 0 1 2

 0 2 3

 0 1 2

 0 2 3

 0 1 2

 0 2 3

 0 1 2

 0 2 3

 0 1 2

 0 2 3

 0 1 2

 0 2 3

 0 1 2

 0 2 3

 0 1 2

 0 2 3

 0 1 2

 0 2 3

 0 1 2

 0 2 3

 0 1 2

 0 2 3

 0 1 2

 0 2 3

 0 1 2

 0 2 3

 0 1 2

 0 2 3

 0 1 2

 0 2 3

 0 1 2

 0 2 3

 0 1 2

 0 2 3

 0 1 2

 0 2 3

 0 1 2

 0 2 3

 0 1 2

 0 2 3

 0 1 2

 0 2 3

 0 1 2

 0 2 3

 0 1 2

 0 2 3

 0 1 2

 0 2 3

 0 1 2

 0 2 3

 0 1 2

 0 2 3

 0 1 2

 0 2 3

 0 1 2

 0 2 3

 0 1 2

 0 2 3

 0 1 2

 0 2 3

 0 1 2

 0 2 3

 0 1 2

 0 2 3

 0 1 2

 0 2 3

 0 1 2

 0 2 3

 0 1 2

 0 2 3

 0 1 2

 0 2 3

 0 1 2

 0 2 3

 0 1 2

 0 2 3

 0 1 2

 0 2 3

 0 1 2

 0 2 3

 0 1 2

 0 2 3

 0 1 2

 0 2 3

 0 1 2

 0 2 3

 0 1 2

 0 2 3

 0 1 2

 0 2 3

 0 1 2

 0 2 3

 0 1 2

 0 2 3

 0 1 2

 0 2 3

 0 1 2

 0 2 3

 0 1 2

 0 2 3

 0 1 2

 0 2 3

 0 1 2

 0 2 3

 0 1 2

 0 2 3

 0 1 2

 0 2 3

 0 1 2

 0 2 3

 0 1 2

 0 2 3

 0 1 2

 0 2 3

 0 1 2

 0 2 3

 0 1 2

 0 2 3

 0 1 2

 0 2 3

 0 1 2

 0 2 3

 0 1 2

 0 2 3

 0 1 2

 0 2 3

 0 1 2

 0 2 3

 0 1 2

 0 2 3

 0 1 2

 0 2 3

 0 1 2

 0 2 3

 0 1 2

 0 2 3

 0 1 2

 0 2 3

 0 1 2

 0 2 3

 0 1 2

 0 2 3

 0 1 2

 0 2 3

 0 1 2

 0 2 3

 0 1 2

 0 2 3

 0 1 2

 0 2 3

 0 1 2

 0 2 3

 0 1 2

 0 2 3

 0 1 2

 0 2 3

 0 1 2

 0 2 3

 0 1 2

 0 2 3

 0 1 2

 0 2 3

 0 1 2

 0 2 3

 0 1 2

 0 2 3

 0 1 2

 0 2 3

 0 1 2

 0 2 3

 0 1 2

 0 2 3

 0 1 2

 0 2 3

 0 1 2

 0 2 3

 0 1 2

 0 2 3

 0 1 2

 0 2 3

 0 1 2

 0 2 3

 0 1 2

 0 2 3

 0 1 2

 0 2 3

 0 1 2

 0 2 3

 0 1 2

 0 2 3

 0 1 2

 0 2 3

 0 1 2

 0 2 3

 0 1 2

 0 2 3

 0 1 2

 0 2 3

 0 1 2

 0 2 3

 0 1 2

 0 2 3

 0 1 2

 0 2 3

 0 1 2

 0 2 3

 0 1 2

 0 2 3

 0 1 2

 0 2 3

 0 1 2

 0 2 3

 0 1 2

 0 2 3

 0 1 2

 0 2 3

 0 1 2

 0 2 3

 0 1 2

 0 2 3

 0 1 2

 0 2 3

 0 1 2

 0 2 3

 0 1 2

 0 2 3

 0 1 2

 0 2 3

 0 1 2

 0 2 3

 0 1 2

 0 2 3

 0 1 2

 0 2 3

 0 1 2

 0 2 3

 0 1 2

 0 2 3

 0 1 2

 0 2 3

 0 1 2

 0 2 3

 0 1 2

 0 2 3

 0 1 2

 0 2 3

 4 5 6

 4 6 7

 0 1 2

 0 2 3

 0 1 2

 0 2 3

 0 1 2

 0 2 3

 0 1 2

 0 2 3

 0 1 2

 0 2 3

 0 1 2

 0 2 3

 0 1 2

 0 2 3

 0 1 2

 0 2 3

 0 1 2

 0 2 3

 0 1 2

 0 2 3

 0 1 2

 0 2 3

 0 1 2

 0 2 3

 0 1 2

 0 2 3

 0 1 2

 0 2 3

 0 1 2

 0 2 3

 0 1 2

 0 2 3

 0 1 2

 0 2 3

 0 1 2

 0 2 3

 0 1 2

 0 2 3

 0 1 2

 0 2 3

 0 1 2

 0 2 3

 0 1 2

 0 2 3

 0 1 2

 0 2 3

 0 1 2

 0 2 3

 0 1 2

 0 2 3

 0 1 2

 0 2 3

 0 1 2

 0 2 3

 0 1 2

 0 2 3

 0 1 2

 0 2 3

 0 1 2

 0 2 3

 0 1 2

 0 2 3

 0 1 2

 0 2 3

 0 1 2

 0 2 3

 0 1 2

 0 2 3

 0 1 2

 0 2 3

 0 1 2

 0 2 3

 0 1 2

 0 2 3

 0 1 2

 0 2 3

 0 1 2

 0 2 3

 0 1 2

 0 2 3

 0 1 2

 0 2 3

 0 1 2

 0 2 3

 0 1 2

 0 2 3

 0 1 2

 0 2 3

 0 1 2

 0 2 3

 0 1 2

 0 2 3

 0 1 2

 0 2 3

 0 1 2

 0 2 3

 0 1 2

 0 2 3

 0 1 2

 0 2 3

 0 1 2

 0 2 3

 0 1 2

 0 2 3

 0 1 2

 0 2 3

 0 1 2

 0 2 3

 0 1 2

 0 2 3

 0 1 2

 0 2 3

 0 1 2

 0 2 3

 0 1 2

 0 2 3

 0 1 2

 0 2 3

 0 1 2

 0 2 3

 0 1 2

 0 2 3

 0 1 2

 0 2 3

 0 1 2

 0 2 3

 0 1 2

 0 2 3

 0 1 2

 0 2 3

 0 1 2

 0 2 3

 0 1 2

 0 2 3

 0 1 2

 0 2 3

 0 1 2

 0 2 3

 0 1 2

 0 2 3

 0 1 2

 0 2 3

 0 1 2

 0 2 3

 0 1 2

 0 2 3

 0 1 2

 0 2 3

 0 1 2

 0 2 3

 0 1 2

 0 2 3

 0 1 2

 0 2 3

 0 1 2

 0 2 3

 0 1 2

 0 2 3

 0 1 2

 0 2 3

 0 1 2

 0 2 3

 0 1 2

 0 2 3

 0 1 2

 0 2 3

 0 1 2

 0 2 3

 0 1 2

 0 2 3

 0 1 2

 0 2 3

 0 1 2

 0 2 3

 0 1 2

 0 2 3

 0 1 2

 0 2 3

 0 1 2

 0 2 3

 0 1 2

 0 2 3

 0 1 2

 0 2 3

 0 1 2

 0 2 3

 0 1 2

 0 2 3

 0 1 2

 0 2 3

 0 1 2

 0 2 3

 0 1 2

 0 2 3

 0 1 2

 0 2 3

 0 1 2

 0 2 3

 0 1 2

 0 2 3

 0 1 2

 0 2 3

 0 1 2

 0 2 3

 0 1 2

 0 2 3

 0 1 2

 0 2 3

 0 1 2

 0 2 3

 4 5 6

 4 6 7

 4 5 6

 4 6 7

 0 1 2

 0 2 3

 0 1 2

 0 2 3

 0 1 2

 0 2 3

 0 1 2

 0 2 3

 0 1 2

 0 2 3

 0 1 2

 0 2 3

 0 1 2

 0 2 3

 0 1 2

 0 2 3

 0 1 2

 0 2 3

 0 1 2

 0 2 3

 0 1 2

 0 2 3

 0 1 2

 0 2 3

 0 1 2

 0 2 3

 0 1 2

 0 2 3

 0 1 2

 0 2 3

 0 1 2

 0 2 3

 0 1 2

 0 2 3

 0 1 2

 0 2 3

 0 1 2

 0 2 3

 0 1 2

 0 2 3

 0 1 2

 0 2 3

 0 1 2

 0 2 3

 0 1 2

 0 2 3

 0 1 2

 0 2 3

 0 1 2

 0 2 3

 0 1 2

 0 2 3

 0 1 2

 0 2 3

 0 1 2

 0 2 3

 0 1 2

 0 2 3

 0 1 2

 0 2 3

 0 1 2

 0 2 3

 0 1 2

 0 2 3

 0 1 2

 0 2 3

 0 1 2

 0 2 3

 0 1 2

 0 2 3

 0 1 2

 0 2 3

 0 1 2

 0 2 3

 0 1 2

 0 2 3

 0 1 2

 0 2 3

 0 1 2

 0 2 3

 0 1 2

 0 2 3

 0 1 2

 0 2 3

 0 1 2

 0 2 3

 0 1 2

 0 2 3

 0 1 2

 0 2 3

 0 1 2

 0 2 3

 0 1 2

 0 2 3

 0 1 2

 0 2 3

 0 1 2

 0 2 3

 0 1 2

 0 2 3

 0 1 2

 0 2 3

 0 1 2

 0 2 3

 0 1 2

 0 2 3

 0 1 2

 0 2 3

 0 1 2

 0 2 3

 0 1 2

 0 2 3

 0 1 2

 0 2 3

 0 1 2

 0 2 3

 0 1 2

 0 2 3

 0 1 2

 0 2 3

 0 1 2

 0 2 3

 0 1 2

 0 2 3

 0 1 2

 0 2 3

 0 1 2

 0 2 3

 0 1 2

 0 2 3

 0 1 2

 0 2 3

 0 1 2

 0 2 3

 0 1 2

 0 2 3

 0 1 2

 0 2 3

 0 1 2

 0 2 3

 0 1 2

 0 2 3

 0 1 2

 0 2 3

 0 1 2

 0 2 3

 0 1 2

 0 2 3

 0 1 2

 0 2 3

 0 1 2

 0 2 3

 0 1 2

 0 2 3

 0 1 2

 0 2 3

 0 1 2

 0 2 3

 0 1 2

 0 2 3

 0 1 2

 0 2 3

 0 1 2

 0 2 3

 0 1 2

 0 2 3

 0 1 2

 0 2 3

 0 1 2

 0 2 3

 0 1 2

 0 2 3

 0 1 2

 0 2 3

 0 1 2

 0 2 3

 0 1 2

 0 2 3

 0 1 2

 0 2 3

 0 1 2

 0 2 3

 0 1 2

 0 2 3

 0 1 2

 0 2 3

 0 1 2

 0 2 3

 0 1 2

 0 2 3

 0 1 2

 0 2 3

 0 1 2

 0 2 3

 0 1 2

 0 2 3

 0 1 2

 0 2 3

 0 1 2

 0 2 3

 0 1 2

 0 2 3

 0 1 2

 0 2 3

 0 1 2

 0 2 3

 0 1 2

 0 2 3

 0 1 2

 0 2 3

 0 1 2

 0 2 3

 0 1 2

 0 2 3

 0 1 2

 0 2 3

 0 1 2

 0 2 3

 0 1 2

 0 2 3

 0 1 2

 0 2 3

 0 1 2

 0 2 3

 0 1 2

 0 2 3

 0 1 2

 0 2 3

 0 1 2

 0 2 3

 0 1 2

 0 2 3

 0 1 2

 0 2 3

 0 1 2

 0 2 3

 0 1 2

 0 2 3

 0 1 2

 0 2 3

 0 1 2

 0 2 3

 0 1 2

 0 2 3

 0 1 2

 0 2 3

 0 1 2

 0 2 3

 0 1 2

 0 2 3

 0 1 2

 0 2 3

 0 1 2

 0 2 3

 0 1 2

 0 2 3

 0 1 2

 0 2 3

 0 1 2

 0 2 3

 0 1 2

 0 2 3

 0 1 2

 0 2 3

 0 1 2

 0 2 3

 0 1 2

 0 2 3

 0 1 2

 0 2 3

 0 1 2

 0 2 3

 0 1 2

 0 2 3

 0 1 2

 0 2 3

 0 1 2

 0 2 3

 0 1 2

 0 2 3

 0 1 2

 0 2 3

 0 1 2

 0 2 3

 0 1 2

 0 2 3

 0 1 2

 0 2 3

 0 1 2

 0 2 3

 0 1 2

 0 2 3

 0 1 2

 0 2 3

 0 1 2

 0 2 3

 0 1 2

 0 2 3

 0 1 2

 0 2 3

 0 1 2

 0 2 3

 0 1 2

 0 2 3

 0 1 2

 0 2 3

 0 1 2

 0 2 3

 0 1 2

 0 2 3

 0 1 2

 0 2 3

 0 1 2

 0 2 3

 0 1 2

 0 2 3

 0 1 2

 0 2 3

 0 1 2

 0 2 3

 0 1 2

 0 2 3

 0 1 2

 0 2 3

 0 1 2

 0 2 3

 0 1 2

 0 2 3

 0 1 2

 0 2 3

 0 1 2

 0 2 3

 0 1 2

 0 2 3

 0 1 2

 0 2 3

 0 1 2

 0 2 3

 0 1 2

 0 2 3

 0 1 2

 0 2 3

 0 1 2

 0 2 3

 0 1 2

 0 2 3

 0 1 2

 0 2 3

 0 1 2

 0 2 3

 0 1 2

 0 2 3

 0 1 2

 0 2 3

 0 1 2

 0 2 3

 0 1 2

 0 2 3

 0 1 2

 0 2 3

 0 1 2

 0 2 3

 0 1 2

 0 2 3

 0 1 2

 0 2 3

 0 1 2

 0 2 3

 0 1 2

 0 2 3

 0 1 2

 0 2 3

 0 1 2

 0 2 3

 0 1 2

 0 2 3

 0 1 2

 0 2 3

 0 1 2

 0 2 3

 0 1 2

 0 2 3

 0 1 2

 0 2 3

 0 1 2

 0 2 3

 0 1 2

 0 2 3

 0 1 2

 0 2 3

 0 1 2

 0 2 3

 0 1 2

 0 2 3

 0 1 2

 0 2 3

 0 1 2

 0 2 3

 0 1 2

 0 2 3

 0 1 2

 0 2 3

 0 1 2

 0 2 3

 0 1 2

 0 2 3

 0 1 2

 0 2 3

 0 1 2

 0 2 3

 0 1 2

 0 2 3

 0 1 2

 0 2 3

 0 1 2

 0 2 3

 0 1 2

 0 2 3

 0 1 2

 0 2 3

 0 1 2

 0 2 3

 0 1 2

 0 2 3

 0 1 2

 0 2 3

 0 1 2

 0 2 3

 0 1 2

 0 2 3

 0 1 2

 0 2 3

 0 1 2

 0 2 3

 0 1 2

 0 2 3

 0 1 2

 0 2 3

 0 1 2

 0 2 3

 0 1 2

 0 2 3

 0 1 2

 0 2 3

 0 1 2

 0 2 3

 0 1 2

 0 2 3

 0 1 2

 0 2 3

 0 1 2

 0 2 3

 0 1 2

 0 2 3

 0 1 2

 0 2 3

 0 1 2

 0 2 3

 0 1 2

 0 2 3

 0 1 2

 0 2 3

 0 1 2

 0 2 3

 0 1 2

 0 2 3

 0 1 2

 0 2 3

 0 1 2

 0 2 3

 0 1 2

 0 2 3

 0 1 2

 0 2 3

 0 1 2

 0 2 3

 0 1 2

 0 2 3

 0 1 2

 0 2 3

 0 1 2

 0 2 3

 0 1 2

 0 2 3

 0 1 2

 0 2 3

 0 1 2

 0 2 3

 0 1 2

 0 2 3

 0 1 2

 0 2 3

 0 1 2

 0 2 3

 0 1 2

 0 2 3

 0 1 2

 0 2 3

 0 1 2

 0 2 3

 0 1 2

 0 2 3

 0 1 2

 0 2 3

 0 1 2

 0 2 3

 0 1 2

 0 2 3

 0 1 2

 0 2 3

 0 1 2

 0 2 3

 0 1 2

 0 2 3

 0 1 2

 0 2 3

 0 1 2

 0 2 3

 0 1 2

 0 2 3

 0 1 2

 0 2 3

 0 1 2

 0 2 3

 0 1 2

 0 2 3

 0 1 2

 0 2 3

 0 1 2

 0 2 3

 0 1 2

 0 2 3

 0 1 2

 0 2 3

 0 1 2

 0 2 3

 0 1 2

 0 2 3

 0 1 2

 0 2 3

 0 1 2

 0 2 3

 0 1 2

 0 2 3

 0 1 2

 0 2 3

 0 1 2

 0 2 3

 0 1 2

 0 2 3

 0 1 2

 0 2 3

 0 1 2

 0 2 3

 0 1 2

 0 2 3

 0 1 2

 0 2 3

 0 1 2

 0 2 3

 0 1 2

 0 2 3

 0 1 2

 0 2 3

 0 1 2

 0 2 3

 0 1 2

 0 2 3

 0 1 2

 0 2 3

 0 1 2

 0 2 3

 0 1 2

 0 2 3

 0 1 2

 0 2 3

 0 1 2

 0 2 3

 0 1 2

 0 2 3

 0 1 2

 0 2 3

 0 1 2

 0 2 3

 0 1 2

 0 2 3

 0 1 2

 0 2 3

 0 1 2

 0 2 3

 0 1 2

 0 2 3

 0 1 2

 0 2 3

 0 1 2

 0 2 3

 0 1 2

 0 2 3

 0 1 2

 0 2 3

 0 1 2

 0 2 3

 0 1 2

 0 2 3

 0 1 2

 0 2 3

 0 1 2

 0 2 3

 0 1 2

 0 2 3

 0 1 2

 0 2 3

 0 1 2

 0 2 3

 0 1 2

 0 2 3

 0 1 2

 0 2 3

 0 1 2

 0 2 3

 0 1 2

 0 2 3

 0 1 2

 0 2 3

 0 1 2

 0 2 3

 0 1 2

 0 2 3

 0 1 2

 0 2 3

 0 1 2

 0 2 3

 0 1 2

 0 2 3

 0 1 2

 0 2 3

 0 1 2

 0 2 3

 0 1 2

 0 2 3

 0 1 2

 0 2 3

 0 1 2

 0 2 3

 0 1 2

 0 2 3

 0 1 2

 0 2 3

 0 1 2

 0 2 3

 0 1 2

 0 2 3

 0 1 2

 0 2 3

 0 1 2

 0 2 3

 0 1 2

 0 2 3

 0 1 2

 0 2 3

 0 1 2

 0 2 3

 0 1 2

 0 2 3

 0 1 2

 0 2 3

 92 93 94

 92 94 95

 92 93 94

 92 94 95

 92 93 94

 92 94 95

 92 93 94

 92 94 95

 92 93 94

 92 94 95

 92 93 94

 92 94 95

 92 93 94

 92 94 95

 92 93 94

 92 94 95

 92 93 94

 92 94 95

 92 93 94

 92 94 95

 92 93 94

 92 94 95

 92 93 94

 92 94 95

 92 93 94

 92 94 95

 92 93 94

 92 94 95

 92 93 94

 92 94 95

 92 93 94

 92 94 95

 92 93 94

 92 94 95

 92 93 94

 92 94 95

 92 93 94

 92 94 95

 92 93 94

 92 94 95

 92 93 94

 92 94 95

 92 93 94

 92 94 95

 92 93 94

 92 94 95

 92 93 94

 92 94 95

 92 93 94

 92 94 95

 92 93 94

 92 94 95

 92 93 94

 92 94 95

 92 93 94

 92 94 95

 92 93 94

 92 94 95

 92 93 94

 92 94 95

 92 93 94

 92 94 95

 92 93 94

 92 94 95

 92 93 94

 92 94 95

 92 93 94

 92 94 95

 92 93 94

 92 94 95

 92 93 94

 92 94 95

 92 93 94

 92 94 95

 92 93 94

 92 94 95

 92 93 94

 92 94 95

 92 93 94

 92 94 95

 92 93 94

 92 94 95

 92 93 94

 92 94 95

 92 93 94

 92 94 95

 92 93 94

 92 94 95

 92 93 94

 92 94 95

 92 93 94

 92 94 95

 92 93 94

 92 94 95

 92 93 94

 92 94 95

 92 93 94

 92 94 95

 92 93 94

 92 94 95

 92 93 94

 92 94 95

 92 93 94

 92 94 95

 92 93 94

 92 94 95

 92 93 94

 92 94 95

 92 93 94

 92 94 95

 92 93 94

 92 94 95

 92 93 94

 92 94 95

 92 93 94

 92 94 95

 92 93 94

 92 94 95

 92 93 94

 92 94 95

 92 93 94

 92 94 95

 92 93 94

 92 94 95

 92 93 94

 92 94 95

 92 93 94

 92 94 95

 92 93 94

 92 94 95

 92 93 94

 92 94 95

 92 93 94

 92 94 95

 92 93 94

 92 94 95

 92 93 94

 92 94 95

 92 93 94

 92 94 95

 92 93 94

 92 94 95

 92 93 94

 92 94 95

 92 93 94

 92 94 95

 92 93 94

 92 94 95

 92 93 94

 92 94 95

 92 93 94

 92 94 95

 92 93 94

 92 94 95

 92 93 94

 92 94 95

 92 93 94

 92 94 95

 92 93 94

 92 94 95

 92 93 94

 92 94 95

 92 93 94

 92 94 95

 92 93 94

 92 94 95

 92 93 94

 92 94 95

 92 93 94

 92 94 95

 92 93 94

 92 94 95

 92 93 94

 92 94 95

 92 93 94

 92 94 95

 92 93 94

 92 94 95

 92 93 94

 92 94 95

 92 93 94

 92 94 95

 92 93 94

 92 94 95

 92 93 94

 92 94 95

 92 93 94

 92 94 95

 92 93 94

 92 94 95

 92 93 94

 92 94 95

 92 93 94

 92 94 95

 92 93 94

 92 94 95

 92 93 94

 92 94 95

 92 93 94

 92 94 95

 92 93 94

 92 94 95

 92 93 94

 92 94 95

 92 93 94

 92 94 95

 92 93 94

 92 94 95

 92 93 94

 92 94 95

 92 93 94

 92 94 95

 92 93 94

 92 94 95

 92 93 94

 92 94 95

 92 93 94

 92 94 95

 92 93 94

 92 94 95

 92 93 94

 92 94 95

 92 93 94

 92 94 95

 92 93 94

 92 94 95

 92 93 94

 92 94 95

 92 93 94

 92 94 95

 92 93 94

 92 94 95

 92 93 94

 92 94 95

 92 93 94

 92 94 95

 92 93 94

 92 94 95

 92 93 94

 92 94 95

 92 93 94

 92 94 95

 92 93 94

 92 94 95

 92 93 94

 92 94 95

 92 93 94

 92 94 95

 92 93 94

 92 94 95

 92 93 94

 92 94 95

 92 93 94

 92 94 95

 92 93 94

 92 94 95

 92 93 94

 92 94 95

 92 93 94

 92 94 95

 92 93 94

 92 94 95

 92 93 94

 92 94 95

 92 93 94

 92 94 95

 92 93 94

 92 94 95

 92 93 94

 92 94 95

 92 93 94

 92 94 95

 92 93 94

 92 94 95

 92 93 94

 92 94 95

 92 93 94

 92 94 95

 92 93 94

 92 94 95

 92 93 94

 92 94 95

 92 93 94

 92 94 95

 92 93 94

 92 94 95

 92 93 94

 92 94 95

 92 93 94

 92 94 95

 92 93 94

 92 94 95

 92 93 94

 92 94 95

 92 93 94

 92 94 95

 92 93 94

 92 94 95

 92 93 94

 92 94 95

 92 93 94

 92 94 95

 92 93 94

 92 94 95

 92 93 94

 92 94 95

 92 93 94

 92 94 95

 92 93 94

 92 94 95

 92 93 94

 92 94 95

 92 93 94

 92 94 95

 92 93 94

 92 94 95

 92 93 94

 92 94 95

 92 93 94

 92 94 95

 92 93 94

 92 94 95

 92 93 94

 92 94 95

 92 93 94

 92 94 95

 92 93 94

 92 94 95

 92 93 94

 92 94 95

 92 93 94

 92 94 95

 92 93 94

 92 94 95

 92 93 94

 92 94 95

 92 93 94

 92 94 95

 92 93 94

 92 94 95

 92 93 94

 92 94 95

 92 93 94

 92 94 95

 92 93 94

 92 94 95

 92 93 94

 92 94 95

 92 93 94

 92 94 95

 92 93 94

 92 94 95

 92 93 94

 92 94 95

 92 93 94

 92 94 95

 92 93 94

 92 94 95

 92 93 94

 92 94 95

 92 93 94

 92 94 95

 92 93 94

 92 94 95

 92 93 94

 92 94 95

 92 93 94

 92 94 95

 92 93 94

 92 94 95

 92 93 94

 92 94 95

 92 93 94

 92 94 95

 92 93 94

 92 94 95

 92 93 94

 92 94 95

 92 93 94

 92 94 95

 92 93 94

 92 94 95

 92 93 94

 92 94 95

 92 93 94

 92 94 95

 92 93 94

 92 94 95

 92 93 94

 92 94 95

 92 93 94

 92 94 95

 92 93 94

 92 94 95

 92 93 94

 92 94 95

 92 93 94

 92 94 95

 92 93 94

 92 94 95

 92 93 94

 92 94 95

 92 93 94

 92 94 95

 92 93 94

 92 94 95

 92 93 94

 92 94 95

 92 93 94

 92 94 95

 92 93 94

 92 94 95

 92 93 94

 92 94 95

 92 93 94

 92 94 95

 92 93 94

 92 94 95

 92 93 94

 92 94 95

 92 93 94

 92 94 95

 92 93 94

 92 94 95

 92 93 94

 92 94 95

 92 93 94

 92 94 95

 92 93 94

 92 94 95

 92 93 94

 92 94 95

 92 93 94

 92 94 95

 92 93 94

 92 94 95

 92 93 94

 92 94 95

 92 93 94

 92 94 95

 92 93 94

 92 94 95

 92 93 94

 92 94 95

 92 93 94

 92 94 95

 92 93 94

 92 94 95

 92 93 94

 92 94 95

 92 93 94

 92 94 95

 92 93 94

 92 94 95

 92 93 94

 92 94 95

 92 93 94

 92 94 95

 92 93 94

 92 94 95

 92 93 94

 92 94 95

 92 93 94

 92 94 95

 92 93 94

 92 94 95

 92 93 94

 92 94 95

 92 93 94

 92 94 95

 92 93 94

 92 94 95

 92 93 94

 92 94 95

 92 93 94

 92 94 95

 92 93 94

 92 94 95

 92 93 94

 92 94 95

 92 93 94

 92 94 95

 92 93 94

 92 94 95

 92 93 94

 92 94 95

 92 93 94

 92 94 95

 92 93 94

 92 94 95

 92 93 94

 92 94 95

 92 93 94

 92 94 95

 92 93 94

 92 94 95

 92 93 94

 92 94 95

 92 93 94

 92 94 95

 92 93 94

 92 94 95

 92 93 94

 92 94 95

 92 93 94

 92 94 95

 92 93 94

 92 94 95

 92 93 94

 92 94 95

 92 93 94

 92 94 95

 92 93 94

 92 94 95

 92 93 94

 92 94 95

 92 93 94

 92 94 95

 92 93 94

 92 94 95

 92 93 94

 92 94 95

 92 93 94

 92 94 95

 92 93 94

 92 94 95

 92 93 94

 92 94 95

 92 93 94

 92 94 95

 92 93 94

 92 94 95

 92 93 94

 92 94 95

 92 93 94

 92 94 95

 92 93 94

 92 94 95

 92 93 94

 92 94 95

 92 93 94

 92 94 95

 92 93 94

 92 94 95

 92 93 94

 92 94 95

 92 93 94

 92 94 95

 92 93 94

 92 94 95

 92 93 94

 92 94 95

 92 93 94

 92 94 95

 92 93 94

 92 94 95

 92 93 94

 92 94 95

 92 93 94

 92 94 95

 92 93 94

 92 94 95

 92 93 94

 92 94 95

 92 93 94

 92 94 95

 92 93 94

 92 94 95

 92 93 94

 92 94 95

 92 93 94

 92 94 95

 92 93 94

 92 94 95

 92 93 94

 92 94 95

 92 93 94

 92 94 95

 92 93 94

 92 94 95

 92 93 94

 92 94 95

 92 93 94

 92 94 95

 92 93 94

 92 94 95

 92 93 94

 92 94 95

 92 93 94

 92 94 95

 92 93 94

 92 94 95

 92 93 94

 92 94 95

 92 93 94

 92 94 95

 92 93 94

 92 94 95

 92 93 94

 92 94 95

 92 93 94

 92 94 95

 92 93 94

 92 94 95

 92 93 94

 92 94 95

 92 93 94

 92 94 95

 92 93 94

 92 94 95

 92 93 94

 92 94 95

 92 93 94

 92 94 95

 92 93 94

 92 94 95

 92 93 94

 92 94 95

 92 93 94

 92 94 95

 92 93 94

 92 94 95

 92 93 94

 92 94 95

 92 93 94

 92 94 95

 92 93 94

 92 94 95

 92 93 94

 92 94 95

 92 93 94

 92 94 95

 92 93 94

 92 94 95

 92 93 94

 92 94 95

 92 93 94

 92 94 95

 92 93 94

 92 94 95

 92 93 94

 92 94 95

 92 93 94

 92 94 95

 92 93 94

 92 94 95

 92 93 94

 92 94 95

 92 93 94

 92 94 95

 92 93 94

 92 94 95

 92 93 94

 92 94 95

 92 93 94

 92 94 95

 92 93 94

 92 94 95

 92 93 94

 92 94 95

 92 93 94

 92 94 95

 92 93 94

 92 94 95

 92 93 94

 92 94 95

 92 93 94

 92 94 95

 92 93 94

 92 94 95

 92 93 94

 92 94 95

 92 93 94

 92 94 95

 92 93 94

 92 94 95

 92 93 94

 92 94 95

 92 93 94

 92 94 95

 92 93 94

 92 94 95

 92 93 94

 92 94 95

 92 93 94

 92 94 95

 92 93 94

 92 94 95

 92 93 94

 92 94 95

 92 93 94

 92 94 95

 92 93 94

 92 94 95

 92 93 94

 92 94 95

 92 93 94

 92 94 95

 92 93 94

 92 94 95

 92 93 94

 92 94 95

 92 93 94

 92 94 95

 92 93 94

 92 94 95

 92 93 94

 92 94 95

 92 93 94

 92 94 95

 92 93 94

 92 94 95

 92 93 94

 92 94 95

 92 93 94

 92 94 95

 92 93 94

 92 94 95

 92 93 94

 92 94 95

 92 93 94

 92 94 95

 92 93 94

 92 94 95

 92 93 94

 92 94 95

 92 93 94

 92 94 95

 92 93 94

 92 94 95

 92 93 94

 92 94 95

 92 93 94

 92 94 95

 92 93 94

 92 94 95

 92 93 94

 92 94 95

 92 93 94

 92 94 95

 92 93 94

 92 94 95

 92 93 94

 92 94 95

 92 93 94

 92 94 95

 92 93 94

 92 94 95

 92 93 94

 92 94 95

 92 93 94

 92 94 95

 92 93 94

 92 94 95

 92 93 94

 92 94 95

 92 93 94

 92 94 95

 92 93 94

 92 94 95

 92 93 94

 92 94 95

 92 93 94

 92 94 95

 92 93 94

 92 94 95

 92 93 94

 92 94 95

 92 93 94

 92 94 95

 92 93 94

 92 94 95

 92 93 94

 92 94 95

 92 93 94

 92 94 95

 92 93 94

 92 94 95

 92 93 94

 92 94 95

 92 93 94

 92 94 95

 92 93 94

 92 94 95

 92 93 94

 92 94 95

 92 93 94

 92 94 95

 92 93 94

 92 94 95

 92 93 94

 92 94 95

 92 93 94

 92 94 95

 92 93 94

 92 94 95

 92 93 94

 92 94 95

 92 93 94

 92 94 95

 92 93 94

 92 94 95

 92 93 94

 92 94 95

 92 93 94

 92 94 95

 92 93 94

 92 94 95

 92 93 94

 92 94 95

 92 93 94

 92 94 95

 92 93 94

 92 94 95

 92 93 94

 92 94 95

 92 93 94

 92 94 95

 92 93 94

 92 94 95

 92 93 94

 92 94 95

 92 93 94

 92 94 95

 92 93 94

 92 94 95

 92 93 94

 92 94 95

 92 93 94

 92 94 95

 92 93 94

 92 94 95

 92 93 94

 92 94 95

 92 93 94

 92 94 95

 92 93 94

 92 94 95

 92 93 94

 92 94 95

 92 93 94

 92 94 95

 92 93 94

 92 94 95

 92 93 94

 92 94 95

 92 93 94

 92 94 95

 92 93 94

 92 94 95

 92 93 94

 92 94 95

 92 93 94

 92 94 95

 92 93 94

 92 94 95

 92 93 94

 92 94 95

 92 93 94

 92 94 95

 92 93 94

 92 94 95

 92 93 94

 92 94 95

 92 93 94

 92 94 95

 92 93 94

 92 94 95

 92 93 94

 92 94 95

 92 93 94

 92 94 95

 92 93 94

 92 94 95

 92 93 94

 92 94 95

 92 93 94

 92 94 95

 92 93 94

 92 94 95

 92 93 94

 92 94 95

 92 93 94

 92 94 95

 92 93 94

 92 94 95

 92 93 94

 92 94 95

 92 93 94

 92 94 95

 92 93 94

 92 94 95

 92 93 94

 92 94 95

 92 93 94

 92 94 95

 92 93 94

 92 94 95

 92 93 94

 92 94 95

 92 93 94

 92 94 95

 92 93 94

 92 94 95

 92 93 94

 92 94 95

 92 93 94

 92 94 95

 92 93 94

 92 94 95

 92 93 94

 92 94 95

 92 93 94

 92 94 95

 92 93 94

 92 94 95

 92 93 94

 92 94 95

 92 93 94

 92 94 95

 92 93 94

 92 94 95

 92 93 94

 92 94 95

 92 93 94

 92 94 95

 92 93 94

 92 94 95

 92 93 94

 92 94 95

 92 93 94

 92 94 95

 92 93 94

 92 94 95

 92 93 94

 92 94 95

 92 93 94

 92 94 95

 92 93 94

 92 94 95

 92 93 94

 92 94 95

 92 93 94

 92 94 95

 92 93 94

 92 94 95

 92 93 94

 92 94 95

 92 93 94

 92 94 95

 92 93 94

 92 94 95

 92 93 94

 92 94 95

 92 93 94

 92 94 95

 92 93 94

 92 94 95

 92 93 94

 92 94 95

 92 93 94

 92 94 95

 92 93 94

 92 94 95

 92 93 94

 92 94 95

 92 93 94

 92 94 95

 92 93 94

 92 94 95

 92 93 94

 92 94 95

 92 93 94

 92 94 95

 92 93 94

 92 94 95

 92 93 94

 92 94 95

 92 93 94

 92 94 95

 92 93 94

 92 94 95

 92 93 94

 92 94 95

 92 93 94

 92 94 95

 92 93 94

 92 94 95

 92 93 94

 92 94 95

 92 93 94

 92 94 95

 92 93 94

 92 94 95

 92 93 94

 92 94 95

 92 93 94

 92 94 95

 92 93 94

 92 94 95

 92 93 94

 92 94 95

 92 93 94

 92 94 95

 92 93 94

 92 94 95

 92 93 94

 92 94 95

 92 93 94

 92 94 95

 92 93 94

 92 94 95

 92 93 94

 92 94 95

 92 93 94

 92 94 95

 92 93 94

 92 94 95

 92 93 94

 92 94 95

 92 93 94

 92 94 95

 92 93 94

 92 94 95

 92 93 94

 92 94 95

 92 93 94

 92 94 95

 92 93 94

 92 94 95

 92 93 94

 92 94 95

 92 93 94

 92 94 95

 92 93 94

 92 94 95

 92 93 94

 92 94 95

 92 93 94

 92 94 95

 92 93 94

 92 94 95

 92 93 94

 92 94 95

 92 93 94

 92 94 95

 92 93 94

 92 94 95

 92 93 94

 92 94 95

 92 93 94

 92 94 95

 92 93 94

 92 94 95

 92 93 94

 92 94 95

 92 93 94

 92 94 95

 92 93 94

 92 94 95

 92 93 94

 92 94 95

 92 93 94

 92 94 95

 92 93 94

 92 94 95

 92 93 94

 92 94 95

 92 93 94

 92 94 95

 92 93 94

 92 94 95

 92 93 94

 92 94 95

 92 93 94

 92 94 95

 92 93 94

 92 94 95

 92 93 94

 92 94 95

 92 93 94

 92 94 95

 92 93 94

 92 94 95

 92 93 94

 92 94 95

 92 93 94

 92 94 95

 92 93 94

 92 94 95

 92 93 94

 92 94 95

 92 93 94

 92 94 95

 92 93 94

 92 94 95

 92 93 94

 92 94 95

 92 93 94

 92 94 95

 92 93 94

 92 94 95

 92 93 94

 92 94 95

 96 97 98

 96 98 99

 96 97 98

 96 98 99

 96 97 98

 96 98 99

 96 97 98

 96 98 99

 96 97 98

 96 98 99

 96 97 98

 96 98 99

 96 97 98

 96 98 99

 96 97 98

 96 98 99

 96 97 98

 96 98 99

 96 97 98

 96 98 99

 96 97 98

 96 98 99

 96 97 98

 96 98 99

 96 97 98

 96 98 99

 96 97 98

 96 98 99

 96 97 98

 96 98 99

 96 97 98

 96 98 99

 96 97 98

 96 98 99

 96 97 98

 96 98 99

 96 97 98

 96 98 99

 96 97 98

 96 98 99

 96 97 98

 96 98 99

 96 97 98

 96 98 99

 96 97 98

 96 98 99

 96 97 98

 96 98 99

 96 97 98

 96 98 99

 96 97 98

 96 98 99

 96 97 98

 96 98 99

 96 97 98

 96 98 99

 96 97 98

 96 98 99

 96 97 98

 96 98 99

 96 97 98

 96 98 99

 96 97 98

 96 98 99

 96 97 98

 96 98 99

 96 97 98

 96 98 99

 96 97 98

 96 98 99

 96 97 98

 96 98 99

 96 97 98

 96 98 99

 96 97 98

 96 98 99

 96 97 98

 96 98 99

 96 97 98

 96 98 99

 96 97 98

 96 98 99

 96 97 98

 96 98 99

 96 97 98

 96 98 99

 96 97 98

 96 98 99

 96 97 98

 96 98 99

 96 97 98

 96 98 99

 96 97 98

 96 98 99

 96 97 98

 96 98 99

 96 97 98

 96 98 99

 96 97 98

 96 98 99

 96 97 98

 96 98 99

 96 97 98

 96 98 99

 96 97 98

 96 98 99

 96 97 98

 96 98 99

 96 97 98

 96 98 99

 96 97 98

 96 98 99

 96 97 98

 96 98 99

 96 97 98

 96 98 99

 96 97 98

 96 98 99

 96 97 98

 96 98 99

 96 97 98

 96 98 99

 96 97 98

 96 98 99

 96 97 98

 96 98 99

 96 97 98

 96 98 99

 96 97 98

 96 98 99

 96 97 98

 96 98 99

 96 97 98

 96 98 99

 96 97 98

 96 98 99

 96 97 98

 96 98 99

 96 97 98

 96 98 99

 96 97 98

 96 98 99

 96 97 98

 96 98 99

 96 97 98

 96 98 99

 96 97 98

 96 98 99

 96 97 98

 96 98 99

 96 97 98

 96 98 99

 96 97 98

 96 98 99

 96 97 98

 96 98 99

 96 97 98

 96 98 99

 96 97 98

 96 98 99

 96 97 98

 96 98 99

 96 97 98

 96 98 99

 96 97 98

 96 98 99

 96 97 98

 96 98 99

 96 97 98

 96 98 99

 96 97 98

 96 98 99

 96 97 98

 96 98 99

 96 97 98

 96 98 99

 96 97 98

 96 98 99

 96 97 98

 96 98 99

 96 97 98

 96 98 99

 96 97 98

 96 98 99

 96 97 98

 96 98 99

 96 97 98

 96 98 99

 96 97 98

 96 98 99

 96 97 98

 96 98 99

 96 97 98

 96 98 99

 96 97 98

 96 98 99

 96 97 98

 96 98 99

 96 97 98

 96 98 99

 96 97 98

 96 98 99

 96 97 98

 96 98 99

 96 97 98

 96 98 99

 96 97 98

 96 98 99

 96 97 98

 96 98 99

 96 97 98

 96 98 99

 96 97 98

 96 98 99

 96 97 98

 96 98 99

 96 97 98

 96 98 99

 96 97 98

 96 98 99

 96 97 98

 96 98 99

 96 97 98

 96 98 99

 96 97 98

 96 98 99

 96 97 98

 96 98 99

 96 97 98

 96 98 99

 96 97 98

 96 98 99

 96 97 98

 96 98 99

 96 97 98

 96 98 99

 96 97 98

 96 98 99

 96 97 98

 96 98 99

 96 97 98

 96 98 99

 96 97 98

 96 98 99

 96 97 98

 96 98 99

 96 97 98

 96 98 99

 96 97 98

 96 98 99

 96 97 98

 96 98 99

 96 97 98

 96 98 99

 96 97 98

 96 98 99

 96 97 98

 96 98 99

 96 97 98

 96 98 99

 96 97 98

 96 98 99

 96 97 98

 96 98 99

 96 97 98

 96 98 99

 96 97 98

 96 98 99

 96 97 98

 96 98 99

 96 97 98

 96 98 99

 96 97 98

 96 98 99

 96 97 98

 96 98 99

 96 97 98

 96 98 99

 96 97 98

 96 98 99

 96 97 98

 96 98 99

 96 97 98

 96 98 99

 96 97 98

 96 98 99

 96 97 98

 96 98 99

 96 97 98

 96 98 99

 96 97 98

 96 98 99

 96 97 98

 96 98 99

 96 97 98

 96 98 99

 96 97 98

 96 98 99

 96 97 98

 96 98 99

 96 97 98

 96 98 99

 96 97 98

 96 98 99

 96 97 98

 96 98 99

 96 97 98

 96 98 99

 96 97 98

 96 98 99

 96 97 98

 96 98 99

 96 97 98

 96 98 99

 96 97 98

 96 98 99

 96 97 98

 96 98 99

 96 97 98

 96 98 99

 96 97 98

 96 98 99

 96 97 98

 96 98 99

 96 97 98

 96 98 99

 96 97 98

 96 98 99

 96 97 98

 96 98 99

 96 97 98

 96 98 99

 96 97 98

 96 98 99

 96 97 98

 96 98 99

 96 97 98

 96 98 99

 96 97 98

 96 98 99

 96 97 98

 96 98 99

 96 97 98

 96 98 99

 96 97 98

 96 98 99

 96 97 98

 96 98 99

 96 97 98

 96 98 99

 96 97 98

 96 98 99

 96 97 98

 96 98 99

 96 97 98

 96 98 99

 96 97 98

 96 98 99

 96 97 98

 96 98 99

 96 97 98

 96 98 99

 96 97 98

 96 98 99

 96 97 98

 96 98 99

 96 97 98

 96 98 99

 96 97 98

 96 98 99

 96 97 98

 96 98 99

 96 97 98

 96 98 99

 96 97 98

 96 98 99

 96 97 98

 96 98 99

 96 97 98

 96 98 99

 96 97 98

 96 98 99

 96 97 98

 96 98 99

 96 97 98

 96 98 99

 96 97 98

 96 98 99

 96 97 98

 96 98 99

 96 97 98

 96 98 99

 96 97 98

 96 98 99

 96 97 98

 96 98 99

 96 97 98

 96 98 99

 96 97 98

 96 98 99

 96 97 98

 96 98 99

 96 97 98

 96 98 99

 96 97 98

 96 98 99

 96 97 98

 96 98 99

 96 97 98

 96 98 99

 96 97 98

 96 98 99

 96 97 98

 96 98 99

 96 97 98

 96 98 99

 96 97 98

 96 98 99

 96 97 98

 96 98 99

 96 97 98

 96 98 99

 96 97 98

 96 98 99

 96 97 98

 96 98 99

 96 97 98

 96 98 99

 96 97 98

 96 98 99

 96 97 98

 96 98 99

 96 97 98

 96 98 99

 96 97 98

 96 98 99

 96 97 98

 96 98 99

 96 97 98

 96 98 99

 96 97 98

 96 98 99

 96 97 98

 96 98 99

 96 97 98

 96 98 99

 96 97 98

 96 98 99

 96 97 98

 96 98 99

 96 97 98

 96 98 99

 96 97 98

 96 98 99

 96 97 98

 96 98 99

 96 97 98

 96 98 99

 96 97 98

 96 98 99

 96 97 98

 96 98 99

 96 97 98

 96 98 99

 96 97 98

 96 98 99

 96 97 98

 96 98 99

 96 97 98

 96 98 99

 96 97 98

 96 98 99

 96 97 98

 96 98 99

 96 97 98

 96 98 99

 96 97 98

 96 98 99

 96 97 98

 96 98 99

 96 97 98

 96 98 99

 96 97 98

 96 98 99

 96 97 98

 96 98 99

 96 97 98

 96 98 99

 96 97 98

 96 98 99

 96 97 98

 96 98 99

 96 97 98

 96 98 99

 96 97 98

 96 98 99

 96 97 98

 96 98 99

 96 97 98

 96 98 99

 96 97 98

 96 98 99

 96 97 98

 96 98 99

 96 97 98

 96 98 99

 96 97 98

 96 98 99

 96 97 98

 96 98 99

 96 97 98

 96 98 99

 96 97 98

 96 98 99

 96 97 98

 96 98 99

 96 97 98

 96 98 99

 96 97 98

 96 98 99

 96 97 98

 96 98 99

 96 97 98

 96 98 99

 96 97 98

 96 98 99

 96 97 98

 96 98 99

 96 97 98

 96 98 99

 96 97 98

 96 98 99

 96 97 98

 96 98 99

 96 97 98

 96 98 99

 96 97 98

 96 98 99

 96 97 98

 96 98 99

 96 97 98

 96 98 99

 96 97 98

 96 98 99

 96 97 98

 96 98 99

 96 97 98

 96 98 99

 96 97 98

 96 98 99

 96 97 98

 96 98 99

 96 97 98

 96 98 99

 96 97 98

 96 98 99

 96 97 98

 96 98 99

 96 97 98

 96 98 99

 96 97 98

 96 98 99

 96 97 98

 96 98 99

 96 97 98

 96 98 99

 96 97 98

 96 98 99

 96 97 98

 96 98 99

 96 97 98

 96 98 99

 96 97 98

 96 98 99

 96 97 98

 96 98 99

 96 97 98

 96 98 99

 96 97 98

 96 98 99

 96 97 98

 96 98 99

 96 97 98

 96 98 99

 96 97 98

 96 98 99

 96 97 98

 96 98 99

 96 97 98

 96 98 99

 96 97 98

 96 98 99

 96 97 98

 96 98 99

 96 97 98

 96 98 99

 96 97 98

 96 98 99

 96 97 98

 96 98 99

 96 97 98

 96 98 99

 96 97 98

 96 98 99

 96 97 98

 96 98 99

 96 97 98

 96 98 99

 96 97 98

 96 98 99

 96 97 98

 96 98 99

 96 97 98

 96 98 99

 96 97 98

 96 98 99

 96 97 98

 96 98 99

 96 97 98

 96 98 99

 96 97 98

 96 98 99

 96 97 98

 96 98 99

 96 97 98

 96 98 99

 96 97 98

 96 98 99

 96 97 98

 96 98 99

 96 97 98

 96 98 99

 96 97 98

 96 98 99

 96 97 98

 96 98 99

 96 97 98

 96 98 99

 96 97 98

 96 98 99

 96 97 98

 96 98 99

 96 97 98

 96 98 99

 96 97 98

 96 98 99

 96 97 98

 96 98 99

 96 97 98

 96 98 99

 96 97 98

 96 98 99

 96 97 98

 96 98 99

 96 97 98

 96 98 99

 96 97 98

 96 98 99

 96 97 98

 96 98 99

 96 97 98

 96 98 99

 96 97 98

 96 98 99

 96 97 98

 96 98 99

 96 97 98

 96 98 99

 96 97 98

 96 98 99

 96 97 98

 96 98 99

 96 97 98

 96 98 99

 96 97 98

 96 98 99

 96 97 98

 96 98 99

 96 97 98

 96 98 99

 96 97 98

 96 98 99

 96 97 98

 96 98 99

 96 97 98

 96 98 99

 96 97 98

 96 98 99

 96 97 98

 96 98 99

 96 97 98

 96 98 99

 96 97 98

 96 98 99

 96 97 98

 96 98 99

 96 97 98

 96 98 99

 96 97 98

 96 98 99

 96 97 98

 96 98 99

 96 97 98

 96 98 99

 96 97 98

 96 98 99

 96 97 98

 96 98 99

 96 97 98

 96 98 99

 96 97 98

 96 98 99

 96 97 98

 96 98 99

 96 97 98

 96 98 99

 96 97 98

 96 98 99

 96 97 98

 96 98 99

 96 97 98

 96 98 99

 96 97 98

 96 98 99

 96 97 98

 96 98 99

 96 97 98

 96 98 99

 96 97 98

 96 98 99

 96 97 98

 96 98 99

 96 97 98

 96 98 99

 96 97 98

 96 98 99

 96 97 98

 96 98 99

 96 97 98

 96 98 99

 96 97 98

 96 98 99

 96 97 98

 96 98 99

 96 97 98

 96 98 99

 96 97 98

 96 98 99

 96 97 98

 96 98 99

 96 97 98

 96 98 99

 96 97 98

 96 98 99

 96 97 98

 96 98 99

 96 97 98

 96 98 99

 96 97 98

 96 98 99

 100 101 102

 100 102 103

 100 101 102

 100 102 103

 100 101 102

 100 102 103

 100 101 102

 100 102 103

 100 101 102

 100 102 103

 100 101 102

 100 102 103

 100 101 102

 100 102 103

 100 101 102

 100 102 103

 100 101 102

 100 102 103

 100 101 102

 100 102 103

 104 1 105

 104 105 3

 106 107 108

 108 109 110

 110 111 112

 112 113 106

 106 108 110

 110 112 106

 100 101 102

 100 102 103

 114 115 116

 114 116 117

 114 115 116

 114 116 117

 114 115 116

 114 116 117

 114 115 116

 114 116 117

 118 119 120

 118 120 121

 122 123 124

 122 124 125

 123 118 121

 123 121 124

 114 115 116

 114 116 117

 114 115 116

 114 116 117

 114 115 116

 114 116 117

 114 115 116

 114 116 117

 114 115 116

 114 116 117

 124 121 126

 124 126 127

 114 115 116

 114 116 117

 19 128 129

 82 128 19

 129 18 19

 13 18 14

 14 16 15

 69 15 70

 71 70 72

 130 73 74

 15 17 70

 78 76 77

 78 80 81

 82 81 128

 76 130 74

 3 0 88

 89 2 3

 12 0 90

 131 1 2

 1 132 133

 91 131 2

 133 0 1

 1 2 132

 134 135 136

 134 136 137

 134 135 136

 134 136 137

 134 135 136

 134 136 137

 138 139 140

 138 140 141

 134 135 136

 134 136 137

 138 139 140

 138 140 141

 142 143 144

 142 144 145

 134 135 136

 134 136 137

 134 135 136

 134 136 137

 146 147 148

 148 149 150

 150 151 152

 152 153 146

 146 148 150

 150 152 146

 154 155 156

 154 156 157

 158 159 160

 158 160 161

 134 135 136

 134 136 137

 162 163 164

 162 164 165

 134 135 136

 134 136 137

 162 163 164

 162 164 165

 154 155 156

 154 156 157

 134 135 136

 134 136 137

 134 135 136

 134 136 137

 134 135 136

 134 136 137

 134 135 136

 134 136 137

 134 135 136

 134 136 137

 154 155 156

 154 156 157

 134 135 136

 134 136 137

 138 139 140

 138 140 141

 134 135 136

 134 136 137

 138 139 140

 138 140 141

 134 135 136

 134 136 137

 134 135 136

 134 136 137

 134 135 136

 134 136 137

 134 135 136

 134 136 137

 134 135 136

 134 136 137

 134 135 136

 134 136 137

 154 155 156

 154 156 157

 134 135 136

 134 136 137

 138 139 140

 138 140 141

 134 135 136

 134 136 137

 138 139 140

 138 140 141

 134 135 136

 134 136 137

 154 155 156

 154 156 157

 134 135 136

 134 136 137

 134 135 136

 134 136 137

 134 135 136

 134 136 137

 134 135 136

 134 136 137

 134 135 136

 134 136 137

 154 155 156

 154 156 157

 158 159 160

 158 160 161

 134 135 136

 134 136 137

 162 163 164

 162 164 165

 134 135 136

 134 136 137

 162 163 164

 162 164 165

 154 155 156

 154 156 157

 134 135 136

 134 136 137

 134 135 136

 134 136 137

 134 135 136

 134 136 137

 134 135 136

 134 136 137

 134 135 136

 134 136 137

 166 167 168

 142 143 144

 142 144 145

 142 143 144

 142 144 145

 142 143 144

 142 144 145

 142 143 144

 142 144 145

 142 143 144

 142 144 145

 142 143 144

 142 144 145

 142 143 144

 142 144 145

 166 167 168

 166 167 168

 166 167 168

 166 167 168

 166 167 168

 166 167 168

 166 167 168

 169 170 171

 169 171 172

 173 174 175

 173 175 176

 173 174 175

 173 175 176

 173 174 175

 173 175 176

 134 135 136

 134 136 137

 134 135 136

 134 136 137

 134 135 136

 134 136 137

 177 178 179

 177 179 180

 134 135 136

 134 136 137

 177 178 179

 177 179 180

 142 143 144

 142 144 145

 134 135 136

 134 136 137

 134 135 136

 134 136 137

 146 147 148

 148 149 150

 150 151 152

 152 153 146

 146 148 150

 150 152 146

 181 182 183

 181 183 184

 158 159 160

 158 160 161

 134 135 136

 134 136 137

 154 155 156

 154 156 157

 134 135 136

 134 136 137

 134 135 136

 134 136 137

 154 155 156

 154 156 157

 134 135 136

 134 136 137

 138 139 140

 138 140 141

 134 135 136

 134 136 137

 134 135 136

 134 136 137

 154 155 156

 154 156 157

 134 135 136

 134 136 137

 138 139 140

 138 140 141

 154 155 156

 154 156 157

 134 135 136

 134 136 137

 134 135 136

 134 136 137

 154 155 156

 154 156 157

 158 159 160

 158 160 161

 134 135 136

 134 136 137

 185 186 187

 185 187 188

 134 135 136

 134 136 137

 134 135 136

 134 136 137

 166 167 168

 142 143 144

 142 144 145

 142 143 144

 142 144 145

 142 143 144

 142 144 145

 142 143 144

 142 144 145

 142 143 144

 142 144 145

 142 143 144

 142 144 145

 142 143 144

 142 144 145

 166 167 168

 166 167 168

 166 167 168

 166 167 168

 166 167 168

 166 167 168

 166 167 168

 169 170 171

 169 171 172

 173 174 175

 173 175 176

 173 174 175

 173 175 176

 173 174 175

 173 175 176

 189 190 191

 189 191 192

 189 190 191

 189 191 192

 189 190 191

 189 191 192

 189 190 191

 189 191 192

 193 194 195

 193 195 196

 4 5 6

 4 6 7

 194 197 198

 194 198 195

 4 5 6

 4 6 7

 199 200 201

 199 201 202

 203 204 205

 199 200 201

 199 201 202

 206 207 208

 199 200 201

 199 201 202

 199 200 201

 199 201 202

 199 200 201

 199 201 202

 199 200 201

 199 201 202

 202 201 5

 202 5 4

 209 204 194

 202 201 5

 202 5 4

 207 193 208

 202 201 5

 202 5 4

 202 201 5

 202 5 4

 202 201 5

 202 5 4

 202 201 5

 202 5 4

 207 194 193

 207 205 209

 204 209 205

 194 207 209

 204 197 194

 204 210 197

 203 210 204

 206 205 207

 211 212 213

 211 213 214

 211 212 213

 211 213 214

 211 212 213

 211 213 214

 211 212 213

 211 213 214

 211 212 213

 211 213 214

 211 212 213

 211 213 214

 211 212 213

 211 213 214

 211 212 213

 211 213 214

 211 212 213

 211 213 214

 211 212 213

 211 213 214

 211 212 213

 211 213 214

 100 101 102

 100 102 103

 100 101 102

 100 102 103

 100 101 102

 100 102 103

 100 101 102

 100 102 103

 100 101 102

 100 102 103

 100 101 102

 100 102 103

 100 101 102

 100 102 103

 100 101 102

 100 102 103

 100 101 102

 100 102 103

 100 101 102

 100 102 103

 100 101 102

 100 102 103

 215 216 217

 215 216 217

 215 216 217

 215 216 217

 215 216 217

 215 216 217

 215 216 217

 215 216 217

 215 216 217

 215 216 217

 215 216 217

 215 218 216

 215 218 216

 215 218 216

 215 218 216

 215 218 216

 215 218 216

 215 218 216

 215 218 216

 215 218 216

 215 218 216

 215 218 216

 100 103 102

 100 102 101

 100 103 102

 100 102 101

 100 103 102

 100 102 101

 100 103 102

 100 102 101

 100 103 102

 100 102 101

 100 103 102

 100 102 101

 100 103 102

 100 102 101

 100 103 102

 100 102 101

 100 103 102

 100 102 101

 100 103 102

 100 102 101

 100 103 102

 100 102 101

 100 103 102

 100 102 101

 100 103 102

 100 102 101

 100 103 102

 100 102 101

 100 103 102

 100 102 101

 100 103 102

 100 102 101

 100 103 102

 100 102 101

 100 103 102

 100 102 101

 100 103 102

 100 102 101

 100 103 102

 100 102 101

 100 103 102

 100 102 101

 100 103 102

 100 102 101

 100 101 102

 100 102 103

 100 101 102

 100 102 103

 100 101 102

 100 102 103

 100 101 102

 100 102 103

 100 101 102

 100 102 103

 100 101 102

 100 102 103

 100 101 102

 100 102 103

 100 101 102

 100 102 103

 100 101 102

 100 102 103

 100 101 102

 100 102 103

 100 101 102

 100 102 103

 100 101 102

 100 102 103

 100 101 102

 100 102 103

 100 101 102

 100 102 103

 100 101 102

 100 102 103

 100 101 102

 100 102 103

 100 101 102

 100 102 103

 100 101 102

 100 102 103

 100 101 102

 100 102 103

 100 101 102

 100 102 103

 100 101 102

 100 102 103

 100 101 102

 100 102 103

 103 100 100

 103 100 103

 101 102 102

 101 102 101

 103 100 100

 103 100 103

 101 102 102

 101 102 101

 103 100 100

 103 100 103

 101 102 102

 101 102 101

 103 100 100

 103 100 103

 101 102 102

 101 102 101

 103 100 100

 103 100 103

 101 102 102

 101 102 101

 100 101 101

 100 101 100

 101 102 102

 101 102 101

 103 100 100

 103 100 103

 101 102 102

 101 102 101

 101 102 102

 101 102 101

 103 100 100

 103 100 103

 101 102 102

 101 102 101

 101 102 102

 101 102 101

 103 100 100

 103 100 103

 101 102 102

 101 102 101

 101 102 102

 101 102 101

 103 100 100

 103 100 103

 101 102 102

 101 102 101

 101 102 102

 101 102 101

 103 100 100

 103 100 103

 101 102 102

 101 102 101

 101 102 102

 101 102 101

 103 100 100

 103 100 103

 101 102 102

 101 102 101

 102 103 103

 102 103 102

 102 103 103

 102 103 102

 103 100 100

 103 100 103

 101 102 102

 101 102 101

 103 100 100

 103 100 103

 103 100 100

 103 100 103

 101 102 102

 101 102 101

 103 100 100

 103 100 103

 103 100 100

 103 100 103

 103 100 100

 103 100 103

 101 102 102

 101 102 101

 100 101 101

 100 101 100

 103 100 100

 103 100 103

 103 100 100

 103 100 103

 103 100 100

 103 100 103

 101 102 102

 101 102 101

 103 100 100

 103 100 103

 103 100 100

 103 100 103

 101 102 102

 101 102 101

 100 103 102

 100 102 101

 100 101 102

 100 102 103

 103 100 100

 103 100 103

 101 102 102

 101 102 101

 219 220 221

 219 221 222

 100 103 102

 100 102 101

 100 101 102

 100 102 103

 103 100 100

 103 100 103

 101 102 102

 101 102 101

 219 220 221

 219 221 222

 100 103 102

 100 102 101

 100 101 102

 100 102 103

 103 100 100

 103 100 103

 101 102 102

 101 102 101

 219 220 221

 219 221 222

 100 103 102

 100 102 101

 100 101 102

 100 102 103

 103 100 100

 103 100 103

 101 102 102

 101 102 101

 219 220 221

 219 221 222

 100 103 102

 100 102 101

 100 101 102

 100 102 103

 103 100 100

 103 100 103

 101 102 102

 101 102 101

 219 220 221

 219 221 222

 100 103 102

 100 102 101

 100 101 102

 100 102 103

 103 100 100

 103 100 103

 101 102 102

 101 102 101

 219 220 221

 219 221 222

 100 103 102

 100 102 101

 100 101 102

 100 102 103

 103 100 100

 103 100 103

 101 102 102

 101 102 101

 219 220 221

 219 221 222

 100 103 102

 100 102 101

 100 101 102

 100 102 103

 103 100 100

 103 100 103

 101 102 102

 101 102 101

 219 220 221

 219 221 222

 100 103 102

 100 102 101

 100 101 102

 100 102 103

 103 100 100

 103 100 103

 101 102 102

 101 102 101

 219 220 221

 219 221 222

 100 103 102

 100 102 101

 100 101 102

 100 102 103

 103 100 100

 103 100 103

 101 102 102

 101 102 101

 219 220 221

 219 221 222

 100 103 102

 100 102 101

 100 101 102

 100 102 103

 103 100 100

 103 100 103

 101 102 102

 101 102 101

 219 220 221

 219 221 222

 100 103 102

 100 102 101

 100 101 102

 100 102 103

 103 100 100

 103 100 103

 101 102 102

 101 102 101

 219 220 221

 219 221 222

 223 224 225

 223 225 226

 223 224 225

 223 225 226

 223 224 225

 223 225 226

 223 224 225

 223 225 226

 223 224 225

 223 225 226

 223 224 225

 223 225 226

 223 224 225

 223 225 226

 223 224 225

 223 225 226

 223 224 225

 223 225 226

 223 224 225

 223 225 226

 223 224 225

 223 225 226

 223 224 225

 223 225 226

 223 224 225

 223 225 226

 223 224 225

 223 225 226

 223 224 225

 223 225 226

 223 224 225

 223 225 226

 223 224 225

 223 225 226

 223 224 225

 223 225 226

 223 224 225

 223 225 226

 223 224 225

 223 225 226

 223 224 225

 223 225 226

 223 224 225

 223 225 226

 223 224 225

 223 225 226

 223 224 225

 223 225 226

 223 224 225

 223 225 226

 223 224 225

 223 225 226

 223 224 225

 223 225 226

 223 224 225

 223 225 226

 223 224 225

 223 225 226

 223 224 225

 223 225 226

 223 224 225

 223 225 226

 223 224 225

 223 225 226

palette:

 115 115 115 255

 109 109 109 255

 127 127 127 255

 112 112 112 255

 108 108 108 255

 128 128 128 255

 119 119 119 255

 125 125 125 255

 149 149 149 255

 114 114 114 255

 130 130 130 255

 107 107 107 255

 111 111 111 255

 124 124 124 255

 105 105 105 255

 122 122 122 255

 138 138 138 255

 121 121 121 255

 100 100 100 255

 99 99 99 255

 103 103 103 255

 133 133 133 255

 97 97 97 255

 101 101 101 255

 104 104 104 255

 118 118 118 255

 131 131 131 255

 96 96 96 255

 134 134 134 255

 2 2 2 255

 255 255 255 255

 116 116 116 255

 95 95 95 255

 87 87 87 255

 93 93 93 255

 202 202 202 255

 239 239 239 255

 177 177 177 255

 181 181 181 255

 183 183 183 255

 184 184 184 255

 186 186 186 255

 229 229 229 255

 92 92 92 255

 91 91 91 255

 90 90 90 255

 86 86 86 255

 85 85 85 255

 147 147 147 255

 139 139 139 255

 142 142 142 255

 114 253 255 255

 84 84 84 255

 88 88 88 255

 170 170 170 255

 146 146 146 255

 166 166 166 255

 163 163 163 255

 164 164 164 255

 152 152 152 255

 151 151 151 255

 179 179 179 255

 81 81 81 255

 82 82 82 255

 171 171 171 255

 161 161 161 255

 136 136 136 255

 168 168 168 255

 175 175 175 255

 173 173 173 255

 56 255 237 255

 80 80 80 255

 70 70 70 255

 71 71 71 255

 72 72 72 255

 76 76 76 255

 79 95 91 255

 73 73 73 255

 154 154 154 255

 78 93 91 255

 78 78 78 255

 77 77 77 255

 74 74 74 255

 141 141 141 255

 79 95 92 255

 74 84 82 255

 73 80 79 255

 156 156 156 255

 159 159 159 255

 79 79 79 255

 144 144 144 255

 58 58 58 255

 41 46 41 255

 13 46 7 255

color:

 0 1 2

 0 2 2

 3 4 5

 3 5 5

 6 7 8

 6 8 2

 9 3 7

 9 7 10

 11 12 13

 11 13 2

 4 12 6

 4 6 7

 14 12 13

 14 13 5

 14 12 2

 14 2 7

 0 15 16

 0 16 2

 0 4 17

 0 17 2

 1 11 3

 1 3 13

 18 19 20

 18 20 11

 18 19 20

 18 20 19

 12 2 21

 12 21 11

 9 4 0

 9 0 6

 18 20 22

 18 22 11

 23 19 18

 23 18 23

 18 23 18

 18 18 23

 23 23 18

 23 18 24

 22 14 22

 22 22 24

 19 1 0

 19 0 1

 9 13 16

 9 16 6

 0 14 13

 0 13 13

 4 20 9

 4 9 17

 24 22 23

 24 23 24

 18 19 23

 18 23 18

 18 23 23

 18 23 18

 23 19 18

 23 18 20

 4 13 2

 4 2 1

 25 11 10

 25 10 13

 12 1 15

 12 15 13

 11 11 12

 11 12 15

 19 24 18

 19 18 4

 18 18 18

 18 18 23

 23 19 18

 23 18 23

 23 23 23

 23 23 18

 23 19 19

 23 19 23

 18 23 22

 18 22 20

 23 20 18

 23 18 24

 4 15 13

 4 13 11

 0 20 6

 0 6 6

 14 18 23

 14 23 24

 24 19 24

 24 24 19

 20 18 23

 20 23 19

 20 23 23

 20 23 18

 23 23 23

 23 23 23

 19 14 23

 19 23 23

 0 2 26

 0 26 11

 0 12 10

 0 10 2

 1 14 17

 1 17 7

 11 24 0

 11 0 6

 23 19 20

 23 20 20

 18 18 23

 18 23 23

 23 20 19

 23 19 20

 19 20 19

 19 19 20

 18 18 23

 18 23 20

 23 18 23

 23 23 19

 23 18 23

 23 23 23

 18 19 20

 18 20 23

 18 18 23

 18 23 23

 18 18 18

 18 18 23

 23 11 12

 23 12 24

 12 11 15

 12 15 6

 4 4 13

 4 13 13

 3 14 7

 3 7 2

 1 4 13

 1 13 13

 11 12 13

 11 13 5

 11 1 15

 11 15 7

 11 1 17

 11 17 13

 1 24 9

 1 9 6

 20 22 14

 20 14 20

 24 27 24

 24 24 22

 14 19 24

 14 24 22

 18 23 18

 18 18 22

 23 19 23

 23 23 23

 23 4 19

 23 19 18

 12 13 9

 12 9 4

 25 4 10

 25 10 21

 11 1 5

 11 5 2

 9 15 28

 9 28 5

 0 11 15

 0 15 2

 14 14 12

 14 12 17

 18 23 18

 18 18 11

 23 23 18

 23 18 23

 18 23 23

 18 23 20

 23 18 23

 23 23 20

 18 23 18

 18 18 18

 23 20 19

 23 19 23

 19 23 22

 19 22 23

 23 23 18

 23 18 23

 18 20 23

 18 23 19

 18 23 18

 18 18 20

 20 19 23

 20 23 18

 23 20 23

 23 23 18

 18 19 18

 18 18 18

 23 18 20

 23 20 23

 23 19 23

 23 23 18

 23 23 20

 23 20 18

 19 18 20

 19 20 18

 18 18 18

 18 18 19

 18 18 20

 18 20 23

 20 19 18

 20 18 23

 23 19 23

 23 23 23

 23 23 23

 23 23 23

 23 23 24

 23 24 23

 23 22 14

 23 14 22

 23 11 23

 23 23 22

 4 1 19

 4 19 23

 19 18 23

 19 23 23

 1 13 9

 1 9 14

 4 29 19

 4 19 1

 29 30 18

 29 18 18

 23 4 3

 23 3 4

 24 14 13

 24 13 17

 1 20 7

 1 7 6

 9 24 9

 9 9 6

 20 18 23

 20 23 11

 24 18 20

 24 20 23

 20 19 23

 20 23 18

 23 23 19

 23 19 23

 19 23 18

 19 18 23

 23 19 23

 23 23 18

 20 23 23

 20 23 23

 27 24 22

 27 22 20

 22 23 22

 22 22 24

 23 23 23

 23 23 20

 19 20 19

 19 19 23

 27 23 18

 27 18 20

 18 18 23

 18 23 18

 18 23 23

 18 23 23

 18 19 20

 18 20 18

 20 19 20

 20 20 18

 23 18 18

 23 18 23

 18 20 19

 18 19 23

 18 20 19

 18 19 23

 23 20 23

 23 23 20

 18 19 23

 18 23 18

 23 22 20

 23 20 19

 20 19 24

 20 24 22

 23 23 18

 23 18 18

 19 23 18

 19 18 23

 20 23 23

 20 23 19

 3 13 12

 3 12 14

 1 18 18

 1 18 11

 4 6 25

 4 25 14

 0 29 29

 0 29 4

 19 18 18

 19 18 19

 23 19 23

 23 23 30

 20 20 23

 20 23 23

 23 23 24

 23 24 18

 18 18 23

 18 23 19

 20 22 20

 20 20 19

 24 22 20

 24 20 22

 20 19 23

 20 23 27

 18 20 19

 18 19 20

 19 18 23

 19 23 23

 18 19 18

 18 18 18

 23 19 18

 23 18 23

 23 24 19

 23 19 23

 18 20 19

 18 19 20

 20 19 23

 20 23 18

 23 23 18

 23 18 18

 18 23 23

 18 23 23

 20 23 23

 20 23 23

 23 18 19

 23 19 20

 18 23 23

 18 23 18

 18 18 23

 18 23 18

 23 23 23

 23 23 23

 23 18 23

 23 23 20

 18 18 18

 18 18 18

 20 14 18

 20 18 23

 1 24 20

 1 20 18

 20 19 20

 20 20 18

 23 19 18

 23 18 18

 22 19 18

 22 18 23

 18 19 24

 18 24 23

 23 18 23

 23 23 18

 18 14 3

 18 3 11

 12 11 3

 12 3 15

 23 18 23

 23 23 14

 14 20 0

 14 0 24

 0 31 5

 0 5 0

 25 11 20

 25 20 20

 1 11 18

 1 18 19

 14 3 19

 14 19 20

 24 4 19

 24 19 20

 18 18 23

 18 23 20

 18 18 20

 18 20 19

 20 19 23

 20 23 18

 18 23 23

 18 23 18

 23 19 23

 23 23 18

 23 18 24

 23 24 18

 24 19 23

 24 23 18

 23 19 18

 23 18 23

 18 23 18

 18 18 23

 20 18 23

 20 23 18

 23 23 23

 23 23 23

 19 18 20

 19 20 18

 23 19 23

 23 23 18

 19 23 19

 19 19 23

 23 18 23

 23 23 20

 18 18 18

 18 18 18

 23 23 18

 23 18 23

 23 18 23

 23 23 23

 20 23 20

 20 20 18

 4 15 3

 4 3 11

 1 27 19

 1 19 18

 18 23 19

 18 19 22

 18 19 22

 18 22 22

 23 22 23

 23 23 27

 23 22 23

 23 23 22

 23 18 19

 23 19 18

 20 23 18

 20 18 18

 23 23 23

 23 23 19

 24 19 20

 24 20 19

 14 14 0

 14 0 24

 11 4 13

 11 13 17

 3 26 8

 3 8 5

 31 1 23

 31 23 11

 1 4 23

 1 23 20

 1 1 18

 1 18 23

 4 1 23

 4 23 19

 11 1 18

 11 18 20

 19 20 18

 19 18 18

 23 23 20

 23 20 18

 23 24 23

 23 23 23

 18 18 23

 18 23 23

 23 19 20

 23 20 19

 23 18 18

 23 18 19

 18 18 20

 18 20 19

 18 18 19

 18 19 19

 19 18 22

 19 22 23

 19 19 19

 19 19 18

 19 18 23

 19 23 22

 23 19 23

 23 23 23

 18 24 23

 18 23 18

 4 24 18

 4 18 18

 19 20 1

 19 1 24

 1 20 1

 1 1 31

 23 18 19

 23 19 19

 18 23 19

 18 19 19

 19 20 22

 19 22 22

 19 18 22

 19 22 22

 18 22 18

 18 18 27

 18 27 23

 18 23 22

 19 18 23

 19 23 18

 18 23 23

 18 23 20

 18 19 20

 18 20 18

 20 19 20

 20 20 22

 23 23 18

 23 18 18

 4 10 7

 4 7 12

 3 12 19

 3 19 4

 19 20 22

 19 22 23

 22 23 19

 22 19 23

 18 24 19

 18 19 20

 18 18 18

 18 18 18

 23 22 23

 23 23 22

 18 19 19

 18 19 19

 23 18 19

 23 19 22

 18 18 19

 18 19 19

 18 24 19

 18 19 23

 19 18 19

 19 19 23

 18 22 19

 18 19 22

 12 13 3

 12 3 20

 1 19 19

 1 19 20

 20 23 20

 20 20 22

 23 24 20

 23 20 18

 20 24 18

 20 18 23

 18 24 18

 18 18 20

 18 20 22

 18 22 20

 19 19 22

 19 22 18

 22 18 32

 22 32 22

 19 19 19

 19 19 19

 18 23 18

 18 18 20

 19 20 18

 19 18 23

 19 23 24

 19 24 23

 23 19 18

 23 18 18

 1 13 7

 1 7 4

 1 12 22

 1 22 1

 11 11 18

 11 18 20

 18 23 19

 18 19 23

 22 18 19

 22 19 23

 18 22 23

 18 23 19

 24 22 23

 24 23 27

 14 20 20

 14 20 18

 24 20 18

 24 18 19

 20 23 19

 20 19 23

 18 23 23

 18 23 18

 23 19 23

 23 23 22

 22 18 1

 22 1 24

 11 23 4

 11 4 17

 22 18 18

 22 18 24

 23 23 24

 23 24 20

 14 14 11

 14 11 20

 11 4 11

 11 11 14

 4 14 14

 4 14 20

 14 24 24

 14 24 24

 23 18 22

 23 22 23

 19 22 32

 19 32 23

 19 19 19

 19 19 23

 18 18 18

 18 18 18

 23 20 19

 23 19 20

 18 20 18

 18 18 20

 20 14 20

 20 20 19

 25 13 26

 25 26 11

 12 14 19

 12 19 4

 18 19 19

 18 19 23

 23 18 20

 23 20 23

 20 27 14

 20 14 22

 32 22 24

 32 24 23

 14 14 14

 14 14 20

 14 24 20

 14 20 20

 20 14 20

 20 20 23

 18 24 19

 18 19 20

 32 22 32

 32 32 19

 22 20 27

 22 27 18

 11 14 23

 11 23 18

 14 24 11

 14 11 20

 11 14 1

 11 1 24

 4 1 3

 4 3 11

 11 11 1

 11 1 1

 14 11 11

 14 11 14

 20 23 20

 20 20 20

 20 22 19

 20 19 18

 19 32 22

 19 22 19

 23 19 23

 23 23 19

 20 24 18

 20 18 23

 14 1 23

 14 23 18

 0 13 31

 0 31 4

 4 27 18

 4 18 24

 19 23 23

 19 23 18

 32 33 34

 32 34 19

 32 1 11

 32 11 23

 24 12 14

 24 14 24

 34 12 23

 34 23 11

 18 14 19

 18 19 14

 22 27 34

 22 34 20

 1 17 1

 1 1 14

 1 14 11

 1 11 1

 14 1 3

 14 3 11

 1 35 0

 1 0 12

 36 37 12

 36 12 38

 9 39 11

 9 11 1

 23 23 20

 23 20 24

 23 18 19

 23 19 20

 22 19 27

 22 27 19

 23 18 20

 23 20 19

 1 25 1

 1 1 14

 11 19 18

 11 18 23

 24 18 20

 24 20 23

 23 22 34

 23 34 19

 27 20 34

 27 34 33

 32 14 27

 32 27 14

 27 25 27

 27 27 0

 34 9 34

 34 34 20

 23 23 19

 23 19 4

 18 32 22

 18 22 18

 23 22 3

 23 3 23

 1 14 12

 1 12 17

 20 11 24

 20 24 1

 23 4 14

 23 14 4

 14 11 3

 14 3 4

 4 40 41

 4 41 42

 39 14 20

 39 20 40

 23 20 23

 23 23 20

 18 22 27

 18 27 18

 18 22 27

 18 27 18

 19 18 20

 19 20 23

 24 23 9

 24 9 24

 0 25 10

 0 10 0

 31 23 9

 31 9 31

 20 22 20

 20 20 14

 23 14 20

 23 20 19

 12 11 20

 12 20 18

 20 23 4

 20 4 24

 12 32 23

 12 23 3

 3 11 11

 3 11 3

 43 18 34

 43 34 9

 44 14 20

 44 20 1

 22 34 18

 22 18 19

 18 43 22

 18 22 32

 18 27 18

 18 18 19

 18 23 20

 18 20 20

 19 14 20

 19 20 14

 23 24 11

 23 11 4

 24 23 1

 24 1 24

 20 23 23

 20 23 23

 19 23 19

 19 19 20

 22 32 22

 22 22 19

 23 19 19

 23 19 22

 20 18 20

 20 20 19

 23 22 20

 23 20 19

 23 11 0

 23 0 24

 3 25 2

 3 2 6

 12 22 20

 12 20 20

 20 19 19

 20 19 19

 1 13 3

 1 3 20

 20 11 1

 20 1 1

 1 34 24

 1 24 45

 1 23 1

 1 1 43

 23 23 44

 23 44 14

 23 18 22

 23 22 14

 27 22 32

 27 32 22

 19 32 22

 19 22 43

 23 34 22

 23 22 34

 23 27 23

 23 23 27

 18 18 23

 18 23 18

 23 18 23

 23 23 20

 23 22 24

 23 24 18

 34 34 19

 34 19 22

 34 32 32

 34 32 19

 32 34 22

 32 22 27

 32 32 20

 32 20 27

 20 19 23

 20 23 18

 18 20 18

 18 18 19

 23 23 20

 23 20 23

 23 24 0

 23 0 20

 1 24 2

 1 2 6

 0 17 16

 0 16 13

 9 14 9

 9 9 17

 18 19 23

 18 23 14

 23 22 19

 23 19 19

 18 23 9

 18 9 24

 3 11 24

 3 24 7

 34 11 34

 34 34 23

 18 23 20

 18 20 24

 19 22 22

 19 22 18

 18 27 23

 18 23 32

 23 22 22

 23 22 34

 18 20 32

 18 32 22

 19 19 19

 19 19 27

 18 32 27

 18 27 34

 22 32 27

 22 27 44

 19 27 22

 19 22 34

 19 22 22

 19 22 27

 46 47 43

 46 43 27

 27 19 23

 27 23 32

 19 24 22

 19 22 23

 22 18 18

 22 18 20

 20 18 23

 20 23 18

 19 18 23

 19 23 19

 23 14 3

 23 3 14

 14 4 13

 14 13 13

 9 5 48

 9 48 2

 11 22 18

 11 18 14

 18 18 19

 18 19 27

 18 18 22

 18 22 19

 22 18 19

 22 19 27

 20 27 18

 20 18 32

 18 22 19

 18 19 19

 22 22 27

 22 27 22

 18 19 22

 18 22 22

 19 18 19

 19 19 27

 23 24 18

 23 18 27

 23 14 23

 23 23 20

 23 14 20

 23 20 18

 20 20 19

 20 19 19

 23 22 27

 23 27 19

 22 34 34

 22 34 22

 34 33 44

 34 44 32

 4 3 49

 4 49 6

 20 18 6

 20 6 12

 20 19 0

 20 0 9

 19 19 6

 19 6 0

 4 3 50

 4 50 17

 22 20 23

 22 23 34

 1 1 19

 1 19 20

 4 11 18

 4 18 23

 1 24 18

 1 18 18

 23 23 23

 23 23 23

 23 51 18

 23 18 23

 18 20 19

 18 19 24

 11 5 26

 11 26 4

 0 1 10

 0 10 5

 11 14 7

 11 7 13

 14 24 17

 14 17 17

 14 20 4

 14 4 6

 19 23 18

 19 18 23

 19 23 19

 19 19 19

 18 23 22

 18 22 18

 18 23 19

 18 19 18

 23 27 18

 23 18 27

 18 19 32

 18 32 27

 22 20 32

 22 32 27

 45 14 22

 45 22 19

 18 24 18

 18 18 18

 24 14 14

 24 14 24

 14 4 14

 14 14 24

 20 11 24

 20 24 14

 20 20 23

 20 23 14

 20 19 23

 20 23 23

 20 34 19

 20 19 27

 27 52 33

 27 33 44

 19 18 9

 19 9 31

 32 46 17

 32 17 49

 11 20 6

 11 6 6

 12 19 17

 12 17 15

 23 18 15

 23 15 25

 20 3 9

 20 9 19

 6 11 23

 6 23 11

 4 11 18

 4 18 18

 4 1 19

 4 19 23

 9 5 5

 9 5 4

 0 11 2

 0 2 13

 1 14 3

 1 3 6

 20 18 18

 20 18 11

 18 22 19

 18 19 19

 23 19 19

 23 19 22

 23 18 23

 23 23 22

 20 14 18

 20 18 23

 22 24 19

 22 19 24

 23 23 18

 23 18 20

 23 20 20

 23 20 18

 24 23 23

 24 23 19

 18 27 27

 18 27 27

 19 24 53

 19 53 23

 45 11 43

 45 43 19

 23 54 24

 23 24 1

 40 40 12

 40 12 11

 40 55 3

 40 3 14

 14 14 11

 14 11 11

 14 24 20

 14 20 11

 14 24 20

 14 20 14

 19 27 19

 19 19 18

 34 47 46

 34 46 45

 4 20 15

 4 15 17

 20 9 48

 20 48 25

 24 24 31

 24 31 6

 18 1 49

 18 49 0

 45 18 32

 45 32 47

 11 6 9

 11 9 23

 0 4 7

 0 7 17

 12 14 3

 12 3 13

 18 19 18

 18 18 24

 18 18 23

 18 23 22

 18 19 20

 18 20 18

 20 32 23

 20 23 27

 23 18 20

 23 20 19

 23 19 20

 23 20 18

 20 24 24

 20 24 20

 14 20 23

 14 23 24

 20 20 20

 20 20 23

 24 20 24

 24 24 20

 23 24 20

 23 20 23

 27 22 32

 27 32 22

 22 23 18

 22 18 20

 40 40 40

 40 40 56

 40 40 40

 40 40 40

 40 40 40

 40 40 14

 40 14 57

 54 45 3

 54 3 14

 23 34 4

 23 4 32

 24 32 27

 24 27 23

 34 47 47

 34 47 34

 12 18 6

 12 6 25

 18 45 11

 18 11 25

 19 19 3

 19 3 0

 18 20 3

 18 3 31

 32 19 18

 32 18 32

 12 13 13

 12 13 1

 3 24 6

 3 6 6

 20 19 20

 20 20 20

 20 27 20

 20 20 19

 20 18 20

 20 20 18

 19 20 18

 19 18 20

 22 19 19

 22 19 23

 23 32 18

 23 18 19

 24 22 23

 24 23 22

 18 1 20

 18 20 20

 24 12 20

 24 20 4

 20 24 11

 20 11 14

 24 14 11

 24 11 14

 24 14 24

 24 24 11

 23 20 20

 23 20 20

 18 19 23

 18 23 23

 19 32 32

 19 32 18

 23 45 11

 23 11 23

 20 40 40

 20 40 40

 40 40 40

 40 40 40

 40 40 40

 40 40 40

 40 40 40

 40 40 40

 40 40 38

 40 38 40

 11 18 12

 11 12 43

 18 32 18

 18 18 18

 27 33 46

 27 46 43

 23 18 15

 23 15 0

 19 18 6

 19 6 31

 1 12 16

 1 16 6

 11 3 8

 11 8 6

 22 22 23

 22 23 34

 3 6 13

 3 13 24

 0 4 9

 0 9 7

 23 23 20

 23 20 4

 23 19 24

 23 24 22

 14 19 20

 14 20 18

 22 14 22

 22 22 19

 32 20 19

 32 19 23

 19 32 22

 19 22 20

 19 32 14

 19 14 22

 11 19 14

 11 14 23

 20 24 18

 20 18 18

 18 20 18

 18 18 1

 24 24 24

 24 24 24

 24 20 14

 24 14 20

 14 14 24

 14 24 14

 20 24 23

 20 23 11

 23 18 18

 23 18 23

 18 32 22

 18 22 27

 18 32 14

 18 14 22

 20 11 2

 20 2 45

 14 40 40

 14 40 40

 40 40 40

 40 40 40

 40 40 40

 40 40 40

 40 8 40

 40 40 40

 20 22 18

 20 18 19

 19 19 22

 19 22 22

 18 19 34

 18 34 34

 32 22 46

 32 46 45

 32 32 53

 32 53 45

 22 34 45

 22 45 46

 27 27 27

 27 27 33

 18 19 20

 18 20 27

 18 14 1

 18 1 14

 4 4 2

 4 2 15

 31 25 49

 31 49 17

 12 19 18

 12 18 1

 22 20 23

 22 23 23

 23 19 20

 23 20 18

 23 34 19

 23 19 22

 19 24 22

 19 22 20

 44 22 43

 44 43 24

 23 27 14

 23 14 32

 1 32 23

 1 23 34

 23 19 23

 23 23 22

 23 23 24

 23 24 23

 23 11 24

 23 24 20

 20 11 4

 20 4 14

 24 14 11

 24 11 23

 20 24 14

 20 14 24

 20 20 24

 20 24 24

 20 23 23

 20 23 23

 19 27 27

 19 27 19

 19 22 27

 19 27 27

 19 20 27

 19 27 27

 18 18 23

 18 23 11

 20 19 16

 20 16 18

 23 11 38

 23 38 38

 53 11 19

 53 19 3

 22 19 22

 22 22 18

 22 19 22

 22 22 22

 19 18 19

 19 19 19

 23 20 19

 23 19 18

 19 23 23

 19 23 18

 23 19 20

 23 20 19

 20 19 20

 20 20 22

 23 20 23

 23 23 23

 19 23 18

 19 18 23

 18 18 23

 18 23 18

 23 11 9

 23 9 20

 14 11 13

 14 13 6

 25 26 55

 25 55 10

 0 24 18

 0 18 11

 23 20 19

 23 19 23

 23 18 18

 23 18 23

 19 44 24

 19 24 22

 19 4 31

 19 31 24

 0 12 11

 0 11 0

 43 45 24

 43 24 34

 18 27 23

 18 23 43

 19 20 23

 19 23 18

 19 12 19

 19 19 20

 24 3 18

 24 18 9

 23 11 14

 23 14 11

 44 12 43

 44 43 1

 34 0 18

 34 18 25

 23 24 14

 23 14 24

 23 19 20

 23 20 18

 23 27 22

 23 22 19

 19 18 27

 19 27 19

 45 22 33

 45 33 20

 45 20 19

 45 19 23

 22 19 19

 22 19 27

 19 14 45

 19 45 18

 47 14 46

 47 46 19

 22 23 22

 22 22 20

 23 18 19

 23 19 18

 18 23 18

 18 18 18

 18 23 18

 18 18 20

 23 18 19

 23 19 23

 23 18 23

 23 23 19

 23 4 18

 23 18 19

 14 4 22

 14 22 23

 24 1 19

 24 19 20

 23 19 23

 23 23 23

 23 23 18

 23 18 18

 18 20 22

 18 22 23

 11 10 5

 11 5 9

 1 18 20

 1 20 24

 23 43 22

 23 22 18

 23 24 43

 23 43 43

 24 4 23

 24 23 43

 24 3 24

 24 24 1

 24 19 44

 24 44 19

 22 18 22

 22 22 22

 19 24 19

 19 19 18

 11 24 18

 11 18 20

 18 23 18

 18 18 11

 24 23 24

 24 24 23

 18 24 44

 18 44 4

 19 24 22

 19 22 17

 23 20 20

 23 20 24

 23 19 18

 23 18 18

 18 22 19

 18 19 18

 19 19 19

 19 19 22

 18 23 43

 18 43 11

 19 18 19

 19 19 14

 22 23 22

 22 22 19

 34 45 34

 34 34 27

 22 23 23

 22 23 19

 23 23 18

 23 18 23

 20 18 19

 20 19 23

 18 23 18

 18 18 18

 24 14 20

 24 20 18

 1 12 23

 1 23 18

 12 17 12

 12 12 11

 0 14 20

 0 20 24

 12 11 24

 12 24 19

 11 4 18

 11 18 20

 0 5 5

 0 5 1

 11 19 23

 11 23 14

 27 34 22

 27 22 19

 58 40 59

 58 59 24

 40 40 39

 40 39 39

 40 31 11

 40 11 31

 4 34 32

 4 32 12

 19 18 19

 19 19 27

 4 31 11

 4 11 24

 1 19 24

 1 24 20

 1 45 24

 1 24 23

 9 20 24

 9 24 27

 11 22 19

 11 19 19

 27 22 19

 27 19 18

 22 22 27

 22 27 22

 34 20 18

 34 18 19

 4 20 18

 4 18 19

 23 22 18

 23 18 18

 23 24 19

 23 19 19

 19 20 22

 19 22 23

 22 19 32

 22 32 19

 27 22 19

 27 19 45

 23 23 18

 23 18 27

 19 18 23

 19 23 18

 20 23 23

 20 23 18

 18 11 18

 18 18 18

 9 31 3

 9 3 24

 3 19 23

 3 23 11

 18 19 32

 18 32 27

 40 40 40

 40 40 40

 40 40 40

 40 40 40

 40 40 40

 40 40 40

 13 46 19

 13 19 4

 27 45 11

 27 11 46

 24 14 1

 24 1 20

 4 20 4

 4 4 0

 18 27 20

 18 20 23

 11 45 22

 11 22 33

 24 22 4

 24 4 33

 22 20 27

 22 27 34

 23 20 19

 23 19 27

 23 4 19

 23 19 14

 11 6 24

 11 24 11

 4 20 18

 4 18 24

 43 23 45

 43 45 14

 53 14 22

 53 22 4

 19 19 19

 19 19 23

 14 22 18

 14 18 19

 19 20 19

 19 19 23

 23 19 18

 23 18 24

 23 14 23

 23 23 18

 3 13 9

 3 9 1

 0 14 23

 0 23 4

 23 34 44

 23 44 19

 34 40 40

 34 40 56

 40 40 40

 40 40 40

 40 40 40

 40 40 40

 12 18 23

 12 23 10

 20 18 11

 20 11 33

 23 23 23

 23 23 18

 24 22 18

 24 18 18

 24 22 23

 24 23 22

 23 18 20

 23 20 22

 19 22 43

 19 43 18

 19 4 14

 19 14 27

 14 23 23

 14 23 24

 23 22 23

 23 23 23

 27 24 4

 27 4 24

 0 24 12

 0 12 0

 14 18 20

 14 20 23

 20 14 45

 20 45 1

 19 14 22

 19 22 12

 20 45 11

 20 11 18

 23 45 11

 23 11 53

 24 23 19

 24 19 19

 23 19 24

 23 24 23

 12 6 3

 12 3 24

 0 24 19

 0 19 11

 22 24 1

 22 1 18

 34 32 40

 34 40 38

 22 32 18

 22 18 38

 22 22 22

 22 22 18

 20 18 23

 20 23 22

 23 18 18

 23 18 18

 23 19 23

 23 23 18

 18 24 20

 18 20 19

 4 14 20

 4 20 23

 14 33 11

 14 11 18

 19 33 0

 19 0 45

 24 22 11

 24 11 20

 24 18 27

 24 27 19

 19 14 23

 19 23 32

 20 23 14

 20 14 23

 20 23 11

 20 11 23

 14 24 23

 14 23 18

 24 24 23

 24 23 24

 18 18 4

 18 4 23

 14 22 4

 14 4 45

 19 18 22

 19 22 20

 27 23 23

 27 23 18

 1 13 15

 1 15 4

 4 18 19

 4 19 24

 20 19 20

 20 20 22

 24 19 23

 24 23 19

 18 18 23

 18 23 19

 23 19 20

 23 20 19

 23 18 19

 23 19 20

 18 20 23

 18 23 23

 1 6 1

 1 1 14

 12 19 3

 12 3 23

 14 22 14

 14 14 33

 18 19 18

 18 18 32

 18 18 20

 18 20 27

 20 24 20

 20 20 23

 23 4 24

 23 24 14

 14 14 11

 14 11 24

 14 24 11

 14 11 20

 23 23 20

 23 20 20

 18 20 20

 18 20 23

 19 18 19

 19 19 18

 19 18 22

 19 22 20

 18 18 23

 18 23 24

 4 7 7

 4 7 1

 31 14 23

 31 23 14

 20 19 14

 20 14 18

 24 19 20

 24 20 22

 23 18 23

 23 23 18

 24 22 20

 24 20 18

 23 22 23

 23 23 18

 23 19 23

 23 23 23

 11 6 6

 11 6 4

 1 23 24

 1 24 14

 19 27 22

 19 22 19

 22 22 19

 22 19 23

 19 22 20

 19 20 19

 20 20 24

 20 24 20

 24 24 11

 24 11 24

 14 19 4

 14 4 14

 12 23 11

 12 11 20

 11 23 20

 11 20 14

 4 19 23

 4 23 20

 24 19 22

 24 22 20

 19 19 19

 19 19 18

 20 20 23

 20 23 19

 31 15 26

 31 26 14

 9 11 18

 9 18 11

 23 23 20

 23 20 19

 18 18 23

 18 23 19

 18 27 18

 18 18 19

 23 23 22

 23 22 32

 18 18 27

 18 27 43

 18 20 14

 18 14 23

 14 11 12

 14 12 25

 19 32 19

 19 19 14

 34 44 34

 34 34 22

 32 23 32

 32 32 34

 14 22 22

 14 22 19

 22 19 14

 22 14 22

 18 1 11

 18 11 23

 18 18 3

 18 3 18

 12 20 3

 12 3 24

 23 43 9

 23 9 23

 11 33 12

 11 12 46

 1 27 23

 1 23 27

 19 18 23

 19 23 19

 14 6 0

 14 0 14

 1 18 23

 1 23 24

 20 20 23

 20 23 18

 18 34 27

 18 27 19

 25 40 39

 25 39 23

 24 27 34

 24 34 20

 32 23 18

 32 18 23

 27 22 32

 27 32 22

 4 3 19

 4 19 27

 0 6 0

 0 0 11

 0 32 22

 0 22 0

 34 19 19

 34 19 34

 22 1 23

 22 23 11

 4 43 24

 4 24 4

 1 11 22

 1 22 20

 19 22 1

 19 1 18

 24 27 9

 24 9 33

 23 19 18

 23 18 18

 23 18 18

 23 18 22

 11 13 15

 11 15 11

 1 19 24

 1 24 24

 23 23 19

 23 19 19

 19 20 22

 19 22 19

 20 14 40

 20 40 14

 60 24 40

 60 40 40

 20 18 32

 20 32 20

 22 18 27

 22 27 18

 45 32 22

 45 22 34

 12 40 25

 12 25 3

 40 40 40

 40 40 40

 40 27 34

 40 34 61

 22 18 19

 22 19 43

 14 43 12

 14 12 23

 4 62 4

 4 4 63

 0 18 11

 0 11 43

 23 22 11

 23 11 19

 24 19 20

 24 20 32

 19 22 18

 19 18 18

 23 18 20

 23 20 19

 1 2 7

 1 7 14

 6 20 10

 6 10 6

 1 11 12

 1 12 6

 19 20 18

 19 18 24

 18 24 18

 18 18 23

 19 20 19

 19 19 24

 19 18 22

 19 22 20

 23 24 19

 23 19 32

 20 19 18

 20 18 27

 20 19 22

 20 22 23

 44 34 43

 44 43 44

 40 40 40

 40 40 64

 40 40 40

 40 40 40

 3 44 44

 3 44 40

 24 23 4

 24 4 24

 24 18 3

 24 3 45

 18 18 19

 18 19 19

 19 18 19

 19 19 22

 19 18 18

 19 18 19

 18 24 18

 18 18 18

 23 23 23

 23 23 19

 4 5 13

 4 13 4

 11 23 12

 11 12 9

 45 0 24

 45 24 6

 43 23 23

 43 23 14

 19 20 19

 19 19 18

 18 20 19

 18 19 24

 20 11 24

 20 24 20

 18 32 27

 18 27 23

 19 23 18

 19 18 20

 18 22 4

 18 4 1

 23 11 11

 23 11 14

 24 19 23

 24 23 22

 27 19 22

 27 22 43

 12 25 40

 12 40 40

 4 31 65

 4 65 40

 3 32 18

 3 18 12

 34 19 20

 34 20 14

 23 18 19

 23 19 20

 23 18 22

 23 22 19

 23 20 22

 23 22 19

 23 11 22

 23 22 18

 4 12 22

 4 22 18

 11 1 19

 11 19 20

 4 4 23

 4 23 23

 0 10 7

 0 7 4

 3 23 4

 3 4 25

 19 31 22

 19 22 18

 1 5 18

 1 18 14

 43 22 34

 43 34 24

 23 14 19

 23 19 20

 12 23 23

 12 23 19

 1 25 9

 1 9 23

 11 32 34

 11 34 18

 22 32 18

 22 18 19

 22 45 33

 22 33 43

 20 6 11

 20 11 27

 23 23 18

 23 18 24

 19 22 32

 19 32 22

 34 45 34

 34 34 22

 32 31 0

 32 0 27

 13 0 23

 13 23 0

 23 22 32

 23 32 34

 18 14 23

 18 23 19

 1 11 18

 1 18 23

 11 1 23

 11 23 20

 12 17 3

 12 3 11

 6 11 13

 6 13 5

 1 24 0

 1 0 6

 23 18 22

 23 22 24

 45 12 20

 45 20 18

 20 0 0

 20 0 66

 23 23 22

 23 22 34

 3 25 3

 3 3 14

 0 24 18

 0 18 4

 18 18 18

 18 18 18

 19 22 34

 19 34 22

 27 19 4

 27 4 22

 19 24 3

 19 3 3

 14 20 18

 14 18 24

 31 6 9

 31 9 14

 12 19 24

 12 24 1

 20 23 18

 20 18 19

 18 24 20

 18 20 19

 12 11 53

 12 53 18

 11 11 19

 11 19 23

 25 17 0

 25 0 22

 3 18 18

 3 18 24

 23 23 22

 23 22 18

 18 18 19

 18 19 19

 1 25 11

 1 11 19

 6 12 18

 6 18 11

 4 12 18

 4 18 20

 9 1 1

 9 1 4

 3 27 24

 3 24 20

 20 18 23

 20 23 18

 23 18 23

 23 23 23

 1 0 6

 1 6 20

 31 11 20

 31 20 11

 23 23 19

 23 19 22

 19 23 23

 19 23 23

 20 24 0

 20 0 14

 67 40 15

 67 15 0

 40 68 26

 40 26 2

 6 7 60

 6 60 7

 9 14 20

 9 20 11

 24 18 23

 24 23 20

 20 40 69

 20 69 18

 56 40 16

 40 13 28

 40 28 37

 9 11 20

 9 20 4

 1 4 67

 1 67 22

 16 67 4

 69 56 66

 6 17 10

 6 10 0

 12 3 70

 12 70 70

 24 23 70

 24 70 70

 14 6 70

 14 70 70

 0 2 70

 0 70 70

 20 33 70

 20 70 70

 12 0 70

 12 70 70

 14 31 70

 14 70 70

 1 3 70

 1 70 70

 3 3 70

 3 70 70

 11 17 70

 11 70 70

 52 71 72

 52 72 73

 12 12 70

 12 70 70

 47 46 74

 47 74 75

 18 33 70

 18 70 70

 22 34 70

 22 70 70

 6 12 70

 6 70 70

 0 0 70

 0 70 70

 76 44 70

 76 70 70

 0 4 70

 0 70 70

 11 31 70

 11 70 70

 0 9 70

 0 70 70

 32 27 70

 32 70 70

 14 22 70

 14 70 70

 18 14 70

 18 70 70

 23 19 70

 23 70 70

 0 13 70

 0 70 70

 23 32 70

 23 70 70

 24 20 70

 24 70 70

 9 13 70

 9 70 70

 3 18 70

 3 70 70

 11 25 70

 11 70 70

 32 44 70

 32 70 70

 24 22 70

 24 70 70

 27 43 73

 27 73 44

 22 23 32

 22 32 53

 47 62 72

 47 72 77

 31 13 70

 31 70 70

 20 27 70

 20 70 70

 20 11 70

 20 70 70

 23 12 70

 23 70 70

 9 14 70

 9 70 70

 14 12 70

 14 70 70

 14 27 70

 14 70 70

 12 4 70

 12 70 70

 14 1 70

 14 70 70

 44 47 72

 44 72 72

 13 13 64

 13 64 78

 22 45 70

 22 70 70

 11 23 70

 11 70 70

 3 1 70

 3 70 70

 12 20 70

 12 70 70

 18 20 70

 18 70 70

 14 6 70

 14 70 70

 1 14 70

 1 70 70

 12 3 70

 12 70 70

 1 32 70

 1 70 70

 18 22 70

 18 70 70

 20 23 70

 20 70 70

 20 12 70

 20 70 70

 18 32 70

 18 70 70

 12 1 70

 12 70 70

 12 3 70

 12 70 70

 34 33 63

 34 63 71

 9 3 70

 9 70 70

 9 7 70

 9 70 70

 3 3 70

 3 70 70

 23 24 70

 23 70 70

 1 14 70

 1 70 70

 12 3 70

 12 70 70

 11 31 70

 11 70 70

 11 25 70

 11 70 70

 14 15 70

 14 70 70

 24 34 70

 24 70 70

 23 12 70

 23 70 70

 63 52 72

 63 72 77

 63 63 72

 63 72 77

 22 18 70

 22 70 70

 1 9 70

 1 70 70

 24 34 70

 24 70 70

 18 44 70

 18 70 70

 11 24 70

 11 70 70

 14 3 70

 14 70 70

 23 12 70

 23 70 70

 0 12 70

 0 70 70

 0 0 70

 0 70 70

 79 20 70

 79 70 70

 12 3 70

 12 70 70

 11 18 70

 11 70 70

 19 11 70

 19 70 70

 23 23 70

 23 70 70

 0 25 70

 0 70 70

 1 27 70

 1 70 70

 19 53 70

 19 70 70

 9 3 70

 9 70 70

 45 46 80

 45 80 81

 20 4 70

 20 70 70

 1 25 70

 1 70 70

 11 25 70

 11 70 70

 27 18 70

 27 70 70

 11 6 70

 11 70 70

 24 1 70

 24 70 70

 23 27 70

 23 70 70

 12 6 16

 12 16 13

 1 34 77

 1 77 14

 15 20 8

 15 8 0

 40 40 40

 40 40 40

 40 40 40

 40 40 40

 12 3 70

 12 70 70

 3 9 70

 3 70 70

 0 17 70

 0 70 70

 23 4 70

 23 70 70

 24 0 70

 24 70 70

 53 52 77

 53 77 80

 24 22 70

 24 70 70

 6 9 70

 6 70 70

 25 17 70

 25 70 70

 11 20 70

 11 70 70

 3 18 70

 3 70 70

 17 13 70

 17 70 70

 20 27 70

 20 70 70

 11 11 70

 11 70 70

 52 52 72

 52 72 72

 11 23 70

 11 70 70

 23 23 23

 23 23 23

 31 0 70

 31 70 70

 20 20 70

 20 70 70

 24 32 20

 24 20 18

 23 22 70

 23 70 70

 1 12 70

 1 70 70

 11 1 70

 11 70 70

 14 20 70

 14 70 70

 44 33 73

 44 73 80

 1 14 70

 1 70 70

 11 6 70

 11 70 70

 34 52 63

 34 63 72

 14 23 70

 14 70 70

 12 11 70

 12 70 70

 4 12 70

 4 70 70

 20 22 70

 20 70 70

 32 20 70

 32 70 70

 14 20 70

 14 70 70

 24 11 70

 24 70 70

 62 45 82

 62 82 71

 20 27 70

 20 70 70

 24 4 70

 24 70 70

 0 2 70

 0 70 70

 43 45 82

 43 82 46

 47 52 34

 47 34 33

 33 52 81

 33 81 80

 12 1 70

 12 70 70

 24 22 70

 24 70 70

 24 22 70

 24 70 70

 11 6 70

 11 70 70

 11 23 70

 11 70 70

 52 33 73

 52 73 80

 24 11 70

 24 70 70

 11 3 70

 11 70 70

 4 1 70

 4 70 70

 0 25 70

 0 70 70

 1 32 11

 1 11 18

 44 52 71

 44 71 73

 63 52 72

 63 72 77

 14 20 70

 14 70 70

 63 63 72

 63 72 77

 23 43 70

 23 70 70

 1 11 70

 1 70 70

 11 1 70

 11 70 70

 11 23 70

 11 70 70

 52 52 72

 52 72 77

 24 14 70

 24 70 70

 0 12 70

 0 70 70

 0 6 70

 0 70 70

 11 11 70

 11 70 70

 11 1 70

 11 70 70

 20 19 70

 20 70 70

 24 27 70

 24 70 70

 3 31 70

 3 70 70

 24 0 70

 24 70 70

 3 1 70

 3 70 70

 4 11 70

 4 70 70

 3 25 70

 3 70 70

 11 23 70

 11 70 70

 23 34 70

 23 70 70

 62 47 73

 62 73 81

 1 3 70

 1 70 70

 12 3 70

 12 70 70

 33 47 74

 33 74 81

 25 3 70

 25 70 70

 4 24 70

 4 70 70

 9 14 55

 9 55 25

 11 23 70

 11 70 70

 23 19 70

 23 70 70

 11 17 70

 11 70 70

 4 14 70

 4 70 70

 19 19 70

 19 70 70

 71 46 74

 71 74 77

 1 11 70

 1 70 70

 1 9 70

 1 70 70

 40 40 40

 40 40 40

 3 25 70

 3 70 70

 14 1 70

 14 70 70

 33 14 12

 33 12 23

 12 3 70

 12 70 70

 81 63 73

 81 73 72

 14 0 70

 14 70 70

 3 12 70

 3 70 70

 18 27 70

 18 70 70

 24 24 70

 24 70 70

 23 45 70

 23 70 70

 11 4 70

 11 70 70

 14 1 70

 14 70 70

 1 4 70

 1 70 70

 11 14 70

 11 70 70

 3 6 70

 3 70 70

 34 47 71

 34 71 81

 11 4 70

 11 70 70

 11 9 70

 11 70 70

 18 23 70

 18 70 70

 19 23 34

 19 34 18

 20 12 70

 20 70 70

 6 13 70

 6 70 70

 11 0 70

 11 70 70

 19 20 70

 19 70 70

 52 52 72

 52 72 72

 3 83 70

 3 70 70

 19 22 70

 19 70 70

 9 12 70

 9 70 70

 24 27 70

 24 70 70

 23 19 70

 23 70 70

 19 27 70

 19 70 70

 9 6 70

 9 70 70

 4 12 70

 4 70 70

 12 23 70

 12 70 70

 1 11 70

 1 70 70

 9 6 70

 9 70 70

 9 1 70

 9 70 70

 31 9 70

 31 70 70

 20 20 70

 20 70 70

 40 40 40

 40 40 40

 14 23 70

 14 70 70

 3 12 70

 3 70 70

 4 11 70

 4 70 70

 4 9 70

 4 70 70

 31 9 55

 31 55 6

 3 9 70

 3 70 70

 20 22 70

 20 70 70

 18 9 70

 18 70 70

 1 34 70

 1 70 70

 22 1 70

 22 70 70

 45 52 80

 45 80 75

 14 18 70

 14 70 70

 45 46 80

 45 80 81

 14 32 70

 14 70 70

 23 84 70

 23 70 70

 20 20 70

 20 70 70

 23 34 70

 23 70 70

 85 85 70

 85 70 70

 1 14 70

 1 70 70

 85 86 70

 85 70 70

 3 9 70

 3 70 70

 3 6 70

 3 70 70

 11 32 70

 11 70 70

 9 3 70

 9 70 70

 9 1 70

 9 70 70

 20 27 70

 20 70 70

 3 13 70

 3 70 70

 11 24 70

 11 70 70

 4 20 70

 4 70 70

 9 12 70

 9 70 70

 0 5 70

 0 70 70

 14 4 70

 14 70 70

 12 11 70

 12 70 70

 18 53 70

 18 70 70

 45 45 71

 45 71 63

 14 11 70

 14 70 70

 23 22 70

 23 70 70

 23 32 70

 23 70 70

 12 31 70

 12 70 70

 9 4 70

 9 70 70

 11 14 70

 11 70 70

 3 31 70

 3 70 70

 24 11 70

 24 70 70

 11 17 70

 11 70 70

 14 23 70

 14 70 70

 47 47 73

 47 73 74

 20 32 70

 20 70 70

 1 9 70

 1 70 70

 63 52 72

 63 72 74

 1 1 70

 1 70 70

 22 20 34

 22 34 46

 19 33 62

 19 62 46

 11 20 70

 11 70 70

 13 5 40

 13 40 87

 3 3 70

 3 70 70

 20 27 70

 20 70 70

 11 1 70

 11 70 70

 18 27 70

 18 70 70

 6 3 70

 6 70 70

 1 4 70

 1 70 70

 12 1 70

 12 70 70

 24 1 70

 24 70 70

 17 7 68

 17 68 48

 11 18 70

 11 70 70

 24 1 70

 24 70 70

 13 5 40

 13 40 88

 20 32 70

 20 70 70

 14 14 70

 14 70 70

 20 20 70

 20 70 70

 40 40 40

 40 40 40

 5 0 8

 5 8 6

 89 81 74

 89 74 80

 1 18 20

 1 20 18

 55 88 40

 55 40 78

 75 75 74

 75 74 77

 77 77 72

 77 72 77

 77 77 72

 77 72 74

 46 19 18

 46 18 89

 63 89 77

 9 20 6

 9 6 6

 11 14 9

 11 9 0

 11 11 6

 11 6 31

 31 17 50

 31 50 6

 3 24 11

 3 11 0

 23 15 24

 23 24 20

 15 18 23

 15 23 23

 14 18 4

 14 4 18

 3 12 6

 3 6 24

 39 40 67

 39 67 14

 40 40 40

 40 40 40

 40 40 40

 40 40 40

 40 18 4

 40 4 15

 6 15 17

 6 17 24

 40 40 40

 40 40 40

 40 40 40

 40 40 40

 40 40 40

 40 40 40

 40 49 17

 40 17 40

 40 40 40

 40 40 40

 40 40 40

 40 40 40

 40 40 40

 40 40 40

 13 25 15

 13 15 40

 0 1 38

 0 38 4

 14 14 40

 14 40 40

 4 4 31

 4 31 39

 9 17 15

 9 15 11

 4 9 11

 4 11 31

 15 6 9

 15 9 4

 6 49 17

 6 17 9

 14 4 39

 14 39 40

 3 0 4

 3 4 14

 0 15 4

 0 4 4

 1 14 40

 1 40 38

 31 0 14

 31 14 1

 0 3 14

 0 14 14

 6 0 4

 6 4 6

 16 6 0

 16 0 6

 6 31 1

 6 1 0

 40 13 40

 40 40 40

 31 11 13

 31 13 40

 11 15 25

 11 25 13

 40 40 40

 40 40 40

 40 39 40

 40 40 40

 39 31 40

 39 40 40

 40 40 40

 40 40 40

 38 40 40

 38 40 40

 40 40 40

 40 40 40

 31 40 40

 31 40 3

 6 4 40

 6 40 31

 4 38 40

 4 40 40

 40 40 40

 40 40 40

 40 40 40

 40 40 40

 40 15 49

 40 49 40

 40 40 40

 40 40 40

 40 40 40

 40 40 40

 40 40 40

 40 40 40

 40 40 40

 40 40 40

 40 40 40

 40 40 40

 40 40 40

 40 40 40

 31 40 40

 31 40 0

 3 40 40

 3 40 31

 40 40 40

 40 40 40

 18 6 24

 18 24 4

 17 25 6

 17 6 18

 25 48 15

 25 15 6

 40 40 15

 40 15 40

 40 40 40

 40 40 40

 40 17 18

 40 18 40

 40 40 40

 40 40 40

 40 40 40

 40 40 40

 40 40 40

 40 40 40

 40 40 40

 40 40 67

 40 40 40

 40 40 40

 40 40 40

 40 40 40

 9 39 14

 9 14 6

 0 40 39

 0 39 9

 40 40 40

 40 40 39

 18 3 24

 18 24 4

 4 24 3

 4 3 18

 24 17 12

 24 12 3

 18 14 18

 18 18 23

 40 15 14

 40 14 18

 15 4 18

 15 18 14

 15 15 23

 15 23 24

 40 40 15

 40 15 15

 40 40 18

 40 18 15

 24 23 20

 24 20 11

 67 40 23

 67 23 24

 40 40 15

 40 15 23

 25 3 0

 25 0 49

 6 14 3

 6 3 25

 14 67 24

 14 24 3

 11 31 6

 11 6 6

 4 24 31

 4 31 11

 24 6 17

 24 17 31

 14 11 31

 14 31 9

 23 18 11

 23 11 14

 18 4 11

 18 11 11

 20 11 0

 20 0 6

 24 23 11

 24 11 20

 23 23 14

 23 14 11

 25 9 6

 25 6 8

 11 20 9

 11 9 25

 20 24 20

 20 20 9

 82 77 73

 74 46 82

 46 63 82

 46 89 63

 89 33 77

 82 71 46

 71 22 46

 80 81 27

 77 46 89

 77 89 73

 77 33 46

 77 46 77

 33 18 19

 33 19 46

 27 63 89

 81 77 63

 81 63 27

 77 74 82

 77 82 63

 77 77 74

 77 74 72

 72 72 77

 72 77 77

 72 72 77

 72 77 77

 77 77 77

 77 77 72

 72 72 77

 72 77 77

 72 72 77

 72 77 77

 73 75 77

 73 77 72

 72 74 75

 72 75 73

 74 73 75

 74 75 75

 48 55 78

 48 78 64

 68 87 55

 68 55 48

 87 40 88

 87 88 55

 23 1 18

 23 18 34

 23 18 1

 23 1 23

 18 11 18

 18 18 1

 81 89 80

 81 80 73

 73 80 89

 73 89 81

 80 77 81

 80 81 89

 13 5 6

 13 6 55

 16 25 5

 16 5 13

 25 55 0

 25 0 5

 40 40 40

 40 40 40

 40 40 40

 40 40 40

 40 40 40

 40 40 40

 32 20 70

 32 70 70

 0 6 20

 0 20 32

 6 17 20

 6 20 20

 3 14 70

 3 70 70

 7 2 14

 7 14 3

 2 13 14

 2 14 14

 18 20 70

 18 70 70

 17 6 20

 17 20 18

 6 9 32

 6 32 20

 5 13 88

 5 88 40

 34 47 13

 34 13 5

 47 43 5

 47 5 13

 14 24 70

 14 70 70

 13 7 24

 13 24 14

 7 6 1

 7 1 24

 1 11 70

 1 70 70

 13 13 11

 13 11 1

 13 17 18

 13 18 11

 13 17 48

 13 48 64

 34 33 17

 34 17 13

 33 34 7

 33 7 17

 1 24 70

 1 70 70

 6 5 24

 6 24 1

 5 13 1

 5 1 24

 31 12 70

 31 70 70

 49 2 12

 49 12 31

 2 13 1

 2 1 12

 1 1 70

 1 70 70

 13 7 1

 13 1 1

 7 2 4

 7 4 1

 4 6 70

 4 70 70

 2 2 6

 2 6 4

 2 16 3

 2 3 6

 22 18 70

 22 70 70

 31 25 18

 31 18 22

 25 3 27

 25 27 18

 25 11 70

 25 70 70

 66 2 11

 66 11 25

 2 17 1

 2 1 11

 1 20 70

 1 70 70

 17 13 20

 17 20 1

 13 3 27

 13 27 20

 9 3 70

 9 70 70

 26 5 3

 26 3 9

 5 5 3

 5 3 3

 7 13 87

 7 87 68

 34 33 13

 34 13 7

 33 34 5

 33 5 13

 1 11 70

 1 70 70

 10 6 11

 10 11 1

 6 0 20

 6 20 11

 23 19 46

 23 46 32

 6 25 19

 6 19 23

 25 3 33

 25 33 19

 33 22 46

 33 46 63

 1 6 22

 1 22 33

 6 6 20

 6 20 22

 31 1 70

 31 70 70

 83 13 1

 83 1 31

 13 2 1

 13 1 1

 63 63 74

 63 74 72

 9 17 63

 9 63 63

 17 3 52

 17 52 63

 24 1 70

 24 70 70

 9 6 1

 9 1 24

 6 83 9

 6 9 1

 1 20 70

 1 70 70

 2 6 20

 2 20 1

 6 3 32

 6 32 20

 71 47 74

 71 74 72

 3 17 47

 3 47 71

 17 12 47

 17 47 47

 12 14 70

 12 70 70

 10 17 14

 10 14 12

 17 0 23

 17 23 14

 14 11 70

 14 70 70

 31 13 11

 31 11 14

 13 16 17

 13 17 11

 34 24 70

 34 70 70

 9 0 24

 9 24 34

 0 26 11

 0 11 24

 18 3 70

 18 70 70

 0 6 3

 0 3 18

 6 16 31

 6 31 3

 27 11 70

 27 70 70

 0 6 11

 0 11 27

 6 5 14

 6 14 11

 3 9 70

 3 70 70

 50 13 9

 50 9 3

 13 13 4

 13 4 9

 34 12 70

 34 70 70

 0 25 12

 0 12 34

 25 83 31

 25 31 12

 4 23 70

 4 70 70

 13 17 23

 13 23 4

 17 9 32

 17 32 23

 4 23 70

 4 70 70

 13 6 23

 13 23 4

 6 9 22

 6 22 23

 20 14 70

 20 70 70

 15 13 14

 15 14 20

 13 7 11

 13 11 14

 43 45 63

 43 63 73

 14 25 45

 14 45 43

 25 12 45

 25 45 45

 11 18 70

 11 70 70

 25 11 18

 25 18 11

 11 11 53

 11 53 18

 6 12 70

 6 70 70

 90 15 12

 90 12 6

 15 25 11

 15 11 12

 22 14 70

 22 70 70

 0 17 14

 0 14 22

 17 13 4

 17 4 14

 4 0 70

 4 70 70

 13 5 0

 13 0 4

 5 8 5

 5 5 0

 15 9 70

 15 70 70

 83 13 9

 83 9 15

 13 10 12

 13 12 9

 12 4 70

 12 70 70

 10 13 4

 10 4 12

 13 15 20

 13 20 4

 44 11 70

 44 70 70

 9 0 11

 9 11 44

 0 10 24

 0 24 11

 9 3 70

 9 70 70

 7 10 3

 7 3 9

 10 48 13

 10 13 3

 20 20 70

 20 70 70

 15 15 20

 15 20 20

 15 12 27

 15 27 20

 13 9 70

 13 70 70

 48 5 9

 48 9 13

 5 10 1

 5 1 9

 9 9 70

 9 70 70

 26 2 9

 26 9 9

 2 10 3

 2 3 9

 3 11 70

 3 70 70

 49 25 11

 49 11 3

 25 9 32

 25 32 11

 9 3 70

 9 70 70

 26 7 3

 26 3 9

 7 66 6

 7 6 3

 14 3 70

 14 70 70

 13 13 3

 13 3 14

 13 26 9

 13 9 3

 85 85 70

 85 70 70

 25 9 85

 25 85 85

 9 1 86

 9 86 85

 20 1 70

 20 70 70

 6 7 1

 6 1 20

 7 13 14

 7 14 1

 84 85 70

 84 70 70

 25 6 85

 25 85 84

 6 25 85

 6 85 85

 19 23 70

 19 70 70

 25 6 23

 25 23 19

 6 0 34

 6 34 23

 27 20 70

 27 70 70

 9 13 20

 9 20 27

 13 6 20

 13 20 20

 25 23 70

 25 70 70

 16 26 23

 16 23 25

 26 25 84

 26 84 23

 3 14 70

 3 70 70

 49 25 14

 49 14 3

 25 0 32

 25 32 14

 47 45 81

 47 81 72

 3 7 45

 3 45 47

 7 1 46

 7 46 45

 12 14 70

 12 70 70

 5 6 14

 5 14 12

 6 6 18

 6 18 14

 46 45 75

 46 75 80

 12 13 45

 12 45 46

 13 3 52

 13 52 45

 45 22 70

 45 70 70

 4 6 22

 4 22 45

 6 15 1

 6 1 22

 3 1 70

 3 70 70

 83 31 1

 83 1 3

 31 9 34

 31 34 1

 18 18 70

 18 70 70

 3 17 18

 3 18 18

 17 7 9

 17 9 18

 12 20 70

 12 70 70

 7 6 20

 7 20 12

 6 9 22

 6 22 20

 9 3 70

 9 70 70

 2 2 3

 2 3 9

 2 49 9

 2 9 3

 20 31 6

 20 6 8

 34 43 31

 34 31 20

 43 34 9

 43 9 31

 11 4 70

 11 70 70

 13 13 4

 13 4 11

 13 2 9

 13 9 4

 12 4 70

 12 70 70

 7 5 4

 7 4 12

 5 13 11

 5 11 4

 7 3 70

 7 70 70

 48 26 3

 48 3 7

 26 7 12

 26 12 3

 12 14 70

 12 70 70

 5 15 14

 5 14 12

 15 3 23

 15 23 14

 40 40 40

 40 40 40

 37 40 40

 37 40 40

 40 39 40

 40 40 40

 27 20 70

 27 70 70

 3 6 20

 3 20 27

 6 15 20

 6 20 20

 17 31 70

 17 70 70

 48 5 31

 48 31 17

 5 26 9

 5 9 31

 25 9 70

 25 70 70

 66 2 9

 66 9 25

 2 10 1

 2 1 9

 12 9 70

 12 70 70

 5 5 9

 5 9 12

 5 48 6

 5 6 9

 9 1 70

 9 70 70

 28 17 1

 28 1 9

 17 7 11

 17 11 1

 1 12 70

 1 70 70

 10 7 12

 10 12 1

 7 17 23

 7 23 12

 12 4 70

 12 70 70

 7 2 4

 7 4 12

 2 5 12

 2 12 4

 3 9 70

 3 70 70

 26 13 9

 26 9 3

 13 50 6

 13 6 9

 22 19 70

 22 70 70

 31 13 19

 31 19 22

 13 12 27

 13 27 19

 11 23 70

 11 70 70

 7 13 23

 7 23 11

 13 3 19

 13 19 23

 23 24 70

 23 70 70

 17 6 24

 17 24 23

 6 0 27

 6 27 24

 20 9 70

 20 70 70

 90 13 9

 90 9 20

 13 7 12

 13 12 9

 22 19 70

 22 70 70

 12 13 19

 12 19 22

 13 31 22

 13 22 19

 3 3 70

 3 70 70

 4 7 3

 4 3 3

 7 6 83

 7 83 3

 52 52 72

 52 72 72

 1 31 52

 1 52 52

 31 1 52

 31 52 52

 53 19 70

 53 70 70

 0 0 19

 0 19 53

 0 15 20

 0 20 19

 20 11 70

 20 70 70

 15 2 11

 15 11 20

 2 26 0

 2 0 11

 0 6 70

 0 70 70

 26 7 6

 26 6 0

 7 60 13

 7 13 6

 24 20 70

 24 70 70

 0 6 20

 0 20 24

 6 2 12

 6 12 20

 32 19 18

 32 18 20

 22 18 19

 22 19 32

 18 20 23

 18 23 19

 44 18 70

 44 70 70

 12 6 18

 12 18 44

 6 15 23

 6 23 18

 1 11 70

 1 70 70

 13 5 11

 13 11 1

 5 7 9

 5 9 11

 23 11 70

 23 70 70

 15 13 11

 15 11 23

 13 13 4

 13 4 11

 52 34 81

 52 81 63

 12 9 34

 12 34 52

 9 11 47

 9 47 34

 3 3 70

 3 70 70

 10 7 3

 10 3 3

 7 28 6

 7 6 3

 4 11 70

 4 70 70

 13 2 11

 13 11 4

 2 7 14

 2 14 11

 14 1 70

 14 70 70

 7 13 1

 7 1 14

 13 13 4

 13 4 1

 4 14 70

 4 70 70

 13 5 14

 13 14 4

 5 13 1

 5 1 14

 1 11 70

 1 70 70

 13 7 11

 13 11 1

 7 15 4

 7 4 11

 23 23 70

 23 70 70

 13 6 23

 13 23 23

 6 1 45

 6 45 23

 4 24 70

 4 70 70

 15 13 24

 15 24 4

 13 17 24

 13 24 24

 24 18 70

 24 70 70

 17 6 18

 17 18 24

 6 9 27

 6 27 18

 1 3 70

 1 70 70

 10 2 3

 10 3 1

 2 5 12

 2 12 3

 20 14 70

 20 70 70

 31 17 14

 31 14 20

 17 26 0

 17 0 14

 34 81 72

 34 72 77

 20 20 81

 20 81 34

 20 19 63

 20 63 81

 6 12 70

 6 70 70

 16 2 12

 16 12 6

 2 10 3

 2 3 12

 52 33 23

 52 23 34

 44 44 33

 44 33 52

 44 18 14

 44 14 33

 23 14 70

 23 70 70

 9 13 14

 9 14 23

 13 2 1

 13 1 14

 9 3 70

 9 70 70

 2 7 3

 2 3 9

 7 66 25

 7 25 3

 40 40 40

 40 40 40

 40 40 40

 40 40 40

 40 40 40

 40 40 40

 11 1 70

 11 70 70

 13 7 1

 13 1 11

 7 2 9

 7 9 1

 14 1 70

 14 70 70

 13 13 1

 13 1 14

 13 13 11

 13 11 1

 52 71 77

 52 77 81

 3 15 71

 3 71 52

 15 3 46

 15 46 71

 22 19 70

 22 70 70

 9 13 19

 9 19 22

 13 25 19

 13 19 19

 19 4 70

 19 70 70

 6 13 4

 6 4 19

 13 13 14

 13 14 4

 1 11 70

 1 70 70

 15 5 11

 15 11 1

 5 28 17

 5 17 11

 27 23 70

 27 70 70

 1 6 23

 1 23 27

 6 6 19

 6 19 23

 25 11 70

 25 70 70

 28 13 11

 28 11 25

 13 9 23

 13 23 11

 6 9 25

 6 25 16

 32 45 9

 32 9 6

 45 19 14

 45 14 9

 25 4 70

 25 70 70

 49 13 4

 49 4 25

 13 9 24

 13 24 4

 2 25 70

 2 70 70

 55 21 25

 55 25 2

 21 10 3

 21 3 25

 52 33 81

 52 81 77

 12 0 33

 12 33 52

 0 1 47

 0 47 33

 11 12 70

 11 70 70

 7 13 12

 7 12 11

 13 26 3

 13 3 12

 3 1 70

 3 70 70

 10 2 1

 10 1 3

 2 5 3

 2 3 1

 33 62 81

 33 81 73

 24 6 62

 24 62 33

 6 4 47

 6 47 62

 11 23 70

 11 70 70

 13 15 23

 13 23 11

 15 3 34

 15 34 23

 3 11 70

 3 70 70

 5 6 11

 5 11 3

 6 6 23

 6 23 11

 3 3 70

 3 70 70

 5 5 3

 5 3 3

 5 28 25

 5 25 3

 0 4 70

 0 70 70

 28 15 4

 28 4 0

 15 13 11

 15 11 4

 6 3 70

 6 70 70

 66 2 3

 66 3 6

 2 15 1

 2 1 3

 18 24 70

 18 70 70

 24 31 24

 24 24 18

 31 83 0

 31 0 24

 1 3 70

 1 70 70

 10 13 3

 10 3 1

 13 16 31

 13 31 3

 25 24 70

 25 70 70

 16 17 24

 16 24 25

 17 3 27

 17 27 24

 1 20 70

 1 70 70

 15 17 20

 15 20 1

 17 12 19

 17 19 20

 11 11 70

 11 70 70

 13 13 11

 13 11 11

 13 10 1

 13 1 11

 12 11 70

 12 70 70

 5 13 11

 5 11 12

 13 13 11

 13 11 11

 1 0 70

 1 70 70

 10 17 0

 10 0 1

 17 48 6

 17 6 0

 17 0 70

 17 70 70

 8 7 0

 8 0 17

 7 5 12

 7 12 0

 23 24 70

 23 70 70

 0 0 24

 0 24 23

 0 2 14

 0 14 24

 63 52 77

 63 77 72

 1 17 52

 1 52 63

 17 3 52

 17 52 52

 6 11 70

 6 70 70

 28 13 11

 28 11 6

 13 0 23

 13 23 11

 11 11 70

 11 70 70

 7 2 11

 7 11 11

 2 13 1

 2 1 11

 0 1 70

 0 70 70

 83 6 1

 83 1 0

 6 10 11

 6 11 1

 11 23 70

 11 70 70

 10 6 23

 10 23 11

 6 12 43

 6 43 23

 52 63 77

 52 77 72

 4 6 63

 4 63 52

 6 1 63

 6 63 63

 22 14 70

 22 70 70

 0 6 14

 0 14 22

 6 2 20

 6 20 14

 52 63 77

 52 77 72

 3 13 63

 3 63 52

 13 1 52

 13 52 63

 33 44 73

 33 73 73

 1 0 44

 1 44 33

 0 4 52

 0 52 44

 23 1 18

 23 18 23

 20 23 1

 20 1 23

 23 23 32

 23 32 1

 20 0 70

 20 70 70

 2 13 0

 2 0 20

 13 16 25

 13 25 0

 3 4 70

 3 70 70

 10 13 4

 10 4 3

 13 5 1

 13 1 4

 14 11 70

 14 70 70

 9 17 11

 9 11 14

 17 5 3

 17 3 11

 34 24 70

 34 70 70

 3 31 24

 3 24 34

 31 10 11

 31 11 24

 47 52 80

 47 80 74

 1 31 52

 1 52 47

 31 24 33

 31 33 52

 1 11 70

 1 70 70

 13 13 11

 13 11 1

 13 13 23

 13 23 11

 27 11 70

 27 70 70

 9 17 11

 9 11 27

 17 66 6

 17 6 11

 17 24 70

 17 70 70

 28 17 24

 28 24 17

 17 9 22

 17 22 24

 25 24 70

 25 70 70

 28 15 24

 28 24 25

 15 3 22

 15 22 24

 9 12 70

 9 70 70

 28 13 12

 28 12 9

 13 10 1

 13 1 12

 45 33 80

 45 80 82

 24 5 33

 24 33 45

 5 3 52

 5 52 33

 63 47 33

 63 33 73

 19 27 47

 19 47 63

 27 44 52

 27 52 47

 46 43 46

 46 46 74

 3 13 43

 3 43 46

 13 9 45

 13 45 43

 12 0 70

 12 70 70

 5 26 0

 5 0 12

 26 55 2

 26 2 0

 23 24 70

 23 70 70

 9 17 24

 9 24 23

 17 5 4

 17 4 24

 4 20 70

 4 70 70

 5 17 20

 5 20 4

 17 1 27

 17 27 20

 45 62 71

 45 71 82

 9 7 62

 9 62 45

 7 24 45

 7 45 62

 22 24 70

 22 70 70

 9 17 24

 9 24 22

 17 10 11

 17 11 24

 14 14 70

 14 70 70

 2 31 14

 2 14 14

 31 31 20

 31 20 14

 43 32 70

 43 70 70

 12 6 32

 12 32 43

 6 17 20

 6 20 32

 12 20 70

 12 70 70

 5 6 20

 5 20 12

 6 9 22

 6 22 20

 24 4 70

 24 70 70

 9 13 4

 9 4 24

 13 5 12

 13 12 4

 0 12 70

 0 70 70

 7 10 12

 7 12 0

 10 7 11

 10 11 12

 11 14 70

 11 70 70

 10 0 14

 10 14 11

 0 9 23

 0 23 14

 52 34 72

 52 72 71

 4 0 34

 4 34 52

 0 12 52

 0 52 34

 20 11 70

 20 70 70

 25 2 11

 25 11 20

 2 28 6

 2 6 11

 6 1 70

 6 70 70

 28 7 1

 28 1 6

 7 9 14

 7 14 1

 47 44 80

 47 80 71

 11 31 44

 11 44 47

 31 1 33

 31 33 44

 1 14 70

 1 70 70

 2 15 14

 2 14 1

 15 25 20

 15 20 14

 12 11 70

 12 70 70

 2 2 11

 2 11 12

 2 2 1

 2 1 11

 0 1 70

 0 70 70

 21 2 1

 21 1 0

 2 2 12

 2 12 1

 12 23 70

 12 70 70

 2 25 23

 2 23 12

 25 0 22

 25 22 23

 32 24 18

 32 18 11

 23 32 24

 23 24 32

 32 22 32

 32 32 24

 22 20 70

 22 70 70

 3 17 20

 3 20 22

 17 13 20

 17 20 20

 6 31 70

 6 70 70

 48 7 31

 48 31 6

 7 21 0

 7 0 31

 23 23 23

 23 23 34

 20 24 23

 20 23 23

 24 20 23

 24 23 23

 20 11 70

 20 70 70

 13 6 11

 13 11 20

 6 7 23

 6 23 11

 52 52 72

 52 72 72

 1 17 52

 1 52 52

 17 4 52

 17 52 52

 23 11 70

 23 70 70

 15 13 11

 15 11 23

 13 7 11

 13 11 11

 23 20 70

 23 70 70

 7 6 20

 7 20 23

 6 9 27

 6 27 20

 83 17 70

 83 70 70

 6 9 17

 6 17 83

 9 12 13

 9 13 17

 13 3 70

 13 70 70

 12 6 3

 12 3 13

 6 24 18

 6 18 3

 1 11 70

 1 70 70

 5 13 11

 5 11 1

 13 17 20

 13 20 11

 9 25 70

 9 70 70

 5 5 25

 5 25 9

 5 8 17

 5 17 25

 13 6 70

 13 70 70

 60 7 6

 60 6 13

 7 28 9

 7 9 6

 31 24 70

 31 70 70

 16 17 24

 16 24 31

 17 12 22

 17 22 24

 47 53 80

 47 80 73

 4 0 53

 4 53 47

 0 12 52

 0 52 53

 27 24 70

 27 70 70

 12 17 24

 12 24 27

 17 28 0

 17 0 24

 27 23 70

 27 70 70

 3 13 23

 3 23 27

 13 13 4

 13 4 23

 4 0 70

 4 70 70

 13 2 0

 13 0 4

 2 48 17

 2 17 0

 23 3 70

 23 70 70

 6 15 3

 6 3 23

 15 28 9

 15 9 3

 0 12 70

 0 70 70

 26 2 12

 26 12 0

 2 10 3

 2 3 12

 40 40 40

 40 40 40

 40 40 40

 40 40 40

 40 37 40

 40 40 40

 40 40 40

 40 40 40

 39 40 40

 39 40 40

 40 40 40

 40 40 40

 14 15 0

 14 0 55

 19 53 15

 19 15 14

 53 34 20

 53 20 15

 14 1 14

 14 14 12

 18 14 1

 18 1 14

 14 20 34

 14 34 1

 9 12 13

 9 13 55

 34 45 12

 34 12 9

 45 32 6

 45 6 12

 1 23 70

 1 70 70

 2 6 23

 2 23 1

 6 3 27

 6 27 23

 20 24 70

 20 70 70

 9 6 24

 9 24 20

 6 13 1

 6 1 24

 23 11 70

 23 70 70

 3 13 11

 3 11 23

 13 16 6

 13 6 11

 20 27 70

 20 70 70

 17 6 27

 17 27 20

 6 3 18

 6 18 27

 19 11 70

 19 70 70

 12 15 11

 12 11 19

 15 66 25

 15 25 11

 4 1 70

 4 70 70

 15 13 1

 15 1 4

 13 28 25

 13 25 1

 22 20 70

 22 70 70

 9 13 20

 9 20 22

 13 15 4

 13 4 20

 46 45 81

 46 81 80

 1 2 45

 1 45 46

 2 12 46

 2 46 45

 11 9 70

 11 70 70

 10 6 9

 10 9 11

 6 83 3

 6 3 9

 18 19 70

 18 70 70

 6 0 19

 6 19 18

 0 0 53

 0 53 19

 25 1 70

 25 70 70

 66 17 1

 66 1 25

 17 9 27

 17 27 1

 3 0 70

 3 70 70

 26 2 0

 26 0 3

 2 49 25

 2 25 0

 32 23 70

 32 70 70

 0 6 23

 0 23 32

 6 15 23

 6 23 23

 45 19 70

 45 70 70

 1 15 19

 1 19 45

 15 2 11

 15 11 19

 3 11 70

 3 70 70

 10 17 11

 10 11 3

 17 7 18

 17 18 11

 11 12 70

 11 70 70

 2 17 12

 2 12 11

 17 49 3

 17 3 12

 86 79 70

 86 70 70

 1 1 79

 1 79 86

 1 90 20

 1 20 79

 5 0 70

 5 70 70

 8 26 0

 8 0 5

 26 7 0

 26 0 0

 6 0 70

 6 70 70

 48 2 0

 48 0 6

 2 10 12

 2 12 0

 27 23 70

 27 70 70

 9 31 23

 9 23 27

 31 5 12

 31 12 23

 14 14 70

 14 70 70

 5 25 14

 5 14 14

 25 4 3

 25 3 14

 24 11 70

 24 70 70

 10 25 11

 10 11 24

 25 0 24

 25 24 11

 1 18 70

 1 70 70

 13 15 18

 13 18 1

 15 12 44

 15 44 18

 20 24 70

 20 70 70

 17 6 24

 17 24 20

 6 0 34

 6 34 24

 0 1 70

 0 70 70

 5 10 1

 5 1 0

 10 5 9

 10 9 1

 53 22 70

 53 70 70

 11 25 22

 11 22 53

 25 6 18

 25 18 22

 52 63 77

 52 77 72

 1 6 63

 1 63 52

 6 9 63

 6 63 63

 52 63 77

 52 77 72

 3 15 63

 3 63 52

 15 1 52

 15 52 63

 22 23 70

 22 70 70

 9 25 23

 9 23 22

 25 5 12

 25 12 23

 18 24 70

 18 70 70

 7 6 24

 7 24 18

 6 9 34

 6 34 24

 27 14 70

 27 70 70

 0 6 14

 0 14 27

 6 83 15

 6 15 14

 23 11 70

 23 70 70

 0 17 11

 0 11 23

 17 16 25

 17 25 11

 19 11 70

 19 70 70

 3 13 11

 3 11 19

 13 83 31

 13 31 11

 4 12 70

 4 70 70

 2 13 12

 2 12 4

 13 26 3

 13 3 12

 6 1 70

 6 70 70

 50 15 1

 50 1 6

 15 31 14

 15 14 1

 9 23 70

 9 70 70

 7 17 23

 7 23 9

 17 9 24

 17 24 23

 12 3 70

 12 70 70

 10 7 3

 10 3 12

 7 26 3

 7 3 3

 3 9 70

 3 70 70

 5 5 9

 5 9 3

 5 48 7

 5 7 9

 3 9 70

 3 70 70

 26 15 9

 26 9 3

 15 49 3

 15 3 9

 33 34 71

 33 71 62

 3 25 34

 3 34 33

 25 1 33

 25 33 34

 18 12 70

 18 70 70

 6 6 12

 6 12 18

 6 50 3

 6 3 12

 31 12 70

 31 70 70

 16 13 12

 16 12 31

 13 13 1

 13 1 12

 23 18 70

 23 70 70

 6 17 18

 6 18 23

 17 3 32

 17 32 18

 27 20 70

 27 70 70

 3 6 20

 3 20 27

 6 7 12

 6 12 20

 14 20 70

 14 70 70

 13 13 20

 13 20 14

 13 6 23

 13 23 20

 34 18 70

 34 70 70

 9 0 18

 9 18 34

 0 31 22

 0 22 18

 9 1 70

 9 70 70

 49 6 1

 49 1 9

 6 0 32

 6 32 1

 6 12 70

 6 70 70

 16 5 12

 16 12 6

 5 10 3

 5 3 12

 1 1 70

 1 70 70

 10 13 1

 10 1 1

 13 13 14

 13 14 1

 32 14 70

 32 70 70

 9 6 14

 9 14 32

 6 90 6

 6 6 14

 33 18 70

 33 70 70

 9 3 18

 9 18 33

 3 9 20

 3 20 18

 3 12 70

 3 70 70

 10 13 12

 10 12 3

 13 7 20

 13 20 12

 13 3 70

 13 70 70

 48 5 3

 48 3 13

 5 10 1

 5 1 3

 20 11 70

 20 70 70

 7 17 11

 7 11 20

 17 17 23

 17 23 11

 23 22 70

 23 70 70

 17 6 22

 17 22 23

 6 4 45

 6 45 22

 5 13 78

 5 78 40

 43 46 13

 43 13 5

 46 34 13

 46 13 13

 52 44 72

 52 72 80

 3 15 44

 3 44 52

 15 3 47

 15 47 44

 27 14 70

 27 70 70

 12 17 14

 12 14 27

 17 10 1

 17 1 14

 12 12 70

 12 70 70

 21 2 12

 21 12 12

 2 2 4

 2 4 12

 11 14 70

 11 70 70

 26 17 14

 26 14 11

 17 31 27

 17 27 14

 34 14 70

 34 70 70

 0 0 14

 0 14 34

 0 5 12

 0 12 14

 13 9 70

 13 70 70

 90 5 9

 90 9 13

 5 13 14

 5 14 9

 32 23 70

 32 70 70

 3 25 23

 3 23 32

 25 10 12

 25 12 23

 32 20 70

 32 70 70

 9 6 20

 9 20 32

 6 13 11

 6 11 20

 14 20 70

 14 70 70

 13 6 20

 13 20 14

 6 0 27

 6 27 20

 11 31 70

 11 70 70

 13 10 31

 13 31 11

 10 55 13

 10 13 31

 46 47 77

 46 77 74

 12 15 47

 12 47 46

 15 1 62

 15 62 47

 45 22 53

 45 53 71

 12 6 22

 12 22 45

 6 6 23

 6 23 22

 20 27 44

 20 44 34

 6 6 27

 6 27 20

 6 14 43

 6 43 27

 6 24 70

 6 70 70

 66 6 24

 66 24 6

 6 31 22

 6 22 24

 33 32 70

 33 70 70

 1 25 32

 1 32 33

 25 9 44

 25 44 32

 32 11 70

 32 70 70

 9 13 11

 9 11 32

 13 66 25

 13 25 11

 3 3 70

 3 70 70

 16 15 3

 16 3 3

 15 0 18

 15 18 3

 20 9 70

 20 70 70

 13 5 9

 13 9 20

 5 48 13

 5 13 9

 22 24 70

 22 70 70

 31 6 24

 31 24 22

 6 13 20

 6 20 24

 19 23 70

 19 70 70

 9 0 23

 9 23 19

 0 3 32

 0 32 23

 3 0 70

 3 70 70

 26 5 0

 26 0 3

 5 90 13

 5 13 0

 14 23 70

 14 70 70

 7 9 23

 7 23 14

 9 9 19

 9 19 23

 27 18 70

 27 70 70

 18 9 18

 18 18 27

 9 7 14

 9 14 18

 12 14 70

 12 70 70

 5 31 14

 5 14 12

 31 0 22

 31 22 14

 44 32 70

 44 70 70

 27 27 32

 27 32 44

 27 18 27

 27 27 32

 31 0 70

 31 70 70

 83 5 0

 83 0 31

 5 26 9

 5 9 0

 20 11 70

 20 70 70

 0 15 11

 0 11 20

 15 21 31

 15 31 11

 9 0 70

 9 70 70

 83 13 0

 83 0 9

 13 13 4

 13 4 0

 34 76 70

 34 70 70

 23 34 76

 23 76 34

 34 27 44

 34 44 76

 13 0 70

 13 70 70

 55 26 0

 55 0 13

 26 5 0

 26 0 0

 2 6 70

 2 70 70

 8 7 6

 8 6 2

 7 21 12

 7 12 6

 27 22 70

 27 70 70

 31 0 22

 31 22 27

 0 23 34

 0 34 22

 12 18 70

 12 70 70

 7 17 18

 7 18 12

 17 1 33

 17 33 18

 47 47 75

 47 75 73

 12 6 47

 12 47 47

 6 12 46

 6 46 47

 17 12 70

 17 70 70

 16 2 12

 16 12 17

 2 7 12

 2 12 12

 62 52 73

 62 73 72

 1 17 52

 1 52 62

 17 3 71

 17 71 52

 27 11 70

 27 70 70

 3 13 11

 3 11 27

 13 66 17

 13 17 11

 17 3 70

 17 70 70

 66 2 3

 66 3 17

 2 2 3

 2 3 3

 11 1 70

 11 70 70

 7 7 1

 7 1 11

 7 26 3

 7 3 1

 32 14 70

 32 70 70

 3 17 14

 3 14 32

 17 49 31

 17 31 14

 3 12 70

 3 70 70

 2 5 12

 2 12 3

 5 5 0

 5 0 12

 23 20 70

 23 70 70

 17 6 20

 17 20 23

 6 9 33

 6 33 20

 0 0 70

 0 70 70

 5 2 0

 5 0 0

 2 8 2

 2 2 0

 32 14 70

 32 70 70

 3 15 14

 3 14 32

 15 16 6

 15 6 14

 20 24 70

 20 70 70

 17 13 24

 17 24 20

 13 17 23

 13 23 24

 31 12 70

 31 70 70

 21 10 12

 21 12 31

 10 7 3

 10 3 12

 4 6 0

 4 0 40

 21 7 6

 21 6 4

 7 48 17

 7 17 6

 7 3 48

 2 2 4

 2 4 9

 2 21 4

 2 4 4

 48 9 48

 2 2 3

 2 3 4

 2 2 9

 2 9 3

 11 1 22

 11 22 20

 25 15 1

 25 1 11

 15 2 4

 15 4 1

 13 9 4

 13 4 0

 28 2 9

 28 9 13

 2 25 11

 2 11 9

 40 40 37

 40 37 40

 40 0 40

 40 40 40

 0 10 13

 0 13 40

 48 9 4

 4 16 4

 16 4 40

 56 40 40

 56 40 40

 56 40 66

 18 20 18

 18 18 23

 20 22 20

 20 20 18

 22 67 40

 22 40 20

 14 24 20

 14 20 20

 0 4 24

 0 24 14

 4 20 18

 4 18 24

 31 9 11

 31 11 31

 2 0 9

 2 9 31

 0 0 14

 0 14 9

 68 6 7

 68 7 26

 40 37 6

 40 6 68

 37 28 7

 37 7 6

 40 40 2

 40 2 15

 40 40 40

 40 40 40

 40 40 68

 40 68 40

 24 67 0

 24 0 0

 69 40 67

 69 67 24

 40 40 40

 40 40 67

 23 20 14

 23 14 23

 23 18 20

 23 20 23

 18 69 24

 18 24 20

 23 19 23

 23 23 19

 20 20 19

 20 19 23

 20 23 23

 20 23 19

 11 23 22

 11 22 20

 31 11 23

 31 23 11

 11 20 23

 11 23 23

 2 31 11

 2 11 10

 26 17 31

 26 31 2

 17 31 11

 17 11 31

 18 1 20

 18 20 23

 23 14 1

 23 1 18

 14 0 0

 14 0 1

 18 23 23

 18 23 23

 19 23 23

 19 23 18

 23 23 18

 23 18 23

 27 20 18

 27 18 24

 20 22 20

 20 20 27

 22 19 18

 22 18 20

 17 3 20

 17 20 7

 10 11 3

 10 3 17

 11 20 27

 11 27 3

 12 9 4

 12 4 18

 7 13 9

 7 9 12

 13 90 1

 13 1 9

 12 4 20

 12 20 18

 5 2 4

 5 4 12

 2 7 12

 2 12 4

 2 6 11

 2 11 10

 48 5 6

 48 6 2

 5 5 12

 5 12 6

 18 1 19

 18 19 19

 23 20 1

 23 1 18

 20 6 25

 20 25 1

 23 18 19

 23 19 22

 23 23 18

 23 18 23

 23 23 18

 23 18 18

 18 23 18

 18 18 18

 24 18 23

 24 23 18

 18 23 23

 18 23 23

 6 3 24

 6 24 9

 7 20 3

 7 3 6

 20 24 18

 20 18 3

 11 25 22

 11 22 19

 25 26 25

 25 25 11

 26 16 17

 26 17 25

 11 11 23

 11 23 53

 25 6 11

 25 11 11

 6 25 11

 6 11 11

 24 12 18

 24 18 20

 1 9 12

 1 12 24

 9 25 11

 9 11 12

 23 18 19

 23 19 18

 18 4 18

 18 18 23

 4 1 24

 4 24 18

 19 20 19

 19 19 24

 18 20 20

 18 20 19

 20 18 23

 20 23 20

 7 12 1

 7 1 26

 10 11 12

 10 12 7

 11 18 19

 11 19 12

 20 31 14

 20 14 18

 25 15 31

 25 31 20

 15 90 6

 15 6 31

 24 14 24

 24 24 3

 11 11 14

 11 14 24

 11 25 20

 11 20 14

 19 19 3

 19 3 4

 19 19 19

 19 19 19

 19 11 24

 19 24 19

 22 27 22

 22 22 34

 22 19 27

 22 27 22

 19 19 19

 19 19 27

 18 19 22

 18 22 18

 18 18 19

 18 19 18

 18 22 22

 18 22 19

 24 18 18

 24 18 18

 9 24 18

 9 18 24

 24 18 18

 24 18 18

 17 0 4

 17 4 31

 26 0 0

 26 0 17

 0 9 24

 0 24 0

 23 3 14

 23 14 22

 0 17 3

 0 3 23

 17 10 25

 17 25 3

 0 23 34

 0 34 0

 19 22 23

 19 23 0

 22 0 23

 22 23 23

 12 20 66

 12 66 20

 53 23 20

 53 20 12

 23 19 0

 23 0 20

 18 45 18

 18 18 22

 20 18 45

 20 45 18

 18 53 12

 18 12 45

 24 23 24

 24 24 0

 18 19 23

 18 23 24

 19 20 18

 19 18 23

 11 1 6

 11 6 13

 24 19 1

 24 1 11

 19 18 24

 19 24 1

 5 6 5

 5 5 90

 26 1 6

 26 6 5

 1 24 11

 1 11 6

 1 12 11

 1 11 23

 13 2 12

 13 12 1

 2 49 17

 2 17 12

 11 11 20

 11 20 18

 17 13 11

 17 11 11

 13 13 1

 13 1 11

 14 1 23

 14 23 23

 9 6 1

 9 1 14

 6 17 11

 6 11 1

 22 18 19

 22 19 32

 18 14 18

 18 18 22

 14 9 14

 14 14 18

 0 23 34

 0 34 23

 3 24 23

 3 23 0

 24 18 22

 24 22 23

 31 13 0

 31 0 0

 4 3 13

 4 13 31

 3 3 0

 3 0 13

 45 32 27

 45 27 34

 34 22 32

 34 32 45

 22 4 31

 22 31 32

 22 34 22

 22 22 32

 18 22 34

 18 34 22

 22 34 45

 22 45 34

 23 19 22

 23 22 18

 18 18 19

 18 19 23

 18 18 22

 18 22 19

 6 23 24

 6 24 11

 31 4 23

 31 23 6

 4 18 23

 4 23 23

 45 20 27

 45 27 33

 23 0 20

 23 20 45

 0 31 6

 0 6 20

 32 22 43

 32 43 18

 27 34 22

 27 22 32

 34 23 45

 34 45 22

 32 22 19

 32 19 34

 18 27 22

 18 22 32

 27 27 32

 27 32 22

 25 11 18

 25 18 9

 7 9 11

 7 11 25

 9 18 32

 9 32 11

 23 1 23

 23 23 23

 9 7 25

 9 25 1

 14 12 19

 14 19 19

 3 0 12

 3 12 14

 0 9 23

 0 23 12

 22 23 20

 22 20 34

 22 14 23

 22 23 22

 14 3 14

 14 14 23

 5 43 24

 5 24 18

 0 34 43

 0 43 5

 34 22 22

 34 22 43

 31 1 14

 31 14 22

 20 66 1

 20 1 31

 66 0 5

 66 5 1

 23 19 18

 23 18 4

 22 18 19

 22 19 23

 18 20 31

 18 31 19

 6 3 25

 6 25 5

 0 24 3

 0 3 6

 24 22 23

 24 23 3

 4 0 4

 4 4 23

 10 5 0

 10 0 4

 5 48 10

 5 10 0

 1 4 23

 1 23 19

 13 13 4

 13 4 1

 13 10 4

 13 4 4

 12 11 20

 12 20 22

 6 13 11

 6 11 12

 13 13 1

 13 1 11

 11 4 18

 11 18 22

 3 17 4

 3 4 11

 17 6 12

 17 12 4

 20 23 18

 20 18 22

 23 11 23

 23 23 20

 11 3 11

 11 11 23

 18 23 19

 18 19 22

 18 20 23

 18 23 18

 20 23 20

 20 20 23

 18 23 19

 18 19 19

 23 23 23

 23 23 18

 23 18 18

 23 18 23

 19 23 20

 19 20 20

 32 19 23

 32 23 19

 19 23 18

 19 18 23

 32 34 14

 32 14 18

 23 34 34

 23 34 32

 34 32 19

 34 19 34

 31 3 12

 31 12 65

 0 0 3

 0 3 31

 0 23 32

 0 32 3

 25 4 40

 25 40 40

 34 27 4

 34 4 25

 27 0 31

 27 31 4

 19 12 40

 19 40 22

 32 22 12

 32 12 19

 22 34 25

 22 25 12

 19 27 43

 19 43 23

 18 22 27

 18 27 19

 22 32 19

 22 19 27

 11 24 22

 11 22 11

 11 24 24

 11 24 11

 24 18 19

 24 19 24

 22 23 14

 22 14 4

 33 27 23

 33 23 22

 27 11 11

 27 11 23

 23 18 1

 23 1 18

 18 43 18

 18 18 23

 43 33 22

 43 22 18

 32 19 20

 32 20 27

 34 19 19

 34 19 32

 19 18 23

 19 23 19

 11 18 23

 11 23 24

 9 18 18

 9 18 11

 18 34 32

 18 32 18

 20 20 20

 20 20 19

 23 23 20

 23 20 20

 23 9 11

 23 11 20

 20 18 24

 20 24 19

 19 19 18

 19 18 20

 19 23 20

 19 20 18

 23 19 18

 23 18 23

 34 20 19

 34 19 23

 20 19 20

 20 20 19

 0 43 14

 0 14 24

 18 24 43

 18 43 0

 24 34 23

 24 23 43

 23 45 6

 23 6 12

 22 14 45

 22 45 23

 14 18 0

 14 0 45

 7 11 9

 7 9 6

 4 18 11

 4 11 7

 18 22 23

 18 23 11

 23 4 4

 23 4 23

 23 4 4

 23 4 23

 4 7 5

 4 5 4

 24 23 19

 24 19 18

 19 23 23

 19 23 24

 23 23 23

 23 23 23

 18 18 18

 18 18 18

 22 20 18

 22 18 18

 20 19 24

 20 24 18

 18 19 19

 18 19 19

 22 18 19

 22 19 18

 18 22 18

 18 18 19

 18 19 22

 18 22 19

 22 18 19

 22 19 18

 18 22 18

 18 18 19

 18 18 19

 18 19 3

 22 19 18

 22 18 18

 19 22 18

 19 18 18

 23 24 45

 23 45 4

 19 19 24

 19 24 23

 19 22 18

 19 18 24

 20 24 24

 20 24 19

 20 20 24

 20 24 20

 20 19 23

 20 23 24

 40 3 40

 40 40 40

 65 12 3

 65 3 40

 12 18 44

 12 44 3

 40 40 40

 40 40 40

 40 40 40

 40 40 40

 40 65 40

 40 40 40

 34 40 64

 34 64 43

 22 40 40

 22 40 34

 40 40 40

 40 40 40

 19 44 44

 19 44 22

 23 43 44

 23 44 19

 43 22 34

 43 34 44

 19 20 23

 19 23 18

 11 22 20

 11 20 19

 22 23 19

 22 19 20

 24 20 27

 24 27 19

 4 14 20

 4 20 24

 14 11 19

 14 19 20

 18 23 32

 18 32 22

 18 1 23

 18 23 18

 1 4 24

 1 24 23

 20 19 20

 20 20 19

 27 20 19

 27 19 20

 20 18 18

 20 18 19

 24 19 24

 24 24 18

 24 23 19

 24 19 24

 23 27 20

 23 20 19

 20 18 23

 20 23 18

 19 20 18

 19 18 20

 20 24 24

 20 24 18

 11 19 24

 11 24 12

 19 24 19

 19 19 11

 24 19 20

 24 20 19

 20 1 6

 20 6 10

 23 18 1

 23 1 20

 18 19 11

 18 11 1

 31 6 6

 31 6 83

 24 14 6

 24 6 31

 14 23 20

 14 20 6

 18 1 14

 18 14 20

 23 4 1

 23 1 18

 4 13 2

 4 2 1

 22 23 19

 22 19 18

 18 19 23

 18 23 22

 19 23 18

 19 18 23

 19 19 18

 19 18 20

 18 18 19

 18 19 19

 18 18 22

 18 22 19

 22 24 32

 22 32 11

 19 19 24

 19 24 22

 19 18 19

 19 19 24

 18 23 19

 18 19 11

 19 22 23

 19 23 18

 22 19 22

 22 22 23

 62 0 43

 62 43 4

 3 19 0

 3 0 62

 19 19 18

 19 18 0

 43 4 63

 43 63 12

 4 45 4

 4 4 43

 45 3 62

 45 62 4

 18 14 23

 18 23 19

 19 24 14

 19 14 18

 24 4 43

 24 43 14

 27 22 43

 27 43 34

 44 27 22

 44 22 27

 27 19 18

 27 18 22

 40 40 61

 40 61 40

 40 40 40

 40 40 40

 40 44 27

 40 27 40

 40 40 40

 40 40 25

 40 40 40

 40 40 40

 40 40 40

 40 40 40

 32 12 3

 32 3 22

 43 64 12

 43 12 32

 64 40 40

 64 40 12

 18 45 34

 18 34 27

 22 44 45

 22 45 18

 44 43 32

 44 32 45

 18 22 18

 18 18 32

 18 23 22

 18 22 18

 23 22 18

 23 18 22

 24 20 20

 24 20 40

 19 27 20

 19 20 24

 27 18 18

 27 18 20

 14 60 40

 14 40 40

 22 32 60

 22 60 14

 32 19 24

 32 24 60

 20 20 14

 20 14 22

 19 20 20

 19 20 20

 20 22 14

 20 14 20

 23 19 19

 23 19 19

 18 24 19

 18 19 23

 24 19 20

 24 20 19

 19 23 19

 19 19 24

 18 23 23

 18 23 19

 23 18 23

 23 23 23

 6 1 24

 6 24 17

 12 24 1

 12 1 6

 24 18 19

 24 19 1

 18 11 11

 18 11 18

 20 14 11

 20 11 18

 14 7 13

 14 13 11

 19 23 22

 19 22 18

 18 19 23

 18 23 19

 19 20 18

 19 18 23

 27 23 18

 27 18 9

 20 18 23

 20 23 27

 18 18 19

 18 19 23

 22 24 33

 22 33 1

 11 32 24

 11 24 22

 32 20 27

 32 27 24

 11 19 18

 11 18 22

 11 19 19

 11 19 11

 19 11 22

 19 22 19

 43 1 20

 43 20 24

 4 43 1

 4 1 43

 43 11 11

 43 11 1

 1 4 4

 1 4 23

 12 63 4

 12 4 1

 63 4 43

 63 43 4

 19 22 11

 19 11 19

 19 23 22

 19 22 19

 23 12 1

 23 1 22

 32 34 34

 32 34 22

 34 43 34

 34 34 32

 43 19 19

 43 19 34

 6 0 0

 6 0 0

 40 61 0

 40 0 6

 61 34 32

 61 32 0

 3 0 11

 3 11 19

 25 40 0

 25 0 3

 40 40 6

 40 6 0

 22 4 27

 22 27 32

 22 3 4

 22 4 22

 3 25 3

 3 3 4

 23 27 22

 23 22 18

 27 34 27

 27 27 23

 34 22 22

 34 22 27

 27 32 23

 27 23 34

 32 18 32

 32 32 27

 18 27 23

 18 23 32

 40 24 20

 40 20 37

 40 20 24

 40 24 40

 20 32 27

 20 27 24

 34 25 23

 34 23 27

 22 14 25

 22 25 34

 14 40 40

 14 40 25

 20 18 19

 20 19 23

 19 19 18

 19 18 20

 19 22 34

 19 34 18

 18 20 18

 18 18 23

 24 19 20

 24 20 18

 19 19 20

 19 20 20

 6 1 24

 6 24 3

 17 24 1

 17 1 6

 24 24 18

 24 18 1

 18 14 14

 18 14 23

 18 11 14

 18 14 18

 11 15 6

 11 6 14

 27 19 19

 27 19 23

 18 22 19

 18 19 27

 22 18 18

 22 18 19

 33 1 27

 33 27 12

 9 18 1

 9 1 33

 18 18 27

 18 27 1

 43 11 46

 43 46 9

 1 33 11

 1 11 43

 33 9 33

 33 33 11

 20 23 23

 20 23 3

 22 18 23

 22 23 20

 18 1 43

 18 43 23

 18 12 24

 18 24 3

 24 20 12

 24 12 18

 20 22 20

 20 20 12

 1 18 18

 1 18 11

 23 4 18

 23 18 1

 4 24 18

 4 18 18

 19 18 23

 19 23 14

 19 11 18

 19 18 19

 11 23 1

 11 1 18

 22 22 22

 22 22 22

 22 34 22

 22 22 22

 34 19 19

 34 19 22

 23 14 19

 23 19 32

 0 0 14

 0 14 23

 0 22 22

 0 22 14

 44 32 34

 44 34 34

 19 11 32

 19 32 44

 11 0 23

 11 23 32

 32 34 22

 32 22 19

 32 27 34

 32 34 32

 27 19 44

 27 44 34

 11 19 14

 11 14 12

 18 22 19

 18 19 11

 22 32 32

 22 32 19

 20 14 25

 20 25 14

 34 23 14

 34 14 20

 23 18 11

 23 11 14

 18 18 23

 18 23 27

 37 20 18

 37 18 18

 20 34 20

 20 20 18

 23 18 43

 23 43 22

 39 40 18

 39 18 23

 40 37 18

 40 18 18

 27 23 32

 27 32 18

 27 23 23

 27 23 27

 23 39 23

 23 23 23

 18 18 19

 18 19 23

 23 19 18

 23 18 18

 19 27 27

 19 27 18

 23 18 19

 23 19 20

 23 18 18

 23 18 23

 18 23 18

 18 18 18

 11 23 19

 11 19 18

 3 24 23

 3 23 11

 24 23 23

 24 23 23

 17 9 11

 17 11 9

 7 17 9

 7 9 17

 17 3 11

 17 11 9

 20 31 14

 20 14 23

 0 25 31

 0 31 20

 25 49 15

 25 15 31

 19 20 19

 19 19 19

 23 14 20

 23 20 19

 14 0 20

 14 20 20

 19 19 18

 19 18 22

 23 19 19

 23 19 19

 19 23 19

 19 19 19

 19 24 20

 19 20 23

 12 27 24

 12 24 19

 27 23 19

 27 19 24

 23 4 20

 23 20 20

 9 46 4

 9 4 23

 46 12 19

 46 19 4

 23 11 14

 23 14 11

 3 23 11

 3 11 23

 23 9 23

 23 23 11

 19 12 20

 19 20 4

 3 24 12

 3 12 19

 24 3 23

 24 23 12

 24 14 14

 24 14 11

 11 18 14

 11 14 24

 18 3 19

 18 19 14

 20 24 24

 20 24 24

 14 23 24

 14 24 20

 23 11 24

 23 24 24

 22 20 20

 22 20 20

 22 22 20

 22 20 22

 22 14 20

 22 20 20

 22 19 19

 22 19 19

 32 19 19

 32 19 22

 19 22 22

 19 22 19

 27 22 23

 27 23 22

 34 34 22

 34 22 27

 34 32 22

 34 22 22

 23 19 19

 23 19 24

 19 22 19

 19 19 23

 22 34 27

 22 27 19

 6 1 14

 6 14 6

 12 14 1

 12 1 6

 14 19 23

 14 23 1

 19 11 4

 19 4 23

 27 23 11

 27 11 19

 23 14 6

 23 6 11

 22 23 23

 22 23 23

 22 43 23

 22 23 22

 43 27 19

 43 19 23

 22 23 18

 22 18 20

 18 32 23

 18 23 22

 32 22 22

 32 22 23

 18 24 18

 18 18 23

 23 19 24

 23 24 18

 19 18 22

 19 22 24

 19 23 18

 19 18 20

 20 19 23

 20 23 19

 19 23 18

 19 18 23

 19 24 22

 19 22 14

 18 19 24

 18 24 19

 19 20 19

 19 19 24

 14 20 18

 14 18 23

 9 11 20

 9 20 14

 11 18 19

 11 19 20

 13 31 14

 13 14 13

 83 6 31

 83 31 13

 6 9 14

 6 14 31

 18 4 1

 18 1 23

 23 14 4

 23 4 18

 14 26 7

 14 7 4

 18 18 24

 18 24 22

 19 19 18

 19 18 18

 19 23 18

 19 18 18

 18 19 20

 18 20 19

 22 18 19

 22 19 18

 18 19 18

 18 18 19

 20 19 18

 20 18 20

 23 20 19

 23 19 20

 20 22 18

 20 18 19

 23 18 23

 23 23 20

 20 20 18

 20 18 23

 20 23 20

 20 20 18

 24 23 20

 24 20 11

 11 14 23

 11 23 24

 14 20 23

 14 23 23

 14 14 20

 14 20 11

 4 20 14

 4 14 14

 20 11 24

 20 24 14

 4 14 24

 4 24 24

 11 14 14

 11 14 4

 14 4 14

 14 14 14

 24 23 14

 24 14 20

 24 24 23

 24 23 24

 24 11 4

 24 4 23

 18 20 23

 18 23 20

 20 20 20

 20 20 18

 20 24 24

 20 24 20

 19 18 27

 19 27 18

 19 19 18

 19 18 19

 19 20 18

 19 18 18

 22 18 32

 22 32 14

 22 23 18

 22 18 22

 23 19 19

 23 19 18

 19 14 33

 19 33 3

 24 19 14

 24 14 19

 19 22 22

 19 22 14

 25 12 23

 25 23 3

 6 14 12

 6 12 25

 14 24 19

 14 19 12

 20 1 14

 20 14 23

 23 4 1

 23 1 20

 4 6 6

 4 6 1

 18 18 23

 18 23 19

 23 23 18

 23 18 18

 23 23 20

 23 20 18

 19 23 20

 19 20 20

 20 18 23

 20 23 19

 18 23 18

 18 18 23

 18 23 19

 18 19 23

 23 18 23

 23 23 18

 18 20 19

 18 19 23

 19 18 19

 19 19 23

 20 18 18

 20 18 19

 18 23 18

 18 18 18

 19 24 19

 19 19 20

 14 22 24

 14 24 19

 22 20 19

 22 19 24

 18 20 22

 18 22 19

 23 18 20

 23 20 18

 18 14 19

 18 19 20

 6 4 24

 6 24 9

 13 14 4

 13 4 6

 14 23 18

 14 18 4

 23 1 4

 23 4 23

 23 1 1

 23 1 23

 1 7 13

 1 13 1

 18 27 18

 18 18 22

 22 24 27

 22 27 18

 24 23 23

 24 23 27

 22 19 20

 22 20 4

 19 20 19

 19 19 22

 20 22 18

 20 18 19

 18 14 45

 18 45 4

 20 18 14

 20 14 18

 18 19 22

 18 22 14

 24 18 23

 24 23 23

 20 23 18

 20 18 24

 23 20 18

 23 18 18

 24 24 24

 24 24 23

 11 20 24

 11 24 24

 20 20 24

 20 24 24

 23 14 18

 23 18 11

 11 20 14

 11 14 23

 20 11 24

 20 24 14

 23 20 23

 23 23 14

 24 24 20

 24 20 23

 24 11 23

 24 23 20

 14 20 23

 14 23 23

 20 14 20

 20 20 14

 14 24 23

 14 23 20

 18 19 32

 18 32 27

 20 23 19

 20 19 18

 23 20 14

 23 14 19

 22 24 19

 22 19 11

 18 27 24

 18 24 22

 27 20 18

 27 18 24

 33 24 20

 33 20 0

 14 32 24

 14 24 33

 32 18 22

 32 22 24

 33 19 45

 33 45 11

 3 33 19

 3 19 33

 33 14 33

 33 33 19

 14 14 18

 14 18 20

 3 23 14

 3 14 14

 23 3 33

 23 33 14

 24 4 23

 24 23 20

 1 25 4

 1 4 24

 25 3 14

 25 14 4

 19 18 19

 19 19 23

 23 14 18

 23 18 19

 14 1 24

 14 24 18

 18 23 18

 18 18 18

 19 23 23

 19 23 18

 23 23 19

 23 19 23

 18 23 18

 18 18 23

 20 20 23

 20 23 18

 20 19 18

 20 18 23

 22 20 22

 22 22 22

 23 19 20

 23 20 22

 19 20 18

 19 18 20

 32 22 18

 32 18 18

 23 19 22

 23 22 32

 19 23 22

 19 22 22

 32 22 38

 32 38 40

 20 19 22

 20 22 32

 19 23 32

 19 32 22

 24 34 38

 24 38 1

 19 22 34

 19 34 24

 22 20 32

 22 32 34

 24 22 18

 24 18 19

 9 24 22

 9 22 24

 24 19 24

 24 24 22

 15 0 11

 15 11 3

 5 25 0

 5 0 15

 25 9 24

 25 24 0

 19 12 24

 19 24 24

 23 4 12

 23 12 19

 4 15 6

 4 6 12

 23 23 23

 23 23 19

 22 18 23

 22 23 23

 18 23 19

 18 19 23

 45 24 19

 45 19 11

 4 20 24

 4 24 45

 20 22 23

 20 23 24

 45 23 53

 45 53 11

 4 45 23

 4 23 45

 45 4 45

 45 45 23

 14 20 18

 14 18 22

 23 23 20

 23 20 14

 23 4 45

 23 45 20

 14 19 12

 14 12 45

 23 24 19

 23 19 14

 24 23 14

 24 14 19

 18 20 1

 18 1 20

 11 18 20

 11 20 18

 18 23 14

 18 14 20

 24 14 23

 24 23 12

 14 23 14

 14 14 24

 23 11 18

 23 18 14

 24 0 0

 24 0 4

 23 23 0

 23 0 24

 23 14 24

 23 24 0

 22 27 24

 22 24 23

 27 32 27

 27 27 22

 32 23 24

 32 24 27

 23 23 23

 23 23 23

 11 19 23

 11 23 23

 19 27 22

 19 22 23

 4 14 24

 4 24 14

 0 20 14

 0 14 4

 20 11 23

 20 23 14

 22 19 27

 22 27 43

 11 45 19

 11 19 22

 45 0 4

 45 4 19

 18 19 18

 18 18 20

 20 18 19

 20 19 18

 18 11 22

 18 22 19

 22 23 22

 22 22 23

 20 23 23

 20 23 22

 23 20 18

 23 18 23

 22 24 22

 22 22 18

 23 19 24

 23 24 22

 19 20 22

 19 22 24

 23 24 18

 23 18 23

 18 18 24

 18 24 23

 18 23 22

 18 22 24

 18 23 18

 18 18 11

 23 18 23

 23 23 18

 18 18 23

 18 23 23

 18 20 33

 18 33 23

 22 22 20

 22 20 18

 22 23 18

 22 18 20

 40 12 10

 40 10 40

 18 18 12

 18 12 40

 18 22 18

 18 18 12

 40 40 40

 40 40 40

 40 38 40

 40 40 40

 38 18 40

 38 40 40

 40 40 40

 40 40 40

 1 38 40

 1 40 40

 38 40 40

 38 40 40

 34 34 56

 34 56 44

 19 18 34

 19 34 34

 18 1 40

 18 40 34

 14 23 19

 14 19 23

 3 11 23

 3 23 14

 11 19 34

 11 34 23

 2 0 4

 2 4 10

 16 13 0

 16 0 2

 13 3 14

 13 14 0

 14 3 1

 14 1 23

 3 6 3

 3 3 14

 6 2 13

 6 13 3

 19 23 18

 19 18 18

 24 24 23

 24 23 19

 24 3 14

 24 14 23

 20 23 24

 20 24 19

 19 23 23

 19 23 20

 23 24 19

 23 19 23

 22 19 23

 22 23 18

 11 19 19

 11 19 22

 19 19 20

 19 20 19

 19 14 19

 19 19 19

 11 53 14

 11 14 19

 53 11 22

 53 22 14

 14 19 23

 14 23 22

 22 18 19

 22 19 14

 18 11 19

 18 19 19

 23 53 4

 23 4 45

 45 12 53

 45 53 23

 12 22 14

 12 14 53

 20 43 14

 20 14 18

 20 1 43

 20 43 20

 1 45 23

 1 23 43

 0 4 24

 0 24 1

 12 23 4

 12 4 0

 23 20 20

 23 20 4

 4 11 11

 4 11 19

 23 24 11

 23 11 4

 24 4 6

 24 6 11

 20 23 14

 20 14 19

 23 23 23

 23 23 20

 23 23 4

 23 4 23

 20 23 27

 20 27 27

 14 24 23

 14 23 20

 24 23 20

 24 20 23

 22 22 34

 22 34 4

 43 27 22

 43 22 22

 27 14 20

 27 20 22

 45 24 33

 45 33 22

 20 18 24

 20 24 45

 18 43 22

 18 22 24

 27 11 33

 27 33 20

 23 22 11

 23 11 27

 22 20 45

 22 45 11

 20 18 23

 20 23 4

 18 22 18

 18 18 20

 22 23 27

 22 27 18

 14 4 0

 14 0 1

 23 18 4

 23 4 14

 18 18 20

 18 20 4

 45 24 20

 45 20 11

 11 18 24

 11 24 45

 18 23 14

 18 14 24

 46 27 46

 46 46 19

 23 33 27

 23 27 46

 33 11 45

 33 45 27

 40 13 4

 40 4 40

 40 10 13

 40 13 40

 10 23 46

 10 46 13

 40 40 40

 40 40 40

 40 40 40

 40 40 40

 40 40 40

 40 40 40

 40 40 40

 40 40 40

 40 40 40

 40 40 40

 40 40 40

 40 40 40

 19 40 40

 19 40 32

 44 56 40

 44 40 19

 56 40 40

 56 40 40

 19 18 27

 19 27 23

 23 19 18

 23 18 19

 19 44 19

 19 19 18

 13 3 11

 13 11 5

 10 4 3

 10 3 13

 4 23 19

 4 19 3

 11 9 24

 11 24 18

 9 0 9

 9 9 11

 0 10 31

 0 31 9

 23 18 18

 23 18 23

 23 1 18

 23 18 23

 1 9 11

 1 11 18

 18 20 18

 18 18 23

 18 18 20

 18 20 18

 18 23 23

 18 23 20

 23 19 18

 23 18 18

 19 24 19

 19 19 23

 24 18 18

 24 18 19

 22 23 27

 22 27 19

 18 23 23

 18 23 22

 23 19 23

 23 23 23

 19 27 45

 19 45 32

 19 19 27

 19 27 19

 19 18 22

 19 22 27

 20 22 19

 20 19 22

 22 23 22

 22 22 20

 23 19 19

 23 19 22

 24 19 23

 24 23 19

 45 4 19

 45 19 24

 4 22 20

 4 20 19

 22 23 19

 22 19 18

 18 14 23

 18 23 22

 14 45 24

 14 24 23

 20 23 18

 20 18 18

 1 24 23

 1 23 20

 24 18 22

 24 22 23

 20 4 19

 20 19 18

 24 31 4

 24 4 20

 31 1 20

 31 20 4

 22 34 19

 22 19 27

 19 11 34

 19 34 22

 11 24 20

 11 20 34

 22 22 22

 22 22 19

 19 14 22

 19 22 22

 14 19 22

 14 22 22

 22 27 18

 22 18 19

 27 27 27

 27 27 22

 27 19 22

 27 22 27

 20 11 19

 20 19 24

 4 34 11

 4 11 20

 34 27 22

 34 22 11

 45 9 27

 45 27 24

 22 33 9

 22 9 45

 33 4 20

 33 20 9

 19 1 23

 19 23 24

 20 33 1

 20 1 19

 33 22 45

 33 45 1

 0 1 20

 0 20 12

 4 23 1

 4 1 0

 23 20 19

 23 19 1

 18 4 24

 18 24 19

 11 20 4

 11 4 18

 20 1 31

 20 31 4

 34 19 27

 34 27 32

 19 46 19

 19 19 34

 46 11 18

 46 18 19

 31 4 12

 31 12 11

 40 4 4

 40 4 31

 4 19 34

 4 34 4

 40 40 31

 40 31 39

 40 40 40

 40 40 40

 40 40 31

 40 31 40

 40 40 39

 40 39 59

 40 40 40

 40 40 40

 40 40 40

 40 40 40

 34 58 24

 34 24 22

 32 40 58

 32 58 34

 40 40 40

 40 40 58

 19 27 19

 19 19 23

 23 27 27

 23 27 19

 27 32 34

 27 34 27

 13 11 14

 13 14 17

 5 11 11

 5 11 13

 11 23 19

 11 19 11

 4 0 1

 4 1 18

 5 7 0

 5 0 4

 7 8 5

 7 5 0

 11 11 20

 11 20 24

 13 13 11

 13 11 11

 13 5 4

 13 4 11

 14 12 19

 14 19 20

 10 13 12

 10 12 14

 13 13 11

 13 11 12

 17 0 24

 17 24 12

 16 13 0

 16 0 17

 13 10 14

 13 14 0

 12 12 11

 12 11 23

 13 15 12

 13 12 12

 15 28 17

 15 17 12

 14 1 18

 14 18 20

 3 15 1

 3 1 14

 15 13 12

 15 12 1

 23 24 18

 23 18 18

 18 24 24

 18 24 23

 24 3 14

 24 14 24

 18 18 18

 18 18 19

 23 18 18

 23 18 18

 18 18 23

 18 23 18

 23 20 23

 23 23 18

 23 18 20

 23 20 23

 18 23 18

 18 18 20

 23 23 23

 23 23 23

 18 18 23

 18 23 23

 18 23 23

 18 23 23

 53 22 19

 53 19 34

 19 27 22

 19 22 53

 27 18 23

 27 23 22

 23 34 27

 23 27 22

 22 19 34

 22 34 23

 19 32 45

 19 45 34

 18 22 19

 18 19 19

 19 23 22

 19 22 18

 23 22 23

 23 23 22

 23 19 14

 23 14 43

 18 19 19

 18 19 23

 19 19 18

 19 18 19

 19 18 11

 19 11 19

 18 18 18

 18 18 19

 18 18 23

 18 23 18

 22 19 22

 22 22 19

 18 19 19

 18 19 22

 19 18 19

 19 19 19

 19 18 18

 19 18 18

 27 19 18

 27 18 19

 19 18 22

 19 22 18

 20 23 18

 20 18 20

 19 22 23

 19 23 20

 22 27 19

 22 19 23

 24 23 24

 24 24 22

 19 18 23

 19 23 24

 18 19 20

 18 20 23

 24 19 17

 24 17 44

 24 19 19

 24 19 24

 19 19 24

 19 24 19

 23 18 4

 23 4 24

 24 27 18

 24 18 23

 27 24 24

 27 24 18

 23 24 23

 23 23 18

 24 23 24

 24 24 23

 23 24 23

 23 23 24

 24 18 11

 24 11 18

 12 20 18

 12 18 24

 20 24 23

 20 23 18

 24 11 20

 24 20 19

 11 9 11

 11 11 24

 9 12 24

 9 24 11

 18 19 18

 18 18 22

 19 24 19

 19 19 18

 24 11 24

 24 24 19

 19 22 22

 19 22 44

 32 27 22

 32 22 19

 27 19 18

 27 18 22

 3 24 19

 3 19 24

 11 12 24

 11 24 3

 12 32 19

 12 19 24

 4 24 1

 4 1 23

 39 31 24

 39 24 4

 31 11 3

 31 3 24

 24 24 43

 24 43 43

 59 39 24

 59 24 24

 39 39 4

 39 4 24

 43 23 43

 43 43 22

 22 24 23

 22 23 43

 24 59 24

 24 24 23

 18 23 18

 18 18 20

 23 19 23

 23 23 18

 19 22 43

 19 43 23

 6 1 24

 6 24 0

 17 14 1

 17 1 6

 14 23 18

 14 18 1

 20 11 9

 20 9 22

 18 1 11

 18 11 20

 1 5 10

 1 10 11

 23 18 23

 23 23 18

 24 20 18

 24 18 23

 20 18 20

 20 20 18

 19 23 18

 19 18 23

 20 19 23

 20 23 19

 19 24 23

 19 23 23

 1 23 23

 1 23 19

 12 24 23

 12 23 1

 24 20 19

 24 19 23

 4 24 20

 4 20 22

 31 13 24

 31 24 4

 13 12 1

 13 1 24

 4 14 23

 4 23 18

 12 13 14

 12 14 4

 13 31 4

 13 4 14

 18 23 19

 18 19 23

 23 11 23

 23 23 18

 11 12 4

 11 4 23

 18 23 19

 18 19 19

 20 18 23

 20 23 18

 18 23 18

 18 18 23

 23 23 23

 23 23 18

 18 18 23

 18 23 23

 18 20 18

 18 18 23

 23 18 20

 23 20 18

 19 18 18

 19 18 23

 18 18 23

 18 23 18

 18 18 18

 18 18 19

 18 23 18

 18 18 18

 23 19 23

 23 23 18

 23 23 18

 23 18 22

 23 23 23

 23 23 23

 23 18 18

 23 18 23

 14 22 20

 14 20 46

 34 19 22

 34 22 14

 19 23 23

 19 23 22

 14 47 19

 14 19 45

 34 43 47

 34 47 14

 43 34 14

 43 14 47

 19 19 18

 19 18 19

 22 27 19

 22 19 19

 27 34 14

 27 14 19

 20 22 27

 20 27 19

 19 19 22

 19 22 20

 19 22 19

 19 19 22

 22 45 23

 22 23 33

 43 14 45

 43 45 22

 14 19 20

 14 20 45

 18 45 20

 18 20 27

 19 11 45

 19 45 18

 11 43 22

 11 22 45

 27 19 19

 27 19 22

 19 22 19

 19 19 27

 22 19 18

 22 18 19

 19 23 19

 19 19 20

 18 18 23

 18 23 19

 18 19 27

 18 27 23

 24 23 18

 24 18 14

 20 18 23

 20 23 24

 18 18 19

 18 19 23

 0 23 24

 0 24 18

 22 24 23

 22 23 0

 24 20 24

 24 24 23

 12 34 25

 12 25 43

 44 17 34

 44 34 12

 17 22 0

 17 0 34

 11 44 1

 11 1 14

 24 4 44

 24 44 11

 4 44 12

 4 12 44

 3 23 11

 3 11 18

 18 23 23

 18 23 3

 23 24 11

 23 11 23

 12 24 9

 12 9 19

 18 11 24

 18 24 12

 11 18 3

 11 3 24

 20 19 20

 20 20 23

 19 20 19

 19 19 20

 20 18 12

 20 12 19

 27 19 18

 27 18 23

 22 18 19

 22 19 27

 18 19 20

 18 20 19

 45 18 43

 45 43 24

 44 22 18

 44 18 45

 22 22 27

 22 27 18

 12 43 34

 12 34 11

 24 19 43

 24 43 12

 19 44 45

 19 45 43

 4 0 0

 4 0 31

 23 1 0

 23 0 4

 1 24 12

 1 12 0

 44 19 24

 44 24 24

 43 43 19

 43 19 44

 43 23 4

 43 4 19

 18 19 22

 18 22 18

 22 43 19

 22 19 18

 43 43 44

 43 44 19

 20 23 23

 20 23 19

 20 18 23

 20 23 20

 18 22 18

 18 18 23

 24 23 23

 24 23 18

 0 24 23

 0 23 24

 24 20 20

 24 20 23

 5 0 11

 5 11 26

 83 25 0

 83 0 5

 25 0 24

 25 24 0

 11 25 10

 11 10 13

 22 9 25

 22 25 11

 9 5 26

 9 26 25

 11 14 6

 11 6 9

 18 23 14

 18 14 11

 23 22 11

 23 11 14

 18 23 20

 18 20 23

 23 18 23

 23 23 18

 18 18 11

 18 11 23

 23 18 18

 23 18 18

 19 23 18

 19 18 23

 23 23 18

 23 18 18

 20 19 23

 20 23 23

 22 20 19

 22 19 20

 20 19 23

 20 23 19

 19 23 23

 19 23 20

 18 23 23

 18 23 19

 23 22 20

 23 20 23

 19 20 22

 19 22 20

 23 19 20

 23 20 19

 19 18 19

 19 19 20

 23 23 19

 23 19 23

 19 19 23

 19 23 23

 19 23 19

 19 19 23

 20 19 18

 20 18 19

 18 23 19

 18 19 20

 23 19 23

 23 23 19

 18 23 18

 18 18 19

 18 20 23

 18 23 18

 20 18 20

 20 20 23

 19 19 19

 19 19 22

 19 18 19

 19 19 19

 18 18 18

 18 18 19

 19 22 22

 19 22 22

 22 18 22

 22 22 19

 18 19 19

 18 19 22

 11 22 18

 11 18 19

 46 20 22

 46 22 11

 20 22 19

 20 19 22

 11 53 3

 11 3 38

 45 19 53

 45 53 11

 19 46 11

 19 11 53

 19 23 38

 19 38 16

 19 18 23

 19 23 19

 18 45 11

 18 11 23

 18 20 18

 18 18 23

 19 27 20

 19 20 18

 27 19 19

 27 19 20

 20 18 11

 20 11 27

 33 23 18

 33 18 20

 23 19 18

 23 18 18

 22 19 27

 22 27 27

 27 20 19

 27 19 22

 20 33 20

 20 20 19

 27 19 27

 27 27 27

 22 19 19

 22 19 27

 19 27 22

 19 22 19

 23 19 19

 23 19 23

 20 19 19

 20 19 23

 19 22 27

 19 27 19

 20 20 23

 20 23 24

 14 18 20

 14 20 20

 18 20 23

 18 23 20

 24 20 24

 24 24 14

 18 24 20

 18 20 24

 24 14 20

 24 20 20

 14 20 24

 14 24 11

 43 25 20

 43 20 14

 25 18 24

 25 24 20

 11 24 23

 11 23 4

 14 1 24

 14 24 11

 1 43 14

 1 14 24

 11 20 14

 11 14 24

 18 11 20

 18 20 11

 11 14 11

 11 11 20

 23 23 20

 23 20 24

 19 9 23

 19 23 23

 9 18 11

 9 11 23

 19 23 23

 19 23 23

 23 20 23

 23 23 19

 20 19 23

 20 23 23

 32 23 22

 32 22 23

 23 18 23

 23 23 32

 18 23 19

 18 19 23

 27 1 34

 27 34 14

 24 43 1

 24 1 27

 43 23 32

 43 32 1

 22 23 32

 22 32 43

 11 34 23

 11 23 22

 34 24 27

 34 27 23

 24 44 24

 24 24 22

 31 0 44

 31 44 24

 0 11 22

 0 22 44

 34 19 20

 34 20 19

 24 24 19

 24 19 34

 24 31 24

 24 24 19

 19 23 22

 19 22 20

 18 22 23

 18 23 19

 22 24 34

 22 34 23

 20 23 18

 20 18 23

 19 23 23

 19 23 20

 23 18 19

 23 19 23

 19 22 23

 19 23 18

 18 23 22

 18 22 19

 23 19 20

 23 20 22

 2 12 1

 2 1 10

 26 11 12

 26 12 2

 11 18 19

 11 19 12

 4 31 17

 4 17 2

 23 20 31

 23 31 4

 20 9 25

 20 25 31

 14 4 15

 14 15 1

 18 18 4

 18 4 14

 18 23 4

 18 4 4

 19 18 14

 19 14 20

 23 23 18

 23 18 19

 23 18 14

 23 14 18

 27 18 27

 27 27 27

 20 23 18

 20 18 27

 23 23 19

 23 19 18

 34 27 33

 34 33 45

 20 22 27

 20 27 34

 22 20 27

 22 27 27

 32 22 46

 32 46 53

 23 19 22

 23 22 32

 19 20 34

 19 34 22

 22 32 45

 22 45 46

 19 18 32

 19 32 22

 18 23 32

 18 32 32

 19 32 45

 19 45 34

 19 18 32

 19 32 19

 18 19 22

 18 22 32

 19 18 34

 19 34 22

 22 19 18

 22 18 19

 19 19 19

 19 19 18

 22 19 22

 22 22 18

 22 22 19

 22 19 22

 22 22 19

 22 19 19

 8 20 19

 8 19 40

 19 18 20

 19 20 8

 18 22 22

 18 22 20

 40 40 40

 40 40 40

 38 3 40

 38 40 40

 3 19 8

 3 8 40

 40 40 40

 40 40 40

 16 38 40

 16 40 40

 38 38 40

 38 40 40

 40 40 40

 40 40 40

 23 18 40

 23 40 40

 18 16 40

 18 40 40

 11 14 40

 11 40 2

 27 11 14

 27 14 11

 11 23 40

 11 40 14

 32 20 45

 32 45 14

 27 27 20

 27 20 32

 27 27 11

 27 11 20

 32 18 22

 32 22 22

 27 27 18

 27 18 32

 27 27 32

 27 32 18

 18 18 27

 18 27 18

 23 19 18

 23 18 18

 19 27 32

 19 32 18

 24 23 23

 24 23 23

 24 23 23

 24 23 24

 23 23 18

 23 18 23

 14 20 11

 14 11 24

 14 24 20

 14 20 14

 24 24 24

 24 24 20

 20 14 14

 20 14 14

 11 24 14

 11 14 20

 24 14 14

 24 14 14

 24 24 20

 24 20 24

 4 23 24

 4 24 24

 23 11 20

 23 20 24

 20 24 24

 20 24 18

 24 14 24

 24 24 20

 14 4 24

 14 24 24

 24 18 1

 24 1 18

 24 20 18

 24 18 24

 20 24 20

 20 20 18

 19 20 18

 19 18 14

 23 23 20

 23 20 19

 23 24 24

 23 24 20

 32 11 23

 32 23 14

 23 22 11

 23 11 32

 22 23 19

 22 19 11

 32 19 22

 32 22 22

 14 34 19

 14 19 32

 34 23 32

 34 32 19

 20 19 20

 20 20 19

 43 32 19

 43 19 20

 32 14 32

 32 32 19

 14 32 23

 14 23 22

 22 24 32

 22 32 14

 24 43 20

 24 20 32

 19 22 19

 19 19 20

 19 20 22

 19 22 19

 20 22 14

 20 14 22

 19 14 18

 19 18 24

 20 22 14

 20 14 19

 22 19 19

 22 19 14

 23 23 22

 23 22 20

 23 18 23

 23 23 23

 18 20 19

 18 19 23

 4 23 4

 4 4 9

 18 23 23

 18 23 4

 23 23 23

 23 23 23

 7 0 7

 7 7 28

 10 1 0

 10 0 7

 1 18 4

 1 4 0

 22 3 24

 22 24 23

 20 14 3

 20 3 22

 14 1 6

 14 6 3

 33 22 34

 33 34 33

 27 27 22

 27 22 33

 27 20 22

 27 22 22

 19 11 6

 19 6 6

 52 47 11

 52 11 19

 47 43 3

 47 3 11

 18 1 6

 18 6 6

 46 33 1

 46 1 18

 33 34 12

 33 12 1

 20 19 31

 20 31 3

 47 47 19

 47 19 20

 47 46 18

 47 18 19

 19 23 0

 19 0 3

 53 46 23

 53 23 19

 46 45 18

 46 18 23

 32 27 43

 32 43 18

 22 34 27

 22 27 32

 34 34 33

 34 33 27

 18 18 18

 18 18 12

 18 22 18

 18 18 18

 22 22 32

 22 32 18

 40 11 43

 40 43 38

 40 19 11

 40 11 40

 19 18 18

 19 18 11

 40 40 40

 40 40 40

 40 40 40

 40 40 40

 40 40 40

 40 40 40

 40 40 40

 40 40 40

 40 40 40

 40 40 40

 40 40 40

 40 40 40

 40 40 40

 40 40 40

 40 40 40

 40 40 40

 40 40 40

 40 40 40

 40 40 40

 40 40 40

 2 40 40

 2 40 40

 40 40 40

 40 40 40

 45 20 40

 45 40 11

 14 45 20

 14 20 45

 45 2 40

 45 40 20

 32 23 23

 32 23 32

 22 22 23

 22 23 32

 22 14 45

 22 45 23

 19 19 18

 19 18 23

 18 27 19

 18 19 19

 27 22 32

 27 32 19

 20 18 23

 20 23 20

 23 23 18

 23 18 20

 23 18 19

 23 19 18

 14 23 20

 14 20 24

 24 11 23

 24 23 14

 11 23 20

 11 20 23

 14 24 11

 14 11 11

 14 14 24

 14 24 14

 14 24 14

 14 14 24

 24 24 14

 24 14 11

 24 20 24

 24 24 24

 20 14 14

 20 14 24

 12 20 14

 12 14 20

 18 24 20

 18 20 12

 24 24 24

 24 24 20

 1 24 4

 1 4 20

 18 1 24

 18 24 1

 1 18 12

 1 12 24

 22 18 20

 22 20 23

 14 18 18

 14 18 22

 18 18 1

 18 1 18

 32 24 22

 32 22 18

 14 23 24

 14 24 32

 23 14 22

 23 22 24

 19 23 19

 19 19 19

 22 22 23

 22 23 19

 22 14 32

 22 32 23

 20 22 23

 20 23 18

 19 20 22

 19 22 20

 20 22 19

 20 19 22

 18 19 20

 18 20 20

 22 23 19

 22 19 18

 23 19 20

 23 20 19

 27 20 18

 27 18 20

 20 19 20

 20 20 27

 19 22 18

 19 18 20

 19 20 19

 19 19 20

 24 18 20

 24 20 19

 18 20 27

 18 27 20

 24 20 20

 24 20 6

 20 22 20

 20 20 24

 22 24 19

 22 19 20

 17 3 6

 17 6 5

 9 4 3

 9 3 17

 4 20 24

 4 24 3

 19 12 1

 19 1 18

 23 24 12

 23 12 19

 24 13 13

 24 13 12

 47 32 32

 47 32 63

 33 34 32

 33 32 47

 34 23 19

 34 19 32

 19 18 31

 19 31 0

 46 47 18

 46 18 19

 47 47 20

 47 20 18

 24 19 0

 24 0 31

 46 45 19

 46 19 24

 45 53 19

 45 19 19

 3 18 25

 3 25 8

 43 47 18

 43 18 3

 47 82 45

 47 45 18

 1 12 25

 1 25 49

 44 33 12

 44 12 1

 33 33 18

 33 18 12

 32 34 34

 32 34 27

 18 43 34

 18 34 32

 43 46 47

 43 47 34

 34 24 23

 34 23 4

 12 18 24

 12 24 34

 18 18 32

 18 32 24

 45 23 32

 45 32 3

 38 43 23

 38 23 45

 43 12 34

 43 34 23

 40 54 14

 40 14 14

 40 40 54

 40 54 40

 40 38 45

 40 45 54

 40 40 57

 40 57 40

 40 40 40

 40 40 40

 40 40 40

 40 40 40

 40 40 40

 40 40 40

 40 40 40

 40 40 40

 40 40 40

 40 40 40

 40 40 40

 40 40 40

 40 40 40

 40 40 40

 40 40 40

 23 40 56

 23 56 18

 11 40 40

 11 40 23

 40 40 40

 40 40 40

 22 22 20

 22 20 32

 32 23 22

 32 22 22

 23 11 23

 23 23 22

 32 27 22

 32 22 22

 23 18 27

 23 27 32

 18 32 22

 18 22 27

 20 23 23

 20 23 24

 24 20 23

 24 23 20

 20 20 24

 20 24 23

 20 24 20

 20 20 20

 11 11 24

 11 24 20

 11 24 20

 11 20 24

 20 20 23

 20 23 23

 11 14 20

 11 20 20

 14 11 20

 14 20 20

 24 14 24

 24 24 24

 20 14 14

 20 14 24

 14 11 20

 14 20 14

 19 20 20

 19 20 20

 20 4 20

 20 20 19

 4 20 24

 4 24 20

 18 23 18

 18 18 20

 23 20 23

 23 23 18

 20 20 19

 20 19 23

 32 23 19

 32 19 23

 18 22 23

 18 23 32

 22 23 18

 22 18 23

 19 20 27

 19 27 20

 19 19 20

 19 20 19

 19 18 32

 19 32 20

 18 18 18

 18 18 23

 18 23 18

 18 18 18

 23 19 19

 23 19 18

 19 18 22

 19 22 18

 20 20 18

 20 18 19

 20 18 18

 20 18 18

 14 18 24

 14 24 3

 20 18 18

 20 18 14

 18 20 19

 18 19 18

 4 12 13

 4 13 7

 20 19 12

 20 12 4

 19 20 14

 19 14 12

 15 0 17

 15 17 28

 6 20 0

 6 0 15

 20 20 4

 20 4 0

 18 11 23

 18 23 32

 18 1 11

 18 11 18

 1 13 6

 1 6 11

 63 45 47

 63 47 75

 63 32 45

 63 45 63

 32 18 18

 32 18 45

 45 18 0

 45 0 11

 82 47 18

 82 18 45

 47 44 1

 47 1 18

 12 24 6

 12 6 16

 34 45 24

 34 24 12

 45 46 24

 45 24 24

 46 20 25

 46 25 17

 75 47 20

 75 20 46

 47 32 9

 47 9 20

 3 4 17

 3 17 49

 27 33 4

 27 4 3

 33 33 20

 33 20 4

 27 34 45

 27 45 19

 27 34 34

 27 34 27

 34 47 47

 34 47 34

 24 19 18

 24 18 20

 4 23 19

 4 19 24

 23 27 27

 23 27 19

 24 14 14

 24 14 20

 3 32 14

 3 14 24

 32 4 24

 32 24 14

 14 14 11

 14 11 11

 14 14 14

 14 14 14

 14 3 24

 14 24 14

 55 14 11

 55 11 3

 40 57 14

 40 14 55

 57 14 14

 57 14 14

 40 40 14

 40 14 12

 40 40 40

 40 40 55

 54 40 11

 54 11 24

 40 40 40

 40 40 54

 40 40 40

 40 40 40

 11 23 1

 11 1 43

 18 56 23

 18 23 11

 56 40 54

 56 54 23

 24 45 19

 24 19 53

 32 20 45

 32 45 24

 20 18 11

 20 11 45

 27 19 23

 27 23 27

 22 22 19

 22 19 27

 22 32 24

 22 24 19

 23 18 27

 23 27 23

 20 18 18

 20 18 23

 18 22 27

 18 27 18

 20 24 19

 20 19 20

 24 23 24

 24 24 20

 23 20 23

 23 23 24

 23 23 18

 23 18 18

 20 20 23

 20 23 23

 20 24 20

 20 20 23

 24 23 20

 24 20 19

 23 23 23

 23 23 24

 23 20 23

 23 23 23

 14 22 24

 14 24 18

 24 24 22

 24 22 14

 24 23 24

 24 24 22

 18 20 23

 18 23 23

 20 20 20

 20 20 18

 20 24 14

 20 14 20

 19 23 22

 19 22 19

 20 18 23

 20 23 19

 18 20 18

 18 18 23

 22 23 22

 22 22 19

 23 19 23

 23 23 22

 19 20 19

 19 19 23

 18 18 19

 18 19 18

 20 27 18

 20 18 18

 27 23 22

 27 22 18

 14 20 11

 14 11 3

 23 18 20

 23 20 14

 18 20 18

 18 18 20

 11 1 6

 11 6 2

 18 22 1

 18 1 11

 22 23 14

 22 14 1

 13 0 13

 13 13 83

 3 24 0

 3 0 13

 24 18 11

 24 11 0

 1 9 4

 1 4 19

 7 26 9

 7 9 1

 26 48 5

 26 5 9

 11 4 23

 11 23 18

 13 5 4

 13 4 11

 5 7 1

 5 1 4

 11 4 18

 11 18 23

 2 13 4

 2 4 11

 13 13 11

 13 11 4

 6 6 11

 6 11 0

 49 2 6

 49 6 6

 2 2 11

 2 11 6

 53 20 19

 53 19 45

 32 23 20

 32 20 53

 23 9 3

 23 3 20

 20 23 25

 20 25 15

 33 47 23

 33 23 20

 47 63 18

 47 18 23

 9 12 15

 9 15 48

 32 53 12

 32 12 9

 53 45 19

 53 19 12

 3 11 6

 3 6 50

 27 33 11

 27 11 3

 33 53 20

 33 20 11

 18 32 49

 18 49 15

 63 63 32

 63 32 18

 63 75 46

 63 46 32

 20 19 31

 20 31 6

 53 33 19

 53 19 20

 33 52 18

 33 18 19

 34 27 44

 34 44 19

 19 45 27

 19 27 34

 45 46 52

 45 52 27

 19 20 27

 19 27 23

 20 18 20

 20 20 19

 18 19 34

 18 34 20

 20 20 23

 20 23 23

 20 14 20

 20 20 20

 14 20 19

 14 19 20

 11 20 14

 11 14 24

 11 11 20

 11 20 11

 11 20 20

 11 20 20

 4 20 14

 4 14 14

 3 11 20

 3 20 4

 11 11 11

 11 11 20

 14 14 24

 14 24 14

 12 14 14

 12 14 14

 14 3 4

 14 4 14

 24 24 24

 24 24 18

 24 11 24

 24 24 24

 11 12 14

 11 14 24

 14 18 18

 14 18 22

 43 1 18

 43 18 14

 1 24 24

 1 24 18

 20 45 19

 20 19 32

 53 19 45

 53 45 20

 19 43 14

 19 14 45

 19 22 27

 19 27 32

 27 23 22

 27 22 19

 23 53 20

 23 20 22

 27 18 27

 27 27 18

 23 27 18

 23 18 27

 27 27 19

 27 19 18

 23 23 27

 23 27 19

 20 19 23

 20 23 23

 19 23 27

 19 27 23

 23 18 18

 23 18 22

 18 18 18

 18 18 23

 18 20 23

 18 23 18

 23 18 18

 23 18 19

 19 20 18

 19 18 23

 20 18 23

 20 23 18

 23 19 19

 23 19 18

 18 24 19

 18 19 23

 24 19 23

 24 23 19

 20 19 23

 20 23 4

 23 23 19

 23 19 20

 23 18 23

 23 23 19

 24 14 6

 24 6 17

 19 22 14

 19 14 24

 22 23 20

 22 20 14

 14 14 17

 14 17 7

 19 22 14

 19 14 14

 22 19 24

 22 24 14

 1 11 13

 1 13 10

 18 19 11

 18 11 1

 19 19 14

 19 14 11

 15 0 5

 15 5 16

 3 11 0

 3 0 15

 11 18 1

 11 1 0

 20 11 4

 20 4 19

 19 4 11

 19 11 20

 4 5 5

 4 5 11

 51 18 24

 51 24 18

 18 23 18

 18 18 51

 23 19 20

 23 20 18

 23 23 23

 23 23 23

 23 18 23

 23 23 23

 18 18 51

 18 51 23

 24 23 23

 24 23 18

 0 11 23

 0 23 24

 11 23 23

 11 23 23

 11 1 18

 11 18 18

 17 6 1

 17 1 11

 6 0 24

 6 24 1

 1 4 23

 1 23 19

 17 13 4

 17 4 1

 13 17 11

 13 11 4

 20 1 20

 20 20 23

 9 6 1

 9 1 20

 6 17 1

 6 1 1

 46 22 34

 46 34 53

 45 19 22

 45 22 46

 19 9 20

 19 20 22

 18 4 17

 18 17 6

 53 45 4

 53 4 18

 45 27 3

 45 3 4

 18 19 0

 18 0 9

 52 46 19

 52 19 18

 46 52 19

 46 19 19

 18 20 9

 18 9 6

 33 52 20

 33 20 18

 52 46 19

 52 19 20

 19 20 12

 19 12 17

 45 46 20

 45 20 19

 46 53 18

 46 18 20

 18 4 6

 18 6 15

 45 33 4

 45 4 18

 33 27 3

 33 3 4

 34 34 32

 34 32 34

 19 44 34

 19 34 34

 44 33 33

 44 33 34

 22 22 22

 22 22 27

 23 27 22

 23 22 22

 27 19 34

 27 34 22

 20 23 19

 20 19 19

 23 23 23

 23 23 20

 23 23 22

 23 22 23

 14 20 19

 14 19 20

 24 14 20

 24 20 14

 14 23 20

 14 20 20

 14 23 18

 14 18 23

 14 14 23

 14 23 14

 14 24 14

 14 14 23

 24 23 20

 24 20 18

 14 24 23

 14 23 24

 24 14 14

 24 14 23

 18 23 27

 18 27 19

 18 24 23

 18 23 18

 24 14 24

 24 24 23

 19 19 27

 19 27 22

 22 18 19

 22 19 19

 18 18 18

 18 18 19

 22 18 22

 22 22 27

 32 19 18

 32 18 22

 19 22 19

 19 19 18

 22 22 22

 22 22 19

 32 27 22

 32 22 22

 27 32 22

 27 22 22

 27 18 19

 27 19 18

 18 27 18

 18 18 27

 27 32 22

 27 22 18

 18 20 32

 18 32 19

 19 27 20

 19 20 18

 27 18 27

 27 27 20

 18 22 27

 18 27 22

 22 18 22

 22 22 18

 18 19 18

 18 18 22

 18 18 19

 18 19 19

 19 18 18

 19 18 18

 18 22 18

 18 18 18

 22 18 27

 22 27 18

 18 19 18

 18 18 22

 19 19 18

 19 18 18

 6 11 14

 6 14 15

 4 23 11

 4 11 6

 23 18 22

 23 22 11

 4 9 2

 4 2 13

 19 4 9

 19 9 4

 4 26 5

 4 5 9

 14 14 13

 14 13 3

 18 24 14

 18 14 14

 24 19 4

 24 4 14

 18 23 14

 18 14 23

 23 23 23

 23 23 18

 23 18 14

 23 14 23

 18 19 19

 18 19 23

 18 23 19

 18 19 18

 23 23 18

 23 18 19

 18 20 18

 18 18 18

 18 18 20

 18 20 18

 18 18 18

 18 18 20

 24 22 20

 24 20 22

 19 23 22

 19 22 24

 23 18 18

 23 18 22

 19 19 23

 19 23 23

 23 20 19

 23 19 19

 20 19 24

 20 24 19

 45 27 32

 45 32 27

 53 34 27

 53 27 45

 34 23 19

 34 19 27

 22 46 27

 22 27 22

 44 47 46

 44 46 22

 47 82 47

 47 47 46

 27 19 27

 27 27 22

 34 32 19

 34 19 27

 32 44 22

 32 22 19

 32 19 34

 32 34 27

 27 22 19

 27 19 32

 22 34 27

 22 27 19

 32 22 44

 32 44 27

 19 19 22

 19 22 32

 19 27 32

 19 32 22

 19 18 34

 19 34 19

 20 19 18

 20 18 19

 19 19 32

 19 32 18

 20 19 27

 20 27 32

 23 18 19

 23 19 20

 18 20 19

 18 19 19

 22 18 22

 22 22 22

 18 20 18

 18 18 22

 20 23 20

 20 20 18

 27 23 34

 27 34 23

 19 27 23

 19 23 27

 27 18 22

 27 22 23

 22 18 32

 22 32 22

 22 27 18

 22 18 22

 27 19 27

 27 27 18

 23 19 18

 23 18 20

 27 22 19

 27 19 23

 22 22 22

 22 22 19

 11 18 24

 11 24 34

 19 22 18

 19 18 11

 22 27 23

 22 23 18

 11 34 23

 11 23 24

 18 19 34

 18 34 11

 19 19 11

 19 11 34

 23 3 7

 23 7 9

 19 32 3

 19 3 23

 32 18 11

 32 11 3

 22 18 24

 22 24 19

 22 27 18

 22 18 22

 27 19 23

 27 23 18

 19 23 19

 19 19 23

 19 19 23

 19 23 19

 19 22 22

 19 22 23

 14 18 14

 14 14 9

 18 27 18

 18 18 14

 27 19 19

 27 19 18

 5 9 17

 5 17 28

 15 14 9

 15 9 5

 14 18 14

 14 14 9

 24 0 13

 24 13 2

 23 14 0

 23 0 24

 14 3 17

 14 17 0

 24 1 6

 24 6 0

 23 19 1

 23 1 24

 19 23 24

 19 24 1

 23 23 20

 23 20 20

 18 18 23

 18 23 23

 18 23 24

 18 24 23

 20 23 23

 20 23 18

 22 20 23

 22 23 20

 20 18 23

 20 23 23

 19 18 19

 19 19 23

 23 23 18

 23 18 19

 23 22 20

 23 20 18

 32 20 18

 32 18 20

 27 32 20

 27 20 32

 32 23 19

 32 19 20

 34 32 27

 34 27 22

 53 33 32

 53 32 34

 33 27 32

 33 32 32

 32 32 27

 32 27 32

 52 33 32

 52 32 32

 33 53 34

 33 34 32

 34 34 19

 34 19 19

 52 46 34

 52 34 34

 46 52 32

 46 32 34

 22 34 22

 22 22 24

 43 47 34

 43 34 22

 47 52 34

 47 34 34

 18 23 18

 18 18 23

 22 27 23

 22 23 18

 27 43 22

 27 22 23

 18 23 20

 18 20 23

 22 27 23

 22 23 18

 27 22 18

 27 18 23

 27 18 18

 27 18 23

 27 34 18

 27 18 27

 34 22 18

 34 18 18

 34 23 27

 34 27 22

 27 44 23

 27 23 34

 44 27 27

 44 27 23

 32 23 34

 32 34 22

 19 34 23

 19 23 32

 34 27 34

 34 34 23

 22 19 43

 22 43 32

 32 27 19

 32 19 22

 27 19 32

 27 32 19

 18 27 22

 18 22 22

 22 22 27

 22 27 18

 22 32 22

 22 22 27

 23 23 14

 23 14 44

 23 34 23

 23 23 23

 34 22 18

 34 18 23

 23 23 14

 23 14 1

 22 32 23

 22 23 23

 32 23 23

 32 23 23

 34 1 43

 34 43 24

 20 18 1

 20 1 34

 18 22 23

 18 23 1

 11 1 45

 11 45 1

 34 24 1

 34 1 11

 24 20 34

 24 34 1

 5 20 1

 5 1 3

 24 23 20

 24 20 5

 23 34 11

 23 11 20

 19 1 20

 19 20 19

 19 24 1

 19 1 19

 24 9 13

 24 13 1

 22 20 19

 22 19 20

 23 19 20

 23 20 22

 19 19 19

 19 19 20

 17 12 20

 17 20 10

 9 14 12

 9 12 17

 14 23 22

 14 22 12

 11 3 6

 11 6 0

 20 20 3

 20 3 11

 20 0 25

 20 25 3

 22 23 24

 22 24 20

 18 23 23

 18 23 22

 23 20 11

 23 11 23

 18 23 19

 18 19 20

 23 19 23

 23 23 18

 19 18 22

 19 22 23

 19 20 19

 19 19 19

 20 18 20

 20 20 19

 18 23 18

 18 18 20

 32 23 22

 32 22 22

 22 27 23

 22 23 32

 27 20 19

 27 19 23

 23 22 19

 23 19 19

 32 27 22

 32 22 23

 27 22 32

 27 32 22

 23 19 20

 23 20 23

 19 19 19

 19 19 23

 19 32 23

 19 23 19

 23 20 23

 23 23 1

 24 22 20

 24 20 23

 22 19 23

 22 23 20

 24 24 24

 24 24 11

 23 18 24

 23 24 24

 18 24 23

 18 23 24

 14 23 4

 14 4 20

 23 20 23

 23 23 14

 20 23 24

 20 24 23

 23 19 14

 23 14 20

 23 18 19

 23 19 23

 18 23 14

 18 14 19

 27 18 20

 27 20 18

 22 27 18

 22 18 27

 27 23 23

 27 23 18

 43 18 19

 43 19 22

 22 34 18

 22 18 43

 34 22 27

 34 27 18

 34 18 32

 34 32 18

 32 43 18

 32 18 34

 43 22 43

 43 43 18

 14 22 19

 14 19 20

 22 22 22

 22 22 14

 22 32 34

 22 34 22

 18 44 1

 18 1 34

 44 14 44

 44 44 18

 14 22 14

 14 14 44

 11 43 9

 11 9 11

 1 14 43

 1 43 11

 14 44 18

 14 18 43

 32 3 3

 32 3 23

 24 43 3

 24 3 32

 43 1 11

 43 11 3

 23 12 3

 23 3 4

 1 45 12

 1 12 23

 45 24 32

 45 32 12

 11 20 24

 11 24 20

 3 1 20

 3 20 11

 1 1 23

 1 23 20

 14 12 18

 14 18 20

 3 15 12

 3 12 14

 15 3 11

 15 11 12

 22 23 19

 22 19 20

 19 20 23

 19 23 22

 20 3 14

 20 14 23

 23 20 14

 23 14 9

 20 19 20

 20 20 23

 19 19 22

 19 22 20

 6 31 31

 6 31 83

 10 20 31

 10 31 6

 20 20 23

 20 23 31

 23 0 0

 23 0 9

 20 24 0

 20 0 23

 24 0 25

 24 25 0

 18 24 24

 18 24 20

 20 19 24

 20 24 18

 19 20 23

 19 23 24

 22 19 23

 22 23 27

 19 19 19

 19 19 22

 19 20 18

 19 18 19

 22 18 18

 22 18 27

 22 22 18

 22 18 22

 22 19 22

 22 22 18

 20 18 18

 20 18 23

 19 19 18

 19 18 20

 19 22 22

 19 22 18

 14 23 20

 14 20 20

 23 20 23

 23 23 14

 20 19 20

 20 20 23

 40 39 40

 40 40 41

 1 23 39

 1 39 40

 23 23 14

 23 14 39

 11 4 42

 11 42 3

 11 24 4

 11 4 11

 24 1 40

 24 40 4

 4 14 4

 4 4 14

 20 4 14

 20 14 4

 4 11 11

 4 11 14

 11 23 4

 11 4 24

 20 14 23

 20 23 11

 14 20 4

 14 4 23

 14 20 1

 14 1 12

 18 20 20

 18 20 14

 20 20 11

 20 11 20

 22 1 17

 22 17 3

 22 19 1

 22 1 22

 19 18 14

 19 14 1

 32 23 23

 32 23 22

 18 32 23

 18 23 32

 32 22 22

 32 22 23

 23 18 18

 23 18 19

 20 19 18

 20 18 23

 19 18 32

 19 32 18

 9 23 4

 9 4 34

 34 1 23

 34 23 9

 1 20 23

 1 23 23

 25 34 20

 25 20 27

 11 9 34

 11 34 25

 9 34 9

 9 9 34

 14 27 0

 14 0 27

 23 3 27

 23 27 14

 3 11 25

 3 25 27

 20 32 14

 20 14 34

 4 3 32

 4 32 20

 3 23 14

 3 14 32

 22 27 33

 22 33 34

 20 24 27

 20 27 22

 24 4 20

 24 20 27

 18 23 19

 18 19 20

 20 18 23

 20 23 18

 18 20 22

 18 22 23

 19 24 23

 19 23 18

 20 19 24

 20 24 19

 19 20 18

 19 18 24

 0 11 23

 0 23 31

 9 14 11

 9 11 0

 14 20 19

 14 19 11

 18 1 14

 18 14 20

 20 24 1

 20 1 18

 24 9 25

 24 25 1

 19 23 19

 19 19 27

 27 23 23

 27 23 19

 23 20 18

 23 18 23

 18 22 19

 18 19 19

 27 18 22

 27 22 18

 18 27 19

 18 19 22

 23 23 20

 23 20 20

 23 18 23

 23 23 23

 18 27 18

 18 18 23

 39 23 24

 39 24 11

 20 20 23

 20 23 39

 20 23 23

 20 23 23

 37 9 1

 37 1 12

 41 40 9

 41 9 37

 40 20 39

 40 39 9

 35 36 38

 35 38 0

 3 42 36

 3 36 35

 42 41 37

 42 37 36

 1 1 12

 1 12 3

 14 4 1

 14 1 1

 4 3 35

 4 35 1

 14 14 11

 14 11 11

 24 4 14

 24 14 14

 4 14 1

 4 1 14

 6 1 1

 6 1 12

 12 1 1

 12 1 6

 1 24 14

 1 14 1

 27 1 14

 27 14 34

 22 23 1

 22 1 27

 23 3 17

 23 17 1

 14 22 20

 14 20 19

 19 18 22

 19 22 14

 18 22 27

 18 27 22

 12 18 14

 12 14 23

 34 4 18

 34 18 12

 4 19 14

 4 14 18

 12 34 11

 12 11 14

 27 20 34

 27 34 12

 20 34 12

 20 12 34

 1 24 24

 1 24 11

 27 0 24

 27 24 1

 0 27 12

 0 12 24

 47 32 23

 47 23 43

 34 14 32

 34 32 47

 14 27 1

 14 1 32

 23 32 19

 23 19 23

 20 19 32

 20 32 23

 19 34 33

 19 33 32

 27 19 18

 27 18 18

 18 23 19

 18 19 27

 23 20 23

 23 23 19

 25 4 24

 25 24 3

 31 23 4

 31 4 25

 23 18 27

 23 27 4

 1 0 4

 1 4 23

 7 2 0

 7 0 1

 2 16 13

 2 13 0

 24 14 18

 24 18 18

 1 17 14

 1 14 24

 17 7 1

 17 1 14

 19 20 23

 19 23 23

 20 14 20

 20 20 19

 14 1 24

 14 24 20

 32 23 19

 32 19 22

 27 19 23

 27 23 32

 19 20 19

 19 19 23

 22 19 19

 22 19 19

 19 19 19

 19 19 22

 19 27 32

 19 32 19

 23 20 18

 23 18 20

 20 20 20

 20 20 23

 20 19 22

 20 22 20

 11 20 20

 11 20 11

 11 24 20

 11 20 11

 24 20 23

 24 23 20

 11 14 14

 11 14 1

 12 1 14

 12 14 11

 1 11 11

 1 11 14

 1 11 1

 1 1 3

 0 38 11

 0 11 1

 38 12 11

 38 11 11

 14 4 11

 14 11 1

 3 12 4

 3 4 14

 12 0 1

 12 1 4

 24 11 24

 24 24 11

 11 11 11

 11 11 24

 11 3 14

 11 14 11

 14 14 20

 14 20 23

 12 1 14

 12 14 14

 1 11 24

 1 24 14

 20 11 18

 20 18 27

 1 15 11

 1 11 20

 15 12 14

 15 14 11

 22 22 18

 22 18 32

 34 14 22

 34 22 22

 14 1 20

 14 20 22

 24 32 19

 24 19 19

 19 20 32

 19 32 24

 20 34 22

 20 22 32

 14 18 20

 14 20 20

 23 14 18

 23 18 14

 14 19 24

 14 24 18

 24 20 23

 24 23 20

 14 11 20

 14 20 24

 11 23 14

 11 14 20

 14 14 20

 14 20 14

 11 24 14

 11 14 14

 24 14 24

 24 24 14

 22 14 20

 22 20 24

 43 23 14

 43 14 22

 23 11 14

 23 14 14

 27 32 23

 27 23 14

 34 46 32

 34 32 27

 46 43 22

 46 22 32

 18 20 22

 18 22 20

 23 19 20

 23 20 18

 19 34 27

 19 27 20

 19 23 23

 19 23 19

 18 18 23

 18 23 19

 18 23 18

 18 18 23

 14 18 23

 14 23 19

 3 24 18

 3 18 14

 24 18 19

 24 19 18

 6 12 4

 6 4 9

 7 6 12

 7 12 6

 6 3 14

 6 14 12

 14 25 11

 14 11 20

 31 15 25

 31 25 14

 15 50 13

 15 13 25

 20 20 19

 20 19 18

 23 4 20

 23 20 20

 4 31 14

 4 14 20

 20 18 20

 20 20 19

 18 18 18

 18 18 20

 18 23 20

 18 20 18

 18 23 20

 18 20 18

 23 23 23

 23 23 18

 23 18 20

 23 20 23

 19 18 18

 19 18 19

 22 19 18

 22 18 19

 19 23 18

 19 18 18

 22 19 23

 22 23 32

 19 19 19

 19 19 22

 19 22 19

 19 19 19

 18 19 23

 18 23 22

 20 18 19

 20 19 18

 18 19 22

 18 22 19

 24 23 23

 24 23 24

 11 20 23

 11 23 24

 20 20 18

 20 18 23

 14 14 24

 14 24 14

 1 14 14

 1 14 14

 14 11 24

 14 24 14

 4 4 20

 4 20 11

 3 1 4

 3 4 4

 1 1 14

 1 14 4

 14 11 14

 14 14 11

 1 11 11

 1 11 14

 11 3 4

 11 4 11

 23 14 20

 23 20 24

 11 24 14

 11 14 23

 24 1 14

 24 14 14

 18 23 20

 18 20 18

 23 20 23

 23 23 18

 20 11 23

 20 23 23

 23 22 24

 23 24 4

 27 18 22

 27 22 23

 18 23 18

 18 18 22

 18 11 17

 18 17 1

 32 18 11

 32 11 18

 18 27 23

 18 23 11

 19 22 24

 19 24 23

 19 19 22

 19 22 19

 19 32 18

 19 18 22

 23 23 22

 23 22 23

 20 20 23

 20 23 23

 20 19 19

 20 19 23

 23 18 18

 23 18 19

 20 23 18

 20 18 23

 23 20 23

 23 23 18

 20 20 23

 20 23 18

 14 20 20

 14 20 20

 20 20 23

 20 23 20

 20 24 19

 20 19 20

 24 20 24

 24 24 20

 20 14 20

 20 20 24

 22 14 18

 22 18 23

 14 23 14

 14 14 22

 23 24 20

 23 20 14

 22 24 27

 22 27 23

 20 22 24

 20 24 22

 22 14 22

 22 22 24

 18 18 19

 18 19 19

 19 23 18

 19 18 18

 23 20 22

 23 22 18

 23 22 23

 23 23 19

 19 23 22

 19 22 23

 23 19 18

 23 18 22

 11 18 23

 11 23 18

 9 4 18

 9 18 11

 4 19 23

 4 23 18

 12 11 20

 12 20 22

 15 13 11

 15 11 12

 13 9 11

 13 11 11

 13 1 1

 13 1 9

 28 13 1

 28 1 13

 13 15 12

 13 12 1

 19 1 4

 19 4 18

 20 11 1

 20 1 19

 11 26 13

 11 13 1

 23 23 18

 23 18 24

 18 19 23

 18 23 23

 19 20 19

 19 19 23

 20 19 23

 20 23 18

 19 20 19

 19 19 20

 20 18 23

 20 23 19

 23 19 23

 23 23 18

 18 20 19

 18 19 23

 20 19 20

 20 20 19

 19 18 20

 19 20 19

 19 18 18

 19 18 19

 18 18 23

 18 23 18

 18 19 19

 18 19 32

 32 23 19

 32 19 18

 23 19 19

 23 19 19

 19 22 22

 19 22 22

 22 23 22

 22 22 19

 23 32 18

 23 18 22

 20 19 18

 20 18 22

 24 23 19

 24 19 20

 23 22 19

 23 19 19

 24 18 20

 24 20 18

 14 24 18

 14 18 24

 24 24 20

 24 20 18

 24 18 20

 24 20 18

 11 20 18

 11 18 24

 20 14 24

 20 24 18

 24 20 23

 24 23 20

 11 14 20

 11 20 24

 14 11 24

 14 24 20

 23 23 18

 23 18 20

 24 20 23

 24 23 23

 20 11 24

 20 24 23

 19 20 22

 19 22 19

 18 20 20

 18 20 19

 20 24 23

 20 23 20

 6 1 20

 6 20 1

 4 24 1

 4 1 6

 24 18 19

 24 19 1

 22 12 20

 22 20 19

 23 24 12

 23 12 22

 24 1 13

 24 13 12

 18 18 22

 18 22 19

 23 22 18

 23 18 18

 22 23 22

 22 22 18

 24 19 23

 24 23 19

 19 18 19

 19 19 24

 18 23 18

 18 18 19

 18 18 23

 18 23 19

 18 23 18

 18 18 18

 23 19 24

 23 24 18

 18 18 19

 18 19 19

 20 19 18

 20 18 18

 19 18 18

 19 18 18

 19 23 22

 19 22 19

 23 18 23

 23 23 19

 18 20 18

 18 18 23

 22 18 19

 22 19 23

 23 27 18

 23 18 22

 27 23 19

 27 19 18

 18 23 22

 18 22 18

 19 19 23

 19 23 18

 19 23 22

 19 22 23

 24 18 18

 24 18 19

 19 23 18

 19 18 24

 23 19 18

 23 18 18

 23 18 20

 23 20 19

 18 23 18

 18 18 23

 23 19 24

 23 24 18

 20 22 23

 20 23 22

 22 20 22

 22 22 20

 20 18 23

 20 23 22

 12 19 23

 12 23 19

 9 1 19

 9 19 12

 1 22 20

 1 20 19

 17 3 4

 17 4 1

 5 17 3

 5 3 17

 17 9 12

 17 12 3

 23 4 12

 23 12 18

 18 4 4

 18 4 23

 4 7 10

 4 10 4

 19 23 18

 19 18 20

 24 18 23

 24 23 19

 18 18 23

 18 23 23

 19 20 22

 19 22 20

 18 23 20

 18 20 19

 23 24 19

 23 19 20

 23 18 18

 23 18 23

 18 23 18

 18 18 23

 23 18 19

 23 19 18

 18 18 20

 18 20 23

 19 20 18

 19 18 18

 20 18 23

 20 23 18

 27 19 18

 27 18 23

 32 19 19

 32 19 27

 19 19 18

 19 18 19

 22 18 22

 22 22 18

 22 22 18

 22 18 22

 22 32 27

 22 27 18

 18 18 27

 18 27 22

 22 18 18

 22 18 18

 18 22 22

 18 22 18

 20 19 22

 20 22 22

 18 20 19

 18 19 20

 20 22 18

 20 18 19

 23 19 22

 23 22 19

 18 20 19

 18 19 23

 20 18 20

 20 20 19

 18 18 19

 18 19 19

 20 23 18

 20 18 18

 23 18 23

 23 23 18

 20 23 19

 20 19 1

 20 18 23

 20 23 20

 18 20 18

 18 18 23

 20 1 31

 20 31 1

 19 22 1

 19 1 20

 22 20 20

 22 20 1

 24 19 24

 24 24 18

 1 20 19

 1 19 24

 20 19 20

 20 20 19

 24 4 18

 24 18 23

 3 17 4

 3 4 24

 17 1 24

 17 24 4

 19 18 18

 19 18 23

 19 20 18

 19 18 19

 20 3 24

 20 24 18

 18 23 23

 18 23 23

 19 22 23

 19 23 18

 22 19 19

 22 19 23

 19 19 22

 19 22 19

 19 23 19

 19 19 19

 23 19 18

 23 18 19

 18 19 18

 18 18 22

 19 23 19

 19 19 18

 23 19 19

 23 19 19

 18 19 23

 18 23 19

 19 19 19

 19 19 18

 19 19 18

 19 18 19

 18 18 19

 18 19 20

 19 22 18

 19 18 18

 22 19 18

 22 18 18

 18 18 19

 18 19 18

 23 19 18

 23 18 18

 19 19 18

 19 18 18

 19 23 19

 19 19 20

 18 22 23

 18 23 19

 22 23 18

 22 18 23

 18 23 19

 18 19 23

 19 18 23

 19 23 18

 18 18 19

 18 19 23

 24 18 23

 24 23 23

 19 20 18

 19 18 24

 20 19 18

 20 18 18

 23 23 23

 23 23 20

 22 23 23

 22 23 23

 23 19 24

 23 24 23

 20 23 18

 20 18 18

 19 23 23

 19 23 20

 23 22 23

 23 23 23

 1 19 18

 1 18 18

 1 4 19

 1 19 1

 4 19 20

 4 20 19

 1 11 20

 1 20 23

 6 6 11

 6 11 1

 6 1 1

 6 1 11

 1 4 19

 1 19 18

 13 13 4

 13 4 1

 13 6 1

 13 1 4

 4 1 23

 4 23 23

 13 13 1

 13 1 4

 13 13 1

 13 1 1

 1 1 20

 1 20 23

 2 7 1

 2 1 1

 7 13 4

 7 4 1

 17 31 11

 17 11 9

 66 7 31

 66 31 17

 7 2 1

 7 1 31

 4 3 5

 4 5 13

 18 12 3

 18 3 4

 12 7 26

 12 26 3

 14 11 17

 14 17 0

 20 18 11

 20 11 14

 18 18 4

 18 4 11

 19 14 24

 19 24 20

 20 22 14

 20 14 19

 22 20 14

 22 14 14

 23 24 19

 23 19 23

 23 18 24

 23 24 23

 18 20 19

 18 19 24

 23 23 19

 23 19 18

 23 20 23

 23 23 23

 20 23 23

 20 23 23

 18 20 18

 18 18 19

 23 18 20

 23 20 18

 18 23 23

 18 23 20

 22 23 18

 22 18 23

 18 22 23

 18 23 22

 22 23 18

 22 18 23

 22 23 22

 22 22 23

 22 27 23

 22 23 22

 27 18 22

 27 22 23

 19 23 27

 19 27 22

 22 22 23

 22 23 19

 22 22 22

 22 22 23

 23 18 22

 23 22 19

 19 22 18

 19 18 23

 22 22 19

 22 19 18

 27 18 22

 27 22 19

 19 19 18

 19 18 27

 19 19 23

 19 23 18

 6 1 18

 6 18 9

 1 19 1

 1 1 6

 19 19 27

 19 27 1

 23 4 11

 23 11 20

 18 24 4

 18 4 23

 24 1 15

 24 15 4

 18 20 18

 18 18 23

 23 18 20

 23 20 18

 18 18 23

 18 23 20

 23 23 23

 23 23 18

 23 18 23

 23 23 23

 18 23 18

 18 18 23

 18 23 23

 18 23 18

 23 23 23

 23 23 18

 23 23 23

 23 23 23

 18 18 18

 18 18 23

 19 22 18

 19 18 18

 22 23 18

 22 18 18

 23 23 20

 23 20 19

 22 18 23

 22 23 23

 18 19 18

 18 18 23

 19 19 23

 19 23 23

 19 23 19

 19 19 19

 23 22 23

 23 23 19

 18 23 18

 18 18 20

 20 19 23

 20 23 18

 19 19 19

 19 19 23

 23 19 18

 23 18 23

 18 19 19

 18 19 23

 19 20 18

 19 18 19

 18 23 23

 18 23 23

 20 19 23

 20 23 18

 19 18 23

 19 23 23

 23 20 18

 23 18 18

 23 19 20

 23 20 23

 19 20 18

 19 18 20

 19 18 23

 19 23 18

 23 23 18

 23 18 19

 23 23 23

 23 23 18

 19 23 23

 19 23 23

 20 23 23

 20 23 19

 23 23 19

 23 19 23

 18 24 18

 18 18 24

 18 18 24

 18 24 18

 18 20 19

 18 19 24

 19 23 18

 19 18 23

 18 18 23

 18 23 19

 18 18 18

 18 18 23

 23 23 18

 23 18 23

 23 20 23

 23 23 23

 20 18 19

 20 19 23

 19 18 18

 19 18 23

 18 19 18

 18 18 19

 19 23 23

 19 23 18

 18 20 18

 18 18 20

 23 23 20

 23 20 18

 23 18 19

 23 19 20

 18 18 19

 18 19 23

 23 20 18

 23 18 18

 20 23 18

 20 18 18

 4 18 20

 4 20 19

 9 11 18

 9 18 4

 11 23 18

 11 18 18

 3 24 20

 3 20 19

 6 13 24

 6 24 3

 13 9 4

 13 4 24

 11 14 20

 11 20 18

 13 7 14

 13 14 11

 7 6 3

 7 3 14

 11 1 19

 11 19 20

 26 13 1

 26 1 11

 13 13 11

 13 11 1

 6 25 20

 6 20 31

 66 7 25

 66 25 6

 7 26 11

 7 11 25

 20 0 0

 20 0 0

 20 24 0

 20 0 20

 24 0 31

 24 31 0

 18 14 24

 18 24 23

 23 19 14

 23 14 18

 19 20 20

 19 20 14

 11 23 14

 11 14 3

 18 19 23

 18 23 11

 19 23 18

 19 18 23

 14 12 15

 14 15 3

 19 18 12

 19 12 14

 18 18 11

 18 11 12

 18 18 11

 18 11 23

 23 18 18

 23 18 18

 18 19 14

 18 14 18

 19 23 18

 19 18 24

 23 22 23

 23 23 19

 22 23 18

 22 18 23

 19 18 23

 19 23 18

 22 27 18

 22 18 19

 27 23 19

 27 19 18

 19 22 23

 19 23 18

 19 22 22

 19 22 19

 22 22 19

 22 19 22

 19 23 18

 19 18 20

 19 22 23

 19 23 19

 22 19 19

 22 19 23

 24 20 18

 24 18 20

 9 18 20

 9 20 24

 18 19 19

 18 19 20

 14 1 18

 14 18 18

 3 17 1

 3 1 14

 17 9 24

 17 24 1

 18 20 23

 18 23 18

 20 11 20

 20 20 18

 11 3 14

 11 14 20

 18 18 18

 18 18 23

 23 18 18

 23 18 18

 18 20 18

 18 18 18

 23 23 20

 23 20 23

 18 23 23

 18 23 23

 23 23 18

 23 18 23

 18 23 23

 18 23 23

 18 23 23

 18 23 18

 23 18 23

 23 23 23

 23 18 18

 23 18 23

 23 18 18

 23 18 23

 18 18 18

 18 18 18

 18 18 18

 18 18 19

 19 20 18

 19 18 18

 20 23 23

 20 23 18

 23 23 20

 23 20 23

 23 23 23

 23 23 23

 23 19 18

 23 18 23

 23 20 23

 23 23 23

 20 18 20

 20 20 23

 18 23 23

 18 23 20

 23 18 23

 23 23 18

 23 18 18

 23 18 23

 18 20 23

 18 23 18

 19 23 18

 19 18 23

 23 23 23

 23 23 19

 23 23 23

 23 23 23

 20 20 18

 20 18 19

 18 18 20

 18 20 20

 18 23 19

 18 19 20

 24 18 20

 24 20 19

 18 23 18

 18 18 24

 23 18 20

 23 20 18

 19 23 23

 19 23 18

 23 23 23

 23 23 19

 23 18 24

 23 24 23

 19 23 23

 19 23 18

 24 18 23

 24 23 19

 18 23 19

 18 19 23

 18 18 18

 18 18 23

 23 18 18

 23 18 18

 18 24 19

 18 19 18

 20 19 23

 20 23 19

 23 18 19

 23 19 20

 18 23 18

 18 18 19

 19 18 20

 19 20 23

 23 18 18

 23 18 19

 18 23 20

 18 20 18

 22 20 27

 22 27 20

 20 18 20

 20 20 22

 18 23 19

 18 19 20

 22 24 22

 22 22 20

 23 19 24

 23 24 22

 19 20 22

 19 22 24

 18 20 19

 18 19 23

 19 20 20

 19 20 18

 20 23 22

 20 22 20

 23 18 19

 23 19 24

 19 20 18

 19 18 23

 20 19 18

 20 18 18

 20 23 18

 20 18 23

 18 20 23

 18 23 20

 20 19 23

 20 23 23

 19 20 23

 19 23 23

 20 19 20

 20 20 19

 19 18 20

 19 20 20

 30 23 30

 30 30 30

 31 20 23

 31 23 30

 20 20 19

 20 19 23

 18 18 18

 18 18 18

 13 6 29

 13 29 29

 6 31 30

 6 30 29

 5 0 4

 5 4 10

 48 5 0

 48 0 5

 5 13 29

 5 29 0

 18 4 14

 18 14 18

 23 24 4

 23 4 18

 24 0 6

 24 6 4

 7 1 11

 7 11 1

 3 14 1

 3 1 7

 14 23 18

 14 18 1

 23 3 14

 23 14 23

 23 11 3

 23 3 23

 11 3 13

 11 13 3

 23 20 19

 23 19 18

 24 18 20

 24 20 23

 18 23 23

 18 23 20

 23 19 23

 23 23 18

 18 23 19

 18 19 23

 23 24 23

 23 23 19

 19 23 18

 19 18 24

 18 23 23

 18 23 19

 23 18 23

 23 23 23

 22 20 22

 22 22 20

 20 18 20

 20 20 22

 18 18 19

 18 19 20

 19 23 19

 19 19 23

 20 18 23

 20 23 19

 18 20 22

 18 22 23

 20 18 18

 20 18 23

 18 18 18

 18 18 20

 18 20 19

 18 19 18

 20 23 20

 20 20 19

 18 23 23

 18 23 20

 23 18 20

 23 20 23

 20 18 23

 20 23 19

 23 18 18

 23 18 20

 18 18 20

 18 20 18

 18 18 23

 18 23 18

 23 20 18

 23 18 18

 20 23 20

 20 20 18

 19 23 23

 19 23 20

 23 23 23

 23 23 19

 23 23 18

 23 18 23

 19 20 18

 19 18 20

 23 18 20

 23 20 19

 18 23 19

 18 19 20

 23 18 18

 23 18 23

 19 18 18

 19 18 23

 18 23 19

 18 19 18

 18 18 23

 18 23 23

 23 20 18

 23 18 18

 20 19 23

 20 23 18

 23 18 18

 23 18 18

 23 23 18

 23 18 23

 23 23 18

 23 18 18

 20 27 20

 20 20 19

 18 23 27

 18 27 20

 23 23 23

 23 23 27

 23 19 23

 23 23 23

 23 18 19

 23 19 23

 18 18 20

 18 20 19

 23 23 20

 23 20 22

 19 18 23

 19 23 23

 18 23 23

 18 23 23

 24 22 24

 24 24 22

 19 20 22

 19 22 24

 20 19 23

 20 23 22

 23 27 20

 23 20 23

 18 23 27

 18 27 23

 23 19 24

 23 24 27

 19 20 23

 19 23 23

 18 23 20

 18 20 19

 23 18 23

 23 23 20

 23 23 18

 23 18 18

 23 18 23

 23 23 23

 18 18 19

 18 19 23

 23 19 23

 23 23 19

 19 23 19

 19 19 23

 23 23 23

 23 23 19

 19 23 23

 19 23 23

 23 20 23

 23 23 19

 20 19 23

 20 23 23

 18 20 18

 18 18 20

 20 27 20

 20 20 18

 27 23 19

 27 19 20

 18 24 23

 18 23 23

 20 22 24

 20 24 18

 22 20 18

 22 18 24

 24 20 11

 24 11 9

 23 19 20

 23 20 24

 19 20 18

 19 18 20

 20 9 6

 20 6 7

 24 19 9

 24 9 20

 19 23 24

 19 24 9

 14 1 6

 14 6 13

 23 18 1

 23 1 14

 18 24 20

 18 20 1

 4 24 17

 4 17 3

 23 23 24

 23 24 4

 23 23 14

 23 14 24

 30 23 4

 30 4 18

 30 30 23

 30 23 30

 30 23 4

 30 4 23

 29 29 18

 29 18 19

 18 11 11

 18 11 18

 4 30 30

 4 30 4

 2 4 1

 2 1 5

 10 4 4

 10 4 2

 4 29 29

 4 29 4

 18 1 14

 18 14 23

 18 14 1

 18 1 18

 14 25 13

 14 13 1

 1 19 23

 1 23 19

 1 11 19

 1 19 1

 11 18 18

 11 18 19

 11 4 23

 11 23 23

 12 2 4

 12 4 11

 2 1 1

 2 1 4

 22 23 22

 22 22 14

 23 14 23

 23 23 22

 14 12 11

 14 11 23

 23 23 22

 23 22 24

 18 19 23

 18 23 23

 19 23 22

 19 22 23

 23 23 23

 23 23 23

 18 23 23

 18 23 23

 23 18 23

 23 23 23

 19 23 23

 19 23 23

 24 18 23

 24 23 19

 18 18 23

 18 23 23

 19 23 23

 19 23 18

 20 22 23

 20 23 19

 22 24 19

 22 19 23

 18 20 23

 18 23 20

 23 19 20

 23 20 18

 19 20 19

 19 19 20

 18 18 23

 18 23 18

 23 18 18

 23 18 18

 18 23 18

 18 18 18

 18 18 19

 18 19 20

 19 20 18

 19 18 18

 20 23 18

 20 18 18

 23 19 18

 23 18 20

 19 23 19

 19 19 23

 23 19 18

 23 18 19

 19 23 18

 19 18 23

 18 23 23

 18 23 19

 23 19 23

 23 23 23

 18 23 18

 18 18 20

 20 23 23

 20 23 18

 23 18 19

 23 19 23

 19 23 23

 19 23 18

 20 18 23

 20 23 19

 18 20 18

 18 18 23

 20 18 18

 20 18 23

 23 18 18

 23 18 20

 18 20 19

 18 19 18

 19 23 18

 19 18 23

 23 23 23

 23 23 19

 23 23 20

 23 20 23

 23 20 18

 23 18 18

 18 18 20

 18 20 23

 18 23 19

 18 19 20

 20 18 20

 20 20 23

 19 20 18

 19 18 20

 20 18 23

 20 23 18

 23 18 19

 23 19 18

 23 23 18

 23 18 23

 23 19 20

 23 20 18

 23 23 23

 23 23 22

 22 20 23

 22 23 23

 20 23 23

 20 23 23

 20 19 23

 20 23 19

 22 24 19

 22 19 20

 24 22 23

 24 23 19

 23 23 23

 23 23 18

 23 20 23

 23 23 23

 20 22 20

 20 20 23

 18 18 18

 18 18 23

 23 23 18

 23 18 18

 23 23 23

 23 23 18

 23 23 20

 23 20 23

 18 18 23

 18 23 23

 18 23 18

 18 18 23

 23 18 20

 23 20 18

 19 23 18

 19 18 23

 23 18 23

 23 23 18

 23 23 23

 23 23 18

 23 23 23

 23 23 23

 23 19 23

 23 23 23

 14 18 11

 14 11 12

 20 18 18

 20 18 14

 18 23 23

 18 23 18

 11 14 17

 11 17 15

 23 23 14

 23 14 11

 23 20 14

 23 14 14

 17 0 2

 17 2 66

 9 11 0

 9 0 17

 11 23 11

 11 11 0

 1 9 5

 1 5 5

 18 4 9

 18 9 1

 4 3 15

 4 15 9

 4 11 2

 4 2 10

 19 18 11

 19 11 4

 18 18 1

 18 1 11

 26 25 21

 26 21 55

 5 1 25

 5 25 26

 1 19 4

 1 4 25

 4 12 4

 4 4 19

 9 6 12

 9 12 4

 6 5 13

 6 13 12

 19 23 18

 19 18 23

 23 14 23

 23 23 19

 14 9 4

 14 4 23

 23 23 23

 23 23 18

 19 23 23

 19 23 23

 23 23 19

 23 19 23

 19 18 22

 19 22 24

 23 23 18

 23 18 19

 23 19 23

 23 23 18

 27 14 22

 27 22 24

 14 22 14

 14 14 27

 22 23 19

 22 19 14

 22 24 22

 22 22 14

 24 22 24

 24 24 22

 22 14 27

 22 27 24

 24 20 20

 24 20 9

 23 23 20

 23 20 24

 23 24 22

 23 22 20

 1 1 6

 1 6 17

 23 23 1

 23 1 1

 23 23 24

 23 24 1

 1 11 13

 1 13 15

 18 23 11

 18 11 1

 23 23 1

 23 1 11

 12 11 7

 12 7 13

 20 23 11

 20 11 12

 23 18 1

 23 1 11

 4 11 5

 4 5 13

 18 23 11

 18 11 4

 23 20 12

 23 12 11

 14 1 13

 14 13 7

 20 19 1

 20 1 14

 19 18 4

 19 4 1

 4 3 2

 4 2 13

 20 18 3

 20 3 4

 18 20 14

 18 14 3

 11 4 13

 11 13 15

 23 18 4

 23 4 11

 18 20 4

 18 4 4

 11 12 6

 11 6 12

 20 18 12

 20 12 11

 18 23 11

 18 11 12

 18 23 24

 18 24 18

 18 23 23

 18 23 18

 23 20 11

 23 11 23

 18 18 23

 18 23 23

 23 18 18

 23 18 18

 18 18 18

 18 18 18

 19 18 23

 19 23 20

 23 18 18

 23 18 19

 18 23 18

 18 18 18

 18 18 23

 18 23 23

 18 18 18

 18 18 18

 18 23 19

 18 19 18

 18 23 23

 18 23 23

 23 20 23

 23 23 18

 20 18 18

 20 18 23

 18 23 19

 18 19 23

 18 19 23

 18 23 18

 19 23 18

 19 18 23

 20 18 20

 20 20 19

 22 23 18

 22 18 20

 23 18 18

 23 18 18

 20 19 20

 20 20 19

 19 23 19

 19 19 20

 23 22 20

 23 20 19

 18 23 20

 18 20 23

 18 23 23

 18 23 18

 23 19 20

 23 20 23

 19 18 23

 19 23 20

 23 18 18

 23 18 19

 18 18 18

 18 18 18

 24 23 20

 24 20 0

 23 20 23

 23 23 24

 20 23 19

 20 19 23

 14 11 6

 14 6 17

 18 20 11

 18 11 14

 20 23 24

 20 24 11

 12 1 7

 12 7 10

 18 23 1

 18 1 12

 23 18 14

 23 14 1

 15 0 2

 15 2 66

 12 11 0

 12 0 15

 11 18 12

 11 12 0

 14 0 11

 14 11 23

 9 13 0

 9 0 14

 13 49 2

 13 2 0

 23 19 23

 23 23 23

 19 4 19

 19 19 23

 4 9 14

 4 14 19

 23 23 23

 23 23 23

 23 18 23

 23 23 23

 18 19 23

 18 23 23

 18 20 18

 18 18 23

 18 23 20

 18 20 18

 23 23 23

 23 23 20

 19 20 19

 19 19 24

 24 22 20

 24 20 19

 22 18 18

 22 18 20

 18 24 19

 18 19 23

 24 22 24

 24 24 18

 22 24 19

 22 19 24

 20 14 24

 20 24 6

 14 22 14

 14 14 20

 22 24 18

 22 18 14

 31 0 6

 31 6 5

 9 20 0

 9 0 31

 20 14 20

 20 20 0

 20 4 11

 20 11 18

 18 24 4

 18 4 20

 24 12 15

 24 15 4

 23 23 24

 23 24 22

 23 23 23

 23 23 23

 23 18 20

 23 20 23

 19 18 20

 19 20 19

 20 23 18

 20 18 19

 23 23 23

 23 23 18

 23 23 23

 23 23 23

 23 23 23

 23 23 23

 23 20 19

 23 19 23

 19 23 18

 19 18 18

 23 23 23

 23 23 19

 23 23 23

 23 23 23

 18 23 23

 18 23 18

 23 19 23

 23 23 18

 19 23 19

 19 19 23

 24 18 23

 24 23 18

 19 20 18

 19 18 24

 20 23 18

 20 18 18

 11 19 4

 11 4 12

 19 20 19

 19 19 11

 20 19 24

 20 24 19

 1 11 15

 1 15 15

 23 20 11

 23 11 1

 20 19 11

 20 11 11

 11 12 13

 11 13 10

 20 23 12

 20 12 11

 23 23 1

 23 1 12

 6 25 13

 6 13 83

 0 20 25

 0 25 6

 20 20 11

 20 11 25

 19 4 1

 19 1 18

 23 11 4

 23 4 19

 11 26 13

 11 13 4

 23 23 20

 23 20 23

 23 23 23

 23 23 23

 23 23 19

 23 19 23

 19 18 18

 19 18 23

 23 23 18

 23 18 19

 23 23 23

 23 23 18

 22 18 18

 22 18 23

 23 18 18

 23 18 22

 18 23 19

 18 19 18

 20 24 24

 20 24 9

 24 19 24

 24 24 20

 19 23 22

 19 22 24

 14 4 17

 14 17 13

 23 19 4

 23 4 14

 19 24 20

 19 20 4

 6 0 13

 6 13 50

 6 24 0

 6 0 6

 24 23 14

 24 14 0

 1 9 6

 1 6 0

 18 11 9

 18 9 1

 11 13 13

 11 13 9

 14 19 1

 14 1 22

 22 24 19

 22 19 14

 24 18 1

 24 1 19

 23 22 24

 23 24 18

 19 20 22

 19 22 23

 20 22 14

 20 14 22

 23 23 24

 23 24 18

 23 23 23

 23 23 23

 23 19 23

 23 23 23

 19 18 23

 19 23 18

 18 18 18

 18 18 19

 18 23 23

 18 23 18

 20 23 23

 20 23 22

 18 23 23

 18 23 20

 23 18 19

 23 19 23

 4 18 11

 4 11 0

 18 23 18

 18 18 4

 23 18 20

 23 20 18

 17 9 6

 17 6 10

 12 4 9

 12 9 17

 4 18 4

 4 4 9

 19 12 11

 19 11 20

 18 1 12

 18 12 19

 1 2 2

 1 2 12

 19 18 19

 19 19 20

 23 20 18

 23 18 19

 20 18 19

 20 19 18

 11 18 11

 11 11 3

 23 18 18

 23 18 11

 18 23 19

 18 19 18

 4 1 13

 4 13 17

 23 18 1

 23 1 4

 18 23 11

 18 11 1

 13 0 2

 13 2 66

 9 24 0

 9 0 13

 24 23 4

 24 4 0

 12 0 2

 12 2 2

 22 1 0

 22 0 12

 1 0 15

 1 15 0

 12 14 7

 12 7 13

 18 24 14

 18 14 12

 24 22 12

 24 12 14

 12 14 5

 12 5 6

 18 24 14

 18 14 12

 24 18 12

 24 12 14

 12 4 7

 12 7 13

 18 23 4

 18 4 12

 23 18 12

 23 12 4

 3 11 2

 3 2 7

 22 23 11

 22 11 3

 23 18 12

 23 12 11

 15 9 10

 15 10 21

 0 11 9

 0 9 15

 11 22 3

 11 3 9

 4 6 2

 4 2 5

 20 11 6

 20 6 4

 11 21 7

 11 7 6

 1 3 5

 1 5 2

 20 19 3

 20 3 1

 19 20 4

 19 4 3

 13 0 2

 13 2 66

 3 11 0

 3 0 13

 11 20 1

 11 1 0

 2 9 5

 2 5 83

 9 9 2

 9 2 5

 9 7 50

 9 50 2

 6 11 9

 6 9 2

 11 14 9

 11 9 9

 14 0 7

 14 7 9

 6 11 11

 6 11 6

 11 14 14

 11 14 11

 14 4 0

 14 0 14

 15 3 11

 15 11 6

 3 23 14

 3 14 11

 23 12 4

 23 4 14

 12 3 13

 12 13 4

 10 3 3

 10 3 15

 3 1 23

 3 23 3

 1 23 12

 1 12 23

 23 3 3

 23 3 12

 3 17 21

 3 21 3

 15 3 1

 15 1 3

 3 1 23

 3 23 1

 1 14 3

 1 3 23

 14 0 17

 14 17 3

 17 11 1

 17 1 3

 11 1 14

 11 14 1

 1 4 0

 1 0 14

 31 14 1

 31 1 11

 14 1 4

 14 4 1

 1 3 17

 1 17 4

 17 12 14

 17 14 31

 12 23 1

 12 1 14

 23 3 3

 23 3 1

 3 15 10

 3 10 3

 3 6 5

 3 5 21

 6 9 26

 6 26 5

 10 1 12

 10 12 17

 1 24 23

 1 23 12

 24 11 3

 24 3 23

 11 6 15

 11 15 3

 11 12 3

 11 3 2

 12 23 6

 12 6 3

 23 6 9

 23 9 6

 6 7 26

 6 26 9

 9 14 24

 9 24 1

 14 14 11

 14 11 24

 14 9 6

 14 6 11

 9 12 17

 9 17 2

 12 14 11

 12 11 17

 14 14 12

 14 12 11

 14 12 23

 14 23 12

 12 9 6

 12 6 23

 9 26 7

 9 7 6

 25 11 14

 25 14 9

 11 24 14

 11 14 14

 24 20 9

 24 9 14

 14 1 9

 14 9 17

 1 23 12

 1 12 9

 23 1 14

 23 14 12

 1 11 14

 1 14 14

 11 6 12

 11 12 14

 6 5 9

 6 9 12

 6 11 11

 6 11 25

 11 23 24

 11 24 11

 23 24 20

 23 20 24

 24 24 14

 24 14 20

 24 23 1

 24 1 14

 23 14 23

 23 23 1

 14 11 1

 14 1 23

 11 7 11

 11 11 1

 3 14 11

 3 11 6

 14 23 23

 14 23 11

 23 23 24

 23 24 23

 23 23 24

 23 24 24

 23 23 23

 23 23 24

 23 3 14

 23 14 23

 3 6 11

 3 11 14

 12 24 14

 12 14 3

 24 23 23

 24 23 14

 23 24 23

 23 23 23

 24 14 23

 24 23 23

 14 3 23

 14 23 23

 3 0 3

 3 3 23

 0 26 6

 0 6 3

 15 12 12

 15 12 10

 12 23 24

 12 24 12

 23 24 23

 23 23 24

 24 20 24

 24 24 23

 20 25 14

 20 14 24

 25 15 3

 25 3 14

 15 21 0

 15 0 3

 15 11 12

 15 12 15

 11 23 23

 11 23 12

 23 14 24

 23 24 23

 14 25 20

 14 20 24

 17 3 11

 17 11 15

 3 23 23

 3 23 11

 23 3 14

 23 14 23

 3 6 25

 3 25 14

 66 9 3

 66 3 17

 9 6 23

 9 23 3

 6 0 3

 6 3 23

 0 21 6

 0 6 3

 21 10 6

 21 6 9

 10 10 0

 10 0 6

 5 9 5

 5 5 83

 9 3 7

 9 7 5

 3 0 26

 3 26 7

 13 12 9

 13 9 5

 12 23 3

 12 3 9

 23 3 0

 23 0 3

 3 15 10

 3 10 0

 10 1 12

 10 12 13

 1 24 23

 1 23 12

 24 11 3

 24 3 23

 11 17 15

 11 15 3

 15 9 10

 15 10 16

 9 9 2

 9 2 10

 9 10 83

 9 83 2

 11 14 24

 11 24 1

 14 11 11

 14 11 24

 11 25 17

 11 17 11

 1 14 9

 1 9 15

 14 3 9

 14 9 9

 3 15 10

 3 10 9

 3 24 14

 3 14 11

 24 12 11

 24 11 14

 12 13 25

 12 25 11

 13 12 1

 13 1 26

 12 14 14

 12 14 1

 14 4 3

 14 3 14

 4 28 15

 4 15 3

 13 12 3

 13 3 2

 12 24 24

 12 24 3

 24 1 12

 24 12 24

 1 10 13

 1 13 12

 7 9 12

 7 12 13

 9 9 14

 9 14 12

 9 13 4

 9 4 14

 6 11 12

 6 12 13

 11 14 24

 11 24 12

 14 9 1

 14 1 24

 49 5 9

 49 9 7

 5 2 9

 5 9 9

 2 16 13

 2 13 9

 25 11 11

 25 11 6

 11 11 14

 11 14 11

 11 25 9

 11 9 14

 25 11 11

 25 11 25

 11 11 11

 11 11 11

 11 25 25

 11 25 11

 25 11 11

 25 11 25

 11 11 11

 11 11 11

 11 25 25

 11 25 11

 12 3 13

 12 13 21

 3 9 5

 3 5 13

 9 5 49

 9 49 5

 25 11 11

 25 11 25

 11 11 11

 11 11 11

 11 6 25

 11 25 11

 9 3 6

 9 6 26

 3 14 12

 3 12 6

 14 24 3

 14 3 12

 24 9 9

 24 9 3

 9 2 5

 9 5 9

 6 11 11

 6 11 25

 11 14 11

 11 11 11

 14 9 6

 14 6 11

 31 3 9

 31 9 28

 3 23 3

 3 3 9

 23 24 14

 23 14 3

 24 14 24

 24 24 14

 14 17 9

 14 9 24

 17 83 2

 17 2 9

 6 0 7

 6 7 83

 0 14 7

 0 7 7

 14 15 16

 14 16 7

 9 4 11

 9 11 6

 4 14 14

 4 14 11

 14 4 9

 14 9 14

 12 14 3

 12 3 31

 14 23 23

 14 23 3

 23 24 24

 23 24 23

 24 20 14

 24 14 24

 6 14 0

 6 0 6

 14 13 14

 14 14 0

 13 20 15

 13 15 14

 2 9 5

 2 5 83

 9 11 17

 9 17 5

 11 11 17

 11 17 17

 11 3 13

 11 13 17

 3 1 21

 3 21 13

 6 4 4

 6 4 9

 4 20 14

 4 14 4

 20 12 4

 20 4 14

 12 31 21

 12 21 4

 17 12 12

 17 12 5

 12 23 14

 12 14 12

 23 23 23

 23 23 14

 23 23 24

 23 24 23

 23 4 20

 23 20 24

 4 24 13

 4 13 20

 9 25 83

 9 83 66

 12 5 14

 12 14 6

 5 12 13

 5 13 14

 12 13 20

 12 20 13

 13 43 25

 13 25 20

 43 2 0

 43 0 25

 2 25 50

 2 50 0

 6 11 9

 6 9 2

 11 23 11

 11 11 9

 23 24 11

 23 11 11

 24 24 3

 24 3 11

 24 14 1

 24 1 3

 14 4 12

 14 12 1

 4 14 6

 4 6 12

 18 11 20

 18 20 4

 11 14 12

 11 12 20

 14 12 31

 14 31 12

 4 14 12

 4 12 17

 14 23 23

 14 23 12

 23 23 23

 23 23 23

 23 23 23

 23 23 23

 23 23 4

 23 4 23

 23 24 24

 23 24 4

 24 24 9

 24 9 24

 24 12 25

 24 25 9

 12 1 13

 12 13 25

 17 9 5

 17 5 12

 9 6 12

 9 12 5

 6 27 13

 6 13 12

 27 3 43

 27 43 13

 3 3 2

 3 2 43

 3 28 25

 3 25 2

 0 3 13

 0 13 21

 3 11 15

 3 15 13

 11 12 13

 11 13 15

 12 12 10

 12 10 13

 6 11 11

 6 11 6

 11 24 23

 11 23 11

 24 23 24

 24 24 23

 23 23 24

 23 24 24

 23 24 14

 23 14 24

 24 23 4

 24 4 14

 23 11 14

 23 14 4

 11 11 18

 11 18 14

 11 20 11

 11 11 18

 20 24 14

 20 14 11

 24 12 12

 24 12 14

 12 6 26

 12 26 12

 15 12 4

 15 4 26

 12 23 14

 12 14 4

 23 23 23

 23 23 14

 23 23 23

 23 23 23

 23 23 23

 23 23 23

 23 23 23

 23 23 23

 23 23 24

 23 24 23

 23 23 24

 23 24 24

 23 23 12

 23 12 24

 23 14 1

 23 1 12

 14 3 6

 14 6 1

 3 3 26

 3 26 6

 7 0 9

 7 9 17

 0 14 6

 0 6 9

 14 11 27

 14 27 6

 11 20 3

 11 3 27

 20 7 3

 20 3 3

 7 15 28

 7 28 3

 13 3 0

 13 0 26

 3 23 3

 3 3 0

 23 24 11

 23 11 3

 24 24 12

 24 12 11

 24 14 12

 24 12 12

 14 3 6

 14 6 12

 3 9 26

 3 26 6

 9 14 11

 9 11 6

 14 14 24

 14 24 11

 14 0 23

 14 23 24

 0 14 24

 0 24 23

 14 23 23

 14 23 24

 23 14 11

 23 11 23

 14 1 11

 14 11 11

 1 14 24

 1 24 20

 14 14 12

 14 12 24

 14 12 6

 14 6 12

 15 11 12

 15 12 15

 11 23 23

 11 23 12

 23 23 23

 23 23 23

 23 23 23

 23 23 23

 23 23 23

 23 23 23

 23 23 23

 23 23 23

 23 23 23

 23 23 23

 23 23 23

 23 23 23

 23 23 23

 23 23 23

 23 23 14

 23 14 23

 23 23 3

 23 3 14

 23 12 3

 23 3 3

 12 11 2

 12 2 3

 26 15 14

 26 14 0

 15 6 11

 15 11 14

 6 13 20

 6 20 11

 13 10 7

 13 7 20

 6 11 3

 6 3 13

 11 24 23

 11 23 3

 24 23 24

 24 24 23

 23 14 24

 23 24 24

 14 1 14

 14 14 24

 1 23 3

 1 3 14

 23 3 9

 23 9 3

 3 25 28

 3 28 9

 4 14 14

 4 14 9

 14 11 14

 14 14 14

 11 6 0

 11 0 14

 6 11 14

 6 14 0

 11 23 23

 11 23 14

 23 24 14

 23 14 23

 24 20 1

 24 1 14

 20 24 14

 20 14 1

 24 23 14

 24 14 14

 23 12 12

 23 12 14

 12 13 10

 12 10 12

 13 3 11

 13 11 15

 3 23 23

 3 23 11

 23 23 23

 23 23 23

 23 23 23

 23 23 23

 23 23 23

 23 23 23

 23 23 23

 23 23 23

 23 23 23

 23 23 23

 23 23 23

 23 23 23

 23 23 23

 23 23 23

 23 23 23

 23 23 23

 23 23 23

 23 23 23

 23 23 12

 23 12 23

 23 14 11

 23 11 12

 14 12 6

 14 6 11

 12 0 10

 12 10 6

 25 11 11

 25 11 6

 11 14 24

 11 24 11

 14 0 23

 14 23 24

 13 11 1

 13 1 14

 11 14 23

 11 23 1

 14 24 3

 14 3 23

 24 20 25

 24 25 3

 14 1 4

 14 4 13

 1 23 14

 1 14 4

 23 3 11

 23 11 14

 3 13 6

 3 6 11

 7 9 11

 7 11 6

 9 14 23

 9 23 11

 14 23 24

 14 24 23

 23 24 20

 23 20 24

 24 24 20

 24 20 20

 24 23 24

 24 24 20

 23 23 23

 23 23 24

 23 11 12

 23 12 23

 11 15 13

 11 13 12

 21 0 3

 21 3 13

 0 3 23

 0 23 3

 3 14 23

 3 23 23

 14 24 23

 14 23 23

 24 23 23

 24 23 23

 23 23 23

 23 23 23

 23 23 23

 23 23 23

 23 23 23

 23 23 23

 23 23 23

 23 23 23

 23 23 23

 23 23 23

 23 23 23

 23 23 23

 23 23 23

 23 23 23

 23 23 14

 23 14 23

 23 23 12

 23 12 14

 23 6 0

 23 0 12

 6 2 28

 6 28 0

 6 11 11

 6 11 25

 11 11 14

 11 14 11

 11 25 0

 11 0 14

 25 14 14

 25 14 11

 14 23 24

 14 24 14

 23 24 20

 23 20 24

 24 24 14

 24 14 20

 24 14 1

 24 1 14

 14 3 23

 14 23 1

 3 0 3

 3 3 23

 0 21 13

 0 13 3

 83 15 9

 83 9 7

 15 12 14

 15 14 9

 12 3 23

 12 23 14

 3 11 24

 3 24 23

 11 11 24

 11 24 24

 11 11 23

 11 23 24

 11 11 23

 11 23 23

 11 0 11

 11 11 23

 0 7 15

 0 15 11

 26 7 3

 26 3 0

 7 0 14

 7 14 3

 0 20 24

 0 24 14

 20 24 23

 20 23 24

 24 23 23

 24 23 23

 23 23 23

 23 23 23

 23 23 23

 23 23 23

 23 23 23

 23 23 23

 23 23 23

 23 23 23

 23 23 23

 23 23 23

 23 23 23

 23 23 23

 23 23 23

 23 23 23

 23 14 23

 23 23 23

 14 1 6

 14 6 23

 1 28 2

 1 2 6

 9 14 11

 9 11 6

 14 11 11

 14 11 11

 11 25 25

 11 25 11

 13 0 14

 13 14 25

 0 11 23

 0 23 14

 11 11 24

 11 24 23

 11 3 24

 11 24 24

 3 12 14

 3 14 24

 12 6 3

 12 3 14

 6 26 0

 6 0 3

 21 13 3

 21 3 12

 13 17 11

 13 11 3

 17 17 11

 17 11 11

 17 17 11

 17 11 11

 17 17 11

 17 11 11

 17 5 0

 17 0 11

 5 90 7

 5 7 0

 14 24 24

 14 24 20

 24 23 23

 24 23 24

 23 24 23

 23 23 23

 24 24 23

 24 23 23

 24 23 23

 24 23 23

 23 23 23

 23 23 23

 23 23 23

 23 23 23

 23 23 23

 23 23 23

 23 23 23

 23 23 23

 23 14 14

 23 14 23

 14 0 1

 14 1 14

 4 14 14

 4 14 9

 14 11 11

 14 11 14

 11 17 25

 11 25 11

 90 5 0

 90 0 13

 5 17 11

 5 11 0

 17 17 11

 17 11 11

 17 13 3

 17 3 11

 13 21 12

 13 12 3

 1 1 14

 1 14 13

 1 23 24

 1 24 14

 23 1 23

 23 23 24

 1 14 24

 1 24 23

 14 14 24

 14 24 24

 14 1 23

 14 23 24

 1 23 23

 1 23 23

 23 23 23

 23 23 23

 23 23 23

 23 23 23

 23 23 23

 23 23 23

 23 11 14

 23 14 23

 11 25 0

 11 0 14

 26 15 5

 26 5 55

 15 11 17

 15 17 5

 11 11 17

 11 17 17

 11 3 13

 11 13 17

 3 1 21

 3 21 13

 4 1 4

 4 4 13

 1 23 14

 1 14 4

 23 3 11

 23 11 14

 3 13 17

 3 17 11

 13 9 6

 13 6 49

 9 14 1

 9 1 6

 14 23 1

 14 1 1

 23 12 23

 23 23 1

 12 3 1

 12 1 23

 3 13 14

 3 14 1

 13 11 1

 13 1 14

 11 14 23

 11 23 1

 14 23 23

 14 23 23

 23 23 23

 23 23 23

 23 23 23

 23 23 23

 23 11 11

 23 11 23

 11 17 25

 11 25 11

 66 0 15

 66 15 26

 0 9 11

 0 11 15

 9 14 11

 9 11 11

 14 14 3

 14 3 11

 14 14 1

 14 1 3

 14 14 9

 14 9 1

 14 11 6

 14 6 9

 11 11 25

 11 25 6

 11 11 25

 11 25 25

 11 11 6

 11 6 25

 11 14 9

 11 9 6

 14 14 4

 14 4 9

 14 23 1

 14 1 4

 23 12 23

 23 23 1

 12 9 3

 12 3 23

 9 21 13

 9 13 3

 15 11 9

 15 9 13

 11 23 14

 11 14 9

 23 14 23

 23 23 14

 14 1 12

 14 12 23

 1 13 3

 1 3 12

 0 14 14

 0 14 11

 14 23 23

 14 23 14

 23 23 23

 23 23 23

 23 23 23

 23 23 23

 23 3 11

 23 11 23

 3 13 17

 3 17 11

 28 13 9

 28 9 0

 13 0 14

 13 14 9

 0 1 14

 0 14 14

 1 3 14

 1 14 14

 3 11 14

 3 14 14

 11 11 11

 11 11 14

 11 11 11

 11 11 11

 11 11 11

 11 11 11

 11 11 11

 11 11 11

 11 11 14

 11 14 11

 11 11 14

 11 14 14

 11 3 23

 11 23 14

 3 9 12

 3 12 23

 9 13 9

 9 9 12

 7 0 11

 7 11 15

 0 11 23

 0 23 11

 11 9 14

 11 14 23

 9 15 1

 9 1 14

 6 11 14

 6 14 0

 11 23 23

 11 23 14

 23 23 23

 23 23 23

 23 12 23

 23 23 23

 12 9 3

 12 3 23

 9 21 13

 9 13 3

 21 13 3

 21 3 1

 13 17 11

 13 11 3

 17 17 11

 17 11 11

 17 17 11

 17 11 11

 17 17 11

 17 11 11

 17 17 11

 17 11 11

 17 17 11

 17 11 11

 17 17 11

 17 11 11

 17 13 3

 17 3 11

 13 28 9

 13 9 3

 90 5 0

 90 0 7

 5 15 11

 5 11 0

 15 5 9

 15 9 11

 5 83 15

 5 15 9

 13 3 11

 13 11 6

 3 23 23

 3 23 11

 23 14 23

 23 23 23

 14 1 12

 14 12 23

 1 13 9

 1 9 12

 21 0 3

 21 3 13

 0 9 23

 0 23 3

 9 9 14

 9 14 23

 9 15 1

 9 1 14

 28 7 9

 28 9 0

 7 5 9

 7 9 9

 5 83 15

 5 15 9

 26 3 70

 26 70 70

 2 17 70

 2 70 70

 7 17 70

 7 70 70

 6 1 70

 6 70 70

 49 6 70

 49 70 70

 21 13 70

 21 70 70

 49 7 70

 49 70 70

 5 83 70

 5 70 70

 1 10 70

 1 70 70

 13 17 70

 13 70 70

 9 13 70

 9 70 70

 17 17 70

 17 70 70

 21 13 70

 21 70 70

 17 5 70

 17 70 70

 28 15 70

 28 70 70

 13 16 70

 13 70 70

 26 0 70

 26 70 70

 5 90 70

 5 70 70

 13 26 70

 13 70 70

 25 6 70

 25 70 70

 20 11 47

 20 47 47

 1 15 70

 1 70 70

 10 15 70

 10 70 70

 28 0 70

 28 70 70

 9 25 70

 9 70 70

 13 4 70

 13 70 70

 28 2 70

 28 70 70

 13 21 70

 13 70 70

 6 25 70

 6 70 70

 17 13 70

 17 70 70

 15 83 70

 15 70 70

 7 26 70

 7 70 70

 3 21 70

 3 70 70

 23 23 70

 23 70 70

 17 17 70

 17 70 70

 26 9 70

 26 70 70

 5 7 70

 5 70 70

 21 17 70

 21 70 70

 5 17 70

 5 70 70

 0 25 70

 0 70 70

 9 6 70

 9 70 70

 83 5 70

 83 70 70

 55 5 70

 55 70 70

 25 11 70

 25 70 70

 9 1 70

 9 70 70

 6 26 70

 6 70 70

 23 0 70

 23 70 70

 12 6 70

 12 70 70

 0 23 70

 0 70 70

 6 9 70

 6 70 70

 9 2 70

 9 70 70

 11 1 82

 11 82 47

 26 0 70

 26 70 70

 13 21 70

 13 70 70

 1 20 47

 1 47 82

 83 7 70

 83 70 70

 7 26 70

 7 70 70

 6 12 70

 6 70 70

 25 25 70

 25 70 70

 13 14 70

 13 70 70

 26 0 70

 26 70 70

 15 15 70

 15 70 70

 9 26 70

 9 70 70

 90 5 70

 90 70 70

 5 17 70

 5 70 70

 25 25 70

 25 70 70

 6 26 70

 6 70 70

 17 17 70

 17 70 70

 13 5 70

 13 70 70

 1 6 70

 1 70 70

 2 3 70

 2 70 70

 17 17 70

 17 70 70

 15 15 70

 15 70 70

 17 17 70

 17 70 70

 17 13 70

 17 70 70

 15 7 70

 15 70 70

 13 21 70

 13 70 70

 10 12 70

 10 70 70

 26 0 70

 26 70 70

 10 15 70

 10 70 70

 26 6 70

 26 70 70

 20 25 70

 20 70 70

 6 12 70

 6 70 70

 2 11 70

 2 70 70

 26 4 70

 26 70 70

 26 0 70

 26 70 70

 12 26 70

 12 70 70

 25 25 70

 25 70 70

 28 1 70

 28 70 70

 7 10 70

 7 70 70

 25 25 70

 25 70 70

 14 18 82

 14 82 75

 6 13 70

 6 70 70

 12 21 70

 12 70 70

 2 28 70

 2 70 70

 25 9 70

 25 70 70

 49 5 70

 49 70 70

 10 1 70

 10 70 70

 9 6 70

 9 70 70

 10 10 70

 10 70 70

 9 20 70

 9 70 70

 15 3 70

 15 70 70

 10 21 70

 10 70 70

 25 25 70

 25 70 70

 14 17 70

 14 70 70

 28 4 70

 28 70 70

 13 10 70

 13 70 70

 13 25 70

 13 70 70

 28 25 70

 28 70 70

 4 13 70

 4 70 70

 15 13 70

 15 70 70

 4 9 70

 4 70 70

 13 15 70

 13 70 70

 17 0 70

 17 70 70

 21 13 70

 21 70 70

 20 0 70

 20 70 70

 10 13 70

 10 70 70

 2 83 70

 2 70 70

 0 7 70

 0 70 70

 7 26 70

 7 70 70

 9 5 70

 9 70 70

 25 25 70

 25 70 70

 50 7 70

 50 70 70

 0 26 70

 0 70 70

 15 17 70

 15 70 70

 21 12 70

 21 70 70

 25 6 70

 25 70 70

 5 26 70

 5 70 70

 9 26 70

 9 70 70

 21 5 70

 21 70 70

 25 13 70

 25 70 70

 3 10 70

 3 70 70

 17 15 70

 17 70 70

 24 9 70

 24 70 70

 12 15 70

 12 70 70

 15 83 70

 15 70 70

 5 2 70

 5 70 70

 21 0 70

 21 70 70

 25 6 70

 25 70 70

 7 90 70

 7 70 70

 14 20 70

 14 70 70

 4 6 70

 4 70 53

 12 6 70

 12 70 70

 6 25 70

 6 70 70

 1 12 70

 1 70 70

 6 9 70

 6 70 70

 1 0 70

 1 70 70

 31 28 70

 31 70 70

 4 9 70

 4 70 70

 15 16 70

 15 70 70

 2 3 70

 2 70 70

 25 17 70

 25 70 70

 6 25 70

 6 70 70

 90 13 70

 90 70 70

 83 10 70

 83 70 70

 2 83 70

 2 70 70

 11 1 70

 11 70 70

 83 5 70

 83 70 70

 21 0 70

 21 70 70

 6 83 70

 6 70 70

 26 1 70

 26 70 70

 0 50 70

 0 70 70

 5 7 70

 5 70 70

 25 0 70

 25 70 70

 7 28 70

 7 70 70

 17 25 70

 17 70 70

 20 25 70

 20 70 70

 9 66 70

 9 70 70

 12 21 70

 12 70 70

 16 15 70

 16 70 70

 17 3 70

 17 70 70

 6 2 70

 6 70 70

 1 13 70

 1 70 70

 11 7 70

 11 70 70

 0 21 70

 0 70 70

 0 4 70

 0 70 70

 66 83 70

 66 70 70

 7 0 70

 7 70 70

 0 21 70

 0 70 70

 13 1 70

 13 70 70

 20 13 70

 20 70 70

 4 17 70

 4 70 70

 9 6 70

 9 70 70

 11 17 70

 11 70 70

 7 11 70

 7 70 70

 83 5 70

 83 70 70

 5 12 70

 5 70 70

 66 17 70

 66 70 70

 5 15 70

 5 70 70

 4 21 70

 4 70 70

 15 5 70

 15 70 70

 9 4 70

 9 70 70

 5 90 70

 5 70 70

 12 31 70

 12 70 70

 28 13 70

 28 70 70

 0 25 70

 0 70 70

 6 21 70

 6 70 70

 13 17 70

 13 70 70

 26 55 70

 26 70 70

 13 21 70

 13 70 70

 17 17 70

 17 70 70

 17 13 70

 17 70 70

 17 17 70

 17 70 70

 14 20 70

 14 70 70

 17 17 70

 17 70 70

 17 17 70

 17 70 70

 6 6 70

 6 70 70

 5 17 70

 5 70 70

 20 14 70

 20 70 70

 17 17 70

 17 70 70

 83 5 70

 83 70 70

 17 17 70

 17 70 70

 21 1 70

 21 70 70

 17 17 70

 17 70 70

 4 13 70

 4 70 70

 15 20 70

 15 70 70

 17 13 70

 17 70 70

 1 15 70

 1 70 70

 11 13 70

 11 70 70

 13 21 70

 13 70 70

 21 9 70

 21 70 70

 17 13 70

 17 70 70

 10 15 70

 10 70 70

 13 49 70

 13 70 70

 3 11 70

 3 70 70

 0 28 70

 0 70 70

 2 83 70

 2 70 70

 25 13 70

 25 70 70

 83 17 70

 83 70 70

 17 14 70

 17 70 70

 3 6 70

 3 70 70

 14 13 70

 14 70 70

 13 14 70

 13 70 70

 21 1 70

 21 70 70

 13 9 70

 13 70 70

 6 9 70

 6 70 70

 31 11 70

 31 70 70

 17 3 70

 17 70 70

 11 6 70

 11 70 70

 21 31 70

 21 70 70

 17 5 70

 17 70 70

 25 17 70

 25 70 70

 6 6 70

 6 70 70

 66 26 70

 66 70 70

 0 4 70

 0 70 70

 5 6 70

 5 70 70

 6 11 70

 6 70 70

 1 0 70

 1 70 70

 13 24 70

 13 70 70

 7 16 70

 7 70 70

 0 13 70

 0 70 70

 9 66 70

 9 70 70

 7 7 70

 7 70 70

 3 15 70

 3 70 70

 20 20 77

 20 77 77

 13 28 70

 13 70 70

 83 25 70

 83 70 70

 83 7 70

 83 70 70

 21 9 70

 21 70 70

 12 6 70

 12 70 70

 20 14 70

 20 70 70

 0 10 70

 0 70 70

 1 10 70

 1 70 70

 2 83 70

 2 70 70

 10 2 70

 10 70 70

 16 10 70

 16 70 70

 13 26 70

 13 70 70

 28 9 70

 28 70 70

 13 1 70

 13 70 70

 50 25 70

 50 70 70

 13 4 70

 13 70 70

 6 2 70

 6 70 70

 13 21 70

 13 70 70

 15 28 70

 15 70 70

 15 13 70

 15 70 70

 13 2 70

 13 70 70

 21 9 70

 21 70 70

 0 6 70

 0 70 70

 14 23 70

 14 70 70

 6 0 70

 6 70 70

 6 14 75

 6 75 70

 13 10 70

 13 70 70

 3 13 70

 3 70 70

 18 4 53

 18 53 82

 10 13 70

 10 70 70

 0 11 70

 0 70 70

 1 20 77

 1 77 82

 13 6 70

 13 70 70

 20 1 82

 20 82 77

 6 15 70

 6 70 70

 31 12 70

 31 70 70

 17 31 70

 17 70 70

 15 26 70

 15 70 70

 4 17 70

 4 70 70

 6 10 70

 6 70 70

 2 50 70

 2 70 70

 11 6 70

 11 70 70

 5 2 70

 5 70 70

 12 3 70

 12 70 70

 10 13 70

 10 70 70

 83 5 70

 83 70 70

 17 13 70

 17 70 70

 13 15 70

 13 70 70

 10 15 70

 10 70 70

 6 12 70

 6 70 70

 28 0 70

 28 70 70

 3 21 70

 3 70 70

 26 6 70

 26 70 70

 26 9 70

 26 70 70

 0 66 70

 0 70 70

 6 26 70

 6 70 70

 13 1 70

 13 70 70

 17 12 70

 17 70 70

 26 9 70

 26 70 70

 11 13 70

 11 70 70

 15 6 70

 15 70 70

 13 3 70

 13 70 70

 12 10 70

 12 70 70

 25 28 70

 25 70 70

 17 9 70

 17 70 70

 0 21 70

 0 70 70

 9 13 70

 9 70 70

 10 0 70

 10 70 70

 13 3 70

 13 70 70

 5 49 70

 5 70 70

 7 15 70

 7 70 70

 25 6 70

 25 70 70

 13 5 70

 13 70 70

 21 13 70

 21 70 70

 10 12 70

 10 70 70

 7 13 70

 7 70 70

 3 10 70

 3 70 70

 23 0 70

 23 70 70

 6 6 70

 6 70 70

 1 15 70

 1 70 70

 13 14 70

 13 70 70

 6 0 70

 6 70 70

 4 13 70

 4 70 70

 9 4 70

 9 70 70

 6 13 70

 6 70 70

 6 9 70

 6 70 70

 9 28 70

 9 70 70

 25 6 70

 25 70 70

 25 20 70

 25 70 70

 25 25 70

 25 70 70

 14 13 70

 14 70 70

 1 9 70

 1 70 70

 6 25 70

 6 70 70

 9 6 70

 9 70 70

 13 21 70

 13 70 70

 1 9 70

 1 70 70

 21 1 70

 21 70 70

 6 13 70

 6 70 70

 10 17 70

 10 70 70

 7 6 70

 7 70 70

 26 6 70

 26 70 70

 15 7 70

 15 70 70

 15 26 70

 15 70 70

 0 10 70

 0 70 70

 21 15 70

 21 70 70

 15 6 70

 15 70 70

 15 25 70

 15 70 70

 11 2 70

 11 70 70

 25 20 70

 25 70 70

 0 7 70

 0 70 70

 15 10 70

 15 70 70

 3 2 70

 3 70 70

 9 28 70

 9 70 70

 26 7 70

 26 70 70

 16 2 70

 16 70 70

 90 7 70

 90 70 70

 13 15 70

 13 70 70

 2 5 70

 2 70 70

 21 13 70

 21 70 70

 5 49 70

 5 70 70

 14 14 70

 14 70 70

 15 83 70

 15 70 70

 17 11 70

 17 70 70

 13 6 70

 13 70 70

 0 21 70

 0 70 70

 30 91 91

 30 91 30

 30 91 91

 30 91 30

 30 91 91

 30 91 30

 30 91 91

 30 91 30

 30 91 91

 30 91 30

 30 91 91

 30 91 30

 30 91 91

 30 91 30

 30 91 91

 30 91 30

 30 91 91

 30 91 30

 30 91 91

 30 91 30

 23 9 9

 23 9 1

 23 12 14

 14 77 72

 72 73 33

 33 34 23

 23 14 72

 72 33 23

 30 91 91

 30 91 30

 16 69 40

 16 40 56

 66 48 40

 66 40 56

 56 40 69

 56 69 16

 7 10 69

 7 69 16

 48 40 69

 48 69 10

 40 48 10

 40 10 69

 48 48 10

 48 10 10

 16 69 10

 16 10 7

 10 7 48

 10 48 40

 56 40 48

 56 48 66

 66 48 48

 66 48 66

 48 40 40

 48 40 48

 10 10 40

 10 40 40

 7 10 40

 7 40 48

 66 40 40

 66 40 66

 40 69 66

 56 69 40

 40 67 16

 7 16 3

 48 3 9

 7 48 4

 16 4 3

 56 16 40

 56 40 40

 66 40 40

 16 7 4

 40 40 40

 40 40 40

 40 40 40

 40 40 55

 40 40 40

 40 40 55

 40 40 40

 40 40 40

 30 92 92

 30 92 30

 30 92 92

 30 92 30

 30 92 92

 30 92 30

 30 92 92

 30 92 30

 30 92 92

 30 92 30

 30 92 92

 30 92 30

 92 92 30

 92 30 30

 30 92 92

 30 92 30

 30 92 92

 30 92 30

 93 93 93

 93 93 93

 93 93 93

 93 93 93

 93 93 93

 93 93 93

 93 30 30

 93 30 93

 30 92 92

 30 92 30

 92 30 30

 92 30 92

 30 30 30

 30 30 30

 30 30 30

 30 30 30

 30 30 30

 30 30 30

 93 30 30

 93 30 93

 30 92 92

 30 92 30

 92 30 30

 92 30 92

 30 30 30

 30 30 30

 30 30 30

 30 30 30

 30 30 30

 30 30 30

 93 30 30

 93 30 93

 30 92 92

 30 92 30

 92 30 30

 92 30 92

 30 30 30

 30 30 30

 30 30 30

 30 30 30

 30 30 30

 30 30 30

 30 92 92

 30 92 30

 92 30 30

 92 30 92

 30 30 30

 30 30 30

 30 30 30

 30 30 30

 30 30 30

 30 30 30

 93 30 30

 93 30 93

 30 92 92

 30 92 30

 92 30 30

 92 30 92

 30 30 30

 30 30 30

 30 30 30

 30 30 30

 30 30 30

 30 30 30

 93 30 30

 93 30 93

 30 92 92

 30 92 30

 92 30 30

 92 30 92

 30 30 30

 30 30 30

 30 30 30

 30 30 30

 30 30 30

 30 30 30

 93 30 30

 93 30 93

 30 92 92

 30 92 30

 92 30 30

 92 30 92

 30 30 30

 30 30 30

 30 30 30

 30 30 30

 30 30 30

 30 30 30

 93 30 30

 93 30 93

 30 92 92

 30 92 30

 92 30 30

 92 30 92

 30 30 30

 30 30 30

 30 30 30

 30 30 30

 30 30 30

 30 30 30

 30 30 30

 92 92 30

 92 30 30

 92 92 30

 92 30 30

 92 92 30

 92 30 30

 92 92 30

 92 30 30

 92 92 30

 92 30 30

 92 92 30

 92 30 30

 92 92 30

 92 30 30

 30 30 30

 30 30 30

 30 30 30

 30 30 30

 30 30 30

 30 30 30

 30 30 30

 93 30 30

 93 30 93

 30 30 30

 30 30 30

 93 30 30

 93 30 93

 30 93 93

 30 93 30

 30 92 92

 30 92 30

 30 92 92

 30 92 30

 30 92 92

 30 92 30

 30 92 92

 30 92 30

 30 92 92

 30 92 30

 30 92 92

 30 92 30

 92 92 30

 92 30 30

 30 92 92

 30 92 30

 30 92 92

 30 92 30

 93 93 93

 93 93 93

 93 93 93

 93 93 93

 93 93 93

 93 93 93

 93 30 30

 93 30 93

 30 92 92

 30 92 30

 92 30 30

 92 30 92

 93 30 30

 93 30 93

 30 92 92

 30 92 30

 92 30 30

 92 30 92

 93 30 30

 93 30 93

 30 92 92

 30 92 30

 92 30 30

 92 30 92

 30 92 92

 30 92 30

 92 30 30

 92 30 92

 93 30 30

 93 30 93

 30 92 92

 30 92 30

 92 30 30

 92 30 92

 93 30 30

 93 30 93

 30 92 92

 30 92 30

 92 30 30

 92 30 92

 93 30 30

 93 30 93

 30 92 92

 30 92 30

 92 30 30

 92 30 92

 93 30 30

 93 30 93

 30 92 92

 30 92 30

 92 30 30

 92 30 92

 30 30 30

 92 92 30

 92 30 30

 92 92 30

 92 30 30

 92 92 30

 92 30 30

 92 92 30

 92 30 30

 92 92 30

 92 30 30

 92 92 30

 92 30 30

 92 92 30

 92 30 30

 30 30 30

 30 30 30

 30 30 30

 30 30 30

 30 30 30

 30 30 30

 30 30 30

 93 30 30

 93 30 93

 30 30 30

 30 30 30

 93 30 30

 93 30 93

 30 93 93

 30 93 30

 4 30 30

 4 30 18

 11 4 18

 11 18 18

 18 18 19

 18 19 18

 18 30 30

 18 30 19

 30 30 30

 30 30 30

 11 4 4

 11 4 11

 30 30 30

 30 30 30

 30 19 19

 30 19 30

 30 29 19

 30 19 30

 30 30 30

 29 29 4

 29 4 11

 30 30 30

 29 30 30

 29 30 4

 29 29 11

 29 11 18

 29 29 18

 29 18 18

 29 29 18

 29 18 19

 30 19 19

 30 19 30

 30 30 30

 11 4 4

 11 4 11

 30 30 30

 4 30 30

 4 30 4

 18 11 11

 18 11 18

 18 18 18

 18 18 18

 19 18 18

 19 18 19

 30 30 30

 30 30 30

 30 30 30

 30 30 30

 30 30 30

 30 30 30

 30 30 30

 30 30 30

 91 91 91

 91 91 91

 91 91 91

 91 91 91

 91 91 91

 91 91 91

 91 91 91

 91 91 91

 91 91 91

 91 91 91

 91 91 91

 91 91 91

 91 91 91

 91 91 91

 91 91 91

 91 91 91

 91 91 91

 91 91 91

 91 91 91

 91 91 91

 91 91 91

 91 91 91

 30 91 91

 30 91 30

 30 91 91

 30 91 30

 30 91 91

 30 91 30

 30 91 91

 30 91 30

 30 91 91

 30 91 30

 30 91 91

 30 91 30

 30 91 91

 30 91 30

 30 91 91

 30 91 30

 30 91 91

 30 91 30

 30 91 91

 30 91 30

 30 91 91

 30 91 30

 30 30 30

 30 30 30

 30 30 30

 30 30 30

 30 30 30

 30 30 30

 30 30 30

 30 30 30

 30 30 30

 30 30 30

 30 30 30

 30 30 30

 30 30 30

 30 30 30

 30 30 30

 30 30 30

 30 30 30

 30 30 30

 30 30 30

 30 30 30

 30 30 30

 30 30 30

 30 30 91

 30 91 91

 30 30 91

 30 91 91

 30 30 91

 30 91 91

 30 30 91

 30 91 91

 30 30 91

 30 91 91

 30 30 91

 30 91 91

 30 30 91

 30 91 91

 30 30 91

 30 91 91

 30 30 91

 30 91 91

 30 30 91

 30 91 91

 30 30 91

 30 91 91

 30 30 91

 30 91 91

 30 30 91

 30 91 91

 30 30 91

 30 91 91

 30 30 91

 30 91 91

 30 30 91

 30 91 91

 30 30 91

 30 91 91

 30 30 91

 30 91 91

 30 30 91

 30 91 91

 30 30 91

 30 91 91

 30 30 91

 30 91 91

 30 30 91

 30 91 91

 30 91 91

 30 91 30

 30 91 91

 30 91 30

 30 91 91

 30 91 30

 30 91 91

 30 91 30

 30 91 91

 30 91 30

 30 91 91

 30 91 30

 30 91 91

 30 91 30

 30 91 91

 30 91 30

 30 91 91

 30 91 30

 30 91 91

 30 91 30

 30 91 91

 30 91 30

 30 91 91

 30 91 30

 30 91 91

 30 91 30

 30 91 91

 30 91 30

 30 91 91

 30 91 30

 30 91 91

 30 91 30

 30 91 91

 30 91 30

 30 91 91

 30 91 30

 30 91 91

 30 91 30

 30 91 91

 30 91 30

 30 91 91

 30 91 30

 30 91 91

 30 91 30

 30 30 30

 30 30 30

 91 91 91

 91 91 91

 30 30 30

 30 30 30

 91 91 91

 91 91 91

 30 30 30

 30 30 30

 91 91 91

 91 91 91

 30 30 30

 30 30 30

 91 91 91

 91 91 91

 30 30 30

 30 30 30

 91 91 91

 91 91 91

 30 91 91

 30 91 30

 91 91 91

 91 91 91

 30 30 30

 30 30 30

 91 91 91

 91 91 91

 91 91 91

 91 91 91

 30 30 30

 30 30 30

 91 91 91

 91 91 91

 91 91 91

 91 91 91

 30 30 30

 30 30 30

 91 91 91

 91 91 91

 91 91 91

 91 91 91

 30 30 30

 30 30 30

 91 91 91

 91 91 91

 91 91 91

 91 91 91

 30 30 30

 30 30 30

 91 91 91

 91 91 91

 91 91 91

 91 91 91

 30 30 30

 30 30 30

 91 91 91

 91 91 91

 91 30 30

 91 30 91

 91 30 30

 91 30 91

 30 30 30

 30 30 30

 91 91 91

 91 91 91

 30 30 30

 30 30 30

 30 30 30

 30 30 30

 91 91 91

 91 91 91

 30 30 30

 30 30 30

 30 30 30

 30 30 30

 30 30 30

 30 30 30

 91 91 91

 91 91 91

 30 91 91

 30 91 30

 30 30 30

 30 30 30

 30 30 30

 30 30 30

 30 30 30

 30 30 30

 91 91 91

 91 91 91

 30 30 30

 30 30 30

 30 30 30

 30 30 30

 91 91 91

 91 91 91

 30 30 91

 30 91 91

 30 91 91

 30 91 30

 30 30 30

 30 30 30

 91 91 91

 91 91 91

 91 91 30

 91 30 30

 30 30 91

 30 91 91

 30 91 91

 30 91 30

 30 30 30

 30 30 30

 91 91 91

 91 91 91

 91 91 30

 91 30 30

 30 30 91

 30 91 91

 30 91 91

 30 91 30

 30 30 30

 30 30 30

 91 91 91

 91 91 91

 91 91 30

 91 30 30

 30 30 91

 30 91 91

 30 91 91

 30 91 30

 30 30 30

 30 30 30

 91 91 91

 91 91 91

 91 91 30

 91 30 30

 30 30 91

 30 91 91

 30 91 91

 30 91 30

 30 30 30

 30 30 30

 91 91 91

 91 91 91

 91 91 30

 91 30 30

 30 30 91

 30 91 91

 30 91 91

 30 91 30

 30 30 30

 30 30 30

 91 91 91

 91 91 91

 91 91 30

 91 30 30

 30 30 91

 30 91 91

 30 91 91

 30 91 30

 30 30 30

 30 30 30

 91 91 91

 91 91 91

 91 91 30

 91 30 30

 30 30 91

 30 91 91

 30 91 91

 30 91 30

 30 30 30

 30 30 30

 91 91 91

 91 91 91

 91 91 30

 91 30 30

 30 30 91

 30 91 91

 30 91 91

 30 91 30

 30 30 30

 30 30 30

 91 91 91

 91 91 91

 91 91 30

 91 30 30

 30 30 91

 30 91 91

 30 91 91

 30 91 30

 30 30 30

 30 30 30

 91 91 91

 91 91 91

 91 91 30

 91 30 30

 30 30 91

 30 91 91

 30 91 91

 30 91 30

 30 30 30

 30 30 30

 91 91 91

 91 91 91

 91 91 30

 91 30 30

 30 30 91

 30 91 91

 30 91 91

 30 91 30

 30 30 30

 30 30 30

 91 91 91

 91 91 91

 91 91 30

 91 30 30

 91 30 30

 91 30 91

 30 91 91

 30 91 30

 30 30 30

 30 30 30

 91 30 30

 91 30 91

 91 91 91

 91 91 91

 30 30 30

 30 30 30

 30 91 91

 30 91 30

 91 91 91

 91 91 91

 30 91 91

 30 91 30

 30 91 91

 30 91 30

 91 30 30

 91 30 91

 91 91 91

 91 91 91

 30 30 30

 30 30 30

 30 30 30

 30 30 30

 30 91 91

 30 91 30

 30 30 30

 30 30 30

 91 91 91

 91 91 91

 91 30 30

 91 30 91

 91 91 91

 91 91 91

 30 30 30

 30 30 30

 91 91 91

 91 91 91

 30 91 91

 30 91 30

 91 30 30

 91 30 91

 91 91 91

 91 91 91

 91 30 30

 91 30 91

 30 30 30

 30 30 30

 30 91 91

 30 91 30

 91 30 30

 91 30 91

 91 91 91

 91 91 91

 30 91 91

 30 91 30

 91 30 30

 91 30 91

 30 30 30

 30 30 30

