vectors:

 175.685257 7.321259 -11.712330

 175.685257 7.321239 -19.520571

 -121.027679 7.321230 -89.794731

 -121.027679 7.321263 -97.602966

 -167.877075 7.321243 -121.027672

 -167.877075 7.321239 -128.835907

 20.442173 7.167374 -118.716003

 16.208620 7.167374 -121.326569

 8.709183 7.167374 -121.326569

 1.209748 7.167374 -119.804657

 -6.289692 7.167374 -116.362198

 -10.523247 6.934394 -115.273560

 21.530804 7.167374 -111.040024

 16.208620 6.934394 -111.040024

 1.209746 7.167374 -111.040024

 -6.289692 7.167374 -111.040024

 -13.789131 7.167374 -111.040024

 -18.022686 7.167374 -107.774139

 21.530804 6.934394 -103.540588

 16.208620 7.167374 -103.540588

 8.709183 7.167374 -103.540588

 1.209746 7.167374 -103.540588

 -6.289692 6.934394 -103.540588

 -13.789131 6.934394 -103.540588

 -21.288570 6.934394 -103.540588

 -25.522121 7.167374 -100.274689

 20.442173 7.167374 -99.307007

 16.208620 6.934394 -98.218384

 8.709183 7.167374 -98.218384

 1.209746 7.167374 -96.041138

 -6.289692 6.934394 -96.041138

 -13.789131 7.167374 -96.041138

 -21.288570 7.167374 -96.041138

 -26.610752 6.934394 -96.041138

 -114.547699 7.167374 -92.775269

 -118.781250 7.167374 -93.863892

 -126.280701 6.934394 -93.863892

 -130.514252 7.167374 -92.775269

 -0.967507 7.167374 -88.541718

 -6.289692 7.167374 -88.541718

 -13.789131 6.934394 -88.541718

 -21.288570 7.167374 -88.541718

 -26.610752 7.167374 -88.541718

 -92.049393 7.167374 -85.275833

 -96.282959 7.167374 -86.364456

 -103.782379 7.167374 -86.364456

 -111.281815 7.167374 -88.541718

 -118.781250 6.934394 -88.541718

 -126.280701 7.167374 -88.541718

 -131.602875 7.167374 -88.541718

 12.942733 6.934394 -77.776382

 8.492676 7.885582 -78.818802

 1.282957 7.632807 -81.070969

 -6.301876 6.947160 -81.042519

 -13.789131 7.108796 -81.042267

 -21.288570 7.167374 -81.042267

 -28.788006 7.167374 -81.042267

 -33.021564 7.167374 -77.776382

 -84.549957 6.934394 -77.776382

 -88.783508 7.167374 -81.042267

 -96.282944 7.167374 -81.042267

 -103.782379 7.167374 -81.042267

 -111.281815 7.167374 -81.042267

 -118.781250 7.167374 -81.042267

 -126.280701 7.167374 -81.042267

 -131.602875 7.167374 -81.042267

 35.441044 6.934394 -70.276947

 31.207499 7.167374 -71.365570

 23.708054 6.934394 -71.365570

 16.208620 7.167374 -73.542831

 8.689669 6.871902 -73.312210

 1.209998 4.388539 -73.517342

 -6.289692 4.342072 -73.542831

 -13.789131 6.989178 -73.542831

 -21.288570 7.167374 -73.542831

 -28.788006 7.167374 -73.542831

 -36.287445 6.934394 -73.542831

 -43.786884 11.200068 -71.365570

 -51.286320 12.797897 -71.365570

 -58.785763 11.200068 -71.365570

 -66.285202 7.167374 -71.365570

 -73.784622 7.130554 -71.365570

 -81.284073 7.167374 -73.542831

 -88.783508 6.934394 -73.542831

 -96.282944 4.073719 -73.542831

 -103.782379 4.073719 -73.542831

 -111.281815 7.167374 -73.542831

 -118.781250 6.934394 -73.542831

 -126.280701 7.167374 -75.720093

 -130.514252 7.167374 -76.808716

 65.438789 6.934394 -62.777504

 61.205238 7.167374 -63.866135

 53.705807 7.167374 -63.866135

 46.206367 6.934394 -63.866135

 38.706928 7.167374 -66.043396

 31.207495 6.934394 -66.043396

 23.708054 7.167374 -66.043396

 16.208620 7.167374 -66.043396

 8.708237 7.021457 -66.041580

 1.210692 4.827677 -66.042450

 -6.289692 2.340679 -66.043396

 -13.789131 5.546735 -66.043396

 -21.288570 6.846984 -66.043396

 -28.788006 6.934394 -66.043396

 -36.287445 6.934394 -66.043396

 -43.786884 11.433048 -66.043396

 -51.286320 10.671835 -66.043396

 -58.785763 10.438854 -66.043396

 -66.285202 6.934394 -66.043396

 -73.784622 7.167374 -66.043396

 -81.284073 7.167374 -66.043396

 -88.783508 7.167374 -66.043396

 -96.282944 4.306699 -66.043396

 -103.782379 6.934394 -66.043396

 -111.281815 7.167374 -66.043396

 -115.515381 7.167374 -69.309280

 66.527420 7.167374 -58.543961

 61.205238 7.167374 -58.543961

 53.705795 6.934394 -58.543961

 46.206367 7.167374 -58.543961

 38.706928 7.167374 -58.543961

 31.207495 7.165661 -58.543961

 23.708054 7.152474 -58.543961

 16.208620 7.165661 -58.543961

 8.464009 7.501820 -58.298782

 1.454919 5.850914 -58.298786

 -6.288746 1.339494 -58.543007

 -13.789131 1.449474 -58.543953

 -21.288570 5.758810 -58.543953

 -28.788006 7.167374 -58.543961

 -36.287445 7.167374 -58.543961

 -43.786884 6.934394 -58.543961

 -51.286320 8.396480 -58.543961

 -58.785763 8.396480 -58.543961

 -66.285202 7.167374 -58.543961

 -73.784622 6.934394 -58.543961

 -81.284073 6.934394 -58.543961

 -88.783508 7.167374 -58.543961

 -96.282944 6.934394 -58.543961

 -103.782379 7.167374 -60.721214

 -108.015930 7.167374 -61.809837

 66.527420 7.167374 -51.044518

 61.205238 7.167374 -51.044518

 53.705795 7.167374 -51.044518

 46.206367 6.919490 -51.044518

 38.706928 6.882145 -51.044518

 31.207495 6.544779 -51.044518

 23.708054 6.400795 -51.044518

 16.208620 6.311799 -51.044518

 8.465523 7.525790 -51.288185

 1.454919 6.510298 -51.289696

 -6.288746 1.275013 -51.045464

 -13.789131 1.319408 -51.044518

 -21.288570 5.952275 -51.044518

 -28.788006 6.934394 -51.044518

 -36.287445 6.934394 -51.044518

 -43.786884 7.167374 -51.044518

 -51.286320 7.167374 -51.044518

 -58.785763 6.934394 -51.044518

 -66.285202 7.167374 -51.044518

 -73.784622 7.167374 -51.044518

 -81.284073 6.934394 -51.044518

 -88.783508 7.167374 -53.221771

 -93.017059 7.167374 -54.310402

 66.527420 7.167374 -43.545082

 61.205238 7.167374 -43.545082

 53.705795 6.919490 -43.545082

 46.206367 6.439723 -43.545082

 38.706928 5.867276 -43.545082

 31.207495 4.934968 -43.545082

 23.708054 7.059738 -43.545082

 16.208620 4.934964 -43.545082

 8.709183 5.867276 -43.545082

 1.210692 5.148431 -43.546028

 -6.289692 1.123623 -43.545082

 -13.789131 1.448180 -43.545082

 -21.288570 5.768682 -43.545082

 -28.788006 7.167374 -43.545082

 -36.287445 6.934394 -43.545082

 -42.617111 4.626531 -44.714844

 -52.456089 4.859511 -44.714844

 -58.785763 6.934394 -43.545082

 -66.285202 7.167374 -43.545082

 -73.784622 7.167374 -43.545082

 -79.106827 6.934394 -43.545082

 66.527420 6.934394 -36.045647

 61.205238 6.934394 -36.045647

 53.705795 6.882142 -36.045647

 46.206367 5.634295 -36.045647

 38.706928 4.598366 -36.045647

 31.207495 3.330413 -36.045647

 23.708054 3.162320 -36.045647

 16.208620 2.323740 -36.045647

 8.709183 4.598366 -36.045639

 1.209746 4.574756 -36.045639

 -6.289692 2.208122 -36.045639

 -13.789131 4.875208 -36.045639

 -21.288570 6.847253 -36.045639

 -28.788006 6.934394 -36.045639

 -36.287445 6.934394 -36.045639

 -42.617111 4.859511 -34.875870

 -52.456089 4.626531 -34.875870

 -58.785763 7.167374 -36.045639

 -66.285202 6.934394 -36.045639

 -73.784622 7.167374 -36.045639

 -81.284073 7.167374 -36.045639

 -85.517624 7.167374 -32.779755

 72.938225 7.167374 -25.280319

 68.704681 6.934394 -28.546204

 61.205238 6.932681 -28.546204

 53.705795 6.544775 -28.546204

 46.206367 5.768851 -28.546204

 38.706928 3.563393 -28.546204

 31.207495 2.255208 -28.546204

 23.708054 1.734797 -28.546204

 16.208620 2.022223 -28.546204

 8.709183 3.563391 -28.546204

 1.209746 5.004691 -28.546196

 -6.289692 6.018728 -28.546196

 -13.789131 6.941178 -28.546194

 -21.288570 7.167374 -28.546196

 -28.788006 6.934394 -28.546196

 -36.287445 7.167374 -28.546196

 -43.786884 7.167374 -28.546196

 -51.286320 7.167374 -28.546196

 -58.785763 7.167374 -28.546196

 -66.285202 7.167374 -28.546188

 -73.784622 7.167374 -28.546188

 -81.284073 7.167374 -28.546188

 -88.783508 7.167374 -28.546188

 -93.017059 7.167374 -25.280304

 74.026855 6.934394 -21.046761

 68.704681 7.167374 -21.046753

 61.205238 7.152466 -21.046753

 53.705795 6.400788 -21.046753

 46.206367 4.661216 -21.046753

 38.706928 3.162320 -21.046753

 31.207495 1.501813 -21.046753

 23.708054 1.141255 -21.046753

 16.208620 1.501813 -21.046753

 8.709183 2.929338 -21.046753

 1.209746 4.894196 -21.046753

 -6.289692 6.167808 -21.046753

 -13.789131 7.152466 -21.046753

 -21.288570 6.934394 -21.046753

 -26.610752 7.167374 -21.046753

 -38.464699 6.934394 -21.046753

 -43.786884 6.934394 -21.046753

 -51.286320 6.934394 -21.046753

 -58.785763 7.167374 -21.046753

 -66.285202 6.934394 -21.046753

 -73.784622 7.167374 -21.046753

 -81.284073 7.167374 -21.046745

 -88.783508 7.167374 -21.046745

 -94.105682 7.167374 -21.046745

 74.026855 7.167374 -13.547318

 68.704681 6.934394 -13.547318

 61.205238 6.932681 -13.547318

 53.705795 6.544775 -13.547318

 46.206367 4.934962 -13.547318

 38.706928 3.563391 -13.547318

 31.207495 2.255206 -13.547318

 23.708054 1.734793 -13.547318

 16.208620 2.022223 -13.547318

 8.709183 3.330411 -13.547318

 1.209746 5.167943 -13.547318

 -6.289692 6.544775 -13.547318

 -13.789131 7.165661 -13.547318

 -21.288570 7.167374 -13.547318

 -28.788006 6.934394 -13.547310

 -36.287445 7.167374 -13.547310

 -43.786884 6.934394 -13.547310

 -51.286320 7.167374 -13.547310

 -58.785763 6.934394 -13.547310

 -66.285202 7.167374 -13.547310

 -73.784622 7.167374 -13.547310

 -81.284073 7.167374 -13.547310

 -88.783508 7.167374 -13.547310

 -96.282944 7.167374 -13.547310

 -100.516495 6.934394 -10.281425

 74.026855 6.934394 -6.047882

 68.704681 7.167374 -6.047882

 61.205238 6.934394 -6.047882

 53.705795 6.649161 -6.047882

 46.206367 5.634294 -6.047882

 38.706928 4.365384 -6.047882

 31.207495 3.563393 -6.047882

 23.708054 3.162318 -6.047874

 16.208620 3.563393 -6.047874

 8.709183 4.598361 -6.047874

 1.660252 5.848692 -6.047874

 -6.461313 5.848695 -6.047874

 -14.582878 5.848697 -6.047874

 -21.288570 6.934394 -6.047874

 -28.788006 6.934394 -6.047874

 -36.287445 6.934394 -6.047874

 -43.786884 7.167374 -6.047874

 -51.286320 7.167374 -6.047874

 -58.785763 7.167374 -6.047874

 -66.285202 6.934394 -6.047874

 -73.784622 6.712872 -6.047869

 -81.284073 6.712872 -6.047868

 -88.783508 4.892102 -6.047868

 -96.282944 7.167374 -6.047867

 -103.782379 7.167374 -6.047867

 -108.015930 6.934394 -2.781982

 80.437653 6.934394 4.717438

 76.204109 7.167374 1.451553

 68.704681 7.167374 1.451557

 61.205238 7.167374 1.451557

 53.705795 7.152466 1.451557

 46.206367 6.672699 1.451557

 38.706928 5.634294 1.451557

 31.207495 4.934962 1.451561

 23.708054 4.894196 1.451561

 16.208620 5.167943 1.451561

 8.709183 5.867274 1.451561

 1.660252 5.848694 1.451561

 -6.461313 5.848697 1.451561

 -14.582878 5.848697 1.451561

 -21.288570 7.147891 1.451565

 -28.788006 6.914910 1.451565

 -36.287445 7.165137 1.451565

 -43.786884 7.167374 1.451569

 -51.286320 6.934394 1.451569

 -58.785763 7.167374 1.451569

 -66.285202 6.670765 1.451568

 -73.784622 4.186824 1.451568

 -81.284073 4.228930 1.451568

 -88.783508 4.471506 1.451569

 -96.282944 7.125268 1.451569

 -103.782379 7.167374 1.451569

 -109.104568 7.167374 1.451569

 87.937103 7.167374 12.216869

 83.703552 7.167374 8.950989

 76.204109 6.934394 8.950989

 68.704681 7.167374 8.950989

 61.205238 6.934394 8.950989

 53.705795 7.167374 8.950989

 46.206367 7.152466 8.950989

 38.706928 6.649161 8.950993

 31.207495 6.544775 8.950993

 23.708054 6.400788 8.950993

 16.208620 6.544775 8.950996

 8.709183 6.649161 8.950996

 1.660252 5.848697 8.950996

 -6.461313 5.848695 8.950996

 -13.789131 6.353325 8.950996

 -21.288570 5.932086 8.950996

 -28.788006 8.330605 8.950996

 -36.287445 6.353325 8.950996

 -43.786884 6.561456 8.950996

 -51.286320 7.147891 8.950996

 -58.785763 7.167374 8.950996

 -66.285202 6.733925 8.950996

 -73.784622 4.207877 8.950996

 -81.284073 4.186823 8.950996

 -88.783508 4.186824 8.951000

 -96.282944 6.733925 8.951000

 -103.782379 7.167374 8.951004

 -109.104568 6.934394 8.951004

 147.932587 11.854451 19.716309

 143.699066 11.854451 18.627678

 136.199615 11.621471 18.627678

 128.700180 7.330431 18.627678

 124.466629 6.934394 19.716309

 102.935989 7.167374 19.716309

 98.702438 6.934394 18.627678

 91.202988 7.167374 16.450424

 83.703552 7.167374 16.450424

 76.204109 7.167374 16.450424

 68.704681 7.167374 16.450424

 61.205238 7.167374 16.450424

 53.705795 7.167374 16.450424

 46.206367 6.934394 16.450424

 38.706928 6.934394 16.450424

 31.207495 6.932681 16.450424

 23.708054 7.152466 16.450424

 16.208620 6.932681 16.450424

 8.709183 6.914910 16.450424

 1.209746 6.520588 16.450424

 -6.289692 5.467494 16.450424

 -13.789131 4.320136 16.450424

 -21.288570 4.195191 16.450424

 -28.788006 3.962211 16.450428

 -36.287445 4.320136 16.450428

 -43.786884 5.234513 16.450428

 -51.286320 6.520588 16.450428

 -58.785763 6.914910 16.450428

 -66.285202 6.860759 16.450428

 -73.784622 4.228930 16.450428

 -81.284073 4.038056 16.450428

 -88.783508 4.059109 16.450428

 -96.282944 6.882692 16.450432

 -103.782379 6.934394 16.450432

 -109.104568 7.167374 16.450432

 149.021225 11.854451 23.949860

 143.699066 11.621471 23.949860

 136.199615 11.621471 23.949860

 128.700180 7.330431 23.949860

 121.200729 6.934394 23.949860

 113.701309 6.934394 26.127113

 106.201874 6.934394 23.949860

 98.702438 6.934394 23.949860

 91.202988 7.167374 23.949860

 83.703552 7.167374 23.949860

 76.204109 7.167374 23.949860

 68.704681 7.167374 23.949860

 61.205238 6.934394 23.949860

 53.705795 6.934394 23.949860

 46.206367 6.931249 23.949860

 38.706928 6.907016 23.949860

 31.207495 6.931249 23.949860

 23.708054 6.934394 23.949860

 16.208620 7.167374 23.949860

 8.709183 6.794436 23.949860

 1.209746 5.467494 23.949860

 -6.289692 3.575412 23.949860

 -13.789131 2.455166 23.949860

 -21.288570 1.697783 23.949860

 -28.788006 1.930764 23.949860

 -36.287445 2.455166 23.949860

 -43.786884 3.575412 23.949860

 -51.286320 5.234513 23.949860

 -58.785763 6.794436 23.949860

 -66.285202 6.959549 23.949860

 -73.784622 4.343791 23.949860

 -81.284073 4.471506 23.949860

 -88.783508 6.733925 23.949862

 -96.282944 7.167374 23.949863

 -103.782379 7.167374 23.949863

 -111.281815 7.167374 23.949863

 -115.515381 6.934394 27.215752

 149.021225 11.621471 31.449303

 143.699066 11.854451 31.449303

 136.199615 11.621471 31.449303

 128.700180 7.330431 31.449303

 121.200729 6.934394 31.449303

 113.701309 6.934394 31.449303

 106.201874 7.167374 31.449303

 98.702438 7.167374 31.449303

 91.202988 7.167374 31.449303

 83.703552 6.934394 31.449303

 76.204109 7.167374 31.449303

 68.704681 7.167374 31.449303

 61.205238 6.907010 31.449303

 53.705795 6.410348 31.449303

 46.206367 5.790507 31.449303

 38.706928 5.758946 31.449303

 31.207495 6.023488 31.449303

 23.708054 6.643328 31.449303

 16.208620 6.904773 31.449303

 8.709183 6.353325 31.449303

 1.209746 4.553116 31.449303

 -6.289692 2.222186 31.449303

 -13.789131 0.744710 31.449303

 -21.288570 0.064274 31.449303

 -28.788006 -0.168706 31.449303

 -36.287445 0.511729 31.449303

 -43.786884 2.455170 31.449303

 -51.286320 4.320136 31.449303

 -58.785763 6.353325 31.449303

 -66.285202 7.165137 31.449303

 -73.784622 4.777140 31.449305

 -81.284073 4.322738 31.449305

 -88.783508 6.861639 31.449305

 -96.282944 7.167374 31.449303

 -103.782379 6.934394 31.449303

 -111.281815 7.167374 31.449303

 -116.603989 6.934394 31.449303

 147.932587 11.854451 35.682854

 143.699066 11.854451 36.771477

 136.199615 11.854451 38.948738

 128.700180 7.331631 38.948738

 121.200729 6.934394 38.948738

 113.701309 6.934394 38.948738

 106.201874 6.934394 38.948738

 98.702438 7.167374 38.948738

 91.202988 6.934394 38.948738

 83.703552 6.934394 38.948738

 76.204109 7.167374 38.948738

 68.704681 6.907010 38.948738

 61.205238 6.258521 38.948738

 53.705795 4.545745 38.948738

 46.206367 3.260879 38.948738

 38.706928 2.990912 38.948738

 31.207495 3.260879 38.948738

 23.708054 4.778727 38.948738

 16.208620 6.239371 38.948738

 8.709183 5.904706 38.948738

 1.209746 3.962211 38.948738

 -6.289692 1.930764 38.948738

 -13.789131 -0.168706 38.948738

 -21.288570 -0.711777 38.948738

 -28.788006 -0.944757 38.948738

 -36.287445 0.064274 38.948738

 -43.786884 1.930764 38.948738

 -51.286320 4.195195 38.948738

 -58.785763 5.932086 38.948738

 -66.285202 7.147891 38.948738

 -73.784622 7.167374 38.948738

 -81.284073 5.694741 38.948738

 -88.783508 7.167374 38.948738

 -96.282944 7.167374 38.948738

 -103.782379 6.934394 38.948738

 -111.281815 7.167374 38.948738

 -116.603989 7.167374 38.948738

 132.933716 8.598859 43.182293

 128.700180 6.934394 44.270920

 121.200729 7.167374 46.448177

 113.701309 6.934394 46.448177

 106.119720 6.807160 46.603252

 98.663544 6.484126 45.673351

 91.227905 6.484126 45.673351

 83.792267 6.484126 45.673351

 76.326126 6.752684 46.603252

 68.704681 6.643328 46.448177

 61.205238 4.778725 46.448177

 53.705795 2.447382 46.448177

 46.206367 0.545854 46.448177

 38.706928 1.741529 46.448177

 31.207495 0.545854 46.448177

 23.708054 2.447386 46.448177

 16.208620 4.761508 46.448177

 8.709183 5.408904 46.448177

 1.209746 4.195191 46.448177

 -6.289692 1.697783 46.448177

 -13.789131 -0.168706 46.448177

 -21.288570 -0.711777 46.448177

 -28.788006 -0.711777 46.448177

 -36.287445 0.064274 46.448177

 -43.786884 1.697783 46.448177

 -51.286320 3.962214 46.448177

 -58.785763 5.932086 46.448177

 -66.285202 7.147891 46.448177

 -73.784622 6.934394 46.448177

 -81.284073 7.167374 46.448177

 -88.783508 7.167374 46.448177

 -96.282944 6.934394 46.448177

 -103.782379 7.167374 46.448177

 -111.281815 6.934394 46.448177

 -115.515381 7.167374 43.182293

 119.023483 7.167374 53.947617

 113.701309 7.167374 53.947613

 107.067841 6.717106 54.077660

 75.387955 6.563916 54.077660

 68.704681 6.023484 53.947613

 61.205238 3.260879 53.947613

 53.705795 0.545853 53.947613

 46.206367 -1.857651 53.947613

 38.706928 -2.813790 53.947613

 31.207495 -2.090631 53.947613

 23.708054 0.312877 53.947613

 16.208620 3.260116 53.947613

 8.709183 4.980140 53.947613

 1.209746 4.316989 53.947613

 -6.289692 2.455170 53.947613

 -13.789131 0.744710 53.947613

 -21.288570 -0.168708 53.947613

 -28.788006 0.064273 53.947613

 -36.287445 0.744710 53.947613

 -43.786884 2.455166 53.947613

 -51.286320 4.320136 53.947613

 -58.785763 6.353325 53.947613

 -66.285202 6.932157 53.947613

 -73.784622 6.934394 53.947613

 -81.284073 6.934394 53.947613

 -88.783508 7.167374 53.947613

 -96.282944 7.167374 53.947613

 -103.782379 7.167374 53.947613

 -108.015930 6.934394 50.681732

 119.023483 7.167374 61.447052

 113.701309 6.934394 61.447052

 107.067841 6.717106 61.513294

 75.387955 6.284856 61.513294

 68.704681 5.758946 61.447052

 61.205238 2.757928 61.447052

 53.705795 -0.191034 61.447052

 46.206367 -2.813792 61.447052

 38.706928 -4.137265 61.447052

 31.207495 -2.813792 61.447052

 23.708054 -0.424009 61.447052

 16.208620 2.990912 61.447052

 8.709183 5.156705 61.447052

 1.209746 5.440117 61.447052

 -6.289692 3.575412 61.447052

 -13.789131 2.455170 61.447052

 -21.288570 1.930764 61.447052

 -28.788006 1.930764 61.447052

 -36.287445 2.222190 61.447052

 -43.786884 3.808392 61.447052

 -51.286320 5.234513 61.447052

 -58.785763 6.794436 61.447052

 -66.285202 6.934394 61.447052

 -73.784622 7.167374 61.447052

 -81.284073 7.167374 61.447052

 -88.783508 6.934394 61.447052

 -96.282959 6.934394 59.269798

 -100.516495 7.167374 58.181160

 170.430908 6.934394 72.212364

 166.197372 7.167374 71.123741

 158.697922 7.167374 71.123741

 151.198486 7.167374 71.123741

 146.964935 7.167374 72.212364

 119.154419 7.875831 68.870094

 113.343124 6.574180 68.948433

 107.356506 6.567017 67.658165

 75.387955 6.563916 68.948921

 68.704681 6.023484 68.946480

 61.205238 3.260877 68.946480

 53.705795 0.545851 68.946480

 46.206367 -1.857651 68.946480

 38.706928 -3.046772 68.946480

 31.207495 -2.090631 68.946480

 23.708054 0.312873 68.946480

 16.208620 3.260879 68.946480

 8.709183 5.771554 68.946480

 1.209746 6.284465 68.946480

 -6.289692 5.467494 68.946480

 -13.789131 4.320136 68.946480

 -21.288570 4.195191 68.946480

 -28.788006 3.962211 68.946480

 -36.287445 4.320136 68.946480

 -43.786884 5.467494 68.946480

 -51.286320 6.520588 68.946480

 -58.785763 6.914910 68.946480

 -66.285202 6.934394 68.946480

 -73.784622 7.167374 68.946480

 -81.284073 6.934394 66.769234

 -85.517624 6.934394 65.680603

 171.519547 7.167374 76.445930

 166.197372 7.167374 76.445923

 158.697922 7.167374 76.445923

 151.198486 7.167374 76.445923

 143.699066 7.167374 76.445923

 136.199615 7.167374 78.623184

 128.700180 6.934394 78.623184

 121.200729 7.167374 76.445923

 114.503479 6.717106 76.384552

 75.387955 6.645062 76.384552

 68.704681 6.643324 76.445923

 61.205238 4.778723 76.445923

 53.705795 2.447381 76.445923

 46.206367 0.312873 76.445923

 38.706928 -0.424010 76.445923

 31.207495 0.312873 76.445923

 23.708054 2.447382 76.445923

 16.208620 4.777480 76.445923

 8.709183 6.627438 76.445923

 1.209746 6.913075 76.445923

 -6.289692 6.794436 76.445923

 -13.789131 6.120345 76.445923

 -21.288570 5.932086 76.445923

 -28.788006 5.932086 76.445923

 -36.287445 6.353325 76.445923

 -43.786884 6.561456 76.445923

 -51.286320 6.813022 74.268669

 -58.785763 7.167374 74.268669

 -66.285202 7.167374 74.268669

 -70.518753 6.934394 73.180038

 171.519547 6.934394 83.945358

 166.197372 6.934394 83.945358

 158.697922 7.167374 83.945358

 151.198486 6.934394 83.945358

 143.699066 7.167374 83.945358

 136.199615 7.167374 83.945358

 128.700180 6.934394 83.945358

 121.200729 6.934394 83.945358

 114.503479 6.484126 83.820183

 82.530273 6.106540 85.070038

 76.326126 6.390391 83.845222

 68.704681 6.903501 83.945358

 61.205238 6.025540 83.945358

 53.705795 4.778725 83.945358

 46.206367 3.493859 83.945358

 38.706928 2.757932 83.945358

 31.207495 3.482090 83.945358

 23.708054 4.481553 83.945358

 16.208620 5.359935 83.945358

 8.709183 6.318116 83.945358

 1.209746 6.499863 83.945358

 -6.289692 6.861565 83.945358

 -13.789131 7.149157 83.945358

 -21.288570 7.147891 83.945358

 -28.788006 6.914910 83.945358

 -36.287445 7.165137 83.945358

 -41.609627 6.934394 83.945358

 170.430908 7.167374 88.178909

 166.197372 6.934394 89.267540

 158.697922 6.934394 91.444809

 151.198486 7.167374 91.444809

 143.699066 7.167374 91.444809

 136.199615 7.167374 91.444809

 128.700180 6.934394 91.444809

 121.200729 7.167374 91.444809

 113.568115 6.807160 91.293625

 106.099182 6.476226 92.224510

 98.663544 6.491978 92.224510

 91.227905 5.850243 92.224510

 83.774536 5.186351 91.293625

 76.204109 5.361739 91.444809

 68.704681 5.890107 91.444809

 61.205238 6.554842 91.444809

 53.705795 6.612931 91.444809

 46.206367 6.023488 91.444809

 38.706928 5.510650 91.444809

 31.207495 5.495799 91.444809

 23.708054 5.250397 91.444809

 16.208620 4.996333 91.444809

 8.709183 4.497235 91.444809

 1.209746 5.023709 91.444809

 -6.289692 5.773488 91.444809

 -13.789131 6.404037 91.444809

 -21.288570 7.151394 91.444809

 -28.788006 7.167374 91.444809

 -36.287445 6.934394 91.444809

 -40.521000 6.934394 88.178909

 155.432022 6.934394 95.678352

 151.198486 7.167374 96.766991

 143.699066 6.934394 98.944237

 136.199615 6.934394 98.944237

 128.700180 7.167374 98.944237

 121.200729 7.167374 98.944237

 113.701309 6.934394 98.944237

 106.201874 7.136801 98.944237

 98.702438 5.919570 98.944237

 91.202988 4.500210 98.944237

 83.703552 2.832549 98.944237

 76.204109 2.503935 98.944237

 68.704681 2.832545 98.944237

 61.205238 4.267230 98.944237

 53.705795 6.152548 98.944237

 46.206367 7.133656 98.944237

 38.706928 6.834187 98.944237

 31.207495 5.537364 98.944237

 23.708054 4.413044 98.944237

 16.208620 3.070434 98.944237

 8.709183 5.038948 98.944237

 1.209746 3.303414 98.944237

 -6.289692 4.180064 98.944237

 -13.789131 5.773491 98.944237

 -21.288570 6.861565 98.944237

 -28.788006 7.167374 98.944237

 -34.110188 6.934394 98.944237

 140.433151 7.167374 103.177788

 136.199615 6.934394 106.443665

 128.700180 7.167374 106.443665

 121.200729 6.934394 106.443665

 113.701309 7.167374 106.443665

 106.201874 6.582226 106.443665

 98.702438 4.267236 106.443665

 91.202988 1.897038 106.443665

 83.703552 -0.226212 106.443665

 76.204109 -1.281999 106.443665

 68.704681 -0.459192 106.443665

 61.205238 1.664054 106.443665

 53.705795 4.267230 106.443665

 46.206367 6.580426 106.443665

 38.706928 6.499863 106.443665

 31.207495 4.790732 106.443665

 23.708054 3.303414 106.443665

 16.208620 1.667880 106.443665

 8.709183 1.109931 106.443665

 1.209746 1.667882 106.443665

 -6.289692 3.303418 106.443665

 -13.789131 5.023713 106.443665

 -21.288570 6.266883 106.443665

 -28.788006 6.932559 106.443665

 -33.021564 7.167374 103.177788

 132.933716 7.167374 110.677216

 128.700180 7.167374 113.943108

 121.200729 6.934394 113.943108

 113.701309 6.930881 113.943108

 106.201874 5.890114 113.943108

 98.702438 3.065531 113.943108

 91.202988 -0.226212 113.943108

 83.703552 -3.142950 113.943108

 76.204109 -3.977595 113.943108

 68.704681 -2.909971 113.943108

 61.205238 -0.459197 113.943108

 53.705795 2.832549 113.943108

 46.206367 5.874672 113.943108

 38.706928 6.341980 113.943108

 31.207495 4.730217 113.943108

 23.708054 2.873410 113.943108

 16.208620 1.342911 113.943108

 8.709183 0.706557 113.943108

 1.209746 1.342911 113.943108

 -6.289692 2.873412 113.943108

 -13.789131 4.497237 113.943108

 -21.288570 6.345494 113.943108

 -26.610752 7.034142 113.943108

 140.433151 6.934394 124.708435

 136.199615 6.934394 123.619820

 128.700180 6.934394 121.442551

 121.200729 7.167374 121.442551

 113.701309 7.136799 121.442551

 106.201874 5.361749 121.442551

 98.702438 2.270959 121.442551

 91.202988 -1.281999 121.442551

 83.703552 -3.977595 121.442551

 76.204109 -5.195243 121.442551

 68.704681 -3.977597 121.442551

 61.205238 -1.049021 121.442551

 53.705795 2.270955 121.442551

 46.206367 5.360175 121.442551

 38.706928 6.236310 121.442551

 31.207495 4.790732 121.442551

 23.708054 3.303414 121.442551

 16.208620 1.900860 121.442551

 8.709183 1.109931 121.442551

 1.209746 1.900862 121.442551

 -6.289692 3.070437 121.442551

 -13.789131 4.790732 121.442551

 -21.288570 6.499863 121.442551

 -28.788006 6.932559 121.442551

 -33.021564 7.167374 124.708435

 147.932587 6.934394 132.207886

 143.699066 7.167374 128.942001

 136.199615 6.934394 128.942001

 128.700180 7.167374 128.942001

 121.200729 7.167374 128.942001

 113.701309 7.163861 128.942001

 106.201874 5.890114 128.942001

 98.702438 3.065533 128.942001

 91.202988 -0.459191 128.942001

 83.703552 -2.909966 128.942001

 76.204109 -4.210573 128.942001

 68.704681 -2.909970 128.942001

 61.205238 -0.226212 128.942001

 53.705795 3.065529 128.942001

 46.206367 5.890110 128.942001

 38.706928 6.858057 128.942001

 31.207495 5.540511 128.942001

 23.708054 4.180066 128.942001

 16.208620 3.303421 128.942001

 8.709183 2.873414 128.942001

 1.209746 3.070441 128.942001

 -6.289692 4.413050 128.942001

 -13.789131 5.540511 128.942001

 -21.288570 6.628591 128.942001

 -28.788006 6.934394 128.942001

 -36.287445 6.934394 128.942001

 -43.786884 6.934394 131.119263

 -48.020435 7.167374 132.207886

 149.021225 7.167374 136.441437

 143.699066 7.167374 136.441437

 136.199615 6.934394 136.441437

 128.700180 6.934394 136.441437

 121.200729 7.167374 136.441437

 113.701309 7.167374 136.441437

 106.201874 6.349246 136.441437

 98.702438 4.500216 136.441437

 91.202988 1.664058 136.441437

 83.703552 -0.226212 136.441437

 76.204109 -1.049018 136.441437

 68.704681 -0.459192 136.441437

 61.205238 1.664054 136.441437

 53.705795 4.267230 136.441437

 46.206367 6.349240 136.441437

 38.706928 6.918414 136.441437

 31.207495 6.637017 136.441437

 23.708054 5.773491 136.441437

 16.208620 5.023713 136.441437

 8.709183 4.730217 136.441437

 1.209746 5.023713 136.441437

 -6.289692 5.773491 136.441437

 -13.789131 6.637017 136.441437

 -21.288570 6.918414 136.441437

 -28.788006 6.934394 136.441437

 -36.287445 7.167374 136.441437

 -43.786884 6.934394 136.441437

 -51.286320 6.934394 136.441437

 -55.519878 6.934394 139.707306

 149.021225 7.167374 143.940872

 143.699066 7.167374 143.940872

 136.199615 6.934394 143.940872

 128.700180 6.934394 143.940872

 121.200729 6.934394 143.940872

 113.701309 7.167374 143.940872

 106.201874 7.136801 143.940872

 98.702438 6.152550 143.940872

 91.202988 4.267230 143.940872

 83.703552 2.832549 143.940872

 76.204109 2.503935 143.940872

 68.704681 2.832545 143.940872

 61.205238 4.267230 143.940872

 53.705795 6.152548 143.940872

 46.206367 7.136799 143.940872

 38.706928 6.934394 143.940872

 31.207495 7.151394 143.940872

 23.708054 6.628585 143.940872

 16.208620 6.266883 143.940872

 8.709183 6.345494 143.940872

 1.209746 6.499863 143.940872

 -6.289692 6.628585 143.940872

 -13.789131 6.918414 143.940872

 -21.288570 7.167374 143.940872

 -28.788006 6.934394 143.940872

 -36.287445 6.934394 143.940872

 -43.786884 7.167374 143.940872

 -51.286320 6.934394 143.940872

 -58.785763 6.934394 143.940872

 -66.285202 7.167374 146.118134

 -73.784622 6.934394 146.118134

 -81.284073 7.167374 146.118134

 -88.783508 7.167374 146.118134

 -93.017059 7.167374 147.206757

 149.021225 7.167374 151.440308

 143.699066 6.934394 151.440292

 136.199615 7.167374 151.440292

 128.700180 7.167374 151.440292

 121.200729 6.934394 151.440292

 113.701309 6.934394 151.440292

 106.201874 7.167374 151.440292

 98.702438 6.903819 151.440292

 91.202988 6.349240 151.440292

 83.703552 5.890107 151.440292

 76.204109 5.361739 151.440292

 68.704681 5.890107 151.440292

 61.205238 6.349240 151.440292

 53.705795 6.903819 151.440292

 46.206367 6.934394 151.440292

 38.706928 7.167374 151.440292

 31.207495 6.934394 151.440292

 23.708054 6.934394 151.440292

 16.208620 7.165539 151.440292

 8.709183 6.918414 151.440292

 1.209746 6.932559 151.440292

 -6.289692 6.934394 151.440292

 -13.789131 7.167374 151.440292

 -21.288570 7.167374 151.440292

 -28.788006 7.167374 151.440292

 -36.287445 6.934394 151.440292

 -43.786884 6.934394 151.440292

 -51.286320 7.167374 151.440292

 -58.785763 6.934394 151.440292

 -66.285202 6.934394 151.440292

 -73.784622 7.167374 151.440292

 -81.284073 6.934394 151.440292

 -88.783508 6.934394 151.440292

 -96.282944 7.167374 151.440292

 -103.782379 6.934394 153.617569

 -111.281815 7.167374 153.617569

 -118.781250 6.934394 153.617569

 -123.014816 7.167374 154.706207

 147.932587 6.934394 155.673859

 143.699066 7.167374 156.762512

 136.199615 6.934394 158.939758

 128.700180 7.167374 158.939758

 121.200729 7.167374 158.939758

 113.701309 7.167374 158.939758

 106.201874 7.167374 158.939758

 98.702438 6.934394 158.939758

 91.202988 7.167374 158.939758

 83.703552 7.163861 158.939758

 76.204109 6.903819 158.939758

 68.704681 7.163861 158.939758

 61.205238 7.167374 158.939758

 53.705795 6.934394 158.939758

 46.206367 6.934394 158.939758

 38.706928 6.934394 158.939758

 31.207495 6.934394 158.939758

 23.708054 7.167374 158.939758

 16.208620 6.934394 158.939758

 8.709183 7.167374 158.939758

 1.209746 7.167374 158.939758

 -6.289692 6.934394 158.939758

 -13.789131 6.934394 158.939758

 -21.288570 7.167374 158.939758

 -28.788006 6.934394 158.939758

 -36.287445 6.934394 158.939758

 -43.786884 7.167374 158.939758

 -51.286320 6.934394 158.939758

 -58.785763 7.167374 158.939758

 -66.285202 6.934394 158.939758

 -73.784622 7.167374 158.939758

 -81.284073 7.167374 158.939758

 -88.783508 7.167374 158.939758

 -96.282944 6.934394 158.939758

 -103.782379 6.934394 158.939758

 -111.281815 7.167374 158.939758

 -118.781250 7.167374 158.939758

 -126.280701 6.934394 158.939758

 -133.780151 7.167374 161.117020

 -138.013702 6.934394 162.205627

 132.933716 7.167374 163.173294

 128.700180 7.167374 166.439178

 121.200729 7.167374 166.439178

 113.701309 7.167374 166.439178

 106.201874 7.167374 166.439178

 98.702438 7.167374 166.439178

 91.202988 6.934394 166.439178

 83.703552 6.934394 166.439178

 76.204109 7.167374 166.439178

 68.704681 6.934394 166.439178

 61.205238 6.934394 166.439178

 53.705795 7.167374 166.439178

 46.206367 7.167374 166.439178

 38.706928 6.934394 166.439178

 31.207495 6.934394 166.439178

 23.708054 7.167374 166.439178

 16.208620 7.167374 166.439178

 8.709183 7.167374 166.439178

 1.209746 6.934394 166.439178

 -6.289692 6.934394 166.439178

 -13.789131 6.934394 166.439178

 -21.288570 7.167374 166.439178

 -28.788006 7.167374 166.439178

 -36.287445 6.934394 166.439178

 -43.786884 7.167374 166.439178

 -51.286320 7.167374 166.439178

 -58.785763 6.934394 166.439178

 -66.285202 6.934394 166.439178

 -73.784622 7.167374 166.439178

 -81.284073 7.167374 166.439178

 -88.783508 7.167374 166.439178

 -96.282944 7.167374 166.439178

 -103.782379 7.167374 166.439178

 -111.281815 6.934394 166.439178

 -118.781250 6.934394 166.439178

 -126.280701 6.934394 166.439178

 -133.780136 7.167374 166.439178

 -139.102325 7.167374 166.439194

 126.522919 6.934394 173.938614

 121.200729 7.167374 173.938614

 113.701309 6.934394 173.938614

 106.201874 6.934394 173.938614

 98.702438 7.167374 173.938614

 91.202988 6.934394 173.938614

 83.703552 6.934394 173.938614

 76.204109 7.167374 173.938614

 68.704681 7.167374 173.938614

 61.205238 7.167374 173.938614

 53.705795 6.934394 173.938614

 46.206367 6.934394 173.938614

 38.706928 7.167374 173.938614

 31.207495 7.167374 173.938614

 23.708054 6.934394 173.938614

 16.208620 7.167374 173.938614

 8.709183 6.934394 173.938614

 1.209746 7.167374 173.938614

 -6.289692 6.934394 173.938614

 -13.789131 6.934394 173.938614

 -21.288570 6.934394 173.938614

 -28.788006 7.167374 173.938614

 -36.287445 6.934394 173.938614

 -43.786884 6.934394 173.938614

 -51.286320 7.167374 173.938614

 -58.785763 7.167374 173.938614

 -66.285202 6.934394 173.938614

 -73.784622 7.167374 173.938614

 -81.284073 6.934394 173.938614

 -88.783508 6.934394 173.938614

 -96.282944 7.167374 173.938614

 -103.782379 7.167374 171.761368

 -111.281815 6.934394 171.761368

 -118.781250 6.934394 173.938614

 -126.280701 6.934394 173.938614

 -133.780136 7.167374 173.938614

 -139.102325 7.167374 173.938614

 132.933716 6.934394 184.703934

 128.700180 6.934394 181.438065

 121.200729 7.167374 181.438065

 113.701309 6.934394 181.438065

 106.201874 7.167374 181.438065

 98.702438 7.167374 181.438065

 91.202988 6.934394 181.438065

 83.703552 6.934394 181.438065

 76.204109 6.934394 181.438065

 68.704681 6.934394 181.438065

 61.205238 6.934394 181.438065

 53.705795 7.167374 181.438065

 46.206367 7.167374 181.438065

 38.706928 6.934394 181.438065

 31.207495 7.167374 181.438065

 23.708054 6.934394 181.438065

 16.208620 7.167374 181.438065

 8.709183 6.934394 181.438065

 1.209746 7.167374 181.438065

 -6.289692 6.934394 181.438065

 -13.789131 6.934394 181.438065

 -21.288570 7.167374 181.438065

 -28.788006 7.167374 181.438065

 -36.287445 7.167374 181.438065

 -43.786884 7.167374 181.438065

 -51.286320 6.934394 181.438065

 -58.785763 6.934394 181.438065

 -66.285202 7.167374 181.438065

 -73.784622 6.934394 181.438065

 -81.284073 7.167374 181.438065

 -88.783508 7.167374 179.260803

 -93.017059 7.167374 178.172165

 -122.047150 6.934394 178.172165

 -126.280701 6.934394 179.260803

 -133.780151 7.167374 179.260803

 -138.013702 7.167374 178.172165

 140.433151 6.934394 192.203369

 136.199615 6.934394 188.937485

 128.700180 6.934394 188.937485

 121.200729 7.167374 188.937485

 113.701309 7.167374 188.937485

 106.201874 7.167374 188.937485

 98.702438 7.167374 188.937485

 91.202988 7.167374 188.937485

 83.703552 7.167374 188.937485

 76.204109 7.167374 186.760254

 68.704681 7.167374 186.760254

 61.205238 6.934394 186.760254

 53.705807 6.934394 186.760254

 46.206367 7.167374 186.760254

 38.706928 6.934394 186.760254

 31.207499 6.934394 186.760254

 23.708054 7.167374 188.937485

 16.208620 7.167374 188.937485

 8.709183 7.167374 188.937485

 1.209746 6.934394 188.937485

 -6.289692 6.934394 188.937485

 -13.789131 7.167374 188.937485

 -21.288570 7.167374 188.937485

 -28.788006 6.934394 188.937485

 -36.287445 6.934394 188.937485

 -43.786884 6.934394 188.937485

 -51.286320 7.167374 188.937485

 -58.785763 7.167374 188.937485

 -66.285202 7.167374 186.760254

 -73.784622 6.934394 186.760254

 -78.018188 7.167374 185.671600

 141.521805 7.167374 196.436935

 136.199615 7.167374 196.436920

 128.700180 6.934394 196.436920

 121.200729 7.167374 196.436920

 113.701309 7.167374 196.436920

 106.201874 7.167374 196.436920

 98.702438 7.167374 196.436920

 91.202988 7.167374 196.436920

 86.969437 6.934394 193.171036

 21.530804 7.167374 196.436935

 16.208620 6.934394 196.436920

 8.709183 6.934394 196.436920

 1.209746 7.167374 196.436920

 -6.289692 6.934394 196.436920

 -13.789131 7.167374 196.436920

 -21.288570 6.934394 196.436920

 -28.788006 6.934394 196.436920

 -36.287445 6.934394 196.436920

 -43.786884 6.934394 194.259674

 -51.286320 7.167374 194.259674

 -55.519878 6.934394 193.171036

 141.521805 6.934394 203.936356

 136.199615 6.934394 203.936356

 128.700180 6.934394 203.936356

 121.200729 6.934394 203.936356

 113.701309 7.167374 203.936356

 106.201874 7.167374 203.936356

 98.702438 6.934394 201.759109

 94.468872 6.934394 200.670486

 20.442173 7.167374 200.670486

 16.208620 7.167374 203.936356

 8.709183 6.934394 203.936356

 1.209746 6.934394 203.936356

 -6.289692 6.934394 203.936356

 -13.789131 7.167374 203.936356

 -21.288570 7.167374 203.936356

 -28.788006 7.167374 203.936356

 -33.021564 6.934394 200.670486

 141.521805 7.167374 211.435822

 136.199615 7.167374 211.435822

 128.700180 7.167374 211.435822

 121.200729 6.934394 211.435822

 113.701309 6.934394 209.258545

 109.467758 6.934394 208.169907

 12.942733 7.167374 208.169907

 8.709183 7.167374 209.258545

 1.209748 6.934394 209.258545

 -6.289692 6.934394 209.258545

 -13.789127 7.167374 209.258545

 -21.288570 6.934394 209.258545

 -25.522121 7.167374 208.169907

 140.433151 7.167374 215.669342

 136.199615 6.934394 216.757965

 128.700180 7.167374 216.757965

 124.466629 6.934394 215.669342

 -44.378334 13.616839 -77.764587

 -51.286316 13.615561 -79.898193

 -58.785759 13.615561 -77.806427

 -44.792683 1.253836 -42.539276

 -50.280529 1.253836 -42.539276

 -44.792683 1.253836 -37.051437

 -50.280529 1.020856 -37.051437

 13.238435 13.410679 4.421745

 11.679367 13.519985 4.421745

 13.238435 13.422409 5.980812

 11.679367 13.516382 5.980812

 50.735615 3.974614 19.420609

 49.176552 3.741633 19.420609

 50.735615 3.974614 20.979675

 49.176552 3.741633 20.979675

 -1.760437 4.062747 56.917789

 -3.319508 3.651639 56.917789

 -1.760437 4.294089 58.476868

 -3.319508 3.902215 58.476868

 52.862068 10.995705 114.786812

 47.050095 13.176525 114.786812

 0.366025 -4.525238 114.786812

 -5.445976 -3.654348 114.786812

 52.862068 10.427040 120.598824

 47.050095 12.882759 120.598824

 0.366025 -4.383885 120.598824

 -5.445976 -3.298748 120.598824

 45.362640 13.616758 137.285141

 39.550652 13.615580 137.285141

 45.362637 14.226286 143.097137

 39.550648 14.459267 143.097137

 60.361534 13.615480 152.284012

 54.549530 13.616858 152.284012

 60.361534 14.459267 158.096054

 54.549530 14.226286 158.096054

 -7.133411 13.154768 92.288536

 -12.945414 13.937803 92.288536

 -7.133411 12.060513 98.100510

 -12.945414 13.154772 98.100510

 104.337265 3.724877 48.896980

 98.440262 3.341809 48.659977

 91.371002 3.574790 48.659977

 84.301712 3.341809 48.659977

 78.388092 3.724371 48.896980

 104.604660 3.341809 54.824375

 98.401382 2.369327 54.954422

 91.395920 2.369327 54.954422

 84.390442 2.368945 54.954422

 78.137299 3.569661 54.824375

 104.604660 3.341809 61.893646

 98.401382 2.369327 61.959888

 91.395920 2.369327 61.959888

 84.390442 2.366023 61.959888

 78.137299 3.325150 61.893646

 111.427795 3.491897 70.168602

 105.488998 3.484734 68.963409

 98.401382 1.659379 68.965355

 91.395920 1.659379 68.965355

 84.390442 2.368945 68.965355

 78.137299 3.569661 68.962914

 111.673935 3.574790 76.032181

 105.406845 2.602307 75.970825

 98.401382 1.659379 75.970825

 91.395920 1.659379 75.970825

 84.390442 2.368903 75.970825

 78.137299 3.570717 76.032181

 111.673935 3.574790 83.101463

 105.406845 2.602307 82.976295

 98.401382 2.598618 82.976295

 91.395920 2.298299 82.976295

 84.319458 3.123563 83.076431

 78.388092 3.705246 81.936699

 111.427795 3.491897 89.027245

 105.509537 3.338119 89.265877

 98.440262 3.253451 89.265877

 91.371002 3.077210 89.265877

 85.478638 2.600539 89.027245

 18.325396 6.934394 -120.021271

 12.458899 7.167374 -121.326569

 4.959466 7.167374 -120.565613

 -2.539972 7.167374 -118.083435

 -8.406467 7.167374 -115.817886

 18.869713 6.934394 -111.040024

 -2.539972 6.934394 -111.040024

 -10.039412 6.934394 -111.040024

 -15.905907 7.167374 -109.407074

 18.869713 6.934394 -103.540588

 12.458899 7.167374 -103.540588

 4.959463 7.167374 -103.540588

 -2.539972 6.934394 -103.540588

 -10.039412 6.934394 -103.540588

 -17.538849 6.934394 -103.540588

 -23.405346 7.167374 -101.907623

 18.325396 6.934394 -98.762711

 12.458899 6.934394 -98.218384

 4.959463 7.167374 -97.129761

 -2.539972 6.934394 -96.041138

 -10.039412 7.167374 -96.041138

 -17.538849 7.167374 -96.041138

 -23.949661 6.934394 -96.041138

 -116.664490 7.167374 -93.319580

 -122.530975 7.167374 -93.863892

 -128.397476 6.934394 -93.319580

 -3.628599 7.167374 -88.541718

 -10.039412 6.934394 -88.541718

 -17.538849 6.934394 -88.541718

 -23.949661 6.934394 -88.541718

 -94.166168 6.934394 -85.820129

 -100.032669 6.934394 -86.364456

 -107.532104 6.934394 -87.453094

 -115.031540 7.167374 -88.541718

 -122.530975 6.934394 -88.541718

 -128.941788 7.167374 -88.541718

 10.825958 7.167374 -78.320694

 5.150395 7.972320 -79.659454

 -2.644156 7.053741 -81.047806

 -10.039845 7.062841 -81.042267

 -17.538849 7.167374 -81.042267

 -25.038288 7.167374 -81.042267

 -30.904785 6.934394 -79.409332

 -86.666733 6.934394 -79.409332

 -92.533234 7.167374 -81.042267

 -100.032669 7.167374 -81.042267

 -107.532104 6.934394 -81.042267

 -115.031540 7.167374 -81.042267

 -122.530975 6.934394 -81.042267

 -128.941788 6.934394 -81.042267

 33.324268 7.167374 -70.821259

 27.457777 7.167374 -71.365570

 19.958338 7.167374 -72.454193

 12.458899 6.934394 -73.542831

 4.958976 6.031221 -73.403763

 -2.540406 4.369958 -73.541534

 -10.039412 6.116332 -73.542831

 -17.538849 7.167374 -73.542831

 -25.038288 7.167374 -73.542831

 -32.537724 7.167374 -73.542831

 -40.037167 9.067233 -72.454193

 -47.536606 12.115471 -71.365570

 -55.036045 12.115471 -71.365570

 -62.535480 9.300214 -71.365570

 -70.034912 7.167374 -71.365570

 -77.534348 6.934394 -72.454193

 -85.033798 7.167374 -73.542831

 -92.533234 6.934394 -73.542831

 -100.032669 4.306699 -73.542831

 -107.532104 7.167374 -73.542831

 -115.031540 7.167374 -73.542831

 -122.530975 6.934394 -74.631454

 -128.397476 7.167374 -76.264404

 63.322014 7.167374 -63.321823

 57.455524 7.167374 -63.866135

 49.956081 7.167374 -63.866135

 42.456650 7.167374 -64.954773

 34.957211 7.167374 -66.043396

 27.457775 6.934394 -66.043396

 19.958338 6.934394 -66.043396

 12.458899 7.167374 -66.043396

 4.959464 6.569425 -66.044769

 -2.539973 2.492175 -66.043396

 -10.039412 4.579679 -66.043396

 -17.538849 5.957082 -66.043396

 -25.038288 7.084793 -66.043396

 -32.537724 7.167374 -66.043396

 -40.037167 9.300214 -66.043396

 -47.536606 10.819462 -66.043396

 -55.036045 10.438854 -66.043396

 -62.535480 8.686624 -66.043396

 -70.034912 7.167374 -66.043396

 -77.534348 7.167374 -66.043396

 -85.033798 7.167374 -66.043396

 -92.533234 7.167374 -66.043396

 -100.032669 6.934394 -66.043396

 -107.532104 7.167374 -66.043396

 -113.398605 7.167374 -67.676331

 63.866325 7.167374 -58.543961

 57.455509 7.167374 -58.543961

 49.956081 7.167374 -58.543961

 42.456650 7.167374 -58.543961

 34.957211 7.166520 -58.543961

 27.457775 7.159070 -58.543961

 19.958338 7.159070 -58.543961

 12.433559 7.054705 -58.516811

 4.959464 6.759841 -58.952507

 -2.514631 2.517006 -58.516811

 -10.039412 1.335632 -58.543953

 -17.538849 2.608206 -58.543953

 -25.038288 6.981483 -58.543953

 -32.537724 6.934394 -58.543961

 -40.037167 7.167374 -58.543961

 -47.536606 7.898415 -58.543961

 -55.036045 8.396480 -58.543961

 -62.535480 7.898415 -58.543961

 -70.034912 7.167374 -58.543961

 -77.534348 7.167374 -58.543961

 -85.033798 7.167374 -58.543961

 -92.533234 6.934394 -58.543961

 -100.032669 7.167374 -59.632584

 -105.899170 7.167374 -61.265518

 63.866325 7.167374 -51.044518

 57.455509 7.167374 -51.044518

 49.956081 6.926944 -51.044518

 42.456650 6.784328 -51.044518

 34.957211 6.713463 -51.044518

 27.457775 6.239806 -51.044518

 19.958338 6.239806 -51.044518

 12.458899 6.713463 -51.044518

 4.959464 7.546538 -50.635971

 -2.514631 2.496496 -51.071663

 -10.039412 1.175053 -51.044518

 -17.538849 2.543975 -51.044518

 -25.038288 7.371181 -51.044518

 -32.537724 7.167374 -51.044518

 -40.037167 6.934394 -51.044518

 -47.536606 7.167374 -51.044518

 -55.036045 7.167374 -51.044518

 -62.535480 7.167374 -51.044518

 -70.034912 7.167374 -51.044518

 -77.534348 7.167374 -51.044518

 -85.033798 6.934394 -52.133141

 -90.900284 6.934394 -53.766083

 63.866325 7.167374 -43.545082

 57.455509 6.926944 -43.545082

 49.956081 6.912587 -43.545082

 42.456650 6.037007 -43.545082

 34.957211 5.517613 -43.545082

 27.457775 4.798091 -43.545082

 19.958338 4.798091 -43.545082

 12.458899 5.284633 -43.545082

 4.959464 5.984784 -43.543278

 -2.539973 2.155082 -43.545082

 -10.039412 1.129035 -43.545082

 -17.538849 2.668235 -43.545082

 -25.038288 6.937765 -43.545082

 -32.537724 7.167374 -43.545082

 -39.452278 5.780461 -44.129959

 -47.536602 4.859511 -44.714844

 -55.620930 5.780461 -44.129959

 -62.535480 7.167374 -43.545082

 -70.034912 7.167374 -43.545082

 -76.445724 6.934394 -43.545082

 63.866325 7.167374 -36.045647

 57.455509 7.024758 -36.045647

 49.956081 6.141728 -36.045647

 42.456650 5.232819 -36.045647

 34.957211 4.914772 -36.045647

 27.457775 3.362858 -36.045647

 19.958338 3.362858 -36.045647

 12.458899 4.080880 -36.045647

 4.959464 5.059800 -36.045639

 -2.539973 2.349393 -36.045639

 -10.039412 3.128824 -36.045639

 -17.538849 5.899249 -36.045639

 -25.038288 7.010328 -36.045639

 -32.537724 7.167374 -36.045639

 -39.452278 6.013442 -35.460754

 -47.536602 4.626531 -34.875870

 -55.620930 6.013442 -35.460754

 -62.535480 6.934394 -36.045639

 -70.034912 7.167374 -36.045639

 -77.534348 7.167374 -36.045639

 -83.400848 6.934394 -34.412697

 70.821449 6.934394 -26.913254

 64.954964 6.933539 -28.546204

 57.455509 6.855217 -28.546204

 49.956081 5.623378 -28.546204

 42.456650 4.365666 -28.546204

 34.957211 2.676320 -28.546204

 27.457775 0.755346 -28.546204

 19.958338 1.995000 -28.546204

 12.458899 2.676320 -28.546204

 4.959464 4.395842 -28.546200

 -2.539973 5.196922 -28.546196

 -10.039412 6.529755 -28.546194

 -17.538849 7.084816 -28.546194

 -25.038288 7.167374 -28.546196

 -32.537724 7.167374 -28.546196

 -40.037167 7.167374 -28.546196

 -47.536606 6.934394 -28.546196

 -55.036045 7.167374 -28.546196

 -62.535480 6.934394 -28.546196

 -70.034912 7.167374 -28.546188

 -77.534348 7.167374 -28.546188

 -85.033798 7.167374 -28.546188

 -90.900284 7.167374 -26.913246

 71.365768 7.167374 -21.046761

 64.954964 6.926940 -21.046753

 57.455509 6.776631 -21.046753

 49.956081 5.647492 -21.046753

 42.456650 4.028256 -21.046753

 34.957211 2.448555 -21.046753

 27.457775 1.438026 -21.046753

 19.958338 1.205046 -21.046753

 12.458899 2.448555 -21.046753

 4.959463 3.795276 -21.046753

 -2.539972 5.647492 -21.046753

 -10.039412 6.543651 -21.046753

 -17.538849 7.159920 -21.046753

 -23.949661 6.934394 -21.046753

 -41.125793 6.934394 -21.046753

 -47.536606 6.934394 -21.046753

 -55.036045 6.934394 -21.046753

 -62.535480 6.934394 -21.046753

 -70.034912 7.167374 -21.046753

 -77.534348 6.934394 -21.046745

 -85.033798 6.934394 -21.046745

 -91.444595 7.167374 -21.046745

 71.365768 6.934394 -13.547318

 64.954964 6.933539 -13.547318

 57.455509 6.622237 -13.547318

 49.956081 5.623378 -13.547318

 42.456650 4.365666 -13.547318

 34.957211 2.909300 -13.547318

 27.457775 1.762019 -13.547318

 19.958338 1.995000 -13.547318

 12.458899 2.909300 -13.547318

 4.959463 4.365666 -13.547318

 -2.539972 5.856358 -13.547318

 -10.039412 6.855217 -13.547318

 -17.538849 6.933539 -13.547318

 -25.038288 6.934394 -13.547310

 -32.537724 7.167374 -13.547310

 -40.037167 6.934394 -13.547310

 -47.536606 6.934394 -13.547310

 -55.036045 6.934394 -13.547310

 -62.535480 6.934394 -13.547310

 -70.034912 7.167374 -13.547310

 -77.534348 6.934394 -13.547310

 -85.033798 7.167374 -13.547310

 -92.533234 6.934394 -13.547310

 -98.399719 7.167374 -11.914368

 71.365768 6.934394 -6.047882

 64.954964 7.167374 -6.047882

 57.455509 6.791778 -6.047882

 49.956081 6.141728 -6.047882

 42.456650 5.232819 -6.047882

 34.957211 4.080878 -6.047882

 27.457775 3.362856 -6.047882

 19.958338 3.129876 -6.047874

 12.458899 3.847898 -6.047874

 5.721031 5.848691 -6.047874

 -2.400530 5.848694 -6.047874

 -10.522097 5.848696 -6.047874

 -17.538849 6.934394 -6.047874

 -25.038288 6.934394 -6.047874

 -32.537724 6.934394 -6.047874

 -40.037167 6.934394 -6.047874

 -47.536606 6.934394 -6.047874

 -55.036045 7.167374 -6.047874

 -62.535480 6.934394 -6.047874

 -70.034912 6.691818 -6.047873

 -77.534348 6.861639 -6.047868

 -85.033798 6.576958 -6.047868

 -92.533234 6.882692 -6.047868

 -100.032669 6.934394 -6.047867

 -105.899170 7.167374 -4.414925

 78.320892 7.167374 3.084496

 72.454391 6.934394 1.451553

 64.954964 6.934394 1.451557

 57.455509 7.159920 1.451557

 49.956081 6.679606 1.451557

 42.456650 6.269988 1.451557

 34.957211 5.517609 1.451561

 27.457775 4.798091 1.451561

 19.958338 5.031071 1.451561

 12.458899 5.284629 1.451561

 5.721031 5.848693 1.451561

 -2.400530 5.848696 1.451561

 -10.522097 5.848697 1.451561

 -17.538849 6.923533 1.451565

 -25.038288 7.147891 1.451565

 -32.537724 6.923533 1.451565

 -40.037167 6.933272 1.451565

 -47.536606 6.934394 1.451569

 -55.036045 7.167374 1.451569

 -62.535480 6.934394 1.451569

 -70.034912 4.301685 1.451568

 -77.534348 4.228930 1.451568

 -85.033798 4.249983 1.451568

 -92.533234 6.470296 1.451569

 -100.032669 6.934394 1.451569

 -106.443481 6.934394 1.451569

 85.820328 7.167374 10.583931

 79.953827 7.167374 8.950989

 72.454391 6.934394 8.950989

 64.954964 7.167374 8.950989

 57.455509 7.167374 8.950989

 49.956081 7.159920 8.950989

 42.456650 6.784328 8.950989

 34.957211 6.480479 8.950993

 27.457775 6.239802 8.950993

 19.958338 6.239802 8.950996

 12.458899 6.713459 8.950996

 4.959463 6.774585 8.950996

 -2.400530 5.848696 8.950996

 -10.039412 6.340899 8.950996

 -17.538849 6.026216 8.950996

 -25.038288 6.165066 8.950996

 -32.537724 6.026216 8.950996

 -40.037167 6.340899 8.950996

 -47.536606 6.971163 8.950996

 -55.036045 7.157631 8.950996

 -62.535480 7.167374 8.950996

 -70.034912 4.471506 8.950996

 -77.534348 4.080162 8.950996

 -85.033798 4.101215 8.950997

 -92.533234 4.471506 8.951000

 -100.032669 6.934394 8.951004

 -106.443481 6.934394 8.951004

 145.815811 11.854451 19.171993

 139.949341 11.854451 18.627678

 132.449890 9.898325 18.627678

 126.583405 6.934394 19.171993

 100.819199 7.167374 19.171993

 94.952713 7.167374 17.539051

 87.453278 7.167374 16.450424

 79.953827 7.167374 16.450424

 72.454391 6.934394 16.450424

 64.954964 7.167374 16.450424

 57.455509 6.934394 16.450424

 49.956081 6.934394 16.450424

 42.456650 7.167374 16.450424

 34.957211 7.166520 16.450424

 27.457775 6.926085 16.450424

 19.958338 6.926085 16.450424

 12.458899 6.923793 16.450424

 4.959463 6.601256 16.450424

 -2.539972 5.761062 16.450424

 -10.039412 5.010306 16.450424

 -17.538849 4.374154 16.450424

 -25.038288 4.195191 16.450424

 -32.537724 4.141173 16.450428

 -40.037167 4.777326 16.450428

 -47.536606 5.994042 16.450428

 -55.036045 6.834237 16.450428

 -62.535480 6.924651 16.450428

 -70.034912 4.343791 16.450428

 -77.534348 4.207877 16.450428

 -85.033798 4.038056 16.450428

 -92.533234 4.756187 16.450432

 -100.032669 6.934394 16.450432

 -106.443481 7.167374 16.450432

 146.360138 11.854451 23.949860

 139.949326 11.621471 23.949860

 132.449890 9.671286 23.949860

 124.950470 7.167374 23.949860

 117.451019 6.934394 25.038490

 109.951584 6.934394 25.038490

 102.452164 7.167374 23.949860

 94.952713 6.934394 23.949860

 87.453278 6.934394 23.949860

 79.953827 7.167374 23.949860

 72.454391 7.167374 23.949860

 64.954964 6.934394 23.949860

 57.455509 6.934394 23.949860

 49.956081 6.932818 23.949860

 42.456650 6.919131 23.949860

 34.957211 7.152112 23.949860

 27.457775 6.932818 23.949860

 19.958338 6.934394 23.949860

 12.458899 6.980904 23.949860

 4.959463 5.897985 23.949860

 -2.539972 4.637944 23.949860

 -10.039412 2.898801 23.949860

 -17.538849 1.959987 23.949860

 -25.038288 1.930764 23.949860

 -32.537724 1.959987 23.949860

 -40.037167 3.131781 23.949860

 -47.536606 4.404963 23.949860

 -55.036045 6.130965 23.949860

 -62.535480 6.980904 23.949860

 -70.034912 6.428139 23.949860

 -77.534348 4.186823 23.949860

 -85.033798 6.576957 23.949860

 -92.533234 7.125268 23.949863

 -100.032669 6.934394 23.949863

 -107.532104 6.934394 23.949863

 -113.398605 7.167374 25.582809

 146.360138 11.621471 31.449303

 139.949326 11.854451 31.449303

 132.449890 9.898325 31.449303

 124.950470 6.934394 31.449303

 117.451019 7.167374 31.449303

 109.951584 7.167374 31.449303

 102.452164 6.934394 31.449303

 94.952713 7.167374 31.449303

 87.453278 7.167374 31.449303

 79.953827 6.934394 31.449303

 72.454391 7.167374 31.449303

 64.954964 6.920703 31.449303

 57.455509 6.891659 31.449303

 49.956081 8.265963 31.449303

 42.456650 5.891221 31.449303

 34.957211 5.891221 31.449303

 27.457775 6.333405 31.449303

 19.958338 6.890542 31.449303

 12.458899 6.512561 31.449303

 4.959463 5.453221 31.449303

 -2.539972 3.504143 31.449303

 -10.039412 1.599940 31.449303

 -17.538849 0.404493 31.449303

 -25.038288 0.064274 31.449303

 -32.537724 0.404493 31.449303

 -40.037167 1.366960 31.449303

 -47.536606 3.504143 31.449303

 -55.036045 5.220241 31.449303

 -62.535480 6.526248 31.449303

 -70.034912 6.881232 31.449305

 -77.534348 4.450452 31.449305

 -85.033798 4.977710 31.449305

 -92.533234 6.934394 31.449303

 -100.032669 7.167374 31.449303

 -107.532104 7.167374 31.449303

 -113.942902 6.934394 31.449303

 145.815811 11.621471 36.227165

 139.949326 11.854451 37.860107

 132.449890 9.904266 38.948738

 124.950470 7.167374 38.948738

 117.451019 6.934394 38.948738

 109.951584 6.934394 38.948738

 102.452164 6.934394 38.948738

 94.952713 6.934394 38.948738

 87.453278 6.934394 38.948738

 79.953827 7.167374 38.948738

 72.454391 7.153683 38.948738

 64.954964 6.699257 38.948738

 57.455509 5.285640 38.948738

 49.956081 4.136292 38.948738

 42.456650 3.009402 38.948738

 34.957211 3.009402 38.948738

 27.457775 3.903314 38.948738

 19.958338 5.509049 38.948738

 12.458899 5.955548 38.948738

 4.959463 5.166441 38.948738

 -2.539972 3.062977 38.948738

 -10.039412 0.764539 38.948738

 -17.538849 -0.556732 38.948738

 -25.038288 -0.711777 38.948738

 -32.537724 -0.556732 38.948738

 -40.037167 0.997519 38.948738

 -47.536606 2.829997 38.948738

 -55.036045 4.947150 38.948738

 -62.535480 6.423497 38.948738

 -70.034912 7.157631 38.948738

 -77.534348 6.934394 38.948738

 -85.033798 6.934394 38.948738

 -92.533234 6.934394 38.948738

 -100.032669 6.934394 38.948738

 -107.532104 7.167374 38.948738

 -113.942902 6.934394 38.948738

 130.816940 7.210888 43.726608

 124.950470 7.167374 45.359550

 117.451019 6.934394 46.448177

 109.910507 6.754289 46.525715

 102.391632 6.762133 46.138302

 94.945724 6.484126 45.673351

 87.510086 6.484126 45.673351

 80.059204 6.734894 46.138302

 72.515396 6.698006 46.525715

 64.954964 5.711026 46.448177

 57.455509 3.380075 46.448177

 49.956081 0.256968 46.448177

 42.456650 0.177415 46.448177

 34.957211 -0.055566 46.448177

 27.457775 1.263640 46.448177

 19.958338 3.604447 46.448177

 12.458899 4.968717 46.448177

 4.959463 4.685559 46.448177

 -2.539972 3.062977 46.448177

 -10.039412 0.764539 46.448177

 -17.538849 -0.556732 46.448177

 -25.038288 -0.711777 46.448177

 -32.537724 -0.323752 46.448177

 -40.037167 0.997519 46.448177

 -47.536606 3.062977 46.448177

 -55.036045 3.940477 46.448177

 -62.535480 6.423497 46.448177

 -70.034912 6.924651 46.448177

 -77.534348 7.167374 46.448177

 -85.033798 6.934394 46.448177

 -92.533234 6.934394 46.448177

 -100.032669 7.167374 46.448177

 -107.532104 6.934394 46.448177

 -113.398605 7.167374 44.815235

 116.362381 6.934394 53.947617

 110.384583 6.709260 54.012634

 72.046318 6.060721 54.012634

 64.954964 4.525691 53.947613

 57.455509 1.786876 53.947613

 49.956081 -1.895554 53.947613

 42.456650 -2.335721 53.947613

 34.957211 -2.568702 53.947613

 27.457775 -0.888877 53.947613

 19.958338 1.786498 53.947613

 12.458899 4.353110 53.947613

 4.959463 4.648564 53.947613

 -2.539972 3.269588 53.947613

 -10.039412 1.599940 53.947613

 -17.538849 0.171513 53.947613

 -25.038288 -0.168708 53.947613

 -32.537724 0.171513 53.947613

 -40.037167 1.366960 53.947613

 -47.536606 3.271163 53.947613

 -55.036045 5.453221 53.947613

 -62.535480 6.526248 53.947613

 -70.034912 7.166253 53.947613

 -77.534348 6.934394 53.947613

 -85.033798 6.934394 53.947613

 -92.533234 6.934394 53.947613

 -100.032669 7.167374 53.947613

 -105.899170 7.167374 52.314671

 116.362381 6.934394 61.447052

 110.384583 6.942240 61.480175

 72.046318 6.138390 61.480175

 64.954964 4.374926 61.447052

 57.455509 1.399939 61.447052

 49.956081 -1.735394 61.447052

 42.456650 -3.592020 61.447052

 27.457775 -1.735391 61.447052

 19.958338 1.399942 61.447052

 12.458899 4.190299 61.447052

 4.959463 5.414900 61.447052

 -2.539972 4.391273 61.447052

 -10.039412 3.131781 61.447052

 -17.538849 1.959987 61.447052

 -25.038288 1.930764 61.447052

 -32.537724 2.192967 61.447052

 -40.037167 2.898801 61.447052

 -47.536606 4.637944 61.447052

 -55.036045 5.897985 61.447052

 -62.535480 6.747924 61.447052

 -70.034912 6.934394 61.447052

 -77.534348 7.167374 61.447052

 -85.033798 7.167374 61.447052

 -92.533234 7.167374 60.358421

 -98.399734 7.167374 58.725483

 168.314133 7.167374 71.668053

 162.447647 6.934394 71.123741

 154.948212 7.167374 71.123741

 149.081711 6.934394 71.668053

 116.248764 7.225007 68.909264

 110.349808 6.454108 68.303307

 72.046318 6.293702 68.947701

 64.954964 4.525691 68.946480

 57.455509 1.786876 68.946480

 49.956081 -0.655900 68.946480

 42.456650 -2.335721 68.946480

 34.957211 -2.568702 68.946480

 27.457775 -0.888879 68.946480

 19.958338 1.786876 68.946480

 12.458899 6.681753 68.946480

 4.959463 6.028008 68.946480

 -2.539972 5.992465 68.946480

 -10.039412 4.777326 68.946480

 -17.538849 4.374154 68.946480

 -25.038288 3.962211 68.946480

 -32.537724 4.374154 68.946480

 -40.037167 4.777326 68.946480

 -47.536606 5.994042 68.946480

 -55.036045 6.834237 68.946480

 -62.535480 7.157631 68.946480

 -70.034912 7.167374 68.946480

 -77.534348 6.934394 67.857857

 -83.400848 6.934394 66.224915

 168.858444 7.167374 76.445930

 162.447647 7.167374 76.445923

 154.948212 6.934394 76.445923

 147.448776 6.934394 76.445923

 139.949341 7.167374 77.534546

 132.449890 7.167374 78.623184

 124.950470 6.934394 77.534546

 117.852112 6.709260 76.415237

 72.046318 6.411214 76.415237

 64.954964 5.478045 76.445923

 57.455509 3.380073 76.445923

 49.956081 1.496615 76.445923

 42.456650 0.177411 76.445923

 34.957211 0.177411 76.445923

 27.457775 1.263637 76.445923

 19.958338 3.612431 76.445923

 12.458899 5.702458 76.445923

 4.959463 6.886746 76.445923

 -2.539972 6.737266 76.445923

 -10.039412 6.340899 76.445923

 -17.538849 6.259196 76.445923

 -25.038288 5.932086 76.445923

 -32.537724 6.026216 76.445923

 -40.037167 6.573880 76.445923

 -47.536606 6.687240 75.357300

 -55.036045 6.873706 74.268669

 -62.535480 6.934394 74.268669

 -68.401978 6.934394 73.724350

 168.858444 7.167374 83.945358

 162.447647 6.934394 83.945358

 154.948212 6.934394 83.945358

 147.448776 7.167374 83.945358

 139.949326 6.934394 83.945358

 132.449890 7.167374 83.945358

 124.950470 6.934394 83.945358

 117.852112 6.942240 83.882774

 79.428207 6.481444 84.457634

 72.515396 6.646945 83.895287

 64.954964 6.464520 83.945358

 57.455509 5.518620 83.945358

 49.956081 4.136292 83.945358

 42.456650 3.242383 83.945358

 34.957211 3.003520 83.945358

 27.457775 3.981822 83.945358

 19.958338 5.037234 83.945358

 12.458899 5.722537 83.945358

 4.959463 6.408989 83.945358

 -2.539972 6.447736 83.945358

 -10.039412 6.772380 83.945358

 -17.538849 7.148524 83.945358

 -25.038288 6.914910 83.945358

 -32.537724 7.156514 83.945358

 -38.948532 6.933272 83.945358

 168.314133 6.934394 88.723221

 162.447647 7.167374 90.356171

 154.948212 6.934394 91.444809

 147.448776 7.167374 91.444809

 139.949326 6.934394 91.444809

 132.449890 7.167374 91.444809

 124.950470 7.167374 91.444809

 117.384415 6.754289 91.369217

 109.833633 6.758183 91.759071

 102.381363 6.367616 92.224510

 94.945724 6.171113 92.224510

 87.501221 5.634787 91.759071

 79.989319 5.274047 91.369217

 72.454391 5.509437 91.444809

 64.954964 5.989497 91.444809

 57.455509 6.350905 91.444809

 49.956081 6.085229 91.444809

 42.456650 5.883561 91.444809

 34.957211 5.619715 91.444809

 27.457775 5.140117 91.444809

 19.958338 4.890384 91.444809

 12.458899 4.863274 91.444809

 4.959463 4.876961 91.444809

 -2.539972 7.331160 91.444809

 -10.039412 5.972270 91.444809

 -17.538849 6.894207 91.444809

 -25.038288 6.926406 91.444809

 -32.537724 6.934394 91.444809

 -38.404221 7.167374 89.811859

 153.315277 6.934394 96.222672

 147.448776 6.934394 97.855614

 139.949326 7.167374 98.944237

 132.449890 6.934394 98.944237

 124.950470 7.167374 98.944237

 117.451019 6.934394 98.944237

 109.951584 6.919105 98.944237

 102.452164 6.644677 98.944237

 94.952713 5.326382 98.944237

 87.453278 3.549888 98.944237

 79.953827 2.551751 98.944237

 72.454391 2.551749 98.944237

 64.954964 3.782868 98.944237

 57.455509 5.093398 98.944237

 49.956081 6.410123 98.944237

 42.456650 6.750939 98.944237

 34.957211 6.302264 98.944237

 27.457775 5.091694 98.944237

 19.958338 3.858231 98.944237

 12.458899 2.855433 98.944237

 4.959463 3.088414 98.944237

 -2.539972 3.625251 98.944237

 -10.039412 5.093266 98.944237

 -17.538849 6.317530 98.944237

 -25.038288 6.781489 98.944237

 -31.449097 6.934394 98.944237

 138.316376 7.167374 104.810730

 132.449890 7.167374 106.443665

 124.950470 6.934394 106.443665

 117.451019 7.167374 106.443665

 109.951584 6.641818 106.443665

 102.452164 5.541218 106.443665

 94.952713 3.198626 106.443665

 87.453278 0.835414 106.443665

 79.953827 -0.870597 106.443665

 72.454391 -0.870597 106.443665

 64.954964 0.835412 106.443665

 57.455509 2.965642 106.443665

 49.956081 5.307334 106.443665

 42.456650 6.307160 106.443665

 34.957211 5.761786 106.443665

 27.457775 4.163563 106.443665

 19.958338 2.602139 106.443665

 12.458899 1.388905 106.443665

 4.959463 1.388905 106.443665

 -2.539972 2.369159 106.443665

 -10.039412 4.163563 106.443665

 -17.538849 5.528808 106.443665

 -25.038288 6.599719 106.443665

 -30.904785 6.933478 104.810730

 130.816940 6.934394 112.310165

 124.950470 6.934394 113.943108

 117.451019 6.932635 113.943108

 109.951584 6.526986 113.943108

 102.452164 4.477824 113.943108

 94.952713 1.419661 113.943108

 87.453278 -1.568091 113.943108

 79.953827 -3.676762 113.943108

 72.454391 -3.443783 113.943108

 64.954964 -1.568095 113.943108

 57.455509 1.186676 113.943108

 49.956081 4.237123 113.943108

 42.456650 5.875346 113.943108

 34.957211 5.536099 113.943108

 27.457775 3.801814 113.943108

 19.958338 4.273699 113.943108

 12.458899 1.024733 113.943108

 4.959463 1.024733 113.943108

 -2.539972 1.875180 113.943108

 -10.039412 3.568835 113.943108

 -17.538849 5.304875 113.943108

 -23.949661 6.689816 113.943108

 138.316391 6.934394 124.164124

 132.449890 7.167374 122.531181

 124.950470 6.934394 121.442551

 117.451019 6.919105 121.442551

 109.951584 6.365765 121.442551

 102.452164 3.816352 121.442551

 94.952713 0.727460 121.442551

 87.453278 -2.746288 121.442551

 79.953827 -4.586419 121.442551

 72.454391 -4.819401 121.442551

 64.954964 -2.746288 121.442551

 57.455509 0.494477 121.442551

 49.956081 4.048542 121.442551

 42.456650 6.031224 121.442551

 34.957211 5.746502 121.442551

 27.457775 4.163563 121.442551

 19.958338 2.602139 121.442551

 12.458899 1.621885 121.442551

 4.959463 1.388905 121.442551

 -2.539972 2.602139 121.442551

 -10.039412 3.930583 121.442551

 -17.538849 5.761788 121.442551

 -25.038288 6.599719 121.442551

 -30.904785 7.166459 123.075493

 145.815811 6.934394 130.574951

 139.949326 6.934394 128.942001

 132.449890 7.167374 128.942001

 124.950470 6.934394 128.942001

 117.451019 7.165616 128.942001

 109.951584 6.294005 128.942001

 102.452164 4.244845 128.942001

 94.952713 1.186681 128.942001

 87.453278 -1.568088 128.942001

 79.953827 -3.676758 128.942001

 72.454391 -3.443780 128.942001

 64.954964 -1.568091 128.942001

 57.455509 1.186678 128.942001

 49.956081 4.477822 128.942001

 42.456650 6.141101 128.942001

 34.957211 6.315773 128.942001

 27.457775 5.093272 128.942001

 19.958338 3.858235 128.942001

 12.458899 2.855435 128.942001

 4.959463 2.855435 128.942001

 -2.539972 3.625255 128.942001

 -10.039412 4.860291 128.942001

 -17.538849 6.084550 128.942001

 -25.038288 6.781489 128.942001

 -32.537724 6.934394 128.942001

 -40.037167 7.167374 130.030624

 -45.903664 7.167374 131.663559

 146.360138 6.934394 136.441437

 139.949326 7.167374 136.441437

 132.449890 7.167374 136.441437

 124.950470 6.934394 136.441437

 117.451019 6.934394 136.441437

 109.951584 6.641818 136.441437

 102.452164 5.541218 136.441437

 94.952713 3.198626 136.441437

 87.453278 0.602433 136.441437

 79.953827 -0.637617 136.441437

 72.454391 -0.870597 136.441437

 64.954964 0.602431 136.441437

 57.455509 2.965642 136.441437

 49.956081 5.541218 136.441437

 42.456650 6.633826 136.441437

 34.957211 6.661227 136.441437

 27.457775 5.972274 136.441437

 19.958338 5.398602 136.441437

 12.458899 4.876965 136.441437

 4.959463 4.876965 136.441437

 -2.539972 5.165622 136.441437

 -10.039412 5.972274 136.441437

 -17.538849 6.661227 136.441437

 -25.038288 7.159386 136.441437

 -32.537724 6.934394 136.441437

 -40.037167 7.167374 136.441437

 -47.536606 7.167374 136.441437

 -53.403103 6.934394 138.074371

 146.360138 7.167374 143.940872

 139.949326 6.934394 143.940872

 132.449890 6.934394 143.940872

 124.950470 7.167374 143.940872

 117.451019 6.934394 143.940872

 109.951584 7.152085 143.940872

 102.452164 6.644677 143.940872

 94.952713 5.093402 143.940872

 87.453278 3.782868 143.940872

 79.953827 2.784731 143.940872

 72.454391 2.784729 143.940872

 64.954964 3.549888 143.940872

 57.455509 5.093398 143.940872

 49.956081 6.411693 143.940872

 42.456650 7.152085 143.940872

 34.957211 7.159386 143.940872

 27.457775 7.006482 143.940872

 19.958338 6.680716 143.940872

 12.458899 6.189698 143.940872

 4.959463 6.422678 143.940872

 -2.539972 6.680716 143.940872

 -10.039412 7.006482 143.940872

 -17.538849 7.159386 143.940872

 -25.038288 7.167374 143.940872

 -32.537724 7.167374 143.940872

 -40.037167 7.167374 143.940872

 -47.536606 7.167374 143.940872

 -55.036045 7.167374 143.940872

 -62.535480 7.167374 145.029495

 -70.034912 7.167374 146.118134

 -77.534348 7.167374 146.118134

 -85.033798 6.934394 146.118134

 -90.900284 7.167374 146.662460

 146.360138 7.167374 151.440292

 139.949326 7.167374 151.440292

 132.449890 6.934394 151.440292

 124.950470 6.934394 151.440292

 117.451019 6.934394 151.440292

 109.951584 6.934394 151.440292

 102.452164 6.919105 151.440292

 94.952713 6.626531 151.440292

 87.453278 6.003186 151.440292

 79.953827 5.742417 151.440292

 72.454391 5.509437 151.440292

 64.954964 6.236166 151.440292

 57.455509 6.859511 151.440292

 49.956081 7.152085 151.440292

 42.456650 6.934394 151.440292

 34.957211 6.934394 151.440292

 27.457775 6.934394 151.440292

 19.958338 7.166459 151.440292

 12.458899 6.925487 151.440292

 4.959463 7.158467 151.440292

 -2.539972 6.933478 151.440292

 -10.039412 7.167374 151.440292

 -17.538849 7.167374 151.440292

 -25.038288 6.934394 151.440292

 -32.537724 6.934394 151.440292

 -40.037167 6.934394 151.440292

 -47.536606 6.934394 151.440292

 -55.036045 7.167374 151.440292

 -62.535480 6.934394 151.440292

 -70.034912 7.167374 151.440292

 -77.534348 6.934394 151.440292

 -85.033798 6.934394 151.440292

 -92.533234 6.934394 151.440292

 -100.032669 7.167374 152.528931

 -107.532104 7.167374 153.617569

 -115.031540 6.934394 153.617569

 -120.898041 6.934394 154.161880

 145.815811 7.167374 156.218170

 139.949326 7.167374 157.851135

 132.449890 6.934394 158.939758

 124.950470 6.934394 158.939758

 117.451019 7.167374 158.939758

 109.951584 7.167374 158.939758

 102.452164 7.167374 158.939758

 94.952713 6.934394 158.939758

 87.453278 7.165616 158.939758

 79.953827 6.917354 158.939758

 72.454391 6.917354 158.939758

 64.954964 6.932635 158.939758

 57.455509 7.167374 158.939758

 49.956081 6.934394 158.939758

 42.456650 6.934394 158.939758

 34.957211 6.934394 158.939758

 27.457775 6.934394 158.939758

 19.958338 7.167374 158.939758

 12.458899 6.934394 158.939758

 4.959463 6.934394 158.939758

 -2.539972 6.934394 158.939758

 -10.039412 7.167374 158.939758

 -17.538849 6.934394 158.939758

 -25.038288 7.167374 158.939758

 -32.537724 7.167374 158.939758

 -40.037167 6.934394 158.939758

 -47.536606 6.934394 158.939758

 -55.036045 6.934394 158.939758

 -62.535480 6.934394 158.939758

 -70.034912 7.167374 158.939758

 -77.534348 6.934394 158.939758

 -85.033798 6.934394 158.939758

 -92.533234 6.934394 158.939758

 -100.032669 7.167374 158.939758

 -107.532104 7.167374 158.939758

 -115.031540 6.934394 158.939758

 -122.530975 6.934394 158.939758

 -130.030426 6.934394 160.028381

 -135.896927 7.167374 161.661316

 130.816940 7.167374 164.806244

 124.950470 6.934394 166.439178

 117.451019 7.167374 166.439178

 109.951584 6.934394 166.439178

 102.452164 6.934394 166.439178

 94.952713 6.934394 166.439178

 87.453278 6.934394 166.439178

 79.953827 7.167374 166.439178

 72.454391 6.934394 166.439178

 64.954964 6.934394 166.439178

 57.455509 7.167374 166.439178

 49.956081 6.934394 166.439178

 42.456650 7.167374 166.439178

 34.957211 6.934394 166.439178

 27.457775 6.934394 166.439178

 19.958338 6.934394 166.439178

 12.458899 7.167374 166.439178

 4.959463 6.934394 166.439178

 -2.539972 6.934394 166.439178

 -10.039412 7.167374 166.439178

 -17.538849 7.167374 166.439178

 -25.038288 6.934394 166.439178

 -32.537724 7.167374 166.439178

 -40.037167 7.167374 166.439178

 -47.536606 6.934394 166.439178

 -55.036045 7.167374 166.439178

 -62.535480 7.167374 166.439178

 -70.034912 6.934394 166.439178

 -77.534348 7.167374 166.439178

 -85.033798 6.934394 166.439178

 -92.533234 6.934394 166.439178

 -100.032669 6.934394 166.439178

 -107.532104 6.934394 166.439178

 -115.031540 7.167374 166.439178

 -122.530975 6.934394 166.439178

 -130.030411 7.167374 166.439178

 -136.441238 7.167374 166.439194

 123.861832 7.167374 173.938614

 117.451019 7.167374 173.938614

 109.951584 7.167374 173.938614

 102.452164 7.167374 173.938614

 94.952713 7.167374 173.938614

 87.453278 7.167374 173.938614

 79.953827 6.934394 173.938614

 72.454391 6.934394 173.938614

 64.954964 6.934394 173.938614

 57.455509 7.167374 173.938614

 49.956081 7.167374 173.938614

 42.456650 7.167374 173.938614

 34.957211 7.167374 173.938614

 27.457775 6.934394 173.938614

 19.958338 6.934394 173.938614

 12.458899 7.167374 173.938614

 4.959463 7.167374 173.938614

 -2.539972 6.934394 173.938614

 -10.039412 7.167374 173.938614

 -17.538849 7.167374 173.938614

 -25.038288 6.934394 173.938614

 -32.537724 7.167374 173.938614

 -40.037167 7.167374 173.938614

 -47.536606 6.934394 173.938614

 -55.036045 6.934394 173.938614

 -62.535480 7.167374 173.938614

 -70.034912 6.934394 173.938614

 -77.534348 6.934394 173.938614

 -85.033798 6.934394 173.938614

 -92.533234 6.934394 173.938614

 -100.032669 6.934394 172.849991

 -107.532104 6.934394 171.761368

 -115.031540 7.167374 172.849991

 -122.530975 6.934394 173.938614

 -130.030411 7.167374 173.938614

 -136.441238 7.167374 173.938614

 130.816940 7.167374 183.070999

 124.950470 6.934394 181.438065

 117.451019 7.167374 181.438065

 109.951584 7.167374 181.438065

 102.452164 6.934394 181.438065

 94.952713 6.934394 181.438065

 87.453278 6.934394 181.438065

 79.953827 6.934394 181.438065

 72.454391 7.167374 181.438065

 64.954964 6.934394 181.438065

 57.455509 7.167374 181.438065

 49.956081 6.934394 181.438065

 42.456650 6.934394 181.438065

 34.957211 6.934394 181.438065

 27.457775 6.934394 181.438065

 19.958338 6.934394 181.438065

 12.458899 7.167374 181.438065

 4.959463 7.167374 181.438065

 -2.539972 6.934394 181.438065

 -10.039412 6.934394 181.438065

 -17.538849 7.167374 181.438065

 -25.038288 7.167374 181.438065

 -32.537724 7.167374 181.438065

 -40.037167 6.934394 181.438065

 -47.536606 7.167374 181.438065

 -55.036045 6.934394 181.438065

 -62.535480 6.934394 181.438065

 -70.034912 6.934394 181.438065

 -77.534348 7.167374 181.438065

 -85.033798 7.167374 180.349426

 -90.900284 6.934394 178.716476

 -124.163910 6.934394 178.716476

 -130.030426 6.934394 179.260803

 -135.896927 6.934394 178.716476

 138.316376 7.167374 190.570435

 132.449890 7.167374 188.937485

 124.950470 7.167374 188.937485

 117.451019 6.934394 188.937485

 109.951584 7.167374 188.937485

 102.452164 6.934394 188.937485

 94.952713 6.934394 188.937485

 87.453278 6.934394 188.937485

 79.953827 6.934394 187.848877

 72.454391 7.167374 186.760254

 64.954964 7.167374 186.760254

 57.455524 7.167374 186.760254

 49.956081 7.167374 186.760254

 42.456650 6.934394 186.760254

 34.957211 7.167374 186.760254

 27.457777 7.167374 187.848877

 19.958338 7.167374 188.937485

 12.458899 6.934394 188.937485

 4.959463 6.934394 188.937485

 -2.539972 6.934394 188.937485

 -10.039412 6.934394 188.937485

 -17.538849 6.934394 188.937485

 -25.038288 6.934394 188.937485

 -32.537724 7.167374 188.937485

 -40.037167 6.934394 188.937485

 -47.536606 6.934394 188.937485

 -55.036045 6.934394 188.937485

 -62.535480 7.167374 187.848877

 -70.034912 6.934394 186.760254

 -75.901413 6.934394 186.215942

 138.860703 6.934394 196.436920

 132.449890 6.934394 196.436920

 124.950470 6.934394 196.436920

 117.451019 7.167374 196.436920

 109.951584 6.934394 196.436920

 102.452164 7.167374 196.436920

 94.952713 6.934394 196.436920

 89.086212 6.934394 194.803970

 18.869713 7.167374 196.436920

 12.458899 7.167374 196.436920

 4.959463 7.167374 196.436920

 -2.539972 6.934394 196.436920

 -10.039412 7.167374 196.436920

 -17.538849 6.934394 196.436920

 -25.038288 7.167374 196.436920

 -32.537724 6.934394 196.436920

 -40.037167 6.934394 195.348282

 -47.536606 7.167374 194.259674

 -53.403103 6.934394 193.715363

 138.860703 6.934394 203.936356

 132.449890 6.934394 203.936356

 124.950470 7.167374 203.936356

 117.451019 6.934394 203.936356

 109.951584 6.934394 203.936356

 102.452164 7.167374 202.847733

 96.585663 6.934394 201.214798

 18.325396 7.167374 202.303421

 12.458899 7.167374 203.936356

 4.959463 7.167374 203.936356

 -2.539972 6.934394 203.936356

 -10.039412 6.934394 203.936356

 -17.538849 7.167374 203.936356

 -25.038288 7.167374 203.936356

 -30.904785 6.934394 202.303421

 138.860703 6.934394 211.435822

 132.449890 6.934394 211.435822

 124.950470 6.934394 211.435822

 117.451019 6.934394 210.347168

 111.584534 7.167374 208.714218

 10.825958 6.934394 208.714218

 4.959466 7.167374 209.258545

 -2.539972 7.167374 209.258545

 -10.039410 7.167374 209.258545

 -17.538849 7.167374 209.258545

 -23.405346 6.934394 208.714218

 138.316391 7.167374 216.213654

 132.449890 7.167374 216.757965

 126.583405 7.167374 216.213654

 122.833694 7.167374 213.552582

 128.700180 6.934394 214.096893

 136.199615 6.934394 214.096893

 140.977478 6.934394 213.552582

 -27.155064 7.167374 206.053131

 -21.288570 7.167374 206.597443

 -13.789127 6.934394 206.597443

 -6.289692 7.167374 206.597443

 1.209748 6.934394 206.597443

 8.709183 7.167374 206.597443

 14.575676 7.167374 206.053131

 107.834824 6.934394 206.053131

 113.701309 6.934394 206.597443

 121.200729 6.934394 207.686081

 128.700180 7.167374 207.686081

 136.199615 7.167374 207.686081

 141.521805 6.934394 207.686081

 -34.654503 6.934394 198.553696

 -28.788006 6.934394 200.186630

 -21.288570 6.934394 200.186630

 -13.789131 7.167374 200.186630

 -6.289692 6.934394 200.186630

 1.209746 7.167374 200.186630

 8.709183 7.167374 200.186630

 16.208620 6.934394 200.186630

 20.986486 7.167374 198.553696

 92.835938 6.934394 198.553696

 98.702438 7.167374 199.098022

 106.201874 6.934394 200.186630

 113.701309 7.167374 200.186630

 121.200729 7.167374 200.186630

 128.700180 6.934394 200.186630

 136.199615 7.167374 200.186630

 141.521805 7.167374 200.186661

 -57.152821 7.167374 191.054276

 -51.286320 6.934394 191.598587

 -43.786884 6.934394 191.598587

 -36.287445 7.167374 192.687210

 -28.788006 6.934394 192.687210

 -21.288570 7.167374 192.687210

 -13.789131 7.167374 192.687210

 -6.289692 6.934394 192.687210

 1.209746 7.167374 192.687210

 8.709183 7.167374 192.687210

 16.208620 6.934394 192.687210

 22.619429 6.934394 192.687210

 85.336502 7.167374 191.054276

 91.202988 6.934394 192.687210

 98.702438 6.934394 192.687210

 106.201874 6.934394 192.687210

 113.701309 7.167374 192.687210

 121.200729 6.934394 192.687210

 128.700180 7.167374 192.687210

 136.199615 7.167374 192.687210

 140.977478 6.934394 194.320145

 -79.651123 7.167374 183.554840

 -73.784622 6.934394 184.099152

 -66.285202 7.167374 184.099152

 -58.785763 7.167374 185.187775

 -51.286320 7.167374 185.187775

 -43.786884 7.167374 185.187775

 -36.287445 6.934394 185.187775

 -28.788006 7.167374 185.187775

 -21.288570 7.167374 185.187775

 -13.789131 6.934394 185.187775

 -6.289692 7.167374 185.187775

 1.209746 7.167374 185.187775

 8.709183 7.167374 185.187775

 16.208620 7.167374 185.187775

 23.708054 6.934394 185.187775

 31.207495 6.934394 184.099152

 38.706928 6.934394 184.099152

 46.206367 6.934394 184.099152

 53.705795 7.167374 184.099152

 61.205238 6.934394 184.099152

 68.704681 7.167374 184.099152

 76.204109 6.934394 184.099152

 83.703552 7.167374 185.187775

 91.202988 6.934394 185.187775

 98.702438 6.934394 185.187775

 106.201874 6.934394 185.187775

 113.701309 7.167374 185.187775

 121.200729 6.934394 185.187775

 128.700180 6.934394 185.187775

 134.566681 6.934394 186.820709

 -138.558014 7.167374 176.055374

 -133.780151 7.167374 176.599701

 -126.280701 6.934394 176.599701

 -120.414200 7.167374 176.055374

 -94.650009 7.167374 176.055374

 -88.783508 7.167374 176.599701

 -81.284073 7.167374 177.688324

 -73.784622 6.934394 177.688324

 -66.285202 7.167374 177.688324

 -58.785763 7.167374 177.688324

 -51.286320 7.167374 177.688324

 -43.786884 6.934394 177.688324

 -36.287445 7.167374 177.688324

 -28.788006 7.167374 177.688324

 -21.288570 6.934394 177.688324

 -13.789131 6.934394 177.688324

 -6.289692 7.167374 177.688324

 1.209746 6.934394 177.688324

 8.709183 6.934394 177.688324

 16.208620 7.167374 177.688324

 23.708054 7.167374 177.688324

 31.207495 7.167374 177.688324

 38.706928 7.167374 177.688324

 46.206367 7.167374 177.688324

 53.705795 7.167374 177.688324

 61.205238 6.934394 177.688324

 68.704681 7.167374 177.688324

 76.204109 6.934394 177.688324

 83.703552 6.934394 177.688324

 91.202988 6.934394 177.688324

 98.702438 6.934394 177.688324

 106.201874 7.167374 177.688324

 113.701309 7.167374 177.688324

 121.200729 6.934394 177.688324

 127.611572 6.934394 177.688324

 -139.102325 6.934394 170.188889

 -133.780136 7.167374 170.188889

 -126.280701 7.167374 170.188889

 -118.781250 6.934394 170.188889

 -111.281815 7.167374 169.100266

 -103.782379 6.934394 169.100266

 -96.282944 6.934394 170.188889

 -88.783508 6.934394 170.188889

 -81.284073 6.934394 170.188889

 -73.784622 6.934394 170.188889

 -66.285202 7.167374 170.188889

 -58.785763 6.934394 170.188889

 -51.286320 7.167374 170.188889

 -43.786884 7.167374 170.188889

 -36.287445 7.167374 170.188889

 -28.788006 7.167374 170.188889

 -21.288570 6.934394 170.188889

 -13.789131 7.167374 170.188889

 -6.289692 7.167374 170.188889

 1.209746 7.167374 170.188889

 8.709183 7.167374 170.188889

 16.208620 6.934394 170.188889

 23.708054 7.167374 170.188889

 31.207495 7.167374 170.188889

 38.706928 6.934394 170.188889

 46.206367 7.167374 170.188889

 53.705795 6.934394 170.188889

 61.205238 7.167374 170.188889

 68.704681 7.167374 170.188889

 76.204109 6.934394 170.188889

 83.703552 7.167374 170.188889

 91.202988 6.934394 170.188889

 98.702438 6.934394 170.188889

 106.201874 7.167374 170.188889

 113.701309 7.167374 170.188889

 121.200729 7.167374 170.188889

 127.611572 6.934394 170.188889

 -138.558014 7.167374 164.322418

 -133.780151 7.167374 163.778091

 -126.280701 6.934394 162.689468

 -118.781250 6.934394 162.689468

 -111.281815 6.934394 162.689468

 -103.782379 6.934394 162.689468

 -96.282944 7.167374 162.689468

 -88.783508 6.934394 162.689468

 -81.284073 6.934394 162.689468

 -73.784622 7.167374 162.689468

 -66.285202 7.167374 162.689468

 -58.785763 7.167374 162.689468

 -51.286320 7.167374 162.689468

 -43.786884 7.167374 162.689468

 -36.287445 6.934394 162.689468

 -28.788006 6.934394 162.689468

 -21.288570 6.934394 162.689468

 -13.789131 6.934394 162.689468

 -6.289692 6.934394 162.689468

 1.209746 6.934394 162.689468

 8.709183 7.167374 162.689468

 16.208620 7.167374 162.689468

 23.708054 7.167374 162.689468

 31.207495 6.934394 162.689468

 38.706928 6.934394 162.689468

 46.206367 6.934394 162.689468

 53.705795 7.167374 162.689468

 61.205238 6.934394 162.689468

 68.704681 6.932635 162.689468

 76.204109 7.152085 162.689468

 83.703552 7.165616 162.689468

 91.202988 6.934394 162.689468

 98.702438 7.167374 162.689468

 106.201874 7.167374 162.689468

 113.701309 6.934394 162.689468

 121.200729 6.934394 162.689468

 128.700180 6.934394 162.689468

 134.566681 6.934394 161.056503

 -124.647766 6.934394 156.822983

 -118.781250 6.934394 156.278671

 -111.281815 7.167374 156.278671

 -103.782379 7.167374 156.278671

 -96.282944 7.167374 155.190033

 -88.783508 7.167374 155.190033

 -81.284073 7.167374 155.190033

 -73.784622 6.934394 155.190033

 -66.285202 6.934394 155.190033

 -58.785763 7.167374 155.190033

 -51.286320 6.934394 155.190033

 -43.786884 6.934394 155.190033

 -36.287445 7.167374 155.190033

 -28.788006 6.934394 155.190033

 -21.288570 6.934394 155.190033

 -13.789131 7.167374 155.190033

 -6.289692 6.934394 155.190033

 1.209746 7.166459 155.190033

 8.709183 7.159386 155.190033

 16.208620 6.933478 155.190033

 23.708054 6.934394 155.190033

 31.207495 7.167374 155.190033

 38.706928 6.934394 155.190033

 46.206367 6.934394 155.190033

 53.705795 7.152085 155.190033

 61.205238 6.641818 155.190033

 68.704681 6.526986 155.190033

 76.204109 6.132779 155.190033

 83.703552 6.294005 155.190033

 91.202988 6.641818 155.190033

 98.702438 6.919105 155.190033

 106.201874 6.934394 155.190033

 113.701309 6.934394 155.190033

 121.200729 6.934394 155.190033

 128.700180 6.934394 155.190033

 136.199615 6.934394 155.190033

 143.699066 7.167374 154.101395

 148.476898 7.167374 153.557083

 -94.650009 6.934394 149.323517

 -88.783508 6.934394 148.779221

 -81.284073 6.934394 148.779221

 -73.784622 6.934394 148.779221

 -66.285202 6.934394 148.779221

 -58.785763 7.167374 147.690582

 -51.286320 6.934394 147.690582

 -43.786884 6.934394 147.690582

 -36.287445 6.934394 147.690582

 -28.788006 7.167374 147.690582

 -21.288570 6.934394 147.690582

 -13.789131 6.926406 147.690582

 -6.289692 6.781489 147.690582

 1.209746 6.599719 147.690582

 8.709183 6.748444 147.690582

 16.208620 6.832699 147.690582

 23.708054 6.781489 147.690582

 31.207495 6.926406 147.690582

 38.706928 7.167374 147.690582

 46.206367 7.152085 147.690582

 53.705795 6.411693 147.690582

 61.205238 5.308234 147.690582

 68.704681 4.244838 147.690582

 76.204109 4.049326 147.690582

 83.703552 4.244838 147.690582

 91.202988 5.541218 147.690582

 98.702438 6.411696 147.690582

 106.201874 7.152085 147.690582

 113.701309 7.167374 147.690582

 121.200729 7.167374 147.690582

 128.700180 6.934394 147.690582

 136.199615 6.934394 147.690582

 143.699066 7.167374 147.690582

 149.021225 6.934394 147.690598

 -57.152821 6.934394 141.824081

 -51.286320 6.934394 140.191147

 -43.786884 7.167374 140.191147

 -36.287445 7.167374 140.191147

 -28.788006 6.934394 140.191147

 -21.288570 6.926406 140.191147

 -13.789131 6.661227 140.191147

 -6.289692 6.317530 140.191147

 1.209746 5.528810 140.191147

 8.709183 5.537856 140.191147

 16.208620 5.761790 140.191147

 23.708054 6.317530 140.191147

 31.207495 6.661227 140.191147

 38.706928 6.926406 140.191147

 46.206367 6.626531 140.191147

 53.705795 5.093402 140.191147

 61.205238 2.965642 140.191147

 68.704681 1.419656 140.191147

 76.204109 0.727458 140.191147

 83.703552 1.419658 140.191147

 91.202988 3.198624 140.191147

 98.702438 5.326382 140.191147

 106.201874 6.859515 140.191147

 113.701309 7.167374 140.191147

 121.200729 7.167374 140.191147

 128.700180 7.167374 140.191147

 136.199615 6.934394 140.191147

 143.699066 7.167374 140.191147

 149.021225 7.167374 140.191147

 -49.653381 7.167374 134.324646

 -43.786884 7.167374 133.780350

 -36.287445 6.934394 132.691711

 -28.788006 7.167374 132.691711

 -21.288570 7.006482 132.691711

 -13.789131 5.972274 132.691711

 -6.289692 4.860291 132.691711

 1.209746 3.930587 132.691711

 8.709183 3.568835 132.691711

 16.208620 4.163567 132.691711

 23.708054 4.860291 132.691711

 31.207495 6.205254 132.691711

 38.706928 7.004723 132.691711

 46.206367 6.236166 132.691711

 53.705795 3.782868 132.691711

 61.205238 0.835412 132.691711

 68.704681 -1.801071 132.691711

 76.204109 -2.746285 132.691711

 83.703552 -1.801068 132.691711

 91.202988 0.602433 132.691711

 98.702438 3.782872 132.691711

 106.201874 6.236172 132.691711

 113.701309 7.165616 132.691711

 121.200729 7.167374 132.691711

 128.700180 6.934394 132.691711

 136.199615 6.934394 132.691711

 143.699066 6.934394 132.691711

 148.476898 7.167374 134.324646

 -34.654503 7.167374 126.825218

 -28.788006 7.166459 125.192276

 -21.288570 6.447736 125.192276

 -13.789131 5.165622 125.192276

 -6.289692 3.625251 125.192276

 1.209746 2.602143 125.192276

 8.709183 1.875182 125.192276

 16.208620 2.369159 125.192276

 23.708054 3.625251 125.192276

 31.207495 5.398602 125.192276

 38.706928 6.663672 125.192276

 46.206367 5.741631 125.192276

 53.705795 2.784731 125.192276

 61.205238 -0.870598 125.192276

 68.704681 -3.443783 125.192276

 76.204109 -4.586418 125.192276

 83.703552 -3.443780 125.192276

 91.202988 -0.870597 125.192276

 98.702438 2.551757 125.192276

 106.201874 5.509440 125.192276

 113.701309 7.150334 125.192276

 121.200729 6.934394 125.192276

 128.700180 7.167374 125.192276

 136.199615 6.934394 126.280907

 142.066101 7.167374 126.825218

 -27.699375 6.866858 117.692833

 -21.288570 6.422678 117.692833

 -13.789131 4.876965 117.692833

 -6.289692 3.088416 117.692833

 1.209746 1.621885 117.692833

 8.709183 1.024735 117.692833

 16.208620 1.388905 117.692833

 23.708054 3.088414 117.692833

 31.207495 4.876965 117.692833

 38.706928 6.405636 117.692833

 46.206367 5.500934 117.692833

 53.705795 2.784731 117.692833

 61.205238 -0.637619 117.692833

 68.704681 -3.443783 117.692833

 76.204109 -4.819399 117.692833

 83.703552 -3.443781 117.692833

 91.202988 -0.637617 117.692833

 98.702438 2.551755 117.692833

 106.201874 5.509440 117.692833

 113.701309 7.150334 117.692833

 121.200729 6.934394 117.692833

 128.700180 7.167374 117.692833

 -27.699375 7.099839 110.193382

 -21.288570 6.189698 110.193382

 -13.789131 4.643985 110.193382

 -6.289692 3.088416 110.193382

 1.209746 1.388905 110.193382

 8.709183 2.957293 110.193382

 16.208620 1.388905 110.193382

 23.708054 3.088414 110.193382

 31.207495 4.876965 110.193382

 38.706928 6.187942 110.193382

 46.206367 6.227547 110.193382

 53.705795 3.549888 110.193382

 61.205238 0.602429 110.193382

 68.704681 -1.568091 110.193382

 76.204109 -2.746288 110.193382

 83.703552 -1.801071 110.193382

 91.202988 0.835414 110.193382

 98.702438 3.549891 110.193382

 106.201874 6.003192 110.193382

 113.701309 7.165616 110.193382

 121.200729 6.934394 110.193382

 128.700180 6.934394 110.193382

 134.566681 6.934394 108.560448

 -33.565876 6.934394 101.061012

 -28.788006 6.933478 102.693954

 -21.288570 6.447736 102.693954

 -13.789131 5.165622 102.693954

 -6.289692 3.858231 102.693954

 1.209746 2.602139 102.693954

 8.709183 1.875180 102.693954

 16.208620 2.369159 102.693954

 23.708054 5.790789 102.693954

 31.207495 5.164048 102.693954

 38.706928 6.667023 102.693954

 46.206367 6.624059 102.693954

 53.705795 5.326382 102.693954

 61.205238 3.198622 102.693954

 68.704681 1.419656 102.693954

 76.204109 0.727458 102.693954

 83.703552 1.186678 102.693954

 91.202988 2.965644 102.693954

 98.702438 5.093402 102.693954

 106.201874 6.626534 102.693954

 113.701309 6.934394 102.693954

 121.200729 6.934394 102.693954

 128.700180 7.167374 102.693954

 136.199615 6.934394 102.693954

 142.066101 6.934394 101.061012

 -35.198818 6.934394 95.194527

 -28.788006 6.934394 95.194527

 -21.288570 7.006482 95.194527

 -13.789131 6.205254 95.194527

 -6.289692 4.860286 95.194527

 1.209746 3.930583 95.194527

 8.709183 3.801812 95.194527

 16.208620 3.916896 95.194527

 23.708054 4.598742 95.194527

 31.207495 5.400092 95.194527

 38.706928 6.288912 95.194527

 46.206367 6.345592 95.194527

 53.705795 6.149756 95.194527

 61.205238 5.294545 95.194527

 68.704681 4.244838 95.194527

 76.204109 3.816346 95.194527

 83.739044 4.009452 95.118927

 91.215454 5.175227 95.584373

 98.682999 6.089282 95.584373

 106.150513 6.690026 95.584373

 113.634705 6.987269 95.118927

 121.200729 6.934394 95.194527

 128.700180 7.167374 95.194527

 136.199615 6.934394 95.194527

 143.699066 6.934394 95.194527

 151.198486 7.167374 94.105896

 157.064957 7.167374 93.561577

 -41.065311 6.934394 86.062141

 -36.287445 6.933272 87.695084

 -28.788006 7.157631 87.695084

 -21.288570 6.916661 87.695084

 -13.789131 6.660108 87.695084

 -6.289692 6.317530 87.695084

 1.209746 5.528806 87.695084

 8.709183 5.291183 87.695084

 16.208620 5.294625 87.695084

 23.708054 4.632995 87.695084

 31.207495 4.255965 87.695084

 38.706928 4.367270 87.695084

 46.206367 4.525695 87.695084

 53.705795 5.695830 87.695084

 61.205238 6.406678 87.695084

 68.704681 6.280313 87.695084

 76.265121 5.876067 87.645012

 83.152405 5.879424 88.181839

 114.035797 6.529153 87.556908

 121.200729 6.934394 87.695084

 128.700180 7.167374 87.695084

 136.199615 7.167374 87.695084

 143.699066 7.167374 87.695084

 151.198486 7.167374 87.695084

 158.697922 7.167374 87.695084

 166.197372 7.167374 86.606453

 170.975220 6.934394 86.062141

 -42.698257 6.980904 80.195641

 -36.287445 6.526248 80.195641

 -28.788006 6.423497 80.195641

 -21.288570 6.656477 80.195641

 -13.789131 6.518260 80.195641

 -6.289692 6.595019 80.195641

 1.209746 6.822960 80.195641

 8.709183 6.239799 80.195641

 16.208620 4.952216 80.195641

 23.708054 3.464467 80.195641

 31.207495 1.780993 80.195641

 38.706928 1.399939 80.195641

 46.206367 1.786876 80.195641

 53.705795 3.380073 80.195641

 61.205238 5.518620 80.195641

 68.704681 6.889903 80.195641

 75.857040 6.401238 80.114883

 114.503479 6.484126 80.102371

 121.200729 6.934394 80.195641

 128.700180 6.934394 81.284271

 136.199615 6.934394 81.284271

 143.699066 7.167374 80.195641

 151.198486 7.167374 80.195641

 158.697922 7.167374 80.195641

 166.197372 7.167374 80.195641

 171.519547 6.934394 80.195641

 -72.151688 7.167374 71.063263

 -66.285202 6.934394 71.607574

 -58.785763 7.157631 71.607574

 -51.286320 6.783291 71.607574

 -43.786884 6.130963 72.696198

 -36.287445 5.453221 72.696198

 -28.788006 5.180129 72.696198

 -21.288570 4.947148 72.696198

 -13.789131 5.220241 72.696198

 -6.289692 5.897983 72.696198

 1.209746 6.598767 72.696198

 8.709183 6.083005 72.696198

 16.208620 4.135668 72.696198

 23.708054 1.496621 72.696198

 31.207495 -0.888881 72.696198

 38.706928 -1.735393 72.696198

 46.206367 -0.655900 72.696198

 53.705795 1.496615 72.696198

 61.205238 3.903312 72.696198

 68.704681 6.100425 72.696198

 75.387955 6.371512 72.666740

 113.923309 6.529153 72.666496

 120.177567 7.405112 72.657997

 145.332001 6.934394 74.329147

 151.198486 7.167374 73.784828

 158.697922 7.167374 73.784828

 166.197372 7.167374 73.784828

 170.975220 7.167374 74.329147

 -87.150558 6.934394 63.563831

 -81.284073 6.934394 64.108139

 -73.784622 6.934394 65.196770

 -66.285202 6.934394 65.196770

 -58.785763 6.738183 65.196770

 -51.286320 5.761062 65.196770

 -43.786884 4.404962 65.196770

 -36.287445 3.504143 65.196770

 -28.788006 3.062977 65.196770

 -21.288570 3.062977 65.196770

 -13.789131 3.271163 65.196770

 -6.289692 4.404962 65.196770

 1.209746 5.745799 65.196770

 8.709183 5.464129 65.196770

 16.208620 3.009402 65.196770

 23.708054 0.177413 65.196770

 31.207495 -2.568702 65.196770

 38.706928 -3.592020 65.196770

 46.206367 -2.335721 65.196770

 53.705795 0.177408 65.196770

 61.205238 3.242383 65.196770

 68.704681 5.891213 65.196770

 75.387955 6.307899 65.231102

 107.212173 6.642064 64.585732

 113.522217 6.754289 65.197746

 119.088943 7.638093 65.158569

 -102.149445 6.934394 56.064384

 -96.282959 6.934394 56.608700

 -88.783508 6.934394 57.697330

 -81.284073 7.167374 57.697330

 -73.784622 7.167374 57.697330

 -66.285202 6.933272 57.697330

 -58.785763 6.340903 57.697330

 -51.286320 5.010306 57.697330

 -43.786884 3.131779 57.697330

 -36.287445 1.366960 57.697330

 -28.788006 0.764539 57.697330

 -21.288570 0.997519 57.697330

 -13.789131 1.599940 57.697330

 -6.289692 2.898801 57.697330

 1.209746 4.995045 57.697330

 8.709183 5.301402 57.697330

 16.208620 3.009023 57.697330

 23.708054 -0.055566 57.697330

 31.207495 -2.335721 57.697330

 38.706928 -3.592017 57.697330

 46.206367 -2.335721 57.697330

 53.705795 0.177411 57.697330

 61.205238 3.009402 57.697330

 68.704681 5.891213 57.697330

 75.387955 6.540879 57.795479

 107.067841 6.717106 57.795479

 113.701309 6.934394 57.697330

 119.023483 6.934394 57.697330

 -109.648880 7.167374 48.564953

 -103.782379 6.934394 50.197895

 -96.282944 6.934394 50.197895

 -88.783508 7.167374 50.197895

 -81.284073 7.167374 50.197895

 -73.784622 7.167374 50.197895

 -66.285202 7.156514 50.197895

 -58.785763 6.026219 50.197895

 -51.286320 4.374154 50.197895

 -43.786884 1.959987 50.197895

 -36.287445 0.404493 50.197895

 -28.788006 -0.323752 50.197895

 -21.288570 -0.556732 50.197895

 -13.789131 0.404493 50.197895

 -6.289692 2.192967 50.197895

 1.209746 4.139602 50.197895

 8.709183 5.427502 50.197895

 16.208620 3.894324 50.197895

 23.708054 1.496621 50.197895

 31.207495 -0.888879 50.197895

 38.706928 -1.502408 50.197895

 46.206367 -0.888879 50.197895

 53.705795 1.263637 50.197895

 61.205238 4.136292 50.197895

 68.704681 6.100425 50.197895

 75.857040 6.425323 50.340454

 106.593796 6.529153 50.340454

 113.701309 6.934394 50.197895

 120.112106 6.934394 50.197899

 -116.059677 7.167374 41.065517

 -111.281815 7.167374 42.698460

 -103.782379 6.934394 42.698460

 -96.282944 6.934394 42.698460

 -88.783508 6.934394 42.698460

 -81.284073 7.167374 42.698460

 -73.784622 7.167374 42.698460

 -66.285202 7.147891 42.698460

 -58.785763 6.165066 42.698460

 -51.286320 3.962214 42.698460

 -43.786884 1.697783 42.698460

 -36.287445 0.064274 42.698460

 -28.788006 -0.944757 42.698460

 -21.288570 -0.944757 42.698460

 -13.789131 0.064274 42.698460

 -6.289692 1.697783 42.698460

 1.209746 3.962211 42.698460

 8.709183 5.656804 42.698460

 16.208620 5.267459 42.698460

 23.708054 3.380076 42.698460

 31.207495 1.786876 42.698460

 38.706928 1.166962 42.698460

 46.206367 1.786876 42.698460

 53.705795 3.380075 42.698460

 61.205238 5.285640 42.698460

 68.704681 6.658679 42.698460

 76.265121 6.727050 42.775997

 83.747910 6.942240 42.311047

 91.215454 6.709260 42.311047

 98.682999 6.709260 42.311047

 106.160797 6.987269 42.775997

 113.701309 7.167374 42.698460

 121.200729 7.167374 42.698460

 128.700180 6.979475 41.609829

 134.566681 10.503281 41.065517

 -116.603989 6.934394 35.199024

 -111.281815 7.167374 35.199017

 -103.782379 7.167374 35.199017

 -96.282944 6.934394 35.199017

 -88.783508 7.146321 35.199020

 -81.284073 6.558744 35.199020

 -73.784622 6.861148 35.199020

 -66.285202 5.683880 35.199017

 -58.785763 6.026219 35.199017

 -51.286320 4.374154 35.199017

 -43.786884 2.192967 35.199017

 -36.287445 0.404493 35.199017

 -28.788006 -0.556732 35.199017

 -21.288570 -0.556732 35.199017

 -13.789131 0.404493 35.199017

 -6.289692 1.959987 35.199017

 1.209746 4.141173 35.199017

 8.709183 6.245507 35.199017

 16.208620 6.455585 35.199017

 23.708054 5.478045 35.199017

 31.207495 4.525691 35.199017

 38.706928 4.141950 35.199017

 46.206367 4.525691 35.199017

 53.705795 5.711026 35.199017

 61.205238 6.699257 35.199017

 68.704681 7.153683 35.199017

 76.204109 6.934394 35.199017

 83.703552 6.934394 35.199017

 91.202988 7.167374 35.199017

 98.702438 6.934394 35.199017

 106.201874 6.934394 35.199017

 113.701309 6.934394 35.199017

 121.200729 7.167374 35.199017

 128.700180 7.097451 35.199017

 136.199615 11.854451 35.199017

 143.699066 11.854451 34.110390

 148.476898 11.854451 33.566074

 -116.059677 6.934394 29.332527

 -111.281815 7.167374 27.699585

 -103.782379 6.934394 27.699585

 -96.282944 7.167374 27.699585

 -88.783508 6.955448 27.699581

 -81.284073 4.301684 27.699581

 -73.784622 4.471455 27.699581

 -66.285202 6.933272 27.699581

 -58.785763 6.573884 27.699581

 -51.286320 5.010306 27.699581

 -43.786884 2.898801 27.699581

 -36.287445 1.366960 27.699581

 -28.788006 0.764539 27.699581

 -21.288570 2.930077 27.699581

 -13.789131 1.599940 27.699581

 -6.289692 2.898801 27.699581

 1.209746 4.777326 27.699581

 8.709183 6.573880 27.699581

 16.208620 7.152565 27.699581

 23.708054 8.837908 27.699581

 31.207495 6.360881 27.699581

 38.706928 6.449471 27.699581

 46.206367 6.360881 27.699581

 53.705795 6.905350 27.699581

 61.205238 6.920703 27.699581

 68.704681 7.167374 27.699581

 76.204109 7.167374 27.699581

 83.703552 7.167374 27.699581

 91.202988 6.934394 27.699581

 98.702438 7.167374 27.699581

 106.201874 6.934394 27.699581

 113.701309 7.167374 28.788208

 121.200729 7.167374 27.699581

 128.700180 7.098650 27.699581

 136.199615 11.621471 27.699581

 143.699066 11.854451 27.699581

 149.021225 11.854451 27.699581

 -110.193192 6.934394 20.200150

 -103.782379 6.934394 20.200150

 -96.282944 7.146321 20.200150

 -88.783508 4.714081 20.200142

 -81.284073 4.038056 20.200142

 -73.784622 4.186823 20.200142

 -66.285202 6.831721 20.200142

 -58.785763 6.738183 20.200142

 -51.286320 5.994042 20.200142

 -43.786884 4.404963 20.200142

 -36.287445 3.271163 20.200142

 -28.788006 2.829997 20.200142

 -21.288570 3.062977 20.200142

 -13.789131 3.504143 20.200142

 -6.289692 4.404963 20.200142

 1.209746 5.994042 20.200142

 8.709183 6.971163 20.200142

 16.208620 7.166520 20.200142

 23.708054 7.159920 20.200142

 31.207495 7.164944 20.200142

 38.706928 6.920703 20.200142

 46.206367 6.932818 20.200142

 53.705795 6.934394 20.200142

 61.205238 6.934394 20.200142

 68.704681 6.934394 20.200142

 76.204109 7.167374 20.200142

 83.703552 6.934394 20.200142

 91.202988 6.934394 20.200142

 98.702438 6.934394 21.288769

 104.568924 7.167374 21.833084

 122.833694 7.167374 21.833084

 128.700180 7.098650 21.288769

 136.199615 11.621471 21.288769

 143.699066 11.854451 21.288769

 148.476898 11.621471 21.833084

 -109.104568 7.167374 12.700718

 -103.782379 7.167374 12.700718

 -96.282944 6.882692 12.700716

 -88.783508 4.080162 12.700714

 -81.284073 4.080162 12.700714

 -73.784622 4.249983 12.700714

 -66.285202 6.882252 12.700714

 -58.785763 6.924651 12.700714

 -51.286320 6.601256 12.700714

 -43.786884 5.897983 12.700714

 -36.287445 5.220241 12.700714

 -28.788006 4.947148 12.700710

 -21.288570 3.707495 12.700710

 -13.789131 5.453221 12.700710

 -6.289692 5.897985 12.700710

 1.209746 6.826787 12.700710

 8.709183 6.782035 12.700710

 16.208620 6.855217 12.700710

 23.708054 6.776631 12.700710

 31.207495 6.622237 12.700710

 38.706928 7.024758 12.700710

 46.206367 7.159920 12.700706

 53.705795 6.934394 12.700706

 61.205238 7.167374 12.700706

 68.704681 7.167374 12.700706

 76.204109 6.934394 12.700706

 83.703552 7.167374 12.700706

 89.570053 6.934394 14.333649

 -109.104568 6.934394 5.201286

 -103.782379 6.934394 5.201286

 -96.282944 6.840586 5.201286

 -88.783508 4.080162 5.201286

 -81.284073 4.228930 5.201283

 -73.784622 4.059109 5.201283

 -66.285202 6.866453 5.201283

 -58.785763 6.934394 5.201283

 -51.286320 6.924651 5.201283

 -43.786884 6.980904 5.201283

 -36.287445 6.759228 5.201283

 -28.788006 6.656477 5.201279

 -21.288570 6.656477 5.201279

 -14.582878 5.848694 5.201279

 -6.461313 5.848695 5.201279

 1.660252 5.848695 5.201279

 8.709183 6.374709 5.201279

 16.208620 5.856358 5.201279

 23.708054 5.647492 5.201279

 31.207495 8.021896 5.201279

 38.706928 6.374709 5.201275

 46.206367 6.679606 5.201275

 53.705795 7.159920 5.201275

 61.205238 7.167374 5.201275

 68.704681 7.167374 5.201271

 76.204109 7.167374 5.201271

 82.070602 6.934394 6.834213

 -108.560257 6.934394 -0.665207

 -103.782379 7.167374 -2.298149

 -96.282944 7.167374 -2.298149

 -88.783508 4.492558 -2.298149

 -81.284073 4.343791 -2.298149

 -73.784622 4.322738 -2.298149

 -66.285202 6.670765 -2.298150

 -58.785763 6.934394 -2.298149

 -51.286320 6.934394 -2.298157

 -43.786884 6.934394 -2.298157

 -36.287445 6.933272 -2.298157

 -28.788006 6.924651 -2.298157

 -21.288570 7.157631 -2.298157

 -14.582878 5.848696 -2.298157

 -6.461313 5.848696 -2.298157

 1.660252 5.848694 -2.298157

 8.709183 4.999839 -2.298157

 16.208620 4.132686 -2.298157

 23.708054 3.795278 -2.298157

 31.207495 4.365666 -2.298157

 38.706928 4.999839 -2.298164

 46.206367 6.037007 -2.298164

 53.705795 6.784328 -2.298164

 61.205238 7.167374 -2.298164

 68.704681 6.934394 -2.298164

 75.115486 7.167374 -2.298164

 -102.149445 6.934394 -8.164642

 -96.282944 6.934394 -9.797592

 -88.783508 6.861639 -9.797592

 -81.284073 6.934394 -9.797592

 -73.784622 7.167374 -9.797592

 -66.285202 6.934394 -9.797592

 -58.785763 6.934394 -9.797592

 -51.286320 7.167374 -9.797592

 -43.786884 7.167374 -9.797592

 -36.287445 7.167374 -9.797592

 -28.788006 6.934394 -9.797592

 -21.288570 6.934394 -9.797592

 -13.789131 6.933539 -9.797592

 -6.461313 5.848432 -9.797592

 1.209746 5.284629 -9.797592

 8.709183 3.847898 -9.797592

 16.208620 2.909300 -9.797600

 23.708054 2.448555 -9.797600

 31.207495 2.676320 -9.797600

 38.706928 3.847898 -9.797600

 46.206367 5.284629 -9.797600

 53.705795 6.480479 -9.797600

 61.205238 7.444963 -9.797600

 68.704681 7.167374 -9.797600

 74.026855 7.167374 -9.797600

 -95.194321 7.167374 -17.297028

 -88.783508 7.167374 -17.297028

 -81.284073 6.934394 -17.297028

 -73.784622 7.167374 -17.297028

 -66.285202 7.167374 -17.297028

 -58.785763 7.167374 -17.297028

 -51.286320 7.167374 -17.297028

 -43.786884 6.934394 -17.297028

 -37.376072 7.167374 -17.297028

 -27.699375 6.934394 -17.297035

 -21.288570 6.934394 -17.297035

 -13.789131 7.159066 -17.297035

 -6.289692 6.472783 -17.297035

 1.209746 4.798087 -17.297035

 8.709183 3.362856 -17.297035

 16.208620 1.762019 -17.297035

 23.708054 1.205046 -17.297035

 31.207495 1.995000 -17.297035

 38.706928 3.362856 -17.297035

 46.206367 5.031067 -17.297035

 53.705795 6.472783 -17.297035

 61.205238 7.159066 -17.297043

 68.704681 7.167374 -17.297043

 74.026855 6.934394 -17.297043

 -93.561386 6.934394 -23.163521

 -88.783508 7.167374 -24.796463

 -81.284073 6.934394 -24.796463

 -73.784622 6.934394 -24.796471

 -66.285202 7.167374 -24.796471

 -58.785763 6.934394 -24.796471

 -51.286320 6.934394 -24.796471

 -43.786884 6.934394 -24.796471

 -37.376072 7.167374 -24.796471

 -27.699375 7.167374 -24.796471

 -21.288570 6.934394 -24.796471

 -13.789131 7.159066 -24.796471

 -6.289692 6.198876 -24.796474

 1.209746 4.957430 -24.796474

 8.709183 3.129876 -24.796478

 16.208620 1.762019 -24.796478

 23.708054 1.438026 -24.796478

 31.207495 1.762019 -24.796478

 38.706928 3.129876 -24.796478

 46.206367 4.798087 -24.796478

 53.705795 6.472783 -24.796478

 61.205238 6.926085 -24.796478

 68.704681 6.934394 -24.796478

 73.482536 6.934394 -23.163536

 -87.150558 7.167374 -30.662971

 -81.284073 7.167374 -32.295914

 -73.784622 6.934394 -32.295914

 -66.285202 7.167374 -32.295914

 -58.785763 7.167374 -32.295914

 -51.871204 5.780461 -31.711029

 -43.202000 6.013442 -31.711029

 -36.287445 7.167374 -32.295914

 -28.788006 6.934394 -32.295914

 -21.288570 7.104887 -32.295914

 -13.789131 6.543902 -32.295914

 -6.289692 4.722797 -32.295914

 1.209746 4.743985 -32.295914

 8.709183 3.847898 -32.295914

 16.208620 2.676320 -32.295914

 23.708054 2.215577 -32.295914

 31.207495 2.909302 -32.295914

 38.706928 3.847898 -32.295929

 46.206367 5.284629 -32.295929

 53.705795 6.480479 -32.295929

 61.205238 7.166520 -32.295929

 67.616051 7.167374 -32.295929

 -80.195450 7.167374 -39.795364

 -73.784622 6.934394 -39.795364

 -66.285202 6.934394 -39.795364

 -58.785763 6.934394 -39.795364

 -52.456089 4.859511 -39.795364

 -42.617111 4.626531 -39.795364

 -36.287445 7.167374 -39.795364

 -28.788006 7.167374 -39.795364

 -21.288570 6.024725 -39.795364

 -13.789131 2.418905 -39.795364

 -6.289692 1.161962 -39.795364

 1.209746 4.797815 -39.795364

 8.709183 4.999839 -39.795364

 16.208620 4.365672 -39.795364

 23.708054 3.795280 -39.795364

 31.207495 4.132691 -39.795364

 38.706928 4.999841 -39.795364

 46.206367 6.269988 -39.795364

 53.705795 6.784328 -39.795364

 61.205238 6.934394 -39.795364

 66.527420 6.934394 -39.795364

 -80.195450 6.934394 -47.294800

 -73.784622 6.934394 -47.294800

 -66.285202 7.167374 -47.294800

 -58.785763 6.934394 -47.294800

 -51.871204 6.013442 -47.879684

 -43.202000 5.780461 -47.879684

 -36.287445 6.934394 -47.294800

 -28.788006 7.167374 -47.294800

 -21.288570 5.788525 -47.294800

 -13.789131 1.250592 -47.294800

 -6.289692 1.159369 -47.294800

 1.236891 5.492403 -47.320141

 8.709183 6.374709 -47.294800

 16.208620 5.623382 -47.294800

 23.708054 5.647496 -47.294800

 31.207495 5.623382 -47.294800

 38.706928 6.141728 -47.294800

 46.206367 6.679606 -47.294800

 53.705795 7.159924 -47.294800

 61.205238 6.934394 -47.294800

 66.527420 6.934394 -47.294800

 -94.650009 6.934394 -56.427185

 -88.783508 6.934394 -55.882858

 -81.284073 6.934394 -54.794235

 -73.784622 7.167374 -54.794235

 -66.285202 7.167374 -54.794235

 -58.785763 7.898415 -54.794235

 -51.286320 7.665435 -54.794235

 -43.786884 6.934394 -54.794235

 -36.287445 6.934394 -54.794235

 -28.788006 6.934394 -54.794235

 -21.288570 5.833172 -54.794235

 -13.789131 1.354079 -54.794235

 -6.291495 1.323950 -54.794235

 9.117732 7.777934 -54.794235

 16.208620 6.855219 -54.794235

 23.708054 6.543651 -54.794235

 31.207495 6.855219 -54.794235

 38.706928 7.024758 -54.794235

 46.206367 7.159924 -54.794235

 53.705795 6.934394 -54.794235

 61.205238 6.934394 -54.794235

 66.527420 7.167374 -54.794235

 -109.648880 7.167374 -63.926613

 -103.782379 6.934394 -63.382294

 -96.282944 7.167374 -62.293671

 -88.783508 7.167374 -62.293671

 -81.284073 7.167374 -62.293671

 -73.784622 6.934394 -62.293671

 -66.285202 6.934394 -62.293671

 -58.785763 9.650648 -62.293671

 -51.286320 9.650648 -62.293671

 -43.786884 9.067233 -62.293671

 -36.287445 6.934394 -62.293671

 -28.788006 6.934394 -62.293671

 -21.288570 6.010672 -62.293674

 -13.789131 2.557378 -62.293674

 -6.289692 1.522873 -62.293674

 1.236891 5.539608 -62.268330

 8.682037 7.074426 -62.268330

 16.208620 6.933539 -62.293671

 23.708054 7.159924 -62.293671

 31.207495 6.933539 -62.293671

 38.706928 6.934394 -62.293671

 46.206367 6.934394 -61.205048

 53.705795 7.167374 -61.205048

 61.205238 6.934394 -61.205048

 65.983109 7.167374 -60.660736

 -117.148315 6.934394 -71.426056

 -111.281815 7.167374 -69.793106

 -103.782379 4.306699 -69.793106

 -96.282944 4.073719 -69.793106

 -88.783508 7.167374 -69.793106

 -81.284073 6.934394 -69.793106

 -73.784622 6.934394 -68.704483

 -66.285202 6.934394 -68.704483

 -58.785763 10.819462 -68.704483

 -51.286320 11.734865 -68.704483

 -43.786884 11.200068 -68.704483

 -36.287445 7.167374 -69.793106

 -28.788006 7.167374 -69.793106

 -21.288570 7.067502 -69.793106

 -13.789131 6.783126 -69.793106

 -6.289692 2.894008 -69.793106

 1.209746 3.635307 -69.791809

 8.708532 6.870834 -69.767578

 16.208620 6.934394 -69.793106

 23.708054 7.167374 -68.704483

 31.207495 7.167374 -68.704483

 37.073986 7.167374 -68.160172

 -131.058563 7.167374 -78.925491

 -126.280701 6.934394 -78.381180

 -118.781250 7.167374 -77.292542

 -111.281815 6.934394 -77.292542

 -103.782379 7.167374 -77.292542

 -96.282944 4.306699 -77.292542

 -88.783508 6.934394 -77.292542

 -82.917007 7.167374 -75.659607

 -34.654503 6.934394 -75.659607

 -28.788006 7.167374 -77.292542

 -21.288570 7.167374 -77.292542

 -13.789131 7.115989 -77.292542

 -6.290558 6.249131 -77.292107

 1.217024 6.239890 -77.184547

 8.517912 7.134724 -76.229439

 14.575676 7.167374 -75.659607

 -131.602875 6.934394 -84.791992

 -126.280701 6.934394 -84.791992

 -118.781250 7.167374 -84.791992

 -111.281815 7.167374 -84.791992

 -103.782379 7.167374 -83.703369

 -96.282959 6.934394 -83.703369

 -90.416458 7.167374 -83.159058

 -27.699375 6.934394 -84.791992

 -21.288570 6.934394 -84.791992

 -13.789131 7.167374 -84.791992

 -6.289692 6.934394 -84.791992

 0.121119 6.934394 -84.791992

 -131.058563 6.934394 -90.658493

 -126.280701 6.934394 -91.202789

 -118.781250 7.167374 -91.202789

 -112.914764 7.167374 -90.658493

 -26.610752 6.934394 -92.291428

 -21.288570 6.934394 -92.291428

 -13.789131 7.167374 -92.291428

 -6.289692 6.934394 -92.291428

 0.121119 6.934394 -92.291428

 -26.066437 6.934394 -98.157913

 -21.288570 6.934394 -99.790863

 -13.789131 7.167374 -99.790863

 -6.289692 7.167374 -99.790863

 1.209746 6.934394 -99.790863

 8.709183 6.934394 -100.879486

 16.208620 7.167374 -100.879486

 20.986486 6.934394 -101.423798

 -19.655628 6.934394 -105.657349

 -13.789131 6.934394 -107.290314

 -6.289692 6.934394 -107.290314

 1.209746 7.167374 -107.290314

 16.208620 7.167374 -107.290314

 21.530804 6.934394 -107.290314

 -12.156189 7.167374 -113.156799

 -6.289692 7.167374 -113.701111

 1.209748 6.934394 -115.422333

 8.709183 6.934394 -116.183289

 16.208620 6.934394 -116.183289

 20.986486 6.934394 -114.878021

 -41.515549 13.615561 -77.389313

 -47.832336 13.615561 -78.831390

 -55.036041 13.615561 -78.852310

 -62.535477 13.615561 -76.686249

 -47.536606 1.253836 -42.539276

 -47.536606 1.253836 -37.051437

 12.458899 13.232351 4.421745

 12.458899 13.469398 5.980812

 49.956081 3.974614 19.420609

 49.956081 3.741633 20.979675

 -2.539972 3.624215 56.917789

 -2.539972 4.098151 58.476868

 49.956081 12.086117 114.786812

 -2.539976 -3.973303 114.786812

 49.956081 11.538408 120.598824

 -2.539976 -3.841317 120.598824

 42.456642 13.616808 137.285141

 42.456642 14.459267 143.097137

 57.455528 13.615530 152.284012

 57.455528 14.459267 158.096054

 54.549530 14.226286 155.190033

 60.361534 14.450184 155.190033

 39.550648 14.459267 140.191147

 45.362637 14.217203 140.191147

 -5.445976 -3.243568 117.692818

 0.366025 -4.338071 117.692818

 47.050095 12.796659 117.692818

 52.862068 10.594881 117.692818

 -3.319508 3.776928 57.697330

 -1.760437 3.945437 57.697330

 49.176552 3.974614 20.200142

 50.735615 3.741633 20.200142

 11.679367 13.634676 5.201279

 13.238435 13.300056 5.201279

 -50.280529 1.020856 -39.795364

 -44.792683 1.253836 -39.795364

 -44.082611 12.711515 -74.565079

 -51.286320 13.626921 -75.631866

 -58.785763 12.944496 -74.585999

 -104.336761 7.950984 -58.695465

 -109.171661 7.950984 -60.056183

 -4.804600 3.855301 59.961956

 -4.804600 2.820426 55.432701

 -0.275346 4.073379 55.432701

 -0.275346 4.867102 59.961956

 -10.039413 13.313305 92.288536

 -10.039413 12.724133 98.100510

 -12.945414 13.546286 95.194527

 -7.133411 12.724133 95.194527

 101.388763 3.416854 48.778477

 94.905640 3.341809 48.659977

 87.836365 3.574790 48.659977

 81.344910 3.649579 48.778477

 101.503021 2.855567 54.889400

 94.898651 2.369327 54.954422

 87.893173 2.369136 54.954422

 81.263870 2.852813 54.889400

 101.503021 3.088547 61.926769

 94.898651 2.369327 61.959888

 87.893173 2.367675 61.959888

 81.263870 3.078566 61.926769

 108.458405 3.371825 69.566010

 101.945175 2.572056 68.964386

 94.898651 1.426398 68.965355

 87.893173 2.130654 68.965355

 81.263870 2.852813 68.964127

 108.540390 2.855567 76.001495

 101.904114 1.897862 75.970825

 94.898651 1.426398 75.970825

 87.893173 2.130629 75.970825

 81.263870 3.086300 76.001495

 108.540390 2.855567 83.038879

 101.904114 2.600461 82.976295

 94.898651 2.331967 82.976295

 87.857681 2.710933 83.026360

 81.353775 3.297915 82.506569

 108.468674 3.415009 89.146568

 101.974899 3.528767 89.265877

 94.905640 3.048839 89.265877

 88.424820 2.722384 89.146568

 84.899048 2.862052 86.051842

 91.383453 2.804245 86.121086

 98.420822 2.809545 86.121086

 105.458191 2.853723 86.121086

 111.550873 3.416854 86.064354

 78.262695 3.405002 78.984444

 84.354950 2.979212 79.523628

 91.395920 1.862348 79.473557

 98.401382 2.128996 79.473557

 105.406845 2.369327 79.473557

 111.673935 3.574790 79.566826

 78.137299 3.570189 72.497551

 84.390442 2.601906 72.468094

 91.395920 1.659379 72.468094

 98.401382 1.426398 72.468094

 105.447922 2.810542 72.467117

 111.550873 3.416854 73.100388

 78.137299 3.563897 65.428276

 84.390442 2.600464 65.462616

 91.395920 2.130843 65.462616

 98.401382 1.897862 65.462616

 105.046829 3.296779 65.428528

 78.137299 3.563897 58.359009

 84.390442 2.600464 58.457161

 91.395920 2.602307 58.457161

 98.401382 2.369327 58.457161

 104.604660 3.341809 58.359009

 78.262695 3.414035 51.860676

 84.346085 2.855376 51.807198

 91.383453 3.088547 51.807198

 98.420822 2.855567 51.807198

 104.470963 3.649834 51.860676

 101.445892 3.369191 51.833935

 94.902145 2.855567 51.807198

 87.864761 3.088452 51.807198

 81.304382 3.367688 51.833935

 101.503021 3.088547 58.408085

 94.898651 2.602307 58.457161

 87.893173 2.368405 58.457161

 81.263870 3.082181 58.408085

 101.724091 2.830302 65.445580

 94.898651 1.897862 65.462616

 87.893173 2.132670 65.462616

 81.263870 2.849200 65.445450

 108.499390 3.113696 72.783760

 101.924652 2.351449 72.467598

 94.898651 1.659379 72.468094

 87.893173 2.130642 72.468094

 81.263870 3.086049 72.482811

 108.540390 3.088547 79.520195

 101.904114 2.365651 79.473557

 94.898651 1.879180 79.473557

 87.875443 2.304290 79.498596

 81.308838 3.308596 79.254028

 108.504532 3.368268 86.092728

 101.939499 2.831634 86.121086

 94.902145 2.923384 86.121086

 88.141251 2.949639 86.086464

 -10.039413 12.902227 95.194527

 57.455528 14.454721 155.190033

 42.456642 14.221741 140.191147

 49.956081 11.928753 117.692818

 -2.539976 -3.790821 117.692818

 -2.539972 3.744693 57.697330

 12.458899 13.350876 5.201279

 49.956081 3.974614 20.200142

 -47.536606 1.253836 -39.795364

 -110.969299 7.950984 -62.307251

 -2.539972 4.361203 59.961956

 -2.539972 3.446902 55.432701

 -0.275346 4.586730 57.697330

 -4.804600 3.221374 57.697330

 -106.754211 7.950984 -59.375824

 -100.901184 7.718003 -57.751907

 -62.535480 11.878077 -74.025909

 -55.036045 13.285707 -75.108948

 -47.684464 13.609140 -75.098480

 -40.776356 11.645096 -74.921753

 18.597555 7.167374 -115.530655

 12.458899 7.167374 -116.183289

 4.959463 6.934394 -115.802811

 -2.539972 7.167374 -114.561707

 -9.222940 6.934394 -113.428955

 18.869713 7.167374 -107.290314

 -2.539972 7.167374 -107.290314

 -10.039412 6.934394 -107.290314

 -16.722378 7.167374 -106.473831

 18.597555 7.167374 -101.151642

 12.458899 6.934394 -100.879486

 4.959463 7.167374 -100.335175

 -2.539972 6.934394 -99.790863

 -10.039412 6.934394 -99.790863

 -17.538849 7.167374 -99.790863

 -23.677502 6.934394 -98.974396

 -3.084284 7.167374 -92.291428

 -10.039412 7.167374 -92.291428

 -17.538849 7.167374 -92.291428

 -23.949661 7.167374 -92.291428

 -115.848007 7.167374 -90.930634

 -122.530975 6.934394 -91.202789

 -128.669632 6.934394 -90.930634

 -3.084284 6.934394 -84.791992

 -10.039412 6.934394 -84.791992

 -17.538849 6.934394 -84.791992

 -24.493973 6.934394 -84.791992

 -93.349701 6.934394 -83.431198

 -100.032669 6.934394 -83.703369

 -107.532104 7.167374 -84.247681

 -115.031540 7.167374 -84.791992

 -122.530975 6.934394 -84.791992

 -128.941788 6.934394 -84.791992

 11.642427 7.167374 -75.931763

 4.962895 6.866174 -76.695068

 -2.551904 6.425116 -77.280609

 -10.039412 6.871094 -77.292542

 -17.538849 7.167374 -77.292542

 -25.038288 7.167374 -77.292542

 -31.721256 7.167374 -76.476074

 -85.850266 7.167374 -76.476074

 -92.533234 7.167374 -77.292542

 -100.032669 4.073719 -77.292542

 -107.532104 7.167374 -77.292542

 -115.031540 7.167374 -77.292542

 -122.530975 7.167374 -77.836853

 -128.669632 6.934394 -78.653336

 34.140743 7.167374 -68.432327

 27.457777 7.167374 -68.704483

 19.958338 6.934394 -69.248810

 12.458899 6.934394 -69.793106

 4.959464 5.898750 -69.778938

 -2.539973 2.569563 -69.793106

 -10.039412 5.623172 -69.793106

 -17.538849 6.927163 -69.793106

 -25.038288 7.130010 -69.793106

 -32.537724 7.167374 -69.793106

 -40.037167 9.067233 -69.248810

 -47.536606 11.583960 -68.704483

 -55.036045 11.393654 -68.704483

 -62.535480 9.109906 -68.704483

 -70.034912 7.167374 -68.704483

 -77.534348 7.167374 -69.248810

 -85.033798 6.934394 -69.793106

 -92.533234 7.167374 -69.793106

 -100.032669 4.073719 -69.793106

 -107.532104 7.167374 -69.793106

 -114.215073 7.167374 -70.609589

 63.594170 7.167374 -60.932892

 57.455509 7.167374 -61.205048

 49.956081 6.934394 -61.205048

 42.456650 6.934394 -61.749359

 34.957211 6.933967 -62.293671

 27.457775 6.930238 -62.293671

 19.958338 6.930238 -62.293671

 12.457008 7.019404 -62.291782

 4.959464 6.802174 -62.341629

 -2.538080 2.495063 -62.291782

 -10.039412 2.216728 -62.293674

 -17.538849 3.538330 -62.293674

 -25.038288 6.946360 -62.293674

 -32.537724 7.167374 -62.293671

 -40.037167 8.000812 -62.293671

 -47.536606 9.242449 -62.293671

 -55.036045 9.417667 -62.293671

 -62.535480 8.409009 -62.293671

 -70.034912 7.167374 -62.293671

 -77.534348 6.934394 -62.293671

 -85.033798 6.934394 -62.293671

 -92.533234 6.934394 -62.293671

 -100.032669 7.167374 -62.837990

 -106.715622 6.934394 -63.654465

 63.866325 6.934394 -54.794235

 57.455509 6.934394 -54.794235

 49.956081 6.930667 -54.794235

 42.456650 6.859363 -54.794235

 34.957211 6.707011 -54.794235

 27.457775 6.582946 -54.794235

 19.958338 6.582946 -54.794235

 12.507805 6.955610 -54.793289

 -2.587931 2.547579 -54.794235

 -10.039412 1.221516 -54.794235

 -17.538849 2.538214 -54.794235

 -25.038288 7.148249 -54.794235

 -32.537724 7.167374 -54.794235

 -40.037167 7.167374 -54.794235

 -47.536606 7.299914 -54.794235

 -55.036045 7.665435 -54.794235

 -62.535480 7.532895 -54.794235

 -70.034912 6.934394 -54.794235

 -77.534348 6.934394 -54.794235

 -85.033798 7.167374 -55.338554

 -91.716751 7.167374 -56.155029

 63.866325 6.934394 -47.294800

 57.455509 7.163647 -47.294800

 49.956081 7.036255 -47.294800

 42.456650 6.643651 -47.294800

 34.957211 6.115536 -47.294800

 27.457775 5.518949 -47.294800

 19.958338 7.917467 -47.294800

 12.458899 5.882556 -47.294800

 4.960410 6.500673 -47.245895

 -2.538080 2.269272 -47.296692

 -10.039412 1.083997 -47.294800

 -17.538849 2.477555 -47.294800

 -25.038288 7.134954 -47.294800

 -32.537724 6.934394 -47.294800

 -39.744720 6.357425 -47.587242

 -47.536606 6.013442 -47.879684

 -55.328487 6.357425 -47.587242

 -62.535480 6.934394 -47.294800

 -70.034912 7.167374 -47.294800

 -76.990036 7.167374 -47.294800

 63.866325 7.167374 -39.795364

 57.455509 7.092343 -39.795364

 49.956081 6.410670 -39.795364

 42.456650 6.585293 -39.795364

 34.957211 4.799246 -39.795364

 27.457775 3.963984 -39.795364

 19.958338 3.963984 -39.795364

 12.458899 4.566266 -39.795364

 4.959464 5.458300 -39.795364

 -2.539973 1.984772 -39.795364

 -10.039412 1.460540 -39.795364

 -17.538849 3.638384 -39.795364

 -25.038288 6.911486 -39.795364

 -32.537724 6.934394 -39.795364

 -39.452278 6.013442 -39.795364

 -55.620930 6.013442 -39.795364

 -62.535480 6.934394 -39.795364

 -70.034912 6.934394 -39.795364

 -76.990036 7.167374 -39.795364

 64.410645 7.166947 -32.295929

 57.455509 6.939984 -32.295929

 49.956081 6.115532 -32.295929

 42.456650 6.964785 -32.295929

 34.957211 3.495091 -32.295914

 27.457775 2.445949 -32.295914

 19.958338 2.678929 -32.295914

 12.458899 3.495091 -32.295914

 4.959464 4.658047 -32.295914

 -2.539973 3.927555 -32.295914

 -10.039412 5.568447 -32.295914

 -17.538849 6.905960 -32.295914

 -25.038288 7.077594 -32.295914

 -32.537724 7.167374 -32.295914

 -39.744720 6.357425 -32.003471

 -47.536606 6.013442 -31.711029

 -55.328487 6.357425 -32.003471

 -62.535480 7.167374 -32.295914

 -70.034912 7.167374 -32.295914

 -77.534348 6.934394 -32.295914

 -84.217316 6.934394 -31.479446

 71.093613 7.167374 -23.980011

 64.954964 7.163218 -24.796478

 57.455509 6.815926 -24.796478

 49.956081 5.518947 -24.796478

 42.456650 4.196961 -24.796478

 34.957211 2.445949 -24.796478

 27.457775 1.716511 -24.796478

 19.958338 1.716511 -24.796478

 12.458899 2.678927 -24.796478

 4.959464 4.099982 -24.796476

 -2.539973 5.560497 -24.796474

 -10.039412 6.671926 -24.796474

 -17.538849 7.163218 -24.796471

 -24.493973 6.934394 -24.796471

 -40.581482 6.934394 -24.796471

 -47.536606 6.934394 -24.796471

 -55.036045 7.167374 -24.796471

 -62.535480 7.167374 -24.796471

 -70.034912 7.167374 -24.796471

 -77.534348 7.167374 -24.796463

 -85.033798 7.167374 -24.796463

 -91.172440 7.167374 -23.979996

 71.365768 7.167374 -17.297043

 64.954964 6.930238 -17.297043

 57.455509 6.582946 -17.297035

 49.956081 5.518947 -17.297035

 42.456650 4.196961 -17.297035

 34.957211 2.678927 -17.297035

 27.457775 1.716511 -17.297035

 19.958338 1.483531 -17.297035

 12.458899 2.445947 -17.297035

 4.959463 4.196961 -17.297035

 -2.539972 5.751927 -17.297035

 -10.039412 6.582946 -17.297035

 -17.538849 7.163218 -17.297035

 -24.493973 7.167374 -17.297035

 -40.581482 6.934394 -17.297028

 -47.536606 6.934394 -17.297028

 -55.036045 6.934394 -17.297028

 -62.535480 7.167374 -17.297028

 -70.034912 7.167374 -17.297028

 -77.534348 7.167374 -17.297028

 -85.033798 6.934394 -17.297028

 -91.988907 7.167374 -17.297028

 71.365768 6.934394 -9.797600

 64.954964 7.166947 -9.797600

 57.455509 6.707004 -9.797600

 49.956081 6.115532 -9.797600

 42.456650 4.799241 -9.797600

 34.957211 3.262109 -9.797600

 27.457775 2.678927 -9.797600

 19.958338 2.678927 -9.797600

 12.458899 3.495087 -9.797600

 4.959463 4.799241 -9.797592

 -2.400530 5.847486 -9.797592

 -10.039412 6.939984 -9.797592

 -17.538849 9.332485 -9.797592

 -25.038288 7.167374 -9.797592

 -32.537724 6.934394 -9.797592

 -40.037167 7.167374 -9.797592

 -47.536606 6.934394 -9.797592

 -55.036045 6.934394 -9.797592

 -62.535480 7.167374 -9.797592

 -70.034912 7.167374 -9.797592

 -77.534348 7.167374 -9.797592

 -85.033798 6.997554 -9.797592

 -92.533234 7.125268 -9.797592

 -99.216202 6.934394 -8.981117

 71.910080 7.167374 -2.298164

 64.954964 7.167374 -2.298164

 57.455509 6.859359 -2.298164

 49.956081 8.576204 -2.298164

 42.456650 5.518424 -2.298164

 34.957211 4.566266 -2.298157

 27.457775 4.196961 -2.298157

 19.958338 4.196961 -2.298157

 12.458899 4.566266 -2.298157

 5.721031 5.848692 -2.298157

 -2.400530 5.848695 -2.298157

 -10.522097 5.848696 -2.298157

 -17.538849 6.928962 -2.298157

 -25.038288 6.924651 -2.298157

 -32.537724 7.161942 -2.298157

 -40.037167 7.166811 -2.298157

 -47.536606 6.934394 -2.298157

 -55.036045 6.934394 -2.298149

 -62.535480 6.934394 -2.298149

 -70.034912 4.544261 -2.298150

 -77.534348 4.471506 -2.298149

 -85.033798 4.492558 -2.298149

 -92.533234 6.882692 -2.298149

 -100.032669 6.934394 -2.298149

 -106.171326 6.934394 -1.481674

 79.137344 6.934394 6.017742

 72.454391 7.167374 5.201271

 64.954964 6.934394 5.201275

 57.455509 7.163647 5.201275

 49.956081 7.036252 5.201275

 42.456650 6.410666 5.201275

 34.957211 5.882552 5.201275

 27.457775 5.518947 5.201279

 19.958338 5.751927 5.201279

 5.721031 5.848694 5.201279

 -2.400530 5.848696 5.201279

 -10.522097 5.848696 5.201279

 -17.538849 6.474872 5.201279

 -25.038288 6.423497 5.201279

 -32.537724 6.707852 5.201279

 -40.037167 6.637088 5.201283

 -47.536606 6.836287 5.201283

 -55.036045 6.929523 5.201283

 -62.535480 9.099932 5.201283

 -70.034912 4.301684 5.201283

 -77.534348 4.059109 5.201283

 -85.033798 4.207877 5.201283

 -92.533234 4.586367 5.201286

 -100.032669 6.934394 5.201286

 -106.443481 6.934394 5.201286

 86.636795 7.167374 13.517178

 79.953827 6.934394 12.700706

 72.454391 7.167374 12.700706

 64.954964 6.934394 12.700706

 57.455509 7.167374 12.700706

 49.956081 6.930667 12.700706

 42.456650 6.859359 12.700706

 34.957211 6.707004 12.700710

 27.457775 6.815926 12.700710

 19.958338 6.582946 12.700710

 12.458899 6.935116 12.700710

 4.959463 6.920903 12.700710

 -2.539972 6.245894 12.700710

 -10.039412 5.792096 12.700710

 -17.538849 5.083694 12.700710

 -25.038288 4.947148 12.700710

 -32.537724 5.083694 12.700710

 -40.037167 5.792092 12.700714

 -55.036045 6.762954 12.700714

 -62.535480 7.162503 12.700714

 -70.034912 4.492558 12.700714

 -77.534348 4.207877 12.700714

 -85.033798 4.165771 12.700714

 -92.533234 4.492558 12.700715

 -100.032669 7.167374 12.700718

 -106.443481 7.167374 12.700718

 146.087982 11.854451 21.560928

 139.949326 11.854451 21.288769

 132.449890 9.898325 21.288769

 125.766922 7.167374 21.560928

 101.635681 7.167374 21.560928

 94.952713 6.934394 20.744457

 87.453278 6.934394 20.200142

 79.953827 7.167374 20.200142

 72.454391 6.934394 20.200142

 64.954964 6.934394 20.200142

 57.455509 6.934394 20.200142

 42.456650 7.159743 20.200142

 34.957211 6.926335 20.200142

 27.457775 7.162432 20.200142

 19.958338 7.163218 20.200142

 12.458899 7.068841 20.200142

 4.959463 6.249621 20.200142

 -2.539972 5.083013 20.200142

 -10.039412 3.838061 20.200142

 -17.538849 3.050580 20.200142

 -25.038288 3.062977 20.200142

 -32.537724 3.050580 20.200142

 -40.037167 4.071042 20.200142

 -47.536606 5.315991 20.200142

 -55.036045 6.249621 20.200142

 -62.535480 6.836287 20.200142

 -70.034912 4.586367 20.200142

 -77.534348 4.080162 20.200142

 -85.033798 4.322738 20.200142

 -92.533234 6.640117 20.200144

 -100.032669 6.934394 20.200150

 -106.987778 7.167374 20.200150

 146.360138 11.621471 27.699581

 139.949326 11.621471 27.699581

 132.449890 9.898325 27.699581

 124.950470 6.934394 27.699581

 117.451019 6.934394 28.243893

 109.951584 6.934394 28.243893

 102.452164 6.934394 27.699581

 94.952713 7.167374 27.699581

 87.453278 6.934394 27.699581

 79.953827 6.934394 27.699581

 72.454391 6.934394 27.699581

 64.954964 6.927547 27.699581

 57.455509 6.796536 27.699581

 49.956081 6.516623 27.699581

 42.456650 6.288684 27.699581

 34.957211 6.521664 27.699581

 27.457775 6.749604 27.699581

 19.958338 7.028958 27.699581

 12.458899 6.863225 27.699581

 4.959463 5.792096 27.699581

 -2.539972 4.071042 27.699581

 -10.039412 2.132880 27.699581

 -17.538849 -0.173904 27.699581

 -25.038288 0.997519 27.699581

 -32.537724 1.065749 27.699581

 -40.037167 0.893227 27.699581

 -47.536606 3.838061 27.699581

 -55.036045 5.792096 27.699581

 -62.535480 6.870068 27.699581

 -70.034912 6.861077 27.699581

 -77.534348 4.080162 27.699581

 -85.033798 6.449243 27.699581

 -92.533234 6.934394 27.699581

 -100.032669 6.934394 27.699585

 -107.532104 6.934394 27.699585

 -113.670761 7.167374 28.516052

 146.087982 11.621471 33.838230

 139.949326 11.854451 34.654705

 132.449890 9.665344 35.199017

 124.950470 7.167374 35.199017

 117.451019 7.167374 35.199017

 109.951584 6.934394 35.199017

 102.452164 7.167374 35.199017

 94.952713 6.934394 35.199017

 87.453278 6.934394 35.199017

 79.953827 6.934394 35.199017

 72.454391 7.160527 35.199017

 64.954964 6.926468 35.199017

 57.455509 5.972159 35.199017

 49.956081 5.234848 35.199017

 42.456650 4.566802 35.199017

 34.957211 4.566802 35.199017

 27.457775 5.001868 35.199017

 19.958338 5.966815 35.199017

 12.458899 6.234057 35.199017

 4.959463 5.309832 35.199017

 -2.539972 3.283560 35.199017

 -10.039412 1.298730 35.199017

 -17.538849 0.040370 35.199017

 -25.038288 -0.323752 35.199017

 -32.537724 -0.192611 35.199017

 -40.037167 1.065749 35.199017

 -47.536606 3.283560 35.199017

 -55.036045 5.316678 35.199017

 -62.535480 6.707852 35.199017

 -70.034912 6.880101 35.199020

 -77.534348 6.712872 35.199020

 -85.033798 6.712872 35.199020

 -92.533234 7.167374 35.199017

 -100.032669 6.934394 35.199017

 -107.532104 7.167374 35.199017

 -113.942902 7.167374 35.199017

 131.633423 8.750371 41.337669

 124.950470 6.934394 42.154148

 117.451019 7.167374 42.698460

 109.931046 7.077321 42.737225

 102.421890 6.964755 42.543518

 94.949219 6.942240 42.311047

 87.481689 6.942240 42.311047

 80.006516 6.718154 42.543518

 72.484894 6.692866 42.737225

 64.954964 6.205140 42.698460

 57.455509 4.332858 42.698460

 49.956081 2.583474 42.698460

 42.456650 1.476918 42.698460

 34.957211 1.709899 42.698460

 27.457775 1.343825 42.698460

 19.958338 4.323768 42.698460

 12.458899 5.695115 42.698460

 4.959463 5.042489 42.698460

 -2.539972 2.829997 42.698460

 -10.039412 0.764539 42.698460

 -17.538849 -0.556732 42.698460

 -25.038288 -0.711777 42.698460

 -32.537724 -0.323752 42.698460

 -40.037167 0.997519 42.698460

 -47.536606 2.829997 42.698460

 -55.036045 4.947150 42.698460

 -62.535480 6.656477 42.698460

 -70.034912 6.924651 42.698460

 -77.534348 6.934394 42.698460

 -85.033798 7.167374 42.698460

 -92.533234 6.934394 42.698460

 -100.032669 7.167374 42.698460

 -107.532104 6.934394 42.698460

 -113.670761 6.934394 41.881985

 116.906708 6.934394 50.197895

 110.147537 6.964755 50.269176

 72.280869 6.495852 50.269176

 64.954964 5.001868 50.197895

 57.455509 2.583474 50.197895

 49.956081 0.187380 50.197895

 42.456650 -1.079152 50.197895

 34.957211 -1.079152 50.197895

 27.457775 0.187382 50.197895

 19.958338 4.744518 50.197895

 12.458899 4.544421 50.197895

 4.959463 4.900042 50.197895

 -2.539972 3.049792 50.197895

 -10.039412 1.065749 50.197895

 -17.538849 -0.192611 50.197895

 -25.038288 -0.556732 50.197895

 -32.537724 -0.192611 50.197895

 -40.037167 0.059076 50.197895

 -47.536606 3.283560 50.197895

 -55.036045 5.316678 50.197895

 -62.535480 6.474872 50.197895

 -70.034912 6.928962 50.197895

 -77.534348 7.167374 50.197895

 -85.033798 7.167374 50.197895

 -92.533234 7.167374 50.197895

 -100.032669 7.167374 50.197895

 -106.715622 7.167374 49.381428

 116.362381 6.934394 57.697330

 110.384583 6.709260 57.746399

 72.046318 6.216046 57.746399

 64.954964 4.566800 57.697330

 57.455509 3.875437 57.697330

 49.956081 -1.312137 57.697330

 42.456650 -4.320013 57.697330

 34.957211 -2.847379 56.574635

 27.457775 -1.312133 57.697330

 19.958338 1.476729 57.697330

 12.458899 4.038722 57.697330

 4.959463 5.148224 57.697330

 -10.039412 2.365860 57.697330

 -17.538849 1.065749 57.697330

 -25.038288 0.997519 57.697330

 -32.537724 1.065749 57.697330

 -40.037167 2.365860 57.697330

 -47.536606 4.071042 57.697330

 -55.036045 5.792096 57.697330

 -62.535480 6.870068 57.697330

 -70.034912 7.166811 57.697330

 -77.534348 7.167374 57.697330

 -85.033798 7.167374 57.697330

 -92.533234 6.934394 57.153015

 -99.216202 7.167374 56.336544

 116.305588 7.079700 65.178154

 110.367203 6.581683 64.891739

 72.046318 6.216046 65.213936

 64.954964 4.333819 65.196770

 57.455509 1.476918 65.196770

 49.956081 -1.079156 65.196770

 42.456650 -2.847379 65.196770

 34.957211 -2.847379 65.196770

 27.457775 -1.079152 65.196770

 19.958338 1.476918 65.196770

 12.458899 4.469746 65.196770

 4.959463 5.604962 65.196770

 -2.539972 5.308360 65.196770

 -10.039412 3.838061 65.196770

 -17.538849 3.283560 65.196770

 -25.038288 2.829997 65.196770

 -32.537724 3.050580 65.196770

 -40.037167 3.838061 65.196770

 -47.536606 5.315991 65.196770

 -55.036045 6.482600 65.196770

 -62.535480 7.069268 65.196770

 -70.034912 6.934394 65.196770

 -77.534348 7.167374 64.652443

 -84.217316 6.934394 63.835979

 168.586288 7.167374 74.056992

 162.447647 6.934394 73.784828

 154.948212 7.167374 73.784828

 148.265244 6.934394 74.056992

 117.050430 6.967134 72.662254

 72.046318 6.468947 72.681473

 64.954964 5.234848 72.696198

 57.455509 2.583474 72.696198

 49.956081 0.187377 72.696198

 42.456650 -1.079154 72.696198

 34.957211 -1.079154 72.696198

 27.457775 0.187380 72.696198

 19.958338 2.583163 72.696198

 12.458899 5.225829 72.696198

 4.959463 6.340888 72.696198

 -2.539972 6.248374 72.696198

 -10.039412 5.792092 72.696198

 -17.538849 5.083694 72.696198

 -25.038288 4.947148 72.696198

 -32.537724 5.083694 72.696198

 -40.037167 5.792092 72.696198

 -47.536606 6.457127 72.151886

 -55.036045 6.970463 71.607574

 -62.535480 7.162503 71.607574

 -69.218445 6.934394 71.335419

 168.858444 7.167374 80.195641

 162.447647 6.934394 80.195641

 154.948212 7.167374 80.195641

 147.448776 6.934394 80.195641

 139.949326 7.167374 80.739952

 132.449890 6.934394 81.284271

 124.950470 6.934394 80.739952

 117.852112 6.942240 80.149002

 72.280869 6.529078 80.155266

 64.954964 6.204262 80.195641

 57.455509 4.332856 80.195641

 49.956081 2.583474 80.195641

 42.456650 1.709899 80.195641

 34.957211 1.473975 80.195641

 27.457775 2.506238 80.195641

 19.958338 4.324830 80.195641

 12.458899 5.596005 80.195641

 4.959463 6.414887 80.195641

 -2.539972 6.825480 80.195641

 -10.039412 6.556643 80.195641

 -17.538849 6.470880 80.195641

 -25.038288 6.423497 80.195641

 -32.537724 6.707852 80.195641

 -39.492851 6.870068 80.195641

 168.586288 7.167374 86.334290

 162.447647 6.934394 87.150764

 154.948212 7.167374 87.695084

 147.448776 7.167374 87.695084

 139.949326 6.934394 87.695084

 132.449890 6.934394 87.695084

 124.950470 6.934394 87.695084

 117.618271 6.964755 87.625992

 79.708755 5.761254 87.913429

 72.484894 6.078191 87.670052

 64.954964 6.227006 87.695084

 57.455509 6.051255 87.695084

 49.956081 5.227253 87.695084

 42.456650 4.562973 87.695084

 34.957211 4.195127 87.695084

 27.457775 4.677458 87.695084

 19.958338 5.080300 87.695084

 12.458899 5.176414 87.695084

 4.959463 5.409999 87.695084

 -2.539972 6.039658 87.695084

 -10.039412 6.605309 87.695084

 -17.538849 7.021365 87.695084

 -25.038288 7.153636 87.695084

 -32.537724 6.928962 87.695084

 -38.676380 6.933831 86.878609

 154.131729 7.167374 93.833740

 147.448776 7.167374 94.650208

 139.949326 7.167374 95.194527

 132.449890 6.934394 95.194527

 124.950470 6.934394 95.194527

 117.417725 7.077321 95.156723

 109.892609 6.955136 95.351654

 102.416748 6.389653 95.584373

 94.949219 5.515765 95.584373

 87.477249 4.708828 95.351654

 79.971573 3.912898 95.156723

 72.454391 4.030593 95.194527

 64.954964 5.002671 95.194527

 57.455509 5.955132 95.194527

 49.956081 6.247674 95.194527

 42.456650 6.433741 95.194527

 34.957211 5.728011 95.194527

 27.457775 4.999415 95.194527

 19.958338 4.490796 95.194527

 12.458899 3.742862 95.194527

 4.959463 3.982687 95.194527

 -2.539972 4.628415 95.194527

 -17.538849 6.372886 95.194527

 -25.038288 6.853950 95.194527

 -31.993412 7.167374 95.194527

 139.132843 7.167374 101.877480

 132.449890 7.167374 102.693954

 124.950470 7.167374 102.693954

 117.451019 6.934394 102.693954

 109.951584 7.013447 102.693954

 102.452164 5.859965 102.693954

 94.952713 4.029521 102.693954

 87.453278 2.309140 102.693954

 79.953827 0.840579 102.693954

 72.454391 0.840577 102.693954

 64.954964 2.309140 102.693954

 57.455509 4.262501 102.693954

 49.956081 5.858729 102.693954

 42.456650 6.762032 102.693954

 34.957211 6.032025 102.693954

 27.457775 4.627629 102.693954

 19.958338 3.230183 102.693954

 12.458899 2.355149 102.693954

 4.959463 2.355149 102.693954

 -2.539972 3.230183 102.693954

 -10.039412 4.395438 102.693954

 -17.538849 6.039658 102.693954

 -25.038288 6.690608 102.693954

 -31.176945 7.166916 101.877480

 131.633423 7.167374 109.376923

 124.950470 7.167374 110.193382

 117.451019 7.166495 110.193382

 109.951584 6.467914 110.193382

 102.452164 4.776542 110.193382

 94.952713 2.076163 110.193382

 87.453278 -0.599320 110.193382

 79.953827 -2.040699 110.193382

 72.454391 -2.273679 110.193382

 64.954964 -0.599320 110.193382

 57.455509 2.076159 110.193382

 49.956081 4.772229 110.193382

 42.456650 6.324234 110.193382

 34.957211 5.648945 110.193382

 27.457775 3.982689 110.193382

 19.958338 2.355149 110.193382

 12.458899 1.090329 110.193382

 4.959463 1.323310 110.193382

 -2.539972 2.122169 110.193382

 -10.039412 3.982689 110.193382

 -17.538849 5.416841 110.193382

 -24.493973 6.761260 110.193382

 124.950470 6.934394 117.692833

 117.451019 6.925872 117.692833

 109.951584 6.213393 117.692833

 102.452164 4.030595 117.692833

 94.952713 1.073559 117.692833

 87.453278 -2.040699 117.692833

 79.953827 -4.015101 117.692833

 72.454391 -4.248081 117.692833

 64.954964 -2.273681 117.692833

 57.455509 0.840577 117.692833

 42.456650 6.069775 117.692833

 34.957211 5.408320 117.692833

 27.457775 3.749709 117.692833

 19.958338 2.355149 117.692833

 12.458899 1.323310 117.692833

 4.959463 1.323310 117.692833

 -10.039412 3.749709 117.692833

 -17.538849 5.649821 117.692833

 -24.493973 6.761260 117.692833

 139.132858 6.934394 126.553062

 132.449890 7.167374 125.736588

 124.950470 6.934394 125.192276

 117.451019 7.158852 125.192276

 109.951584 6.446373 125.192276

 102.452164 4.030597 125.192276

 94.952713 0.840581 125.192276

 87.453278 -2.273679 125.192276

 79.953827 -4.015099 125.192276

 72.454391 -4.015101 125.192276

 64.954964 -2.040699 125.192276

 57.455509 0.840579 125.192276

 49.956081 4.263182 125.192276

 42.456650 5.969674 125.192276

 34.957211 6.031140 125.192276

 27.457775 4.395438 125.192276

 19.958338 2.997207 125.192276

 12.458899 2.122169 125.192276

 4.959463 2.122169 125.192276

 -2.539972 3.230187 125.192276

 -10.039412 4.628418 125.192276

 -17.538849 5.806678 125.192276

 -25.038288 6.923588 125.192276

 -31.721256 6.933936 126.008736

 146.087982 7.167374 133.508194

 139.949326 6.934394 132.691711

 132.449890 6.934394 132.691711

 124.950470 6.934394 132.691711

 117.451019 6.933515 132.691711

 109.951584 6.467914 132.691711

 102.452164 4.776542 132.691711

 94.952713 2.309145 132.691711

 87.453278 -0.366336 132.691711

 79.953827 -2.273678 132.691711

 72.454391 -2.040699 132.691711

 64.954964 -0.366340 132.691711

 57.455509 2.309140 132.691711

 49.956081 5.009518 132.691711

 42.456650 6.387467 132.691711

 34.957211 6.604992 132.691711

 27.457775 5.649262 132.691711

 19.958338 4.628418 132.691711

 12.458899 3.749709 132.691711

 4.959463 3.749709 132.691711

 -2.539972 4.395438 132.691711

 -10.039412 5.649262 132.691711

 -17.538849 6.372890 132.691711

 -25.038288 6.853950 132.691711

 -32.537724 7.167374 132.691711

 -40.037167 6.934394 133.236023

 -46.720131 7.167374 134.052505

 146.360138 7.167374 140.191147

 139.949326 7.167374 140.191147

 132.449890 6.934394 140.191147

 124.950470 6.934394 140.191147

 117.451019 7.167374 140.191147

 109.951584 6.780467 140.191147

 102.452164 5.859965 140.191147

 94.952713 4.262501 140.191147

 87.453278 2.076159 140.191147

 79.953827 1.073559 140.191147

 72.454391 0.840577 140.191147

 64.954964 2.309140 140.191147

 57.455509 4.029521 140.191147

 49.956081 5.859963 140.191147

 34.957211 6.793815 140.191147

 27.457775 6.605866 140.191147

 19.958338 5.806678 140.191147

 12.458899 5.416842 140.191147

 4.959463 5.649823 140.191147

 -2.539972 5.806678 140.191147

 -10.039412 6.605870 140.191147

 -17.538849 7.026795 140.191147

 -25.038288 6.930398 140.191147

 -32.537724 6.934394 140.191147

 -40.037167 7.167374 140.191147

 -47.536606 6.934394 140.191147

 -54.219570 6.934394 141.007614

 146.360138 6.934394 147.690582

 139.949326 7.167374 147.690582

 132.449890 7.167374 147.690582

 124.950470 7.167374 147.690582

 117.451019 6.934394 147.690582

 109.951584 7.159733 147.690582

 102.452164 6.898383 147.690582

 94.952713 5.859965 147.690582

 87.453278 4.776538 147.690582

 79.953827 4.030593 147.690582

 72.454391 4.263573 147.690582

 64.954964 5.009518 147.690582

 57.455509 6.092944 147.690582

 49.956081 6.665402 147.690582

 42.456650 7.159729 147.690582

 34.957211 7.163378 147.690582

 27.457775 7.086930 147.690582

 19.958338 6.923588 147.690582

 12.458899 6.790574 147.690582

 4.959463 6.557593 147.690582

 -2.539972 6.923588 147.690582

 -10.039412 7.086930 147.690582

 -17.538849 7.163378 147.690582

 -25.038288 7.167374 147.690582

 -32.537724 6.934394 147.690582

 -40.037167 6.934394 147.690582

 -47.536606 6.934394 147.690582

 -55.036045 6.934394 147.690582

 -62.535480 6.934394 148.234894

 -70.034912 6.934394 148.779221

 -77.534348 6.934394 148.779221

 -85.033798 6.934394 148.779221

 -91.716751 6.934394 149.051376

 146.087982 7.167374 153.829239

 139.949326 7.167374 154.645706

 132.449890 6.934394 155.190033

 124.950470 6.934394 155.190033

 117.451019 6.934394 155.190033

 109.951584 6.934394 155.190033

 102.452164 7.159729 155.190033

 94.952713 7.013443 155.190033

 87.453278 6.467910 155.190033

 79.953827 6.213393 155.190033

 72.454391 6.213393 155.190033

 64.954964 6.700890 155.190033

 49.956081 7.159729 155.190033

 42.456650 6.934394 155.190033

 34.957211 6.934394 155.190033

 27.457775 6.934394 155.190033

 19.958338 7.166916 155.190033

 12.458899 6.929940 155.190033

 4.959463 6.929940 155.190033

 -2.539972 7.166916 155.190033

 -10.039412 7.167374 155.190033

 -17.538849 6.934394 155.190033

 -25.038288 6.934394 155.190033

 -32.537724 7.167374 155.190033

 -40.037167 7.167374 155.190033

 -47.536606 6.934394 155.190033

 -55.036045 7.167374 155.190033

 -62.535480 7.167374 155.190033

 -70.034912 7.167374 155.190033

 -77.534348 6.934394 155.190033

 -85.033798 6.934394 155.190033

 -92.533234 6.934394 155.190033

 -100.032669 6.934394 155.734360

 -107.532104 6.934394 156.278671

 -115.031540 7.167374 156.278671

 -121.714508 6.934394 156.550812

 131.633423 7.167374 161.873001

 124.950470 6.934394 162.689468

 117.451019 6.934394 162.689468

 109.951584 6.934394 162.689468

 102.452164 6.934394 162.689468

 94.952713 7.167374 162.689468

 87.453278 7.166495 162.689468

 79.953827 7.158852 162.689468

 72.454391 6.925872 162.689468

 64.954964 7.166495 162.689468

 57.455509 7.167374 162.689468

 49.956081 6.934394 162.689468

 42.456650 7.167374 162.689468

 34.957211 6.934394 162.689468

 27.457775 6.934394 162.689468

 19.958338 6.934394 162.689468

 12.458899 6.934394 162.689468

 4.959463 6.934394 162.689468

 -2.539972 6.934394 162.689468

 -10.039412 7.167374 162.689468

 -17.538849 7.167374 162.689468

 -25.038288 6.934394 162.689468

 -32.537724 6.934394 162.689468

 -40.037167 6.934394 162.689468

 -47.536606 7.167374 162.689468

 -55.036045 7.167374 162.689468

 -62.535480 7.167374 162.689468

 -70.034912 6.934394 162.689468

 -77.534348 7.167374 162.689468

 -85.033798 7.167374 162.689468

 -92.533234 6.934394 162.689468

 -100.032669 7.167374 162.689468

 -107.532104 6.934394 162.689468

 -115.031540 6.934394 162.689468

 -122.530975 7.167374 162.689468

 -130.030411 7.167374 163.233780

 -136.169083 7.167374 164.050247

 124.406143 7.167374 170.188889

 117.451019 6.934394 170.188889

 102.452164 6.934394 170.188889

 94.952713 6.934394 170.188889

 87.453278 7.167374 170.188889

 79.953827 6.934394 170.188889

 72.454391 7.167374 170.188889

 64.954964 7.167374 170.188889

 57.455509 7.167374 170.188889

 49.956081 6.934394 170.188889

 42.456650 6.934394 170.188889

 34.957211 6.934394 170.188889

 27.457775 7.167374 170.188889

 19.958338 7.167374 170.188889

 12.458899 7.167374 170.188889

 4.959463 6.934394 170.188889

 -2.539972 7.167374 170.188889

 -10.039412 7.167374 170.188889

 -17.538849 6.934394 170.188889

 -25.038288 6.934394 170.188889

 -32.537724 6.934394 170.188889

 -40.037167 7.167374 170.188889

 -47.536606 6.934394 170.188889

 -55.036045 7.167374 170.188889

 -62.535480 7.167374 170.188889

 -70.034912 6.934394 170.188889

 -77.534348 7.167374 170.188889

 -85.033798 6.934394 170.188889

 -92.533234 6.934394 170.188889

 -100.032669 6.934394 169.644577

 -107.532104 7.167374 169.100266

 -115.031540 7.167374 169.644577

 -122.530975 6.934394 170.188889

 -130.030411 7.167374 170.188889

 -136.441238 7.167374 170.188889

 124.406143 6.934394 177.688324

 117.451019 7.167374 177.688324

 109.951584 6.934394 177.688324

 102.452164 7.167374 177.688324

 94.952713 7.167374 177.688324

 87.453278 6.934394 177.688324

 79.953827 7.167374 177.688324

 72.454391 7.167374 177.688324

 64.954964 7.167374 177.688324

 57.455509 7.167374 177.688324

 49.956081 7.167374 177.688324

 42.456650 7.167374 177.688324

 34.957211 6.934394 177.688324

 27.457775 7.167374 177.688324

 19.958338 7.167374 177.688324

 12.458899 7.167374 177.688324

 4.959463 7.167374 177.688324

 -2.539972 7.167374 177.688324

 -10.039412 6.934394 177.688324

 -17.538849 7.167374 177.688324

 -25.038288 6.934394 177.688324

 -32.537724 6.934394 177.688324

 -40.037167 6.934394 177.688324

 -47.536606 7.167374 177.688324

 -55.036045 6.934394 177.688324

 -62.535480 6.934394 177.688324

 -70.034912 6.934394 177.688324

 -77.534348 6.934394 177.688324

 -85.033798 7.167374 177.144012

 -91.716751 6.934394 176.327545

 -123.347458 6.934394 176.327545

 -130.030411 7.167374 176.599701

 -136.169083 6.934394 176.327545

 131.633423 6.934394 186.004242

 124.950470 7.167374 185.187775

 117.451019 6.934394 185.187775

 109.951584 7.167374 185.187775

 102.452164 7.167374 185.187775

 94.952713 7.167374 185.187775

 87.453278 7.167374 185.187775

 79.953827 6.934394 184.643478

 72.454391 6.934394 184.099152

 64.954964 7.167374 184.099152

 57.455509 6.934394 184.099152

 49.956081 7.167374 184.099152

 42.456650 6.934394 184.099152

 34.957211 7.167374 184.099152

 27.457777 6.934394 184.643478

 19.958338 6.934394 185.187775

 12.458899 7.167374 185.187775

 4.959463 7.167374 185.187775

 -2.539972 7.167374 185.187775

 -10.039412 6.934394 185.187775

 -17.538849 7.167374 185.187775

 -25.038288 6.934394 185.187775

 -32.537724 6.934394 185.187775

 -40.037167 6.934394 185.187775

 -47.536606 7.167374 185.187775

 -55.036045 7.167374 185.187775

 -62.535480 7.167374 184.643478

 -70.034912 6.934394 184.099152

 -76.717880 6.934394 183.826996

 138.588547 7.167374 193.503677

 132.449890 7.167374 192.687210

 124.950470 6.934394 192.687210

 117.451019 6.934394 192.687210

 109.951584 7.167374 192.687210

 102.452164 6.934394 192.687210

 94.952713 6.934394 192.687210

 88.269745 7.167374 191.870728

 19.414026 6.934394 192.687210

 12.458899 6.934394 192.687210

 4.959463 7.167374 192.687210

 -2.539972 7.167374 192.687210

 -10.039412 6.934394 192.687210

 -17.538849 7.167374 192.687210

 -25.038288 6.934394 192.687210

 -32.537724 6.934394 192.687210

 -40.037167 6.934394 192.142883

 -47.536606 6.934394 191.598587

 -54.219570 7.167374 191.326416

 138.860703 7.167374 200.186630

 132.449890 6.934394 200.186630

 124.950470 7.167374 200.186630

 117.451019 7.167374 200.186630

 109.951584 7.167374 200.186630

 102.452164 7.167374 199.642334

 95.769180 7.167374 198.825851

 18.597555 7.167374 199.370163

 12.458899 6.934394 200.186630

 4.959463 6.934394 200.186630

 -2.539972 6.934394 200.186630

 -10.039412 7.167374 200.186630

 -17.538849 6.934394 200.186630

 -25.038288 6.934394 200.186630

 -31.721256 6.934394 199.370163

 138.860703 6.934394 207.686081

 132.449890 7.167374 207.686081

 124.950470 7.167374 207.686081

 117.451019 6.934394 207.141754

 110.768066 6.934394 206.325287

 11.642427 6.934394 206.325287

 4.959463 7.167374 206.597443

 -2.539972 6.934394 206.597443

 -10.039412 6.934394 206.597443

 -17.538849 6.934394 206.597443

 -24.221817 6.934394 206.325287

 138.588547 7.167374 213.824738

 132.449890 6.934394 214.096893

 125.766922 6.934394 213.824738

 -137.046036 8.760960 -227.765137

 -141.279587 8.760960 -228.853745

 -148.779037 8.760960 -228.853745

 -153.012589 8.760960 -227.765137

 -135.957382 8.760960 -223.531570

 -141.279587 8.760960 -223.531570

 -148.779037 8.760960 -223.531570

 -156.278473 8.760960 -223.531570

 -160.512024 8.760960 -220.265686

 -129.546570 8.760960 -212.766251

 -133.780136 8.760960 -216.032150

 -141.279587 8.760960 -216.032150

 -148.779037 8.760960 -216.032150

 -156.278473 8.760960 -216.032150

 -161.600647 8.760960 -216.032150

 -197.041519 8.760960 -212.766251

 -201.275085 8.760960 -213.854889

 -208.774506 8.760960 -213.854889

 -216.273941 8.760960 -213.854889

 -220.507477 8.760960 -212.766251

 42.940479 8.760960 -205.266800

 38.706928 8.760960 -206.355423

 31.207499 8.760960 -206.355423

 23.708054 8.760960 -206.355423

 16.208620 8.760960 -206.355423

 8.709183 8.760960 -206.355423

 1.209748 8.760960 -206.355423

 -6.289691 8.760960 -206.355423

 -13.789128 8.760960 -206.355423

 -21.288568 8.760960 -206.355423

 -25.522123 8.760960 -205.266800

 -122.047150 8.760960 -205.266800

 -126.280701 8.760960 -208.532684

 -133.780136 8.760960 -208.532684

 -141.279587 8.760960 -208.532684

 -148.779037 8.760960 -208.532684

 -156.278473 8.760960 -208.532684

 -161.600647 8.760960 -208.532684

 -195.952896 8.760960 -208.532684

 -201.275085 8.760960 -208.532684

 -208.774506 8.760960 -208.532684

 -216.273941 8.760960 -208.532684

 -221.596130 8.760960 -208.532684

 50.439911 8.760960 -197.767365

 46.206367 8.760960 -201.033249

 38.706928 8.760960 -201.033249

 31.207495 8.760960 -201.033249

 23.708054 8.760960 -201.033249

 16.208620 8.760960 -201.033249

 8.709183 8.760960 -201.033249

 1.209746 8.760960 -201.033249

 -6.289691 8.760960 -201.033249

 -13.789130 8.760960 -201.033249

 -21.288568 8.760960 -201.033249

 -28.788008 8.760960 -201.033249

 -36.287445 8.760960 -198.856003

 -43.786884 8.760960 -198.856003

 -48.020435 8.760960 -197.767365

 -120.958519 8.760960 -201.033249

 -126.280701 8.760960 -201.033249

 -133.780136 8.760960 -201.033249

 -141.279587 8.760960 -201.033249

 -148.779037 8.760960 -201.033249

 -156.278473 8.760960 -201.033249

 -161.600647 8.760960 -201.033249

 -189.542099 8.760960 -197.767365

 -193.775650 8.760960 -201.033249

 -201.275085 8.760960 -201.033249

 -208.774506 8.760960 -201.033249

 -216.273941 8.760960 -201.033249

 -221.596130 8.760960 -201.033249

 57.939339 8.760960 -190.267929

 53.705795 8.760960 -193.533813

 46.206367 8.760960 -193.533813

 38.706928 8.760960 -193.533813

 31.207495 8.760960 -193.533813

 23.708054 8.760960 -193.533813

 16.208620 8.760960 -193.533813

 8.709183 8.760960 -193.533813

 1.209746 8.760960 -193.533813

 -6.289691 8.760960 -193.533813

 -13.789130 8.760960 -193.533813

 -21.288568 8.760960 -193.533813

 -28.788008 8.760960 -193.533813

 -36.287445 8.760960 -193.533813

 -43.786884 8.760960 -193.533813

 -51.286320 8.760960 -193.533813

 -55.519878 8.760960 -190.267929

 -120.958519 8.760960 -193.533829

 -126.280701 8.760960 -193.533813

 -133.780136 8.760960 -193.533813

 -141.279587 8.760960 -193.533813

 -148.779037 8.760960 -193.533813

 -156.278473 8.760960 -193.533813

 -163.777908 8.760960 -193.533813

 -168.011459 8.760960 -190.267929

 -182.042648 8.760960 -190.267929

 -186.276199 8.760960 -193.533813

 -193.775650 8.760960 -193.533813

 -201.275085 8.760960 -193.533813

 -208.774506 8.760960 -193.533813

 -216.273941 8.760960 -193.533813

 -221.596130 8.760960 -193.533829

 59.027977 8.760960 -186.034393

 53.705795 8.760960 -186.034363

 46.206367 8.760960 -186.034363

 38.706928 8.760960 -186.034363

 31.207495 8.760960 -186.034363

 23.708054 8.760960 -188.211624

 16.208620 8.760960 -188.211624

 8.709183 8.760960 -188.211624

 1.209748 8.760960 -188.211624

 -6.289691 8.760960 -188.211624

 -13.789128 8.760960 -188.211624

 -21.288568 8.760960 -186.034363

 -28.788008 8.760960 -186.034363

 -36.287445 8.760960 -186.034363

 -43.786884 8.760960 -186.034363

 -51.286320 8.760960 -186.034363

 -56.608501 8.760960 -186.034393

 -120.958519 8.760960 -186.034393

 -126.280701 8.760960 -186.034363

 -133.780136 8.760960 -186.034363

 -141.279587 8.760960 -186.034363

 -148.779037 8.760960 -186.034363

 -156.278473 8.760960 -186.034363

 -163.777908 8.760960 -186.034363

 -171.277313 8.760960 -186.034363

 -178.776779 8.760960 -186.034363

 -186.276199 8.760960 -186.034363

 -193.775650 8.760960 -186.034363

 -201.275085 8.760960 -186.034363

 -208.774506 8.760960 -186.034363

 -216.273941 8.760960 -188.211624

 -220.507477 8.760960 -189.300262

 110.435417 8.760960 -175.269058

 106.201866 8.760960 -176.357697

 98.702431 8.760960 -176.357697

 91.202988 8.760960 -176.357697

 83.703552 8.760960 -176.357697

 79.469986 8.760960 -175.269058

 59.027977 8.760960 -178.534943

 53.705795 8.760960 -178.534943

 46.206367 8.760960 -178.534943

 38.706928 8.760960 -178.534943

 34.473373 8.760960 -181.800827

 -24.554455 8.760960 -181.800827

 -28.788008 8.760960 -180.712219

 -36.287445 8.760960 -180.712219

 -43.786884 8.760960 -180.712219

 -51.286320 8.760960 -180.712219

 -55.519878 8.760960 -181.800827

 -120.958519 8.760960 -178.534943

 -126.280701 8.760960 -178.534943

 -133.780136 8.760960 -178.534943

 -141.279587 8.760960 -178.534943

 -148.779037 8.760960 -178.534943

 -156.278473 8.760960 -178.534943

 -163.777908 8.760960 -178.534943

 -171.277313 8.760960 -178.534943

 -178.776779 8.760960 -178.534943

 -186.276199 8.760960 -178.534943

 -193.775650 8.760960 -178.534943

 -201.275085 8.760960 -178.534943

 -205.508621 8.760960 -181.800827

 207.928116 8.760960 -167.769608

 203.694550 8.760960 -168.858261

 196.195114 8.760960 -168.858261

 188.695694 8.760960 -168.858261

 181.196243 8.760960 -168.858261

 173.696808 8.760960 -168.858261

 166.197372 8.760960 -168.858261

 161.963821 8.760960 -167.769608

 125.434288 8.760960 -167.769608

 121.200729 8.760960 -168.858261

 113.701302 8.760960 -171.035507

 106.201866 8.760960 -171.035507

 98.702431 8.760960 -171.035507

 91.202988 8.760960 -171.035507

 83.703545 8.760960 -171.035507

 78.381363 8.760960 -171.035507

 59.027977 8.760960 -171.035507

 53.705795 8.760960 -171.035507

 46.206367 8.760960 -171.035507

 40.884186 8.760960 -171.035507

 -114.547707 8.760960 -167.769608

 -118.781258 8.760960 -171.035507

 -126.280701 8.760960 -171.035507

 -133.780136 8.760960 -171.035507

 -141.279587 8.760960 -171.035507

 -148.779037 8.760960 -171.035507

 -156.278473 8.760960 -171.035507

 -163.777908 8.760960 -171.035507

 -171.277313 8.760960 -171.035507

 -178.776779 8.760960 -171.035507

 -186.276199 8.760960 -171.035507

 -193.775650 8.760960 -171.035507

 -201.275085 8.760960 -171.035507

 -208.774506 8.760960 -168.858261

 -216.273941 8.760960 -168.858261

 -220.507477 8.760960 -167.769608

 209.016739 8.760960 -163.536087

 203.694550 8.760960 -163.536087

 196.195114 8.760960 -163.536087

 188.695679 8.760960 -163.536087

 181.196243 8.760960 -163.536087

 173.696808 8.760960 -163.536087

 166.197372 8.760960 -163.536087

 158.697922 8.760960 -163.536087

 151.198486 8.760960 -161.358810

 146.964935 8.760960 -160.270172

 132.933716 8.760960 -160.270172

 128.700180 8.760960 -163.536087

 121.200729 8.760960 -163.536087

 113.701302 8.760960 -163.536087

 106.201866 8.760960 -163.536087

 98.702431 8.760960 -163.536087

 91.202988 8.760960 -163.536087

 83.703545 8.760960 -163.536087

 78.381363 8.760960 -163.536087

 59.027977 8.760960 -163.536087

 53.705795 8.760960 -163.536087

 46.206367 8.760960 -163.536087

 40.884186 8.760960 -163.536087

 -113.459076 8.760960 -163.536087

 -118.781258 8.760960 -163.536087

 -126.280701 8.760960 -163.536087

 -133.780136 8.760960 -163.536087

 -141.279587 8.760960 -163.536087

 -148.779037 8.760960 -163.536087

 -156.278473 8.760960 -163.536087

 -163.777908 8.760960 -163.536087

 -171.277313 8.760960 -163.536087

 -178.776779 8.760960 -163.536087

 -186.276199 8.760960 -163.536087

 -193.775650 8.760960 -163.536087

 -201.275085 8.760960 -163.536087

 -208.774506 8.760960 -163.536087

 -216.273941 8.760960 -163.536087

 -223.773361 8.760960 -163.536087

 -228.006927 8.760960 -160.270172

 209.016739 8.760960 -156.036652

 203.694550 8.760960 -156.036621

 196.195114 8.760960 -156.036621

 188.695679 8.760960 -156.036621

 181.196243 8.760960 -156.036621

 173.696808 8.760960 -156.036621

 166.197372 8.760960 -156.036621

 158.697922 8.760960 -156.036621

 151.198486 8.760960 -156.036621

 145.876312 8.760960 -156.036652

 134.022354 8.760960 -156.036652

 128.700180 8.760960 -156.036621

 121.200729 8.760960 -156.036621

 113.701302 8.760960 -156.036621

 106.201866 8.760960 -156.036621

 98.702431 8.760960 -156.036621

 91.202988 8.760960 -156.036621

 83.703545 8.760960 -156.036621

 76.204109 8.760960 -156.036621

 71.970558 8.760960 -152.770752

 59.027977 8.760960 -156.036652

 53.705795 8.760960 -156.036621

 46.206367 8.760960 -156.036621

 40.884186 8.760960 -156.036652

 -114.547707 8.760960 -159.302521

 -118.781258 8.760960 -156.036621

 -126.280701 8.760960 -156.036621

 -133.780136 8.760960 -156.036621

 -141.279587 8.760960 -156.036621

 -148.779037 8.760960 -156.036621

 -156.278473 8.760960 -156.036621

 -163.777908 8.760960 -156.036621

 -171.277313 8.760960 -156.036621

 -178.776779 8.760960 -156.036621

 -186.276199 8.760960 -156.036621

 -193.775650 8.760960 -156.036621

 -201.275085 8.760960 -156.036621

 -208.774506 8.760960 -156.036621

 -216.273941 8.760960 -156.036621

 -223.773361 8.760960 -156.036621

 -229.095566 8.760960 -156.036652

 209.016739 8.760960 -148.537201

 203.694550 8.760960 -148.537201

 196.195114 8.760960 -148.537201

 188.695679 8.760960 -148.537201

 181.196243 8.760960 -148.537201

 173.696808 8.760960 -148.537201

 166.197372 8.760960 -148.537201

 158.697922 8.760960 -148.537201

 151.198486 8.760960 -148.537201

 145.876312 8.760960 -148.537201

 134.022354 8.760960 -148.537201

 128.700180 8.760960 -148.537201

 121.200729 8.760960 -148.537201

 113.701302 8.760960 -148.537201

 109.467751 8.760960 -151.803070

 96.525177 8.760960 -148.537201

 91.202988 8.760960 -148.537201

 83.703545 8.760960 -148.537201

 76.204109 8.760960 -148.537201

 68.704681 8.760960 -148.537201

 61.205238 8.760960 -148.537201

 53.705795 8.760960 -148.537201

 46.206367 8.760960 -148.537201

 40.884186 8.760960 -148.537201

 -62.051647 8.760960 -145.271317

 -66.285202 8.760960 -146.359955

 -73.784630 8.760960 -146.359955

 -81.284073 8.760960 -146.359955

 -85.517632 8.760960 -145.271317

 -122.047150 8.760960 -151.803070

 -126.280701 8.760960 -150.714447

 -133.780136 8.760960 -148.537201

 -141.279587 8.760960 -148.537201

 -148.779037 8.760960 -148.537201

 -156.278473 8.760960 -148.537201

 -163.777908 8.760960 -148.537201

 -171.277313 8.760960 -148.537201

 -178.776779 8.760960 -148.537201

 -186.276199 8.760960 -148.537201

 -193.775650 8.760960 -148.537201

 -201.275085 8.760960 -148.537201

 -208.774506 8.760960 -148.537201

 -216.273941 8.760960 -148.537201

 -223.773361 8.760960 -148.537201

 -229.095566 8.760960 -148.537201

 207.928116 8.760960 -144.303650

 203.694550 8.760960 -141.037766

 196.195114 8.760960 -141.037766

 188.695679 8.760960 -141.037766

 183.373505 8.760960 -141.037766

 171.519547 8.760960 -141.037766

 166.197372 8.760960 -141.037766

 158.697922 8.760960 -141.037766

 151.198486 8.760960 -141.037766

 145.876312 8.760960 -141.037766

 134.022354 8.760960 -141.037766

 128.700180 8.760960 -141.037766

 121.200729 8.760960 -141.037766

 115.878555 8.760960 -141.037766

 95.436539 8.760960 -144.303650

 91.202988 8.760960 -141.037766

 83.703545 8.760960 -141.037766

 76.204109 8.760960 -141.037766

 68.704681 8.760960 -141.037766

 61.205238 8.760960 -141.037766

 53.705795 8.760960 -141.037766

 46.206367 8.760960 -141.037766

 40.884186 8.760960 -141.037766

 -54.552212 8.760960 -137.771881

 -58.785763 8.760960 -141.037766

 -66.285202 8.760960 -141.037766

 -73.784630 8.760960 -141.037766

 -81.284073 8.760960 -141.037766

 -88.783516 8.760960 -141.037766

 -93.017067 8.760960 -137.771881

 -137.046036 8.760960 -144.303650

 -141.279587 8.760960 -141.037766

 -148.779037 8.760960 -141.037766

 -156.278473 8.760960 -141.037766

 -163.777908 8.760960 -141.037766

 -171.277313 8.760960 -141.037766

 -178.776779 8.760960 -141.037766

 -186.276199 8.760960 -141.037766

 -193.775650 8.760960 -141.037766

 -201.275085 8.760960 -141.037766

 -208.774506 8.760960 -141.037766

 -216.273941 8.760960 -141.037766

 -223.773361 8.760960 -141.037766

 -229.095566 8.760960 -141.037766

 201.517303 8.760960 -133.538330

 196.195114 8.760960 -133.538330

 188.695679 8.760960 -133.538330

 181.196243 8.760960 -133.538330

 173.696808 8.760960 -133.538330

 166.197372 8.760960 -133.538330

 158.697922 8.760960 -133.538330

 151.198486 8.760960 -133.538330

 143.699066 8.760960 -133.538330

 136.199615 8.760960 -133.538330

 128.700180 8.760960 -133.538330

 121.200729 8.760960 -133.538330

 115.878555 8.760960 -133.538330

 87.937103 8.760960 -136.804214

 83.703552 8.760960 -135.715591

 76.204109 8.760960 -133.538330

 68.704681 8.760960 -133.538330

 61.205238 8.760960 -133.538330

 53.705795 8.760960 -133.538330

 46.206367 8.760960 -133.538330

 41.972813 8.760960 -136.804214

 -53.463581 8.760960 -133.538330

 -58.785763 4.758134 -133.538330

 -66.285202 8.760960 -133.538330

 -73.784630 6.347920 -133.538330

 -81.284073 6.347920 -133.538330

 -88.783516 6.347920 -133.538330

 -94.105690 8.760960 -133.538330

 -144.545471 8.760960 -136.804214

 -148.779037 8.760960 -135.715591

 -156.278473 8.760960 -133.538330

 -163.777908 8.760960 -133.538330

 -171.277313 8.760960 -133.538330

 -178.776779 8.760960 -133.538330

 -186.276199 8.760960 -133.538330

 -193.775650 8.760960 -133.538330

 -201.275085 8.760960 -133.538330

 -208.774506 8.760960 -133.538330

 -216.273941 8.760960 -133.538330

 -223.773361 8.760960 -133.538330

 -228.006927 8.760960 -136.804214

 200.428680 8.760960 -129.304779

 196.195114 8.760960 -126.038887

 188.695679 8.760960 -126.038887

 181.196243 8.760960 -126.038887

 173.696808 8.760960 -126.038887

 166.197372 8.760960 -126.038887

 158.697922 8.760960 -126.038887

 151.198486 8.760960 -126.038887

 143.699066 8.760960 -126.038887

 136.199615 8.760960 -126.038887

 128.700180 8.760960 -126.038887

 121.200729 8.760960 -126.038887

 115.878555 8.760960 -126.038887

 72.938225 8.760960 -129.304779

 68.704681 8.760960 -128.216156

 61.205238 8.760960 -128.216156

 53.705807 8.760960 -128.216156

 49.472244 8.760960 -129.304779

 -53.463581 8.760960 -126.038887

 -58.785763 8.760960 -126.038887

 -66.285202 8.760960 -126.038887

 -73.784630 6.347920 -126.038887

 -81.284073 3.352080 -126.038887

 -88.783516 6.347920 -126.038887

 -94.105690 8.760960 -126.038887

 -159.544357 8.760960 -129.304779

 -163.777908 8.760960 -126.038887

 -171.277313 8.760960 -126.038887

 -178.776779 8.760960 -126.038887

 -186.276199 8.760960 -126.038887

 -193.775650 8.760960 -126.038887

 -201.275085 8.760960 -126.038887

 -208.774506 8.760960 -126.038887

 -216.273941 8.760960 -126.038887

 -221.596130 8.760960 -126.038887

 194.017853 8.760960 -118.539452

 188.695679 8.760960 -118.539452

 181.196243 8.760960 -118.539452

 173.696808 8.760960 -118.539452

 166.197372 8.760960 -118.539452

 158.697922 8.760960 -120.716721

 151.198486 8.760960 -118.539452

 143.699066 8.760960 -118.539452

 136.199615 8.760960 -118.539452

 128.700180 8.760960 -118.539452

 121.200729 8.760960 -118.539452

 115.878555 8.760960 -118.539452

 -54.552212 8.760960 -121.805336

 -58.785763 8.760960 -120.716721

 -66.285202 8.760960 -120.716721

 -73.784630 6.347920 -118.539452

 -81.284073 6.347920 -118.539452

 -88.783516 6.347920 -118.539452

 -94.105690 8.760960 -118.539452

 -167.043793 8.760960 -121.805336

 -168.011459 8.760960 -121.805336

 -182.042648 8.760960 -121.805336

 -186.276199 8.760960 -118.539452

 -193.775650 8.760960 -118.539452

 -201.275085 8.760960 -118.539452

 -208.774506 8.760960 -118.539452

 -216.273941 8.760960 -118.539452

 -220.507477 8.760960 -121.805336

 192.929245 8.760960 -114.305901

 188.695679 8.760960 -111.040024

 181.196243 8.760960 -111.040024

 173.696808 8.760960 -111.040024

 168.374619 8.760960 -111.040024

 147.932587 8.760960 -114.305901

 143.699066 8.760960 -113.217293

 136.199615 8.760960 -113.217293

 128.700180 8.760960 -113.217293

 121.200729 8.760960 -113.217293

 116.967178 8.760960 -114.305901

 -75.961891 8.760960 -111.040024

 -81.284073 8.760960 -111.040024

 -88.783516 8.760960 -111.040024

 -94.105690 8.760960 -111.040024

 -174.543213 8.760960 -107.774132

 -178.776779 8.760960 -108.862770

 -186.276199 8.760960 -111.040024

 -193.775650 8.760960 -111.040024

 -201.275085 8.760960 -111.040024

 -208.774506 8.760960 -111.040024

 -214.096710 8.760960 -111.040024

 186.518417 8.760960 -103.540581

 181.196243 8.760960 -103.540581

 173.696808 8.760960 -103.540581

 168.374619 8.760960 -103.540581

 -77.050522 8.760960 -106.806473

 -81.284073 8.760960 -105.717827

 -88.783516 8.760960 -105.717827

 -93.017067 8.760960 -106.806473

 -173.454590 8.760960 -103.540581

 -178.776779 8.760960 -103.540581

 -186.276199 8.760960 -103.540581

 -193.775650 8.760960 -103.540581

 -201.275085 8.760960 -103.540565

 -208.774506 8.760960 -103.540565

 -213.008041 8.760960 -106.806458

 186.518417 8.760960 -96.041138

 181.196243 8.760960 -96.041138

 173.696808 8.760960 -96.041138

 168.374619 8.760960 -96.041138

 -173.454590 8.760960 -96.041138

 -178.776779 8.760960 -96.041138

 -186.276199 8.760960 -96.041138

 -193.775650 8.760960 -96.041138

 -201.275085 8.760960 -98.218391

 -205.508621 8.760960 -99.307014

 186.518417 8.760960 -88.541710

 181.196243 8.760960 -88.541710

 173.696808 8.760960 -88.541710

 168.374619 8.760960 -88.541710

 -174.543213 8.760960 -91.807594

 -178.776779 8.760960 -90.718971

 -186.276230 8.760960 -90.718971

 -190.509750 8.760960 -91.807594

 186.518417 8.760960 -81.042267

 181.196243 8.760960 -81.042267

 173.696808 8.760960 -81.042267

 168.374619 8.760960 -81.042267

 186.518417 8.760960 -73.542839

 181.196243 8.760960 -73.542831

 173.696808 8.760960 -73.542831

 168.374619 8.760960 -73.542839

 132.933716 8.760960 -70.276947

 128.700180 8.760960 -71.365578

 121.200729 8.760960 -71.365578

 116.967178 8.760960 -70.276947

 186.518417 8.760960 -66.043388

 181.196243 8.760960 -66.043388

 173.696808 8.760960 -66.043388

 168.374619 8.760960 -66.043388

 134.022354 8.760960 -66.043388

 128.700180 8.760960 -66.043388

 121.200729 8.760960 -66.043388

 115.878555 8.760960 -66.043388

 192.929245 8.760960 -55.278072

 188.695679 8.760960 -58.543961

 181.196243 8.760960 -58.543961

 173.696808 8.760960 -58.543961

 168.374619 8.760960 -58.543961

 140.433151 8.760960 -55.278072

 136.199615 8.760960 -58.543961

 128.700180 8.760960 -58.543961

 121.200729 8.760960 -58.543961

 115.878555 8.760960 -58.543961

 194.017853 8.760960 -51.044518

 188.695679 8.760960 -51.044518

 181.196243 8.760960 -51.044518

 173.696808 8.760960 -51.044518

 169.463242 8.760960 -54.310402

 141.521805 8.760960 -51.044518

 136.199615 8.760960 -51.044518

 128.700180 8.760960 -51.044518

 121.200729 8.760960 -51.044518

 116.967178 8.760960 -54.310402

 194.017853 8.760960 -43.545082

 188.695679 8.760960 -43.545082

 181.196243 8.760960 -43.545082

 175.874054 8.760960 -43.545082

 141.521805 8.760960 -43.545082

 136.199615 8.760960 -43.545082

 128.700180 8.760960 -43.545082

 123.377998 8.760960 -43.545082

 194.017853 8.760960 -36.045647

 188.695679 8.760960 -36.045647

 181.196243 8.760960 -36.045647

 173.696808 8.760960 -36.045647

 169.463242 8.760960 -32.779762

 140.433151 8.760960 -39.311527

 136.199615 8.760960 -38.222904

 128.700180 8.760960 -38.222904

 124.466621 8.760960 -39.311527

 194.017853 8.760960 -28.546207

 188.695679 8.760960 -28.546207

 181.196243 8.760960 -28.546207

 173.696808 8.760960 -28.546207

 168.374619 8.760960 -28.546206

 192.929245 8.760960 -24.312654

 188.695679 8.760960 -21.046770

 181.196243 8.760960 -21.046766

 173.696808 8.760960 -21.046766

 168.374619 8.760960 -21.046766

 185.429794 8.760960 -16.813213

 181.196243 8.760960 -15.724586

 173.696808 8.760960 -15.724586

 169.463242 8.760960 -16.813211

 -189.542099 8.760960 42.214626

 -193.775650 8.760960 41.125999

 -198.009186 8.760960 42.214626

 -182.042648 8.760960 49.714066

 -186.276199 8.760960 46.448177

 -193.775650 8.760960 46.448177

 -201.275085 8.760960 46.448177

 -205.508621 8.760960 49.714066

 -180.954041 8.760960 53.947617

 -186.276199 8.760960 53.947613

 -193.775650 8.760960 53.947617

 -201.275085 8.760960 53.947617

 -206.597244 8.760960 53.947617

 -180.954041 8.760960 61.447052

 -186.276199 8.760960 61.447052

 -193.775650 8.760960 61.447052

 -201.275085 8.760960 61.447052

 -206.597244 8.760960 61.447060

 -159.544357 8.760960 72.212364

 -163.777908 8.760960 71.123741

 -171.277313 8.760960 71.123741

 -178.776779 8.760960 68.946480

 -186.276199 8.760960 68.946480

 -193.775650 8.760960 68.946480

 -201.275085 8.760960 68.946487

 -206.597244 8.760960 68.946495

 -152.044907 8.760960 79.711815

 -156.278473 8.760960 76.445923

 -163.777908 8.760960 76.445923

 -171.277313 8.760960 76.445923

 -178.776779 8.760960 76.445923

 -186.276199 8.760960 76.445923

 -193.775650 8.760960 76.445930

 -201.275085 8.760960 76.445930

 -205.508621 8.760960 73.180046

 -150.956284 8.760960 83.945358

 -156.278473 8.760960 83.945358

 -163.777908 8.760960 83.945358

 -171.277313 8.760960 83.945358

 -178.776779 8.760960 83.945358

 -186.276199 8.760960 83.945358

 -193.775650 8.760960 83.945358

 -199.097809 8.760960 83.945358

 -144.545471 8.760960 94.710686

 -148.779037 8.760960 91.444809

 -156.278473 8.760960 91.444809

 -163.777908 8.760960 91.444809

 -171.277313 8.760960 91.444809

 -178.776779 8.760960 91.444809

 -186.276199 8.760960 91.444809

 -193.775650 8.760960 91.444809

 -199.097809 8.760960 91.444794

 -129.546570 8.760960 102.210114

 -133.780151 8.760960 101.121490

 -141.279587 8.760960 98.944237

 -148.779037 8.760960 98.944237

 -156.278473 8.760960 98.944237

 -163.777908 8.760960 98.944237

 -171.277313 8.760960 98.944237

 -178.776779 8.760960 98.944237

 -186.276199 8.760960 98.944237

 -193.775650 8.760960 98.944237

 -199.097809 8.760960 98.944237

 -122.047150 8.760960 109.709541

 -126.280701 8.760960 106.443665

 -133.780136 8.760960 106.443665

 -141.279587 8.760960 106.443665

 -148.779037 8.760960 106.443665

 -156.278473 8.760960 106.443665

 -163.777908 8.760960 106.443665

 -168.011459 8.760960 103.177788

 -180.954041 8.760960 106.443665

 -186.276199 8.760960 106.443665

 -193.775650 8.760960 106.443665

 -199.097809 8.760960 106.443665

 -120.958519 8.760960 113.943108

 -126.280701 8.760960 113.943108

 -133.780136 8.760960 113.943108

 -141.279587 8.760960 113.943108

 -148.779037 8.760960 113.943108

 -156.278473 8.760960 111.765862

 -160.512024 8.760960 110.677216

 -180.954041 8.760960 113.943108

 -186.276199 8.760960 113.943108

 -193.775650 8.760960 113.943108

 -201.275085 8.760960 113.943108

 -205.508621 8.760960 117.209000

 -122.047150 8.760960 118.176666

 -126.280701 8.760960 121.442551

 -133.780136 8.760960 121.442551

 -141.279587 8.760960 121.442551

 -145.513138 8.760960 118.176666

 -180.954041 8.760960 121.442551

 -186.276199 8.760960 121.442551

 -193.775650 8.760960 121.442551

 -201.275085 8.760960 121.442551

 -206.597244 8.760960 121.442551

 -129.546570 8.760960 125.676102

 -133.780151 8.760960 126.764740

 -138.013702 8.760960 125.676102

 -182.042648 8.760960 125.676102

 -186.276199 8.760960 128.942001

 -193.775650 8.760960 128.942001

 -201.275085 8.760960 128.942001

 -206.597244 8.760960 128.941986

 -189.542099 8.760960 133.175552

 -193.775650 8.760960 136.441437

 -201.275085 8.760960 136.441437

 -208.774506 8.760960 136.441437

 -213.008041 8.760960 139.707306

 -195.952896 8.760960 143.940872

 -201.275085 8.760960 143.940872

 -208.774506 8.760960 143.940872

 -216.273941 8.760960 143.940872

 -220.507477 8.760960 147.206757

 -195.952896 8.760960 151.440308

 -201.275085 8.760960 151.440292

 -208.774506 8.760960 151.440292

 -216.273941 8.760960 151.440292

 -223.773361 8.760960 151.440292

 -228.006927 8.760960 154.706207

 -197.041519 8.760960 155.673859

 -201.275085 8.760960 158.939758

 -208.774506 8.760960 158.939758

 -216.273941 8.760960 158.939758

 -223.773361 8.760960 158.939758

 -229.095566 8.760960 158.939758

 -204.540955 8.760960 163.173294

 -208.774506 8.760960 166.439178

 -216.273941 8.760960 166.439178

 -223.773361 8.760960 166.439178

 -229.095566 8.760960 166.439194

 -210.951767 8.760960 173.938614

 -216.273941 8.760960 173.938614

 -223.773361 8.760960 173.938614

 -229.095566 8.760960 173.938614

 -210.951767 8.760960 181.438065

 -216.273941 8.760960 181.438065

 -223.773361 8.760960 181.438065

 -229.095566 8.760960 181.438065

 -212.040405 8.760960 185.671600

 -216.273941 8.760960 186.760254

 -223.773361 8.760960 186.760254

 -228.006927 8.760960 185.671600

 -79.971886 8.424664 -101.775375

 -79.353157 8.275637 -98.468285

 -78.734428 8.126610 -95.161194

 -78.115700 7.977583 -91.854103

 -77.496971 7.828556 -88.547012

 -76.878250 7.679529 -85.239922

 -76.259521 7.530502 -81.932831

 -75.640793 7.381475 -78.625748

 -75.022072 7.232448 -75.318657

 -76.222176 8.463493 -101.775375

 -75.603447 8.333881 -98.468285

 -74.984718 8.204269 -95.161194

 -74.365990 8.074657 -91.854103

 -73.747261 7.945045 -88.547012

 -73.128540 7.815434 -85.239922

 -72.509811 7.685822 -81.932831

 -71.891083 7.556210 -78.625748

 -71.272362 7.426598 -75.318657

 3.679018 7.023272 -113.242874

 4.082616 6.477991 -112.965286

 3.679018 7.023272 -106.929207

 4.082616 6.477991 -107.206795

 12.858690 7.023272 -113.242874

 12.455093 6.477991 -112.965286

 12.858690 7.023272 -106.929207

 12.455093 6.477991 -107.206795

 9.798800 7.023272 -106.929207

 6.738909 7.023272 -106.929207

 7.043836 6.477991 -107.206795

 9.493873 6.477991 -107.206795

 6.738909 7.023272 -113.242874

 9.798800 7.023272 -113.242874

 9.493873 6.477991 -112.965286

 7.043836 6.477991 -112.965286

 6.738909 6.988390 -115.603714

 9.798800 6.988390 -115.603714

 9.493873 6.443109 -115.326126

 7.043836 6.443109 -115.326126

 150.902771 13.721658 16.746124

 144.226273 13.721659 14.460426

 136.199615 13.675037 14.427208

 153.188461 13.721661 23.422646

 153.188461 14.455944 31.976515

 150.902771 14.456206 38.653038

 144.807816 13.720669 40.822983

 138.564926 13.721658 42.419952

 147.564514 13.755768 15.603275

 140.212952 13.721899 14.443817

 147.855286 13.742715 39.738007

 141.686356 13.730229 41.621468

 152.045609 14.460164 35.314777

 153.188461 14.456496 27.699581

 152.045609 13.732297 20.084381

 149.417679 13.103821 37.167942

 151.104843 13.001246 31.712906

 144.253433 13.170394 38.797230

 137.382263 13.103821 40.684345

 151.104843 13.103824 23.686249

 149.417679 13.103819 18.231216

 143.962662 13.103822 16.544052

 136.199615 13.001244 16.527443

 140.081146 13.172123 16.535751

 146.690170 13.216447 17.387634

 150.261261 12.983467 20.958733

 151.104843 13.177279 27.699581

 140.817841 13.116240 39.740791

 146.835541 12.966181 37.982586

 150.261261 13.152045 34.440426

tris:

 4653 2375 1181

 4653 1181 2373

 4652 2376 1180

 4652 1180 2372

 4651 2377 1179

 4651 1179 2371

 4650 2379 1177

 4650 1177 2370

 4649 2380 1176

 4649 1176 2369

 4648 2381 1175

 4648 1175 2368

 4647 2382 1174

 4647 1174 2367

 4646 2383 1173

 4646 1173 2366

 4645 2384 1172

 4645 1172 2365

 4644 2386 1170

 4644 1170 2364

 4643 2387 1169

 4643 1169 2363

 4642 2388 1168

 4642 1168 2362

 4641 2389 1167

 4641 1167 2361

 4640 2390 1166

 4640 1166 2360

 4639 2392 1164

 4639 1164 2359

 4638 2393 1163

 4638 1163 2358

 4637 2394 1162

 4637 1162 2357

 4636 2395 1161

 4636 1161 2356

 4635 2396 1160

 4635 1160 2355

 4634 2397 1159

 4634 1159 2354

 4633 2398 1158

 4633 1158 2353

 4632 2399 1157

 4632 1157 2352

 4631 2401 1155

 4631 1155 2351

 4630 2402 1154

 4630 1154 2350

 4629 2403 1153

 4629 1153 2349

 4628 2404 1152

 4628 1152 2348

 4627 2405 1151

 4627 1151 2347

 4626 2406 1150

 4626 1150 2346

 4625 2407 1149

 4625 1149 2345

 4624 2409 1147

 4624 1147 2344

 4623 2410 1146

 4623 1146 2343

 4622 2411 1145

 4622 1145 2342

 4621 2412 1144

 4621 1144 2341

 4620 2413 1143

 4620 1143 2340

 4619 2414 1142

 4619 1142 2339

 4618 2415 1141

 4618 1141 2338

 4617 2416 1140

 4617 1140 2337

 4616 2417 1139

 4616 1139 2336

 4615 2418 1138

 4615 1138 2335

 4614 2419 1137

 4614 1137 2334

 4613 2421 1135

 4613 1135 2333

 4612 2422 1134

 4612 1134 2332

 4611 2423 1133

 4611 1133 2331

 4610 2424 1132

 4610 1132 2330

 4609 2425 1131

 4609 1131 2329

 4608 2426 1130

 4608 1130 2328

 4607 2427 1129

 4607 1129 2327

 4606 2428 1128

 4606 1128 2326

 4605 2430 1126

 4605 1126 2325

 4604 2431 1125

 4604 1125 2324

 4603 2432 1124

 4603 1124 2323

 4602 2433 1123

 4602 1123 2322

 4601 2434 1122

 4601 1122 2321

 4600 2435 1121

 4600 1121 2320

 4599 2436 1120

 4599 1120 2319

 4598 2437 1119

 4598 1119 2318

 4597 2438 1118

 4597 1118 2317

 4596 2439 1117

 4596 1117 2316

 4595 2440 1116

 4595 1116 2315

 4594 2441 1115

 4594 1115 2314

 4593 2442 1114

 4593 1114 2313

 4592 2443 1113

 4592 1113 2312

 4591 2444 1112

 4591 1112 2311

 4590 2445 1111

 4590 1111 2310

 4589 2446 1110

 4589 1110 2309

 4588 2447 1109

 4588 1109 2308

 4587 2448 1108

 4587 1108 2307

 4586 2449 1107

 4586 1107 2306

 4585 2450 1106

 4585 1106 2305

 4584 2451 1105

 4584 1105 2304

 4583 2452 1104

 4583 1104 2303

 4582 2453 1103

 4582 1103 2302

 4581 2454 1102

 4581 1102 2301

 4580 2455 1101

 4580 1101 2300

 4579 2456 1100

 4579 1100 2299

 4578 2457 1099

 4578 1099 2298

 4577 2458 1098

 4577 1098 2297

 4576 2460 1095

 4576 1095 2295

 4575 2461 1094

 4575 1094 2294

 4574 2462 1093

 4574 1093 2293

 4573 2464 1091

 4573 1091 2292

 4572 2465 1090

 4572 1090 2291

 4571 2466 1089

 4571 1089 2290

 4570 2467 1088

 4570 1088 2289

 4569 2468 1087

 4569 1087 2288

 4568 2469 1086

 4568 1086 2287

 4567 2470 1085

 4567 1085 2286

 4566 2471 1084

 4566 1084 2285

 4565 2472 1083

 4565 1083 2284

 4564 2473 1082

 4564 1082 2283

 4563 2474 1081

 4563 1081 2282

 4562 2475 1080

 4562 1080 2281

 4561 2476 1079

 4561 1079 2280

 4560 2477 1078

 4560 1078 2279

 4559 2478 1077

 4559 1077 2278

 4558 2479 1076

 4558 1076 2277

 4557 2480 1075

 4557 1075 2276

 4556 2481 1074

 4556 1074 2275

 4555 2482 1073

 4555 1073 2274

 4554 2483 1072

 4554 1072 2273

 4553 2484 1071

 4553 1071 2272

 4552 2485 1070

 4552 1070 2271

 4551 2486 1069

 4551 1069 2270

 4550 2487 1068

 4550 1068 2269

 4549 2488 1067

 4549 1067 2268

 4548 2489 1066

 4548 1066 2267

 4547 2490 1065

 4547 1065 2266

 4546 2491 1064

 4546 1064 2265

 4545 2492 1063

 4545 1063 2264

 4544 2493 1062

 4544 1062 2263

 4543 2495 1059

 4543 1059 2261

 4542 2496 1058

 4542 1058 2260

 4541 2497 1057

 4541 1057 2259

 4540 2498 1056

 4540 1056 2258

 4539 2499 1055

 4539 1055 2257

 4538 2500 1054

 4538 1054 2256

 4537 2501 1053

 4537 1053 2255

 4536 2502 1052

 4536 1052 2254

 4535 2503 1051

 4535 1051 2253

 4534 2504 1050

 4534 1050 2252

 4533 2505 1049

 4533 1049 2251

 4532 2506 1048

 4532 1048 2250

 4531 2507 1047

 4531 1047 2249

 4530 2508 1046

 4530 1046 2248

 4529 2509 1045

 4529 1045 2247

 4528 2510 1044

 4528 1044 2246

 4527 2511 1043

 4527 1043 2245

 4526 2512 1042

 4526 1042 2244

 4525 2513 1041

 4525 1041 2243

 4524 2514 1040

 4524 1040 2242

 4523 2515 1039

 4523 1039 2241

 4522 2516 1038

 4522 1038 2240

 4521 2517 1037

 4521 1037 2239

 4520 2518 1036

 4520 1036 2238

 4519 2519 1035

 4519 1035 2237

 4518 2520 1034

 4518 1034 2236

 4517 2521 1033

 4517 1033 2235

 4516 2522 1032

 4516 1032 2234

 4515 2523 1031

 4515 1031 2233

 4514 2524 1030

 4514 1030 2232

 4513 2525 1029

 4513 1029 2231

 4512 2526 1028

 4512 1028 2230

 4511 2527 1027

 4511 1027 2229

 4510 2529 1025

 4510 1025 2227

 4509 2530 1024

 4509 1024 2226

 4508 2532 1022

 4508 1022 2225

 4507 2533 1021

 4507 1021 2224

 4506 2534 1020

 4506 1020 2223

 4505 2535 1019

 4505 1019 2222

 4504 2536 1018

 4504 1018 2221

 4503 2537 1017

 4503 1017 2220

 4502 2538 1016

 4502 1016 2219

 4501 2539 1015

 4501 1015 2218

 4500 2540 1014

 4500 1014 2217

 4499 2541 1013

 4499 1013 2216

 4498 2542 1012

 4498 1012 2215

 4497 2543 1011

 4497 1011 2214

 4496 2544 1010

 4496 1010 2213

 4495 2545 1009

 4495 1009 2212

 4494 2546 1008

 4494 1008 2211

 4493 2547 1007

 4493 1007 2210

 4492 2548 1006

 4492 1006 2209

 4491 2549 1005

 4491 1005 2208

 4490 2550 1004

 4490 1004 2207

 4489 2551 1003

 4489 1003 2206

 4488 2552 1002

 4488 1002 2205

 4487 2553 1001

 4487 1001 2204

 4486 2554 1000

 4486 1000 2203

 4485 2555 999

 4485 999 2202

 4484 2556 998

 4484 998 2201

 4483 2557 997

 4483 997 2200

 4482 2558 996

 4482 996 2199

 4481 2559 995

 4481 995 2198

 4480 2560 994

 4480 994 2197

 4479 2561 993

 4479 993 2196

 4478 2562 992

 4478 992 2195

 4477 2563 991

 4477 991 2194

 4476 2564 990

 4476 990 2193

 4475 2565 989

 4475 989 2192

 4474 2566 988

 4474 988 2191

 4473 2567 987

 4473 987 2190

 4472 2568 986

 4472 986 2189

 4471 2570 982

 4471 982 2186

 4470 2571 981

 4470 981 2185

 4469 2572 980

 4469 980 2184

 4468 2573 979

 4468 979 2183

 4467 2574 978

 4467 978 2182

 4466 2575 977

 4466 977 2181

 4465 2576 976

 4465 976 2180

 4464 2577 975

 4464 975 2179

 4463 2578 974

 4463 974 2178

 4462 2579 973

 4462 973 2177

 4461 2580 972

 4461 972 2176

 4460 2581 971

 4460 971 2175

 4459 2582 970

 4459 970 2174

 4458 2583 969

 4458 969 2173

 4457 2584 968

 4457 968 2172

 4456 2585 967

 4456 967 2171

 4455 2586 966

 4455 966 2170

 4454 2587 965

 4454 965 2169

 4453 2588 964

 4453 964 2168

 4452 2589 963

 4452 963 2167

 4451 2590 962

 4451 962 2166

 4450 2591 961

 4450 961 2165

 4449 2592 960

 4449 960 2164

 4448 2593 959

 4448 959 2163

 4447 2595 957

 4447 957 2161

 4446 2596 956

 4446 956 2160

 4445 2597 955

 4445 955 2159

 4444 2598 954

 4444 954 2158

 4443 2599 953

 4443 953 2157

 4442 2600 952

 4442 952 2156

 4441 2601 951

 4441 951 2155

 4440 2602 950

 4440 950 2154

 4439 2603 949

 4439 949 2153

 4438 2604 948

 4438 948 2152

 4437 2605 947

 4437 947 2151

 4436 2606 946

 4436 946 2150

 4435 2608 940

 4435 940 2145

 4434 2609 939

 4434 939 2144

 4433 2610 938

 4433 938 2143

 4432 2611 937

 4432 937 2142

 4431 2612 936

 4431 936 2141

 4430 2613 935

 4430 935 2140

 4429 2614 934

 4429 934 2139

 4428 2615 933

 4428 933 2138

 4427 2616 932

 4427 932 2137

 4426 2617 931

 4426 931 2136

 4425 2618 930

 4425 930 2135

 4424 2619 929

 4424 929 2134

 4423 2620 928

 4423 928 2133

 4422 2621 927

 4422 927 2132

 4421 2622 926

 4421 926 2131

 4420 2623 925

 4420 925 2130

 4419 2624 924

 4419 924 2129

 4418 2625 923

 4418 923 2128

 4417 2626 922

 4417 922 2127

 4416 2627 921

 4416 921 2126

 4415 2628 920

 4415 920 2125

 4414 2629 919

 4414 919 2124

 4413 2630 918

 4413 918 2123

 4412 2631 917

 4412 917 2122

 4411 2632 916

 4411 916 2121

 4410 2633 915

 4410 915 2120

 4409 2634 914

 4409 914 2119

 4408 2635 913

 4408 913 2118

 4407 2636 912

 4407 912 2117

 4406 2637 911

 4406 911 2116

 4405 2638 910

 4405 910 2115

 4404 2639 909

 4404 909 2114

 4403 2640 908

 4403 908 2113

 4402 2642 901

 4402 901 2107

 4401 2643 900

 4401 900 2106

 4400 2644 899

 4400 899 2105

 4399 2645 898

 4399 898 2104

 4398 2646 897

 4398 897 2103

 4397 2647 896

 4397 896 2102

 4396 2648 895

 4396 895 2101

 4395 2649 894

 4395 894 2100

 4394 2650 893

 4394 893 2099

 4393 2651 892

 4393 892 2098

 4392 2652 891

 4392 891 2097

 4391 2653 890

 4391 890 2096

 4390 2654 889

 4390 889 2095

 4389 2656 887

 4389 887 2093

 4388 2657 886

 4388 886 2092

 4387 2658 885

 4387 885 2091

 4386 2659 884

 4386 884 2090

 4385 2660 883

 4385 883 2089

 4384 2661 882

 4384 882 2088

 4383 2662 881

 4383 881 2087

 4382 2663 880

 4382 880 2086

 4381 2664 879

 4381 879 2085

 4380 2665 878

 4380 878 2084

 4379 2666 877

 4379 877 2083

 4378 2667 876

 4378 876 2082

 4377 2668 875

 4377 875 2081

 4376 2669 874

 4376 874 2080

 4375 2671 871

 4375 871 2078

 4374 2672 870

 4374 870 2077

 4373 2673 869

 4373 869 2076

 4372 2674 868

 4372 868 2075

 4371 2675 867

 4371 867 2074

 4370 2676 866

 4370 866 2073

 4369 2677 865

 4369 865 2072

 4368 2678 864

 4368 864 2071

 4367 2679 863

 4367 863 2070

 4366 2680 862

 4366 862 2069

 4365 2681 861

 4365 861 2068

 4364 2682 860

 4364 860 2067

 4363 2683 859

 4363 859 2066

 4362 2684 858

 4362 858 2065

 4361 2685 857

 4361 857 2064

 4360 2686 856

 4360 856 2063

 4359 2687 855

 4359 855 2062

 4358 2688 854

 4358 854 2061

 4357 2689 853

 4357 853 2060

 4356 2690 852

 4356 852 2059

 4355 2691 851

 4355 851 2058

 4354 2692 850

 4354 850 2057

 4353 2693 849

 4353 849 2056

 4352 2694 848

 4352 848 2055

 4351 2695 847

 4351 847 2054

 4350 2696 846

 4350 846 2053

 4349 2697 845

 4349 845 2052

 4348 2699 841

 4348 841 2049

 4347 2700 840

 4347 840 2048

 4346 2701 839

 4346 839 2047

 4345 2702 838

 4345 838 2046

 4344 2703 837

 4344 837 2045

 4343 2704 836

 4343 836 2044

 4342 2705 835

 4342 835 2043

 4341 2706 834

 4341 834 2042

 4340 2707 833

 4340 833 2041

 4339 2708 832

 4339 832 2040

 4338 2709 831

 4338 831 2039

 4337 2710 830

 4337 830 2038

 4336 2711 829

 4336 829 2037

 4335 2712 828

 4335 828 2036

 4334 2713 827

 4334 827 2035

 4333 2714 826

 4333 826 2034

 4332 2715 825

 4332 825 2033

 4331 2716 824

 4331 824 2032

 4330 2717 823

 4330 823 2031

 4329 2718 822

 4329 822 2030

 4328 2719 821

 4328 821 2029

 4327 2720 820

 4327 820 2028

 4326 2721 819

 4326 819 2027

 4325 2722 818

 4325 818 2026

 4324 2724 814

 4324 814 2023

 4323 2725 813

 4323 813 2022

 4322 2726 812

 4322 812 2021

 4321 2728 810

 4321 810 2019

 4320 2729 809

 4320 809 2018

 4319 2730 808

 4319 808 2017

 4318 2731 807

 4318 807 2016

 4317 2732 806

 4317 806 2015

 4316 2733 805

 4316 805 2014

 4315 2735 803

 4315 803 2012

 4314 2736 802

 4314 802 2011

 4313 2737 801

 4313 801 2010

 4312 2738 800

 4312 800 2009

 4311 2739 799

 4311 799 2008

 4310 2740 798

 4310 798 2007

 4309 2741 797

 4309 797 2006

 4308 2742 796

 4308 796 2005

 4307 2743 795

 4307 795 2004

 4306 2744 794

 4306 794 2003

 4305 2746 790

 4305 790 2000

 4304 2747 789

 4304 789 1999

 4303 2748 788

 4303 788 1998

 4302 2749 787

 4302 787 1997

 4301 2750 786

 4301 786 1996

 4300 2751 785

 4300 785 1995

 4299 2752 784

 4299 784 1994

 4298 2753 783

 4298 783 1993

 4297 2754 782

 4297 782 1992

 4296 2755 781

 4296 781 1991

 4295 2756 780

 4295 780 1990

 4294 2757 779

 4294 779 1989

 4293 2758 778

 4293 778 1988

 4292 2759 777

 4292 777 1987

 4291 2760 776

 4291 776 1986

 4290 2761 775

 4290 775 1985

 4289 2762 774

 4289 774 1984

 4288 2763 773

 4288 773 1983

 4287 2764 772

 4287 772 1982

 4286 2765 771

 4286 771 1981

 4285 2766 770

 4285 770 1980

 4284 2767 769

 4284 769 1979

 4283 2769 767

 4283 767 1978

 4282 2770 766

 4282 766 1977

 4281 2771 765

 4281 765 1976

 4280 2772 764

 4280 764 1975

 4279 2773 763

 4279 763 1974

 4278 2774 762

 4278 762 1973

 4277 2775 761

 4277 761 1972

 4276 2776 760

 4276 760 1971

 4275 2777 759

 4275 759 1970

 4274 2778 758

 4274 758 1969

 4273 2779 757

 4273 757 1968

 4272 2780 756

 4272 756 1967

 4271 2781 755

 4271 755 1966

 4270 2782 754

 4270 754 1965

 4269 2783 753

 4269 753 1964

 4268 2784 752

 4268 752 1963

 4267 2785 751

 4267 751 1962

 4266 2786 750

 4266 750 1961

 4265 2787 749

 4265 749 1960

 4264 2788 748

 4264 748 1959

 4263 2789 747

 4263 747 1958

 4262 2790 746

 4262 746 1957

 4261 2791 745

 4261 745 1956

 4260 2792 744

 4260 744 1955

 4259 2794 742

 4259 742 1954

 4258 2795 741

 4258 741 1953

 4257 2796 740

 4257 740 1952

 4256 2798 738

 4256 738 1950

 4255 2799 737

 4255 737 1949

 4254 2800 736

 4254 736 1948

 4253 2801 735

 4253 735 1947

 4252 2802 734

 4252 734 1946

 4251 2803 733

 4251 733 1945

 4250 2804 732

 4250 732 1944

 4249 2805 731

 4249 731 1943

 4248 2806 730

 4248 730 1942

 4247 2807 729

 4247 729 1941

 4246 2808 728

 4246 728 1940

 4245 2809 727

 4245 727 1939

 4244 2810 726

 4244 726 1938

 4243 2811 725

 4243 725 1937

 4242 2812 724

 4242 724 1936

 4241 2813 723

 4241 723 1935

 4240 2814 722

 4240 722 1934

 4239 2815 721

 4239 721 1933

 4238 2816 720

 4238 720 1932

 4237 2817 719

 4237 719 1931

 4236 2818 718

 4236 718 1930

 4235 2819 717

 4235 717 1929

 4234 2821 715

 4234 715 1928

 4233 2822 714

 4233 714 1927

 4232 2823 713

 4232 713 1926

 4231 2824 712

 4231 712 1925

 4230 2825 711

 4230 711 1924

 4229 2826 710

 4229 710 1923

 4228 2827 709

 4228 709 1922

 4227 2828 708

 4227 708 1921

 4226 2829 707

 4226 707 1920

 4225 2830 706

 4225 706 1919

 4224 2831 705

 4224 705 1918

 4223 2832 704

 4223 704 1917

 4222 2833 703

 4222 703 1916

 4221 2834 702

 4221 702 1915

 4220 2835 701

 4220 701 1914

 4219 2836 700

 4219 700 1913

 4218 2837 699

 4218 699 1912

 4217 2839 694

 4217 694 1907

 4216 2840 693

 4216 693 1906

 4215 2841 692

 4215 692 1905

 4214 2842 691

 4214 691 1904

 4213 2843 690

 4213 690 1903

 4212 2844 689

 4212 689 1902

 4211 2845 688

 4211 688 1901

 4210 2846 687

 4210 687 1900

 4209 2848 685

 4209 685 1899

 4208 2849 684

 4208 684 1898

 4207 2850 683

 4207 683 1897

 4206 2851 682

 4206 682 1896

 4205 2852 681

 4205 681 1895

 4204 2853 680

 4204 680 1894

 4203 2854 679

 4203 679 1893

 4202 2855 678

 4202 678 1892

 4201 2856 677

 4201 677 1891

 4200 2857 676

 4200 676 1890

 4199 2858 675

 4199 675 1889

 4198 2859 674

 4198 674 1888

 4197 2860 673

 4197 673 1887

 4196 2861 672

 4196 672 1886

 4195 2862 671

 4195 671 1885

 4194 2863 670

 4194 670 1884

 4193 2865 667

 4193 667 1882

 4192 2866 666

 4192 666 1881

 4191 2867 665

 4191 665 1880

 4190 2868 664

 4190 664 1879

 4189 2869 663

 4189 663 1878

 4188 2870 662

 4188 662 1877

 4187 2871 661

 4187 661 1876

 4186 2872 660

 4186 660 1875

 4185 2874 658

 4185 658 1874

 4184 2875 657

 4184 657 1873

 4183 2876 656

 4183 656 1872

 4182 2877 655

 4182 655 1871

 4181 2878 654

 4181 654 1870

 4180 2879 653

 4180 653 1869

 4179 2880 652

 4179 652 1868

 4178 2881 651

 4178 651 1867

 4177 2882 650

 4177 650 1866

 4176 2883 649

 4176 649 1865

 4175 2884 648

 4175 648 1864

 4174 2885 647

 4174 647 1863

 4173 2886 646

 4173 646 1862

 4172 2887 645

 4172 645 1861

 4171 2888 644

 4171 644 1860

 4170 2889 643

 4170 643 1859

 4169 2890 642

 4169 642 1858

 4168 2891 641

 4168 641 1857

 4167 2892 640

 4167 640 1856

 4166 2893 639

 4166 639 1855

 4165 2895 637

 4165 637 1854

 4164 2897 633

 4164 633 1850

 4163 2898 632

 4163 632 1849

 4162 2899 631

 4162 631 1848

 4161 2900 630

 4161 630 1847

 4160 2902 628

 4160 628 1846

 4159 2903 627

 4159 627 1845

 4158 2904 626

 4158 626 1844

 4157 2905 625

 4157 625 1843

 4156 2906 624

 4156 624 1842

 4155 2907 623

 4155 623 1841

 4154 2908 622

 4154 622 1840

 4153 2909 621

 4153 621 1839

 4152 2910 620

 4152 620 1838

 4151 2911 619

 4151 619 1837

 4150 2912 618

 4150 618 1836

 4149 2913 617

 4149 617 1835

 4148 2914 616

 4148 616 1834

 4147 2915 615

 4147 615 1833

 4146 2916 614

 4146 614 1832

 4145 2917 613

 4145 613 1831

 4144 2918 612

 4144 612 1830

 4143 2919 611

 4143 611 1829

 4142 2920 610

 4142 610 1828

 4141 2921 609

 4141 609 1827

 4140 2922 608

 4140 608 1826

 4139 2923 607

 4139 607 1825

 4138 2925 605

 4138 605 1824

 4137 2926 604

 4137 604 1823

 4136 2928 597

 4136 597 1818

 4135 2929 596

 4135 596 1817

 4134 2930 595

 4134 595 1816

 4133 2931 594

 4133 594 1815

 4132 2932 593

 4132 593 1814

 4131 2933 592

 4131 592 1813

 4130 2934 591

 4130 591 1812

 4129 2935 590

 4129 590 1811

 4128 2936 589

 4128 589 1810

 4127 2937 588

 4127 588 1809

 4126 2938 587

 4126 587 1808

 4125 2939 586

 4125 586 1807

 4124 2940 585

 4124 585 1806

 4123 2942 583

 4123 583 1804

 4122 2943 582

 4122 582 1803

 4121 2944 581

 4121 581 1802

 4120 2945 580

 4120 580 1801

 4118 2947 578

 4118 578 1800

 4117 2948 577

 4117 577 1799

 4116 2949 576

 4116 576 1798

 4115 2950 575

 4115 575 1797

 4114 2951 574

 4114 574 1796

 4113 2953 572

 4113 572 1795

 4112 2954 571

 4112 571 1794

 4111 2956 569

 4111 569 1793

 4110 2957 568

 4110 568 1792

 4109 2958 567

 4109 567 1791

 4108 2959 566

 4108 566 1790

 4107 2960 565

 4107 565 1789

 4106 2961 564

 4106 564 1788

 4105 2962 563

 4105 563 1787

 4104 2963 562

 4104 562 1786

 4103 2964 561

 4103 561 1785

 4102 2965 560

 4102 560 1784

 4101 2966 559

 4101 559 1783

 4100 2967 558

 4100 558 1782

 4099 2968 557

 4099 557 1781

 4098 2969 556

 4098 556 1780

 4097 2970 555

 4097 555 1779

 4096 2971 554

 4096 554 1778

 4095 2972 553

 4095 553 1777

 4094 2973 552

 4094 552 1776

 4093 2974 551

 4093 551 1775

 4092 2975 550

 4092 550 1774

 4091 2976 549

 4091 549 1773

 4090 2977 548

 4090 548 1772

 4089 2978 547

 4089 547 1771

 4088 2979 546

 4088 546 1770

 4087 2980 545

 4087 545 1769

 4086 2982 543

 4086 543 1768

 4085 2983 542

 4085 542 1767

 4084 2985 540

 4084 540 1766

 4083 2986 539

 4083 539 1765

 4082 2987 538

 4082 538 1764

 4081 2988 537

 4081 537 1763

 4080 2989 536

 4080 536 1762

 4079 2990 535

 4079 535 1761

 4078 2991 534

 4078 534 1760

 4077 2992 533

 4077 533 1759

 4076 2993 532

 4076 532 1758

 4075 2994 531

 4075 531 1757

 4074 2995 530

 4074 530 1756

 4073 2996 529

 4073 529 1755

 4072 2997 528

 4072 528 1754

 4071 2998 527

 4071 527 1753

 4070 2999 526

 4070 526 1752

 4069 3000 525

 4069 525 1751

 4068 3001 524

 4068 524 1750

 4067 3002 523

 4067 523 1749

 4066 3003 522

 4066 522 1748

 4065 3004 521

 4065 521 1747

 4064 3005 520

 4064 520 1746

 4063 3006 519

 4063 519 1745

 4062 3007 518

 4062 518 1744

 4061 3008 517

 4061 517 1743

 4060 3009 516

 4060 516 1742

 4059 3010 515

 4059 515 1741

 4058 3011 514

 4058 514 1740

 4057 3012 513

 4057 513 1739

 4056 3013 512

 4056 512 1738

 4055 3014 511

 4055 511 1737

 4054 3015 510

 4054 510 1736

 4053 3016 509

 4053 509 1735

 4052 3017 508

 4052 508 1734

 4051 3018 507

 4051 507 1733

 4050 3020 505

 4050 505 1732

 4049 3021 504

 4049 504 1731

 4048 3022 503

 4048 503 1730

 4047 3023 502

 4047 502 1729

 4046 3024 501

 4046 501 1728

 4045 3025 500

 4045 500 1727

 4044 3026 499

 4044 499 1726

 4043 3027 498

 4043 498 1725

 4042 3028 497

 4042 497 1724

 4041 3029 496

 4041 496 1723

 4040 3030 495

 4040 495 1722

 4039 3031 494

 4039 494 1721

 4038 3032 493

 4038 493 1720

 4037 3033 492

 4037 492 1719

 4036 3034 491

 4036 491 1718

 4035 3035 490

 4035 490 1717

 4034 3036 489

 4034 489 1716

 4033 3037 488

 4033 488 1715

 4032 3038 487

 4032 487 1714

 4031 3039 486

 4031 486 1713

 4030 3040 485

 4030 485 1712

 4029 3041 484

 4029 484 1711

 4028 3042 483

 4028 483 1710

 4027 3043 482

 4027 482 1709

 4026 3044 481

 4026 481 1708

 4025 3045 480

 4025 480 1707

 4024 3046 479

 4024 479 1706

 4023 3047 478

 4023 478 1705

 4022 3048 477

 4022 477 1704

 4021 3049 476

 4021 476 1703

 4020 3050 475

 4020 475 1702

 4019 3051 474

 4019 474 1701

 4018 3052 473

 4018 473 1700

 4017 3053 472

 4017 472 1699

 4016 3054 471

 4016 471 1698

 4015 3055 470

 4015 470 1697

 4014 3057 468

 4014 468 1696

 4013 3058 467

 4013 467 1695

 4012 3059 466

 4012 466 1694

 4011 3060 465

 4011 465 1693

 4010 3061 464

 4010 464 1692

 4009 3062 463

 4009 463 1691

 4008 3063 462

 4008 462 1690

 4007 3064 461

 4007 461 1689

 4006 3065 460

 4006 460 1688

 4005 3066 459

 4005 459 1687

 4004 3067 458

 4004 458 1686

 4003 3068 457

 4003 457 1685

 4002 3069 456

 4002 456 1684

 4001 3070 455

 4001 455 1683

 4000 3071 454

 4000 454 1682

 3999 3072 453

 3999 453 1681

 3998 3073 452

 3998 452 1680

 3997 3074 451

 3997 451 1679

 3996 3075 450

 3996 450 1678

 3995 3076 449

 3995 449 1677

 3994 3077 448

 3994 448 1676

 3993 3078 447

 3993 447 1675

 3992 3079 446

 3992 446 1674

 3991 3080 445

 3991 445 1673

 3990 3081 444

 3990 444 1672

 3989 3082 443

 3989 443 1671

 3988 3083 442

 3988 442 1670

 3987 3084 441

 3987 441 1669

 3986 3085 440

 3986 440 1668

 3985 3086 439

 3985 439 1667

 3984 3087 438

 3984 438 1666

 3983 3088 437

 3983 437 1665

 3982 3089 436

 3982 436 1664

 3981 3090 435

 3981 435 1663

 3980 3091 434

 3980 434 1662

 3979 3092 433

 3979 433 1661

 3978 3094 430

 3978 430 1659

 3977 3095 429

 3977 429 1658

 3976 3096 428

 3976 428 1657

 3975 3097 427

 3975 427 1656

 3974 3098 426

 3974 426 1655

 3973 3099 425

 3973 425 1654

 3972 3100 424

 3972 424 1653

 3971 3101 423

 3971 423 1652

 3970 3102 422

 3970 422 1651

 3969 3103 421

 3969 421 1650

 3968 3104 420

 3968 420 1649

 3967 3105 419

 3967 419 1648

 3966 3106 418

 3966 418 1647

 3965 3107 417

 3965 417 1646

 3964 3108 416

 3964 416 1645

 3963 3109 415

 3963 415 1644

 3962 3110 414

 3962 414 1643

 3961 3111 413

 3961 413 1642

 3960 3112 412

 3960 412 1641

 3959 3113 411

 3959 411 1640

 3958 3114 410

 3958 410 1639

 3957 3116 408

 3957 408 1637

 3956 3117 407

 3956 407 1636

 3955 3118 406

 3955 406 1635

 3954 3119 405

 3954 405 1634

 3953 3120 404

 3953 404 1633

 3952 3121 403

 3952 403 1632

 3951 3122 402

 3951 402 1631

 3950 3124 399

 3950 399 1628

 3949 3125 398

 3949 398 1627

 3948 3126 397

 3948 397 1626

 3947 3127 396

 3947 396 1625

 3946 3129 394

 3946 394 1624

 3945 3130 393

 3945 393 1623

 3944 3131 392

 3944 392 1622

 3943 3132 391

 3943 391 1621

 3942 3133 390

 3942 390 1620

 3941 3134 389

 3941 389 1619

 3940 3135 388

 3940 388 1618

 3939 3136 387

 3939 387 1617

 3938 3138 385

 3938 385 1615

 3937 3139 384

 3937 384 1614

 3936 3140 383

 3936 383 1613

 3935 3141 382

 3935 382 1612

 3934 3142 381

 3934 381 1611

 3933 3143 380

 3933 380 1610

 3932 3144 379

 3932 379 1609

 3931 3145 378

 3931 378 1608

 3930 3146 377

 3930 377 1607

 3929 3147 376

 3929 376 1606

 3928 3148 375

 3928 375 1605

 3927 3149 374

 3927 374 1604

 3926 3150 373

 3926 373 1603

 3925 3151 372

 3925 372 1602

 3924 3152 371

 3924 371 1601

 3923 3153 370

 3923 370 1600

 3922 3154 369

 3922 369 1599

 3921 3155 368

 3921 368 1598

 3920 3157 359

 3920 359 1591

 3919 3158 358

 3919 358 1590

 3918 3159 357

 3918 357 1589

 3917 3160 356

 3917 356 1588

 3916 3161 355

 3916 355 1587

 3915 3162 354

 3915 354 1586

 3914 3163 353

 3914 353 1585

 3913 3164 352

 3913 352 1584

 3912 3165 351

 3912 351 1583

 3911 3166 350

 3911 350 1582

 3910 3167 349

 3910 349 1581

 3909 3168 348

 3909 348 1580

 3908 3169 347

 3908 347 1579

 3907 3170 346

 3907 346 1578

 3906 3171 345

 3906 345 1577

 3905 3172 344

 3905 344 1576

 3904 3174 342

 3904 342 1574

 3903 3175 341

 3903 341 1573

 3902 3176 340

 3902 340 1572

 3901 3177 339

 3901 339 1571

 3900 3178 338

 3900 338 1570

 3899 3179 337

 3899 337 1569

 3898 3180 336

 3898 336 1568

 3897 3181 335

 3897 335 1567

 3896 3182 334

 3896 334 1566

 3895 3184 331

 3895 331 1564

 3894 3185 330

 3894 330 1563

 3893 3186 329

 3893 329 1562

 3892 3187 328

 3892 328 1561

 3891 3188 327

 3891 327 1560

 3890 3189 326

 3890 326 1559

 3889 3190 325

 3889 325 1558

 3888 3191 324

 3888 324 1557

 3887 3192 323

 3887 323 1556

 3886 3193 322

 3886 322 1555

 3885 3194 321

 3885 321 1554

 3884 3195 320

 3884 320 1553

 3883 3196 319

 3883 319 1552

 3882 3197 318

 3882 318 1551

 3881 3198 317

 3881 317 1550

 3880 3199 316

 3880 316 1549

 3879 3200 315

 3879 315 1548

 3878 3201 314

 3878 314 1547

 3877 3202 313

 3877 313 1546

 3876 3203 312

 3876 312 1545

 3875 3204 311

 3875 311 1544

 3874 3205 310

 3874 310 1543

 3873 3206 309

 3873 309 1542

 3872 3207 308

 3872 308 1541

 3871 3208 307

 3871 307 1540

 3870 3210 303

 3870 303 1537

 3869 3211 302

 3869 302 1536

 3868 3212 301

 3868 301 1535

 3867 3213 300

 3867 300 1534

 3866 3214 299

 3866 299 1533

 3865 3215 298

 3865 298 1532

 3864 3216 297

 3864 297 1531

 3863 3217 296

 3863 296 1530

 3862 3218 295

 3862 295 1529

 3861 3219 294

 3861 294 1528

 3860 3220 293

 3860 293 1527

 3859 3221 292

 3859 292 1526

 3858 3222 291

 3858 291 1525

 3857 3223 290

 3857 290 1524

 3856 3224 289

 3856 289 1523

 3855 3225 288

 3855 288 1522

 3854 3226 287

 3854 287 1521

 3853 3227 286

 3853 286 1520

 3852 3228 285

 3852 285 1519

 3851 3229 284

 3851 284 1518

 3850 3230 283

 3850 283 1517

 3849 3231 282

 3849 282 1516

 3848 3232 281

 3848 281 1515

 3847 3233 280

 3847 280 1514

 3846 3235 277

 3846 277 1512

 3845 3236 276

 3845 276 1511

 3844 3237 275

 3844 275 1510

 3843 3238 274

 3843 274 1509

 3842 3239 273

 3842 273 1508

 3841 3240 272

 3841 272 1507

 3840 3241 271

 3840 271 1506

 3839 3242 270

 3839 270 1505

 3838 3244 268

 3838 268 1503

 3837 3245 267

 3837 267 1502

 3836 3246 266

 3836 266 1501

 3835 3247 265

 3835 265 1500

 3834 3248 264

 3834 264 1499

 3833 3249 263

 3833 263 1498

 3832 3250 262

 3832 262 1497

 3831 3251 261

 3831 261 1496

 3830 3252 260

 3830 260 1495

 3829 3253 259

 3829 259 1494

 3828 3254 258

 3828 258 1493

 3827 3255 257

 3827 257 1492

 3826 3256 256

 3826 256 1491

 3825 3257 255

 3825 255 1490

 3824 3259 253

 3824 253 1489

 3823 3260 252

 3823 252 1488

 3822 3261 251

 3822 251 1487

 3821 3262 250

 3821 250 1486

 3820 3263 249

 3820 249 1485

 3819 3264 248

 3819 248 1484

 3818 3265 247

 3818 247 1483

 3817 3266 246

 3817 246 1482

 3816 3268 244

 3816 244 1481

 3815 3269 243

 3815 243 1480

 3814 3270 242

 3814 242 1479

 3813 3271 241

 3813 241 1478

 3812 3272 240

 3812 240 1477

 3811 3273 239

 3811 239 1476

 3810 3274 238

 3810 238 1475

 3809 3275 237

 3809 237 1474

 3808 3276 236

 3808 236 1473

 3807 3277 235

 3807 235 1472

 3806 3278 234

 3806 234 1471

 3805 3279 233

 3805 233 1470

 3804 3280 232

 3804 232 1469

 3803 3281 231

 3803 231 1468

 3802 3283 228

 3802 228 1466

 3801 3284 227

 3801 227 1465

 3800 3285 226

 3800 226 1464

 3799 3286 225

 3799 225 1463

 3798 3287 224

 3798 224 1462

 3797 3288 223

 3797 223 1461

 3796 3289 222

 3796 222 1460

 3795 3290 221

 3795 221 1459

 3794 3291 220

 3794 220 1458

 3793 3292 219

 3793 219 1457

 3792 3293 218

 3792 218 1456

 3791 3294 217

 3791 217 1455

 3790 3295 216

 3790 216 1454

 3789 3296 215

 3789 215 1453

 3788 3297 214

 3788 214 1452

 3787 3298 213

 3787 213 1451

 3786 3299 212

 3786 212 1450

 3785 3300 211

 3785 211 1449

 3784 3301 210

 3784 210 1448

 3783 3302 209

 3783 209 1447

 3782 3303 208

 3782 208 1446

 3781 3305 204

 3781 204 1443

 3780 3306 203

 3780 203 1442

 3779 3307 202

 3779 202 1441

 3778 3308 201

 3778 201 1440

 3777 3310 199

 3777 199 1438

 3776 3311 198

 3776 198 1437

 3775 3312 197

 3775 197 1436

 3774 3313 196

 3774 196 1435

 3773 3314 195

 3773 195 1434

 3772 3315 194

 3772 194 1433

 3771 3316 193

 3771 193 1432

 3770 3317 192

 3770 192 1431

 3769 3318 191

 3769 191 1430

 3768 3319 190

 3768 190 1429

 3767 3320 189

 3767 189 1428

 3766 3321 188

 3766 188 1427

 3765 3322 187

 3765 187 1426

 3764 3323 186

 3764 186 1425

 3763 3324 185

 3763 185 1424

 3762 3326 183

 3762 183 1423

 3761 3327 182

 3761 182 1422

 3760 3328 181

 3760 181 1421

 3759 3329 180

 3759 180 1420

 3758 3330 179

 3758 179 1419

 3757 3331 178

 3757 178 1418

 3756 3332 177

 3756 177 1417

 3755 3333 176

 3755 176 1416

 3754 3334 175

 3754 175 1415

 3753 3335 174

 3753 174 1414

 3752 3336 173

 3752 173 1413

 3751 3337 172

 3751 172 1412

 3750 3338 171

 3750 171 1411

 3749 3339 170

 3749 170 1410

 3748 3340 169

 3748 169 1409

 3747 3341 168

 3747 168 1408

 3746 3342 167

 3746 167 1407

 3745 3343 166

 3745 166 1406

 3744 3344 165

 3744 165 1405

 3743 3345 164

 3743 164 1404

 3742 3347 162

 3742 162 1403

 3741 3348 161

 3741 161 1402

 3740 3349 160

 3740 160 1401

 3739 3350 159

 3739 159 1400

 3738 3351 158

 3738 158 1399

 3737 3352 157

 3737 157 1398

 3736 3353 156

 3736 156 1397

 3735 3354 155

 3735 155 1396

 3734 3355 154

 3734 154 1395

 3733 3356 153

 3733 153 1394

 3732 3357 152

 3732 152 1393

 3731 3358 151

 3731 151 1392

 3729 3360 148

 3729 148 1389

 3728 3361 147

 3728 147 1388

 3727 3362 146

 3727 146 1387

 3726 3363 145

 3726 145 1386

 3725 3364 144

 3725 144 1385

 3724 3365 143

 3724 143 1384

 3723 3366 142

 3723 142 1383

 3722 3367 141

 3722 141 1382

 3721 3369 139

 3721 139 1381

 3720 3370 138

 3720 138 1380

 3719 3371 137

 3719 137 1379

 3718 3372 136

 3718 136 1378

 3717 3373 135

 3717 135 1377

 3716 3374 134

 3716 134 1376

 3715 3375 133

 3715 133 1375

 3714 3376 132

 3714 132 1374

 3713 3377 131

 3713 131 1373

 3712 3378 130

 3712 130 1372

 3711 3379 129

 3711 129 1371

 3710 3380 128

 3710 128 1370

 3709 3381 127

 3709 127 1369

 3708 3382 126

 3708 126 1368

 3707 3383 125

 3707 125 1367

 3706 3384 124

 3706 124 1366

 3705 3385 123

 3705 123 1365

 3704 3386 122

 3704 122 1364

 3703 3387 121

 3703 121 1363

 3702 3388 120

 3702 120 1362

 3701 3389 119

 3701 119 1361

 3700 3390 118

 3700 118 1360

 3699 3391 117

 3699 117 1359

 3698 3392 116

 3698 116 1358

 3697 3394 114

 3697 114 1357

 3696 3395 113

 3696 113 1356

 3695 3396 112

 3695 112 1355

 3694 3397 111

 3694 111 1354

 3693 3398 110

 3693 110 1353

 3692 3399 109

 3692 109 1352

 3691 3400 108

 3691 108 1351

 3690 3401 107

 3690 107 1350

 3689 3402 106

 3689 106 1349

 3688 3403 105

 3688 105 1348

 3687 3404 104

 3687 104 1347

 3686 3405 103

 3686 103 1346

 3685 3406 102

 3685 102 1345

 3684 3407 101

 3684 101 1344

 3683 3408 100

 3683 100 1343

 3682 3409 99

 3682 99 1342

 3681 3410 98

 3681 98 1341

 3680 3411 97

 3680 97 1340

 3679 3412 96

 3679 96 1339

 3678 3413 95

 3678 95 1338

 3677 3414 94

 3677 94 1337

 3676 3416 88

 3676 88 1332

 3675 3417 87

 3675 87 1331

 3674 3418 86

 3674 86 1330

 3673 3419 85

 3673 85 1329

 3672 3420 84

 3672 84 1328

 3671 3421 83

 3671 83 1327

 3670 3422 82

 3670 82 1326

 3669 3424 75

 3669 75 1319

 3668 3425 74

 3668 74 1318

 3667 3426 73

 3667 73 1317

 3666 3427 72

 3666 72 1316

 3665 3428 71

 3665 71 1315

 3664 3429 70

 3664 70 1314

 3663 3430 69

 3663 69 1313

 3662 3432 64

 3662 64 1309

 3661 3433 63

 3661 63 1308

 3660 3434 62

 3660 62 1307

 3659 3435 61

 3659 61 1306

 3658 3436 60

 3658 60 1305

 3657 3437 59

 3657 59 1304

 3656 3439 55

 3656 55 1301

 3655 3440 54

 3655 54 1300

 3654 3441 53

 3654 53 1299

 3653 3442 52

 3653 52 1298

 3652 3444 48

 3652 48 1295

 3651 3445 47

 3651 47 1294

 3650 3446 46

 3650 46 1293

 3649 3448 41

 3649 41 1289

 3648 3449 40

 3648 40 1288

 3647 3450 39

 3647 39 1287

 3646 3451 38

 3646 38 1286

 3645 3453 32

 3645 32 1282

 3644 3454 31

 3644 31 1281

 3643 3455 30

 3643 30 1280

 3642 3456 29

 3642 29 1279

 3641 3457 28

 3641 28 1278

 3640 3458 27

 3640 27 1277

 3639 3459 26

 3639 26 1276

 3638 3461 23

 3638 23 1274

 3637 3462 22

 3637 22 1273

 3636 3463 21

 3636 21 1272

 5419 3463 5417

 3635 3465 18

 3635 18 1269

 3634 3467 15

 3634 15 1267

 3633 3468 14

 3633 14 1266

 5417 14 3468

 21 5419 5426

 3630 3471 12

 3630 12 1265

 3629 3508 1183

 3629 1183 3472

 3628 3509 1184

 3628 1184 3473

 3627 3510 1185

 3627 1185 3474

 3623 3514 1199

 3623 1199 3500

 3622 3516 1200

 3622 1200 3501

 3621 3515 1198

 3621 1198 3482

 3620 3513 1201

 3620 1201 3483

 3618 3507 1188

 3618 1188 3477

 3617 3503 1196

 3617 1196 3481

 3616 3505 1192

 3616 1192 3479

 3615 3501 1200

 3615 1200 3483

 3614 3497 1208

 3614 1208 3487

 3613 3499 1206

 3613 1206 3486

 3612 3495 1212

 3612 1212 3489

 3611 3493 1216

 3611 1216 3491

 3610 3520 1220

 3610 1220 3518

 3609 3553 1258

 3609 1258 3551

 3608 3554 1257

 3608 1257 3550

 3607 3555 1256

 3607 1256 3549

 3606 3556 1255

 3606 1255 3548

 3605 3558 1253

 3605 1253 3547

 3604 3559 1252

 3604 1252 3546

 3603 3560 1251

 3603 1251 3545

 3602 3561 1250

 3602 1250 3544

 3601 3562 1249

 3601 1249 3543

 3600 3564 1247

 3600 1247 3542

 3599 3565 1246

 3599 1246 3541

 3598 3566 1245

 3598 1245 3540

 3597 3567 1244

 3597 1244 3539

 3596 3568 1243

 3596 1243 3538

 3595 3570 1241

 3595 1241 3537

 3594 3571 1240

 3594 1240 3536

 3593 3572 1239

 3593 1239 3535

 3592 3573 1238

 3592 1238 3534

 3591 3575 1235

 3591 1235 3532

 3590 3576 1234

 3590 1234 3531

 3589 3577 1233

 3589 1233 3530

 3588 3578 1232

 3588 1232 3529

 3587 3580 1230

 3587 1230 3528

 3586 3581 1229

 3586 1229 3527

 3585 3582 1228

 3585 1228 3526

 3584 3583 1227

 3584 1227 3525

 3582 3584 3525

 3582 3525 1228

 1223 3521 3584

 1223 3584 3582

 3521 1222 3583

 3521 3583 3584

 3581 3585 3526

 3581 3526 1229

 1224 3522 3585

 1224 3585 3581

 3522 1223 3582

 3522 3582 3585

 3580 3586 3527

 3580 3527 1230

 1225 3523 3586

 1225 3586 3580

 3523 1224 3581

 3523 3581 3586

 3579 3587 3528

 3579 3528 1231

 1226 3524 3587

 1226 3587 3579

 3524 1225 3580

 3524 3580 3587

 3577 3588 3529

 3577 3529 1233

 1228 3525 3588

 1228 3588 3577

 3525 1227 3578

 3525 3578 3588

 3576 3589 3530

 3576 3530 1234

 1229 3526 3589

 1229 3589 3576

 3526 1228 3577

 3526 3577 3589

 3575 3590 3531

 3575 3531 1235

 1230 3527 3590

 1230 3590 3575

 3527 1229 3576

 3527 3576 3590

 3574 3591 3532

 3574 3532 1236

 1231 3528 3591

 1231 3591 3574

 3528 1230 3575

 3528 3575 3591

 3572 3592 3534

 3572 3534 1239

 1233 3529 3592

 1233 3592 3572

 3529 1232 3573

 3529 3573 3592

 3571 3593 3535

 3571 3535 1240

 1234 3530 3593

 1234 3593 3571

 3530 1233 3572

 3530 3572 3593

 3570 3594 3536

 3570 3536 1241

 1235 3531 3594

 1235 3594 3570

 3531 1234 3571

 3531 3571 3594

 3569 3595 3537

 3569 3537 1242

 1236 3532 3595

 1236 3595 3569

 3532 1235 3570

 3532 3570 3595

 3567 3596 3538

 3567 3538 1244

 1238 3533 3596

 1238 3596 3567

 3533 1237 3568

 3533 3568 3596

 3566 3597 3539

 3566 3539 1245

 1239 3534 3597

 1239 3597 3566

 3534 1238 3567

 3534 3567 3597

 3565 3598 3540

 3565 3540 1246

 1240 3535 3598

 1240 3598 3565

 3535 1239 3566

 3535 3566 3598

 3564 3599 3541

 3564 3541 1247

 1241 3536 3599

 1241 3599 3564

 3536 1240 3565

 3536 3565 3599

 3563 3600 3542

 3563 3542 1248

 1242 3537 3600

 1242 3600 3563

 3537 1241 3564

 3537 3564 3600

 3561 3601 3543

 3561 3543 1250

 1244 3538 3601

 1244 3601 3561

 3538 1243 3562

 3538 3562 3601

 3560 3602 3544

 3560 3544 1251

 1245 3539 3602

 1245 3602 3560

 3539 1244 3561

 3539 3561 3602

 3559 3603 3545

 3559 3545 1252

 1246 3540 3603

 1246 3603 3559

 3540 1245 3560

 3540 3560 3603

 3558 3604 3546

 3558 3546 1253

 1247 3541 3604

 1247 3604 3558

 3541 1246 3559

 3541 3559 3604

 3557 3605 3547

 3557 3547 1254

 1248 3542 3605

 1248 3605 3557

 3542 1247 3558

 3542 3558 3605

 3555 3606 3548

 3555 3548 1256

 1250 3543 3606

 1250 3606 3555

 3543 1249 3556

 3543 3556 3606

 3554 3607 3549

 3554 3549 1257

 1251 3544 3607

 1251 3607 3554

 3544 1250 3555

 3544 3555 3607

 3553 3608 3550

 3553 3550 1258

 1252 3545 3608

 1252 3608 3553

 3545 1251 3554

 3545 3554 3608

 3552 3609 3551

 3552 3551 1259

 1253 3546 3609

 1253 3609 3552

 3546 1252 3553

 3546 3553 3609

 3519 3610 3518

 3519 3518 1221

 1219 3517 3610

 1219 3610 3519

 3517 1218 3520

 3517 3520 3610

 3492 3611 3491

 3492 3491 1217

 1215 3490 3611

 1215 3611 3492

 3490 1214 3493

 3490 3493 3611

 3494 3612 3489

 3494 3489 1213

 1211 3488 3612

 1211 3612 3494

 3488 1210 3495

 3488 3495 3612

 3498 3613 3486

 3498 3486 1207

 1203 3484 3613

 1203 3613 3498

 3484 1202 3499

 3484 3499 3613

 3496 3614 3487

 3496 3487 1209

 1205 3485 3614

 1205 3614 3496

 3485 1204 3497

 3485 3497 3614

 3500 3615 3483

 3500 3483 1201

 1199 3482 3615

 1199 3615 3500

 3482 1198 3501

 3482 3501 3615

 3504 3616 3479

 3504 3479 1193

 1191 3478 3616

 1191 3616 3504

 3478 1190 3505

 3478 3505 3616

 3502 3617 3481

 3502 3481 1197

 1195 3480 3617

 1195 3617 3502

 3480 1194 3503

 3480 3503 3617

 3506 3618 3477

 3506 3477 1189

 1187 3476 3618

 1187 3618 3506

 3476 1186 3507

 3476 3507 3618

 3368 140 3512

 3368 3512 3619

 3516 3620 3483

 3516 3483 1200

 584 1805 3620

 584 3620 3516

 1805 585 3513

 1805 3513 3620

 3514 3621 3482

 3514 3482 1199

 556 1779 3621

 556 3621 3514

 1779 555 3515

 1779 3515 3621

 3515 3622 3501

 3515 3501 1198

 555 2941 3622

 555 3622 3515

 2941 584 3516

 2941 3516 3622

 3513 3623 3500

 3513 3500 1201

 585 2940 3623

 585 3623 3513

 2940 556 3514

 2940 3514 3623

 140 1381 3624

 140 3624 3512

 1381 139 3511

 1381 3511 3624

 139 1380 3625

 139 3625 3511

 3510 3626 3475

 3510 3475 1185

 79 1323 3626

 79 3626 3510

 3509 3627 3474

 3509 3474 1184

 78 1322 3627

 78 3627 3509

 1322 79 3510

 1322 3510 3627

 3508 3628 3473

 3508 3473 1183

 77 1321 3628

 77 3628 3508

 1321 78 3509

 1321 3509 3628

 1320 77 3508

 1320 3508 3629

 3470 3630 1265

 3470 1265 13

 7 1260 3630

 7 3630 3470

 1260 6 3471

 1260 3471 3630

 5429 3632 5433

 8 1261 3631

 8 3631 3469

 1261 7 3470

 1261 3470 3631

 5433 3469 5434

 9 1262 3632

 9 3632 3468

 1262 8 3469

 1262 3469 3632

 3467 3633 1266

 3467 1266 15

 10 1263 3633

 10 3633 3467

 1263 9 3468

 1263 3468 3633

 3466 3634 1267

 3466 1267 16

 11 1264 3634

 11 3634 3466

 1264 10 3467

 1264 3467 3634

 3464 3635 1269

 3464 1269 19

 13 1265 3635

 13 3635 3464

 1265 12 3465

 1265 3465 3635

 5434 3469 3631

 3470 5421 3631

 5421 3470 13

 5423 13 3464

 5423 3464 19

 5423 1270 5425

 3462 3636 1272

 3462 1272 22

 15 1266 3636

 15 3636 3462

 1266 14 3463

 1266 3463 3636

 3461 3637 1273

 3461 1273 23

 16 1267 3637

 16 3637 3461

 1267 15 3462

 1267 3462 3637

 3460 3638 1274

 3460 1274 24

 17 1268 3638

 17 3638 3460

 1268 16 3461

 1268 3461 3638

 3458 3639 1276

 3458 1276 27

 19 1269 3639

 19 3639 3458

 1269 18 3459

 1269 3459 3639

 3457 3640 1277

 3457 1277 28

 20 1270 3640

 20 3640 3457

 1270 19 3458

 1270 3458 3640

 3456 3641 1278

 3456 1278 29

 21 1271 3641

 21 3641 3456

 1271 20 3457

 1271 3457 3641

 3455 3642 1279

 3455 1279 30

 22 1272 3642

 22 3642 3455

 1272 21 3456

 1272 3456 3642

 3454 3643 1280

 3454 1280 31

 23 1273 3643

 23 3643 3454

 1273 22 3455

 1273 3455 3643

 3453 3644 1281

 3453 1281 32

 24 1274 3644

 24 3644 3453

 1274 23 3454

 1274 3454 3644

 3452 3645 1282

 3452 1282 33

 25 1275 3645

 25 3645 3452

 1275 24 3453

 1275 3453 3645

 3450 3646 1286

 3450 1286 39

 30 1279 3646

 30 3646 3450

 1279 29 3451

 1279 3451 3646

 3449 3647 1287

 3449 1287 40

 31 1280 3647

 31 3647 3449

 1280 30 3450

 1280 3450 3647

 3448 3648 1288

 3448 1288 41

 32 1281 3648

 32 3648 3448

 1281 31 3449

 1281 3449 3648

 3447 3649 1289

 3447 1289 42

 33 1282 3649

 33 3649 3447

 1282 32 3448

 1282 3448 3649

 3445 3650 1293

 3445 1293 47

 35 1283 3650

 35 3650 3445

 1283 34 3446

 1283 3446 3650

 3444 3651 1294

 3444 1294 48

 36 1284 3651

 36 3651 3444

 1284 35 3445

 1284 3445 3651

 3443 3652 1295

 3443 1295 49

 37 1285 3652

 37 3652 3443

 1285 36 3444

 1285 3444 3652

 3441 3653 1298

 3441 1298 53

 39 1286 3653

 39 3653 3441

 1286 38 3442

 1286 3442 3653

 3440 3654 1299

 3440 1299 54

 40 1287 3654

 40 3654 3440

 1287 39 3441

 1287 3441 3654

 3439 3655 1300

 3439 1300 55

 41 1288 3655

 41 3655 3439

 1288 40 3440

 1288 3440 3655

 3438 3656 1301

 3438 1301 56

 42 1289 3656

 42 3656 3438

 1289 41 3439

 1289 3439 3656

 3436 3657 1304

 3436 1304 60

 44 1290 3657

 44 3657 3436

 1290 43 3437

 1290 3437 3657

 3435 3658 1305

 3435 1305 61

 45 1291 3658

 45 3658 3435

 1291 44 3436

 1291 3436 3658

 3434 3659 1306

 3434 1306 62

 46 1292 3659

 46 3659 3434

 1292 45 3435

 1292 3435 3659

 3433 3660 1307

 3433 1307 63

 47 1293 3660

 47 3660 3433

 1293 46 3434

 1293 3434 3660

 3432 3661 1308

 3432 1308 64

 48 1294 3661

 48 3661 3432

 1294 47 3433

 1294 3433 3661

 3431 3662 1309

 3431 1309 65

 49 1295 3662

 49 3662 3431

 1295 48 3432

 1295 3432 3662

 3429 3663 1313

 3429 1313 70

 51 1296 3663

 51 3663 3429

 1296 50 3430

 1296 3430 3663

 3428 3664 1314

 3428 1314 71

 52 1297 3664

 52 3664 3428

 1297 51 3429

 1297 3429 3664

 3427 3665 1315

 3427 1315 72

 53 1298 3665

 53 3665 3427

 1298 52 3428

 1298 3428 3665

 3426 3666 1316

 3426 1316 73

 54 1299 3666

 54 3666 3426

 1299 53 3427

 1299 3427 3666

 3425 3667 1317

 3425 1317 74

 55 1300 3667

 55 3667 3425

 1300 54 3426

 1300 3426 3667

 3424 3668 1318

 3424 1318 75

 56 1301 3668

 56 3668 3424

 1301 55 3425

 1301 3425 3668

 3423 3669 1319

 3423 1319 76

 57 1302 3669

 57 3669 3423

 1302 56 3424

 1302 3424 3669

 3421 3670 1326

 3421 1326 83

 59 1303 3670

 59 3670 3421

 1303 58 3422

 1303 3422 3670

 3420 3671 1327

 3420 1327 84

 60 1304 3671

 60 3671 3420

 1304 59 3421

 1304 3421 3671

 3419 3672 1328

 3419 1328 85

 61 1305 3672

 61 3672 3419

 1305 60 3420

 1305 3420 3672

 3418 3673 1329

 3418 1329 86

 62 1306 3673

 62 3673 3418

 1306 61 3419

 1306 3419 3673

 3417 3674 1330

 3417 1330 87

 63 1307 3674

 63 3674 3417

 1307 62 3418

 1307 3418 3674

 3416 3675 1331

 3416 1331 88

 64 1308 3675

 64 3675 3416

 1308 63 3417

 1308 3417 3675

 3415 3676 1332

 3415 1332 89

 65 1309 3676

 65 3676 3415

 1309 64 3416

 1309 3416 3676

 3413 3677 1337

 3413 1337 95

 67 1310 3677

 67 3677 3413

 1310 66 3414

 1310 3414 3677

 3412 3678 1338

 3412 1338 96

 68 1311 3678

 68 3678 3412

 1311 67 3413

 1311 3413 3678

 3411 3679 1339

 3411 1339 97

 69 1312 3679

 69 3679 3411

 1312 68 3412

 1312 3412 3679

 3410 3680 1340

 3410 1340 98

 70 1313 3680

 70 3680 3410

 1313 69 3411

 1313 3411 3680

 3409 3681 1341

 3409 1341 99

 71 1314 3681

 71 3681 3409

 1314 70 3410

 1314 3410 3681

 3408 3682 1342

 3408 1342 100

 72 1315 3682

 72 3682 3408

 1315 71 3409

 1315 3409 3682

 3407 3683 1343

 3407 1343 101

 73 1316 3683

 73 3683 3407

 1316 72 3408

 1316 3408 3683

 3406 3684 1344

 3406 1344 102

 74 1317 3684

 74 3684 3406

 1317 73 3407

 1317 3407 3684

 3405 3685 1345

 3405 1345 103

 75 1318 3685

 75 3685 3405

 1318 74 3406

 1318 3406 3685

 3404 3686 1346

 3404 1346 104

 76 1319 3686

 76 3686 3404

 1319 75 3405

 1319 3405 3686

 3403 3687 1347

 3403 1347 105

 77 1320 3687

 77 3687 3403

 1320 76 3404

 1320 3404 3687

 3402 3688 1348

 3402 1348 106

 78 1321 3688

 78 3688 3402

 1321 77 3403

 1321 3403 3688

 3401 3689 1349

 3401 1349 107

 79 1322 3689

 79 3689 3401

 1322 78 3402

 1322 3402 3689

 3400 3690 1350

 3400 1350 108

 80 1323 3690

 80 3690 3400

 1323 79 3401

 1323 3401 3690

 3399 3691 1351

 3399 1351 109

 1324 80 3400

 1324 3400 3691

 3398 3692 1352

 3398 1352 110

 82 1325 3692

 82 3692 3398

 1325 81 3399

 1325 3399 3692

 3397 3693 1353

 3397 1353 111

 83 1326 3693

 83 3693 3397

 1326 82 3398

 1326 3398 3693

 3396 3694 1354

 3396 1354 112

 84 1327 3694

 84 3694 3396

 1327 83 3397

 1327 3397 3694

 3395 3695 1355

 3395 1355 113

 85 1328 3695

 85 3695 3395

 1328 84 3396

 1328 3396 3695

 3394 3696 1356

 3394 1356 114

 86 1329 3696

 86 3696 3394

 1329 85 3395

 1329 3395 3696

 3393 3697 1357

 3393 1357 115

 87 1330 3697

 87 3697 3393

 1330 86 3394

 1330 3394 3697

 3391 3698 1358

 3391 1358 117

 91 1333 3698

 91 3698 3391

 1333 90 3392

 1333 3392 3698

 3390 3699 1359

 3390 1359 118

 92 1334 3699

 92 3699 3390

 1334 91 3391

 1334 3391 3699

 3389 3700 1360

 3389 1360 119

 93 1335 3700

 93 3700 3389

 1335 92 3390

 1335 3390 3700

 3388 3701 1361

 3388 1361 120

 94 1336 3701

 94 3701 3388

 1336 93 3389

 1336 3389 3701

 3387 3702 1362

 3387 1362 121

 95 1337 3702

 95 3702 3387

 1337 94 3388

 1337 3388 3702

 3386 3703 1363

 3386 1363 122

 96 1338 3703

 96 3703 3386

 1338 95 3387

 1338 3387 3703

 3385 3704 1364

 3385 1364 123

 97 1339 3704

 97 3704 3385

 1339 96 3386

 1339 3386 3704

 3384 3705 1365

 3384 1365 124

 98 1340 3705

 98 3705 3384

 1340 97 3385

 1340 3385 3705

 3383 3706 1366

 3383 1366 125

 99 1341 3706

 99 3706 3383

 1341 98 3384

 1341 3384 3706

 3382 3707 1367

 3382 1367 126

 100 1342 3707

 100 3707 3382

 1342 99 3383

 1342 3383 3707

 3381 3708 1368

 3381 1368 127

 101 1343 3708

 101 3708 3381

 1343 100 3382

 1343 3382 3708

 3380 3709 1369

 3380 1369 128

 102 1344 3709

 102 3709 3380

 1344 101 3381

 1344 3381 3709

 3379 3710 1370

 3379 1370 129

 103 1345 3710

 103 3710 3379

 1345 102 3380

 1345 3380 3710

 3378 3711 1371

 3378 1371 130

 104 1346 3711

 104 3711 3378

 1346 103 3379

 1346 3379 3711

 3377 3712 1372

 3377 1372 131

 105 1347 3712

 105 3712 3377

 1347 104 3378

 1347 3378 3712

 3376 3713 1373

 3376 1373 132

 106 1348 3713

 106 3713 3376

 1348 105 3377

 1348 3377 3713

 3375 3714 1374

 3375 1374 133

 107 1349 3714

 107 3714 3375

 1349 106 3376

 1349 3376 3714

 3374 3715 1375

 3374 1375 134

 108 1350 3715

 108 3715 3374

 1350 107 3375

 1350 3375 3715

 3373 3716 1376

 3373 1376 135

 109 1351 3716

 109 3716 3373

 1351 108 3374

 1351 3374 3716

 3372 3717 1377

 3372 1377 136

 110 1352 3717

 110 3717 3372

 1352 109 3373

 1352 3373 3717

 3371 3718 1378

 3371 1378 137

 111 1353 3718

 111 3718 3371

 1353 110 3372

 1353 3372 3718

 3370 3719 1379

 3370 1379 138

 112 1354 3719

 112 3719 3370

 1354 111 3371

 1354 3371 3719

 3369 3720 1380

 3369 1380 139

 113 1355 3720

 113 3720 3369

 1355 112 3370

 1355 3370 3720

 3368 3721 1381

 3368 1381 140

 114 1356 3721

 114 3721 3368

 1356 113 3369

 1356 3369 3721

 3366 3722 1382

 3366 1382 142

 117 1358 3722

 117 3722 3366

 1358 116 3367

 1358 3367 3722

 3365 3723 1383

 3365 1383 143

 118 1359 3723

 118 3723 3365

 1359 117 3366

 1359 3366 3723

 3364 3724 1384

 3364 1384 144

 119 1360 3724

 119 3724 3364

 1360 118 3365

 1360 3365 3724

 3363 3725 1385

 3363 1385 145

 120 1361 3725

 120 3725 3363

 1361 119 3364

 1361 3364 3725

 3362 3726 1386

 3362 1386 146

 121 1362 3726

 121 3726 3362

 1362 120 3363

 1362 3363 3726

 3361 3727 1387

 3361 1387 147

 122 1363 3727

 122 3727 3361

 1363 121 3362

 1363 3362 3727

 3360 3728 1388

 3360 1388 148

 123 1364 3728

 123 3728 3360

 1364 122 3361

 1364 3361 3728

 3359 3729 1389

 3359 1389 149

 124 1365 3729

 124 3729 3359

 1365 123 3360

 1365 3360 3729

 3358 3730 1391

 3358 1391 151

 126 1367 3730

 126 3730 3358

 3357 3731 1392

 3357 1392 152

 127 1368 3731

 127 3731 3357

 1368 126 3358

 1368 3358 3731

 3356 3732 1393

 3356 1393 153

 128 1369 3732

 128 3732 3356

 1369 127 3357

 1369 3357 3732

 3355 3733 1394

 3355 1394 154

 129 1370 3733

 129 3733 3355

 1370 128 3356

 1370 3356 3733

 3354 3734 1395

 3354 1395 155

 130 1371 3734

 130 3734 3354

 1371 129 3355

 1371 3355 3734

 3353 3735 1396

 3353 1396 156

 131 1372 3735

 131 3735 3353

 1372 130 3354

 1372 3354 3735

 3352 3736 1397

 3352 1397 157

 132 1373 3736

 132 3736 3352

 1373 131 3353

 1373 3353 3736

 3351 3737 1398

 3351 1398 158

 133 1374 3737

 133 3737 3351

 1374 132 3352

 1374 3352 3737

 3350 3738 1399

 3350 1399 159

 134 1375 3738

 134 3738 3350

 1375 133 3351

 1375 3351 3738

 3349 3739 1400

 3349 1400 160

 135 1376 3739

 135 3739 3349

 1376 134 3350

 1376 3350 3739

 3348 3740 1401

 3348 1401 161

 136 1377 3740

 136 3740 3348

 1377 135 3349

 1377 3349 3740

 3347 3741 1402

 3347 1402 162

 137 1378 3741

 137 3741 3347

 1378 136 3348

 1378 3348 3741

 3346 3742 1403

 3346 1403 163

 138 1379 3742

 138 3742 3346

 1379 137 3347

 1379 3347 3742

 3344 3743 1404

 3344 1404 165

 142 1382 3743

 142 3743 3344

 1382 141 3345

 1382 3345 3743

 3343 3744 1405

 3343 1405 166

 143 1383 3744

 143 3744 3343

 1383 142 3344

 1383 3344 3744

 3342 3745 1406

 3342 1406 167

 144 1384 3745

 144 3745 3342

 1384 143 3343

 1384 3343 3745

 3341 3746 1407

 3341 1407 168

 145 1385 3746

 145 3746 3341

 1385 144 3342

 1385 3342 3746

 3340 3747 1408

 3340 1408 169

 146 1386 3747

 146 3747 3340

 1386 145 3341

 1386 3341 3747

 3339 3748 1409

 3339 1409 170

 147 1387 3748

 147 3748 3339

 1387 146 3340

 1387 3340 3748

 3338 3749 1410

 3338 1410 171

 148 1388 3749

 148 3749 3338

 1388 147 3339

 1388 3339 3749

 3337 3750 1411

 3337 1411 172

 149 1389 3750

 149 3750 3337

 1389 148 3338

 1389 3338 3750

 3336 3751 1412

 3336 1412 173

 150 1390 3751

 150 3751 3336

 1390 149 3337

 1390 3337 3751

 3335 3752 1413

 3335 1413 174

 151 1391 3752

 151 3752 3335

 1391 150 3336

 1391 3336 3752

 3334 3753 1414

 3334 1414 175

 152 1392 3753

 152 3753 3334

 1392 151 3335

 1392 3335 3753

 3333 3754 1415

 3333 1415 176

 153 1393 3754

 153 3754 3333

 1393 152 3334

 1393 3334 3754

 3332 3755 1416

 3332 1416 177

 154 1394 3755

 154 3755 3332

 1394 153 3333

 1394 3333 3755

 3331 3756 1417

 3331 1417 178

 155 1395 3756

 155 3756 3331

 1395 154 3332

 1395 3332 3756

 3330 3757 1418

 3330 1418 179

 156 1396 3757

 156 3757 3330

 1396 155 3331

 1396 3331 3757

 3329 3758 1419

 3329 1419 180

 157 1397 3758

 157 3758 3329

 1397 156 3330

 1397 3330 3758

 3328 3759 1420

 3328 1420 181

 158 1398 3759

 158 3759 3328

 1398 157 3329

 1398 3329 3759

 3327 3760 1421

 3327 1421 182

 159 1399 3760

 159 3760 3327

 1399 158 3328

 1399 3328 3760

 3326 3761 1422

 3326 1422 183

 160 1400 3761

 160 3761 3326

 1400 159 3327

 1400 3327 3761

 3325 3762 1423

 3325 1423 184

 161 1401 3762

 161 3762 3325

 1401 160 3326

 1401 3326 3762

 3323 3763 1424

 3323 1424 186

 165 1404 3763

 165 3763 3323

 1404 164 3324

 1404 3324 3763

 3322 3764 1425

 3322 1425 187

 166 1405 3764

 166 3764 3322

 1405 165 3323

 1405 3323 3764

 3321 3765 1426

 3321 1426 188

 167 1406 3765

 167 3765 3321

 1406 166 3322

 1406 3322 3765

 3320 3766 1427

 3320 1427 189

 168 1407 3766

 168 3766 3320

 1407 167 3321

 1407 3321 3766

 3319 3767 1428

 3319 1428 190

 169 1408 3767

 169 3767 3319

 1408 168 3320

 1408 3320 3767

 3318 3768 1429

 3318 1429 191

 170 1409 3768

 170 3768 3318

 1409 169 3319

 1409 3319 3768

 3317 3769 1430

 3317 1430 192

 171 1410 3769

 171 3769 3317

 1410 170 3318

 1410 3318 3769

 3316 3770 1431

 3316 1431 193

 172 1411 3770

 172 3770 3316

 1411 171 3317

 1411 3317 3770

 3315 3771 1432

 3315 1432 194

 173 1412 3771

 173 3771 3315

 1412 172 3316

 1412 3316 3771

 3314 3772 1433

 3314 1433 195

 174 1413 3772

 174 3772 3314

 1413 173 3315

 1413 3315 3772

 3313 3773 1434

 3313 1434 196

 175 1414 3773

 175 3773 3313

 1414 174 3314

 1414 3314 3773

 3312 3774 1435

 3312 1435 197

 176 1415 3774

 176 3774 3312

 1415 175 3313

 1415 3313 3774

 3311 3775 1436

 3311 1436 198

 177 1416 3775

 177 3775 3311

 1416 176 3312

 1416 3312 3775

 3310 3776 1437

 3310 1437 199

 178 1417 3776

 178 3776 3310

 1417 177 3311

 1417 3311 3776

 3309 3777 1438

 3309 1438 200

 179 1418 3777

 179 3777 3309

 1418 178 3310

 1418 3310 3777

 3307 3778 1440

 3307 1440 202

 181 1420 3778

 181 3778 3307

 1420 180 3308

 1420 3308 3778

 3306 3779 1441

 3306 1441 203

 182 1421 3779

 182 3779 3306

 1421 181 3307

 1421 3307 3779

 3305 3780 1442

 3305 1442 204

 183 1422 3780

 183 3780 3305

 1422 182 3306

 1422 3306 3780

 3304 3781 1443

 3304 1443 205

 184 1423 3781

 184 3781 3304

 1423 183 3305

 1423 3305 3781

 3302 3782 1446

 3302 1446 209

 186 1424 3782

 186 3782 3302

 1424 185 3303

 1424 3303 3782

 3301 3783 1447

 3301 1447 210

 187 1425 3783

 187 3783 3301

 1425 186 3302

 1425 3302 3783

 3300 3784 1448

 3300 1448 211

 188 1426 3784

 188 3784 3300

 1426 187 3301

 1426 3301 3784

 3299 3785 1449

 3299 1449 212

 189 1427 3785

 189 3785 3299

 1427 188 3300

 1427 3300 3785

 3298 3786 1450

 3298 1450 213

 190 1428 3786

 190 3786 3298

 1428 189 3299

 1428 3299 3786

 3297 3787 1451

 3297 1451 214

 191 1429 3787

 191 3787 3297

 1429 190 3298

 1429 3298 3787

 3296 3788 1452

 3296 1452 215

 192 1430 3788

 192 3788 3296

 1430 191 3297

 1430 3297 3788

 3295 3789 1453

 3295 1453 216

 193 1431 3789

 193 3789 3295

 1431 192 3296

 1431 3296 3789

 3294 3790 1454

 3294 1454 217

 194 1432 3790

 194 3790 3294

 1432 193 3295

 1432 3295 3790

 3293 3791 1455

 3293 1455 218

 195 1433 3791

 195 3791 3293

 1433 194 3294

 1433 3294 3791

 3292 3792 1456

 3292 1456 219

 196 1434 3792

 196 3792 3292

 1434 195 3293

 1434 3293 3792

 3291 3793 1457

 3291 1457 220

 197 1435 3793

 197 3793 3291

 1435 196 3292

 1435 3292 3793

 3290 3794 1458

 3290 1458 221

 198 1436 3794

 198 3794 3290

 1436 197 3291

 1436 3291 3794

 3289 3795 1459

 3289 1459 222

 199 1437 3795

 199 3795 3289

 1437 198 3290

 1437 3290 3795

 3288 3796 1460

 3288 1460 223

 200 1438 3796

 200 3796 3288

 1438 199 3289

 1438 3289 3796

 3287 3797 1461

 3287 1461 224

 201 1439 3797

 201 3797 3287

 1439 200 3288

 1439 3288 3797

 3286 3798 1462

 3286 1462 225

 202 1440 3798

 202 3798 3286

 1440 201 3287

 1440 3287 3798

 3285 3799 1463

 3285 1463 226

 203 1441 3799

 203 3799 3285

 1441 202 3286

 1441 3286 3799

 3284 3800 1464

 3284 1464 227

 204 1442 3800

 204 3800 3284

 1442 203 3285

 1442 3285 3800

 3283 3801 1465

 3283 1465 228

 205 1443 3801

 205 3801 3283

 1443 204 3284

 1443 3284 3801

 3282 3802 1466

 3282 1466 229

 206 1444 3802

 206 3802 3282

 1444 205 3283

 1444 3283 3802

 3280 3803 1468

 3280 1468 232

 208 1445 3803

 208 3803 3280

 1445 207 3281

 1445 3281 3803

 3279 3804 1469

 3279 1469 233

 209 1446 3804

 209 3804 3279

 1446 208 3280

 1446 3280 3804

 3278 3805 1470

 3278 1470 234

 210 1447 3805

 210 3805 3278

 1447 209 3279

 1447 3279 3805

 3277 3806 1471

 3277 1471 235

 211 1448 3806

 211 3806 3277

 1448 210 3278

 1448 3278 3806

 3276 3807 1472

 3276 1472 236

 212 1449 3807

 212 3807 3276

 1449 211 3277

 1449 3277 3807

 3275 3808 1473

 3275 1473 237

 213 1450 3808

 213 3808 3275

 1450 212 3276

 1450 3276 3808

 3274 3809 1474

 3274 1474 238

 214 1451 3809

 214 3809 3274

 1451 213 3275

 1451 3275 3809

 3273 3810 1475

 3273 1475 239

 215 1452 3810

 215 3810 3273

 1452 214 3274

 1452 3274 3810

 3272 3811 1476

 3272 1476 240

 216 1453 3811

 216 3811 3272

 1453 215 3273

 1453 3273 3811

 3271 3812 1477

 3271 1477 241

 217 1454 3812

 217 3812 3271

 1454 216 3272

 1454 3272 3812

 3270 3813 1478

 3270 1478 242

 218 1455 3813

 218 3813 3270

 1455 217 3271

 1455 3271 3813

 3269 3814 1479

 3269 1479 243

 219 1456 3814

 219 3814 3269

 1456 218 3270

 1456 3270 3814

 3268 3815 1480

 3268 1480 244

 220 1457 3815

 220 3815 3268

 1457 219 3269

 1457 3269 3815

 3267 3816 1481

 3267 1481 245

 221 1458 3816

 221 3816 3267

 1458 220 3268

 1458 3268 3816

 3265 3817 1482

 3265 1482 247

 223 1460 3817

 223 3817 3265

 1460 222 3266

 1460 3266 3817

 3264 3818 1483

 3264 1483 248

 224 1461 3818

 224 3818 3264

 1461 223 3265

 1461 3265 3818

 3263 3819 1484

 3263 1484 249

 225 1462 3819

 225 3819 3263

 1462 224 3264

 1462 3264 3819

 3262 3820 1485

 3262 1485 250

 226 1463 3820

 226 3820 3262

 1463 225 3263

 1463 3263 3820

 3261 3821 1486

 3261 1486 251

 227 1464 3821

 227 3821 3261

 1464 226 3262

 1464 3262 3821

 3260 3822 1487

 3260 1487 252

 228 1465 3822

 228 3822 3260

 1465 227 3261

 1465 3261 3822

 3259 3823 1488

 3259 1488 253

 229 1466 3823

 229 3823 3259

 1466 228 3260

 1466 3260 3823

 3258 3824 1489

 3258 1489 254

 230 1467 3824

 230 3824 3258

 1467 229 3259

 1467 3259 3824

 3256 3825 1490

 3256 1490 256

 232 1468 3825

 232 3825 3256

 1468 231 3257

 1468 3257 3825

 3255 3826 1491

 3255 1491 257

 233 1469 3826

 233 3826 3255

 1469 232 3256

 1469 3256 3826

 3254 3827 1492

 3254 1492 258

 234 1470 3827

 234 3827 3254

 1470 233 3255

 1470 3255 3827

 3253 3828 1493

 3253 1493 259

 235 1471 3828

 235 3828 3253

 1471 234 3254

 1471 3254 3828

 3252 3829 1494

 3252 1494 260

 236 1472 3829

 236 3829 3252

 1472 235 3253

 1472 3253 3829

 3251 3830 1495

 3251 1495 261

 237 1473 3830

 237 3830 3251

 1473 236 3252

 1473 3252 3830

 3250 3831 1496

 3250 1496 262

 238 1474 3831

 238 3831 3250

 1474 237 3251

 1474 3251 3831

 3249 3832 1497

 3249 1497 263

 239 1475 3832

 239 3832 3249

 1475 238 3250

 1475 3250 3832

 3248 3833 1498

 3248 1498 264

 240 1476 3833

 240 3833 3248

 1476 239 3249

 1476 3249 3833

 3247 3834 1499

 3247 1499 265

 241 1477 3834

 241 3834 3247

 1477 240 3248

 1477 3248 3834

 3246 3835 1500

 3246 1500 266

 242 1478 3835

 242 3835 3246

 1478 241 3247

 1478 3247 3835

 3245 3836 1501

 3245 1501 267

 243 1479 3836

 243 3836 3245

 1479 242 3246

 1479 3246 3836

 3244 3837 1502

 3244 1502 268

 244 1480 3837

 244 3837 3244

 1480 243 3245

 1480 3245 3837

 3243 3838 1503

 3243 1503 269

 245 1481 3838

 245 3838 3243

 1481 244 3244

 1481 3244 3838

 3241 3839 1505

 3241 1505 271

 247 1482 3839

 247 3839 3241

 1482 246 3242

 1482 3242 3839

 3240 3840 1506

 3240 1506 272

 248 1483 3840

 248 3840 3240

 1483 247 3241

 1483 3241 3840

 3239 3841 1507

 3239 1507 273

 249 1484 3841

 249 3841 3239

 1484 248 3240

 1484 3240 3841

 3238 3842 1508

 3238 1508 274

 250 1485 3842

 250 3842 3238

 1485 249 3239

 1485 3239 3842

 3237 3843 1509

 3237 1509 275

 251 1486 3843

 251 3843 3237

 1486 250 3238

 1486 3238 3843

 3236 3844 1510

 3236 1510 276

 252 1487 3844

 252 3844 3236

 1487 251 3237

 1487 3237 3844

 3235 3845 1511

 3235 1511 277

 253 1488 3845

 253 3845 3235

 1488 252 3236

 1488 3236 3845

 3234 3846 1512

 3234 1512 278

 254 1489 3846

 254 3846 3234

 1489 253 3235

 1489 3235 3846

 3232 3847 1514

 3232 1514 281

 256 1490 3847

 256 3847 3232

 1490 255 3233

 1490 3233 3847

 3231 3848 1515

 3231 1515 282

 257 1491 3848

 257 3848 3231

 1491 256 3232

 1491 3232 3848

 3230 3849 1516

 3230 1516 283

 258 1492 3849

 258 3849 3230

 1492 257 3231

 1492 3231 3849

 3229 3850 1517

 3229 1517 284

 259 1493 3850

 259 3850 3229

 1493 258 3230

 1493 3230 3850

 3228 3851 1518

 3228 1518 285

 260 1494 3851

 260 3851 3228

 1494 259 3229

 1494 3229 3851

 3227 3852 1519

 3227 1519 286

 261 1495 3852

 261 3852 3227

 1495 260 3228

 1495 3228 3852

 3226 3853 1520

 3226 1520 287

 262 1496 3853

 262 3853 3226

 1496 261 3227

 1496 3227 3853

 3225 3854 1521

 3225 1521 288

 263 1497 3854

 263 3854 3225

 1497 262 3226

 1497 3226 3854

 3224 3855 1522

 3224 1522 289

 264 1498 3855

 264 3855 3224

 1498 263 3225

 1498 3225 3855

 3223 3856 1523

 3223 1523 290

 265 1499 3856

 265 3856 3223

 1499 264 3224

 1499 3224 3856

 3222 3857 1524

 3222 1524 291

 266 1500 3857

 266 3857 3222

 1500 265 3223

 1500 3223 3857

 3221 3858 1525

 3221 1525 292

 267 1501 3858

 267 3858 3221

 1501 266 3222

 1501 3222 3858

 3220 3859 1526

 3220 1526 293

 268 1502 3859

 268 3859 3220

 1502 267 3221

 1502 3221 3859

 3219 3860 1527

 3219 1527 294

 269 1503 3860

 269 3860 3219

 1503 268 3220

 1503 3220 3860

 3218 3861 1528

 3218 1528 295

 270 1504 3861

 270 3861 3218

 1504 269 3219

 1504 3219 3861

 3217 3862 1529

 3217 1529 296

 271 1505 3862

 271 3862 3217

 1505 270 3218

 1505 3218 3862

 3216 3863 1530

 3216 1530 297

 272 1506 3863

 272 3863 3216

 1506 271 3217

 1506 3217 3863

 3215 3864 1531

 3215 1531 298

 273 1507 3864

 273 3864 3215

 1507 272 3216

 1507 3216 3864

 3214 3865 1532

 3214 1532 299

 274 1508 3865

 274 3865 3214

 1508 273 3215

 1508 3215 3865

 3213 3866 1533

 3213 1533 300

 275 1509 3866

 275 3866 3213

 1509 274 3214

 1509 3214 3866

 3212 3867 1534

 3212 1534 301

 276 1510 3867

 276 3867 3212

 1510 275 3213

 1510 3213 3867

 3211 3868 1535

 3211 1535 302

 277 1511 3868

 277 3868 3211

 1511 276 3212

 1511 3212 3868

 3210 3869 1536

 3210 1536 303

 278 1512 3869

 278 3869 3210

 1512 277 3211

 1512 3211 3869

 3209 3870 1537

 3209 1537 304

 279 1513 3870

 279 3870 3209

 1513 278 3210

 1513 3210 3870

 3207 3871 1540

 3207 1540 308

 281 1514 3871

 281 3871 3207

 1514 280 3208

 1514 3208 3871

 3206 3872 1541

 3206 1541 309

 282 1515 3872

 282 3872 3206

 1515 281 3207

 1515 3207 3872

 3205 3873 1542

 3205 1542 310

 283 1516 3873

 283 3873 3205

 1516 282 3206

 1516 3206 3873

 3204 3874 1543

 3204 1543 311

 284 1517 3874

 284 3874 3204

 1517 283 3205

 1517 3205 3874

 3203 3875 1544

 3203 1544 312

 285 1518 3875

 285 3875 3203

 1518 284 3204

 1518 3204 3875

 3202 3876 1545

 3202 1545 313

 286 1519 3876

 286 3876 3202

 1519 285 3203

 1519 3203 3876

 3201 3877 1546

 3201 1546 314

 287 1520 3877

 287 3877 3201

 1520 286 3202

 1520 3202 3877

 3200 3878 1547

 3200 1547 315

 288 1521 3878

 288 3878 3200

 1521 287 3201

 1521 3201 3878

 3199 3879 1548

 3199 1548 316

 289 1522 3879

 289 3879 3199

 1522 288 3200

 1522 3200 3879

 3198 3880 1549

 3198 1549 317

 290 1523 3880

 290 3880 3198

 1523 289 3199

 1523 3199 3880

 3197 3881 1550

 3197 1550 318

 291 1524 3881

 291 3881 3197

 1524 290 3198

 1524 3198 3881

 3196 3882 1551

 3196 1551 319

 292 1525 3882

 292 3882 3196

 1525 291 3197

 1525 3197 3882

 3195 3883 1552

 3195 1552 320

 293 1526 3883

 293 3883 3195

 1526 292 3196

 1526 3196 3883

 3194 3884 1553

 3194 1553 321

 294 1527 3884

 294 3884 3194

 1527 293 3195

 1527 3195 3884

 3193 3885 1554

 3193 1554 322

 295 1528 3885

 295 3885 3193

 1528 294 3194

 1528 3194 3885

 3192 3886 1555

 3192 1555 323

 296 1529 3886

 296 3886 3192

 1529 295 3193

 1529 3193 3886

 3191 3887 1556

 3191 1556 324

 297 1530 3887

 297 3887 3191

 1530 296 3192

 1530 3192 3887

 3190 3888 1557

 3190 1557 325

 298 1531 3888

 298 3888 3190

 1531 297 3191

 1531 3191 3888

 3189 3889 1558

 3189 1558 326

 299 1532 3889

 299 3889 3189

 1532 298 3190

 1532 3190 3889

 3188 3890 1559

 3188 1559 327

 300 1533 3890

 300 3890 3188

 1533 299 3189

 1533 3189 3890

 3187 3891 1560

 3187 1560 328

 301 1534 3891

 301 3891 3187

 1534 300 3188

 1534 3188 3891

 3186 3892 1561

 3186 1561 329

 302 1535 3892

 302 3892 3186

 1535 301 3187

 1535 3187 3892

 3185 3893 1562

 3185 1562 330

 303 1536 3893

 303 3893 3185

 1536 302 3186

 1536 3186 3893

 3184 3894 1563

 3184 1563 331

 304 1537 3894

 304 3894 3184

 1537 303 3185

 1537 3185 3894

 3183 3895 1564

 3183 1564 332

 305 1538 3895

 305 3895 3183

 1538 304 3184

 1538 3184 3895

 3181 3896 1566

 3181 1566 335

 307 1539 3896

 307 3896 3181

 1539 306 3182

 1539 3182 3896

 3180 3897 1567

 3180 1567 336

 308 1540 3897

 308 3897 3180

 1540 307 3181

 1540 3181 3897

 3179 3898 1568

 3179 1568 337

 309 1541 3898

 309 3898 3179

 1541 308 3180

 1541 3180 3898

 3178 3899 1569

 3178 1569 338

 310 1542 3899

 310 3899 3178

 1542 309 3179

 1542 3179 3899

 3177 3900 1570

 3177 1570 339

 311 1543 3900

 311 3900 3177

 1543 310 3178

 1543 3178 3900

 3176 3901 1571

 3176 1571 340

 312 1544 3901

 312 3901 3176

 1544 311 3177

 1544 3177 3901

 3175 3902 1572

 3175 1572 341

 313 1545 3902

 313 3902 3175

 1545 312 3176

 1545 3176 3902

 3174 3903 1573

 3174 1573 342

 314 1546 3903

 314 3903 3174

 1546 313 3175

 1546 3175 3903

 3173 3904 1574

 3173 1574 343

 315 1547 3904

 315 3904 3173

 1547 314 3174

 1547 3174 3904

 3171 3905 1576

 3171 1576 345

 317 1549 3905

 317 3905 3171

 1549 316 3172

 1549 3172 3905

 3170 3906 1577

 3170 1577 346

 318 1550 3906

 318 3906 3170

 1550 317 3171

 1550 3171 3906

 3169 3907 1578

 3169 1578 347

 319 1551 3907

 319 3907 3169

 1551 318 3170

 1551 3170 3907

 3168 3908 1579

 3168 1579 348

 320 1552 3908

 320 3908 3168

 1552 319 3169

 1552 3169 3908

 3167 3909 1580

 3167 1580 349

 321 1553 3909

 321 3909 3167

 1553 320 3168

 1553 3168 3909

 3166 3910 1581

 3166 1581 350

 322 1554 3910

 322 3910 3166

 1554 321 3167

 1554 3167 3910

 3165 3911 1582

 3165 1582 351

 323 1555 3911

 323 3911 3165

 1555 322 3166

 1555 3166 3911

 3164 3912 1583

 3164 1583 352

 324 1556 3912

 324 3912 3164

 1556 323 3165

 1556 3165 3912

 3163 3913 1584

 3163 1584 353

 325 1557 3913

 325 3913 3163

 1557 324 3164

 1557 3164 3913

 3162 3914 1585

 3162 1585 354

 326 1558 3914

 326 3914 3162

 1558 325 3163

 1558 3163 3914

 3161 3915 1586

 3161 1586 355

 327 1559 3915

 327 3915 3161

 1559 326 3162

 1559 3162 3915

 3160 3916 1587

 3160 1587 356

 328 1560 3916

 328 3916 3160

 1560 327 3161

 1560 3161 3916

 3159 3917 1588

 3159 1588 357

 329 1561 3917

 329 3917 3159

 1561 328 3160

 1561 3160 3917

 3158 3918 1589

 3158 1589 358

 330 1562 3918

 330 3918 3158

 1562 329 3159

 1562 3159 3918

 3157 3919 1590

 3157 1590 359

 331 1563 3919

 331 3919 3157

 1563 330 3158

 1563 3158 3919

 3156 3920 1591

 3156 1591 360

 332 1564 3920

 332 3920 3156

 1564 331 3157

 1564 3157 3920

 3154 3921 1598

 3154 1598 369

 334 1565 3921

 334 3921 3154

 1565 333 3155

 1565 3155 3921

 3153 3922 1599

 3153 1599 370

 335 1566 3922

 335 3922 3153

 1566 334 3154

 1566 3154 3922

 3152 3923 1600

 3152 1600 371

 336 1567 3923

 336 3923 3152

 1567 335 3153

 1567 3153 3923

 3151 3924 1601

 3151 1601 372

 337 1568 3924

 337 3924 3151

 1568 336 3152

 1568 3152 3924

 3150 3925 1602

 3150 1602 373

 338 1569 3925

 338 3925 3150

 1569 337 3151

 1569 3151 3925

 3149 3926 1603

 3149 1603 374

 339 1570 3926

 339 3926 3149

 1570 338 3150

 1570 3150 3926

 3148 3927 1604

 3148 1604 375

 340 1571 3927

 340 3927 3148

 1571 339 3149

 1571 3149 3927

 3147 3928 1605

 3147 1605 376

 341 1572 3928

 341 3928 3147

 1572 340 3148

 1572 3148 3928

 3146 3929 1606

 3146 1606 377

 342 1573 3929

 342 3929 3146

 1573 341 3147

 1573 3147 3929

 3145 3930 1607

 3145 1607 378

 343 1574 3930

 343 3930 3145

 1574 342 3146

 1574 3146 3930

 3144 3931 1608

 3144 1608 379

 344 1575 3931

 344 3931 3144

 1575 343 3145

 1575 3145 3931

 3143 3932 1609

 3143 1609 380

 345 1576 3932

 345 3932 3143

 1576 344 3144

 1576 3144 3932

 3142 3933 1610

 3142 1610 381

 346 1577 3933

 346 3933 3142

 1577 345 3143

 1577 3143 3933

 3141 3934 1611

 3141 1611 382

 347 1578 3934

 347 3934 3141

 1578 346 3142

 1578 3142 3934

 3140 3935 1612

 3140 1612 383

 348 1579 3935

 348 3935 3140

 1579 347 3141

 1579 3141 3935

 3139 3936 1613

 3139 1613 384

 349 1580 3936

 349 3936 3139

 1580 348 3140

 1580 3140 3936

 3138 3937 1614

 3138 1614 385

 350 1581 3937

 350 3937 3138

 1581 349 3139

 1581 3139 3937

 3137 3938 1615

 3137 1615 386

 351 1582 3938

 351 3938 3137

 1582 350 3138

 1582 3138 3938

 3135 3939 1617

 3135 1617 388

 353 1584 3939

 353 3939 3135

 1584 352 3136

 1584 3136 3939

 3134 3940 1618

 3134 1618 389

 354 1585 3940

 354 3940 3134

 1585 353 3135

 1585 3135 3940

 3133 3941 1619

 3133 1619 390

 355 1586 3941

 355 3941 3133

 1586 354 3134

 1586 3134 3941

 3132 3942 1620

 3132 1620 391

 356 1587 3942

 356 3942 3132

 1587 355 3133

 1587 3133 3942

 3131 3943 1621

 3131 1621 392

 357 1588 3943

 357 3943 3131

 1588 356 3132

 1588 3132 3943

 3130 3944 1622

 3130 1622 393

 358 1589 3944

 358 3944 3130

 1589 357 3131

 1589 3131 3944

 3129 3945 1623

 3129 1623 394

 359 1590 3945

 359 3945 3129

 1590 358 3130

 1590 3130 3945

 3128 3946 1624

 3128 1624 395

 360 1591 3946

 360 3946 3128

 1591 359 3129

 1591 3129 3946

 3126 3947 1625

 3126 1625 397

 362 1592 3947

 362 3947 3126

 1592 361 3127

 1592 3127 3947

 3125 3948 1626

 3125 1626 398

 363 1593 3948

 363 3948 3125

 1593 362 3126

 1593 3126 3948

 3124 3949 1627

 3124 1627 399

 364 1594 3949

 364 3949 3124

 1594 363 3125

 1594 3125 3949

 3123 3950 1628

 3123 1628 400

 365 1595 3950

 365 3950 3123

 1595 364 3124

 1595 3124 3950

 3121 3951 1631

 3121 1631 403

 367 1596 3951

 367 3951 3121

 1596 366 3122

 1596 3122 3951

 3120 3952 1632

 3120 1632 404

 368 1597 3952

 368 3952 3120

 1597 367 3121

 1597 3121 3952

 3119 3953 1633

 3119 1633 405

 369 1598 3953

 369 3953 3119

 1598 368 3120

 1598 3120 3953

 3118 3954 1634

 3118 1634 406

 370 1599 3954

 370 3954 3118

 1599 369 3119

 1599 3119 3954

 3117 3955 1635

 3117 1635 407

 371 1600 3955

 371 3955 3117

 1600 370 3118

 1600 3118 3955

 3116 3956 1636

 3116 1636 408

 372 1601 3956

 372 3956 3116

 1601 371 3117

 1601 3117 3956

 3115 3957 1637

 3115 1637 409

 373 1602 3957

 373 3957 3115

 1602 372 3116

 1602 3116 3957

 3113 3958 1639

 3113 1639 411

 375 1604 3958

 375 3958 3113

 1604 374 3114

 1604 3114 3958

 3112 3959 1640

 3112 1640 412

 376 1605 3959

 376 3959 3112

 1605 375 3113

 1605 3113 3959

 3111 3960 1641

 3111 1641 413

 377 1606 3960

 377 3960 3111

 1606 376 3112

 1606 3112 3960

 3110 3961 1642

 3110 1642 414

 378 1607 3961

 378 3961 3110

 1607 377 3111

 1607 3111 3961

 3109 3962 1643

 3109 1643 415

 379 1608 3962

 379 3962 3109

 1608 378 3110

 1608 3110 3962

 3108 3963 1644

 3108 1644 416

 380 1609 3963

 380 3963 3108

 1609 379 3109

 1609 3109 3963

 3107 3964 1645

 3107 1645 417

 381 1610 3964

 381 3964 3107

 1610 380 3108

 1610 3108 3964

 3106 3965 1646

 3106 1646 418

 382 1611 3965

 382 3965 3106

 1611 381 3107

 1611 3107 3965

 3105 3966 1647

 3105 1647 419

 383 1612 3966

 383 3966 3105

 1612 382 3106

 1612 3106 3966

 3104 3967 1648

 3104 1648 420

 384 1613 3967

 384 3967 3104

 1613 383 3105

 1613 3105 3967

 3103 3968 1649

 3103 1649 421

 385 1614 3968

 385 3968 3103

 1614 384 3104

 1614 3104 3968

 3102 3969 1650

 3102 1650 422

 386 1615 3969

 386 3969 3102

 1615 385 3103

 1615 3103 3969

 3101 3970 1651

 3101 1651 423

 387 1616 3970

 387 3970 3101

 1616 386 3102

 1616 3102 3970

 3100 3971 1652

 3100 1652 424

 388 1617 3971

 388 3971 3100

 1617 387 3101

 1617 3101 3971

 3099 3972 1653

 3099 1653 425

 389 1618 3972

 389 3972 3099

 1618 388 3100

 1618 3100 3972

 3098 3973 1654

 3098 1654 426

 390 1619 3973

 390 3973 3098

 1619 389 3099

 1619 3099 3973

 3097 3974 1655

 3097 1655 427

 391 1620 3974

 391 3974 3097

 1620 390 3098

 1620 3098 3974

 3096 3975 1656

 3096 1656 428

 392 1621 3975

 392 3975 3096

 1621 391 3097

 1621 3097 3975

 3095 3976 1657

 3095 1657 429

 393 1622 3976

 393 3976 3095

 1622 392 3096

 1622 3096 3976

 3094 3977 1658

 3094 1658 430

 394 1623 3977

 394 3977 3094

 1623 393 3095

 1623 3095 3977

 3093 3978 1659

 3093 1659 431

 395 1624 3978

 395 3978 3093

 1624 394 3094

 1624 3094 3978

 3091 3979 1661

 3091 1661 434

 397 1625 3979

 397 3979 3091

 1625 396 3092

 1625 3092 3979

 3090 3980 1662

 3090 1662 435

 398 1626 3980

 398 3980 3090

 1626 397 3091

 1626 3091 3980

 3089 3981 1663

 3089 1663 436

 399 1627 3981

 399 3981 3089

 1627 398 3090

 1627 3090 3981

 3088 3982 1664

 3088 1664 437

 400 1628 3982

 400 3982 3088

 1628 399 3089

 1628 3089 3982

 3087 3983 1665

 3087 1665 438

 401 1629 3983

 401 3983 3087

 1629 400 3088

 1629 3088 3983

 3086 3984 1666

 3086 1666 439

 402 1630 3984

 402 3984 3086

 1630 401 3087

 1630 3087 3984

 3085 3985 1667

 3085 1667 440

 403 1631 3985

 403 3985 3085

 1631 402 3086

 1631 3086 3985

 3084 3986 1668

 3084 1668 441

 404 1632 3986

 404 3986 3084

 1632 403 3085

 1632 3085 3986

 3083 3987 1669

 3083 1669 442

 405 1633 3987

 405 3987 3083

 1633 404 3084

 1633 3084 3987

 3082 3988 1670

 3082 1670 443

 406 1634 3988

 406 3988 3082

 1634 405 3083

 1634 3083 3988

 3081 3989 1671

 3081 1671 444

 407 1635 3989

 407 3989 3081

 1635 406 3082

 1635 3082 3989

 3080 3990 1672

 3080 1672 445

 408 1636 3990

 408 3990 3080

 1636 407 3081

 1636 3081 3990

 3079 3991 1673

 3079 1673 446

 409 1637 3991

 409 3991 3079

 1637 408 3080

 1637 3080 3991

 3078 3992 1674

 3078 1674 447

 410 1638 3992

 410 3992 3078

 1638 409 3079

 1638 3079 3992

 3077 3993 1675

 3077 1675 448

 411 1639 3993

 411 3993 3077

 1639 410 3078

 1639 3078 3993

 3076 3994 1676

 3076 1676 449

 412 1640 3994

 412 3994 3076

 1640 411 3077

 1640 3077 3994

 3075 3995 1677

 3075 1677 450

 413 1641 3995

 413 3995 3075

 1641 412 3076

 1641 3076 3995

 3074 3996 1678

 3074 1678 451

 414 1642 3996

 414 3996 3074

 1642 413 3075

 1642 3075 3996

 3073 3997 1679

 3073 1679 452

 415 1643 3997

 415 3997 3073

 1643 414 3074

 1643 3074 3997

 3072 3998 1680

 3072 1680 453

 416 1644 3998

 416 3998 3072

 1644 415 3073

 1644 3073 3998

 3071 3999 1681

 3071 1681 454

 417 1645 3999

 417 3999 3071

 1645 416 3072

 1645 3072 3999

 3070 4000 1682

 3070 1682 455

 418 1646 4000

 418 4000 3070

 1646 417 3071

 1646 3071 4000

 3069 4001 1683

 3069 1683 456

 419 1647 4001

 419 4001 3069

 1647 418 3070

 1647 3070 4001

 3068 4002 1684

 3068 1684 457

 420 1648 4002

 420 4002 3068

 1648 419 3069

 1648 3069 4002

 3067 4003 1685

 3067 1685 458

 421 1649 4003

 421 4003 3067

 1649 420 3068

 1649 3068 4003

 3066 4004 1686

 3066 1686 459

 422 1650 4004

 422 4004 3066

 1650 421 3067

 1650 3067 4004

 3065 4005 1687

 3065 1687 460

 423 1651 4005

 423 4005 3065

 1651 422 3066

 1651 3066 4005

 3064 4006 1688

 3064 1688 461

 424 1652 4006

 424 4006 3064

 1652 423 3065

 1652 3065 4006

 3063 4007 1689

 3063 1689 462

 425 1653 4007

 425 4007 3063

 1653 424 3064

 1653 3064 4007

 3062 4008 1690

 3062 1690 463

 426 1654 4008

 426 4008 3062

 1654 425 3063

 1654 3063 4008

 3061 4009 1691

 3061 1691 464

 427 1655 4009

 427 4009 3061

 1655 426 3062

 1655 3062 4009

 3060 4010 1692

 3060 1692 465

 428 1656 4010

 428 4010 3060

 1656 427 3061

 1656 3061 4010

 3059 4011 1693

 3059 1693 466

 429 1657 4011

 429 4011 3059

 1657 428 3060

 1657 3060 4011

 3058 4012 1694

 3058 1694 467

 430 1658 4012

 430 4012 3058

 1658 429 3059

 1658 3059 4012

 3057 4013 1695

 3057 1695 468

 431 1659 4013

 431 4013 3057

 1659 430 3058

 1659 3058 4013

 3056 4014 1696

 3056 1696 469

 432 1660 4014

 432 4014 3056

 1660 431 3057

 1660 3057 4014

 3054 4015 1697

 3054 1697 471

 434 1661 4015

 434 4015 3054

 1661 433 3055

 1661 3055 4015

 3053 4016 1698

 3053 1698 472

 435 1662 4016

 435 4016 3053

 1662 434 3054

 1662 3054 4016

 3052 4017 1699

 3052 1699 473

 436 1663 4017

 436 4017 3052

 1663 435 3053

 1663 3053 4017

 3051 4018 1700

 3051 1700 474

 437 1664 4018

 437 4018 3051

 1664 436 3052

 1664 3052 4018

 3050 4019 1701

 3050 1701 475

 438 1665 4019

 438 4019 3050

 1665 437 3051

 1665 3051 4019

 3049 4020 1702

 3049 1702 476

 439 1666 4020

 439 4020 3049

 1666 438 3050

 1666 3050 4020

 3048 4021 1703

 3048 1703 477

 440 1667 4021

 440 4021 3048

 1667 439 3049

 1667 3049 4021

 3047 4022 1704

 3047 1704 478

 441 1668 4022

 441 4022 3047

 1668 440 3048

 1668 3048 4022

 3046 4023 1705

 3046 1705 479

 442 1669 4023

 442 4023 3046

 1669 441 3047

 1669 3047 4023

 3045 4024 1706

 3045 1706 480

 443 1670 4024

 443 4024 3045

 1670 442 3046

 1670 3046 4024

 3044 4025 1707

 3044 1707 481

 444 1671 4025

 444 4025 3044

 1671 443 3045

 1671 3045 4025

 3043 4026 1708

 3043 1708 482

 445 1672 4026

 445 4026 3043

 1672 444 3044

 1672 3044 4026

 3042 4027 1709

 3042 1709 483

 446 1673 4027

 446 4027 3042

 1673 445 3043

 1673 3043 4027

 3041 4028 1710

 3041 1710 484

 447 1674 4028

 447 4028 3041

 1674 446 3042

 1674 3042 4028

 3040 4029 1711

 3040 1711 485

 448 1675 4029

 448 4029 3040

 1675 447 3041

 1675 3041 4029

 3039 4030 1712

 3039 1712 486

 449 1676 4030

 449 4030 3039

 1676 448 3040

 1676 3040 4030

 3038 4031 1713

 3038 1713 487

 450 1677 4031

 450 4031 3038

 1677 449 3039

 1677 3039 4031

 3037 4032 1714

 3037 1714 488

 451 1678 4032

 451 4032 3037

 1678 450 3038

 1678 3038 4032

 3036 4033 1715

 3036 1715 489

 452 1679 4033

 452 4033 3036

 1679 451 3037

 1679 3037 4033

 3035 4034 1716

 3035 1716 490

 453 1680 4034

 453 4034 3035

 1680 452 3036

 1680 3036 4034

 3034 4035 1717

 3034 1717 491

 454 1681 4035

 454 4035 3034

 1681 453 3035

 1681 3035 4035

 3033 4036 1718

 3033 1718 492

 455 1682 4036

 455 4036 3033

 1682 454 3034

 1682 3034 4036

 3032 4037 1719

 3032 1719 493

 456 1683 4037

 456 4037 3032

 1683 455 3033

 1683 3033 4037

 3031 4038 1720

 3031 1720 494

 457 1684 4038

 457 4038 3031

 1684 456 3032

 1684 3032 4038

 3030 4039 1721

 3030 1721 495

 458 1685 4039

 458 4039 3030

 1685 457 3031

 1685 3031 4039

 3029 4040 1722

 3029 1722 496

 459 1686 4040

 459 4040 3029

 1686 458 3030

 1686 3030 4040

 3028 4041 1723

 3028 1723 497

 460 1687 4041

 460 4041 3028

 1687 459 3029

 1687 3029 4041

 3027 4042 1724

 3027 1724 498

 461 1688 4042

 461 4042 3027

 1688 460 3028

 1688 3028 4042

 3026 4043 1725

 3026 1725 499

 462 1689 4043

 462 4043 3026

 1689 461 3027

 1689 3027 4043

 3025 4044 1726

 3025 1726 500

 463 1690 4044

 463 4044 3025

 1690 462 3026

 1690 3026 4044

 3024 4045 1727

 3024 1727 501

 464 1691 4045

 464 4045 3024

 1691 463 3025

 1691 3025 4045

 3023 4046 1728

 3023 1728 502

 465 1692 4046

 465 4046 3023

 1692 464 3024

 1692 3024 4046

 3022 4047 1729

 3022 1729 503

 466 1693 4047

 466 4047 3022

 1693 465 3023

 1693 3023 4047

 3021 4048 1730

 3021 1730 504

 467 1694 4048

 467 4048 3021

 1694 466 3022

 1694 3022 4048

 3020 4049 1731

 3020 1731 505

 468 1695 4049

 468 4049 3020

 1695 467 3021

 1695 3021 4049

 3019 4050 1732

 3019 1732 506

 469 1696 4050

 469 4050 3019

 1696 468 3020

 1696 3020 4050

 3017 4051 1733

 3017 1733 508

 473 1699 4051

 473 4051 3017

 1699 472 3018

 1699 3018 4051

 3016 4052 1734

 3016 1734 509

 474 1700 4052

 474 4052 3016

 1700 473 3017

 1700 3017 4052

 3015 4053 1735

 3015 1735 510

 475 1701 4053

 475 4053 3015

 1701 474 3016

 1701 3016 4053

 3014 4054 1736

 3014 1736 511

 476 1702 4054

 476 4054 3014

 1702 475 3015

 1702 3015 4054

 3013 4055 1737

 3013 1737 512

 477 1703 4055

 477 4055 3013

 1703 476 3014

 1703 3014 4055

 3012 4056 1738

 3012 1738 513

 478 1704 4056

 478 4056 3012

 1704 477 3013

 1704 3013 4056

 3011 4057 1739

 3011 1739 514

 479 1705 4057

 479 4057 3011

 1705 478 3012

 1705 3012 4057

 3010 4058 1740

 3010 1740 515

 480 1706 4058

 480 4058 3010

 1706 479 3011

 1706 3011 4058

 3009 4059 1741

 3009 1741 516

 481 1707 4059

 481 4059 3009

 1707 480 3010

 1707 3010 4059

 3008 4060 1742

 3008 1742 517

 482 1708 4060

 482 4060 3008

 1708 481 3009

 1708 3009 4060

 3007 4061 1743

 3007 1743 518

 483 1709 4061

 483 4061 3007

 1709 482 3008

 1709 3008 4061

 3006 4062 1744

 3006 1744 519

 484 1710 4062

 484 4062 3006

 1710 483 3007

 1710 3007 4062

 3005 4063 1745

 3005 1745 520

 485 1711 4063

 485 4063 3005

 1711 484 3006

 1711 3006 4063

 3004 4064 1746

 3004 1746 521

 486 1712 4064

 486 4064 3004

 1712 485 3005

 1712 3005 4064

 3003 4065 1747

 3003 1747 522

 487 1713 4065

 487 4065 3003

 1713 486 3004

 1713 3004 4065

 3002 4066 1748

 3002 1748 523

 488 1714 4066

 488 4066 3002

 1714 487 3003

 1714 3003 4066

 3001 4067 1749

 3001 1749 524

 489 1715 4067

 489 4067 3001

 1715 488 3002

 1715 3002 4067

 3000 4068 1750

 3000 1750 525

 490 1716 4068

 490 4068 3000

 1716 489 3001

 1716 3001 4068

 2999 4069 1751

 2999 1751 526

 491 1717 4069

 491 4069 2999

 1717 490 3000

 1717 3000 4069

 2998 4070 1752

 2998 1752 527

 492 1718 4070

 492 4070 2998

 1718 491 2999

 1718 2999 4070

 2997 4071 1753

 2997 1753 528

 493 1719 4071

 493 4071 2997

 1719 492 2998

 1719 2998 4071

 2996 4072 1754

 2996 1754 529

 494 1720 4072

 494 4072 2996

 1720 493 2997

 1720 2997 4072

 2995 4073 1755

 2995 1755 530

 495 1721 4073

 495 4073 2995

 1721 494 2996

 1721 2996 4073

 2994 4074 1756

 2994 1756 531

 496 1722 4074

 496 4074 2994

 1722 495 2995

 1722 2995 4074

 2993 4075 1757

 2993 1757 532

 497 1723 4075

 497 4075 2993

 1723 496 2994

 1723 2994 4075

 2992 4076 1758

 2992 1758 533

 498 1724 4076

 498 4076 2992

 1724 497 2993

 1724 2993 4076

 2991 4077 1759

 2991 1759 534

 499 1725 4077

 499 4077 2991

 1725 498 2992

 1725 2992 4077

 2990 4078 1760

 2990 1760 535

 500 1726 4078

 500 4078 2990

 1726 499 2991

 1726 2991 4078

 2989 4079 1761

 2989 1761 536

 501 1727 4079

 501 4079 2989

 1727 500 2990

 1727 2990 4079

 2988 4080 1762

 2988 1762 537

 502 1728 4080

 502 4080 2988

 1728 501 2989

 1728 2989 4080

 2987 4081 1763

 2987 1763 538

 503 1729 4081

 503 4081 2987

 1729 502 2988

 1729 2988 4081

 2986 4082 1764

 2986 1764 539

 504 1730 4082

 504 4082 2986

 1730 503 2987

 1730 2987 4082

 2985 4083 1765

 2985 1765 540

 505 1731 4083

 505 4083 2985

 1731 504 2986

 1731 2986 4083

 2984 4084 1766

 2984 1766 541

 506 1732 4084

 506 4084 2984

 1732 505 2985

 1732 2985 4084

 2982 4085 1767

 2982 1767 543

 510 1735 4085

 510 4085 2982

 1735 509 2983

 1735 2983 4085

 2981 4086 1768

 2981 1768 544

 511 1736 4086

 511 4086 2981

 1736 510 2982

 1736 2982 4086

 2979 4087 1769

 2979 1769 546

 516 1741 4087

 516 4087 2979

 1741 515 2980

 1741 2980 4087

 2978 4088 1770

 2978 1770 547

 517 1742 4088

 517 4088 2978

 1742 516 2979

 1742 2979 4088

 2977 4089 1771

 2977 1771 548

 518 1743 4089

 518 4089 2977

 1743 517 2978

 1743 2978 4089

 2976 4090 1772

 2976 1772 549

 519 1744 4090

 519 4090 2976

 1744 518 2977

 1744 2977 4090

 2975 4091 1773

 2975 1773 550

 520 1745 4091

 520 4091 2975

 1745 519 2976

 1745 2976 4091

 2974 4092 1774

 2974 1774 551

 521 1746 4092

 521 4092 2974

 1746 520 2975

 1746 2975 4092

 2973 4093 1775

 2973 1775 552

 522 1747 4093

 522 4093 2973

 1747 521 2974

 1747 2974 4093

 2972 4094 1776

 2972 1776 553

 523 1748 4094

 523 4094 2972

 1748 522 2973

 1748 2973 4094

 2971 4095 1777

 2971 1777 554

 524 1749 4095

 524 4095 2971

 1749 523 2972

 1749 2972 4095

 2970 4096 1778

 2970 1778 555

 525 1750 4096

 525 4096 2970

 1750 524 2971

 1750 2971 4096

 2969 4097 1779

 2969 1779 556

 526 1751 4097

 526 4097 2969

 1751 525 2970

 1751 2970 4097

 2968 4098 1780

 2968 1780 557

 527 1752 4098

 527 4098 2968

 1752 526 2969

 1752 2969 4098

 2967 4099 1781

 2967 1781 558

 528 1753 4099

 528 4099 2967

 1753 527 2968

 1753 2968 4099

 2966 4100 1782

 2966 1782 559

 529 1754 4100

 529 4100 2966

 1754 528 2967

 1754 2967 4100

 2965 4101 1783

 2965 1783 560

 530 1755 4101

 530 4101 2965

 1755 529 2966

 1755 2966 4101

 2964 4102 1784

 2964 1784 561

 531 1756 4102

 531 4102 2964

 1756 530 2965

 1756 2965 4102

 2963 4103 1785

 2963 1785 562

 532 1757 4103

 532 4103 2963

 1757 531 2964

 1757 2964 4103

 2962 4104 1786

 2962 1786 563

 533 1758 4104

 533 4104 2962

 1758 532 2963

 1758 2963 4104

 2961 4105 1787

 2961 1787 564

 534 1759 4105

 534 4105 2961

 1759 533 2962

 1759 2962 4105

 2960 4106 1788

 2960 1788 565

 535 1760 4106

 535 4106 2960

 1760 534 2961

 1760 2961 4106

 2959 4107 1789

 2959 1789 566

 536 1761 4107

 536 4107 2959

 1761 535 2960

 1761 2960 4107

 2958 4108 1790

 2958 1790 567

 537 1762 4108

 537 4108 2958

 1762 536 2959

 1762 2959 4108

 2957 4109 1791

 2957 1791 568

 538 1763 4109

 538 4109 2957

 1763 537 2958

 1763 2958 4109

 2956 4110 1792

 2956 1792 569

 539 1764 4110

 539 4110 2956

 1764 538 2957

 1764 2957 4110

 2955 4111 1793

 2955 1793 570

 540 1765 4111

 540 4111 2955

 1765 539 2956

 1765 2956 4111

 2953 4112 1794

 2953 1794 572

 543 1767 4112

 543 4112 2953

 1767 542 2954

 1767 2954 4112

 2952 4113 1795

 2952 1795 573

 544 1768 4113

 544 4113 2952

 1768 543 2953

 1768 2953 4113

 2950 4114 1796

 2950 1796 575

 546 1769 4114

 546 4114 2950

 1769 545 2951

 1769 2951 4114

 2949 4115 1797

 2949 1797 576

 547 1770 4115

 547 4115 2949

 1770 546 2950

 1770 2950 4115

 2948 4116 1798

 2948 1798 577

 548 1771 4116

 548 4116 2948

 1771 547 2949

 1771 2949 4116

 2947 4117 1799

 2947 1799 578

 549 1772 4117

 549 4117 2947

 1772 548 2948

 1772 2948 4117

 2946 4118 1800

 2946 1800 579

 550 1773 4118

 550 4118 2946

 1773 549 2947

 1773 2947 4118

 551 1774 4119

 551 4119 2945

 1774 550 2946

 1774 2946 4119

 2944 4120 1801

 2944 1801 581

 552 1775 4120

 552 4120 2944

 1775 551 2945

 1775 2945 4120

 2943 4121 1802

 2943 1802 582

 553 1776 4121

 553 4121 2943

 1776 552 2944

 1776 2944 4121

 2942 4122 1803

 2942 1803 583

 554 1777 4122

 554 4122 2942

 1777 553 2943

 1777 2943 4122

 2941 4123 1804

 2941 1804 584

 555 1778 4123

 555 4123 2941

 1778 554 2942

 1778 2942 4123

 2939 4124 1806

 2939 1806 586

 557 1780 4124

 557 4124 2939

 1780 556 2940

 1780 2940 4124

 2938 4125 1807

 2938 1807 587

 558 1781 4125

 558 4125 2938

 1781 557 2939

 1781 2939 4125

 2937 4126 1808

 2937 1808 588

 559 1782 4126

 559 4126 2937

 1782 558 2938

 1782 2938 4126

 2936 4127 1809

 2936 1809 589

 560 1783 4127

 560 4127 2936

 1783 559 2937

 1783 2937 4127

 2935 4128 1810

 2935 1810 590

 561 1784 4128

 561 4128 2935

 1784 560 2936

 1784 2936 4128

 2934 4129 1811

 2934 1811 591

 562 1785 4129

 562 4129 2934

 1785 561 2935

 1785 2935 4129

 2933 4130 1812

 2933 1812 592

 563 1786 4130

 563 4130 2933

 1786 562 2934

 1786 2934 4130

 2932 4131 1813

 2932 1813 593

 564 1787 4131

 564 4131 2932

 1787 563 2933

 1787 2933 4131

 2931 4132 1814

 2931 1814 594

 565 1788 4132

 565 4132 2931

 1788 564 2932

 1788 2932 4132

 2930 4133 1815

 2930 1815 595

 566 1789 4133

 566 4133 2930

 1789 565 2931

 1789 2931 4133

 2929 4134 1816

 2929 1816 596

 567 1790 4134

 567 4134 2929

 1790 566 2930

 1790 2930 4134

 2928 4135 1817

 2928 1817 597

 568 1791 4135

 568 4135 2928

 1791 567 2929

 1791 2929 4135

 2927 4136 1818

 2927 1818 598

 569 1792 4136

 569 4136 2927

 1792 568 2928

 1792 2928 4136

 2925 4137 1823

 2925 1823 605

 572 1794 4137

 572 4137 2925

 1794 571 2926

 1794 2926 4137

 2924 4138 1824

 2924 1824 606

 573 1795 4138

 573 4138 2924

 1795 572 2925

 1795 2925 4138

 2922 4139 1825

 2922 1825 608

 575 1796 4139

 575 4139 2922

 1796 574 2923

 1796 2923 4139

 2921 4140 1826

 2921 1826 609

 576 1797 4140

 576 4140 2921

 1797 575 2922

 1797 2922 4140

 2920 4141 1827

 2920 1827 610

 577 1798 4141

 577 4141 2920

 1798 576 2921

 1798 2921 4141

 2919 4142 1828

 2919 1828 611

 578 1799 4142

 578 4142 2919

 1799 577 2920

 1799 2920 4142

 2918 4143 1829

 2918 1829 612

 579 1800 4143

 579 4143 2918

 1800 578 2919

 1800 2919 4143

 2917 4144 1830

 2917 1830 613

 2916 4145 1831

 2916 1831 614

 581 1801 4145

 581 4145 2916

 1801 580 2917

 1801 2917 4145

 2915 4146 1832

 2915 1832 615

 582 1802 4146

 582 4146 2915

 1802 581 2916

 1802 2916 4146

 2914 4147 1833

 2914 1833 616

 583 1803 4147

 583 4147 2914

 1803 582 2915

 1803 2915 4147

 2913 4148 1834

 2913 1834 617

 584 1804 4148

 584 4148 2913

 1804 583 2914

 1804 2914 4148

 2912 4149 1835

 2912 1835 618

 585 1805 4149

 585 4149 2912

 1805 584 2913

 1805 2913 4149

 2911 4150 1836

 2911 1836 619

 586 1806 4150

 586 4150 2911

 1806 585 2912

 1806 2912 4150

 2910 4151 1837

 2910 1837 620

 587 1807 4151

 587 4151 2910

 1807 586 2911

 1807 2911 4151

 2909 4152 1838

 2909 1838 621

 588 1808 4152

 588 4152 2909

 1808 587 2910

 1808 2910 4152

 2908 4153 1839

 2908 1839 622

 589 1809 4153

 589 4153 2908

 1809 588 2909

 1809 2909 4153

 2907 4154 1840

 2907 1840 623

 590 1810 4154

 590 4154 2907

 1810 589 2908

 1810 2908 4154

 2906 4155 1841

 2906 1841 624

 591 1811 4155

 591 4155 2906

 1811 590 2907

 1811 2907 4155

 2905 4156 1842

 2905 1842 625

 592 1812 4156

 592 4156 2905

 1812 591 2906

 1812 2906 4156

 2904 4157 1843

 2904 1843 626

 593 1813 4157

 593 4157 2904

 1813 592 2905

 1813 2905 4157

 2903 4158 1844

 2903 1844 627

 594 1814 4158

 594 4158 2903

 1814 593 2904

 1814 2904 4158

 2902 4159 1845

 2902 1845 628

 595 1815 4159

 595 4159 2902

 1815 594 2903

 1815 2903 4159

 2901 4160 1846

 2901 1846 629

 596 1816 4160

 596 4160 2901

 1816 595 2902

 1816 2902 4160

 2899 4161 1847

 2899 1847 631

 600 1819 4161

 600 4161 2899

 1819 599 2900

 1819 2900 4161

 2898 4162 1848

 2898 1848 632

 601 1820 4162

 601 4162 2898

 1820 600 2899

 1820 2899 4162

 2897 4163 1849

 2897 1849 633

 602 1821 4163

 602 4163 2897

 1821 601 2898

 1821 2898 4163

 2896 4164 1850

 2896 1850 634

 603 1822 4164

 603 4164 2896

 1822 602 2897

 1822 2897 4164

 2894 4165 1854

 2894 1854 638

 605 1823 4165

 605 4165 2894

 1823 604 2895

 1823 2895 4165

 2892 4166 1855

 2892 1855 640

 608 1825 4166

 608 4166 2892

 1825 607 2893

 1825 2893 4166

 2891 4167 1856

 2891 1856 641

 609 1826 4167

 609 4167 2891

 1826 608 2892

 1826 2892 4167

 2890 4168 1857

 2890 1857 642

 610 1827 4168

 610 4168 2890

 1827 609 2891

 1827 2891 4168

 2889 4169 1858

 2889 1858 643

 611 1828 4169

 611 4169 2889

 1828 610 2890

 1828 2890 4169

 2888 4170 1859

 2888 1859 644

 612 1829 4170

 612 4170 2888

 1829 611 2889

 1829 2889 4170

 2887 4171 1860

 2887 1860 645

 613 1830 4171

 613 4171 2887

 1830 612 2888

 1830 2888 4171

 2886 4172 1861

 2886 1861 646

 614 1831 4172

 614 4172 2886

 1831 613 2887

 1831 2887 4172

 2885 4173 1862

 2885 1862 647

 615 1832 4173

 615 4173 2885

 1832 614 2886

 1832 2886 4173

 2884 4174 1863

 2884 1863 648

 616 1833 4174

 616 4174 2884

 1833 615 2885

 1833 2885 4174

 2883 4175 1864

 2883 1864 649

 617 1834 4175

 617 4175 2883

 1834 616 2884

 1834 2884 4175

 2882 4176 1865

 2882 1865 650

 618 1835 4176

 618 4176 2882

 1835 617 2883

 1835 2883 4176

 2881 4177 1866

 2881 1866 651

 619 1836 4177

 619 4177 2881

 1836 618 2882

 1836 2882 4177

 2880 4178 1867

 2880 1867 652

 620 1837 4178

 620 4178 2880

 1837 619 2881

 1837 2881 4178

 2879 4179 1868

 2879 1868 653

 621 1838 4179

 621 4179 2879

 1838 620 2880

 1838 2880 4179

 2878 4180 1869

 2878 1869 654

 622 1839 4180

 622 4180 2878

 1839 621 2879

 1839 2879 4180

 2877 4181 1870

 2877 1870 655

 623 1840 4181

 623 4181 2877

 1840 622 2878

 1840 2878 4181

 2876 4182 1871

 2876 1871 656

 624 1841 4182

 624 4182 2876

 1841 623 2877

 1841 2877 4182

 2875 4183 1872

 2875 1872 657

 625 1842 4183

 625 4183 2875

 1842 624 2876

 1842 2876 4183

 2874 4184 1873

 2874 1873 658

 626 1843 4184

 626 4184 2874

 1843 625 2875

 1843 2875 4184

 2873 4185 1874

 2873 1874 659

 627 1844 4185

 627 4185 2873

 1844 626 2874

 1844 2874 4185

 2871 4186 1875

 2871 1875 661

 631 1847 4186

 631 4186 2871

 1847 630 2872

 1847 2872 4186

 2870 4187 1876

 2870 1876 662

 632 1848 4187

 632 4187 2870

 1848 631 2871

 1848 2871 4187

 2869 4188 1877

 2869 1877 663

 633 1849 4188

 633 4188 2869

 1849 632 2870

 1849 2870 4188

 2868 4189 1878

 2868 1878 664

 634 1850 4189

 634 4189 2868

 1850 633 2869

 1850 2869 4189

 2867 4190 1879

 2867 1879 665

 635 1851 4190

 635 4190 2867

 1851 634 2868

 1851 2868 4190

 2866 4191 1880

 2866 1880 666

 636 1852 4191

 636 4191 2866

 1852 635 2867

 1852 2867 4191

 2865 4192 1881

 2865 1881 667

 637 1853 4192

 637 4192 2865

 1853 636 2866

 1853 2866 4192

 2864 4193 1882

 2864 1882 668

 638 1854 4193

 638 4193 2864

 1854 637 2865

 1854 2865 4193

 2862 4194 1884

 2862 1884 671

 640 1855 4194

 640 4194 2862

 1855 639 2863

 1855 2863 4194

 2861 4195 1885

 2861 1885 672

 641 1856 4195

 641 4195 2861

 1856 640 2862

 1856 2862 4195

 2860 4196 1886

 2860 1886 673

 642 1857 4196

 642 4196 2860

 1857 641 2861

 1857 2861 4196

 2859 4197 1887

 2859 1887 674

 643 1858 4197

 643 4197 2859

 1858 642 2860

 1858 2860 4197

 2858 4198 1888

 2858 1888 675

 644 1859 4198

 644 4198 2858

 1859 643 2859

 1859 2859 4198

 2857 4199 1889

 2857 1889 676

 645 1860 4199

 645 4199 2857

 1860 644 2858

 1860 2858 4199

 2856 4200 1890

 2856 1890 677

 646 1861 4200

 646 4200 2856

 1861 645 2857

 1861 2857 4200

 2855 4201 1891

 2855 1891 678

 647 1862 4201

 647 4201 2855

 1862 646 2856

 1862 2856 4201

 2854 4202 1892

 2854 1892 679

 648 1863 4202

 648 4202 2854

 1863 647 2855

 1863 2855 4202

 2853 4203 1893

 2853 1893 680

 649 1864 4203

 649 4203 2853

 1864 648 2854

 1864 2854 4203

 2852 4204 1894

 2852 1894 681

 650 1865 4204

 650 4204 2852

 1865 649 2853

 1865 2853 4204

 2851 4205 1895

 2851 1895 682

 651 1866 4205

 651 4205 2851

 1866 650 2852

 1866 2852 4205

 2850 4206 1896

 2850 1896 683

 652 1867 4206

 652 4206 2850

 1867 651 2851

 1867 2851 4206

 2849 4207 1897

 2849 1897 684

 653 1868 4207

 653 4207 2849

 1868 652 2850

 1868 2850 4207

 2848 4208 1898

 2848 1898 685

 654 1869 4208

 654 4208 2848

 1869 653 2849

 1869 2849 4208

 2847 4209 1899

 2847 1899 686

 655 1870 4209

 655 4209 2847

 1870 654 2848

 1870 2848 4209

 2845 4210 1900

 2845 1900 688

 661 1875 4210

 661 4210 2845

 1875 660 2846

 1875 2846 4210

 2844 4211 1901

 2844 1901 689

 662 1876 4211

 662 4211 2844

 1876 661 2845

 1876 2845 4211

 2843 4212 1902

 2843 1902 690

 663 1877 4212

 663 4212 2843

 1877 662 2844

 1877 2844 4212

 2842 4213 1903

 2842 1903 691

 664 1878 4213

 664 4213 2842

 1878 663 2843

 1878 2843 4213

 2841 4214 1904

 2841 1904 692

 665 1879 4214

 665 4214 2841

 1879 664 2842

 1879 2842 4214

 2840 4215 1905

 2840 1905 693

 666 1880 4215

 666 4215 2840

 1880 665 2841

 1880 2841 4215

 2839 4216 1906

 2839 1906 694

 667 1881 4216

 667 4216 2839

 1881 666 2840

 1881 2840 4216

 2838 4217 1907

 2838 1907 695

 668 1882 4217

 668 4217 2838

 1882 667 2839

 1882 2839 4217

 2836 4218 1912

 2836 1912 700

 670 1883 4218

 670 4218 2836

 1883 669 2837

 1883 2837 4218

 2835 4219 1913

 2835 1913 701

 671 1884 4219

 671 4219 2835

 1884 670 2836

 1884 2836 4219

 2834 4220 1914

 2834 1914 702

 672 1885 4220

 672 4220 2834

 1885 671 2835

 1885 2835 4220

 2833 4221 1915

 2833 1915 703

 673 1886 4221

 673 4221 2833

 1886 672 2834

 1886 2834 4221

 2832 4222 1916

 2832 1916 704

 674 1887 4222

 674 4222 2832

 1887 673 2833

 1887 2833 4222

 2831 4223 1917

 2831 1917 705

 675 1888 4223

 675 4223 2831

 1888 674 2832

 1888 2832 4223

 2830 4224 1918

 2830 1918 706

 676 1889 4224

 676 4224 2830

 1889 675 2831

 1889 2831 4224

 2829 4225 1919

 2829 1919 707

 677 1890 4225

 677 4225 2829

 1890 676 2830

 1890 2830 4225

 2828 4226 1920

 2828 1920 708

 678 1891 4226

 678 4226 2828

 1891 677 2829

 1891 2829 4226

 2827 4227 1921

 2827 1921 709

 679 1892 4227

 679 4227 2827

 1892 678 2828

 1892 2828 4227

 2826 4228 1922

 2826 1922 710

 680 1893 4228

 680 4228 2826

 1893 679 2827

 1893 2827 4228

 2825 4229 1923

 2825 1923 711

 681 1894 4229

 681 4229 2825

 1894 680 2826

 1894 2826 4229

 2824 4230 1924

 2824 1924 712

 682 1895 4230

 682 4230 2824

 1895 681 2825

 1895 2825 4230

 2823 4231 1925

 2823 1925 713

 683 1896 4231

 683 4231 2823

 1896 682 2824

 1896 2824 4231

 2822 4232 1926

 2822 1926 714

 684 1897 4232

 684 4232 2822

 1897 683 2823

 1897 2823 4232

 2821 4233 1927

 2821 1927 715

 685 1898 4233

 685 4233 2821

 1898 684 2822

 1898 2822 4233

 2820 4234 1928

 2820 1928 716

 686 1899 4234

 686 4234 2820

 1899 685 2821

 1899 2821 4234

 2818 4235 1929

 2818 1929 718

 690 1902 4235

 690 4235 2818

 1902 689 2819

 1902 2819 4235

 2817 4236 1930

 2817 1930 719

 691 1903 4236

 691 4236 2817

 1903 690 2818

 1903 2818 4236

 2816 4237 1931

 2816 1931 720

 692 1904 4237

 692 4237 2816

 1904 691 2817

 1904 2817 4237

 2815 4238 1932

 2815 1932 721

 693 1905 4238

 693 4238 2815

 1905 692 2816

 1905 2816 4238

 2814 4239 1933

 2814 1933 722

 694 1906 4239

 694 4239 2814

 1906 693 2815

 1906 2815 4239

 2813 4240 1934

 2813 1934 723

 695 1907 4240

 695 4240 2813

 1907 694 2814

 1907 2814 4240

 2812 4241 1935

 2812 1935 724

 696 1908 4241

 696 4241 2812

 1908 695 2813

 1908 2813 4241

 2811 4242 1936

 2811 1936 725

 697 1909 4242

 697 4242 2811

 1909 696 2812

 1909 2812 4242

 2810 4243 1937

 2810 1937 726

 698 1910 4243

 698 4243 2810

 1910 697 2811

 1910 2811 4243

 2809 4244 1938

 2809 1938 727

 699 1911 4244

 699 4244 2809

 1911 698 2810

 1911 2810 4244

 2808 4245 1939

 2808 1939 728

 700 1912 4245

 700 4245 2808

 1912 699 2809

 1912 2809 4245

 2807 4246 1940

 2807 1940 729

 701 1913 4246

 701 4246 2807

 1913 700 2808

 1913 2808 4246

 2806 4247 1941

 2806 1941 730

 702 1914 4247

 702 4247 2806

 1914 701 2807

 1914 2807 4247

 2805 4248 1942

 2805 1942 731

 703 1915 4248

 703 4248 2805

 1915 702 2806

 1915 2806 4248

 2804 4249 1943

 2804 1943 732

 704 1916 4249

 704 4249 2804

 1916 703 2805

 1916 2805 4249

 2803 4250 1944

 2803 1944 733

 705 1917 4250

 705 4250 2803

 1917 704 2804

 1917 2804 4250

 2802 4251 1945

 2802 1945 734

 706 1918 4251

 706 4251 2802

 1918 705 2803

 1918 2803 4251

 2801 4252 1946

 2801 1946 735

 707 1919 4252

 707 4252 2801

 1919 706 2802

 1919 2802 4252

 2800 4253 1947

 2800 1947 736

 708 1920 4253

 708 4253 2800

 1920 707 2801

 1920 2801 4253

 2799 4254 1948

 2799 1948 737

 709 1921 4254

 709 4254 2799

 1921 708 2800

 1921 2800 4254

 2798 4255 1949

 2798 1949 738

 710 1922 4255

 710 4255 2798

 1922 709 2799

 1922 2799 4255

 2797 4256 1950

 2797 1950 739

 711 1923 4256

 711 4256 2797

 1923 710 2798

 1923 2798 4256

 2795 4257 1952

 2795 1952 741

 713 1925 4257

 713 4257 2795

 1925 712 2796

 1925 2796 4257

 2794 4258 1953

 2794 1953 742

 714 1926 4258

 714 4258 2794

 1926 713 2795

 1926 2795 4258

 2793 4259 1954

 2793 1954 743

 715 1927 4259

 715 4259 2793

 1927 714 2794

 1927 2794 4259

 2791 4260 1955

 2791 1955 745

 720 1931 4260

 720 4260 2791

 1931 719 2792

 1931 2792 4260

 2790 4261 1956

 2790 1956 746

 721 1932 4261

 721 4261 2790

 1932 720 2791

 1932 2791 4261

 2789 4262 1957

 2789 1957 747

 722 1933 4262

 722 4262 2789

 1933 721 2790

 1933 2790 4262

 2788 4263 1958

 2788 1958 748

 723 1934 4263

 723 4263 2788

 1934 722 2789

 1934 2789 4263

 2787 4264 1959

 2787 1959 749

 724 1935 4264

 724 4264 2787

 1935 723 2788

 1935 2788 4264

 2786 4265 1960

 2786 1960 750

 725 1936 4265

 725 4265 2786

 1936 724 2787

 1936 2787 4265

 2785 4266 1961

 2785 1961 751

 726 1937 4266

 726 4266 2785

 1937 725 2786

 1937 2786 4266

 2784 4267 1962

 2784 1962 752

 727 1938 4267

 727 4267 2784

 1938 726 2785

 1938 2785 4267

 2783 4268 1963

 2783 1963 753

 728 1939 4268

 728 4268 2783

 1939 727 2784

 1939 2784 4268

 2782 4269 1964

 2782 1964 754

 729 1940 4269

 729 4269 2782

 1940 728 2783

 1940 2783 4269

 2781 4270 1965

 2781 1965 755

 730 1941 4270

 730 4270 2781

 1941 729 2782

 1941 2782 4270

 2780 4271 1966

 2780 1966 756

 731 1942 4271

 731 4271 2780

 1942 730 2781

 1942 2781 4271

 2779 4272 1967

 2779 1967 757

 732 1943 4272

 732 4272 2779

 1943 731 2780

 1943 2780 4272

 2778 4273 1968

 2778 1968 758

 733 1944 4273

 733 4273 2778

 1944 732 2779

 1944 2779 4273

 2777 4274 1969

 2777 1969 759

 734 1945 4274

 734 4274 2777

 1945 733 2778

 1945 2778 4274

 2776 4275 1970

 2776 1970 760

 735 1946 4275

 735 4275 2776

 1946 734 2777

 1946 2777 4275

 2775 4276 1971

 2775 1971 761

 736 1947 4276

 736 4276 2775

 1947 735 2776

 1947 2776 4276

 2774 4277 1972

 2774 1972 762

 737 1948 4277

 737 4277 2774

 1948 736 2775

 1948 2775 4277

 2773 4278 1973

 2773 1973 763

 738 1949 4278

 738 4278 2773

 1949 737 2774

 1949 2774 4278

 2772 4279 1974

 2772 1974 764

 739 1950 4279

 739 4279 2772

 1950 738 2773

 1950 2773 4279

 2771 4280 1975

 2771 1975 765

 740 1951 4280

 740 4280 2771

 1951 739 2772

 1951 2772 4280

 2770 4281 1976

 2770 1976 766

 741 1952 4281

 741 4281 2770

 1952 740 2771

 1952 2771 4281

 2769 4282 1977

 2769 1977 767

 742 1953 4282

 742 4282 2769

 1953 741 2770

 1953 2770 4282

 2768 4283 1978

 2768 1978 768

 743 1954 4283

 743 4283 2768

 1954 742 2769

 1954 2769 4283

 2766 4284 1979

 2766 1979 770

 746 1956 4284

 746 4284 2766

 1956 745 2767

 1956 2767 4284

 2765 4285 1980

 2765 1980 771

 747 1957 4285

 747 4285 2765

 1957 746 2766

 1957 2766 4285

 2764 4286 1981

 2764 1981 772

 748 1958 4286

 748 4286 2764

 1958 747 2765

 1958 2765 4286

 2763 4287 1982

 2763 1982 773

 749 1959 4287

 749 4287 2763

 1959 748 2764

 1959 2764 4287

 2762 4288 1983

 2762 1983 774

 750 1960 4288

 750 4288 2762

 1960 749 2763

 1960 2763 4288

 2761 4289 1984

 2761 1984 775

 751 1961 4289

 751 4289 2761

 1961 750 2762

 1961 2762 4289

 2760 4290 1985

 2760 1985 776

 752 1962 4290

 752 4290 2760

 1962 751 2761

 1962 2761 4290

 2759 4291 1986

 2759 1986 777

 753 1963 4291

 753 4291 2759

 1963 752 2760

 1963 2760 4291

 2758 4292 1987

 2758 1987 778

 754 1964 4292

 754 4292 2758

 1964 753 2759

 1964 2759 4292

 2757 4293 1988

 2757 1988 779

 755 1965 4293

 755 4293 2757

 1965 754 2758

 1965 2758 4293

 2756 4294 1989

 2756 1989 780

 756 1966 4294

 756 4294 2756

 1966 755 2757

 1966 2757 4294

 2755 4295 1990

 2755 1990 781

 757 1967 4295

 757 4295 2755

 1967 756 2756

 1967 2756 4295

 2754 4296 1991

 2754 1991 782

 758 1968 4296

 758 4296 2754

 1968 757 2755

 1968 2755 4296

 2753 4297 1992

 2753 1992 783

 759 1969 4297

 759 4297 2753

 1969 758 2754

 1969 2754 4297

 2752 4298 1993

 2752 1993 784

 760 1970 4298

 760 4298 2752

 1970 759 2753

 1970 2753 4298

 2751 4299 1994

 2751 1994 785

 761 1971 4299

 761 4299 2751

 1971 760 2752

 1971 2752 4299

 2750 4300 1995

 2750 1995 786

 762 1972 4300

 762 4300 2750

 1972 761 2751

 1972 2751 4300

 2749 4301 1996

 2749 1996 787

 763 1973 4301

 763 4301 2749

 1973 762 2750

 1973 2750 4301

 2748 4302 1997

 2748 1997 788

 764 1974 4302

 764 4302 2748

 1974 763 2749

 1974 2749 4302

 2747 4303 1998

 2747 1998 789

 765 1975 4303

 765 4303 2747

 1975 764 2748

 1975 2748 4303

 2746 4304 1999

 2746 1999 790

 766 1976 4304

 766 4304 2746

 1976 765 2747

 1976 2747 4304

 2745 4305 2000

 2745 2000 791

 767 1977 4305

 767 4305 2745

 1977 766 2746

 1977 2746 4305

 2743 4306 2003

 2743 2003 795

 771 1980 4306

 771 4306 2743

 1980 770 2744

 1980 2744 4306

 2742 4307 2004

 2742 2004 796

 772 1981 4307

 772 4307 2742

 1981 771 2743

 1981 2743 4307

 2741 4308 2005

 2741 2005 797

 773 1982 4308

 773 4308 2741

 1982 772 2742

 1982 2742 4308

 2740 4309 2006

 2740 2006 798

 774 1983 4309

 774 4309 2740

 1983 773 2741

 1983 2741 4309

 2739 4310 2007

 2739 2007 799

 775 1984 4310

 775 4310 2739

 1984 774 2740

 1984 2740 4310

 2738 4311 2008

 2738 2008 800

 776 1985 4311

 776 4311 2738

 1985 775 2739

 1985 2739 4311

 2737 4312 2009

 2737 2009 801

 777 1986 4312

 777 4312 2737

 1986 776 2738

 1986 2738 4312

 2736 4313 2010

 2736 2010 802

 778 1987 4313

 778 4313 2736

 1987 777 2737

 1987 2737 4313

 2735 4314 2011

 2735 2011 803

 779 1988 4314

 779 4314 2735

 1988 778 2736

 1988 2736 4314

 2734 4315 2012

 2734 2012 804

 780 1989 4315

 780 4315 2734

 1989 779 2735

 1989 2735 4315

 2732 4316 2014

 2732 2014 806

 782 1991 4316

 782 4316 2732

 1991 781 2733

 1991 2733 4316

 2731 4317 2015

 2731 2015 807

 783 1992 4317

 783 4317 2731

 1992 782 2732

 1992 2732 4317

 2730 4318 2016

 2730 2016 808

 784 1993 4318

 784 4318 2730

 1993 783 2731

 1993 2731 4318

 2729 4319 2017

 2729 2017 809

 785 1994 4319

 785 4319 2729

 1994 784 2730

 1994 2730 4319

 2728 4320 2018

 2728 2018 810

 786 1995 4320

 786 4320 2728

 1995 785 2729

 1995 2729 4320

 2727 4321 2019

 2727 2019 811

 787 1996 4321

 787 4321 2727

 1996 786 2728

 1996 2728 4321

 2725 4322 2021

 2725 2021 813

 789 1998 4322

 789 4322 2725

 1998 788 2726

 1998 2726 4322

 2724 4323 2022

 2724 2022 814

 790 1999 4323

 790 4323 2724

 1999 789 2725

 1999 2725 4323

 2723 4324 2023

 2723 2023 815

 791 2000 4324

 791 4324 2723

 2000 790 2724

 2000 2724 4324

 2721 4325 2026

 2721 2026 819

 793 2001 4325

 793 4325 2721

 2001 792 2722

 2001 2722 4325

 2720 4326 2027

 2720 2027 820

 794 2002 4326

 794 4326 2720

 2002 793 2721

 2002 2721 4326

 2719 4327 2028

 2719 2028 821

 795 2003 4327

 795 4327 2719

 2003 794 2720

 2003 2720 4327

 2718 4328 2029

 2718 2029 822

 796 2004 4328

 796 4328 2718

 2004 795 2719

 2004 2719 4328

 2717 4329 2030

 2717 2030 823

 797 2005 4329

 797 4329 2717

 2005 796 2718

 2005 2718 4329

 2716 4330 2031

 2716 2031 824

 798 2006 4330

 798 4330 2716

 2006 797 2717

 2006 2717 4330

 2715 4331 2032

 2715 2032 825

 799 2007 4331

 799 4331 2715

 2007 798 2716

 2007 2716 4331

 2714 4332 2033

 2714 2033 826

 800 2008 4332

 800 4332 2714

 2008 799 2715

 2008 2715 4332

 2713 4333 2034

 2713 2034 827

 801 2009 4333

 801 4333 2713

 2009 800 2714

 2009 2714 4333

 2712 4334 2035

 2712 2035 828

 802 2010 4334

 802 4334 2712

 2010 801 2713

 2010 2713 4334

 2711 4335 2036

 2711 2036 829

 803 2011 4335

 803 4335 2711

 2011 802 2712

 2011 2712 4335

 2710 4336 2037

 2710 2037 830

 804 2012 4336

 804 4336 2710

 2012 803 2711

 2012 2711 4336

 2709 4337 2038

 2709 2038 831

 805 2013 4337

 805 4337 2709

 2013 804 2710

 2013 2710 4337

 2708 4338 2039

 2708 2039 832

 806 2014 4338

 806 4338 2708

 2014 805 2709

 2014 2709 4338

 2707 4339 2040

 2707 2040 833

 807 2015 4339

 807 4339 2707

 2015 806 2708

 2015 2708 4339

 2706 4340 2041

 2706 2041 834

 808 2016 4340

 808 4340 2706

 2016 807 2707

 2016 2707 4340

 2705 4341 2042

 2705 2042 835

 809 2017 4341

 809 4341 2705

 2017 808 2706

 2017 2706 4341

 2704 4342 2043

 2704 2043 836

 810 2018 4342

 810 4342 2704

 2018 809 2705

 2018 2705 4342

 2703 4343 2044

 2703 2044 837

 811 2019 4343

 811 4343 2703

 2019 810 2704

 2019 2704 4343

 2702 4344 2045

 2702 2045 838

 812 2020 4344

 812 4344 2702

 2020 811 2703

 2020 2703 4344

 2701 4345 2046

 2701 2046 839

 813 2021 4345

 813 4345 2701

 2021 812 2702

 2021 2702 4345

 2700 4346 2047

 2700 2047 840

 814 2022 4346

 814 4346 2700

 2022 813 2701

 2022 2701 4346

 2699 4347 2048

 2699 2048 841

 815 2023 4347

 815 4347 2699

 2023 814 2700

 2023 2700 4347

 2698 4348 2049

 2698 2049 842

 816 2024 4348

 816 4348 2698

 2024 815 2699

 2024 2699 4348

 2696 4349 2052

 2696 2052 846

 818 2025 4349

 818 4349 2696

 2025 817 2697

 2025 2697 4349

 2695 4350 2053

 2695 2053 847

 819 2026 4350

 819 4350 2695

 2026 818 2696

 2026 2696 4350

 2694 4351 2054

 2694 2054 848

 820 2027 4351

 820 4351 2694

 2027 819 2695

 2027 2695 4351

 2693 4352 2055

 2693 2055 849

 821 2028 4352

 821 4352 2693

 2028 820 2694

 2028 2694 4352

 2692 4353 2056

 2692 2056 850

 822 2029 4353

 822 4353 2692

 2029 821 2693

 2029 2693 4353

 2691 4354 2057

 2691 2057 851

 823 2030 4354

 823 4354 2691

 2030 822 2692

 2030 2692 4354

 2690 4355 2058

 2690 2058 852

 824 2031 4355

 824 4355 2690

 2031 823 2691

 2031 2691 4355

 2689 4356 2059

 2689 2059 853

 825 2032 4356

 825 4356 2689

 2032 824 2690

 2032 2690 4356

 2688 4357 2060

 2688 2060 854

 826 2033 4357

 826 4357 2688

 2033 825 2689

 2033 2689 4357

 2687 4358 2061

 2687 2061 855

 827 2034 4358

 827 4358 2687

 2034 826 2688

 2034 2688 4358

 2686 4359 2062

 2686 2062 856

 828 2035 4359

 828 4359 2686

 2035 827 2687

 2035 2687 4359

 2685 4360 2063

 2685 2063 857

 829 2036 4360

 829 4360 2685

 2036 828 2686

 2036 2686 4360

 2684 4361 2064

 2684 2064 858

 830 2037 4361

 830 4361 2684

 2037 829 2685

 2037 2685 4361

 2683 4362 2065

 2683 2065 859

 831 2038 4362

 831 4362 2683

 2038 830 2684

 2038 2684 4362

 2682 4363 2066

 2682 2066 860

 832 2039 4363

 832 4363 2682

 2039 831 2683

 2039 2683 4363

 2681 4364 2067

 2681 2067 861

 833 2040 4364

 833 4364 2681

 2040 832 2682

 2040 2682 4364

 2680 4365 2068

 2680 2068 862

 834 2041 4365

 834 4365 2680

 2041 833 2681

 2041 2681 4365

 2679 4366 2069

 2679 2069 863

 835 2042 4366

 835 4366 2679

 2042 834 2680

 2042 2680 4366

 2678 4367 2070

 2678 2070 864

 836 2043 4367

 836 4367 2678

 2043 835 2679

 2043 2679 4367

 2677 4368 2071

 2677 2071 865

 837 2044 4368

 837 4368 2677

 2044 836 2678

 2044 2678 4368

 2676 4369 2072

 2676 2072 866

 838 2045 4369

 838 4369 2676

 2045 837 2677

 2045 2677 4369

 2675 4370 2073

 2675 2073 867

 839 2046 4370

 839 4370 2675

 2046 838 2676

 2046 2676 4370

 2674 4371 2074

 2674 2074 868

 840 2047 4371

 840 4371 2674

 2047 839 2675

 2047 2675 4371

 2673 4372 2075

 2673 2075 869

 841 2048 4372

 841 4372 2673

 2048 840 2674

 2048 2674 4372

 2672 4373 2076

 2672 2076 870

 842 2049 4373

 842 4373 2672

 2049 841 2673

 2049 2673 4373

 2671 4374 2077

 2671 2077 871

 843 2050 4374

 843 4374 2671

 2050 842 2672

 2050 2672 4374

 2670 4375 2078

 2670 2078 872

 844 2051 4375

 844 4375 2670

 2051 843 2671

 2051 2671 4375

 2668 4376 2080

 2668 2080 875

 846 2052 4376

 846 4376 2668

 2052 845 2669

 2052 2669 4376

 2667 4377 2081

 2667 2081 876

 847 2053 4377

 847 4377 2667

 2053 846 2668

 2053 2668 4377

 2666 4378 2082

 2666 2082 877

 848 2054 4378

 848 4378 2666

 2054 847 2667

 2054 2667 4378

 2665 4379 2083

 2665 2083 878

 849 2055 4379

 849 4379 2665

 2055 848 2666

 2055 2666 4379

 2664 4380 2084

 2664 2084 879

 850 2056 4380

 850 4380 2664

 2056 849 2665

 2056 2665 4380

 2663 4381 2085

 2663 2085 880

 851 2057 4381

 851 4381 2663

 2057 850 2664

 2057 2664 4381

 2662 4382 2086

 2662 2086 881

 852 2058 4382

 852 4382 2662

 2058 851 2663

 2058 2663 4382

 2661 4383 2087

 2661 2087 882

 853 2059 4383

 853 4383 2661

 2059 852 2662

 2059 2662 4383

 2660 4384 2088

 2660 2088 883

 854 2060 4384

 854 4384 2660

 2060 853 2661

 2060 2661 4384

 2659 4385 2089

 2659 2089 884

 855 2061 4385

 855 4385 2659

 2061 854 2660

 2061 2660 4385

 2658 4386 2090

 2658 2090 885

 856 2062 4386

 856 4386 2658

 2062 855 2659

 2062 2659 4386

 2657 4387 2091

 2657 2091 886

 857 2063 4387

 857 4387 2657

 2063 856 2658

 2063 2658 4387

 2656 4388 2092

 2656 2092 887

 858 2064 4388

 858 4388 2656

 2064 857 2657

 2064 2657 4388

 2655 4389 2093

 2655 2093 888

 859 2065 4389

 859 4389 2655

 2065 858 2656

 2065 2656 4389

 2653 4390 2095

 2653 2095 890

 861 2067 4390

 861 4390 2653

 2067 860 2654

 2067 2654 4390

 2652 4391 2096

 2652 2096 891

 862 2068 4391

 862 4391 2652

 2068 861 2653

 2068 2653 4391

 2651 4392 2097

 2651 2097 892

 863 2069 4392

 863 4392 2651

 2069 862 2652

 2069 2652 4392

 2650 4393 2098

 2650 2098 893

 864 2070 4393

 864 4393 2650

 2070 863 2651

 2070 2651 4393

 2649 4394 2099

 2649 2099 894

 865 2071 4394

 865 4394 2649

 2071 864 2650

 2071 2650 4394

 2648 4395 2100

 2648 2100 895

 866 2072 4395

 866 4395 2648

 2072 865 2649

 2072 2649 4395

 2647 4396 2101

 2647 2101 896

 867 2073 4396

 867 4396 2647

 2073 866 2648

 2073 2648 4396

 2646 4397 2102

 2646 2102 897

 868 2074 4397

 868 4397 2646

 2074 867 2647

 2074 2647 4397

 2645 4398 2103

 2645 2103 898

 869 2075 4398

 869 4398 2645

 2075 868 2646

 2075 2646 4398

 2644 4399 2104

 2644 2104 899

 870 2076 4399

 870 4399 2644

 2076 869 2645

 2076 2645 4399

 2643 4400 2105

 2643 2105 900

 871 2077 4400

 871 4400 2643

 2077 870 2644

 2077 2644 4400

 2642 4401 2106

 2642 2106 901

 872 2078 4401

 872 4401 2642

 2078 871 2643

 2078 2643 4401

 2641 4402 2107

 2641 2107 902

 873 2079 4402

 873 4402 2641

 2079 872 2642

 2079 2642 4402

 2639 4403 2113

 2639 2113 909

 875 2080 4403

 875 4403 2639

 2080 874 2640

 2080 2640 4403

 2638 4404 2114

 2638 2114 910

 876 2081 4404

 876 4404 2638

 2081 875 2639

 2081 2639 4404

 2637 4405 2115

 2637 2115 911

 877 2082 4405

 877 4405 2637

 2082 876 2638

 2082 2638 4405

 2636 4406 2116

 2636 2116 912

 878 2083 4406

 878 4406 2636

 2083 877 2637

 2083 2637 4406

 2635 4407 2117

 2635 2117 913

 879 2084 4407

 879 4407 2635

 2084 878 2636

 2084 2636 4407

 2634 4408 2118

 2634 2118 914

 880 2085 4408

 880 4408 2634

 2085 879 2635

 2085 2635 4408

 2633 4409 2119

 2633 2119 915

 881 2086 4409

 881 4409 2633

 2086 880 2634

 2086 2634 4409

 2632 4410 2120

 2632 2120 916

 882 2087 4410

 882 4410 2632

 2087 881 2633

 2087 2633 4410

 2631 4411 2121

 2631 2121 917

 883 2088 4411

 883 4411 2631

 2088 882 2632

 2088 2632 4411

 2630 4412 2122

 2630 2122 918

 884 2089 4412

 884 4412 2630

 2089 883 2631

 2089 2631 4412

 2629 4413 2123

 2629 2123 919

 885 2090 4413

 885 4413 2629

 2090 884 2630

 2090 2630 4413

 2628 4414 2124

 2628 2124 920

 886 2091 4414

 886 4414 2628

 2091 885 2629

 2091 2629 4414

 2627 4415 2125

 2627 2125 921

 887 2092 4415

 887 4415 2627

 2092 886 2628

 2092 2628 4415

 2626 4416 2126

 2626 2126 922

 888 2093 4416

 888 4416 2626

 2093 887 2627

 2093 2627 4416

 2625 4417 2127

 2625 2127 923

 889 2094 4417

 889 4417 2625

 2094 888 2626

 2094 2626 4417

 2624 4418 2128

 2624 2128 924

 890 2095 4418

 890 4418 2624

 2095 889 2625

 2095 2625 4418

 2623 4419 2129

 2623 2129 925

 891 2096 4419

 891 4419 2623

 2096 890 2624

 2096 2624 4419

 2622 4420 2130

 2622 2130 926

 892 2097 4420

 892 4420 2622

 2097 891 2623

 2097 2623 4420

 2621 4421 2131

 2621 2131 927

 893 2098 4421

 893 4421 2621

 2098 892 2622

 2098 2622 4421

 2620 4422 2132

 2620 2132 928

 894 2099 4422

 894 4422 2620

 2099 893 2621

 2099 2621 4422

 2619 4423 2133

 2619 2133 929

 895 2100 4423

 895 4423 2619

 2100 894 2620

 2100 2620 4423

 2618 4424 2134

 2618 2134 930

 896 2101 4424

 896 4424 2618

 2101 895 2619

 2101 2619 4424

 2617 4425 2135

 2617 2135 931

 897 2102 4425

 897 4425 2617

 2102 896 2618

 2102 2618 4425

 2616 4426 2136

 2616 2136 932

 898 2103 4426

 898 4426 2616

 2103 897 2617

 2103 2617 4426

 2615 4427 2137

 2615 2137 933

 899 2104 4427

 899 4427 2615

 2104 898 2616

 2104 2616 4427

 2614 4428 2138

 2614 2138 934

 900 2105 4428

 900 4428 2614

 2105 899 2615

 2105 2615 4428

 2613 4429 2139

 2613 2139 935

 901 2106 4429

 901 4429 2613

 2106 900 2614

 2106 2614 4429

 2612 4430 2140

 2612 2140 936

 902 2107 4430

 902 4430 2612

 2107 901 2613

 2107 2613 4430

 2611 4431 2141

 2611 2141 937

 903 2108 4431

 903 4431 2611

 2108 902 2612

 2108 2612 4431

 2610 4432 2142

 2610 2142 938

 904 2109 4432

 904 4432 2610

 2109 903 2611

 2109 2611 4432

 2609 4433 2143

 2609 2143 939

 905 2110 4433

 905 4433 2609

 2110 904 2610

 2110 2610 4433

 2608 4434 2144

 2608 2144 940

 906 2111 4434

 906 4434 2608

 2111 905 2609

 2111 2609 4434

 2607 4435 2145

 2607 2145 941

 907 2112 4435

 907 4435 2607

 2112 906 2608

 2112 2608 4435

 2605 4436 2150

 2605 2150 947

 909 2113 4436

 909 4436 2605

 2113 908 2606

 2113 2606 4436

 2604 4437 2151

 2604 2151 948

 910 2114 4437

 910 4437 2604

 2114 909 2605

 2114 2605 4437

 2603 4438 2152

 2603 2152 949

 911 2115 4438

 911 4438 2603

 2115 910 2604

 2115 2604 4438

 2602 4439 2153

 2602 2153 950

 912 2116 4439

 912 4439 2602

 2116 911 2603

 2116 2603 4439

 2601 4440 2154

 2601 2154 951

 913 2117 4440

 913 4440 2601

 2117 912 2602

 2117 2602 4440

 2600 4441 2155

 2600 2155 952

 914 2118 4441

 914 4441 2600

 2118 913 2601

 2118 2601 4441

 2599 4442 2156

 2599 2156 953

 915 2119 4442

 915 4442 2599

 2119 914 2600

 2119 2600 4442

 2598 4443 2157

 2598 2157 954

 916 2120 4443

 916 4443 2598

 2120 915 2599

 2120 2599 4443

 2597 4444 2158

 2597 2158 955

 917 2121 4444

 917 4444 2597

 2121 916 2598

 2121 2598 4444

 2596 4445 2159

 2596 2159 956

 918 2122 4445

 918 4445 2596

 2122 917 2597

 2122 2597 4445

 2595 4446 2160

 2595 2160 957

 919 2123 4446

 919 4446 2595

 2123 918 2596

 2123 2596 4446

 2594 4447 2161

 2594 2161 958

 920 2124 4447

 920 4447 2594

 2124 919 2595

 2124 2595 4447

 2592 4448 2163

 2592 2163 960

 922 2126 4448

 922 4448 2592

 2126 921 2593

 2126 2593 4448

 2591 4449 2164

 2591 2164 961

 923 2127 4449

 923 4449 2591

 2127 922 2592

 2127 2592 4449

 2590 4450 2165

 2590 2165 962

 924 2128 4450

 924 4450 2590

 2128 923 2591

 2128 2591 4450

 2589 4451 2166

 2589 2166 963

 925 2129 4451

 925 4451 2589

 2129 924 2590

 2129 2590 4451

 2588 4452 2167

 2588 2167 964

 926 2130 4452

 926 4452 2588

 2130 925 2589

 2130 2589 4452

 2587 4453 2168

 2587 2168 965

 927 2131 4453

 927 4453 2587

 2131 926 2588

 2131 2588 4453

 2586 4454 2169

 2586 2169 966

 928 2132 4454

 928 4454 2586

 2132 927 2587

 2132 2587 4454

 2585 4455 2170

 2585 2170 967

 929 2133 4455

 929 4455 2585

 2133 928 2586

 2133 2586 4455

 2584 4456 2171

 2584 2171 968

 930 2134 4456

 930 4456 2584

 2134 929 2585

 2134 2585 4456

 2583 4457 2172

 2583 2172 969

 931 2135 4457

 931 4457 2583

 2135 930 2584

 2135 2584 4457

 2582 4458 2173

 2582 2173 970

 932 2136 4458

 932 4458 2582

 2136 931 2583

 2136 2583 4458

 2581 4459 2174

 2581 2174 971

 933 2137 4459

 933 4459 2581

 2137 932 2582

 2137 2582 4459

 2580 4460 2175

 2580 2175 972

 934 2138 4460

 934 4460 2580

 2138 933 2581

 2138 2581 4460

 2579 4461 2176

 2579 2176 973

 935 2139 4461

 935 4461 2579

 2139 934 2580

 2139 2580 4461

 2578 4462 2177

 2578 2177 974

 936 2140 4462

 936 4462 2578

 2140 935 2579

 2140 2579 4462

 2577 4463 2178

 2577 2178 975

 937 2141 4463

 937 4463 2577

 2141 936 2578

 2141 2578 4463

 2576 4464 2179

 2576 2179 976

 938 2142 4464

 938 4464 2576

 2142 937 2577

 2142 2577 4464

 2575 4465 2180

 2575 2180 977

 939 2143 4465

 939 4465 2575

 2143 938 2576

 2143 2576 4465

 2574 4466 2181

 2574 2181 978

 940 2144 4466

 940 4466 2574

 2144 939 2575

 2144 2575 4466

 2573 4467 2182

 2573 2182 979

 941 2145 4467

 941 4467 2573

 2145 940 2574

 2145 2574 4467

 2572 4468 2183

 2572 2183 980

 942 2146 4468

 942 4468 2572

 2146 941 2573

 2146 2573 4468

 2571 4469 2184

 2571 2184 981

 943 2147 4469

 943 4469 2571

 2147 942 2572

 2147 2572 4469

 2570 4470 2185

 2570 2185 982

 944 2148 4470

 944 4470 2570

 2148 943 2571

 2148 2571 4470

 2569 4471 2186

 2569 2186 983

 945 2149 4471

 945 4471 2569

 2149 944 2570

 2149 2570 4471

 2567 4472 2189

 2567 2189 987

 949 2152 4472

 949 4472 2567

 2152 948 2568

 2152 2568 4472

 2566 4473 2190

 2566 2190 988

 950 2153 4473

 950 4473 2566

 2153 949 2567

 2153 2567 4473

 2565 4474 2191

 2565 2191 989

 951 2154 4474

 951 4474 2565

 2154 950 2566

 2154 2566 4474

 2564 4475 2192

 2564 2192 990

 952 2155 4475

 952 4475 2564

 2155 951 2565

 2155 2565 4475

 2563 4476 2193

 2563 2193 991

 953 2156 4476

 953 4476 2563

 2156 952 2564

 2156 2564 4476

 2562 4477 2194

 2562 2194 992

 954 2157 4477

 954 4477 2562

 2157 953 2563

 2157 2563 4477

 2561 4478 2195

 2561 2195 993

 955 2158 4478

 955 4478 2561

 2158 954 2562

 2158 2562 4478

 2560 4479 2196

 2560 2196 994

 956 2159 4479

 956 4479 2560

 2159 955 2561

 2159 2561 4479

 2559 4480 2197

 2559 2197 995

 957 2160 4480

 957 4480 2559

 2160 956 2560

 2160 2560 4480

 2558 4481 2198

 2558 2198 996

 958 2161 4481

 958 4481 2558

 2161 957 2559

 2161 2559 4481

 2557 4482 2199

 2557 2199 997

 959 2162 4482

 959 4482 2557

 2162 958 2558

 2162 2558 4482

 2556 4483 2200

 2556 2200 998

 960 2163 4483

 960 4483 2556

 2163 959 2557

 2163 2557 4483

 2555 4484 2201

 2555 2201 999

 961 2164 4484

 961 4484 2555

 2164 960 2556

 2164 2556 4484

 2554 4485 2202

 2554 2202 1000

 962 2165 4485

 962 4485 2554

 2165 961 2555

 2165 2555 4485

 2553 4486 2203

 2553 2203 1001

 963 2166 4486

 963 4486 2553

 2166 962 2554

 2166 2554 4486

 2552 4487 2204

 2552 2204 1002

 964 2167 4487

 964 4487 2552

 2167 963 2553

 2167 2553 4487

 2551 4488 2205

 2551 2205 1003

 965 2168 4488

 965 4488 2551

 2168 964 2552

 2168 2552 4488

 2550 4489 2206

 2550 2206 1004

 966 2169 4489

 966 4489 2550

 2169 965 2551

 2169 2551 4489

 2549 4490 2207

 2549 2207 1005

 967 2170 4490

 967 4490 2549

 2170 966 2550

 2170 2550 4490

 2548 4491 2208

 2548 2208 1006

 968 2171 4491

 968 4491 2548

 2171 967 2549

 2171 2549 4491

 2547 4492 2209

 2547 2209 1007

 969 2172 4492

 969 4492 2547

 2172 968 2548

 2172 2548 4492

 2546 4493 2210

 2546 2210 1008

 970 2173 4493

 970 4493 2546

 2173 969 2547

 2173 2547 4493

 2545 4494 2211

 2545 2211 1009

 971 2174 4494

 971 4494 2545

 2174 970 2546

 2174 2546 4494

 2544 4495 2212

 2544 2212 1010

 972 2175 4495

 972 4495 2544

 2175 971 2545

 2175 2545 4495

 2543 4496 2213

 2543 2213 1011

 973 2176 4496

 973 4496 2543

 2176 972 2544

 2176 2544 4496

 2542 4497 2214

 2542 2214 1012

 974 2177 4497

 974 4497 2542

 2177 973 2543

 2177 2543 4497

 2541 4498 2215

 2541 2215 1013

 975 2178 4498

 975 4498 2541

 2178 974 2542

 2178 2542 4498

 2540 4499 2216

 2540 2216 1014

 976 2179 4499

 976 4499 2540

 2179 975 2541

 2179 2541 4499

 2539 4500 2217

 2539 2217 1015

 977 2180 4500

 977 4500 2539

 2180 976 2540

 2180 2540 4500

 2538 4501 2218

 2538 2218 1016

 978 2181 4501

 978 4501 2538

 2181 977 2539

 2181 2539 4501

 2537 4502 2219

 2537 2219 1017

 979 2182 4502

 979 4502 2537

 2182 978 2538

 2182 2538 4502

 2536 4503 2220

 2536 2220 1018

 980 2183 4503

 980 4503 2536

 2183 979 2537

 2183 2537 4503

 2535 4504 2221

 2535 2221 1019

 981 2184 4504

 981 4504 2535

 2184 980 2536

 2184 2536 4504

 2534 4505 2222

 2534 2222 1020

 982 2185 4505

 982 4505 2534

 2185 981 2535

 2185 2535 4505

 2533 4506 2223

 2533 2223 1021

 983 2186 4506

 983 4506 2533

 2186 982 2534

 2186 2534 4506

 2532 4507 2224

 2532 2224 1022

 984 2187 4507

 984 4507 2532

 2187 983 2533

 2187 2533 4507

 2531 4508 2225

 2531 2225 1023

 985 2188 4508

 985 4508 2531

 2188 984 2532

 2188 2532 4508

 2529 4509 2226

 2529 2226 1025

 988 2190 4509

 988 4509 2529

 2190 987 2530

 2190 2530 4509

 2528 4510 2227

 2528 2227 1026

 989 2191 4510

 989 4510 2528

 2191 988 2529

 2191 2529 4510

 2526 4511 2229

 2526 2229 1028

 991 2193 4511

 991 4511 2526

 2193 990 2527

 2193 2527 4511

 2525 4512 2230

 2525 2230 1029

 992 2194 4512

 992 4512 2525

 2194 991 2526

 2194 2526 4512

 2524 4513 2231

 2524 2231 1030

 993 2195 4513

 993 4513 2524

 2195 992 2525

 2195 2525 4513

 2523 4514 2232

 2523 2232 1031

 994 2196 4514

 994 4514 2523

 2196 993 2524

 2196 2524 4514

 2522 4515 2233

 2522 2233 1032

 995 2197 4515

 995 4515 2522

 2197 994 2523

 2197 2523 4515

 2521 4516 2234

 2521 2234 1033

 996 2198 4516

 996 4516 2521

 2198 995 2522

 2198 2522 4516

 2520 4517 2235

 2520 2235 1034

 997 2199 4517

 997 4517 2520

 2199 996 2521

 2199 2521 4517

 2519 4518 2236

 2519 2236 1035

 998 2200 4518

 998 4518 2519

 2200 997 2520

 2200 2520 4518

 2518 4519 2237

 2518 2237 1036

 999 2201 4519

 999 4519 2518

 2201 998 2519

 2201 2519 4519

 2517 4520 2238

 2517 2238 1037

 1000 2202 4520

 1000 4520 2517

 2202 999 2518

 2202 2518 4520

 2516 4521 2239

 2516 2239 1038

 1001 2203 4521

 1001 4521 2516

 2203 1000 2517

 2203 2517 4521

 2515 4522 2240

 2515 2240 1039

 1002 2204 4522

 1002 4522 2515

 2204 1001 2516

 2204 2516 4522

 2514 4523 2241

 2514 2241 1040

 1003 2205 4523

 1003 4523 2514

 2205 1002 2515

 2205 2515 4523

 2513 4524 2242

 2513 2242 1041

 1004 2206 4524

 1004 4524 2513

 2206 1003 2514

 2206 2514 4524

 2512 4525 2243

 2512 2243 1042

 1005 2207 4525

 1005 4525 2512

 2207 1004 2513

 2207 2513 4525

 2511 4526 2244

 2511 2244 1043

 1006 2208 4526

 1006 4526 2511

 2208 1005 2512

 2208 2512 4526

 2510 4527 2245

 2510 2245 1044

 1007 2209 4527

 1007 4527 2510

 2209 1006 2511

 2209 2511 4527

 2509 4528 2246

 2509 2246 1045

 1008 2210 4528

 1008 4528 2509

 2210 1007 2510

 2210 2510 4528

 2508 4529 2247

 2508 2247 1046

 1009 2211 4529

 1009 4529 2508

 2211 1008 2509

 2211 2509 4529

 2507 4530 2248

 2507 2248 1047

 1010 2212 4530

 1010 4530 2507

 2212 1009 2508

 2212 2508 4530

 2506 4531 2249

 2506 2249 1048

 1011 2213 4531

 1011 4531 2506

 2213 1010 2507

 2213 2507 4531

 2505 4532 2250

 2505 2250 1049

 1012 2214 4532

 1012 4532 2505

 2214 1011 2506

 2214 2506 4532

 2504 4533 2251

 2504 2251 1050

 1013 2215 4533

 1013 4533 2504

 2215 1012 2505

 2215 2505 4533

 2503 4534 2252

 2503 2252 1051

 1014 2216 4534

 1014 4534 2503

 2216 1013 2504

 2216 2504 4534

 2502 4535 2253

 2502 2253 1052

 1015 2217 4535

 1015 4535 2502

 2217 1014 2503

 2217 2503 4535

 2501 4536 2254

 2501 2254 1053

 1016 2218 4536

 1016 4536 2501

 2218 1015 2502

 2218 2502 4536

 2500 4537 2255

 2500 2255 1054

 1017 2219 4537

 1017 4537 2500

 2219 1016 2501

 2219 2501 4537

 2499 4538 2256

 2499 2256 1055

 1018 2220 4538

 1018 4538 2499

 2220 1017 2500

 2220 2500 4538

 2498 4539 2257

 2498 2257 1056

 1019 2221 4539

 1019 4539 2498

 2221 1018 2499

 2221 2499 4539

 2497 4540 2258

 2497 2258 1057

 1020 2222 4540

 1020 4540 2497

 2222 1019 2498

 2222 2498 4540

 2496 4541 2259

 2496 2259 1058

 1021 2223 4541

 1021 4541 2496

 2223 1020 2497

 2223 2497 4541

 2495 4542 2260

 2495 2260 1059

 1022 2224 4542

 1022 4542 2495

 2224 1021 2496

 2224 2496 4542

 2494 4543 2261

 2494 2261 1060

 1023 2225 4543

 1023 4543 2494

 2225 1022 2495

 2225 2495 4543

 2492 4544 2263

 2492 2263 1063

 1025 2226 4544

 1025 4544 2492

 2226 1024 2493

 2226 2493 4544

 2491 4545 2264

 2491 2264 1064

 1026 2227 4545

 1026 4545 2491

 2227 1025 2492

 2227 2492 4545

 2490 4546 2265

 2490 2265 1065

 1027 2228 4546

 1027 4546 2490

 2228 1026 2491

 2228 2491 4546

 2489 4547 2266

 2489 2266 1066

 1028 2229 4547

 1028 4547 2489

 2229 1027 2490

 2229 2490 4547

 2488 4548 2267

 2488 2267 1067

 1029 2230 4548

 1029 4548 2488

 2230 1028 2489

 2230 2489 4548

 2487 4549 2268

 2487 2268 1068

 1030 2231 4549

 1030 4549 2487

 2231 1029 2488

 2231 2488 4549

 2486 4550 2269

 2486 2269 1069

 1031 2232 4550

 1031 4550 2486

 2232 1030 2487

 2232 2487 4550

 2485 4551 2270

 2485 2270 1070

 1032 2233 4551

 1032 4551 2485

 2233 1031 2486

 2233 2486 4551

 2484 4552 2271

 2484 2271 1071

 1033 2234 4552

 1033 4552 2484

 2234 1032 2485

 2234 2485 4552

 2483 4553 2272

 2483 2272 1072

 1034 2235 4553

 1034 4553 2483

 2235 1033 2484

 2235 2484 4553

 2482 4554 2273

 2482 2273 1073

 1035 2236 4554

 1035 4554 2482

 2236 1034 2483

 2236 2483 4554

 2481 4555 2274

 2481 2274 1074

 1036 2237 4555

 1036 4555 2481

 2237 1035 2482

 2237 2482 4555

 2480 4556 2275

 2480 2275 1075

 1037 2238 4556

 1037 4556 2480

 2238 1036 2481

 2238 2481 4556

 2479 4557 2276

 2479 2276 1076

 1038 2239 4557

 1038 4557 2479

 2239 1037 2480

 2239 2480 4557

 2478 4558 2277

 2478 2277 1077

 1039 2240 4558

 1039 4558 2478

 2240 1038 2479

 2240 2479 4558

 2477 4559 2278

 2477 2278 1078

 1040 2241 4559

 1040 4559 2477

 2241 1039 2478

 2241 2478 4559

 2476 4560 2279

 2476 2279 1079

 1041 2242 4560

 1041 4560 2476

 2242 1040 2477

 2242 2477 4560

 2475 4561 2280

 2475 2280 1080

 1042 2243 4561

 1042 4561 2475

 2243 1041 2476

 2243 2476 4561

 2474 4562 2281

 2474 2281 1081

 1043 2244 4562

 1043 4562 2474

 2244 1042 2475

 2244 2475 4562

 2473 4563 2282

 2473 2282 1082

 1044 2245 4563

 1044 4563 2473

 2245 1043 2474

 2245 2474 4563

 2472 4564 2283

 2472 2283 1083

 1045 2246 4564

 1045 4564 2472

 2246 1044 2473

 2246 2473 4564

 2471 4565 2284

 2471 2284 1084

 1046 2247 4565

 1046 4565 2471

 2247 1045 2472

 2247 2472 4565

 2470 4566 2285

 2470 2285 1085

 1047 2248 4566

 1047 4566 2470

 2248 1046 2471

 2248 2471 4566

 2469 4567 2286

 2469 2286 1086

 1048 2249 4567

 1048 4567 2469

 2249 1047 2470

 2249 2470 4567

 2468 4568 2287

 2468 2287 1087

 1049 2250 4568

 1049 4568 2468

 2250 1048 2469

 2250 2469 4568

 2467 4569 2288

 2467 2288 1088

 1050 2251 4569

 1050 4569 2467

 2251 1049 2468

 2251 2468 4569

 2466 4570 2289

 2466 2289 1089

 1051 2252 4570

 1051 4570 2466

 2252 1050 2467

 2252 2467 4570

 2465 4571 2290

 2465 2290 1090

 1052 2253 4571

 1052 4571 2465

 2253 1051 2466

 2253 2466 4571

 2464 4572 2291

 2464 2291 1091

 1053 2254 4572

 1053 4572 2464

 2254 1052 2465

 2254 2465 4572

 2463 4573 2292

 2463 2292 1092

 1054 2255 4573

 1054 4573 2463

 2255 1053 2464

 2255 2464 4573

 2461 4574 2293

 2461 2293 1094

 1058 2259 4574

 1058 4574 2461

 2259 1057 2462

 2259 2462 4574

 2460 4575 2294

 2460 2294 1095

 1059 2260 4575

 1059 4575 2460

 2260 1058 2461

 2260 2461 4575

 2459 4576 2295

 2459 2295 1096

 1060 2261 4576

 1060 4576 2459

 2261 1059 2460

 2261 2460 4576

 2457 4577 2297

 2457 2297 1099

 1062 2262 4577

 1062 4577 2457

 2262 1061 2458

 2262 2458 4577

 2456 4578 2298

 2456 2298 1100

 1063 2263 4578

 1063 4578 2456

 2263 1062 2457

 2263 2457 4578

 2455 4579 2299

 2455 2299 1101

 1064 2264 4579

 1064 4579 2455

 2264 1063 2456

 2264 2456 4579

 2454 4580 2300

 2454 2300 1102

 1065 2265 4580

 1065 4580 2454

 2265 1064 2455

 2265 2455 4580

 2453 4581 2301

 2453 2301 1103

 1066 2266 4581

 1066 4581 2453

 2266 1065 2454

 2266 2454 4581

 2452 4582 2302

 2452 2302 1104

 1067 2267 4582

 1067 4582 2452

 2267 1066 2453

 2267 2453 4582

 2451 4583 2303

 2451 2303 1105

 1068 2268 4583

 1068 4583 2451

 2268 1067 2452

 2268 2452 4583

 2450 4584 2304

 2450 2304 1106

 1069 2269 4584

 1069 4584 2450

 2269 1068 2451

 2269 2451 4584

 2449 4585 2305

 2449 2305 1107

 1070 2270 4585

 1070 4585 2449

 2270 1069 2450

 2270 2450 4585

 2448 4586 2306

 2448 2306 1108

 1071 2271 4586

 1071 4586 2448

 2271 1070 2449

 2271 2449 4586

 2447 4587 2307

 2447 2307 1109

 1072 2272 4587

 1072 4587 2447

 2272 1071 2448

 2272 2448 4587

 2446 4588 2308

 2446 2308 1110

 1073 2273 4588

 1073 4588 2446

 2273 1072 2447

 2273 2447 4588

 2445 4589 2309

 2445 2309 1111

 1074 2274 4589

 1074 4589 2445

 2274 1073 2446

 2274 2446 4589

 2444 4590 2310

 2444 2310 1112

 1075 2275 4590

 1075 4590 2444

 2275 1074 2445

 2275 2445 4590

 2443 4591 2311

 2443 2311 1113

 1076 2276 4591

 1076 4591 2443

 2276 1075 2444

 2276 2444 4591

 2442 4592 2312

 2442 2312 1114

 1077 2277 4592

 1077 4592 2442

 2277 1076 2443

 2277 2443 4592

 2441 4593 2313

 2441 2313 1115

 1078 2278 4593

 1078 4593 2441

 2278 1077 2442

 2278 2442 4593

 2440 4594 2314

 2440 2314 1116

 1079 2279 4594

 1079 4594 2440

 2279 1078 2441

 2279 2441 4594

 2439 4595 2315

 2439 2315 1117

 1080 2280 4595

 1080 4595 2439

 2280 1079 2440

 2280 2440 4595

 2438 4596 2316

 2438 2316 1118

 1081 2281 4596

 1081 4596 2438

 2281 1080 2439

 2281 2439 4596

 2437 4597 2317

 2437 2317 1119

 1082 2282 4597

 1082 4597 2437

 2282 1081 2438

 2282 2438 4597

 2436 4598 2318

 2436 2318 1120

 1083 2283 4598

 1083 4598 2436

 2283 1082 2437

 2283 2437 4598

 2435 4599 2319

 2435 2319 1121

 1084 2284 4599

 1084 4599 2435

 2284 1083 2436

 2284 2436 4599

 2434 4600 2320

 2434 2320 1122

 1085 2285 4600

 1085 4600 2434

 2285 1084 2435

 2285 2435 4600

 2433 4601 2321

 2433 2321 1123

 1086 2286 4601

 1086 4601 2433

 2286 1085 2434

 2286 2434 4601

 2432 4602 2322

 2432 2322 1124

 1087 2287 4602

 1087 4602 2432

 2287 1086 2433

 2287 2433 4602

 2431 4603 2323

 2431 2323 1125

 1088 2288 4603

 1088 4603 2431

 2288 1087 2432

 2288 2432 4603

 2430 4604 2324

 2430 2324 1126

 1089 2289 4604

 1089 4604 2430

 2289 1088 2431

 2289 2431 4604

 2429 4605 2325

 2429 2325 1127

 1090 2290 4605

 1090 4605 2429

 2290 1089 2430

 2290 2430 4605

 2427 4606 2326

 2427 2326 1129

 1098 2296 4606

 1098 4606 2427

 2296 1097 2428

 2296 2428 4606

 2426 4607 2327

 2426 2327 1130

 1099 2297 4607

 1099 4607 2426

 2297 1098 2427

 2297 2427 4607

 2425 4608 2328

 2425 2328 1131

 1100 2298 4608

 1100 4608 2425

 2298 1099 2426

 2298 2426 4608

 2424 4609 2329

 2424 2329 1132

 1101 2299 4609

 1101 4609 2424

 2299 1100 2425

 2299 2425 4609

 2423 4610 2330

 2423 2330 1133

 1102 2300 4610

 1102 4610 2423

 2300 1101 2424

 2300 2424 4610

 2422 4611 2331

 2422 2331 1134

 1103 2301 4611

 1103 4611 2422

 2301 1102 2423

 2301 2423 4611

 2421 4612 2332

 2421 2332 1135

 1104 2302 4612

 1104 4612 2421

 2302 1103 2422

 2302 2422 4612

 2420 4613 2333

 2420 2333 1136

 1105 2303 4613

 1105 4613 2420

 2303 1104 2421

 2303 2421 4613

 2418 4614 2334

 2418 2334 1138

 1114 2312 4614

 1114 4614 2418

 2312 1113 2419

 2312 2419 4614

 2417 4615 2335

 2417 2335 1139

 1115 2313 4615

 1115 4615 2417

 2313 1114 2418

 2313 2418 4615

 2416 4616 2336

 2416 2336 1140

 1116 2314 4616

 1116 4616 2416

 2314 1115 2417

 2314 2417 4616

 2415 4617 2337

 2415 2337 1141

 1117 2315 4617

 1117 4617 2415

 2315 1116 2416

 2315 2416 4617

 2414 4618 2338

 2414 2338 1142

 1118 2316 4618

 1118 4618 2414

 2316 1117 2415

 2316 2415 4618

 2413 4619 2339

 2413 2339 1143

 1119 2317 4619

 1119 4619 2413

 2317 1118 2414

 2317 2414 4619

 2412 4620 2340

 2412 2340 1144

 1120 2318 4620

 1120 4620 2412

 2318 1119 2413

 2318 2413 4620

 2411 4621 2341

 2411 2341 1145

 1121 2319 4621

 1121 4621 2411

 2319 1120 2412

 2319 2412 4621

 2410 4622 2342

 2410 2342 1146

 1122 2320 4622

 1122 4622 2410

 2320 1121 2411

 2320 2411 4622

 2409 4623 2343

 2409 2343 1147

 1123 2321 4623

 1123 4623 2409

 2321 1122 2410

 2321 2410 4623

 2408 4624 2344

 2408 2344 1148

 1124 2322 4624

 1124 4624 2408

 2322 1123 2409

 2322 2409 4624

 2406 4625 2345

 2406 2345 1150

 1129 2326 4625

 1129 4625 2406

 2326 1128 2407

 2326 2407 4625

 2405 4626 2346

 2405 2346 1151

 1130 2327 4626

 1130 4626 2405

 2327 1129 2406

 2327 2406 4626

 2404 4627 2347

 2404 2347 1152

 1131 2328 4627

 1131 4627 2404

 2328 1130 2405

 2328 2405 4627

 2403 4628 2348

 2403 2348 1153

 1132 2329 4628

 1132 4628 2403

 2329 1131 2404

 2329 2404 4628

 2402 4629 2349

 2402 2349 1154

 1133 2330 4629

 1133 4629 2402

 2330 1132 2403

 2330 2403 4629

 2401 4630 2350

 2401 2350 1155

 1134 2331 4630

 1134 4630 2401

 2331 1133 2402

 2331 2402 4630

 2400 4631 2351

 2400 2351 1156

 1135 2332 4631

 1135 4631 2400

 2332 1134 2401

 2332 2401 4631

 2398 4632 2352

 2398 2352 1158

 1138 2334 4632

 1138 4632 2398

 2334 1137 2399

 2334 2399 4632

 2397 4633 2353

 2397 2353 1159

 1139 2335 4633

 1139 4633 2397

 2335 1138 2398

 2335 2398 4633

 2396 4634 2354

 2396 2354 1160

 1140 2336 4634

 1140 4634 2396

 2336 1139 2397

 2336 2397 4634

 2395 4635 2355

 2395 2355 1161

 1141 2337 4635

 1141 4635 2395

 2337 1140 2396

 2337 2396 4635

 2394 4636 2356

 2394 2356 1162

 1142 2338 4636

 1142 4636 2394

 2338 1141 2395

 2338 2395 4636

 2393 4637 2357

 2393 2357 1163

 1143 2339 4637

 1143 4637 2393

 2339 1142 2394

 2339 2394 4637

 2392 4638 2358

 2392 2358 1164

 1144 2340 4638

 1144 4638 2392

 2340 1143 2393

 2340 2393 4638

 2391 4639 2359

 2391 2359 1165

 1145 2341 4639

 1145 4639 2391

 2341 1144 2392

 2341 2392 4639

 2389 4640 2360

 2389 2360 1167

 1150 2345 4640

 1150 4640 2389

 2345 1149 2390

 2345 2390 4640

 2388 4641 2361

 2388 2361 1168

 1151 2346 4641

 1151 4641 2388

 2346 1150 2389

 2346 2389 4641

 2387 4642 2362

 2387 2362 1169

 1152 2347 4642

 1152 4642 2387

 2347 1151 2388

 2347 2388 4642

 2386 4643 2363

 2386 2363 1170

 1153 2348 4643

 1153 4643 2386

 2348 1152 2387

 2348 2387 4643

 2385 4644 2364

 2385 2364 1171

 1154 2349 4644

 1154 4644 2385

 2349 1153 2386

 2349 2386 4644

 2383 4645 2365

 2383 2365 1173

 1159 2353 4645

 1159 4645 2383

 2353 1158 2384

 2353 2384 4645

 2382 4646 2366

 2382 2366 1174

 1160 2354 4646

 1160 4646 2382

 2354 1159 2383

 2354 2383 4646

 2381 4647 2367

 2381 2367 1175

 1161 2355 4647

 1161 4647 2381

 2355 1160 2382

 2355 2382 4647

 2380 4648 2368

 2380 2368 1176

 1162 2356 4648

 1162 4648 2380

 2356 1161 2381

 2356 2381 4648

 2379 4649 2369

 2379 2369 1177

 1163 2357 4649

 1163 4649 2379

 2357 1162 2380

 2357 2380 4649

 2378 4650 2370

 2378 2370 1178

 1164 2358 4650

 1164 4650 2378

 2358 1163 2379

 2358 2379 4650

 2376 4651 2371

 2376 2371 1180

 1167 2360 4651

 1167 4651 2376

 2360 1166 2377

 2360 2377 4651

 2375 4652 2372

 2375 2372 1181

 1168 2361 4652

 1168 4652 2375

 2361 1167 2376

 2361 2376 4652

 2374 4653 2373

 2374 2373 1182

 1169 2362 4653

 1169 4653 2374

 2362 1168 2375

 2362 2375 4653

 5394 5393 5397

 5394 5397 5398

 5393 5392 5396

 5393 5396 5397

 5392 5391 5395

 5392 5395 5396

 5390 5389 5393

 5390 5393 5394

 5389 5388 5392

 5389 5392 5393

 5388 5387 5391

 5388 5391 5392

 5386 5385 5389

 5386 5389 5390

 5385 5384 5388

 5385 5388 5389

 5384 5383 5387

 5384 5387 5388

 5381 5380 5385

 5381 5385 5386

 5380 5379 5384

 5380 5384 5385

 5379 5378 5383

 5379 5383 5384

 5378 5377 5382

 5378 5382 5383

 5375 5374 5380

 5375 5380 5381

 5374 5373 5379

 5374 5379 5380

 5373 5372 5378

 5373 5378 5379

 5372 5371 5377

 5372 5377 5378

 5371 5370 5376

 5371 5376 5377

 5369 5368 5373

 5369 5373 5374

 5368 5367 5372

 5368 5372 5373

 5367 5366 5371

 5367 5371 5372

 5366 5365 5370

 5366 5370 5371

 5364 5363 5367

 5364 5367 5368

 5363 5362 5366

 5363 5366 5367

 5362 5361 5365

 5362 5365 5366

 5359 5358 5362

 5359 5362 5363

 5358 5357 5361

 5358 5361 5362

 5357 5356 5360

 5357 5360 5361

 5351 5350 5358

 5351 5358 5359

 5350 5349 5357

 5350 5357 5358

 5349 5348 5356

 5349 5356 5357

 5348 5347 5355

 5348 5355 5356

 5345 5344 5353

 5345 5353 5354

 5344 5343 5352

 5344 5352 5353

 5341 5340 5350

 5341 5350 5351

 5340 5339 5349

 5340 5349 5350

 5339 5338 5348

 5339 5348 5349

 5338 5337 5347

 5338 5347 5348

 5334 5333 5345

 5334 5345 5346

 5333 5332 5344

 5333 5344 5345

 5332 5331 5343

 5332 5343 5344

 5331 5330 5342

 5331 5342 5343

 5329 5328 5339

 5329 5339 5340

 5328 5327 5338

 5328 5338 5339

 5327 5326 5337

 5327 5337 5338

 5324 5323 5335

 5324 5335 5336

 5323 5322 5334

 5323 5334 5335

 5322 5321 5333

 5322 5333 5334

 5321 5320 5332

 5321 5332 5333

 5320 5319 5331

 5320 5331 5332

 5319 5318 5330

 5319 5330 5331

 5317 5316 5328

 5317 5328 5329

 5316 5315 5327

 5316 5327 5328

 5315 5314 5326

 5315 5326 5327

 5313 5312 5324

 5313 5324 5325

 5312 5311 5323

 5312 5323 5324

 5311 5310 5322

 5311 5322 5323

 5310 5309 5321

 5310 5321 5322

 5309 5308 5320

 5309 5320 5321

 5308 5307 5319

 5308 5319 5320

 5306 5305 5316

 5306 5316 5317

 5305 5304 5315

 5305 5315 5316

 5304 5303 5314

 5304 5314 5315

 5303 5302 5313

 5303 5313 5314

 5302 5301 5312

 5302 5312 5313

 5301 5300 5311

 5301 5311 5312

 5300 5299 5310

 5300 5310 5311

 5299 5298 5309

 5299 5309 5310

 5297 5296 5305

 5297 5305 5306

 5296 5295 5304

 5296 5304 5305

 5295 5294 5303

 5295 5303 5304

 5294 5293 5302

 5294 5302 5303

 5293 5292 5301

 5293 5301 5302

 5292 5291 5300

 5292 5300 5301

 5291 5290 5299

 5291 5299 5300

 5288 5287 5296

 5288 5296 5297

 5287 5286 5295

 5287 5295 5296

 5286 5285 5294

 5286 5294 5295

 5285 5284 5293

 5285 5293 5294

 5284 5283 5292

 5284 5292 5293

 5283 5282 5291

 5283 5291 5292

 5282 5281 5290

 5282 5290 5291

 5280 5279 5288

 5280 5288 5289

 5279 5278 5287

 5279 5287 5288

 5278 5277 5286

 5278 5286 5287

 5277 5276 5285

 5277 5285 5286

 5276 5275 5284

 5276 5284 5285

 5275 5274 5283

 5275 5283 5284

 5274 5273 5282

 5274 5282 5283

 5272 5271 5279

 5272 5279 5280

 5271 5270 5278

 5271 5278 5279

 5270 5269 5277

 5270 5277 5278

 5269 5268 5276

 5269 5276 5277

 5267 5266 5271

 5267 5271 5272

 5266 5265 5270

 5266 5270 5271

 5265 5264 5269

 5265 5269 5270

 5264 5263 5268

 5264 5268 5269

 5262 5261 5266

 5262 5266 5267

 5261 5260 5265

 5261 5265 5266

 5260 5259 5264

 5260 5264 5265

 5259 5258 5263

 5259 5263 5264

 5257 5256 5260

 5257 5260 5261

 5256 5255 5259

 5256 5259 5260

 5250 5249 5253

 5250 5253 5254

 5249 5248 5252

 5249 5252 5253

 5248 5247 5251

 5248 5251 5252

 5245 5244 5249

 5245 5249 5250

 5244 5243 5248

 5244 5248 5249

 5243 5242 5247

 5243 5247 5248

 5242 5241 5246

 5242 5246 5247

 5236 5235 5244

 5236 5244 5245

 5235 5234 5243

 5235 5243 5244

 5234 5233 5242

 5234 5242 5243

 5233 5232 5241

 5233 5241 5242

 5231 5230 5239

 5231 5239 5240

 5230 5229 5238

 5230 5238 5239

 5229 5228 5237

 5229 5237 5238

 5227 5226 5234

 5227 5234 5235

 5226 5225 5233

 5226 5233 5234

 5225 5224 5232

 5225 5232 5233

 5222 5221 5230

 5222 5230 5231

 5221 5220 5229

 5221 5229 5230

 5220 5219 5228

 5220 5228 5229

 5217 5216 5226

 5217 5226 5227

 5216 5215 5225

 5216 5225 5226

 5215 5214 5224

 5215 5224 5225

 5213 5212 5222

 5213 5222 5223

 5212 5211 5221

 5212 5221 5222

 5211 5210 5220

 5211 5220 5221

 5210 5209 5219

 5210 5219 5220

 5208 5207 5217

 5208 5217 5218

 5207 5206 5216

 5207 5216 5217

 5206 5205 5215

 5206 5215 5216

 5205 5204 5214

 5205 5214 5215

 5203 5202 5212

 5203 5212 5213

 5202 5201 5211

 5202 5211 5212

 5201 5200 5210

 5201 5210 5211

 5199 5198 5207

 5199 5207 5208

 5198 5197 5206

 5198 5206 5207

 5197 5196 5205

 5197 5205 5206

 5195 5194 5202

 5195 5202 5203

 5194 5193 5201

 5194 5201 5202

 5193 5192 5200

 5193 5200 5201

 5191 5190 5198

 5191 5198 5199

 5190 5189 5197

 5190 5197 5198

 5189 5188 5196

 5189 5196 5197

 5187 5186 5190

 5187 5190 5191

 5186 5185 5189

 5186 5189 5190

 5185 5184 5188

 5185 5188 5189

 5179 5178 5186

 5179 5186 5187

 5178 5177 5185

 5178 5185 5186

 5177 5176 5184

 5177 5184 5185

 5173 5172 5182

 5173 5182 5183

 5172 5171 5181

 5172 5181 5182

 5171 5170 5180

 5171 5180 5181

 5169 5168 5178

 5169 5178 5179

 5168 5167 5177

 5168 5177 5178

 5167 5166 5176

 5167 5176 5177

 5164 5163 5174

 5164 5174 5175

 5163 5162 5173

 5163 5173 5174

 5162 5161 5172

 5162 5172 5173

 5161 5160 5171

 5161 5171 5172

 5160 5159 5170

 5160 5170 5171

 5154 5153 5168

 5154 5168 5169

 5153 5152 5167

 5153 5167 5168

 5152 5151 5166

 5152 5166 5167

 5150 5149 5164

 5150 5164 5165

 5149 5148 5163

 5149 5163 5164

 5148 5147 5162

 5148 5162 5163

 5147 5146 5161

 5147 5161 5162

 5146 5145 5160

 5146 5160 5161

 5145 5144 5159

 5145 5159 5160

 5143 5142 5157

 5143 5157 5158

 5142 5141 5156

 5142 5156 5157

 5141 5140 5155

 5141 5155 5156

 5133 5132 5153

 5133 5153 5154

 5132 5131 5152

 5132 5152 5153

 5131 5130 5151

 5131 5151 5152

 5127 5126 5149

 5127 5149 5150

 5126 5125 5148

 5126 5148 5149

 5125 5124 5147

 5125 5147 5148

 5124 5123 5146

 5124 5146 5147

 5119 5118 5142

 5119 5142 5143

 5118 5117 5141

 5118 5141 5142

 5117 5116 5140

 5117 5140 5141

 5112 5111 5138

 5112 5138 5139

 5111 5110 5137

 5111 5137 5138

 5110 5109 5136

 5110 5136 5137

 5109 5108 5135

 5109 5135 5136

 5108 5107 5134

 5108 5134 5135

 5105 5104 5132

 5105 5132 5133

 5104 5103 5131

 5104 5131 5132

 5103 5102 5130

 5103 5130 5131

 5102 5101 5129

 5102 5129 5130

 5100 5099 5127

 5100 5127 5128

 5099 5098 5126

 5099 5126 5127

 5098 5097 5125

 5098 5125 5126

 5097 5096 5124

 5097 5124 5125

 5096 5095 5123

 5096 5123 5124

 5095 5094 5122

 5095 5122 5123

 5093 5092 5120

 5093 5120 5121

 5090 5089 5118

 5090 5118 5119

 5089 5088 5117

 5089 5117 5118

 5088 5087 5116

 5088 5116 5117

 5087 5086 5115

 5087 5115 5116

 5086 5085 5114

 5086 5114 5115

 5085 5084 5113

 5085 5113 5114

 5078 5077 5111

 5078 5111 5112

 5077 5076 5110

 5077 5110 5111

 5076 5075 5109

 5076 5109 5110

 5075 5074 5108

 5075 5108 5109

 5074 5073 5107

 5074 5107 5108

 5073 5072 5106

 5073 5106 5107

 5072 5071 5105

 5072 5105 5106

 5070 5069 5103

 5070 5103 5104

 5069 5068 5102

 5069 5102 5103

 5068 5067 5101

 5068 5101 5102

 5064 5063 5099

 5064 5099 5100

 5063 5062 5098

 5063 5098 5099

 5062 5061 5097

 5062 5097 5098

 5061 5060 5096

 5061 5096 5097

 5060 5059 5095

 5060 5095 5096

 5059 5058 5094

 5059 5094 5095

 5058 5057 5093

 5058 5093 5094

 5057 5056 5092

 5057 5092 5093

 5056 5055 5091

 5056 5091 5092

 5052 5051 5089

 5052 5089 5090

 5051 5050 5088

 5051 5088 5089

 5050 5049 5087

 5050 5087 5088

 5049 5048 5086

 5049 5086 5087

 5048 5047 5085

 5048 5085 5086

 5047 5046 5084

 5047 5084 5085

 5044 5043 5082

 5044 5082 5083

 5043 5042 5081

 5043 5081 5082

 5042 5041 5080

 5042 5080 5081

 5041 5040 5079

 5041 5079 5080

 5037 5036 5077

 5037 5077 5078

 5036 5035 5076

 5036 5076 5077

 5035 5034 5075

 5035 5075 5076

 5034 5033 5074

 5034 5074 5075

 5033 5032 5073

 5033 5073 5074

 5032 5031 5072

 5032 5072 5073

 5031 5030 5071

 5031 5071 5072

 5030 5029 5070

 5030 5070 5071

 5029 5028 5069

 5029 5069 5070

 5028 5027 5068

 5028 5068 5069

 5027 5026 5067

 5027 5067 5068

 5026 5025 5066

 5026 5066 5067

 5024 5023 5064

 5024 5064 5065

 5023 5022 5063

 5023 5063 5064

 5022 5021 5062

 5022 5062 5063

 5021 5020 5061

 5021 5061 5062

 5020 5019 5060

 5020 5060 5061

 5019 5018 5059

 5019 5059 5060

 5018 5017 5058

 5018 5058 5059

 5017 5016 5057

 5017 5057 5058

 5016 5015 5056

 5016 5056 5057

 5015 5014 5055

 5015 5055 5056

 5014 5013 5054

 5014 5054 5055

 5013 5012 5053

 5013 5053 5054

 5010 5009 5051

 5010 5051 5052

 5009 5008 5050

 5009 5050 5051

 5008 5007 5049

 5008 5049 5050

 5007 5006 5048

 5007 5048 5049

 5006 5005 5047

 5006 5047 5048

 5005 5004 5046

 5005 5046 5047

 5003 5002 5044

 5003 5044 5045

 5002 5001 5043

 5002 5043 5044

 5001 5000 5042

 5001 5042 5043

 5000 4999 5041

 5000 5041 5042

 4999 4998 5040

 4999 5040 5041

 4998 4997 5039

 4998 5039 5040

 4997 4996 5038

 4997 5038 5039

 4994 4993 5036

 4994 5036 5037

 4993 4992 5035

 4993 5035 5036

 4992 4991 5034

 4992 5034 5035

 4990 4989 5032

 4990 5032 5033

 4989 4988 5031

 4989 5031 5032

 4988 4987 5030

 4988 5030 5031

 4987 4986 5029

 4987 5029 5030

 4985 4984 5027

 4985 5027 5028

 4984 4983 5026

 4984 5026 5027

 4983 4982 5025

 4983 5025 5026

 4980 4979 5023

 4980 5023 5024

 4979 4978 5022

 4979 5022 5023

 4978 4977 5021

 4978 5021 5022

 4977 4976 5020

 4977 5020 5021

 4976 4975 5019

 4976 5019 5020

 4975 4974 5018

 4975 5018 5019

 4974 4973 5017

 4974 5017 5018

 4973 4972 5016

 4973 5016 5017

 4972 4971 5015

 4972 5015 5016

 4971 4970 5014

 4971 5014 5015

 4970 4969 5013

 4970 5013 5014

 4969 4968 5012

 4969 5012 5013

 4968 4967 5011

 4968 5011 5012

 4964 4963 5008

 4964 5008 5009

 4963 4962 5007

 4963 5007 5008

 4962 4961 5006

 4962 5006 5007

 4961 4960 5005

 4961 5005 5006

 4959 4958 5002

 4959 5002 5003

 4958 4957 5001

 4958 5001 5002

 4957 4956 5000

 4957 5000 5001

 4956 4955 4999

 4956 4999 5000

 4955 4954 4998

 4955 4998 4999

 4954 4953 4997

 4954 4997 4998

 4953 4952 4996

 4953 4996 4997

 4952 4951 4995

 4952 4995 4996

 4949 4948 4993

 4949 4993 4994

 4948 4947 4992

 4948 4992 4993

 4947 4946 4991

 4947 4991 4992

 4945 4944 4989

 4945 4989 4990

 4944 4943 4988

 4944 4988 4989

 4943 4942 4987

 4943 4987 4988

 4942 4941 4986

 4942 4986 4987

 4940 4939 4984

 4940 4984 4985

 4939 4938 4983

 4939 4983 4984

 4938 4937 4982

 4938 4982 4983

 4937 4936 4981

 4937 4981 4982

 4935 4934 4979

 4935 4979 4980

 4934 4933 4978

 4934 4978 4979

 4933 4932 4977

 4933 4977 4978

 4932 4931 4976

 4932 4976 4977

 4931 4930 4975

 4931 4975 4976

 4930 4929 4974

 4930 4974 4975

 4929 4928 4973

 4929 4973 4974

 4928 4927 4972

 4928 4972 4973

 4927 4926 4971

 4927 4971 4972

 4926 4925 4970

 4926 4970 4971

 4925 4924 4969

 4925 4969 4970

 4924 4923 4968

 4924 4968 4969

 4923 4922 4967

 4923 4967 4968

 4922 4921 4966

 4922 4966 4967

 4921 4920 4965

 4921 4965 4966

 4918 4917 4958

 4918 4958 4959

 4917 4916 4957

 4917 4957 4958

 4916 4915 4956

 4916 4956 4957

 4914 4913 4954

 4914 4954 4955

 4913 4912 4953

 4913 4953 4954

 4912 4911 4952

 4912 4952 4953

 4911 4910 4951

 4911 4951 4952

 4909 4908 4949

 4909 4949 4950

 4908 4907 4948

 4908 4948 4949

 4907 4906 4947

 4907 4947 4948

 4906 4905 4946

 4906 4946 4947

 4904 4903 4944

 4904 4944 4945

 4903 4902 4943

 4903 4943 4944

 4902 4901 4942

 4902 4942 4943

 4901 4900 4941

 4901 4941 4942

 4900 4899 4940

 4900 4940 4941

 4899 4898 4939

 4899 4939 4940

 4898 4897 4938

 4898 4938 4939

 4897 4896 4937

 4897 4937 4938

 4896 4895 4936

 4896 4936 4937

 4894 4893 4934

 4894 4934 4935

 4893 4892 4933

 4893 4933 4934

 4892 4891 4932

 4892 4932 4933

 4891 4890 4931

 4891 4931 4932

 4890 4889 4930

 4890 4930 4931

 4889 4888 4929

 4889 4929 4930

 4888 4887 4928

 4888 4928 4929

 4887 4886 4927

 4887 4927 4928

 4886 4885 4926

 4886 4926 4927

 4885 4884 4925

 4885 4925 4926

 4884 4883 4924

 4884 4924 4925

 4883 4882 4923

 4883 4923 4924

 4882 4881 4922

 4882 4922 4923

 4881 4880 4921

 4881 4921 4922

 4880 4879 4920

 4880 4920 4921

 4879 4878 4919

 4879 4919 4920

 4877 4876 4917

 4877 4917 4918

 4876 4875 4916

 4876 4916 4917

 4875 4874 4915

 4875 4915 4916

 4873 4872 4912

 4873 4912 4913

 4872 4871 4911

 4872 4911 4912

 4871 4870 4910

 4871 4910 4911

 4870 4869 4909

 4870 4909 4910

 4869 4868 4908

 4869 4908 4909

 4868 4867 4907

 4868 4907 4908

 4867 4866 4906

 4867 4906 4907

 4866 4865 4905

 4866 4905 4906

 4864 4863 4903

 4864 4903 4904

 4863 4862 4902

 4863 4902 4903

 4862 4861 4901

 4862 4901 4902

 4861 4860 4900

 4861 4900 4901

 4860 4859 4899

 4860 4899 4900

 4859 4858 4898

 4859 4898 4899

 4858 4857 4897

 4858 4897 4898

 4857 4856 4896

 4857 4896 4897

 4856 4855 4895

 4856 4895 4896

 4854 4853 4892

 4854 4892 4893

 4853 4852 4891

 4853 4891 4892

 4852 4851 4890

 4852 4890 4891

 4851 4850 4889

 4851 4889 4890

 4850 4849 4888

 4850 4888 4889

 4849 4848 4887

 4849 4887 4888

 4848 4847 4886

 4848 4886 4887

 4847 4846 4885

 4847 4885 4886

 4846 4845 4884

 4846 4884 4885

 4845 4844 4883

 4845 4883 4884

 4844 4843 4882

 4844 4882 4883

 4843 4842 4881

 4843 4881 4882

 4842 4841 4880

 4842 4880 4881

 4841 4840 4879

 4841 4879 4880

 4840 4839 4878

 4840 4878 4879

 4838 4837 4876

 4838 4876 4877

 4837 4836 4875

 4837 4875 4876

 4836 4835 4874

 4836 4874 4875

 4834 4833 4872

 4834 4872 4873

 4833 4832 4871

 4833 4871 4872

 4832 4831 4870

 4832 4870 4871

 4831 4830 4869

 4831 4869 4870

 4830 4829 4868

 4830 4868 4869

 4829 4828 4867

 4829 4867 4868

 4828 4827 4866

 4828 4866 4867

 4826 4825 4861

 4826 4861 4862

 4825 4824 4860

 4825 4860 4861

 4824 4823 4859

 4824 4859 4860

 4823 4822 4858

 4823 4858 4859

 4822 4821 4857

 4822 4857 4858

 4821 4820 4856

 4821 4856 4857

 4820 4819 4855

 4820 4855 4856

 4817 4816 4850

 4817 4850 4851

 4816 4815 4849

 4816 4849 4850

 4815 4814 4848

 4815 4848 4849

 4814 4813 4847

 4814 4847 4848

 4813 4812 4846

 4813 4846 4847

 4812 4811 4845

 4812 4845 4846

 4811 4810 4844

 4811 4844 4845

 4810 4809 4843

 4810 4843 4844

 4809 4808 4842

 4809 4842 4843

 4808 4807 4841

 4808 4841 4842

 4807 4806 4840

 4807 4840 4841

 4798 4797 4837

 4798 4837 4838

 4797 4796 4836

 4797 4836 4837

 4796 4795 4835

 4796 4835 4836

 4794 4793 4833

 4794 4833 4834

 4793 4792 4832

 4793 4832 4833

 4792 4791 4831

 4792 4831 4832

 4791 4790 4830

 4791 4830 4831

 4790 4789 4829

 4790 4829 4830

 4786 4785 4817

 4786 4817 4818

 4785 4784 4816

 4785 4816 4817

 4784 4783 4815

 4784 4815 4816

 4783 4782 4814

 4783 4814 4815

 4782 4781 4813

 4782 4813 4814

 4781 4780 4812

 4781 4812 4813

 4780 4779 4811

 4780 4811 4812

 4779 4778 4810

 4779 4810 4811

 4778 4777 4809

 4778 4809 4810

 4777 4776 4808

 4777 4808 4809

 4776 4775 4807

 4776 4807 4808

 4775 4774 4806

 4775 4806 4807

 4773 4772 4804

 4773 4804 4805

 4772 4771 4803

 4772 4803 4804

 4771 4770 4802

 4771 4802 4803

 4770 4769 4801

 4770 4801 4802

 4769 4768 4800

 4769 4800 4801

 4761 4760 4798

 4761 4798 4799

 4760 4759 4797

 4760 4797 4798

 4759 4758 4796

 4759 4796 4797

 4758 4757 4795

 4758 4795 4796

 4756 4755 4787

 4756 4787 4788

 4755 4754 4786

 4755 4786 4787

 4754 4753 4785

 4754 4785 4786

 4753 4752 4784

 4753 4784 4785

 4752 4751 4783

 4752 4783 4784

 4751 4750 4782

 4751 4782 4783

 4749 4748 4780

 4749 4780 4781

 4748 4747 4779

 4748 4779 4780

 4747 4746 4778

 4747 4778 4779

 4746 4745 4777

 4746 4777 4778

 4745 4744 4776

 4745 4776 4777

 4744 4743 4775

 4744 4775 4776

 4743 4742 4774

 4743 4774 4775

 4741 4740 4772

 4741 4772 4773

 4740 4739 4771

 4740 4771 4772

 4739 4738 4770

 4739 4770 4771

 4738 4737 4769

 4738 4769 4770

 4737 4736 4768

 4737 4768 4769

 4736 4735 4767

 4736 4767 4768

 4735 4734 4766

 4735 4766 4767

 4734 4733 4765

 4734 4765 4766

 4733 4732 4764

 4733 4764 4765

 4732 4731 4763

 4732 4763 4764

 4731 4730 4762

 4731 4762 4763

 4730 4729 4761

 4730 4761 4762

 4729 4728 4760

 4729 4760 4761

 4728 4727 4759

 4728 4759 4760

 4727 4726 4758

 4727 4758 4759

 4726 4725 4757

 4726 4757 4758

 4724 4723 4755

 4724 4755 4756

 4723 4722 4754

 4723 4754 4755

 4722 4721 4753

 4722 4753 4754

 4721 4720 4752

 4721 4752 4753

 4720 4719 4751

 4720 4751 4752

 4718 4717 4747

 4718 4747 4748

 4717 4716 4746

 4717 4746 4747

 4716 4715 4745

 4716 4745 4746

 4715 4714 4744

 4715 4744 4745

 4714 4713 4743

 4714 4743 4744

 4713 4712 4742

 4713 4742 4743

 4711 4710 4739

 4711 4739 4740

 4710 4709 4738

 4710 4738 4739

 4709 4708 4737

 4709 4737 4738

 4708 4707 4736

 4708 4736 4737

 4707 4706 4735

 4707 4735 4736

 4706 4705 4734

 4706 4734 4735

 4705 4704 4733

 4705 4733 4734

 4704 4703 4732

 4704 4732 4733

 4703 4702 4731

 4703 4731 4732

 4702 4701 4730

 4702 4730 4731

 4701 4700 4729

 4701 4729 4730

 4700 4699 4728

 4700 4728 4729

 4699 4698 4727

 4699 4727 4728

 4698 4697 4726

 4698 4726 4727

 4696 4695 4723

 4696 4723 4724

 4695 4694 4722

 4695 4722 4723

 4694 4693 4721

 4694 4721 4722

 4693 4692 4720

 4693 4720 4721

 4691 4690 4717

 4691 4717 4718

 4690 4689 4716

 4690 4716 4717

 4689 4688 4715

 4689 4715 4716

 4688 4687 4714

 4688 4714 4715

 4687 4686 4713

 4687 4713 4714

 4686 4685 4712

 4686 4712 4713

 4684 4683 4707

 4684 4707 4708

 4683 4682 4706

 4683 4706 4707

 4682 4681 4705

 4682 4705 4706

 4681 4680 4704

 4681 4704 4705

 4680 4679 4703

 4680 4703 4704

 4679 4678 4702

 4679 4702 4703

 4678 4677 4701

 4678 4701 4702

 4677 4676 4700

 4677 4700 4701

 4676 4675 4699

 4676 4699 4700

 4675 4674 4698

 4675 4698 4699

 4673 4672 4695

 4673 4695 4696

 4672 4671 4694

 4672 4694 4695

 4671 4670 4693

 4671 4693 4694

 4670 4669 4692

 4670 4692 4693

 4668 4667 4690

 4668 4690 4691

 4667 4666 4689

 4667 4689 4690

 4666 4665 4688

 4666 4688 4689

 4665 4664 4687

 4665 4687 4688

 4664 4663 4686

 4664 4686 4687

 4662 4661 4667

 4662 4667 4668

 4661 4660 4666

 4661 4666 4667

 4660 4659 4665

 4660 4665 4666

 4659 4658 4664

 4659 4664 4665

 4657 4656 4660

 4657 4660 4661

 4656 4655 4659

 4656 4659 4660

 4655 4654 4658

 4655 4658 4659

 5156 5155 5408

 5156 5408 5399

 5399 5408 5409

 5399 5409 5400

 5400 5409 5410

 5400 5410 5401

 5401 5410 5411

 5401 5411 5402

 5402 5411 5412

 5402 5412 5403

 5403 5412 5413

 5403 5413 5404

 5404 5413 5414

 5404 5414 5405

 5405 5414 5415

 5405 5415 5406

 5406 5415 5416

 5406 5416 5407

 5407 5416 1324

 5407 1324 81

 3399 81 1324

 3399 1324 3691

 5417 5418 5420

 5417 5420 5419

 5425 5428 5424

 5425 5424 5423

 5423 5424 5422

 5423 5422 5421

 5429 5432 5418

 5429 5418 5417

 5427 5420 5418

 5427 5418 5432

 5424 5428 5431

 5424 5431 5422

 5428 5427 5432

 5428 5432 5431

 5421 5422 5431

 5421 5431 5430

 5432 5429 5433

 5432 5433 5436

 5419 5420 5427

 5419 5427 5426

 5426 5427 5428

 5426 5428 5425

 5434 5435 5436

 5434 5436 5433

 5431 5432 5436

 5431 5436 5435

 5430 5431 5435

 5430 5435 5434

 5426 20 1271

 5425 20 5426

 1271 21 5426

 5419 21 3463

 3463 14 5417

 5429 5417 3632

 5433 3632 3469

 5430 5434 3631

 5417 3468 3632

 5423 5421 13

 5423 19 1270

 5425 1270 20

 5421 5430 3631

 5466 5453 5441

 5466 5441 5449

 5465 5452 5442

 5465 5442 5447

 5464 5454 5443

 5464 5443 5448

 5463 5456 5440

 5463 5440 5450

 5462 5457 5437

 5462 5437 5451

 5461 5458 5438

 5461 5438 5445

 5460 5459 5439

 5460 5439 5446

 5458 5460 5446

 5458 5446 5438

 362 1593 5460

 362 5460 5458

 1593 363 5459

 1593 5459 5460

 5457 5461 5445

 5457 5445 5437

 361 1592 5461

 361 5461 5457

 1592 362 5458

 1592 5458 5461

 5456 5462 5451

 5456 5451 5440

 396 3127 5462

 396 5462 5456

 3127 361 5457

 3127 5457 5462

 5453 5463 5450

 5453 5450 5441

 433 3092 5463

 433 5463 5453

 3092 396 5456

 3092 5456 5463

 5455 5464 5448

 5455 5448 5444

 472 1698 5464

 472 5464 5455

 1698 471 5454

 1698 5454 5464

 5454 5465 5447

 5454 5447 5443

 471 1697 5465

 471 5465 5454

 1697 470 5452

 1697 5452 5465

 5452 5466 5449

 5452 5449 5442

 470 3055 5466

 470 5466 5452

 3055 433 5453

 3055 5453 5466

vector2s:

 0.085189 0.864407

 0.147126 0.864407

 0.147126 0.926344

 0.085189 0.926344

 0.626880 0.252033

 0.799295 0.252033

 0.376495 0.883862

 0.337776 0.883862

 0.337776 0.774047

 0.376495 0.774047

 0.376495 0.874294

 0.415214 0.874294

 0.415214 0.993677

 0.376495 0.993677

 0.357135 0.993677

 0.337776 0.993677

 0.337776 0.874294

 0.337776 0.754912

 0.376495 0.754912

 0.415214 0.754912

 0.415214 0.883862

 0.415214 0.774047

 0.799295 0.276494

 0.626880 0.276494

 0.031315 0.794240

 0.218105 0.794240

 0.218105 0.981030

 0.031315 0.981030

 0.810345 0.839897

 0.880244 0.839897

 0.880244 0.909796

 0.810345 0.909796

 0.094215 0.868534

 0.146235 0.926559

 0.658495 0.452123

 0.593266 0.452123

 0.593266 0.317890

 0.658495 0.317890

 0.777692 0.452123

 0.712463 0.452123

 0.712463 0.317890

 0.777692 0.317890

 0.658809 0.282210

 0.712778 0.282210

uv:

 0 1 2

 0 2 3

 0 1 2

 0 2 3

 0 1 2

 0 2 3

 0 1 2

 0 2 3

 0 1 2

 0 2 3

 0 1 2

 0 2 3

 0 1 2

 0 2 3

 0 1 2

 0 2 3

 0 1 2

 0 2 3

 0 1 2

 0 2 3

 0 1 2

 0 2 3

 0 1 2

 0 2 3

 0 1 2

 0 2 3

 0 1 2

 0 2 3

 0 1 2

 0 2 3

 0 1 2

 0 2 3

 0 1 2

 0 2 3

 0 1 2

 0 2 3

 0 1 2

 0 2 3

 0 1 2

 0 2 3

 0 1 2

 0 2 3

 0 1 2

 0 2 3

 0 1 2

 0 2 3

 0 1 2

 0 2 3

 0 1 2

 0 2 3

 0 1 2

 0 2 3

 0 1 2

 0 2 3

 0 1 2

 0 2 3

 0 1 2

 0 2 3

 0 1 2

 0 2 3

 0 1 2

 0 2 3

 0 1 2

 0 2 3

 0 1 2

 0 2 3

 0 1 2

 0 2 3

 0 1 2

 0 2 3

 0 1 2

 0 2 3

 0 1 2

 0 2 3

 0 1 2

 0 2 3

 0 1 2

 0 2 3

 0 1 2

 0 2 3

 0 1 2

 0 2 3

 0 1 2

 0 2 3

 0 1 2

 0 2 3

 0 1 2

 0 2 3

 0 1 2

 0 2 3

 0 1 2

 0 2 3

 0 1 2

 0 2 3

 0 1 2

 0 2 3

 0 1 2

 0 2 3

 0 1 2

 0 2 3

 0 1 2

 0 2 3

 0 1 2

 0 2 3

 0 1 2

 0 2 3

 0 1 2

 0 2 3

 0 1 2

 0 2 3

 0 1 2

 0 2 3

 0 1 2

 0 2 3

 0 1 2

 0 2 3

 0 1 2

 0 2 3

 0 1 2

 0 2 3

 0 1 2

 0 2 3

 0 1 2

 0 2 3

 0 1 2

 0 2 3

 0 1 2

 0 2 3

 0 1 2

 0 2 3

 0 1 2

 0 2 3

 0 1 2

 0 2 3

 0 1 2

 0 2 3

 0 1 2

 0 2 3

 0 1 2

 0 2 3

 0 1 2

 0 2 3

 0 1 2

 0 2 3

 0 1 2

 0 2 3

 0 1 2

 0 2 3

 0 1 2

 0 2 3

 0 1 2

 0 2 3

 0 1 2

 0 2 3

 0 1 2

 0 2 3

 0 1 2

 0 2 3

 0 1 2

 0 2 3

 0 1 2

 0 2 3

 0 1 2

 0 2 3

 0 1 2

 0 2 3

 0 1 2

 0 2 3

 0 1 2

 0 2 3

 0 1 2

 0 2 3

 0 1 2

 0 2 3

 0 1 2

 0 2 3

 0 1 2

 0 2 3

 0 1 2

 0 2 3

 0 1 2

 0 2 3

 0 1 2

 0 2 3

 0 1 2

 0 2 3

 0 1 2

 0 2 3

 0 1 2

 0 2 3

 0 1 2

 0 2 3

 0 1 2

 0 2 3

 0 1 2

 0 2 3

 0 1 2

 0 2 3

 0 1 2

 0 2 3

 0 1 2

 0 2 3

 0 1 2

 0 2 3

 0 1 2

 0 2 3

 0 1 2

 0 2 3

 0 1 2

 0 2 3

 0 1 2

 0 2 3

 0 1 2

 0 2 3

 0 1 2

 0 2 3

 0 1 2

 0 2 3

 0 1 2

 0 2 3

 0 1 2

 0 2 3

 0 1 2

 0 2 3

 0 1 2

 0 2 3

 0 1 2

 0 2 3

 0 1 2

 0 2 3

 0 1 2

 0 2 3

 0 1 2

 0 2 3

 0 1 2

 0 2 3

 0 1 2

 0 2 3

 0 1 2

 0 2 3

 0 1 2

 0 2 3

 0 1 2

 0 2 3

 0 1 2

 0 2 3

 0 1 2

 0 2 3

 0 1 2

 0 2 3

 0 1 2

 0 2 3

 0 1 2

 0 2 3

 0 1 2

 0 2 3

 0 1 2

 0 2 3

 0 1 2

 0 2 3

 0 1 2

 0 2 3

 0 1 2

 0 2 3

 0 1 2

 0 2 3

 0 1 2

 0 2 3

 0 1 2

 0 2 3

 0 1 2

 0 2 3

 0 1 2

 0 2 3

 0 1 2

 0 2 3

 0 1 2

 0 2 3

 0 1 2

 0 2 3

 0 1 2

 0 2 3

 0 1 2

 0 2 3

 0 1 2

 0 2 3

 0 1 2

 0 2 3

 0 1 2

 0 2 3

 0 1 2

 0 2 3

 0 1 2

 0 2 3

 0 1 2

 0 2 3

 0 1 2

 0 2 3

 0 1 2

 0 2 3

 0 1 2

 0 2 3

 0 1 2

 0 2 3

 0 1 2

 0 2 3

 0 1 2

 0 2 3

 0 1 2

 0 2 3

 0 1 2

 0 2 3

 0 1 2

 0 2 3

 0 1 2

 0 2 3

 0 1 2

 0 2 3

 0 1 2

 0 2 3

 0 1 2

 0 2 3

 0 1 2

 0 2 3

 0 1 2

 0 2 3

 0 1 2

 0 2 3

 0 1 2

 0 2 3

 0 1 2

 0 2 3

 0 1 2

 0 2 3

 0 1 2

 0 2 3

 0 1 2

 0 2 3

 0 1 2

 0 2 3

 0 1 2

 0 2 3

 0 1 2

 0 2 3

 0 1 2

 0 2 3

 0 1 2

 0 2 3

 0 1 2

 0 2 3

 0 1 2

 0 2 3

 0 1 2

 0 2 3

 0 1 2

 0 2 3

 0 1 2

 0 2 3

 0 1 2

 0 2 3

 0 1 2

 0 2 3

 0 1 2

 0 2 3

 0 1 2

 0 2 3

 0 1 2

 0 2 3

 0 1 2

 0 2 3

 0 1 2

 0 2 3

 0 1 2

 0 2 3

 0 1 2

 0 2 3

 0 1 2

 0 2 3

 0 1 2

 0 2 3

 0 1 2

 0 2 3

 0 1 2

 0 2 3

 0 1 2

 0 2 3

 0 1 2

 0 2 3

 0 1 2

 0 2 3

 0 1 2

 0 2 3

 0 1 2

 0 2 3

 0 1 2

 0 2 3

 0 1 2

 0 2 3

 0 1 2

 0 2 3

 0 1 2

 0 2 3

 0 1 2

 0 2 3

 0 1 2

 0 2 3

 0 1 2

 0 2 3

 0 1 2

 0 2 3

 0 1 2

 0 2 3

 0 1 2

 0 2 3

 0 1 2

 0 2 3

 0 1 2

 0 2 3

 0 1 2

 0 2 3

 0 1 2

 0 2 3

 0 1 2

 0 2 3

 0 1 2

 0 2 3

 0 1 2

 0 2 3

 0 1 2

 0 2 3

 0 1 2

 0 2 3

 0 1 2

 0 2 3

 0 1 2

 0 2 3

 0 1 2

 0 2 3

 0 1 2

 0 2 3

 0 1 2

 0 2 3

 0 1 2

 0 2 3

 0 1 2

 0 2 3

 0 1 2

 0 2 3

 0 1 2

 0 2 3

 0 1 2

 0 2 3

 0 1 2

 0 2 3

 0 1 2

 0 2 3

 0 1 2

 0 2 3

 0 1 2

 0 2 3

 0 1 2

 0 2 3

 0 1 2

 0 2 3

 0 1 2

 0 2 3

 0 1 2

 0 2 3

 0 1 2

 0 2 3

 0 1 2

 0 2 3

 0 1 2

 0 2 3

 0 1 2

 0 2 3

 0 1 2

 0 2 3

 0 1 2

 0 2 3

 0 1 2

 0 2 3

 0 1 2

 0 2 3

 0 1 2

 0 2 3

 0 1 2

 0 2 3

 0 1 2

 0 2 3

 0 1 2

 0 2 3

 0 1 2

 0 2 3

 0 1 2

 0 2 3

 0 1 2

 0 2 3

 0 1 2

 0 2 3

 0 1 2

 0 2 3

 0 1 2

 0 2 3

 0 1 2

 0 2 3

 0 1 2

 0 2 3

 0 1 2

 0 2 3

 0 1 2

 0 2 3

 0 1 2

 0 2 3

 0 1 2

 0 2 3

 0 1 2

 0 2 3

 0 1 2

 0 2 3

 0 1 2

 0 2 3

 0 1 2

 0 2 3

 0 1 2

 0 2 3

 0 1 2

 0 2 3

 0 1 2

 0 2 3

 0 1 2

 0 2 3

 0 1 2

 0 2 3

 0 1 2

 0 2 3

 0 1 2

 0 2 3

 0 1 2

 0 2 3

 0 1 2

 0 2 3

 0 1 2

 0 2 3

 0 1 2

 0 2 3

 0 1 2

 0 2 3

 0 1 2

 0 2 3

 0 1 2

 0 2 3

 0 1 2

 0 2 3

 0 1 2

 0 2 3

 0 1 2

 0 2 3

 0 1 2

 0 2 3

 0 1 2

 0 2 3

 0 1 2

 0 2 3

 0 1 2

 0 2 3

 0 1 2

 0 2 3

 0 1 2

 0 2 3

 0 1 2

 0 2 3

 0 1 2

 0 2 3

 0 1 2

 0 2 3

 0 1 2

 0 2 3

 0 1 2

 0 2 3

 0 1 2

 0 2 3

 0 1 2

 0 2 3

 0 1 2

 0 2 3

 0 1 2

 0 2 3

 0 1 2

 0 2 3

 0 1 2

 0 2 3

 0 1 2

 0 2 3

 0 1 2

 0 2 3

 0 1 2

 0 2 3

 0 1 2

 0 2 3

 0 1 2

 0 2 3

 0 1 2

 0 2 3

 0 1 2

 0 2 3

 0 1 2

 0 2 3

 0 1 2

 0 2 3

 0 1 2

 0 2 3

 0 1 2

 0 2 3

 0 1 2

 0 2 3

 0 1 2

 0 2 3

 0 1 2

 0 2 3

 0 1 2

 0 2 3

 0 1 2

 0 2 3

 0 1 2

 0 2 3

 0 1 2

 0 2 3

 0 1 2

 0 2 3

 0 1 2

 0 2 3

 0 1 2

 0 2 3

 0 1 2

 0 2 3

 0 1 2

 0 2 3

 0 1 2

 0 2 3

 0 1 2

 0 2 3

 0 1 2

 0 2 3

 0 1 2

 0 2 3

 0 1 2

 0 2 3

 0 1 2

 0 2 3

 0 1 2

 0 2 3

 0 1 2

 0 2 3

 0 1 2

 0 2 3

 0 1 2

 0 2 3

 0 1 2

 0 2 3

 0 1 2

 0 2 3

 0 1 2

 0 2 3

 0 1 2

 0 2 3

 0 1 2

 0 2 3

 0 1 2

 0 2 3

 0 1 2

 0 2 3

 0 1 2

 0 2 3

 0 1 2

 0 2 3

 0 1 2

 0 2 3

 0 1 2

 0 2 3

 0 1 2

 0 2 3

 0 1 2

 0 2 3

 0 1 2

 0 2 3

 0 1 2

 0 2 3

 0 1 2

 0 2 3

 0 1 2

 0 2 3

 0 1 2

 0 2 3

 0 1 2

 0 2 3

 0 1 2

 0 2 3

 0 1 2

 0 2 3

 0 1 2

 0 2 3

 0 1 2

 0 2 3

 0 1 2

 0 2 3

 0 1 2

 0 2 3

 0 1 2

 0 2 3

 0 1 2

 0 2 3

 0 1 2

 0 2 3

 0 1 2

 0 2 3

 0 1 2

 0 2 3

 0 1 2

 0 2 3

 0 1 2

 0 2 3

 0 1 2

 0 2 3

 0 1 2

 0 2 3

 0 1 2

 0 2 3

 0 1 2

 0 2 3

 0 1 2

 0 2 3

 0 1 2

 0 2 3

 0 1 2

 0 2 3

 0 1 2

 0 2 3

 0 1 2

 0 2 3

 0 1 2

 0 2 3

 0 1 2

 0 2 3

 0 1 2

 0 2 3

 0 1 2

 0 2 3

 0 1 2

 0 2 3

 0 1 2

 0 2 3

 0 1 2

 0 2 3

 0 1 2

 0 2 3

 0 1 2

 0 2 3

 0 1 2

 0 2 3

 0 1 2

 0 2 3

 0 1 2

 0 2 3

 0 1 2

 0 2 3

 0 1 2

 0 2 3

 0 1 2

 0 2 3

 0 1 2

 0 2 3

 0 1 2

 0 2 3

 0 1 2

 0 2 3

 0 1 2

 0 2 3

 0 1 2

 0 2 3

 0 1 2

 0 2 3

 0 1 2

 0 2 3

 0 1 2

 0 2 3

 0 1 2

 0 2 3

 0 1 2

 0 2 3

 0 1 2

 0 2 3

 0 1 2

 0 2 3

 0 1 2

 0 2 3

 0 1 2

 0 2 3

 0 1 2

 0 2 3

 0 1 2

 0 2 3

 0 1 2

 0 2 3

 0 1 2

 0 2 3

 0 1 2

 0 2 3

 0 1 2

 0 2 3

 0 1 2

 0 2 3

 0 1 2

 0 2 3

 0 1 2

 0 2 3

 0 1 2

 0 2 3

 0 1 2

 0 2 3

 0 1 2

 0 2 3

 0 1 2

 0 2 3

 0 1 2

 0 2 3

 0 1 2

 0 2 3

 0 1 2

 0 2 3

 0 1 2

 0 2 3

 0 1 2

 0 2 3

 0 1 2

 0 2 3

 0 1 2

 0 2 3

 0 1 2

 0 2 3

 0 1 2

 0 2 3

 0 1 2

 0 2 3

 0 1 2

 0 2 3

 0 1 2

 0 2 3

 0 1 2

 0 2 3

 0 1 2

 0 2 3

 0 1 2

 0 2 3

 0 1 2

 0 2 3

 0 1 2

 0 2 3

 0 1 2

 0 2 3

 0 1 2

 0 2 3

 0 1 2

 0 2 3

 0 1 2

 0 2 3

 0 1 2

 0 2 3

 0 1 2

 0 2 3

 0 1 2

 0 2 3

 0 1 2

 0 2 3

 0 1 2

 0 2 3

 0 1 2

 0 2 3

 0 1 2

 0 2 3

 0 1 2

 0 2 3

 0 1 2

 0 2 3

 0 1 2

 0 2 3

 0 1 2

 0 2 3

 0 1 2

 0 2 3

 0 1 2

 0 2 3

 0 1 2

 0 2 3

 0 1 2

 0 2 3

 0 1 2

 0 2 3

 0 1 2

 0 2 3

 0 1 2

 0 2 3

 0 1 2

 0 2 3

 0 1 2

 0 2 3

 0 1 2

 0 2 3

 0 1 2

 0 2 3

 0 1 2

 0 2 3

 0 1 2

 0 2 3

 0 1 2

 0 2 3

 0 1 2

 0 2 3

 0 1 2

 0 2 3

 0 1 2

 0 2 3

 0 1 2

 0 2 3

 0 1 2

 0 2 3

 0 1 2

 0 2 3

 0 1 2

 0 2 3

 0 1 2

 0 2 3

 0 1 2

 0 2 3

 0 1 2

 0 2 3

 0 1 2

 0 2 3

 0 1 2

 0 2 3

 0 1 2

 0 2 3

 0 1 2

 0 2 3

 0 1 2

 0 2 3

 0 1 2

 0 2 3

 0 1 2

 0 2 3

 0 1 2

 0 2 3

 0 1 2

 0 2 3

 0 1 2

 0 2 3

 0 1 2

 0 2 3

 0 1 2

 0 2 3

 0 1 2

 0 2 3

 0 1 2

 0 2 3

 0 1 2

 0 2 3

 0 1 2

 0 2 3

 0 1 2

 0 2 3

 0 1 2

 0 2 3

 0 1 2

 0 2 3

 0 1 2

 0 2 3

 0 1 2

 0 2 3

 0 1 2

 0 2 3

 0 1 2

 0 2 3

 0 1 2

 0 2 3

 0 1 2

 0 2 3

 0 1 2

 0 2 3

 0 1 2

 0 2 3

 0 1 2

 0 2 3

 0 1 2

 0 2 3

 0 1 2

 0 2 3

 0 1 2

 0 2 3

 0 1 2

 0 2 3

 0 1 2

 0 2 3

 0 1 2

 0 2 3

 0 1 2

 0 2 3

 0 1 2

 0 2 3

 0 1 2

 0 2 3

 0 1 2

 0 2 3

 0 1 2

 0 2 3

 0 1 2

 0 2 3

 0 1 2

 0 2 3

 0 1 2

 0 2 3

 0 1 2

 0 2 3

 0 1 2

 0 2 3

 0 1 2

 0 2 3

 0 1 2

 0 2 3

 0 1 2

 0 2 3

 0 1 2

 0 2 3

 0 1 2

 0 2 3

 0 1 2

 0 2 3

 0 1 2

 0 2 3

 0 1 2

 0 2 3

 0 1 2

 0 2 3

 0 1 2

 0 2 3

 0 1 2

 0 2 3

 0 1 2

 0 2 3

 0 1 2

 0 2 3

 0 1 2

 0 2 3

 0 1 2

 0 2 3

 0 1 2

 0 2 3

 0 1 2

 0 2 3

 0 1 2

 0 2 3

 0 1 2

 0 2 3

 0 1 2

 0 2 3

 0 1 2

 0 2 3

 0 1 2

 0 2 3

 0 1 2

 0 2 3

 0 1 2

 0 2 3

 0 1 2

 0 2 3

 0 1 2

 0 2 3

 0 1 2

 0 2 3

 0 1 2

 0 2 3

 0 1 2

 0 2 3

 0 1 2

 0 2 3

 0 1 2

 0 2 3

 0 1 2

 0 2 3

 0 1 2

 0 2 3

 0 1 2

 0 2 3

 0 1 2

 0 2 3

 0 1 2

 0 2 3

 0 1 2

 0 2 3

 0 1 2

 0 2 3

 0 1 2

 0 2 3

 0 1 2

 0 2 3

 0 1 2

 0 2 3

 0 1 2

 0 2 3

 0 1 2

 0 2 3

 0 1 2

 0 2 3

 0 1 2

 0 2 3

 0 1 2

 0 2 3

 0 1 2

 0 2 3

 0 1 2

 0 2 3

 0 1 2

 0 2 3

 0 1 2

 0 2 3

 0 1 2

 0 2 3

 0 1 2

 0 2 3

 0 1 2

 0 2 3

 0 1 2

 0 2 3

 0 1 2

 0 2 3

 0 1 2

 0 2 3

 0 1 2

 0 2 3

 0 1 2

 0 2 3

 0 1 2

 0 2 3

 0 1 2

 0 2 3

 0 1 2

 0 2 3

 0 1 2

 0 2 3

 0 1 2

 0 2 3

 0 1 2

 0 2 3

 0 1 2

 0 2 3

 0 1 2

 0 2 3

 0 1 2

 0 2 3

 0 1 2

 0 2 3

 0 1 2

 0 2 3

 0 1 2

 0 2 3

 0 1 2

 0 2 3

 0 1 2

 0 2 3

 0 1 2

 0 2 3

 0 1 2

 0 2 3

 0 1 2

 0 2 3

 0 1 2

 0 2 3

 0 1 2

 0 2 3

 0 1 2

 0 2 3

 0 1 2

 0 2 3

 0 1 2

 0 2 3

 0 1 2

 0 2 3

 0 1 2

 0 2 3

 0 1 2

 0 2 3

 0 1 2

 0 2 3

 0 1 2

 0 2 3

 0 1 2

 0 2 3

 0 1 2

 0 2 3

 0 1 2

 0 2 3

 0 1 2

 0 2 3

 0 1 2

 0 2 3

 0 1 2

 0 2 3

 0 1 2

 0 2 3

 0 1 2

 0 2 3

 0 1 2

 0 2 3

 0 1 2

 0 2 3

 0 1 2

 0 2 3

 0 1 2

 0 2 3

 0 1 2

 0 2 3

 0 1 2

 0 2 3

 0 1 2

 0 2 3

 0 1 2

 0 2 3

 0 1 2

 0 2 3

 0 1 2

 0 2 3

 0 1 2

 0 2 3

 0 1 2

 0 2 3

 0 1 2

 0 2 3

 0 1 2

 0 2 3

 0 1 2

 0 2 3

 0 1 2

 0 2 3

 0 1 2

 0 2 3

 0 1 2

 0 2 3

 0 1 2

 0 2 3

 0 1 2

 0 2 3

 0 1 2

 0 2 3

 0 1 2

 0 2 3

 0 1 2

 0 2 3

 0 1 2

 0 2 3

 0 1 2

 0 2 3

 0 1 2

 0 2 3

 0 1 2

 0 2 3

 0 1 2

 0 2 3

 0 1 2

 0 2 3

 0 1 2

 0 2 3

 0 1 2

 0 2 3

 0 1 2

 0 2 3

 0 1 2

 0 2 3

 0 1 2

 0 2 3

 0 1 2

 0 2 3

 0 1 2

 0 2 3

 0 1 2

 0 2 3

 0 1 2

 0 2 3

 0 1 2

 0 2 3

 0 1 2

 0 2 3

 0 1 2

 0 2 3

 0 1 2

 0 2 3

 0 1 2

 0 2 3

 0 1 2

 0 2 3

 0 1 2

 0 2 3

 0 1 2

 0 2 3

 0 1 2

 0 2 3

 0 1 2

 0 2 3

 0 1 2

 0 2 3

 0 1 2

 0 2 3

 0 1 2

 0 2 3

 0 1 2

 0 2 3

 0 1 2

 0 2 3

 0 1 2

 0 2 3

 0 1 2

 0 2 3

 0 1 2

 0 2 3

 0 1 2

 0 2 3

 0 1 2

 0 2 3

 0 1 2

 0 2 3

 0 1 2

 0 2 3

 0 1 2

 0 2 3

 0 1 2

 0 2 3

 0 1 2

 0 2 3

 0 1 2

 0 2 3

 0 1 2

 0 2 3

 0 1 2

 0 2 3

 0 1 2

 0 2 3

 0 1 2

 0 2 3

 0 1 2

 0 2 3

 0 1 2

 0 2 3

 0 1 2

 0 2 3

 0 1 2

 0 2 3

 0 1 2

 0 2 3

 0 1 2

 0 2 3

 0 1 2

 0 2 3

 0 1 2

 0 2 3

 0 1 2

 0 2 3

 0 1 2

 0 2 3

 0 1 2

 0 2 3

 0 1 2

 0 2 3

 0 1 2

 0 2 3

 0 1 2

 0 2 3

 0 1 2

 0 2 3

 0 1 2

 0 2 3

 0 1 2

 0 2 3

 0 1 2

 0 2 3

 0 1 2

 0 2 3

 0 1 2

 0 2 3

 0 1 2

 0 2 3

 0 1 2

 0 2 3

 0 1 2

 0 2 3

 0 1 2

 0 2 3

 0 1 2

 0 2 3

 0 1 2

 0 2 3

 0 1 2

 0 2 3

 0 1 2

 0 2 3

 0 1 2

 0 2 3

 0 1 2

 0 2 3

 0 1 2

 0 2 3

 0 1 2

 0 2 3

 0 1 2

 0 2 3

 0 1 2

 0 2 3

 0 1 2

 0 2 3

 0 1 2

 0 2 3

 0 1 2

 0 2 3

 0 1 2

 0 2 3

 0 1 2

 0 2 3

 0 1 2

 0 2 3

 0 1 2

 0 2 3

 0 1 2

 0 2 3

 0 1 2

 0 2 3

 0 1 2

 0 2 3

 0 1 2

 0 2 3

 0 1 2

 0 2 3

 0 1 2

 0 2 3

 0 1 2

 0 2 3

 0 1 2

 0 2 3

 0 1 2

 0 2 3

 0 1 2

 0 2 3

 0 1 2

 0 2 3

 0 1 2

 0 2 3

 0 1 2

 0 2 3

 0 1 2

 0 2 3

 0 1 2

 0 2 3

 0 1 2

 0 2 3

 0 1 2

 0 2 3

 0 1 2

 0 2 3

 0 1 2

 0 2 3

 0 1 2

 0 2 3

 0 1 2

 0 2 3

 0 1 2

 0 2 3

 0 1 2

 0 2 3

 0 1 2

 0 2 3

 0 1 2

 0 2 3

 0 1 2

 0 2 3

 0 1 2

 0 2 3

 0 1 2

 0 2 3

 0 1 2

 0 2 3

 0 1 2

 0 2 3

 0 1 2

 0 2 3

 0 1 2

 0 2 3

 0 1 2

 0 2 3

 0 1 2

 0 2 3

 0 1 2

 0 2 3

 0 1 2

 0 2 3

 0 1 2

 0 2 3

 0 1 2

 0 2 3

 0 1 2

 0 2 3

 0 1 2

 0 2 3

 0 1 2

 0 2 3

 0 1 2

 0 2 3

 0 1 2

 0 2 3

 0 1 2

 0 2 3

 0 1 2

 0 2 3

 0 1 2

 0 2 3

 0 1 2

 0 2 3

 0 1 2

 0 2 3

 0 1 2

 0 2 3

 0 1 2

 0 2 3

 0 1 2

 0 2 3

 0 1 2

 0 2 3

 0 1 2

 0 2 3

 0 1 2

 0 2 3

 0 1 2

 0 2 3

 0 1 2

 0 2 3

 0 1 2

 0 2 3

 0 1 2

 0 2 3

 0 1 2

 0 2 3

 0 1 2

 0 2 3

 0 1 2

 0 2 3

 0 1 2

 0 2 3

 0 1 2

 0 2 3

 0 1 2

 0 2 3

 0 1 2

 0 2 3

 0 1 2

 0 2 3

 0 1 2

 0 2 3

 0 1 2

 0 2 3

 0 1 2

 0 2 3

 0 1 2

 0 2 3

 0 1 2

 0 2 3

 0 1 2

 0 2 3

 0 1 2

 0 2 3

 0 1 2

 0 2 3

 0 1 2

 0 2 3

 0 1 2

 0 2 3

 0 1 2

 0 2 3

 0 1 2

 0 2 3

 0 1 2

 0 2 3

 0 1 2

 0 2 3

 0 1 2

 0 2 3

 0 1 2

 0 2 3

 0 1 2

 0 2 3

 0 1 2

 0 2 3

 0 1 2

 0 2 3

 0 1 2

 0 2 3

 0 1 2

 0 2 3

 0 1 2

 0 2 3

 0 1 2

 0 2 3

 0 1 2

 0 2 3

 0 1 2

 0 2 3

 0 1 2

 0 2 3

 0 1 2

 0 2 3

 0 1 2

 0 2 3

 0 1 2

 0 2 3

 0 1 2

 0 2 3

 0 1 2

 0 2 3

 0 1 2

 0 2 3

 0 1 2

 0 2 3

 0 1 2

 0 2 3

 0 1 2

 0 2 3

 0 1 2

 0 2 3

 0 1 2

 0 2 3

 0 1 2

 0 2 3

 0 1 2

 0 2 3

 0 1 2

 0 2 3

 0 1 2

 0 2 3

 0 1 2

 0 2 3

 0 1 2

 0 2 3

 0 1 2

 0 2 3

 0 1 2

 0 2 3

 0 1 2

 0 2 3

 0 1 2

 0 2 3

 0 1 2

 0 2 3

 0 1 2

 0 2 3

 0 1 2

 0 2 3

 0 1 2

 0 2 3

 0 1 2

 0 2 3

 0 1 2

 0 2 3

 0 1 2

 0 2 3

 0 1 2

 0 2 3

 0 1 2

 0 2 3

 0 1 2

 0 2 3

 0 1 2

 0 2 3

 0 1 2

 0 2 3

 0 1 2

 0 2 3

 0 1 2

 0 2 3

 0 1 2

 0 2 3

 0 1 2

 0 2 3

 0 1 2

 0 2 3

 0 1 2

 0 2 3

 0 1 2

 0 2 3

 0 1 2

 0 2 3

 0 1 2

 0 2 3

 0 1 2

 0 2 3

 0 1 2

 0 2 3

 0 1 2

 0 2 3

 0 1 2

 0 2 3

 0 1 2

 0 2 3

 0 1 2

 0 2 3

 0 1 2

 0 2 3

 0 1 2

 0 2 3

 0 1 2

 0 2 3

 0 1 2

 0 2 3

 0 1 2

 0 2 3

 0 1 2

 0 2 3

 0 1 2

 0 2 3

 0 1 2

 0 2 3

 0 1 2

 0 2 3

 0 1 2

 0 2 3

 0 1 2

 0 2 3

 0 1 2

 0 2 3

 0 1 2

 0 2 3

 0 1 2

 0 2 3

 0 1 2

 0 2 3

 0 1 2

 0 2 3

 0 1 2

 0 2 3

 0 1 2

 0 2 3

 0 1 2

 0 2 3

 0 1 2

 0 2 3

 0 1 2

 0 2 3

 0 1 2

 0 2 3

 0 1 2

 0 2 3

 0 1 2

 0 2 3

 0 1 2

 0 2 3

 0 1 2

 0 2 3

 0 1 2

 0 2 3

 0 1 2

 0 2 3

 0 1 2

 0 2 3

 0 1 2

 0 2 3

 0 1 2

 0 2 3

 0 1 2

 0 2 3

 0 1 2

 0 2 3

 0 1 2

 0 2 3

 0 1 2

 0 2 3

 0 1 2

 0 2 3

 0 1 2

 0 2 3

 0 1 2

 0 2 3

 0 1 2

 0 2 3

 0 1 2

 0 2 3

 0 1 2

 0 2 3

 0 1 2

 0 2 3

 0 1 2

 0 2 3

 0 1 2

 0 2 3

 0 1 2

 0 2 3

 0 1 2

 0 2 3

 0 1 2

 0 2 3

 0 1 2

 0 2 3

 0 1 2

 0 2 3

 0 1 2

 0 2 3

 0 1 2

 0 2 3

 0 1 2

 0 2 3

 0 1 2

 0 2 3

 0 1 2

 0 2 3

 0 1 2

 0 2 3

 0 1 2

 0 2 3

 0 1 2

 0 2 3

 0 1 2

 0 2 3

 0 1 2

 0 2 3

 0 1 2

 0 2 3

 0 1 2

 0 2 3

 0 1 2

 0 2 3

 0 1 2

 0 2 3

 0 1 2

 0 2 3

 0 1 2

 0 2 3

 0 1 2

 0 2 3

 0 1 2

 0 2 3

 0 1 2

 0 2 3

 0 1 2

 0 2 3

 0 1 2

 0 2 3

 0 1 2

 0 2 3

 0 1 2

 0 2 3

 0 1 2

 0 2 3

 0 1 2

 0 2 3

 0 1 2

 0 2 3

 0 1 2

 0 2 3

 0 1 2

 0 2 3

 0 1 2

 0 2 3

 0 1 2

 0 2 3

 0 1 2

 0 2 3

 0 1 2

 0 2 3

 0 1 2

 0 2 3

 0 1 2

 0 2 3

 0 1 2

 0 2 3

 0 1 2

 0 2 3

 0 1 2

 0 2 3

 0 1 2

 0 2 3

 0 1 2

 0 2 3

 0 1 2

 0 2 3

 0 1 2

 0 2 3

 0 1 2

 0 2 3

 0 1 2

 0 2 3

 0 1 2

 0 2 3

 0 1 2

 0 2 3

 0 1 2

 0 2 3

 0 1 2

 0 2 3

 0 1 2

 0 2 3

 0 1 2

 0 2 3

 0 1 2

 0 2 3

 0 1 2

 0 2 3

 0 1 2

 0 2 3

 0 1 2

 0 2 3

 0 1 2

 0 2 3

 0 1 2

 0 2 3

 0 1 2

 0 2 3

 0 1 2

 0 2 3

 0 1 2

 0 2 3

 0 1 2

 0 2 3

 0 1 2

 0 2 3

 0 1 2

 0 2 3

 0 1 2

 0 2 3

 0 1 2

 0 2 3

 0 1 2

 0 2 3

 0 1 2

 0 2 3

 0 1 2

 0 2 3

 0 1 2

 0 2 3

 0 1 2

 0 2 3

 0 1 2

 0 2 3

 0 1 2

 0 2 3

 0 1 2

 0 2 3

 0 1 2

 0 2 3

 0 1 2

 0 2 3

 0 1 2

 0 2 3

 0 1 2

 0 2 3

 0 1 2

 0 2 3

 0 1 2

 0 2 3

 0 1 2

 0 2 3

 0 1 2

 0 2 3

 0 1 2

 0 2 3

 0 1 2

 0 2 3

 0 1 2

 0 2 3

 0 1 2

 0 2 3

 0 1 2

 0 2 3

 0 1 2

 0 2 3

 0 1 2

 0 2 3

 0 1 2

 0 2 3

 0 1 2

 0 2 3

 0 1 2

 0 2 3

 0 1 2

 0 2 3

 0 1 2

 0 2 3

 0 1 2

 0 2 3

 0 1 2

 0 2 3

 0 1 2

 0 2 3

 0 1 2

 0 2 3

 0 1 2

 0 2 3

 0 1 2

 0 2 3

 0 1 2

 0 2 3

 0 1 2

 0 2 3

 0 1 2

 0 2 3

 0 1 2

 0 2 3

 0 1 2

 0 2 3

 0 1 2

 0 2 3

 0 1 2

 0 2 3

 0 1 2

 0 2 3

 0 1 2

 0 2 3

 0 1 2

 0 2 3

 0 1 2

 0 2 3

 0 1 2

 0 2 3

 0 1 2

 0 2 3

 0 1 2

 0 2 3

 0 1 2

 0 2 3

 0 1 2

 0 2 3

 4 1 5

 0 1 2

 0 2 3

 0 1 2

 0 2 3

 0 1 2

 0 2 3

 4 2 1

 0 5 4

 0 1 2

 0 2 3

 6 7 8

 6 8 9

 6 7 8

 6 8 9

 6 7 8

 6 8 9

 10 11 12

 10 12 13

 10 11 12

 10 12 13

 10 11 12

 10 12 13

 10 11 12

 10 12 13

 0 1 2

 0 2 3

 14 15 15

 14 15 15

 14 15 15

 14 15 15

 14 15 15

 14 15 15

 0 1 2

 0 2 3

 0 1 2

 0 2 3

 0 1 2

 0 2 3

 0 1 2

 0 2 3

 0 1 2

 0 2 3

 0 1 2

 0 2 3

 0 1 2

 0 2 3

 0 1 2

 0 2 3

 0 1 2

 0 2 3

 0 1 2

 0 2 3

 0 1 2

 0 2 3

 0 1 2

 0 2 3

 0 1 2

 0 2 3

 0 1 2

 0 2 3

 0 1 2

 0 2 3

 0 1 2

 0 2 3

 0 1 2

 0 2 3

 0 1 2

 0 2 3

 0 1 2

 0 2 3

 0 1 2

 0 2 3

 0 1 2

 0 2 3

 0 1 2

 0 2 3

 0 1 2

 0 2 3

 0 1 2

 0 2 3

 0 1 2

 0 2 3

 0 1 2

 0 2 3

 0 1 2

 0 2 3

 0 1 2

 0 2 3

 0 1 2

 0 2 3

 0 1 2

 0 2 3

 0 1 2

 0 2 3

 0 1 2

 0 2 3

 0 1 2

 0 2 3

 0 1 2

 0 2 3

 0 1 2

 0 2 3

 0 1 2

 0 2 3

 0 1 2

 0 2 3

 0 1 2

 0 2 3

 0 1 2

 0 2 3

 0 1 2

 0 2 3

 0 1 2

 0 2 3

 0 1 2

 0 2 3

 0 1 2

 0 2 3

 0 1 2

 0 2 3

 0 1 2

 0 2 3

 0 1 2

 0 2 3

 0 1 2

 0 2 3

 0 1 2

 0 2 3

 0 1 2

 0 2 3

 0 1 2

 0 2 3

 0 1 2

 0 2 3

 0 1 2

 0 2 3

 0 1 2

 0 2 3

 0 1 2

 0 2 3

 0 1 2

 0 2 3

 0 1 2

 0 2 3

 0 1 2

 0 2 3

 0 1 2

 0 2 3

 0 1 2

 0 2 3

 0 1 2

 0 2 3

 0 1 2

 0 2 3

 0 1 2

 0 2 3

 0 1 2

 0 2 3

 0 1 2

 0 2 3

 0 1 2

 0 2 3

 0 1 2

 0 2 3

 0 1 2

 0 2 3

 0 1 2

 0 2 3

 0 1 2

 0 2 3

 0 1 2

 0 2 3

 0 1 2

 0 2 3

 0 1 2

 0 2 3

 0 1 2

 0 2 3

 0 1 2

 0 2 3

 0 1 2

 0 2 3

 0 1 2

 0 2 3

 0 1 2

 0 2 3

 0 1 2

 0 2 3

 0 1 2

 0 2 3

 0 1 2

 0 2 3

 0 1 2

 0 2 3

 0 1 2

 0 2 3

 0 1 2

 0 2 3

 0 1 2

 0 2 3

 0 1 2

 0 2 3

 0 1 2

 0 2 3

 0 1 2

 0 2 3

 0 1 2

 0 2 3

 0 1 2

 0 2 3

 0 1 2

 0 2 3

 0 1 2

 0 2 3

 0 1 2

 0 2 3

 0 1 2

 0 2 3

 0 1 2

 0 2 3

 0 1 2

 0 2 3

 0 1 2

 0 2 3

 0 1 2

 0 2 3

 0 1 2

 0 2 3

 0 1 2

 0 2 3

 0 1 2

 0 2 3

 0 1 2

 0 2 3

 0 1 2

 0 2 3

 0 1 2

 0 2 3

 0 1 2

 0 2 3

 0 1 2

 0 2 3

 0 1 2

 0 2 3

 0 1 2

 0 2 3

 0 1 2

 0 2 3

 0 1 2

 0 2 3

 0 1 2

 0 2 3

 0 1 2

 0 2 3

 0 1 2

 0 2 3

 0 1 2

 0 2 3

 0 1 2

 0 2 3

 0 1 2

 0 2 3

 0 1 2

 0 2 3

 0 1 2

 0 2 3

 0 1 2

 0 2 3

 0 1 2

 0 2 3

 0 1 2

 0 2 3

 0 1 2

 0 2 3

 0 1 2

 0 2 3

 0 1 2

 0 2 3

 0 1 2

 0 2 3

 13 14 15

 13 15 15

 12 13 14

 12 14 13

 13 15 15

 13 15 14

 13 14 15

 13 15 15

 12 13 14

 12 14 13

 13 15 15

 13 15 14

 13 14 15

 13 15 15

 12 13 14

 12 14 13

 13 15 15

 13 15 14

 0 1 2

 0 2 3

 0 1 2

 0 2 3

 0 1 2

 0 2 3

 13 15 7

 13 7 6

 16 10 13

 16 13 15

 17 18 10

 17 10 16

 18 19 11

 18 11 10

 16 10 13

 16 13 15

 17 18 10

 17 10 16

 18 19 11

 18 11 10

 16 10 13

 16 13 15

 17 18 10

 17 10 16

 18 19 11

 18 11 10

 16 10 13

 16 13 15

 17 18 10

 17 10 16

 18 19 11

 18 11 10

 12 13 6

 12 6 20

 13 15 7

 13 7 6

 12 13 6

 12 6 20

 20 6 9

 20 9 21

 12 13 6

 12 6 20

 20 6 9

 20 9 21

 12 13 6

 12 6 20

 13 15 7

 13 7 6

 20 6 9

 20 9 21

 12 13 6

 12 6 20

 13 15 7

 13 7 6

 13 15 7

 13 7 6

 0 1 2

 0 2 3

 0 1 2

 0 2 3

 0 1 2

 0 2 3

 22 2 23

 0 1 2

 0 2 3

 0 1 2

 0 2 3

 4 2 5

 0 1 2

 0 2 3

 0 1 2

 0 2 3

 0 1 2

 0 2 3

 0 1 2

 0 2 3

 0 1 2

 0 2 3

 0 1 2

 0 2 3

 0 1 2

 0 2 3

 0 1 2

 0 2 3

 0 1 2

 0 2 3

 0 1 2

 0 2 3

 0 1 2

 0 2 3

 5 3 2

 0 5 3

 5 0 3

 5 0 3

 5 0 3

 4 0 5

 0 1 2

 0 2 3

 0 1 2

 0 2 3

 0 1 2

 0 2 3

 0 1 2

 0 2 3

 0 1 2

 0 2 3

 0 1 2

 0 2 3

 0 1 2

 0 2 3

 0 1 2

 0 2 3

 0 1 2

 0 2 3

 0 1 2

 0 2 3

 0 1 2

 0 2 3

 0 1 2

 0 2 3

 0 1 2

 0 2 3

 0 1 2

 0 2 3

 0 1 2

 0 2 3

 0 1 2

 0 2 3

 0 1 2

 0 2 3

 0 1 2

 0 2 3

 0 1 2

 0 2 3

 0 1 2

 0 2 3

 0 1 2

 0 2 3

 0 1 2

 0 2 3

 0 1 2

 0 2 3

 0 1 2

 0 2 3

 0 1 2

 0 2 3

 0 1 2

 0 2 3

 0 1 2

 0 2 3

 0 1 2

 0 2 3

 0 1 2

 0 2 3

 0 1 2

 0 2 3

 0 1 2

 0 2 3

 0 1 2

 0 2 3

 0 1 2

 0 2 3

 0 1 2

 0 2 3

 0 1 2

 0 2 3

 0 1 2

 0 2 3

 0 1 2

 0 2 3

 0 1 2

 0 2 3

 0 1 2

 0 2 3

 0 1 2

 0 2 3

 0 1 2

 0 2 3

 0 1 2

 0 2 3

 0 1 2

 0 2 3

 0 1 2

 0 2 3

 0 1 2

 0 2 3

 0 1 2

 0 2 3

 0 1 2

 0 2 3

 0 1 2

 0 2 3

 0 1 2

 0 2 3

 0 1 2

 0 2 3

 0 1 2

 0 2 3

 0 1 2

 0 2 3

 0 1 2

 0 2 3

 0 1 2

 0 2 3

 0 1 2

 0 2 3

 0 1 2

 0 2 3

 0 1 2

 0 2 3

 0 1 2

 0 2 3

 0 1 2

 0 2 3

 0 1 2

 0 2 3

 0 1 2

 0 2 3

 0 1 2

 0 2 3

 0 1 2

 0 2 3

 0 1 2

 0 2 3

 0 1 2

 0 2 3

 0 1 2

 0 2 3

 0 1 2

 0 2 3

 0 1 2

 0 2 3

 0 1 2

 0 2 3

 0 1 2

 0 2 3

 0 1 2

 0 2 3

 0 1 2

 0 2 3

 0 1 2

 0 2 3

 0 1 2

 0 2 3

 0 1 2

 0 2 3

 0 1 2

 0 2 3

 0 1 2

 0 2 3

 0 1 2

 0 2 3

 0 1 2

 0 2 3

 0 1 2

 0 2 3

 0 1 2

 0 2 3

 0 1 2

 0 2 3

 0 1 2

 0 2 3

 0 1 2

 0 2 3

 0 1 2

 0 2 3

 0 1 2

 0 2 3

 0 1 2

 0 2 3

 0 1 2

 0 2 3

 0 1 2

 0 2 3

 0 1 2

 0 2 3

 0 1 2

 0 2 3

 0 1 2

 0 2 3

 0 1 2

 0 2 3

 0 1 2

 0 2 3

 0 1 2

 0 2 3

 0 1 2

 0 2 3

 0 1 2

 0 2 3

 0 1 2

 0 2 3

 0 1 2

 0 2 3

 0 1 2

 0 2 3

 0 1 2

 0 2 3

 0 1 2

 0 2 3

 0 1 2

 0 2 3

 0 1 2

 0 2 3

 0 1 2

 0 2 3

 0 1 2

 0 2 3

 0 1 2

 0 2 3

 0 1 2

 0 2 3

 0 1 2

 0 2 3

 0 1 2

 0 2 3

 0 1 2

 0 2 3

 0 1 2

 0 2 3

 0 1 2

 0 2 3

 0 1 2

 0 2 3

 0 1 2

 0 2 3

 0 1 2

 0 2 3

 0 1 2

 0 2 3

 0 1 2

 0 2 3

 0 1 2

 0 2 3

 0 1 2

 0 2 3

 0 1 2

 0 2 3

 0 1 2

 0 2 3

 0 1 2

 0 2 3

 0 1 2

 0 2 3

 0 1 2

 0 2 3

 0 1 2

 0 2 3

 0 1 2

 0 2 3

 0 1 2

 0 2 3

 0 1 2

 0 2 3

 0 1 2

 0 2 3

 0 1 2

 0 2 3

 0 1 2

 0 2 3

 0 1 2

 0 2 3

 0 1 2

 0 2 3

 0 1 2

 0 2 3

 0 1 2

 0 2 3

 0 1 2

 0 2 3

 0 1 2

 0 2 3

 0 1 2

 0 2 3

 0 1 2

 0 2 3

 0 1 2

 0 2 3

 0 1 2

 0 2 3

 0 1 2

 0 2 3

 0 1 2

 0 2 3

 0 1 2

 0 2 3

 0 1 2

 0 2 3

 0 1 2

 0 2 3

 0 1 2

 0 2 3

 0 1 2

 0 2 3

 0 1 2

 0 2 3

 0 1 2

 0 2 3

 0 1 2

 0 2 3

 0 1 2

 0 2 3

 0 1 2

 0 2 3

 0 1 2

 0 2 3

 0 1 2

 0 2 3

 0 1 2

 0 2 3

 0 1 2

 0 2 3

 0 1 2

 0 2 3

 0 1 2

 0 2 3

 0 1 2

 0 2 3

 0 1 2

 0 2 3

 0 1 2

 0 2 3

 0 1 2

 0 2 3

 0 1 2

 0 2 3

 0 1 2

 0 2 3

 0 1 2

 0 2 3

 0 1 2

 0 2 3

 0 1 2

 0 2 3

 0 1 2

 0 2 3

 0 1 2

 0 2 3

 0 1 2

 0 2 3

 0 1 2

 0 2 3

 0 1 2

 0 2 3

 0 1 2

 0 2 3

 0 1 2

 0 2 3

 0 1 2

 0 2 3

 0 1 2

 0 2 3

 0 1 2

 0 2 3

 0 1 2

 0 2 3

 0 1 2

 0 2 3

 0 1 2

 0 2 3

 0 1 2

 0 2 3

 0 1 2

 0 2 3

 0 1 2

 0 2 3

 0 1 2

 0 2 3

 0 1 2

 0 2 3

 0 1 2

 0 2 3

 0 1 2

 0 2 3

 0 1 2

 0 2 3

 0 1 2

 0 2 3

 0 1 2

 0 2 3

 0 1 2

 0 2 3

 0 1 2

 0 2 3

 0 1 2

 0 2 3

 0 1 2

 0 2 3

 0 1 2

 0 2 3

 0 1 2

 0 2 3

 0 1 2

 0 2 3

 0 1 2

 0 2 3

 0 1 2

 0 2 3

 0 1 2

 0 2 3

 0 1 2

 0 2 3

 0 1 2

 0 2 3

 0 1 2

 0 2 3

 0 1 2

 0 2 3

 0 1 2

 0 2 3

 0 1 2

 0 2 3

 0 1 2

 0 2 3

 0 1 2

 0 2 3

 0 1 2

 0 2 3

 0 1 2

 0 2 3

 0 1 2

 0 2 3

 0 1 2

 0 2 3

 0 1 2

 0 2 3

 0 1 2

 0 2 3

 0 1 2

 0 2 3

 0 1 2

 0 2 3

 0 1 2

 0 2 3

 0 1 2

 0 2 3

 0 1 2

 0 2 3

 0 1 2

 0 2 3

 0 1 2

 0 2 3

 0 1 2

 0 2 3

 0 1 2

 0 2 3

 0 1 2

 0 2 3

 0 1 2

 0 2 3

 0 1 2

 0 2 3

 0 1 2

 0 2 3

 0 1 2

 0 2 3

 0 1 2

 0 2 3

 0 1 2

 0 2 3

 0 1 2

 0 2 3

 0 1 2

 0 2 3

 0 1 2

 0 2 3

 0 1 2

 0 2 3

 0 1 2

 0 2 3

 0 1 2

 0 2 3

 0 1 2

 0 2 3

 0 1 2

 0 2 3

 0 1 2

 0 2 3

 0 1 2

 0 2 3

 0 1 2

 0 2 3

 0 1 2

 0 2 3

 0 1 2

 0 2 3

 0 1 2

 0 2 3

 0 1 2

 0 2 3

 0 1 2

 0 2 3

 0 1 2

 0 2 3

 0 1 2

 0 2 3

 0 1 2

 0 2 3

 0 1 2

 0 2 3

 0 1 2

 0 2 3

 0 1 2

 0 2 3

 0 1 2

 0 2 3

 0 1 2

 0 2 3

 0 1 2

 0 2 3

 0 1 2

 0 2 3

 0 1 2

 0 2 3

 0 1 2

 0 2 3

 0 1 2

 0 2 3

 0 1 2

 0 2 3

 0 1 2

 0 2 3

 0 1 2

 0 2 3

 0 1 2

 0 2 3

 0 1 2

 0 2 3

 0 1 2

 0 2 3

 0 1 2

 0 2 3

 0 1 2

 0 2 3

 0 1 2

 0 2 3

 0 1 2

 0 2 3

 0 1 2

 0 2 3

 0 1 2

 0 2 3

 0 1 2

 0 2 3

 0 1 2

 0 2 3

 0 1 2

 0 2 3

 0 1 2

 0 2 3

 0 1 2

 0 2 3

 0 1 2

 0 2 3

 0 1 2

 0 2 3

 0 1 2

 0 2 3

 0 1 2

 0 2 3

 0 1 2

 0 2 3

 0 1 2

 0 2 3

 0 1 2

 0 2 3

 0 1 2

 0 2 3

 0 1 2

 0 2 3

 0 1 2

 0 2 3

 0 1 2

 0 2 3

 0 1 2

 0 2 3

 0 1 2

 0 2 3

 0 1 2

 0 2 3

 0 1 2

 0 2 3

 0 1 2

 0 2 3

 0 1 2

 0 2 3

 0 1 2

 0 2 3

 0 1 2

 0 2 3

 0 1 2

 0 2 3

 0 1 2

 0 2 3

 0 1 2

 0 2 3

 0 1 2

 0 2 3

 0 1 2

 0 2 3

 0 1 2

 0 2 3

 0 1 2

 0 2 3

 0 1 2

 0 2 3

 0 1 2

 0 2 3

 0 1 2

 0 2 3

 0 1 2

 0 2 3

 0 1 2

 0 2 3

 0 1 2

 0 2 3

 0 1 2

 0 2 3

 0 1 2

 0 2 3

 0 1 2

 0 2 3

 0 1 2

 0 2 3

 0 1 2

 0 2 3

 0 1 2

 0 2 3

 0 1 2

 0 2 3

 0 1 2

 0 2 3

 0 1 2

 0 2 3

 0 1 2

 0 2 3

 0 1 2

 0 2 3

 0 1 2

 0 2 3

 0 1 2

 0 2 3

 0 1 2

 0 2 3

 0 1 2

 0 2 3

 0 1 2

 0 2 3

 0 1 2

 0 2 3

 0 1 2

 0 2 3

 0 1 2

 0 2 3

 0 1 2

 0 2 3

 0 1 2

 0 2 3

 0 1 2

 0 2 3

 0 1 2

 0 2 3

 0 1 2

 0 2 3

 0 1 2

 0 2 3

 0 1 2

 0 2 3

 0 1 2

 0 2 3

 0 1 2

 0 2 3

 0 1 2

 0 2 3

 0 1 2

 0 2 3

 0 1 2

 0 2 3

 0 1 2

 0 2 3

 0 1 2

 0 2 3

 0 1 2

 0 2 3

 0 1 2

 0 2 3

 0 1 2

 0 2 3

 0 1 2

 0 2 3

 0 1 2

 0 2 3

 0 1 2

 0 2 3

 0 1 2

 0 2 3

 0 1 2

 0 2 3

 0 1 2

 0 2 3

 0 1 2

 0 2 3

 0 1 2

 0 2 3

 0 1 2

 0 2 3

 0 1 2

 0 2 3

 0 1 2

 0 2 3

 0 1 2

 0 2 3

 0 1 2

 0 2 3

 0 1 2

 0 2 3

 0 1 2

 0 2 3

 0 1 2

 0 2 3

 0 1 2

 0 2 3

 0 1 2

 0 2 3

 0 1 2

 0 2 3

 0 1 2

 0 2 3

 0 1 2

 0 2 3

 0 1 2

 0 2 3

 0 1 2

 0 2 3

 0 1 2

 0 2 3

 0 1 2

 0 2 3

 0 1 2

 0 2 3

 0 1 2

 0 2 3

 0 1 2

 0 2 3

 0 1 2

 0 2 3

 0 1 2

 0 2 3

 0 1 2

 0 2 3

 0 1 2

 0 2 3

 0 1 2

 0 2 3

 0 1 2

 0 2 3

 0 1 2

 0 2 3

 0 1 2

 0 2 3

 0 1 2

 0 2 3

 0 1 2

 0 2 3

 0 1 2

 0 2 3

 0 1 2

 0 2 3

 0 1 2

 0 2 3

 0 1 2

 0 2 3

 0 1 2

 0 2 3

 0 1 2

 0 2 3

 0 1 2

 0 2 3

 0 1 2

 0 2 3

 0 1 2

 0 2 3

 0 1 2

 0 2 3

 0 1 2

 0 2 3

 0 1 2

 0 2 3

 0 1 2

 0 2 3

 0 1 2

 0 2 3

 0 1 2

 0 2 3

 0 1 2

 0 2 3

 0 1 2

 0 2 3

 0 1 2

 0 2 3

 0 1 2

 0 2 3

 0 1 2

 0 2 3

 0 1 2

 0 2 3

 0 1 2

 0 2 3

 0 1 2

 0 2 3

 0 1 2

 0 2 3

 0 1 2

 0 2 3

 0 1 2

 0 2 3

 0 1 2

 0 2 3

 0 1 2

 0 2 3

 0 1 2

 0 2 3

 0 1 2

 0 2 3

 0 1 2

 0 2 3

 0 1 2

 0 2 3

 0 1 2

 0 2 3

 0 1 2

 0 2 3

 0 1 2

 0 2 3

 0 1 2

 0 2 3

 0 1 2

 0 2 3

 0 1 2

 0 2 3

 0 1 2

 0 2 3

 0 1 2

 0 2 3

 0 1 2

 0 2 3

 0 1 2

 0 2 3

 0 1 2

 0 2 3

 0 1 2

 0 2 3

 0 1 2

 0 2 3

 0 1 2

 0 2 3

 0 1 2

 0 2 3

 0 1 2

 0 2 3

 0 1 2

 0 2 3

 0 1 2

 0 2 3

 0 1 2

 0 2 3

 0 1 2

 0 2 3

 0 1 2

 0 2 3

 0 1 2

 0 2 3

 0 1 2

 0 2 3

 0 1 2

 0 2 3

 0 1 2

 0 2 3

 0 1 2

 0 2 3

 0 1 2

 0 2 3

 0 1 2

 0 2 3

 0 1 2

 0 2 3

 0 1 2

 0 2 3

 0 1 2

 0 2 3

 0 1 2

 0 2 3

 0 1 2

 0 2 3

 0 1 2

 0 2 3

 0 1 2

 0 2 3

 0 1 2

 0 2 3

 0 1 2

 0 2 3

 0 1 2

 0 2 3

 0 1 2

 0 2 3

 0 1 2

 0 2 3

 0 1 2

 0 2 3

 0 1 2

 0 2 3

 0 1 2

 0 2 3

 0 1 2

 0 2 3

 0 1 2

 0 2 3

 0 1 2

 0 2 3

 0 1 2

 0 2 3

 0 1 2

 0 2 3

 0 1 2

 0 2 3

 0 1 2

 0 2 3

 0 1 2

 0 2 3

 0 1 2

 0 2 3

 0 1 2

 0 2 3

 0 1 2

 0 2 3

 0 1 2

 0 2 3

 0 1 2

 0 2 3

 0 1 2

 0 2 3

 0 1 2

 0 2 3

 0 1 2

 0 2 3

 0 1 2

 0 2 3

 0 1 2

 0 2 3

 0 1 2

 0 2 3

 0 1 2

 0 2 3

 0 1 2

 0 2 3

 0 1 2

 0 2 3

 0 1 2

 0 2 3

 0 1 2

 0 2 3

 0 1 2

 0 2 3

 0 1 2

 0 2 3

 0 1 2

 0 2 3

 0 1 2

 0 2 3

 0 1 2

 0 2 3

 0 1 2

 0 2 3

 0 1 2

 0 2 3

 0 1 2

 0 2 3

 0 1 2

 0 2 3

 0 1 2

 0 2 3

 0 1 2

 0 2 3

 0 1 2

 0 2 3

 0 1 2

 0 2 3

 0 1 2

 0 2 3

 0 1 2

 0 2 3

 0 1 2

 0 2 3

 0 1 2

 0 2 3

 0 1 2

 0 2 3

 0 1 2

 0 2 3

 0 1 2

 0 2 3

 0 1 2

 0 2 3

 0 1 2

 0 2 3

 0 1 2

 0 2 3

 0 1 2

 0 2 3

 0 1 2

 0 2 3

 0 1 2

 0 2 3

 0 1 2

 0 2 3

 0 1 2

 0 2 3

 0 1 2

 0 2 3

 0 1 2

 0 2 3

 0 1 2

 0 2 3

 0 1 2

 0 2 3

 0 1 2

 0 2 3

 0 1 2

 0 2 3

 0 1 2

 0 2 3

 0 1 2

 0 2 3

 0 1 2

 0 2 3

 0 1 2

 0 2 3

 0 1 2

 0 2 3

 0 1 2

 0 2 3

 0 1 2

 0 2 3

 0 1 2

 0 2 3

 0 1 2

 0 2 3

 0 1 2

 0 2 3

 0 1 2

 0 2 3

 0 1 2

 0 2 3

 0 1 2

 0 2 3

 0 1 2

 0 2 3

 0 1 2

 0 2 3

 0 1 2

 0 2 3

 0 1 2

 0 2 3

 0 1 2

 0 2 3

 0 1 2

 0 2 3

 0 1 2

 0 2 3

 0 1 2

 0 2 3

 0 1 2

 0 2 3

 0 1 2

 0 2 3

 0 1 2

 0 2 3

 0 1 2

 0 2 3

 0 1 2

 0 2 3

 0 1 2

 0 2 3

 0 1 2

 0 2 3

 0 1 2

 0 2 3

 0 1 2

 0 2 3

 0 1 2

 0 2 3

 0 1 2

 0 2 3

 0 1 2

 0 2 3

 0 1 2

 0 2 3

 0 1 2

 0 2 3

 0 1 2

 0 2 3

 0 1 2

 0 2 3

 0 1 2

 0 2 3

 0 1 2

 0 2 3

 0 1 2

 0 2 3

 0 1 2

 0 2 3

 0 1 2

 0 2 3

 0 1 2

 0 2 3

 0 1 2

 0 2 3

 0 1 2

 0 2 3

 0 1 2

 0 2 3

 0 1 2

 0 2 3

 0 1 2

 0 2 3

 0 1 2

 0 2 3

 0 1 2

 0 2 3

 0 1 2

 0 2 3

 0 1 2

 0 2 3

 0 1 2

 0 2 3

 0 1 2

 0 2 3

 0 1 2

 0 2 3

 0 1 2

 0 2 3

 0 1 2

 0 2 3

 0 1 2

 0 2 3

 0 1 2

 0 2 3

 0 1 2

 0 2 3

 0 1 2

 0 2 3

 0 1 2

 0 2 3

 0 1 2

 0 2 3

 0 1 2

 0 2 3

 0 1 2

 0 2 3

 0 1 2

 0 2 3

 0 1 2

 0 2 3

 0 1 2

 0 2 3

 0 1 2

 0 2 3

 0 1 2

 0 2 3

 0 1 2

 0 2 3

 0 1 2

 0 2 3

 0 1 2

 0 2 3

 0 1 2

 0 2 3

 0 1 2

 0 2 3

 0 1 2

 0 2 3

 0 1 2

 0 2 3

 0 1 2

 0 2 3

 0 1 2

 0 2 3

 0 1 2

 0 2 3

 0 1 2

 0 2 3

 0 1 2

 0 2 3

 0 1 2

 0 2 3

 0 1 2

 0 2 3

 0 1 2

 0 2 3

 0 1 2

 0 2 3

 0 1 2

 0 2 3

 0 1 2

 0 2 3

 0 1 2

 0 2 3

 0 1 2

 0 2 3

 0 1 2

 0 2 3

 0 1 2

 0 2 3

 0 1 2

 0 2 3

 0 1 2

 0 2 3

 0 1 2

 0 2 3

 0 1 2

 0 2 3

 0 1 2

 0 2 3

 0 1 2

 0 2 3

 0 1 2

 0 2 3

 0 1 2

 0 2 3

 0 1 2

 0 2 3

 0 1 2

 0 2 3

 0 1 2

 0 2 3

 0 1 2

 0 2 3

 0 1 2

 0 2 3

 0 1 2

 0 2 3

 0 1 2

 0 2 3

 0 1 2

 0 2 3

 0 1 2

 0 2 3

 0 1 2

 0 2 3

 0 1 2

 0 2 3

 0 1 2

 0 2 3

 0 1 2

 0 2 3

 0 1 2

 0 2 3

 0 1 2

 0 2 3

 0 1 2

 0 2 3

 0 1 2

 0 2 3

 0 1 2

 0 2 3

 0 1 2

 0 2 3

 0 1 2

 0 2 3

 0 1 2

 0 2 3

 0 1 2

 0 2 3

 0 1 2

 0 2 3

 0 1 2

 0 2 3

 0 1 2

 0 2 3

 0 1 2

 0 2 3

 0 1 2

 0 2 3

 0 1 2

 0 2 3

 0 1 2

 0 2 3

 0 1 2

 0 2 3

 0 1 2

 0 2 3

 0 1 2

 0 2 3

 0 1 2

 0 2 3

 0 1 2

 0 2 3

 0 1 2

 0 2 3

 0 1 2

 0 2 3

 0 1 2

 0 2 3

 0 1 2

 0 2 3

 0 1 2

 0 2 3

 0 1 2

 0 2 3

 0 1 2

 0 2 3

 0 1 2

 0 2 3

 0 1 2

 0 2 3

 0 1 2

 0 2 3

 0 1 2

 0 2 3

 0 1 2

 0 2 3

 0 1 2

 0 2 3

 0 1 2

 0 2 3

 0 1 2

 0 2 3

 0 1 2

 0 2 3

 0 1 2

 0 2 3

 0 1 2

 0 2 3

 0 1 2

 0 2 3

 0 1 2

 0 2 3

 0 1 2

 0 2 3

 0 1 2

 0 2 3

 0 1 2

 0 2 3

 0 1 2

 0 2 3

 0 1 2

 0 2 3

 0 1 2

 0 2 3

 0 1 2

 0 2 3

 0 1 2

 0 2 3

 0 1 2

 0 2 3

 0 1 2

 0 2 3

 0 1 2

 0 2 3

 0 1 2

 0 2 3

 0 1 2

 0 2 3

 0 1 2

 0 2 3

 0 1 2

 0 2 3

 0 1 2

 0 2 3

 0 1 2

 0 2 3

 0 1 2

 0 2 3

 0 1 2

 0 2 3

 0 1 2

 0 2 3

 0 1 2

 0 2 3

 0 1 2

 0 2 3

 0 1 2

 0 2 3

 0 1 2

 0 2 3

 0 1 2

 0 2 3

 0 1 2

 0 2 3

 0 1 2

 0 2 3

 0 1 2

 0 2 3

 0 1 2

 0 2 3

 0 1 2

 0 2 3

 0 1 2

 0 2 3

 0 1 2

 0 2 3

 0 1 2

 0 2 3

 0 1 2

 0 2 3

 0 1 2

 0 2 3

 0 1 2

 0 2 3

 0 1 2

 0 2 3

 0 1 2

 0 2 3

 0 1 2

 0 2 3

 0 1 2

 0 2 3

 0 1 2

 0 2 3

 0 1 2

 0 2 3

 0 1 2

 0 2 3

 0 1 2

 0 2 3

 0 1 2

 0 2 3

 0 1 2

 0 2 3

 0 1 2

 0 2 3

 0 1 2

 0 2 3

 0 1 2

 0 2 3

 0 1 2

 0 2 3

 0 1 2

 0 2 3

 0 1 2

 0 2 3

 0 1 2

 0 2 3

 0 1 2

 0 2 3

 0 1 2

 0 2 3

 0 1 2

 0 2 3

 0 1 2

 0 2 3

 0 1 2

 0 2 3

 0 1 2

 0 2 3

 0 1 2

 0 2 3

 0 1 2

 0 2 3

 0 1 2

 0 2 3

 0 1 2

 0 2 3

 0 1 2

 0 2 3

 0 1 2

 0 2 3

 0 1 2

 0 2 3

 0 1 2

 0 2 3

 0 1 2

 0 2 3

 0 1 2

 0 2 3

 0 1 2

 0 2 3

 0 1 2

 0 2 3

 0 1 2

 0 2 3

 0 1 2

 0 2 3

 0 1 2

 0 2 3

 0 1 2

 0 2 3

 0 1 2

 0 2 3

 0 1 2

 0 2 3

 0 1 2

 0 2 3

 0 1 2

 0 2 3

 0 1 2

 0 2 3

 0 1 2

 0 2 3

 0 1 2

 0 2 3

 0 1 2

 0 2 3

 0 1 2

 0 2 3

 0 1 2

 0 2 3

 0 1 2

 0 2 3

 0 1 2

 0 2 3

 0 1 2

 0 2 3

 0 1 2

 0 2 3

 0 1 2

 0 2 3

 0 1 2

 0 2 3

 0 1 2

 0 2 3

 0 1 2

 0 2 3

 0 1 2

 0 2 3

 0 1 2

 0 2 3

 0 1 2

 0 2 3

 0 1 2

 0 2 3

 0 1 2

 0 2 3

 0 1 2

 0 2 3

 0 1 2

 0 2 3

 0 1 2

 0 2 3

 0 1 2

 0 2 3

 0 1 2

 0 2 3

 0 1 2

 0 2 3

 0 1 2

 0 2 3

 0 1 2

 0 2 3

 0 1 2

 0 2 3

 0 1 2

 0 2 3

 0 1 2

 0 2 3

 0 1 2

 0 2 3

 0 1 2

 0 2 3

 0 1 2

 0 2 3

 0 1 2

 0 2 3

 0 1 2

 0 2 3

 0 1 2

 0 2 3

 0 1 2

 0 2 3

 0 1 2

 0 2 3

 0 1 2

 0 2 3

 0 1 2

 0 2 3

 0 1 2

 0 2 3

 0 1 2

 0 2 3

 0 1 2

 0 2 3

 0 1 2

 0 2 3

 0 1 2

 0 2 3

 0 1 2

 0 2 3

 0 1 2

 0 2 3

 0 1 2

 0 2 3

 0 1 2

 0 2 3

 0 1 2

 0 2 3

 0 1 2

 0 2 3

 0 1 2

 0 2 3

 0 1 2

 0 2 3

 0 1 2

 0 2 3

 0 1 2

 0 2 3

 0 1 2

 0 2 3

 0 1 2

 0 2 3

 0 1 2

 0 2 3

 0 1 2

 0 2 3

 0 1 2

 0 2 3

 0 1 2

 0 2 3

 0 1 2

 0 2 3

 0 1 2

 0 2 3

 0 1 2

 0 2 3

 0 1 2

 0 2 3

 0 1 2

 0 2 3

 0 1 2

 0 2 3

 0 1 2

 0 2 3

 0 1 2

 0 2 3

 0 1 2

 0 2 3

 0 1 2

 0 2 3

 0 1 2

 0 2 3

 0 1 2

 0 2 3

 0 1 2

 0 2 3

 0 1 2

 0 2 3

 0 1 2

 0 2 3

 0 1 2

 0 2 3

 0 1 2

 0 2 3

 0 1 2

 0 2 3

 0 1 2

 0 2 3

 0 1 2

 0 2 3

 0 1 2

 0 2 3

 0 1 2

 0 2 3

 0 1 2

 0 2 3

 0 1 2

 0 2 3

 0 1 2

 0 2 3

 0 1 2

 0 2 3

 0 1 2

 0 2 3

 0 1 2

 0 2 3

 0 1 2

 0 2 3

 0 1 2

 0 2 3

 0 1 2

 0 2 3

 0 1 2

 0 2 3

 0 1 2

 0 2 3

 0 1 2

 0 2 3

 0 1 2

 0 2 3

 0 1 2

 0 2 3

 0 1 2

 0 2 3

 0 1 2

 0 2 3

 0 1 2

 0 2 3

 0 1 2

 0 2 3

 0 1 2

 0 2 3

 0 1 2

 0 2 3

 0 1 2

 0 2 3

 0 1 2

 0 2 3

 0 1 2

 0 2 3

 0 1 2

 0 2 3

 0 1 2

 0 2 3

 0 1 2

 0 2 3

 0 1 2

 0 2 3

 0 1 2

 0 2 3

 0 1 2

 0 2 3

 0 1 2

 0 2 3

 0 1 2

 0 2 3

 0 1 2

 0 2 3

 0 1 2

 0 2 3

 0 1 2

 0 2 3

 0 1 2

 0 2 3

 0 1 2

 0 2 3

 0 1 2

 0 2 3

 0 1 2

 0 2 3

 0 1 2

 0 2 3

 0 1 2

 0 2 3

 0 1 2

 0 2 3

 0 1 2

 0 2 3

 0 1 2

 0 2 3

 0 1 2

 0 2 3

 0 1 2

 0 2 3

 0 1 2

 0 2 3

 0 1 2

 0 2 3

 0 1 2

 0 2 3

 0 1 2

 0 2 3

 0 1 2

 0 2 3

 0 1 2

 0 2 3

 0 1 2

 0 2 3

 0 1 2

 0 2 3

 0 1 2

 0 2 3

 0 1 2

 0 2 3

 0 1 2

 0 2 3

 0 1 2

 0 2 3

 0 1 2

 0 2 3

 0 1 2

 0 2 3

 0 1 2

 0 2 3

 0 1 2

 0 2 3

 0 1 2

 0 2 3

 0 1 2

 0 2 3

 0 1 2

 0 2 3

 0 1 2

 0 2 3

 0 1 2

 0 2 3

 0 1 2

 0 2 3

 0 1 2

 0 2 3

 0 1 2

 0 2 3

 0 1 2

 0 2 3

 0 1 2

 0 2 3

 0 1 2

 0 2 3

 0 1 2

 0 2 3

 0 1 2

 0 2 3

 0 1 2

 0 2 3

 0 1 2

 0 2 3

 0 1 2

 0 2 3

 0 1 2

 0 2 3

 0 1 2

 0 2 3

 0 1 2

 0 2 3

 0 1 2

 0 2 3

 0 1 2

 0 2 3

 0 1 2

 0 2 3

 0 1 2

 0 2 3

 0 1 2

 0 2 3

 0 1 2

 0 2 3

 0 1 2

 0 2 3

 0 1 2

 0 2 3

 0 1 2

 0 2 3

 0 1 2

 0 2 3

 0 1 2

 0 2 3

 0 1 2

 0 2 3

 0 1 2

 0 2 3

 0 1 2

 0 2 3

 0 1 2

 0 2 3

 0 1 2

 0 2 3

 0 1 2

 0 2 3

 0 1 2

 0 2 3

 0 1 2

 0 2 3

 0 1 2

 0 2 3

 0 1 2

 0 2 3

 0 1 2

 0 2 3

 0 1 2

 0 2 3

 0 1 2

 0 2 3

 0 1 2

 0 2 3

 0 1 2

 0 2 3

 0 1 2

 0 2 3

 0 1 2

 0 2 3

 0 1 2

 0 2 3

 0 1 2

 0 2 3

 0 1 2

 0 2 3

 0 1 2

 0 2 3

 0 1 2

 0 2 3

 0 1 2

 0 2 3

 0 1 2

 0 2 3

 0 1 2

 0 2 3

 0 1 2

 0 2 3

 0 1 2

 0 2 3

 0 1 2

 0 2 3

 0 1 2

 0 2 3

 0 1 2

 0 2 3

 0 1 2

 0 2 3

 0 1 2

 0 2 3

 0 1 2

 0 2 3

 0 1 2

 0 2 3

 0 1 2

 0 2 3

 0 1 2

 0 2 3

 0 1 2

 0 2 3

 0 1 2

 0 2 3

 0 1 2

 0 2 3

 0 1 2

 0 2 3

 0 1 2

 0 2 3

 0 1 2

 0 2 3

 0 1 2

 0 2 3

 0 1 2

 0 2 3

 0 1 2

 0 2 3

 0 1 2

 0 2 3

 0 1 2

 0 2 3

 0 1 2

 0 2 3

 0 1 2

 0 2 3

 0 1 2

 0 2 3

 0 1 2

 0 2 3

 0 1 2

 0 2 3

 0 1 2

 0 2 3

 0 1 2

 0 2 3

 0 1 2

 0 2 3

 0 1 2

 0 2 3

 0 1 2

 0 2 3

 0 1 2

 0 2 3

 0 1 2

 0 2 3

 0 1 2

 0 2 3

 0 1 2

 0 2 3

 0 1 2

 0 2 3

 0 1 2

 0 2 3

 0 1 2

 0 2 3

 0 1 2

 0 2 3

 0 1 2

 0 2 3

 0 1 2

 0 2 3

 0 1 2

 0 2 3

 0 1 2

 0 2 3

 0 1 2

 0 2 3

 0 1 2

 0 2 3

 0 1 2

 0 2 3

 0 1 2

 0 2 3

 0 1 2

 0 2 3

 0 1 2

 0 2 3

 0 1 2

 0 2 3

 0 1 2

 0 2 3

 0 1 2

 0 2 3

 0 1 2

 0 2 3

 0 1 2

 0 2 3

 0 1 2

 0 2 3

 0 1 2

 0 2 3

 0 1 2

 0 2 3

 0 1 2

 0 2 3

 0 1 2

 0 2 3

 0 1 2

 0 2 3

 0 1 2

 0 2 3

 0 1 2

 0 2 3

 0 1 2

 0 2 3

 0 1 2

 0 2 3

 0 1 2

 0 2 3

 0 1 2

 0 2 3

 0 1 2

 0 2 3

 0 1 2

 0 2 3

 0 1 2

 0 2 3

 0 1 2

 0 2 3

 0 1 2

 0 2 3

 0 1 2

 0 2 3

 0 1 2

 0 2 3

 0 1 2

 0 2 3

 0 1 2

 0 2 3

 0 1 2

 0 2 3

 0 1 2

 0 2 3

 0 1 2

 0 2 3

 0 1 2

 0 2 3

 0 1 2

 0 2 3

 0 1 2

 0 2 3

 0 1 2

 0 2 3

 0 1 2

 0 2 3

 0 1 2

 0 2 3

 0 1 2

 0 2 3

 0 1 2

 0 2 3

 0 1 2

 0 2 3

 0 1 2

 0 2 3

 0 1 2

 0 2 3

 0 1 2

 0 2 3

 0 1 2

 0 2 3

 0 1 2

 0 2 3

 0 1 2

 0 2 3

 0 1 2

 0 2 3

 0 1 2

 0 2 3

 0 1 2

 0 2 3

 0 1 2

 0 2 3

 0 1 2

 0 2 3

 0 1 2

 0 2 3

 0 1 2

 0 2 3

 0 1 2

 0 2 3

 0 1 2

 0 2 3

 0 1 2

 0 2 3

 0 1 2

 0 2 3

 0 1 2

 0 2 3

 0 1 2

 0 2 3

 0 1 2

 0 2 3

 0 1 2

 0 2 3

 0 1 2

 0 2 3

 0 1 2

 0 2 3

 0 1 2

 0 2 3

 0 1 2

 0 2 3

 0 1 2

 0 2 3

 0 1 2

 0 2 3

 0 1 2

 0 2 3

 0 1 2

 0 2 3

 0 1 2

 0 2 3

 0 1 2

 0 2 3

 0 1 2

 0 2 3

 0 1 2

 0 2 3

 0 1 2

 0 2 3

 0 1 2

 0 2 3

 0 1 2

 0 2 3

 0 1 2

 0 2 3

 0 1 2

 0 2 3

 0 1 2

 0 2 3

 0 1 2

 0 2 3

 0 1 2

 0 2 3

 0 1 2

 0 2 3

 0 1 2

 0 2 3

 0 1 2

 0 2 3

 0 1 2

 0 2 3

 0 1 2

 0 2 3

 0 1 2

 0 2 3

 0 1 2

 0 2 3

 0 1 2

 0 2 3

 0 1 2

 0 2 3

 0 1 2

 0 2 3

 0 1 2

 0 2 3

 0 1 2

 0 2 3

 0 1 2

 0 2 3

 0 1 2

 0 2 3

 0 1 2

 0 2 3

 0 1 2

 0 2 3

 0 1 2

 0 2 3

 0 1 2

 0 2 3

 0 1 2

 0 2 3

 0 1 2

 0 2 3

 0 1 2

 0 2 3

 0 1 2

 0 2 3

 0 1 2

 0 2 3

 0 1 2

 0 2 3

 0 1 2

 0 2 3

 0 1 2

 0 2 3

 0 1 2

 0 2 3

 0 1 2

 0 2 3

 0 1 2

 0 2 3

 0 1 2

 0 2 3

 0 1 2

 0 2 3

 0 1 2

 0 2 3

 0 1 2

 0 2 3

 0 1 2

 0 2 3

 0 1 2

 0 2 3

 0 1 2

 0 2 3

 0 1 2

 0 2 3

 0 1 2

 0 2 3

 0 1 2

 0 2 3

 0 1 2

 0 2 3

 0 1 2

 0 2 3

 0 1 2

 0 2 3

 0 1 2

 0 2 3

 0 1 2

 0 2 3

 0 1 2

 0 2 3

 0 1 2

 0 2 3

 0 1 2

 0 2 3

 0 1 2

 0 2 3

 0 1 2

 0 2 3

 0 1 2

 0 2 3

 0 1 2

 0 2 3

 0 1 2

 0 2 3

 0 1 2

 0 2 3

 0 1 2

 0 2 3

 0 1 2

 0 2 3

 0 1 2

 0 2 3

 0 1 2

 0 2 3

 0 1 2

 0 2 3

 0 1 2

 0 2 3

 0 1 2

 0 2 3

 0 1 2

 0 2 3

 0 1 2

 0 2 3

 0 1 2

 0 2 3

 0 1 2

 0 2 3

 0 1 2

 0 2 3

 0 1 2

 0 2 3

 0 1 2

 0 2 3

 0 1 2

 0 2 3

 0 1 2

 0 2 3

 0 1 2

 0 2 3

 0 1 2

 0 2 3

 0 1 2

 0 2 3

 0 1 2

 0 2 3

 0 1 2

 0 2 3

 0 1 2

 0 2 3

 0 1 2

 0 2 3

 0 1 2

 0 2 3

 0 1 2

 0 2 3

 0 1 2

 0 2 3

 0 1 2

 0 2 3

 0 1 2

 0 2 3

 0 1 2

 0 2 3

 0 1 2

 0 2 3

 0 1 2

 0 2 3

 0 1 2

 0 2 3

 0 1 2

 0 2 3

 0 1 2

 0 2 3

 0 1 2

 0 2 3

 0 1 2

 0 2 3

 0 1 2

 0 2 3

 0 1 2

 0 2 3

 0 1 2

 0 2 3

 0 1 2

 0 2 3

 0 1 2

 0 2 3

 0 1 2

 0 2 3

 0 1 2

 0 2 3

 0 1 2

 0 2 3

 0 1 2

 0 2 3

 0 1 2

 0 2 3

 0 1 2

 0 2 3

 0 1 2

 0 2 3

 0 1 2

 0 2 3

 0 1 2

 0 2 3

 0 1 2

 0 2 3

 0 1 2

 0 2 3

 0 1 2

 0 2 3

 0 1 2

 0 2 3

 0 1 2

 0 2 3

 0 1 2

 0 2 3

 0 1 2

 0 2 3

 0 1 2

 0 2 3

 0 1 2

 0 2 3

 0 1 2

 0 2 3

 0 1 2

 0 2 3

 0 1 2

 0 2 3

 0 1 2

 0 2 3

 0 1 2

 0 2 3

 0 1 2

 0 2 3

 0 1 2

 0 2 3

 0 1 2

 0 2 3

 0 1 2

 0 2 3

 0 1 2

 0 2 3

 0 1 2

 0 2 3

 0 1 2

 0 2 3

 0 1 2

 0 2 3

 0 1 2

 0 2 3

 0 1 2

 0 2 3

 0 1 2

 0 2 3

 0 1 2

 0 2 3

 0 1 2

 0 2 3

 0 1 2

 0 2 3

 0 1 2

 0 2 3

 0 1 2

 0 2 3

 0 1 2

 0 2 3

 0 1 2

 0 2 3

 0 1 2

 0 2 3

 0 1 2

 0 2 3

 0 1 2

 0 2 3

 0 1 2

 0 2 3

 0 1 2

 0 2 3

 0 1 2

 0 2 3

 0 1 2

 0 2 3

 0 1 2

 0 2 3

 0 1 2

 0 2 3

 0 1 2

 0 2 3

 0 1 2

 0 2 3

 0 1 2

 0 2 3

 0 1 2

 0 2 3

 0 1 2

 0 2 3

 0 1 2

 0 2 3

 0 1 2

 0 2 3

 0 1 2

 0 2 3

 0 1 2

 0 2 3

 0 1 2

 0 2 3

 0 1 2

 0 2 3

 0 1 2

 0 2 3

 0 1 2

 0 2 3

 0 1 2

 0 2 3

 0 1 2

 0 2 3

 0 1 2

 0 2 3

 0 1 2

 0 2 3

 0 1 2

 0 2 3

 0 1 2

 0 2 3

 0 1 2

 0 2 3

 0 1 2

 0 2 3

 0 1 2

 0 2 3

 0 1 2

 0 2 3

 0 1 2

 0 2 3

 0 1 2

 0 2 3

 0 1 2

 0 2 3

 0 1 2

 0 2 3

 0 1 2

 0 2 3

 0 1 2

 0 2 3

 0 1 2

 0 2 3

 0 1 2

 0 2 3

 0 1 2

 0 2 3

 0 1 2

 0 2 3

 0 1 2

 0 2 3

 0 1 2

 0 2 3

 0 1 2

 0 2 3

 0 1 2

 0 2 3

 0 1 2

 0 2 3

 0 1 2

 0 2 3

 0 1 2

 0 2 3

 0 1 2

 0 2 3

 0 1 2

 0 2 3

 0 1 2

 0 2 3

 0 1 2

 0 2 3

 0 1 2

 0 2 3

 0 1 2

 0 2 3

 0 1 2

 0 2 3

 0 1 2

 0 2 3

 0 1 2

 0 2 3

 0 1 2

 0 2 3

 0 1 2

 0 2 3

 0 1 2

 0 2 3

 0 1 2

 0 2 3

 0 1 2

 0 2 3

 0 1 2

 0 2 3

 0 1 2

 0 2 3

 0 1 2

 0 2 3

 0 1 2

 0 2 3

 0 1 2

 0 2 3

 0 1 2

 0 2 3

 0 1 2

 0 2 3

 0 1 2

 0 2 3

 0 1 2

 0 2 3

 0 1 2

 0 2 3

 0 1 2

 0 2 3

 0 1 2

 0 2 3

 0 1 2

 0 2 3

 0 1 2

 0 2 3

 0 1 2

 0 2 3

 0 1 2

 0 2 3

 0 1 2

 0 2 3

 0 1 2

 0 2 3

 0 1 2

 0 2 3

 0 1 2

 0 2 3

 0 1 2

 0 2 3

 0 1 2

 0 2 3

 0 1 2

 0 2 3

 0 1 2

 0 2 3

 0 1 2

 0 2 3

 0 1 2

 0 2 3

 0 1 2

 0 2 3

 0 1 2

 0 2 3

 0 1 2

 0 2 3

 0 1 2

 0 2 3

 0 1 2

 0 2 3

 0 1 2

 0 2 3

 0 1 2

 0 2 3

 0 1 2

 0 2 3

 0 1 2

 0 2 3

 0 1 2

 0 2 3

 0 1 2

 0 2 3

 0 1 2

 0 2 3

 0 1 2

 0 2 3

 0 1 2

 0 2 3

 0 1 2

 0 2 3

 0 1 2

 0 2 3

 0 1 2

 0 2 3

 0 1 2

 0 2 3

 0 1 2

 0 2 3

 0 1 2

 0 2 3

 0 1 2

 0 2 3

 0 1 2

 0 2 3

 0 1 2

 0 2 3

 0 1 2

 0 2 3

 0 1 2

 0 2 3

 0 1 2

 0 2 3

 0 1 2

 0 2 3

 0 1 2

 0 2 3

 0 1 2

 0 2 3

 0 1 2

 0 2 3

 0 1 2

 0 2 3

 0 1 2

 0 2 3

 0 1 2

 0 2 3

 0 1 2

 0 2 3

 0 1 2

 0 2 3

 0 1 2

 0 2 3

 0 1 2

 0 2 3

 0 1 2

 0 2 3

 0 1 2

 0 2 3

 0 1 2

 0 2 3

 0 1 2

 0 2 3

 0 1 2

 0 2 3

 0 1 2

 0 2 3

 0 1 2

 0 2 3

 0 1 2

 0 2 3

 0 1 2

 0 2 3

 0 1 2

 0 2 3

 0 1 2

 0 2 3

 0 1 2

 0 2 3

 0 1 2

 0 2 3

 0 1 2

 0 2 3

 0 1 2

 0 2 3

 0 1 2

 0 2 3

 0 1 2

 0 2 3

 0 1 2

 0 2 3

 0 1 2

 0 2 3

 0 1 2

 0 2 3

 0 1 2

 0 2 3

 0 1 2

 0 2 3

 0 1 2

 0 2 3

 0 1 2

 0 2 3

 0 1 2

 0 2 3

 0 1 2

 0 2 3

 0 1 2

 0 2 3

 0 1 2

 0 2 3

 0 1 2

 0 2 3

 0 1 2

 0 2 3

 0 1 2

 0 2 3

 0 1 2

 0 2 3

 0 1 2

 0 2 3

 0 1 2

 0 2 3

 0 1 2

 0 2 3

 0 1 2

 0 2 3

 0 1 2

 0 2 3

 0 1 2

 0 2 3

 0 1 2

 0 2 3

 0 1 2

 0 2 3

 0 1 2

 0 2 3

 0 1 2

 0 2 3

 0 1 2

 0 2 3

 0 1 2

 0 2 3

 0 1 2

 0 2 3

 0 1 2

 0 2 3

 0 1 2

 0 2 3

 0 1 2

 0 2 3

 0 1 2

 0 2 3

 0 1 2

 0 2 3

 0 1 2

 0 2 3

 0 1 2

 0 2 3

 0 1 2

 0 2 3

 0 1 2

 0 2 3

 0 1 2

 0 2 3

 0 1 2

 0 2 3

 0 1 2

 0 2 3

 0 1 2

 0 2 3

 0 1 2

 0 2 3

 0 1 2

 0 2 3

 0 1 2

 0 2 3

 0 1 2

 0 2 3

 0 1 2

 0 2 3

 0 1 2

 0 2 3

 0 1 2

 0 2 3

 0 1 2

 0 2 3

 0 1 2

 0 2 3

 0 1 2

 0 2 3

 0 1 2

 0 2 3

 0 1 2

 0 2 3

 0 1 2

 0 2 3

 0 1 2

 0 2 3

 0 1 2

 0 2 3

 0 1 2

 0 2 3

 0 1 2

 0 2 3

 0 1 2

 0 2 3

 0 1 2

 0 2 3

 0 1 2

 0 2 3

 0 1 2

 0 2 3

 0 1 2

 0 2 3

 0 1 2

 0 2 3

 0 1 2

 0 2 3

 0 1 2

 0 2 3

 0 1 2

 0 2 3

 0 1 2

 0 2 3

 0 1 2

 0 2 3

 0 1 2

 0 2 3

 0 1 2

 0 2 3

 0 1 2

 0 2 3

 0 1 2

 0 2 3

 0 1 2

 0 2 3

 0 1 2

 0 2 3

 0 1 2

 0 2 3

 0 1 2

 0 2 3

 0 1 2

 0 2 3

 0 1 2

 0 2 3

 0 1 2

 0 2 3

 0 1 2

 0 2 3

 0 1 2

 0 2 3

 0 1 2

 0 2 3

 0 1 2

 0 2 3

 0 1 2

 0 2 3

 0 1 2

 0 2 3

 0 1 2

 0 2 3

 0 1 2

 0 2 3

 0 1 2

 0 2 3

 0 1 2

 0 2 3

 0 1 2

 0 2 3

 0 1 2

 0 2 3

 0 1 2

 0 2 3

 0 1 2

 0 2 3

 0 1 2

 0 2 3

 0 1 2

 0 2 3

 0 1 2

 0 2 3

 0 1 2

 0 2 3

 0 1 2

 0 2 3

 0 1 2

 0 2 3

 0 1 2

 0 2 3

 0 1 2

 0 2 3

 0 1 2

 0 2 3

 0 1 2

 0 2 3

 0 1 2

 0 2 3

 0 1 2

 0 2 3

 0 1 2

 0 2 3

 0 1 2

 0 2 3

 0 1 2

 0 2 3

 0 1 2

 0 2 3

 0 1 2

 0 2 3

 0 1 2

 0 2 3

 0 1 2

 0 2 3

 0 1 2

 0 2 3

 0 1 2

 0 2 3

 0 1 2

 0 2 3

 0 1 2

 0 2 3

 0 1 2

 0 2 3

 0 1 2

 0 2 3

 0 1 2

 0 2 3

 0 1 2

 0 2 3

 0 1 2

 0 2 3

 0 1 2

 0 2 3

 0 1 2

 0 2 3

 0 1 2

 0 2 3

 0 1 2

 0 2 3

 0 1 2

 0 2 3

 0 1 2

 0 2 3

 0 1 2

 0 2 3

 0 1 2

 0 2 3

 0 1 2

 0 2 3

 0 1 2

 0 2 3

 0 1 2

 0 2 3

 0 1 2

 0 2 3

 0 1 2

 0 2 3

 0 1 2

 0 2 3

 0 1 2

 0 2 3

 0 1 2

 0 2 3

 0 1 2

 0 2 3

 0 1 2

 0 2 3

 0 1 2

 0 2 3

 0 1 2

 0 2 3

 0 1 2

 0 2 3

 0 1 2

 0 2 3

 0 1 2

 0 2 3

 0 1 2

 0 2 3

 0 1 2

 0 2 3

 0 1 2

 0 2 3

 0 1 2

 0 2 3

 0 1 2

 0 2 3

 0 1 2

 0 2 3

 0 1 2

 0 2 3

 0 1 2

 0 2 3

 0 1 2

 0 2 3

 0 1 2

 0 2 3

 0 1 2

 0 2 3

 0 1 2

 0 2 3

 0 1 2

 0 2 3

 0 1 2

 0 2 3

 0 1 2

 0 2 3

 0 1 2

 0 2 3

 0 1 2

 0 2 3

 0 1 2

 0 2 3

 0 1 2

 0 2 3

 0 1 2

 0 2 3

 0 1 2

 0 2 3

 0 1 2

 0 2 3

 0 1 2

 0 2 3

 0 1 2

 0 2 3

 0 1 2

 0 2 3

 0 1 2

 0 2 3

 0 1 2

 0 2 3

 0 1 2

 0 2 3

 0 1 2

 0 2 3

 0 1 2

 0 2 3

 0 1 2

 0 2 3

 0 1 2

 0 2 3

 0 1 2

 0 2 3

 0 1 2

 0 2 3

 0 1 2

 0 2 3

 0 1 2

 0 2 3

 0 1 2

 0 2 3

 0 1 2

 0 2 3

 0 1 2

 0 2 3

 0 1 2

 0 2 3

 0 1 2

 0 2 3

 0 1 2

 0 2 3

 0 1 2

 0 2 3

 0 1 2

 0 2 3

 0 1 2

 0 2 3

 0 1 2

 0 2 3

 0 1 2

 0 2 3

 0 1 2

 0 2 3

 0 1 2

 0 2 3

 0 1 2

 0 2 3

 0 1 2

 0 2 3

 0 1 2

 0 2 3

 0 1 2

 0 2 3

 0 1 2

 0 2 3

 0 1 2

 0 2 3

 0 1 2

 0 2 3

 0 1 2

 0 2 3

 0 1 2

 0 2 3

 0 1 2

 0 2 3

 0 1 2

 0 2 3

 0 1 2

 0 2 3

 0 1 2

 0 2 3

 0 1 2

 0 2 3

 0 1 2

 0 2 3

 0 1 2

 0 2 3

 0 1 2

 0 2 3

 0 1 2

 0 2 3

 0 1 2

 0 2 3

 0 1 2

 0 2 3

 0 1 2

 0 2 3

 0 1 2

 0 2 3

 0 1 2

 0 2 3

 0 1 2

 0 2 3

 0 1 2

 0 2 3

 0 1 2

 0 2 3

 0 1 2

 0 2 3

 0 1 2

 0 2 3

 0 1 2

 0 2 3

 0 1 2

 0 2 3

 0 1 2

 0 2 3

 0 1 2

 0 2 3

 0 1 2

 0 2 3

 0 1 2

 0 2 3

 0 1 2

 0 2 3

 0 1 2

 0 2 3

 0 1 2

 0 2 3

 0 1 2

 0 2 3

 0 1 2

 0 2 3

 0 1 2

 0 2 3

 0 1 2

 0 2 3

 0 1 2

 0 2 3

 0 1 2

 0 2 3

 0 1 2

 0 2 3

 0 1 2

 0 2 3

 0 1 2

 0 2 3

 0 1 2

 0 2 3

 0 1 2

 0 2 3

 0 1 2

 0 2 3

 0 1 2

 0 2 3

 0 1 2

 0 2 3

 0 1 2

 0 2 3

 0 1 2

 0 2 3

 0 1 2

 0 2 3

 0 1 2

 0 2 3

 0 1 2

 0 2 3

 0 1 2

 0 2 3

 0 1 2

 0 2 3

 0 1 2

 0 2 3

 0 1 2

 0 2 3

 0 1 2

 0 2 3

 0 1 2

 0 2 3

 0 1 2

 0 2 3

 0 1 2

 0 2 3

 0 1 2

 0 2 3

 0 1 2

 0 2 3

 0 1 2

 0 2 3

 0 1 2

 0 2 3

 0 1 2

 0 2 3

 0 1 2

 0 2 3

 0 1 2

 0 2 3

 0 1 2

 0 2 3

 0 1 2

 0 2 3

 0 1 2

 0 2 3

 0 1 2

 0 2 3

 0 1 2

 0 2 3

 0 1 2

 0 2 3

 0 1 2

 0 2 3

 0 1 2

 0 2 3

 0 1 2

 0 2 3

 0 1 2

 0 2 3

 0 1 2

 0 2 3

 0 1 2

 0 2 3

 0 1 2

 0 2 3

 0 1 2

 0 2 3

 0 1 2

 0 2 3

 0 1 2

 0 2 3

 0 1 2

 0 2 3

 0 1 2

 0 2 3

 0 1 2

 0 2 3

 0 1 2

 0 2 3

 0 1 2

 0 2 3

 0 1 2

 0 2 3

 0 1 2

 0 2 3

 0 1 2

 0 2 3

 0 1 2

 0 2 3

 0 1 2

 0 2 3

 0 1 2

 0 2 3

 0 1 2

 0 2 3

 0 1 2

 0 2 3

 0 1 2

 0 2 3

 0 1 2

 0 2 3

 0 1 2

 0 2 3

 0 1 2

 0 2 3

 0 1 2

 0 2 3

 0 1 2

 0 2 3

 0 1 2

 0 2 3

 0 1 2

 0 2 3

 0 1 2

 0 2 3

 0 1 2

 0 2 3

 0 1 2

 0 2 3

 0 1 2

 0 2 3

 0 1 2

 0 2 3

 0 1 2

 0 2 3

 0 1 2

 0 2 3

 0 1 2

 0 2 3

 0 1 2

 0 2 3

 0 1 2

 0 2 3

 0 1 2

 0 2 3

 0 1 2

 0 2 3

 0 1 2

 0 2 3

 0 1 2

 0 2 3

 0 1 2

 0 2 3

 0 1 2

 0 2 3

 0 1 2

 0 2 3

 0 1 2

 0 2 3

 0 1 2

 0 2 3

 0 1 2

 0 2 3

 0 1 2

 0 2 3

 0 1 2

 0 2 3

 0 1 2

 0 2 3

 0 1 2

 0 2 3

 0 1 2

 0 2 3

 0 1 2

 0 2 3

 0 1 2

 0 2 3

 0 1 2

 0 2 3

 0 1 2

 0 2 3

 0 1 2

 0 2 3

 0 1 2

 0 2 3

 0 1 2

 0 2 3

 0 1 2

 0 2 3

 0 1 2

 0 2 3

 0 1 2

 0 2 3

 0 1 2

 0 2 3

 0 1 2

 0 2 3

 0 1 2

 0 2 3

 0 1 2

 0 2 3

 0 1 2

 0 2 3

 0 1 2

 0 2 3

 0 1 2

 0 2 3

 0 1 2

 0 2 3

 0 1 2

 0 2 3

 0 1 2

 0 2 3

 0 1 2

 0 2 3

 0 1 2

 0 2 3

 0 1 2

 0 2 3

 0 1 2

 0 2 3

 0 1 2

 0 2 3

 0 1 2

 0 2 3

 0 1 2

 0 2 3

 0 1 2

 0 2 3

 0 1 2

 0 2 3

 0 1 2

 0 2 3

 0 1 2

 0 2 3

 0 1 2

 0 2 3

 0 1 2

 0 2 3

 0 1 2

 0 2 3

 0 1 2

 0 2 3

 0 1 2

 0 2 3

 0 1 2

 0 2 3

 0 1 2

 0 2 3

 0 1 2

 0 2 3

 0 1 2

 0 2 3

 0 1 2

 0 2 3

 0 1 2

 0 2 3

 0 1 2

 0 2 3

 0 1 2

 0 2 3

 0 1 2

 0 2 3

 0 1 2

 0 2 3

 0 1 2

 0 2 3

 0 1 2

 0 2 3

 0 1 2

 0 2 3

 0 1 2

 0 2 3

 0 1 2

 0 2 3

 0 1 2

 0 2 3

 0 1 2

 0 2 3

 0 1 2

 0 2 3

 0 1 2

 0 2 3

 0 1 2

 0 2 3

 0 1 2

 0 2 3

 0 1 2

 0 2 3

 0 1 2

 0 2 3

 0 1 2

 0 2 3

 0 1 2

 0 2 3

 0 1 2

 0 2 3

 0 1 2

 0 2 3

 0 1 2

 0 2 3

 0 1 2

 0 2 3

 0 1 2

 0 2 3

 0 1 2

 0 2 3

 0 1 2

 0 2 3

 0 1 2

 0 2 3

 0 1 2

 0 2 3

 0 1 2

 0 2 3

 0 1 2

 0 2 3

 0 1 2

 0 2 3

 0 1 2

 0 2 3

 0 1 2

 0 2 3

 0 1 2

 0 2 3

 0 1 2

 0 2 3

 0 1 2

 0 2 3

 0 1 2

 0 2 3

 0 1 2

 0 2 3

 0 1 2

 0 2 3

 0 1 2

 0 2 3

 0 1 2

 0 2 3

 0 1 2

 0 2 3

 0 1 2

 0 2 3

 0 1 2

 0 2 3

 0 1 2

 0 2 3

 0 1 2

 0 2 3

 0 1 2

 0 2 3

 0 1 2

 0 2 3

 0 1 2

 0 2 3

 0 1 2

 0 2 3

 0 1 2

 0 2 3

 0 1 2

 0 2 3

 0 1 2

 0 2 3

 0 1 2

 0 2 3

 0 1 2

 0 2 3

 0 1 2

 0 2 3

 0 1 2

 0 2 3

 0 1 2

 0 2 3

 0 1 2

 0 2 3

 0 1 2

 0 2 3

 0 1 2

 0 2 3

 0 1 2

 0 2 3

 0 1 2

 0 2 3

 0 1 2

 0 2 3

 0 1 2

 0 2 3

 0 1 2

 0 2 3

 0 1 2

 0 2 3

 0 1 2

 0 2 3

 0 1 2

 0 2 3

 0 1 2

 0 2 3

 0 1 2

 0 2 3

 0 1 2

 0 2 3

 0 1 2

 0 2 3

 0 1 2

 0 2 3

 0 1 2

 0 2 3

 0 1 2

 0 2 3

 0 1 2

 0 2 3

 0 1 2

 0 2 3

 0 1 2

 0 2 3

 0 1 2

 0 2 3

 0 1 2

 0 2 3

 0 1 2

 0 2 3

 0 1 2

 0 2 3

 0 1 2

 0 2 3

 0 1 2

 0 2 3

 0 1 2

 0 2 3

 0 1 2

 0 2 3

 0 1 2

 0 2 3

 0 1 2

 0 2 3

 0 1 2

 0 2 3

 0 1 2

 0 2 3

 0 1 2

 0 2 3

 0 1 2

 0 2 3

 0 1 2

 0 2 3

 0 1 2

 0 2 3

 0 1 2

 0 2 3

 0 1 2

 0 2 3

 0 1 2

 0 2 3

 0 1 2

 0 2 3

 0 1 2

 0 2 3

 0 1 2

 0 2 3

 0 1 2

 0 2 3

 0 1 2

 0 2 3

 0 1 2

 0 2 3

 0 1 2

 0 2 3

 0 1 2

 0 2 3

 0 1 2

 0 2 3

 0 1 2

 0 2 3

 0 1 2

 0 2 3

 0 1 2

 0 2 3

 0 1 2

 0 2 3

 0 1 2

 0 2 3

 0 1 2

 0 2 3

 0 1 2

 0 2 3

 0 1 2

 0 2 3

 0 1 2

 0 2 3

 0 1 2

 0 2 3

 0 1 2

 0 2 3

 0 1 2

 0 2 3

 0 1 2

 0 2 3

 0 1 2

 0 2 3

 0 1 2

 0 2 3

 0 1 2

 0 2 3

 0 1 2

 0 2 3

 0 1 2

 0 2 3

 0 1 2

 0 2 3

 0 1 2

 0 2 3

 0 1 2

 0 2 3

 0 1 2

 0 2 3

 0 1 2

 0 2 3

 0 1 2

 0 2 3

 0 1 2

 0 2 3

 0 1 2

 0 2 3

 0 1 2

 0 2 3

 0 1 2

 0 2 3

 0 1 2

 0 2 3

 0 1 2

 0 2 3

 0 1 2

 0 2 3

 0 1 2

 0 2 3

 0 1 2

 0 2 3

 0 1 2

 0 2 3

 0 1 2

 0 2 3

 0 1 2

 0 2 3

 0 1 2

 0 2 3

 0 1 2

 0 2 3

 0 1 2

 0 2 3

 0 1 2

 0 2 3

 0 1 2

 0 2 3

 0 1 2

 0 2 3

 0 1 2

 0 2 3

 0 1 2

 0 2 3

 0 1 2

 0 2 3

 0 1 2

 0 2 3

 0 1 2

 0 2 3

 0 1 2

 0 2 3

 0 1 2

 0 2 3

 0 1 2

 0 2 3

 0 1 2

 0 2 3

 0 1 2

 0 2 3

 0 1 2

 0 2 3

 0 1 2

 0 2 3

 0 1 2

 0 2 3

 0 1 2

 0 2 3

 0 1 2

 0 2 3

 0 1 2

 0 2 3

 0 1 2

 0 2 3

 0 1 2

 0 2 3

 0 1 2

 0 2 3

 0 1 2

 0 2 3

 0 1 2

 0 2 3

 0 1 2

 0 2 3

 0 1 2

 0 2 3

 0 1 2

 0 2 3

 0 1 2

 0 2 3

 0 1 2

 0 2 3

 0 1 2

 0 2 3

 0 1 2

 0 2 3

 0 1 2

 0 2 3

 0 1 2

 0 2 3

 0 1 2

 0 2 3

 0 1 2

 0 2 3

 0 1 2

 0 2 3

 0 1 2

 0 2 3

 0 1 2

 0 2 3

 0 1 2

 0 2 3

 0 1 2

 0 2 3

 0 1 2

 0 2 3

 0 1 2

 0 2 3

 0 1 2

 0 2 3

 0 1 2

 0 2 3

 0 1 2

 0 2 3

 0 1 2

 0 2 3

 0 1 2

 0 2 3

 0 1 2

 0 2 3

 0 1 2

 0 2 3

 0 1 2

 0 2 3

 0 1 2

 0 2 3

 0 1 2

 0 2 3

 0 1 2

 0 2 3

 0 1 2

 0 2 3

 0 1 2

 0 2 3

 0 1 2

 0 2 3

 0 1 2

 0 2 3

 0 1 2

 0 2 3

 0 1 2

 0 2 3

 0 1 2

 0 2 3

 0 1 2

 0 2 3

 0 1 2

 0 2 3

 0 1 2

 0 2 3

 0 1 2

 0 2 3

 0 1 2

 0 2 3

 0 1 2

 0 2 3

 0 1 2

 0 2 3

 0 1 2

 0 2 3

 0 1 2

 0 2 3

 0 1 2

 0 2 3

 0 1 2

 0 2 3

 0 1 2

 0 2 3

 0 1 2

 0 2 3

 0 1 2

 0 2 3

 0 1 2

 0 2 3

 0 1 2

 0 2 3

 0 1 2

 0 2 3

 0 1 2

 0 2 3

 0 1 2

 0 2 3

 0 1 2

 0 2 3

 0 1 2

 0 2 3

 0 1 2

 0 2 3

 0 1 2

 0 2 3

 0 1 2

 0 2 3

 0 1 2

 0 2 3

 0 1 2

 0 2 3

 0 1 2

 0 2 3

 0 1 2

 0 2 3

 0 1 2

 0 2 3

 0 1 2

 0 2 3

 0 1 2

 0 2 3

 0 1 2

 0 2 3

 0 1 2

 0 2 3

 0 1 2

 0 2 3

 0 1 2

 0 2 3

 0 1 2

 0 2 3

 0 1 2

 0 2 3

 0 1 2

 0 2 3

 0 1 2

 0 2 3

 0 1 2

 0 2 3

 0 1 2

 0 2 3

 0 1 2

 0 2 3

 0 1 2

 0 2 3

 0 1 2

 0 2 3

 0 1 2

 0 2 3

 0 1 2

 0 2 3

 0 1 2

 0 2 3

 0 1 2

 0 2 3

 0 1 2

 0 2 3

 0 1 2

 0 2 3

 0 1 2

 0 2 3

 0 1 2

 0 2 3

 0 1 2

 0 2 3

 0 1 2

 0 2 3

 0 1 2

 0 2 3

 0 1 2

 0 2 3

 0 1 2

 0 2 3

 0 1 2

 0 2 3

 0 1 2

 0 2 3

 0 1 2

 0 2 3

 0 1 2

 0 2 3

 0 1 2

 0 2 3

 0 1 2

 0 2 3

 0 1 2

 0 2 3

 0 1 2

 0 2 3

 0 1 2

 0 2 3

 0 1 2

 0 2 3

 0 1 2

 0 2 3

 0 1 2

 0 2 3

 0 1 2

 0 2 3

 0 1 2

 0 2 3

 0 1 2

 0 2 3

 0 1 2

 0 2 3

 0 1 2

 0 2 3

 0 1 2

 0 2 3

 0 1 2

 0 2 3

 0 1 2

 0 2 3

 0 1 2

 0 2 3

 0 1 2

 0 2 3

 0 1 2

 0 2 3

 0 1 2

 0 2 3

 0 1 2

 0 2 3

 0 1 2

 0 2 3

 0 1 2

 0 2 3

 0 1 2

 0 2 3

 0 1 2

 0 2 3

 0 1 2

 0 2 3

 0 1 2

 0 2 3

 0 1 2

 0 2 3

 0 1 2

 0 2 3

 0 1 2

 0 2 3

 0 1 2

 0 2 3

 0 1 2

 0 2 3

 0 1 2

 0 2 3

 0 1 2

 0 2 3

 0 1 2

 0 2 3

 0 1 2

 0 2 3

 0 1 2

 0 2 3

 0 1 2

 0 2 3

 0 1 2

 0 2 3

 0 1 2

 0 2 3

 0 1 2

 0 2 3

 0 1 2

 0 2 3

 0 1 2

 0 2 3

 0 1 2

 0 2 3

 0 1 2

 0 2 3

 0 1 2

 0 2 3

 0 1 2

 0 2 3

 0 1 2

 0 2 3

 0 1 2

 0 2 3

 0 1 2

 0 2 3

 0 1 2

 0 2 3

 0 1 2

 0 2 3

 0 1 2

 0 2 3

 0 1 2

 0 2 3

 0 1 2

 0 2 3

 0 1 2

 0 2 3

 0 1 2

 0 2 3

 0 1 2

 0 2 3

 0 1 2

 0 2 3

 0 1 2

 0 2 3

 0 1 2

 0 2 3

 0 1 2

 0 2 3

 0 1 2

 0 2 3

 0 1 2

 0 2 3

 0 1 2

 0 2 3

 0 1 2

 0 2 3

 0 1 2

 0 2 3

 0 1 2

 0 2 3

 0 1 2

 0 2 3

 0 1 2

 0 2 3

 0 1 2

 0 2 3

 0 1 2

 0 2 3

 0 1 2

 0 2 3

 0 1 2

 0 2 3

 0 1 2

 0 2 3

 0 1 2

 0 2 3

 0 1 2

 0 2 3

 0 1 2

 0 2 3

 0 1 2

 0 2 3

 0 1 2

 0 2 3

 0 1 2

 0 2 3

 0 1 2

 0 2 3

 0 1 2

 0 2 3

 0 1 2

 0 2 3

 0 1 2

 0 2 3

 0 1 2

 0 2 3

 0 1 2

 0 2 3

 0 1 2

 0 2 3

 0 1 2

 0 2 3

 0 1 2

 0 2 3

 0 1 2

 0 2 3

 0 1 2

 0 2 3

 0 1 2

 0 2 3

 0 1 2

 0 2 3

 0 1 2

 0 2 3

 0 1 2

 0 2 3

 0 1 2

 0 2 3

 0 1 2

 0 2 3

 0 1 2

 0 2 3

 0 1 2

 0 2 3

 0 1 2

 0 2 3

 0 1 2

 0 2 3

 0 1 2

 0 2 3

 0 1 2

 0 2 3

 0 1 2

 0 2 3

 0 1 2

 0 2 3

 0 1 2

 0 2 3

 0 1 2

 0 2 3

 0 1 2

 0 2 3

 0 1 2

 0 2 3

 0 1 2

 0 2 3

 0 1 2

 0 2 3

 0 1 2

 0 2 3

 0 1 2

 0 2 3

 0 1 2

 0 2 3

 0 1 2

 0 2 3

 0 1 2

 0 2 3

 0 1 2

 0 2 3

 0 1 2

 0 2 3

 0 1 2

 0 2 3

 0 1 2

 0 2 3

 0 1 2

 0 2 3

 0 1 2

 0 2 3

 0 1 2

 0 2 3

 0 1 2

 0 2 3

 0 1 2

 0 2 3

 0 1 2

 0 2 3

 0 1 2

 0 2 3

 0 1 2

 0 2 3

 0 1 2

 0 2 3

 0 1 2

 0 2 3

 0 1 2

 0 2 3

 0 1 2

 0 2 3

 0 1 2

 0 2 3

 0 1 2

 0 2 3

 0 1 2

 0 2 3

 0 1 2

 0 2 3

 0 1 2

 0 2 3

 0 1 2

 0 2 3

 0 1 2

 0 2 3

 0 1 2

 0 2 3

 0 1 2

 0 2 3

 0 1 2

 0 2 3

 0 1 2

 0 2 3

 0 1 2

 0 2 3

 0 1 2

 0 2 3

 0 1 2

 0 2 3

 0 1 2

 0 2 3

 0 1 2

 0 2 3

 0 1 2

 0 2 3

 0 1 2

 0 2 3

 0 1 2

 0 2 3

 0 1 2

 0 2 3

 0 1 2

 0 2 3

 0 1 2

 0 2 3

 0 1 2

 0 2 3

 0 1 2

 0 2 3

 0 1 2

 0 2 3

 0 1 2

 0 2 3

 0 1 2

 0 2 3

 0 1 2

 0 2 3

 0 1 2

 0 2 3

 0 1 2

 0 2 3

 0 1 2

 0 2 3

 0 1 2

 0 2 3

 0 1 2

 0 2 3

 0 1 2

 0 2 3

 0 1 2

 0 2 3

 0 1 2

 0 2 3

 0 1 2

 0 2 3

 0 1 2

 0 2 3

 0 1 2

 0 2 3

 0 1 2

 0 2 3

 0 1 2

 0 2 3

 0 1 2

 0 2 3

 0 1 2

 0 2 3

 0 1 2

 0 2 3

 0 1 2

 0 2 3

 0 1 2

 0 2 3

 0 1 2

 0 2 3

 0 1 2

 0 2 3

 0 1 2

 0 2 3

 0 1 2

 0 2 3

 0 1 2

 0 2 3

 0 1 2

 0 2 3

 0 1 2

 0 2 3

 0 1 2

 0 2 3

 0 1 2

 0 2 3

 0 1 2

 0 2 3

 0 1 2

 0 2 3

 0 1 2

 0 2 3

 0 1 2

 0 2 3

 0 1 2

 0 2 3

 0 1 2

 0 2 3

 0 1 2

 0 2 3

 0 1 2

 0 2 3

 0 1 2

 0 2 3

 0 1 2

 0 2 3

 0 1 2

 0 2 3

 0 1 2

 0 2 3

 0 1 2

 0 2 3

 0 1 2

 0 2 3

 0 1 2

 0 2 3

 0 1 2

 0 2 3

 0 1 2

 0 2 3

 0 1 2

 0 2 3

 0 1 2

 0 2 3

 0 1 2

 0 2 3

 0 1 2

 0 2 3

 0 1 2

 0 2 3

 0 1 2

 0 2 3

 0 1 2

 0 2 3

 0 1 2

 0 2 3

 0 1 2

 0 2 3

 0 1 2

 0 2 3

 0 1 2

 0 2 3

 0 1 2

 0 2 3

 0 1 2

 0 2 3

 0 1 2

 0 2 3

 0 1 2

 0 2 3

 0 1 2

 0 2 3

 0 1 2

 0 2 3

 0 1 2

 0 2 3

 0 1 2

 0 2 3

 0 1 2

 0 2 3

 0 1 2

 0 2 3

 0 1 2

 0 2 3

 0 1 2

 0 2 3

 0 1 2

 0 2 3

 0 1 2

 0 2 3

 0 1 2

 0 2 3

 0 1 2

 0 2 3

 0 1 2

 0 2 3

 0 1 2

 0 2 3

 0 1 2

 0 2 3

 0 1 2

 0 2 3

 0 1 2

 0 2 3

 0 1 2

 0 2 3

 0 1 2

 0 2 3

 0 1 2

 0 2 3

 0 1 2

 0 2 3

 0 1 2

 0 2 3

 0 1 2

 0 2 3

 0 1 2

 0 2 3

 0 1 2

 0 2 3

 0 1 2

 0 2 3

 0 1 2

 0 2 3

 0 1 2

 0 2 3

 0 1 2

 0 2 3

 0 1 2

 0 2 3

 0 1 2

 0 2 3

 0 1 2

 0 2 3

 0 1 2

 0 2 3

 0 1 2

 0 2 3

 0 1 2

 0 2 3

 0 1 2

 0 2 3

 0 1 2

 0 2 3

 0 1 2

 0 2 3

 0 1 2

 0 2 3

 0 1 2

 0 2 3

 0 1 2

 0 2 3

 0 1 2

 0 2 3

 0 1 2

 0 2 3

 0 1 2

 0 2 3

 0 1 2

 0 2 3

 0 1 2

 0 2 3

 0 1 2

 0 2 3

 0 1 2

 0 2 3

 0 1 2

 0 2 3

 0 1 2

 0 2 3

 0 1 2

 0 2 3

 0 1 2

 0 2 3

 0 1 2

 0 2 3

 0 1 2

 0 2 3

 0 1 2

 0 2 3

 0 1 2

 0 2 3

 0 1 2

 0 2 3

 0 1 2

 0 2 3

 0 1 2

 0 2 3

 0 1 2

 0 2 3

 0 1 2

 0 2 3

 0 1 2

 0 2 3

 0 1 2

 0 2 3

 0 1 2

 0 2 3

 0 1 2

 0 2 3

 0 1 2

 0 2 3

 0 1 2

 0 2 3

 0 1 2

 0 2 3

 0 1 2

 0 2 3

 0 1 2

 0 2 3

 0 1 2

 0 2 3

 0 1 2

 0 2 3

 0 1 2

 0 2 3

 0 1 2

 0 2 3

 0 1 2

 0 2 3

 0 1 2

 0 2 3

 0 1 2

 0 2 3

 0 1 2

 0 2 3

 0 1 2

 0 2 3

 0 1 2

 0 2 3

 0 1 2

 0 2 3

 0 1 2

 0 2 3

 0 1 2

 0 2 3

 0 1 2

 0 2 3

 0 1 2

 0 2 3

 0 1 2

 0 2 3

 0 1 2

 0 2 3

 0 1 2

 0 2 3

 0 1 2

 0 2 3

 0 1 2

 0 2 3

 0 1 2

 0 2 3

 0 1 2

 0 2 3

 0 1 2

 0 2 3

 0 1 2

 0 2 3

 0 1 2

 0 2 3

 0 1 2

 0 2 3

 0 1 2

 0 2 3

 0 1 2

 0 2 3

 0 1 2

 0 2 3

 0 1 2

 0 2 3

 0 1 2

 0 2 3

 0 1 2

 0 2 3

 0 1 2

 0 2 3

 0 1 2

 0 2 3

 0 1 2

 0 2 3

 0 1 2

 0 2 3

 0 1 2

 0 2 3

 0 1 2

 0 2 3

 0 1 2

 0 2 3

 0 1 2

 0 2 3

 0 1 2

 0 2 3

 0 1 2

 0 2 3

 0 1 2

 0 2 3

 0 1 2

 0 2 3

 0 1 2

 0 2 3

 0 1 2

 0 2 3

 0 1 2

 0 2 3

 0 1 2

 0 2 3

 0 1 2

 0 2 3

 0 1 2

 0 2 3

 0 1 2

 0 2 3

 0 1 2

 0 2 3

 0 1 2

 0 2 3

 0 1 2

 0 2 3

 0 1 2

 0 2 3

 0 1 2

 0 2 3

 0 1 2

 0 2 3

 0 1 2

 0 2 3

 0 1 2

 0 2 3

 0 1 2

 0 2 3

 0 1 2

 0 2 3

 0 1 2

 0 2 3

 0 1 2

 0 2 3

 0 1 2

 0 2 3

 0 1 2

 0 2 3

 0 1 2

 0 2 3

 0 1 2

 0 2 3

 0 1 2

 0 2 3

 0 1 2

 0 2 3

 0 1 2

 0 2 3

 0 1 2

 0 2 3

 0 1 2

 0 2 3

 0 1 2

 0 2 3

 0 1 2

 0 2 3

 0 1 2

 0 2 3

 0 1 2

 0 2 3

 0 1 2

 0 2 3

 0 1 2

 0 2 3

 0 1 2

 0 2 3

 0 1 2

 0 2 3

 0 1 2

 0 2 3

 0 1 2

 0 2 3

 0 1 2

 0 2 3

 0 1 2

 0 2 3

 0 1 2

 0 2 3

 0 1 2

 0 2 3

 0 1 2

 0 2 3

 0 1 2

 0 2 3

 0 1 2

 0 2 3

 0 1 2

 0 2 3

 0 1 2

 0 2 3

 0 1 2

 0 2 3

 0 1 2

 0 2 3

 0 1 2

 0 2 3

 0 1 2

 0 2 3

 0 1 2

 0 2 3

 0 1 2

 0 2 3

 0 1 2

 0 2 3

 0 1 2

 0 2 3

 0 1 2

 0 2 3

 0 1 2

 0 2 3

 0 1 2

 0 2 3

 0 1 2

 0 2 3

 0 1 2

 0 2 3

 0 1 2

 0 2 3

 0 1 2

 0 2 3

 0 1 2

 0 2 3

 0 1 2

 0 2 3

 0 1 2

 0 2 3

 0 1 2

 0 2 3

 0 1 2

 0 2 3

 0 1 2

 0 2 3

 0 1 2

 0 2 3

 0 1 2

 0 2 3

 0 1 2

 0 2 3

 0 1 2

 0 2 3

 0 1 2

 0 2 3

 0 1 2

 0 2 3

 0 1 2

 0 2 3

 0 1 2

 0 2 3

 0 1 2

 0 2 3

 0 1 2

 0 2 3

 0 1 2

 0 2 3

 0 1 2

 0 2 3

 0 1 2

 0 2 3

 0 1 2

 0 2 3

 0 1 2

 0 2 3

 0 1 2

 0 2 3

 0 1 2

 0 2 3

 0 1 2

 0 2 3

 0 1 2

 0 2 3

 0 1 2

 0 2 3

 0 1 2

 0 2 3

 0 1 2

 0 2 3

 0 1 2

 0 2 3

 0 1 2

 0 2 3

 0 1 2

 0 2 3

 0 1 2

 0 2 3

 0 1 2

 0 2 3

 0 1 2

 0 2 3

 0 1 2

 0 2 3

 0 1 2

 0 2 3

 0 1 2

 0 2 3

 0 1 2

 0 2 3

 0 1 2

 0 2 3

 0 1 2

 0 2 3

 0 1 2

 0 2 3

 0 1 2

 0 2 3

 0 1 2

 0 2 3

 0 1 2

 0 2 3

 0 1 2

 0 2 3

 0 1 2

 0 2 3

 0 1 2

 0 2 3

 0 1 2

 0 2 3

 0 1 2

 0 2 3

 0 1 2

 0 2 3

 0 1 2

 0 2 3

 0 1 2

 0 2 3

 0 1 2

 0 2 3

 0 1 2

 0 2 3

 0 1 2

 0 2 3

 0 1 2

 0 2 3

 0 1 2

 0 2 3

 0 1 2

 0 2 3

 0 1 2

 0 2 3

 0 1 2

 0 2 3

 0 1 2

 0 2 3

 0 1 2

 0 2 3

 0 1 2

 0 2 3

 0 1 2

 0 2 3

 0 1 2

 0 2 3

 0 1 2

 0 2 3

 0 1 2

 0 2 3

 0 1 2

 0 2 3

 0 1 2

 0 2 3

 0 1 2

 0 2 3

 0 1 2

 0 2 3

 0 1 2

 0 2 3

 0 1 2

 0 2 3

 0 1 2

 0 2 3

 0 1 2

 0 2 3

 0 1 2

 0 2 3

 0 1 2

 0 2 3

 0 1 2

 0 2 3

 0 1 2

 0 2 3

 0 1 2

 0 2 3

 0 1 2

 0 2 3

 0 1 2

 0 2 3

 0 1 2

 0 2 3

 0 1 2

 0 2 3

 0 1 2

 0 2 3

 0 1 2

 0 2 3

 0 1 2

 0 2 3

 0 1 2

 0 2 3

 0 1 2

 0 2 3

 0 1 2

 0 2 3

 0 1 2

 0 2 3

 0 1 2

 0 2 3

 0 1 2

 0 2 3

 0 1 2

 0 2 3

 0 1 2

 0 2 3

 0 1 2

 0 2 3

 0 1 2

 0 2 3

 0 1 2

 0 2 3

 0 1 2

 0 2 3

 0 1 2

 0 2 3

 0 1 2

 0 2 3

 0 1 2

 0 2 3

 0 1 2

 0 2 3

 0 1 2

 0 2 3

 0 1 2

 0 2 3

 0 1 2

 0 2 3

 0 1 2

 0 2 3

 0 1 2

 0 2 3

 0 1 2

 0 2 3

 0 1 2

 0 2 3

 0 1 2

 0 2 3

 0 1 2

 0 2 3

 0 1 2

 0 2 3

 0 1 2

 0 2 3

 0 1 2

 0 2 3

 0 1 2

 0 2 3

 0 1 2

 0 2 3

 0 1 2

 0 2 3

 0 1 2

 0 2 3

 0 1 2

 0 2 3

 0 1 2

 0 2 3

 0 1 2

 0 2 3

 0 1 2

 0 2 3

 0 1 2

 0 2 3

 0 1 2

 0 2 3

 0 1 2

 0 2 3

 0 1 2

 0 2 3

 0 1 2

 0 2 3

 0 1 2

 0 2 3

 0 1 2

 0 2 3

 0 1 2

 0 2 3

 0 1 2

 0 2 3

 0 1 2

 0 2 3

 0 1 2

 0 2 3

 0 1 2

 0 2 3

 0 1 2

 0 2 3

 0 1 2

 0 2 3

 0 1 2

 0 2 3

 0 1 2

 0 2 3

 0 1 2

 0 2 3

 0 1 2

 0 2 3

 0 1 2

 0 2 3

 0 1 2

 0 2 3

 0 1 2

 0 2 3

 0 1 2

 0 2 3

 0 1 2

 0 2 3

 0 1 2

 0 2 3

 0 1 2

 0 2 3

 0 1 2

 0 2 3

 0 1 2

 0 2 3

 0 1 2

 0 2 3

 0 1 2

 0 2 3

 0 1 2

 0 2 3

 0 1 2

 0 2 3

 0 1 2

 0 2 3

 0 1 2

 0 2 3

 0 1 2

 0 2 3

 0 1 2

 0 2 3

 0 1 2

 0 2 3

 0 1 2

 0 2 3

 0 1 2

 0 2 3

 0 1 2

 0 2 3

 0 1 2

 0 2 3

 0 1 2

 0 2 3

 0 1 2

 0 2 3

 0 1 2

 0 2 3

 0 1 2

 0 2 3

 0 1 2

 0 2 3

 0 1 2

 0 2 3

 0 1 2

 0 2 3

 0 1 2

 0 2 3

 0 1 2

 0 2 3

 0 1 2

 0 2 3

 0 1 2

 0 2 3

 0 1 2

 0 2 3

 0 1 2

 0 2 3

 0 1 2

 0 2 3

 0 1 2

 0 2 3

 0 1 2

 0 2 3

 0 1 2

 0 2 3

 0 1 2

 0 2 3

 0 1 2

 0 2 3

 0 1 2

 0 2 3

 0 1 2

 0 2 3

 0 1 2

 0 2 3

 0 1 2

 0 2 3

 0 1 2

 0 2 3

 0 1 2

 0 2 3

 0 1 2

 0 2 3

 0 1 2

 0 2 3

 0 1 2

 0 2 3

 0 1 2

 0 2 3

 0 1 2

 0 2 3

 0 1 2

 0 2 3

 0 1 2

 0 2 3

 0 1 2

 0 2 3

 0 1 2

 0 2 3

 0 1 2

 0 2 3

 0 1 2

 0 2 3

 0 1 2

 0 2 3

 0 1 2

 0 2 3

 0 1 2

 0 2 3

 0 1 2

 0 2 3

 0 1 2

 0 2 3

 0 1 2

 0 2 3

 0 1 2

 0 2 3

 0 1 2

 0 2 3

 0 1 2

 0 2 3

 0 1 2

 0 2 3

 0 1 2

 0 2 3

 0 1 2

 0 2 3

 0 1 2

 0 2 3

 0 1 2

 0 2 3

 0 1 2

 0 2 3

 0 1 2

 0 2 3

 0 1 2

 0 2 3

 0 1 2

 0 2 3

 0 1 2

 0 2 3

 0 1 2

 0 2 3

 0 1 2

 0 2 3

 0 1 2

 0 2 3

 0 1 2

 0 2 3

 0 1 2

 0 2 3

 0 1 2

 0 2 3

 0 1 2

 0 2 3

 0 1 2

 0 2 3

 0 1 2

 0 2 3

 0 1 2

 0 2 3

 0 1 2

 0 2 3

 0 1 2

 0 2 3

 0 1 2

 0 2 3

 0 1 2

 0 2 3

 0 1 2

 0 2 3

 0 1 2

 0 2 3

 0 1 2

 0 2 3

 0 1 2

 0 2 3

 0 1 2

 0 2 3

 0 1 2

 0 2 3

 0 1 2

 0 2 3

 0 1 2

 0 2 3

 0 1 2

 0 2 3

 0 1 2

 0 2 3

 0 1 2

 0 2 3

 0 1 2

 0 2 3

 0 1 2

 0 2 3

 0 1 2

 0 2 3

 0 1 2

 0 2 3

 0 1 2

 0 2 3

 0 1 2

 0 2 3

 0 1 2

 0 2 3

 0 1 2

 0 2 3

 0 1 2

 0 2 3

 0 1 2

 0 2 3

 0 1 2

 0 2 3

 0 1 2

 0 2 3

 0 1 2

 0 2 3

 0 1 2

 0 2 3

 0 1 2

 0 2 3

 0 1 2

 0 2 3

 0 1 2

 0 2 3

 0 1 2

 0 2 3

 0 1 2

 0 2 3

 0 1 2

 0 2 3

 0 1 2

 0 2 3

 0 1 2

 0 2 3

 0 1 2

 0 2 3

 0 1 2

 0 2 3

 0 1 2

 0 2 3

 0 1 2

 0 2 3

 0 1 2

 0 2 3

 0 1 2

 0 2 3

 0 1 2

 0 2 3

 0 1 2

 0 2 3

 0 1 2

 0 2 3

 0 1 2

 0 2 3

 0 1 2

 0 2 3

 0 1 2

 0 2 3

 0 1 2

 0 2 3

 0 1 2

 0 2 3

 0 1 2

 0 2 3

 0 1 2

 0 2 3

 0 1 2

 0 2 3

 0 1 2

 0 2 3

 0 1 2

 0 2 3

 0 1 2

 0 2 3

 0 1 2

 0 2 3

 0 1 2

 0 2 3

 0 1 2

 0 2 3

 0 1 2

 0 2 3

 0 1 2

 0 2 3

 0 1 2

 0 2 3

 0 1 2

 0 2 3

 0 1 2

 0 2 3

 0 1 2

 0 2 3

 0 1 2

 0 2 3

 0 1 2

 0 2 3

 0 1 2

 0 2 3

 0 1 2

 0 2 3

 0 1 2

 0 2 3

 0 1 2

 0 2 3

 0 1 2

 0 2 3

 0 1 2

 0 2 3

 0 1 2

 0 2 3

 0 1 2

 0 2 3

 0 1 2

 0 2 3

 0 1 2

 0 2 3

 0 1 2

 0 2 3

 0 1 2

 0 2 3

 0 1 2

 0 2 3

 0 1 2

 0 2 3

 0 1 2

 0 2 3

 0 1 2

 0 2 3

 0 1 2

 0 2 3

 0 1 2

 0 2 3

 0 1 2

 0 2 3

 0 1 2

 0 2 3

 0 1 2

 0 2 3

 0 1 2

 0 2 3

 0 1 2

 0 2 3

 0 1 2

 0 2 3

 0 1 2

 0 2 3

 0 1 2

 0 2 3

 0 1 2

 0 2 3

 0 1 2

 0 2 3

 0 1 2

 0 2 3

 0 1 2

 0 2 3

 0 1 2

 0 2 3

 0 1 2

 0 2 3

 0 1 2

 0 2 3

 0 1 2

 0 2 3

 0 1 2

 0 2 3

 0 1 2

 0 2 3

 0 1 2

 0 2 3

 0 1 2

 0 2 3

 0 1 2

 0 2 3

 0 1 2

 0 2 3

 0 1 2

 0 2 3

 0 1 2

 0 2 3

 0 1 2

 0 2 3

 0 1 2

 0 2 3

 0 1 2

 0 2 3

 0 1 2

 0 2 3

 0 1 2

 0 2 3

 0 1 2

 0 2 3

 0 1 2

 0 2 3

 0 1 2

 0 2 3

 0 1 2

 0 2 3

 0 1 2

 0 2 3

 0 1 2

 0 2 3

 0 1 2

 0 2 3

 0 1 2

 0 2 3

 0 1 2

 0 2 3

 0 1 2

 0 2 3

 0 1 2

 0 2 3

 0 1 2

 0 2 3

 0 1 2

 0 2 3

 0 1 2

 0 2 3

 0 1 2

 0 2 3

 0 1 2

 0 2 3

 0 1 2

 0 2 3

 0 1 2

 0 2 3

 0 1 2

 0 2 3

 0 1 2

 0 2 3

 0 1 2

 0 2 3

 0 1 2

 0 2 3

 0 1 2

 0 2 3

 0 1 2

 0 2 3

 0 1 2

 0 2 3

 0 1 2

 0 2 3

 0 1 2

 0 2 3

 0 1 2

 0 2 3

 0 1 2

 0 2 3

 0 1 2

 0 2 3

 0 1 2

 0 2 3

 0 1 2

 0 2 3

 0 1 2

 0 2 3

 0 1 2

 0 2 3

 0 1 2

 0 2 3

 0 1 2

 0 2 3

 0 1 2

 0 2 3

 0 1 2

 0 2 3

 0 1 2

 0 2 3

 0 1 2

 0 2 3

 0 1 2

 0 2 3

 0 1 2

 0 2 3

 0 1 2

 0 2 3

 0 1 2

 0 2 3

 0 1 2

 0 2 3

 0 1 2

 0 2 3

 0 1 2

 0 2 3

 0 1 2

 0 2 3

 0 1 2

 0 2 3

 0 1 2

 0 2 3

 0 1 2

 0 2 3

 0 1 2

 0 2 3

 0 1 2

 0 2 3

 0 1 2

 0 2 3

 0 1 2

 0 2 3

 0 1 2

 0 2 3

 0 1 2

 0 2 3

 0 1 2

 0 2 3

 0 1 2

 0 2 3

 0 1 2

 0 2 3

 0 1 2

 0 2 3

 0 1 2

 0 2 3

 0 1 2

 0 2 3

 0 1 2

 0 2 3

 0 1 2

 0 2 3

 0 1 2

 0 2 3

 0 1 2

 0 2 3

 0 1 2

 0 2 3

 0 1 2

 0 2 3

 0 1 2

 0 2 3

 0 1 2

 0 2 3

 0 1 2

 0 2 3

 0 1 2

 0 2 3

 0 1 2

 0 2 3

 0 1 2

 0 2 3

 0 1 2

 0 2 3

 0 1 2

 0 2 3

 0 1 2

 0 2 3

 0 1 2

 0 2 3

 0 1 2

 0 2 3

 0 1 2

 0 2 3

 0 1 2

 0 2 3

 0 1 2

 0 2 3

 0 1 2

 0 2 3

 0 1 2

 0 2 3

 0 1 2

 0 2 3

 0 1 2

 0 2 3

 0 1 2

 0 2 3

 0 1 2

 0 2 3

 0 1 2

 0 2 3

 0 1 2

 0 2 3

 0 1 2

 0 2 3

 0 1 2

 0 2 3

 0 1 2

 0 2 3

 0 1 2

 0 2 3

 0 1 2

 0 2 3

 0 1 2

 0 2 3

 0 1 2

 0 2 3

 0 1 2

 0 2 3

 0 1 2

 0 2 3

 0 1 2

 0 2 3

 0 1 2

 0 2 3

 0 1 2

 0 2 3

 0 1 2

 0 2 3

 0 1 2

 0 2 3

 0 1 2

 0 2 3

 0 1 2

 0 2 3

 0 1 2

 0 2 3

 0 1 2

 0 2 3

 0 1 2

 0 2 3

 0 1 2

 0 2 3

 0 1 2

 0 2 3

 0 1 2

 0 2 3

 0 1 2

 0 2 3

 0 1 2

 0 2 3

 0 1 2

 0 2 3

 0 1 2

 0 2 3

 0 1 2

 0 2 3

 0 1 2

 0 2 3

 0 1 2

 0 2 3

 0 1 2

 0 2 3

 0 1 2

 0 2 3

 0 1 2

 0 2 3

 0 1 2

 0 2 3

 0 1 2

 0 2 3

 0 1 2

 0 2 3

 0 1 2

 0 2 3

 0 1 2

 0 2 3

 0 1 2

 0 2 3

 0 1 2

 0 2 3

 0 1 2

 0 2 3

 0 1 2

 0 2 3

 0 1 2

 0 2 3

 0 1 2

 0 2 3

 0 1 2

 0 2 3

 0 1 2

 0 2 3

 0 1 2

 0 2 3

 0 1 2

 0 2 3

 0 1 2

 0 2 3

 0 1 2

 0 2 3

 0 1 2

 0 2 3

 0 1 2

 0 2 3

 0 1 2

 0 2 3

 0 1 2

 0 2 3

 0 1 2

 0 2 3

 0 1 2

 0 2 3

 0 1 2

 0 2 3

 0 1 2

 0 2 3

 0 1 2

 0 2 3

 0 1 2

 0 2 3

 0 1 2

 0 2 3

 0 1 2

 0 2 3

 0 1 2

 0 2 3

 0 1 2

 0 2 3

 0 1 2

 0 2 3

 0 1 2

 0 2 3

 0 1 2

 0 2 3

 0 1 2

 0 2 3

 0 1 2

 0 2 3

 0 1 2

 0 2 3

 0 1 2

 0 2 3

 0 1 2

 0 2 3

 0 1 2

 0 2 3

 0 1 2

 0 2 3

 0 1 2

 0 2 3

 0 1 2

 0 2 3

 0 1 2

 0 2 3

 0 1 2

 0 2 3

 0 1 2

 0 2 3

 0 1 2

 0 2 3

 0 1 2

 0 2 3

 0 1 2

 0 2 3

 0 1 2

 0 2 3

 0 1 2

 0 2 3

 0 1 2

 0 2 3

 0 1 2

 0 2 3

 0 1 2

 0 2 3

 0 1 2

 0 2 3

 0 1 2

 0 2 3

 0 1 2

 0 2 3

 0 1 2

 0 2 3

 0 1 2

 0 2 3

 0 1 2

 0 2 3

 0 1 2

 0 2 3

 0 1 2

 0 2 3

 0 1 2

 0 2 3

 0 1 2

 0 2 3

 0 1 2

 0 2 3

 0 1 2

 0 2 3

 0 1 2

 0 2 3

 0 1 2

 0 2 3

 0 1 2

 0 2 3

 0 1 2

 0 2 3

 0 1 2

 0 2 3

 0 1 2

 0 2 3

 0 1 2

 0 2 3

 0 1 2

 0 2 3

 0 1 2

 0 2 3

 0 1 2

 0 2 3

 0 1 2

 0 2 3

 0 1 2

 0 2 3

 0 1 2

 0 2 3

 0 1 2

 0 2 3

 0 1 2

 0 2 3

 0 1 2

 0 2 3

 0 1 2

 0 2 3

 0 1 2

 0 2 3

 0 1 2

 0 2 3

 0 1 2

 0 2 3

 0 1 2

 0 2 3

 0 1 2

 0 2 3

 0 1 2

 0 2 3

 0 1 2

 0 2 3

 0 1 2

 0 2 3

 0 1 2

 0 2 3

 0 1 2

 0 2 3

 0 1 2

 0 2 3

 0 1 2

 0 2 3

 0 1 2

 0 2 3

 0 1 2

 0 2 3

 0 1 2

 0 2 3

 0 1 2

 0 2 3

 0 1 2

 0 2 3

 0 1 2

 0 2 3

 0 1 2

 0 2 3

 0 1 2

 0 2 3

 0 1 2

 0 2 3

 0 1 2

 0 2 3

 0 1 2

 0 2 3

 0 1 2

 0 2 3

 0 1 2

 0 2 3

 0 1 2

 0 2 3

 0 1 2

 0 2 3

 0 1 2

 0 2 3

 0 1 2

 0 2 3

 0 1 2

 0 2 3

 0 1 2

 0 2 3

 0 1 2

 0 2 3

 0 1 2

 0 2 3

 0 1 2

 0 2 3

 0 1 2

 0 2 3

 0 1 2

 0 2 3

 0 1 2

 0 2 3

 0 1 2

 0 2 3

 0 1 2

 0 2 3

 0 1 2

 0 2 3

 0 1 2

 0 2 3

 0 1 2

 0 2 3

 0 1 2

 0 2 3

 0 1 2

 0 2 3

 0 1 2

 0 2 3

 0 1 2

 0 2 3

 0 1 2

 0 2 3

 0 1 2

 0 2 3

 0 1 2

 0 2 3

 0 1 2

 0 2 3

 0 1 2

 0 2 3

 0 1 2

 0 2 3

 0 1 2

 0 2 3

 0 1 2

 0 2 3

 0 1 2

 0 2 3

 0 1 2

 0 2 3

 0 1 2

 0 2 3

 0 1 2

 0 2 3

 0 1 2

 0 2 3

 0 1 2

 0 2 3

 0 1 2

 0 2 3

 0 1 2

 0 2 3

 0 1 2

 0 2 3

 0 1 2

 0 2 3

 0 1 2

 0 2 3

 0 1 2

 0 2 3

 0 1 2

 0 2 3

 0 1 2

 0 2 3

 0 1 2

 0 2 3

 0 1 2

 0 2 3

 0 1 2

 0 2 3

 0 1 2

 0 2 3

 0 1 2

 0 2 3

 0 1 2

 0 2 3

 0 1 2

 0 2 3

 0 1 2

 0 2 3

 0 1 2

 0 2 3

 0 1 2

 0 2 3

 0 1 2

 0 2 3

 0 1 2

 0 2 3

 0 1 2

 0 2 3

 0 1 2

 0 2 3

 0 1 2

 0 2 3

 0 1 2

 0 2 3

 0 1 2

 0 2 3

 0 1 2

 0 2 3

 0 1 2

 0 2 3

 0 1 2

 0 2 3

 0 1 2

 0 2 3

 0 1 2

 0 2 3

 0 1 2

 0 2 3

 0 1 2

 0 2 3

 0 1 2

 0 2 3

 0 1 2

 0 2 3

 0 1 2

 0 2 3

 0 1 2

 0 2 3

 0 1 2

 0 2 3

 0 1 2

 0 2 3

 0 1 2

 0 2 3

 0 1 2

 0 2 3

 0 1 2

 0 2 3

 0 1 2

 0 2 3

 0 1 2

 0 2 3

 0 1 2

 0 2 3

 0 1 2

 0 2 3

 0 1 2

 0 2 3

 0 1 2

 0 2 3

 0 1 2

 0 2 3

 0 1 2

 0 2 3

 0 1 2

 0 2 3

 0 1 2

 0 2 3

 0 1 2

 0 2 3

 24 25 26

 24 26 27

 24 25 26

 24 26 27

 24 25 26

 24 26 27

 24 25 26

 24 26 27

 24 25 26

 24 26 27

 24 25 26

 24 26 27

 24 25 26

 24 26 27

 24 25 26

 24 26 27

 24 25 26

 24 26 27

 24 25 26

 24 26 27

 24 25 26

 24 26 27

 24 25 26

 24 26 27

 24 25 26

 24 26 27

 24 25 26

 24 26 27

 24 25 26

 24 26 27

 24 25 26

 24 26 27

 24 25 26

 24 26 27

 24 25 26

 24 26 27

 24 25 26

 24 26 27

 24 25 26

 24 26 27

 24 25 26

 24 26 27

 24 25 26

 24 26 27

 24 25 26

 24 26 27

 24 25 26

 24 26 27

 24 25 26

 24 26 27

 24 25 26

 24 26 27

 24 25 26

 24 26 27

 24 25 26

 24 26 27

 24 25 26

 24 26 27

 24 25 26

 24 26 27

 24 25 26

 24 26 27

 24 25 26

 24 26 27

 24 25 26

 24 26 27

 24 25 26

 24 26 27

 24 25 26

 24 26 27

 24 25 26

 24 26 27

 24 25 26

 24 26 27

 24 25 26

 24 26 27

 24 25 26

 24 26 27

 24 25 26

 24 26 27

 24 25 26

 24 26 27

 24 25 26

 24 26 27

 24 25 26

 24 26 27

 24 25 26

 24 26 27

 24 25 26

 24 26 27

 24 25 26

 24 26 27

 24 25 26

 24 26 27

 24 25 26

 24 26 27

 24 25 26

 24 26 27

 24 25 26

 24 26 27

 24 25 26

 24 26 27

 24 25 26

 24 26 27

 24 25 26

 24 26 27

 24 25 26

 24 26 27

 24 25 26

 24 26 27

 24 25 26

 24 26 27

 24 25 26

 24 26 27

 24 25 26

 24 26 27

 24 25 26

 24 26 27

 24 25 26

 24 26 27

 24 25 26

 24 26 27

 24 25 26

 24 26 27

 24 25 26

 24 26 27

 24 25 26

 24 26 27

 24 25 26

 24 26 27

 24 25 26

 24 26 27

 24 25 26

 24 26 27

 24 25 26

 24 26 27

 24 25 26

 24 26 27

 24 25 26

 24 26 27

 24 25 26

 24 26 27

 24 25 26

 24 26 27

 24 25 26

 24 26 27

 24 25 26

 24 26 27

 24 25 26

 24 26 27

 24 25 26

 24 26 27

 24 25 26

 24 26 27

 24 25 26

 24 26 27

 24 25 26

 24 26 27

 24 25 26

 24 26 27

 24 25 26

 24 26 27

 24 25 26

 24 26 27

 24 25 26

 24 26 27

 24 25 26

 24 26 27

 24 25 26

 24 26 27

 24 25 26

 24 26 27

 24 25 26

 24 26 27

 24 25 26

 24 26 27

 24 25 26

 24 26 27

 24 25 26

 24 26 27

 24 25 26

 24 26 27

 24 25 26

 24 26 27

 24 25 26

 24 26 27

 24 25 26

 24 26 27

 24 25 26

 24 26 27

 24 25 26

 24 26 27

 24 25 26

 24 26 27

 24 25 26

 24 26 27

 24 25 26

 24 26 27

 24 25 26

 24 26 27

 24 25 26

 24 26 27

 24 25 26

 24 26 27

 24 25 26

 24 26 27

 24 25 26

 24 26 27

 24 25 26

 24 26 27

 24 25 26

 24 26 27

 24 25 26

 24 26 27

 24 25 26

 24 26 27

 24 25 26

 24 26 27

 24 25 26

 24 26 27

 24 25 26

 24 26 27

 24 25 26

 24 26 27

 24 25 26

 24 26 27

 24 25 26

 24 26 27

 24 25 26

 24 26 27

 24 25 26

 24 26 27

 24 25 26

 24 26 27

 24 25 26

 24 26 27

 24 25 26

 24 26 27

 24 25 26

 24 26 27

 24 25 26

 24 26 27

 24 25 26

 24 26 27

 24 25 26

 24 26 27

 24 25 26

 24 26 27

 24 25 26

 24 26 27

 24 25 26

 24 26 27

 24 25 26

 24 26 27

 24 25 26

 24 26 27

 24 25 26

 24 26 27

 24 25 26

 24 26 27

 24 25 26

 24 26 27

 24 25 26

 24 26 27

 24 25 26

 24 26 27

 24 25 26

 24 26 27

 24 25 26

 24 26 27

 24 25 26

 24 26 27

 24 25 26

 24 26 27

 24 25 26

 24 26 27

 24 25 26

 24 26 27

 24 25 26

 24 26 27

 24 25 26

 24 26 27

 24 25 26

 24 26 27

 24 25 26

 24 26 27

 24 25 26

 24 26 27

 24 25 26

 24 26 27

 24 25 26

 24 26 27

 24 25 26

 24 26 27

 24 25 26

 24 26 27

 24 25 26

 24 26 27

 24 25 26

 24 26 27

 24 25 26

 24 26 27

 24 25 26

 24 26 27

 24 25 26

 24 26 27

 24 25 26

 24 26 27

 24 25 26

 24 26 27

 24 25 26

 24 26 27

 24 25 26

 24 26 27

 24 25 26

 24 26 27

 24 25 26

 24 26 27

 24 25 26

 24 26 27

 24 25 26

 24 26 27

 24 25 26

 24 26 27

 24 25 26

 24 26 27

 24 25 26

 24 26 27

 24 25 26

 24 26 27

 24 25 26

 24 26 27

 24 25 26

 24 26 27

 24 25 26

 24 26 27

 24 25 26

 24 26 27

 24 25 26

 24 26 27

 24 25 26

 24 26 27

 24 25 26

 24 26 27

 24 25 26

 24 26 27

 24 25 26

 24 26 27

 24 25 26

 24 26 27

 24 25 26

 24 26 27

 24 25 26

 24 26 27

 24 25 26

 24 26 27

 24 25 26

 24 26 27

 24 25 26

 24 26 27

 24 25 26

 24 26 27

 24 25 26

 24 26 27

 24 25 26

 24 26 27

 24 25 26

 24 26 27

 24 25 26

 24 26 27

 24 25 26

 24 26 27

 24 25 26

 24 26 27

 24 25 26

 24 26 27

 24 25 26

 24 26 27

 24 25 26

 24 26 27

 24 25 26

 24 26 27

 24 25 26

 24 26 27

 24 25 26

 24 26 27

 24 25 26

 24 26 27

 24 25 26

 24 26 27

 24 25 26

 24 26 27

 24 25 26

 24 26 27

 24 25 26

 24 26 27

 24 25 26

 24 26 27

 24 25 26

 24 26 27

 24 25 26

 24 26 27

 24 25 26

 24 26 27

 24 25 26

 24 26 27

 24 25 26

 24 26 27

 24 25 26

 24 26 27

 24 25 26

 24 26 27

 24 25 26

 24 26 27

 24 25 26

 24 26 27

 24 25 26

 24 26 27

 24 25 26

 24 26 27

 24 25 26

 24 26 27

 24 25 26

 24 26 27

 24 25 26

 24 26 27

 24 25 26

 24 26 27

 24 25 26

 24 26 27

 24 25 26

 24 26 27

 24 25 26

 24 26 27

 24 25 26

 24 26 27

 24 25 26

 24 26 27

 24 25 26

 24 26 27

 24 25 26

 24 26 27

 24 25 26

 24 26 27

 24 25 26

 24 26 27

 24 25 26

 24 26 27

 24 25 26

 24 26 27

 24 25 26

 24 26 27

 24 25 26

 24 26 27

 24 25 26

 24 26 27

 24 25 26

 24 26 27

 24 25 26

 24 26 27

 24 25 26

 24 26 27

 24 25 26

 24 26 27

 24 25 26

 24 26 27

 24 25 26

 24 26 27

 24 25 26

 24 26 27

 24 25 26

 24 26 27

 24 25 26

 24 26 27

 24 25 26

 24 26 27

 24 25 26

 24 26 27

 24 25 26

 24 26 27

 24 25 26

 24 26 27

 24 25 26

 24 26 27

 24 25 26

 24 26 27

 24 25 26

 24 26 27

 24 25 26

 24 26 27

 24 25 26

 24 26 27

 24 25 26

 24 26 27

 24 25 26

 24 26 27

 24 25 26

 24 26 27

 24 25 26

 24 26 27

 24 25 26

 24 26 27

 24 25 26

 24 26 27

 24 25 26

 24 26 27

 24 25 26

 24 26 27

 24 25 26

 24 26 27

 24 25 26

 24 26 27

 24 25 26

 24 26 27

 24 25 26

 24 26 27

 24 25 26

 24 26 27

 24 25 26

 24 26 27

 24 25 26

 24 26 27

 24 25 26

 24 26 27

 24 25 26

 24 26 27

 24 25 26

 24 26 27

 24 25 26

 24 26 27

 24 25 26

 24 26 27

 24 25 26

 24 26 27

 24 25 26

 24 26 27

 24 25 26

 24 26 27

 24 25 26

 24 26 27

 24 25 26

 24 26 27

 24 25 26

 24 26 27

 24 25 26

 24 26 27

 24 25 26

 24 26 27

 24 25 26

 24 26 27

 24 25 26

 24 26 27

 24 25 26

 24 26 27

 24 25 26

 24 26 27

 24 25 26

 24 26 27

 24 25 26

 24 26 27

 24 25 26

 24 26 27

 24 25 26

 24 26 27

 24 25 26

 24 26 27

 24 25 26

 24 26 27

 24 25 26

 24 26 27

 24 25 26

 24 26 27

 24 25 26

 24 26 27

 24 25 26

 24 26 27

 24 25 26

 24 26 27

 24 25 26

 24 26 27

 24 25 26

 24 26 27

 24 25 26

 24 26 27

 24 25 26

 24 26 27

 24 25 26

 24 26 27

 24 25 26

 24 26 27

 24 25 26

 24 26 27

 24 25 26

 24 26 27

 24 25 26

 24 26 27

 24 25 26

 24 26 27

 24 25 26

 24 26 27

 24 25 26

 24 26 27

 24 25 26

 24 26 27

 24 25 26

 24 26 27

 24 25 26

 24 26 27

 24 25 26

 24 26 27

 24 25 26

 24 26 27

 24 25 26

 24 26 27

 24 25 26

 24 26 27

 24 25 26

 24 26 27

 24 25 26

 24 26 27

 24 25 26

 24 26 27

 24 25 26

 24 26 27

 24 25 26

 24 26 27

 24 25 26

 24 26 27

 24 25 26

 24 26 27

 24 25 26

 24 26 27

 24 25 26

 24 26 27

 24 25 26

 24 26 27

 24 25 26

 24 26 27

 24 25 26

 24 26 27

 24 25 26

 24 26 27

 24 25 26

 24 26 27

 24 25 26

 24 26 27

 24 25 26

 24 26 27

 24 25 26

 24 26 27

 24 25 26

 24 26 27

 24 25 26

 24 26 27

 24 25 26

 24 26 27

 24 25 26

 24 26 27

 24 25 26

 24 26 27

 24 25 26

 24 26 27

 24 25 26

 24 26 27

 24 25 26

 24 26 27

 24 25 26

 24 26 27

 24 25 26

 24 26 27

 24 25 26

 24 26 27

 24 25 26

 24 26 27

 24 25 26

 24 26 27

 24 25 26

 24 26 27

 24 25 26

 24 26 27

 24 25 26

 24 26 27

 24 25 26

 24 26 27

 24 25 26

 24 26 27

 24 25 26

 24 26 27

 24 25 26

 24 26 27

 24 25 26

 24 26 27

 24 25 26

 24 26 27

 24 25 26

 24 26 27

 24 25 26

 24 26 27

 24 25 26

 24 26 27

 24 25 26

 24 26 27

 24 25 26

 24 26 27

 24 25 26

 24 26 27

 24 25 26

 24 26 27

 24 25 26

 24 26 27

 24 25 26

 24 26 27

 24 25 26

 24 26 27

 24 25 26

 24 26 27

 24 25 26

 24 26 27

 24 25 26

 24 26 27

 24 25 26

 24 26 27

 24 25 26

 24 26 27

 24 25 26

 24 26 27

 24 25 26

 24 26 27

 24 25 26

 24 26 27

 24 25 26

 24 26 27

 24 25 26

 24 26 27

 24 25 26

 24 26 27

 24 25 26

 24 26 27

 24 25 26

 24 26 27

 24 25 26

 24 26 27

 24 25 26

 24 26 27

 24 25 26

 24 26 27

 24 25 26

 24 26 27

 24 25 26

 24 26 27

 24 25 26

 24 26 27

 24 25 26

 24 26 27

 24 25 26

 24 26 27

 24 25 26

 24 26 27

 24 25 26

 24 26 27

 24 25 26

 24 26 27

 24 25 26

 24 26 27

 24 25 26

 24 26 27

 24 25 26

 24 26 27

 24 25 26

 24 26 27

 24 25 26

 24 26 27

 24 25 26

 24 26 27

 24 25 26

 24 26 27

 24 25 26

 24 26 27

 24 25 26

 24 26 27

 24 25 26

 24 26 27

 24 25 26

 24 26 27

 24 25 26

 24 26 27

 24 25 26

 24 26 27

 24 25 26

 24 26 27

 24 25 26

 24 26 27

 24 25 26

 24 26 27

 24 25 26

 24 26 27

 24 25 26

 24 26 27

 24 25 26

 24 26 27

 24 25 26

 24 26 27

 24 25 26

 24 26 27

 24 25 26

 24 26 27

 24 25 26

 24 26 27

 24 25 26

 24 26 27

 24 25 26

 24 26 27

 24 25 26

 24 26 27

 24 25 26

 24 26 27

 24 25 26

 24 26 27

 24 25 26

 24 26 27

 24 25 26

 24 26 27

 24 25 26

 24 26 27

 24 25 26

 24 26 27

 24 25 26

 24 26 27

 24 25 26

 24 26 27

 24 25 26

 24 26 27

 24 25 26

 24 26 27

 24 25 26

 24 26 27

 24 25 26

 24 26 27

 24 25 26

 24 26 27

 24 25 26

 24 26 27

 24 25 26

 24 26 27

 24 25 26

 24 26 27

 24 25 26

 24 26 27

 24 25 26

 24 26 27

 24 25 26

 24 26 27

 24 25 26

 24 26 27

 24 25 26

 24 26 27

 24 25 26

 24 26 27

 24 25 26

 24 26 27

 24 25 26

 24 26 27

 24 25 26

 24 26 27

 24 25 26

 24 26 27

 24 25 26

 24 26 27

 24 25 26

 24 26 27

 24 25 26

 24 26 27

 24 25 26

 24 26 27

 24 25 26

 24 26 27

 24 25 26

 24 26 27

 24 25 26

 24 26 27

 24 25 26

 24 26 27

 24 25 26

 24 26 27

 24 25 26

 24 26 27

 24 25 26

 24 26 27

 24 25 26

 24 26 27

 24 25 26

 24 26 27

 24 25 26

 24 26 27

 24 25 26

 24 26 27

 24 25 26

 24 26 27

 24 25 26

 24 26 27

 24 25 26

 24 26 27

 24 25 26

 24 26 27

 24 25 26

 24 26 27

 24 25 26

 24 26 27

 24 25 26

 24 26 27

 24 25 26

 24 26 27

 24 25 26

 24 26 27

 24 25 26

 24 26 27

 24 25 26

 24 26 27

 24 25 26

 24 26 27

 24 25 26

 24 26 27

 24 25 26

 24 26 27

 24 25 26

 24 26 27

 24 25 26

 24 26 27

 24 25 26

 24 26 27

 24 25 26

 24 26 27

 24 25 26

 24 26 27

 24 25 26

 24 26 27

 24 25 26

 24 26 27

 24 25 26

 24 26 27

 24 25 26

 24 26 27

 24 25 26

 24 26 27

 24 25 26

 24 26 27

 24 25 26

 24 26 27

 24 25 26

 24 26 27

 24 25 26

 24 26 27

 24 25 26

 24 26 27

 24 25 26

 24 26 27

 24 25 26

 24 26 27

 24 25 26

 24 26 27

 24 25 26

 24 26 27

 24 25 26

 24 26 27

 24 25 26

 24 26 27

 24 25 26

 24 26 27

 24 25 26

 24 26 27

 24 25 26

 24 26 27

 24 25 26

 24 26 27

 24 25 26

 24 26 27

 24 25 26

 24 26 27

 24 25 26

 24 26 27

 24 25 26

 24 26 27

 24 25 26

 24 26 27

 24 25 26

 24 26 27

 24 25 26

 24 26 27

 24 25 26

 24 26 27

 24 25 26

 24 26 27

 24 25 26

 24 26 27

 24 25 26

 24 26 27

 24 25 26

 24 26 27

 24 25 26

 24 26 27

 24 25 26

 24 26 27

 24 25 26

 24 26 27

 24 25 26

 24 26 27

 24 25 26

 24 26 27

 24 25 26

 24 26 27

 24 25 26

 24 26 27

 24 25 26

 24 26 27

 24 25 26

 24 26 27

 24 25 26

 24 26 27

 24 25 26

 24 26 27

 24 25 26

 24 26 27

 24 25 26

 24 26 27

 24 25 26

 24 26 27

 24 25 26

 24 26 27

 24 25 26

 24 26 27

 24 25 26

 24 26 27

 24 25 26

 24 26 27

 24 25 26

 24 26 27

 24 25 26

 24 26 27

 24 25 26

 24 26 27

 24 25 26

 24 26 27

 24 25 26

 24 26 27

 24 25 26

 24 26 27

 24 25 26

 24 26 27

 24 25 26

 24 26 27

 24 25 26

 24 26 27

 24 25 26

 24 26 27

 24 25 26

 24 26 27

 24 25 26

 24 26 27

 24 25 26

 24 26 27

 24 25 26

 24 26 27

 24 25 26

 24 26 27

 24 25 26

 24 26 27

 24 25 26

 24 26 27

 24 25 26

 24 26 27

 24 25 26

 24 26 27

 24 25 26

 24 26 27

 24 25 26

 24 26 27

 24 25 26

 24 26 27

 24 25 26

 24 26 27

 24 25 26

 24 26 27

 24 25 26

 24 26 27

 24 25 26

 24 26 27

 24 25 26

 24 26 27

 24 25 26

 24 26 27

 24 25 26

 24 26 27

 24 25 26

 24 26 27

 24 25 26

 24 26 27

 24 25 26

 24 26 27

 24 25 26

 24 26 27

 24 25 26

 24 26 27

 24 25 26

 24 26 27

 28 29 30

 28 30 31

 28 29 30

 28 30 31

 28 29 30

 28 30 31

 28 29 30

 28 30 31

 28 29 30

 28 30 31

 28 29 30

 28 30 31

 28 29 30

 28 30 31

 28 29 30

 28 30 31

 28 29 30

 28 30 31

 28 29 30

 28 30 31

 32 1 33

 32 33 3

 5 22 23

 5 23 4

 5 22 23

 5 23 4

 5 22 23

 5 23 4

 5 22 23

 5 23 4

 34 35 36

 34 36 37

 38 39 40

 38 40 41

 39 34 37

 39 37 40

 5 22 23

 5 23 4

 5 22 23

 5 23 4

 5 22 23

 5 23 4

 5 22 23

 5 23 4

 5 22 23

 5 23 4

 40 37 42

 40 42 43

 5 22 23

 5 23 4

 4 1 0

 4 0 5

 1 0 4

 4 2 1

 2 1 4

 5 4 2

 4 3 2

 5 4 3

 4 3 2

 5 4 0

 4 1 0

 4 1 0

 5 5 3

 6 7 8

 6 8 9

 6 7 8

 6 8 9

 6 7 8

 6 8 9

 6 7 8

 6 8 9

 6 7 8

 6 8 9

 6 7 8

 6 8 9

 6 7 8

 6 8 9

 20 6 9

 20 9 21

 12 13 6

 12 6 20

 13 15 7

 13 7 6

 20 6 9

 20 9 21

 12 13 6

 12 6 20

 13 15 7

 13 7 6

 20 6 9

 20 9 21

 12 13 6

 12 6 20

 13 15 7

 13 7 6

 20 6 9

 20 9 21

 12 13 6

 12 6 20

 13 15 7

 13 7 6

 20 6 9

 20 9 21

 12 13 6

 12 6 20

 13 15 7

 13 7 6

 20 6 9

 20 9 21

 12 13 6

 12 6 20

 13 15 7

 13 7 6

 20 6 9

 20 9 21

 12 13 6

 12 6 20

 13 15 7

 13 7 6

palette:

 115 115 115 255

 109 109 109 255

 127 127 127 255

 112 112 112 255

 108 108 108 255

 128 128 128 255

 119 119 119 255

 125 125 125 255

 149 149 149 255

 114 114 114 255

 130 130 130 255

 107 107 107 255

 111 111 111 255

 124 124 124 255

 105 105 105 255

 122 122 122 255

 138 138 138 255

 121 121 121 255

 100 100 100 255

 99 99 99 255

 103 103 103 255

 133 133 133 255

 97 97 97 255

 101 101 101 255

 104 104 104 255

 118 118 118 255

 131 131 131 255

 96 96 96 255

 134 134 134 255

 116 116 116 255

 95 95 95 255

 87 87 87 255

 93 93 93 255

 92 92 92 255

 91 91 91 255

 90 90 90 255

 86 86 86 255

 85 85 85 255

 147 147 147 255

 84 84 84 255

 88 88 88 255

 170 170 170 255

 184 184 184 255

 146 146 146 255

 166 166 166 255

 163 163 163 255

 181 181 181 255

 139 139 139 255

 164 164 164 255

 152 152 152 255

 183 183 183 255

 151 151 151 255

 179 179 179 255

 81 81 81 255

 82 82 82 255

 171 171 171 255

 161 161 161 255

 136 136 136 255

 168 168 168 255

 175 175 175 255

 173 173 173 255

 177 177 177 255

 39 186 255 255

 79 95 91 255

 79 79 79 255

 77 77 77 255

 72 72 72 255

 78 78 78 255

 159 159 159 255

 154 154 154 255

 76 76 76 255

 73 73 73 255

 70 70 70 255

 142 142 142 255

 71 71 71 255

 156 156 156 255

 141 141 141 255

 144 144 144 255

 74 74 74 255

 56 255 237 255

color:

 0 1 2

 0 2 2

 3 4 5

 3 5 5

 6 7 8

 6 8 2

 9 3 7

 9 7 10

 11 12 13

 11 13 2

 4 12 6

 4 6 7

 14 12 13

 14 13 5

 14 12 2

 14 2 7

 0 15 16

 0 16 2

 0 4 17

 0 17 2

 1 11 3

 1 3 13

 18 19 20

 18 20 11

 18 19 20

 18 20 19

 12 2 21

 12 21 11

 9 4 0

 9 0 6

 18 20 22

 18 22 11

 23 19 18

 23 18 23

 18 23 18

 18 18 23

 23 23 18

 23 18 24

 22 14 22

 22 22 24

 19 1 0

 19 0 1

 9 13 16

 9 16 6

 0 14 13

 0 13 13

 4 20 9

 4 9 17

 24 22 23

 24 23 24

 18 19 23

 18 23 18

 18 23 23

 18 23 18

 23 19 18

 23 18 20

 4 13 2

 4 2 1

 25 11 10

 25 10 13

 12 1 15

 12 15 13

 11 11 12

 11 12 15

 19 24 18

 19 18 4

 18 18 18

 18 18 23

 23 19 18

 23 18 23

 23 23 23

 23 23 18

 23 19 19

 23 19 23

 18 23 22

 18 22 20

 23 20 18

 23 18 24

 4 15 13

 4 13 11

 0 20 6

 0 6 6

 14 18 23

 14 23 24

 24 19 24

 24 24 19

 20 18 23

 20 23 19

 20 23 23

 20 23 18

 23 23 23

 23 23 23

 19 14 23

 19 23 23

 0 2 26

 0 26 11

 0 12 10

 0 10 2

 1 14 17

 1 17 7

 11 24 0

 11 0 6

 23 19 20

 23 20 20

 18 18 23

 18 23 23

 23 20 19

 23 19 20

 19 20 19

 19 19 20

 18 18 23

 18 23 20

 23 18 23

 23 23 19

 23 18 23

 23 23 23

 18 19 20

 18 20 23

 18 18 23

 18 23 23

 18 18 18

 18 18 23

 23 11 12

 23 12 24

 12 11 15

 12 15 6

 4 4 13

 4 13 13

 3 14 7

 3 7 2

 1 4 13

 1 13 13

 11 12 13

 11 13 5

 11 1 15

 11 15 7

 11 1 17

 11 17 13

 1 24 9

 1 9 6

 20 22 14

 20 14 20

 24 27 24

 24 24 22

 14 19 24

 14 24 22

 18 23 18

 18 18 22

 23 19 23

 23 23 23

 23 4 19

 23 19 18

 12 13 9

 12 9 4

 25 4 10

 25 10 21

 11 1 5

 11 5 2

 9 15 28

 9 28 5

 0 11 15

 0 15 2

 14 14 12

 14 12 17

 18 23 18

 18 18 11

 23 23 18

 23 18 23

 18 23 23

 18 23 20

 23 18 23

 23 23 20

 18 23 18

 18 18 18

 23 20 19

 23 19 23

 19 23 22

 19 22 23

 23 23 18

 23 18 23

 18 20 23

 18 23 19

 18 23 18

 18 18 20

 20 19 23

 20 23 18

 23 20 23

 23 23 18

 18 19 18

 18 18 18

 23 18 20

 23 20 23

 23 19 23

 23 23 18

 23 23 20

 23 20 18

 19 18 20

 19 20 18

 18 18 18

 18 18 19

 18 18 20

 18 20 23

 20 19 18

 20 18 23

 23 19 23

 23 23 23

 23 23 23

 23 23 23

 23 23 24

 23 24 23

 23 22 14

 23 14 22

 23 11 23

 23 23 22

 4 1 19

 4 19 23

 19 18 23

 19 23 23

 1 13 9

 1 9 14

 4 18 19

 4 19 1

 19 23 18

 19 18 18

 23 4 3

 23 3 4

 24 14 13

 24 13 17

 1 20 7

 1 7 6

 9 24 9

 9 9 6

 20 18 23

 20 23 11

 24 18 20

 24 20 23

 20 19 23

 20 23 18

 23 23 19

 23 19 23

 19 23 18

 19 18 23

 23 19 23

 23 23 18

 20 23 23

 20 23 23

 27 24 22

 27 22 20

 22 23 22

 22 22 24

 23 23 23

 23 23 20

 19 20 19

 19 19 23

 27 23 18

 27 18 20

 18 18 23

 18 23 18

 18 23 23

 18 23 23

 18 19 20

 18 20 18

 20 19 20

 20 20 18

 23 18 18

 23 18 23

 18 20 19

 18 19 23

 18 20 19

 18 19 23

 23 20 23

 23 23 20

 18 19 23

 18 23 18

 23 22 20

 23 20 19

 20 19 24

 20 24 22

 23 23 18

 23 18 18

 19 23 18

 19 18 23

 20 23 23

 20 23 19

 3 13 12

 3 12 14

 1 18 18

 1 18 11

 4 6 25

 4 25 14

 0 11 18

 0 18 4

 4 14 23

 4 23 18

 23 19 23

 23 23 23

 20 20 23

 20 23 23

 23 23 24

 23 24 18

 18 18 23

 18 23 19

 20 22 20

 20 20 19

 24 22 20

 24 20 22

 20 19 23

 20 23 27

 18 20 19

 18 19 20

 19 18 23

 19 23 23

 18 19 18

 18 18 18

 23 19 18

 23 18 23

 23 24 19

 23 19 23

 18 20 19

 18 19 20

 20 19 23

 20 23 18

 23 23 18

 23 18 18

 18 23 23

 18 23 23

 20 23 23

 20 23 23

 23 18 19

 23 19 20

 18 23 23

 18 23 18

 18 18 23

 18 23 18

 23 23 23

 23 23 23

 23 18 23

 23 23 20

 18 18 18

 18 18 18

 20 14 18

 20 18 23

 1 24 20

 1 20 18

 20 19 20

 20 20 18

 23 19 18

 23 18 18

 22 19 18

 22 18 23

 18 19 24

 18 24 23

 23 18 23

 23 23 18

 18 14 3

 18 3 11

 12 11 3

 12 3 15

 23 18 23

 23 23 14

 14 20 0

 14 0 24

 0 29 5

 0 5 0

 25 11 20

 25 20 20

 1 11 18

 1 18 19

 14 3 19

 14 19 20

 24 4 19

 24 19 20

 18 18 23

 18 23 20

 18 18 20

 18 20 19

 20 19 23

 20 23 18

 18 23 23

 18 23 18

 23 19 23

 23 23 18

 23 18 24

 23 24 18

 24 19 23

 24 23 18

 23 19 18

 23 18 23

 18 23 18

 18 18 23

 20 18 23

 20 23 18

 23 23 23

 23 23 23

 19 18 20

 19 20 18

 23 19 23

 23 23 18

 19 23 19

 19 19 23

 23 18 23

 23 23 20

 18 18 18

 18 18 18

 23 23 18

 23 18 23

 23 18 23

 23 23 23

 20 23 20

 20 20 18

 4 15 3

 4 3 11

 1 27 19

 1 19 18

 18 23 19

 18 19 22

 18 19 22

 18 22 22

 23 22 23

 23 23 27

 23 22 23

 23 23 22

 23 18 19

 23 19 18

 20 23 18

 20 18 18

 23 23 23

 23 23 19

 24 19 20

 24 20 19

 14 14 0

 14 0 24

 11 4 13

 11 13 17

 3 26 8

 3 8 5

 29 1 23

 29 23 11

 1 4 23

 1 23 20

 1 1 18

 1 18 23

 4 1 23

 4 23 19

 11 1 18

 11 18 20

 19 20 18

 19 18 18

 23 23 20

 23 20 18

 23 24 23

 23 23 23

 18 18 23

 18 23 23

 23 19 20

 23 20 19

 23 18 18

 23 18 19

 18 18 20

 18 20 19

 18 18 19

 18 19 19

 19 18 22

 19 22 23

 19 19 19

 19 19 18

 19 18 23

 19 23 22

 23 19 23

 23 23 23

 18 24 23

 18 23 18

 4 24 18

 4 18 18

 19 20 1

 19 1 24

 1 20 1

 1 1 29

 23 18 19

 23 19 19

 18 23 19

 18 19 19

 19 20 22

 19 22 22

 19 18 22

 19 22 22

 18 22 18

 18 18 27

 18 27 23

 18 23 22

 19 18 23

 19 23 18

 18 23 23

 18 23 20

 18 19 20

 18 20 18

 20 19 20

 20 20 22

 23 23 18

 23 18 18

 4 10 7

 4 7 12

 3 12 19

 3 19 4

 19 20 22

 19 22 23

 22 23 19

 22 19 23

 18 24 19

 18 19 20

 18 18 18

 18 18 18

 23 22 23

 23 23 22

 18 19 19

 18 19 19

 23 18 19

 23 19 22

 18 18 19

 18 19 19

 18 24 19

 18 19 23

 19 18 19

 19 19 23

 18 22 19

 18 19 22

 12 13 3

 12 3 20

 1 19 19

 1 19 20

 20 23 20

 20 20 22

 23 24 20

 23 20 18

 20 24 18

 20 18 23

 18 24 18

 18 18 20

 18 20 22

 18 22 20

 19 19 22

 19 22 18

 22 18 30

 22 30 22

 19 19 19

 19 19 19

 18 23 18

 18 18 20

 19 20 18

 19 18 23

 19 23 24

 19 24 23

 23 19 18

 23 18 18

 1 13 7

 1 7 4

 1 12 22

 1 22 1

 11 11 18

 11 18 20

 18 23 19

 18 19 23

 22 18 19

 22 19 23

 18 22 23

 18 23 19

 24 22 23

 24 23 27

 14 20 20

 14 20 18

 24 20 18

 24 18 19

 20 23 19

 20 19 23

 18 23 23

 18 23 18

 23 19 23

 23 23 22

 22 18 1

 22 1 24

 11 23 4

 11 4 17

 22 18 18

 22 18 24

 23 23 24

 23 24 20

 14 14 11

 14 11 20

 11 4 11

 11 11 14

 4 14 14

 4 14 20

 14 24 24

 14 24 24

 23 18 22

 23 22 23

 19 22 30

 19 30 23

 19 19 19

 19 19 23

 18 18 18

 18 18 18

 23 20 19

 23 19 20

 18 20 18

 18 18 20

 20 14 20

 20 20 19

 25 13 26

 25 26 11

 12 14 19

 12 19 4

 18 19 19

 18 19 23

 23 18 20

 23 20 23

 20 27 14

 20 14 22

 30 22 24

 30 24 23

 14 14 14

 14 14 20

 14 24 20

 14 20 20

 20 14 20

 20 20 23

 18 24 19

 18 19 20

 30 22 30

 30 30 19

 22 20 27

 22 27 18

 11 14 23

 11 23 18

 14 24 11

 14 11 20

 11 14 1

 11 1 24

 4 1 3

 4 3 11

 11 11 1

 11 1 1

 14 11 11

 14 11 14

 20 23 20

 20 20 20

 20 22 19

 20 19 18

 19 30 22

 19 22 19

 23 19 23

 23 23 19

 20 24 18

 20 18 23

 14 1 23

 14 23 18

 0 13 29

 0 29 4

 4 27 18

 4 18 24

 19 23 23

 19 23 18

 30 31 32

 30 32 19

 30 1 11

 30 11 23

 24 12 14

 24 14 24

 32 12 23

 32 23 11

 18 14 19

 18 19 14

 22 27 32

 22 32 20

 1 17 1

 1 1 14

 1 14 11

 1 11 1

 14 1 3

 14 3 11

 1 12 0

 1 0 12

 1 11 12

 1 12 4

 24 24 11

 24 11 1

 23 23 20

 23 20 24

 23 18 19

 23 19 20

 22 19 27

 22 27 19

 23 18 20

 23 20 19

 1 25 1

 1 1 14

 11 19 18

 11 18 23

 24 18 20

 24 20 23

 23 22 32

 23 32 19

 27 20 32

 27 32 31

 30 14 27

 30 27 14

 27 25 27

 27 27 0

 32 9 32

 32 32 20

 23 23 19

 23 19 4

 18 30 22

 18 22 18

 23 22 3

 23 3 23

 1 14 12

 1 12 17

 20 11 24

 20 24 1

 23 4 14

 23 14 4

 14 11 3

 14 3 4

 4 11 12

 4 12 11

 24 14 20

 24 20 11

 23 20 23

 23 23 20

 18 22 27

 18 27 18

 18 22 27

 18 27 18

 19 18 20

 19 20 23

 24 23 9

 24 9 24

 0 25 10

 0 10 0

 29 23 9

 29 9 29

 20 22 20

 20 20 14

 23 14 20

 23 20 19

 12 11 20

 12 20 18

 20 23 4

 20 4 24

 12 30 23

 12 23 3

 3 11 11

 3 11 3

 33 18 32

 33 32 9

 34 14 20

 34 20 1

 22 32 18

 22 18 19

 18 33 22

 18 22 30

 18 27 18

 18 18 19

 18 23 20

 18 20 20

 19 14 20

 19 20 14

 23 24 11

 23 11 4

 24 23 11

 24 11 24

 20 23 23

 20 23 23

 19 23 19

 19 19 20

 22 30 22

 22 22 19

 23 19 19

 23 19 22

 20 18 20

 20 20 19

 23 22 20

 23 20 19

 23 11 0

 23 0 24

 3 25 2

 3 2 6

 12 22 20

 12 20 20

 20 19 19

 20 19 19

 1 13 3

 1 3 20

 20 11 1

 20 1 1

 1 32 24

 1 24 35

 1 23 1

 1 1 33

 23 23 34

 23 34 14

 23 18 22

 23 22 14

 27 22 30

 27 30 22

 19 30 22

 19 22 33

 23 32 22

 23 22 32

 23 27 23

 23 23 27

 18 18 23

 18 23 18

 23 18 23

 23 23 20

 23 22 24

 23 24 18

 32 32 19

 32 19 22

 32 30 30

 32 30 19

 30 32 22

 30 22 27

 30 30 20

 30 20 27

 20 19 23

 20 23 18

 18 20 18

 18 18 19

 23 23 20

 23 20 23

 23 24 0

 23 0 20

 1 24 2

 1 2 6

 0 17 16

 0 16 13

 9 14 9

 9 9 17

 18 19 23

 18 23 14

 23 22 19

 23 19 19

 18 23 9

 18 9 24

 3 11 24

 3 24 7

 32 11 32

 32 32 23

 18 23 20

 18 20 24

 19 22 22

 19 22 18

 18 27 23

 18 23 30

 23 22 22

 23 22 32

 18 20 30

 18 30 22

 19 19 19

 19 19 27

 18 30 27

 18 27 32

 22 30 27

 22 27 34

 19 27 22

 19 22 32

 19 22 22

 19 22 27

 36 37 33

 36 33 27

 27 19 23

 27 23 30

 19 24 22

 19 22 23

 22 18 18

 22 18 20

 20 18 23

 20 23 18

 19 18 23

 19 23 19

 23 14 3

 23 3 14

 14 4 13

 14 13 13

 9 5 38

 9 38 2

 11 22 18

 11 18 14

 18 18 19

 18 19 27

 18 18 22

 18 22 19

 22 18 19

 22 19 27

 20 27 18

 20 18 30

 18 22 19

 18 19 19

 22 22 27

 22 27 22

 18 19 22

 18 22 22

 19 18 19

 19 19 27

 23 24 18

 23 18 27

 23 14 23

 23 23 20

 23 14 20

 23 20 18

 20 20 19

 20 19 19

 23 22 27

 23 27 19

 22 32 32

 22 32 22

 32 31 34

 32 34 30

 22 20 23

 22 23 32

 1 1 19

 1 19 20

 4 11 18

 4 18 23

 1 24 18

 1 18 18

 23 23 23

 23 23 23

 23 18 18

 23 18 23

 18 20 19

 18 19 24

 11 5 26

 11 26 4

 0 1 10

 0 10 5

 11 14 7

 11 7 13

 14 24 17

 14 17 17

 14 20 4

 14 4 6

 19 23 18

 19 18 23

 19 23 19

 19 19 19

 18 23 22

 18 22 18

 18 23 19

 18 19 18

 23 27 18

 23 18 27

 18 19 30

 18 30 27

 22 20 30

 22 30 27

 35 14 22

 35 22 19

 18 24 18

 18 18 18

 24 14 14

 24 14 24

 14 4 14

 14 14 24

 20 11 24

 20 24 14

 20 20 23

 20 23 14

 20 19 23

 20 23 23

 20 32 19

 20 19 27

 27 39 31

 27 31 34

 20 3 9

 20 9 19

 6 11 23

 6 23 11

 4 11 18

 4 18 18

 4 1 19

 4 19 23

 9 5 5

 9 5 4

 0 11 2

 0 2 13

 1 14 3

 1 3 6

 20 18 18

 20 18 11

 18 22 19

 18 19 19

 23 19 19

 23 19 22

 23 18 23

 23 23 22

 20 14 18

 20 18 23

 22 24 19

 22 19 24

 23 23 18

 23 18 20

 23 20 20

 23 20 18

 24 23 23

 24 23 19

 18 27 27

 18 27 27

 19 24 40

 19 40 23

 35 11 33

 35 33 19

 23 41 24

 23 24 1

 42 42 12

 42 12 11

 42 43 3

 42 3 14

 14 14 11

 14 11 11

 14 24 20

 14 20 11

 14 24 20

 14 20 14

 19 27 19

 19 19 18

 32 37 36

 32 36 35

 35 18 30

 35 30 37

 11 6 9

 11 9 23

 0 4 7

 0 7 17

 12 14 3

 12 3 13

 18 19 18

 18 18 24

 18 18 23

 18 23 22

 18 19 20

 18 20 18

 20 30 23

 20 23 27

 23 18 20

 23 20 19

 23 19 20

 23 20 18

 20 24 24

 20 24 20

 14 20 23

 14 23 24

 20 20 20

 20 20 23

 24 20 24

 24 24 20

 23 24 20

 23 20 23

 27 22 30

 27 30 22

 22 23 18

 22 18 20

 42 42 42

 42 42 44

 42 42 42

 42 42 42

 42 42 14

 42 14 45

 41 35 3

 41 3 14

 23 32 4

 23 4 30

 24 30 27

 24 27 23

 32 37 37

 32 37 32

 30 19 18

 30 18 30

 12 13 13

 12 13 1

 3 24 6

 3 6 6

 20 19 20

 20 20 20

 20 27 20

 20 20 19

 20 18 20

 20 20 18

 19 20 18

 19 18 20

 22 19 19

 22 19 23

 23 30 18

 23 18 19

 24 22 23

 24 23 22

 18 1 20

 18 20 20

 24 12 20

 24 20 4

 20 24 11

 20 11 14

 24 14 11

 24 11 14

 24 14 24

 24 24 11

 23 20 20

 23 20 20

 18 19 23

 18 23 23

 19 30 30

 19 30 18

 23 35 11

 23 11 23

 20 42 42

 20 42 42

 42 42 42

 42 42 42

 42 42 42

 42 42 42

 42 42 42

 42 42 42

 42 42 46

 42 46 42

 11 18 12

 11 12 33

 18 30 18

 18 18 18

 27 31 36

 27 36 33

 22 22 23

 22 23 32

 3 6 13

 3 13 24

 0 4 9

 0 9 7

 23 23 20

 23 20 4

 23 19 24

 23 24 22

 14 19 20

 14 20 18

 22 14 22

 22 22 19

 30 20 19

 30 19 23

 19 30 22

 19 22 20

 19 30 14

 19 14 22

 11 19 14

 11 14 23

 20 24 18

 20 18 18

 18 20 18

 18 18 1

 24 24 24

 24 24 24

 24 20 14

 24 14 20

 14 14 24

 14 24 14

 20 24 23

 20 23 11

 23 18 18

 23 18 23

 18 30 22

 18 22 27

 18 30 14

 18 14 22

 20 11 2

 20 2 35

 14 42 42

 14 42 42

 42 42 42

 42 42 42

 42 42 42

 42 42 42

 42 8 42

 42 42 42

 20 22 18

 20 18 19

 19 19 22

 19 22 22

 18 19 32

 18 32 32

 30 22 36

 30 36 35

 30 30 40

 30 40 35

 22 32 35

 22 35 36

 27 27 27

 27 27 31

 18 19 20

 18 20 27

 18 14 1

 18 1 14

 4 4 2

 4 2 15

 29 25 47

 29 47 17

 12 19 18

 12 18 1

 22 20 23

 22 23 23

 23 19 20

 23 20 18

 23 32 19

 23 19 22

 19 24 22

 19 22 20

 34 22 33

 34 33 24

 23 27 14

 23 14 30

 1 30 23

 1 23 32

 23 19 23

 23 23 22

 23 23 24

 23 24 23

 23 11 24

 23 24 20

 20 11 4

 20 4 14

 24 14 11

 24 11 23

 20 24 14

 20 14 24

 20 20 24

 20 24 24

 20 23 23

 20 23 23

 19 27 27

 19 27 19

 19 22 27

 19 27 27

 19 20 27

 19 27 27

 18 18 23

 18 23 11

 20 19 16

 20 16 18

 23 11 46

 23 46 46

 40 11 19

 40 19 3

 22 19 22

 22 22 18

 22 19 22

 22 22 22

 19 18 19

 19 19 19

 23 20 19

 23 19 18

 19 23 23

 19 23 18

 23 19 20

 23 20 19

 20 19 20

 20 20 22

 23 20 23

 23 23 23

 19 23 18

 19 18 23

 18 18 23

 18 23 18

 23 11 9

 23 9 20

 14 11 13

 14 13 6

 25 26 43

 25 43 10

 0 24 18

 0 18 11

 23 20 19

 23 19 23

 23 18 18

 23 18 23

 19 34 24

 19 24 22

 19 4 29

 19 29 24

 0 12 11

 0 11 0

 33 35 24

 33 24 32

 18 27 23

 18 23 33

 19 20 23

 19 23 18

 19 12 19

 19 19 20

 24 3 18

 24 18 9

 23 11 14

 23 14 11

 34 12 33

 34 33 1

 32 0 18

 32 18 25

 23 24 14

 23 14 24

 23 19 20

 23 20 18

 23 27 22

 23 22 19

 19 18 27

 19 27 19

 35 22 31

 35 31 20

 35 20 19

 35 19 23

 22 19 19

 22 19 27

 19 14 35

 19 35 18

 37 14 36

 37 36 19

 22 23 22

 22 22 20

 23 18 19

 23 19 18

 18 23 18

 18 18 18

 18 23 18

 18 18 20

 23 18 19

 23 19 23

 23 18 23

 23 23 19

 23 4 18

 23 18 19

 14 4 22

 14 22 23

 24 1 19

 24 19 20

 23 19 23

 23 23 23

 23 23 18

 23 18 18

 18 20 22

 18 22 23

 11 10 5

 11 5 9

 1 18 20

 1 20 24

 23 33 22

 23 22 18

 23 24 33

 23 33 33

 24 4 23

 24 23 33

 24 3 24

 24 24 1

 24 19 34

 24 34 19

 22 18 22

 22 22 22

 19 24 19

 19 19 18

 11 24 18

 11 18 20

 18 23 18

 18 18 11

 24 23 24

 24 24 23

 18 24 34

 18 34 4

 19 24 22

 19 22 17

 23 20 20

 23 20 24

 23 19 18

 23 18 18

 18 22 19

 18 19 18

 19 19 19

 19 19 22

 18 23 33

 18 33 11

 19 18 19

 19 19 14

 22 23 22

 22 22 19

 32 35 32

 32 32 27

 22 23 23

 22 23 19

 23 23 18

 23 18 23

 20 18 19

 20 19 23

 18 23 18

 18 18 18

 24 14 20

 24 20 18

 1 12 23

 1 23 18

 12 17 12

 12 12 11

 0 14 20

 0 20 24

 12 11 24

 12 24 19

 11 4 18

 11 18 20

 0 5 5

 0 5 1

 11 19 23

 11 23 14

 27 32 22

 27 22 19

 48 42 49

 48 49 24

 42 42 50

 42 50 50

 42 29 11

 42 11 29

 4 32 30

 4 30 12

 19 18 19

 19 19 27

 4 29 11

 4 11 24

 1 19 24

 1 24 20

 1 35 24

 1 24 23

 9 20 24

 9 24 27

 11 22 19

 11 19 19

 27 22 19

 27 19 18

 22 22 27

 22 27 22

 32 20 18

 32 18 19

 4 20 18

 4 18 19

 23 22 18

 23 18 18

 23 24 19

 23 19 19

 19 20 22

 19 22 23

 22 19 30

 22 30 19

 27 22 19

 27 19 35

 23 23 18

 23 18 27

 19 18 23

 19 23 18

 20 23 23

 20 23 18

 18 11 18

 18 18 18

 9 29 3

 9 3 24

 3 19 23

 3 23 11

 18 19 30

 18 30 27

 42 42 42

 42 42 42

 42 42 42

 42 42 42

 42 42 42

 42 42 42

 13 36 19

 13 19 4

 27 35 11

 27 11 36

 24 14 1

 24 1 20

 4 20 4

 4 4 0

 18 27 20

 18 20 23

 11 35 22

 11 22 31

 24 22 4

 24 4 31

 22 20 27

 22 27 32

 23 20 19

 23 19 27

 23 4 19

 23 19 14

 11 6 24

 11 24 11

 4 20 18

 4 18 24

 33 23 35

 33 35 14

 40 14 22

 40 22 4

 19 19 19

 19 19 23

 14 22 18

 14 18 19

 19 20 19

 19 19 23

 23 19 18

 23 18 24

 23 14 23

 23 23 18

 3 13 9

 3 9 1

 0 14 23

 0 23 4

 23 32 34

 23 34 19

 32 42 42

 32 42 44

 42 42 42

 42 42 42

 42 42 42

 42 42 42

 12 18 23

 12 23 10

 20 18 11

 20 11 31

 23 23 23

 23 23 18

 24 22 18

 24 18 18

 24 22 23

 24 23 22

 23 18 20

 23 20 22

 19 22 33

 19 33 18

 19 4 14

 19 14 27

 14 23 23

 14 23 24

 23 22 23

 23 23 23

 27 24 4

 27 4 24

 0 24 12

 0 12 0

 14 18 20

 14 20 23

 20 14 35

 20 35 1

 19 14 22

 19 22 12

 20 35 11

 20 11 18

 23 35 11

 23 11 40

 24 23 19

 24 19 19

 23 19 24

 23 24 23

 12 6 3

 12 3 24

 0 24 19

 0 19 11

 22 24 1

 22 1 18

 32 30 42

 32 42 46

 22 30 18

 22 18 46

 22 22 22

 22 22 18

 20 18 23

 20 23 22

 23 18 18

 23 18 18

 23 19 23

 23 23 18

 18 24 20

 18 20 19

 4 14 20

 4 20 23

 14 31 11

 14 11 18

 19 31 0

 19 0 35

 24 22 11

 24 11 20

 24 18 27

 24 27 19

 19 14 23

 19 23 30

 20 23 14

 20 14 23

 20 23 11

 20 11 23

 14 24 23

 14 23 18

 24 24 23

 24 23 24

 18 18 4

 18 4 23

 14 22 4

 14 4 35

 19 18 22

 19 22 20

 27 23 23

 27 23 18

 1 13 15

 1 15 4

 4 18 19

 4 19 24

 20 19 20

 20 20 22

 24 19 23

 24 23 19

 18 18 23

 18 23 19

 23 19 20

 23 20 19

 23 18 19

 23 19 20

 18 20 23

 18 23 23

 1 6 1

 1 1 14

 12 19 3

 12 3 23

 14 22 14

 14 14 31

 18 19 18

 18 18 30

 18 18 20

 18 20 27

 20 24 20

 20 20 23

 23 4 24

 23 24 14

 14 14 11

 14 11 24

 14 24 11

 14 11 20

 23 23 20

 23 20 20

 18 20 20

 18 20 23

 19 18 19

 19 19 18

 19 18 22

 19 22 20

 18 18 23

 18 23 24

 4 7 7

 4 7 1

 29 14 23

 29 23 14

 20 19 14

 20 14 18

 24 19 20

 24 20 22

 23 18 23

 23 23 18

 24 22 20

 24 20 18

 23 22 23

 23 23 18

 23 19 23

 23 23 23

 11 6 6

 11 6 4

 1 23 24

 1 24 14

 19 27 22

 19 22 19

 22 22 19

 22 19 23

 19 22 20

 19 20 19

 20 20 24

 20 24 20

 24 24 11

 24 11 24

 14 19 4

 14 4 14

 12 23 11

 12 11 20

 11 23 20

 11 20 14

 4 19 23

 4 23 20

 24 19 22

 24 22 20

 19 19 19

 19 19 18

 20 20 23

 20 23 19

 29 15 26

 29 26 14

 9 11 18

 9 18 11

 23 23 20

 23 20 19

 18 18 23

 18 23 19

 18 27 18

 18 18 19

 23 23 22

 23 22 30

 18 18 27

 18 27 33

 18 20 14

 18 14 23

 14 11 12

 14 12 25

 19 30 19

 19 19 14

 32 34 32

 32 32 22

 30 23 30

 30 30 32

 14 22 22

 14 22 19

 22 19 14

 22 14 22

 18 1 11

 18 11 23

 18 18 3

 18 3 18

 12 20 3

 12 3 24

 23 33 9

 23 9 23

 11 31 12

 11 12 36

 1 27 23

 1 23 27

 19 18 23

 19 23 19

 14 6 0

 14 0 14

 1 18 23

 1 23 24

 20 20 23

 20 23 18

 18 32 27

 18 27 19

 25 42 50

 25 50 23

 24 27 32

 24 32 20

 30 23 18

 30 18 23

 27 22 30

 27 30 22

 4 3 19

 4 19 27

 0 6 0

 0 0 11

 0 30 22

 0 22 0

 32 19 19

 32 19 32

 22 1 23

 22 23 11

 4 33 24

 4 24 4

 1 11 22

 1 22 20

 19 22 1

 19 1 18

 24 27 9

 24 9 31

 23 19 18

 23 18 18

 23 18 18

 23 18 22

 11 13 15

 11 15 11

 1 19 24

 1 24 24

 23 23 19

 23 19 19

 19 20 22

 19 22 19

 20 14 42

 20 42 14

 51 24 42

 51 42 42

 20 18 30

 20 30 20

 22 18 27

 22 27 18

 35 30 22

 35 22 32

 12 42 25

 12 25 3

 42 42 42

 42 42 42

 42 27 32

 42 32 52

 22 18 19

 22 19 33

 14 33 12

 14 12 23

 4 53 4

 4 4 54

 0 18 11

 0 11 33

 23 22 11

 23 11 19

 24 19 20

 24 20 30

 19 22 18

 19 18 18

 23 18 20

 23 20 19

 1 2 7

 1 7 14

 6 20 10

 6 10 6

 1 11 12

 1 12 6

 19 20 18

 19 18 24

 18 24 18

 18 18 23

 19 20 19

 19 19 24

 19 18 22

 19 22 20

 23 24 19

 23 19 30

 20 19 18

 20 18 27

 20 19 22

 20 22 23

 34 32 33

 34 33 34

 42 42 42

 42 42 55

 42 42 42

 42 42 42

 24 23 4

 24 4 24

 24 18 3

 24 3 35

 18 18 19

 18 19 19

 19 18 19

 19 19 22

 19 18 18

 19 18 19

 18 24 18

 18 18 18

 23 23 23

 23 23 19

 4 5 13

 4 13 4

 11 23 12

 11 12 9

 35 0 24

 35 24 6

 33 23 23

 33 23 14

 19 20 19

 19 19 18

 18 20 19

 18 19 24

 20 11 24

 20 24 20

 18 30 27

 18 27 23

 19 23 18

 19 18 20

 18 22 4

 18 4 1

 23 11 11

 23 11 14

 24 19 23

 24 23 22

 27 19 22

 27 22 33

 12 25 42

 12 42 42

 4 29 56

 4 56 42

 3 30 18

 3 18 12

 32 19 20

 32 20 14

 23 18 19

 23 19 20

 23 18 22

 23 22 19

 23 20 22

 23 22 19

 23 11 22

 23 22 18

 4 12 22

 4 22 18

 11 1 19

 11 19 20

 4 4 23

 4 23 23

 0 10 7

 0 7 4

 3 23 4

 3 4 25

 19 29 22

 19 22 18

 1 5 18

 1 18 14

 33 22 32

 33 32 24

 23 14 19

 23 19 20

 12 23 23

 12 23 19

 1 25 9

 1 9 23

 11 30 32

 11 32 18

 22 30 18

 22 18 19

 22 35 31

 22 31 33

 20 6 11

 20 11 27

 23 23 18

 23 18 24

 19 22 30

 19 30 22

 32 35 32

 32 32 22

 30 29 0

 30 0 27

 13 0 23

 13 23 0

 23 22 30

 23 30 32

 18 14 23

 18 23 19

 1 11 18

 1 18 23

 11 1 23

 11 23 20

 12 17 3

 12 3 11

 6 11 13

 6 13 5

 1 24 0

 1 0 6

 23 18 22

 23 22 24

 35 12 20

 35 20 18

 20 0 0

 20 0 57

 23 23 22

 23 22 32

 3 25 3

 3 3 14

 0 24 18

 0 18 4

 18 18 18

 18 18 18

 19 22 32

 19 32 22

 27 19 4

 27 4 22

 19 24 3

 19 3 3

 14 20 18

 14 18 24

 29 6 9

 29 9 14

 12 19 24

 12 24 1

 20 23 18

 20 18 19

 18 24 20

 18 20 19

 12 11 40

 12 40 18

 11 11 19

 11 19 23

 25 17 0

 25 0 22

 3 18 18

 3 18 24

 23 23 22

 23 22 18

 18 18 19

 18 19 19

 1 25 11

 1 11 19

 6 12 18

 6 18 11

 4 12 18

 4 18 20

 9 1 1

 9 1 4

 3 27 24

 3 24 20

 20 18 23

 20 23 18

 23 18 23

 23 23 23

 1 0 6

 1 6 20

 29 11 20

 29 20 11

 23 23 19

 23 19 22

 19 23 23

 19 23 23

 20 24 0

 20 0 14

 58 42 15

 58 15 0

 42 59 26

 42 26 2

 6 7 51

 6 51 7

 9 14 20

 9 20 11

 24 18 23

 24 23 20

 20 42 60

 20 60 18

 44 42 16

 42 13 28

 42 28 61

 9 11 20

 9 20 4

 1 4 58

 1 58 22

 16 58 4

 60 44 57

 6 17 10

 6 10 0

 22 32 62

 22 62 62

 63 34 62

 63 62 62

 30 27 62

 30 62 62

 23 23 23

 23 23 23

 24 30 20

 24 20 18

 1 30 11

 1 11 18

 19 23 32

 19 32 18

 42 42 42

 42 42 42

 5 0 8

 5 8 6

 64 65 66

 64 66 67

 1 18 20

 1 20 18

 43 68 42

 43 42 69

 70 70 66

 70 66 71

 71 71 72

 71 72 71

 71 71 72

 71 72 66

 36 19 18

 36 18 64

 9 20 6

 9 6 6

 11 14 9

 11 9 0

 11 11 6

 11 6 29

 29 17 73

 29 73 6

 3 24 11

 3 11 0

 23 15 24

 23 24 20

 15 18 23

 15 23 23

 14 18 4

 14 4 18

 3 12 6

 3 6 24

 50 42 58

 50 58 14

 42 42 42

 42 42 42

 42 42 42

 42 42 42

 42 18 4

 42 4 15

 6 15 17

 6 17 24

 42 42 42

 42 42 42

 42 42 42

 42 42 42

 42 42 42

 42 42 42

 42 47 17

 42 17 42

 42 42 42

 42 42 42

 42 42 42

 42 42 42

 42 42 42

 42 42 42

 13 25 15

 13 15 42

 0 1 46

 0 46 4

 14 14 42

 14 42 42

 4 4 29

 4 29 50

 9 17 15

 9 15 11

 4 9 11

 4 11 29

 15 6 9

 15 9 4

 6 47 17

 6 17 9

 14 4 50

 14 50 42

 3 0 4

 3 4 14

 0 15 4

 0 4 4

 1 14 42

 1 42 46

 29 0 14

 29 14 1

 0 3 14

 0 14 14

 6 0 4

 6 4 6

 16 6 0

 16 0 6

 6 29 1

 6 1 0

 42 13 42

 42 42 42

 29 11 13

 29 13 42

 11 15 25

 11 25 13

 42 42 42

 42 42 42

 42 50 42

 42 42 42

 50 29 42

 50 42 42

 42 42 42

 42 42 42

 46 42 42

 46 42 42

 42 42 42

 42 42 42

 29 42 42

 29 42 3

 6 4 42

 6 42 29

 4 46 42

 4 42 42

 42 42 42

 42 42 42

 42 42 42

 42 42 42

 42 15 47

 42 47 42

 42 42 42

 42 42 42

 42 42 42

 42 42 42

 42 42 42

 42 42 42

 42 42 42

 42 42 42

 42 42 42

 42 42 42

 42 42 42

 42 42 42

 29 42 42

 29 42 0

 3 42 42

 3 42 29

 42 42 42

 42 42 42

 18 6 24

 18 24 4

 17 25 6

 17 6 18

 25 38 15

 25 15 6

 42 42 15

 42 15 42

 42 42 42

 42 42 42

 42 17 18

 42 18 42

 42 42 42

 42 42 42

 42 42 42

 42 42 42

 42 42 42

 42 42 42

 42 42 42

 42 42 58

 42 42 42

 42 42 42

 42 42 42

 42 42 42

 9 50 14

 9 14 6

 0 42 50

 0 50 9

 42 42 42

 42 42 50

 18 3 24

 18 24 4

 4 24 3

 4 3 18

 24 17 12

 24 12 3

 18 14 18

 18 18 23

 42 15 14

 42 14 18

 15 4 18

 15 18 14

 15 15 23

 15 23 24

 42 42 15

 42 15 15

 42 42 18

 42 18 15

 24 23 20

 24 20 11

 58 42 23

 58 23 24

 42 42 15

 42 15 23

 25 3 0

 25 0 47

 6 14 3

 6 3 25

 14 58 24

 14 24 3

 11 29 6

 11 6 6

 4 24 29

 4 29 11

 24 6 17

 24 17 29

 14 11 29

 14 29 9

 23 18 11

 23 11 14

 18 4 11

 18 11 11

 20 11 0

 20 0 6

 24 23 11

 24 11 20

 23 23 14

 23 14 11

 25 9 6

 25 6 8

 11 20 9

 11 9 25

 20 24 20

 20 20 9

 71 36 64

 71 64 74

 71 31 36

 71 36 71

 31 18 19

 31 19 36

 71 71 66

 71 66 72

 72 72 71

 72 71 71

 72 72 71

 72 71 71

 71 71 71

 71 71 72

 72 72 71

 72 71 71

 72 72 71

 72 71 71

 74 70 71

 74 71 72

 72 66 70

 72 70 74

 66 74 70

 66 70 70

 38 43 69

 38 69 55

 59 75 43

 59 43 38

 75 42 68

 75 68 43

 23 1 18

 23 18 32

 23 18 1

 23 1 23

 18 11 18

 18 18 1

 65 64 67

 65 67 74

 74 67 64

 74 64 65

 67 71 65

 67 65 64

 13 5 6

 13 6 43

 16 25 5

 16 5 13

 25 43 0

 25 0 5

 42 42 42

 42 42 42

 42 42 42

 42 42 42

 42 42 42

 42 42 42

 7 6 76

 7 76 3

 30 19 18

 30 18 20

 22 18 19

 22 19 30

 18 20 23

 18 23 19

 23 1 18

 23 18 23

 20 23 1

 20 1 23

 23 23 30

 23 30 1

 30 24 18

 30 18 11

 23 30 24

 23 24 30

 30 22 30

 30 30 24

 23 23 23

 23 23 32

 20 24 23

 20 23 23

 24 20 23

 24 23 23

 6 9 17

 6 17 76

 9 12 13

 9 13 17

 12 6 3

 12 3 13

 27 18 62

 27 62 62

 18 9 18

 18 18 27

 34 30 62

 34 62 62

 27 27 30

 27 30 34

 27 18 27

 27 27 30

 32 63 62

 32 62 62

 23 32 63

 23 63 32

 32 27 34

 32 34 63

 0 23 32

 0 32 22

 4 6 0

 4 0 42

 21 7 6

 21 6 4

 7 38 17

 7 17 6

 7 3 38

 2 2 4

 2 4 9

 2 21 4

 2 4 4

 38 9 38

 2 2 3

 2 3 4

 2 2 9

 2 9 3

 11 1 22

 11 22 20

 25 15 1

 25 1 11

 15 2 4

 15 4 1

 13 9 4

 13 4 0

 28 2 9

 28 9 13

 2 25 11

 2 11 9

 42 42 61

 42 61 42

 42 0 42

 42 42 42

 0 10 13

 0 13 42

 38 9 4

 4 16 4

 16 4 42

 44 42 42

 44 42 42

 44 42 57

 18 20 18

 18 18 23

 20 22 20

 20 20 18

 22 58 42

 22 42 20

 14 24 20

 14 20 20

 0 4 24

 0 24 14

 4 20 18

 4 18 24

 29 9 11

 29 11 29

 2 0 9

 2 9 29

 0 0 14

 0 14 9

 59 6 7

 59 7 26

 42 61 6

 42 6 59

 61 28 7

 61 7 6

 42 42 2

 42 2 15

 42 42 42

 42 42 42

 42 42 59

 42 59 42

 24 58 0

 24 0 0

 60 42 58

 60 58 24

 42 42 42

 42 42 58

 23 20 14

 23 14 23

 23 18 20

 23 20 23

 18 60 24

 18 24 20

 23 19 23

 23 23 19

 20 20 19

 20 19 23

 20 23 23

 20 23 19

 11 23 22

 11 22 20

 29 11 23

 29 23 11

 11 20 23

 11 23 23

 2 29 11

 2 11 10

 26 17 29

 26 29 2

 17 29 11

 17 11 29

 18 1 20

 18 20 23

 23 14 1

 23 1 18

 14 0 0

 14 0 1

 18 23 23

 18 23 23

 19 23 23

 19 23 18

 23 23 18

 23 18 23

 27 20 18

 27 18 24

 20 22 20

 20 20 27

 22 19 18

 22 18 20

 17 3 20

 17 20 7

 10 11 3

 10 3 17

 11 20 27

 11 27 3

 12 9 4

 12 4 18

 7 13 9

 7 9 12

 13 77 1

 13 1 9

 12 4 20

 12 20 18

 5 2 4

 5 4 12

 2 7 12

 2 12 4

 2 6 11

 2 11 10

 38 5 6

 38 6 2

 5 5 12

 5 12 6

 18 1 19

 18 19 19

 23 20 1

 23 1 18

 20 6 25

 20 25 1

 23 18 19

 23 19 22

 23 23 18

 23 18 23

 23 23 18

 23 18 18

 18 23 18

 18 18 18

 24 18 23

 24 23 18

 18 23 23

 18 23 23

 6 3 24

 6 24 9

 7 20 3

 7 3 6

 20 24 18

 20 18 3

 11 25 22

 11 22 19

 25 26 25

 25 25 11

 26 16 17

 26 17 25

 11 11 23

 11 23 40

 25 6 11

 25 11 11

 6 25 11

 6 11 11

 24 12 18

 24 18 20

 1 9 12

 1 12 24

 9 25 11

 9 11 12

 23 18 19

 23 19 18

 18 4 18

 18 18 23

 4 1 24

 4 24 18

 19 20 19

 19 19 24

 18 20 20

 18 20 19

 20 18 23

 20 23 20

 7 12 1

 7 1 26

 10 11 12

 10 12 7

 11 18 19

 11 19 12

 20 29 14

 20 14 18

 25 15 29

 25 29 20

 15 77 6

 15 6 29

 24 14 24

 24 24 3

 11 11 14

 11 14 24

 11 25 20

 11 20 14

 19 19 3

 19 3 4

 19 19 19

 19 19 19

 19 11 24

 19 24 19

 22 27 22

 22 22 32

 22 19 27

 22 27 22

 19 19 19

 19 19 27

 18 19 22

 18 22 18

 18 18 19

 18 19 18

 18 22 22

 18 22 19

 24 18 18

 24 18 18

 9 24 18

 9 18 24

 24 18 18

 24 18 18

 17 0 4

 17 4 29

 26 0 0

 26 0 17

 0 9 24

 0 24 0

 23 3 14

 23 14 22

 0 17 3

 0 3 23

 17 10 25

 17 25 3

 0 23 32

 0 32 0

 19 22 23

 19 23 0

 22 0 23

 22 23 23

 12 20 57

 12 57 20

 40 23 20

 40 20 12

 23 19 0

 23 0 20

 18 35 18

 18 18 22

 20 18 35

 20 35 18

 18 40 12

 18 12 35

 24 23 24

 24 24 0

 18 19 23

 18 23 24

 19 20 18

 19 18 23

 11 1 6

 11 6 13

 24 19 1

 24 1 11

 19 18 24

 19 24 1

 5 6 5

 5 5 77

 26 1 6

 26 6 5

 1 24 11

 1 11 6

 1 12 11

 1 11 23

 13 2 12

 13 12 1

 2 47 17

 2 17 12

 11 11 20

 11 20 18

 17 13 11

 17 11 11

 13 13 1

 13 1 11

 14 1 23

 14 23 23

 9 6 1

 9 1 14

 6 17 11

 6 11 1

 22 18 19

 22 19 30

 18 14 18

 18 18 22

 14 9 14

 14 14 18

 0 23 32

 0 32 23

 3 24 23

 3 23 0

 24 18 22

 24 22 23

 29 13 0

 29 0 0

 4 3 13

 4 13 29

 3 3 0

 3 0 13

 35 30 27

 35 27 32

 32 22 30

 32 30 35

 22 4 29

 22 29 30

 22 32 22

 22 22 30

 18 22 32

 18 32 22

 22 32 35

 22 35 32

 23 19 22

 23 22 18

 18 18 19

 18 19 23

 18 18 22

 18 22 19

 6 23 24

 6 24 11

 29 4 23

 29 23 6

 4 18 23

 4 23 23

 35 20 27

 35 27 31

 23 0 20

 23 20 35

 0 29 6

 0 6 20

 30 22 33

 30 33 18

 27 32 22

 27 22 30

 32 23 35

 32 35 22

 30 22 19

 30 19 32

 18 27 22

 18 22 30

 27 27 30

 27 30 22

 25 11 18

 25 18 9

 7 9 11

 7 11 25

 9 18 30

 9 30 11

 23 1 23

 23 23 23

 9 7 25

 9 25 1

 14 12 19

 14 19 19

 3 0 12

 3 12 14

 0 9 23

 0 23 12

 22 23 20

 22 20 32

 22 14 23

 22 23 22

 14 3 14

 14 14 23

 5 33 24

 5 24 18

 0 32 33

 0 33 5

 32 22 22

 32 22 33

 29 1 14

 29 14 22

 20 57 1

 20 1 29

 57 0 5

 57 5 1

 23 19 18

 23 18 4

 22 18 19

 22 19 23

 18 20 29

 18 29 19

 6 3 25

 6 25 5

 0 24 3

 0 3 6

 24 22 23

 24 23 3

 4 0 4

 4 4 23

 10 5 0

 10 0 4

 5 38 10

 5 10 0

 1 4 23

 1 23 19

 13 13 4

 13 4 1

 13 10 4

 13 4 4

 12 11 20

 12 20 22

 6 13 11

 6 11 12

 13 13 1

 13 1 11

 11 4 18

 11 18 22

 3 17 4

 3 4 11

 17 6 12

 17 12 4

 20 23 18

 20 18 22

 23 11 23

 23 23 20

 11 3 11

 11 11 23

 18 23 19

 18 19 22

 18 20 23

 18 23 18

 20 23 20

 20 20 23

 18 23 19

 18 19 19

 23 23 23

 23 23 18

 23 18 18

 23 18 23

 19 23 20

 19 20 20

 30 19 23

 30 23 19

 19 23 18

 19 18 23

 30 32 14

 30 14 18

 23 32 32

 23 32 30

 32 30 19

 32 19 32

 29 3 12

 29 12 56

 0 0 3

 0 3 29

 0 23 30

 0 30 3

 25 4 42

 25 42 42

 32 27 4

 32 4 25

 27 0 29

 27 29 4

 19 12 42

 19 42 22

 30 22 12

 30 12 19

 22 32 25

 22 25 12

 19 27 33

 19 33 23

 18 22 27

 18 27 19

 22 30 19

 22 19 27

 11 24 22

 11 22 11

 11 24 24

 11 24 11

 24 18 19

 24 19 24

 22 23 14

 22 14 4

 31 27 23

 31 23 22

 27 11 11

 27 11 23

 23 18 1

 23 1 18

 18 33 18

 18 18 23

 33 31 22

 33 22 18

 30 19 20

 30 20 27

 32 19 19

 32 19 30

 19 18 23

 19 23 19

 11 18 23

 11 23 24

 9 18 18

 9 18 11

 18 32 30

 18 30 18

 20 20 20

 20 20 19

 23 23 20

 23 20 20

 23 9 11

 23 11 20

 20 18 24

 20 24 19

 19 19 18

 19 18 20

 19 23 20

 19 20 18

 23 19 18

 23 18 23

 32 20 19

 32 19 23

 20 19 20

 20 20 19

 0 33 14

 0 14 24

 18 24 33

 18 33 0

 24 32 23

 24 23 33

 23 35 6

 23 6 12

 22 14 35

 22 35 23

 14 18 0

 14 0 35

 7 11 9

 7 9 6

 4 18 11

 4 11 7

 18 22 23

 18 23 11

 23 4 4

 23 4 23

 23 4 4

 23 4 23

 4 7 5

 4 5 4

 24 23 19

 24 19 18

 19 23 23

 19 23 24

 23 23 23

 23 23 23

 18 18 18

 18 18 18

 22 20 18

 22 18 18

 20 19 24

 20 24 18

 18 19 19

 18 19 19

 22 18 19

 22 19 18

 18 22 18

 18 18 19

 18 19 22

 18 22 19

 22 18 19

 22 19 18

 18 22 18

 18 18 19

 18 18 19

 18 19 3

 22 19 18

 22 18 18

 19 22 18

 19 18 18

 23 24 35

 23 35 4

 19 19 24

 19 24 23

 19 22 18

 19 18 24

 20 24 24

 20 24 19

 20 20 24

 20 24 20

 20 19 23

 20 23 24

 42 3 42

 42 42 42

 56 12 3

 56 3 42

 42 42 42

 42 42 42

 42 42 42

 42 42 42

 42 56 42

 42 42 42

 32 42 55

 32 55 33

 22 42 42

 22 42 32

 42 42 42

 42 42 42

 19 34 34

 19 34 22

 23 33 34

 23 34 19

 33 22 32

 33 32 34

 19 20 23

 19 23 18

 11 22 20

 11 20 19

 22 23 19

 22 19 20

 24 20 27

 24 27 19

 4 14 20

 4 20 24

 14 11 19

 14 19 20

 18 23 30

 18 30 22

 18 1 23

 18 23 18

 1 4 24

 1 24 23

 20 19 20

 20 20 19

 27 20 19

 27 19 20

 20 18 18

 20 18 19

 24 19 24

 24 24 18

 24 23 19

 24 19 24

 23 27 20

 23 20 19

 20 18 23

 20 23 18

 19 20 18

 19 18 20

 20 24 24

 20 24 18

 11 19 24

 11 24 12

 19 24 19

 19 19 11

 24 19 20

 24 20 19

 20 1 6

 20 6 10

 23 18 1

 23 1 20

 18 19 11

 18 11 1

 29 6 6

 29 6 76

 24 14 6

 24 6 29

 14 23 20

 14 20 6

 18 1 14

 18 14 20

 23 4 1

 23 1 18

 4 13 2

 4 2 1

 22 23 19

 22 19 18

 18 19 23

 18 23 22

 19 23 18

 19 18 23

 19 19 18

 19 18 20

 18 18 19

 18 19 19

 18 18 22

 18 22 19

 22 24 30

 22 30 11

 19 19 24

 19 24 22

 19 18 19

 19 19 24

 18 23 19

 18 19 11

 19 22 23

 19 23 18

 22 19 22

 22 22 23

 53 0 33

 53 33 4

 3 19 0

 3 0 53

 19 19 18

 19 18 0

 33 4 54

 33 54 12

 4 35 4

 4 4 33

 35 3 53

 35 53 4

 18 14 23

 18 23 19

 19 24 14

 19 14 18

 24 4 33

 24 33 14

 27 22 33

 27 33 32

 34 27 22

 34 22 27

 27 19 18

 27 18 22

 42 42 52

 42 52 42

 42 42 42

 42 42 42

 42 34 27

 42 27 42

 42 42 42

 42 42 25

 42 42 42

 42 42 42

 42 42 42

 42 42 42

 30 12 3

 30 3 22

 33 55 12

 33 12 30

 55 42 42

 55 42 12

 18 35 32

 18 32 27

 22 34 35

 22 35 18

 34 33 30

 34 30 35

 18 22 18

 18 18 30

 18 23 22

 18 22 18

 23 22 18

 23 18 22

 24 20 20

 24 20 42

 19 27 20

 19 20 24

 27 18 18

 27 18 20

 14 51 42

 14 42 42

 22 30 51

 22 51 14

 30 19 24

 30 24 51

 20 20 14

 20 14 22

 19 20 20

 19 20 20

 20 22 14

 20 14 20

 23 19 19

 23 19 19

 18 24 19

 18 19 23

 24 19 20

 24 20 19

 19 23 19

 19 19 24

 18 23 23

 18 23 19

 23 18 23

 23 23 23

 6 1 24

 6 24 17

 12 24 1

 12 1 6

 24 18 19

 24 19 1

 18 11 11

 18 11 18

 20 14 11

 20 11 18

 14 7 13

 14 13 11

 19 23 22

 19 22 18

 18 19 23

 18 23 19

 19 20 18

 19 18 23

 27 23 18

 27 18 9

 20 18 23

 20 23 27

 18 18 19

 18 19 23

 22 24 31

 22 31 1

 11 30 24

 11 24 22

 30 20 27

 30 27 24

 11 19 18

 11 18 22

 11 19 19

 11 19 11

 19 11 22

 19 22 19

 33 1 20

 33 20 24

 4 33 1

 4 1 33

 33 11 11

 33 11 1

 1 4 4

 1 4 23

 12 54 4

 12 4 1

 54 4 33

 54 33 4

 19 22 11

 19 11 19

 19 23 22

 19 22 19

 23 12 1

 23 1 22

 30 32 32

 30 32 22

 32 33 32

 32 32 30

 33 19 19

 33 19 32

 6 0 0

 6 0 0

 42 52 0

 42 0 6

 52 32 30

 52 30 0

 3 0 11

 3 11 19

 25 42 0

 25 0 3

 42 42 6

 42 6 0

 22 4 27

 22 27 30

 22 3 4

 22 4 22

 3 25 3

 3 3 4

 23 27 22

 23 22 18

 27 32 27

 27 27 23

 32 22 22

 32 22 27

 27 30 23

 27 23 32

 30 18 30

 30 30 27

 18 27 23

 18 23 30

 42 24 20

 42 20 61

 42 20 24

 42 24 42

 20 30 27

 20 27 24

 32 25 23

 32 23 27

 22 14 25

 22 25 32

 14 42 42

 14 42 25

 20 18 19

 20 19 23

 19 19 18

 19 18 20

 19 22 32

 19 32 18

 18 20 18

 18 18 23

 24 19 20

 24 20 18

 19 19 20

 19 20 20

 6 1 24

 6 24 3

 17 24 1

 17 1 6

 24 24 18

 24 18 1

 18 14 14

 18 14 23

 18 11 14

 18 14 18

 11 15 6

 11 6 14

 27 19 19

 27 19 23

 18 22 19

 18 19 27

 22 18 18

 22 18 19

 31 1 27

 31 27 12

 9 18 1

 9 1 31

 18 18 27

 18 27 1

 33 11 36

 33 36 9

 1 31 11

 1 11 33

 31 9 31

 31 31 11

 20 23 23

 20 23 3

 22 18 23

 22 23 20

 18 1 33

 18 33 23

 18 12 24

 18 24 3

 24 20 12

 24 12 18

 20 22 20

 20 20 12

 1 18 18

 1 18 11

 23 4 18

 23 18 1

 4 24 18

 4 18 18

 19 18 23

 19 23 14

 19 11 18

 19 18 19

 11 23 1

 11 1 18

 22 22 22

 22 22 22

 22 32 22

 22 22 22

 32 19 19

 32 19 22

 23 14 19

 23 19 30

 0 0 14

 0 14 23

 0 22 22

 0 22 14

 34 30 32

 34 32 32

 19 11 30

 19 30 34

 11 0 23

 11 23 30

 30 32 22

 30 22 19

 30 27 32

 30 32 30

 27 19 34

 27 34 32

 11 19 14

 11 14 12

 18 22 19

 18 19 11

 22 30 30

 22 30 19

 20 14 25

 20 25 14

 32 23 14

 32 14 20

 23 18 11

 23 11 14

 18 18 23

 18 23 27

 61 20 18

 61 18 18

 20 32 20

 20 20 18

 23 18 33

 23 33 22

 50 42 18

 50 18 23

 42 61 18

 42 18 18

 27 23 30

 27 30 18

 27 23 23

 27 23 27

 23 50 23

 23 23 23

 18 18 19

 18 19 23

 23 19 18

 23 18 18

 19 27 27

 19 27 18

 23 18 19

 23 19 20

 23 18 18

 23 18 23

 18 23 18

 18 18 18

 11 23 19

 11 19 18

 3 24 23

 3 23 11

 24 23 23

 24 23 23

 17 9 11

 17 11 9

 7 17 9

 7 9 17

 17 3 11

 17 11 9

 20 29 14

 20 14 23

 0 25 29

 0 29 20

 25 47 15

 25 15 29

 19 20 19

 19 19 19

 23 14 20

 23 20 19

 14 0 20

 14 20 20

 19 19 18

 19 18 22

 23 19 19

 23 19 19

 19 23 19

 19 19 19

 19 24 20

 19 20 23

 12 27 24

 12 24 19

 27 23 19

 27 19 24

 23 4 20

 23 20 20

 9 36 4

 9 4 23

 36 12 19

 36 19 4

 23 11 14

 23 14 11

 3 23 11

 3 11 23

 23 9 23

 23 23 11

 19 12 20

 19 20 4

 3 24 12

 3 12 19

 24 3 23

 24 23 12

 24 14 14

 24 14 11

 11 18 14

 11 14 24

 18 3 19

 18 19 14

 20 24 24

 20 24 24

 14 23 24

 14 24 20

 23 11 24

 23 24 24

 22 20 20

 22 20 20

 22 22 20

 22 20 22

 22 14 20

 22 20 20

 22 19 19

 22 19 19

 30 19 19

 30 19 22

 19 22 22

 19 22 19

 27 22 23

 27 23 22

 32 32 22

 32 22 27

 32 30 22

 32 22 22

 23 19 19

 23 19 24

 19 22 19

 19 19 23

 22 32 27

 22 27 19

 6 1 14

 6 14 6

 12 14 1

 12 1 6

 14 19 23

 14 23 1

 19 11 4

 19 4 23

 27 23 11

 27 11 19

 23 14 6

 23 6 11

 22 23 23

 22 23 23

 22 33 23

 22 23 22

 33 27 19

 33 19 23

 22 23 18

 22 18 20

 18 30 23

 18 23 22

 30 22 22

 30 22 23

 18 24 18

 18 18 23

 23 19 24

 23 24 18

 19 18 22

 19 22 24

 19 23 18

 19 18 20

 20 19 23

 20 23 19

 19 23 18

 19 18 23

 19 24 22

 19 22 14

 18 19 24

 18 24 19

 19 20 19

 19 19 24

 14 20 18

 14 18 23

 9 11 20

 9 20 14

 11 18 19

 11 19 20

 13 29 14

 13 14 13

 76 6 29

 76 29 13

 6 9 14

 6 14 29

 18 4 1

 18 1 23

 23 14 4

 23 4 18

 14 26 7

 14 7 4

 18 18 24

 18 24 22

 19 19 18

 19 18 18

 19 23 18

 19 18 18

 18 19 20

 18 20 19

 22 18 19

 22 19 18

 18 19 18

 18 18 19

 20 19 18

 20 18 20

 23 20 19

 23 19 20

 20 22 18

 20 18 19

 23 18 23

 23 23 20

 20 20 18

 20 18 23

 20 23 20

 20 20 18

 24 23 20

 24 20 11

 11 14 23

 11 23 24

 14 20 23

 14 23 23

 14 14 20

 14 20 11

 4 20 14

 4 14 14

 20 11 24

 20 24 14

 4 14 24

 4 24 24

 11 14 14

 11 14 4

 14 4 14

 14 14 14

 24 23 14

 24 14 20

 24 24 23

 24 23 24

 24 11 4

 24 4 23

 18 20 23

 18 23 20

 20 20 20

 20 20 18

 20 24 24

 20 24 20

 19 18 27

 19 27 18

 19 19 18

 19 18 19

 19 20 18

 19 18 18

 22 18 30

 22 30 14

 22 23 18

 22 18 22

 23 19 19

 23 19 18

 19 14 31

 19 31 3

 24 19 14

 24 14 19

 19 22 22

 19 22 14

 25 12 23

 25 23 3

 6 14 12

 6 12 25

 14 24 19

 14 19 12

 20 1 14

 20 14 23

 23 4 1

 23 1 20

 4 6 6

 4 6 1

 18 18 23

 18 23 19

 23 23 18

 23 18 18

 23 23 20

 23 20 18

 19 23 20

 19 20 20

 20 18 23

 20 23 19

 18 23 18

 18 18 23

 18 23 19

 18 19 23

 23 18 23

 23 23 18

 18 20 19

 18 19 23

 19 18 19

 19 19 23

 20 18 18

 20 18 19

 18 23 18

 18 18 18

 19 24 19

 19 19 20

 14 22 24

 14 24 19

 22 20 19

 22 19 24

 18 20 22

 18 22 19

 23 18 20

 23 20 18

 18 14 19

 18 19 20

 6 4 24

 6 24 9

 13 14 4

 13 4 6

 14 23 18

 14 18 4

 23 1 4

 23 4 23

 23 1 1

 23 1 23

 1 7 13

 1 13 1

 18 27 18

 18 18 22

 22 24 27

 22 27 18

 24 23 23

 24 23 27

 22 19 20

 22 20 4

 19 20 19

 19 19 22

 20 22 18

 20 18 19

 18 14 35

 18 35 4

 20 18 14

 20 14 18

 18 19 22

 18 22 14

 24 18 23

 24 23 23

 20 23 18

 20 18 24

 23 20 18

 23 18 18

 24 24 24

 24 24 23

 11 20 24

 11 24 24

 20 20 24

 20 24 24

 23 14 18

 23 18 11

 11 20 14

 11 14 23

 20 11 24

 20 24 14

 23 20 23

 23 23 14

 24 24 20

 24 20 23

 24 11 23

 24 23 20

 14 20 23

 14 23 23

 20 14 20

 20 20 14

 14 24 23

 14 23 20

 18 19 30

 18 30 27

 20 23 19

 20 19 18

 23 20 14

 23 14 19

 22 24 19

 22 19 11

 18 27 24

 18 24 22

 27 20 18

 27 18 24

 31 24 20

 31 20 0

 14 30 24

 14 24 31

 30 18 22

 30 22 24

 31 19 35

 31 35 11

 3 31 19

 3 19 31

 31 14 31

 31 31 19

 14 14 18

 14 18 20

 3 23 14

 3 14 14

 23 3 31

 23 31 14

 24 4 23

 24 23 20

 1 25 4

 1 4 24

 25 3 14

 25 14 4

 19 18 19

 19 19 23

 23 14 18

 23 18 19

 14 1 24

 14 24 18

 18 23 18

 18 18 18

 19 23 23

 19 23 18

 23 23 19

 23 19 23

 18 23 18

 18 18 23

 20 20 23

 20 23 18

 20 19 18

 20 18 23

 22 20 22

 22 22 22

 23 19 20

 23 20 22

 19 20 18

 19 18 20

 30 22 18

 30 18 18

 23 19 22

 23 22 30

 19 23 22

 19 22 22

 30 22 46

 30 46 42

 20 19 22

 20 22 30

 19 23 30

 19 30 22

 24 32 46

 24 46 1

 19 22 32

 19 32 24

 22 20 30

 22 30 32

 24 22 18

 24 18 19

 9 24 22

 9 22 24

 24 19 24

 24 24 22

 15 0 11

 15 11 3

 5 25 0

 5 0 15

 25 9 24

 25 24 0

 19 12 24

 19 24 24

 23 4 12

 23 12 19

 4 15 6

 4 6 12

 23 23 23

 23 23 19

 22 18 23

 22 23 23

 18 23 19

 18 19 23

 35 24 19

 35 19 11

 4 20 24

 4 24 35

 20 22 23

 20 23 24

 35 23 40

 35 40 11

 4 35 23

 4 23 35

 35 4 35

 35 35 23

 14 20 18

 14 18 22

 23 23 20

 23 20 14

 23 4 35

 23 35 20

 14 19 12

 14 12 35

 23 24 19

 23 19 14

 24 23 14

 24 14 19

 18 20 1

 18 1 20

 11 18 20

 11 20 18

 18 23 14

 18 14 20

 24 14 23

 24 23 12

 14 23 14

 14 14 24

 23 11 18

 23 18 14

 24 0 0

 24 0 4

 23 23 0

 23 0 24

 23 14 24

 23 24 0

 22 27 24

 22 24 23

 27 30 27

 27 27 22

 30 23 24

 30 24 27

 23 23 23

 23 23 23

 11 19 23

 11 23 23

 19 27 22

 19 22 23

 4 14 24

 4 24 14

 0 20 14

 0 14 4

 20 11 23

 20 23 14

 22 19 27

 22 27 33

 11 35 19

 11 19 22

 35 0 4

 35 4 19

 18 19 18

 18 18 20

 20 18 19

 20 19 18

 18 11 22

 18 22 19

 22 23 22

 22 22 23

 20 23 23

 20 23 22

 23 20 18

 23 18 23

 22 24 22

 22 22 18

 23 19 24

 23 24 22

 19 20 22

 19 22 24

 23 24 18

 23 18 23

 18 18 24

 18 24 23

 18 23 22

 18 22 24

 18 23 18

 18 18 11

 23 18 23

 23 23 18

 18 18 23

 18 23 23

 18 20 31

 18 31 23

 22 22 20

 22 20 18

 22 23 18

 22 18 20

 42 12 10

 42 10 42

 18 18 12

 18 12 42

 18 22 18

 18 18 12

 42 42 42

 42 42 42

 42 46 42

 42 42 42

 46 18 42

 46 42 42

 42 42 42

 42 42 42

 1 46 42

 1 42 42

 46 42 42

 46 42 42

 32 32 44

 32 44 34

 19 18 32

 19 32 32

 18 1 42

 18 42 32

 14 23 19

 14 19 23

 3 11 23

 3 23 14

 11 19 32

 11 32 23

 2 0 4

 2 4 10

 16 13 0

 16 0 2

 13 3 14

 13 14 0

 14 3 1

 14 1 23

 3 6 3

 3 3 14

 6 2 13

 6 13 3

 19 23 18

 19 18 18

 24 24 23

 24 23 19

 24 3 14

 24 14 23

 20 23 24

 20 24 19

 19 23 23

 19 23 20

 23 24 19

 23 19 23

 22 19 23

 22 23 18

 11 19 19

 11 19 22

 19 19 20

 19 20 19

 19 14 19

 19 19 19

 11 40 14

 11 14 19

 40 11 22

 40 22 14

 14 19 23

 14 23 22

 22 18 19

 22 19 14

 18 11 19

 18 19 19

 23 40 4

 23 4 35

 35 12 40

 35 40 23

 12 22 14

 12 14 40

 20 33 14

 20 14 18

 20 1 33

 20 33 20

 1 35 23

 1 23 33

 0 4 24

 0 24 1

 12 23 4

 12 4 0

 23 20 20

 23 20 4

 4 11 11

 4 11 19

 23 24 11

 23 11 4

 24 4 6

 24 6 11

 20 23 14

 20 14 19

 23 23 23

 23 23 20

 23 23 4

 23 4 23

 20 23 27

 20 27 27

 14 24 23

 14 23 20

 24 23 20

 24 20 23

 22 22 32

 22 32 4

 33 27 22

 33 22 22

 27 14 20

 27 20 22

 35 24 31

 35 31 22

 20 18 24

 20 24 35

 18 33 22

 18 22 24

 27 11 31

 27 31 20

 23 22 11

 23 11 27

 22 20 35

 22 35 11

 20 18 23

 20 23 4

 18 22 18

 18 18 20

 22 23 27

 22 27 18

 14 4 0

 14 0 1

 23 18 4

 23 4 14

 18 18 20

 18 20 4

 35 24 20

 35 20 11

 11 18 24

 11 24 35

 18 23 14

 18 14 24

 36 27 36

 36 36 19

 23 31 27

 23 27 36

 31 11 35

 31 35 27

 42 13 4

 42 4 42

 42 10 13

 42 13 42

 10 23 36

 10 36 13

 42 42 42

 42 42 42

 42 42 42

 42 42 42

 42 42 42

 42 42 42

 42 42 42

 42 42 42

 42 42 42

 42 42 42

 42 42 42

 42 42 42

 19 42 42

 19 42 30

 34 44 42

 34 42 19

 44 42 42

 44 42 42

 19 18 27

 19 27 23

 23 19 18

 23 18 19

 19 34 19

 19 19 18

 13 3 11

 13 11 5

 10 4 3

 10 3 13

 4 23 19

 4 19 3

 11 9 24

 11 24 18

 9 0 9

 9 9 11

 0 10 29

 0 29 9

 23 18 18

 23 18 23

 23 1 18

 23 18 23

 1 9 11

 1 11 18

 18 20 18

 18 18 23

 18 18 20

 18 20 18

 18 23 23

 18 23 20

 23 19 18

 23 18 18

 19 24 19

 19 19 23

 24 18 18

 24 18 19

 22 23 27

 22 27 19

 18 23 23

 18 23 22

 23 19 23

 23 23 23

 19 27 35

 19 35 30

 19 19 27

 19 27 19

 19 18 22

 19 22 27

 20 22 19

 20 19 22

 22 23 22

 22 22 20

 23 19 19

 23 19 22

 24 19 23

 24 23 19

 35 4 19

 35 19 24

 4 22 20

 4 20 19

 22 23 19

 22 19 18

 18 14 23

 18 23 22

 14 35 24

 14 24 23

 20 23 18

 20 18 18

 1 24 23

 1 23 20

 24 18 22

 24 22 23

 20 4 19

 20 19 18

 24 29 4

 24 4 20

 29 1 20

 29 20 4

 22 32 19

 22 19 27

 19 11 32

 19 32 22

 11 24 20

 11 20 32

 22 22 22

 22 22 19

 19 14 22

 19 22 22

 14 19 22

 14 22 22

 22 27 18

 22 18 19

 27 27 27

 27 27 22

 27 19 22

 27 22 27

 20 11 19

 20 19 24

 4 32 11

 4 11 20

 32 27 22

 32 22 11

 35 9 27

 35 27 24

 22 31 9

 22 9 35

 31 4 20

 31 20 9

 19 1 23

 19 23 24

 20 31 1

 20 1 19

 31 22 35

 31 35 1

 0 1 20

 0 20 12

 4 23 1

 4 1 0

 23 20 19

 23 19 1

 18 4 24

 18 24 19

 11 20 4

 11 4 18

 20 1 29

 20 29 4

 32 19 27

 32 27 30

 19 36 19

 19 19 32

 36 11 18

 36 18 19

 29 4 12

 29 12 11

 42 4 4

 42 4 29

 4 19 32

 4 32 4

 42 42 29

 42 29 50

 42 42 42

 42 42 42

 42 42 29

 42 29 42

 42 42 50

 42 50 49

 42 42 42

 42 42 42

 42 42 42

 42 42 42

 32 48 24

 32 24 22

 30 42 48

 30 48 32

 42 42 42

 42 42 48

 19 27 19

 19 19 23

 23 27 27

 23 27 19

 27 30 32

 27 32 27

 13 11 14

 13 14 17

 5 11 11

 5 11 13

 11 23 19

 11 19 11

 4 0 1

 4 1 18

 5 7 0

 5 0 4

 7 8 5

 7 5 0

 11 11 20

 11 20 24

 13 13 11

 13 11 11

 13 5 4

 13 4 11

 14 12 19

 14 19 20

 10 13 12

 10 12 14

 13 13 11

 13 11 12

 17 0 24

 17 24 12

 16 13 0

 16 0 17

 13 10 14

 13 14 0

 12 12 11

 12 11 23

 13 15 12

 13 12 12

 15 28 17

 15 17 12

 14 1 18

 14 18 20

 3 15 1

 3 1 14

 15 13 12

 15 12 1

 23 24 18

 23 18 18

 18 24 24

 18 24 23

 24 3 14

 24 14 24

 18 18 18

 18 18 19

 23 18 18

 23 18 18

 18 18 23

 18 23 18

 23 20 23

 23 23 18

 23 18 20

 23 20 23

 18 23 18

 18 18 20

 23 23 23

 23 23 23

 18 18 23

 18 23 23

 18 23 23

 18 23 23

 40 22 19

 40 19 32

 19 27 22

 19 22 40

 27 18 23

 27 23 22

 23 32 27

 23 27 22

 22 19 32

 22 32 23

 19 30 35

 19 35 32

 18 22 19

 18 19 19

 19 23 22

 19 22 18

 23 22 23

 23 23 22

 23 19 14

 23 14 33

 18 19 19

 18 19 23

 19 19 18

 19 18 19

 19 18 11

 19 11 19

 18 18 18

 18 18 19

 18 18 23

 18 23 18

 22 19 22

 22 22 19

 18 19 19

 18 19 22

 19 18 19

 19 19 19

 19 18 18

 19 18 18

 27 19 18

 27 18 19

 19 18 22

 19 22 18

 20 23 18

 20 18 20

 19 22 23

 19 23 20

 22 27 19

 22 19 23

 24 23 24

 24 24 22

 19 18 23

 19 23 24

 18 19 20

 18 20 23

 24 19 17

 24 17 34

 24 19 19

 24 19 24

 19 19 24

 19 24 19

 23 18 4

 23 4 24

 24 27 18

 24 18 23

 27 24 24

 27 24 18

 23 24 23

 23 23 18

 24 23 24

 24 24 23

 23 24 23

 23 23 24

 24 18 11

 24 11 18

 12 20 18

 12 18 24

 20 24 23

 20 23 18

 24 11 20

 24 20 19

 11 9 11

 11 11 24

 9 12 24

 9 24 11

 18 19 18

 18 18 22

 19 24 19

 19 19 18

 24 11 24

 24 24 19

 19 22 22

 19 22 34

 30 27 22

 30 22 19

 27 19 18

 27 18 22

 3 24 19

 3 19 24

 11 12 24

 11 24 3

 12 30 19

 12 19 24

 4 24 1

 4 1 23

 50 29 24

 50 24 4

 29 11 3

 29 3 24

 24 24 33

 24 33 33

 49 50 24

 49 24 24

 50 50 4

 50 4 24

 33 23 33

 33 33 22

 22 24 23

 22 23 33

 24 49 24

 24 24 23

 18 23 18

 18 18 20

 23 19 23

 23 23 18

 19 22 33

 19 33 23

 6 1 24

 6 24 0

 17 14 1

 17 1 6

 14 23 18

 14 18 1

 20 11 9

 20 9 22

 18 1 11

 18 11 20

 1 5 10

 1 10 11

 23 18 23

 23 23 18

 24 20 18

 24 18 23

 20 18 20

 20 20 18

 19 23 18

 19 18 23

 20 19 23

 20 23 19

 19 24 23

 19 23 23

 1 23 23

 1 23 19

 12 24 23

 12 23 1

 24 20 19

 24 19 23

 4 24 20

 4 20 22

 29 13 24

 29 24 4

 13 12 1

 13 1 24

 4 14 23

 4 23 18

 12 13 14

 12 14 4

 13 29 4

 13 4 14

 18 23 19

 18 19 23

 23 11 23

 23 23 18

 11 12 4

 11 4 23

 18 23 19

 18 19 19

 20 18 23

 20 23 18

 18 23 18

 18 18 23

 23 23 23

 23 23 18

 18 18 23

 18 23 23

 18 20 18

 18 18 23

 23 18 20

 23 20 18

 19 18 18

 19 18 23

 18 18 23

 18 23 18

 18 18 18

 18 18 19

 18 23 18

 18 18 18

 23 19 23

 23 23 18

 23 23 18

 23 18 22

 23 23 23

 23 23 23

 23 18 18

 23 18 23

 14 22 20

 14 20 36

 32 19 22

 32 22 14

 19 23 23

 19 23 22

 14 37 19

 14 19 35

 32 33 37

 32 37 14

 33 32 14

 33 14 37

 19 19 18

 19 18 19

 22 27 19

 22 19 19

 27 32 14

 27 14 19

 20 22 27

 20 27 19

 19 19 22

 19 22 20

 19 22 19

 19 19 22

 22 35 23

 22 23 31

 33 14 35

 33 35 22

 14 19 20

 14 20 35

 18 35 20

 18 20 27

 19 11 35

 19 35 18

 11 33 22

 11 22 35

 27 19 19

 27 19 22

 19 22 19

 19 19 27

 22 19 18

 22 18 19

 19 23 19

 19 19 20

 18 18 23

 18 23 19

 18 19 27

 18 27 23

 24 23 18

 24 18 14

 20 18 23

 20 23 24

 18 18 19

 18 19 23

 0 23 24

 0 24 18

 22 24 23

 22 23 0

 24 20 24

 24 24 23

 12 32 25

 12 25 33

 34 17 32

 34 32 12

 17 22 0

 17 0 32

 11 34 1

 11 1 14

 24 4 34

 24 34 11

 4 34 12

 4 12 34

 3 23 11

 3 11 18

 18 23 23

 18 23 3

 23 24 11

 23 11 23

 12 24 9

 12 9 19

 18 11 24

 18 24 12

 11 18 3

 11 3 24

 20 19 20

 20 20 23

 19 20 19

 19 19 20

 20 18 12

 20 12 19

 27 19 18

 27 18 23

 22 18 19

 22 19 27

 18 19 20

 18 20 19

 35 18 33

 35 33 24

 34 22 18

 34 18 35

 22 22 27

 22 27 18

 12 33 32

 12 32 11

 24 19 33

 24 33 12

 19 34 35

 19 35 33

 4 0 0

 4 0 29

 23 1 0

 23 0 4

 1 24 12

 1 12 0

 34 19 24

 34 24 24

 33 33 19

 33 19 34

 33 23 4

 33 4 19

 18 19 22

 18 22 18

 22 33 19

 22 19 18

 33 33 34

 33 34 19

 20 23 23

 20 23 19

 20 18 23

 20 23 20

 18 22 18

 18 18 23

 24 23 23

 24 23 18

 0 24 23

 0 23 24

 24 20 20

 24 20 23

 5 0 11

 5 11 26

 76 25 0

 76 0 5

 25 0 24

 25 24 0

 11 25 10

 11 10 13

 22 9 25

 22 25 11

 9 5 26

 9 26 25

 11 14 6

 11 6 9

 18 23 14

 18 14 11

 23 22 11

 23 11 14

 18 23 20

 18 20 23

 23 18 23

 23 23 18

 18 18 11

 18 11 23

 23 18 18

 23 18 18

 19 23 18

 19 18 23

 23 23 18

 23 18 18

 20 19 23

 20 23 23

 22 20 19

 22 19 20

 20 19 23

 20 23 19

 19 23 23

 19 23 20

 18 23 23

 18 23 19

 23 22 20

 23 20 23

 19 20 22

 19 22 20

 23 19 20

 23 20 19

 19 18 19

 19 19 20

 23 23 19

 23 19 23

 19 19 23

 19 23 23

 19 23 19

 19 19 23

 20 19 18

 20 18 19

 18 23 19

 18 19 20

 23 19 23

 23 23 19

 18 23 18

 18 18 19

 18 20 23

 18 23 18

 20 18 20

 20 20 23

 19 19 19

 19 19 22

 19 18 19

 19 19 19

 18 18 18

 18 18 19

 19 22 22

 19 22 22

 22 18 22

 22 22 19

 18 19 19

 18 19 22

 11 22 18

 11 18 19

 36 20 22

 36 22 11

 20 22 19

 20 19 22

 11 40 3

 11 3 46

 35 19 40

 35 40 11

 19 36 11

 19 11 40

 19 23 46

 19 46 16

 19 18 23

 19 23 19

 18 35 11

 18 11 23

 18 20 18

 18 18 23

 19 27 20

 19 20 18

 27 19 19

 27 19 20

 20 18 11

 20 11 27

 31 23 18

 31 18 20

 23 19 18

 23 18 18

 22 19 27

 22 27 27

 27 20 19

 27 19 22

 20 31 20

 20 20 19

 27 19 27

 27 27 27

 22 19 19

 22 19 27

 19 27 22

 19 22 19

 23 19 19

 23 19 23

 20 19 19

 20 19 23

 19 22 27

 19 27 19

 20 20 23

 20 23 24

 14 18 20

 14 20 20

 18 20 23

 18 23 20

 24 20 24

 24 24 14

 18 24 20

 18 20 24

 24 14 20

 24 20 20

 14 20 24

 14 24 11

 33 25 20

 33 20 14

 25 18 24

 25 24 20

 11 24 23

 11 23 4

 14 1 24

 14 24 11

 1 33 14

 1 14 24

 11 20 14

 11 14 24

 18 11 20

 18 20 11

 11 14 11

 11 11 20

 23 23 20

 23 20 24

 19 9 23

 19 23 23

 9 18 11

 9 11 23

 19 23 23

 19 23 23

 23 20 23

 23 23 19

 20 19 23

 20 23 23

 30 23 22

 30 22 23

 23 18 23

 23 23 30

 18 23 19

 18 19 23

 27 1 32

 27 32 14

 24 33 1

 24 1 27

 33 23 30

 33 30 1

 22 23 30

 22 30 33

 11 32 23

 11 23 22

 32 24 27

 32 27 23

 24 34 24

 24 24 22

 29 0 34

 29 34 24

 0 11 22

 0 22 34

 32 19 20

 32 20 19

 24 24 19

 24 19 32

 24 29 24

 24 24 19

 19 23 22

 19 22 20

 18 22 23

 18 23 19

 22 24 32

 22 32 23

 20 23 18

 20 18 23

 19 23 23

 19 23 20

 23 18 19

 23 19 23

 19 22 23

 19 23 18

 18 23 22

 18 22 19

 23 19 20

 23 20 22

 2 12 1

 2 1 10

 26 11 12

 26 12 2

 11 18 19

 11 19 12

 4 29 17

 4 17 2

 23 20 29

 23 29 4

 20 9 25

 20 25 29

 14 4 15

 14 15 1

 18 18 4

 18 4 14

 18 23 4

 18 4 4

 19 18 14

 19 14 20

 23 23 18

 23 18 19

 23 18 14

 23 14 18

 27 18 27

 27 27 27

 20 23 18

 20 18 27

 23 23 19

 23 19 18

 32 27 31

 32 31 35

 20 22 27

 20 27 32

 22 20 27

 22 27 27

 30 22 36

 30 36 40

 23 19 22

 23 22 30

 19 20 32

 19 32 22

 22 30 35

 22 35 36

 19 18 30

 19 30 22

 18 23 30

 18 30 30

 19 30 35

 19 35 32

 19 18 30

 19 30 19

 18 19 22

 18 22 30

 19 18 32

 19 32 22

 22 19 18

 22 18 19

 19 19 19

 19 19 18

 22 19 22

 22 22 18

 22 22 19

 22 19 22

 22 22 19

 22 19 19

 8 20 19

 8 19 42

 19 18 20

 19 20 8

 18 22 22

 18 22 20

 42 42 42

 42 42 42

 46 3 42

 46 42 42

 3 19 8

 3 8 42

 42 42 42

 42 42 42

 16 46 42

 16 42 42

 46 46 42

 46 42 42

 42 42 42

 42 42 42

 23 18 42

 23 42 42

 18 16 42

 18 42 42

 11 14 42

 11 42 2

 27 11 14

 27 14 11

 11 23 42

 11 42 14

 30 20 35

 30 35 14

 27 27 20

 27 20 30

 27 27 11

 27 11 20

 30 18 22

 30 22 22

 27 27 18

 27 18 30

 27 27 30

 27 30 18

 18 18 27

 18 27 18

 23 19 18

 23 18 18

 19 27 30

 19 30 18

 24 23 23

 24 23 23

 24 23 23

 24 23 24

 23 23 18

 23 18 23

 14 20 11

 14 11 24

 14 24 20

 14 20 14

 24 24 24

 24 24 20

 20 14 14

 20 14 14

 11 24 14

 11 14 20

 24 14 14

 24 14 14

 24 24 20

 24 20 24

 4 23 24

 4 24 24

 23 11 20

 23 20 24

 20 24 24

 20 24 18

 24 14 24

 24 24 20

 14 4 24

 14 24 24

 24 18 1

 24 1 18

 24 20 18

 24 18 24

 20 24 20

 20 20 18

 19 20 18

 19 18 14

 23 23 20

 23 20 19

 23 24 24

 23 24 20

 30 11 23

 30 23 14

 23 22 11

 23 11 30

 22 23 19

 22 19 11

 30 19 22

 30 22 22

 14 32 19

 14 19 30

 32 23 30

 32 30 19

 20 19 20

 20 20 19

 33 30 19

 33 19 20

 30 14 30

 30 30 19

 14 30 23

 14 23 22

 22 24 30

 22 30 14

 24 33 20

 24 20 30

 19 22 19

 19 19 20

 19 20 22

 19 22 19

 20 22 14

 20 14 22

 19 14 18

 19 18 24

 20 22 14

 20 14 19

 22 19 19

 22 19 14

 23 23 22

 23 22 20

 23 18 23

 23 23 23

 18 20 19

 18 19 23

 4 23 4

 4 4 9

 18 23 23

 18 23 4

 23 23 23

 23 23 23

 7 0 7

 7 7 28

 10 1 0

 10 0 7

 1 18 4

 1 4 0

 22 3 24

 22 24 23

 20 14 3

 20 3 22

 14 1 6

 14 6 3

 31 22 32

 31 32 31

 27 27 22

 27 22 31

 27 20 22

 27 22 22

 30 27 33

 30 33 18

 22 32 27

 22 27 30

 32 32 31

 32 31 27

 18 18 18

 18 18 12

 18 22 18

 18 18 18

 22 22 30

 22 30 18

 42 11 33

 42 33 46

 42 19 11

 42 11 42

 19 18 18

 19 18 11

 42 42 42

 42 42 42

 42 42 42

 42 42 42

 42 42 42

 42 42 42

 42 42 42

 42 42 42

 42 42 42

 42 42 42

 42 42 42

 42 42 42

 42 42 42

 42 42 42

 42 42 42

 42 42 42

 42 42 42

 42 42 42

 42 42 42

 42 42 42

 2 42 42

 2 42 42

 42 42 42

 42 42 42

 35 20 42

 35 42 11

 14 35 20

 14 20 35

 35 2 42

 35 42 20

 30 23 23

 30 23 30

 22 22 23

 22 23 30

 22 14 35

 22 35 23

 19 19 18

 19 18 23

 18 27 19

 18 19 19

 27 22 30

 27 30 19

 20 18 23

 20 23 20

 23 23 18

 23 18 20

 23 18 19

 23 19 18

 14 23 20

 14 20 24

 24 11 23

 24 23 14

 11 23 20

 11 20 23

 14 24 11

 14 11 11

 14 14 24

 14 24 14

 14 24 14

 14 14 24

 24 24 14

 24 14 11

 24 20 24

 24 24 24

 20 14 14

 20 14 24

 12 20 14

 12 14 20

 18 24 20

 18 20 12

 24 24 24

 24 24 20

 1 24 4

 1 4 20

 18 1 24

 18 24 1

 1 18 12

 1 12 24

 22 18 20

 22 20 23

 14 18 18

 14 18 22

 18 18 1

 18 1 18

 30 24 22

 30 22 18

 14 23 24

 14 24 30

 23 14 22

 23 22 24

 19 23 19

 19 19 19

 22 22 23

 22 23 19

 22 14 30

 22 30 23

 20 22 23

 20 23 18

 19 20 22

 19 22 20

 20 22 19

 20 19 22

 18 19 20

 18 20 20

 22 23 19

 22 19 18

 23 19 20

 23 20 19

 27 20 18

 27 18 20

 20 19 20

 20 20 27

 19 22 18

 19 18 20

 19 20 19

 19 19 20

 24 18 20

 24 20 19

 18 20 27

 18 27 20

 24 20 20

 24 20 6

 20 22 20

 20 20 24

 22 24 19

 22 19 20

 17 3 6

 17 6 5

 9 4 3

 9 3 17

 4 20 24

 4 24 3

 19 12 1

 19 1 18

 23 24 12

 23 12 19

 24 13 13

 24 13 12

 37 30 30

 37 30 54

 31 32 30

 31 30 37

 32 23 19

 32 19 30

 30 32 32

 30 32 27

 18 33 32

 18 32 30

 33 36 37

 33 37 32

 32 24 23

 32 23 4

 12 18 24

 12 24 32

 18 18 30

 18 30 24

 35 23 30

 35 30 3

 46 33 23

 46 23 35

 33 12 32

 33 32 23

 42 41 14

 42 14 14

 42 42 41

 42 41 42

 42 46 35

 42 35 41

 42 42 45

 42 45 42

 42 42 42

 42 42 42

 42 42 42

 42 42 42

 42 42 42

 42 42 42

 42 42 42

 42 42 42

 42 42 42

 42 42 42

 42 42 42

 42 42 42

 42 42 42

 42 42 42

 23 42 44

 23 44 18

 11 42 42

 11 42 23

 42 42 42

 42 42 42

 22 22 20

 22 20 30

 30 23 22

 30 22 22

 23 11 23

 23 23 22

 30 27 22

 30 22 22

 23 18 27

 23 27 30

 18 30 22

 18 22 27

 20 23 23

 20 23 24

 24 20 23

 24 23 20

 20 20 24

 20 24 23

 20 24 20

 20 20 20

 11 11 24

 11 24 20

 11 24 20

 11 20 24

 20 20 23

 20 23 23

 11 14 20

 11 20 20

 14 11 20

 14 20 20

 24 14 24

 24 24 24

 20 14 14

 20 14 24

 14 11 20

 14 20 14

 19 20 20

 19 20 20

 20 4 20

 20 20 19

 4 20 24

 4 24 20

 18 23 18

 18 18 20

 23 20 23

 23 23 18

 20 20 19

 20 19 23

 30 23 19

 30 19 23

 18 22 23

 18 23 30

 22 23 18

 22 18 23

 19 20 27

 19 27 20

 19 19 20

 19 20 19

 19 18 30

 19 30 20

 18 18 18

 18 18 23

 18 23 18

 18 18 18

 23 19 19

 23 19 18

 19 18 22

 19 22 18

 20 20 18

 20 18 19

 20 18 18

 20 18 18

 14 18 24

 14 24 3

 20 18 18

 20 18 14

 18 20 19

 18 19 18

 4 12 13

 4 13 7

 20 19 12

 20 12 4

 19 20 14

 19 14 12

 15 0 17

 15 17 28

 6 20 0

 6 0 15

 20 20 4

 20 4 0

 18 11 23

 18 23 30

 18 1 11

 18 11 18

 1 13 6

 1 6 11

 54 35 37

 54 37 70

 54 30 35

 54 35 54

 30 18 18

 30 18 35

 27 32 35

 27 35 19

 27 32 32

 27 32 27

 32 37 37

 32 37 32

 24 19 18

 24 18 20

 4 23 19

 4 19 24

 23 27 27

 23 27 19

 24 14 14

 24 14 20

 3 30 14

 3 14 24

 30 4 24

 30 24 14

 14 14 11

 14 11 11

 14 14 14

 14 14 14

 14 3 24

 14 24 14

 43 14 11

 43 11 3

 42 45 14

 42 14 43

 45 14 14

 45 14 14

 42 42 14

 42 14 12

 41 42 11

 41 11 24

 42 42 42

 42 42 41

 42 42 42

 42 42 42

 11 23 1

 11 1 33

 18 44 23

 18 23 11

 44 42 41

 44 41 23

 24 35 19

 24 19 40

 30 20 35

 30 35 24

 20 18 11

 20 11 35

 27 19 23

 27 23 27

 22 22 19

 22 19 27

 22 30 24

 22 24 19

 23 18 27

 23 27 23

 20 18 18

 20 18 23

 18 22 27

 18 27 18

 20 24 19

 20 19 20

 24 23 24

 24 24 20

 23 20 23

 23 23 24

 23 23 18

 23 18 18

 20 20 23

 20 23 23

 20 24 20

 20 20 23

 24 23 20

 24 20 19

 23 23 23

 23 23 24

 23 20 23

 23 23 23

 14 22 24

 14 24 18

 24 24 22

 24 22 14

 24 23 24

 24 24 22

 18 20 23

 18 23 23

 20 20 20

 20 20 18

 20 24 14

 20 14 20

 19 23 22

 19 22 19

 20 18 23

 20 23 19

 18 20 18

 18 18 23

 22 23 22

 22 22 19

 23 19 23

 23 23 22

 19 20 19

 19 19 23

 18 18 19

 18 19 18

 20 27 18

 20 18 18

 27 23 22

 27 22 18

 14 20 11

 14 11 3

 23 18 20

 23 20 14

 18 20 18

 18 18 20

 11 1 6

 11 6 2

 18 22 1

 18 1 11

 22 23 14

 22 14 1

 13 0 13

 13 13 76

 3 24 0

 3 0 13

 24 18 11

 24 11 0

 1 9 4

 1 4 19

 7 26 9

 7 9 1

 26 38 5

 26 5 9

 11 4 23

 11 23 18

 13 5 4

 13 4 11

 5 7 1

 5 1 4

 11 4 18

 11 18 23

 2 13 4

 2 4 11

 13 13 11

 13 11 4

 6 6 11

 6 11 0

 47 2 6

 47 6 6

 2 2 11

 2 11 6

 40 20 19

 40 19 35

 30 23 20

 30 20 40

 23 9 3

 23 3 20

 32 27 34

 32 34 19

 19 35 27

 19 27 32

 35 36 39

 35 39 27

 19 20 27

 19 27 23

 20 18 20

 20 20 19

 18 19 32

 18 32 20

 20 20 23

 20 23 23

 20 14 20

 20 20 20

 14 20 19

 14 19 20

 11 20 14

 11 14 24

 11 11 20

 11 20 11

 11 20 20

 11 20 20

 4 20 14

 4 14 14

 3 11 20

 3 20 4

 11 11 11

 11 11 20

 14 14 24

 14 24 14

 12 14 14

 12 14 14

 14 3 4

 14 4 14

 24 24 24

 24 24 18

 24 11 24

 24 24 24

 11 12 14

 11 14 24

 14 18 18

 14 18 22

 33 1 18

 33 18 14

 1 24 24

 1 24 18

 20 35 19

 20 19 30

 40 19 35

 40 35 20

 19 33 14

 19 14 35

 19 22 27

 19 27 30

 27 23 22

 27 22 19

 23 40 20

 23 20 22

 27 18 27

 27 27 18

 23 27 18

 23 18 27

 27 27 19

 27 19 18

 23 23 27

 23 27 19

 20 19 23

 20 23 23

 19 23 27

 19 27 23

 23 18 18

 23 18 22

 18 18 18

 18 18 23

 18 20 23

 18 23 18

 23 18 18

 23 18 19

 19 20 18

 19 18 23

 20 18 23

 20 23 18

 23 19 19

 23 19 18

 18 24 19

 18 19 23

 24 19 23

 24 23 19

 20 19 23

 20 23 4

 23 23 19

 23 19 20

 23 18 23

 23 23 19

 24 14 6

 24 6 17

 19 22 14

 19 14 24

 22 23 20

 22 20 14

 14 14 17

 14 17 7

 19 22 14

 19 14 14

 22 19 24

 22 24 14

 1 11 13

 1 13 10

 18 19 11

 18 11 1

 19 19 14

 19 14 11

 15 0 5

 15 5 16

 3 11 0

 3 0 15

 11 18 1

 11 1 0

 20 11 4

 20 4 19

 19 4 11

 19 11 20

 4 5 5

 4 5 11

 18 18 24

 18 24 18

 18 23 18

 18 18 18

 23 19 20

 23 20 18

 23 23 23

 23 23 23

 23 18 23

 23 23 23

 18 18 18

 18 18 23

 24 23 23

 24 23 18

 0 11 23

 0 23 24

 11 23 23

 11 23 23

 11 1 18

 11 18 18

 17 6 1

 17 1 11

 6 0 24

 6 24 1

 1 4 23

 1 23 19

 17 13 4

 17 4 1

 13 17 11

 13 11 4

 20 1 20

 20 20 23

 9 6 1

 9 1 20

 6 17 1

 6 1 1

 36 22 32

 36 32 40

 35 19 22

 35 22 36

 19 9 20

 19 20 22

 32 32 30

 32 30 32

 19 34 32

 19 32 32

 34 31 31

 34 31 32

 22 22 22

 22 22 27

 23 27 22

 23 22 22

 27 19 32

 27 32 22

 20 23 19

 20 19 19

 23 23 23

 23 23 20

 23 23 22

 23 22 23

 14 20 19

 14 19 20

 24 14 20

 24 20 14

 14 23 20

 14 20 20

 14 23 18

 14 18 23

 14 14 23

 14 23 14

 14 24 14

 14 14 23

 24 23 20

 24 20 18

 14 24 23

 14 23 24

 24 14 14

 24 14 23

 18 23 27

 18 27 19

 18 24 23

 18 23 18

 24 14 24

 24 24 23

 19 19 27

 19 27 22

 22 18 19

 22 19 19

 18 18 18

 18 18 19

 22 18 22

 22 22 27

 30 19 18

 30 18 22

 19 22 19

 19 19 18

 22 22 22

 22 22 19

 30 27 22

 30 22 22

 27 30 22

 27 22 22

 27 18 19

 27 19 18

 18 27 18

 18 18 27

 27 30 22

 27 22 18

 18 20 30

 18 30 19

 19 27 20

 19 20 18

 27 18 27

 27 27 20

 18 22 27

 18 27 22

 22 18 22

 22 22 18

 18 19 18

 18 18 22

 18 18 19

 18 19 19

 19 18 18

 19 18 18

 18 22 18

 18 18 18

 22 18 27

 22 27 18

 18 19 18

 18 18 22

 19 19 18

 19 18 18

 6 11 14

 6 14 15

 4 23 11

 4 11 6

 23 18 22

 23 22 11

 4 9 2

 4 2 13

 19 4 9

 19 9 4

 4 26 5

 4 5 9

 14 14 13

 14 13 3

 18 24 14

 18 14 14

 24 19 4

 24 4 14

 18 23 14

 18 14 23

 23 23 23

 23 23 18

 23 18 14

 23 14 23

 18 19 19

 18 19 23

 18 23 19

 18 19 18

 23 23 18

 23 18 19

 18 20 18

 18 18 18

 18 18 20

 18 20 18

 18 18 18

 18 18 20

 24 22 20

 24 20 22

 19 23 22

 19 22 24

 23 18 18

 23 18 22

 19 19 23

 19 23 23

 23 20 19

 23 19 19

 20 19 24

 20 24 19

 35 27 30

 35 30 27

 40 32 27

 40 27 35

 32 23 19

 32 19 27

 22 36 27

 22 27 22

 34 37 36

 34 36 22

 37 78 37

 37 37 36

 27 19 27

 27 27 22

 32 30 19

 32 19 27

 30 34 22

 30 22 19

 30 19 32

 30 32 27

 27 22 19

 27 19 30

 22 32 27

 22 27 19

 30 22 34

 30 34 27

 19 19 22

 19 22 30

 19 27 30

 19 30 22

 19 18 32

 19 32 19

 20 19 18

 20 18 19

 19 19 30

 19 30 18

 20 19 27

 20 27 30

 23 18 19

 23 19 20

 18 20 19

 18 19 19

 22 18 22

 22 22 22

 18 20 18

 18 18 22

 20 23 20

 20 20 18

 27 23 32

 27 32 23

 19 27 23

 19 23 27

 27 18 22

 27 22 23

 22 18 30

 22 30 22

 22 27 18

 22 18 22

 27 19 27

 27 27 18

 23 19 18

 23 18 20

 27 22 19

 27 19 23

 22 22 22

 22 22 19

 11 18 24

 11 24 32

 19 22 18

 19 18 11

 22 27 23

 22 23 18

 11 32 23

 11 23 24

 18 19 32

 18 32 11

 19 19 11

 19 11 32

 23 3 7

 23 7 9

 19 30 3

 19 3 23

 30 18 11

 30 11 3

 22 18 24

 22 24 19

 22 27 18

 22 18 22

 27 19 23

 27 23 18

 19 23 19

 19 19 23

 19 19 23

 19 23 19

 19 22 22

 19 22 23

 14 18 14

 14 14 9

 18 27 18

 18 18 14

 27 19 19

 27 19 18

 5 9 17

 5 17 28

 15 14 9

 15 9 5

 14 18 14

 14 14 9

 24 0 13

 24 13 2

 23 14 0

 23 0 24

 14 3 17

 14 17 0

 24 1 6

 24 6 0

 23 19 1

 23 1 24

 19 23 24

 19 24 1

 23 23 20

 23 20 20

 18 18 23

 18 23 23

 18 23 24

 18 24 23

 20 23 23

 20 23 18

 22 20 23

 22 23 20

 20 18 23

 20 23 23

 19 18 19

 19 19 23

 23 23 18

 23 18 19

 23 22 20

 23 20 18

 30 20 18

 30 18 20

 27 30 20

 27 20 30

 30 23 19

 30 19 20

 32 30 27

 32 27 22

 40 31 30

 40 30 32

 31 27 30

 31 30 30

 30 30 27

 30 27 30

 39 31 30

 39 30 30

 31 40 32

 31 32 30

 32 32 19

 32 19 19

 39 36 32

 39 32 32

 36 39 30

 36 30 32

 22 32 22

 22 22 24

 33 37 32

 33 32 22

 37 39 32

 37 32 32

 18 23 18

 18 18 23

 22 27 23

 22 23 18

 27 33 22

 27 22 23

 18 23 20

 18 20 23

 22 27 23

 22 23 18

 27 22 18

 27 18 23

 27 18 18

 27 18 23

 27 32 18

 27 18 27

 32 22 18

 32 18 18

 32 23 27

 32 27 22

 27 34 23

 27 23 32

 34 27 27

 34 27 23

 30 23 32

 30 32 22

 19 32 23

 19 23 30

 32 27 32

 32 32 23

 22 19 33

 22 33 30

 30 27 19

 30 19 22

 27 19 30

 27 30 19

 18 27 22

 18 22 22

 22 22 27

 22 27 18

 22 30 22

 22 22 27

 23 23 14

 23 14 34

 23 32 23

 23 23 23

 32 22 18

 32 18 23

 23 23 14

 23 14 1

 22 30 23

 22 23 23

 30 23 23

 30 23 23

 32 1 33

 32 33 24

 20 18 1

 20 1 32

 18 22 23

 18 23 1

 11 1 35

 11 35 1

 32 24 1

 32 1 11

 24 20 32

 24 32 1

 5 20 1

 5 1 3

 24 23 20

 24 20 5

 23 32 11

 23 11 20

 19 1 20

 19 20 19

 19 24 1

 19 1 19

 24 9 13

 24 13 1

 22 20 19

 22 19 20

 23 19 20

 23 20 22

 19 19 19

 19 19 20

 17 12 20

 17 20 10

 9 14 12

 9 12 17

 14 23 22

 14 22 12

 11 3 6

 11 6 0

 20 20 3

 20 3 11

 20 0 25

 20 25 3

 22 23 24

 22 24 20

 18 23 23

 18 23 22

 23 20 11

 23 11 23

 18 23 19

 18 19 20

 23 19 23

 23 23 18

 19 18 22

 19 22 23

 19 20 19

 19 19 19

 20 18 20

 20 20 19

 18 23 18

 18 18 20

 30 23 22

 30 22 22

 22 27 23

 22 23 30

 27 20 19

 27 19 23

 23 22 19

 23 19 19

 30 27 22

 30 22 23

 27 22 30

 27 30 22

 23 19 20

 23 20 23

 19 19 19

 19 19 23

 19 30 23

 19 23 19

 23 20 23

 23 23 11

 24 22 20

 24 20 23

 22 19 23

 22 23 20

 24 24 24

 24 24 11

 23 18 24

 23 24 24

 18 24 23

 18 23 24

 14 23 4

 14 4 20

 23 20 23

 23 23 14

 20 23 24

 20 24 23

 23 19 14

 23 14 20

 23 18 19

 23 19 23

 18 23 14

 18 14 19

 27 18 20

 27 20 18

 22 27 18

 22 18 27

 27 23 23

 27 23 18

 33 18 19

 33 19 22

 22 32 18

 22 18 33

 32 22 27

 32 27 18

 32 18 30

 32 30 18

 30 33 18

 30 18 32

 33 22 33

 33 33 18

 14 22 19

 14 19 20

 22 22 22

 22 22 14

 22 30 32

 22 32 22

 18 34 1

 18 1 32

 34 14 34

 34 34 18

 14 22 14

 14 14 34

 11 33 9

 11 9 11

 1 14 33

 1 33 11

 14 34 18

 14 18 33

 30 3 3

 30 3 23

 24 33 3

 24 3 30

 33 1 11

 33 11 3

 23 12 3

 23 3 4

 1 35 12

 1 12 23

 35 24 30

 35 30 12

 11 20 24

 11 24 20

 3 1 20

 3 20 11

 1 1 23

 1 23 20

 14 12 18

 14 18 20

 3 15 12

 3 12 14

 15 3 11

 15 11 12

 22 23 19

 22 19 20

 19 20 23

 19 23 22

 20 3 14

 20 14 23

 23 20 14

 23 14 9

 20 19 20

 20 20 23

 19 19 22

 19 22 20

 6 29 29

 6 29 76

 10 20 29

 10 29 6

 20 20 23

 20 23 29

 23 0 0

 23 0 9

 20 24 0

 20 0 23

 24 0 25

 24 25 0

 18 24 24

 18 24 20

 20 19 24

 20 24 18

 19 20 23

 19 23 24

 22 19 23

 22 23 27

 19 19 19

 19 19 22

 19 20 18

 19 18 19

 22 18 18

 22 18 27

 22 22 18

 22 18 22

 22 19 22

 22 22 18

 20 18 18

 20 18 23

 19 19 18

 19 18 20

 19 22 22

 19 22 18

 14 23 20

 14 20 20

 23 20 23

 23 23 14

 20 19 20

 20 20 23

 11 24 11

 11 11 12

 11 23 24

 11 24 11

 23 23 14

 23 14 24

 11 4 11

 11 11 3

 11 24 4

 11 4 11

 24 11 11

 24 11 4

 4 14 4

 4 4 14

 20 4 14

 20 14 4

 4 11 11

 4 11 14

 11 23 4

 11 4 24

 20 14 23

 20 23 11

 14 20 4

 14 4 23

 14 20 1

 14 1 12

 18 20 20

 18 20 14

 20 20 11

 20 11 20

 22 1 17

 22 17 3

 22 19 1

 22 1 22

 19 18 14

 19 14 1

 30 23 23

 30 23 22

 18 30 23

 18 23 30

 30 22 22

 30 22 23

 23 18 18

 23 18 19

 20 19 18

 20 18 23

 19 18 30

 19 30 18

 9 23 4

 9 4 32

 32 1 23

 32 23 9

 1 20 23

 1 23 23

 25 32 20

 25 20 27

 11 9 32

 11 32 25

 9 32 9

 9 9 32

 14 27 0

 14 0 27

 23 3 27

 23 27 14

 3 11 25

 3 25 27

 20 30 14

 20 14 32

 4 3 30

 4 30 20

 3 23 14

 3 14 30

 22 27 31

 22 31 32

 20 24 27

 20 27 22

 24 4 20

 24 20 27

 18 23 19

 18 19 20

 20 18 23

 20 23 18

 18 20 22

 18 22 23

 19 24 23

 19 23 18

 20 19 24

 20 24 19

 19 20 18

 19 18 24

 0 11 23

 0 23 29

 9 14 11

 9 11 0

 14 20 19

 14 19 11

 18 1 14

 18 14 20

 20 24 1

 20 1 18

 24 9 25

 24 25 1

 19 23 19

 19 19 27

 27 23 23

 27 23 19

 23 20 18

 23 18 23

 18 22 19

 18 19 19

 27 18 22

 27 22 18

 18 27 19

 18 19 22

 23 23 20

 23 20 20

 23 18 23

 23 23 23

 18 27 18

 18 18 23

 24 23 24

 24 24 11

 20 20 23

 20 23 24

 20 23 23

 20 23 23

 11 24 1

 11 1 12

 12 11 24

 12 24 11

 11 20 24

 11 24 24

 12 1 4

 12 4 0

 3 11 1

 3 1 12

 11 12 11

 11 11 1

 1 1 12

 1 12 3

 14 4 1

 14 1 1

 4 3 12

 4 12 1

 14 14 11

 14 11 11

 24 4 14

 24 14 14

 4 14 1

 4 1 14

 6 1 1

 6 1 12

 12 1 1

 12 1 6

 1 24 14

 1 14 1

 27 1 14

 27 14 32

 22 23 1

 22 1 27

 23 3 17

 23 17 1

 14 22 20

 14 20 19

 19 18 22

 19 22 14

 18 22 27

 18 27 22

 12 18 14

 12 14 23

 32 4 18

 32 18 12

 4 19 14

 4 14 18

 12 32 11

 12 11 14

 27 20 32

 27 32 12

 20 32 12

 20 12 32

 1 24 24

 1 24 11

 27 0 24

 27 24 1

 0 27 12

 0 12 24

 37 30 23

 37 23 33

 32 14 30

 32 30 37

 14 27 1

 14 1 30

 23 30 19

 23 19 23

 20 19 30

 20 30 23

 19 32 31

 19 31 30

 27 19 18

 27 18 18

 18 23 19

 18 19 27

 23 20 23

 23 23 19

 25 4 24

 25 24 3

 29 23 4

 29 4 25

 23 18 27

 23 27 4

 1 0 4

 1 4 23

 7 2 0

 7 0 1

 2 16 13

 2 13 0

 24 14 18

 24 18 18

 1 17 14

 1 14 24

 17 7 1

 17 1 14

 19 20 23

 19 23 23

 20 14 20

 20 20 19

 14 1 24

 14 24 20

 30 23 19

 30 19 22

 27 19 23

 27 23 30

 19 20 19

 19 19 23

 22 19 19

 22 19 19

 19 19 19

 19 19 22

 19 27 30

 19 30 19

 23 20 18

 23 18 20

 20 20 20

 20 20 23

 20 19 22

 20 22 20

 11 20 20

 11 20 11

 11 24 20

 11 20 11

 24 20 23

 24 23 20

 11 14 14

 11 14 1

 12 1 14

 12 14 11

 1 11 11

 1 11 14

 1 11 1

 1 1 3

 0 4 11

 0 11 1

 4 12 11

 4 11 11

 14 4 11

 14 11 1

 3 12 4

 3 4 14

 12 0 1

 12 1 4

 24 11 24

 24 24 11

 11 11 11

 11 11 24

 11 3 14

 11 14 11

 14 14 20

 14 20 23

 12 1 14

 12 14 14

 1 11 24

 1 24 14

 20 11 18

 20 18 27

 1 15 11

 1 11 20

 15 12 14

 15 14 11

 22 22 18

 22 18 30

 32 14 22

 32 22 22

 14 1 20

 14 20 22

 24 30 19

 24 19 19

 19 20 30

 19 30 24

 20 32 22

 20 22 30

 14 18 20

 14 20 20

 23 14 18

 23 18 14

 14 19 24

 14 24 18

 24 20 23

 24 23 20

 14 11 20

 14 20 24

 11 23 14

 11 14 20

 14 14 20

 14 20 14

 11 24 14

 11 14 14

 24 14 24

 24 24 14

 22 14 20

 22 20 24

 33 23 14

 33 14 22

 23 11 14

 23 14 14

 27 30 23

 27 23 14

 32 36 30

 32 30 27

 36 33 22

 36 22 30

 18 20 22

 18 22 20

 23 19 20

 23 20 18

 19 32 27

 19 27 20

 19 23 23

 19 23 19

 18 18 23

 18 23 19

 18 23 18

 18 18 23

 14 18 23

 14 23 19

 3 24 18

 3 18 14

 24 18 19

 24 19 18

 6 12 4

 6 4 9

 7 6 12

 7 12 6

 6 3 14

 6 14 12

 14 25 11

 14 11 20

 29 15 25

 29 25 14

 15 73 13

 15 13 25

 20 20 19

 20 19 18

 23 4 20

 23 20 20

 4 29 14

 4 14 20

 20 18 20

 20 20 19

 18 18 18

 18 18 20

 18 23 20

 18 20 18

 18 23 20

 18 20 18

 23 23 23

 23 23 18

 23 18 20

 23 20 23

 19 18 18

 19 18 19

 22 19 18

 22 18 19

 19 23 18

 19 18 18

 22 19 23

 22 23 30

 19 19 19

 19 19 22

 19 22 19

 19 19 19

 18 19 23

 18 23 22

 20 18 19

 20 19 18

 18 19 22

 18 22 19

 24 23 23

 24 23 24

 11 20 23

 11 23 24

 20 20 18

 20 18 23

 14 14 24

 14 24 14

 1 14 14

 1 14 14

 14 11 24

 14 24 14

 4 4 20

 4 20 11

 3 1 4

 3 4 4

 1 1 14

 1 14 4

 14 11 14

 14 14 11

 1 11 11

 1 11 14

 11 3 4

 11 4 11

 23 14 20

 23 20 24

 11 24 14

 11 14 23

 24 1 14

 24 14 14

 18 23 20

 18 20 18

 23 20 23

 23 23 18

 20 11 23

 20 23 23

 23 22 24

 23 24 4

 27 18 22

 27 22 23

 18 23 18

 18 18 22

 18 11 17

 18 17 1

 30 18 11

 30 11 18

 18 27 23

 18 23 11

 19 22 24

 19 24 23

 19 19 22

 19 22 19

 19 30 18

 19 18 22

 23 23 22

 23 22 23

 20 20 23

 20 23 23

 20 19 19

 20 19 23

 23 18 18

 23 18 19

 20 23 18

 20 18 23

 23 20 23

 23 23 18

 20 20 23

 20 23 18

 14 20 20

 14 20 20

 20 20 23

 20 23 20

 20 24 19

 20 19 20

 24 20 24

 24 24 20

 20 14 20

 20 20 24

 22 14 18

 22 18 23

 14 23 14

 14 14 22

 23 24 20

 23 20 14

 22 24 27

 22 27 23

 20 22 24

 20 24 22

 22 14 22

 22 22 24

 18 18 19

 18 19 19

 19 23 18

 19 18 18

 23 20 22

 23 22 18

 23 22 23

 23 23 19

 19 23 22

 19 22 23

 23 19 18

 23 18 22

 11 18 23

 11 23 18

 9 4 18

 9 18 11

 4 19 23

 4 23 18

 12 11 20

 12 20 22

 15 13 11

 15 11 12

 13 9 11

 13 11 11

 13 1 1

 13 1 9

 28 13 1

 28 1 13

 13 15 12

 13 12 1

 19 1 4

 19 4 18

 20 11 1

 20 1 19

 11 26 13

 11 13 1

 23 23 18

 23 18 24

 18 19 23

 18 23 23

 19 20 19

 19 19 23

 20 19 23

 20 23 18

 19 20 19

 19 19 20

 20 18 23

 20 23 19

 23 19 23

 23 23 18

 18 20 19

 18 19 23

 20 19 20

 20 20 19

 19 18 20

 19 20 19

 19 18 18

 19 18 19

 18 18 23

 18 23 18

 18 19 19

 18 19 30

 30 23 19

 30 19 18

 23 19 19

 23 19 19

 19 22 22

 19 22 22

 22 23 22

 22 22 19

 23 30 18

 23 18 22

 20 19 18

 20 18 22

 24 23 19

 24 19 20

 23 22 19

 23 19 19

 24 18 20

 24 20 18

 14 24 18

 14 18 24

 24 24 20

 24 20 18

 24 18 20

 24 20 18

 11 20 18

 11 18 24

 20 14 24

 20 24 18

 24 20 23

 24 23 20

 11 14 20

 11 20 24

 14 11 24

 14 24 20

 23 23 18

 23 18 20

 24 20 23

 24 23 23

 20 11 24

 20 24 23

 19 20 22

 19 22 19

 18 20 20

 18 20 19

 20 24 23

 20 23 20

 6 1 20

 6 20 1

 4 24 1

 4 1 6

 24 18 19

 24 19 1

 22 12 20

 22 20 19

 23 24 12

 23 12 22

 24 1 13

 24 13 12

 18 18 22

 18 22 19

 23 22 18

 23 18 18

 22 23 22

 22 22 18

 24 19 23

 24 23 19

 19 18 19

 19 19 24

 18 23 18

 18 18 19

 18 18 23

 18 23 19

 18 23 18

 18 18 18

 23 19 24

 23 24 18

 18 18 19

 18 19 19

 20 19 18

 20 18 18

 19 18 18

 19 18 18

 19 23 22

 19 22 19

 23 18 23

 23 23 19

 18 20 18

 18 18 23

 22 18 19

 22 19 23

 23 27 18

 23 18 22

 27 23 19

 27 19 18

 18 23 22

 18 22 18

 19 19 23

 19 23 18

 19 23 22

 19 22 23

 24 18 18

 24 18 19

 19 23 18

 19 18 24

 23 19 18

 23 18 18

 23 18 20

 23 20 19

 18 23 18

 18 18 23

 23 19 24

 23 24 18

 20 22 23

 20 23 22

 22 20 22

 22 22 20

 20 18 23

 20 23 22

 12 19 23

 12 23 19

 9 1 19

 9 19 12

 1 22 20

 1 20 19

 17 3 4

 17 4 1

 5 17 3

 5 3 17

 17 9 12

 17 12 3

 23 4 12

 23 12 18

 18 4 4

 18 4 23

 4 7 10

 4 10 4

 19 23 18

 19 18 20

 24 18 23

 24 23 19

 18 18 23

 18 23 23

 19 20 22

 19 22 20

 18 23 20

 18 20 19

 23 24 19

 23 19 20

 23 18 18

 23 18 23

 18 23 18

 18 18 23

 23 18 19

 23 19 18

 18 18 20

 18 20 23

 19 20 18

 19 18 18

 20 18 23

 20 23 18

 27 19 18

 27 18 23

 30 19 19

 30 19 27

 19 19 18

 19 18 19

 22 18 22

 22 22 18

 22 22 18

 22 18 22

 22 30 27

 22 27 18

 18 18 27

 18 27 22

 22 18 18

 22 18 18

 18 22 22

 18 22 18

 20 19 22

 20 22 22

 18 20 19

 18 19 20

 20 22 18

 20 18 19

 23 19 22

 23 22 19

 18 20 19

 18 19 23

 20 18 20

 20 20 19

 18 18 19

 18 19 19

 20 23 18

 20 18 18

 23 18 23

 23 23 18

 20 23 19

 20 19 1

 20 18 23

 20 23 20

 18 20 18

 18 18 23

 20 1 29

 20 29 1

 19 22 1

 19 1 20

 22 20 20

 22 20 1

 24 19 24

 24 24 18

 1 20 19

 1 19 24

 20 19 20

 20 20 19

 24 4 18

 24 18 23

 3 17 4

 3 4 24

 17 1 24

 17 24 4

 19 18 18

 19 18 23

 19 20 18

 19 18 19

 20 3 24

 20 24 18

 18 23 23

 18 23 23

 19 22 23

 19 23 18

 22 19 19

 22 19 23

 19 19 22

 19 22 19

 19 23 19

 19 19 19

 23 19 18

 23 18 19

 18 19 18

 18 18 22

 19 23 19

 19 19 18

 23 19 19

 23 19 19

 18 19 23

 18 23 19

 19 19 19

 19 19 18

 19 19 18

 19 18 19

 18 18 19

 18 19 20

 19 22 18

 19 18 18

 22 19 18

 22 18 18

 18 18 19

 18 19 18

 23 19 18

 23 18 18

 19 19 18

 19 18 18

 19 23 19

 19 19 20

 18 22 23

 18 23 19

 22 23 18

 22 18 23

 18 23 19

 18 19 23

 19 18 23

 19 23 18

 18 18 19

 18 19 23

 24 18 23

 24 23 23

 19 20 18

 19 18 24

 20 19 18

 20 18 18

 23 23 23

 23 23 20

 22 23 23

 22 23 23

 23 19 24

 23 24 23

 20 23 18

 20 18 18

 19 23 23

 19 23 20

 23 22 23

 23 23 23

 1 19 18

 1 18 18

 1 4 19

 1 19 1

 4 19 20

 4 20 19

 1 11 20

 1 20 23

 6 6 11

 6 11 1

 6 1 1

 6 1 11

 1 4 19

 1 19 18

 13 13 4

 13 4 1

 13 6 1

 13 1 4

 4 1 23

 4 23 23

 13 13 1

 13 1 4

 13 13 1

 13 1 1

 1 1 20

 1 20 23

 2 7 1

 2 1 1

 7 13 4

 7 4 1

 17 29 11

 17 11 9

 57 7 29

 57 29 17

 7 2 1

 7 1 29

 4 3 5

 4 5 13

 18 12 3

 18 3 4

 12 7 26

 12 26 3

 14 11 17

 14 17 0

 20 18 11

 20 11 14

 18 18 4

 18 4 11

 19 14 24

 19 24 20

 20 22 14

 20 14 19

 22 20 14

 22 14 14

 23 24 19

 23 19 23

 23 18 24

 23 24 23

 18 20 19

 18 19 24

 23 23 19

 23 19 18

 23 20 23

 23 23 23

 20 23 23

 20 23 23

 18 20 18

 18 18 19

 23 18 20

 23 20 18

 18 23 23

 18 23 20

 22 23 18

 22 18 23

 18 22 23

 18 23 22

 22 23 18

 22 18 23

 22 23 22

 22 22 23

 22 27 23

 22 23 22

 27 18 22

 27 22 23

 19 23 27

 19 27 22

 22 22 23

 22 23 19

 22 22 22

 22 22 23

 23 18 22

 23 22 19

 19 22 18

 19 18 23

 22 22 19

 22 19 18

 27 18 22

 27 22 19

 19 19 18

 19 18 27

 19 19 23

 19 23 18

 6 1 18

 6 18 9

 1 19 1

 1 1 6

 19 19 27

 19 27 1

 23 4 11

 23 11 20

 18 24 4

 18 4 23

 24 1 15

 24 15 4

 18 20 18

 18 18 23

 23 18 20

 23 20 18

 18 18 23

 18 23 20

 23 23 23

 23 23 18

 23 18 23

 23 23 23

 18 23 18

 18 18 23

 18 23 23

 18 23 18

 23 23 23

 23 23 18

 23 23 23

 23 23 23

 18 18 18

 18 18 23

 19 22 18

 19 18 18

 22 23 18

 22 18 18

 23 23 20

 23 20 19

 22 18 23

 22 23 23

 18 19 18

 18 18 23

 19 19 23

 19 23 23

 19 23 19

 19 19 19

 23 22 23

 23 23 19

 18 23 18

 18 18 20

 20 19 23

 20 23 18

 19 19 19

 19 19 23

 23 19 18

 23 18 23

 18 19 19

 18 19 23

 19 20 18

 19 18 19

 18 23 23

 18 23 23

 20 19 23

 20 23 18

 19 18 23

 19 23 23

 23 20 18

 23 18 18

 23 19 20

 23 20 23

 19 20 18

 19 18 20

 19 18 23

 19 23 18

 23 23 18

 23 18 19

 23 23 23

 23 23 18

 19 23 23

 19 23 23

 20 23 23

 20 23 19

 23 23 19

 23 19 23

 18 24 18

 18 18 24

 18 18 24

 18 24 18

 18 20 19

 18 19 24

 19 23 18

 19 18 23

 18 18 23

 18 23 19

 18 18 18

 18 18 23

 23 23 18

 23 18 23

 23 20 23

 23 23 23

 20 18 19

 20 19 23

 19 18 18

 19 18 23

 18 19 18

 18 18 19

 19 23 23

 19 23 18

 18 20 18

 18 18 20

 23 23 20

 23 20 18

 23 18 19

 23 19 20

 18 18 19

 18 19 23

 23 20 18

 23 18 18

 20 23 18

 20 18 18

 4 18 20

 4 20 19

 9 11 18

 9 18 4

 11 23 18

 11 18 18

 3 24 20

 3 20 19

 6 13 24

 6 24 3

 13 9 4

 13 4 24

 11 14 20

 11 20 18

 13 7 14

 13 14 11

 7 6 3

 7 3 14

 11 1 19

 11 19 20

 26 13 1

 26 1 11

 13 13 11

 13 11 1

 6 25 20

 6 20 29

 57 7 25

 57 25 6

 7 26 11

 7 11 25

 20 0 0

 20 0 0

 20 24 0

 20 0 20

 24 0 29

 24 29 0

 18 14 24

 18 24 23

 23 19 14

 23 14 18

 19 20 20

 19 20 14

 11 23 14

 11 14 3

 18 19 23

 18 23 11

 19 23 18

 19 18 23

 14 12 15

 14 15 3

 19 18 12

 19 12 14

 18 18 11

 18 11 12

 18 18 11

 18 11 23

 23 18 18

 23 18 18

 18 19 14

 18 14 18

 19 23 18

 19 18 24

 23 22 23

 23 23 19

 22 23 18

 22 18 23

 19 18 23

 19 23 18

 22 27 18

 22 18 19

 27 23 19

 27 19 18

 19 22 23

 19 23 18

 19 22 22

 19 22 19

 22 22 19

 22 19 22

 19 23 18

 19 18 20

 19 22 23

 19 23 19

 22 19 19

 22 19 23

 24 20 18

 24 18 20

 9 18 20

 9 20 24

 18 19 19

 18 19 20

 14 1 18

 14 18 18

 3 17 1

 3 1 14

 17 9 24

 17 24 1

 18 20 23

 18 23 18

 20 11 20

 20 20 18

 11 3 14

 11 14 20

 18 18 18

 18 18 23

 23 18 18

 23 18 18

 18 20 18

 18 18 18

 23 23 20

 23 20 23

 18 23 23

 18 23 23

 23 23 18

 23 18 23

 18 23 23

 18 23 23

 18 23 23

 18 23 18

 23 18 23

 23 23 23

 23 18 18

 23 18 23

 23 18 18

 23 18 23

 18 18 18

 18 18 18

 18 18 18

 18 18 19

 19 20 18

 19 18 18

 20 23 23

 20 23 18

 23 23 20

 23 20 23

 23 23 23

 23 23 23

 23 19 18

 23 18 23

 23 20 23

 23 23 23

 20 18 20

 20 20 23

 18 23 23

 18 23 20

 23 18 23

 23 23 18

 23 18 18

 23 18 23

 18 20 23

 18 23 18

 19 23 18

 19 18 23

 23 23 23

 23 23 19

 23 23 23

 23 23 23

 20 20 18

 20 18 19

 18 18 20

 18 20 20

 18 23 19

 18 19 20

 24 18 20

 24 20 19

 18 23 18

 18 18 24

 23 18 20

 23 20 18

 19 23 23

 19 23 18

 23 23 23

 23 23 19

 23 18 24

 23 24 23

 19 23 23

 19 23 18

 24 18 23

 24 23 19

 18 23 19

 18 19 23

 18 18 18

 18 18 23

 23 18 18

 23 18 18

 18 24 19

 18 19 18

 20 19 23

 20 23 19

 23 18 19

 23 19 20

 18 23 18

 18 18 19

 19 18 20

 19 20 23

 23 18 18

 23 18 19

 18 23 20

 18 20 18

 22 20 27

 22 27 20

 20 18 20

 20 20 22

 18 23 19

 18 19 20

 22 24 22

 22 22 20

 23 19 24

 23 24 22

 19 20 22

 19 22 24

 18 20 19

 18 19 23

 19 20 20

 19 20 18

 20 23 22

 20 22 20

 23 18 19

 23 19 24

 19 20 18

 19 18 23

 20 19 18

 20 18 18

 20 23 18

 20 18 23

 18 20 23

 18 23 20

 20 19 23

 20 23 23

 19 20 23

 19 23 23

 20 19 20

 20 20 19

 19 18 20

 19 20 20

 14 23 23

 14 23 23

 29 20 23

 29 23 14

 20 20 19

 20 19 23

 11 4 18

 11 18 18

 13 6 4

 13 4 11

 6 29 14

 6 14 4

 5 0 4

 5 4 10

 38 5 0

 38 0 5

 5 13 11

 5 11 0

 18 4 14

 18 14 18

 23 24 4

 23 4 18

 24 0 6

 24 6 4

 7 1 11

 7 11 1

 3 14 1

 3 1 7

 14 23 18

 14 18 1

 23 3 14

 23 14 23

 23 11 3

 23 3 23

 11 3 13

 11 13 3

 23 20 19

 23 19 18

 24 18 20

 24 20 23

 18 23 23

 18 23 20

 23 19 23

 23 23 18

 18 23 19

 18 19 23

 23 24 23

 23 23 19

 19 23 18

 19 18 24

 18 23 23

 18 23 19

 23 18 23

 23 23 23

 22 20 22

 22 22 20

 20 18 20

 20 20 22

 18 18 19

 18 19 20

 19 23 19

 19 19 23

 20 18 23

 20 23 19

 18 20 22

 18 22 23

 20 18 18

 20 18 23

 18 18 18

 18 18 20

 18 20 19

 18 19 18

 20 23 20

 20 20 19

 18 23 23

 18 23 20

 23 18 20

 23 20 23

 20 18 23

 20 23 19

 23 18 18

 23 18 20

 18 18 20

 18 20 18

 18 18 23

 18 23 18

 23 20 18

 23 18 18

 20 23 20

 20 20 18

 19 23 23

 19 23 20

 23 23 23

 23 23 19

 23 23 18

 23 18 23

 19 20 18

 19 18 20

 23 18 20

 23 20 19

 18 23 19

 18 19 20

 23 18 18

 23 18 23

 19 18 18

 19 18 23

 18 23 19

 18 19 18

 18 18 23

 18 23 23

 23 20 18

 23 18 18

 20 19 23

 20 23 18

 23 18 18

 23 18 18

 23 23 18

 23 18 23

 23 23 18

 23 18 18

 20 27 20

 20 20 19

 18 23 27

 18 27 20

 23 23 23

 23 23 27

 23 19 23

 23 23 23

 23 18 19

 23 19 23

 18 18 20

 18 20 19

 23 23 20

 23 20 22

 19 18 23

 19 23 23

 18 23 23

 18 23 23

 24 22 24

 24 24 22

 19 20 22

 19 22 24

 20 19 23

 20 23 22

 23 27 20

 23 20 23

 18 23 27

 18 27 23

 23 19 24

 23 24 27

 19 20 23

 19 23 23

 18 23 20

 18 20 19

 23 18 23

 23 23 20

 23 23 18

 23 18 18

 23 18 23

 23 23 23

 18 18 19

 18 19 23

 23 19 23

 23 23 19

 19 23 19

 19 19 23

 23 23 23

 23 23 19

 19 23 23

 19 23 23

 23 20 23

 23 23 19

 20 19 23

 20 23 23

 18 20 18

 18 18 20

 20 27 20

 20 20 18

 27 23 19

 27 19 20

 18 24 23

 18 23 23

 20 22 24

 20 24 18

 22 20 18

 22 18 24

 24 20 11

 24 11 9

 23 19 20

 23 20 24

 19 20 18

 19 18 20

 20 9 6

 20 6 7

 24 19 9

 24 9 20

 19 23 24

 19 24 9

 14 1 6

 14 6 13

 23 18 1

 23 1 14

 18 24 20

 18 20 1

 4 24 17

 4 17 3

 23 23 24

 23 24 4

 23 23 14

 23 14 24

 23 23 4

 23 4 18

 23 23 23

 23 23 23

 23 23 4

 23 4 23

 18 19 18

 18 18 19

 18 18 19

 18 19 18

 18 23 23

 18 23 19

 2 4 1

 2 1 5

 10 4 4

 10 4 2

 4 18 18

 4 18 4

 18 1 14

 18 14 23

 18 14 1

 18 1 18

 14 25 13

 14 13 1

 1 19 23

 1 23 19

 1 11 19

 1 19 1

 11 18 18

 11 18 19

 11 4 23

 11 23 23

 12 2 4

 12 4 11

 2 1 1

 2 1 4

 22 23 22

 22 22 14

 23 14 23

 23 23 22

 14 12 11

 14 11 23

 23 23 22

 23 22 24

 18 19 23

 18 23 23

 19 23 22

 19 22 23

 23 23 23

 23 23 23

 18 23 23

 18 23 23

 23 18 23

 23 23 23

 19 23 23

 19 23 23

 24 18 23

 24 23 19

 18 18 23

 18 23 23

 19 23 23

 19 23 18

 20 22 23

 20 23 19

 22 24 19

 22 19 23

 18 20 23

 18 23 20

 23 19 20

 23 20 18

 19 20 19

 19 19 20

 18 18 23

 18 23 18

 23 18 18

 23 18 18

 18 23 18

 18 18 18

 18 18 19

 18 19 20

 19 20 18

 19 18 18

 20 23 18

 20 18 18

 23 19 18

 23 18 20

 19 23 19

 19 19 23

 23 19 18

 23 18 19

 19 23 18

 19 18 23

 18 23 23

 18 23 19

 23 19 23

 23 23 23

 18 23 18

 18 18 20

 20 23 23

 20 23 18

 23 18 19

 23 19 23

 19 23 23

 19 23 18

 20 18 23

 20 23 19

 18 20 18

 18 18 23

 20 18 18

 20 18 23

 23 18 18

 23 18 20

 18 20 19

 18 19 18

 19 23 18

 19 18 23

 23 23 23

 23 23 19

 23 23 20

 23 20 23

 23 20 18

 23 18 18

 18 18 20

 18 20 23

 18 23 19

 18 19 20

 20 18 20

 20 20 23

 19 20 18

 19 18 20

 20 18 23

 20 23 18

 23 18 19

 23 19 18

 23 23 18

 23 18 23

 23 19 20

 23 20 18

 23 23 23

 23 23 22

 22 20 23

 22 23 23

 20 23 23

 20 23 23

 20 19 23

 20 23 19

 22 24 19

 22 19 20

 24 22 23

 24 23 19

 23 23 23

 23 23 18

 23 20 23

 23 23 23

 20 22 20

 20 20 23

 18 18 18

 18 18 23

 23 23 18

 23 18 18

 23 23 23

 23 23 18

 23 23 20

 23 20 23

 18 18 23

 18 23 23

 18 23 18

 18 18 23

 23 18 20

 23 20 18

 19 23 18

 19 18 23

 23 18 23

 23 23 18

 23 23 23

 23 23 18

 23 23 23

 23 23 23

 23 19 23

 23 23 23

 14 18 11

 14 11 12

 20 18 18

 20 18 14

 18 23 23

 18 23 18

 11 14 17

 11 17 15

 23 23 14

 23 14 11

 23 20 14

 23 14 14

 17 0 2

 17 2 57

 9 11 0

 9 0 17

 11 23 11

 11 11 0

 1 9 5

 1 5 5

 18 4 9

 18 9 1

 4 3 15

 4 15 9

 4 11 2

 4 2 10

 19 18 11

 19 11 4

 18 18 1

 18 1 11

 26 25 21

 26 21 43

 5 1 25

 5 25 26

 1 19 4

 1 4 25

 4 12 4

 4 4 19

 9 6 12

 9 12 4

 6 5 13

 6 13 12

 19 23 18

 19 18 23

 23 14 23

 23 23 19

 14 9 4

 14 4 23

 23 23 23

 23 23 18

 19 23 23

 19 23 23

 23 23 19

 23 19 23

 19 18 22

 19 22 24

 23 23 18

 23 18 19

 23 19 23

 23 23 18

 27 14 22

 27 22 24

 14 22 14

 14 14 27

 22 23 19

 22 19 14

 22 24 22

 22 22 14

 24 22 24

 24 24 22

 22 14 27

 22 27 24

 24 20 20

 24 20 9

 23 23 20

 23 20 24

 23 24 22

 23 22 20

 1 1 6

 1 6 17

 23 23 1

 23 1 1

 23 23 24

 23 24 1

 1 11 13

 1 13 15

 18 23 11

 18 11 1

 23 23 1

 23 1 11

 12 11 7

 12 7 13

 20 23 11

 20 11 12

 23 18 1

 23 1 11

 4 11 5

 4 5 13

 18 23 11

 18 11 4

 23 20 12

 23 12 11

 14 1 13

 14 13 7

 20 19 1

 20 1 14

 19 18 4

 19 4 1

 4 3 2

 4 2 13

 20 18 3

 20 3 4

 18 20 14

 18 14 3

 11 4 13

 11 13 15

 23 18 4

 23 4 11

 18 20 4

 18 4 4

 11 12 6

 11 6 12

 20 18 12

 20 12 11

 18 23 11

 18 11 12

 18 23 24

 18 24 18

 18 23 23

 18 23 18

 23 20 11

 23 11 23

 18 18 23

 18 23 23

 23 18 18

 23 18 18

 18 18 18

 18 18 18

 19 18 23

 19 23 20

 23 18 18

 23 18 19

 18 23 18

 18 18 18

 18 18 23

 18 23 23

 18 18 18

 18 18 18

 18 23 19

 18 19 18

 18 23 23

 18 23 23

 23 20 23

 23 23 18

 20 18 18

 20 18 23

 18 23 19

 18 19 23

 18 19 23

 18 23 18

 19 23 18

 19 18 23

 20 18 20

 20 20 19

 22 23 18

 22 18 20

 23 18 18

 23 18 18

 20 19 20

 20 20 19

 19 23 19

 19 19 20

 23 22 20

 23 20 19

 18 23 20

 18 20 23

 18 23 23

 18 23 18

 23 19 20

 23 20 23

 19 18 23

 19 23 20

 23 18 18

 23 18 19

 18 18 18

 18 18 18

 24 23 20

 24 20 0

 23 20 23

 23 23 24

 20 23 19

 20 19 23

 14 11 6

 14 6 17

 18 20 11

 18 11 14

 20 23 24

 20 24 11

 12 1 7

 12 7 10

 18 23 1

 18 1 12

 23 18 14

 23 14 1

 15 0 2

 15 2 57

 12 11 0

 12 0 15

 11 18 12

 11 12 0

 14 0 11

 14 11 23

 9 13 0

 9 0 14

 13 47 2

 13 2 0

 23 19 23

 23 23 23

 19 4 19

 19 19 23

 4 9 14

 4 14 19

 23 23 23

 23 23 23

 23 18 23

 23 23 23

 18 19 23

 18 23 23

 18 20 18

 18 18 23

 18 23 20

 18 20 18

 23 23 23

 23 23 20

 19 20 19

 19 19 24

 24 22 20

 24 20 19

 22 18 18

 22 18 20

 18 24 19

 18 19 23

 24 22 24

 24 24 18

 22 24 19

 22 19 24

 20 14 24

 20 24 6

 14 22 14

 14 14 20

 22 24 18

 22 18 14

 29 0 6

 29 6 5

 9 20 0

 9 0 29

 20 14 20

 20 20 0

 20 4 11

 20 11 18

 18 24 4

 18 4 20

 24 12 15

 24 15 4

 23 23 24

 23 24 22

 23 23 23

 23 23 23

 23 18 20

 23 20 23

 19 18 20

 19 20 19

 20 23 18

 20 18 19

 23 23 23

 23 23 18

 23 23 23

 23 23 23

 23 23 23

 23 23 23

 23 20 19

 23 19 23

 19 23 18

 19 18 18

 23 23 23

 23 23 19

 23 23 23

 23 23 23

 18 23 23

 18 23 18

 23 19 23

 23 23 18

 19 23 19

 19 19 23

 24 18 23

 24 23 18

 19 20 18

 19 18 24

 20 23 18

 20 18 18

 11 19 4

 11 4 12

 19 20 19

 19 19 11

 20 19 24

 20 24 19

 1 11 15

 1 15 15

 23 20 11

 23 11 1

 20 19 11

 20 11 11

 11 12 13

 11 13 10

 20 23 12

 20 12 11

 23 23 1

 23 1 12

 6 25 13

 6 13 76

 0 20 25

 0 25 6

 20 20 11

 20 11 25

 19 4 1

 19 1 18

 23 11 4

 23 4 19

 11 26 13

 11 13 4

 23 23 20

 23 20 23

 23 23 23

 23 23 23

 23 23 19

 23 19 23

 19 18 18

 19 18 23

 23 23 18

 23 18 19

 23 23 23

 23 23 18

 22 18 18

 22 18 23

 23 18 18

 23 18 22

 18 23 19

 18 19 18

 20 24 24

 20 24 9

 24 19 24

 24 24 20

 19 23 22

 19 22 24

 14 4 17

 14 17 13

 23 19 4

 23 4 14

 19 24 20

 19 20 4

 6 0 13

 6 13 73

 6 24 0

 6 0 6

 24 23 14

 24 14 0

 1 9 6

 1 6 0

 18 11 9

 18 9 1

 11 13 13

 11 13 9

 14 19 1

 14 1 22

 22 24 19

 22 19 14

 24 18 1

 24 1 19

 23 22 24

 23 24 18

 19 20 22

 19 22 23

 20 22 14

 20 14 22

 23 23 24

 23 24 18

 23 23 23

 23 23 23

 23 19 23

 23 23 23

 19 18 23

 19 23 18

 18 18 18

 18 18 19

 18 23 23

 18 23 18

 20 23 23

 20 23 22

 18 23 23

 18 23 20

 23 18 19

 23 19 23

 4 18 11

 4 11 0

 18 23 18

 18 18 4

 23 18 20

 23 20 18

 17 9 6

 17 6 10

 12 4 9

 12 9 17

 4 18 4

 4 4 9

 19 12 11

 19 11 20

 18 1 12

 18 12 19

 1 2 2

 1 2 12

 19 18 19

 19 19 20

 23 20 18

 23 18 19

 20 18 19

 20 19 18

 11 18 11

 11 11 3

 23 18 18

 23 18 11

 18 23 19

 18 19 18

 4 1 13

 4 13 17

 23 18 1

 23 1 4

 18 23 11

 18 11 1

 13 0 2

 13 2 57

 9 24 0

 9 0 13

 24 23 4

 24 4 0

 12 0 2

 12 2 2

 22 1 0

 22 0 12

 1 0 15

 1 15 0

 12 14 7

 12 7 13

 18 24 14

 18 14 12

 24 22 12

 24 12 14

 12 14 5

 12 5 6

 18 24 14

 18 14 12

 24 18 12

 24 12 14

 12 4 7

 12 7 13

 18 23 4

 18 4 12

 23 18 12

 23 12 4

 3 11 2

 3 2 7

 22 23 11

 22 11 3

 23 18 12

 23 12 11

 15 9 10

 15 10 21

 0 11 9

 0 9 15

 11 22 3

 11 3 9

 4 6 2

 4 2 5

 20 11 6

 20 6 4

 11 21 7

 11 7 6

 1 3 5

 1 5 2

 20 19 3

 20 3 1

 19 20 4

 19 4 3

 13 0 2

 13 2 57

 3 11 0

 3 0 13

 11 20 1

 11 1 0

 2 9 5

 2 5 76

 9 9 2

 9 2 5

 9 7 73

 9 73 2

 6 11 9

 6 9 2

 11 14 9

 11 9 9

 14 0 7

 14 7 9

 6 11 11

 6 11 6

 11 14 14

 11 14 11

 14 4 0

 14 0 14

 15 3 11

 15 11 6

 3 23 14

 3 14 11

 23 12 4

 23 4 14

 12 3 13

 12 13 4

 10 3 3

 10 3 15

 3 1 23

 3 23 3

 1 23 12

 1 12 23

 23 3 3

 23 3 12

 3 17 21

 3 21 3

 15 3 1

 15 1 3

 3 1 23

 3 23 1

 1 14 3

 1 3 23

 14 0 17

 14 17 3

 17 11 1

 17 1 3

 11 1 14

 11 14 1

 1 4 0

 1 0 14

 29 14 1

 29 1 11

 14 1 4

 14 4 1

 1 3 17

 1 17 4

 17 12 14

 17 14 29

 12 23 1

 12 1 14

 23 3 3

 23 3 1

 3 15 10

 3 10 3

 3 6 5

 3 5 21

 6 9 26

 6 26 5

 10 1 12

 10 12 17

 1 24 23

 1 23 12

 24 11 3

 24 3 23

 11 6 15

 11 15 3

 11 12 3

 11 3 2

 12 23 6

 12 6 3

 23 6 9

 23 9 6

 6 7 26

 6 26 9

 9 14 24

 9 24 1

 14 14 11

 14 11 24

 14 9 6

 14 6 11

 9 12 17

 9 17 2

 12 14 11

 12 11 17

 14 14 12

 14 12 11

 14 12 23

 14 23 12

 12 9 6

 12 6 23

 9 26 7

 9 7 6

 25 11 14

 25 14 9

 11 24 14

 11 14 14

 24 20 9

 24 9 14

 14 1 9

 14 9 17

 1 23 12

 1 12 9

 23 1 14

 23 14 12

 1 11 14

 1 14 14

 11 6 12

 11 12 14

 6 5 9

 6 9 12

 6 11 11

 6 11 25

 11 23 24

 11 24 11

 23 24 20

 23 20 24

 24 24 14

 24 14 20

 24 23 1

 24 1 14

 23 14 23

 23 23 1

 14 11 1

 14 1 23

 11 7 11

 11 11 1

 3 14 11

 3 11 6

 14 23 23

 14 23 11

 23 23 24

 23 24 23

 23 23 24

 23 24 24

 23 23 23

 23 23 24

 23 3 14

 23 14 23

 3 6 11

 3 11 14

 12 24 14

 12 14 3

 24 23 23

 24 23 14

 23 24 23

 23 23 23

 24 14 23

 24 23 23

 14 3 23

 14 23 23

 3 0 3

 3 3 23

 0 26 6

 0 6 3

 15 12 12

 15 12 10

 12 23 24

 12 24 12

 23 24 23

 23 23 24

 24 20 24

 24 24 23

 20 25 14

 20 14 24

 25 15 3

 25 3 14

 15 21 0

 15 0 3

 15 11 12

 15 12 15

 11 23 23

 11 23 12

 23 14 24

 23 24 23

 14 25 20

 14 20 24

 17 3 11

 17 11 15

 3 23 23

 3 23 11

 23 3 14

 23 14 23

 3 6 25

 3 25 14

 57 9 3

 57 3 17

 9 6 23

 9 23 3

 6 0 3

 6 3 23

 0 21 6

 0 6 3

 21 10 6

 21 6 9

 10 10 0

 10 0 6

 5 9 5

 5 5 76

 9 3 7

 9 7 5

 3 0 26

 3 26 7

 13 12 9

 13 9 5

 12 23 3

 12 3 9

 23 3 0

 23 0 3

 3 15 10

 3 10 0

 10 1 12

 10 12 13

 1 24 23

 1 23 12

 24 11 3

 24 3 23

 11 17 15

 11 15 3

 15 9 10

 15 10 16

 9 9 2

 9 2 10

 9 10 76

 9 76 2

 11 14 24

 11 24 1

 14 11 11

 14 11 24

 11 25 17

 11 17 11

 1 14 9

 1 9 15

 14 3 9

 14 9 9

 3 15 10

 3 10 9

 3 24 14

 3 14 11

 24 12 11

 24 11 14

 12 13 25

 12 25 11

 13 12 1

 13 1 26

 12 14 14

 12 14 1

 14 4 3

 14 3 14

 4 28 15

 4 15 3

 13 12 3

 13 3 2

 12 24 24

 12 24 3

 24 1 12

 24 12 24

 1 10 13

 1 13 12

 7 9 12

 7 12 13

 9 9 14

 9 14 12

 9 13 4

 9 4 14

 6 11 12

 6 12 13

 11 14 24

 11 24 12

 14 9 1

 14 1 24

 47 5 9

 47 9 7

 5 2 9

 5 9 9

 2 16 13

 2 13 9

 25 11 11

 25 11 6

 11 11 14

 11 14 11

 11 25 9

 11 9 14

 25 11 11

 25 11 25

 11 11 11

 11 11 11

 11 25 25

 11 25 11

 25 11 11

 25 11 25

 11 11 11

 11 11 11

 11 25 25

 11 25 11

 12 3 13

 12 13 21

 3 9 5

 3 5 13

 9 5 47

 9 47 5

 25 11 11

 25 11 25

 11 11 11

 11 11 11

 11 6 25

 11 25 11

 9 3 6

 9 6 26

 3 14 12

 3 12 6

 14 24 3

 14 3 12

 24 9 9

 24 9 3

 9 2 5

 9 5 9

 6 11 11

 6 11 25

 11 14 11

 11 11 11

 14 9 6

 14 6 11

 29 3 9

 29 9 28

 3 23 3

 3 3 9

 23 24 14

 23 14 3

 24 14 24

 24 24 14

 14 17 9

 14 9 24

 17 76 2

 17 2 9

 6 0 7

 6 7 76

 0 14 7

 0 7 7

 14 15 16

 14 16 7

 9 4 11

 9 11 6

 4 14 14

 4 14 11

 14 4 9

 14 9 14

 12 14 3

 12 3 29

 14 23 23

 14 23 3

 23 24 24

 23 24 23

 24 20 14

 24 14 24

 6 14 0

 6 0 6

 14 13 14

 14 14 0

 13 20 15

 13 15 14

 2 9 5

 2 5 76

 9 11 17

 9 17 5

 11 11 17

 11 17 17

 11 3 13

 11 13 17

 3 1 21

 3 21 13

 6 4 4

 6 4 9

 4 20 14

 4 14 4

 20 12 4

 20 4 14

 12 29 21

 12 21 4

 17 12 12

 17 12 5

 12 23 14

 12 14 12

 23 23 23

 23 23 14

 23 23 24

 23 24 23

 23 4 20

 23 20 24

 4 24 13

 4 13 20

 9 25 76

 9 76 57

 12 5 14

 12 14 6

 5 12 13

 5 13 14

 12 13 20

 12 20 13

 13 33 25

 13 25 20

 33 2 0

 33 0 25

 2 25 73

 2 73 0

 6 11 9

 6 9 2

 11 23 11

 11 11 9

 23 24 11

 23 11 11

 24 24 3

 24 3 11

 24 14 1

 24 1 3

 14 4 12

 14 12 1

 4 14 6

 4 6 12

 18 11 20

 18 20 4

 11 14 12

 11 12 20

 14 12 29

 14 29 12

 4 14 12

 4 12 17

 14 23 23

 14 23 12

 23 23 23

 23 23 23

 23 23 23

 23 23 23

 23 23 4

 23 4 23

 23 24 24

 23 24 4

 24 24 9

 24 9 24

 24 12 25

 24 25 9

 12 1 13

 12 13 25

 17 9 5

 17 5 12

 9 6 12

 9 12 5

 6 27 13

 6 13 12

 27 3 33

 27 33 13

 3 3 2

 3 2 33

 3 28 25

 3 25 2

 0 3 13

 0 13 21

 3 11 15

 3 15 13

 11 12 13

 11 13 15

 12 12 10

 12 10 13

 6 11 11

 6 11 6

 11 24 23

 11 23 11

 24 23 24

 24 24 23

 23 23 24

 23 24 24

 23 24 14

 23 14 24

 24 23 4

 24 4 14

 23 11 14

 23 14 4

 11 11 18

 11 18 14

 11 20 11

 11 11 18

 20 24 14

 20 14 11

 24 12 12

 24 12 14

 12 6 26

 12 26 12

 15 12 4

 15 4 26

 12 23 14

 12 14 4

 23 23 23

 23 23 14

 23 23 23

 23 23 23

 23 23 23

 23 23 23

 23 23 23

 23 23 23

 23 23 24

 23 24 23

 23 23 24

 23 24 24

 23 23 12

 23 12 24

 23 14 1

 23 1 12

 14 3 6

 14 6 1

 3 3 26

 3 26 6

 7 0 9

 7 9 17

 0 14 6

 0 6 9

 14 11 27

 14 27 6

 11 20 3

 11 3 27

 20 7 3

 20 3 3

 7 15 28

 7 28 3

 13 3 0

 13 0 26

 3 23 3

 3 3 0

 23 24 11

 23 11 3

 24 24 12

 24 12 11

 24 14 12

 24 12 12

 14 3 6

 14 6 12

 3 9 26

 3 26 6

 9 14 11

 9 11 6

 14 14 24

 14 24 11

 14 0 23

 14 23 24

 0 14 24

 0 24 23

 14 23 23

 14 23 24

 23 14 11

 23 11 23

 14 1 11

 14 11 11

 1 14 24

 1 24 20

 14 14 12

 14 12 24

 14 12 6

 14 6 12

 15 11 12

 15 12 15

 11 23 23

 11 23 12

 23 23 23

 23 23 23

 23 23 23

 23 23 23

 23 23 23

 23 23 23

 23 23 23

 23 23 23

 23 23 23

 23 23 23

 23 23 23

 23 23 23

 23 23 23

 23 23 23

 23 23 14

 23 14 23

 23 23 3

 23 3 14

 23 12 3

 23 3 3

 12 11 2

 12 2 3

 26 15 14

 26 14 0

 15 6 11

 15 11 14

 6 13 20

 6 20 11

 13 10 7

 13 7 20

 6 11 3

 6 3 13

 11 24 23

 11 23 3

 24 23 24

 24 24 23

 23 14 24

 23 24 24

 14 1 14

 14 14 24

 1 23 3

 1 3 14

 23 3 9

 23 9 3

 3 25 28

 3 28 9

 4 14 14

 4 14 9

 14 11 14

 14 14 14

 11 6 0

 11 0 14

 6 11 14

 6 14 0

 11 23 23

 11 23 14

 23 24 14

 23 14 23

 24 20 1

 24 1 14

 20 24 14

 20 14 1

 24 23 14

 24 14 14

 23 12 12

 23 12 14

 12 13 10

 12 10 12

 13 3 11

 13 11 15

 3 23 23

 3 23 11

 23 23 23

 23 23 23

 23 23 23

 23 23 23

 23 23 23

 23 23 23

 23 23 23

 23 23 23

 23 23 23

 23 23 23

 23 23 23

 23 23 23

 23 23 23

 23 23 23

 23 23 23

 23 23 23

 23 23 23

 23 23 23

 23 23 12

 23 12 23

 23 14 11

 23 11 12

 14 12 6

 14 6 11

 12 0 10

 12 10 6

 25 11 11

 25 11 6

 11 14 24

 11 24 11

 14 0 23

 14 23 24

 13 11 1

 13 1 14

 11 14 23

 11 23 1

 14 24 3

 14 3 23

 24 20 25

 24 25 3

 14 1 4

 14 4 13

 1 23 14

 1 14 4

 23 3 11

 23 11 14

 3 13 6

 3 6 11

 7 9 11

 7 11 6

 9 14 23

 9 23 11

 14 23 24

 14 24 23

 23 24 20

 23 20 24

 24 24 20

 24 20 20

 24 23 24

 24 24 20

 23 23 23

 23 23 24

 23 11 12

 23 12 23

 11 15 13

 11 13 12

 21 0 3

 21 3 13

 0 3 23

 0 23 3

 3 14 23

 3 23 23

 14 24 23

 14 23 23

 24 23 23

 24 23 23

 23 23 23

 23 23 23

 23 23 23

 23 23 23

 23 23 23

 23 23 23

 23 23 23

 23 23 23

 23 23 23

 23 23 23

 23 23 23

 23 23 23

 23 23 23

 23 23 23

 23 23 14

 23 14 23

 23 23 12

 23 12 14

 23 6 0

 23 0 12

 6 2 28

 6 28 0

 6 11 11

 6 11 25

 11 11 14

 11 14 11

 11 25 0

 11 0 14

 25 14 14

 25 14 11

 14 23 24

 14 24 14

 23 24 20

 23 20 24

 24 24 14

 24 14 20

 24 14 1

 24 1 14

 14 3 23

 14 23 1

 3 0 3

 3 3 23

 0 21 13

 0 13 3

 76 15 9

 76 9 7

 15 12 14

 15 14 9

 12 3 23

 12 23 14

 3 11 24

 3 24 23

 11 11 24

 11 24 24

 11 11 23

 11 23 24

 11 11 23

 11 23 23

 11 0 11

 11 11 23

 0 7 15

 0 15 11

 26 7 3

 26 3 0

 7 0 14

 7 14 3

 0 20 24

 0 24 14

 20 24 23

 20 23 24

 24 23 23

 24 23 23

 23 23 23

 23 23 23

 23 23 23

 23 23 23

 23 23 23

 23 23 23

 23 23 23

 23 23 23

 23 23 23

 23 23 23

 23 23 23

 23 23 23

 23 23 23

 23 23 23

 23 14 23

 23 23 23

 14 1 6

 14 6 23

 1 28 2

 1 2 6

 9 14 11

 9 11 6

 14 11 11

 14 11 11

 11 25 25

 11 25 11

 13 0 14

 13 14 25

 0 11 23

 0 23 14

 11 11 24

 11 24 23

 11 3 24

 11 24 24

 3 12 14

 3 14 24

 12 6 3

 12 3 14

 6 26 0

 6 0 3

 21 13 3

 21 3 12

 13 17 11

 13 11 3

 17 17 11

 17 11 11

 17 17 11

 17 11 11

 17 17 11

 17 11 11

 17 5 0

 17 0 11

 5 77 7

 5 7 0

 14 24 24

 14 24 20

 24 23 23

 24 23 24

 23 24 23

 23 23 23

 24 24 23

 24 23 23

 24 23 23

 24 23 23

 23 23 23

 23 23 23

 23 23 23

 23 23 23

 23 23 23

 23 23 23

 23 23 23

 23 23 23

 23 14 14

 23 14 23

 14 0 1

 14 1 14

 4 14 14

 4 14 9

 14 11 11

 14 11 14

 11 17 25

 11 25 11

 77 5 0

 77 0 13

 5 17 11

 5 11 0

 17 17 11

 17 11 11

 17 13 3

 17 3 11

 13 21 12

 13 12 3

 1 1 14

 1 14 13

 1 23 24

 1 24 14

 23 1 23

 23 23 24

 1 14 24

 1 24 23

 14 14 24

 14 24 24

 14 1 23

 14 23 24

 1 23 23

 1 23 23

 23 23 23

 23 23 23

 23 23 23

 23 23 23

 23 23 23

 23 23 23

 23 11 14

 23 14 23

 11 25 0

 11 0 14

 26 15 5

 26 5 43

 15 11 17

 15 17 5

 11 11 17

 11 17 17

 11 3 13

 11 13 17

 3 1 21

 3 21 13

 4 1 4

 4 4 13

 1 23 14

 1 14 4

 23 3 11

 23 11 14

 3 13 17

 3 17 11

 13 9 6

 13 6 47

 9 14 1

 9 1 6

 14 23 1

 14 1 1

 23 12 23

 23 23 1

 12 3 1

 12 1 23

 3 13 14

 3 14 1

 13 11 1

 13 1 14

 11 14 23

 11 23 1

 14 23 23

 14 23 23

 23 23 23

 23 23 23

 23 23 23

 23 23 23

 23 11 11

 23 11 23

 11 17 25

 11 25 11

 57 0 15

 57 15 26

 0 9 11

 0 11 15

 9 14 11

 9 11 11

 14 14 3

 14 3 11

 14 14 1

 14 1 3

 14 14 9

 14 9 1

 14 11 6

 14 6 9

 11 11 25

 11 25 6

 11 11 25

 11 25 25

 11 11 6

 11 6 25

 11 14 9

 11 9 6

 14 14 4

 14 4 9

 14 23 1

 14 1 4

 23 12 23

 23 23 1

 12 9 3

 12 3 23

 9 21 13

 9 13 3

 15 11 9

 15 9 13

 11 23 14

 11 14 9

 23 14 23

 23 23 14

 14 1 12

 14 12 23

 1 13 3

 1 3 12

 0 14 14

 0 14 11

 14 23 23

 14 23 14

 23 23 23

 23 23 23

 23 23 23

 23 23 23

 23 3 11

 23 11 23

 3 13 17

 3 17 11

 28 13 9

 28 9 0

 13 0 14

 13 14 9

 0 1 14

 0 14 14

 1 3 14

 1 14 14

 3 11 14

 3 14 14

 11 11 11

 11 11 14

 11 11 11

 11 11 11

 11 11 11

 11 11 11

 11 11 11

 11 11 11

 11 11 14

 11 14 11

 11 11 14

 11 14 14

 11 3 23

 11 23 14

 3 9 12

 3 12 23

 9 13 9

 9 9 12

 7 0 11

 7 11 15

 0 11 23

 0 23 11

 11 9 14

 11 14 23

 9 15 1

 9 1 14

 6 11 14

 6 14 0

 11 23 23

 11 23 14

 23 23 23

 23 23 23

 23 12 23

 23 23 23

 12 9 3

 12 3 23

 9 21 13

 9 13 3

 21 13 3

 21 3 1

 13 17 11

 13 11 3

 17 17 11

 17 11 11

 17 17 11

 17 11 11

 17 17 11

 17 11 11

 17 17 11

 17 11 11

 17 17 11

 17 11 11

 17 17 11

 17 11 11

 17 13 3

 17 3 11

 13 28 9

 13 9 3

 77 5 0

 77 0 7

 5 15 11

 5 11 0

 15 5 9

 15 9 11

 5 76 15

 5 15 9

 13 3 11

 13 11 6

 3 23 23

 3 23 11

 23 14 23

 23 23 23

 14 1 12

 14 12 23

 1 13 9

 1 9 12

 21 0 3

 21 3 13

 0 9 23

 0 23 3

 9 9 14

 9 14 23

 9 15 1

 9 1 14

 28 7 9

 28 9 0

 7 5 9

 7 9 9

 5 76 15

 5 15 9

 23 23 23

 23 23 18

 18 23 23

 18 23 23

 23 23 23

 23 23 23

 23 23 23

 23 23 23

 23 23 23

 23 23 23

 23 23 23

 23 23 23

 23 23 23

 23 23 23

 23 23 18

 23 18 23

 23 18 14

 23 14 24

 24 14 9

 24 9 9

 23 9 9

 23 9 1

 16 60 42

 16 42 44

 57 38 42

 57 42 44

 44 42 60

 44 60 16

 7 10 60

 7 60 16

 38 42 60

 38 60 10

 42 38 10

 42 10 60

 38 38 10

 38 10 10

 16 60 10

 16 10 7

 10 7 38

 10 38 42

 44 42 38

 44 38 57

 57 38 38

 57 38 57

 38 42 42

 38 42 38

 10 10 42

 10 42 42

 7 10 42

 7 42 38

 57 42 42

 57 42 57

 42 60 57

 44 60 42

 42 58 16

 7 16 3

 38 3 9

 7 38 4

 16 4 3

 44 16 42

 44 42 42

 57 42 42

 16 7 4

 0 0 79

 0 79 79

 29 13 79

 29 79 79

 20 11 79

 20 79 79

 1 9 79

 1 79 79

 25 17 79

 25 79 79

 0 12 79

 0 79 79

 11 11 79

 11 79 79

 12 11 79

 12 79 79

 5 13 11

 5 11 12

 13 13 11

 13 11 11

 17 0 79

 17 79 79

 8 7 0

 8 0 17

 7 5 12

 7 12 0

 9 25 79

 9 79 79

 5 5 25

 5 25 9

 5 8 17

 5 17 25

 0 1 79

 0 79 79

 5 10 1

 5 1 0

 10 5 9

 10 9 1

 30 20 79

 30 79 79

 9 6 20

 9 20 30

 6 13 11

 6 11 20

 11 29 79

 11 79 79

 13 10 29

 13 29 11

 10 43 13

 10 13 29

 13 0 79

 13 79 79

 43 26 0

 43 0 13

 26 5 0

 26 0 0

