vectors:

 0.078085 -1.084123 0.196200

 0.104855 -1.070517 0.186820

 -0.079248 -1.084123 0.196200

 -0.106018 -1.070517 0.186820

 -0.001442 1.208161 -1.186919

 0.823106 0.096544 0.550010

 -0.001442 -1.246577 0.188498

 0.090887 -1.112362 0.195022

 -0.092048 -1.112362 0.195022

 -0.001442 -0.137397 -1.342338

 -0.824421 0.096451 0.549794

 0.525458 1.089535 -0.746799

 -0.526274 1.089297 -0.746634

 -0.001442 0.823298 -0.248447

 -0.001442 0.277007 1.891244

 0.551048 -0.773266 0.760806

 -0.554267 -0.772271 0.761424

 0.880000 0.187953 0.656480

 -0.881569 0.188000 0.656443

 -0.001442 -1.095559 0.070743

 0.609644 0.266298 -0.815835

 -0.611289 0.266166 -0.815669

 -0.001442 -0.196835 1.895732

 -0.001442 -0.446334 -0.662769

 0.588461 0.023520 -0.458475

 -0.590132 0.023195 -0.458375

 -0.001442 0.934831 0.132777

 0.839375 0.094019 -1.270956

 -0.840461 0.093985 -1.270892

 2.186973 0.651393 -1.370494

 -2.188211 0.651531 -1.370557

 0.674546 -0.486320 0.279401

 -0.677776 -0.485634 0.280499

 -0.001442 -1.054596 0.629038

 0.375967 -0.959412 0.861765

 -0.377230 -0.959433 0.861749

 0.404638 -0.810876 -0.087683

 -0.406813 -0.811661 -0.088312

 0.451549 -0.374887 -0.448974

 -0.452880 -0.374950 -0.449081

 0.346327 -0.346867 1.741037

 -0.347404 -0.347456 1.740976

 -0.001442 -0.863941 -0.638270

 0.638563 0.535937 1.446054

 -0.639798 0.535945 1.446156

 0.445340 -0.789937 0.239955

 -0.446970 -0.790547 0.239756

 0.449374 0.716596 -0.093460

 -0.450777 0.716801 -0.093412

 0.295804 -0.853593 0.370708

 -0.297014 -0.853735 0.370773

 2.157839 0.166651 -1.398681

 -2.159039 0.166587 -1.398492

 0.535866 0.762041 0.108293

 -0.537158 0.762291 0.108290

 2.199227 0.796797 -1.595465

 -2.200415 0.796825 -1.595453

 0.618754 0.165269 -0.035678

 -0.620848 0.165347 -0.036543

 -0.001442 -0.837434 1.541800

 0.597076 0.970973 -0.665424

 -0.598324 0.971056 -0.665246

 0.532314 -0.640868 1.215879

 -0.533279 -0.641193 1.216164

 -0.001442 -1.038221 -0.271324

 0.554314 -0.067499 -0.256861

 -0.556141 -0.067453 -0.256274

 0.257381 -0.862943 -0.219977

 -0.259657 -0.863878 -0.220987

 0.658956 0.791042 0.966251

 -0.660249 0.791196 0.965867

 1.587688 0.042950 -1.503182

 -1.588946 0.042915 -1.503126

 0.221194 -0.975666 -0.036661

 -0.226833 -0.973831 -0.038918

 0.734163 0.613232 1.133942

 -0.735368 0.613230 1.134181

 0.523253 1.148996 -0.825270

 -0.524565 1.149117 -0.825341

 -0.001442 -1.116371 -0.110369

 0.838777 0.799399 -0.725203

 -0.840062 0.799357 -0.724673

 0.659577 -0.325325 0.019817

 -0.662577 -0.325803 0.021607

 1.228691 0.625773 -0.914965

 -1.229980 0.625724 -0.914769

 0.831086 0.072547 1.178792

 -0.832443 0.072452 1.178964

 0.730029 0.012103 -1.331024

 -0.731235 0.012177 -1.330997

 0.166607 -0.969262 0.210234

 -0.167852 -0.969274 0.210118

 1.486222 1.057624 -1.236594

 -1.487653 1.057694 -1.236777

 0.875882 0.128845 0.632730

 -0.877419 0.129084 0.632482

 -0.001442 -0.182576 -1.075641

 0.179602 0.863218 -0.380882

 -0.180786 0.863199 -0.380803

 0.715894 -0.398755 1.067696

 -0.717179 -0.398992 1.068028

 1.839985 0.267494 -1.215287

 -1.841041 0.267425 -1.215217

 -0.001442 1.016076 0.600528

 0.519367 -0.587701 -0.334332

 -0.523011 -0.587631 -0.332567

 1.060140 1.366664 -1.694764

 -1.059999 1.366967 -1.694691

 0.670982 0.319784 -0.869621

 -0.672855 0.319821 -0.869421

 0.359869 -0.630279 -0.537386

 -0.361184 -0.630244 -0.537537

 0.359965 0.998289 -0.627878

 -0.361029 0.998280 -0.627715

 0.097396 -1.193146 0.287475

 -0.098711 -1.193543 0.286876

 0.551345 -0.606653 0.005468

 -0.553430 -0.607261 0.004476

 1.430434 0.168858 -1.293021

 -1.431474 0.168793 -1.293039

 -0.001442 -1.135411 0.490325

 0.802820 0.007996 0.197699

 -0.803782 0.007105 0.197160

 0.761226 0.534807 -0.765067

 -0.762611 0.534518 -0.764732

 2.045640 0.693900 -1.297708

 -2.046812 0.694003 -1.297687

 0.732371 -0.223751 0.350336

 -0.733757 -0.223668 0.350672

 0.415901 -0.158329 -1.101576

 -0.418445 -0.156972 -1.080570

 0.177293 0.185156 1.880990

 -0.178533 0.185111 1.880962

 0.846245 0.410525 0.545092

 -0.847758 0.410590 0.544826

 0.403558 -0.786256 1.293383

 -0.404487 -0.786773 1.293673

 0.307694 -0.189250 -0.655185

 -0.309463 -0.189016 -0.655235

 0.741713 0.609098 0.347063

 -0.743046 0.608819 0.346558

 0.531030 -0.085490 -0.537919

 -0.532411 -0.087692 -0.528280

 1.849016 0.029214 -1.480207

 -1.850302 0.029217 -1.480210

 0.530869 1.245904 -1.051793

 -0.532012 1.245867 -1.051780

 1.336866 0.473695 -1.045705

 -1.338252 0.473631 -1.045766

 0.692928 -0.411343 0.704554

 -0.695764 -0.409530 0.702186

 0.511526 0.827977 1.289439

 -0.512655 0.828027 1.289617

 0.156361 -1.000118 0.125018

 -0.157651 -1.000202 0.124918

 0.536925 -0.744119 0.297773

 -0.538479 -0.744350 0.297584

 0.273513 -0.708778 1.575272

 -0.274751 -0.708709 1.575340

 -0.001442 1.320994 -1.639794

 0.790156 -0.172265 0.435372

 -0.791624 -0.172466 0.435442

 -0.001442 -0.240395 -1.518642

 0.537541 0.585576 -0.512507

 -0.538910 0.585627 -0.512195

 1.700297 0.917190 -1.281795

 -1.701413 0.917156 -1.281600

 0.804242 -0.013567 0.403021

 -0.805491 -0.013647 0.403093

 0.272358 -0.823546 -0.512522

 -0.273221 -0.824722 -0.512812

 -0.001442 1.008580 -0.860936

 0.657365 0.400502 -0.754529

 -0.659015 0.400048 -0.754327

 -0.001442 -0.583467 1.820122

 0.505607 0.524531 -0.314829

 -0.507178 0.524766 -0.314938

 1.750292 0.435148 -1.180654

 -1.751637 0.435203 -1.180614

 0.468720 0.516059 1.665439

 -0.469872 0.515961 1.665559

 0.479332 -0.858342 0.729953

 -0.481584 -0.858066 0.729288

 1.391865 0.114145 -1.328447

 -1.393010 0.114106 -1.328409

 0.572077 0.268478 -0.105860

 -0.573763 0.268434 -0.106510

 0.106519 -0.898121 0.533952

 -0.110869 -0.891328 0.535173

 0.251686 0.906587 -0.467169

 -0.252832 0.906529 -0.466951

 -0.001442 -0.639639 -0.200349

 0.720435 0.743916 0.816698

 -0.721883 0.743872 0.816296

 0.385607 -0.128660 -1.276695

 -0.386876 -0.128650 -1.276699

 0.679867 -0.116428 0.032269

 -0.681294 -0.116102 0.032385

 0.281144 0.060922 1.842220

 -0.283130 0.061425 1.841910

 1.964792 0.200900 -1.284803

 -1.965976 0.200906 -1.284667

 0.355957 -0.907492 0.669547

 -0.357128 -0.907550 0.669544

 0.773116 0.626267 0.452522

 -0.774448 0.626282 0.452435

 0.064556 -1.182388 0.150250

 -0.066457 -1.181696 0.150075

 -0.001442 1.035197 0.912660

 0.733784 -0.389149 1.211662

 -0.735253 -0.389008 1.211711

 -0.001442 0.704959 1.705439

 0.600196 0.027717 -0.965092

 -0.595136 0.028491 -0.956503

 0.848888 1.182112 -0.956676

 -0.850061 1.182159 -0.956536

 0.471705 -0.759243 0.458086

 -0.472924 -0.759617 0.457821

 0.552568 -0.469034 -0.364726

 -0.554456 -0.470910 -0.364918

 0.137360 -0.997370 0.417990

 -0.139501 -0.997759 0.418583

 0.241137 -0.873229 -0.292631

 -0.244928 -0.872218 -0.292935

 1.073068 0.264054 -1.234328

 -1.074026 0.264024 -1.234262

 0.585343 0.042377 -0.282406

 -0.587228 0.041758 -0.282606

 0.622394 -0.633563 0.506980

 -0.624892 -0.633861 0.507024

 0.210923 -0.237569 -1.417601

 -0.212199 -0.237597 -1.417633

 0.607794 0.285441 -0.747676

 -0.609464 0.285162 -0.747555

 0.760875 0.033613 0.243160

 -0.762431 0.033638 0.242758

 0.598549 -0.361984 -0.289920

 -0.601172 -0.361731 -0.287962

 0.442859 0.902391 0.260172

 -0.444102 0.902520 0.260112

 -0.001442 -1.034929 0.877962

 0.667869 -0.133021 1.519695

 -0.669258 -0.132535 1.519725

 0.577003 -0.684694 0.156698

 -0.578874 -0.685157 0.156613

 -0.538105 -0.050482 -0.739779

 0.424614 0.897759 1.266533

 -0.425851 0.897865 1.266307

 0.851869 0.003473 0.261977

 -0.853389 0.003610 0.261977

 0.497025 -0.555707 1.512166

 -0.497920 -0.556055 1.512152

 0.696989 -0.253551 -1.632196

 -0.698149 -0.253551 -1.632196

 0.124937 -1.061711 0.146465

 -0.126087 -1.061671 0.146473

 -0.001442 -0.995355 -0.381553

 0.667706 -0.498305 1.143221

 -0.668946 -0.498392 1.143333

 0.666611 1.111171 -0.796204

 -0.667991 1.111598 -0.796393

 0.533962 0.648632 1.497252

 -0.535344 0.648459 1.497298

 0.388893 -0.641190 1.569578

 -0.390040 -0.641267 1.569660

 0.421336 0.797733 -0.313436

 -0.422599 0.798265 -0.313909

 0.287883 -0.852410 0.659084

 -0.289168 -0.852473 0.659109

 1.664120 0.330077 -1.192157

 -1.665128 0.330121 -1.192110

 0.118649 -0.881236 0.597348

 -0.119718 -0.881452 0.596691

 0.850498 0.052947 0.807226

 -0.851931 0.052770 0.807453

 0.408592 0.967300 0.995593

 -0.409774 0.967345 0.995533

 0.201384 -1.027116 0.736766

 -0.202562 -1.027173 0.736824

 2.100157 0.130084 -1.392322

 -2.101347 0.130058 -1.392211

 0.868626 0.229846 0.933700

 -0.870009 0.229812 0.933741

 0.450529 -0.176566 -0.968473

 0.362393 -0.690873 0.536914

 -0.363529 -0.690879 0.536916

 0.273755 0.971511 0.364457

 -0.275036 0.971529 0.364544

 0.180034 -0.944726 -0.464985

 -0.181403 -0.944774 -0.465200

 0.370688 -0.298097 -0.490324

 -0.372112 -0.297946 -0.490310

 0.097438 -1.070969 0.011035

 -0.098939 -1.071132 0.011358

 0.576811 0.698037 0.094136

 -0.578642 0.698561 0.095094

 -0.001442 0.955473 0.377576

 0.701405 -0.339880 0.341067

 -0.703748 -0.337801 0.340812

 -0.001442 -0.995493 1.065351

 0.790415 -0.058513 0.540851

 -0.791800 -0.058068 0.540846

 0.499688 -0.795386 0.618299

 -0.501565 -0.795437 0.618170

 1.142957 1.295236 -1.376870

 -1.144503 1.295205 -1.376776

 -0.001442 0.394543 1.863063

 0.572951 -0.111091 0.067672

 -0.574396 -0.110975 0.067721

 1.707112 1.006757 -1.398134

 -1.708387 1.006549 -1.397837

 -0.001442 -0.848588 1.391975

 0.764331 -0.243087 0.549998

 -0.765635 -0.243151 0.549936

 0.244933 -0.950031 -0.101395

 -0.250577 -0.948816 -0.104534

 0.652984 0.949257 -0.675984

 -0.654202 0.949343 -0.675711

 0.247141 1.092314 -0.984837

 -0.248246 1.092311 -0.985013

 -0.001442 0.878321 1.490666

 0.668931 -0.088554 0.093436

 -0.670179 -0.088724 0.093665

 0.661594 0.693532 0.222802

 -0.662929 0.693634 0.222603

 0.599935 -0.524040 1.406451

 -0.601098 -0.524137 1.406507

 0.626179 0.519780 0.081809

 -0.628197 0.520219 0.081996

 0.801398 0.689901 -0.711417

 -0.803060 0.689900 -0.711014

 -0.001442 -0.919290 -0.600400

 0.511302 -0.087690 -1.164312

 -0.532669 -0.074685 -1.190482

 0.388988 1.325495 -1.315437

 -0.389808 1.325690 -1.316192

 0.402122 -0.680289 -0.498863

 -0.402846 -0.681334 -0.499215

 0.655121 0.213452 -1.001735

 -0.656435 0.213143 -1.001788

 0.221151 0.849068 -0.180034

 -0.222540 0.849230 -0.180132

 0.629950 1.362981 -1.396650

 -0.631165 1.363145 -1.397381

 0.147767 -0.927991 -0.564488

 -0.148916 -0.927994 -0.564572

 2.332259 0.276191 -1.539977

 -2.333489 0.276160 -1.539937

 1.358207 0.891835 -0.982776

 -1.359181 0.891995 -0.982448

 1.274717 0.326851 -1.219391

 -1.276083 0.326861 -1.219444

 0.156072 -0.158185 -1.067156

 -0.157533 -0.158352 -1.066367

 0.319977 1.377595 -1.654761

 -0.320093 1.377343 -1.654663

 -0.001442 -0.688623 -0.221133

 0.569738 0.241304 -0.254157

 -0.571321 0.241509 -0.253956

 0.788166 -0.160057 1.255574

 -0.789624 -0.159968 1.255567

 0.165838 0.973124 -0.819102

 -0.167265 0.973437 -0.819727

 0.097971 -1.049084 0.496833

 -0.100409 -1.049760 0.496229

 0.639995 0.288117 1.590783

 -0.641342 0.288017 1.590743

 0.348917 -0.905101 1.092150

 -0.349841 -0.905671 1.092549

 0.379694 -0.801042 0.509880

 -0.381031 -0.801100 0.509876

 1.156676 -0.154791 -1.645138

 -1.157839 -0.154808 -1.645127

 0.158019 -0.785589 -0.165572

 -0.158865 -0.784491 -0.165680

 0.483421 0.820869 -0.453643

 -0.484812 0.821033 -0.453526

 0.708784 -0.422173 0.985094

 -0.710260 -0.422021 0.984782

 1.324983 1.302950 -1.634201

 -1.325836 1.303080 -1.633866

 0.591346 0.397866 -0.613410

 -0.593109 0.396975 -0.612687

 0.218538 -0.243124 1.854671

 -0.219665 -0.243089 1.854731

 2.245306 0.410738 -1.354631

 -2.247112 0.410585 -1.354334

 0.584442 0.875854 0.595164

 -0.585562 0.876164 0.595080

 -0.001442 -1.080458 0.015984

 0.593038 -0.058515 -1.299037

 -0.594245 -0.058524 -1.298931

 0.373203 0.712851 1.593978

 -0.374235 0.712722 1.594245

 0.903005 0.161737 0.423057

 -0.904190 0.161690 0.423117

 0.864002 1.318469 -1.299847

 -0.865283 1.318402 -1.299557

 0.216490 -1.010113 0.915920

 -0.216740 -1.010566 0.915345

 0.952560 1.240944 -1.123065

 -0.953791 1.241057 -1.122986

 0.453161 -0.534881 1.603673

 -0.454249 -0.535092 1.603666

 1.918320 0.958082 -1.522081

 -1.921533 0.956830 -1.521936

 0.266563 -0.207211 -0.727218

 -0.269884 -0.205260 -0.721214

 0.201795 0.522580 1.789780

 -0.202967 0.522162 1.789983

 0.767051 0.406683 0.254688

 -0.768683 0.406927 0.254304

 0.425922 -0.231360 -0.438037

 -0.427162 -0.231541 -0.438209

 0.426564 -0.727869 0.598916

 -0.427868 -0.727884 0.598942

 0.267533 -0.586642 1.726004

 -0.268703 -0.586700 1.726012

 0.127047 -0.821268 1.539629

 -0.128006 -0.821466 1.539418

 1.622083 1.189269 -1.709651

 -1.627032 1.187384 -1.709490

 0.855053 0.016036 0.551018

 -0.856319 0.016007 0.550976

 0.393535 -0.835426 0.069177

 -0.395456 -0.836139 0.069233

 1.816391 -0.014569 -1.652279

 -1.817551 -0.014571 -1.652279

 0.093946 -0.135227 -1.364272

 -0.095344 -0.135224 -1.364251

 0.799533 -0.055097 0.332083

 -0.800776 -0.055027 0.331963

 1.300436 0.828270 -0.931583

 -1.301463 0.828395 -0.931226

 0.443862 -0.153450 -0.639231

 -0.454217 -0.142924 -0.660940

 0.407250 0.951915 -0.567532

 -0.408460 0.951999 -0.567341

 0.107465 0.610119 1.770553

 -0.108430 0.610319 1.770447

 -0.001442 -0.793476 1.646966

 0.713105 0.039946 0.277562

 -0.711608 0.036310 0.274193

 0.572213 0.267272 -0.416437

 -0.573896 0.266773 -0.416440

 -0.001442 -0.684584 -0.090094

 0.801834 0.503581 1.026879

 -0.803100 0.503752 1.026891

 0.447697 -0.714222 -0.247835

 -0.450141 -0.714416 -0.248854

 0.799170 0.350634 1.156901

 -0.800632 0.349740 1.156848

 0.211534 1.251257 -1.284872

 -0.212593 1.251407 -1.285208

 2.262134 0.662616 -1.475571

 -2.263308 0.662696 -1.475509

 -0.001442 -1.015963 -0.130823

 0.214351 -0.772532 0.577845

 -0.215840 -0.772992 0.578200

 0.267677 -0.302020 -1.590733

 -0.268916 -0.301982 -1.590610

 0.095821 -0.539828 -0.654729

 -0.097053 -0.539707 -0.654738

 0.684867 -0.399457 1.306952

 -0.686210 -0.399462 1.306947

 0.723844 -0.177414 0.180341

 -0.725646 -0.177070 0.180321

 0.710906 0.232010 -1.055444

 -0.712323 0.231869 -1.055310

 0.842814 0.312732 0.669171

 -0.844302 0.312888 0.669147

 0.942152 1.368432 -1.463500

 -0.944477 1.368399 -1.463765

 2.340666 0.363824 -1.507419

 -2.341774 0.359810 -1.508287

 1.748440 0.644977 -1.177341

 -1.749716 0.644840 -1.177278

 0.569219 -0.180889 1.674851

 -0.570458 -0.180494 1.675012

 0.347452 0.958288 0.360922

 -0.348693 0.958346 0.360941

 0.829152 0.090842 0.342740

 -0.830593 0.090841 0.343360

 0.788095 -0.135756 1.305733

 -0.789379 -0.135764 1.305806

 0.646482 -0.077392 0.346114

 -0.648052 -0.077544 0.346324

 0.679470 0.182757 -1.052163

 -0.680794 0.182700 -1.051757

 0.620905 -0.154463 0.264139

 -0.622204 -0.154449 0.264032

 1.233121 1.161661 -1.178811

 -1.234325 1.161787 -1.178771

 1.199855 -0.083197 -1.555232

 -1.201034 -0.083288 -1.555273

 0.144292 0.899325 -0.579309

 -0.145427 0.899155 -0.578957

 0.098269 -1.112836 -0.068375

 -0.099407 -1.112919 -0.068340

 2.102694 0.036627 -1.619557

 -2.103861 0.036605 -1.619551

 0.517662 0.878582 1.166526

 -0.518834 0.878674 1.166502

 0.802507 0.053105 0.415282

 -0.803758 0.053089 0.415349

 0.260476 -0.946293 1.086730

 -0.262018 -0.945881 1.089936

 -0.001442 -1.073956 -0.177243

 -0.001442 -0.285706 -1.601792

 0.625306 -0.007279 -1.260616

 -0.627483 -0.007154 -1.261669

 1.545497 0.363745 -1.161257

 -1.546634 0.363760 -1.161256

 0.814870 -0.026303 0.222407

 -0.816177 -0.026452 0.222208

 0.852051 0.349289 0.754157

 -0.853453 0.349284 0.754301

 0.831029 0.374124 -0.974505

 -0.832317 0.373920 -0.974329

 0.764589 -0.072031 0.100021

 -0.765943 -0.072131 0.099799

 1.746953 0.148533 -1.304088

 -1.748120 0.148501 -1.304128

 0.681712 -0.500020 0.429467

 -0.684200 -0.501599 0.426744

 1.996128 0.349425 -1.244718

 -1.997261 0.349289 -1.244519

 0.768146 -0.145871 0.536485

 -0.769527 -0.145590 0.536642

 0.555632 0.521900 -0.075020

 -0.557294 0.522048 -0.075481

 0.177666 -0.837164 0.530227

 -0.179478 -0.836503 0.531047

 0.596384 -0.027534 0.111884

 -0.597780 -0.027142 0.111594

 0.669314 -0.094960 -1.356273

 -0.670515 -0.094976 -1.356239

 0.154864 -0.317189 -0.731458

 -0.156084 -0.317259 -0.731506

 0.331998 1.135895 -0.930896

 -0.333210 1.135852 -0.930921

 -0.001442 -1.178998 0.118483

 0.833344 0.127356 0.238468

 -0.834529 0.127066 0.238064

 -0.001442 0.805369 -0.340716

 0.504624 -0.674117 -0.014008

 -0.506778 -0.675126 -0.014498

 0.778604 -0.244166 0.657942

 -0.780051 -0.243934 0.658157

 0.369645 1.125160 -0.845287

 -0.371149 1.125537 -0.845994

 -0.001442 -0.629847 -0.116300

 0.245935 -0.724270 0.526955

 -0.246613 -0.724508 0.526886

 0.744193 0.849587 -0.679308

 -0.745574 0.849496 -0.678883

 0.948169 -0.125936 -1.464813

 -0.949598 -0.125932 -1.464776

 -0.461869 -0.140920 -0.998154

 0.679019 0.773214 -0.635228

 -0.680580 0.773263 -0.635031

 1.653619 1.145419 -1.581732

 -1.654915 1.145372 -1.581707

 0.153342 1.035000 1.051559

 -0.154549 1.035018 1.051535

 0.842168 0.061929 0.264189

 -0.843012 0.061282 0.262328

 0.348058 0.825010 -0.253850

 -0.349164 0.825116 -0.253836

 0.787404 -0.215028 0.959334

 -0.788760 -0.215258 0.959566

 -0.001442 1.005727 1.175065

 0.726896 0.713311 0.434410

 -0.728268 0.713409 0.434590

 0.813873 -0.070670 0.640753

 -0.815196 -0.070791 0.640631

 -0.001442 1.330721 -1.729103

 0.041413 -1.098746 0.008691

 -0.042472 -1.098912 0.008214

 1.183853 0.405908 -1.079717

 -1.184857 0.405786 -1.079798

 0.076894 -1.024325 0.731136

 -0.078145 -1.024361 0.731119

 0.272128 -0.762523 1.447570

 -0.273626 -0.762431 1.447319

 0.138312 -1.034043 -0.228068

 -0.141385 -1.032797 -0.228836

 0.088618 -1.123102 0.350459

 -0.090425 -1.123610 0.349126

 2.264734 0.257105 -1.436711

 -2.266401 0.256922 -1.436611

 0.191295 -0.913931 -0.149948

 -0.192525 -0.912163 -0.150116

 0.139783 -0.951183 0.666990

 -0.141740 -0.951532 0.667175

 0.631476 -0.099528 0.220019

 -0.631811 -0.100921 0.219475

 1.682393 -0.004924 -1.619665

 -1.683572 -0.004961 -1.619633

 0.573444 -0.264015 -1.586108

 -0.574561 -0.264013 -1.585838

 1.331439 0.983685 -1.031312

 -1.332409 0.983879 -1.031103

 0.462843 0.254062 1.736493

 -0.464068 0.254143 1.736527

 0.465249 -0.659066 1.384577

 -0.466508 -0.659152 1.384457

 -0.001442 -0.895787 1.311922

 0.652808 -0.052061 0.314119

 -0.657401 -0.051048 0.313338

 0.318323 -0.534150 1.695562

 -0.319523 -0.534133 1.695557

 0.109377 -0.185363 1.892628

 -0.110945 -0.185178 1.892620

 0.828241 -0.183419 1.077726

 -0.829646 -0.183486 1.077714

 0.795251 -0.236515 0.745250

 -0.796505 -0.236741 0.744958

 0.247269 -0.854849 0.615911

 -0.248612 -0.855039 0.615984

 0.502223 0.568174 -0.380991

 -0.503628 0.568222 -0.380949

 0.247348 -0.907574 0.328975

 -0.249097 -0.907986 0.329196

 0.618308 1.409611 -1.674788

 -0.631449 1.410039 -1.674461

 2.255947 0.122519 -1.577379

 -2.257153 0.122464 -1.577351

 0.536549 -0.107519 -0.939687

 0.629940 -0.360801 1.506534

 -0.631168 -0.360744 1.506561

 0.278726 -0.541311 -0.560180

 -0.280071 -0.540975 -0.560128

 1.573703 0.128326 -1.365821

 -1.574821 0.128273 -1.365849

 1.581095 0.772786 -1.085124

 -1.582217 0.772847 -1.084927

 -0.001442 0.914878 -0.017936

 -0.001442 -0.338294 -0.852456

 0.093481 -0.697427 -0.092747

 -0.094747 -0.697365 -0.092794

 0.347421 -0.942295 0.727373

 -0.349003 -0.942355 0.727408

 0.624966 0.432164 -0.691859

 -0.626525 0.431513 -0.691499

 0.594061 1.252932 -1.049623

 -0.595274 1.252907 -1.049545

 0.450817 -0.266290 -0.391301

 -0.451914 -0.266231 -0.391509

 -0.001442 -0.703354 1.759246

 0.685590 -0.210794 0.043116

 -0.686918 -0.211296 0.042945

 0.896473 0.159829 -1.237785

 -0.897690 0.159971 -1.237621

 0.669476 0.109964 0.156367

 -0.670708 0.110134 0.156005

 0.598994 -0.307002 1.545469

 -0.600077 -0.307332 1.545574

 1.971961 0.638217 -1.247422

 -1.973111 0.638249 -1.247346

 1.882493 -0.003246 -1.580972

 -1.883754 -0.003262 -1.580978

 0.155496 -0.254800 -0.874085

 -0.157140 -0.255565 -0.872830

 0.206943 0.967440 1.290267

 -0.208084 0.967729 1.289421

 0.821220 0.053538 1.280981

 -0.822501 0.053388 1.281022

 0.242481 -0.860724 1.329537

 -0.239066 -0.859063 1.335197

 0.795118 0.635451 0.657712

 -0.796450 0.635525 0.657731

 0.059800 0.833388 -0.503611

 -0.060950 0.833312 -0.503525

 1.492719 0.465872 -1.076684

 -1.493861 0.465971 -1.076543

 0.874485 -0.026013 0.526867

 -0.875739 -0.026054 0.526858

 0.718999 1.335787 -1.309890

 -0.720223 1.335787 -1.309918

 0.345547 0.803063 -0.103194

 -0.346811 0.802961 -0.103206

 0.562867 -0.200765 -1.405552

 -0.564114 -0.200745 -1.405467

 0.323088 -0.813330 1.346865

 -0.324161 -0.814392 1.345777

 0.412522 0.977821 0.619136

 -0.413838 0.977844 0.618890

 1.577231 0.878771 -1.134727

 -1.578340 0.878719 -1.134510

 0.580181 0.816651 -0.572652

 -0.581580 0.816795 -0.572441

 0.749929 0.278061 0.229700

 -0.751361 0.277887 0.229096

 0.304386 1.179434 -1.124866

 -0.305567 1.179296 -1.124597

 0.902440 0.107616 0.499086

 -0.903701 0.107630 0.499094

 0.847334 0.116377 0.226714

 -0.848481 0.115621 0.225637

 0.627452 0.117246 0.036373

 -0.629386 0.117510 0.036963

 0.087833 -1.033133 0.911638

 -0.088906 -1.033201 0.911573

 0.378165 -0.202583 -0.938711

 1.147228 0.968387 -0.922863

 -1.148778 0.968462 -0.922721

 0.162662 -1.093166 0.197733

 -0.164645 -1.090144 0.199438

 0.111938 -0.954026 -0.335492

 -0.112883 -0.954207 -0.335497

 0.598078 0.102336 -0.711557

 -0.599428 0.095346 -0.716259

 0.918508 0.676116 -0.784458

 -0.920095 0.676042 -0.784190

 0.867041 -0.028865 0.760615

 -0.868529 -0.028860 0.760825

 0.738509 0.132264 1.418320

 -0.739753 0.132007 1.418529

 0.684976 0.345271 0.121962

 -0.687554 0.344840 0.122260

 0.479657 0.944867 0.877223

 -0.480863 0.944904 0.877651

 0.253790 1.291077 -1.349303

 -0.254719 1.291210 -1.349746

 0.559899 -0.560081 -0.045032

 -0.562401 -0.560037 -0.044243

 0.638449 0.838486 0.784638

 -0.639959 0.838418 0.784150

 0.214342 -0.842571 -0.584255

 -0.215596 -0.842539 -0.584314

 0.259288 -0.186790 -1.140603

 -0.262003 -0.187432 -1.136208

 0.483910 0.647627 -0.158296

 -0.485431 0.647978 -0.158762

 0.243071 -0.931755 0.280064

 -0.244442 -0.932294 0.280422

 1.816157 1.084013 -1.697202

 -1.817336 1.084047 -1.697192

 -0.001442 -0.222842 -0.989497

 2.300543 0.624841 -1.538709

 -2.301702 0.624841 -1.538709

 0.352380 1.369051 -1.511685

 -0.353199 1.369018 -1.512305

 1.589112 0.209869 -1.272515

 -1.590316 0.209816 -1.272562

 0.945680 0.607771 -0.819845

 -0.947815 0.607712 -0.819871

 0.770096 -0.108463 0.421965

 -0.771351 -0.108503 0.421907

 1.597534 0.677503 -1.074114

 -1.598685 0.677557 -1.073902

 0.951951 1.163998 -0.977450

 -0.953455 1.164057 -0.977341

 0.567144 -0.237145 -1.468317

 -0.568634 -0.237139 -1.468282

 0.480468 -0.744871 0.544682

 -0.482016 -0.744772 0.544777

 0.577455 0.002913 -0.554920

 -0.579106 0.002173 -0.552882

 0.592316 0.825093 0.326291

 -0.593317 0.825410 0.325695

 0.851857 0.190798 0.765298

 -0.853403 0.190663 0.765423

 0.091642 -0.635691 1.794800

 -0.092999 -0.635685 1.794738

 1.623711 -0.042359 -1.663813

 -1.624873 -0.042372 -1.663805

 0.496073 -0.156708 -0.371245

 -0.497439 -0.156888 -0.371274

 0.890496 0.227514 0.566046

 -0.891930 0.227425 0.566023

 0.215363 0.829246 1.549218

 -0.216323 0.829368 1.549184

 0.239222 -0.714928 1.642672

 -0.240243 -0.715159 1.642541

 0.950050 0.268743 -1.192111

 -0.951447 0.268826 -1.192017

 0.751334 0.282058 1.340955

 -0.752510 0.282713 1.340987

 0.438584 0.771918 1.463450

 -0.439696 0.771761 1.463824

 0.638785 0.060837 1.628204

 -0.640092 0.060534 1.628128

 0.147645 -1.022926 0.289070

 -0.149232 -1.022914 0.288736

 2.281792 0.577392 -1.436115

 -2.283394 0.576974 -1.435983

 0.494410 -0.111944 -1.321901

 -0.495692 -0.111987 -1.321807

 0.703785 -0.381189 0.869174

 -0.705127 -0.381069 0.868961

 0.058568 -0.737131 -0.217611

 -0.059800 -0.737179 -0.217617

 0.217886 -0.192408 -1.344050

 -0.218984 -0.192346 -1.344155

 0.545655 0.413056 -0.243634

 -0.547491 0.413257 -0.243307

 0.311770 -0.881514 0.030118

 -0.313035 -0.881906 0.030289

 0.705179 -0.388743 0.479125

 -0.707361 -0.388072 0.478713

 0.191129 -0.849203 0.575922

 -0.193719 -0.849136 0.576605

 0.834237 -0.103414 0.506316

 -0.835594 -0.103351 0.506378

 0.695751 0.721136 1.043183

 -0.696757 0.721605 1.043063

 0.343088 -0.744277 0.508997

 -0.344209 -0.744288 0.508993

 2.272128 0.180626 -1.508920

 -2.273621 0.180536 -1.508995

 0.750371 0.018932 0.155237

 -0.751565 0.018746 0.155221

 0.506875 0.681016 -0.350540

 -0.508384 0.681236 -0.350499

 0.415615 -0.881993 0.975955

 -0.417345 -0.881895 0.975947

 1.544576 0.011434 -1.577676

 -1.545674 0.011413 -1.577614

 0.453133 -0.112567 -1.199994

 -0.460079 -0.111232 -1.195618

 -0.001442 -0.146415 -1.423087

 1.264958 0.696088 -0.909563

 -1.266209 0.696062 -0.909313

 0.717475 -0.321058 1.354064

 -0.718769 -0.320952 1.354082

 1.067736 1.224374 -1.179194

 -1.068958 1.224584 -1.179411

 0.515250 -0.257008 -0.334035

 -0.516749 -0.257113 -0.334142

 0.849340 0.455431 -0.887953

 -0.851184 0.455342 -0.887864

 0.401434 0.443216 1.735130

 -0.402777 0.443185 1.735079

 0.346703 0.913405 -0.478541

 -0.347887 0.913477 -0.478382

 0.509424 -0.166197 -0.201043

 -0.510741 -0.166225 -0.201120

 0.897868 0.911231 -0.781824

 -0.899393 0.911394 -0.781468

 0.348618 -0.937646 0.951744

 -0.350058 -0.937544 0.951975

 0.554343 -0.728235 0.231107

 -0.556235 -0.728546 0.231565

 0.705164 -0.238343 1.453000

 -0.706424 -0.238520 1.452984

 0.102726 -0.691906 -0.637428

 -0.103854 -0.692029 -0.637438

 1.847905 0.559343 -1.209994

 -1.849116 0.559194 -1.209921

 1.297357 1.315589 -1.708527

 -1.298531 1.315641 -1.708522

 0.796740 -0.273451 1.101833

 -0.798045 -0.273565 1.101872

 0.156560 -0.793795 -0.632261

 -0.157763 -0.793813 -0.632270

 0.556422 0.388274 -0.370333

 -0.558220 0.388528 -0.370044

 0.247113 -0.944580 0.703056

 -0.248713 -0.944730 0.703263

 0.789901 1.249588 -1.045808

 -0.791204 1.249834 -1.046323

 0.591708 0.666823 1.383838

 -0.592703 0.667472 1.383529

 0.275170 1.010679 0.594741

 -0.276237 1.010721 0.594874

 2.148577 0.108631 -1.457015

 -2.149765 0.108544 -1.456997

 0.523918 -0.060795 1.725475

 -0.525194 -0.060603 1.725512

 -0.001442 -0.973852 -0.511675

 0.302709 -0.836753 0.458985

 -0.303916 -0.836878 0.458987

 0.342317 -0.145899 1.799868

 -0.343702 -0.145625 1.799850

 0.110111 0.942168 1.377790

 -0.111364 0.942102 1.377916

 0.513702 -0.376097 -0.409571

 -0.514706 -0.375933 -0.410006

 0.599098 -0.592247 0.999161

 -0.600439 -0.592503 0.999646

 -0.001442 -1.127670 -0.069047

 0.066773 -1.057415 0.163579

 -0.067907 -1.057418 0.163547

 0.248093 -0.903216 0.662841

 -0.249820 -0.903198 0.662821

 2.076356 0.429572 -1.265534

 -2.077734 0.429666 -1.265323

 1.373700 1.198290 -1.366955

 -1.374321 1.198782 -1.367083

 0.062764 -1.036912 0.624426

 -0.064280 -1.036953 0.624204

 0.402129 0.866717 -0.426228

 -0.403406 0.866847 -0.426071

 0.687064 0.530279 1.346254

 -0.688246 0.530007 1.346793

 0.590391 0.226654 -0.670024

 -0.591997 0.226299 -0.670078

 0.606242 -0.432028 -0.179647

 -0.610153 -0.432453 -0.177898

 0.917883 0.152577 0.388683

 -0.919161 0.152564 0.388720

 0.559924 -0.090278 -0.145008

 -0.561664 -0.089896 -0.144787

 0.646920 -0.413625 0.157088

 -0.650025 -0.411978 0.159446

 0.699488 -0.060969 0.069509

 -0.700878 -0.060909 0.069498

 0.600168 0.102666 -0.366174

 -0.601994 0.102516 -0.365848

 0.597404 0.754794 -0.572410

 -0.598828 0.754881 -0.572154

 2.193475 0.346143 -1.335612

 -2.194817 0.345910 -1.335173

 0.508111 -0.214860 1.710352

 -0.509436 -0.214858 1.710329

 0.423643 -0.180336 -0.537793

 -0.424767 -0.180411 -0.538153

 0.114505 -1.189677 0.209304

 -0.114202 -1.193311 0.211159

 0.287495 -0.722360 0.588188

 -0.288569 -0.722292 0.588075

 0.599043 0.185976 1.668073

 -0.600122 0.186185 1.668247

 0.195751 -0.382587 -0.625847

 -0.196924 -0.382570 -0.625882

 0.452283 -0.806327 0.620628

 -0.453306 -0.806628 0.620741

 0.775907 0.333145 0.257066

 -0.777618 0.333183 0.256827

 -0.001442 -0.367510 -0.785558

 0.489654 0.707181 -0.316040

 -0.491160 0.707232 -0.315810

 1.108927 1.340181 -1.488057

 -1.109644 1.340294 -1.487863

 1.713408 0.566971 -1.148741

 -1.714691 0.566759 -1.148676

 0.787143 0.081249 0.416553

 -0.788265 0.081312 0.415821

 0.101157 0.773711 1.646993

 -0.102385 0.773802 1.646896

 0.692051 1.150803 -0.854279

 -0.693673 1.151311 -0.854389

 2.167678 0.750972 -1.444298

 -2.168968 0.750922 -1.444285

 0.138010 -0.255067 1.884373

 -0.139232 -0.255031 1.884375

 1.605339 1.095583 -1.424010

 -1.607115 1.095503 -1.424385

 0.308485 0.835662 -0.231051

 -0.309714 0.835828 -0.231381

 0.582987 -0.526494 -0.148816

 -0.586510 -0.525991 -0.151144

 0.435632 1.049719 -0.696198

 -0.437313 1.049864 -0.696388

 0.938782 1.387415 -1.569556

 -0.938967 1.387641 -1.569369

 0.543275 -0.725463 0.952311

 -0.545444 -0.723410 0.955603

 0.243454 -0.872715 -0.380733

 -0.245172 -0.872828 -0.380741

 0.661814 -0.477535 1.054349

 -0.663023 -0.477774 1.054585

 -0.001442 1.237882 -1.250289

 1.424063 0.054712 -1.444146

 -1.425265 0.054645 -1.444133

 -0.001442 -0.794257 -0.640457

 0.822054 -0.179048 1.155583

 -0.823496 -0.179047 1.155799

 -0.001442 0.926629 0.182668

 -0.001442 0.568003 1.793497

 0.265846 0.954467 0.251724

 -0.267376 0.954486 0.252031

 -0.001442 -1.047301 -0.154513

 1.615657 0.400950 -1.151398

 -1.616806 0.400931 -1.151364

 0.780279 -0.102680 0.573532

 -0.781594 -0.102637 0.573644

 -0.361181 -0.184036 -0.946037

 -0.001442 -0.987639 -0.325921

 -0.001442 -0.322357 -1.654999

 1.695633 0.838235 -1.212142

 -1.696783 0.838313 -1.212067

 0.814030 0.184600 0.435480

 -0.815197 0.185070 0.434543

 0.829263 0.507366 0.662851

 -0.830593 0.507484 0.662608

 0.877556 0.037074 0.355931

 -0.878952 0.037010 0.355879

 -0.001442 0.956902 1.330833

 1.775005 0.822813 -1.259783

 -1.776255 0.822758 -1.259717

 0.106804 -0.132030 -1.260277

 -0.107969 -0.131990 -1.260860

 0.773076 -0.067030 0.162282

 -0.774522 -0.066986 0.162314

 0.203197 -0.969161 -0.178532

 -0.206390 -0.969048 -0.178611

 1.923118 0.099468 -1.367846

 -1.924259 0.099400 -1.367848

 0.204727 -0.208826 -0.872123

 -0.204525 -0.208553 -0.874298

 -0.001442 0.135951 1.902816

 0.540524 -0.708261 0.566492

 -0.542469 -0.708680 0.566364

 1.783143 0.906299 -1.345858

 -1.784394 0.906039 -1.345541

 0.862679 0.245064 0.806837

 -0.864057 0.244920 0.806536

 0.452298 -0.714448 0.534935

 -0.453669 -0.714473 0.534978

 0.622291 0.026505 -1.191934

 -0.623469 0.026591 -1.190421

 0.581391 0.209371 -0.302414

 -0.582863 0.210336 -0.302595

 0.959257 1.118398 -0.928636

 -0.961091 1.118508 -0.928726

 0.488206 -0.754484 0.157758

 -0.490145 -0.755136 0.157912

 0.316228 -0.296714 1.790175

 -0.317378 -0.296683 1.790292

 0.843409 -0.111872 0.526198

 -0.844682 -0.111881 0.526219

 0.667691 -0.481571 0.628074

 -0.669609 -0.484822 0.628174

 -0.001442 -1.172863 0.379064

 0.192183 -0.841285 0.623200

 -0.193620 -0.841373 0.623104

 2.113611 0.574250 -1.290375

 -2.114953 0.574315 -1.290257

 0.513563 1.402615 -1.647470

 -0.517594 1.402988 -1.648145

 0.246290 -0.904214 0.079731

 -0.247588 -0.904258 0.079724

 0.925102 0.359659 -1.064640

 -0.926535 0.359570 -1.064666

 0.505311 0.907334 -0.573819

 -0.506673 0.907428 -0.573470

 -0.001442 -0.750481 -0.084305

 0.147429 0.843472 -0.321650

 -0.148590 0.843423 -0.321483

 0.180458 -0.773565 1.615314

 -0.181737 -0.773542 1.615323

 0.816734 -0.064456 0.490073

 -0.817989 -0.064491 0.490048

 1.959033 0.046740 -1.471206

 -1.960207 0.046658 -1.471264

 0.806704 0.024214 0.516592

 -0.808016 0.024097 0.516672

 0.408947 0.933623 1.187052

 -0.410018 0.933664 1.187228

 0.035684 -1.108101 0.118164

 -0.036972 -1.108390 0.118448

 0.175374 -0.295742 -0.790126

 -0.180452 -0.292437 -0.789811

 0.182049 0.862334 -0.129017

 -0.182303 0.862134 -0.130179

 0.381184 -0.549383 1.659998

 -0.382391 -0.549575 1.659956

 0.610812 -0.193270 -0.000163

 -0.612353 -0.193452 -0.000708

 0.728098 -0.150891 0.305287

 -0.729370 -0.150853 0.305326

 0.098223 -0.829017 1.408251

 -0.100166 -0.828726 1.409446

 1.420950 1.232825 -1.503209

 -1.421767 1.233007 -1.503084

 0.607947 0.636211 -0.606319

 -0.609413 0.636195 -0.606034

 0.439634 -0.927937 0.775580

 -0.440725 -0.928622 0.775695

 0.905173 0.033950 0.537004

 -0.906436 0.033874 0.537113

 0.414096 -0.730299 -0.367460

 -0.415781 -0.730623 -0.369509

 0.674799 0.678397 -0.642799

 -0.676437 0.678435 -0.642628

 1.110806 -0.006493 -1.360482

 -1.112241 -0.006466 -1.360442

 0.244707 1.148998 -1.096475

 -0.245818 1.148923 -1.096395

 0.502638 -0.405524 1.634960

 -0.503740 -0.405543 1.635097

 0.385982 0.638033 1.653909

 -0.387117 0.638246 1.653753

 0.552039 -0.232771 -0.241891

 -0.553675 -0.232677 -0.241735

 0.726198 -0.117662 0.383236

 -0.727492 -0.117745 0.383270

 0.499258 0.919056 1.045437

 -0.500542 0.919094 1.045196

 0.153943 -1.036693 -0.129291

 -0.154779 -1.038054 -0.128764

 -0.001442 0.878853 -0.658533

 0.317537 -0.861253 -0.159659

 -0.320722 -0.861030 -0.160830

 0.131806 0.999304 -0.894547

 -0.132870 0.999205 -0.894497

 0.644357 -0.177553 0.034666

 -0.645608 -0.177478 0.034579

 0.535053 0.823965 -0.526595

 -0.536611 0.824425 -0.526841

 0.893009 0.101726 0.426674

 -0.894239 0.101701 0.426547

 0.764538 0.670008 0.841814

 -0.765866 0.670134 0.841470

 0.297424 -0.291761 -0.573566

 -0.298658 -0.291751 -0.573631

 1.545990 0.555421 -1.055090

 -1.547189 0.555389 -1.054944

 0.519114 0.177186 1.722326

 -0.520272 0.177195 1.722408

 -0.001442 0.819981 -0.475109

 0.815345 -0.025812 1.283530

 -0.816616 -0.025993 1.283514

 0.763021 0.599665 -0.725054

 -0.764304 0.599419 -0.724584

 0.546417 0.442061 -0.161630

 -0.548150 0.442314 -0.161628

 0.804909 1.408970 -1.634825

 -0.807417 1.408840 -1.634724

 0.875244 -0.035677 0.557614

 -0.876443 -0.035704 0.557716

 0.825052 1.053459 -0.819052

 -0.825260 1.053547 -0.818078

 1.460392 0.323714 -1.198342

 -1.461511 0.323686 -1.198449

 0.879238 0.042318 0.468878

 -0.880520 0.042307 0.468852

 0.739856 -0.052168 0.250584

 -0.741486 -0.052110 0.250523

 0.419049 -0.831810 0.617249

 -0.420264 -0.831887 0.617339

 0.503546 -0.140382 -0.865510

 0.099900 -1.085291 -0.117717

 -0.101307 -1.085401 -0.117492

 0.486163 -0.126074 -0.625424

 -0.479664 -0.131130 -0.625440

 -0.001442 -1.234957 0.258797

 0.489190 -0.872011 0.791529

 -0.491573 -0.871763 0.791714

 0.627485 0.765270 0.241627

 -0.628825 0.765423 0.241577

 0.103783 -1.118212 0.175037

 -0.104886 -1.118002 0.175193

 0.634220 0.319020 -0.786014

 -0.635980 0.318904 -0.785731

 0.341304 -0.274269 -1.479287

 -0.342273 -0.274326 -1.479358

 0.119242 0.856313 1.540531

 -0.120261 0.856245 1.540671

 0.326892 -0.832490 -0.282291

 -0.329580 -0.832592 -0.281370

 0.454485 0.666417 1.574267

 -0.455537 0.666524 1.574353

 0.109044 -0.842180 -0.099687

 -0.110778 -0.841720 -0.099665

 0.119439 1.333692 -1.609100

 -0.119991 1.333533 -1.609035

 0.109480 -0.521003 1.832968

 -0.110831 -0.520860 1.832943

 1.724534 0.076076 -1.400325

 -1.725811 0.076041 -1.400387

 -0.001442 -0.557306 -0.663497

 0.882535 0.312788 0.509607

 -0.883955 0.312842 0.509467

 -0.001442 -0.834431 -0.215243

 2.343375 0.494218 -1.508884

 -2.345029 0.493442 -1.508920

 0.810271 0.480426 0.451401

 -0.811838 0.480520 0.451585

 0.636519 -0.635527 0.332407

 -0.638807 -0.636431 0.332234

 0.616642 -0.103452 0.128288

 -0.618017 -0.103581 0.128112

 0.283911 -0.208176 -1.374803

 -0.285138 -0.208206 -1.374816

 1.415432 -0.083990 -1.663248

 -1.416597 -0.084013 -1.663232

 1.865259 0.960754 -1.475951

 -1.866290 0.960700 -1.475688

 0.607249 -0.655793 0.601965

 -0.610120 -0.655863 0.600367

 0.711573 0.140108 -1.137173

 -0.713154 0.139987 -1.137277

 0.520647 0.661258 -0.402137

 -0.522127 0.661285 -0.401837

 0.713262 -0.154309 0.204557

 -0.714385 -0.154310 0.204747

 0.325741 0.852381 -0.005663

 -0.326106 0.852640 -0.005960

 0.634469 -0.040608 1.616087

 -0.635610 -0.040553 1.616323

 0.429629 -0.183707 -0.813503

 0.683352 1.224081 -0.987642

 -0.684596 1.224474 -0.988095

 1.783222 0.729119 -1.215649

 -1.784454 0.729030 -1.215563

 0.145433 1.289478 -1.401087

 -0.146987 1.289600 -1.401336

 0.614415 0.133902 -0.932299

 -0.615016 0.125993 -0.930162

 0.184015 0.400297 1.836738

 -0.185220 0.400223 1.836775

 0.114742 0.909380 -0.015924

 -0.115874 0.909528 -0.016092

 0.570505 0.755892 1.303231

 -0.571572 0.755949 1.303557

 -0.422480 -0.158401 -0.891121

 0.550832 0.606755 -0.047992

 -0.552353 0.607086 -0.048086

 -0.001442 1.030033 1.045368

 0.501347 0.932965 0.562524

 -0.502677 0.933083 0.562331

 0.419094 -0.671890 1.438100

 -0.420049 -0.672496 1.437550

 0.844669 -0.047003 1.134354

 -0.846140 -0.047084 1.134512

 0.069079 -0.634954 -0.132287

 -0.070449 -0.635085 -0.132418

 0.853613 -0.104762 0.748577

 -0.854964 -0.104907 0.748729

 1.003461 1.331509 -1.383417

 -1.005382 1.331470 -1.383476

 -0.001442 1.089003 -1.003437

 0.607159 0.224230 -0.025778

 -0.609429 0.223762 -0.025876

 0.547858 -0.114821 -1.340909

 -0.549042 -0.114877 -1.340834

 0.232749 1.003160 0.497842

 -0.233839 1.003167 0.497808

 0.449020 0.807770 -0.385044

 -0.450393 0.807829 -0.384763

 0.119728 -1.037750 -0.174485

 -0.121424 -1.038008 -0.175525

 0.684379 -0.041053 0.263275

 -0.687589 -0.040450 0.264428

 1.092222 0.201664 -1.266241

 -1.093264 0.201473 -1.266296

 0.814921 -0.199207 0.856221

 -0.816386 -0.199304 0.856257

 0.612353 -0.487243 0.138585

 -0.614367 -0.487452 0.138068

 0.547940 -0.584537 1.321526

 -0.549087 -0.584732 1.321562

 0.786739 0.004078 0.144766

 -0.788278 0.004373 0.145029

 2.105642 0.265631 -1.314487

 -2.107093 0.265533 -1.314284

 0.096871 -0.350326 -0.765442

 -0.098110 -0.350330 -0.765436

 1.872188 0.212951 -1.247299

 -1.873107 0.213171 -1.247038

 1.024747 0.093843 -1.304575

 -1.025911 0.093770 -1.304600

 0.317305 1.018999 -0.677094

 -0.318539 1.019076 -0.677207

 1.329530 1.051534 -1.096907

 -1.330576 1.051715 -1.096814

 0.626400 0.065025 -1.076674

 -0.630610 0.073149 -1.065365

 0.835988 0.435177 0.619301

 -0.837425 0.435098 0.619521

 0.901214 0.307983 -1.129416

 -0.902826 0.307821 -1.129641

 0.842426 0.074437 0.866975

 -0.843772 0.074207 0.867100

 2.113529 0.880786 -1.634682

 -2.114712 0.880820 -1.634670

 0.746870 0.116661 -1.191550

 -0.748236 0.116608 -1.191513

 0.349221 -0.874580 0.177418

 -0.350798 -0.875193 0.178175

 0.669004 -0.092743 0.201038

 -0.672080 -0.095457 0.200376

 0.614707 0.435884 1.547831

 -0.615845 0.435815 1.548077

 1.467448 1.246226 -1.618559

 -1.468802 1.246288 -1.618790

 2.286338 0.500904 -1.407071

 -2.288087 0.500863 -1.406990

 0.242247 -0.721576 0.558845

 -0.244095 -0.721370 0.559093

 0.530638 -0.614066 -0.214466

 -0.533539 -0.614081 -0.215469

 0.421133 1.137286 -0.830682

 -0.422719 1.137703 -0.831430

 0.147625 -0.742444 -0.124989

 -0.148581 -0.741876 -0.124904

 0.279138 -0.175513 -1.297231

 -0.280237 -0.175657 -1.297682

 0.098523 -0.947732 0.592476

 -0.100997 -0.948030 0.592506

 2.067517 0.818141 -1.427809

 -2.068653 0.818217 -1.427797

 0.225026 -0.176492 -1.259680

 -0.225952 -0.176381 -1.259699

 0.509576 -0.128046 -1.019548

 0.708260 -0.362648 0.581226

 -0.710007 -0.362281 0.581372

 0.301509 -0.999482 0.818166

 -0.302979 -0.999438 0.818086

 0.421069 0.818691 0.034979

 -0.422414 0.818580 0.035034

 0.320104 -0.834639 0.498837

 -0.321194 -0.834711 0.498886

 0.564988 -0.469425 1.518295

 -0.566192 -0.469527 1.518258

 0.433472 1.272246 -1.196496

 -0.434991 1.272241 -1.196401

 0.238220 -0.755762 1.530077

 -0.239432 -0.755710 1.530177

 0.066219 0.813233 -0.397966

 -0.067396 0.813161 -0.398070

 0.756997 0.999055 -0.745582

 -0.758319 0.999236 -0.745218

 0.715514 0.050481 -1.292233

 -0.716720 0.050484 -1.292170

 2.022871 0.546952 -1.248448

 -2.024265 0.547199 -1.248384

 0.106780 -1.048399 0.796596

 -0.107905 -1.048416 0.796650

 0.450055 -0.784919 0.401489

 -0.451089 -0.785356 0.401587

 0.745963 -0.271410 0.434419

 -0.747537 -0.271361 0.435749

 0.660979 -0.269197 0.005901

 -0.663049 -0.269190 0.005988

 0.729134 -0.060704 1.447613

 -0.730379 -0.060985 1.447672

 0.434834 -0.300830 -1.636038

 -0.435993 -0.300827 -1.636039

 2.214530 0.089923 -1.591238

 -2.215719 0.089878 -1.591219

 0.839724 0.360095 1.034325

 -0.841131 0.360175 1.034121

 0.200257 -0.973000 -0.100463

 -0.201726 -0.974995 -0.098506

 0.473518 -0.465960 -0.456093

 -0.474482 -0.466095 -0.456592

 1.340972 0.527594 -1.008380

 -1.342556 0.527472 -1.008492

 0.775583 -0.059762 -1.357915

 -0.776754 -0.059773 -1.357896

 0.305056 -0.883663 -0.049709

 -0.307080 -0.884246 -0.049330

 1.657845 0.460085 -1.141010

 -1.658972 0.460015 -1.140940

 0.720869 0.047262 1.471032

 -0.722129 0.047333 1.471089

 1.214890 0.084347 -1.314957

 -1.216197 0.084396 -1.314922

 0.140692 -0.996989 -0.152574

 -0.145123 -0.995205 -0.152745

 0.599861 0.035552 -0.010288

 -0.602015 0.036803 -0.009584

 0.524819 -0.436454 1.559435

 -0.526058 -0.436377 1.559496

 0.070934 0.921308 -0.758934

 -0.072032 0.921060 -0.758453

 -0.296288 -0.172120 -0.810357

 0.296954 -0.182051 -0.809169

 0.182869 -0.907344 -0.341394

 -0.183084 -0.908091 -0.341951

 0.839120 0.447545 0.926626

 -0.840492 0.447526 0.926668

 -0.001442 0.808044 1.598338

 0.252835 -0.229524 -0.663759

 -0.254019 -0.229548 -0.663962

 1.519493 0.133593 -1.357881

 -1.520695 0.133530 -1.357920

 0.735606 -0.093171 0.215762

 -0.739451 -0.090012 0.215682

 0.106006 -1.030918 0.088020

 -0.107231 -1.031036 0.088024

 1.326626 0.280622 -1.253556

 -1.327694 0.280570 -1.253590

 0.759877 -0.172875 0.469001

 -0.761332 -0.173200 0.468515

 0.986731 1.273966 -1.244105

 -0.987580 1.274201 -1.244236

 1.493558 0.253327 -1.246912

 -1.494839 0.253315 -1.246951

 0.152260 -0.855135 0.489220

 -0.153923 -0.855243 0.488679

 0.500315 -0.522592 -0.439243

 -0.502160 -0.522390 -0.439260

 0.210703 -0.937692 -0.130676

 -0.213942 -0.936772 -0.132332

 0.067972 -0.254794 -1.528491

 -0.069266 -0.254798 -1.528465

 0.604823 -0.626209 0.122371

 -0.606706 -0.626297 0.121444

 -0.505341 -0.088245 -0.817994

 0.092591 -0.230929 -0.955555

 -0.094479 -0.231159 -0.955007

 1.979575 0.000326 -1.637121

 -1.980737 0.000306 -1.637117

 0.650447 0.504203 -0.698018

 -0.652080 0.504309 -0.697656

 0.285610 -0.342091 -0.564213

 -0.286956 -0.341920 -0.564175

 0.560370 0.406293 -0.456726

 -0.562181 0.406509 -0.456663

 0.275066 0.681152 1.677590

 -0.276716 0.681054 1.677471

 0.849092 0.231272 0.463448

 -0.850470 0.231280 0.463354

 0.818059 0.541705 0.831213

 -0.819444 0.541597 0.831370

 0.109083 0.938960 0.170567

 -0.110582 0.938810 0.171068

 0.074761 -0.163021 -1.433432

 -0.076001 -0.163000 -1.433478

 -0.001442 0.998245 0.517161

 0.146973 0.843921 -0.234327

 -0.148108 0.843944 -0.234012

 0.310917 1.152631 -1.044673

 -0.311832 1.152330 -1.044291

 0.490841 -0.811926 0.946824

 -0.493236 -0.811906 0.944953

 0.818631 -0.049320 1.226080

 -0.819971 -0.049437 1.226332

 0.621195 -0.542643 1.126189

 -0.622575 -0.542579 1.126212

 0.051208 -1.145778 0.424347

 -0.052739 -1.145253 0.425852

 0.074352 -0.329976 -0.849252

 -0.076085 -0.329920 -0.849086

 1.983105 0.014531 -1.563095

 -1.984366 0.014491 -1.563106

 1.057937 0.545369 -0.891457

 -1.059848 0.545309 -0.891511

 0.420467 1.349743 -1.371127

 -0.421598 1.349871 -1.371971

 0.395349 -0.845384 1.173398

 -0.396742 -0.845919 1.172774

 0.562562 -0.070401 0.041554

 -0.563977 -0.070363 0.041510

 0.330917 -0.800712 0.617522

 -0.332111 -0.800898 0.617558

 0.516400 0.751322 1.399657

 -0.517564 0.751295 1.399860

 0.863802 0.165518 1.046058

 -0.865257 0.165220 1.046229

 0.644356 0.196420 0.060399

 -0.645920 0.197148 0.058976

 0.224913 -0.324483 -1.645167

 -0.226073 -0.324486 -1.645166

 0.221690 -0.181454 -0.907753

 -0.215998 -0.179392 -0.919030

 1.695978 1.099827 -1.530836

 -1.696893 1.100011 -1.530797

 1.769640 0.227157 -1.232183

 -1.770846 0.227104 -1.232175

 0.596220 0.130533 -0.781918

 -0.597971 0.129700 -0.785211

 -0.001442 0.940271 0.225474

 -0.001442 -0.475160 1.848140

 0.812164 1.127378 -0.880065

 -0.812119 1.127254 -0.879036

 0.432632 0.074960 1.763473

 -0.434100 0.075419 1.763389

 0.636688 0.724483 -0.607813

 -0.638109 0.724503 -0.607523

 0.779099 -0.069377 1.374042

 -0.780415 -0.069326 1.374032

 0.888722 0.743335 -0.756580

 -0.890320 0.743391 -0.756148

 0.795239 0.177232 -1.183205

 -0.796726 0.177104 -1.183261

 0.774505 0.735143 -0.687428

 -0.776157 0.735213 -0.687139

 1.051218 0.484982 -0.932162

 -1.052650 0.484916 -0.932109

 0.362897 -0.637994 1.613045

 -0.363968 -0.638028 1.613153

 0.156404 -1.093003 0.162275

 -0.157637 -1.094738 0.163431

 2.213324 0.507708 -1.339481

 -2.214909 0.507518 -1.339227

 1.216384 0.369329 -1.151775

 -1.217628 0.369343 -1.151782

 0.568609 0.506991 -0.597063

 -0.570373 0.506785 -0.596951

 0.298036 0.915445 -0.477315

 -0.299197 0.915493 -0.477235

 0.730908 0.025859 0.283130

 -0.731992 0.024920 0.283852

 0.641988 0.380247 0.045492

 -0.644397 0.379674 0.045182

 0.675281 -0.344078 0.244771

 -0.677042 -0.345411 0.244280

 0.469853 -0.190666 -0.316844

 -0.471109 -0.190786 -0.316997

 0.575161 0.346608 -0.137306

 -0.577045 0.346605 -0.137365

 0.546298 -0.688478 0.527017

 -0.547914 -0.689207 0.527117

 0.659022 -0.424165 0.225937

 -0.661591 -0.423669 0.225800

 1.489576 0.830572 -1.047962

 -1.490680 0.830584 -1.047748

 0.357738 -0.833383 0.304637

 -0.360554 -0.833118 0.304337

 1.358343 0.397112 -1.126827

 -1.359455 0.397134 -1.126874

 0.874362 0.089382 0.374269

 -0.875652 0.089475 0.373904

 0.144106 -0.505939 -0.643703

 -0.145316 -0.505939 -0.643713

 0.188518 0.920579 1.411068

 -0.189735 0.920511 1.411323

 0.411421 -0.209125 -0.502473

 -0.412995 -0.208939 -0.502364

 0.659623 0.088687 -1.147189

 -0.661307 0.088523 -1.147473

 0.114328 1.187990 -1.165554

 -0.115636 1.187750 -1.165266

 -0.001442 -0.952103 1.193489

 0.254969 -0.771852 1.481584

 -0.256071 -0.771899 1.481570

 0.321844 0.898181 0.118819

 -0.323015 0.898410 0.119271

 0.646804 -0.577148 0.553460

 -0.649993 -0.576827 0.553666

 0.363409 -0.146274 -1.336095

 -0.364780 -0.146213 -1.336075

 0.611303 0.625085 0.096972

 -0.613099 0.625395 0.097306

 0.642020 1.288705 -1.113122

 -0.643127 1.288817 -1.113614

 0.855498 0.087157 0.228623

 -0.856450 0.086515 0.227524

 0.253089 0.966326 -0.604490

 -0.254230 0.966219 -0.604253

 0.488346 0.664104 -0.105706

 -0.489661 0.664574 -0.105706

 0.181426 -1.034203 0.165437

 -0.182765 -1.034233 0.165297

 0.852990 -0.003217 0.479101

 -0.854233 -0.003272 0.479030

 0.121103 -0.696611 -0.166125

 -0.122300 -0.696547 -0.166103

 0.244420 1.019800 -0.762945

 -0.245834 1.020061 -0.763392

 1.265932 1.252188 -1.375396

 -1.266825 1.252486 -1.375510

 0.390663 -0.697021 0.578346

 -0.391785 -0.697033 0.578377

 0.786182 0.634734 0.525038

 -0.787444 0.634979 0.524896

 0.208159 0.945685 -0.604064

 -0.209305 0.945618 -0.603953

 0.457143 -0.776535 0.338135

 -0.457257 -0.777536 0.337121

 0.569851 0.887528 0.885455

 -0.571201 0.887565 0.885119

 0.265933 0.842743 -0.214179

 -0.267158 0.842766 -0.213965

 1.062617 -0.045394 -1.388809

 -1.064009 -0.045388 -1.388771

 0.491065 0.616984 -0.201637

 -0.492743 0.616914 -0.201334

 0.664618 0.254690 -0.959369

 -0.665797 0.254397 -0.958974

 0.746833 1.288876 -1.124090

 -0.748043 1.288896 -1.124057

 1.291237 0.764178 -0.916887

 -1.292220 0.764239 -0.916520

 0.672783 0.795377 0.592363

 -0.674202 0.795265 0.591118

 0.610114 -0.619404 0.805837

 -0.616715 -0.608877 0.807185

 0.195082 -0.861184 0.448677

 -0.196353 -0.861264 0.448751

 0.397725 0.541320 1.701909

 -0.398887 0.541861 1.701691

 0.785431 -0.160996 0.613018

 -0.786751 -0.161122 0.613081

 0.866887 0.149103 0.412457

 -0.868107 0.149048 0.412444

 0.123296 -0.780150 -0.184192

 -0.124481 -0.779283 -0.184226

 1.050318 0.432107 -0.988259

 -1.051587 0.432050 -0.988194

 0.678579 -0.155079 0.238038

 -0.679714 -0.155076 0.238124

 -0.484467 -0.113060 -0.722073

 0.727597 0.222054 0.241654

 -0.728939 0.221996 0.241059

 1.279923 0.035019 -1.377067

 -1.281059 0.034931 -1.377044

 -0.001442 -0.621192 -0.156338

 0.211294 1.025479 0.924031

 -0.212484 1.025479 0.923370

 0.384704 -0.788915 -0.274010

 -0.387542 -0.789580 -0.271154

 0.606578 -0.073547 0.138484

 -0.607928 -0.073375 0.138489

 0.057249 -0.817840 -0.210718

 -0.058702 -0.816632 -0.210848

 0.523753 0.613594 -0.438338

 -0.525237 0.613659 -0.438304

 0.467597 0.977696 -0.620531

 -0.468662 0.977869 -0.620250

 0.751561 0.701556 0.726662

 -0.752750 0.701769 0.726713

 0.190874 -0.812307 1.411756

 -0.192221 -0.811789 1.413277

 0.571534 -0.033708 -1.132726

 -0.587437 -0.024000 -1.169102

 0.362412 0.866123 -0.387341

 -0.363619 0.866436 -0.387597

 0.579191 -0.089953 1.685415

 -0.580416 -0.089874 1.685465

 0.143374 -0.174806 -1.018536

 -0.144902 -0.174961 -1.018041

 0.338183 -0.240424 -1.408438

 -0.339542 -0.240464 -1.408447

 0.044778 -1.039561 0.800081

 -0.045978 -1.039538 0.800082

 0.474322 -0.202217 -1.384206

 -0.475728 -0.202126 -1.384140

 0.455561 -0.729837 -0.091346

 -0.458107 -0.730326 -0.092461

 0.730357 -0.179913 0.253001

 -0.731739 -0.179756 0.253062

 0.569435 1.199550 -0.915667

 -0.570578 1.199575 -0.915521

 0.601653 0.115814 -0.481850

 -0.603363 0.115692 -0.481779

 0.748809 0.710254 0.541770

 -0.750100 0.710386 0.541950

 2.010855 0.767896 -1.340207

 -2.011917 0.767907 -1.340082

 0.148029 -1.067430 -0.095063

 -0.148995 -1.068191 -0.094696

 0.406608 1.224135 -1.132439

 -0.408010 1.224139 -1.132215

 0.725116 -0.155699 0.355806

 -0.726408 -0.155688 0.355854

 1.012796 0.329429 -1.149873

 -1.013890 0.329366 -1.149833

 0.395236 1.179020 -0.961795

 -0.396619 1.179205 -0.962350

 0.790214 1.404085 -1.676508

 -0.791373 1.404085 -1.676508

 0.492336 -0.766644 0.562772

 -0.493878 -0.766700 0.562726

 0.774223 -0.084617 0.202101

 -0.776066 -0.084199 0.202476

 1.717353 0.757125 -1.186838

 -1.718632 0.757052 -1.186785

 0.042585 -1.091142 0.075726

 -0.043645 -1.091190 0.076179

 0.092470 -0.837164 -0.644037

 -0.093822 -0.837043 -0.644037

 0.091887 -0.984911 -0.389201

 -0.093490 -0.984819 -0.389392

 0.516950 0.522174 -0.402536

 -0.518517 0.522418 -0.402695

 0.420552 0.738808 -0.120711

 -0.421855 0.739078 -0.120519

 0.292412 -0.833596 -0.405766

 -0.294902 -0.833484 -0.405146

 0.218334 -0.600409 1.754573

 -0.219547 -0.600202 1.754638

 0.657067 1.413091 -1.642448

 -0.660744 1.413153 -1.642820

 0.514963 0.879409 0.328907

 -0.516209 0.879589 0.328749

 0.171945 1.207313 -1.200161

 -0.173183 1.207024 -1.199746

 0.203611 -0.711304 1.679664

 -0.204761 -0.711290 1.679692

 1.387483 0.589602 -0.991319

 -1.388925 0.589495 -0.991321

 0.368329 -0.855006 0.644257

 -0.369597 -0.855003 0.644233

 0.223255 -0.608788 -0.598082

 -0.224425 -0.608857 -0.598142

 0.060108 -0.647874 -0.191001

 -0.061536 -0.647971 -0.190915

 0.880847 0.162613 0.341752

 -0.882049 0.162606 0.341657

 0.081623 -0.977218 0.552123

 -0.084071 -0.977658 0.552084

 0.667413 -0.490452 1.231897

 -0.668715 -0.490497 1.232033

 1.279787 0.198074 -1.278789

 -1.280827 0.197998 -1.278800

 0.808250 0.501630 -0.820227

 -0.809456 0.501320 -0.819922

 0.635576 -0.470701 1.419586

 -0.636680 -0.470801 1.419850

 2.241683 0.738922 -1.554939

 -2.242788 0.739134 -1.555076

 0.557804 0.760701 -0.517093

 -0.559260 0.760726 -0.516951

 -0.586153 0.044767 -0.819303

 0.587882 0.039244 -0.807334

 2.228577 0.128155 -1.508826

 -2.229877 0.127996 -1.508991

 0.321845 1.345745 -1.422433

 -0.322833 1.345790 -1.423110

 0.402087 -0.815838 0.498567

 -0.403363 -0.815915 0.498572

 1.583026 0.611664 -1.064531

 -1.584170 0.611648 -1.064328

 2.124608 0.366072 -1.292587

 -2.126117 0.366041 -1.292322

 0.792370 -0.265724 0.827922

 -0.793701 -0.265774 0.827862

 0.592793 0.187515 -0.368987

 -0.594392 0.187752 -0.369125

 1.526865 1.001414 -1.195020

 -1.527996 1.001462 -1.194884

 1.802258 0.479996 -1.191567

 -1.803585 0.480010 -1.191543

 0.731682 -0.365762 1.014534

 -0.733077 -0.365887 1.014639

 0.713667 0.369246 1.398988

 -0.714950 0.369029 1.399114

 0.648402 -0.238089 -0.011153

 -0.649844 -0.237980 -0.011538

 -0.510589 -0.097419 -0.971643

 0.172396 -1.015468 -0.028845

 -0.174674 -1.015318 -0.028524

 0.756397 0.387891 -0.895360

 -0.757935 0.387572 -0.895259

 0.432897 -0.913769 0.869772

 -0.434339 -0.913953 0.869625

 0.068808 -1.092478 0.519456

 -0.070212 -1.093468 0.517991

 0.471217 -0.540976 1.544306

 -0.472438 -0.540928 1.544357

 0.656043 1.038687 -0.730018

 -0.657445 1.038895 -0.729977

 0.482686 0.946409 0.694748

 -0.483886 0.946517 0.695131

 0.566010 -0.016366 -0.716368

 -0.561226 -0.016974 -0.713785

 0.067806 -1.135754 0.158011

 -0.069017 -1.135658 0.158140

 0.337684 0.788753 1.525274

 -0.339025 0.788718 1.525223

 0.887142 0.301739 0.574995

 -0.888625 0.301783 0.575055

 0.399784 -0.322519 -0.444970

 -0.400985 -0.322662 -0.445207

 -0.001442 -0.742375 1.717680

 0.084998 -0.972986 -0.484428

 -0.085975 -0.973020 -0.484844

 0.085317 -0.699033 1.754761

 -0.086729 -0.699006 1.754729

 0.650599 -0.136332 0.324385

 -0.651792 -0.136325 0.324192

 0.687360 0.381658 -0.820932

 -0.688972 0.381281 -0.820759

 0.076417 -0.192457 -1.035489

 -0.077776 -0.192218 -1.035946

 0.715754 0.448491 0.199235

 -0.717748 0.448226 0.199016

 0.590964 0.184268 -0.807038

 -0.592560 0.184185 -0.806955

 0.263326 0.745013 1.625994

 -0.262873 0.745838 1.626012

 0.327825 0.993793 0.933386

 -0.328536 0.993915 0.933588

 0.537899 0.836959 0.229673

 -0.539132 0.837223 0.229706

 0.205298 -0.454491 1.806278

 -0.206191 -0.455269 1.806250

 0.819376 0.014782 0.502463

 -0.820649 0.014729 0.502462

 0.318510 0.994575 0.493289

 -0.319646 0.994603 0.493192

 0.147629 -0.906729 0.652807

 -0.149109 -0.906939 0.652672

 0.726602 0.129947 0.257932

 -0.729147 0.131170 0.259889

 0.628613 -0.057620 -1.323019

 -0.629721 -0.057997 -1.323204

 0.150101 0.987041 1.269371

 -0.151448 0.987211 1.268967

 0.321687 -0.187118 -1.109906

 -0.325307 -0.187303 -1.106091

 0.209773 -0.775593 0.518924

 -0.206276 -0.777299 0.519115

 0.082401 -0.434792 -0.658441

 -0.083697 -0.434720 -0.658451

 0.593152 -0.322423 -0.290703

 -0.594591 -0.322306 -0.290944

 0.646510 -0.557673 0.196912

 -0.649474 -0.557111 0.197991

 0.590866 -0.551619 0.075253

 -0.593099 -0.552336 0.075150

 0.109885 0.439216 1.845427

 -0.111050 0.439590 1.845307

 0.577180 0.258655 -0.501386

 -0.578758 0.258518 -0.501112

 0.357906 0.275009 1.788392

 -0.359780 0.274341 1.788180

 0.306439 -0.869266 1.258566

 -0.308891 -0.869753 1.255722

 0.812199 0.126425 -1.225052

 -0.813311 0.126286 -1.225065

 0.637946 -0.477975 1.320210

 -0.639256 -0.477980 1.320228

 0.098741 0.711783 1.703218

 -0.100029 0.711832 1.703240

 0.457164 0.695909 -0.145567

 -0.458556 0.696234 -0.145771

 2.009384 0.280925 -1.265188

 -2.010932 0.280957 -1.265091

 0.454200 1.198366 -0.957048

 -0.455473 1.198321 -0.957040

 0.563983 -0.631193 1.092376

 -0.565785 -0.630539 1.092600

 0.840933 0.356069 0.661796

 -0.842396 0.356162 0.661811

 0.556276 -0.044558 -0.753609

 0.747828 -0.176661 0.381749

 -0.749098 -0.176682 0.381608

 1.224699 1.299037 -1.466044

 -1.221884 1.300021 -1.464465

 1.152096 1.020436 -0.960588

 -1.153483 1.020570 -0.960445

 1.164394 -0.041082 -1.434733

 -1.165490 -0.041199 -1.434717

 1.439203 0.744413 -0.991103

 -1.440635 0.744369 -0.991032

 0.661108 0.645002 1.273302

 -0.662201 0.645230 1.273435

 0.380106 -0.196245 1.762074

 -0.381192 -0.196717 1.762098

 0.412849 0.969588 0.509413

 -0.414075 0.969679 0.509260

 1.102241 0.769363 -0.844911

 -1.103555 0.769363 -0.844621

 0.430163 -0.773027 0.598029

 -0.431699 -0.772929 0.598023

 0.233398 -0.924612 -0.156593

 -0.237895 -0.922668 -0.160156

 0.274924 -0.185016 -1.203105

 -0.275771 -0.184757 -1.204773

 -0.001442 -1.117001 0.100838

 0.675497 0.255639 1.534210

 -0.676827 0.255294 1.534210

 0.490853 -0.098044 -1.268691

 -0.492063 -0.098500 -1.269689

 0.414176 0.848454 1.370488

 -0.415273 0.848259 1.370968

 0.666099 0.414781 1.477846

 -0.667487 0.414897 1.477588

 0.465573 0.727726 -0.276731

 -0.467104 0.727862 -0.276782

 0.097189 -1.050743 -0.239442

 -0.098441 -1.050815 -0.239503

 0.373091 -0.188701 -0.586449

 -0.377690 -0.188524 -0.582934

 0.798912 -0.034154 0.446830

 -0.800130 -0.034255 0.446774

 0.179132 -0.975642 0.101799

 -0.180734 -0.975431 0.102114

 0.606969 1.134625 -0.808428

 -0.608522 1.135305 -0.809106

 -0.001442 -1.065286 -0.143201

 0.661062 -0.471696 0.866077

 -0.662153 -0.472682 0.866636

 0.178839 -0.889338 -0.129375

 -0.179372 -0.885432 -0.129250

 0.180747 0.282264 1.867390

 -0.181863 0.281458 1.867613

 0.488852 -0.129640 -0.712739

 0.402085 -0.044699 1.773606

 -0.403220 -0.044758 1.773677

 0.072894 0.815238 -0.306429

 -0.074041 0.815158 -0.306238

 0.074707 -1.057394 0.095844

 -0.075931 -1.057476 0.095885

 0.458634 -0.736901 1.260417

 -0.459576 -0.737500 1.260382

 -0.409137 -0.159070 -0.685990

 0.410651 -0.168559 -0.697957

 0.219040 -0.873758 0.653951

 -0.220135 -0.873989 0.653869

 0.840655 -0.057824 0.562309

 -0.841885 -0.057886 0.562290

 0.131889 -0.318273 -0.821835

 -0.132957 -0.318429 -0.821833

 0.149787 1.024209 0.751072

 -0.150938 1.024282 0.751631

 0.634789 1.179783 -0.883911

 -0.636032 1.180002 -0.883856

 0.803750 -0.034897 0.291108

 -0.804465 -0.035153 0.291286

 0.503474 0.534367 -0.180913

 -0.505015 0.534574 -0.181008

 0.642007 0.819683 -0.618806

 -0.643411 0.819816 -0.618537

 0.146205 1.036951 0.932058

 -0.147410 1.036981 0.932386

 0.261094 -0.655704 1.685891

 -0.262356 -0.655643 1.685922

 1.035148 -0.159663 -1.605769

 -1.036250 -0.159749 -1.605817

 1.389459 0.680859 -0.967663

 -1.391148 0.680648 -0.967726

 1.563893 0.072092 -1.445785

 -1.565157 0.072039 -1.445732

 0.753022 -0.007089 0.115256

 -0.754497 -0.006645 0.115637

 0.311297 -0.601399 1.661446

 -0.312458 -0.601330 1.661493

 1.474718 0.097088 -1.396915

 -1.475833 0.096977 -1.396924

 0.732289 0.434471 -0.827902

 -0.733801 0.434362 -0.827469

 0.869313 0.352643 0.558343

 -0.870850 0.352616 0.558255

 0.301794 -0.424924 -0.540098

 -0.303072 -0.424878 -0.540170

 0.134130 -0.763451 -0.094715

 -0.135225 -0.762797 -0.094733

 0.379796 0.122818 1.794954

 -0.380868 0.123277 1.795012

 -0.383045 -0.166874 -0.809533

 0.648815 0.455320 0.088034

 -0.651033 0.455111 0.087905

 0.379434 -0.813368 0.442578

 -0.380807 -0.813543 0.442579

 0.695314 0.507518 0.200657

 -0.697161 0.507815 0.200681

 1.332460 0.433476 -1.082798

 -1.333516 0.433508 -1.082778

 0.406973 0.766244 -0.194171

 -0.408343 0.766025 -0.193418

 -0.001442 0.923190 -0.742286

 0.628033 -0.123029 0.095730

 -0.629338 -0.123240 0.095464

 0.618857 -0.296805 -0.203776

 -0.620726 -0.296729 -0.203317

 0.838643 -0.025346 0.310555

 -0.839931 -0.025453 0.310611

 0.860303 0.067373 0.960454

 -0.861715 0.067209 0.960749

 0.413166 -0.713235 0.516744

 -0.414332 -0.713246 0.516726

 0.595326 0.278157 -0.025774

 -0.596855 0.277684 -0.027309

 0.539434 -0.092290 -0.391236

 -0.540971 -0.092574 -0.390740

 2.262400 0.353613 -1.388456

 -2.264085 0.353541 -1.388097

 0.721869 1.396292 -1.513322

 -0.721804 1.396473 -1.514181

 0.740924 0.523351 0.299442

 -0.742191 0.523265 0.298349

 0.683379 -0.427266 0.927399

 -0.684439 -0.427680 0.928026

 0.835091 0.411174 0.443477

 -0.836733 0.411274 0.443814

 0.510339 0.564065 -0.135501

 -0.511797 0.564776 -0.135665

 0.202863 -1.031599 0.816939

 -0.203820 -1.031669 0.817025

 0.530439 -0.151429 -0.109818

 -0.531790 -0.151412 -0.109859

 0.748819 -0.302779 0.509940

 -0.750292 -0.302337 0.510190

 0.201029 0.932287 0.138805

 -0.202356 0.932285 0.138474

 0.217508 -0.929023 1.186638

 -0.219727 -0.931013 1.181592

 0.971697 1.067295 -0.892040

 -0.973569 1.067440 -0.892135

 0.539432 0.571773 1.560974

 -0.540396 0.571963 1.561213

 -0.001442 0.930590 0.068720

 0.616863 0.226719 -0.925877

 -0.618422 0.226642 -0.925787

 0.463292 0.591898 1.626978

 -0.464290 0.591919 1.627201

 0.868989 0.990619 -0.801742

 -0.870054 0.990790 -0.801161

 1.761746 0.020452 -1.506807

 -1.762858 0.020446 -1.506909

 0.764771 1.369775 -1.417538

 -0.766066 1.369898 -1.417863

 1.450883 1.265862 -1.711624

 -1.452062 1.265913 -1.711617

 1.352483 -0.002989 -1.510827

 -1.353800 -0.002987 -1.510767

 0.388318 -0.962507 0.765153

 -0.389784 -0.962660 0.765114

 0.819605 0.353803 0.352607

 -0.821110 0.353763 0.352243

 0.333299 -0.842950 0.407488

 -0.334963 -0.842995 0.407633

 0.268136 -1.000082 0.736871

 -0.268994 -1.000294 0.736870

 0.732271 -0.071870 0.054669

 -0.733619 -0.071682 0.054675

 1.931135 0.142227 -1.320020

 -1.932127 0.142250 -1.319893

 0.629298 0.187611 -0.958142

 -0.630476 0.186661 -0.957954

 0.751342 -0.365565 1.115849

 -0.752273 -0.366396 1.116195

 0.911657 0.842943 -0.772465

 -0.913418 0.843001 -0.772209

 1.865559 0.750812 -1.262185

 -1.866648 0.750958 -1.262164

 0.167500 -0.876437 1.325950

 -0.160851 -0.875479 1.332719

 0.576086 0.384991 -0.532598

 -0.577881 0.384368 -0.531705

 0.233873 0.861835 -0.325049

 -0.235031 0.861853 -0.324969

 1.857289 0.813352 -1.303616

 -1.858417 0.813492 -1.303643

 1.096537 1.358132 -1.606575

 -1.100557 1.357570 -1.607422

 0.461655 1.248490 -1.124622

 -0.462809 1.248505 -1.124768

 0.104935 -0.976488 0.682959

 -0.106286 -0.976902 0.682813

 2.304712 0.627486 -1.525410

 -2.306064 0.627245 -1.525283

 0.326178 -0.691001 1.581278

 -0.327397 -0.691065 1.581284

 0.265318 0.607499 1.726429

 -0.266703 0.607697 1.726240

 0.845070 -0.107340 1.090759

 -0.846543 -0.107349 1.090796

 0.799207 0.948626 -0.740927

 -0.800600 0.948828 -0.740517

 0.314785 -0.595549 -0.562759

 -0.316099 -0.595477 -0.562762

 2.209434 0.164661 -1.440288

 -2.210872 0.164760 -1.440118

 0.823618 -0.064151 0.934249

 -0.825087 -0.063598 0.934108

 0.374138 -0.200827 -0.870026

 -0.440583 -0.142981 -0.763386

 0.072171 0.890898 -0.694880

 -0.073301 0.890797 -0.694782

 1.855375 1.035122 -1.611029

 -1.856308 1.035264 -1.610916

 -0.001442 -0.849659 -0.096939

 0.573936 -0.047030 -1.236356

 -0.576708 -0.047262 -1.239455

 1.333467 1.108352 -1.174332

 -1.334824 1.108455 -1.174396

 0.917430 0.089238 0.479038

 -0.918751 0.089257 0.479036

 0.257559 -0.679744 -0.595651

 -0.258418 -0.680125 -0.595835

 0.240431 -0.946962 0.233608

 -0.240783 -0.947706 0.234817

 0.594216 0.822932 1.105877

 -0.595832 0.822888 1.104946

 0.495200 0.614559 -0.274367

 -0.496726 0.614740 -0.274323

 0.299629 -0.179402 -0.743945

 -0.300410 -0.170935 -0.753120

 0.484520 -0.264390 -1.503539

 -0.485957 -0.264426 -1.503688

 0.560229 0.346785 -0.206995

 -0.561983 0.347156 -0.206910

 0.192011 -0.835467 0.512932

 -0.194611 -0.835277 0.512771

 -0.001442 -0.175487 -1.465407

 0.631789 -0.626469 0.223457

 -0.634296 -0.626816 0.223981

 0.765774 -0.217689 -1.585585

 -0.766541 -0.217851 -1.585557

 0.754219 0.031705 0.288807

 -0.757130 0.032722 0.294509

 0.568891 -0.381636 -0.356569

 -0.570709 -0.381717 -0.356447

 1.718701 0.366308 -1.186816

 -1.719962 0.366347 -1.186772

 0.105106 -0.674754 -0.110688

 -0.106310 -0.674699 -0.110732

 0.747294 -0.292937 0.591515

 -0.748719 -0.292588 0.591377

 0.241927 -0.825103 0.522869

 -0.242440 -0.825197 0.522913

 0.119590 -1.006265 0.711374

 -0.120711 -1.006258 0.711081

 0.752856 -0.180595 1.384973

 -0.754113 -0.180760 1.384964

 2.307900 0.435167 -1.431887

 -2.309964 0.434421 -1.432242

 0.687572 -0.329307 1.432882

 -0.688580 -0.330065 1.432876

 0.791670 0.295013 1.234545

 -0.792908 0.295231 1.234522

 0.615554 -0.463527 -0.008677

 -0.619568 -0.461053 -0.004217

 0.489449 -0.578179 -0.427819

 -0.491573 -0.578179 -0.427613

 1.645296 0.268136 -1.220627

 -1.646332 0.268278 -1.220545

 0.745839 -0.104760 -1.374697

 -0.747265 -0.104723 -1.374663

 0.761611 1.188134 -0.941847

 -0.761604 1.187946 -0.940945

 0.171661 -0.951502 -0.417739

 -0.172797 -0.951669 -0.417764

 0.699568 0.629768 0.249325

 -0.701175 0.630041 0.249567

 0.284412 0.834212 -0.119174

 -0.285606 0.834166 -0.119392

 0.488181 -0.719892 0.043153

 -0.490256 -0.720768 0.043075

 0.080548 -1.008042 0.678548

 -0.081969 -1.008176 0.679161

 0.628375 -0.131773 0.198726

 -0.629354 -0.131634 0.198914

 -0.001442 -0.268194 -0.922556

 0.576441 -0.713059 0.374595

 -0.578026 -0.713330 0.373834

 0.523648 0.645772 -0.069759

 -0.525034 0.646176 -0.069801

 0.616014 -0.127663 0.240378

 -0.617383 -0.127663 0.240767

 0.192128 -0.978544 0.282373

 -0.193692 -0.978733 0.282617

 0.732297 -0.139283 0.394772

 -0.733621 -0.139284 0.394767

 2.152972 0.079549 -1.531927

 -2.154150 0.079424 -1.532012

 0.209730 -0.672619 1.711510

 -0.210907 -0.672624 1.711483

 0.989798 -0.143712 -1.547628

 -0.991185 -0.143705 -1.547593

 0.608663 0.103130 -0.064322

 -0.610814 0.102992 -0.063893

 0.518868 0.558668 -0.466363

 -0.520303 0.558729 -0.466324

 2.135386 0.725985 -1.387534

 -2.136675 0.726329 -1.387885

 1.558641 0.933561 -1.158550

 -1.559825 0.933616 -1.158454

 0.537430 0.508106 -0.484749

 -0.539108 0.508150 -0.484729

 1.407209 0.821287 -0.986156

 -1.408527 0.821355 -0.986001

 0.568567 0.438057 -0.111959

 -0.570168 0.438169 -0.112444

 0.502874 0.351017 1.690498

 -0.504016 0.350979 1.690599

 0.042355 -1.050202 0.622593

 -0.043759 -1.050256 0.622266

 1.001835 0.996377 -0.862344

 -1.003814 0.996415 -0.862346

 0.589275 0.855437 0.998100

 -0.590511 0.855543 0.997985

 0.110871 -0.926721 -0.167255

 -0.115692 -0.919073 -0.167397

 0.300844 -0.860597 0.627578

 -0.301851 -0.860622 0.627554

 0.828472 -0.043463 0.876938

 -0.829947 -0.043389 0.876933

 0.082713 -1.224915 0.207476

 -0.083976 -1.224868 0.207980

 0.852846 -0.082548 0.713531

 -0.854319 -0.082474 0.713534

 1.113284 0.910918 -0.877414

 -1.116148 0.910818 -0.877770

 0.775080 -0.100030 0.378417

 -0.776241 -0.100078 0.378426

 -0.001442 -0.854973 1.478540

 0.397696 0.868423 0.127179

 -0.398868 0.868392 0.127137

 0.165802 0.667592 1.727259

 -0.166820 0.667734 1.727266

 0.071356 -0.774281 1.670288

 -0.072587 -0.774401 1.670057

 0.550683 0.906967 0.742445

 -0.551851 0.907124 0.742143

 -0.635790 0.135434 -0.989130

 0.630390 0.130902 -0.983643

 2.294565 0.177603 -1.561749

 -2.295798 0.177548 -1.561709

 1.347294 0.939462 -1.005414

 -1.348457 0.939551 -1.005190

 0.587616 0.669094 -0.567022

 -0.589036 0.669103 -0.566741

 0.476537 0.820946 0.124917

 -0.477380 0.821086 0.124392

 0.869726 0.114226 0.475192

 -0.870998 0.114086 0.475279

 0.171880 0.743185 1.668454

 -0.173287 0.743079 1.668492

 0.598430 0.480031 -0.647494

 -0.600194 0.479981 -0.647275

 0.181274 1.310980 -1.447866

 -0.181477 1.310943 -1.448727

 0.793338 0.297549 -1.041260

 -0.795583 0.298110 -1.040848

 0.598859 0.357378 -0.650382

 -0.600654 0.357267 -0.650144

 0.525553 -0.726924 0.411743

 -0.526662 -0.727344 0.411167

 0.835333 0.134983 0.285293

 -0.836819 0.135048 0.285749

 0.450148 0.904723 -0.527627

 -0.451383 0.904748 -0.527233

 2.128532 0.837503 -1.537404

 -2.129656 0.837597 -1.537460

 0.644451 0.113603 -1.043194

 -0.646346 0.113522 -1.043751

 0.792396 0.091469 1.337125

 -0.793707 0.091038 1.337254

 0.831519 1.395517 -1.531158

 -0.831952 1.395531 -1.530640

 0.750720 -0.176021 0.329880

 -0.752061 -0.175928 0.329820

 0.488078 -0.155914 -0.435795

 -0.489266 -0.156281 -0.435574

 -0.309856 -0.188212 -1.035291

 0.310441 -0.192728 -1.029668

 0.406160 -0.916299 0.730395

 -0.407638 -0.916491 0.730266

 0.778721 -0.159401 0.406717

 -0.780077 -0.159316 0.406740

 0.154767 1.016699 1.171443

 -0.155903 1.016740 1.171417

 0.706252 0.682882 0.309272

 -0.707722 0.682686 0.309168

 1.415016 0.201702 -1.276843

 -1.416145 0.201740 -1.276827

 1.222518 0.457343 -1.027190

 -1.223875 0.457329 -1.027187

 -0.001442 -0.950015 -0.567235

 0.897552 1.220890 -1.033455

 -0.899055 1.220980 -1.033453

 0.595390 0.052816 -0.413002

 -0.597131 0.052530 -0.412863

 0.473738 0.769330 0.018395

 -0.475187 0.769221 0.018261

 -0.539619 -0.043074 -0.804279

 0.389677 -0.244701 -0.495024

 -0.390966 -0.244746 -0.495099

 0.352697 0.930956 0.232857

 -0.354218 0.930897 0.232717

 0.598311 0.170287 -0.190984

 -0.600261 0.170196 -0.192739

 1.535451 0.182022 -1.298082

 -1.536637 0.181956 -1.298123

 0.680603 -0.020008 1.534620

 -0.682016 -0.019672 1.534477

 0.727869 -0.340883 0.680716

 -0.729102 -0.341114 0.680908

 0.836584 -0.113385 1.015675

 -0.837992 -0.113550 1.015966

 0.625685 -0.152695 1.593850

 -0.626961 -0.152713 1.593847

 0.800147 -0.034625 0.247661

 -0.801333 -0.034774 0.247600

 0.869280 0.113851 0.994226

 -0.870718 0.113715 0.994529

 0.674922 0.005155 -1.313027

 -0.676217 0.005043 -1.313072

 0.809397 0.553831 0.539384

 -0.810882 0.553355 0.539449

 0.450602 -0.771323 0.074512

 -0.452670 -0.771915 0.074230

 1.070552 0.692862 -0.839480

 -1.071739 0.692846 -0.839168

 0.119855 -1.132064 0.165008

 -0.121621 -1.132094 0.164766

 0.676380 0.233299 0.119625

 -0.678245 0.233894 0.118835

 0.131213 -0.980516 0.450974

 -0.133636 -0.980664 0.451683

 0.650914 0.782324 0.359761

 -0.651892 0.782711 0.359240

 0.652215 0.044824 -1.241810

 -0.654393 0.044847 -1.242442

 0.563596 0.021860 1.704207

 -0.564833 0.021603 1.704277

 0.218071 1.016270 1.104342

 -0.219314 1.016241 1.104599

 0.566004 0.255741 -0.196105

 -0.567676 0.255673 -0.196228

 0.601133 0.106296 -0.863002

 -0.602180 0.104346 -0.862263

 0.802574 0.224785 0.387718

 -0.804096 0.224914 0.387849

 0.209096 0.889815 -0.450903

 -0.210252 0.889834 -0.450963

 0.154200 -1.055146 0.135043

 -0.155539 -1.055082 0.135022

 0.081955 -1.037221 -0.149998

 -0.087524 -1.035417 -0.149556

 0.048888 -0.173908 -1.103052

 -0.050104 -0.173492 -1.104767

 1.296693 0.069274 -1.337806

 -1.297828 0.069163 -1.337835

 0.057398 -1.201733 0.311887

 -0.058625 -1.201720 0.311927

 0.278732 -0.765721 0.607652

 -0.279926 -0.765730 0.607640

 0.691292 0.483235 -0.745261

 -0.692885 0.482850 -0.745045

 0.065846 -0.811837 1.600875

 -0.067091 -0.811924 1.600834

 0.390183 -0.651146 1.505437

 -0.391357 -0.651118 1.505479

 0.349371 -0.840182 -0.158879

 -0.350603 -0.841609 -0.157023

 0.427124 -0.251844 -0.411324

 -0.428334 -0.251979 -0.411652

 0.214084 0.998520 1.193470

 -0.215364 0.998571 1.193101

 1.025078 0.136106 -1.283905

 -1.026209 0.136157 -1.283864

 0.422024 0.947790 1.106095

 -0.423482 0.947835 1.105466

 0.580513 1.076707 -0.740973

 -0.581536 1.076428 -0.740634

 2.142197 0.619288 -1.319488

 -2.143408 0.619299 -1.319366

 0.085582 -0.700304 -0.200189

 -0.086804 -0.700270 -0.200199

 0.585877 -0.713365 0.685889

 -0.588092 -0.714532 0.686433

 0.548747 1.002274 -0.668466

 -0.549520 1.001910 -0.667893

 0.566429 0.693102 -0.521297

 -0.567832 0.693123 -0.521067

 0.488174 -0.202111 -0.293500

 -0.489352 -0.202072 -0.293639

 0.646963 -0.485407 1.010499

 -0.648357 -0.485293 1.010226

 -0.001442 -0.753999 -0.226250

 0.557960 0.892555 -0.597027

 -0.559322 0.893010 -0.597036

 0.864906 1.293827 -1.219252

 -0.866191 1.293932 -1.219431

 1.814090 0.090121 -1.370703

 -1.815308 0.090122 -1.370700

 0.699945 0.760280 0.569869

 -0.701048 0.760503 0.569729

 0.825951 0.065765 0.426397

 -0.827080 0.065647 0.426129

 2.227079 0.588700 -1.374793

 -2.228533 0.588593 -1.374707

 0.699804 -0.130824 0.023962

 -0.701077 -0.130803 0.023781

 0.735638 0.639742 -0.690182

 -0.736997 0.639524 -0.689777

 0.707737 -0.365241 0.413385

 -0.710307 -0.363656 0.414383

 0.075302 1.266836 -1.340091

 -0.075896 1.266958 -1.340783

 0.110000 0.910104 -0.719937

 -0.111103 0.909947 -0.719760

 0.594837 0.239557 -0.784169

 -0.596507 0.239448 -0.784168

 0.727560 1.078127 -0.788351

 -0.729091 1.078511 -0.788384

 0.049884 -0.363232 -0.777621

 -0.051285 -0.363174 -0.777601

 1.626696 0.148404 -1.332045

 -1.627969 0.148378 -1.332021

 0.341574 -0.702098 1.540353

 -0.342643 -0.702218 1.540374

 0.483581 -0.152930 1.732983

 -0.485002 -0.152662 1.732991

 0.287335 -0.770400 -0.551134

 -0.288776 -0.770610 -0.551072

 0.553668 -0.080048 -0.917547

 0.642569 0.156072 1.621214

 -0.643795 0.156204 1.621291

 0.235172 0.857058 -0.105733

 -0.236382 0.857339 -0.105141

 0.577025 -0.148844 0.035857

 -0.578368 -0.148972 0.035366

 0.233570 -0.836428 0.647940

 -0.234919 -0.836406 0.647931

 0.784019 0.592816 0.946368

 -0.785483 0.592570 0.946119

 0.608510 0.239372 -0.871962

 -0.610035 0.239171 -0.871716

 1.872288 0.875594 -1.376711

 -1.873486 0.875477 -1.376514

 0.751830 -0.359031 0.917849

 -0.753138 -0.359145 0.918017

 0.571924 -0.518193 1.466925

 -0.573264 -0.518179 1.466882

 0.858873 0.357742 0.844377

 -0.860244 0.357702 0.844468

 0.754899 -0.302060 0.797338

 -0.756327 -0.301956 0.797092

 0.197568 -0.769186 0.531380

 -0.200643 -0.766050 0.535310

 0.739374 0.690067 0.951843

 -0.740746 0.690071 0.951609

 0.431000 -0.859418 0.645952

 -0.431864 -0.860122 0.646365

 0.834923 0.290222 0.395490

 -0.836597 0.290061 0.396098

 0.803646 0.232211 -1.139563

 -0.804678 0.231953 -1.139422

 0.804027 -0.055409 0.527585

 -0.805246 -0.055579 0.527594

 0.270981 -0.189245 -1.344540

 -0.272110 -0.189321 -1.344593

 0.353883 -0.868004 0.052436

 -0.355736 -0.868436 0.052220

 0.148362 -0.699005 -0.625097

 -0.149530 -0.699053 -0.625116

 1.360220 0.324513 -1.217585

 -1.361399 0.324548 -1.217608

 -0.383746 -0.171109 -0.629429

 0.381294 -0.171981 -0.632076

 0.770974 -0.282019 0.695803

 -0.772061 -0.282361 0.695255

 0.632058 -0.154312 0.057849

 -0.633494 -0.154597 0.057493

 0.134508 -0.412938 -0.650411

 -0.135680 -0.412926 -0.650438

 0.698049 0.916522 -0.679212

 -0.699259 0.916526 -0.678824

 1.559889 0.321529 -1.193520

 -1.560702 0.321589 -1.193502

 0.736615 0.203913 -1.123500

 -0.737774 0.203718 -1.123286

 0.707049 -0.012085 0.224741

 -0.708215 -0.012399 0.224463

 0.293565 1.067003 -0.803034

 -0.294714 1.066879 -0.802949

 0.880472 0.074255 -1.299917

 -0.881500 0.074154 -1.299947

 0.095991 0.848596 -0.501124

 -0.097172 0.848455 -0.500744

 0.348447 -0.884897 0.644421

 -0.349543 -0.884839 0.644488

 0.188440 -0.905245 -0.550361

 -0.189906 -0.905194 -0.550390

 0.534501 -0.107236 -0.265905

 -0.536407 -0.106742 -0.265836

 0.589187 -0.014549 -1.066330

 -0.594789 -0.010652 -1.100980

 0.852669 0.357207 0.959204

 -0.854059 0.357188 0.959182

 -0.001442 -0.708945 -0.645743

 0.575217 -0.492038 -0.257029

 -0.579015 -0.492109 -0.256739

 -0.257921 -0.174817 -0.904819

 0.252293 -0.179435 -0.908621

 0.157864 -0.939815 -0.124279

 -0.163591 -0.949344 -0.126573

 0.592898 0.216353 -0.843457

 -0.594523 0.216322 -0.843479

 1.143881 0.838586 -0.869645

 -1.145537 0.838593 -0.869499

 0.186473 0.957417 0.253864

 -0.188633 0.957621 0.255108

 0.879314 0.188774 0.571102

 -0.880782 0.188697 0.571171

 0.880736 0.020936 0.557801

 -0.881891 0.020941 0.557791

 0.156131 -0.948881 -0.516450

 -0.157427 -0.948914 -0.516439

 0.404259 0.774407 -0.064315

 -0.405812 0.774155 -0.064368

 0.241050 1.014621 0.770635

 -0.242253 1.014633 0.770554

 0.035603 -0.298150 1.880232

 -0.036328 -0.300348 1.879863

 0.719338 -0.169997 0.217352

 -0.720748 -0.169915 0.217352

 0.103289 -0.928689 0.506926

 -0.104929 -0.928218 0.508168

 -0.001442 -1.019371 0.969256

 0.386528 -0.186174 -0.791390

 0.601062 0.141747 -0.431226

 -0.602759 0.141684 -0.431147

 0.672279 -0.208036 0.031568

 -0.673537 -0.208097 0.031263

 0.374068 0.019497 1.797918

 -0.375286 0.019952 1.797994

 0.170115 0.050344 1.886992

 -0.171393 0.050357 1.886978

 1.686231 0.518942 -1.138333

 -1.687342 0.518914 -1.138168

 0.525438 -0.311418 -0.369805

 -0.526529 -0.311103 -0.370032

 0.664276 -0.579878 0.332766

 -0.667715 -0.578960 0.333452

 0.600921 0.179968 -0.881655

 -0.602473 0.179851 -0.881524

 -0.001442 -1.210817 0.321475

 0.201437 0.972512 0.370817

 -0.202734 0.972574 0.371069

 0.199641 0.851799 -0.276684

 -0.200866 0.851841 -0.276715

 0.083636 -0.987677 1.079046

 -0.083691 -0.987736 1.079012

 0.082396 -1.066232 -0.194995

 -0.083611 -1.066278 -0.195215

 0.135234 -0.858165 0.532100

 -0.140033 -0.856769 0.530527

 0.684515 1.407923 -1.578423

 -0.686279 1.407897 -1.578324

 0.559535 -0.558411 1.426424

 -0.560762 -0.558397 1.426560

 0.538334 -0.691507 0.491984

 -0.539565 -0.692117 0.491656

 0.109754 -0.232944 -1.474938

 -0.110997 -0.232914 -1.474926

 0.572322 0.577132 -0.593975

 -0.573875 0.577322 -0.593644

 0.789652 0.063537 0.419019

 -0.791041 0.063607 0.419557

 0.149364 -0.297404 -1.587827

 -0.150550 -0.297450 -1.587936

 1.951155 0.402038 -1.226712

 -1.952312 0.402018 -1.226560

 0.353314 0.995965 0.585155

 -0.354438 0.996019 0.585088

 0.763222 0.518284 1.158231

 -0.764537 0.518250 1.158184

 0.630939 0.084008 0.083635

 -0.632188 0.083637 0.083389

 0.129171 0.064754 1.897765

 -0.130539 0.064446 1.897719

 0.825763 0.150969 1.169786

 -0.827124 0.150969 1.169809

 0.186052 1.032100 -0.928052

 -0.187269 1.032212 -0.928360

 0.234875 -0.327740 1.830675

 -0.236241 -0.327638 1.830656

 0.072678 -0.259110 -0.922320

 -0.074271 -0.259048 -0.922328

 0.195732 1.099400 -1.029865

 -0.197103 1.099392 -1.029889

 0.701216 0.772190 0.723907

 -0.702527 0.772302 0.723417

 0.831075 0.451686 0.515877

 -0.832569 0.451771 0.516001

 -0.001442 -0.654735 1.790206

 0.216783 1.022788 1.035116

 -0.217881 1.022845 1.035028

 0.541472 0.548852 -0.545813

 -0.542902 0.548729 -0.545328

 0.555703 -0.274072 1.645979

 -0.556831 -0.274534 1.645885

 0.593917 0.139828 -0.279413

 -0.595866 0.139785 -0.279281

 0.408220 -0.816242 0.201269

 -0.409564 -0.817080 0.201522

 0.532004 -0.781787 0.674080

 -0.534456 -0.782076 0.674145

 0.485760 -0.136618 -0.546020

 -0.487441 -0.136413 -0.546390

 0.157408 -1.024700 0.917135

 -0.157346 -1.024936 0.917214

 0.583415 0.255177 -0.569524

 -0.585001 0.254849 -0.569205

 0.535516 1.340658 -1.313281

 -0.535234 1.340698 -1.313965

 0.211714 -0.283459 -1.527535

 -0.212727 -0.283501 -1.527710

 0.551039 -0.221978 -1.431678

 -0.552380 -0.221942 -1.431577

 1.509338 0.052477 -1.482076

 -1.510474 0.052454 -1.481960

 0.143259 -0.325320 -1.649763

 -0.144419 -0.325317 -1.649764

 0.874802 0.345049 0.505068

 -0.876171 0.345313 0.505072

 2.050308 0.075673 -1.452672

 -2.051487 0.075590 -1.452682

 0.594786 0.419999 -0.071227

 -0.597258 0.420757 -0.070096

 0.903373 0.412434 -0.965108

 -0.904879 0.412319 -0.965048

 1.634464 1.171306 -1.637424

 -1.636557 1.171041 -1.638084

 0.600699 0.105485 -0.619564

 -0.602405 0.105180 -0.619463

 0.298066 -0.858170 -0.199942

 -0.301615 -0.857805 -0.201823

 0.340779 -0.176106 -1.144813

 -0.338726 -0.177090 -1.147164

 0.793659 0.410817 0.310887

 -0.795376 0.411129 0.311038

 0.245851 -0.866573 -0.469670

 -0.247366 -0.867023 -0.469889

 0.195541 -0.165152 -1.005411

 -0.194269 -0.165015 -1.008577

 0.813081 0.024136 0.558634

 -0.814415 0.024063 0.558569

 0.610890 -0.666987 0.259768

 -0.612461 -0.668384 0.260223

 0.530948 0.491991 1.616819

 -0.532130 0.491948 1.616932

 0.818689 0.121385 1.275956

 -0.819922 0.121324 1.276168

 0.559346 0.494088 -0.562785

 -0.561025 0.494061 -0.562486

 0.293241 -0.698845 0.550678

 -0.294275 -0.698890 0.550656

 -0.001442 0.754116 1.660334

 0.516048 -0.317105 1.668009

 -0.517275 -0.316931 1.668101

 0.530752 -0.093823 -0.790312

 0.533451 -0.442957 -0.407175

 -0.535017 -0.442898 -0.407382

 0.120625 -0.416226 1.851870

 -0.121831 -0.416537 1.851791

 0.611582 0.328328 -0.710461

 -0.613304 0.328206 -0.710126

 0.080086 -0.925175 1.244018

 -0.082860 -0.924258 1.246502

 0.164735 -0.937341 0.430058

 -0.166447 -0.937986 0.430588

 0.721843 -0.153281 0.111735

 -0.723117 -0.153917 0.111061

 0.444865 -0.698723 0.554366

 -0.446192 -0.698733 0.554371

 0.455174 0.428534 1.707135

 -0.456237 0.428421 1.707301

 0.354140 -0.812654 1.321743

 -0.354857 -0.813550 1.321425

 0.596041 0.777755 1.210970

 -0.597285 0.777912 1.210798

 0.706873 -0.228677 0.146624

 -0.708734 -0.228965 0.148171

 2.205083 0.281875 -1.367762

 -2.206508 0.281687 -1.367404

 0.538883 -0.629173 1.242460

 -0.540122 -0.629220 1.242490

 0.773849 0.046071 0.219371

 -0.775532 0.046445 0.219813

 2.026138 0.107407 -1.388554

 -2.027316 0.107413 -1.388435

 0.373988 0.784456 -0.151656

 -0.375375 0.784414 -0.151435

 -0.001442 -1.068350 -0.249257

 0.436187 -0.290588 -1.600028

 -0.437381 -0.290621 -1.600062

 2.027922 0.654326 -1.269479

 -2.029068 0.654369 -1.269394

 0.371504 1.386088 -1.692474

 -0.372663 1.386087 -1.692474

 2.229337 0.657395 -1.417463

 -2.230700 0.657313 -1.417553

 0.564231 0.361635 1.637283

 -0.565389 0.362056 1.637250

 0.744810 -0.135201 -1.396002

 -0.746160 -0.135195 -1.395961

 0.860713 0.040709 0.280457

 -0.862159 0.040651 0.280216

 0.898904 0.527607 -0.845920

 -0.900798 0.527506 -0.845870

 0.069958 -1.051031 -0.134648

 -0.071085 -1.052253 -0.134463

 0.459070 -0.178037 -0.903746

 0.593625 0.254539 -0.706266

 -0.595310 0.254507 -0.706273

 1.469808 0.010283 -1.554234

 -1.470985 0.010257 -1.554193

 0.268017 0.873514 -0.015527

 -0.269295 0.873480 -0.015732

 -0.001442 -1.081549 -0.031916

 0.451895 -0.783033 0.520656

 -0.453134 -0.783141 0.520680

 0.513861 0.747252 -0.428767

 -0.515336 0.747190 -0.428441

 0.741494 -0.277038 1.276402

 -0.742805 -0.277227 1.276454

 0.501907 1.294490 -1.191373

 -0.503048 1.294428 -1.191419

 0.995712 -0.084153 -1.415262

 -0.997105 -0.084145 -1.415215

 0.356261 1.219626 -1.170483

 -0.357560 1.219734 -1.170717

 0.591672 0.194455 -0.723624

 -0.593273 0.194400 -0.723647

 0.038895 -1.130114 -0.060308

 -0.039879 -1.130149 -0.060276

 0.340275 -0.230285 -0.575881

 -0.341563 -0.230408 -0.575901

 2.353360 0.406903 -1.519295

 -2.356895 0.424382 -1.516328

 0.827498 0.635614 -0.745679

 -0.829150 0.635543 -0.745321

 0.199831 -0.952655 -0.151042

 -0.203343 -0.952266 -0.150980

 2.070375 0.195976 -1.333560

 -2.071347 0.196154 -1.333132

 1.028491 0.302913 -1.190653

 -1.029497 0.302834 -1.190617

 0.123122 0.948409 -0.808702

 -0.124383 0.948548 -0.809084

 0.854436 1.262748 -1.105839

 -0.855663 1.262830 -1.105793

 0.886616 0.230865 0.624017

 -0.888115 0.230888 0.624085

 0.827032 -0.126626 0.533321

 -0.828216 -0.126672 0.533339

 0.866254 0.100793 0.314110

 -0.867369 0.100554 0.313364

 0.248306 -0.193901 -0.806271

 -0.249095 -0.188746 -0.808034

 -0.001442 -1.077338 -0.222171

 0.419970 -0.153579 -1.356273

 -0.420752 -0.153747 -1.356316

 0.843182 0.275447 0.712191

 -0.844686 0.275480 0.712255

 0.285117 -0.977785 0.929367

 -0.286258 -0.977510 0.930511

 1.819694 0.156353 -1.290218

 -1.820927 0.156207 -1.290360

 0.778448 0.436642 1.191078

 -0.779750 0.436523 1.191104

 0.878486 0.067147 0.710430

 -0.880029 0.066884 0.710614

 0.498957 0.596940 -0.335661

 -0.500430 0.596985 -0.335648

 0.384612 0.816049 -0.288499

 -0.385665 0.816340 -0.288739

 2.108603 0.820618 -1.474130

 -2.109809 0.820611 -1.474066

 0.053363 1.078194 -0.993569

 -0.054754 1.078505 -0.994122

 0.733052 -0.121944 0.055265

 -0.734548 -0.121974 0.055131

 -0.001442 0.806365 -0.402720

 0.632618 -0.544238 1.183331

 -0.633895 -0.544244 1.183452

 0.189996 -0.954460 -0.125743

 -0.198201 -0.948285 -0.124426

 0.416160 -0.235628 -1.407626

 -0.417450 -0.235649 -1.407643

 0.245918 0.912776 0.089119

 -0.245697 0.912553 0.086764

 0.708748 0.470025 1.349911

 -0.710160 0.469931 1.349666

 2.140771 0.457432 -1.292536

 -2.142324 0.457478 -1.292317

 0.501113 0.527015 -0.250605

 -0.502681 0.527261 -0.250798

 0.315727 0.875305 -0.380991

 -0.317026 0.875394 -0.380846

 0.614044 0.088260 1.663176

 -0.615321 0.088388 1.663202

 0.520435 -0.089796 -0.621761

 -0.518304 -0.092574 -0.620932

 0.872375 -0.014593 0.719640

 -0.873871 -0.014265 0.719507

 0.506747 1.193261 -0.913017

 -0.507919 1.193272 -0.913058

 0.436351 0.746751 -0.231925

 -0.437686 0.746939 -0.232143

 0.849324 1.374142 -1.444052

 -0.850323 1.374260 -1.444202

 1.156189 1.067511 -1.004677

 -1.157427 1.067679 -1.004542

 0.691982 -0.468251 1.178808

 -0.693429 -0.468108 1.179052

 0.136010 -1.025097 0.345399

 -0.137965 -1.024973 0.345473

 0.835492 0.571801 -0.783799

 -0.837131 0.571626 -0.783625

 1.122118 0.024859 -1.337355

 -1.123393 0.024852 -1.337328

 1.108958 1.188511 -1.134095

 -1.110687 1.188501 -1.134170

 0.574990 0.011497 -0.681195

 -0.575606 0.010349 -0.678268

 0.594981 0.081023 -0.233474

 -0.597026 0.080211 -0.233682

 1.508409 0.508437 -1.057524

 -1.509534 0.508397 -1.057399

 0.326865 -0.746752 0.611699

 -0.327814 -0.746806 0.611704

 0.427181 -0.256036 -1.450418

 -0.428428 -0.256054 -1.450443

 0.764649 0.090886 -1.242089

 -0.765758 0.090807 -1.242022

 0.504987 -0.731284 0.527784

 -0.505963 -0.731980 0.528136

 0.140470 -0.968947 -0.447741

 -0.141659 -0.969008 -0.447752

 0.119806 -1.045882 -0.137894

 -0.123759 -1.044898 -0.137833

 0.612683 0.875609 -0.621658

 -0.614047 0.875777 -0.621432

 0.051634 -1.164168 0.366634

 -0.052896 -1.164161 0.366775

 0.272632 0.872913 -0.361845

 -0.273881 0.872957 -0.361684

 0.186056 1.015529 0.606652

 -0.187311 1.015546 0.606504

 0.132598 -0.879573 -0.605331

 -0.133861 -0.879453 -0.605429

 2.299730 0.349677 -1.434952

 -2.302045 0.349446 -1.435660

 -0.001442 1.253175 -1.290308

 0.491753 0.561237 -0.296987

 -0.493197 0.561348 -0.297012

 0.232523 1.214340 -1.211796

 -0.233778 1.214095 -1.211360

 0.777364 -0.134750 0.526481

 -0.778654 -0.134717 0.526491

 0.837977 0.061271 0.607941

 -0.839427 0.061331 0.607792

 0.596832 0.162614 -0.690216

 -0.598446 0.162687 -0.690246

 0.453393 -0.699637 1.329981

 -0.454793 -0.699366 1.330276

 0.123992 -1.134840 0.261161

 -0.125425 -1.135209 0.261065

 0.593276 0.066639 -0.662057

 -0.594983 0.066519 -0.662080

 0.151328 0.806926 1.602257

 -0.152440 0.807156 1.602069

 -0.001442 1.024161 0.687079

 0.491228 0.574093 -0.239944

 -0.492768 0.574235 -0.239961

 0.961027 0.766507 -0.789005

 -0.963063 0.766499 -0.788919

 -0.001442 0.478218 1.833594

 0.617410 -0.152069 -1.377343

 -0.618324 -0.152151 -1.377306

 -0.378151 -0.176489 -1.062693

 0.376832 -0.183830 -1.063577

 1.334251 1.274993 -1.519386

 -1.334499 1.275274 -1.518772

 -0.001442 1.307502 -1.555194

 -0.001442 0.946241 0.316924

 0.107605 1.317162 -1.537924

 -0.109517 1.317022 -1.536804

 -0.001442 -1.095659 -0.132801

 0.161879 1.000932 0.502309

 -0.163558 1.000948 0.502134

 1.846184 0.699726 -1.234336

 -1.847382 0.699715 -1.234296

 0.233005 -0.890999 0.378466

 -0.234388 -0.891437 0.378738

 1.867230 0.616291 -1.221797

 -1.868495 0.616407 -1.221782

 -0.028751 -0.442861 -0.190125

 -0.179870 -0.931582 -0.065228

 -0.263298 -0.725067 -0.102725

 -0.151576 -0.732380 -0.004684

 0.076185 -0.956398 -0.025195

 0.072450 -0.653321 0.082505

 0.253434 -0.646622 -0.036190

 0.194708 -0.693220 -0.158928

 -0.242086 -0.618533 -0.218645

 -0.238119 -0.647604 -0.138761

 -0.402371 -0.792705 0.583566

 -0.320198 -0.804177 0.506479

 -0.297254 -0.426471 0.538511

 0.376071 -0.526240 0.734843

 0.452835 -0.740674 0.634941

 0.339071 -0.782009 0.604102

 -0.082844 -0.811509 -0.306753

 0.126319 -0.895938 -0.211892

 0.034839 -0.656324 -0.230071

 -0.000470 -0.673420 -0.138572

 -0.002607 -0.699994 -0.229010

 -0.086630 -0.775892 -0.167765

 0.001616 -1.004560 -0.177043

 -0.163409 -0.902932 -0.049853

 0.045945 -0.430140 -0.242450

 -0.002111 -1.036831 -0.080106

 -0.209766 -0.634516 -0.208402

 0.232318 -0.780197 -0.049040

 0.118877 -0.457552 -0.250431

 -0.166447 -0.708489 0.679227

 -0.477242 -0.695504 0.512659

 -0.332005 -0.565032 0.388684

 0.191730 -0.882193 -0.154758

 -0.234365 -0.648059 -0.214378

 -0.274246 -0.675986 0.758898

 -0.086678 -0.952209 -0.027290

 0.311581 -0.763641 0.440637

 -0.468446 -0.573571 0.678157

 0.155217 -0.644359 0.458179

 -0.086723 -0.581653 -0.214803

 -0.317432 -0.773742 0.568410

 0.157860 -0.690307 0.682605

 0.230188 -0.706166 -0.240256

 -0.073728 -1.008634 -0.169847

 -0.142625 -0.608196 0.472987

 0.162461 -0.619351 -0.254960

 -0.395883 -0.727579 0.716779

 0.427971 -0.620449 0.421146

 -0.344049 -0.807184 0.586037

 0.205689 -0.475299 0.489184

 -0.232329 -0.508759 0.720316

 0.196116 -0.458379 0.549589

 0.145391 -0.857376 -0.269094

 -0.229514 -0.639821 -0.058847

 -0.448110 -0.541117 0.460950

 -0.159134 -0.743368 0.610777

 0.165567 -0.943073 -0.169721

 -0.423832 -0.471211 0.633542

 -0.465708 -0.633844 0.693590

 0.174776 -0.786476 -0.016382

 -0.074091 -0.701517 -0.285631

 -0.060436 -0.806695 0.016783

 0.361674 -0.585564 0.761958

 0.460712 -0.740022 0.547018

 -0.004729 -0.512903 -0.117296

 0.496280 -0.591982 0.619311

 -0.234253 -0.488388 0.448289

 -0.180456 -0.848814 -0.139450

 -0.346192 -0.699537 0.401041

 -0.192164 -0.616340 -0.155211

 -0.243177 -0.584512 0.758253

 0.227701 -0.639818 -0.059535

 0.440511 -0.473517 0.556700

 -0.258816 -0.723254 -0.133483

 0.464570 -0.612664 0.694249

 0.264118 -0.635363 0.387164

 0.266493 -0.810624 0.556152

 -0.182739 -0.606293 0.724084

 0.373402 -0.433196 0.555320

 -0.196818 -0.721361 -0.246378

 -0.154017 -0.782722 -0.190473

 -0.230082 -0.733420 0.436630

 -0.397148 -0.496781 0.704682

 0.100216 -0.995070 -0.167031

 -0.014516 -0.663907 0.085016

 0.111743 -0.756323 -0.215408

 0.184908 -0.938113 -0.162821

 -0.260739 -0.810545 0.574393

 -0.011181 -1.043858 -0.173056

 0.105193 -0.970266 -0.225883

 -0.166536 -0.949014 -0.171019

 0.257564 -0.722915 -0.135068

 -0.221712 -0.446253 0.616458

 0.174930 -0.673797 -0.135330

 0.193071 -0.780964 0.587761

 -0.238085 -0.825145 -0.091791

 -0.466933 -0.617738 0.464038

 0.203589 -0.752500 0.475803

 -0.199374 -0.734982 -0.153812

 -0.216068 -0.759051 0.679061

 0.239768 -0.644320 -0.132123

 -0.067326 -0.947714 -0.184622

 -0.503232 -0.589994 0.572061

 0.165298 -0.705016 -0.002915

 0.144246 -0.780244 -0.177635

 -0.194926 -0.945536 -0.164335

 0.129683 -0.531795 -0.202305

 -0.114245 -0.986467 -0.069340

 0.342155 -0.801499 0.507672

 -0.323021 -0.766044 0.708966

 0.234463 -0.473126 0.687090

 -0.337796 -0.455109 0.680461

 0.042995 -0.692472 -0.225847

 -0.428279 -0.468363 0.540711

 0.107289 -0.920934 -0.184586

 -0.434340 -0.756087 0.508166

 -0.141980 -0.528098 0.629451

 -0.419360 -0.584521 0.734256

 0.132740 -0.931514 -0.172715

 -0.229361 -0.838974 -0.056606

 0.056287 -0.752338 0.015841

 0.195399 -0.626537 -0.239256

 -0.267969 -0.668941 0.391713

 0.154049 -0.499467 0.545043

 -0.174118 -0.650869 0.034762

 -0.140558 -0.873128 -0.017423

 0.489071 -0.548433 0.558024

 0.198095 -0.677053 -0.192513

 0.251354 -0.595043 -0.137637

 -0.126965 -0.540419 -0.200734

 -0.033037 -0.966326 -0.200215

 -0.191709 -0.820426 -0.249790

 0.113085 -0.625175 0.563312

 -0.287607 -0.433866 0.643109

 -0.127255 -0.911561 -0.226551

 0.380712 -0.507760 0.432800

 0.193054 -0.814911 -0.108812

 0.119350 -0.900854 -0.272687

 -0.161582 -0.565328 -0.112275

 -0.001287 -0.973394 -0.276229

 -0.061494 -0.989725 -0.229321

 -0.153263 -0.867325 -0.224856

 0.316158 -0.680794 0.761173

 -0.001916 -0.705506 -0.279133

 0.002119 -0.984606 -0.262587

 0.143305 -0.563231 0.666598

 -0.177840 -0.610987 -0.118293

 0.229969 -0.619003 0.755389

 -0.062524 -0.894724 -0.212030

 -0.071397 -0.963996 -0.262271

 -0.352693 -0.683759 0.755331

 -0.142984 -0.881726 -0.166474

 0.273462 -0.700871 0.401018

 0.151608 -0.985789 -0.047018

 -0.164309 -0.867873 -0.230800

 -0.188858 -0.858277 -0.042435

 0.212432 -0.667410 -0.119712

 0.255001 -0.522238 0.738782

 -0.124890 -0.681948 0.594651

 -0.241854 -0.722332 -0.152720

 0.070002 -0.812608 0.014416

 -0.069899 -0.990585 -0.175255

 -0.417762 -0.609805 0.412955

 -0.083819 -0.943727 -0.269619

 -0.141516 -0.711633 0.533648

 -0.027540 -0.906213 -0.306247

 0.268034 -0.470778 0.453773

 -0.335966 -0.506396 0.735547

 0.163723 -0.867604 -0.229172

 -0.210196 -0.740085 -0.135252

 -0.150557 -0.987698 -0.047201

 -0.213811 -0.649665 -0.145124

 0.078204 -0.453921 -0.185162

 -0.070417 -0.768778 -0.213300

 0.168879 -0.590986 0.443379

 -0.465092 -0.741670 0.578594

 -0.079742 -1.011981 -0.076886

 0.170895 -0.567037 -0.150379

 -0.003996 -1.026986 -0.061376

 0.202889 -0.886083 -0.085198

 0.471630 -0.540113 0.647552

 0.336101 -0.719096 0.410648

 0.114064 -0.855644 -0.221753

 0.262958 -0.668988 -0.129995

 0.096516 -0.516395 -0.112332

 -0.122105 -0.934617 -0.283737

 0.117005 -0.572274 -0.102226

 -0.248115 -0.741620 -0.136575

 0.121495 -0.579101 0.623149

 -0.063512 -0.737743 0.015629

 -0.202566 -0.885763 -0.093950

 0.234156 -0.792460 0.633217

 0.001233 -1.026283 -0.170655

 -0.099416 -0.944577 -0.201475

 0.195261 -0.462305 0.626825

 -0.200440 -0.684095 0.425177

 0.438433 -0.511736 0.476921

 -0.249361 -0.579772 0.393957

 0.284421 -0.434749 0.644701

 -0.173523 -0.883076 -0.167495

 -0.262410 -0.807105 0.537099

 -0.113724 -0.939993 -0.256938

 0.201849 -0.648619 0.413294

 0.316471 -0.801690 0.633454

 0.365509 -0.798074 0.643033

 0.068419 -1.033224 -0.171052

 -0.002613 -0.861827 -0.222011

 0.077934 -1.012340 -0.080311

 0.241849 -0.720363 -0.152007

 0.184813 -0.919639 -0.062696

 0.216303 -0.563643 0.410273

 -0.455258 -0.678779 0.459725

 -0.001279 -0.783556 -0.177169

 -0.324284 -0.778064 0.461131

 -0.099747 -0.449069 -0.229100

 -0.144763 -0.855198 -0.166422

 -0.322975 -0.494773 0.424359

 0.248714 -0.677163 0.754072

 0.093562 -0.790047 -0.301803

 0.310857 -0.770988 0.703406

 0.196085 -0.720612 -0.242617

 0.171713 -0.881176 -0.167360

 -0.094048 -0.482489 -0.143585

 0.161706 -0.564722 -0.113953

 0.473450 -0.659282 0.481459

 -0.254088 -0.649596 -0.041163

 -0.155515 -0.920887 -0.159654

 -0.116439 -0.986003 -0.181094

 0.381331 -0.765541 0.467659

 -0.115181 -0.964577 -0.170301

 0.388719 -0.792193 0.561919

 -0.118598 -0.619219 -0.105704

 -0.147754 -0.927083 -0.169986

 0.361871 -0.582581 0.391193

 -0.150917 -0.546212 0.487490

 -0.279745 -0.803169 0.645570

 -0.117835 -0.623617 -0.262745

 -0.123261 -0.562299 0.542500

 -0.443150 -0.736143 0.658999

 -0.195428 -0.626131 -0.240297

 0.121401 -0.976757 -0.070641

 -0.194469 -0.676489 -0.158189

 0.072892 -0.668489 -0.268973

 0.196411 -0.788082 -0.039092

 0.142798 -0.716847 0.618300

 0.218940 -0.637651 -0.142688

 0.155170 -0.652046 0.048538

 0.154306 -0.829488 -0.165618

 0.137305 -0.531594 -0.239383

 0.139829 -0.984654 -0.170658

 -0.468800 -0.514561 0.534217

 0.266317 -0.668534 -0.091167

 0.120937 -0.934617 -0.283737

 0.154343 -0.920923 -0.159657

 -0.227008 -0.717052 0.724005

 0.143243 -0.725613 0.562653

 -0.236987 -0.747506 -0.075018

 0.449693 -0.688383 0.692117

 -0.189037 -0.883962 -0.089066

 -0.136938 -0.523643 -0.231583

 0.197615 -0.736265 -0.154712

 -0.415246 -0.479845 0.487799

 0.484495 -0.668263 0.646495

 -0.482074 -0.682887 0.641353

 0.282345 -0.522464 0.407862

 0.052159 -1.003073 -0.208131

 0.235613 -0.834108 -0.032805

 0.170239 -0.546272 -0.257881

 0.170575 -0.888484 -0.157303

 0.188769 -0.849780 -0.223396

 0.056574 -0.878083 -0.212697

 0.162187 -0.902837 -0.049627

 0.050592 -0.973528 -0.238936

 0.190389 -0.820942 -0.251356

 -0.079518 -1.021978 -0.050444

 0.248368 -0.655241 -0.064134

 -0.192895 -0.882162 -0.154885

 0.105562 -0.777642 -0.167167

 0.310184 -0.472525 0.709653

 0.408558 -0.700784 0.723010

 -0.307470 -0.446287 0.480294

 -0.241946 -0.822890 -0.150191

 0.495655 -0.607296 0.525316

 -0.114768 -0.600601 0.599011

 -0.147393 -0.792097 -0.281251

 -0.153412 -0.773200 -0.212569

 -0.069236 -0.696964 0.036241

 -0.201884 -0.812344 -0.148554

 0.245089 -0.717173 -0.039690

 -0.141098 -0.984858 -0.170604

 -0.213177 -0.740768 -0.062096

 -0.135742 -0.904497 -0.258417

 -0.113953 -0.865958 -0.222108

 0.299780 -0.426657 0.535475

 0.250597 -0.667479 -0.182314

 0.113737 -1.010917 -0.159286

 0.154432 -0.781085 -0.205913

 -0.090186 -0.517370 -0.110122

 -0.185345 -0.556478 0.437601

 -0.392444 -0.529059 0.423013

 0.411165 -0.640535 0.741021

 -0.044684 -0.432536 -0.247799

 -0.114910 -1.010918 -0.159282

 0.227266 -0.791207 0.521997

 -0.199444 -0.485738 0.670195

 0.245758 -0.836329 -0.108966

 -0.015786 -0.981505 -0.288132

 -0.149955 -0.506196 0.556038

 0.033601 -0.771090 -0.310421

 0.182587 -0.883546 -0.069191

 0.397576 -0.449963 0.620105

 0.002733 -0.835364 -0.318285

 0.491110 -0.674685 0.535378

 0.121186 -0.671676 -0.119583

 0.230607 -0.875058 -0.155621

 -0.189343 -0.849992 -0.224150

 -0.237026 -0.833096 -0.032711

 0.181786 -0.663144 -0.206206

 0.201690 -0.812516 -0.148780

 0.160703 -0.777002 -0.272617

 -0.168588 -0.538900 -0.257518

 0.396318 -0.469903 0.484840

 0.002634 -0.941204 -0.187103

 0.140709 -0.626047 0.677917

 0.008796 -1.043500 -0.174130

 -0.380544 -0.794662 0.527254

 -0.132496 -0.663450 0.649117

 -0.498440 -0.672516 0.576068

 0.312556 -0.542890 0.756772

 -0.139355 -0.980091 -0.073592

 -0.234290 -0.450943 0.501790

 0.025783 -0.915365 -0.303297

 -0.350837 -0.796991 0.650387

 -0.184122 -0.965782 -0.120460

 0.266143 -0.808512 0.602404

 0.123992 -0.613875 -0.260920

 -0.211403 -0.885749 -0.154385

 -0.070461 -0.653408 0.081780

 0.350803 -0.436189 0.637625

 0.056010 -0.970696 -0.287082

 0.087015 -0.706431 0.023609

 -0.118221 -0.644438 0.536200

 0.185893 -0.628643 0.727989

 -0.189979 -0.776885 0.567403

 0.382262 -0.663840 0.400900

 0.050240 -0.475920 -0.134627

 -0.186203 -0.752379 0.498630

 0.149462 -0.511953 0.619344

 0.100365 -0.723478 -0.285586

 -0.327394 -0.796931 0.625305

 0.319517 -0.809602 0.595156

 0.121723 -0.556386 0.560173

 0.235816 -0.622607 -0.207941

 -0.169393 -0.932407 -0.172202

 -0.367776 -0.564134 0.752410

 0.438879 -0.529761 0.692063

 -0.245449 -0.716917 -0.180856

 -0.415388 -0.668349 0.732068

 0.157075 -0.986394 -0.110581

 0.201952 -0.706998 0.717606

 -0.155139 -0.613689 -0.256761

 -0.124495 -0.693521 -0.216068

 0.120359 -0.655508 -0.218984

 -0.160836 -0.934926 -0.159269

 0.383691 -0.475822 0.688283

 -0.071997 -0.669248 -0.270064

 -0.192505 -0.799372 -0.104208

 0.325835 -0.767758 0.571089

 -0.000587 -1.044806 -0.052530

 -0.298759 -0.729777 0.414698

 -0.167886 -0.983823 -0.161084

 -0.019394 -0.950286 -0.015417

 -0.276458 -0.776448 0.461115

 -0.189762 -0.937931 -0.042455

 -0.199283 -0.675231 -0.191331

 0.070857 -0.898950 -0.174810

 0.208602 -0.634522 -0.208461

 -0.160910 -0.676699 -0.128739

 0.138661 -0.979216 -0.075732

 -0.131665 -0.779224 -0.171197

 -0.123730 -0.460466 -0.250747

 0.091264 -0.935091 -0.270195

 -0.365715 -0.431046 0.545194

 0.239367 -0.632858 -0.236921

 -0.366045 -0.462315 0.472500

 -0.000579 -0.738428 -0.301356

 -0.157121 -0.690732 0.474761

 -0.363519 -0.438637 0.635929

 -0.114368 -0.916722 -0.186682

 -0.201949 -0.663214 0.736143

 -0.184730 -0.624909 0.426006

 0.236031 -0.757445 0.696872

 0.108824 -0.940399 -0.256774

 0.159661 -0.535014 0.477282

 -0.071414 -1.030467 -0.172456

 0.429435 -0.565765 0.432740

 0.282835 -0.731072 0.735265

 -0.068235 -1.034373 -0.129628

 0.079838 -1.021559 -0.050406

 -0.158820 -0.986469 -0.111727

 0.123121 -0.973041 -0.171621

 0.145413 -0.968655 -0.186013

 0.244207 -0.815985 -0.149117

 0.120772 -0.653361 0.620167

 0.195967 -0.818216 -0.272763

 0.247030 -0.439987 0.518616

 -0.285030 -0.519276 0.410505

 0.196157 -0.923692 -0.041073

 0.108017 -0.491396 -0.181720

 -0.491537 -0.568918 0.621333

 0.259389 -0.427073 0.588777

 -0.228232 -0.717093 -0.236724

 0.176904 -0.858268 -0.031341

 -0.197586 -0.817342 -0.272680

 -0.234310 -0.728494 -0.264392

 -0.171299 -0.889056 -0.157392

 0.198331 -0.835688 -0.060109

 0.051124 -0.960213 -0.190382

 0.071291 -1.029249 -0.112045

 0.078528 -1.002445 -0.069197

 0.131580 -0.591193 0.495537

 -0.219732 -0.787234 0.628068

 -0.005054 -0.565011 -0.116499

 -0.109425 -0.563838 -0.101613

 0.203685 -0.673489 -0.029374

 0.429989 -0.702681 0.446494

 0.230638 -0.725322 0.429868

 0.066227 -0.968957 -0.253043

 -0.266712 -0.674622 -0.082974

 -0.309500 -0.559414 0.760839

 0.327674 -0.659499 0.385919

 0.175362 -0.701199 0.458720

 0.105531 -0.967948 -0.175755

 -0.470134 -0.507111 0.587574

 0.270870 -0.781759 0.471761

 0.089947 -0.993936 -0.175860

 0.063757 -0.988206 -0.176740

 -0.174213 -0.665143 -0.209611

 0.145658 -0.874176 -0.166987

 0.233144 -0.728494 -0.264392

 -0.205095 -0.720756 -0.091042

 0.006857 -1.028644 -0.104149

 0.194685 -0.620410 -0.174347

 0.138395 -0.900428 -0.255384

 -0.039182 -1.021957 -0.118097

 -0.219306 -0.665322 -0.047214

 -0.193518 -0.718264 -0.163280

 0.004204 -0.764213 -0.222948

 0.222112 -0.502604 0.443873

 0.072205 -0.594826 -0.221366

 -0.186651 -0.607194 -0.186547

 0.209876 -0.885510 -0.154373

 0.427848 -0.579386 0.724266

 -0.211603 -0.902032 -0.114354

 -0.483258 -0.569224 0.504831

 0.209108 -0.547775 0.730957

 -0.179624 -0.803870 -0.018743

 0.351665 -0.442298 0.502313

 0.346864 -0.720244 0.739348

 0.052579 -0.873593 0.005226

 0.330038 -0.472644 0.446997

 -0.019999 -1.018151 -0.178102

 -0.248556 -0.654383 -0.053327

 0.012632 -1.016893 -0.176748

 -0.101335 -0.995096 -0.167042

 0.181547 -0.842408 -0.142636

 -0.150339 -0.934140 -0.053080

 -0.125093 -1.005113 -0.114457

 0.103734 -0.493182 -0.131244

 0.177697 -0.616195 -0.119511

 -0.451408 -0.689712 0.689137

 -0.415262 -0.690131 0.427350

 0.229186 -0.877376 -0.112031

 -0.199522 -0.771615 -0.045809

 -0.403429 -0.758251 0.471218

 -0.054034 -0.766807 -0.306895

 -0.034378 -0.660506 -0.228227

 0.293648 -0.806623 0.520151

 -0.170303 -0.563659 -0.149263

 -0.140611 -0.718491 -0.274042

 0.193569 -0.759558 0.652303

 -0.125056 -0.516032 -0.121910

 0.212598 -0.736778 -0.133784

 0.494476 -0.678032 0.595567

 0.195043 -0.937938 -0.111815

 -0.063750 -0.475669 -0.136199

 0.476568 -0.580088 0.483751

 0.457730 -0.709982 0.489667

 -0.147368 -0.968398 -0.179639

 -0.193209 -0.461864 0.553718

 0.145937 -0.545248 -0.192701

 -0.150297 -0.630155 0.688395

 -0.268438 -0.459929 0.686521

 0.291230 -0.622792 0.771264

 -0.175081 -0.478554 0.609612

 0.227344 -0.645774 -0.130907

 -0.166218 -0.552163 0.693757

 -0.172893 -0.500518 0.497892

 0.207164 -0.738720 -0.059156

 0.243093 -0.721818 -0.178214

 -0.226638 -0.646011 -0.128926

 0.394271 -0.745519 0.700352

 0.287406 -0.589218 0.384556

 -0.263890 -0.664812 -0.130649

 0.331741 -0.534227 0.401383

 0.118425 -0.931186 -0.201096

 -0.198511 -0.821883 -0.075655

 0.384528 -0.723770 0.429745

 -0.244304 -0.729040 -0.047906

 -0.127726 -0.903170 -0.208834

 0.437874 -0.486693 0.636444

 -0.249538 -0.431636 0.558251

 0.417127 -0.784493 0.570158

 -0.186618 -0.691840 -0.013411

 -0.213732 -0.873700 -0.068685

 -0.280044 -0.752857 0.719173

 -0.245733 -0.673238 -0.207025

 0.262132 -0.725069 -0.102769

 -0.129677 -0.590335 0.648524

 -0.387494 -0.772539 0.671809

 0.245373 -0.742360 -0.092245

 -0.407781 -0.449121 0.585666

 -0.225896 -0.784387 0.507202

 0.069825 -0.848345 -0.305586

 0.159300 -0.936497 -0.159689

 -0.077422 -0.600671 -0.228812

 0.181360 -0.974244 -0.165091

 0.071410 -0.766515 -0.212544

 0.016917 -0.704629 0.033138

 0.130090 -0.659014 0.502626

 0.201055 -0.934061 -0.161588

 0.160726 -0.736170 0.516723

 0.246510 -0.815825 -0.094277

 0.123916 -1.005144 -0.114665

 -0.223094 -0.637617 -0.135962

 0.228636 -0.838669 -0.055276

 0.200291 -0.759073 -0.131967

 -0.250333 -0.759233 -0.093078

 0.186122 -0.957970 -0.109581

 -0.231853 -0.782835 -0.051078

 0.246734 -0.670579 -0.147649

 0.172999 -0.938135 -0.082480

 0.173505 -0.524318 0.683629

 -0.231069 -0.880735 -0.153207

 0.151609 -0.933633 -0.064351

 0.233633 -0.653794 -0.152295

 -0.246202 -0.842375 -0.103002

 -0.491129 -0.628932 0.506317

 -0.146348 -0.938623 -0.225254

 -0.130766 -0.909802 -0.180521

 0.185840 -0.649861 0.023150

 0.009929 -0.964990 -0.207970

 -0.435683 -0.527215 0.692985

 -0.127594 -0.882840 -0.273205

 -0.493937 -0.617827 0.635488

 -0.298904 -0.421433 0.589334

 0.073008 -0.701410 -0.285616

 -0.105867 -0.677197 -0.123439

 0.131681 -0.954371 -0.052769

 -0.250129 -0.667871 -0.148173

 -0.207574 -0.554725 0.730426

 -0.128190 -0.516764 -0.188648

 0.065062 -1.003982 -0.175352

 -0.000511 -0.620507 -0.124649

 0.112449 -0.869986 -0.005888

 0.318155 -0.422628 0.579581

 0.171392 -0.582079 0.710067

 0.414723 -0.773270 0.635431

 0.015774 -1.043371 -0.123646

 -0.213297 -0.668249 -0.112751

 0.233582 -0.825149 -0.084765

 0.073970 -1.008260 -0.169891

 0.298901 -0.446480 0.483196

 0.233673 -0.648823 -0.208813

 -0.248571 -0.815951 -0.095108

 -0.434161 -0.763729 0.622310

 -0.460173 -0.516077 0.645385

 0.360125 -0.657170 0.761282

 -0.279452 -0.623447 0.386350

 -0.288757 -0.804781 0.621277

 -0.153419 -0.845003 -0.260716

 0.259636 -0.574058 0.759236

 0.000370 -0.690467 -0.243650

 -0.285387 -0.510801 0.737864

 0.124084 -0.615878 -0.105026

 0.286338 -0.802181 0.649140

 0.502360 -0.616158 0.583622

 -0.150179 -0.701080 0.007802

 0.196603 -0.677567 -0.171404

 0.386646 -0.792204 0.523674

 -0.352017 -0.658768 0.389202

 0.120586 -0.672424 0.563386

 0.473619 -0.520513 0.604701

 -0.067273 -0.856627 0.009326

 -0.362330 -0.746872 0.437764

 0.244284 -0.742271 -0.136772

 -0.061514 -1.009234 -0.177837

 -0.091558 -0.461518 -0.184000

 0.210805 -0.902197 -0.116356

 0.416249 -0.762410 0.496442

 -0.382257 -0.798544 0.615984

 -0.073267 -0.898286 -0.174334

 0.459501 -0.510539 0.522624

 0.145181 -0.938620 -0.225257

 -0.233282 -0.537470 0.415431

tris:

 587 2823 784

 1309 723 2686

 6 541 206

 1052 883 0

 1744 1052 0

 1310 2687 724

 1666 1153 1598

 588 785 2824

 6 207 541

 1053 2 884

 1745 2 1053

 1665 1597 1152

 155 1555 45

 156 46 1556

 2204 2410 1264

 1468 329 2696

 2205 1265 2411

 1469 2697 330

 929 2408 692

 930 693 2409

 2562 2333 1183

 2561 1182 2332

 1874 1803 833

 1303 1190 2178

 1875 834 1804

 1304 2179 1191

 5 2467 94

 1723 778 2725

 10 95 2468

 1724 2726 779

 494 2672 372

 493 371 2671

 2567 1631 897

 897 1631 2589

 898 2590 1632

 2568 898 1632

 2315 685 584

 2314 583 684

 1682 1511 2419

 1681 2418 1510

 1296 352 993

 2227 2458 2599

 1297 994 353

 2226 2600 2457

 665 1051 247

 664 246 1050

 839 2463 2173

 106 1647 1120

 840 2174 2464

 107 1121 1648

 601 2190 688

 1351 118 1254

 602 689 2191

 1352 1255 119

 31 297 2359

 631 1923 1750

 32 2360 298

 632 1751 1924

 221 2773 588

 220 587 2772

 2561 302 1182

 2506 2565 1975

 2562 1183 303

 2507 1976 2566

 1625 116 545

 2118 2272 1625

 1626 546 117

 2119 1626 2273

 758 1953 141

 1943 1086 1725

 759 142 1954

 1944 1726 1087

 1849 778 1723

 62 1420 1819

 1850 1724 779

 63 1820 1421

 961 1153 1666

 960 1665 1152

 1512 246 664

 1203 1874 833

 1513 665 247

 1204 834 1875

 2061 1272 1504

 497 1728 292

 2062 1505 1273

 498 293 1729

 1056 13 637

 1418 539 1645

 1057 637 13

 1419 1646 540

 2157 120 1734

 641 859 202

 2158 1735 120

 642 203 860

 597 766 426

 2050 2214 1268

 598 427 767

 2051 1269 2215

 204 1170 1959

 2635 806 2063

 205 1960 1171

 2636 2064 807

 55 1697 740

 56 741 1698

 2408 2294 1590

 1086 1060 1725

 2409 1591 2295

 1087 1726 1061

 1021 417 1774

 1020 1773 416

 1484 2200 2520

 2673 2382 2746

 1485 2521 2201

 2674 2747 2383

 402 263 1736

 1695 2098 629

 403 1737 264

 1696 630 2099

 1638 1729 1338

 1637 1337 1728

 909 65 2243

 654 441 533

 910 2244 66

 655 534 442

 2416 2316 36

 798 2416 2061

 2417 37 2317

 799 2062 2417

 1607 1105 670

 1671 1213 760

 1608 671 1106

 1672 761 1214

 2526 177 101

 2700 279 51

 2527 102 178

 2701 52 280

 73 314 1345

 1865 73 1345

 74 1346 315

 1866 1346 74

 670 1409 986

 281 2398 2452

 671 987 1410

 282 2453 2399

 77 954 11

 379 934 2839

 78 12 955

 380 2840 935

 578 293 498

 577 497 292

 1840 2274 823

 635 475 1653

 1841 824 2275

 636 1654 476

 2487 1099 2355

 297 127 1325

 2488 2356 1100

 298 1326 128

 1643 579 1035

 1382 1126 2420

 1644 1036 580

 1383 2421 1127

 94 574 2817

 1424 99 257

 95 2818 575

 1425 258 100

 2499 2292 1201

 2616 1876 1134

 2500 1202 2293

 2047 1394 1727

 90 1865 1033

 707 784 2823

 91 1034 1866

 708 2824 785

 1828 705 2190

 1380 400 827

 1829 2191 706

 1381 828 401

 2010 257 99

 569 2044 2260

 2011 100 258

 570 2261 2045

 1451 1618 663

 1450 662 1617

 567 2647 1938

 2334 1037 2343

 568 1939 2648

 2335 2344 1038

 569 715 2167

 1221 1713 616

 570 2168 716

 1222 617 1714

 1454 2106 744

 1911 1988 1162

 1455 745 2107

 1912 1163 1989

 1214 1839 1672

 1213 1671 1838

 448 1284 725

 2040 38 1339

 449 726 1285

 2041 1340 39

 737 2050 1268

 738 1269 2051

 108 2390 1982

 2357 2310 1116

 109 1983 2391

 2358 1117 2311

 169 336 1074

 104 1074 336

 170 1075 337

 105 337 1075

 97 495 2442

 567 1938 2731

 98 2443 496

 568 2732 1939

 1744 0 7

 1144 7 1

 1745 8 2

 1145 3 8

 952 82 2102

 2102 82 2637

 953 2103 83

 2103 2638 83

 633 1911 1162

 1917 2304 965

 634 1163 1912

 1918 966 2305

 6 1139 2170

 6 2169 1139

 321 234 2643

 2627 650 2737

 322 2644 235

 2628 2738 651

 123 1759 1919

 1474 1677 1432

 124 1920 1760

 1475 1433 1678

 2848 658 2014

 2030 786 1168

 2849 2015 659

 2031 1169 787

 1889 2412 2815

 481 2643 234

 1890 2816 2413

 482 235 2644

 212 1823 2379

 2776 1254 88

 1727 1394 2451

 2777 89 1255

 198 2491 383

 2534 1003 22

 199 384 2492

 2535 22 1003

 1963 2579 1998

 2727 17 762

 1964 1999 2580

 2728 763 18

 1883 1420 62

 1301 34 2721

 1884 63 1421

 1302 2722 35

 290 412 2318

 1876 1886 1194

 291 2319 413

 245 435 1138

 1813 1938 1663

 1537 47 2245

 1814 1664 1939

 1538 2246 48

 2318 412 1494

 829 1086 1793

 2319 1495 413

 830 1794 1087

 2581 1430 2135

 2582 2136 1431

 1639 1817 2026

 645 1629 1195

 1640 2027 1818

 646 1196 1630

 1474 1341 1677

 101 177 2084

 1475 1678 1342

 102 2085 178

 1870 1573 149

 2394 790 2400

 1871 150 1574

 2395 2401 791

 895 75 1834

 2658 365 1276

 896 1835 76

 2659 1277 366

 1881 883 1052

 254 1144 1

 1882 1053 884

 255 3 1145

 843 1018 2118

 800 1024 523

 844 2119 1019

 801 524 1025

 1609 1064 2016

 1160 1667 1773

 1610 2017 1065

 1161 1774 1668

 743 355 1032

 742 1031 354

 1325 2359 297

 790 2258 2400

 1326 298 2360

 791 2401 2259

 231 2519 1414

 230 1413 2518

 2114 327 1529

 1490 2278 1951

 2115 1530 328

 1491 1952 2279

 1294 2392 1635

 1180 2392 1294

 1295 1636 2393

 1181 1295 2393

 1044 748 1863

 2627 2637 650

 1045 1864 749

 2628 651 2638

 2059 729 855

 2794 1659 1753

 2060 856 730

 2795 1754 1660

 496 2443 2364

 495 2363 2442

 1759 2390 108

 381 2200 1484

 1760 109 2391

 382 1485 2201

 1752 1676 1043

 1752 1042 1675

 1699 1186 1603

 381 1484 2018

 1700 1604 1187

 382 2019 1485

 1109 1347 2493

 1709 1109 2493

 1710 2494 1110

 1110 2494 1348

 261 43 863

 1767 1746 772

 262 864 44

 1768 773 1747

 181 2228 302

 1732 1420 816

 182 303 2229

 1733 817 1421

 794 1413 230

 1176 2717 1527

 795 231 1414

 1177 1528 2718

 796 1661 175

 529 327 2583

 797 176 1662

 530 2584 328

 891 363 1687

 45 1555 1504

 892 1688 364

 46 1505 1556

 2802 2296 2020

 954 1605 11

 2803 2021 2297

 955 12 1606

 1660 710 2113

 1659 2112 709

 2404 192 69

 275 1090 721

 2405 70 193

 276 722 1091

 704 2458 2227

 820 2593 1846

 979 2226 2457

 821 1847 2594

 812 907 321

 519 121 995

 813 322 908

 520 996 122

 383 1020 874

 477 2262 1192

 384 875 1021

 478 1193 2263

 1719 2526 1319

 1480 2353 2328

 1720 1320 2527

 1481 2329 2354

 271 2510 1027

 49 2000 1575

 272 1028 2511

 50 1576 2001

 139 2234 204

 2282 387 1571

 140 205 2235

 2283 1572 388

 6 206 2169

 919 2276 1478

 6 2170 207

 920 1479 2277

 687 722 276

 686 275 721

 2266 1947 1008

 1192 2256 1349

 2267 1009 1948

 1193 1350 2257

 2181 2199 1406

 2180 1405 2198

 628 2450 1260

 27 2790 1317

 2451 2247 213

 28 1318 2791

 1977 705 1828

 861 1531 1195

 1978 1829 706

 862 1196 1532

 302 2228 2406

 2402 457 531

 303 2407 2229

 2403 532 458

 104 336 2104

 899 236 82

 105 2105 337

 900 83 237

 735 622 2280

 2850 1575 2625

 736 2281 623

 2851 2626 1576

 585 222 997

 67 1844 222

 586 998 223

 68 223 1845

 1238 224 652

 1691 1376 1238

 1239 653 225

 1692 1239 1377

 2782 1355 903

 1226 57 2252

 2783 904 1356

 1227 2253 58

 2125 228 2208

 1172 228 2125

 2126 2209 229

 1173 2126 229

 1561 2108 2660

 493 1994 1830

 1562 2661 2109

 494 1831 1995

 1146 232 2365

 1456 2365 2688

 1147 2366 233

 1457 2689 2366

 481 234 2351

 441 1781 984

 482 2352 235

 442 985 1782

 236 2455 218

 2082 2495 1793

 237 219 2456

 2083 1794 2496

 479 972 286

 2746 1056 1205

 480 287 973

 2747 1206 1057

 1302 1997 278

 1301 277 1996

 463 209 2680

 1422 1217 86

 464 2681 210

 1423 87 1218

 2603 843 243

 1795 1392 1797

 2604 244 844

 1796 1798 1393

 1138 1743 245

 2247 1701 213

 246 151 501

 780 1154 1442

 247 502 152

 781 1443 1155

 565 2662 121

 748 1945 167

 566 122 2663

 749 168 1946

 1244 605 2641

 1809 1689 209

 1245 2642 606

 1810 210 1690

 2650 459 1448

 2651 1449 460

 254 883 1881

 90 1539 153

 255 1882 884

 91 154 1540

 64 710 980

 64 980 709

 2740 62 1424

 1689 1244 2641

 2741 1425 63

 1690 2642 1245

 942 2367 1460

 2326 60 1738

 943 1461 2368

 2327 1739 61

 2605 1276 1979

 1577 2034 408

 2606 1980 1277

 1578 409 2035

 583 2314 2373

 774 1042 1311

 584 2374 2315

 775 1312 1043

 1101 1037 375

 375 2678 1101

 1102 376 1038

 376 1102 2679

 1887 267 2444

 414 1649 1842

 1888 2445 268

 415 1843 1650

 1677 1341 2784

 1506 2420 1126

 1678 2785 1342

 1507 1127 2421

 2028 1292 593

 2002 859 641

 2029 594 1293

 2003 642 860

 1921 133 1821

 1008 2398 281

 1922 1822 134

 1009 282 2399

 2320 2324 2288

 1893 1903 1595

 2321 2289 2325

 1894 1596 1904

 581 1621 2157

 2120 891 1687

 582 2158 1622

 2121 1688 892

 1252 2006 200

 521 1454 744

 1253 201 2007

 522 745 1455

 86 1217 1444

 2536 1444 450

 87 1445 1218

 2537 451 1445

 332 1298 129

 1134 1876 1194

 1649 414 2629

 1789 2090 369

 1650 2630 415

 1790 370 2091

 2502 1458 2842

 1893 2829 1903

 2503 2842 1458

 1894 1904 2829

 960 288 2597

 2794 1753 2471

 961 2598 289

 2795 2472 1754

 461 2454 1164

 2542 1891 1428

 462 1164 2454

 2543 1429 1892

 1865 292 73

 153 2298 1374

 1866 74 293

 154 1375 2299

 1118 2752 1899

 2830 932 1563

 1119 1900 2753

 2831 1564 933

 2846 296 1415

 2847 1415 296

 952 2102 725

 1242 1795 1797

 953 726 2103

 1243 1798 1796

 1065 419 1312

 1064 1311 418

 2817 574 2601

 984 938 441

 2818 2602 575

 985 442 939

 369 756 1949

 228 2516 2208

 370 1950 757

 229 2209 2517

 752 1258 2055

 1717 165 309

 753 2056 1259

 1718 310 166

 1204 1875 14

 1203 14 1874

 1969 1438 307

 533 441 1599

 1970 308 1439

 534 1600 442

 889 92 948

 1278 1066 561

 890 949 93

 1279 562 1067

 2017 607 311

 2016 311 607

 127 1378 1325

 977 527 300

 128 1326 1379

 978 301 528

 1353 591 2163

 2796 1156 2459

 1354 2164 592

 2797 2460 1157

 1738 60 316

 1603 2336 1699

 1739 317 61

 1604 1700 2337

 318 361 1545

 1518 1097 2544

 319 1546 362

 1519 2545 1098

 2199 773 1768

 2198 1767 772

 1174 2436 1941

 1060 1969 2384

 1175 1942 2437

 1061 2385 1970

 323 294 1142

 2234 1142 572

 324 1143 295

 2235 573 1143

 250 2396 1307

 2514 250 605

 251 1308 2397

 2515 606 251

 2114 139 1934

 929 692 719

 2115 1935 140

 930 720 693

 316 2798 1901

 839 554 80

 317 1902 2799

 840 81 555

 1658 331 2807

 1657 2806 331

 1611 1298 332

 535 1343 88

 1612 333 558

 536 89 1344

 2544 1673 1518

 1199 2841 2361

 2545 1519 1674

 1200 2362 2841

 1386 336 110

 2059 336 2377

 1387 111 337

 2060 2378 337

 1982 2499 1201

 1012 1516 1260

 1983 1202 2500

 1013 1261 1517

 680 1559 2116

 1056 1416 13

 681 2117 1560

 1057 13 1417

 1531 342 2569

 1567 678 1531

 1532 2570 343

 1568 1532 679

 2446 2597 288

 169 2377 336

 2447 289 2598

 170 337 2378

 810 346 589

 1333 626 1703

 811 590 347

 1334 1704 627

 839 2012 2463

 1840 823 1569

 840 2464 2013

 1841 1570 824

 2702 350 1482

 1376 224 1238

 2703 1483 351

 1377 1239 225

 2302 993 352

 1617 662 1395

 2303 353 994

 1618 1396 663

 576 742 354

 576 355 743

 592 374 1289

 591 1288 373

 185 2252 2290

 1490 1951 1496

 186 2291 2253

 1491 1497 1952

 825 463 2680

 1466 1114 666

 826 2681 464

 1467 667 1115

 2048 1094 672

 2735 1097 1518

 2049 673 1094

 2736 1519 1098

 363 2280 1687

 363 587 220

 364 1688 2281

 364 221 588

 1111 2286 923

 1111 923 2155

 1112 924 2287

 1112 2156 924

 1436 1420 1883

 135 1215 2633

 1437 1884 1421

 136 2634 1216

 2792 2676 216

 1323 2000 1504

 2793 217 2677

 1324 1505 2001

 2078 252 371

 2079 372 253

 2300 2163 1601

 1683 356 2330

 2301 1602 2164

 1684 2331 356

 2212 1232 375

 1857 1563 932

 2213 376 1233

 1858 933 1564

 962 377 99

 569 2394 1240

 963 100 378

 570 1241 2395

 2024 379 851

 2025 852 380

 643 2206 2621

 2206 2567 897

 644 2622 2207

 2207 898 2568

 383 2491 946

 2540 946 2619

 384 947 2492

 2541 2620 947

 2750 1480 1029

 1248 51 2639

 2751 1030 1481

 1249 2640 52

 387 727 1571

 1090 1557 721

 388 1572 728

 1091 722 1558

 1656 293 578

 1655 577 292

 509 2053 390

 1851 820 194

 510 391 2054

 1852 195 821

 392 1154 780

 1084 1984 1154

 393 781 1155

 1085 1155 1985

 1128 988 1508

 422 2196 1775

 1129 1509 989

 423 1776 2197

 678 342 1531

 106 1120 956

 679 1532 343

 107 957 1121

 2483 240 702

 1321 1621 581

 2483 703 240

 1322 582 1622

 2241 752 2778

 1195 2110 861

 2242 2779 753

 1196 862 2111

 915 40 1058

 1836 2375 1877

 916 1059 41

 1837 1878 2376

 2214 1697 55

 125 29 2145

 2215 56 1698

 126 2146 30

 406 1368 537

 1194 1886 2067

 407 538 1369

 1929 979 1361

 1203 1799 14

 211 971 438

 1204 14 1800

 211 439 971

 1959 410 1763

 2595 1959 1170

 1960 1764 411

 2596 1171 1960

 1368 1861 2692

 2423 137 2067

 1369 2693 1862

 2422 2068 138

 414 1842 1440

 2611 1549 921

 415 1441 1843

 2612 922 1550

 416 610 1020

 1905 157 1915

 417 1021 611

 1906 1916 158

 2312 59 418

 2177 1064 418

 2313 419 59

 2177 419 1065

 1278 2587 420

 851 379 1992

 1279 421 2588

 852 1993 380

 1541 167 988

 1541 1044 1863

 1542 989 168

 1542 1864 1045

 2272 424 36

 1272 2559 1504

 2273 37 425

 1273 1505 2560

 597 426 660

 499 2135 1430

 598 661 427

 500 1431 2136

 794 428 1413

 9 993 2302

 795 1414 429

 9 2303 994

 1945 988 167

 513 121 248

 1946 168 989

 514 249 122

 2173 432 348

 2190 1502 688

 2174 349 433

 2191 689 1503

 1137 1861 434

 2423 1861 137

 1138 435 1862

 2422 138 1862

 112 835 436

 835 893 436

 113 437 836

 836 437 894

 408 438 1799

 2034 2180 408

 409 1800 439

 2035 409 2181

 2550 174 765

 2550 764 174

 2080 1488 2522

 1174 1488 2436

 2081 2523 1489

 1175 2437 1489

 857 357 1014

 1661 796 857

 858 1015 358

 1662 858 797

 1219 1543 2086

 1220 2087 1544

 1105 1409 670

 2748 2530 75

 1106 671 1410

 2749 76 2531

 448 725 1625

 169 1074 1597

 449 1626 726

 170 1598 1075

 1444 1335 450

 2530 446 75

 1445 451 1336

 2531 76 447

 1309 334 723

 1705 2843 2202

 1310 724 335

 1706 2203 2844

 944 2656 454

 454 2656 786

 945 455 2657

 455 787 2657

 498 1729 1638

 497 1637 1728

 531 457 618

 414 1440 2786

 532 619 458

 415 2787 1441

 230 1390 2524

 1176 1623 2717

 231 2525 1391

 1177 2718 1624

 925 1368 1107

 1401 1681 925

 926 1108 1369

 1402 926 1682

 1695 463 825

 1244 2514 605

 1696 826 464

 1245 606 2515

 127 1492 1627

 485 430 1088

 128 1628 1493

 486 1089 431

 2204 1565 467

 338 2187 487

 2205 468 1566

 339 488 2186

 2727 762 273

 1266 1008 1947

 2728 274 763

 1267 1948 1009

 2766 1957 1990

 1380 827 1223

 2767 1991 1958

 1381 1224 828

 346 473 2808

 347 2809 474

 750 936 475

 849 1719 1319

 751 476 937

 850 1320 1720

 2262 2555 656

 2614 915 1058

 2263 657 2556

 2615 1059 916

 1838 238 479

 2178 1190 1523

 1839 480 239

 2179 1524 1191

 2210 481 1581

 394 2196 696

 2211 1582 482

 395 697 2197

 1329 1466 2218

 629 845 241

 1330 2219 1467

 630 242 846

 1641 1587 489

 1188 1372 1274

 1642 490 1588

 1189 1275 1373

 467 338 487

 1807 776 1470

 468 488 339

 1808 1471 777

 1757 485 2133

 1236 1274 1130

 1758 2134 486

 1237 1131 1275

 889 2055 92

 1223 827 304

 890 93 2056

 1224 305 828

 754 2139 556

 2069 2650 599

 755 557 2140

 2070 600 2651

 549 2438 1256

 1256 2438 1535

 550 1257 2439

 1257 1536 2439

 577 2690 497

 79 1135 497

 578 498 2691

 79 498 1136

 1397 499 1430

 1398 1431 500

 501 2635 2063

 1090 2161 1557

 502 2064 2636

 1091 1558 2162

 2196 2351 1775

 5 2601 938

 2197 1776 2352

 10 939 2602

 398 367 505

 583 668 684

 399 506 368

 584 685 669

 586 1235 998

 585 997 1234

 1391 2525 508

 1390 508 2524

 2284 1317 2790

 2284 1783 2268

 2285 2269 1784

 2285 2791 1318

 147 511 674

 1454 269 2106

 148 675 512

 1455 2107 270

 513 248 1945

 1236 1130 1897

 514 1946 249

 1237 1898 1131

 1262 1821 133

 2548 2270 1262

 1263 134 1822

 2549 1263 2271

 1730 1565 517

 1585 2238 1474

 1731 518 1566

 1586 1475 2239

 2004 1246 519

 650 2355 2737

 2005 520 1247

 651 2738 2356

 2006 1252 2723

 2347 143 999

 2007 2724 1253

 2348 1000 144

 31 2359 2497

 2076 1392 1795

 32 2498 2360

 2077 1796 1393

 101 1815 525

 1711 1248 913

 102 526 1816

 1712 914 1249

 2710 1889 2815

 1378 1824 160

 2711 2816 1890

 1379 161 1825

 1210 327 529

 1857 733 1563

 1211 530 328

 1858 1564 734

 271 187 2510

 2625 1384 2481

 272 2511 188

 2626 2482 1385

 903 1355 1438

 1969 903 1438

 904 1439 1356

 1970 1439 904

 2268 1783 535

 1228 1623 2835

 2269 536 1784

 1229 2836 1624

 1368 925 537

 2369 1250 1791

 1369 538 926

 2370 1792 1251

 1535 1545 1553

 1545 361 495

 1536 1554 1546

 1546 496 362

 207 1053 541

 206 541 1052

 1913 542 698

 542 1685 698

 1914 699 543

 543 699 1686

 1417 13 1880

 1416 1879 13

 1392 545 116

 243 843 2118

 1393 117 546

 244 2119 844

 2424 2258 2088

 977 312 527

 2425 2089 2259

 978 528 313

 1817 2762 145

 1286 954 77

 1818 146 2763

 1287 78 955

 1684 1220 1544

 1683 1543 1219

 1282 552 2611

 808 1789 369

 1283 2612 553

 809 370 1790

 2430 559 554

 554 1472 80

 2431 555 560

 555 81 1473

 1561 1078 2108

 965 2304 1592

 1562 2109 1079

 966 1593 2305

 558 979 1209

 333 130 558

 554 559 1472

 1076 1399 2357

 555 1473 560

 1077 2358 1400

 561 889 1452

 1452 404 2050

 562 1453 890

 1453 2051 405

 2324 275 2551

 1769 865 2475

 2325 2552 276

 1770 2476 866

 901 2712 1533

 2057 1103 901

 902 1534 2713

 2058 902 1104

 950 2802 2020

 1559 2504 340

 951 2021 2803

 1560 341 2505

 1721 569 853

 1721 2394 569

 1722 854 570

 1722 570 2395

 1212 564 2233

 1212 2232 563

 2234 572 204

 1607 670 1633

 2235 205 573

 1608 1634 671

 1579 547 312

 2171 547 1579

 1580 313 548

 2172 1580 548

 576 743 1159

 576 1158 742

 389 577 19

 577 2675 2690

 389 19 578

 578 2691 2675

 579 2238 1585

 147 1506 511

 580 1586 2239

 148 512 1507

 1321 581 277

 277 2092 593

 1322 278 582

 278 594 2093

 1521 583 2373

 1064 1609 1311

 1522 2374 584

 1065 1312 1610

 64 709 1859

 2649 1859 2508

 64 1860 710

 2649 2509 1860

 120 1426 1734

 1026 2306 2800

 120 1735 1427

 1026 2801 2307

 473 2096 2808

 913 385 1711

 474 2809 2097

 914 1712 386

 1353 997 2698

 1728 1337 314

 1354 2699 998

 1729 315 1338

 593 1292 271

 1779 271 1027

 594 272 1293

 1780 1028 272

 489 2129 485

 1188 2122 489

 490 486 2130

 1189 490 2123

 71 597 1988

 818 766 597

 72 1989 598

 819 598 767

 2078 2139 754

 371 1907 2078

 2079 755 2140

 372 2079 1908

 1717 601 2147

 2055 1258 1717

 1718 2148 602

 2056 1718 1259

 1803 131 1927

 869 1111 1462

 1804 1928 132

 870 1463 1112

 2641 2821 1883

 1215 135 2821

 2642 1884 2822

 1216 2822 136

 1976 2507 2624

 1975 2623 2506

 595 608 485

 608 430 485

 596 486 609

 609 486 431

 1915 157 2032

 402 1058 1476

 1916 2033 158

 403 1477 1059

 131 2491 198

 131 1003 2534

 132 199 2492

 132 2535 1003

 614 853 569

 2680 209 968

 615 570 854

 2681 969 210

 616 547 2171

 2400 2258 2424

 617 2172 548

 2401 2425 2259

 2386 802 618

 2165 1679 267

 2387 619 803

 2166 268 1680

 1661 857 2149

 163 2336 1603

 1662 2150 858

 164 1604 2337

 735 1504 622

 2850 49 1575

 736 623 1505

 2851 1576 50

 1031 624 2654

 1032 2655 625

 2188 346 810

 2189 811 347

 2450 628 1298

 2379 2616 1134

 2555 1082 656

 402 1736 1357

 2556 657 1083

 403 1358 1737

 2040 631 38

 2059 855 1681

 2041 39 632

 2060 1682 856

 521 744 2371

 1370 118 183

 522 2372 745

 1371 184 119

 348 432 2151

 1832 1909 1709

 349 2152 433

 1833 1710 1910

 2747 1974 1206

 2746 1205 1973

 23 1792 931

 23 931 1791

 551 639 445

 2052 1156 2796

 551 445 640

 2052 2797 1157

 1996 2002 641

 181 1070 2228

 1997 642 2003

 182 2229 1071

 2357 1399 2310

 1399 2621 172

 2358 2311 1400

 1400 173 2622

 145 1629 645

 1531 334 2682

 146 646 1630

 1532 2683 335

 647 2338 829

 631 1750 38

 648 830 2339

 632 39 1751

 1756 2138 1752

 1755 1752 2137

 2637 82 650

 1943 1327 82

 2638 651 83

 1944 83 1328

 2284 1270 1516

 1270 2434 1184

 2285 1517 1271

 1271 1185 2435

 1781 1590 2294

 2141 1355 2782

 1782 2295 1591

 2142 2783 1356

 629 241 656

 1736 1307 1357

 630 657 242

 1737 1358 1308

 2014 2652 125

 125 2328 29

 2015 126 2653

 126 30 2329

 1988 597 660

 143 1430 1046

 1989 661 598

 144 1047 1431

 537 1054 406

 1428 1891 1250

 538 407 1055

 1429 1251 1892

 1785 990 876

 1212 571 2232

 1786 877 990

 1212 2233 571

 86 666 1114

 2607 2536 2100

 87 1115 667

 2608 2101 2537

 1975 1805 668

 2623 1975 2016

 1976 669 1806

 2624 2017 1976

 670 1551 1633

 2270 670 986

 671 1634 1552

 2271 987 671

 672 1094 1113

 1040 2442 1313

 673 1113 1094

 1041 1314 2443

 674 511 975

 1109 2784 1347

 675 976 512

 1110 1348 2785

 1072 1022 676

 2057 676 1103

 1073 677 1023

 2058 1104 677

 2345 678 1567

 396 2766 1990

 2346 1568 679

 397 1991 2767

 2647 950 680

 2473 1190 1303

 2648 681 951

 2474 1304 1191

 1619 230 1148

 2069 1148 2650

 1620 1149 231

 2070 2651 1149

 2633 1436 135

 505 367 1805

 2634 136 1437

 506 1806 368

 2528 865 1769

 1838 479 1777

 2529 1770 866

 1839 1778 480

 1717 2147 165

 982 1197 991

 1718 166 2148

 983 992 1198

 60 2798 316

 1101 1186 1699

 61 317 2799

 1102 1700 1187

 1226 1446 57

 1446 700 57

 1227 58 1447

 1447 58 701

 2813 1080 694

 1418 1645 1639

 2814 695 1081

 1419 1640 1646

 696 2196 422

 1122 1022 1072

 697 423 2197

 1123 1073 1023

 1913 698 1246

 1533 2712 121

 1914 1247 699

 1534 122 2713

 700 1446 654

 2532 654 533

 701 655 1447

 2533 534 655

 2565 2506 702

 277 1967 1321

 2566 703 2507

 278 1322 1968

 2838 704 2227

 283 704 2838

 1460 2367 1124

 2367 1315 1124

 2368 1125 1316

 1461 1125 2368

 707 919 1478

 153 1539 2298

 708 1479 920

 154 2299 1540

 960 709 2112

 222 585 1363

 961 2113 710

 223 1364 586

 24 2589 1631

 1953 758 24

 25 1632 2590

 1954 25 759

 1468 2696 713

 1919 1693 2774

 1469 714 2697

 1920 2775 1694

 94 17 2727

 94 2171 574

 95 2728 18

 95 575 2172

 1329 2218 717

 2607 2100 778

 1330 718 2219

 2608 779 2101

 719 1763 410

 1930 1490 2583

 720 411 1764

 1931 2584 1491

 686 1740 1213

 387 2184 727

 687 1214 1741

 388 728 2185

 694 723 452

 452 1199 2361

 695 453 724

 453 2362 1200

 1242 1797 725

 1625 725 116

 1243 726 1798

 1626 117 726

 727 2546 1571

 69 192 727

 728 1572 2547

 70 728 193

 729 169 2446

 1657 729 2806

 730 2447 170

 1658 2807 730

 731 2599 1296

 194 820 1846

 732 1297 2600

 195 1847 821

 2127 1537 2245

 1965 1537 2127

 2128 2246 1538

 1966 2128 1538

 90 1033 2061

 90 784 1539

 91 2062 1034

 91 1540 785

 420 2587 737

 421 738 2588

 1618 1762 1396

 1617 1395 1761

 740 2030 1168

 741 1169 2031

 1705 742 1158

 2512 742 1434

 1706 1159 743

 2513 1435 743

 2371 744 2254

 1382 1376 2236

 2372 2255 745

 1383 2237 1377

 746 84 2274

 2774 746 713

 747 2275 85

 2775 714 747

 2222 1627 1062

 2230 1641 804

 2223 1063 1628

 2231 805 1642

 635 750 475

 1832 750 635

 636 476 751

 1833 636 751

 2241 214 752

 1460 1124 1977

 2242 753 215

 1461 1978 1125

 754 2684 2573

 2744 1148 2788

 755 2574 2685

 2745 2789 1149

 1182 302 1004

 1004 302 927

 1183 1005 303

 1005 928 303

 758 2589 24

 1702 1823 212

 759 25 2590

 245 1743 1701

 760 1771 1671

 294 53 1142

 761 1672 1772

 295 1143 54

 17 2719 762

 2719 515 1008

 18 763 2720

 2720 1009 516

 1755 2137 764

 764 1667 1160

 1756 765 2138

 765 1161 1668

 371 1178 2671

 372 2672 1179

 141 1953 768

 2224 141 768

 2225 769 142

 142 769 1954

 2708 94 2467

 1998 2579 2408

 2709 2468 95

 1999 2409 2580

 1150 1367 940

 876 990 320

 1151 941 1367

 877 320 990

 416 1905 1915

 2137 1667 764

 417 1916 1906

 2138 765 1668

 652 224 776

 350 2702 224

 653 777 225

 351 225 2703

 717 778 1849

 717 2607 778

 718 1850 779

 718 779 2608

 780 151 1853

 772 1746 1853

 781 1854 152

 773 1854 1747

 1349 1849 2380

 923 365 2658

 1350 2381 1850

 924 2659 366

 90 2131 784

 2772 735 220

 91 785 2132

 2773 221 736

 2353 1480 1280

 2808 2096 385

 2354 1281 1481

 2809 386 2097

 390 2053 1851

 1783 1228 2835

 391 1852 2054

 1784 2836 1229

 790 1870 149

 377 2340 1961

 791 150 1871

 378 1962 2341

 1683 2330 1543

 373 1583 591

 1684 1544 2331

 374 592 1584

 1846 1290 194

 1176 1527 2414

 1847 195 1291

 1177 2415 1528

 2071 357 857

 1496 185 2290

 2072 858 358

 1497 2291 186

 2416 798 2316

 1345 314 1095

 2417 2317 799

 1346 1096 315

 1024 800 1299

 800 2088 1299

 1025 1300 801

 801 1300 2089

 802 531 618

 1575 872 2073

 803 619 532

 1576 2074 873

 1022 804 676

 804 160 2230

 1023 677 805

 805 2231 161

 2635 75 806

 2404 75 2388

 2636 807 76

 2405 2389 76

 552 1949 284

 1949 756 1010

 553 285 1950

 1950 1011 757

 810 589 2042

 867 51 279

 811 2043 590

 868 280 52

 812 542 1913

 2210 2643 481

 813 1914 543

 2211 482 2644

 932 2065 814

 814 2065 2729

 815 2730 2066

 933 815 2066

 816 1420 1436

 398 2721 367

 817 1437 1421

 399 368 2722

 2575 818 597

 2671 1994 493

 2576 598 819

 2672 494 1995

 820 332 2593

 820 1851 332

 821 2594 333

 821 333 1852

 822 9 429

 822 428 9

 84 823 2274

 1909 1109 1709

 85 2275 824

 1910 1710 1110

 483 825 359

 845 1466 1329

 484 360 826

 846 1330 1467

 2778 491 1547

 2778 752 491

 2779 1548 492

 2779 492 753

 38 647 2495

 38 2495 878

 39 879 2496

 39 2496 648

 1730 517 831

 1730 831 1693

 1731 832 518

 1731 1694 832

 2155 923 2658

 1577 1984 1084

 2156 2659 924

 1578 1085 1985

 1535 1486 1256

 567 2754 2802

 1536 1257 1487

 568 2803 2755

 1494 903 837

 829 2338 1086

 1495 838 904

 830 1087 2339

 1986 2038 839

 2038 554 839

 1987 840 2039

 2039 840 555

 34 816 841

 841 816 367

 35 842 817

 842 368 817

 843 2603 2125

 843 155 45

 844 2126 2604

 844 46 156

 1695 825 2098

 2094 2098 825

 1696 2099 826

 2095 826 2099

 461 847 2454

 331 42 1657

 462 2454 848

 331 1658 42

 475 1719 849

 1653 475 1197

 476 850 1720

 1654 1198 476

 2024 851 106

 2025 107 852

 209 853 968

 2770 2010 209

 210 969 854

 2771 210 2011

 1681 855 2418

 2418 1657 967

 1682 2419 856

 2419 967 1658

 857 1014 443

 1801 381 2018

 858 444 1015

 1802 2019 382

 593 271 1779

 2002 593 1779

 594 1780 272

 2003 1780 594

 861 214 2241

 1567 2706 2345

 862 2242 215

 1568 2346 2707

 261 863 1442

 1834 75 2635

 262 1443 864

 1835 2636 76

 2804 2846 103

 1777 479 286

 2805 103 2847

 1778 287 480

 867 1703 2042

 1333 1703 2135

 868 2043 1704

 1334 2136 1704

 2375 869 1877

 2286 1615 2756

 2376 1878 870

 2287 2757 1616

 1754 2472 2240

 1753 2240 2471

 872 1305 2073

 216 1707 1932

 873 2074 1306

 217 1933 1708

 874 198 383

 1927 1462 603

 875 384 199

 1928 604 1463

 876 320 1150

 772 1853 1512

 877 1151 320

 773 1513 1854

 218 2082 236

 110 1339 1386

 219 237 2083

 111 1387 1340

 880 15 1573

 958 1140 15

 881 1574 16

 959 16 1141

 2691 498 79

 2690 79 497

 1 0 883

 254 1 883

 255 884 3

 3 884 2

 859 885 202

 2002 1779 859

 860 203 886

 2003 860 1780

 2526 887 1319

 525 1815 1711

 2527 1320 888

 526 1712 1816

 1066 889 561

 1547 491 889

 1067 562 890

 1548 890 492

 2157 1621 33

 120 2157 33

 2158 33 1622

 120 33 2158

 265 893 1613

 2764 733 1857

 266 1614 894

 2765 1858 734

 43 895 1834

 1276 365 1855

 44 1835 896

 1277 1856 366

 2621 2206 897

 232 2688 2365

 2622 898 2207

 233 2366 2689

 952 899 82

 2455 104 218

 953 83 900

 2456 219 105

 1685 901 698

 394 2057 901

 1686 699 902

 395 902 2058

 1494 2448 903

 226 903 65

 1495 904 2449

 227 66 904

 1492 127 297

 1500 297 31

 1493 298 128

 1501 32 298

 907 196 2426

 2004 1913 1246

 908 2427 197

 2005 1247 1914

 909 226 65

 443 1014 1715

 910 66 227

 444 1716 1015

 163 2192 2336

 2430 1901 559

 164 2337 2193

 2431 560 1902

 1955 385 2639

 2639 2042 589

 1956 2640 386

 2640 590 2043

 477 915 2614

 1615 869 915

 478 2615 916

 1616 916 870

 2563 1514 917

 1861 1514 2692

 2564 918 1515

 1862 2693 1515

 2823 919 707

 114 1139 2169

 2824 708 920

 115 2170 1139

 921 1282 2611

 2308 618 457

 922 2612 1283

 2309 458 619

 2286 2756 923

 923 2380 365

 2287 924 2757

 924 366 2381

 925 1681 1510

 2428 537 925

 926 1511 1682

 2429 926 538

 2444 267 1679

 302 2444 1679

 2445 1680 268

 303 1680 2445

 1998 2408 929

 929 719 410

 1999 930 2409

 930 411 720

 1251 1429 2370

 1250 2369 1428

 932 375 1232

 375 932 814

 376 815 933

 933 1233 376

 2024 934 379

 1223 2766 396

 2025 380 935

 1224 397 2767

 936 1719 475

 177 2493 1347

 937 476 1720

 178 1348 2494

 1048 503 2522

 2080 2522 503

 1049 2523 504

 2081 504 2523

 2613 1811 940

 1367 2613 940

 2613 941 1812

 1367 941 2613

 77 2326 1867

 1867 2326 1738

 1868 1739 2327

 78 1868 2327

 2214 944 1697

 404 1180 1294

 2215 1698 945

 405 1295 1181

 946 612 22

 946 22 2477

 947 22 613

 947 2478 22

 948 1717 309

 1452 1180 404

 949 310 1718

 1453 405 1181

 567 2802 950

 2647 567 950

 568 951 2803

 2648 951 568

 952 104 2455

 1284 1074 104

 953 2456 105

 1285 105 1075

 112 436 954

 1286 112 954

 113 955 437

 1287 955 113

 956 471 934

 471 956 2220

 957 935 472

 472 2221 957

 880 958 15

 1961 1819 880

 881 16 959

 1962 881 1820

 960 1152 222

 960 222 1363

 961 223 1153

 961 1364 223

 2340 1819 1961

 1424 62 1819

 2341 1962 1820

 1425 1820 63

 1674 4 964

 1673 964 4

 2575 1917 965

 2575 965 2671

 2576 966 1918

 2576 2672 966

 42 1658 967

 42 967 1657

 614 968 853

 1217 2036 2266

 615 854 969

 1218 2267 2037

 2503 1458 2466

 2502 2465 1458

 439 1800 971

 438 971 1799

 1205 1981 1973

 1411 26 970

 1206 1974 1981

 1412 970 26

 998 1235 1354

 997 1353 1234

 2084 975 511

 2084 177 975

 2085 512 976

 2085 976 178

 574 977 2601

 2171 1579 574

 575 2602 978

 2172 575 1580

 2837 2226 979

 558 130 979

 1660 980 710

 1659 709 980

 508 2525 2578

 508 2577 2524

 2147 982 165

 688 635 1653

 2148 166 983

 689 1654 636

 2467 5 984

 984 5 938

 2468 985 10

 985 939 10

 2398 986 1365

 1821 1262 515

 2399 1366 987

 1822 516 1263

 1945 248 988

 1508 988 2662

 1946 989 249

 1509 2663 989

 571 1786 990

 571 990 1785

 165 982 991

 309 165 1006

 166 992 983

 310 1007 166

 1296 993 428

 9 428 993

 1297 429 994

 9 994 429

 995 121 513

 1274 1372 1130

 996 514 122

 1275 1131 1373

 1844 314 1388

 2591 314 1844

 1845 1389 315

 2592 1845 315

 999 143 1046

 2006 279 200

 1000 1047 144

 2007 201 280

 406 1054 2714

 2046 1362 2458

 407 2715 1055

 979 2457 1361

 132 1003 14

 131 14 1003

 927 1649 1498

 216 2516 2792

 928 1499 1650

 217 2793 2517

 165 991 1006

 2392 2022 1635

 166 1007 992

 2393 1636 2023

 762 1008 1266

 2719 1008 762

 763 1267 1009

 2720 763 1009

 284 2629 1549

 284 1949 2629

 285 1550 2630

 285 2630 1950

 1012 1260 2450

 2284 509 1783

 1013 2451 1261

 2285 1784 510

 2557 226 909

 2252 57 2782

 2558 910 227

 2253 2783 58

 752 1016 2768

 214 1016 752

 753 2769 1017

 215 753 1017

 843 45 1018

 2559 424 2272

 844 1019 46

 2560 2273 425

 1020 610 40

 1836 874 1020

 1021 41 611

 1837 1021 875

 1022 160 804

 2710 2815 160

 1023 805 161

 2711 161 2816

 1024 1525 523

 1573 2332 1525

 1025 524 1526

 1574 1526 2333

 1026 120 1427

 1026 1426 120

 2386 267 1887

 267 2386 618

 2387 1888 268

 268 619 2387

 1319 2750 1029

 2652 2328 125

 1320 1030 2751

 2653 126 2329

 342 2512 2569

 1120 2220 956

 343 2570 2513

 1121 957 2221

 1033 798 2061

 1865 1345 1033

 1034 2062 799

 1866 1034 1346

 1264 1035 517

 517 2585 831

 1265 518 1036

 518 832 2586

 2212 375 1037

 954 436 1605

 2213 1038 376

 955 1606 437

 445 1039 640

 445 639 1039

 97 2442 1040

 1559 2020 2504

 98 1041 2443

 1560 2505 2021

 2312 418 1042

 1042 418 1311

 2313 1043 419

 1043 1312 419

 1044 676 804

 1044 804 2133

 1045 805 677

 1045 2134 805

 999 2581 2645

 2581 867 279

 1000 2646 2582

 2582 280 868

 1775 503 1048

 2601 977 300

 1776 1049 504

 2602 301 978

 246 501 1050

 2324 1090 275

 247 1051 502

 2325 276 1091

 1881 1052 1655

 1052 541 1848

 1882 1656 1053

 1053 1848 541

 662 1001 1054

 1395 662 1891

 663 1055 1002

 1396 1892 663

 340 1416 1056

 2382 1056 2746

 341 1057 1417

 2383 2747 1057

 610 1058 40

 1915 1476 1058

 611 41 1059

 1916 1059 1477

 1060 1174 1941

 1060 2426 1725

 1061 1942 1175

 1061 1726 2427

 1945 748 2175

 1044 2133 748

 1946 2176 749

 1045 749 2134

 1064 311 2016

 2177 311 1064

 1065 2017 311

 2177 1065 311

 1547 889 1066

 934 304 1826

 1548 1067 890

 935 1827 305

 1076 1068 1399

 2553 2520 2192

 1077 1400 1069

 2554 2193 2521

 1140 1732 1070

 1301 1996 34

 1141 1071 1733

 1302 35 1997

 696 2469 1072

 696 2057 394

 697 1073 2470

 697 395 2058

 1074 1284 448

 448 1597 1074

 1075 449 1285

 449 1075 1598

 1464 1068 1076

 559 1076 1472

 1465 1077 1069

 560 1473 1077

 183 118 1351

 1592 2304 2776

 184 1352 119

 1593 2777 2305

 1080 1418 694

 2538 2544 1097

 1081 695 1419

 2539 1098 2545

 1082 402 1357

 1058 402 1082

 1083 1358 403

 1059 1083 403

 1084 1154 392

 2198 1405 1767

 1085 393 1155

 2199 1768 1406

 2338 837 1086

 1086 1969 1060

 2339 1087 838

 1087 1061 1970

 804 1641 2133

 1641 1757 2133

 805 2134 1642

 1642 2134 1758

 501 1090 2324

 501 2161 1090

 502 2325 1091

 502 1091 2162

 2052 2796 456

 2845 1869 1135

 2052 456 2797

 2845 1136 1869

 1360 1940 171

 1359 171 1940

 67 2591 1844

 1152 67 222

 68 1845 2592

 1153 223 68

 2538 1097 361

 1097 171 1359

 2539 362 1098

 1098 1360 171

 321 907 2426

 1060 1941 2426

 322 2427 908

 1061 2427 1942

 690 2343 1101

 1101 2343 1037

 1102 1038 2344

 691 1102 2344

 1103 2712 901

 1508 2662 565

 1104 902 2713

 1509 566 2663

 806 75 2404

 806 2404 69

 807 2405 76

 807 70 2405

 1401 1107 2248

 925 1107 1401

 1402 2249 1108

 926 1402 1108

 1677 2784 1109

 1909 1677 1109

 1910 1110 1678

 1678 1110 2785

 603 1462 1111

 1111 2155 603

 604 1112 1463

 1112 604 2156

 1417 1880 1314

 1416 1313 1879

 483 359 1422

 359 968 1422

 484 1423 360

 360 1423 969

 1116 1759 123

 2774 713 2696

 1117 124 1760

 2775 2697 714

 796 2752 1118

 2071 1496 2290

 797 1119 2753

 2072 2291 1497

 2512 2220 1120

 624 1669 1120

 2513 1121 2221

 625 1121 1670

 1072 2469 1122

 1889 422 2412

 1073 1123 2470

 1890 2413 423

 1977 1986 2159

 1986 839 2159

 1987 2160 840

 1978 2160 1987

 1506 2432 511

 269 511 2432

 1507 512 2433

 270 2433 512

 676 1128 1103

 676 1044 1541

 677 1104 1129

 677 1542 1045

 1897 1130 2264

 2264 1130 1651

 1898 2265 1131

 2265 1652 1131

 1679 2165 1132

 927 1132 1649

 1680 1133 2166

 928 1650 1133

 1134 1194 2668

 628 1134 2668

 1135 2666 2796

 1637 1092 1337

 1136 2797 2667

 1638 1338 1093

 2563 917 1137

 1137 1742 2758

 2564 1138 918

 1138 2759 1743

 2501 1026 2307

 2501 2306 1026

 1140 2561 2332

 1070 181 1140

 1141 2333 2562

 1071 1141 182

 1142 1771 760

 572 1142 2282

 1143 761 1772

 573 2283 1143

 1744 7 1144

 919 206 2276

 1745 1145 8

 920 2277 207

 172 232 1146

 1116 2310 1759

 173 1147 233

 1117 1760 2311

 1148 459 2650

 230 2571 1148

 1149 2651 460

 231 1149 2572

 2827 772 1150

 1150 772 1512

 2828 1151 773

 1151 1513 773

 2591 67 1152

 36 2316 1152

 2592 1153 68

 37 1153 2317

 261 1442 1154

 1984 1979 1154

 262 1155 1443

 1985 1155 1980

 639 1925 1039

 1872 1925 1288

 640 1039 1926

 1873 1289 1926

 1158 576 159

 1199 2843 2841

 1159 159 576

 1200 2841 2844

 174 764 1160

 2619 946 2477

 174 1161 765

 2620 2478 947

 2371 1162 521

 2723 2347 999

 2372 522 1163

 2724 1000 2348

 1164 1792 23

 1164 23 1791

 770 1748 2708

 2708 1748 469

 771 2709 1749

 2709 470 1749

 2342 793 1602

 2342 1601 792

 2694 1168 2096

 740 1168 2694

 2695 2097 1169

 741 2695 1169

 1170 2270 2548

 1963 2548 2579

 1171 2549 2271

 1964 2580 2549

 1172 2497 228

 2497 2076 1795

 1173 229 2498

 2498 1796 2077

 2384 1174 1060

 1438 1599 307

 2385 1061 1175

 1439 308 1600

 1176 794 230

 1176 230 1619

 1177 231 795

 1177 1620 231

 1178 766 818

 1179 819 767

 948 309 1180

 309 1006 1180

 949 1181 310

 310 1181 1007

 228 1182 1498

 2497 1525 228

 229 1499 1183

 2498 229 1526

 1184 2434 487

 1184 487 2216

 1185 488 2435

 1185 2217 488

 814 2729 1186

 1101 2678 1186

 815 1187 2730

 1102 1187 2679

 465 1651 1188

 1062 2479 1587

 466 1189 1652

 1063 1588 2480

 2473 680 1190

 680 2116 2673

 2474 1191 681

 681 2674 2117

 1192 1349 782

 1615 1192 782

 1193 783 1350

 1616 783 1193

 2668 1194 2046

 2046 2484 1362

 1195 942 2110

 1629 1895 1195

 1196 2111 943

 1630 1196 1896

 475 849 1197

 2848 2852 658

 476 1198 850

 2849 659 2853

 723 1199 452

 334 2202 723

 724 453 1200

 335 724 2203

 212 1201 1702

 2216 487 2187

 213 1701 1202

 2217 2186 488

 408 1799 1203

 833 408 1203

 409 1204 1800

 834 1204 409

 637 1205 1056

 1205 637 1981

 637 1057 1206

 1206 1981 637

 1442 863 1207

 151 2635 501

 1443 1208 864

 152 502 2636

 1209 979 1929

 1589 2047 1885

 1529 327 1210

 2127 53 294

 1530 1211 328

 2128 295 54

 208 564 1212

 208 1212 563

 1213 387 760

 1213 2184 387

 1214 761 388

 1214 388 2185

 250 1215 605

 2314 1736 263

 251 606 1216

 2315 264 1737

 968 2036 1217

 968 1217 1422

 969 1218 2037

 969 1423 1218

 1683 1219 1594

 1219 2086 551

 1684 1594 1220

 1220 551 2087

 2760 2171 94

 1240 715 569

 2761 95 2172

 1241 570 716

 471 1223 934

 934 1223 304

 935 305 1224

 472 935 1224

 1098 171 2736

 1097 2735 171

 185 1226 2252

 1496 1951 185

 186 2253 1227

 1497 186 1952

 390 788 1228

 2717 788 1527

 391 1229 789

 2718 1528 789

 1777 286 1230

 2846 2502 296

 1778 1231 287

 2847 296 2503

 1232 893 265

 893 1232 2212

 1233 266 894

 894 2213 1233

 2508 507 2716

 2508 2300 507

 2509 2716 507

 2509 507 2301

 608 595 1236

 608 1236 1897

 609 1237 596

 609 1898 1237

 27 1238 652

 27 88 2440

 28 653 1239

 28 2441 89

 715 1240 1221

 1240 1713 1221

 716 1222 1241

 1241 1222 1714

 1500 1795 1242

 905 1242 725

 1501 1243 1796

 906 726 1243

 1809 209 463

 1809 463 1695

 1810 464 210

 1810 1696 464

 1246 1533 121

 519 1246 121

 1247 122 1534

 520 122 1247

 2700 51 1248

 1252 200 1815

 2701 1249 52

 1253 1816 201

 1891 537 1250

 1250 537 2428

 1892 1251 538

 1251 2429 538

 101 1252 1815

 101 269 1454

 102 1816 1253

 102 1455 270

 1254 1691 1238

 27 2322 1238

 1255 1239 1692

 28 1239 2323

 1256 835 112

 549 1256 112

 1257 113 836

 550 113 1257

 1258 601 1717

 752 2768 1258

 1259 1718 602

 753 1259 2769

 2379 1260 212

 212 1260 2187

 2451 213 1261

 213 2186 1261

 2398 1262 986

 986 1262 2270

 2399 987 1263

 987 2271 1263

 1264 1643 1035

 2410 776 1264

 1265 1036 1644

 2411 1265 777

 762 1266 273

 569 2167 2044

 763 274 1267

 570 2045 2168

 1268 2214 55

 1269 56 2215

 1807 652 776

 27 652 1807

 1808 777 653

 28 1808 653

 1272 424 2559

 2061 2416 1272

 1273 2560 425

 2062 1273 2417

 1188 1274 2122

 595 1274 1236

 1189 2123 1275

 596 1237 1275

 1276 43 1979

 1276 1855 43

 1277 1980 44

 1277 44 1856

 379 1278 1992

 379 2839 1278

 380 1993 1279

 380 1279 2840

 786 2353 1280

 786 1280 1168

 787 1281 2354

 787 1169 1281

 1282 457 2402

 921 457 1282

 1283 2403 458

 922 1283 458

 1284 952 725

 952 1284 104

 1285 726 953

 953 105 1285

 549 112 1286

 1817 1286 2762

 550 1287 113

 1818 2763 1287

 1543 1288 2086

 2086 1288 1925

 1544 2087 1289

 2087 1926 1289

 1290 1846 1296

 2414 794 1176

 1291 1297 1847

 2415 1177 795

 2120 1687 1292

 1687 271 1292

 2121 1293 1688

 1688 1293 272

 1635 2145 1294

 944 2733 1294

 1636 1295 2146

 945 1295 2734

 1290 1296 794

 1296 428 794

 1291 795 1297

 1297 795 429

 1298 283 129

 628 2668 1298

 149 1024 1299

 1299 2088 2258

 150 1300 1025

 1300 2259 2089

 398 1301 2721

 2565 1321 1967

 399 2722 1302

 2566 1968 1322

 2245 2473 1303

 53 1771 1142

 2246 1304 2474

 54 1143 1772

 2090 1305 369

 756 369 2676

 2091 370 1306

 757 2677 370

 1307 1695 629

 1307 629 1357

 1308 630 1696

 1308 1358 630

 2026 1309 1639

 645 2682 145

 2027 1640 1310

 646 146 2683

 774 1311 157

 2032 157 1521

 775 158 1312

 2033 1522 158

 1313 672 1113

 1313 1113 2739

 1314 1113 673

 1314 2739 1113

 1738 2430 1315

 1315 2430 554

 1316 555 2431

 1739 1316 2431

 27 1317 88

 88 2268 535

 28 89 1318

 89 536 2269

 2852 1319 658

 2652 1319 1029

 2853 659 1320

 2653 1030 1320

 702 240 1321

 2565 702 1321

 703 1322 240

 2566 1322 703

 1323 216 1932

 216 2208 2516

 1324 1933 217

 217 2517 2209

 1325 527 312

 1325 1971 2359

 1326 313 528

 1326 2360 1972

 1327 2487 82

 1099 2487 1327

 1328 83 2488

 1100 1328 2488

 241 845 1329

 2262 2256 1192

 242 1330 846

 2263 1193 2257

 599 1331 252

 600 253 1332

 499 1333 2135

 500 2136 1334

 1444 2452 1335

 446 2530 1335

 1445 1336 2453

 447 1336 2531

 1337 1092 2742

 1388 314 1337

 1338 2743 1093

 1389 1338 315

 878 1339 38

 2617 1386 1339

 879 39 1340

 2618 1340 1387

 1341 147 674

 2238 1341 1474

 1342 675 148

 2239 1475 1342

 2776 88 1343

 1078 1343 2108

 1079 2109 1344

 2777 1344 89

 798 1345 2316

 1033 1345 798

 799 2317 1346

 1034 799 1346

 177 1347 975

 975 1347 2784

 178 976 1348

 976 2785 1348

 1349 1329 717

 1349 717 1849

 1350 718 1330

 1350 1850 718

 1592 2776 1078

 1078 2776 1343

 1593 1079 2777

 1079 1344 2777

 974 2300 1167

 2300 974 507

 974 1167 2301

 2301 507 974

 1438 1355 2532

 2141 700 1355

 1439 2533 1356

 2142 1356 701

 656 1082 1357

 1357 629 656

 657 1358 1083

 1358 657 630

 1097 1359 2704

 2363 2048 2442

 1098 2705 1360

 2364 2443 2049

 2068 2715 407

 2068 407 1369

 2067 406 2714

 2067 1368 406

 709 1363 585

 709 960 1363

 710 586 1364

 710 1364 961

 1365 446 1335

 1365 986 1409

 1366 1336 447

 1366 1410 987

 1151 1367 320

 1150 320 1367

 2067 137 1368

 137 1861 1368

 2068 1369 138

 138 1369 1862

 1370 1911 633

 633 118 1370

 1371 634 1912

 634 1371 119

 995 513 1651

 2627 1651 465

 996 1652 514

 2628 466 1652

 1865 1374 292

 292 1374 1655

 1866 293 1375

 293 1656 1375

 1382 2420 1376

 1376 350 224

 1383 1377 2421

 1377 225 351

 1378 527 1325

 160 2815 1378

 1379 1326 528

 161 1379 2816

 2345 400 1380

 1380 1223 396

 2346 1381 401

 1381 397 1224

 744 1382 2236

 744 2106 1382

 745 2237 1383

 745 1383 2107

 187 1384 2510

 1384 2073 2510

 188 2511 1385

 1385 2511 2074

 218 1386 2617

 218 104 2104

 219 2618 1387

 219 2105 105

 1844 1388 2698

 1872 1288 591

 1845 2699 1389

 1873 592 1289

 1390 162 508

 1413 162 2518

 1391 508 162

 1414 2519 162

 2076 243 1392

 1392 243 545

 2077 1393 244

 1393 546 244

 1394 2247 2451

 245 1589 435

 1761 1395 739

 638 2124 2542

 1762 739 1396

 638 2543 2124

 660 426 1397

 661 1398 427

 1399 643 2621

 2200 1399 2520

 1400 2622 644

 2201 2521 1400

 1923 1681 1401

 1401 2248 290

 1924 1402 1682

 1402 291 2249

 2149 857 1403

 1403 857 443

 2150 1404 858

 1404 444 858

 1405 1084 392

 1084 2034 1577

 1406 393 1085

 1085 1578 2035

 770 984 1407

 1165 770 2408

 771 1408 985

 1166 2409 771

 1105 2388 1409

 1409 2388 1365

 1106 1410 2389

 1410 1366 2389

 1973 26 1411

 286 972 2465

 1974 1412 26

 287 2466 973

 822 1413 428

 1413 2075 162

 822 429 1414

 1414 162 2075

 2847 103 1415

 2846 1415 103

 1040 1313 1416

 340 2504 1416

 1041 1417 1314

 341 1417 2505

 1080 318 1418

 1418 318 539

 1081 1419 319

 1419 540 319

 1732 1140 1420

 958 1420 1140

 1733 1421 1141

 959 1141 1421

 1422 86 1114

 483 1422 1114

 1423 1115 87

 484 1115 1423

 1424 962 99

 1819 962 1424

 1425 100 963

 1820 1425 963

 1734 1426 587

 114 587 2800

 1735 588 1427

 115 2801 588

 1428 2369 638

 638 2542 1428

 1429 638 2370

 638 1429 2543

 660 1397 1430

 143 660 1430

 661 1431 1398

 144 1431 661

 1432 84 746

 1693 746 2774

 1433 747 85

 1694 2775 747

 1531 1434 334

 1434 742 1705

 1532 335 1435

 1435 1706 743

 1805 367 1436

 367 816 1436

 1806 1437 368

 368 1437 817

 1438 2532 533

 1438 533 1599

 1439 534 2533

 1439 1600 534

 2165 267 618

 2165 618 2308

 2166 619 268

 2166 2309 619

 1442 1207 151

 780 1442 151

 1443 152 1208

 781 152 1443

 1217 2266 1444

 281 2452 1444

 1218 1445 2267

 282 1445 2453

 1951 2278 1446

 1446 1590 654

 1952 1447 2279

 1447 655 1591

 508 981 2577

 508 2578 981

 1450 1001 662

 2714 1450 1362

 1451 663 1002

 2715 1361 1451

 1452 948 1180

 889 948 1452

 1453 1181 949

 890 1453 949

 1252 101 1454

 1252 1454 2723

 1253 1455 102

 1253 2724 1455

 711 1456 2688

 1742 1702 711

 712 2689 1457

 1743 712 1701

 1412 1458 970

 1411 970 1458

 174 1459 1161

 174 1160 1459

 214 1460 1016

 2110 942 1460

 215 1017 1461

 2111 1461 943

 1877 1462 2489

 1877 869 1462

 1878 2490 1463

 1878 1463 870

 1901 1464 559

 559 1464 1076

 560 1077 1465

 1902 560 1465

 1114 1466 483

 1466 845 2094

 1115 484 1467

 1467 2095 846

 80 329 1468

 2012 1840 2463

 81 1469 330

 2013 2464 1841

 2434 2410 2204

 1270 2410 2434

 2435 2205 2411

 1271 2435 2411

 1472 1076 2357

 80 1472 329

 1473 2358 1077

 81 330 1473

 2585 1474 831

 831 1474 1432

 2586 832 1475

 832 1433 1475

 1476 263 402

 2032 1521 2373

 1477 403 264

 2033 2374 1522

 2298 2276 254

 2298 254 1881

 2299 255 2277

 2299 1882 255

 1280 1480 385

 2750 385 1480

 1281 386 1481

 2751 1481 386

 1643 1482 579

 579 1936 147

 1644 580 1483

 580 148 1937

 1403 2609 2149

 2553 2192 163

 1404 2150 2610

 2554 164 2193

 1256 1486 835

 2731 2754 567

 1257 836 1487

 2732 568 2755

 938 1488 441

 1599 441 1488

 939 442 1489

 1600 1489 442

 1930 719 1490

 1490 719 2278

 1931 1491 720

 1491 2279 720

 1627 1492 905

 1242 905 1500

 1628 906 1493

 1243 1501 906

 412 768 1494

 768 2448 1494

 413 1495 769

 769 1495 2449

 2153 1496 2071

 2583 1490 1496

 2154 2072 1497

 2584 1497 1491

 1498 1182 1004

 1498 1004 927

 1499 1005 1183

 1499 928 1005

 905 1492 1500

 1500 1492 297

 906 1501 1493

 1501 298 1493

 1502 1832 635

 1502 635 688

 1503 636 1833

 1503 689 636

 49 2850 1504

 1504 2000 49

 50 1505 2851

 1505 50 2001

 1482 350 1506

 1482 1936 579

 1483 1507 351

 1483 580 1937

 1103 1128 1508

 1103 1508 2712

 1104 1509 1129

 1104 2713 1509

 1510 847 461

 1164 1791 461

 1511 462 848

 1164 462 1792

 1785 876 1512

 1512 876 1150

 1786 1513 877

 1513 1151 877

 2248 768 412

 412 290 2248

 2249 413 769

 413 2249 291

 1270 1184 1516

 1516 1184 2216

 1271 1517 1185

 1517 2217 1185

 1518 1673 4

 4 2735 1518

 1519 4 1674

 4 1519 2736

 2017 2624 607

 2016 607 2623

 1311 1521 157

 1609 1521 1311

 1312 158 1522

 1610 1312 1522

 2178 1523 2250

 2250 2746 972

 2179 2251 1524

 2251 973 2747

 2332 1182 1525

 1525 1182 228

 2333 1526 1183

 1526 229 1183

 194 1290 1527

 1527 1851 194

 195 1528 1291

 1528 195 1852

 1529 2127 294

 1529 294 323

 1530 295 2128

 1530 324 295

 1195 1531 645

 645 1531 2682

 1196 646 1532

 646 2683 1532

 1246 698 1533

 901 1533 698

 1247 1534 699

 902 699 1534

 1553 189 1535

 1535 189 1486

 1536 1487 190

 1554 1536 190

 1965 733 1537

 733 47 1537

 1966 1538 734

 734 1538 48

 1539 707 1478

 1539 784 707

 1540 1479 708

 1540 708 785

 1541 988 1128

 676 1541 1128

 1542 1129 989

 677 1129 1542

 1288 1543 373

 1543 2330 373

 1289 374 1544

 1544 374 2331

 2438 1545 1535

 2438 318 1545

 2439 1536 1546

 2439 1546 319

 304 2778 1547

 304 1547 1826

 305 1548 2779

 305 1827 1548

 2786 1549 414

 1549 2629 414

 2787 415 1550

 1550 415 2630

 1551 204 1633

 1170 204 2270

 1552 1634 205

 1171 2271 205

 1545 495 1553

 2296 495 97

 1546 1554 496

 2297 98 496

 1555 1323 1504

 1323 2208 216

 1556 1505 1324

 1324 217 2209

 1557 2161 727

 1557 727 2184

 1558 728 2162

 1558 2185 728

 950 2020 1559

 680 950 1559

 951 1560 2021

 681 1560 951

 754 556 2684

 493 1830 556

 755 2685 557

 494 557 1831

 1899 2830 1563

 1899 1563 733

 1900 734 1564

 1900 1564 2831

 1730 1982 1565

 1565 338 467

 1731 1566 1983

 1566 468 339

 2241 1567 861

 861 1567 1531

 2242 862 1568

 862 1532 1568

 2463 1840 1569

 432 1832 2151

 2464 1570 1841

 433 2152 1833

 2349 1607 1633

 2282 2349 1633

 2350 1634 1608

 2283 1634 2350

 149 1573 1024

 1573 1525 1024

 150 1025 1574

 1574 1025 1526

 1384 1575 2073

 2625 1575 1384

 1385 2074 1576

 2626 1385 1576

 833 1577 408

 833 179 1577

 834 409 1578

 834 1578 180

 1579 312 977

 574 1579 977

 575 978 1580

 1580 978 313

 1685 2210 1581

 394 1581 2196

 1686 1582 2211

 395 2197 1582

 792 1601 1583

 2330 1583 373

 793 1584 1602

 2331 374 1584

 1035 579 1585

 2585 1585 1474

 1036 1586 580

 2586 1475 1586

 489 1587 1188

 2479 1188 1587

 490 1189 1588

 2480 1588 1189

 2247 1394 1589

 1394 2047 1589

 2408 1590 692

 1446 2278 1590

 2409 693 1591

 1447 1591 2279

 1592 1078 1561

 1830 2684 556

 1593 1562 1079

 1831 557 2685

 1594 551 1220

 1594 1219 551

 1903 2551 1595

 1595 2551 1769

 1904 1596 2552

 1596 1770 2552

 1597 36 1152

 448 36 1597

 1598 1153 37

 449 1598 37

 1599 1488 1174

 307 1599 1174

 1600 1175 1489

 308 1175 1600

 2342 1167 1601

 2300 1601 1167

 2342 1602 1167

 1167 1602 2301

 1186 620 1603

 1603 1661 2143

 1187 1604 621

 1604 2144 1662

 1605 2212 1037

 1605 1037 2334

 1606 1038 2213

 1606 2335 1038

 2546 1607 2349

 192 1105 1607

 2547 2350 1608

 193 1608 1106

 583 1609 668

 1609 583 1521

 584 669 1610

 1610 1522 584

 2284 1611 509

 509 1611 2053

 2285 510 1612

 510 2054 1612

 1486 1613 835

 835 1613 893

 1487 836 1614

 836 894 1614

 1615 915 477

 477 1192 1615

 1616 478 916

 478 1616 1193

 2599 1450 1617

 352 1617 1761

 2600 1618 1451

 353 1762 1618

 2788 2573 2744

 2835 1623 682

 2789 2745 2574

 2836 683 1624

 1621 240 33

 1321 240 1621

 1622 33 240

 1322 1622 240

 1623 2744 682

 1623 1176 1619

 1624 683 2745

 1624 1620 1177

 36 1625 2272

 1625 36 448

 37 2273 1626

 1626 449 37

 1627 905 2637

 465 1188 2479

 1628 2638 906

 466 2480 1189

 1629 77 1867

 1286 77 2762

 1630 1868 78

 1287 2763 78

 2243 1631 2485

 1631 1801 2485

 2244 2486 1632

 1632 2486 1802

 204 572 1633

 572 2282 1633

 205 1634 573

 573 1634 2283

 1635 125 2145

 2022 125 1635

 1636 2146 126

 2023 1636 126

 1135 1092 1637

 497 1135 1637

 1136 1638 1093

 498 1638 1136

 694 1418 1639

 2686 723 694

 695 1640 1419

 2687 695 724

 1824 1062 1641

 1641 1062 1587

 1825 1642 1063

 1642 1588 1063

 776 1643 1264

 776 224 2702

 777 1265 1644

 777 2703 225

 539 549 1645

 1645 549 1286

 1646 1287 550

 540 1646 550

 624 1120 1647

 625 1648 1121

 1649 1010 756

 1498 1649 2792

 1650 757 1011

 1499 2793 1650

 1651 1372 1188

 1130 1372 1651

 1652 1189 1373

 1131 1652 1373

 982 1653 1197

 688 1653 982

 983 1198 1654

 689 983 1654

 577 1655 19

 1052 1848 1655

 578 19 1656

 1053 1656 1848

 2418 855 1657

 855 729 1657

 2419 1658 856

 856 1658 730

 1659 256 1753

 1659 980 256

 1660 1754 256

 1660 256 980

 1603 620 1661

 620 175 1661

 1604 1662 621

 621 1662 176

 1813 1663 47

 1663 680 2473

 1814 48 1664

 1664 2474 681

 1665 169 1597

 2446 169 2597

 1666 1598 170

 2447 2598 170

 1667 1905 416

 1773 1667 416

 1668 417 1906

 1774 417 1668

 1669 624 1031

 2512 1031 742

 1670 1032 625

 2513 743 1032

 1671 238 1838

 1771 238 1671

 1672 1839 239

 1772 1672 239

 2813 452 2810

 694 452 2813

 2814 2810 453

 695 2814 453

 1675 1042 774

 1667 2137 1905

 1676 775 1043

 1668 1906 2138

 84 1677 823

 1432 1677 84

 85 824 1678

 1433 85 1678

 302 1679 927

 927 1679 1132

 303 928 1680

 928 1133 1680

 1681 631 2040

 1923 631 1681

 1682 2041 632

 1924 1682 632

 191 356 1683

 191 1683 1594

 191 1684 356

 191 1594 1684

 1685 1581 394

 394 901 1685

 1686 395 1582

 395 1686 902

 2280 2481 1687

 187 271 1687

 2281 1688 2482

 188 1688 272

 1689 2641 2740

 1689 2770 209

 1690 2741 2642

 1690 210 2771

 118 1691 1254

 744 2236 2254

 119 1255 1692

 745 2255 2237

 831 1432 2664

 2664 1432 746

 2665 747 1433

 832 2665 1433

 1695 325 1809

 2396 1695 1307

 1696 1810 326

 2397 1308 1696

 740 1697 2030

 1697 944 454

 741 2031 1698

 1698 455 945

 911 690 1699

 1699 690 1101

 912 1700 691

 1700 1102 691

 1701 712 1457

 1202 1701 2293

 1702 1456 711

 1201 2292 1702

 1703 810 2042

 626 810 1703

 1704 2043 811

 627 1704 811

 334 1705 2202

 334 1434 1705

 335 2203 1706

 335 1706 1435

 1707 1305 1932

 369 1305 1707

 1708 1933 1306

 370 1708 1306

 1832 1709 750

 750 1709 936

 1833 751 1710

 751 937 1710

 887 525 1711

 2750 1711 385

 888 1712 526

 2751 386 1712

 1961 2394 377

 377 2394 1721

 1962 378 2395

 378 1722 2395

 1715 2557 909

 2243 2485 909

 1716 910 2558

 2244 910 2486

 2055 1717 92

 92 1717 948

 2056 93 1718

 93 949 1718

 936 177 1719

 2526 1719 177

 937 1720 178

 2527 178 1720

 99 1721 853

 377 1721 99

 100 854 1722

 378 100 1722

 1723 2725 2748

 1855 2748 43

 1724 2749 2726

 1856 44 2749

 1725 1099 1327

 1943 1725 1327

 1726 1328 1100

 1944 1328 1726

 1612 558 1727

 1727 558 1209

 73 292 1728

 73 1728 314

 74 1729 293

 74 315 1729

 1919 1730 1693

 1730 108 1982

 1920 1694 1731

 1731 1983 109

 34 1070 1732

 34 1732 816

 35 1733 1071

 35 817 1733

 891 1734 363

 363 1734 587

 892 364 1735

 364 588 1735

 2314 250 1736

 250 1307 1736

 2315 1737 251

 251 1737 1308

 2367 1738 1315

 1867 1738 259

 2368 1316 1739

 1868 260 1739

 686 721 1740

 2184 721 1557

 687 1741 722

 2185 1558 722

 1742 711 2780

 2758 1742 2780

 1743 2781 712

 2759 2781 1743

 1744 206 1052

 206 1744 1144

 1745 1053 207

 207 1145 1745

 392 780 1746

 1746 780 1853

 393 1747 781

 1747 1854 781

 770 1165 1748

 2579 133 1921

 771 1749 1166

 2580 1922 134

 290 2318 1750

 38 1750 647

 291 1751 2319

 39 648 1751

 1752 1043 2183

 1752 2182 1042

 1753 256 871

 1753 871 2240

 1754 871 256

 1754 2240 871

 649 1755 764

 1755 649 1752

 649 765 1756

 1756 1752 649

 1757 489 485

 489 1757 1641

 1758 486 490

 490 1642 1758

 2310 1146 1759

 1759 1146 20

 2311 1760 1147

 1760 21 1147

 96 1761 739

 9 2302 96

 96 739 1762

 9 96 2303

 2114 1934 327

 327 1930 2583

 2115 328 1935

 328 2584 1931

 2390 2461 2292

 1146 2365 20

 2391 2293 2462

 1147 21 2366

 1405 392 1767

 1767 392 1746

 1406 1768 393

 1768 1747 393

 2528 1769 275

 1769 2551 275

 2529 276 1770

 1770 276 2552

 2194 2178 1771

 53 2194 1771

 2195 1772 2179

 54 1772 2195

 383 946 2540

 2540 1020 383

 384 2541 947

 2541 384 1021

 1048 2412 1775

 422 1775 2412

 1049 1776 2413

 423 2413 1776

 2528 1777 865

 865 1777 1230

 2529 866 1778

 866 1231 1778

 859 1779 885

 1887 1779 1027

 860 886 1780

 1888 1028 1780

 654 1590 1781

 441 654 1781

 655 1782 1591

 442 1782 655

 509 390 1783

 1783 390 1228

 1784 1229 391

 510 1784 391

 1512 664 1785

 664 1050 2320

 1513 1786 665

 665 2321 1051

 129 283 2838

 332 129 2593

 130 2837 979

 333 2594 130

 552 1789 808

 552 1282 2402

 553 809 1790

 553 2403 1283

 1791 1250 2428

 461 1791 1510

 1792 2429 1251

 462 1511 1792

 2082 1793 236

 236 1943 82

 2083 237 1794

 237 83 1944

 1795 31 2497

 1795 1500 31

 1796 2498 32

 1796 32 1501

 1392 116 1797

 116 725 1797

 1393 1798 117

 117 1798 726

 306 14 1799

 971 2834 1799

 306 1800 14

 971 1800 2834

 2485 1801 443

 2018 443 1801

 2486 444 1802

 2019 1802 444

 1927 603 1803

 1803 603 833

 1928 1804 604

 1804 834 604

 668 1805 684

 2633 1805 1436

 669 685 1806

 2634 1437 1806

 1270 1807 1470

 2284 2790 1270

 1271 1471 1808

 2285 1271 2791

 1809 1244 1689

 325 1244 1809

 1810 1690 1245

 326 1810 1245

 211 438 1811

 2180 438 408

 211 1812 439

 2181 409 439

 733 1813 47

 733 2764 1813

 734 48 1814

 734 1814 2765

 1815 200 1248

 1815 1248 1711

 1816 1249 201

 1816 1712 1249

 1639 1645 1817

 1645 1286 1817

 1640 1818 1646

 1646 1818 1287

 1420 958 1819

 1819 958 880

 1421 1820 959

 1820 881 959

 2719 1821 515

 1921 1821 469

 2720 516 1822

 1922 470 1822

 1823 1702 1742

 1137 1823 1742

 127 1824 1378

 127 1627 2222

 128 1379 1825

 128 2223 1628

 2839 1547 1066

 2839 1066 1278

 2840 1067 1548

 2840 1279 1067

 1828 2190 601

 2768 601 1258

 1829 602 2191

 2769 1259 602

 1994 1592 1830

 1830 1592 1561

 1995 1831 1593

 1831 1562 1593

 432 1569 1832

 1569 1909 1832

 433 1833 1570

 1570 1833 1910

 43 1834 863

 863 1834 1207

 44 864 1835

 864 1208 1835

 1836 40 2375

 40 1836 1020

 1837 2376 41

 41 1021 1837

 1777 2528 1838

 1838 686 1213

 1778 1839 2529

 1839 1214 687

 2832 2274 1840

 2012 2832 1840

 2013 1841 2833

 2833 1841 2275

 1132 1842 1649

 1132 1440 1842

 1133 1650 1843

 1133 1843 1441

 997 1844 2698

 222 1844 997

 998 2699 1845

 223 998 1845

 2593 731 1846

 1846 731 1296

 2594 1847 732

 1847 1297 732

 1655 1848 19

 1656 19 1848

 2380 1849 365

 365 1849 1855

 2381 366 1850

 366 1856 1850

 390 1851 788

 1527 788 1851

 391 789 1852

 1528 1852 789

 1512 1853 246

 1853 151 246

 1513 247 1854

 1854 247 152

 1855 1723 2748

 1855 1849 1723

 1856 2749 1724

 1856 1724 1850

 932 1232 1857

 1857 1232 265

 1858 266 1233

 933 1858 1233

 1859 709 585

 2508 1859 585

 1860 586 710

 2509 586 1860

 917 1514 1861

 1137 917 1861

 918 1862 1515

 1138 1862 918

 748 167 1863

 1863 167 1541

 749 1864 168

 1864 1542 168

 90 153 1865

 153 1374 1865

 91 1866 154

 154 1866 1375

 1629 1867 1895

 1895 1867 259

 1630 1896 1868

 1896 260 1868

 1136 2667 1869

 1135 1869 2666

 880 1573 1870

 1961 880 1870

 881 1871 1574

 1962 1871 881

 1388 1872 591

 2796 2459 2742

 1389 592 1873

 2797 2743 2460

 1874 14 131

 1803 1874 131

 1875 132 14

 1804 132 1875

 1823 1137 1876

 1137 434 1876

 1877 874 1836

 1877 2489 874

 1878 1837 875

 1878 875 2490

 1879 544 13

 1879 1313 544

 1880 13 544

 1880 544 1314

 2298 1881 1374

 1374 1881 1655

 2299 1375 1882

 1375 1656 1882

 135 1436 1883

 2821 135 1883

 136 1884 1437

 2822 1884 136

 1885 2068 2422

 1589 1885 435

 1886 2423 2067

 1876 434 1886

 1887 2444 885

 885 1779 1887

 1888 886 2445

 886 1888 1780

 2469 1889 1122

 1122 1889 2710

 2470 1123 1890

 1123 2711 1890

 662 1054 1891

 1891 1054 537

 663 1892 1055

 1892 538 1055

 865 2804 2475

 865 1230 2804

 866 2476 2805

 866 2805 1231

 1895 259 942

 1195 1895 942

 1896 943 260

 1196 943 1896

 608 1897 430

 1945 1897 2264

 609 431 1898

 1946 2265 1898

 1965 1899 733

 1965 1118 1899

 1966 734 1900

 1966 1900 1119

 2798 911 1901

 1901 911 1464

 2799 1902 912

 1902 1465 912

 1903 2829 208

 208 563 1903

 1904 208 2829

 208 1904 564

 2137 774 1905

 1905 774 157

 2138 1906 775

 1906 158 775

 1907 371 493

 493 556 2139

 1908 494 372

 494 2140 557

 1569 823 1909

 1677 1909 823

 1570 1910 824

 1678 824 1910

 1917 2575 1911

 1911 71 1988

 1918 1912 2576

 1912 1989 72

 907 1913 2004

 907 812 1913

 908 2005 1914

 908 1914 813

 1915 1058 610

 416 1915 610

 1916 611 1059

 417 611 1916

 183 1917 1370

 1917 1911 1370

 184 1371 1918

 1918 1371 1912

 1919 1759 108

 1919 108 1730

 1920 109 1760

 1920 1731 109

 1165 1921 1748

 1748 1921 469

 1166 1749 1922

 1749 470 1922

 1923 1401 290

 1923 290 1750

 1924 291 1402

 1924 1751 291

 1156 1925 2459

 1925 1156 1039

 1157 2460 1926

 1926 1039 1157

 1927 131 198

 2489 198 874

 1928 199 132

 2490 875 199

 1885 1929 2068

 2047 1929 1885

 327 1934 1930

 719 1930 1763

 328 1931 1935

 720 1764 1931

 1323 1932 2000

 1932 1305 872

 1324 2001 1933

 1933 873 1306

 1934 1763 1930

 139 1763 1934

 1935 1931 1764

 140 1935 1764

 1482 1506 1936

 1936 1506 147

 1483 1937 1507

 1937 148 1507

 1813 2764 1938

 2731 1938 2764

 1814 1939 2765

 2732 2765 1939

 2049 1094 1940

 2048 1940 1094

 321 2426 1941

 321 1941 234

 322 1942 2427

 322 235 1942

 236 1793 1943

 1793 1086 1943

 237 1944 1794

 1794 1944 1087

 430 1897 1945

 1945 2175 430

 431 1946 1898

 1946 431 2176

 2044 1947 2260

 2266 2036 1947

 2045 2261 1948

 2267 1948 2037

 808 1949 552

 808 369 1949

 809 553 1950

 809 1950 370

 1951 1226 185

 1951 1446 1226

 1952 186 1227

 1952 1227 1447

 2243 65 2448

 2448 65 903

 2244 2449 66

 2449 904 66

 589 1955 2639

 346 2808 589

 590 2640 1956

 347 590 2809

 342 1957 2512

 1990 1957 342

 343 2513 1958

 1991 343 1958

 204 1959 139

 139 1959 1763

 205 140 1960

 140 1764 1960

 790 1961 1870

 790 2394 1961

 791 1871 1962

 791 1962 2395

 2595 1170 1963

 1963 1170 2548

 2596 1964 1171

 1964 2549 1171

 529 1965 2127

 2153 1965 529

 530 2128 1966

 2154 530 1966

 1967 1301 398

 277 1301 1967

 1968 399 1302

 278 1968 1302

 837 903 1969

 1086 837 1969

 838 1970 904

 1087 1970 838

 1971 1325 312

 800 1971 2088

 1972 313 1326

 801 2089 1972

 2746 1973 972

 972 1973 2465

 2747 973 1974

 973 2466 1974

 398 505 1975

 1975 505 1805

 399 1976 506

 1976 1806 506

 1460 1977 1016

 1016 1977 1828

 1461 1017 1978

 1017 1829 1978

 1979 43 261

 1979 261 1154

 1980 262 44

 1980 1155 262

 1974 26 1981

 1973 1981 26

 1982 1201 2008

 1565 1982 2008

 1983 2009 1202

 1566 2009 1983

 179 1979 1984

 1577 179 1984

 180 1985 1980

 1578 1985 180

 1124 2038 1986

 1124 1986 1977

 1125 1987 2039

 1125 1978 1987

 1988 660 143

 1162 1988 143

 1989 144 661

 1163 144 1989

 2345 1990 678

 678 1990 342

 2346 679 1991

 679 343 1991

 1992 1278 420

 1993 421 1279

 2671 965 1994

 965 1592 1994

 966 1995 1593

 2672 1995 966

 1070 1996 2228

 1070 34 1996

 1071 2229 1997

 1071 1997 35

 1998 2595 1963

 2595 1998 929

 1999 1964 2596

 2596 930 1999

 2000 872 1575

 1932 872 2000

 2001 1576 873

 1933 2001 873

 1996 277 2002

 277 593 2002

 1997 2003 278

 278 2003 594

 196 907 2004

 2355 2004 2737

 197 2005 908

 2356 2738 2005

 2723 999 2006

 999 2645 2006

 2724 2007 1000

 1000 2007 2646

 1565 2008 338

 338 2008 2187

 339 2186 2009

 1566 339 2009

 209 2010 853

 2010 99 853

 210 854 2011

 2011 854 100

 839 80 2012

 2012 80 1468

 2013 1469 81

 840 2013 81

 991 2848 2014

 1006 991 2022

 992 2015 2849

 1007 2023 992

 1975 668 2016

 668 1609 2016

 1976 2017 669

 669 2017 1610

 2018 2609 1403

 1403 443 2018

 2019 1404 2610

 1404 2019 444

 2020 2296 97

 2020 97 2504

 2021 98 2297

 2021 2505 98

 2022 2014 125

 991 2014 2022

 2023 126 2015

 992 2023 2015

 106 956 2024

 956 934 2024

 107 2025 957

 957 2025 935

 2026 1817 145

 145 2682 2026

 2027 146 1818

 146 2027 2683

 2120 581 2157

 277 581 2092

 2121 2158 582

 278 2093 582

 2030 454 786

 1697 454 2030

 2031 787 455

 1698 2031 455

 1476 2032 2373

 1476 1915 2032

 1477 2374 2033

 1477 2033 1916

 2034 1084 1405

 2180 2034 1405

 2035 1406 1085

 2181 1406 2035

 2036 968 614

 2260 1947 2036

 2037 615 969

 2261 2037 1948

 1315 554 2038

 1124 1315 2038

 1316 2039 555

 1125 2039 1316

 1339 110 2040

 336 2059 110

 1340 2041 111

 337 111 2060

 867 2042 51

 51 2042 2639

 868 52 2043

 52 2640 2043

 1947 2044 1266

 1266 2044 2167

 1948 1267 2045

 1267 2168 2045

 2668 2046 704

 704 2046 2458

 2047 1209 1929

 1727 1209 2047

 1359 1940 2048

 2363 1359 2048

 2364 2049 1360

 1360 2049 1940

 561 1452 2050

 737 561 2050

 562 2051 1453

 738 2051 562

 1039 2052 1157

 1039 1156 2052

 332 1851 2053

 332 2053 1611

 333 1612 2054

 333 2054 1852

 491 2055 889

 491 752 2055

 492 890 2056

 492 2056 753

 1072 2057 696

 1072 676 2057

 1073 697 2058

 1073 2058 677

 2040 2059 1681

 2040 110 2059

 2041 1682 2060

 2041 2060 111

 2061 1504 735

 2131 735 2772

 2062 736 1505

 2132 2773 736

 2063 806 69

 2161 69 727

 2064 70 807

 2162 728 70

 2811 2729 2065

 2752 2830 1899

 2812 2066 2730

 2753 1900 2831

 2484 2067 1362

 1362 2067 2714

 1361 2715 2068

 1929 1361 2068

 754 2069 599

 2788 754 2573

 755 600 2070

 2789 2574 755

 2071 796 1118

 796 2071 857

 2072 1119 797

 797 858 2072

 2402 531 2073

 2510 2073 531

 1790 2074 532

 2511 532 2074

 1414 2075 822

 1413 822 2075

 2076 2497 1172

 2076 2603 243

 2077 1173 2498

 2077 244 2604

 2078 754 599

 2078 599 252

 2079 600 755

 2079 253 600

 234 2080 503

 234 1941 2436

 235 504 2081

 235 2437 1942

 2495 2082 878

 878 2617 1339

 2496 879 2083

 879 1340 2618

 101 2084 269

 269 2084 511

 102 270 2085

 270 512 2085

 2086 1925 639

 551 2086 639

 2087 640 1926

 551 640 2087

 312 2088 1971

 2424 2088 312

 313 1972 2089

 2425 313 2089

 2073 1305 2090

 1789 2073 2090

 2074 2091 1306

 1790 2091 2074

 2120 2092 581

 2092 2028 593

 2121 582 2093

 2093 594 2029

 483 2094 825

 1466 2094 483

 484 826 2095

 1467 484 2095

 2096 1280 385

 2096 1168 1280

 2097 386 1281

 2097 1281 1169

 2094 845 2098

 629 2098 845

 2095 2099 846

 630 846 2099

 778 2100 2725

 2100 2536 450

 779 2726 2101

 2101 451 2537

 905 725 2102

 2637 905 2102

 906 2103 726

 2638 2103 906

 1386 2104 336

 218 2104 1386

 1387 337 2105

 219 1387 2105

 2106 2432 1382

 2106 269 2432

 2107 1383 2433

 2107 2433 270

 2108 2835 682

 2108 1343 535

 2109 536 1344

 2109 683 2836

 2110 1460 214

 861 2110 214

 862 215 2111

 2111 215 1461

 2112 1659 2794

 960 2112 288

 2113 2795 1660

 961 289 2113

 323 2114 1529

 2234 139 2114

 324 1530 2115

 2235 2115 140

 2116 1559 340

 2116 2382 2673

 2117 341 1560

 2117 2674 2383

 243 2118 545

 2118 1625 545

 244 546 2119

 2119 546 1626

 2092 2120 2028

 2120 1292 2028

 2093 2029 2121

 2121 2029 1293

 595 2122 1274

 489 2122 2129

 596 1275 2123

 490 2130 2123

 1396 739 2124

 1395 2124 739

 843 2125 155

 155 2125 1555

 844 156 2126

 156 1556 2126

 1210 2127 1529

 529 2127 1210

 1211 1530 2128

 530 1211 2128

 2129 2122 595

 2129 595 485

 2130 596 2123

 2130 486 596

 90 2061 2131

 2061 735 2131

 91 2132 2062

 2062 2132 736

 748 2133 1088

 485 1088 2133

 749 1089 2134

 486 2134 1089

 2581 2135 867

 2135 1703 867

 2582 868 2136

 2136 868 1704

 2137 1675 774

 2137 1752 1675

 2138 775 1676

 2138 1676 1752

 2078 1907 2139

 1907 493 2139

 2079 2140 1908

 1908 2140 494

 57 700 2141

 57 2141 2782

 58 2142 701

 58 2783 2142

 1603 2143 163

 2149 2553 163

 1604 164 2144

 2150 164 2554

 2145 2656 944

 2145 944 1294

 2146 945 2657

 2146 1295 945

 601 688 2147

 2147 688 982

 602 2148 689

 2148 983 689

 2149 163 2143

 2143 1661 2149

 2150 2144 164

 2144 2150 1662

 2151 1832 1502

 348 2151 1502

 349 1503 2152

 2152 1503 1833

 1965 2153 1118

 1118 2153 2071

 1966 1119 2154

 1119 2072 2154

 833 603 2631

 833 2631 179

 834 2632 604

 834 180 2632

 891 2120 2157

 891 2157 1734

 892 2158 2121

 892 1735 2158

 1977 2159 705

 2159 839 2173

 1978 706 2160

 2160 2174 840

 2063 69 2161

 501 2063 2161

 2064 2162 70

 502 2162 2064

 1601 2163 1583

 2163 591 1583

 1602 1584 2164

 2164 1584 592

 2165 2308 1440

 2165 1440 1132

 2166 1441 2309

 2166 1133 1441

 273 1266 2167

 715 273 2167

 274 2168 1267

 716 2168 274

 206 919 2169

 919 114 2169

 920 207 2170

 920 2170 115

 2171 715 1221

 1221 616 2171

 2172 1222 716

 1222 2172 617

 705 2173 348

 2159 2173 705

 706 349 2174

 2160 706 2174

 1088 2175 748

 2175 1088 430

 1089 749 2176

 2176 431 1089

 59 419 2177

 59 2177 418

 2178 2250 238

 1771 2178 238

 2179 239 2251

 1772 239 2179

 1811 438 2180

 1811 2180 2198

 1812 2181 439

 1812 2199 2181

 1752 440 2182

 2182 2312 1042

 1752 2183 440

 2183 1043 2313

 1740 721 2184

 1740 2184 1213

 1741 2185 722

 1741 1214 2185

 2009 2186 1202

 213 1202 2186

 212 2187 1201

 2008 1201 2187

 626 2188 810

 627 811 2189

 2190 348 1502

 705 348 2190

 2191 1503 349

 706 2191 349

 2192 1464 911

 1068 1464 2192

 2193 912 1465

 1069 2193 1465

 2245 1303 2194

 2194 1303 2178

 2246 2195 1304

 2195 2179 1304

 1581 481 2196

 2196 481 2351

 1582 2197 482

 2197 2352 482

 2827 2198 772

 940 1811 2198

 2828 773 2199

 941 2199 1812

 2200 643 1399

 643 2200 2206

 644 2207 2201

 2201 1400 644

 723 2202 1199

 2202 2843 1199

 724 1200 2203

 2203 1200 2844

 2204 1264 517

 517 1565 2204

 2205 518 1265

 518 2205 1566

 2200 381 2206

 381 2567 2206

 2201 2207 382

 382 2207 2568

 1555 2125 2208

 2208 1323 1555

 1556 2209 2126

 2209 1556 1324

 542 812 2210

 1685 542 2210

 543 2211 813

 1686 2211 543

 436 2212 1605

 436 893 2212

 437 1606 2213

 437 2213 894

 2050 404 2214

 404 1294 2733

 2051 2215 405

 405 2734 1295

 1516 2216 1260

 1260 2216 2187

 1517 1261 2217

 1261 2186 2217

 2218 2607 717

 1466 666 2218

 2219 718 2608

 1467 2219 667

 2512 1957 2220

 2766 2220 1957

 2513 2221 1958

 2767 1958 2221

 1824 2222 1062

 127 2222 1824

 1825 1063 2223

 128 1825 2223

 2248 2224 768

 2224 1514 2563

 2249 769 2225

 2225 2564 1515

 2226 732 2600

 1788 732 2226

 2227 2599 731

 1787 2227 731

 2228 1996 641

 2228 641 202

 2229 642 1997

 2229 203 642

 1641 2230 1824

 1824 2230 160

 1642 1825 2231

 1825 161 2231

 2232 571 1785

 1785 664 2320

 2233 1786 571

 1786 2321 665

 2234 2114 323

 323 1142 2234

 2235 324 2115

 324 2235 1143

 118 2236 1691

 2236 1376 1691

 119 1692 2237

 2237 1692 1377

 2238 147 1341

 579 147 2238

 2239 1342 148

 580 2239 148

 331 2240 345

 331 344 2240

 2241 2706 1567

 400 2241 2778

 2242 1568 2707

 401 2779 2242

 24 1631 2243

 2243 2448 24

 25 2244 1632

 2244 25 2449

 53 2245 2194

 2127 2245 53

 54 2195 2246

 2128 54 2246

 1701 2247 245

 245 2247 1589

 1514 2224 2248

 1514 2248 1107

 1515 2249 2225

 1515 1108 2249

 238 2250 479

 479 2250 972

 239 480 2251

 480 973 2251

 2252 2782 2557

 357 2252 2557

 2253 2558 2783

 358 2558 2253

 2254 2236 118

 633 2254 118

 2255 119 2237

 634 119 2255

 2256 1329 1349

 241 1329 2256

 2257 1350 1330

 242 2257 1330

 2258 149 1299

 790 149 2258

 2259 1300 150

 791 2259 150

 614 2260 2036

 2260 614 569

 615 2037 2261

 2261 570 615

 2262 241 2256

 656 241 2262

 2263 2257 242

 657 2263 242

 1945 2264 513

 2264 1651 513

 1946 514 2265

 2265 514 1652

 2266 281 1444

 1008 281 2266

 2267 1445 282

 1009 2267 282

 1317 2268 88

 1317 2284 2268

 1318 89 2269

 1318 2269 2285

 2270 1551 670

 204 1551 2270

 2271 671 1552

 205 2271 1552

 1018 2272 2118

 1018 45 2272

 1019 2119 2273

 1019 2273 46

 746 2274 713

 2832 713 2274

 747 714 2275

 2833 2275 714

 254 2276 1144

 206 1144 2276

 255 1145 2277

 207 2277 1145

 2278 719 692

 692 1590 2278

 2279 693 720

 693 2279 1591

 220 2280 363

 735 2280 220

 221 364 2281

 736 221 2281

 1142 760 2282

 387 2282 760

 1143 2283 761

 388 761 2283

 2284 1516 1012

 2284 1012 1611

 2285 1013 1517

 2285 1612 1013

 869 2286 1111

 869 1615 2286

 870 1112 2287

 870 2287 1616

 2232 2288 563

 1903 563 2551

 2233 564 2289

 1904 2552 564

 2071 2290 357

 2290 2252 357

 2072 358 2291

 2291 358 2253

 2461 1456 2292

 1702 2292 1456

 2462 2293 1457

 1701 1457 2293

 1407 984 2294

 1781 2294 984

 1408 2295 985

 1782 985 2295

 495 2296 1553

 1553 2296 189

 1554 190 2297

 496 1554 2297

 1478 2276 2298

 1539 1478 2298

 1479 2299 2277

 1540 2299 1479

 1234 1353 2300

 2300 1353 2163

 1354 1235 2301

 2301 2164 1354

 352 1761 2302

 2302 1761 96

 353 2303 1762

 2303 96 1762

 1917 183 2304

 183 1351 2304

 1918 2305 184

 184 2305 1352

 2800 2306 114

 114 2306 1139

 2801 115 2307

 115 1139 2307

 921 2308 457

 2786 921 1549

 922 458 2309

 2787 1550 922

 2310 172 1146

 2310 1399 172

 2311 1147 173

 2311 173 1400

 440 59 2312

 2182 440 2312

 440 2313 59

 2183 2313 440

 1215 250 2314

 684 1215 2314

 1216 2315 251

 685 2315 1216

 1345 1095 2316

 2316 2591 1152

 1346 2317 1096

 2317 1153 2592

 647 1750 2318

 647 2318 2338

 648 2319 1751

 648 2339 2319

 1785 2320 2232

 2232 2320 2288

 1786 2233 2321

 2233 2289 2321

 2322 1254 1238

 88 1254 2440

 2323 1239 1255

 89 2441 1255

 1050 501 2324

 2320 1050 2324

 1051 2325 502

 2321 2325 1051

 77 11 2326

 11 1605 2334

 78 2327 12

 12 2335 1606

 2328 1029 1480

 2652 1029 2328

 2329 1481 1030

 2653 2329 1030

 356 792 2330

 2330 792 1583

 356 2331 793

 2331 1584 793

 15 1140 2332

 15 2332 1573

 16 2333 1141

 16 1574 2333

 11 2334 2326

 2326 2334 60

 12 2327 2335

 2327 61 2335

 2192 911 2336

 2336 911 1699

 2337 1700 912

 2193 2337 912

 2318 1494 2338

 2338 1494 837

 2319 2339 1495

 2339 838 1495

 962 1819 2340

 2340 377 962

 963 2341 1820

 2341 963 378

 356 793 2342

 356 2342 792

 2334 2343 60

 60 2343 2798

 2335 61 2344

 61 2799 2344

 1380 396 2345

 396 1990 2345

 1381 2346 397

 397 2346 1991

 521 1162 2347

 1162 143 2347

 522 2348 1163

 1163 2348 144

 2546 2349 1571

 2349 2282 1571

 2547 1572 2350

 2350 1572 2283

 2351 234 503

 2351 503 1775

 2352 504 235

 2352 1776 504

 2328 2353 29

 2656 2353 786

 2329 30 2354

 2657 787 2354

 1099 196 2355

 2355 196 2004

 1100 2356 197

 2356 2005 197

 1472 2357 329

 329 2357 1116

 330 1117 2358

 1473 330 2358

 1971 800 2359

 2497 2359 800

 1972 2360 801

 2498 801 2360

 2361 2841 2810

 452 2361 2810

 2362 2810 2841

 453 2810 2362

 361 2363 495

 361 1097 2704

 362 496 2364

 362 2705 1098

 1765 20 2365

 1456 1765 2365

 1457 2366 1766

 1766 2366 21

 942 259 2367

 259 1738 2367

 943 2368 260

 260 2368 1739

 2369 931 638

 2369 1791 931

 2370 638 931

 2370 931 1792

 2371 2254 633

 633 1162 2371

 634 2372 1163

 2372 634 2255

 1476 2373 263

 263 2373 2314

 1477 264 2374

 264 2315 2374

 40 915 2375

 2375 915 869

 41 2376 916

 2376 870 916

 169 729 2377

 2059 2377 729

 170 2378 730

 2060 730 2378

 628 1260 2379

 1134 628 2379

 782 1349 2380

 2756 2380 923

 783 2381 1350

 2757 924 2381

 2116 340 2382

 2382 340 1056

 2117 2383 341

 2383 1057 341

 2384 307 1174

 1969 307 2384

 2385 1175 308

 1970 2385 308

 1887 1027 2386

 2386 1027 802

 1888 2387 1028

 2387 803 1028

 75 446 2388

 2388 446 1365

 76 2389 447

 2389 1366 447

 1759 20 2390

 2390 20 2461

 1760 2391 21

 2391 2462 21

 1006 2392 1180

 1006 2022 2392

 1007 1181 2393

 1007 2393 2023

 2394 2400 1713

 1240 2394 1713

 2395 1714 2401

 1241 1714 2395

 1695 2514 325

 325 2514 1244

 1696 326 2515

 326 1245 2515

 515 1262 2398

 1008 515 2398

 516 2399 1263

 1009 2399 516

 1713 2400 616

 616 2400 2424

 1714 617 2401

 617 2425 2401

 2402 2073 1789

 552 2402 1789

 2403 1790 532

 553 1790 2403

 2404 2388 1105

 2404 1105 192

 2405 1106 2389

 2405 193 1106

 2406 2228 202

 302 2406 2444

 2407 203 2229

 303 2445 2407

 2408 1407 2294

 770 1407 2408

 2409 2295 1408

 771 2409 1408

 1470 776 2410

 1270 1470 2410

 1471 2411 777

 1271 2411 1471

 1048 300 2412

 2815 2412 300

 1049 2413 301

 2816 301 2413

 1527 1290 2414

 1290 794 2414

 1528 2415 1291

 1291 2415 795

 424 2416 36

 1272 2416 424

 425 37 2417

 1273 425 2417

 2418 967 847

 2418 847 1510

 2419 848 967

 2419 1511 848

 1376 2420 350

 350 2420 1506

 1377 351 2421

 351 1507 2421

 435 2422 1862

 435 1885 2422

 434 1861 2423

 434 2423 1886

 547 2424 312

 616 2424 547

 548 313 2425

 617 548 2425

 196 1099 2426

 1725 2426 1099

 197 2427 1100

 1726 1100 2427

 2428 1510 1791

 925 1510 2428

 2429 1792 1511

 926 2429 1511

 316 1901 2430

 1738 316 2430

 317 2431 1902

 1739 2431 317

 1506 1126 2432

 1382 2432 1126

 1507 2433 1127

 1383 1127 2433

 467 487 2434

 2204 467 2434

 468 2435 488

 2205 2435 468

 2436 2080 234

 2436 1488 2080

 2437 235 2081

 2437 2081 1489

 539 318 2438

 549 539 2438

 550 2439 540

 540 2439 319

 1254 2322 2440

 2440 2322 27

 2441 28 2323

 1255 2441 2323

 2442 2048 672

 2442 672 1313

 2443 673 2049

 2443 1314 673

 202 2444 2406

 202 885 2444

 203 2407 2445

 203 2445 886

 344 729 2446

 2240 344 2471

 345 2447 730

 2240 2472 345

 24 2448 1953

 768 1953 2448

 25 1954 2449

 769 2449 1954

 1611 1012 2450

 2450 1298 1611

 1612 2451 1013

 2451 1612 1727

 1335 2452 1365

 2398 1365 2452

 1336 1366 2453

 2399 2453 1366

 848 2454 967

 847 967 2454

 899 2455 236

 952 2455 899

 900 237 2456

 953 900 2456

 2457 2600 1451

 1361 2457 1451

 2458 1450 2599

 1362 1450 2458

 1872 2742 2459

 1872 2459 1925

 1873 1926 2460

 2743 1873 2460

 1456 2461 1765

 1765 2461 20

 1766 21 2462

 1457 1766 2462

 2173 2463 432

 2463 1569 432

 2174 433 2464

 2464 433 1570

 1973 1411 2465

 1411 1458 2465

 1974 2466 1412

 1412 2466 1458

 770 2467 984

 2708 2467 770

 771 985 2468

 2709 771 2468

 2469 422 1889

 696 422 2469

 2470 1890 423

 697 2470 423

 344 2446 2471

 2446 288 2471

 345 2472 2447

 2447 2472 289

 47 1663 2473

 2245 47 2473

 48 2474 1664

 2246 2474 48

 1595 1769 2475

 1893 1595 2475

 1596 2476 1770

 1894 2476 1596

 2477 22 1459

 2619 2477 1459

 2478 1459 22

 2620 1459 2478

 1627 2479 1062

 465 2479 1627

 1628 1063 2480

 466 1628 2480

 1384 187 2481

 2481 187 1687

 1385 2482 188

 2482 1688 188

 2507 703 2483

 2506 2483 702

 1194 2484 2046

 1194 2067 2484

 2485 443 1715

 909 2485 1715

 2486 1716 444

 910 1716 2486

 2487 2355 650

 2487 650 82

 2488 651 2356

 2488 83 651

 2489 1462 1927

 198 2489 1927

 2490 1928 1463

 199 1928 2490

 2491 612 946

 22 612 2534

 2492 947 613

 22 2535 613

 1709 2493 936

 2493 177 936

 1710 937 2494

 2494 937 178

 647 829 2495

 2495 829 1793

 648 2496 830

 2496 1794 830

 523 1525 2497

 2497 800 523

 524 2498 1526

 2498 524 801

 2390 2499 1982

 2390 2292 2499

 2391 1983 2500

 2391 2500 2293

 1139 2501 2307

 1139 2306 2501

 1230 286 2502

 286 2465 2502

 1231 2503 287

 287 2503 2466

 2504 1040 1416

 2504 97 1040

 2505 1417 1041

 2505 1041 98

 1520 299 2506

 2506 299 2483

 1520 2507 299

 2507 2483 299

 2508 585 1234

 1234 2300 2508

 2509 1235 586

 1235 2509 2301

 2510 531 802

 1027 2510 802

 2511 803 532

 1028 803 2511

 2512 1669 1031

 1669 2512 1120

 2513 1032 1670

 1670 1121 2513

 1695 2396 2514

 2396 250 2514

 1696 2515 2397

 2397 2515 251

 2792 2516 1498

 228 1498 2516

 2793 1499 2517

 229 2517 1499

 230 2518 1390

 2518 162 1390

 231 1391 2519

 2519 1391 162

 2520 1399 1068

 2520 1068 2192

 2521 1069 1400

 2521 2193 1069

 2601 2522 938

 938 2522 1488

 2602 939 2523

 939 1489 2523

 1148 2571 459

 2571 1448 459

 1149 460 2572

 2572 460 1449

 2526 101 525

 2526 525 887

 2527 526 102

 2527 888 526

 2528 275 686

 2528 686 1838

 2529 687 276

 2529 1839 687

 1335 2530 2725

 2748 2725 2530

 1336 2726 2531

 2749 2531 2726

 700 654 2532

 1355 700 2532

 701 2533 655

 1356 2533 701

 131 2534 2491

 2491 2534 612

 132 2492 2535

 2492 613 2535

 86 1444 2536

 2536 666 86

 87 2537 1445

 2537 87 667

 318 2538 361

 2544 2538 318

 319 362 2539

 2545 319 2539

 2540 2619 1773

 1020 2540 1773

 2541 1774 2620

 1021 1774 2541

 1395 2542 2124

 2542 1395 1891

 1396 2124 2543

 2543 1892 1396

 1673 2544 1080

 2544 318 1080

 1674 1081 2545

 2545 1081 319

 192 1607 2546

 727 192 2546

 193 2547 1608

 728 2547 193

 133 2548 1262

 2579 2548 133

 134 1263 2549

 2580 134 2549

 649 2550 765

 649 764 2550

 2288 2324 2551

 563 2288 2551

 2289 2552 2325

 564 2552 2289

 2609 2520 2553

 2609 2553 2149

 2610 2554 2521

 2610 2150 2554

 477 2614 2555

 2262 477 2555

 478 2556 2615

 2263 2556 478

 357 2557 1014

 1014 2557 1715

 358 1015 2558

 1015 1716 2558

 45 1504 2559

 2559 2272 45

 46 2560 1505

 2560 46 2273

 1140 181 2561

 181 302 2561

 1141 2562 182

 182 2562 303

 141 2224 2563

 2758 2563 1137

 142 2564 2225

 2759 1138 2564

 1967 398 2565

 1975 2565 398

 1968 2566 399

 1976 399 2566

 381 1801 2567

 2567 1801 1631

 382 2568 1802

 2568 1632 1802

 1531 2569 1434

 2569 2512 1434

 1532 1435 2570

 2570 1435 2513

 2524 1448 2571

 2571 230 2524

 2525 2572 1449

 2572 2525 231

 682 2744 2573

 2573 2684 2660

 683 2574 2745

 2574 2661 2685

 2575 597 71

 2575 71 1911

 2576 72 598

 2576 1912 72

 2524 2577 1448

 2525 1449 2578

 1165 2408 2579

 1165 2579 1921

 1166 2580 2409

 1166 1922 2580

 1046 1430 2581

 999 1046 2581

 1047 2582 1431

 1000 2582 1047

 2153 529 2583

 2153 2583 1496

 2154 2584 530

 2154 1497 2584

 1035 1585 2585

 517 1035 2585

 1036 2586 1586

 518 2586 1036

 1278 561 2587

 2587 561 737

 1279 2588 562

 2588 738 562

 758 2825 2589

 2825 2819 2589

 759 2590 2826

 2826 2590 2820

 1095 2591 2316

 1095 314 2591

 1096 2317 2592

 1096 2592 315

 2593 129 1787

 2593 1787 731

 2594 1788 130

 2594 732 1788

 1959 2595 410

 2595 929 410

 1960 411 2596

 2596 411 930

 2597 1665 960

 2597 169 1665

 2598 961 1666

 2598 1666 170

 1296 2599 352

 2599 1617 352

 1297 353 2600

 2600 353 1618

 2601 300 1048

 2601 1048 2522

 2602 1049 301

 2602 2523 1049

 2603 2076 1172

 2125 2603 1172

 2604 1173 2077

 2126 1173 2604

 179 2605 1979

 2631 2658 179

 180 1980 2606

 2632 180 2659

 2607 2218 666

 2536 2607 666

 2608 667 2219

 2537 667 2608

 2018 1484 2609

 2609 1484 2520

 2019 2610 1485

 2610 2521 1485

 284 1549 2611

 284 2611 552

 285 2612 1550

 285 553 2612

 2613 1812 211

 2613 211 1811

 2555 2614 1082

 2614 1058 1082

 2556 1083 2615

 2615 1083 1059

 1823 1876 2616

 1823 2616 2379

 2082 2617 878

 2617 2082 218

 2083 879 2618

 2618 219 2083

 1160 2619 1459

 1773 2619 1160

 1161 1459 2620

 1774 1161 2620

 2621 2669 232

 172 2621 232

 2622 233 2670

 173 233 2622

 1520 2506 2623

 1520 2623 607

 1520 2624 2507

 1520 607 2624

 622 2625 2280

 2625 2481 2280

 623 2281 2626

 2626 2281 2482

 2737 995 2627

 2627 995 1651

 2738 2628 996

 2628 1652 996

 1949 1010 2629

 1649 2629 1010

 1950 2630 1011

 1650 1011 2630

 603 2155 2631

 2155 2658 2631

 604 2632 2156

 2156 2632 2659

 2633 1215 684

 684 1805 2633

 2634 685 1216

 685 2634 1806

 1207 2635 151

 1207 1834 2635

 1208 152 2636

 1208 2636 1835

 2637 465 1627

 2627 465 2637

 2638 1628 466

 2628 2638 466

 385 913 2639

 1248 2639 913

 386 2640 914

 1249 914 2640

 2740 2641 62

 1883 62 2641

 2741 63 2642

 1884 2642 63

 2210 812 2643

 321 2643 812

 2211 2644 813

 322 813 2644

 2006 2645 279

 2645 2581 279

 2007 280 2646

 2646 280 2582

 1663 2647 680

 1663 1938 2647

 1664 681 2648

 1664 2648 1939

 2649 1860 64

 2649 64 1859

 599 2650 1331

 2650 1448 1331

 600 1332 2651

 2651 1332 1449

 658 1319 2652

 2014 658 2652

 659 2653 1320

 2015 2653 659

 1031 2654 354

 2654 576 354

 1032 355 2655

 2655 355 576

 2353 2656 29

 29 2656 2145

 2354 30 2657

 30 2146 2657

 2658 2605 179

 2658 1276 2605

 2659 180 2606

 2659 2606 1277

 2573 2660 682

 682 2660 2108

 2574 683 2661

 683 2109 2661

 248 121 2662

 248 2662 988

 249 2663 122

 249 989 2663

 831 2664 1693

 1693 2664 746

 832 1694 2665

 1694 747 2665

 1869 456 2666

 2666 456 2796

 2667 2797 456

 1869 2667 456

 1298 2668 283

 283 2668 704

 2621 897 2669

 897 2589 2819

 2622 2670 898

 898 2820 2590

 2671 1178 818

 818 2575 2671

 2672 819 1179

 819 2672 2576

 1190 2673 1523

 680 2673 1190

 1191 1524 2674

 681 1191 2674

 578 2675 389

 577 389 2675

 216 2676 1707

 2676 369 1707

 217 1708 2677

 2677 1708 370

 375 814 2678

 2678 814 1186

 376 2679 815

 2679 1187 815

 2680 968 359

 2680 359 825

 2681 360 969

 2681 826 360

 2682 334 1309

 2682 1309 2026

 2683 1310 335

 2683 2027 1310

 2684 1561 2660

 1830 1561 2684

 2685 2661 1562

 1831 2685 1562

 1639 1309 2686

 2686 694 1639

 1640 2687 1310

 2687 1640 695

 232 2669 2688

 711 2688 2819

 233 2689 2670

 712 2820 2689

 2690 882 79

 2690 2675 882

 2691 79 882

 2691 882 2675

 2692 1514 1107

 1107 1368 2692

 2693 1108 1515

 1108 2693 1369

 473 2694 2096

 473 346 2694

 474 2097 2695

 474 2695 347

 329 1116 2696

 2696 1116 123

 330 2697 1117

 2697 124 1117

 2698 1388 591

 1353 2698 591

 2699 592 1389

 1354 592 2699

 200 2700 1248

 200 279 2700

 201 1249 2701

 201 2701 280

 2702 1482 1643

 776 2702 1643

 2703 1644 1483

 777 1644 2703

 2704 1359 2363

 361 2704 2363

 362 2364 2705

 2705 2364 1360

 2345 2706 400

 2706 2241 400

 2346 401 2707

 2707 401 2242

 94 2708 17

 17 2708 2719

 95 18 2709

 18 2720 2709

 1122 2710 1022

 1022 2710 160

 1123 1023 2711

 1023 161 2711

 2712 565 121

 2712 1508 565

 122 566 2713

 2713 566 1509

 1054 1001 2714

 1001 1450 2714

 1055 2715 1002

 1002 2715 1451

 2716 2509 2649

 2716 2649 2508

 2717 1228 788

 1623 1228 2717

 2718 789 1229

 1624 2718 1229

 469 1821 2719

 2708 469 2719

 470 2720 1822

 2709 2720 470

 2721 34 841

 2721 841 367

 2722 842 35

 2722 368 842

 2723 1454 521

 521 2347 2723

 2724 522 1455

 522 2724 2348

 1335 2725 450

 450 2725 2100

 1336 451 2726

 451 2101 2726

 715 2727 273

 2171 2760 715

 716 274 2728

 2172 716 2761

 1186 2729 620

 2729 175 620

 1187 621 2730

 2730 621 176

 265 1613 2731

 2731 1613 2754

 2732 2755 1614

 266 2732 1614

 404 2733 2214

 2214 2733 944

 405 2215 2734

 2215 945 2734

 1225 2735 4

 2735 1225 171

 1225 4 2736

 2736 171 1225

 2737 519 995

 2737 2004 519

 2738 996 520

 2738 520 2005

 1314 544 2739

 1313 2739 544

 257 2740 1424

 2770 1689 2740

 258 1425 2741

 2771 2741 1690

 1337 2742 1388

 2742 1872 1388

 1338 1389 2743

 2743 1389 1873

 2744 1619 1148

 1623 1619 2744

 2745 1149 1620

 1624 2745 1620

 1523 2746 2250

 1523 2673 2746

 1524 2251 2747

 1524 2747 2674

 895 2748 75

 43 2748 895

 896 76 2749

 44 896 2749

 887 1711 2750

 1319 887 2750

 888 2751 1712

 1320 2751 888

 2752 2811 2065

 796 175 2752

 2753 2066 2812

 797 2753 176

 1486 2754 1613

 2754 1486 189

 2755 190 1487

 1487 1614 2755

 1615 782 2756

 2756 782 2380

 1616 2757 783

 2757 2381 783

 2780 141 2758

 141 2563 2758

 2781 2759 142

 142 2759 2564

 2727 715 2760

 2727 2760 94

 2728 2761 716

 2728 95 2761

 2762 77 1629

 145 2762 1629

 2763 1630 78

 146 1630 2763

 2731 2764 265

 265 2764 1857

 2732 266 2765

 266 1858 2765

 1223 471 2766

 471 2220 2766

 1224 2767 472

 472 2767 2221

 1016 1828 2768

 2768 1828 601

 1017 2769 1829

 2769 602 1829

 2770 257 2010

 2770 2740 257

 2771 2011 258

 2771 258 2741

 784 2131 2772

 2772 587 784

 785 2773 2132

 2773 785 588

 1919 2774 123

 123 2774 2696

 1920 124 2775

 124 2697 2775

 2304 1351 2776

 2776 1351 1254

 2305 2777 1352

 2777 1255 1352

 827 2778 304

 400 2778 827

 828 305 2779

 401 828 2779

 758 141 2780

 2780 2825 758

 759 2781 142

 2781 759 2826

 2557 2782 226

 2782 903 226

 2558 227 2783

 2783 227 904

 1341 674 2784

 975 2784 674

 1342 2785 675

 976 675 2785

 2786 2308 921

 2308 2786 1440

 2787 922 2309

 2309 1441 2787

 2788 1148 2069

 2069 754 2788

 2789 2070 1149

 2070 2789 755

 2790 1807 1270

 2790 27 1807

 2791 1271 1808

 2791 1808 28

 2792 756 2676

 2792 1649 756

 2793 2677 757

 2793 757 1650

 2112 2794 288

 288 2794 2471

 2113 289 2795

 289 2472 2795

 1135 2796 1092

 1092 2796 2742

 1136 1093 2797

 1093 2743 2797

 2343 690 2798

 2798 690 911

 2799 912 691

 2344 2799 691

 1426 2800 587

 1026 2800 1426

 1427 588 2801

 1026 1427 2801

 2754 189 2802

 2802 189 2296

 2755 2803 190

 2803 2297 190

 2475 2804 1893

 1893 2804 2829

 2476 1894 2805

 1894 2829 2805

 2806 729 344

 331 2806 344

 2807 345 730

 331 345 2807

 589 2808 1955

 2808 385 1955

 590 1956 2809

 2809 1956 386

 2814 964 2810

 2813 2810 964

 175 2729 2811

 175 2811 2752

 176 2812 2730

 176 2753 2812

 1673 2813 964

 1673 1080 2813

 1674 964 2814

 1674 2814 1081

 2815 527 1378

 300 527 2815

 2816 1379 528

 301 2816 528

 5 94 2817

 2601 5 2817

 10 2818 95

 2602 2818 10

 2669 897 2819

 2669 2819 2688

 2670 2689 2820

 2670 2820 898

 2641 605 2821

 1215 2821 605

 2642 2822 606

 1216 606 2822

 114 919 2823

 587 114 2823

 115 2824 920

 588 2824 115

 2780 711 2825

 2825 711 2819

 2781 2826 712

 2826 2820 712

 2827 1150 940

 940 2198 2827

 2828 941 1151

 941 2828 2199

 2805 2829 103

 2804 103 2829

 2752 2065 2830

 2830 2065 932

 2831 933 2066

 2753 2831 2066

 2012 1468 2832

 2832 1468 713

 2013 2833 1469

 2833 714 1469

 2834 1800 306

 2834 306 1799

 535 1783 2835

 535 2835 2108

 536 2836 1784

 536 2109 2836

 130 1788 2837

 2837 1788 2226

 129 2838 1787

 2838 2227 1787

 934 1826 2839

 1826 1547 2839

 935 2840 1827

 1827 2840 1548

 2844 2841 159

 2843 159 2841

 2503 296 2842

 2502 2842 296

 2843 1158 159

 1705 1158 2843

 2844 159 1159

 1706 2844 1159

 2845 79 1136

 2845 1135 79

 2804 1230 2846

 1230 2502 2846

 2805 2847 1231

 1231 2847 2503

 1197 2852 2848

 1197 2848 991

 1198 2849 2853

 1198 992 2849

 622 2850 2625

 622 1504 2850

 623 2626 2851

 623 2851 1505

 1197 849 2852

 2852 849 1319

 1198 2853 850

 2853 1320 850

 3278 2925 3352

 3349 3037 3336

 3391 3041 3428

 2857 3043 3310

 3310 3299 3367

 2889 2979 3447

 2914 3214 3333

 3025 3300 2880

 2862 2863 3079

 3219 3330 3379

 3414 2904 2924

 2884 2969 3029

 3396 3309 2964

 3034 2928 2919

 3017 2993 3019

 3173 2899 3202

 3096 3436 2997

 3026 2882 2878

 2861 3230 3074

 3411 2875 2873

 2947 2958 3442

 3381 3124 3301

 2873 3066 3131

 3060 3405 3002

 3330 3291 2893

 3062 3114 3101

 2973 3393 2949

 3030 3183 3321

 2878 2854 3026

 3304 2983 3291

 3225 3313 2858

 3326 3305 3168

 3113 3451 3068

 3452 3338 3384

 2882 3262 3102

 3197 3275 2941

 3051 3152 3244

 3153 2885 3016

 3241 2911 2936

 3184 3343 3351

 3236 2866 3134

 3336 3352 3010

 3273 3425 3295

 2862 2887 2863

 2883 3108 2953

 3117 3181 3029

 3422 3272 2879

 3183 3030 3128

 3006 3280 3056

 3421 3058 3366

 2904 3437 2924

 2888 3004 3369

 3048 3396 2964

 3175 2989 3314

 3219 3379 3090

 3174 3113 3068

 3179 2894 2864

 2885 3432 3444

 3196 3071 3001

 3383 3109 3445

 2991 2906 3377

 3320 2961 3217

 3023 3423 3294

 3244 2898 3240

 3161 2970 3091

 2882 3102 3121

 3096 2872 3436

 2888 3208 3004

 2891 3408 2912

 2901 3198 3087

 3337 2868 2917

 2902 2864 2894

 2900 3092 3373

 2929 3006 3056

 2977 3247 3205

 2904 3346 3437

 3365 3343 3184

 3147 3311 3426

 2903 3247 2977

 3106 3258 3297

 3353 3123 2896

 3299 3294 3423

 2908 3016 2950

 3430 3287 3263

 2883 2953 2909

 3091 3137 3195

 3074 3101 3114

 2906 2991 3292

 3104 2908 3308

 3236 3134 3238

 2971 2912 3211

 3324 3092 2900

 3266 2858 3418

 3378 3412 3398

 2914 3333 3329

 3202 3410 3239

 2957 2913 2974

 3382 2938 2859

 2916 3306 2867

 3312 3073 3355

 2901 3279 3198

 2962 3331 3288

 3277 3417 3276

 3322 3077 3031

 2926 2980 3456

 3340 3078 2901

 2920 3152 3458

 3153 3070 2885

 2961 3318 3217

 3041 3141 3135

 2922 3223 3448

 2884 3065 2969

 3415 3335 3076

 3339 3151 2918

 2931 2924 3243

 2924 3283 2888

 2925 3010 3352

 3209 2928 3034

 3419 3192 2932

 3023 2927 3354

 3316 2863 3357

 2928 3111 3116

 3431 3133 3154

 3118 3064 3302

 2989 3358 3314

 2962 3221 3331

 3098 3334 2895

 3345 2931 3243

 3137 3180 3012

 3192 3164 2932

 2926 3050 3175

 3300 2933 2880

 2862 3268 3265

 3095 3233 3231

 3027 3060 3002

 2935 3200 3376

 3226 3054 2865

 2911 3430 2936

 3208 2971 3004

 3094 3378 2937

 3384 3305 3452

 3441 3191 3140

 3367 2907 2978

 2960 3216 2966

 3262 3031 3344

 2937 3378 3103

 3061 3387 3232

 2865 2941 2894

 2941 3433 2894

 3225 2858 3032

 2961 3298 2897

 3246 3255 3254

 3315 2994 2998

 3138 3407 2870

 3434 2933 3069

 3037 2945 3336

 3374 3142 2881

 2946 3346 3158

 3348 3158 2970

 3276 3417 3040

 2873 3131 3167

 2948 2930 3188

 3285 3385 3383

 3318 3143 3217

 3030 3156 2897

 3401 3065 2884

 3408 3181 3117

 2951 3157 3385

 3288 3157 2951

 2952 3025 3413

 3013 3053 3069

 3108 3369 2953

 3275 3089 2941

 3427 3148 2896

 3371 3105 3142

 3066 3176 3229

 2934 3242 3233

 3104 3308 2956

 2956 3401 3181

 2859 2957 3194

 2925 3278 3404

 2958 3150 3442

 3066 3229 3131

 3307 2959 2855

 3190 3269 2959

 3262 2960 3102

 2960 2966 2872

 3320 2889 2961

 2889 3032 2961

 2868 3366 2917

 3279 3082 3361

 2963 2900 3373

 2953 3369 3089

 3132 3182 2867

 3192 3218 3164

 3409 3236 3241

 3409 2987 2946

 2872 2966 2874

 2874 3301 3027

 2967 3115 3104

 3241 3375 2911

 2958 2968 3359

 3271 3176 2984

 2969 3179 2864

 3067 3226 2865

 2970 3158 3350

 3372 3350 3345

 2971 2891 2912

 2936 3406 2971

 3286 2910 2972

 3062 3101 3075

 2855 2973 3368

 2913 3014 2974

 3310 3043 2915

 2899 3074 2975

 2922 2976 3223

 3049 3200 2935

 2903 2977 2905

 3264 3048 3052

 3191 3441 2978

 2979 2889 3320

 3310 3144 3299

 3446 2919 2980

 3440 3166 3136

 2981 3036 3171

 3344 3296 3171

 3129 2954 2982

 2893 3291 2983

 3090 3379 3113

 3271 3405 3359

 3124 2939 3036

 2985 3169 3265

 3069 3053 2995

 3257 3098 2895

 3201 3042 2999

 2987 3409 3241

 3346 2965 3021

 2985 3145 3008

 2989 3249 3087

 3050 3340 3249

 2886 3163 3319

 3172 3256 2886

 2972 3235 3286

 2993 3015 2876

 3415 3332 3335

 2923 3095 3000

 2993 3235 3185

 2993 3126 3235

 3017 3015 2993

 3083 2988 3086

 2995 3005 3407

 3407 3138 3434

 3347 3071 2996

 2916 3431 3154

 2997 3436 3219

 3239 2914 3329

 2998 3281 3119

 3042 3177 2999

 3420 3196 3309

 3332 3000 2992

 3277 3085 3417

 3347 3431 2916

 3132 3011 3182

 3002 3405 3047

 3363 3139 3146

 2998 2994 3003

 3055 3083 3342

 3004 2900 2963

 3004 2971 3211

 2995 3053 3005

 3086 3403 3005

 3006 2890 3280

 3361 3082 2890

 3252 2879 3061

 3207 3008 3145

 3053 3207 3005

 3009 2979 3320

 2877 3112 3009

 3114 3394 3099

 3230 2861 3099

 3011 3435 3182

 3309 3196 3001

 3012 3180 2909

 2898 3195 3240

 2887 3413 2863

 3210 3265 3169

 2915 2974 3014

 3225 3447 3313

 3015 3450 3315

 3003 3450 3015

 3016 2885 3444

 3325 2922 3448

 3407 3017 3019

 2988 3083 3017

 3018 3012 2909

 3200 3197 3376

 2870 3407 3019

 3165 3162 3329

 3020 3118 3302

 3020 2903 3259

 2965 2936 3021

 2936 2971 3208

 3297 3457 3246

 2972 2910 3075

 3141 3130 3135

 3360 3009 2921

 3128 3024 3183

 2973 2855 3227

 3413 3025 2863

 2863 3354 3357

 2918 3040 3038

 3339 2918 3199

 3139 3363 2934

 3228 3304 3291

 3274 3383 2986

 3056 3285 2892

 3029 2969 2864

 3429 2864 3454

 3030 2897 3248

 3251 2879 3030

 3323 3442 3296

 3296 2981 3171

 3295 3425 3046

 3298 3046 2897

 3063 3033 3389

 3326 3159 3389

 3209 3034 3364

 3446 2980 2926

 3035 2890 3006

 3284 3006 2929

 3124 3036 2871

 2958 3359 3150

 2954 3037 3349

 3129 3105 2954

 3322 3031 3262

 2854 3199 3026

 3039 3145 3267

 3160 3003 3039

 3077 3038 3040

 2947 3167 3131

 2927 3023 3041

 2856 2927 3041

 3042 3257 3177

 3274 2986 3205

 2974 2915 3043

 2938 3382 3140

 2973 3400 3368

 3135 3428 3041

 2948 3188 3045

 3073 3058 3355

 3046 3248 2897

 3046 2879 2942

 2984 2955 3047

 3233 3242 3455

 2905 2977 3048

 2977 3205 3201

 2976 3049 2935

 3051 3244 3432

 3050 3249 2989

 3175 3050 2989

 2885 3051 3432

 3070 3260 2885

 3048 2964 3052

 3132 3218 3192

 3207 3053 3008

 3169 3053 3210

 3197 2941 3054

 3054 2941 2865

 3055 3003 3081

 3039 3003 3055

 3028 3056 2892

 3302 3064 3247

 2930 3221 3188

 3058 3221 3084

 3073 3439 3058

 3057 2869 3058

 3425 3059 3178

 3061 2879 3272

 3301 3124 3060

 3301 3060 3027

 3061 3059 3425

 3061 3425 3149

 3114 3062 3394

 3427 3399 3148

 3063 3261 3007

 3232 3252 3061

 3064 3056 3028

 3064 2929 3056

 2950 3016 3065

 3016 3444 3325

 2875 3176 3066

 2875 3066 2873

 3328 3067 2865

 3325 3448 3328

 3155 2878 2882

 3155 2854 2878

 3013 3069 2952

 2933 2952 3069

 3070 2920 3260

 2866 3184 3134

 2895 3334 3213

 3245 3439 3073

 2991 3377 3185

 3019 3165 2870

 3213 3245 3250

 3071 3250 2996

 3074 2899 3173

 2906 3101 3074

 2910 3022 3075

 3127 3123 3022

 2854 3068 3451

 2854 3339 3199

 3323 3077 3040

 3077 3323 3296

 3136 3166 3078

 3341 2917 3453

 3362 3170 3079

 3316 3357 3282

 2959 3269 3080

 2877 3080 3269

 3003 3015 3081

 3083 3015 3017

 3082 2962 2890

 2917 3366 3453

 3055 3081 3083

 3081 3015 3083

 2962 3084 3221

 3082 3443 2962

 2992 3000 3085

 2875 3411 3231

 2944 3083 3086

 3145 2944 3086

 3087 3284 3356

 3118 3356 3064

 3351 3161 3091

 3152 2898 3244

 2963 3186 3089

 3433 3203 2894

 2933 3093 2880

 2898 3091 3195

 3088 3091 2898

 3092 3117 3029

 3429 3029 2864

 3214 3219 3090

 3266 3412 2858

 3273 3032 2858

 3095 2934 3233

 3228 3139 2934

 3202 2899 3410

 3121 3102 3189

 3097 2913 3278

 3125 3412 3266

 3098 2948 3334

 3385 3157 2948

 2925 3099 3349

 3099 2954 3349

 3100 2957 2859

 2972 3075 3292

 2991 2972 3292

 3102 3303 3189

 3303 3102 2960

 3103 3378 2940

 3212 3103 3380

 2911 3287 3430

 2911 3375 3287

 3037 2954 3105

 3105 2945 3037

 3106 3246 3193

 3106 3297 3246

 3163 2886 3122

 3305 3384 3122

 3108 2888 3369

 3243 2924 2888

 3445 3109 3098

 3109 2948 3098

 2856 3041 3110

 3316 3282 3362

 3111 2868 3116

 3355 3058 3421

 3112 2921 3009

 3112 2877 3269

 3113 3415 3451

 3379 2983 3113

 3114 3099 2861

 2861 3074 3114

 3104 3115 2908

 3238 3070 3153

 2928 3116 2919

 3440 3337 3166

 2912 3408 3117

 3211 2912 3324

 2989 3087 3358

 3358 3087 3356

 2998 3119 3317

 3126 2993 2876

 3142 3120 2881

 3389 3261 3063

 3189 2899 3121

 3125 3122 3107

 3384 3107 3122

 3123 3353 3075

 3123 3075 3022

 3405 3124 2871

 3124 3405 3060

 3163 3122 3125

 3125 3266 3163

 3281 3290 3416

 3290 3317 3416

 3127 2896 3123

 3237 2896 3293

 3030 2879 3128

 2879 3252 3222

 3129 2982 2860

 3142 2860 3120

 2921 3112 3130

 3130 3141 2921

 2958 3131 2968

 2958 2947 3131

 2964 3011 3132

 3052 2964 3132

 3154 3133 3111

 3111 3355 2868

 3134 3070 3238

 3134 2920 3070

 3397 3130 3190

 3397 3368 3400

 2980 3440 3136

 2980 3340 3456

 3091 2970 3137

 2970 3350 3372

 3434 3138 2933

 2933 3333 3214

 3146 3139 3215

 3330 3215 3291

 2857 3140 3043

 3382 3043 3140

 3041 3023 3141

 3327 3220 3023

 3129 3142 3105

 2860 3142 3129

 3253 3224 3143

 3143 2959 3217

 3009 3360 3327

 3327 3310 3009

 3039 3055 3145

 3145 3055 3402

 3047 3146 3002

 3215 3002 3146

 3147 3426 3259

 3264 2905 3048

 3148 3394 3062

 3353 2896 3148

 3425 3103 3149

 3232 3387 3103

 2981 3150 3036

 3150 2871 3036

 3076 3335 3151

 2992 3085 3277

 3152 3088 2898

 2920 3351 3152

 3115 3153 2908

 2908 3153 3016

 2916 3154 3306

 3154 3111 2928

 2854 3155 3068

 2897 3156 3143

 3183 3143 3321

 3288 3331 3157

 3157 2930 2948

 3158 2904 3350

 3346 2904 3158

 3424 3159 3256

 3256 3168 2886

 3160 2998 3003

 3193 3281 2998

 3365 2946 3343

 3348 2946 3158

 3239 3096 2997

 2914 3239 2997

 3270 3266 3097

 3270 3097 2990

 3164 2926 2932

 3364 3446 2926

 3165 3185 3377

 3162 3165 3072

 3337 2917 3166

 3166 2917 3341

 2947 3438 3167

 3417 3167 3438

 3159 3326 3168

 3159 3168 3256

 2985 3008 3169

 3169 3008 3053

 3227 3170 2973

 3170 3393 2973

 3171 3036 2939

 3216 3344 3171

 2886 3319 3172

 3097 3390 2990

 3173 2906 3074

 2906 3173 3072

 3214 3090 3174

 3090 3113 3174

 2932 2926 3175

 2932 3311 3147

 3176 2955 2984

 2875 3455 3176

 3257 2895 3177

 2895 3213 3196

 3046 3425 3178

 2879 3046 3178

 3179 2865 2894

 3328 2865 3179

 3180 2883 2909

 3345 3243 2883

 3181 2884 3029

 3181 3401 2884

 3182 3347 2916

 3182 2916 2867

 3024 2855 3183

 3253 2855 3187

 3134 3184 2920

 3184 3351 2920

 3165 3019 3185

 3185 3019 2993

 3454 2864 2902

 3203 2902 2894

 2855 2959 3187

 2959 3143 3224

 3188 3204 3439

 3045 3188 3439

 3410 2899 3189

 3189 3303 3096

 2959 3307 3190

 3044 3397 3190

 3140 3191 2938

 2859 2938 3191

 3052 3192 3419

 3052 3132 3192

 3193 2998 3160

 2957 2974 3194

 3382 2974 3043

 3195 3137 3012

 3195 3012 3018

 3177 3196 3420

 3177 2895 3196

 3018 2909 3197

 2909 3275 3197

 3279 3361 3198

 3284 3035 3006

 3026 3199 3322

 3199 2918 3038

 3018 3197 3200

 3049 3240 3200

 2977 3201 3048

 3048 3201 3396

 3173 3202 3072

 3072 3202 3162

 3089 3186 3203

 3186 2902 3203

 3057 3204 2869

 3188 3221 3204

 3205 3042 3201

 3205 2986 3042

 3206 2896 3237

 2982 2954 3206

 3207 3145 3086

 3207 3086 3005

 3021 2936 3208

 3437 3283 2924

 3218 3209 3364

 2867 3306 3209

 3053 3013 3210

 3370 3210 3413

 3004 3211 2900

 3211 3324 2900

 3392 3212 3380

 3007 3232 3063

 3213 3250 3071

 3196 3213 3071

 3093 2933 3214

 3027 3002 3215

 2874 3027 3215

 2939 3216 3171

 3216 3381 3301

 3080 3320 3217

 3217 2959 3080

 3218 2867 3209

 3132 2867 3218

 3214 2914 3219

 2914 2997 3219

 3220 3141 3023

 3360 2921 3141

 3221 2869 3204

 3058 2869 3221

 3128 2879 3222

 2976 2935 3223

 3223 3226 3067

 3187 2959 3224

 3187 3224 3253

 2889 3447 3225

 3032 2889 3225

 2935 3376 3226

 3223 2935 3226

 2855 3024 3227

 3228 2934 3095

 3304 3228 3095

 2968 3131 3229

 3176 3271 3229

 3074 3230 2975

 3000 3095 3231

 3000 3231 3085

 3212 3232 3103

 3212 3392 3232

 3455 2875 3233

 2875 3231 3233

 3174 3068 3234

 3068 3155 3234

 3235 2991 3185

 2991 3235 2972

 3236 3115 2967

 3241 3236 3375

 3237 2982 3206

 3115 3238 3153

 3236 3238 3115

 3329 3162 3239

 3202 3239 3162

 3240 3018 3200

 3240 3195 3018

 2987 3241 2965

 2965 3241 2936

 3242 3047 2955

 2934 3363 3242

 3243 2888 3108

 3243 3108 2883

 2976 3244 3049

 3244 3240 3049

 3245 3045 3439

 3334 3245 3213

 3246 3254 2943

 3193 3246 3281

 3247 3274 3205

 3064 3028 3247

 3046 2942 3248

 3251 2942 2879

 3249 2901 3087

 3340 2901 3249

 3245 3073 3250

 3250 3073 3312

 3030 3248 3251

 3251 3248 2942

 3232 3007 3252

 3253 3183 2855

 3253 3143 3183

 2943 3254 3289

 3286 3254 2910

 2910 3254 3255

 3297 2910 3457

 3386 3256 3374

 3449 3256 3172

 2986 3257 3042

 3445 3098 3257

 3127 3297 3258

 3293 2896 3127

 3259 2903 2905

 3259 2905 3264

 3260 3051 2885

 3458 3152 3051

 3389 3120 3261

 3322 3262 3026

 3262 2882 3026

 3287 2956 3263

 3408 2956 3181

 3264 3052 3419

 3264 3147 3259

 3265 2887 2862

 3210 3370 3265

 3097 3266 2913

 2913 3266 3418

 2985 3267 3145

 3268 2985 3265

 2985 3268 3267

 3112 3269 3130

 3190 3130 3269

 3266 3270 3163

 3163 3270 2990

 2968 3229 3271

 3359 2968 3271

 3272 3422 3059

 3061 3272 3059

 3094 2937 3273

 3412 3273 2858

 3028 2892 3274

 3247 3028 3274

 3275 2953 3089

 2909 2953 3275

 3151 3276 2918

 2918 3276 3040

 3335 3277 3151

 3151 3277 3276

 2913 2957 3278

 3278 2957 3404

 3078 3279 2901

 3166 3341 3078

 3056 3280 3285

 3280 3288 2951

 2943 3289 3281

 3281 3246 2943

 2856 3362 3282

 3282 2927 2856

 3283 3208 2888

 3021 3208 3283

 3087 3198 3284

 3198 3035 3284

 3280 2951 3285

 3285 2951 3385

 3235 3126 3286

 3281 3289 3290

 3287 3104 2956

 3287 2967 3104

 2890 3288 3280

 2890 2962 3288

 3290 3289 3286

 3286 3289 3254

 3126 3290 3286

 3126 2876 3290

 3139 3228 3291

 3215 3139 3291

 3101 3292 3075

 2906 3292 3101

 3127 3258 3293

 3144 3294 3299

 3294 3144 3023

 3032 3273 3295

 3032 3295 2961

 3077 3296 3031

 3031 3296 3344

 2910 3297 3022

 3127 3022 3297

 3298 3295 3046

 2961 3295 3298

 3299 3354 2907

 3367 3299 2907

 2952 3300 3025

 2933 3300 2952

 3216 3301 2966

 2966 3301 2874

 3302 3247 2903

 3020 3302 2903

 3303 2960 2872

 3303 2872 3096

 3304 3095 2923

 3415 3304 3332

 3305 3122 2886

 3168 3305 2886

 3306 2928 3209

 3306 3154 2928

 3044 3190 3307

 3044 3307 2855

 2956 3308 3401

 3308 2908 2950

 2964 3309 3011

 3309 3435 3011

 3009 3310 2979

 2979 3310 3447

 2932 3175 3311

 3311 3175 3314

 3431 3312 3133

 3250 3312 2996

 3447 3014 3313

 2913 3418 3014

 3314 3118 3020

 3311 3314 3426

 2876 3015 3315

 2998 2876 3315

 3079 2863 3316

 3079 3316 3362

 2876 3317 3290

 2876 2998 3317

 3318 2897 3143

 2961 2897 3318

 2990 3319 3163

 2990 3172 3319

 2877 3320 3080

 2877 3009 3320

 3321 3156 3030

 3321 3143 3156

 3077 3322 3038

 3199 3038 3322

 2947 3323 3438

 3323 2947 3442

 3324 3117 3092

 2912 3117 3324

 3065 3325 3328

 3016 3325 3065

 3033 3305 3326

 3326 3389 3033

 3310 3327 3144

 3023 3144 3327

 3065 3328 2969

 2969 3328 3179

 3329 3138 2870

 2870 3165 3329

 3436 3330 3219

 3330 2874 3215

 3331 3221 2930

 3157 3331 2930

 3304 2923 3332

 3332 2923 3000

 3329 3333 3138

 2933 3138 3333

 3334 3045 3245

 2948 3045 3334

 3332 2992 3335

 3335 2992 3277

 3449 3172 3336

 2990 3390 3172

 2919 3116 3337

 3116 2868 3337

 3338 3452 3063

 3063 3232 3395

 3339 2854 3451

 3076 3151 3339

 3136 3078 3340

 2980 3136 3340

 3078 3341 3279

 3341 3453 3279

 2944 3342 3083

 3145 3402 2944

 3343 3161 3351

 3348 2970 3161

 3216 2960 3344

 3262 3344 2960

 3372 3345 3180

 3180 3345 2883

 2987 2965 3346

 2946 2987 3346

 3001 3071 3347

 3435 3347 3182

 3343 3348 3161

 3343 2946 3348

 3336 3010 3349

 2925 3349 3010

 3350 2931 3345

 3350 2904 3414

 3351 3088 3152

 3351 3091 3088

 3097 3278 3352

 3352 3390 3097

 3075 3353 3062

 3148 3062 3353

 2863 3388 3354

 3388 2907 3354

 3133 3355 3111

 3312 3355 3133

 3356 2929 3064

 3356 3284 2929

 3282 3357 2927

 3354 2927 3357

 3314 3358 3118

 3358 3356 3118

 3150 3359 2871

 3359 3405 2871

 3220 3360 3141

 3220 3327 3360

 3361 2890 3035

 3198 3361 3035

 3362 3393 3170

 3110 3362 2856

 3363 3047 3242

 3363 3146 3047

 3218 3364 3164

 3164 3364 2926

 3365 3409 2946

 2866 3365 3184

 3366 3443 3453

 3058 3084 3366

 2978 3441 3367

 3367 2857 3310

 3044 3368 3397

 3044 2855 3368

 3369 2963 3089

 3369 3004 2963

 2887 3265 3370

 3413 2887 3370

 3105 3371 2945

 3374 3371 3142

 3137 3372 3180

 2970 3372 3137

 3373 3429 3454

 2963 3373 3186

 3256 3449 3374

 3371 3374 3449

 3375 2967 3287

 3375 3236 2967

 3226 3376 3054

 3376 3197 3054

 2906 3072 3377

 3072 3165 3377

 3378 3107 2940

 3107 3378 3398

 3379 2893 2983

 3379 3330 2893

 3380 2940 3392

 3380 3103 2940

 3124 3381 2939

 3381 3216 2939

 2974 3382 3194

 3382 2859 3194

 2892 3285 3383

 3274 2892 3383

 3338 2940 3384

 3384 2940 3107

 3385 2948 3109

 3383 3385 3109

 3386 3424 3256

 3386 3374 2881

 3387 3061 3149

 3387 3149 3103

 3388 2863 3025

 2880 3388 3025

 3120 3389 2881

 2881 3424 3386

 3172 3390 3336

 3336 3390 3352

 3110 3041 3391

 3393 3391 3428

 3395 3392 2940

 3395 3232 3392

 3110 3391 3393

 3110 3393 3362

 2954 3399 3206

 2954 3099 3399

 3063 3395 3338

 3338 3395 2940

 3396 3420 3309

 3201 2999 3396

 3400 3135 3397

 3135 3130 3397

 3125 3107 3398

 3412 3125 3398

 3399 3394 3148

 3099 3394 3399

 2973 2949 3400

 2949 3135 3400

 3401 2950 3065

 3308 2950 3401

 3402 3055 3342

 3402 3342 2944

 3407 3005 3403

 3403 3086 2988

 2957 3100 3404

 2984 3047 3405

 3271 2984 3405

 3406 2891 2971

 3430 3263 2891

 3407 2988 3017

 3407 3403 2988

 2891 3263 3408

 3263 2956 3408

 3365 2866 3409

 3409 2866 3236

 3239 3410 3096

 3410 3189 3096

 3411 3085 3231

 3085 3411 2873

 3094 3273 3412

 3412 3378 3094

 2952 3413 3013

 3413 3210 3013

 3350 3414 2931

 2931 3414 2924

 3304 3415 2983

 3415 3113 2983

 3317 3119 3416

 3281 3416 3119

 3085 2873 3417

 3417 2873 3167

 3014 3418 3313

 3418 2858 3313

 3419 2932 3147

 3264 3419 3147

 2999 3177 3420

 2999 3420 3396

 3355 3421 2868

 2868 3421 3366

 3422 3178 3059

 2879 3178 3422

 3023 3354 3423

 3299 3423 3354

 3389 3424 2881

 3159 3424 3389

 2937 3103 3425

 3273 2937 3425

 3426 3314 3020

 3426 3020 3259

 2896 3206 3427

 3399 3427 3206

 3393 3428 2949

 3428 3135 2949

 3092 3029 3429

 3092 3429 3373

 3406 3430 2891

 2936 3430 3406

 2996 3312 3431

 3347 2996 3431

 3432 3244 2976

 3432 2976 3444

 3089 3203 3433

 2941 3089 3433

 3407 3434 2995

 3069 2995 3434

 3309 3001 3435

 3435 3001 3347

 2872 2874 3436

 3436 2874 3330

 3437 3021 3283

 3346 3021 3437

 3323 3040 3438

 3040 3417 3438

 3439 3204 3057

 3439 3057 3058

 2919 3440 2980

 2919 3337 3440

 3367 3441 2857

 2857 3441 3140

 3296 3442 2981

 3442 3150 2981

 3443 3084 2962

 3366 3084 3443

 3325 3444 2922

 3444 2976 2922

 2986 3445 3257

 3383 3445 2986

 3364 3034 3446

 3034 2919 3446

 3447 2915 3014

 3310 2915 3447

 3448 3067 3328

 3448 3223 3067

 3371 3449 2945

 2945 3449 3336

 2994 3315 3450

 3003 2994 3450

 3451 3076 3339

 3451 3415 3076

 3033 3063 3452

 3033 3452 3305

 3453 3443 3082

 3279 3453 3082

 3186 3373 3454

 3186 3454 2902

 3242 2955 3455

 3455 2955 3176

 3456 3340 3050

 2926 3456 3050

 3457 2910 3255

 3246 3457 3255

 2920 3458 3260

 3260 3458 3051

