vectors:

 0.353412 -0.118301 -0.062356

 0.356215 0.196570 -0.062123

 0.152452 0.172876 -0.211768

 0.126738 -0.079868 -0.211404

 0.323566 0.007577 -0.282768

 0.312894 0.204260 -0.227914

 0.171271 0.037346 -0.275936

 0.300682 -0.128631 -0.203468

 0.326519 0.041561 0.140108

 0.326775 -0.183046 0.130246

 0.342413 0.068090 0.111550

 0.343081 -0.177984 0.101641

 0.284279 0.031086 0.195326

 0.286035 -0.167516 0.187785

 -0.000209 -0.047162 0.371982

 0.399133 0.182761 -0.104919

 0.191681 0.171656 -0.218657

 0.174436 -0.082911 -0.216475

 0.395176 -0.091464 -0.098837

 0.351988 0.111594 0.056766

 0.353728 -0.150555 0.049702

 0.421919 0.036467 -0.038612

 0.185940 -0.165015 -0.073291

 0.105065 0.046220 -0.234806

 0.070694 -0.079335 -0.212224

 0.245807 0.231303 -0.147356

 0.224393 -0.138605 -0.146572

 0.201984 -0.080363 -0.251492

 0.214477 0.155310 -0.267518

 0.407981 0.162422 -0.181642

 0.402712 -0.086110 -0.162110

 0.401248 -0.070986 -0.212151

 0.188644 0.237289 -0.071005

 0.086756 0.173090 -0.212269

 0.187845 -0.234881 0.123855

 0.187621 0.092876 0.138962

 0.375675 -0.070650 0.136507

 0.394190 -0.054797 0.108165

 0.196698 0.123829 0.110491

 0.197283 -0.234574 0.093806

 0.233834 0.027891 0.273718

 0.237896 -0.152383 0.268249

 0.327962 -0.068206 0.192650

 0.163108 0.076732 0.193769

 0.164645 -0.213213 0.183137

 0.407019 0.134411 -0.240103

 0.242476 0.131020 -0.296580

 0.234793 -0.067926 -0.271501

 0.437298 0.045888 -0.080187

 0.297395 0.226783 -0.162563

 0.142916 0.044133 -0.239258

 0.282818 -0.136762 -0.156882

 0.203566 -0.210080 0.041859

 0.202043 0.170660 0.054444

 0.405818 -0.019400 0.055028

 0.139449 0.235142 -0.150159

 0.058749 0.046585 -0.234454

 0.435165 0.031743 -0.215268

 0.326009 0.170623 -0.273314

 0.207603 0.031516 -0.294900

 0.316759 -0.107363 -0.236854

 0.125982 -0.142802 -0.150342

 0.133756 0.068760 0.270605

 0.271276 -0.062214 0.272454

 0.137310 -0.193431 0.263031

 0.442305 0.038284 -0.155446

 -0.353831 -0.118301 -0.062356

 -0.356634 0.196570 -0.062123

 -0.152871 0.172876 -0.211768

 -0.127157 -0.079868 -0.211404

 -0.323985 0.007577 -0.282768

 -0.313313 0.204260 -0.227914

 -0.171690 0.037346 -0.275936

 -0.301101 -0.128631 -0.203468

 -0.000209 0.242461 -0.081640

 -0.000209 -0.170999 -0.084965

 -0.000209 0.173120 -0.214592

 -0.000209 -0.079259 -0.214592

 -0.326938 0.041561 0.140108

 -0.327193 -0.183046 0.130246

 -0.000209 0.103613 0.134948

 -0.000209 -0.246323 0.117672

 -0.342831 0.068090 0.111550

 -0.343500 -0.177984 0.101641

 -0.000209 0.134838 0.106817

 -0.000209 -0.246733 0.085447

 -0.284698 0.031086 0.195326

 -0.286454 -0.167516 0.187785

 -0.000209 0.086616 0.189635

 -0.000209 -0.223167 0.178877

 -0.399552 0.182761 -0.104919

 -0.192100 0.171656 -0.218657

 -0.174855 -0.082911 -0.216475

 -0.395595 -0.091464 -0.098837

 -0.352407 0.111594 0.056766

 -0.354147 -0.150555 0.049702

 -0.000209 0.181792 0.049814

 -0.000209 -0.221833 0.032735

 -0.422338 0.036467 -0.038612

 -0.186359 -0.165015 -0.073291

 -0.105484 0.046220 -0.234806

 -0.071113 -0.079335 -0.212224

 -0.246225 0.231303 -0.147356

 -0.224812 -0.138605 -0.146572

 -0.202403 -0.080363 -0.251492

 -0.214896 0.155310 -0.267518

 -0.408399 0.162422 -0.181642

 -0.403130 -0.086110 -0.162110

 -0.401667 -0.070986 -0.212151

 -0.189062 0.237289 -0.071005

 -0.087174 0.173090 -0.212269

 -0.000209 -0.143799 -0.157640

 -0.000209 0.046637 -0.234966

 -0.000209 0.236036 -0.157224

 -0.188263 -0.234881 0.123855

 -0.188040 0.092876 0.138962

 -0.376094 -0.070650 0.136507

 -0.394609 -0.054797 0.108165

 -0.197117 0.123829 0.110491

 -0.197701 -0.234574 0.093806

 -0.234253 0.027891 0.273718

 -0.238315 -0.152383 0.268249

 -0.000209 0.076811 0.264901

 -0.000209 -0.201725 0.257463

 -0.328381 -0.068206 0.192650

 -0.163527 0.076732 0.193769

 -0.165064 -0.213213 0.183137

 -0.407438 0.134411 -0.240103

 -0.242895 0.131020 -0.296580

 -0.235212 -0.067926 -0.271501

 -0.437716 0.045888 -0.080187

 -0.297814 0.226783 -0.162563

 -0.143335 0.044133 -0.239258

 -0.283237 -0.136762 -0.156882

 -0.203984 -0.210080 0.041859

 -0.202462 0.170660 0.054444

 -0.406237 -0.019400 0.055028

 -0.139868 0.235142 -0.150159

 -0.059168 0.046585 -0.234454

 -0.435583 0.031743 -0.215268

 -0.326428 0.170623 -0.273314

 -0.208022 0.031516 -0.294900

 -0.317178 -0.107363 -0.236854

 -0.126401 -0.142802 -0.150342

 -0.134175 0.068760 0.270605

 -0.271695 -0.062214 0.272454

 -0.137729 -0.193431 0.263031

 -0.121340 -0.177150 0.315825

 -0.237642 -0.054569 0.324486

 -0.116511 0.067575 0.321492

 -0.209432 -0.138942 0.320906

 -0.203913 0.029689 0.325026

 0.120921 -0.177150 0.315825

 0.237223 -0.054569 0.324486

 0.116092 0.067575 0.321492

 -0.000209 -0.184569 0.310081

 -0.000209 0.074557 0.315580

 0.209013 -0.138942 0.320906

 0.203494 0.029689 0.325026

 -0.442724 0.038284 -0.155446

 0.208750 -0.192443 0.202287

 0.219524 -0.189068 0.200023

 0.228458 -0.188420 0.192788

 0.233158 -0.190672 0.182521

 0.232366 -0.195221 0.171973

 0.226294 -0.200848 0.163971

 0.216568 -0.206045 0.160658

 0.205795 -0.209420 0.162922

 0.196861 -0.210068 0.170157

 0.192160 -0.207816 0.180424

 0.192952 -0.203267 0.190971

 0.199024 -0.197640 0.198974

 0.216284 -0.193871 0.191268

 0.210595 -0.195653 0.192464

 0.221001 -0.193528 0.187448

 0.223484 -0.194718 0.182026

 0.223065 -0.197120 0.176457

 0.219859 -0.200091 0.172231

 0.214723 -0.202835 0.170481

 0.209034 -0.204617 0.171677

 0.204317 -0.204959 0.175497

 0.201835 -0.203770 0.180919

 0.202253 -0.201368 0.186488

 0.205459 -0.198397 0.190714

 -0.578301 0.376918 1.077219

 -0.576880 0.352085 0.754081

 -0.215431 0.360906 0.934655

 -0.233932 0.332824 0.641243

 -1.745811 0.354458 0.790481

 -1.756530 0.324796 0.644635

 -1.403193 0.375143 0.729534

 -1.411324 0.322771 0.471792

 -1.004003 0.377218 0.853510

 -0.972946 0.341723 0.533987

 -0.589949 0.340874 0.398440

 -1.582339 0.355470 0.402684

 -1.593058 0.325808 0.256839

 -1.245057 0.366917 0.322305

 -1.251358 0.323900 0.056531

 -0.840854 0.337419 0.173516

 -1.161689 0.345662 -0.079911

 -1.116814 0.327394 -0.157999

 -1.003956 0.355443 -0.017949

 -0.921875 0.329569 -0.174395

 -0.672697 0.332924 -0.050969

 -0.396738 0.324483 0.267610

 -1.628771 0.346693 0.334623

 -1.792548 0.343993 0.708305

 -1.410295 0.356090 0.535126

 -1.249458 0.358377 0.136054

 -1.150295 0.343280 -0.134178

 -0.945146 0.356893 -0.136095

 -0.578786 0.297876 1.088518

 -0.577608 0.233522 0.771031

 -0.215796 0.301625 0.943130

 -0.234418 0.253782 0.652543

 -1.746176 0.295176 0.798955

 -1.756895 0.265514 0.653110

 -1.403679 0.296101 0.740834

 -1.411809 0.243730 0.483091

 -1.004489 0.298176 0.864810

 -0.973570 0.240098 0.548515

 -0.590678 0.222311 0.415390

 -1.582703 0.296189 0.411159

 -1.593422 0.266527 0.265313

 -1.245543 0.287875 0.333605

 -1.251844 0.244858 0.067830

 -0.841478 0.235794 0.188044

 -1.162053 0.286381 -0.071436

 -1.117178 0.268113 -0.149525

 -1.004441 0.276401 -0.006649

 -0.922360 0.250527 -0.163095

 -0.673251 0.242816 -0.038087

 -0.397224 0.245441 0.278910

 -1.629256 0.267651 0.345923

 -1.793033 0.264951 0.719604

 -1.411023 0.237527 0.552076

 -1.250186 0.239815 0.153003

 -1.150781 0.264238 -0.122879

 -0.945874 0.238330 -0.119145

 -1.260465 0.346168 0.074360

 -1.788009 0.336190 0.675204

 -0.799829 0.377093 0.992754

 -1.625883 0.327404 0.558465

 -1.612452 0.368303 0.759593

 -1.192443 0.322904 0.473746

 -1.403122 0.373412 0.634198

 -1.199692 0.377134 0.757999

 -0.755882 0.351455 0.683588

 -1.624440 0.338173 0.296996

 -1.066985 0.350929 0.381065

 -1.462169 0.328398 0.153956

 -1.448968 0.368128 0.356089

 -1.043659 0.323455 0.074883

 -1.243775 0.370793 0.233366

 -0.681118 0.341030 0.313229

 -1.137564 0.337711 -0.150432

 -1.043831 0.332094 -0.170857

 -1.106064 0.356485 -0.060863

 -0.792868 0.328196 -0.145166

 -0.973098 0.363853 -0.076209

 -0.892373 0.343798 0.056806

 -0.517721 0.326101 0.102866

 -1.618328 0.355084 0.380148

 -1.781898 0.353102 0.758356

 -1.422006 0.343298 0.481732

 -0.585953 0.341970 0.550862

 -0.575231 0.372028 0.942442

 -1.627332 0.357583 0.613240

 -0.979110 0.371599 0.733650

 -0.198282 0.351879 0.814271

 -1.195596 0.352403 0.531245

 -1.462701 0.361071 0.223057

 -1.047385 0.350234 0.144397

 -0.874777 0.346296 0.373734

 -0.302287 0.324482 0.452051

 -1.163149 0.348126 -0.105911

 -0.934734 0.349068 -0.168656

 -1.064363 0.358245 -0.141883

 -0.385854 0.349817 0.715524

 -0.497203 0.339714 0.331701

 -0.352968 0.373930 1.028793

 -0.718589 0.345372 0.064634

 -0.816199 0.350433 -0.106536

 -1.261163 0.232545 0.090603

 -1.788474 0.260533 0.686019

 -0.800315 0.298051 1.004054

 -1.626347 0.251747 0.569281

 -1.612916 0.292646 0.770409

 -1.192942 0.241644 0.485363

 -1.403820 0.259789 0.650441

 -1.200178 0.298092 0.769299

 -0.756604 0.233967 0.700383

 -1.624904 0.262516 0.307811

 -1.067484 0.269669 0.392682

 -1.462634 0.252741 0.164772

 -1.449432 0.292471 0.366904

 -1.044158 0.242195 0.086499

 -1.244473 0.257170 0.249609

 -0.681839 0.223542 0.330025

 -1.138029 0.262054 -0.139617

 -1.044296 0.256437 -0.160041

 -1.106528 0.280828 -0.050047

 -0.793361 0.247968 -0.133697

 -0.973796 0.250230 -0.059966

 -0.892872 0.262538 0.068422

 -0.518214 0.245873 0.114335

 -1.618793 0.279427 0.390963

 -1.782363 0.277445 0.769171

 -1.422703 0.229676 0.497975

 -0.586681 0.223407 0.567811

 -0.575929 0.258405 0.958685

 -1.628030 0.243960 0.629483

 -0.979801 0.259052 0.749739

 -0.198747 0.276222 0.825087

 -1.196313 0.235739 0.547923

 -1.463399 0.247448 0.239300

 -1.048102 0.233570 0.161075

 -0.875487 0.230707 0.390258

 -0.302773 0.245440 0.463350

 -1.163614 0.272469 -0.095095

 -0.935432 0.235446 -0.152413

 -1.065061 0.244623 -0.125640

 -0.386552 0.236195 0.731767

 -0.497901 0.226091 0.347944

 -0.353432 0.298273 1.039609

 -0.719287 0.231639 0.080893

 -0.816909 0.234801 -0.090006

 -1.782334 0.296012 0.665754

 -1.404970 0.282480 0.475714

 -1.015906 0.319219 0.008388

 -1.175965 0.316730 -0.072931

 -1.619178 0.296704 0.280210

 -1.245829 0.282801 0.057675

 -0.184945 0.334827 0.941334

 -0.579944 0.345700 1.129002

 -1.403870 0.342707 0.769642

 -1.771479 0.326049 0.813448

 -0.916384 0.289409 -0.170079

 -0.632805 0.287070 -0.054775

 -1.246171 0.332334 0.359725

 -1.608323 0.326742 0.427904

 -1.031584 0.291771 0.494592

 -0.359050 0.285800 0.248841

 -0.179603 0.293420 0.615746

 -0.889269 0.288977 0.132287

 -1.180637 0.304537 -0.125855

 -1.013864 0.345926 0.899499

 -1.688296 0.308123 0.382586

 -1.851462 0.305843 0.749604

 -1.130521 0.298231 -0.152009

 -1.630052 0.346937 0.571929

 -1.253429 0.340580 0.471911

 -0.727157 0.342320 0.489499

 -1.465644 0.349607 0.176144

 -1.099917 0.342343 0.071659

 -1.051563 0.350760 -0.164614

 -0.836035 0.345776 -0.151868

 -0.596191 0.340935 0.184868

 -0.780047 0.371967 0.864160

 -1.186663 0.372896 0.650504

 -1.620546 0.370473 0.688205

 -1.044924 0.358570 0.270773

 -1.456413 0.372457 0.293237

 -0.360778 0.369233 0.898667

 -0.845328 0.354958 -0.021735

 -1.086271 0.364785 -0.101006

 -0.430780 0.340464 0.515103

 -1.630720 0.238071 0.587492

 -1.254117 0.228596 0.487920

 -0.727882 0.224295 0.506371

 -1.466313 0.240742 0.191707

 -1.100604 0.230358 0.087668

 -1.052232 0.241894 -0.149051

 -0.836720 0.234179 -0.135915

 -0.596890 0.227285 0.201115

 -0.780744 0.258613 0.880365

 -1.187359 0.259542 0.666708

 -1.621215 0.261608 0.703768

 -1.045624 0.244662 0.287057

 -1.457082 0.263592 0.308800

 -0.361447 0.260368 0.914231

 -0.846026 0.241308 -0.005488

 -1.086940 0.255919 -0.085443

 -0.431478 0.226842 0.531346

 -1.628022 0.288995 0.562526

 -1.115291 0.321639 -0.041910

 -1.464644 0.289300 0.155158

 -0.346776 0.344041 1.075899

 -1.613732 0.335684 0.791820

 -0.776054 0.287441 -0.137677

 -1.450535 0.334653 0.385467

 -1.176990 0.281879 0.478551

 -0.255803 0.285479 0.431526

 -1.029227 0.281826 0.079858

 -0.912575 0.305303 0.084607

 -1.190248 0.310220 -0.101461

 -1.205746 0.345567 0.801847

 -0.487928 0.286654 0.081824

 -0.140281 0.314328 0.787482

 -1.675927 0.316890 0.419883

 -1.844258 0.300511 0.718929

 -1.167980 0.301155 -0.140209

 -1.681245 0.302171 0.347513

 -1.838939 0.315230 0.791300

 -0.807315 0.345876 1.042156

 -1.043604 0.293794 -0.167315

 -1.079352 0.313670 0.419178

 0.577883 0.376917 1.077219

 0.576462 0.352084 0.754081

 0.215014 0.360905 0.934655

 0.233515 0.332823 0.641243

 1.745394 0.354457 0.790481

 1.756113 0.324795 0.644635

 1.402776 0.375143 0.729534

 1.410906 0.322771 0.471792

 1.003586 0.377217 0.853510

 0.972528 0.341723 0.533987

 0.589532 0.340874 0.398440

 1.581921 0.355470 0.402684

 1.592640 0.325808 0.256839

 1.244640 0.366916 0.322305

 1.250940 0.323899 0.056531

 0.840437 0.337419 0.173516

 1.161271 0.345662 -0.079911

 1.116396 0.327394 -0.157999

 1.003538 0.355443 -0.017949

 0.921457 0.329569 -0.174395

 0.672280 0.332923 -0.050969

 0.396321 0.324482 0.267610

 1.628354 0.346692 0.334623

 1.792130 0.343992 0.708305

 1.409878 0.356089 0.535126

 1.249041 0.358377 0.136054

 1.149878 0.343279 -0.134178

 0.944729 0.356892 -0.136095

 0.578369 0.297875 1.088518

 0.577190 0.233522 0.771031

 0.215378 0.301624 0.943130

 0.234001 0.253781 0.652543

 1.745758 0.295176 0.798955

 1.756477 0.265514 0.653110

 1.403261 0.296101 0.740834

 1.411392 0.243729 0.483091

 1.004071 0.298175 0.864810

 0.973152 0.240098 0.548515

 0.590260 0.222311 0.415390

 1.582285 0.296188 0.411159

 1.593004 0.266526 0.265313

 1.245125 0.287874 0.333605

 1.251426 0.244857 0.067830

 0.841061 0.235793 0.188044

 1.161635 0.286380 -0.071436

 1.116760 0.268112 -0.149525

 1.004024 0.276401 -0.006649

 0.921943 0.250527 -0.163095

 0.672833 0.242815 -0.038087

 0.396806 0.245440 0.278910

 1.628839 0.267650 0.345922

 1.792616 0.264950 0.719604

 1.410606 0.237526 0.552076

 1.249769 0.239814 0.153003

 1.150363 0.264237 -0.122879

 0.945457 0.238329 -0.119145

 1.260047 0.346167 0.074360

 1.787592 0.336190 0.675204

 0.799412 0.377092 0.992754

 1.625465 0.327403 0.558465

 1.612034 0.368302 0.759593

 1.192026 0.322903 0.473746

 1.402704 0.373411 0.634198

 1.199275 0.377134 0.757999

 0.755465 0.351454 0.683588

 1.624022 0.338172 0.296996

 1.066568 0.350929 0.381065

 1.461752 0.328397 0.153956

 1.448550 0.368127 0.356089

 1.043242 0.323454 0.074883

 1.243358 0.370793 0.233366

 0.680700 0.341029 0.313229

 1.137147 0.337710 -0.150432

 1.043414 0.332093 -0.170857

 1.105646 0.356484 -0.060863

 0.792451 0.328195 -0.145167

 0.972681 0.363852 -0.076209

 0.891956 0.343797 0.056806

 0.517303 0.326100 0.102866

 1.617911 0.355083 0.380148

 1.781480 0.353101 0.758356

 1.421588 0.343298 0.481732

 0.585536 0.341969 0.550862

 0.574813 0.372027 0.942442

 1.626914 0.357582 0.613240

 0.978693 0.371599 0.733650

 0.197865 0.351878 0.814271

 1.195179 0.352402 0.531245

 1.462283 0.361070 0.223057

 1.046968 0.350233 0.144397

 0.874360 0.346295 0.373734

 0.301870 0.324481 0.452051

 1.162732 0.348125 -0.105911

 0.934317 0.349068 -0.168656

 1.063945 0.358245 -0.141883

 0.385437 0.349817 0.715524

 0.496786 0.339713 0.331701

 0.352550 0.373930 1.028793

 0.718171 0.345371 0.064634

 0.815782 0.350432 -0.106536

 1.260745 0.232544 0.090603

 1.788057 0.260533 0.686019

 0.799897 0.298050 1.004054

 1.625930 0.251746 0.569281

 1.612499 0.292645 0.770409

 1.192525 0.241643 0.485363

 1.403402 0.259789 0.650441

 1.199760 0.298092 0.769299

 0.756186 0.233967 0.700383

 1.624487 0.262515 0.307811

 1.067067 0.269669 0.392682

 1.462217 0.252740 0.164772

 1.449015 0.292470 0.366904

 1.043741 0.242194 0.086499

 1.244056 0.257170 0.249609

 0.681422 0.223542 0.330025

 1.137612 0.262053 -0.139617

 1.043879 0.256436 -0.160041

 1.106111 0.280827 -0.050047

 0.792944 0.247968 -0.133698

 0.973378 0.250229 -0.059966

 0.892455 0.262538 0.068422

 0.517796 0.245873 0.114335

 1.618376 0.279426 0.390963

 1.781945 0.277444 0.769171

 1.422286 0.229675 0.497975

 0.586264 0.223406 0.567812

 0.575511 0.258404 0.958685

 1.627612 0.243960 0.629483

 0.979384 0.259051 0.749739

 0.198329 0.276222 0.825087

 1.195895 0.235738 0.547923

 1.462981 0.247447 0.239300

 1.047685 0.233569 0.161075

 0.875070 0.230707 0.390259

 0.302355 0.245439 0.463350

 1.163197 0.272468 -0.095095

 0.935015 0.235445 -0.152413

 1.064643 0.244622 -0.125640

 0.386135 0.236194 0.731767

 0.497484 0.226090 0.347944

 0.353015 0.298273 1.039609

 0.718870 0.231638 0.080893

 0.816492 0.234800 -0.090006

 1.781917 0.296011 0.665754

 1.404552 0.282479 0.475714

 1.015489 0.319218 0.008388

 1.175547 0.316730 -0.072931

 1.618760 0.296704 0.280210

 1.245412 0.282800 0.057675

 0.184527 0.334826 0.941334

 0.579527 0.345699 1.129002

 1.403453 0.342707 0.769642

 1.771062 0.326049 0.813448

 0.915967 0.289409 -0.170079

 0.632387 0.287069 -0.054775

 1.245753 0.332333 0.359725

 1.607906 0.326742 0.427904

 1.031166 0.291771 0.494592

 0.358633 0.285799 0.248841

 0.179186 0.293419 0.615746

 0.888852 0.288976 0.132287

 1.180220 0.304536 -0.125855

 1.013447 0.345925 0.899499

 1.687879 0.308123 0.382586

 1.851045 0.305842 0.749604

 1.130104 0.298230 -0.152009

 1.629634 0.346936 0.571929

 1.253011 0.340579 0.471911

 0.726739 0.342319 0.489499

 1.465227 0.349607 0.176144

 1.099499 0.342342 0.071659

 1.051146 0.350759 -0.164614

 0.835617 0.345776 -0.151868

 0.595774 0.340935 0.184868

 0.779630 0.371967 0.864160

 1.186245 0.372895 0.650504

 1.620129 0.370472 0.688205

 1.044507 0.358569 0.270773

 1.455996 0.372457 0.293237

 0.360361 0.369232 0.898667

 0.844910 0.354957 -0.021735

 1.085854 0.364784 -0.101006

 0.430363 0.340464 0.515103

 1.630303 0.238071 0.587492

 1.253699 0.228595 0.487920

 0.727464 0.224294 0.506371

 1.465896 0.240741 0.191707

 1.100187 0.230358 0.087668

 1.051814 0.241893 -0.149051

 0.836303 0.234178 -0.135915

 0.596472 0.227284 0.201115

 0.780326 0.258613 0.880365

 1.186941 0.259541 0.666708

 1.620797 0.261607 0.703768

 1.045206 0.244661 0.287057

 1.456664 0.263591 0.308800

 0.361029 0.260367 0.914231

 0.845609 0.241307 -0.005488

 1.086522 0.255918 -0.085443

 0.431061 0.226841 0.531346

 1.627604 0.288994 0.562526

 1.114874 0.321638 -0.041910

 1.464227 0.289300 0.155158

 0.346359 0.344041 1.075899

 1.613315 0.335684 0.791820

 0.775636 0.287441 -0.137677

 1.450118 0.334653 0.385467

 1.176572 0.281879 0.478551

 0.255385 0.285478 0.431526

 1.028810 0.281826 0.079858

 0.912158 0.305302 0.084607

 1.189830 0.310219 -0.101461

 1.205329 0.345567 0.801847

 0.487511 0.286653 0.081824

 0.139864 0.314327 0.787482

 1.675509 0.316889 0.419883

 1.843840 0.300511 0.718929

 1.167563 0.301154 -0.140209

 1.680828 0.302171 0.347513

 1.838521 0.315229 0.791300

 0.806897 0.345875 1.042156

 1.043187 0.293794 -0.167315

 1.078934 0.313669 0.419178

 0.099594 0.018435 0.913467

 0.094332 0.175362 0.925893

 0.065979 0.037450 0.977799

 0.065916 0.132426 1.005468

 0.133419 0.152748 0.779885

 0.148734 -0.008508 0.774968

 0.250210 0.133990 0.863703

 0.199788 0.135716 0.789907

 0.250508 0.038641 0.860388

 0.200367 0.039959 0.795010

 0.132535 0.151268 0.746019

 0.147576 -0.018777 0.744927

 0.146179 0.117407 0.617861

 0.162721 -0.061523 0.620633

 0.211958 0.148959 0.879676

 0.183704 0.143509 0.786255

 0.189061 0.024672 0.795209

 0.214720 0.033386 0.876569

 -0.000209 -0.066885 0.157382

 0.164473 -0.055625 0.662000

 0.147565 0.135885 0.658295

 0.184855 0.036337 0.376618

 0.192148 -0.130337 0.373609

 0.045378 0.185626 0.947547

 0.106302 0.101817 0.933798

 0.037803 0.152862 1.012053

 0.075871 0.085063 0.991535

 0.071693 0.032229 0.948345

 0.111644 0.190194 0.852930

 0.123942 -0.013297 0.842364

 0.161753 0.072680 0.759490

 0.067867 0.192526 0.793359

 0.224917 0.152769 0.827424

 0.225520 0.021384 0.822883

 0.190650 0.088123 0.774427

 0.259787 0.086030 0.875880

 0.240576 0.141521 0.871339

 0.164834 0.149444 0.786180

 0.174943 0.011973 0.787857

 0.164684 0.030623 0.890674

 0.049509 -0.003241 0.908480

 0.037859 0.016307 0.971770

 0.079632 -0.049733 0.783376

 0.130363 0.151850 0.753375

 0.145469 -0.015147 0.750856

 0.087023 -0.060744 0.746660

 0.073863 0.191967 0.746906

 0.161095 0.066469 0.745011

 0.137175 0.155267 0.743200

 0.152183 -0.024342 0.744126

 0.177649 0.028162 0.619142

 0.081483 0.157094 0.617314

 0.095957 -0.102457 0.621774

 0.162182 -0.045060 0.699983

 0.146052 0.148174 0.696262

 0.159835 0.161360 0.894402

 0.192905 0.140867 0.786430

 0.195135 0.031928 0.795159

 0.241721 0.034093 0.867917

 0.218393 0.092500 0.895641

 0.202652 0.007053 0.829260

 0.197070 0.168209 0.833551

 0.181329 0.082762 0.767170

 0.201060 0.015113 0.249267

 0.204553 -0.139917 0.243227

 0.069695 0.155997 0.969150

 0.082225 0.179345 0.657793

 0.097020 -0.100915 0.663609

 0.179453 0.040453 0.659952

 0.160103 0.063977 0.481089

 0.171072 -0.101467 0.480580

 0.111490 -0.167900 0.368373

 0.216808 -0.046915 0.376771

 0.105109 0.073415 0.372460

 0.056727 0.192851 0.870200

 0.172178 0.078058 0.765022

 0.158658 0.068436 0.750139

 0.072027 0.190545 0.756365

 0.160527 0.179508 0.840921

 0.170598 -0.002928 0.836087

 0.162365 0.098835 0.911775

 0.085034 -0.055479 0.753691

 0.064950 -0.031548 0.844955

 0.114997 0.050258 0.245829

 0.233259 -0.062375 0.247871

 0.177266 0.051962 0.697881

 0.089668 -0.069057 0.745924

 0.166412 0.065792 0.743272

 0.081471 0.192982 0.695884

 0.076535 0.198113 0.743617

 0.249985 0.088072 0.885543

 0.218744 0.012726 0.824859

 0.216425 0.161478 0.829520

 0.185183 0.086133 0.768836

 0.118053 -0.175217 0.237464

 0.039107 0.172771 0.987163

 0.040831 0.009734 0.943540

 0.081237 0.097400 0.957529

 0.095586 -0.092164 0.701727

 0.099923 -0.138772 0.477340

 0.190457 -0.018603 0.481990

 0.090325 0.100481 0.477781

 0.012347 -0.063660 0.795572

 0.020488 -0.065483 0.787637

 0.023469 -0.067973 0.776798

 0.020488 -0.070463 0.765958

 0.012347 -0.072286 0.758023

 0.005738 -0.065696 0.786712

 0.010037 -0.066658 0.782521

 0.011610 -0.067973 0.776798

 0.010037 -0.069288 0.771074

 0.005738 -0.070250 0.766884

 0.249517 0.112492 0.843216

 0.216929 0.113607 0.795522

 0.249709 0.050868 0.841074

 0.217303 0.051720 0.793396

 0.233170 0.124629 0.819770

 0.233559 0.039715 0.816834

 0.211023 0.082848 0.785518

 0.255706 0.081496 0.851086

 0.243633 0.081033 0.809456

 -0.100011 0.018435 0.913467

 -0.094750 0.175362 0.925893

 -0.066397 0.037450 0.977799

 -0.066333 0.132426 1.005468

 -0.133837 0.152748 0.779885

 -0.149152 -0.008508 0.774968

 -0.250628 0.133990 0.863703

 -0.200206 0.135716 0.789907

 -0.250925 0.038642 0.860388

 -0.200785 0.039959 0.795010

 -0.000209 0.189990 0.951716

 -0.000209 -0.013628 0.906551

 -0.000209 0.155373 1.013716

 -0.000209 0.012839 0.970858

 -0.000209 -0.063997 0.786405

 -0.000209 0.197597 0.801445

 -0.132952 0.151268 0.746019

 -0.147993 -0.018777 0.744927

 -0.000209 0.203316 0.747610

 -0.000209 -0.073809 0.749503

 -0.146596 0.117407 0.617861

 -0.163139 -0.061523 0.620633

 -0.000209 0.163792 0.617232

 -0.000209 -0.110842 0.622660

 -0.212376 0.148959 0.879676

 -0.184122 0.143509 0.786255

 -0.189479 0.024672 0.795209

 -0.215138 0.033386 0.876569

 -0.164891 -0.055625 0.662000

 -0.000209 -0.112276 0.664882

 -0.147982 0.135885 0.658295

 -0.000209 0.188228 0.658018

 -0.185272 0.036337 0.376618

 -0.192566 -0.130337 0.373609

 -0.000209 0.079730 0.366000

 -0.000209 -0.174871 0.362124

 -0.045795 0.185626 0.947547

 -0.106720 0.101817 0.933798

 -0.038221 0.152862 1.012053

 -0.076288 0.085063 0.991535

 -0.072110 0.032229 0.948345

 -0.112062 0.190194 0.852930

 -0.124359 -0.013297 0.842364

 -0.162171 0.072680 0.759490

 -0.068285 0.192526 0.793359

 -0.225335 0.152769 0.827424

 -0.225937 0.021384 0.822883

 -0.191068 0.088123 0.774427

 -0.260204 0.086030 0.875880

 -0.240994 0.141521 0.871339

 -0.165251 0.149444 0.786180

 -0.175361 0.011973 0.787857

 -0.165102 0.030623 0.890674

 -0.049926 -0.003241 0.908480

 -0.038276 0.016307 0.971770

 -0.038243 0.008549 0.986863

 -0.080049 -0.049733 0.783376

 -0.076250 0.076695 1.006774

 -0.038216 0.144363 1.027061

 -0.066347 0.029397 0.992929

 -0.000209 -0.046546 0.845513

 -0.000209 0.195017 0.875671

 -0.130780 0.151850 0.753375

 -0.145887 -0.015147 0.750856

 -0.000209 0.201014 0.758128

 -0.000209 -0.068488 0.756828

 -0.087441 -0.060744 0.746660

 -0.074280 0.191967 0.746906

 -0.161513 0.066469 0.745011

 -0.137592 0.155267 0.743200

 -0.152601 -0.024342 0.744126

 -0.000209 0.209945 0.744273

 -0.178066 0.028162 0.619142

 -0.081900 0.157094 0.617314

 -0.096375 -0.102457 0.621774

 -0.000209 -0.083418 0.748266

 -0.162600 -0.045060 0.699983

 -0.146469 0.148174 0.696262

 -0.000209 0.203612 0.696282

 -0.160252 0.161360 0.894402

 -0.193323 0.140867 0.786430

 -0.195552 0.031928 0.795159

 -0.242139 0.034093 0.867917

 -0.218811 0.092500 0.895641

 -0.203069 0.007053 0.829260

 -0.197488 0.168209 0.833551

 -0.181746 0.082763 0.767170

 -0.201478 0.015113 0.249267

 -0.204971 -0.139917 0.243227

 -0.000209 0.057182 0.239529

 -0.000209 -0.182350 0.231314

 -0.070113 0.155997 0.969150

 -0.000209 0.180605 0.985615

 -0.000209 0.002097 0.941592

 -0.066316 0.123868 1.020716

 0.037825 0.008549 0.986863

 0.075832 0.076695 1.006774

 0.037798 0.144363 1.027061

 -0.000209 -0.105900 0.703180

 -0.082642 0.179345 0.657793

 -0.097437 -0.100915 0.663609

 -0.179871 0.040453 0.659952

 -0.160521 0.063977 0.481089

 -0.171490 -0.101467 0.480580

 -0.000209 0.106299 0.473124

 -0.000209 -0.145675 0.473138

 -0.111908 -0.167900 0.368373

 -0.217225 -0.046915 0.376771

 -0.105526 0.073415 0.372460

 -0.057145 0.192851 0.870200

 -0.172596 0.078058 0.765022

 -0.000209 0.005346 0.985971

 -0.000209 0.147087 1.028329

 -0.159076 0.068436 0.750139

 -0.072445 0.190545 0.756365

 -0.160944 0.179508 0.840921

 -0.171016 -0.002928 0.836087

 -0.162782 0.098835 0.911775

 -0.085451 -0.055478 0.753691

 0.065930 0.029397 0.992929

 0.065898 0.123868 1.020716

 -0.065368 -0.031548 0.844955

 -0.115415 0.050258 0.245829

 -0.233677 -0.062375 0.247871

 -0.177684 0.051962 0.697881

 -0.090086 -0.069057 0.745924

 -0.166830 0.065792 0.743272

 -0.081889 0.192982 0.695884

 -0.076953 0.198113 0.743617

 -0.250403 0.088072 0.885543

 -0.219162 0.012726 0.824859

 -0.216842 0.161478 0.829520

 -0.185601 0.086133 0.768836

 -0.118471 -0.175217 0.237464

 -0.039525 0.172771 0.987163

 -0.041249 0.009734 0.943540

 -0.081655 0.097400 0.957529

 -0.096003 -0.092164 0.701727

 -0.100341 -0.138772 0.477340

 -0.190875 -0.018603 0.481990

 -0.090743 0.100481 0.477781

 -0.000209 -0.062993 0.798477

 -0.012764 -0.063660 0.795572

 -0.020906 -0.065483 0.787637

 -0.023886 -0.067973 0.776798

 -0.020906 -0.070463 0.765958

 -0.012764 -0.072286 0.758023

 -0.000209 -0.072953 0.755118

 -0.000209 -0.067973 0.776798

 -0.006155 -0.065696 0.786712

 -0.000209 -0.065343 0.788245

 -0.010455 -0.066658 0.782521

 -0.012028 -0.067973 0.776798

 -0.010455 -0.069288 0.771074

 -0.006155 -0.070250 0.766884

 -0.000209 -0.070603 0.765350

 -0.249935 0.112492 0.843216

 -0.217347 0.113607 0.795522

 -0.250127 0.050869 0.841074

 -0.217721 0.051720 0.793396

 -0.233588 0.124629 0.819770

 -0.233977 0.039715 0.816834

 -0.211441 0.082848 0.785518

 -0.256124 0.081496 0.851086

 -0.244051 0.081033 0.809456

 -0.071069 -0.129805 0.167266

 -0.140712 -0.064969 0.170865

 -0.069852 -0.000207 0.170704

 -0.123081 -0.109447 0.169146

 -0.121691 -0.020510 0.171604

 0.070651 -0.129805 0.167266

 0.140295 -0.064969 0.170865

 0.069435 -0.000207 0.170704

 -0.000209 -0.134081 0.165388

 -0.000209 0.003994 0.168822

 0.122663 -0.109447 0.169146

 0.121273 -0.020510 0.171604

 0.202168 0.029140 0.324994

 0.207651 -0.138393 0.320900

 -0.000209 0.073716 0.315610

 -0.000209 -0.183724 0.310146

 0.115335 0.066778 0.321483

 0.235677 -0.054570 0.324458

 0.120133 -0.176353 0.315852

 -0.202586 0.029140 0.324994

 -0.208069 -0.138393 0.320900

 -0.115753 0.066778 0.321483

 -0.236095 -0.054570 0.324458

 -0.120551 -0.176353 0.315852

 0.098477 0.030606 0.200590

 0.199371 -0.063715 0.201291

 0.100685 -0.158181 0.195914

 -0.098895 0.030606 0.200590

 -0.199789 -0.063715 0.201291

 -0.101103 -0.158181 0.195914

 -0.175018 -0.128581 0.198818

 -0.172495 0.001113 0.202178

 -0.000209 -0.164268 0.192898

 -0.000209 0.036547 0.197528

 0.174601 -0.128581 0.198818

 0.172077 0.001113 0.202178

 0.203923 0.022753 0.294651

 0.208423 -0.140141 0.290189

 -0.000209 0.066526 0.286105

 -0.000209 -0.184472 0.280088

 0.116492 0.059516 0.291538

 0.237130 -0.058652 0.293818

 0.120429 -0.177141 0.285378

 -0.204341 0.022753 0.294651

 -0.208841 -0.140141 0.290189

 -0.116910 0.059516 0.291538

 -0.237548 -0.058652 0.293818

 -0.120847 -0.177141 0.285378

 -0.000209 0.065311 1.033953

 -0.031520 0.016099 1.005017

 -0.062808 0.072199 1.021409

 -0.031497 0.127905 1.038110

 -0.054656 0.033262 1.010011

 -0.054630 0.111033 1.032887

 0.031102 0.016099 1.005017

 0.062390 0.072199 1.021409

 0.031079 0.127905 1.038110

 -0.000209 0.013462 1.004283

 -0.000209 0.130148 1.039153

 0.054238 0.033262 1.010011

 0.054212 0.111033 1.032887

 -0.445791 -0.119798 -0.340204

 -0.457189 0.130194 -0.388608

 -0.230956 -0.118589 -0.394497

 -0.245512 0.128608 -0.442047

 -0.457245 -0.132673 -1.263934

 -0.367907 -0.083578 -1.196461

 -0.511091 -0.080280 -1.184182

 -0.506525 -0.218954 -1.169652

 -0.362103 -0.222251 -1.178905

 -0.338256 -0.036339 -1.030550

 -0.506178 -0.033158 -1.008403

 -0.498667 -0.200401 -0.979293

 -0.328709 -0.203580 -0.998373

 -0.515530 -0.057126 -1.109704

 -0.508876 -0.215750 -1.084349

 -0.341990 -0.219576 -1.099647

 -0.350448 -0.060955 -1.128600

 -0.311256 -0.014256 -1.077300

 -0.545614 -0.009401 -1.048094

 -0.535564 -0.239382 -1.009399

 -0.298482 -0.244234 -1.033979

 -0.326378 -0.009270 -0.929080

 -0.491035 -0.007018 -0.903807

 -0.482769 -0.178173 -0.871228

 -0.315870 -0.180423 -0.894217

 -0.538429 -0.024004 -1.076965

 -0.529357 -0.234352 -1.042150

 -0.311060 -0.238997 -1.063916

 -0.322592 -0.028652 -1.103138

 -0.322921 -0.023180 -1.032464

 -0.527545 -0.019106 -1.006287

 -0.518598 -0.221271 -0.971734

 -0.311549 -0.225342 -0.994010

 -0.491475 0.005233 -0.354306

 -0.198249 0.004974 -0.428372

 -0.353784 0.176013 -0.424323

 -0.335940 -0.165805 -0.358354

 -0.427027 -0.102874 -0.189502

 -0.288116 0.058669 -0.694194

 -0.509281 -0.079428 -1.222651

 -0.506624 -0.217753 -1.221447

 -0.372906 -0.219869 -1.226114

 -0.376283 -0.081546 -1.229163

 -0.440471 -0.055928 -1.193330

 -0.535771 -0.148999 -1.174898

 -0.433342 -0.246604 -1.171271

 -0.338042 -0.153533 -1.189702

 -0.499331 -0.033748 -1.003003

 -0.492091 -0.192928 -0.974854

 -0.331443 -0.195795 -0.993564

 -0.301807 -0.120556 -1.018327

 -0.412089 -0.233349 -0.983088

 -0.534099 -0.116183 -0.989983

 -0.423816 -0.003391 -1.025222

 -0.526123 -0.039979 -1.089064

 -0.518262 -0.223969 -1.058968

 -0.326419 -0.228161 -1.077564

 -0.315097 -0.140983 -1.117329

 -0.424016 -0.247405 -1.086907

 -0.543325 -0.135720 -1.093821

 -0.434406 -0.029299 -1.124244

 -0.430575 0.031293 -1.070386

 -0.584786 -0.123481 -1.023704

 -0.414883 -0.284929 -1.014000

 -0.260672 -0.130155 -1.060682

 -0.340647 -0.036617 -1.024495

 -0.476856 0.059939 -0.657898

 -0.466089 -0.149476 -0.614397

 -0.274422 -0.150395 -0.649506

 -0.410467 0.023948 -0.922766

 -0.517985 -0.092173 -0.882993

 -0.397559 -0.211389 -0.876400

 -0.290040 -0.095269 -0.916173

 -0.336411 -0.044173 -1.111624

 -0.432442 0.013111 -1.096993

 -0.574593 -0.128307 -1.055063

 -0.418277 -0.276114 -1.046092

 -0.276126 -0.134696 -1.088022

 -0.278640 -0.125025 -1.017779

 -0.413169 -0.261212 -0.976028

 -0.561666 -0.119424 -0.984468

 -0.427138 0.016763 -1.026220

 -0.434586 0.166114 -0.226287

 -0.219081 0.161624 -0.300253

 -0.209019 -0.098917 -0.267236

 -0.471449 0.031669 -0.193672

 -0.328486 0.213512 -0.269814

 -0.173408 0.031304 -0.297967

 -0.316371 -0.150539 -0.221825

 -0.349590 -0.151104 -1.228687

 -0.439199 -0.244747 -1.223381

 -0.532957 -0.148194 -1.221001

 -0.443348 -0.054551 -1.226305

 -0.306108 -0.116744 -1.012799

 -0.410225 -0.224207 -0.978670

 -0.525649 -0.112800 -0.985159

 -0.421531 -0.005336 -1.019288

 -0.295644 -0.136953 -1.098452

 -0.420667 -0.260563 -1.062251

 -0.557964 -0.131188 -1.070157

 -0.432941 -0.007578 -1.106359

 -0.384779 0.098536 -0.684314

 -0.507136 -0.044563 -0.629454

 -0.367962 -0.189168 -0.623684

 -0.245606 -0.046069 -0.678544

 -0.404633 -0.088499 -0.147861

 -0.410025 0.165805 -0.168013

 -0.212016 0.158470 -0.255884

 -0.199232 -0.082679 -0.239328

 -0.300229 -0.132038 -0.190153

 -0.167805 0.037754 -0.264419

 -0.312724 0.208587 -0.215390

 -0.445149 0.038795 -0.141124

 -0.267729 0.049054 -0.110545

 -0.352909 -0.051219 -0.099545

 -0.356970 0.140323 -0.114723

 -0.207831 0.134798 -0.180907

 -0.198202 -0.046834 -0.168437

 -0.274272 -0.084012 -0.131399

 -0.174531 0.043875 -0.187336

 -0.283684 0.172546 -0.150407

 -0.383426 0.044659 -0.094470

 -0.490155 -0.094005 -1.244266

 -0.488834 -0.184640 -1.247658

 -0.403363 -0.185754 -1.249753

 -0.405042 -0.095120 -1.247280

 -0.388210 -0.140646 -1.248996

 -0.445817 -0.202191 -1.249255

 -0.505487 -0.139114 -1.245483

 -0.447880 -0.077568 -1.245224

 0.445374 -0.119798 -0.340204

 0.456771 0.130194 -0.388608

 0.230538 -0.118589 -0.394497

 0.245095 0.128608 -0.442047

 0.456828 -0.132673 -1.263934

 0.367489 -0.083578 -1.196461

 0.510673 -0.080280 -1.184182

 0.506108 -0.218954 -1.169652

 0.361686 -0.222251 -1.178905

 0.337839 -0.036339 -1.030550

 0.505760 -0.033158 -1.008403

 0.498250 -0.200401 -0.979293

 0.328292 -0.203580 -0.998373

 0.515113 -0.057126 -1.109704

 0.508459 -0.215750 -1.084349

 0.341572 -0.219576 -1.099647

 0.350030 -0.060955 -1.128600

 0.310839 -0.014256 -1.077300

 0.545196 -0.009401 -1.048094

 0.535146 -0.239382 -1.009399

 0.298064 -0.244234 -1.033979

 0.325960 -0.009270 -0.929080

 0.490618 -0.007018 -0.903807

 0.482351 -0.178173 -0.871228

 0.315452 -0.180423 -0.894217

 0.538012 -0.024004 -1.076965

 0.528940 -0.234352 -1.042150

 0.310643 -0.238997 -1.063916

 0.322174 -0.028652 -1.103138

 0.322503 -0.023180 -1.032464

 0.527128 -0.019106 -1.006287

 0.518181 -0.221271 -0.971734

 0.311131 -0.225342 -0.994010

 0.491058 0.005233 -0.354306

 0.197831 0.004974 -0.428372

 0.353366 0.176013 -0.424323

 0.335523 -0.165805 -0.358354

 0.426610 -0.102874 -0.189502

 0.287698 0.058669 -0.694194

 0.508864 -0.079428 -1.222651

 0.506207 -0.217753 -1.221447

 0.372488 -0.219869 -1.226114

 0.375866 -0.081546 -1.229163

 0.440053 -0.055928 -1.193330

 0.535354 -0.148999 -1.174898

 0.432925 -0.246604 -1.171271

 0.337624 -0.153533 -1.189702

 0.498914 -0.033748 -1.003003

 0.491673 -0.192928 -0.974854

 0.331026 -0.195795 -0.993564

 0.301389 -0.120556 -1.018327

 0.411672 -0.233349 -0.983088

 0.533681 -0.116183 -0.989983

 0.423399 -0.003391 -1.025222

 0.525706 -0.039979 -1.089064

 0.517845 -0.223969 -1.058968

 0.326001 -0.228161 -1.077564

 0.314679 -0.140983 -1.117329

 0.423599 -0.247405 -1.086907

 0.542908 -0.135720 -1.093821

 0.433988 -0.029299 -1.124244

 0.430158 0.031293 -1.070386

 0.584369 -0.123481 -1.023704

 0.414465 -0.284929 -1.014000

 0.260254 -0.130155 -1.060682

 0.340229 -0.036617 -1.024495

 0.476438 0.059939 -0.657898

 0.465672 -0.149476 -0.614397

 0.274004 -0.150395 -0.649506

 0.410049 0.023948 -0.922766

 0.517568 -0.092173 -0.882993

 0.397141 -0.211389 -0.876400

 0.289623 -0.095269 -0.916173

 0.335993 -0.044173 -1.111624

 0.432025 0.013111 -1.096993

 0.574176 -0.128307 -1.055063

 0.417860 -0.276114 -1.046092

 0.275709 -0.134696 -1.088022

 0.278223 -0.125025 -1.017779

 0.412751 -0.261212 -0.976028

 0.561249 -0.119424 -0.984468

 0.426720 0.016763 -1.026220

 0.434169 0.166114 -0.226287

 0.218664 0.161624 -0.300253

 0.208601 -0.098917 -0.267236

 0.471031 0.031669 -0.193672

 0.328068 0.213512 -0.269814

 0.172991 0.031304 -0.297967

 0.315954 -0.150539 -0.221825

 0.349172 -0.151104 -1.228687

 0.438782 -0.244747 -1.223381

 0.532540 -0.148194 -1.221001

 0.442930 -0.054551 -1.226305

 0.305690 -0.116744 -1.012799

 0.409808 -0.224207 -0.978670

 0.525231 -0.112800 -0.985159

 0.421113 -0.005336 -1.019288

 0.295226 -0.136953 -1.098452

 0.420249 -0.260563 -1.062251

 0.557546 -0.131188 -1.070157

 0.432523 -0.007578 -1.106359

 0.384362 0.098536 -0.684314

 0.506718 -0.044563 -0.629454

 0.367545 -0.189168 -0.623684

 0.245188 -0.046069 -0.678544

 0.404216 -0.088499 -0.147861

 0.409607 0.165805 -0.168013

 0.211599 0.158470 -0.255884

 0.198815 -0.082679 -0.239328

 0.299811 -0.132038 -0.190153

 0.167387 0.037754 -0.264419

 0.312307 0.208587 -0.215390

 0.444731 0.038795 -0.141124

 0.267311 0.049054 -0.110545

 0.352492 -0.051219 -0.099545

 0.356553 0.140323 -0.114723

 0.207413 0.134798 -0.180907

 0.197784 -0.046834 -0.168437

 0.273855 -0.084012 -0.131399

 0.174113 0.043875 -0.187336

 0.283267 0.172546 -0.150407

 0.383008 0.044659 -0.094470

 0.489738 -0.094005 -1.244266

 0.488417 -0.184640 -1.247658

 0.402945 -0.185754 -1.249753

 0.404625 -0.095120 -1.247280

 0.387793 -0.140646 -1.248996

 0.445399 -0.202191 -1.249255

 0.505070 -0.139114 -1.245483

 0.447463 -0.077568 -1.245224

 0.059271 -0.038748 1.139384

 0.059271 0.031726 1.160313

 0.065880 0.021345 1.008060

 0.065880 0.115310 1.035965

 0.065880 -0.002557 1.050731

 0.065880 0.091408 1.078636

 0.036936 0.039441 1.166830

 0.063616 -0.005112 1.152725

 0.064748 -0.040366 1.121910

 0.036936 -0.050500 1.140119

 0.037792 0.135865 1.042069

 0.075794 0.068328 1.022012

 0.037792 0.000791 1.001956

 0.064748 0.049575 1.148621

 0.037792 0.111963 1.084741

 0.075794 0.044426 1.064684

 0.037792 -0.023112 1.044627

 0.037578 -0.060342 1.116474

 0.074264 0.004447 1.135549

 0.037578 0.069077 1.154908

 0.037364 -0.009036 1.159775

 -0.059689 -0.038748 1.139384

 -0.059689 0.031726 1.160313

 -0.000209 0.041036 1.168177

 -0.000209 -0.052929 1.140272

 -0.066298 0.021345 1.008060

 -0.066298 0.115310 1.035965

 -0.000209 0.138801 1.042941

 -0.000209 -0.002146 1.001084

 -0.066298 -0.002557 1.050731

 -0.000209 0.114899 1.085613

 -0.000209 -0.026048 1.043755

 -0.066298 0.091408 1.078636

 -0.037353 0.039441 1.166830

 -0.064034 -0.005112 1.152725

 -0.065166 -0.040366 1.121910

 -0.037353 -0.050500 1.140119

 -0.000209 0.071826 1.155890

 -0.000209 -0.009600 1.160788

 -0.000209 -0.063248 1.115776

 -0.038210 0.135865 1.042069

 -0.076211 0.068328 1.022012

 -0.038210 0.000791 1.001956

 -0.065166 0.049575 1.148621

 -0.038210 0.111963 1.084741

 -0.076211 0.044426 1.064684

 -0.038210 -0.023112 1.044627

 -0.037996 -0.060342 1.116474

 -0.074682 0.004447 1.135549

 -0.037996 0.069077 1.154908

 -0.037782 -0.009036 1.159775

 -0.038243 0.008549 0.986863

 -0.076250 0.076695 1.006774

 -0.038216 0.144363 1.027061

 -0.066347 0.029397 0.992929

 -0.066316 0.123868 1.020717

 0.037825 0.008549 0.986863

 0.075832 0.076695 1.006774

 0.037798 0.144363 1.027061

 -0.000209 0.005346 0.985971

 -0.000209 0.147087 1.028329

 0.065930 0.029397 0.992929

 0.065898 0.123868 1.020717

 -0.000209 0.086503 0.984338

 -0.032903 0.021041 0.980078

 -0.065574 0.079620 0.997193

 -0.032879 0.137788 1.014632

 -0.057062 0.038963 0.985293

 -0.057034 0.120170 1.009179

 0.032486 0.021041 0.980078

 0.065156 0.079620 0.997193

 0.032462 0.137788 1.014632

 -0.000209 0.018288 0.979311

 -0.000209 0.140129 1.015722

 0.056644 0.038963 0.985293

 0.056617 0.120170 1.009179

 0.053681 0.182441 2.130924

 0.110386 0.282532 2.084325

 0.159225 0.371995 2.009237

 0.198213 0.438912 1.913747

 0.226670 0.480980 1.700516

 0.233397 0.452402 1.548946

 0.225155 0.404323 1.414285

 0.210119 0.331982 1.305918

 0.188117 0.196271 1.189418

 0.138171 0.064673 1.119428

 0.063140 -0.079740 1.065379

 0.101589 0.133460 2.130924

 0.198227 0.191248 2.084325

 0.291498 0.242899 2.009237

 0.358885 0.281532 1.913747

 0.393180 0.303925 1.700516

 0.394059 0.277966 1.548946

 0.377251 0.237359 1.414285

 0.355788 0.179472 1.305798

 0.292140 0.069742 1.186617

 0.205366 -0.031004 1.112659

 0.109515 -0.126114 1.065379

 0.120749 0.066551 2.130924

 0.232972 0.066551 2.084325

 0.341143 0.066095 2.009237

 0.413197 0.063840 1.913747

 0.445912 0.056393 1.700516

 0.441492 0.037231 1.548946

 0.423611 0.002686 1.414285

 0.401486 -0.037798 1.305758

 0.328123 -0.101394 1.184934

 0.235914 -0.144983 1.114130

 0.126489 -0.189463 1.065379

 0.101589 -0.000359 2.130924

 0.198227 -0.058146 2.084325

 0.291498 -0.111620 2.009237

 0.358885 -0.159264 1.913747

 0.389281 -0.219376 1.691468

 0.407509 -0.193520 1.546867

 0.375301 -0.255221 1.419793

 0.355788 -0.271685 1.305798

 0.290807 -0.267465 1.186570

 0.205604 -0.263694 1.114232

 0.109515 -0.252812 1.065379

 0.053681 -0.049340 2.130924

 0.110386 -0.149430 2.084325

 0.159225 -0.239349 2.009237

 0.198213 -0.308526 1.913747

 0.226273 -0.363913 1.711044

 0.230065 -0.371303 1.402139

 0.196501 -0.400558 1.300295

 0.215546 -0.344813 1.191235

 0.121952 -0.349705 1.117207

 0.063140 -0.299187 1.065379

 0.062439 -0.403958 1.389162

 0.315823 -0.316366 1.598272

 0.340832 -0.288152 1.538240

 0.320512 -0.317054 1.475179

 0.232156 -0.377132 1.622838

 0.231182 -0.365895 1.470057

 0.135983 -0.385541 1.597781

 0.101265 -0.370419 1.538457

 0.111591 -0.380133 1.466282

 0.143967 -0.414442 1.271801

 0.154428 -0.366907 1.209599

 0.085030 -0.382705 1.165994

 0.324079 -0.285553 1.532449

 0.034668 -0.433283 1.329227

 0.026757 -0.447443 1.387972

 0.033199 -0.451954 1.345050

 0.129134 -0.395696 1.260646

 0.140457 -0.359668 1.212234

 0.086827 -0.370210 1.180048

 0.302396 -0.305421 1.572273

 0.309920 -0.302156 1.487082

 0.239527 -0.341130 1.594085

 0.237329 -0.331209 1.486995

 0.167491 -0.338141 1.571862

 0.136390 -0.325089 1.532196

 0.150915 -0.333637 1.487207

 0.215524 0.474385 1.813028

 0.383785 0.302002 1.813028

 0.438894 0.061338 1.813028

 0.383785 -0.189694 1.813028

 0.215524 -0.346524 1.813028

 0.206038 0.273415 1.249754

 0.333931 0.138025 1.250156

 0.374372 -0.050139 1.244729

 0.334009 -0.274680 1.248968

 0.237188 -0.368790 1.250255

 0.176295 -0.388578 1.250266

 0.159068 -0.374608 1.243890

 0.063096 -0.414778 1.363618

 0.051714 -0.429841 1.329440

 0.047043 -0.441839 1.375032

 0.043114 -0.448161 1.343887

 0.045375 -0.426200 1.324323

 0.028011 -0.462274 1.353805

 0.065342 -0.423837 1.337100

 0.049688 -0.451770 1.352106

 0.036785 -0.424141 1.339091

 0.034396 -0.442939 1.355644

 0.050526 -0.420568 1.337375

 0.043264 -0.439520 1.354251

 0.015524 -0.454228 1.335079

 0.029910 -0.424538 1.391470

 0.066817 -0.434641 1.345164

 0.058646 -0.424120 1.372041

 0.024085 -0.447774 1.338441

 0.052191 -0.438236 1.336270

 0.028388 -0.436271 1.350546

 0.048749 -0.429164 1.347367

 0.229022 -0.371454 1.603675

 0.151401 -0.368225 1.579342

 0.305239 -0.315775 1.482387

 0.321326 -0.292585 1.534980

 0.132866 -0.361927 1.482387

 0.117735 -0.350405 1.534832

 0.226392 -0.357225 1.481421

 0.297223 -0.320843 1.579930

 0.132111 -0.403359 1.262632

 0.143274 -0.364548 1.212291

 0.083688 -0.377635 1.176945

 0.161424 -0.382250 1.245250

 0.227816 -0.327099 1.536634

 0.227257 -0.327213 1.523984

 0.217718 -0.327602 1.544598

 0.217883 -0.327628 1.518943

 0.207222 -0.327682 1.538064

 0.207276 -0.327748 1.524461

 0.094204 -0.378788 1.152567

 0.170428 -0.363344 1.203750

 0.156240 -0.416056 1.277605

 0.191436 -0.387288 1.251524

 0.315655 -0.286126 1.534903

 0.300501 -0.308305 1.485515

 0.292873 -0.313064 1.577288

 0.228158 -0.361340 1.599806

 0.225700 -0.347796 1.484731

 0.154425 -0.358089 1.576752

 0.122469 -0.340976 1.534744

 0.136922 -0.352067 1.485536

 0.339764 -0.264524 1.523237

 0.311457 -0.270442 1.574881

 0.321198 -0.269490 1.465488

 0.229600 -0.281057 1.603013

 0.226726 -0.278117 1.464950

 0.135831 -0.280127 1.574385

 0.095061 -0.276211 1.522877

 0.114597 -0.278774 1.465681

 0.196842 -0.263484 1.522124

 0.227872 -0.329217 1.536632

 0.227312 -0.329294 1.523982

 0.217775 -0.329757 1.544596

 0.217938 -0.329709 1.518941

 0.207277 -0.329800 1.538062

 0.207331 -0.329829 1.524459

 0.230709 -0.406792 1.656143

 0.249078 -0.407243 1.628273

 0.160613 -0.410430 1.688083

 0.184750 -0.410150 1.616877

 0.113598 -0.409977 1.630355

 0.109977 -0.410957 1.597643

 0.152591 -0.384292 1.596672

 0.236647 -0.379839 1.617035

 0.323446 -0.332106 1.588073

 0.333573 -0.314929 1.482319

 0.318555 -0.313225 1.494592

 0.334979 -0.313350 1.484319

 0.303100 -0.340244 1.461810

 0.125619 -0.368804 1.562443

 0.119130 -0.352851 1.537187

 0.118071 -0.361698 1.543711

 0.293578 -0.333723 1.479853

 0.300888 -0.342061 1.461281

 0.319437 -0.296090 1.541917

 0.353649 -0.297119 1.543039

 0.285945 -0.338790 1.478667

 0.229840 -0.364221 1.601811

 0.157624 -0.367684 1.580424

 0.299541 -0.341463 1.474021

 0.126381 -0.357987 1.552702

 0.295275 -0.322645 1.576439

 0.292215 -0.346586 1.472744

 0.262556 -0.361948 1.468230

 0.269971 -0.356798 1.467989

 0.257560 -0.353386 1.476762

 0.269936 -0.361250 1.445420

 0.265261 -0.348298 1.476382

 0.272197 -0.359418 1.445475

 0.234843 -0.374494 1.604790

 0.117843 -0.359236 1.534140

 0.126878 -0.367191 1.552791

 0.309494 -0.331562 1.577232

 0.157674 -0.378638 1.584661

 0.334954 -0.300679 1.536811

 0.313356 -0.301385 1.552206

 0.352599 -0.304046 1.557077

 0.330724 -0.309133 1.549186

 0.159267 -0.390619 1.459003

 0.161669 -0.373417 1.477988

 0.156487 -0.391410 1.459347

 0.152721 -0.375032 1.479622

 0.161502 -0.384013 1.472190

 0.152774 -0.385805 1.473661

 0.188825 -0.385163 1.468689

 0.197662 -0.383302 1.468732

 0.186538 -0.374110 1.476782

 0.198427 -0.389663 1.447006

 0.195621 -0.372425 1.476709

 0.201218 -0.388847 1.447138

 0.313271 -0.317598 1.488404

 0.326876 -0.320313 1.491340

 0.321897 -0.324743 1.485246

 0.240106 -0.381807 1.449026

 0.232947 -0.363197 1.479300

 0.237353 -0.382751 1.449110

 0.223942 -0.365199 1.479784

 0.237527 -0.375501 1.470499

 0.228777 -0.377694 1.470921

 0.364780 -0.303757 1.548023

 0.357186 -0.308966 1.563902

 0.342129 -0.300763 1.541261

 0.380867 -0.298021 1.574246

 0.334838 -0.303915 1.557671

 0.377953 -0.299922 1.579175

 0.349601 -0.329051 1.570890

 0.342007 -0.335402 1.586770

 0.328806 -0.323912 1.565171

 0.358240 -0.319164 1.592926

 0.321514 -0.330545 1.581581

 0.355326 -0.321065 1.597854

 -0.000209 0.315945 2.084325

 -0.000209 0.496517 1.913747

 -0.000209 0.545788 1.700516

 -0.000209 0.516250 1.548946

 -0.000209 0.465436 1.414285

 -0.000209 0.387804 1.305838

 -0.000209 0.236275 1.187018

 -0.000209 0.091828 1.114334

 -0.000209 -0.062765 1.065379

 -0.000209 -0.221184 1.046902

 -0.054099 0.182441 2.130924

 -0.110804 0.282532 2.084325

 -0.159643 0.371995 2.009237

 -0.198630 0.438912 1.913747

 -0.227088 0.480980 1.700516

 -0.233814 0.452402 1.548946

 -0.225572 0.404323 1.414285

 -0.210537 0.331982 1.305918

 -0.188535 0.196271 1.189418

 -0.138589 0.064673 1.119428

 -0.063558 -0.079740 1.065379

 -0.102007 0.133460 2.130924

 -0.198645 0.191248 2.084325

 -0.291916 0.242899 2.009237

 -0.359302 0.281532 1.913747

 -0.393598 0.303925 1.700516

 -0.394477 0.277966 1.548946

 -0.377669 0.237359 1.414285

 -0.356206 0.179472 1.305798

 -0.292557 0.069742 1.186617

 -0.205784 -0.031004 1.112659

 -0.109933 -0.126114 1.065379

 -0.121167 0.066551 2.130924

 -0.233390 0.066551 2.084325

 -0.341561 0.066095 2.009237

 -0.413614 0.063840 1.913747

 -0.446329 0.056393 1.700516

 -0.441910 0.037231 1.548946

 -0.424029 0.002686 1.414285

 -0.401904 -0.037798 1.305758

 -0.328541 -0.101394 1.184934

 -0.236331 -0.144983 1.114130

 -0.126907 -0.189463 1.065379

 -0.102007 -0.000359 2.130924

 -0.198645 -0.058146 2.084325

 -0.291916 -0.111620 2.009237

 -0.359302 -0.159264 1.913747

 -0.389699 -0.219376 1.691468

 -0.407926 -0.193520 1.546867

 -0.375719 -0.255221 1.419793

 -0.356206 -0.271685 1.305798

 -0.291224 -0.267465 1.186570

 -0.206022 -0.263694 1.114232

 -0.109932 -0.252812 1.065379

 -0.054099 -0.049340 2.130924

 -0.110804 -0.149430 2.084325

 -0.159643 -0.239349 2.009237

 -0.198630 -0.308526 1.913747

 -0.226691 -0.363913 1.711044

 -0.230483 -0.371303 1.402139

 -0.196919 -0.400558 1.300295

 -0.215963 -0.344813 1.191235

 -0.122370 -0.349705 1.117207

 -0.063558 -0.299187 1.065379

 -0.000209 -0.067268 2.130924

 -0.000209 -0.182843 2.084325

 -0.000209 -0.286145 2.009237

 -0.000209 -0.363425 1.913747

 -0.000209 -0.419365 1.687047

 -0.000209 -0.405686 1.546100

 -0.000209 -0.405138 1.449581

 -0.000209 -0.444065 1.294726

 -0.062857 -0.403958 1.389162

 -0.000209 -0.375362 1.107158

 -0.000209 -0.316161 1.065379

 -0.000209 0.066551 2.148584

 -0.000209 0.200370 2.130924

 -0.000209 0.419247 2.009237

 -0.316241 -0.316366 1.598272

 -0.341250 -0.288152 1.538240

 -0.320930 -0.317054 1.475179

 -0.232574 -0.377133 1.622838

 -0.231600 -0.365895 1.470056

 -0.136401 -0.385542 1.597781

 -0.101682 -0.370419 1.538457

 -0.112009 -0.380133 1.466282

 -0.144385 -0.414442 1.271801

 -0.154845 -0.366907 1.209599

 -0.085448 -0.382705 1.165994

 -0.000209 -0.434927 1.275443

 -0.324497 -0.285553 1.532449

 -0.000209 -0.396494 1.156834

 -0.035085 -0.433283 1.329227

 -0.000209 -0.413833 1.405595

 -0.000209 -0.443508 1.316254

 -0.027175 -0.447443 1.387972

 -0.033617 -0.451954 1.345050

 -0.000209 -0.457635 1.394323

 -0.000209 -0.472379 1.357081

 -0.129552 -0.395696 1.260646

 -0.140874 -0.359668 1.212234

 -0.087245 -0.370210 1.180048

 -0.000209 -0.408260 1.255685

 -0.302814 -0.305421 1.572273

 -0.000209 -0.383777 1.180019

 -0.310337 -0.302156 1.487082

 -0.239945 -0.341130 1.594085

 -0.237747 -0.331209 1.486995

 -0.167908 -0.338141 1.571862

 -0.136808 -0.325089 1.532196

 -0.151333 -0.333637 1.487207

 -0.000209 0.537482 1.813028

 -0.215942 0.474385 1.813028

 -0.384203 0.302002 1.813028

 -0.439312 0.061338 1.813028

 -0.384203 -0.189694 1.813028

 -0.215942 -0.346524 1.813028

 -0.000209 -0.404437 1.813028

 -0.000209 0.324483 1.249230

 -0.206456 0.273415 1.249754

 -0.334349 0.138025 1.250156

 -0.374790 -0.050139 1.244729

 -0.334426 -0.274680 1.248968

 -0.237606 -0.368790 1.250255

 -0.176713 -0.388578 1.250266

 -0.159486 -0.374608 1.243890

 -0.063513 -0.414778 1.363618

 -0.052132 -0.429841 1.329440

 -0.047461 -0.441839 1.375032

 -0.043532 -0.448161 1.343887

 -0.045793 -0.426200 1.324323

 -0.028429 -0.462274 1.353805

 -0.065759 -0.423837 1.337100

 -0.050106 -0.451770 1.352106

 -0.037203 -0.424141 1.339091

 -0.034813 -0.442939 1.355644

 -0.050944 -0.420568 1.337375

 -0.043681 -0.439520 1.354251

 -0.000209 -0.458248 1.331614

 -0.015942 -0.454228 1.335079

 -0.030328 -0.424538 1.391470

 -0.000209 -0.434107 1.400400

 -0.067235 -0.434641 1.345164

 -0.059064 -0.424120 1.372041

 -0.024503 -0.447774 1.338441

 -0.052609 -0.438236 1.336270

 -0.028805 -0.436271 1.350546

 -0.049167 -0.429164 1.347367

 -0.229440 -0.371454 1.603675

 -0.151819 -0.368225 1.579342

 -0.305656 -0.315775 1.482387

 -0.321744 -0.292585 1.534980

 -0.133283 -0.361927 1.482387

 -0.118153 -0.350405 1.534832

 -0.226810 -0.357225 1.481421

 -0.297641 -0.320843 1.579930

 -0.000209 -0.388834 1.169522

 -0.000209 -0.419910 1.265565

 -0.132529 -0.403359 1.262632

 -0.143692 -0.364548 1.212291

 -0.084105 -0.377635 1.176945

 -0.161842 -0.382250 1.245250

 -0.228234 -0.327099 1.536634

 -0.227675 -0.327213 1.523984

 -0.218136 -0.327602 1.544598

 -0.218301 -0.327628 1.518943

 -0.207639 -0.327682 1.538064

 -0.207694 -0.327748 1.524461

 -0.094622 -0.378788 1.152567

 -0.170846 -0.363344 1.203750

 -0.000209 -0.440682 1.282093

 -0.156658 -0.416056 1.277605

 -0.000209 -0.394741 1.141803

 -0.191854 -0.387288 1.251524

 -0.316073 -0.286126 1.534903

 -0.300918 -0.308305 1.485515

 -0.293291 -0.313064 1.577288

 -0.228576 -0.361340 1.599806

 -0.226118 -0.347796 1.484732

 -0.154842 -0.358089 1.576752

 -0.122886 -0.340976 1.534744

 -0.137339 -0.352067 1.485536

 -0.340182 -0.264524 1.523237

 -0.311874 -0.270442 1.574881

 -0.321616 -0.269490 1.465488

 -0.230018 -0.281057 1.603013

 -0.227143 -0.278117 1.464950

 -0.136249 -0.280127 1.574385

 -0.095479 -0.276211 1.522877

 -0.115014 -0.278774 1.465681

 -0.197260 -0.263484 1.522124

 -0.228290 -0.329217 1.536632

 -0.227729 -0.329294 1.523982

 -0.218193 -0.329757 1.544596

 -0.218356 -0.329709 1.518941

 -0.207695 -0.329800 1.538062

 -0.207749 -0.329829 1.524459

 -0.231126 -0.406792 1.656143

 -0.249495 -0.407243 1.628273

 -0.161031 -0.410430 1.688083

 -0.185168 -0.410150 1.616877

 -0.114015 -0.409977 1.630355

 -0.110395 -0.410957 1.597643

 -0.153009 -0.384292 1.596672

 -0.237065 -0.379839 1.617035

 -0.323864 -0.332106 1.588073

 -0.333991 -0.314929 1.482319

 -0.318973 -0.313225 1.494592

 -0.335397 -0.313350 1.484319

 -0.303518 -0.340244 1.461810

 -0.126037 -0.368804 1.562443

 -0.119548 -0.352851 1.537187

 -0.118488 -0.361698 1.543711

 -0.293996 -0.333723 1.479853

 -0.301306 -0.342061 1.461281

 -0.319855 -0.296090 1.541917

 -0.354067 -0.297119 1.543039

 -0.286363 -0.338790 1.478667

 -0.230257 -0.364221 1.601811

 -0.158042 -0.367684 1.580424

 -0.299959 -0.341463 1.474021

 -0.126799 -0.357987 1.552702

 -0.295692 -0.322645 1.576439

 -0.292633 -0.346586 1.472744

 -0.262974 -0.361948 1.468230

 -0.270388 -0.356798 1.467989

 -0.257978 -0.353386 1.476762

 -0.270353 -0.361250 1.445420

 -0.265679 -0.348298 1.476382

 -0.272615 -0.359418 1.445475

 -0.235261 -0.374494 1.604790

 -0.118260 -0.359236 1.534140

 -0.127295 -0.367191 1.552791

 -0.309911 -0.331562 1.577232

 -0.158092 -0.378638 1.584661

 -0.335372 -0.300679 1.536811

 -0.313774 -0.301385 1.552206

 -0.353017 -0.304046 1.557077

 -0.331141 -0.309133 1.549186

 -0.159685 -0.390619 1.459003

 -0.162087 -0.373417 1.477988

 -0.156905 -0.391410 1.459347

 -0.153139 -0.375032 1.479622

 -0.161920 -0.384013 1.472190

 -0.153192 -0.385805 1.473661

 -0.189243 -0.385163 1.468689

 -0.198079 -0.383302 1.468732

 -0.186956 -0.374110 1.476782

 -0.198845 -0.389663 1.447006

 -0.196039 -0.372425 1.476709

 -0.201636 -0.388847 1.447138

 -0.313689 -0.317598 1.488404

 -0.327293 -0.320313 1.491340

 -0.322315 -0.324743 1.485246

 -0.240523 -0.381807 1.449026

 -0.233365 -0.363197 1.479300

 -0.237771 -0.382751 1.449110

 -0.224359 -0.365199 1.479784

 -0.237945 -0.375501 1.470499

 -0.229195 -0.377694 1.470921

 -0.365198 -0.303757 1.548023

 -0.357603 -0.308966 1.563902

 -0.342547 -0.300763 1.541261

 -0.381285 -0.298021 1.574246

 -0.335255 -0.303915 1.557671

 -0.378371 -0.299922 1.579175

 -0.350019 -0.329051 1.570890

 -0.342425 -0.335402 1.586770

 -0.329223 -0.323912 1.565171

 -0.358657 -0.319164 1.592926

 -0.321932 -0.330545 1.581581

 -0.355744 -0.321065 1.597854

 -0.000209 0.546304 1.761064

 -0.000209 0.534516 1.626503

 -0.000209 0.494356 1.478544

 -0.000209 0.427106 1.354406

 -0.000209 0.286918 1.220735

 -0.000209 0.169080 1.149834

 -0.000209 0.012774 1.085642

 -0.000209 -0.132184 1.053585

 0.081545 0.232365 2.111579

 0.136055 0.329510 2.049983

 0.180853 0.409030 1.963062

 0.221253 0.481949 1.761064

 0.231344 0.469952 1.626503

 0.231150 0.431557 1.478544

 0.216988 0.368525 1.354416

 0.202176 0.239278 1.221739

 0.161368 0.141333 1.155002

 0.092319 -0.011377 1.085939

 0.117489 0.449801 1.414285

 0.121376 0.499915 1.548946

 0.100528 0.481779 1.913748

 0.032897 -0.065537 1.065536

 0.065779 0.084423 1.114900

 0.109258 0.373523 1.305878

 0.116804 0.529207 1.700516

 0.056356 0.307396 2.084325

 0.101219 0.225508 1.187653

 0.148675 0.162284 2.111579

 0.246674 0.218370 2.049983

 0.330148 0.264281 1.963062

 0.389275 0.306129 1.761064

 0.395458 0.293560 1.626503

 0.387335 0.259987 1.478544

 0.366342 0.208479 1.354401

 0.318001 0.116935 1.223916

 0.250769 0.013506 1.145061

 0.156918 -0.078461 1.085433

 0.090237 -0.098642 1.065536

 0.159039 0.242862 2.084325

 0.080461 0.162080 2.130773

 0.248927 0.150304 1.190710

 0.294290 0.265704 1.305873

 0.326734 0.376596 1.548946

 0.321844 0.404036 1.700516

 0.232323 0.315892 2.009237

 0.172728 0.011464 1.111420

 0.313631 0.331764 1.414285

 0.288125 0.370518 1.913748

 0.175438 0.066551 2.111579

 0.289676 0.066494 2.049983

 0.383182 0.065130 1.963062

 0.443737 0.059919 1.761064

 0.445397 0.048898 1.626503

 0.433772 0.021662 1.478544

 0.412610 -0.018461 1.354396

 0.356512 -0.087762 1.216285

 0.286573 -0.120504 1.149089

 0.181068 -0.168590 1.085616

 0.400249 0.177469 1.913747

 0.328572 0.157759 2.009237

 0.123343 -0.155983 1.065536

 0.227956 -0.083876 1.113947

 0.116929 0.101517 2.130773

 0.390722 0.077840 1.305763

 0.412830 0.126494 1.414285

 0.433606 0.186524 1.700516

 0.223847 0.131085 2.084325

 0.318962 -0.020638 1.183572

 0.430781 0.162695 1.548946

 0.148675 -0.029182 2.111579

 0.246674 -0.085496 2.049983

 0.330148 -0.136863 1.963062

 0.388943 -0.200156 1.760639

 0.406962 -0.193462 1.616564

 0.399518 -0.211836 1.482846

 0.366156 -0.261421 1.354587

 0.317148 -0.271005 1.220327

 0.252132 -0.265676 1.149536

 0.156947 -0.259309 1.085629

 0.328572 -0.026025 2.009237

 0.223847 0.002017 2.084325

 0.227986 -0.207197 1.114143

 0.317931 -0.189476 1.186030

 0.413120 -0.128402 1.414786

 0.432463 -0.088823 1.548686

 0.400249 -0.052495 1.913747

 0.123343 -0.222194 1.065536

 0.116929 0.031585 2.130773

 0.390722 -0.162216 1.305763

 0.433757 -0.080734 1.699667

 0.081545 -0.099263 2.111579

 0.136055 -0.196465 2.049983

 0.180853 -0.277350 1.963062

 0.221203 -0.356249 1.762380

 0.053045 -0.396730 1.454774

 0.232363 -0.367596 1.443239

 0.221139 -0.381194 1.352367

 0.232478 -0.354635 1.223425

 0.179349 -0.344665 1.154997

 0.090724 -0.325542 1.085669

 0.313372 -0.306817 1.708378

 0.288125 -0.245205 1.913748

 0.090237 -0.279534 1.065536

 0.159039 -0.109760 2.084325

 0.080461 -0.028979 2.130773

 0.253083 -0.317744 1.187824

 0.294152 -0.345846 1.305266

 0.343826 -0.300199 1.456619

 0.232323 -0.184101 2.009237

 0.170857 -0.309627 1.114677

 0.306788 -0.331502 1.405134

 -0.000209 -0.124915 2.111579

 -0.000209 -0.237088 2.049983

 -0.000209 -0.328911 1.963062

 -0.000209 -0.414281 1.760637

 -0.000209 -0.412453 1.607099

 -0.000209 -0.403678 1.492484

 0.145902 -0.391461 1.396683

 -0.000209 -0.349149 1.084745

 0.100528 -0.349025 1.913748

 0.080583 -0.274113 2.009237

 0.032897 -0.312640 1.065536

 0.055402 -0.368791 1.108182

 0.026988 -0.063945 2.130773

 0.090247 -0.433189 1.295177

 0.126614 -0.401152 1.708121

 0.056356 -0.174294 2.084325

 0.105975 -0.371226 1.139017

 0.372107 -0.258006 1.542671

 0.160972 -0.365749 1.207487

 -0.000209 0.145381 2.142196

 -0.000209 0.258017 2.111579

 -0.000209 0.370190 2.049983

 -0.000209 0.462011 1.963062

 0.030465 0.134820 2.142197

 0.037109 -0.142184 1.053585

 0.080583 0.407158 2.009237

 0.026988 0.197046 2.130773

 0.058840 0.105966 2.142196

 0.064427 -0.169502 1.053585

 0.070275 0.066551 2.142197

 0.074426 -0.206820 1.053585

 0.058840 0.027136 2.142197

 0.064427 -0.244137 1.053585

 0.030465 -0.001718 2.142196

 0.037109 -0.271456 1.053585

 -0.000209 -0.012279 2.142197

 -0.000209 -0.281455 1.053585

 0.334736 -0.294824 1.571704

 0.337884 -0.296739 1.501644

 0.231369 -0.376203 1.606650

 0.150205 -0.362864 1.578681

 0.280140 -0.348729 1.616266

 0.309286 -0.319841 1.481775

 0.283468 -0.343473 1.468841

 0.111415 -0.376689 1.571393

 0.099345 -0.372979 1.501532

 0.171316 -0.376288 1.465936

 0.179745 -0.388279 1.615928

 0.318230 -0.288046 1.534846

 0.058531 -0.392902 1.543312

 0.092200 -0.403879 1.634514

 0.230245 -0.371951 1.660742

 0.346398 -0.286701 1.635224

 0.170872 -0.374650 1.232002

 0.124167 -0.371536 1.185184

 0.042911 -0.392473 1.157979

 0.081971 -0.428157 1.274987

 -0.000209 -0.384323 1.167971

 -0.000209 -0.442895 1.286885

 0.149655 -0.416437 1.275211

 -0.000209 -0.396894 1.150239

 0.070851 -0.411080 1.352259

 -0.000209 -0.467810 1.341828

 0.027144 -0.438238 1.316954

 0.027324 -0.410066 1.403243

 0.109040 -0.417234 1.318727

 -0.000209 -0.408241 1.421051

 -0.000209 -0.443045 1.305555

 0.027725 -0.457354 1.373132

 -0.000209 -0.467896 1.377329

 0.013601 -0.469048 1.356724

 0.013566 -0.453920 1.392535

 0.019309 -0.461195 1.343095

 0.027257 -0.435861 1.392850

 -0.000209 -0.422873 1.400257

 0.148500 -0.366166 1.228789

 0.115458 -0.364103 1.197076

 0.056749 -0.378289 1.180107

 0.082866 -0.402188 1.257249

 0.314359 -0.292046 1.506480

 0.309116 -0.293575 1.558432

 -0.000209 -0.416270 1.266704

 0.136319 -0.409224 1.265992

 0.144911 -0.359069 1.211792

 0.083941 -0.381346 1.173118

 0.264776 -0.340032 1.593007

 0.269718 -0.329836 1.482103

 0.133047 -0.347129 1.558029

 0.121012 -0.344732 1.506459

 0.176170 -0.354675 1.482122

 0.188505 -0.365738 1.592643

 0.131888 -0.356631 1.482908

 0.117365 -0.356896 1.535701

 0.228940 -0.362314 1.480288

 0.301667 -0.324202 1.582746

 -0.000209 0.521265 1.863518

 0.208906 0.460343 1.863518

 0.375334 0.293901 1.863518

 0.430306 0.062538 1.863518

 0.375334 -0.176823 1.863518

 0.208906 -0.331269 1.863518

 -0.000209 -0.388193 1.863518

 0.109981 -0.388942 1.813028

 0.310485 -0.281331 1.813028

 0.425926 -0.070250 1.813028

 0.425926 0.187742 1.813028

 0.310485 0.399471 1.813028

 0.109981 0.521339 1.813028

 -0.000209 0.355379 1.273961

 0.207237 0.301947 1.274216

 0.345786 0.156485 1.273982

 0.390123 -0.050653 1.273476

 0.345796 -0.275895 1.273833

 0.234008 -0.381907 1.272641

 0.171797 -0.401526 1.263646

 0.147585 -0.384417 1.250895

 0.164063 -0.377092 1.246134

 0.183362 -0.388832 1.251618

 0.285130 -0.336617 1.249522

 0.365700 -0.176209 1.248361

 0.365201 0.053645 1.250960

 0.281227 0.213299 1.249608

 0.108962 0.311417 1.249492

 0.066642 -0.418122 1.351155

 0.049298 -0.447355 1.364930

 0.059202 -0.443523 1.348844

 0.052311 -0.433829 1.374873

 0.040117 -0.457158 1.354546

 0.038624 -0.443619 1.381655

 0.056290 -0.411243 1.370297

 0.053483 -0.422514 1.332694

 0.027245 -0.451358 1.342598

 0.048038 -0.443640 1.340474

 0.038413 -0.450896 1.345490

 0.044202 -0.429626 1.328085

 0.035216 -0.432727 1.325455

 0.032117 -0.457394 1.345448

 0.046444 -0.451704 1.344446

 0.058211 -0.429043 1.329980

 0.030685 -0.440939 1.354946

 0.045811 -0.435250 1.352520

 0.039218 -0.440980 1.356640

 0.044527 -0.420216 1.338254

 0.050972 -0.424551 1.333022

 0.035334 -0.428240 1.334586

 0.042953 -0.443190 1.349411

 0.033779 -0.446746 1.350778

 -0.000209 -0.449062 1.324179

 0.020360 -0.442795 1.327260

 0.036396 -0.414628 1.389215

 -0.000209 -0.445942 1.400644

 0.069827 -0.427909 1.341172

 0.062894 -0.417435 1.368110

 0.027020 -0.440569 1.333293

 0.054053 -0.433159 1.332374

 0.031650 -0.428761 1.344246

 0.051108 -0.422935 1.341532

 0.024706 -0.442469 1.344713

 0.050910 -0.433356 1.340898

 0.038922 -0.430763 1.351307

 0.059542 -0.438450 1.337518

 0.021146 -0.451415 1.335984

 0.045449 -0.422244 1.383105

 0.066494 -0.429023 1.358077

 0.014633 -0.430489 1.397792

 0.008107 -0.456941 1.332990

 0.092283 -0.392137 1.428878

 -0.000209 -0.391818 1.219218

 0.226969 -0.366081 1.602738

 0.151243 -0.374421 1.582169

 0.302336 -0.310999 1.482906

 0.325941 -0.295881 1.535802

 0.132458 -0.368056 1.481000

 0.116915 -0.345219 1.534698

 0.224373 -0.352006 1.481967

 0.294407 -0.316004 1.579260

 0.128894 -0.356819 1.559544

 0.174203 -0.364542 1.478676

 0.314402 -0.300413 1.559966

 0.267592 -0.349101 1.596519

 0.319912 -0.298758 1.504739

 0.187275 -0.376141 1.596114

 0.116151 -0.354319 1.504720

 0.272774 -0.338347 1.478676

 -0.000209 -0.393479 1.165073

 -0.000209 -0.427169 1.269173

 0.133866 -0.399253 1.264257

 0.147105 -0.367206 1.211423

 0.084271 -0.372291 1.175324

 0.166709 -0.386369 1.247143

 0.156855 -0.370847 1.230454

 0.157416 -0.392846 1.256060

 0.043223 -0.385588 1.170449

 0.075277 -0.414451 1.265199

 0.118147 -0.368432 1.192499

 0.227562 -0.326888 1.530096

 0.222912 -0.327128 1.540754

 0.222617 -0.327213 1.521528

 0.207039 -0.327453 1.531060

 0.212607 -0.327476 1.521621

 0.212400 -0.327430 1.541626

 0.087760 -0.382001 1.160180

 0.187819 -0.357938 1.197448

 -0.000209 -0.438827 1.279223

 0.168857 -0.413540 1.282384

 -0.000209 -0.389271 1.127139

 0.206897 -0.382795 1.250970

 0.186976 -0.372177 1.229990

 0.047525 -0.389866 1.143149

 0.089050 -0.432433 1.281532

 0.137555 -0.367335 1.175109

 0.186205 -0.401377 1.267614

 0.323050 -0.290039 1.506212

 0.317888 -0.291001 1.554394

 0.275196 -0.325415 1.587435

 0.280125 -0.318083 1.484320

 0.146613 -0.329763 1.553992

 0.135207 -0.327948 1.506178

 0.189165 -0.335952 1.484435

 0.200804 -0.344135 1.587182

 0.315575 -0.287440 1.534563

 0.301676 -0.307794 1.489603

 0.294508 -0.311988 1.573534

 0.234110 -0.356040 1.594522

 0.231898 -0.343738 1.489164

 0.135270 -0.336889 1.534372

 0.165118 -0.352734 1.573081

 0.148968 -0.347210 1.489668

 0.238516 -0.310924 1.602446

 0.150732 -0.308906 1.575475

 0.341342 -0.275407 1.527817

 0.315046 -0.288098 1.575944

 0.235885 -0.304600 1.473386

 0.324224 -0.286058 1.473384

 0.112826 -0.300489 1.527482

 0.130701 -0.306016 1.473565

 0.340361 -0.265811 1.489212

 0.333529 -0.266081 1.552026

 0.277289 -0.276408 1.595457

 0.283830 -0.274232 1.460911

 0.107344 -0.277615 1.551493

 0.092396 -0.277066 1.489163

 0.163753 -0.279537 1.461095

 0.178993 -0.281991 1.595157

 0.294362 -0.261063 1.521210

 0.131978 -0.266375 1.480971

 0.116179 -0.265523 1.520958

 0.279615 -0.262892 1.480852

 0.211395 -0.266058 1.478194

 0.273043 -0.263278 1.559263

 0.146454 -0.266905 1.558914

 0.213755 -0.267137 1.578820

 0.227629 -0.329438 1.530093

 0.222981 -0.329738 1.540752

 0.222684 -0.329754 1.521526

 0.207107 -0.330003 1.531058

 0.212674 -0.330017 1.521619

 0.212469 -0.330041 1.541624

 0.217769 -0.328733 1.546915

 0.229625 -0.328069 1.537518

 0.228821 -0.328208 1.522727

 0.205534 -0.328829 1.523210

 0.205527 -0.328754 1.539262

 0.218064 -0.328696 1.517046

 0.250041 -0.406388 1.638337

 0.224390 -0.408730 1.623332

 0.196762 -0.408718 1.679610

 0.141486 -0.410935 1.605077

 0.132803 -0.410468 1.665526

 0.172682 -0.410290 1.652480

 0.103178 -0.410343 1.605997

 0.215872 0.080544 1.150018

 0.347259 0.017671 1.219829

 0.133541 -0.376594 1.578552

 0.189157 -0.387535 1.612021

 0.285024 -0.357757 1.606583

 0.324386 -0.322528 1.488293

 0.328363 -0.320792 1.483601

 0.322609 -0.317276 1.494129

 0.120878 -0.363935 1.551320

 0.316167 -0.322725 1.486485

 0.236045 -0.377629 1.610044

 0.118306 -0.355616 1.534022

 0.314741 -0.313617 1.491881

 0.126413 -0.368709 1.556721

 0.316495 -0.332619 1.581710

 0.335793 -0.312159 1.482505

 0.331464 -0.317751 1.487637

 0.158130 -0.373658 1.581814

 0.325873 -0.298588 1.538360

 0.315864 -0.297133 1.546040

 0.355727 -0.298518 1.548535

 0.301727 -0.341688 1.467664

 0.137084 -0.362875 1.565315

 0.302890 -0.340216 1.459523

 0.288866 -0.334603 1.479831

 0.267294 -0.344826 1.592832

 0.121230 -0.354045 1.543375

 0.287694 -0.343792 1.476595

 0.190572 -0.370402 1.595480

 0.297050 -0.337482 1.478101

 0.297041 -0.345198 1.466724

 0.295878 -0.344025 1.473382

 0.266263 -0.359373 1.468109

 0.266640 -0.362447 1.456562

 0.268211 -0.352072 1.474172

 0.258762 -0.358409 1.474591

 0.260698 -0.349225 1.477122

 0.271767 -0.360107 1.441439

 0.271402 -0.358915 1.456518

 0.232642 -0.369820 1.602432

 0.117434 -0.360849 1.537742

 0.126794 -0.363301 1.551850

 0.302409 -0.327888 1.575894

 0.155614 -0.381962 1.589938

 0.345484 -0.299178 1.538765

 0.192191 -0.381301 1.599602

 0.277111 -0.354415 1.594823

 0.333206 -0.304302 1.541726

 0.137159 -0.372980 1.567696

 0.121346 -0.362756 1.542157

 0.308830 -0.308668 1.562237

 0.344165 -0.314322 1.570549

 0.325383 -0.316919 1.561151

 0.341239 -0.307793 1.552108

 0.321617 -0.306463 1.549673

 0.160336 -0.388186 1.465404

 0.158024 -0.391686 1.456779

 0.157242 -0.372438 1.479284

 0.151581 -0.380278 1.478066

 0.162602 -0.378207 1.476100

 0.154628 -0.389548 1.466259

 0.157138 -0.384909 1.472925

 0.193243 -0.384232 1.468711

 0.193694 -0.388411 1.457603

 0.197150 -0.377463 1.474654

 0.185972 -0.379621 1.474701

 0.190977 -0.371373 1.477261

 0.201000 -0.389702 1.443243

 0.199452 -0.387001 1.457734

 0.239108 -0.379704 1.459470

 0.239588 -0.382785 1.445277

 0.227797 -0.362056 1.480214

 0.224827 -0.371441 1.477343

 0.235906 -0.368883 1.476766

 0.233416 -0.381350 1.459702

 0.233152 -0.376598 1.470710

 0.360983 -0.306361 1.555962

 0.374649 -0.301315 1.561293

 0.343911 -0.307689 1.560895

 0.353075 -0.302706 1.540730

 0.334991 -0.301196 1.549207

 0.381911 -0.297335 1.580440

 0.369257 -0.305220 1.571565

 0.345804 -0.332227 1.578830

 0.355761 -0.324972 1.582075

 0.330356 -0.335137 1.584674

 0.339520 -0.327011 1.564510

 0.321668 -0.325666 1.573117

 0.357921 -0.317510 1.598354

 0.350369 -0.329020 1.592347

 -0.081963 0.232365 2.111579

 -0.136473 0.329510 2.049983

 -0.181270 0.409030 1.963062

 -0.221670 0.481949 1.761064

 -0.231761 0.469952 1.626502

 -0.231568 0.431557 1.478544

 -0.217406 0.368525 1.354416

 -0.202594 0.239278 1.221739

 -0.161786 0.141333 1.155002

 -0.092736 -0.011377 1.085939

 -0.117906 0.449801 1.414285

 -0.121794 0.499915 1.548946

 -0.100946 0.481779 1.913747

 -0.033314 -0.065537 1.065536

 -0.066197 0.084423 1.114900

 -0.109676 0.373523 1.305878

 -0.117222 0.529207 1.700516

 -0.056773 0.307396 2.084325

 -0.101636 0.225508 1.187653

 -0.149093 0.162284 2.111579

 -0.247092 0.218370 2.049983

 -0.330566 0.264281 1.963062

 -0.389693 0.306129 1.761064

 -0.395876 0.293560 1.626502

 -0.387752 0.259987 1.478544

 -0.366759 0.208479 1.354401

 -0.318419 0.116935 1.223916

 -0.251187 0.013506 1.145061

 -0.157335 -0.078461 1.085433

 -0.090655 -0.098642 1.065536

 -0.159457 0.242862 2.084325

 -0.080878 0.162080 2.130773

 -0.249345 0.150304 1.190710

 -0.294708 0.265704 1.305873

 -0.327152 0.376596 1.548946

 -0.322261 0.404036 1.700516

 -0.232740 0.315892 2.009237

 -0.173146 0.011464 1.111420

 -0.314049 0.331764 1.414285

 -0.288543 0.370518 1.913747

 -0.175856 0.066551 2.111579

 -0.290094 0.066494 2.049983

 -0.383600 0.065130 1.963062

 -0.444155 0.059919 1.761064

 -0.445815 0.048898 1.626502

 -0.434190 0.021662 1.478544

 -0.413028 -0.018461 1.354396

 -0.356930 -0.087762 1.216285

 -0.286991 -0.120504 1.149089

 -0.181486 -0.168590 1.085616

 -0.400667 0.177469 1.913748

 -0.328990 0.157759 2.009237

 -0.123760 -0.155983 1.065536

 -0.228374 -0.083876 1.113947

 -0.117346 0.101517 2.130773

 -0.391140 0.077840 1.305763

 -0.413248 0.126494 1.414285

 -0.434023 0.186524 1.700516

 -0.224265 0.131085 2.084325

 -0.319379 -0.020638 1.183572

 -0.431199 0.162695 1.548946

 -0.149093 -0.029182 2.111579

 -0.247092 -0.085496 2.049983

 -0.330566 -0.136863 1.963062

 -0.389360 -0.200156 1.760639

 -0.407380 -0.193462 1.616564

 -0.399935 -0.211836 1.482846

 -0.366573 -0.261421 1.354587

 -0.317565 -0.271005 1.220327

 -0.252549 -0.265676 1.149536

 -0.157365 -0.259309 1.085629

 -0.328990 -0.026025 2.009237

 -0.224265 0.002017 2.084325

 -0.228404 -0.207197 1.114143

 -0.318348 -0.189476 1.186030

 -0.413537 -0.128402 1.414786

 -0.432880 -0.088823 1.548686

 -0.400667 -0.052495 1.913748

 -0.123760 -0.222194 1.065536

 -0.117346 0.031585 2.130773

 -0.391140 -0.162216 1.305763

 -0.434175 -0.080734 1.699667

 -0.081963 -0.099263 2.111579

 -0.136473 -0.196465 2.049983

 -0.181270 -0.277350 1.963062

 -0.221621 -0.356249 1.762380

 -0.053463 -0.396730 1.454774

 -0.232781 -0.367596 1.443239

 -0.221557 -0.381194 1.352367

 -0.232896 -0.354635 1.223425

 -0.179767 -0.344665 1.154997

 -0.091141 -0.325542 1.085669

 -0.313789 -0.306817 1.708378

 -0.288543 -0.245205 1.913747

 -0.090655 -0.279534 1.065536

 -0.159457 -0.109760 2.084325

 -0.080878 -0.028979 2.130773

 -0.253501 -0.317744 1.187824

 -0.294570 -0.345846 1.305266

 -0.344243 -0.300199 1.456619

 -0.232740 -0.184101 2.009237

 -0.171275 -0.309627 1.114677

 -0.307206 -0.331502 1.405134

 -0.146319 -0.391461 1.396683

 -0.100946 -0.349025 1.913747

 -0.081001 -0.274113 2.009237

 -0.033314 -0.312640 1.065536

 -0.055820 -0.368791 1.108182

 -0.027405 -0.063945 2.130773

 -0.090665 -0.433189 1.295177

 -0.127032 -0.401152 1.708121

 -0.056773 -0.174294 2.084325

 -0.106393 -0.371226 1.139017

 -0.372525 -0.258006 1.542671

 -0.161390 -0.365749 1.207487

 -0.030882 0.134820 2.142196

 -0.037527 -0.142184 1.053585

 -0.081001 0.407158 2.009237

 -0.027405 0.197046 2.130773

 -0.059258 0.105966 2.142196

 -0.064845 -0.169502 1.053585

 -0.070693 0.066551 2.142196

 -0.074844 -0.206820 1.053585

 -0.059258 0.027136 2.142196

 -0.064845 -0.244137 1.053585

 -0.030882 -0.001718 2.142196

 -0.037526 -0.271456 1.053585

 -0.335154 -0.294824 1.571704

 -0.338302 -0.296739 1.501644

 -0.231787 -0.376203 1.606650

 -0.150623 -0.362864 1.578681

 -0.280558 -0.348729 1.616266

 -0.309704 -0.319841 1.481775

 -0.283885 -0.343473 1.468841

 -0.111833 -0.376689 1.571393

 -0.099763 -0.372979 1.501532

 -0.171734 -0.376288 1.465936

 -0.180163 -0.388279 1.615928

 -0.318647 -0.288046 1.534846

 -0.058949 -0.392902 1.543312

 -0.092618 -0.403879 1.634514

 -0.230662 -0.371951 1.660742

 -0.346816 -0.286701 1.635224

 -0.171290 -0.374650 1.232002

 -0.124585 -0.371536 1.185184

 -0.043329 -0.392473 1.157979

 -0.082389 -0.428157 1.274987

 -0.150073 -0.416437 1.275211

 -0.071268 -0.411080 1.352259

 -0.027562 -0.438238 1.316954

 -0.027741 -0.410066 1.403243

 -0.109457 -0.417234 1.318727

 -0.028142 -0.457355 1.373132

 -0.014019 -0.469048 1.356724

 -0.013984 -0.453920 1.392535

 -0.019726 -0.461195 1.343095

 -0.027675 -0.435861 1.392850

 -0.148917 -0.366166 1.228789

 -0.115876 -0.364103 1.197076

 -0.057167 -0.378289 1.180107

 -0.083283 -0.402188 1.257249

 -0.314776 -0.292046 1.506480

 -0.309534 -0.293575 1.558432

 -0.136737 -0.409224 1.265992

 -0.145329 -0.359069 1.211792

 -0.084359 -0.381346 1.173118

 -0.265193 -0.340032 1.593007

 -0.270135 -0.329836 1.482103

 -0.133464 -0.347129 1.558029

 -0.121429 -0.344732 1.506459

 -0.176588 -0.354675 1.482122

 -0.188923 -0.365738 1.592643

 -0.132306 -0.356631 1.482908

 -0.117783 -0.356896 1.535701

 -0.229358 -0.362314 1.480288

 -0.302085 -0.324202 1.582746

 -0.209324 0.460343 1.863518

 -0.375752 0.293901 1.863518

 -0.430724 0.062538 1.863518

 -0.375752 -0.176823 1.863518

 -0.209324 -0.331269 1.863518

 -0.110399 -0.388942 1.813028

 -0.310903 -0.281331 1.813028

 -0.426344 -0.070250 1.813028

 -0.426344 0.187742 1.813028

 -0.310903 0.399471 1.813028

 -0.110399 0.521339 1.813028

 -0.207654 0.301947 1.274216

 -0.346204 0.156485 1.273982

 -0.390541 -0.050653 1.273476

 -0.346214 -0.275895 1.273833

 -0.234426 -0.381907 1.272641

 -0.172215 -0.401526 1.263646

 -0.148002 -0.384417 1.250895

 -0.164481 -0.377092 1.246134

 -0.183779 -0.388832 1.251618

 -0.285548 -0.336617 1.249522

 -0.366118 -0.176209 1.248361

 -0.365619 0.053645 1.250960

 -0.281644 0.213299 1.249608

 -0.109379 0.311417 1.249492

 -0.067060 -0.418122 1.351155

 -0.049716 -0.447355 1.364930

 -0.059619 -0.443523 1.348844

 -0.052729 -0.433829 1.374873

 -0.040534 -0.457158 1.354546

 -0.039042 -0.443619 1.381655

 -0.056708 -0.411243 1.370297

 -0.053901 -0.422514 1.332694

 -0.027663 -0.451358 1.342598

 -0.048456 -0.443640 1.340474

 -0.038831 -0.450896 1.345490

 -0.044620 -0.429626 1.328085

 -0.035634 -0.432727 1.325455

 -0.032535 -0.457394 1.345448

 -0.046861 -0.451704 1.344446

 -0.058629 -0.429043 1.329980

 -0.031103 -0.440939 1.354946

 -0.046228 -0.435250 1.352520

 -0.039636 -0.440980 1.356640

 -0.044945 -0.420216 1.338254

 -0.051390 -0.424551 1.333022

 -0.035751 -0.428240 1.334586

 -0.043370 -0.443190 1.349411

 -0.034197 -0.446746 1.350778

 -0.020778 -0.442795 1.327260

 -0.036814 -0.414628 1.389215

 -0.070245 -0.427909 1.341172

 -0.063312 -0.417435 1.368110

 -0.027438 -0.440569 1.333293

 -0.054470 -0.433159 1.332374

 -0.032068 -0.428761 1.344246

 -0.051526 -0.422935 1.341532

 -0.025124 -0.442469 1.344713

 -0.051328 -0.433356 1.340898

 -0.039339 -0.430763 1.351307

 -0.059960 -0.438450 1.337518

 -0.021564 -0.451415 1.335984

 -0.045867 -0.422244 1.383105

 -0.066912 -0.429023 1.358077

 -0.015051 -0.430489 1.397792

 -0.008525 -0.456941 1.332990

 -0.092700 -0.392137 1.428878

 -0.227386 -0.366081 1.602738

 -0.151661 -0.374421 1.582168

 -0.302753 -0.310999 1.482906

 -0.326359 -0.295881 1.535802

 -0.132876 -0.368055 1.481000

 -0.117332 -0.345219 1.534698

 -0.224790 -0.352006 1.481967

 -0.294825 -0.316004 1.579260

 -0.129312 -0.356819 1.559544

 -0.174621 -0.364542 1.478676

 -0.314820 -0.300413 1.559966

 -0.268010 -0.349101 1.596519

 -0.320330 -0.298758 1.504739

 -0.187693 -0.376141 1.596114

 -0.116569 -0.354319 1.504720

 -0.273192 -0.338347 1.478676

 -0.134284 -0.399253 1.264257

 -0.147523 -0.367206 1.211423

 -0.084688 -0.372291 1.175324

 -0.167127 -0.386369 1.247143

 -0.157272 -0.370847 1.230454

 -0.157834 -0.392846 1.256060

 -0.043640 -0.385588 1.170449

 -0.075695 -0.414451 1.265199

 -0.118565 -0.368432 1.192499

 -0.227979 -0.326888 1.530096

 -0.223330 -0.327128 1.540754

 -0.223035 -0.327213 1.521528

 -0.207457 -0.327453 1.531060

 -0.213024 -0.327476 1.521621

 -0.212817 -0.327430 1.541626

 -0.088178 -0.382001 1.160180

 -0.188236 -0.357938 1.197448

 -0.169275 -0.413540 1.282384

 -0.207315 -0.382795 1.250970

 -0.187394 -0.372177 1.229990

 -0.047943 -0.389866 1.143149

 -0.089468 -0.432433 1.281532

 -0.137973 -0.367335 1.175109

 -0.186623 -0.401377 1.267614

 -0.323467 -0.290039 1.506212

 -0.318306 -0.291001 1.554394

 -0.275614 -0.325414 1.587435

 -0.280543 -0.318083 1.484320

 -0.147031 -0.329763 1.553992

 -0.135624 -0.327948 1.506179

 -0.189582 -0.335952 1.484435

 -0.201222 -0.344135 1.587182

 -0.315993 -0.287440 1.534563

 -0.302094 -0.307794 1.489603

 -0.294925 -0.311988 1.573534

 -0.234527 -0.356040 1.594522

 -0.232316 -0.343738 1.489164

 -0.135687 -0.336889 1.534372

 -0.165536 -0.352734 1.573081

 -0.149386 -0.347210 1.489668

 -0.238934 -0.310924 1.602446

 -0.151150 -0.308906 1.575475

 -0.341760 -0.275407 1.527817

 -0.315463 -0.288098 1.575944

 -0.236302 -0.304600 1.473386

 -0.324642 -0.286058 1.473384

 -0.113244 -0.300489 1.527482

 -0.131119 -0.306016 1.473565

 -0.340779 -0.265811 1.489212

 -0.333946 -0.266081 1.552026

 -0.277707 -0.276408 1.595457

 -0.284248 -0.274232 1.460911

 -0.107762 -0.277615 1.551493

 -0.092813 -0.277066 1.489163

 -0.164171 -0.279537 1.461095

 -0.179411 -0.281991 1.595157

 -0.294780 -0.261063 1.521210

 -0.132396 -0.266375 1.480971

 -0.116596 -0.265523 1.520958

 -0.280033 -0.262892 1.480852

 -0.211813 -0.266058 1.478194

 -0.273461 -0.263278 1.559263

 -0.146871 -0.266905 1.558914

 -0.214172 -0.267137 1.578819

 -0.228047 -0.329438 1.530093

 -0.223399 -0.329738 1.540752

 -0.223102 -0.329754 1.521526

 -0.207524 -0.330003 1.531058

 -0.213092 -0.330017 1.521619

 -0.212886 -0.330041 1.541624

 -0.218187 -0.328733 1.546915

 -0.230043 -0.328069 1.537518

 -0.229238 -0.328208 1.522727

 -0.205952 -0.328829 1.523210

 -0.205944 -0.328754 1.539262

 -0.218482 -0.328696 1.517046

 -0.250459 -0.406388 1.638337

 -0.224807 -0.408730 1.623332

 -0.197179 -0.408718 1.679610

 -0.141904 -0.410935 1.605077

 -0.133220 -0.410468 1.665526

 -0.173099 -0.410290 1.652480

 -0.103596 -0.410343 1.605997

 -0.216290 0.080544 1.150018

 -0.347677 0.017671 1.219829

 -0.133959 -0.376594 1.578552

 -0.189575 -0.387535 1.612021

 -0.285442 -0.357757 1.606583

 -0.324804 -0.322528 1.488293

 -0.328781 -0.320792 1.483601

 -0.323026 -0.317276 1.494129

 -0.121295 -0.363935 1.551320

 -0.316584 -0.322725 1.486485

 -0.236463 -0.377629 1.610044

 -0.118724 -0.355616 1.534022

 -0.315159 -0.313617 1.491881

 -0.126831 -0.368709 1.556721

 -0.316913 -0.332619 1.581710

 -0.336210 -0.312159 1.482505

 -0.331881 -0.317751 1.487637

 -0.158548 -0.373658 1.581814

 -0.326291 -0.298588 1.538360

 -0.316281 -0.297133 1.546040

 -0.356144 -0.298518 1.548535

 -0.302144 -0.341688 1.467664

 -0.137501 -0.362875 1.565315

 -0.303307 -0.340216 1.459523

 -0.289284 -0.334603 1.479831

 -0.267711 -0.344826 1.592832

 -0.121648 -0.354045 1.543375

 -0.288112 -0.343792 1.476595

 -0.190990 -0.370402 1.595480

 -0.297468 -0.337482 1.478101

 -0.297459 -0.345198 1.466724

 -0.296296 -0.344025 1.473382

 -0.266681 -0.359373 1.468109

 -0.267058 -0.362447 1.456562

 -0.268629 -0.352072 1.474172

 -0.259180 -0.358409 1.474591

 -0.261115 -0.349225 1.477122

 -0.272185 -0.360107 1.441439

 -0.271820 -0.358915 1.456518

 -0.233059 -0.369820 1.602432

 -0.117851 -0.360849 1.537742

 -0.127212 -0.363301 1.551850

 -0.302827 -0.327888 1.575894

 -0.156032 -0.381962 1.589938

 -0.345901 -0.299178 1.538765

 -0.192609 -0.381301 1.599602

 -0.277529 -0.354415 1.594823

 -0.333623 -0.304302 1.541726

 -0.137576 -0.372980 1.567696

 -0.121764 -0.362756 1.542157

 -0.309248 -0.308668 1.562237

 -0.344582 -0.314322 1.570549

 -0.325801 -0.316919 1.561151

 -0.341656 -0.307793 1.552108

 -0.322035 -0.306463 1.549673

 -0.160753 -0.388186 1.465404

 -0.158442 -0.391686 1.456779

 -0.157660 -0.372438 1.479284

 -0.151998 -0.380278 1.478066

 -0.163019 -0.378207 1.476100

 -0.155046 -0.389548 1.466259

 -0.157556 -0.384909 1.472925

 -0.193661 -0.384232 1.468711

 -0.194112 -0.388411 1.457603

 -0.197568 -0.377463 1.474654

 -0.186390 -0.379621 1.474701

 -0.191395 -0.371373 1.477261

 -0.201418 -0.389702 1.443243

 -0.199870 -0.387001 1.457734

 -0.239526 -0.379704 1.459470

 -0.240006 -0.382785 1.445277

 -0.228215 -0.362056 1.480214

 -0.225245 -0.371441 1.477343

 -0.236323 -0.368883 1.476766

 -0.233834 -0.381350 1.459702

 -0.233570 -0.376598 1.470710

 -0.361400 -0.306361 1.555962

 -0.375067 -0.301315 1.561293

 -0.344329 -0.307689 1.560895

 -0.353493 -0.302706 1.540730

 -0.335409 -0.301196 1.549207

 -0.382328 -0.297335 1.580440

 -0.369675 -0.305220 1.571565

 -0.346222 -0.332227 1.578830

 -0.356178 -0.324972 1.582075

 -0.330774 -0.335137 1.584674

 -0.339938 -0.327011 1.564510

 -0.322086 -0.325666 1.573117

 -0.358339 -0.317510 1.598354

 -0.350786 -0.329020 1.592347

 0.120565 0.478290 1.478544

 0.091517 0.448456 1.963062

 0.047505 0.006865 1.085767

 0.017316 0.154630 2.140527

 0.112933 0.412118 1.354411

 0.106236 0.505679 1.863518

 0.022136 -0.120039 1.055331

 0.041391 0.251612 2.111560

 0.108392 0.341708 1.274089

 0.119803 0.517997 1.626502

 0.069182 0.359782 2.049983

 0.085035 0.160437 1.150624

 0.060838 -0.142384 1.055331

 0.118592 0.202025 2.111560

 0.287712 0.238572 1.274091

 0.325984 0.393296 1.626502

 0.197205 0.281211 2.049983

 0.214658 0.040831 1.135632

 0.322152 0.356996 1.478544

 0.263827 0.346125 1.963062

 0.128779 -0.041351 1.085347

 0.053019 0.131029 2.140527

 0.303476 0.298972 1.354410

 0.302465 0.388011 1.863518

 0.370175 0.168704 1.963062

 0.175021 -0.121594 1.085613

 0.078104 0.090151 2.140527

 0.401785 0.101959 1.354396

 0.417356 0.183704 1.863518

 0.083183 -0.181086 1.055331

 0.168564 0.116138 2.111560

 0.379436 0.060079 1.273961

 0.433965 0.176843 1.626502

 0.278528 0.145115 2.049983

 0.277266 -0.046297 1.148548

 0.423168 0.146416 1.478544

 0.278528 -0.012184 2.049983

 0.277269 -0.197748 1.149257

 0.424591 -0.105706 1.478992

 0.370175 -0.039866 1.963062

 0.175025 -0.215630 1.085638

 0.078104 0.042950 2.140527

 0.401786 -0.147262 1.354498

 0.417356 -0.062628 1.863518

 0.083183 -0.225776 1.055331

 0.168564 0.016964 2.111560

 0.379457 -0.171183 1.273646

 0.435306 -0.081784 1.625415

 0.302465 -0.266434 1.863518

 0.060838 -0.264478 1.055331

 0.118592 -0.068923 2.111560

 0.290720 -0.344262 1.273872

 0.296512 -0.337485 1.444877

 0.197205 -0.148273 2.049983

 0.216208 -0.314056 1.150602

 0.056365 -0.392661 1.495772

 0.263827 -0.217109 1.963062

 0.128498 -0.296628 1.085711

 0.053019 0.002073 2.140527

 0.303108 -0.337356 1.353210

 0.091517 -0.315533 1.963062

 0.046236 -0.343242 1.084958

 0.017316 -0.021528 2.140527

 0.160072 -0.383218 1.437051

 0.106236 -0.373106 1.863518

 0.022136 -0.286823 1.055331

 0.041391 -0.118510 2.111560

 0.178568 -0.402562 1.266244

 0.069182 -0.226687 2.049983

 0.366250 -0.271585 1.493065

 0.134388 -0.402128 1.353084

 0.128973 -0.370358 1.181004

 0.270237 -0.333333 1.479250

 0.115354 -0.349094 1.504958

 0.185683 -0.370709 1.595263

 0.316837 -0.294159 1.504977

 0.155609 -0.396100 1.655356

 0.368032 -0.262169 1.593503

 0.065642 -0.399112 1.592428

 0.297257 -0.330670 1.655606

 0.118961 -0.362961 1.191526

 0.077514 -0.410471 1.266509

 0.085223 -0.431396 1.278722

 0.044085 -0.392487 1.151482

 0.059594 -0.434709 1.306723

 0.014218 -0.464142 1.376186

 0.010272 -0.465712 1.342657

 0.039244 -0.452518 1.369224

 0.013427 -0.442214 1.398415

 0.044607 -0.380670 1.168895

 0.159407 -0.388145 1.257193

 0.265110 -0.343965 1.595660

 0.311387 -0.295789 1.559530

 0.172766 -0.359233 1.479252

 0.127947 -0.351569 1.559112

 0.114334 -0.398223 1.761881

 0.315695 -0.292227 1.761937

 0.430898 -0.076092 1.760908

 0.430928 0.189498 1.761064

 0.316589 0.405541 1.761064

 0.113427 0.529839 1.761064

 0.158865 -0.365459 1.230692

 0.178024 -0.374077 1.231776

 0.274510 -0.326302 1.221326

 0.346534 -0.183274 1.219578

 0.346500 -0.023834 1.208444

 0.270778 0.183786 1.221813

 0.108218 0.274663 1.221166

 0.058751 -0.438588 1.361594

 0.040983 -0.432790 1.385192

 0.058175 -0.415092 1.350865

 0.044277 -0.424322 1.332515

 0.024792 -0.456383 1.341606

 0.061852 -0.432633 1.333691

 0.039447 -0.455642 1.346151

 0.047753 -0.428594 1.326631

 0.041940 -0.423495 1.344712

 0.047178 -0.438856 1.345803

 0.038773 -0.445674 1.351243

 0.027815 -0.435281 1.339289

 0.027906 -0.446095 1.348738

 0.052873 -0.427921 1.336172

 0.038599 -0.436562 1.356283

 0.053670 -0.445440 1.341311

 0.024797 -0.442173 1.329555

 0.050832 -0.414439 1.379248

 0.070101 -0.422228 1.354200

 0.018339 -0.419555 1.397186

 0.011505 -0.446649 1.325069

 0.041506 -0.402605 1.423382

 0.191307 -0.312807 1.594199

 0.098255 -0.380716 1.222104

 0.128425 -0.363306 1.561499

 0.175550 -0.370065 1.477359

 0.319104 -0.303583 1.561909

 0.271209 -0.353040 1.599550

 0.324332 -0.302371 1.504695

 0.188189 -0.381708 1.599153

 0.115745 -0.360659 1.504579

 0.276171 -0.342948 1.477727

 0.161784 -0.374030 1.231107

 0.162534 -0.397838 1.258864

 0.042971 -0.389959 1.166078

 0.077649 -0.421249 1.268776

 0.120079 -0.371395 1.189974

 0.217508 -0.326719 1.531115

 0.203600 -0.367478 1.226753

 0.053198 -0.383565 1.128560

 0.094357 -0.433176 1.286430

 0.153564 -0.360568 1.165182

 0.201249 -0.397190 1.269721

 0.314465 -0.292905 1.508632

 0.309542 -0.294202 1.556126

 0.268326 -0.336623 1.588157

 0.272994 -0.327442 1.486658

 0.145119 -0.342575 1.555745

 0.134010 -0.340364 1.508608

 0.185651 -0.349814 1.486718

 0.197014 -0.359910 1.587861

 0.340386 -0.278288 1.496226

 0.282114 -0.300889 1.594479

 0.125129 -0.303499 1.553846

 0.177210 -0.307573 1.470199

 0.334072 -0.278871 1.554338

 0.288160 -0.296240 1.470032

 0.111301 -0.302331 1.496181

 0.105371 -0.266653 1.493951

 0.261537 -0.265316 1.470537

 0.302771 -0.261639 1.545164

 0.163831 -0.267730 1.470682

 0.117334 -0.266910 1.544733

 0.256411 -0.266308 1.580730

 0.308241 -0.261507 1.493994

 0.176138 -0.268847 1.580486

 0.217605 -0.330378 1.531111

 0.210826 -0.328803 1.544986

 0.230711 -0.328027 1.529699

 0.203755 -0.328770 1.530965

 0.224245 -0.328472 1.518588

 0.211133 -0.328814 1.518654

 0.211727 -0.408653 1.651031

 0.136167 -0.410687 1.634393

 0.214084 0.124698 1.164278

 0.347367 0.061263 1.231485

 0.224670 -0.328403 1.543786

 0.121341 -0.359021 1.541744

 0.137467 -0.368536 1.565711

 0.316898 -0.313811 1.560711

 0.330086 -0.319047 1.485527

 0.272381 -0.350207 1.592912

 0.319255 -0.319797 1.490351

 0.191818 -0.376289 1.596763

 0.292270 -0.340449 1.477413

 0.299486 -0.343337 1.466964

 0.269101 -0.360655 1.456085

 0.263406 -0.355057 1.474444

 0.191110 -0.384856 1.605033

 0.281246 -0.356672 1.599787

 0.334565 -0.316638 1.564867

 0.135696 -0.375396 1.572330

 0.121126 -0.364058 1.545768

 0.344145 -0.302577 1.544077

 0.323930 -0.301876 1.542847

 0.157097 -0.379040 1.477138

 0.157499 -0.388943 1.465559

 0.196707 -0.387757 1.457234

 0.191550 -0.378327 1.474736

 0.230293 -0.369919 1.477131

 0.236359 -0.380584 1.459156

 0.372237 -0.303082 1.566852

 0.348097 -0.305068 1.550783

 0.353194 -0.326701 1.587547

 0.334542 -0.330897 1.574563

 -0.120982 0.478290 1.478544

 -0.091935 0.448456 1.963062

 -0.047923 0.006865 1.085767

 -0.017734 0.154630 2.140527

 -0.113351 0.412118 1.354411

 -0.106654 0.505679 1.863518

 -0.022554 -0.120039 1.055331

 -0.041809 0.251612 2.111561

 -0.108810 0.341709 1.274089

 -0.120220 0.517997 1.626502

 -0.069600 0.359782 2.049983

 -0.085453 0.160437 1.150624

 -0.061256 -0.142384 1.055331

 -0.119010 0.202025 2.111561

 -0.288130 0.238572 1.274091

 -0.326402 0.393296 1.626502

 -0.197622 0.281211 2.049983

 -0.215076 0.040831 1.135632

 -0.322569 0.356996 1.478544

 -0.264245 0.346125 1.963062

 -0.129197 -0.041350 1.085347

 -0.053437 0.131029 2.140527

 -0.303894 0.298972 1.354410

 -0.302883 0.388011 1.863518

 -0.370592 0.168704 1.963062

 -0.175439 -0.121594 1.085613

 -0.078522 0.090151 2.140527

 -0.402203 0.101959 1.354396

 -0.417774 0.183704 1.863518

 -0.083601 -0.181086 1.055331

 -0.168982 0.116138 2.111561

 -0.379854 0.060079 1.273961

 -0.434383 0.176843 1.626502

 -0.278946 0.145115 2.049983

 -0.277684 -0.046297 1.148548

 -0.423586 0.146416 1.478544

 -0.278946 -0.012184 2.049983

 -0.277687 -0.197748 1.149257

 -0.425009 -0.105706 1.478992

 -0.370592 -0.039866 1.963062

 -0.175443 -0.215630 1.085638

 -0.078522 0.042950 2.140527

 -0.402204 -0.147262 1.354498

 -0.417774 -0.062628 1.863518

 -0.083601 -0.225776 1.055331

 -0.168982 0.016964 2.111561

 -0.379875 -0.171183 1.273646

 -0.435724 -0.081784 1.625415

 -0.302883 -0.266434 1.863518

 -0.061256 -0.264478 1.055331

 -0.119010 -0.068923 2.111561

 -0.291138 -0.344262 1.273872

 -0.296929 -0.337485 1.444877

 -0.197622 -0.148273 2.049983

 -0.216625 -0.314056 1.150602

 -0.056783 -0.392661 1.495772

 -0.264245 -0.217109 1.963062

 -0.128916 -0.296628 1.085711

 -0.053437 0.002073 2.140527

 -0.303526 -0.337356 1.353210

 -0.091935 -0.315533 1.963062

 -0.046653 -0.343242 1.084958

 -0.017734 -0.021528 2.140527

 -0.160489 -0.383218 1.437051

 -0.106654 -0.373106 1.863518

 -0.022554 -0.286823 1.055331

 -0.041809 -0.118510 2.111561

 -0.178986 -0.402562 1.266244

 -0.069600 -0.226687 2.049983

 -0.366668 -0.271585 1.493065

 -0.134806 -0.402128 1.353084

 -0.129390 -0.370358 1.181004

 -0.270655 -0.333333 1.479250

 -0.115772 -0.349094 1.504958

 -0.186101 -0.370709 1.595263

 -0.317255 -0.294159 1.504977

 -0.156026 -0.396100 1.655356

 -0.368449 -0.262169 1.593503

 -0.066060 -0.399112 1.592428

 -0.297675 -0.330670 1.655606

 -0.119379 -0.362961 1.191526

 -0.077931 -0.410471 1.266509

 -0.085641 -0.431396 1.278722

 -0.044502 -0.392487 1.151482

 -0.060011 -0.434709 1.306723

 -0.014636 -0.464142 1.376186

 -0.010690 -0.465712 1.342658

 -0.039661 -0.452518 1.369224

 -0.013845 -0.442214 1.398415

 -0.045025 -0.380670 1.168895

 -0.159824 -0.388145 1.257194

 -0.265528 -0.343965 1.595660

 -0.311804 -0.295789 1.559530

 -0.173184 -0.359233 1.479252

 -0.128365 -0.351569 1.559112

 -0.114752 -0.398223 1.761881

 -0.316113 -0.292227 1.761937

 -0.431315 -0.076092 1.760908

 -0.431346 0.189498 1.761064

 -0.317006 0.405541 1.761064

 -0.113845 0.529839 1.761064

 -0.159283 -0.365459 1.230692

 -0.178442 -0.374077 1.231776

 -0.274927 -0.326303 1.221326

 -0.346951 -0.183274 1.219578

 -0.346918 -0.023834 1.208444

 -0.271196 0.183786 1.221813

 -0.108636 0.274663 1.221166

 -0.059168 -0.438588 1.361594

 -0.041401 -0.432790 1.385192

 -0.058593 -0.415092 1.350865

 -0.044694 -0.424322 1.332515

 -0.025210 -0.456383 1.341606

 -0.062269 -0.432633 1.333691

 -0.039865 -0.455642 1.346151

 -0.048171 -0.428594 1.326631

 -0.042358 -0.423495 1.344712

 -0.047596 -0.438856 1.345803

 -0.039191 -0.445674 1.351243

 -0.028233 -0.435281 1.339289

 -0.028323 -0.446095 1.348738

 -0.053291 -0.427921 1.336172

 -0.039017 -0.436562 1.356283

 -0.054088 -0.445440 1.341311

 -0.025215 -0.442173 1.329555

 -0.051250 -0.414439 1.379248

 -0.070519 -0.422228 1.354200

 -0.018756 -0.419555 1.397186

 -0.011922 -0.446649 1.325069

 -0.041924 -0.402605 1.423382

 -0.191724 -0.312807 1.594199

 -0.098672 -0.380716 1.222104

 -0.128843 -0.363306 1.561499

 -0.175967 -0.370065 1.477359

 -0.319521 -0.303583 1.561909

 -0.271626 -0.353040 1.599550

 -0.324750 -0.302371 1.504695

 -0.188607 -0.381708 1.599153

 -0.116163 -0.360659 1.504579

 -0.276589 -0.342948 1.477727

 -0.162202 -0.374030 1.231107

 -0.162951 -0.397838 1.258864

 -0.043389 -0.389959 1.166078

 -0.078067 -0.421249 1.268776

 -0.120497 -0.371395 1.189974

 -0.217926 -0.326719 1.531115

 -0.204018 -0.367478 1.226753

 -0.053616 -0.383565 1.128560

 -0.094775 -0.433176 1.286430

 -0.153981 -0.360568 1.165182

 -0.201667 -0.397190 1.269721

 -0.314883 -0.292905 1.508632

 -0.309960 -0.294202 1.556126

 -0.268744 -0.336623 1.588157

 -0.273412 -0.327442 1.486658

 -0.145537 -0.342575 1.555745

 -0.134428 -0.340364 1.508608

 -0.186069 -0.349814 1.486718

 -0.197432 -0.359910 1.587861

 -0.340804 -0.278288 1.496226

 -0.282532 -0.300889 1.594479

 -0.125547 -0.303499 1.553846

 -0.177628 -0.307573 1.470199

 -0.334490 -0.278871 1.554338

 -0.288578 -0.296240 1.470032

 -0.111718 -0.302331 1.496181

 -0.105789 -0.266653 1.493951

 -0.261955 -0.265316 1.470537

 -0.303189 -0.261639 1.545164

 -0.164249 -0.267730 1.470682

 -0.117752 -0.266910 1.544733

 -0.256829 -0.266308 1.580730

 -0.308659 -0.261507 1.493994

 -0.176555 -0.268847 1.580486

 -0.218023 -0.330378 1.531111

 -0.211244 -0.328803 1.544986

 -0.231129 -0.328027 1.529698

 -0.204172 -0.328770 1.530965

 -0.224663 -0.328472 1.518588

 -0.211551 -0.328814 1.518654

 -0.212145 -0.408653 1.651031

 -0.136585 -0.410687 1.634393

 -0.214502 0.124698 1.164278

 -0.347784 0.061263 1.231485

 -0.225088 -0.328403 1.543786

 -0.121759 -0.359021 1.541744

 -0.137885 -0.368536 1.565711

 -0.317315 -0.313811 1.560711

 -0.330503 -0.319047 1.485527

 -0.272799 -0.350207 1.592912

 -0.319672 -0.319797 1.490351

 -0.192235 -0.376289 1.596763

 -0.292688 -0.340449 1.477413

 -0.299903 -0.343337 1.466964

 -0.269519 -0.360655 1.456085

 -0.263824 -0.355057 1.474444

 -0.191528 -0.384856 1.605034

 -0.281664 -0.356672 1.599787

 -0.334983 -0.316638 1.564867

 -0.136114 -0.375396 1.572330

 -0.121544 -0.364058 1.545768

 -0.344563 -0.302577 1.544077

 -0.324347 -0.301876 1.542847

 -0.157514 -0.379040 1.477138

 -0.157916 -0.388943 1.465559

 -0.197124 -0.387757 1.457234

 -0.191967 -0.378327 1.474736

 -0.230711 -0.369919 1.477131

 -0.236777 -0.380584 1.459156

 -0.372654 -0.303082 1.566852

 -0.348515 -0.305068 1.550783

 -0.353611 -0.326701 1.587547

 -0.334959 -0.330897 1.574563

 -0.778461 0.170403 -0.552300

 -0.777067 0.018169 -0.546966

 -0.632916 0.171765 -0.551260

 -0.631522 0.019531 -0.545926

 -0.780317 0.168949 -0.628841

 -0.778757 0.011283 -0.623368

 -0.629506 0.170489 -0.627463

 -0.627946 0.012823 -0.621990

 -0.756575 0.146003 -0.719970

 -0.755398 0.027056 -0.715841

 -0.642799 0.147165 -0.718930

 -0.641622 0.028218 -0.714801

 -0.710427 0.027673 -0.753726

 -0.728460 0.170513 -0.773311

 -0.713211 0.077390 -0.763033

 -0.717497 0.129101 -0.771894

 -0.657766 -0.040094 -0.931940

 -0.662803 0.075977 -0.943932

 -0.660788 0.052700 -0.938356

 -0.662286 -0.018322 -0.936916

 -0.670197 0.111630 -0.895316

 -0.654080 0.025088 -0.954717

 -0.699386 -0.008181 -0.735427

 -0.672189 0.131669 -0.900864

 -0.652150 0.001500 -0.949714

 -0.694761 0.090436 -0.721559

 -0.724315 0.180412 -0.726679

 -0.702507 0.141048 -0.724387

 -0.689378 0.042536 -0.719501

 -0.674903 0.000452 -0.701234

 -0.642511 -0.018737 -0.646176

 -0.660869 -0.036711 -0.736111

 -0.641934 -0.060017 -0.726571

 -0.672594 -0.044093 -0.804032

 -0.657203 -0.060596 -0.808263

 -0.730959 0.090009 -0.876712

 -0.728286 0.059173 -0.869444

 -0.723563 -0.012051 -0.860792

 -0.715585 -0.042835 -0.854008

 -0.678276 -0.043223 -0.906964

 -0.683575 -0.015174 -0.912236

 -0.676695 0.003811 -0.917157

 -0.679032 0.032317 -0.923204

 -0.684510 0.054083 -0.913100

 -0.686951 0.082243 -0.919770

 -0.688938 0.112742 -0.877499

 -0.691543 0.136494 -0.884106

 -0.722419 0.007628 -0.784441

 -0.713097 -0.027180 -0.776037

 -0.723897 0.059522 -0.795742

 -0.720998 0.023691 -0.788134

 -0.728764 0.109211 -0.806333

 -0.725765 0.074455 -0.797928

 -0.730839 0.157910 -0.808290

 -0.727933 0.126735 -0.799599

 -0.718848 0.057750 -0.880990

 -0.721443 0.087686 -0.888043

 -0.649572 -0.059325 -0.773834

 -0.669949 -0.035763 -0.768497

 -0.760207 0.018151 -0.739112

 -0.764814 0.169762 -0.767744

 -0.765660 0.074044 -0.752690

 -0.769134 0.126712 -0.763210

 -0.670645 -0.049628 -0.946053

 -0.676767 0.073046 -0.963853

 -0.674296 0.044173 -0.956955

 -0.677247 -0.023331 -0.952036

 -0.680533 0.102788 -0.913373

 -0.667312 0.023349 -0.971615

 -0.738271 -0.025417 -0.722968

 -0.683058 0.127881 -0.920192

 -0.664939 -0.005799 -0.965439

 -0.768151 0.088849 -0.699202

 -0.759240 0.179781 -0.719607

 -0.770748 0.139525 -0.709987

 -0.757539 0.033287 -0.686872

 -0.721450 -0.022974 -0.677467

 -0.675008 -0.038283 -0.631976

 -0.684152 -0.055682 -0.733175

 -0.663829 -0.078870 -0.722368

 -0.691843 -0.059140 -0.800922

 -0.679069 -0.079475 -0.804642

 -0.758256 0.085005 -0.888281

 -0.755568 0.054004 -0.880975

 -0.750736 -0.021033 -0.869882

 -0.742666 -0.052016 -0.863030

 -0.696182 -0.054385 -0.924951

 -0.703738 -0.022212 -0.931627

 -0.695828 -0.005049 -0.938499

 -0.698595 0.028762 -0.945669

 -0.704481 0.044309 -0.935381

 -0.707372 0.077760 -0.943310

 -0.704338 0.103243 -0.897784

 -0.707791 0.131237 -0.905574

 -0.753898 0.000770 -0.779121

 -0.744215 -0.034997 -0.770534

 -0.756098 0.058028 -0.792260

 -0.753095 0.021208 -0.784432

 -0.761186 0.107611 -0.803037

 -0.758065 0.072015 -0.794428

 -0.762750 0.155758 -0.807319

 -0.759781 0.123739 -0.798367

 -0.740491 0.050898 -0.900687

 -0.743141 0.081465 -0.907889

 -0.672718 -0.079498 -0.769237

 -0.691240 -0.052459 -0.764676

 -0.720307 0.013826 -0.762275

 -0.710128 -0.021088 -0.751332

 -0.754308 0.005905 -0.753737

 -0.742974 -0.030244 -0.742747

 -0.726284 0.116505 -0.784156

 -0.723245 0.080271 -0.776007

 -0.761842 0.114856 -0.778871

 -0.758837 0.078132 -0.770566

 -0.730167 0.163912 -0.792121

 -0.726946 0.131228 -0.784382

 -0.764746 0.162777 -0.788138

 -0.762459 0.129242 -0.779998

 -0.721863 0.064965 -0.772727

 -0.719314 0.028724 -0.764888

 -0.757490 0.062833 -0.767561

 -0.754621 0.025416 -0.759264

 -0.668087 -0.016167 -0.708314

 -0.640487 -0.039578 -0.682340

 -0.698059 -0.037158 -0.699592

 -0.668238 -0.060709 -0.673981

 -0.664969 -0.034223 -0.743783

 -0.645939 -0.058354 -0.745492

 -0.687066 -0.052101 -0.740970

 -0.667577 -0.077103 -0.741645

 -0.675295 0.085370 -0.665781

 -0.656645 0.040895 -0.644662

 -0.709247 0.182933 -0.656256

 -0.685225 0.145034 -0.656409

 -0.642140 0.010044 -0.609079

 -0.758700 0.101652 -0.631950

 -0.721039 0.010017 -0.604254

 -0.741657 0.182570 -0.639787

 -0.759553 0.148025 -0.640922

 -0.671163 -0.003759 -0.581137

 -0.749505 0.057254 -0.621787

 -0.656010 -0.066277 -0.810257

 -0.651201 -0.070497 -0.793600

 -0.673835 -0.082654 -0.807186

 -0.666223 -0.084326 -0.790733

 -0.664533 -0.067376 -0.818650

 -0.673845 -0.076036 -0.817220

 -0.660823 -0.071728 -0.818244

 -0.669604 -0.079909 -0.816898

 -0.674342 -0.049045 -0.950669

 -0.680000 0.069514 -0.969681

 -0.677845 0.044187 -0.963636

 -0.680098 -0.027875 -0.955432

 -0.681260 0.103470 -0.920099

 -0.670217 0.019527 -0.976056

 -0.683177 0.123784 -0.925510

 -0.668242 -0.004598 -0.970919

 -0.689299 -0.050301 -0.943214

 -0.694432 -0.030752 -0.947459

 -0.686426 -0.002943 -0.961494

 -0.688222 0.019158 -0.966185

 -0.696997 0.045712 -0.956690

 -0.698936 0.068340 -0.962097

 -0.695611 0.104801 -0.916603

 -0.697653 0.122193 -0.921444

 -0.666695 -0.042277 -0.956296

 -0.669559 -0.031693 -0.958648

 -0.671419 -0.043961 -0.958874

 -0.674139 -0.033799 -0.961106

 -0.659832 0.013110 -0.979863

 -0.658849 0.001217 -0.977322

 -0.664774 0.011758 -0.982674

 -0.663840 0.000461 -0.980255

 -0.670116 0.063027 -0.972762

 -0.669001 0.050071 -0.969651

 -0.675168 0.061438 -0.976227

 -0.674104 0.049124 -0.973258

 -0.675078 0.108354 -0.923263

 -0.675996 0.118767 -0.926036

 -0.678639 0.107352 -0.927477

 -0.679512 0.117004 -0.930122

 -0.645086 0.017481 -0.970626

 -0.643928 0.003341 -0.967626

 -0.652881 0.015593 -0.978154

 -0.651672 0.000791 -0.975016

 -0.651461 -0.036849 -0.946680

 -0.654296 -0.024376 -0.949871

 -0.659434 -0.041126 -0.953558

 -0.662656 -0.028123 -0.956773

 -0.654949 0.068935 -0.956275

 -0.653705 0.054549 -0.952807

 -0.662881 0.066346 -0.965805

 -0.661589 0.051323 -0.962187

 -0.663507 0.113190 -0.906864

 -0.664699 0.125576 -0.910298

 -0.670437 0.109121 -0.917389

 -0.671695 0.122216 -0.920989

 -0.674422 -0.052825 -0.818480

 -0.666603 -0.062437 -0.819162

 -0.686441 -0.062347 -0.816763

 -0.678585 -0.072410 -0.817433

 -0.805054 0.094031 -0.549828

 -0.604929 0.095904 -0.548398

 -0.704033 -0.009694 -0.545446

 -0.705950 0.199628 -0.552781

 -0.694417 0.099753 -0.478638

 -0.807814 0.089827 -0.626363

 -0.600448 0.091945 -0.624468

 -0.703059 -0.017509 -0.621653

 -0.705204 0.199281 -0.629178

 -0.631677 0.015634 -0.582712

 -0.780495 0.014130 -0.584036

 -0.782020 0.169721 -0.589443

 -0.633202 0.171225 -0.588119

 -0.768092 0.086082 -0.725920

 -0.629383 0.087499 -0.724651

 -0.698020 0.014284 -0.722769

 -0.699455 0.159297 -0.727803

 -0.774262 0.163783 -0.682091

 -0.629168 0.165265 -0.680765

 -0.627668 0.013577 -0.675499

 -0.772762 0.012095 -0.676825

 -0.697500 0.115411 -0.722513

 -0.681023 0.024167 -0.709925

 -0.672069 0.053260 -0.925737

 -0.667452 -0.041785 -0.919684

 -0.659167 0.065294 -0.938056

 -0.657420 -0.027947 -0.932082

 -0.663766 0.002475 -0.933419

 -0.700113 0.096536 -0.594675

 -0.700984 0.009156 -0.746257

 -0.679140 0.112048 -0.886436

 -0.650612 0.014043 -0.949648

 -0.709946 0.104558 -0.765379

 -0.717697 0.153659 -0.772289

 -0.710944 0.164160 -0.726353

 -0.692865 0.067896 -0.721204

 -0.650699 -0.006636 -0.670953

 -0.647166 -0.044818 -0.732010

 -0.670327 -0.009600 -0.696774

 -0.706605 0.053728 -0.756648

 -0.669090 0.122720 -0.895040

 -0.662007 -0.049221 -0.805867

 -0.651594 -0.056547 -0.792453

 -0.681477 0.134262 -0.892601

 -0.674327 0.079331 -0.931944

 -0.724506 0.075545 -0.870912

 -0.665936 0.028975 -0.939040

 -0.672403 -0.016424 -0.924878

 -0.714488 -0.025740 -0.855702

 -0.712439 -0.043206 -0.860829

 -0.720100 -0.013000 -0.867379

 -0.677523 -0.027648 -0.906550

 -0.719417 0.008259 -0.873552

 -0.721958 0.039239 -0.880127

 -0.674424 0.019104 -0.916599

 -0.682211 0.069355 -0.912664

 -0.719358 0.116987 -0.847657

 -0.722123 0.142828 -0.854935

 -0.687346 0.125858 -0.877398

 -0.711889 -0.008401 -0.781254

 -0.726417 0.042595 -0.864593

 -0.723810 0.010807 -0.857850

 -0.716419 0.041980 -0.792611

 -0.721197 0.092212 -0.802768

 -0.727265 0.145557 -0.845109

 -0.724444 0.118828 -0.837573

 -0.723408 0.142805 -0.804151

 -0.716083 0.073944 -0.880809

 -0.671537 -0.039538 -0.787042

 -0.656677 -0.043732 -0.771180

 -0.640924 -0.025392 -0.656605

 -0.770315 0.114661 -0.704815

 -0.744547 0.004015 -0.681132

 -0.687796 0.040534 -0.944940

 -0.681222 -0.055248 -0.934641

 -0.673708 0.057615 -0.965231

 -0.672713 -0.037204 -0.953252

 -0.678664 -0.009185 -0.950878

 -0.753663 -0.008727 -0.726545

 -0.690746 0.100004 -0.904325

 -0.664184 0.007844 -0.973650

 -0.771961 0.101434 -0.754060

 -0.772418 0.151860 -0.763581

 -0.768094 0.162770 -0.714867

 -0.764580 0.061795 -0.693104

 -0.699365 -0.035178 -0.647292

 -0.678226 -0.070822 -0.727102

 -0.707368 -0.031431 -0.681460

 -0.767640 0.047062 -0.741980

 -0.680277 0.114299 -0.920955

 -0.688971 -0.071245 -0.801466

 -0.679704 -0.080923 -0.787264

 -0.694460 0.133055 -0.913412

 -0.691145 0.079484 -0.954208

 -0.762029 0.068551 -0.886793

 -0.681875 0.030161 -0.959219

 -0.690033 -0.018804 -0.942516

 -0.751787 -0.038228 -0.868154

 -0.736957 -0.052825 -0.874755

 -0.744828 -0.022369 -0.881451

 -0.705611 -0.039788 -0.928492

 -0.742952 0.003200 -0.887447

 -0.745520 0.034521 -0.894094

 -0.703511 0.011299 -0.942321

 -0.712223 0.060287 -0.940266

 -0.743141 0.109946 -0.863392

 -0.746226 0.136303 -0.870878

 -0.711103 0.116398 -0.902993

 -0.754925 -0.018490 -0.773812

 -0.754038 0.039906 -0.867810

 -0.751392 0.007626 -0.860962

 -0.760625 0.039245 -0.787673

 -0.765693 0.089434 -0.798095

 -0.754561 0.140781 -0.853820

 -0.751453 0.113479 -0.846068

 -0.767243 0.139266 -0.802637

 -0.745879 0.064956 -0.907996

 -0.692147 -0.055621 -0.783376

 -0.686237 -0.068037 -0.765634

 -0.674000 -0.046082 -0.645138

 -0.676191 -0.041838 -0.736550

 -0.683960 -0.039784 -0.765959

 -0.667305 0.044771 -0.945635

 -0.693526 0.044606 -0.921960

 -0.697040 0.085203 -0.931577

 -0.670225 0.078669 -0.953746

 -0.658340 -0.005933 -0.955716

 -0.685478 -0.005333 -0.925649

 -0.694297 -0.013456 -0.921906

 -0.670534 -0.016920 -0.944503

 -0.661144 0.028412 -0.962996

 -0.742585 0.185924 -0.724038

 -0.652970 -0.031235 -0.632009

 -0.737265 0.020798 -0.751421

 -0.739941 0.010815 -0.783374

 -0.729178 0.048652 -0.889502

 -0.741341 0.066640 -0.794583

 -0.740014 0.074062 -0.763009

 -0.740551 0.065586 -0.795448

 -0.726874 -0.037705 -0.771693

 -0.717470 -0.024871 -0.727319

 -0.685926 -0.053384 -0.914042

 -0.747345 0.162759 -0.809459

 -0.678207 0.133429 -0.910536

 -0.675252 0.104029 -0.902455

 -0.663402 -0.048339 -0.937337

 -0.732784 0.090248 -0.899303

 -0.736493 0.015638 -0.784836

 -0.747219 0.176291 -0.771588

 -0.701109 -0.017284 -0.700033

 -0.743306 0.119313 -0.797329

 -0.699996 0.138359 -0.894917

 -0.688846 0.035779 -0.934369

 -0.727621 -0.053216 -0.857240

 -0.741425 0.050791 -0.873843

 -0.738654 -0.010751 -0.866616

 -0.745110 0.093304 -0.883863

 -0.684711 -0.048447 -0.802120

 -0.667127 -0.072438 -0.810891

 -0.745549 0.115006 -0.806280

 -0.743828 0.126503 -0.772935

 -0.696030 0.104106 -0.885390

 -0.657507 -0.072977 -0.768192

 -0.649201 -0.073802 -0.722562

 -0.708951 -0.002031 -0.758409

 -0.754908 -0.013771 -0.746637

 -0.739324 0.016527 -0.760062

 -0.724534 -0.032328 -0.744984

 -0.718095 0.098743 -0.781087

 -0.767010 0.096139 -0.773713

 -0.740474 0.072361 -0.771744

 -0.744630 0.122521 -0.783056

 -0.721985 0.147863 -0.789036

 -0.770174 0.145716 -0.783283

 -0.744186 0.124027 -0.780701

 -0.747973 0.169552 -0.791619

 -0.713938 0.047354 -0.769819

 -0.762705 0.043615 -0.762400

 -0.736459 0.020165 -0.760563

 -0.740185 0.070804 -0.771656

 -0.648875 -0.023924 -0.696928

 -0.688560 -0.052882 -0.685185

 -0.648979 -0.054546 -0.673324

 -0.688456 -0.022260 -0.708789

 -0.651354 -0.042855 -0.745262

 -0.681422 -0.068035 -0.740683

 -0.679629 -0.038555 -0.742153

 -0.653147 -0.072335 -0.743792

 -0.646363 0.023830 -0.629297

 -0.678871 0.117892 -0.658397

 -0.695346 0.167566 -0.656221

 -0.755838 0.079367 -0.628947

 -0.738086 0.032377 -0.613792

 -0.698523 -0.003288 -0.592062

 -0.760107 0.125124 -0.635709

 -0.755245 0.167979 -0.644813

 -0.725760 0.188550 -0.653469

 -0.651115 -0.001811 -0.594185

 -0.705815 0.006897 -0.887905

 -0.708268 0.036795 -0.894250

 -0.726009 0.000551 -0.908134

 -0.728523 0.031204 -0.914639

 -0.665899 0.060782 -0.654376

 -0.650382 -0.066252 -0.801305

 -0.672196 -0.086283 -0.797315

 -0.666490 -0.073383 -0.811385

 -0.657793 -0.077817 -0.789620

 -0.650081 -0.067076 -0.785322

 -0.667845 -0.083110 -0.781820

 -0.674238 -0.081980 -0.803980

 -0.655720 -0.065353 -0.807195

 -0.670019 -0.070942 -0.818558

 -0.665052 -0.076127 -0.818290

 -0.662130 -0.068501 -0.819243

 -0.672941 -0.078568 -0.817605

 -0.674446 -0.078680 -0.813789

 -0.661250 -0.066447 -0.815909

 -0.688355 0.040961 -0.958712

 -0.682021 -0.053319 -0.945683

 -0.675195 0.057019 -0.967244

 -0.674240 -0.037861 -0.953956

 -0.678297 -0.007674 -0.964769

 -0.689021 0.100998 -0.917295

 -0.665687 0.007519 -0.974570

 -0.679499 0.113856 -0.922745

 -0.691712 0.126099 -0.924142

 -0.691085 0.072942 -0.966347

 -0.680821 0.023302 -0.971351

 -0.689297 -0.026039 -0.951710

 -0.694076 -0.040828 -0.944142

 -0.690098 0.008211 -0.962338

 -0.700921 0.057048 -0.958289

 -0.698884 0.113475 -0.918424

 -0.691456 -0.003683 -0.952570

 -0.693599 0.022618 -0.958147

 -0.671824 0.020696 -0.973134

 -0.669753 -0.004710 -0.967743

 -0.700035 0.104183 -0.909428

 -0.702642 0.125445 -0.915334

 -0.675511 -0.049476 -0.948188

 -0.693145 -0.052003 -0.936429

 -0.703621 0.071662 -0.954742

 -0.681376 0.070354 -0.966603

 -0.679181 0.044602 -0.960465

 -0.699215 -0.027981 -0.941586

 -0.681484 -0.026853 -0.953281

 -0.701352 0.045273 -0.948463

 -0.685346 0.124944 -0.923051

 -0.683175 0.103411 -0.917264

 -0.666897 -0.036624 -0.957412

 -0.672680 -0.039027 -0.960726

 -0.671447 -0.031654 -0.960431

 -0.668130 -0.043997 -0.957707

 -0.668999 -0.045017 -0.954130

 -0.673134 -0.029836 -0.957528

 -0.658049 0.007291 -0.978509

 -0.664186 0.005949 -0.982243

 -0.661687 0.013510 -0.981850

 -0.660548 -0.000270 -0.978903

 -0.661723 -0.001288 -0.974957

 -0.667871 -0.001611 -0.977875

 -0.663139 0.015890 -0.978624

 -0.669156 0.013960 -0.981210

 -0.668312 0.056700 -0.971014

 -0.674514 0.055109 -0.975513

 -0.670763 0.048373 -0.971450

 -0.672063 0.063437 -0.975076

 -0.673193 0.065952 -0.971745

 -0.671611 0.047464 -0.967316

 -0.674696 0.113742 -0.924180

 -0.678882 0.112010 -0.929475

 -0.677324 0.118862 -0.928443

 -0.676254 0.106891 -0.925212

 -0.676834 0.106207 -0.921945

 -0.678148 0.121079 -0.925890

 -0.643213 0.010508 -0.969165

 -0.652489 0.007877 -0.977985

 -0.647147 0.000593 -0.971751

 -0.648554 0.017792 -0.975399

 -0.651596 -0.030252 -0.948266

 -0.661329 -0.035031 -0.956393

 -0.658263 -0.025096 -0.954242

 -0.654662 -0.040187 -0.950418

 -0.653127 0.061932 -0.954146

 -0.662512 0.058489 -0.965339

 -0.657062 0.051434 -0.957627

 -0.658577 0.068987 -0.961858

 -0.662934 0.119689 -0.907916

 -0.671313 0.115221 -0.920663

 -0.667854 0.125047 -0.916388

 -0.666393 0.109863 -0.912191

 -0.669373 -0.056827 -0.819659

 -0.683691 -0.068452 -0.817623

 -0.681215 -0.056770 -0.818264

 -0.671849 -0.068509 -0.819019

 -0.705800 -0.014291 -0.582360

 -0.701962 0.193014 -0.683197

 -0.809161 0.091644 -0.586988

 -0.707897 0.199647 -0.589795

 -0.604536 0.093712 -0.585167

 -0.697980 0.086119 -0.741865

 -0.601101 0.089668 -0.678661

 -0.699897 -0.015717 -0.675951

 -0.800758 0.087629 -0.680486

 -0.670063 0.067391 -0.925342

 -0.666885 -0.027678 -0.919534

 -0.661838 0.016633 -0.933106

 -0.677813 0.124321 -0.886250

 -0.659270 -0.045912 -0.789452

 -0.720763 0.133142 -0.839728

 -0.719938 0.027252 -0.860628

 -0.716272 0.024665 -0.874227

 -0.711653 -0.026323 -0.861479

 -0.716251 0.131180 -0.848326

 -0.683184 -0.054840 -0.941285

 -0.704545 0.114839 -0.911256

 -0.667009 0.007697 -0.973245

 -0.696585 0.009654 -0.952963

 -0.688438 -0.069799 -0.784172

 -0.758098 0.126181 -0.851557

 -0.757890 0.023215 -0.864979

 -0.748651 0.017944 -0.893383

 -0.745509 -0.039377 -0.880728

 -0.749172 0.121853 -0.870104

 -0.679879 0.044095 -0.933880

 -0.683198 0.082523 -0.943025

 -0.671243 -0.006274 -0.940707

 -0.682009 -0.014512 -0.933704

 -0.730705 -0.000112 -0.879260

 -0.730701 0.108573 -0.854140

 -0.740720 0.047257 -0.867475

 -0.741469 0.148234 -0.850898

 -0.734218 0.042721 -0.888350

 -0.734723 0.144459 -0.864290

 -0.737109 0.003210 -0.858132

 -0.737393 0.111088 -0.840387

 -0.674014 -0.051409 -0.925953

 -0.688659 0.136411 -0.903034

 -0.674436 0.032770 -0.948985

 -0.723242 -0.053702 -0.866550

 -0.733920 -0.011997 -0.875657

 -0.657671 -0.075635 -0.779730

 -0.718861 0.039676 -0.905649

 -0.685079 0.103560 -0.893952

 -0.684810 -0.043780 -0.784695

 -0.694480 -0.018248 -0.696437

 -0.649031 -0.013514 -0.678633

 -0.696810 -0.042644 -0.660437

 -0.651736 -0.038594 -0.643981

 -0.703249 0.022965 -0.887270

 -0.731058 0.014758 -0.915195

 -0.715446 -0.001953 -0.896815

 -0.665948 -0.073549 -0.809525

 -0.649779 -0.063178 -0.796815

 -0.674366 -0.085306 -0.792256

 -0.674075 -0.082755 -0.812976

 -0.668236 -0.073057 -0.819831

 -0.657054 -0.066939 -0.815700

 -0.668821 -0.071627 -0.815260

 -0.664493 -0.004394 -0.975842

 -0.692840 0.075688 -0.961629

 -0.676412 0.057261 -0.965795

 -0.699512 -0.040415 -0.937139

 -0.691343 -0.023226 -0.948229

 -0.675447 -0.037892 -0.952935

 -0.706634 0.058558 -0.949770

 -0.681306 0.114016 -0.921671

 -0.689814 0.040339 -0.953212

 -0.694341 0.129034 -0.920109

 -0.691101 0.100047 -0.912187

 -0.683022 0.026298 -0.966470

 -0.680165 -0.008764 -0.959033

 -0.679086 0.103357 -0.923583

 -0.676625 0.067966 -0.974349

 -0.671101 -0.048365 -0.954814

 -0.668392 -0.037601 -0.959778

 -0.676458 -0.028552 -0.959207

 -0.669807 -0.036993 -0.955474

 -0.659635 0.006586 -0.981106

 -0.661045 0.007513 -0.976363

 -0.666327 0.017856 -0.980600

 -0.669599 0.005958 -0.980103

 -0.669978 0.055883 -0.973870

 -0.670947 0.056982 -0.968894

 -0.674566 0.043988 -0.968588

 -0.675703 0.112891 -0.927044

 -0.680785 0.122335 -0.928718

 -0.676416 0.113946 -0.923100

 -0.646715 0.008965 -0.975085

 -0.655415 -0.032689 -0.953609

 -0.656851 0.060047 -0.960737

 -0.666156 0.117306 -0.915139

 -0.676572 -0.062922 -0.820073

 -0.779703 0.096917 -0.504706

 -0.619168 0.098238 -0.504018

 -0.698747 0.013568 -0.501384

 -0.700124 0.181588 -0.507341

 -0.641560 0.159156 -0.506278

 -0.640558 0.036960 -0.501946

 -0.758312 0.158195 -0.506779

 -0.757311 0.035999 -0.502447

 -0.797408 0.095429 -0.527297

 -0.607018 0.097116 -0.526179

 -0.701344 -0.003326 -0.523230

 -0.703083 0.195871 -0.530246

 -0.633613 0.169321 -0.528883

 -0.632348 0.024450 -0.523780

 -0.772079 0.168095 -0.529696

 -0.770814 0.023224 -0.524593

 0.778044 0.170403 -0.552301

 0.776649 0.018169 -0.546967

 0.632499 0.171765 -0.551261

 0.631104 0.019531 -0.545926

 0.779900 0.168949 -0.628842

 0.778340 0.011283 -0.623369

 0.629088 0.170489 -0.627463

 0.627528 0.012823 -0.621990

 0.756157 0.146003 -0.719970

 0.754981 0.027056 -0.715841

 0.642381 0.147165 -0.718930

 0.641204 0.028218 -0.714801

 0.710010 0.027672 -0.753726

 0.728043 0.170513 -0.773311

 0.712793 0.077390 -0.763033

 0.717080 0.129101 -0.771894

 0.657349 -0.040095 -0.931940

 0.662385 0.075977 -0.943932

 0.660371 0.052700 -0.938357

 0.661868 -0.018322 -0.936916

 0.669780 0.111630 -0.895317

 0.653662 0.025088 -0.954717

 0.698968 -0.008181 -0.735427

 0.671772 0.131669 -0.900865

 0.651733 0.001500 -0.949714

 0.694344 0.090436 -0.721559

 0.723897 0.180412 -0.726680

 0.702089 0.141048 -0.724388

 0.688961 0.042536 -0.719501

 0.674486 0.000452 -0.701234

 0.642094 -0.018737 -0.646176

 0.660451 -0.036712 -0.736111

 0.641517 -0.060017 -0.726572

 0.672177 -0.044093 -0.804032

 0.656785 -0.060596 -0.808263

 0.730541 0.090009 -0.876712

 0.727869 0.059173 -0.869445

 0.723145 -0.012051 -0.860793

 0.715167 -0.042835 -0.854008

 0.677859 -0.043223 -0.906964

 0.683157 -0.015174 -0.912236

 0.676278 0.003811 -0.917158

 0.678615 0.032317 -0.923205

 0.684093 0.054083 -0.913100

 0.686533 0.082242 -0.919771

 0.688520 0.112742 -0.877499

 0.691125 0.136494 -0.884107

 0.722002 0.007627 -0.784442

 0.712679 -0.027181 -0.776037

 0.723479 0.059522 -0.795742

 0.720580 0.023691 -0.788134

 0.728347 0.109211 -0.806333

 0.725348 0.074455 -0.797929

 0.730421 0.157910 -0.808291

 0.727515 0.126735 -0.799599

 0.718431 0.057750 -0.880990

 0.721026 0.087686 -0.888043

 0.649155 -0.059325 -0.773834

 0.669532 -0.035763 -0.768498

 0.759790 0.018151 -0.739112

 0.764397 0.169762 -0.767745

 0.765242 0.074044 -0.752690

 0.768716 0.126712 -0.763210

 0.670228 -0.049628 -0.946053

 0.676349 0.073045 -0.963853

 0.673878 0.044173 -0.956955

 0.676830 -0.023331 -0.952036

 0.680116 0.102787 -0.913374

 0.666894 0.023349 -0.971616

 0.737854 -0.025417 -0.722968

 0.682640 0.127881 -0.920192

 0.664521 -0.005800 -0.965440

 0.767734 0.088849 -0.699203

 0.758823 0.179781 -0.719608

 0.770331 0.139525 -0.709987

 0.757122 0.033287 -0.686872

 0.721032 -0.022974 -0.677467

 0.674591 -0.038283 -0.631977

 0.683735 -0.055682 -0.733175

 0.663412 -0.078870 -0.722368

 0.691426 -0.059140 -0.800922

 0.678652 -0.079475 -0.804642

 0.757839 0.085005 -0.888281

 0.755151 0.054004 -0.880975

 0.750318 -0.021033 -0.869883

 0.742248 -0.052017 -0.863030

 0.695765 -0.054385 -0.924951

 0.703321 -0.022213 -0.931628

 0.695410 -0.005050 -0.938499

 0.698178 0.028762 -0.945669

 0.704064 0.044309 -0.935381

 0.706955 0.077760 -0.943310

 0.703921 0.103243 -0.897784

 0.707373 0.131236 -0.905575

 0.753481 0.000769 -0.779121

 0.743797 -0.034997 -0.770534

 0.755681 0.058027 -0.792261

 0.752678 0.021208 -0.784433

 0.760769 0.107611 -0.803037

 0.757647 0.072015 -0.794428

 0.762333 0.155758 -0.807319

 0.759363 0.123739 -0.798368

 0.740074 0.050898 -0.900688

 0.742723 0.081465 -0.907890

 0.672300 -0.079498 -0.769238

 0.690822 -0.052459 -0.764677

 0.719889 0.013825 -0.762276

 0.709711 -0.021089 -0.751333

 0.753890 0.005904 -0.753738

 0.742556 -0.030244 -0.742748

 0.725867 0.116505 -0.784157

 0.722828 0.080271 -0.776008

 0.761425 0.114856 -0.778871

 0.758419 0.078132 -0.770566

 0.729749 0.163912 -0.792122

 0.726529 0.131228 -0.784382

 0.764328 0.162776 -0.788139

 0.762042 0.129242 -0.779998

 0.721446 0.064965 -0.772728

 0.718896 0.028724 -0.764888

 0.757072 0.062833 -0.767561

 0.754203 0.025416 -0.759264

 0.667669 -0.016167 -0.708314

 0.640069 -0.039578 -0.682340

 0.697642 -0.037158 -0.699592

 0.667821 -0.060709 -0.673981

 0.664552 -0.034223 -0.743784

 0.645522 -0.058354 -0.745493

 0.686649 -0.052101 -0.740970

 0.667160 -0.077103 -0.741646

 0.674878 0.085370 -0.665781

 0.656227 0.040895 -0.644662

 0.708829 0.182933 -0.656257

 0.684807 0.145034 -0.656409

 0.641723 0.010044 -0.609080

 0.758283 0.101652 -0.631950

 0.720621 0.010017 -0.604254

 0.741240 0.182570 -0.639787

 0.759136 0.148025 -0.640923

 0.670746 -0.003759 -0.581138

 0.749088 0.057254 -0.621788

 0.655593 -0.066277 -0.810258

 0.650783 -0.070497 -0.793600

 0.673417 -0.082654 -0.807186

 0.665805 -0.084326 -0.790733

 0.664116 -0.067376 -0.818651

 0.673428 -0.076036 -0.817221

 0.660405 -0.071728 -0.818244

 0.669187 -0.079909 -0.816898

 0.673925 -0.049045 -0.950669

 0.679583 0.069514 -0.969681

 0.677427 0.044186 -0.963637

 0.679681 -0.027875 -0.955432

 0.680843 0.103469 -0.920099

 0.669800 0.019526 -0.976056

 0.682759 0.123784 -0.925511

 0.667825 -0.004599 -0.970920

 0.688882 -0.050301 -0.943214

 0.694015 -0.030752 -0.947459

 0.686009 -0.002943 -0.961494

 0.687805 0.019157 -0.966186

 0.696579 0.045711 -0.956690

 0.698519 0.068339 -0.962097

 0.695194 0.104801 -0.916603

 0.697236 0.122193 -0.921444

 0.666277 -0.042277 -0.956296

 0.669142 -0.031693 -0.958648

 0.671002 -0.043961 -0.958875

 0.673722 -0.033800 -0.961107

 0.659415 0.013110 -0.979864

 0.658432 0.001217 -0.977322

 0.664356 0.011757 -0.982675

 0.663423 0.000461 -0.980256

 0.669698 0.063027 -0.972763

 0.668584 0.050071 -0.969651

 0.674750 0.061438 -0.976227

 0.673686 0.049124 -0.973258

 0.674661 0.108353 -0.923263

 0.675579 0.118767 -0.926036

 0.678222 0.107352 -0.927477

 0.679095 0.117004 -0.930122

 0.644668 0.017480 -0.970626

 0.643511 0.003340 -0.967626

 0.652464 0.015593 -0.978154

 0.651255 0.000791 -0.975016

 0.651043 -0.036849 -0.946680

 0.653879 -0.024376 -0.949871

 0.659016 -0.041127 -0.953558

 0.662239 -0.028124 -0.956773

 0.654532 0.068935 -0.956276

 0.653288 0.054549 -0.952807

 0.662464 0.066346 -0.965805

 0.661171 0.051322 -0.962188

 0.663090 0.113190 -0.906864

 0.664282 0.125576 -0.910298

 0.670020 0.109121 -0.917390

 0.671277 0.122215 -0.920990

 0.674005 -0.052825 -0.818480

 0.666186 -0.062437 -0.819163

 0.686024 -0.062347 -0.816763

 0.678168 -0.072410 -0.817433

 0.804636 0.094031 -0.549829

 0.604512 0.095904 -0.548399

 0.703615 -0.009694 -0.545447

 0.705533 0.199628 -0.552781

 0.693999 0.099753 -0.478639

 0.807397 0.089827 -0.626364

 0.600031 0.091945 -0.624468

 0.702641 -0.017509 -0.621653

 0.704786 0.199281 -0.629179

 0.631259 0.015634 -0.582712

 0.780077 0.014130 -0.584036

 0.781603 0.169721 -0.589444

 0.632785 0.171225 -0.588119

 0.767674 0.086082 -0.725920

 0.628966 0.087499 -0.724652

 0.697603 0.014284 -0.722769

 0.699037 0.159297 -0.727803

 0.773845 0.163783 -0.682091

 0.628751 0.165265 -0.680765

 0.627250 0.013577 -0.675499

 0.772344 0.012095 -0.676826

 0.697083 0.115411 -0.722514

 0.680605 0.024167 -0.709925

 0.671652 0.053260 -0.925737

 0.667035 -0.041785 -0.919684

 0.658750 0.065294 -0.938056

 0.657002 -0.027947 -0.932082

 0.663349 0.002475 -0.933419

 0.699695 0.096536 -0.594676

 0.700566 0.009156 -0.746257

 0.678723 0.112048 -0.886436

 0.650194 0.014043 -0.949648

 0.709529 0.104558 -0.765379

 0.717280 0.153659 -0.772290

 0.710527 0.164160 -0.726353

 0.692447 0.067896 -0.721204

 0.650282 -0.006636 -0.670953

 0.646749 -0.044818 -0.732011

 0.669910 -0.009600 -0.696774

 0.706188 0.053728 -0.756648

 0.668672 0.122720 -0.895040

 0.661590 -0.049222 -0.805867

 0.651177 -0.056547 -0.792453

 0.681060 0.134262 -0.892601

 0.673910 0.079330 -0.931945

 0.724088 0.075544 -0.870913

 0.665519 0.028975 -0.939040

 0.671986 -0.016425 -0.924878

 0.714070 -0.025740 -0.855702

 0.712022 -0.043206 -0.860829

 0.719682 -0.013001 -0.867379

 0.677105 -0.027649 -0.906551

 0.719000 0.008258 -0.873552

 0.721541 0.039238 -0.880127

 0.674007 0.019104 -0.916599

 0.681794 0.069355 -0.912665

 0.718940 0.116987 -0.847657

 0.721706 0.142828 -0.854935

 0.686929 0.125858 -0.877398

 0.711472 -0.008401 -0.781254

 0.726000 0.042595 -0.864594

 0.723393 0.010807 -0.857850

 0.716002 0.041979 -0.792611

 0.720779 0.092212 -0.802768

 0.726847 0.145557 -0.845109

 0.724027 0.118828 -0.837573

 0.722991 0.142805 -0.804152

 0.715665 0.073944 -0.880809

 0.671120 -0.039538 -0.787042

 0.656260 -0.043732 -0.771181

 0.640506 -0.025392 -0.656605

 0.769897 0.114661 -0.704815

 0.744130 0.004015 -0.681133

 0.687379 0.040533 -0.944941

 0.680805 -0.055248 -0.934641

 0.673291 0.057615 -0.965231

 0.672296 -0.037204 -0.953252

 0.678247 -0.009185 -0.950878

 0.753246 -0.008727 -0.726545

 0.690329 0.100004 -0.904325

 0.663766 0.007843 -0.973650

 0.771543 0.101434 -0.754060

 0.772001 0.151860 -0.763582

 0.767677 0.162769 -0.714867

 0.764162 0.061795 -0.693105

 0.698948 -0.035178 -0.647292

 0.677809 -0.070822 -0.727102

 0.706950 -0.031431 -0.681461

 0.767223 0.047062 -0.741981

 0.679859 0.114298 -0.920955

 0.688554 -0.071245 -0.801467

 0.679287 -0.080923 -0.787264

 0.694043 0.133055 -0.913413

 0.690728 0.079483 -0.954208

 0.761612 0.068550 -0.886794

 0.681458 0.030161 -0.959219

 0.689616 -0.018804 -0.942517

 0.751370 -0.038228 -0.868155

 0.736539 -0.052825 -0.874755

 0.744411 -0.022369 -0.881451

 0.705194 -0.039788 -0.928492

 0.742534 0.003199 -0.887447

 0.745103 0.034521 -0.894095

 0.703094 0.011299 -0.942322

 0.711806 0.060287 -0.940267

 0.742723 0.109946 -0.863392

 0.745808 0.136302 -0.870878

 0.710685 0.116398 -0.902994

 0.754508 -0.018490 -0.773813

 0.753621 0.039906 -0.867810

 0.750975 0.007626 -0.860963

 0.760207 0.039245 -0.787673

 0.765276 0.089434 -0.798095

 0.754144 0.140781 -0.853821

 0.751036 0.113479 -0.846068

 0.766825 0.139266 -0.802637

 0.745462 0.064956 -0.907996

 0.691729 -0.055621 -0.783376

 0.685819 -0.068037 -0.765634

 0.673583 -0.046082 -0.645138

 0.675773 -0.041838 -0.736550

 0.683543 -0.039784 -0.765960

 0.666887 0.044771 -0.945635

 0.693109 0.044606 -0.921961

 0.696623 0.085203 -0.931578

 0.669808 0.078669 -0.953747

 0.657923 -0.005933 -0.955716

 0.685060 -0.005333 -0.925649

 0.693879 -0.013456 -0.921906

 0.670117 -0.016920 -0.944503

 0.660726 0.028411 -0.962996

 0.742168 0.185924 -0.724039

 0.652553 -0.031235 -0.632009

 0.736848 0.020798 -0.751422

 0.739523 0.010815 -0.783374

 0.728761 0.048652 -0.889502

 0.740924 0.066640 -0.794584

 0.739596 0.074062 -0.763010

 0.740133 0.065586 -0.795449

 0.726456 -0.037705 -0.771693

 0.717052 -0.024871 -0.727319

 0.685508 -0.053384 -0.914043

 0.746928 0.162759 -0.809459

 0.677789 0.133429 -0.910536

 0.674835 0.104029 -0.902455

 0.662984 -0.048340 -0.937337

 0.732366 0.090248 -0.899303

 0.736076 0.015638 -0.784837

 0.746802 0.176291 -0.771588

 0.700692 -0.017284 -0.700034

 0.742889 0.119312 -0.797329

 0.699578 0.138359 -0.894917

 0.688429 0.035779 -0.934370

 0.727203 -0.053216 -0.857241

 0.741007 0.050791 -0.873844

 0.738236 -0.010751 -0.866616

 0.744693 0.093304 -0.883863

 0.684294 -0.048447 -0.802120

 0.666710 -0.072438 -0.810891

 0.745132 0.115006 -0.806280

 0.743411 0.126503 -0.772935

 0.695613 0.104106 -0.885391

 0.657089 -0.072977 -0.768192

 0.648784 -0.073802 -0.722563

 0.708533 -0.002031 -0.758410

 0.754490 -0.013771 -0.746637

 0.738907 0.016527 -0.760063

 0.724117 -0.032328 -0.744984

 0.717677 0.098743 -0.781088

 0.766592 0.096139 -0.773713

 0.740057 0.072361 -0.771744

 0.744213 0.122520 -0.783057

 0.721568 0.147863 -0.789037

 0.769756 0.145716 -0.783284

 0.743769 0.124027 -0.780701

 0.747555 0.169552 -0.791619

 0.713521 0.047354 -0.769819

 0.762288 0.043615 -0.762401

 0.736042 0.020165 -0.760563

 0.739767 0.070804 -0.771657

 0.648458 -0.023924 -0.696929

 0.688143 -0.052882 -0.685185

 0.648562 -0.054546 -0.673324

 0.688039 -0.022260 -0.708789

 0.650937 -0.042855 -0.745263

 0.681005 -0.068036 -0.740683

 0.679211 -0.038556 -0.742153

 0.652730 -0.072335 -0.743793

 0.645945 0.023830 -0.629297

 0.678454 0.117892 -0.658398

 0.694929 0.167566 -0.656222

 0.755420 0.079367 -0.628947

 0.737668 0.032377 -0.613792

 0.698105 -0.003288 -0.592062

 0.759690 0.125124 -0.635709

 0.754827 0.167979 -0.644814

 0.725342 0.188549 -0.653469

 0.650698 -0.001811 -0.594185

 0.705398 0.006896 -0.887906

 0.707850 0.036794 -0.894250

 0.725591 0.000550 -0.908135

 0.728106 0.031203 -0.914640

 0.665482 0.060782 -0.654376

 0.649965 -0.066252 -0.801306

 0.671779 -0.086283 -0.797315

 0.666073 -0.073383 -0.811385

 0.657376 -0.077817 -0.789621

 0.649663 -0.067076 -0.785323

 0.667427 -0.083110 -0.781821

 0.673821 -0.081980 -0.803980

 0.655303 -0.065353 -0.807195

 0.669602 -0.070942 -0.818558

 0.664634 -0.076127 -0.818290

 0.661712 -0.068501 -0.819243

 0.672524 -0.078568 -0.817605

 0.674028 -0.078680 -0.813790

 0.660833 -0.066447 -0.815910

 0.687937 0.040961 -0.958712

 0.681604 -0.053319 -0.945683

 0.674777 0.057018 -0.967244

 0.673823 -0.037861 -0.953956

 0.677880 -0.007675 -0.964769

 0.688603 0.100997 -0.917295

 0.665270 0.007519 -0.974570

 0.679081 0.113856 -0.922745

 0.691294 0.126099 -0.924142

 0.690668 0.072941 -0.966347

 0.680404 0.023302 -0.971351

 0.688879 -0.026040 -0.951710

 0.693659 -0.040828 -0.944143

 0.689680 0.008211 -0.962338

 0.700503 0.057047 -0.958289

 0.698467 0.113475 -0.918425

 0.691038 -0.003684 -0.952570

 0.693182 0.022618 -0.958147

 0.671407 0.020696 -0.973135

 0.669336 -0.004711 -0.967743

 0.699618 0.104182 -0.909429

 0.702225 0.125445 -0.915334

 0.675094 -0.049476 -0.948188

 0.692727 -0.052003 -0.936430

 0.703204 0.071661 -0.954742

 0.680958 0.070353 -0.966603

 0.678764 0.044602 -0.960466

 0.698797 -0.027981 -0.941586

 0.681067 -0.026854 -0.953281

 0.700934 0.045273 -0.948463

 0.684928 0.124943 -0.923052

 0.682757 0.103411 -0.917264

 0.666479 -0.036624 -0.957412

 0.672262 -0.039027 -0.960727

 0.671029 -0.031654 -0.960431

 0.667712 -0.043998 -0.957707

 0.668582 -0.045018 -0.954131

 0.672717 -0.029837 -0.957528

 0.657631 0.007291 -0.978510

 0.663769 0.005949 -0.982244

 0.661270 0.013510 -0.981851

 0.660131 -0.000270 -0.978903

 0.661306 -0.001289 -0.974957

 0.667454 -0.001612 -0.977875

 0.662722 0.015890 -0.978625

 0.668738 0.013960 -0.981210

 0.667895 0.056700 -0.971015

 0.674097 0.055109 -0.975513

 0.670346 0.048372 -0.971451

 0.671646 0.063437 -0.975077

 0.672775 0.065951 -0.971745

 0.671193 0.047464 -0.967316

 0.674278 0.113742 -0.924181

 0.678465 0.112010 -0.929475

 0.676907 0.118861 -0.928444

 0.675837 0.106891 -0.925212

 0.676417 0.106207 -0.921945

 0.677730 0.121078 -0.925891

 0.642795 0.010508 -0.969165

 0.652071 0.007877 -0.977985

 0.646730 0.000593 -0.971751

 0.648137 0.017792 -0.975399

 0.651178 -0.030252 -0.948267

 0.660912 -0.035031 -0.956393

 0.657845 -0.025096 -0.954242

 0.654244 -0.040187 -0.950418

 0.652709 0.061932 -0.954146

 0.662095 0.058488 -0.965340

 0.656645 0.051434 -0.957627

 0.658159 0.068986 -0.961859

 0.662517 0.119689 -0.907917

 0.670896 0.115220 -0.920664

 0.667437 0.125047 -0.916388

 0.665976 0.109862 -0.912192

 0.668956 -0.056827 -0.819660

 0.683273 -0.068452 -0.817624

 0.680797 -0.056770 -0.818264

 0.671432 -0.068509 -0.819019

 0.705382 -0.014291 -0.582360

 0.701545 0.193014 -0.683197

 0.808743 0.091644 -0.586988

 0.707480 0.199647 -0.589796

 0.604119 0.093712 -0.585168

 0.697563 0.086119 -0.741865

 0.600683 0.089668 -0.678662

 0.699479 -0.015717 -0.675951

 0.800341 0.087629 -0.680487

 0.669646 0.067391 -0.925342

 0.666467 -0.027678 -0.919535

 0.661421 0.016633 -0.933106

 0.677396 0.124321 -0.886251

 0.658852 -0.045912 -0.789453

 0.720346 0.133142 -0.839728

 0.719521 0.027251 -0.860628

 0.715855 0.024665 -0.874227

 0.711235 -0.026323 -0.861479

 0.715834 0.131180 -0.848326

 0.682767 -0.054840 -0.941285

 0.704127 0.114839 -0.911256

 0.666591 0.007697 -0.973246

 0.696168 0.009654 -0.952963

 0.688021 -0.069799 -0.784172

 0.757681 0.126181 -0.851558

 0.757473 0.023215 -0.864979

 0.748234 0.017944 -0.893383

 0.745092 -0.039377 -0.880728

 0.748755 0.121852 -0.870105

 0.679462 0.044095 -0.933880

 0.682780 0.082523 -0.943026

 0.670826 -0.006274 -0.940707

 0.681591 -0.014512 -0.933704

 0.730288 -0.000112 -0.879260

 0.730283 0.108573 -0.854141

 0.740303 0.047257 -0.867476

 0.741051 0.148234 -0.850898

 0.733801 0.042721 -0.888350

 0.734306 0.144459 -0.864290

 0.736691 0.003210 -0.858132

 0.736975 0.111088 -0.840387

 0.673596 -0.051409 -0.925953

 0.688242 0.136411 -0.903034

 0.674018 0.032770 -0.948986

 0.722824 -0.053703 -0.866550

 0.733503 -0.011998 -0.875657

 0.657253 -0.075636 -0.779730

 0.718444 0.039676 -0.905649

 0.684662 0.103560 -0.893953

 0.684393 -0.043780 -0.784695

 0.694062 -0.018248 -0.696438

 0.648613 -0.013514 -0.678634

 0.696392 -0.042644 -0.660437

 0.651318 -0.038594 -0.643981

 0.702832 0.022965 -0.887270

 0.730641 0.014758 -0.915195

 0.715029 -0.001953 -0.896816

 0.665530 -0.073549 -0.809525

 0.649362 -0.063178 -0.796815

 0.673948 -0.085306 -0.792257

 0.673657 -0.082755 -0.812977

 0.667819 -0.073057 -0.819832

 0.656636 -0.066939 -0.815700

 0.668403 -0.071627 -0.815261

 0.664075 -0.004394 -0.975842

 0.692423 0.075687 -0.961629

 0.675995 0.057261 -0.965795

 0.699094 -0.040416 -0.937139

 0.690925 -0.023226 -0.948229

 0.675030 -0.037892 -0.952935

 0.706216 0.058558 -0.949770

 0.680889 0.114016 -0.921672

 0.689397 0.040339 -0.953212

 0.693924 0.129033 -0.920109

 0.690683 0.100047 -0.912188

 0.682604 0.026298 -0.966470

 0.679748 -0.008764 -0.959033

 0.678668 0.103356 -0.923583

 0.676208 0.067966 -0.974350

 0.670684 -0.048365 -0.954814

 0.667975 -0.037601 -0.959778

 0.676041 -0.028552 -0.959208

 0.669390 -0.036994 -0.955474

 0.659218 0.006585 -0.981107

 0.660627 0.007512 -0.976363

 0.665910 0.017856 -0.980600

 0.669182 0.005958 -0.980103

 0.669560 0.055883 -0.973870

 0.670530 0.056981 -0.968894

 0.674149 0.043988 -0.968588

 0.675286 0.112891 -0.927045

 0.680367 0.122334 -0.928718

 0.675998 0.113946 -0.923100

 0.646298 0.008965 -0.975085

 0.654997 -0.032690 -0.953609

 0.656433 0.060046 -0.960738

 0.665739 0.117306 -0.915139

 0.676154 -0.062922 -0.820073

 0.779285 0.096917 -0.504707

 0.618750 0.098238 -0.504019

 0.698329 0.013568 -0.501385

 0.699706 0.181588 -0.507341

 0.641142 0.159156 -0.506279

 0.640141 0.036960 -0.501947

 0.757895 0.158195 -0.506779

 0.756893 0.035999 -0.502447

 0.796991 0.095429 -0.527297

 0.606601 0.097116 -0.526179

 0.700926 -0.003326 -0.523230

 0.702666 0.195871 -0.530247

 0.633196 0.169321 -0.528883

 0.631931 0.024450 -0.523780

 0.771661 0.168095 -0.529696

 0.770396 0.023224 -0.524594

 0.002334 0.377342 2.258271

 -0.004508 0.589438 2.039259

 0.002051 0.647283 1.893468

 0.002051 0.670263 1.742931

 0.077719 0.217195 2.318516

 0.160572 0.338593 2.251106

 0.207883 0.431274 2.167549

 0.229842 0.521938 2.042341

 0.275828 0.572167 1.894606

 0.293747 0.592050 1.742864

 0.133223 0.162342 2.318104

 0.248106 0.224560 2.261039

 0.361549 0.290854 2.156905

 0.430578 0.337857 2.039627

 0.487603 0.366949 1.893440

 0.507258 0.378392 1.742736

 0.153573 0.086621 2.318046

 0.283920 0.086621 2.261391

 0.414629 0.086621 2.157933

 0.504543 0.086621 2.038415

 0.562716 0.086621 1.893432

 0.585383 0.086497 1.742541

 0.133223 0.010900 2.318104

 0.248106 -0.051318 2.261039

 0.361549 -0.117613 2.156905

 0.430611 -0.164599 2.039623

 0.487229 -0.193884 1.893504

 0.507016 -0.205595 1.741669

 0.077719 -0.043954 2.318516

 0.160572 -0.165352 2.251106

 0.207910 -0.258018 2.167547

 0.221668 -0.371996 2.010679

 0.309984 -0.390798 1.891308

 0.324613 -0.407787 1.727285

 0.002051 -0.064149 2.318615

 0.002334 -0.204101 2.258271

 0.002116 -0.324002 2.162766

 0.003418 -0.432945 2.005792

 -0.013054 -0.487859 1.882322

 0.021299 -0.504716 1.753017

 -0.073334 -0.043950 2.318615

 -0.143307 -0.165148 2.258370

 -0.203324 -0.269098 2.162695

 -0.249371 -0.348810 2.038148

 -0.290871 -0.402317 1.883457

 -0.339074 -0.393899 1.739746

 -0.128519 0.011236 2.318615

 -0.249718 -0.058738 2.258370

 -0.353668 -0.118753 2.162694

 -0.433401 -0.164787 2.038111

 -0.483508 -0.193717 1.893403

 -0.503872 -0.204889 1.741619

 -0.148719 0.086621 2.318615

 -0.288667 0.086621 2.258370

 -0.408698 0.086621 2.162694

 -0.500766 0.086621 2.038112

 -0.558614 0.086621 1.893432

 -0.581281 0.086497 1.742541

 -0.128519 0.162005 2.318615

 -0.249718 0.231979 2.258370

 -0.353668 0.291995 2.162694

 -0.433401 0.338029 2.038112

 -0.483501 0.366949 1.893440

 -0.503156 0.378392 1.742736

 -0.073334 0.217191 2.318615

 -0.143307 0.338389 2.258370

 -0.203323 0.442340 2.162694

 -0.249357 0.522073 2.038112

 -0.278285 0.572167 1.893459

 -0.289645 0.592050 1.742864

 0.002051 0.086621 2.333764

 0.002051 0.237390 2.318615

 0.002108 0.497235 2.162781

 0.436053 -0.026953 0.872044

 0.480989 0.028821 0.895385

 0.510907 0.065113 0.967486

 0.348418 -0.257350 0.941331

 0.357633 -0.233791 0.990858

 0.386632 -0.207767 0.974311

 0.006530 0.632772 1.046450

 0.002184 0.635675 1.163012

 0.260244 0.562283 1.161916

 0.247525 0.559494 1.049371

 -0.411336 0.361464 1.048374

 -0.444397 0.362013 1.159430

 -0.255595 0.562377 1.161195

 -0.235213 0.555924 1.047171

 0.428228 -0.183213 1.060345

 0.462224 -0.143093 1.152946

 0.384536 -0.244008 1.165668

 0.371415 -0.232711 1.070885

 0.428107 0.365025 1.053232

 0.448384 0.362817 1.161102

 0.519760 0.092297 1.160962

 0.507867 0.106973 1.053209

 -0.486216 0.098704 1.039664

 -0.513011 0.092814 1.159683

 -0.368423 -0.251098 1.166056

 -0.358947 -0.281561 1.061844

 -0.456361 -0.146201 1.162801

 -0.431648 -0.167017 1.055010

 0.002051 0.668663 1.427194

 -0.494747 0.377503 1.426048

 0.509736 -0.148893 1.424560

 0.498849 0.377503 1.426048

 -0.571410 0.094557 1.425249

 0.289032 0.590609 1.426834

 -0.284930 0.590609 1.426834

 0.401332 -0.279804 1.425175

 0.575512 0.094557 1.425249

 -0.392870 -0.287470 1.425076

 -0.505606 -0.148926 1.424514

 0.217631 -0.431783 1.884597

 0.260450 -0.422129 1.877784

 0.129813 -0.474218 1.736552

 0.245958 -0.448979 1.732962

 0.075529 -0.492991 1.759237

 0.136722 -0.453702 1.902021

 0.002051 0.675309 1.599352

 -0.505476 0.380695 1.598784

 0.522739 -0.185670 1.596544

 0.509578 0.380695 1.598784

 -0.583801 0.085931 1.598049

 0.295126 0.596352 1.599180

 -0.291024 0.596352 1.599180

 0.404935 -0.322585 1.595616

 0.587903 0.085931 1.598049

 -0.382053 -0.356907 1.595585

 -0.514356 -0.193267 1.596544

 0.275779 0.576896 1.288091

 -0.271677 0.576896 1.288091

 0.392888 -0.258491 1.289461

 0.548720 0.096148 1.286750

 -0.386037 -0.258724 1.289589

 -0.484270 -0.135272 1.287539

 0.002051 0.652719 1.288726

 -0.471529 0.370124 1.286892

 0.488394 -0.135335 1.287793

 0.475634 0.370165 1.286995

 -0.544539 0.096099 1.286470

 0.481294 -0.055926 1.058188

 0.467953 -0.019490 0.894501

 0.489918 -0.017336 0.967029

 -0.350118 -0.307075 0.978445

 -0.392224 -0.245004 0.976134

 -0.328717 -0.286184 0.906798

 -0.356312 -0.241567 0.898582

 -0.310144 -0.229875 0.871238

 0.306165 -0.431649 1.603623

 0.263443 -0.444541 1.586163

 0.363394 -0.386878 1.508352

 0.342606 -0.394539 1.489828

 0.397125 -0.357034 1.473881

 -0.045567 -0.499645 1.768547

 0.066464 -0.477222 1.881328

 0.020537 -0.502083 1.807084

 0.051399 -0.494270 1.802112

 0.107055 -0.482201 1.803386

 0.079884 -0.489567 1.798438

 -0.083720 -0.474894 1.844049

 -0.124512 -0.459095 1.890845

 -0.081742 -0.491840 1.767936

 -0.090233 -0.482338 1.720317

 -0.246358 -0.445833 1.792989

 -0.167121 -0.462808 1.783924

 -0.301006 -0.451921 1.682060

 -0.269294 -0.461335 1.664642

 -0.335560 -0.454731 1.644066

 -0.488280 0.039383 1.000493

 -0.464603 -0.066841 1.008041

 -0.489454 0.030581 0.937605

 -0.480392 -0.007727 0.938382

 -0.470008 0.016581 0.903927

 -0.439762 0.279230 0.998940

 -0.464090 0.180634 0.987842

 -0.420940 0.255274 0.949432

 -0.431003 0.211836 0.946154

 -0.380385 0.247660 0.927679

 -0.474816 0.096930 0.973022

 -0.472285 0.081331 0.955033

 -0.441157 0.092268 0.922702

 -0.475617 0.146455 0.967016

 0.238584 0.338510 2.202260

 0.306659 0.237490 2.207172

 0.336641 0.086621 2.211313

 0.306659 -0.064248 2.207172

 0.238584 -0.165269 2.202260

 0.460253 0.293556 1.023081

 0.494670 0.182328 1.022851

 0.492574 0.276853 0.990967

 0.507681 0.217482 0.991360

 0.544228 0.250096 0.975855

 0.544189 0.217871 0.976155

 0.581262 0.214399 0.985158

 -0.159918 0.567496 0.965549

 -0.064970 0.596181 0.966983

 -0.273717 0.513899 1.001662

 -0.320974 0.451692 0.992793

 -0.296287 0.493475 0.948960

 -0.314001 0.466761 0.949031

 -0.306190 0.458306 0.911712

 -0.131507 0.582730 0.910200

 -0.089963 0.594740 0.911181

 -0.108675 0.614306 0.898844

 0.083307 0.623204 0.999703

 0.179610 0.589971 0.996645

 0.251382 0.546290 0.970000

 0.217756 0.556726 0.949539

 0.233776 0.556856 0.913770

 0.031882 0.636907 0.979271

 0.058883 0.628200 0.957305

 0.053769 0.602852 0.915224

 0.118247 0.588016 0.943268

 0.168816 0.572562 0.942111

 0.111300 0.537407 0.900349

 0.141049 0.528899 0.900424

 0.099447 0.497758 0.887408

 0.312545 0.501770 1.019830

 0.386696 0.423585 1.016216

 0.348242 0.448669 0.953865

 0.388626 0.403064 0.955189

 0.359276 0.453318 0.879641

 0.379558 0.430264 0.881056

 0.345241 0.468268 0.848264

 0.454114 0.372890 0.987275

 0.435428 0.394101 0.975601

 0.474919 0.366807 0.949506

 0.190990 -0.456621 1.795985

 0.149748 -0.465171 1.818726

 -0.202790 -0.463006 1.712148

 -0.255824 -0.450859 1.727633

 0.123118 -0.447732 1.734203

 0.457387 0.347124 0.941955

 0.433092 0.351413 0.980565

 0.324675 0.450369 0.847524

 0.414834 0.372032 0.968871

 0.335960 0.432887 0.878638

 0.356417 0.409836 0.878514

 0.324976 0.428022 0.954192

 0.365531 0.382345 0.954219

 0.362061 0.401422 1.015352

 0.096323 0.487893 0.912573

 0.290793 0.479903 1.021002

 0.106770 0.522535 0.926216

 0.136432 0.513595 0.926232

 0.161402 0.548512 0.958609

 0.056629 0.578913 0.924635

 0.110956 0.563952 0.958716

 0.227117 0.531261 0.910803

 0.059075 0.599837 0.965692

 0.030191 0.607928 0.984761

 0.208634 0.527561 0.949445

 0.240654 0.517892 0.971190

 0.168432 0.559692 1.002273

 -0.103812 0.601930 0.878913

 0.076255 0.592078 1.004874

 -0.124139 0.560605 0.896534

 -0.082719 0.573345 0.896220

 -0.328846 0.471220 0.906678

 -0.321879 0.509085 0.945536

 -0.339992 0.482413 0.945621

 -0.150577 0.538864 0.967700

 -0.290874 0.523238 0.995499

 -0.336025 0.463809 0.987996

 -0.058126 0.567523 0.968339

 0.584669 0.212525 0.958826

 0.540196 0.247319 0.946931

 0.541589 0.215211 0.946862

 0.473429 0.271281 0.969578

 0.489657 0.212106 0.969641

 0.433291 0.283585 1.014988

 0.466965 0.175932 1.015024

 0.219962 -0.147889 2.169061

 0.282799 -0.052989 2.174616

 -0.449609 0.139404 0.968345

 -0.421145 0.079036 0.933693

 -0.447247 0.070415 0.964804

 -0.448095 0.087928 0.982536

 -0.364109 0.242739 0.947953

 -0.407681 0.205166 0.963189

 -0.398451 0.249011 0.968038

 -0.445219 0.022626 0.912551

 -0.411700 0.270885 1.007067

 -0.432906 0.172486 0.993531

 -0.451142 -0.000705 0.943115

 -0.460113 0.037194 0.943329

 -0.435092 -0.058645 1.006043

 -0.456606 0.041433 1.002271

 -0.331493 -0.428454 1.637364

 -0.250283 -0.420623 1.722965

 -0.197176 -0.432729 1.707827

 -0.264381 -0.431367 1.657997

 -0.296179 -0.421990 1.675126

 -0.238490 -0.416378 1.788423

 0.072458 -0.459703 1.794136

 0.043429 -0.464528 1.797955

 0.059895 -0.444536 1.872532

 -0.073457 -0.462022 1.767882

 -0.076950 -0.445190 1.839440

 0.383468 -0.333715 1.478438

 0.349096 -0.359738 1.513040

 0.328458 -0.367321 1.494536

 0.293952 -0.403271 1.605652

 0.252466 -0.415633 1.588206

 -0.297680 -0.217382 0.891259

 -0.310067 -0.270574 0.923999

 -0.338469 -0.226122 0.916375

 -0.325826 -0.289417 0.983114

 -0.367959 -0.228005 0.981340

 0.068882 -0.466557 1.756355

 0.099656 -0.452418 1.798606

 0.142042 -0.435364 1.814732

 0.183091 -0.426803 1.792278

 0.208350 -0.403656 1.876367

 0.128069 -0.420850 1.891909

 -0.469471 -0.129946 1.431522

 -0.478579 -0.173166 1.599951

 -0.369922 -0.267380 1.430345

 -0.359630 -0.335842 1.598529

 0.535194 0.095136 1.431366

 0.547390 0.086401 1.599832

 0.378295 -0.259787 1.430299

 0.383684 -0.300636 1.598450

 -0.264470 0.555686 1.431010

 -0.270585 0.561180 1.599578

 0.268572 0.555686 1.431010

 0.274687 0.561180 1.599578

 -0.531091 0.095135 1.431363

 -0.504624 0.096798 1.295206

 0.463734 0.357653 1.431189

 0.440796 0.350680 1.295088

 0.473567 -0.129954 1.431509

 0.452048 -0.116618 1.294890

 -0.459633 0.357652 1.431189

 -0.436703 0.350669 1.295105

 0.002051 0.628161 1.430930

 0.002054 0.612466 1.294688

 0.451868 -0.047468 1.060710

 -0.401285 -0.151799 1.055122

 -0.420084 -0.127137 1.167837

 -0.447948 -0.116643 1.294973

 -0.334311 -0.262900 1.060899

 -0.344663 -0.231411 1.167072

 -0.362629 -0.238969 1.293871

 -0.473140 0.093184 1.168576

 -0.451044 0.096595 1.044207

 0.479793 0.093318 1.168203

 0.508707 0.096775 1.295150

 0.413522 0.342945 1.168177

 0.399465 0.346070 1.053494

 0.361937 -0.223138 1.169514

 0.369308 -0.238927 1.293941

 0.433297 -0.126125 1.157612

 0.406957 -0.161092 1.064009

 0.350767 -0.209791 1.074329

 -0.225039 0.531361 1.048803

 -0.235312 0.527689 1.167125

 -0.251186 0.542352 1.294851

 -0.409232 0.343111 1.167896

 -0.387742 0.350697 1.052254

 0.461331 -0.010054 0.972928

 0.230225 0.529405 1.053303

 0.239512 0.527806 1.167975

 0.255296 0.542343 1.294824

 0.002040 0.595391 1.167721

 0.004797 0.598143 1.049218

 0.364932 -0.185893 0.973571

 0.474331 0.106606 1.055085

 0.328430 -0.239303 0.937951

 0.335875 -0.211978 0.989956

 -0.543287 0.086399 1.599837

 0.474291 0.360503 1.599672

 0.444872 -0.014169 0.911997

 0.486975 -0.165545 1.599908

 0.481057 0.071662 0.971592

 -0.470189 0.360503 1.599672

 0.002051 0.634629 1.599538

 0.456165 0.034779 0.909944

 0.418451 -0.023162 0.891121

 0.002031 0.468412 2.133542

 0.002020 0.226227 2.278436

 0.002009 0.086621 2.292438

 -0.269380 0.557036 1.739019

 -0.258763 0.538367 1.882385

 -0.231767 0.491606 2.017576

 -0.188831 0.417237 2.133562

 -0.132884 0.320331 2.222534

 -0.067758 0.207527 2.278434

 -0.468087 0.358195 1.739053

 -0.449694 0.347437 1.882390

 -0.402933 0.320438 2.017577

 -0.328564 0.277501 2.133563

 -0.231658 0.221553 2.222535

 -0.118856 0.156426 2.278433

 -0.540820 0.086572 1.739101

 -0.519578 0.086619 1.882391

 -0.465585 0.086621 2.017577

 -0.379710 0.086621 2.133563

 -0.267813 0.086621 2.222535

 -0.137561 0.086621 2.278433

 -0.317654 -0.372182 1.737753

 -0.467885 -0.185214 1.738855

 -0.449669 -0.174236 1.882340

 -0.402931 -0.147207 2.017565

 -0.328564 -0.104260 2.133563

 -0.231658 -0.048311 2.222535

 -0.118856 0.016815 2.278433

 -0.117023 -0.426830 1.882038

 -0.160623 -0.432730 1.779620

 -0.038816 -0.469827 1.767213

 -0.083233 -0.456148 1.722431

 -0.273901 -0.374522 1.874709

 -0.231740 -0.318413 2.017501

 -0.188830 -0.243999 2.133557

 -0.132884 -0.147089 2.222534

 -0.067758 -0.034285 2.278434

 0.235861 -0.419799 1.731196

 0.250459 -0.394057 1.870789

 0.014148 -0.478377 1.750436

 0.013805 -0.472227 1.802792

 -0.012261 -0.453844 1.873581

 0.002599 -0.396486 1.987322

 0.002032 -0.295172 2.133537

 0.001976 -0.183250 2.222551

 0.002020 -0.052985 2.278436

 0.307053 -0.378857 1.725386

 0.290392 -0.356573 1.880165

 0.207575 -0.343586 1.994844

 0.192635 -0.234512 2.137260

 0.147229 -0.147183 2.216331

 0.071714 -0.034282 2.278468

 0.472208 -0.185020 1.738836

 0.453809 -0.174185 1.882359

 0.400574 -0.147248 2.018604

 0.337769 -0.103965 2.126077

 0.309796 0.086621 2.179321

 0.226265 -0.039761 2.227998

 0.122652 0.016929 2.278618

 0.544926 0.086578 1.739097

 0.523688 0.086626 1.882387

 0.469794 0.086623 2.017456

 0.387276 0.086621 2.127051

 0.282799 0.226230 2.174616

 0.258403 0.086621 2.229193

 0.141283 0.086621 2.278646

 0.472189 0.358194 1.739053

 0.453798 0.347440 1.882383

 0.400585 0.320493 2.018596

 0.337769 0.277208 2.126075

 0.219961 0.321131 2.169061

 0.226265 0.213002 2.227998

 0.122652 0.156313 2.278618

 0.001976 0.356492 2.222550

 0.273482 0.557036 1.739019

 0.256307 0.538369 1.883529

 0.212189 0.491639 2.021684

 0.192643 0.407749 2.137262

 0.147228 0.320425 2.216331

 0.071714 0.207524 2.278468

 0.002051 0.629815 1.739004

 0.002050 0.608253 1.882381

 -0.004511 0.554262 2.018716

 -0.457967 0.090237 -2.525319

 -0.449407 0.235464 -2.531684

 -0.360262 0.090229 -2.524334

 -0.369085 0.235453 -2.530764

 -0.472413 0.093681 -2.692261

 -0.460074 0.253687 -2.683533

 -0.351484 0.093682 -2.691324

 -0.363019 0.253688 -2.682536

 -0.454652 -0.383021 -2.660066

 -0.364097 -0.393236 -2.659388

 -0.457377 -0.382899 -2.708189

 -0.366822 -0.393115 -2.707511

 -0.439475 0.208684 -2.470552

 -0.439475 0.111634 -2.476549

 -0.373818 0.111564 -2.475790

 -0.373818 0.208614 -2.469793

 -0.504420 -0.221560 -2.714092

 -0.497673 -0.215681 -2.633458

 -0.318428 -0.242922 -2.632510

 -0.322427 -0.248801 -2.713144

 -0.338743 -0.054064 -2.568920

 -0.490634 -0.072533 -2.699049

 -0.478778 -0.047254 -2.569801

 -0.334794 -0.079343 -2.698167

 -0.465984 0.172063 -2.531492

 -0.352484 0.172048 -2.530241

 -0.409246 0.258307 -2.531049

 -0.408638 0.069666 -2.503574

 -0.442924 0.219454 -2.489282

 -0.443669 0.109674 -2.490786

 -0.372073 0.109639 -2.489963

 -0.466373 0.193004 -2.688318

 -0.357200 0.193004 -2.687297

 -0.411724 0.269396 -2.695885

 -0.412403 0.093783 -2.720485

 -0.485285 0.093080 -2.614416

 -0.472955 0.254608 -2.610667

 -0.336105 0.093080 -2.613143

 -0.348346 0.254607 -2.609306

 -0.409189 -0.400209 -2.654868

 -0.412285 -0.400091 -2.712963

 -0.462223 -0.394972 -2.684325

 -0.359251 -0.405329 -2.683506

 -0.341808 -0.337451 -2.714065

 -0.352945 0.019582 -2.546668

 -0.479494 -0.316854 -2.650018

 -0.479471 0.003317 -2.694242

 -0.483938 -0.317375 -2.714952

 -0.494033 -0.124129 -2.602643

 -0.337707 -0.336930 -2.649130

 -0.323190 -0.161452 -2.706151

 -0.372872 0.219418 -2.488465

 -0.361507 0.160076 -2.472649

 -0.406646 0.093402 -2.477294

 -0.451786 0.160172 -2.473693

 -0.406646 0.226846 -2.469049

 -0.408367 0.148475 -2.437860

 -0.286561 -0.250969 -2.672650

 -0.534913 -0.213512 -2.673952

 -0.407043 -0.228199 -2.617866

 -0.414431 -0.236283 -2.728736

 -0.322403 -0.143709 -2.601721

 -0.503323 -0.141873 -2.707073

 -0.465434 0.020433 -2.547544

 -0.345014 0.002467 -2.693370

 -0.408019 -0.045919 -2.545126

 -0.512444 -0.058617 -2.634589

 -0.309030 -0.067981 -2.633379

 -0.413455 -0.080678 -2.722842

 -0.407898 0.239575 -2.488295

 -0.478880 0.184030 -2.612582

 -0.456261 0.165260 -2.490759

 -0.407831 0.089353 -2.489249

 -0.359530 0.165210 -2.489638

 -0.412181 0.198262 -2.715856

 -0.313874 -0.341929 -2.681444

 -0.342474 0.184029 -2.611215

 -0.410668 0.280323 -2.611245

 -0.410737 -0.425506 -2.684182

 -0.507600 -0.314758 -2.682664

 -0.407822 -0.327982 -2.637440

 -0.413652 -0.328705 -2.726667

 -0.414201 -0.154989 -2.726193

 -0.289819 -0.156252 -2.653763

 -0.531655 -0.129330 -2.655032

 -0.407273 -0.130592 -2.582602

 -0.408616 0.021756 -2.520447

 -0.495548 0.012404 -2.621437

 -0.325910 0.011234 -2.620241

 -0.412807 -0.000483 -2.721034

 -0.378576 0.197521 -2.451434

 -0.436437 0.197607 -2.452100

 -0.436437 0.114532 -2.459188

 -0.378576 0.114447 -2.458523

 -0.367728 0.155968 -2.454854

 -0.407506 0.098913 -2.460185

 -0.447285 0.156086 -2.455769

 -0.407506 0.213141 -2.450438

 -0.461976 0.131150 -2.528406

 -0.356373 0.131138 -2.527287

 -0.469393 0.143342 -2.690289

 -0.354342 0.143343 -2.689310

 -0.367662 0.135820 -2.474220

 -0.445630 0.135903 -2.475121

 -0.482082 0.138555 -2.613499

 -0.449965 0.137467 -2.490773

 -0.365801 0.137424 -2.489800

 -0.412292 0.146023 -2.718171

 -0.339289 0.138554 -2.612179

 -0.441861 0.135309 -2.457479

 -0.373152 0.135207 -2.456689

 0.457551 0.090237 -2.525320

 0.448990 0.235464 -2.531684

 0.359846 0.090229 -2.524334

 0.368668 0.235453 -2.530764

 0.471997 0.093681 -2.692261

 0.459657 0.253688 -2.683533

 0.351067 0.093682 -2.691324

 0.362603 0.253688 -2.682536

 0.454235 -0.383021 -2.660066

 0.363680 -0.393236 -2.659389

 0.456960 -0.382899 -2.708189

 0.366405 -0.393115 -2.707512

 0.439058 0.208684 -2.470552

 0.439058 0.111634 -2.476549

 0.373401 0.111564 -2.475790

 0.373401 0.208614 -2.469793

 0.504003 -0.221559 -2.714092

 0.497257 -0.215680 -2.633459

 0.318012 -0.242922 -2.632511

 0.322010 -0.248801 -2.713145

 0.338326 -0.054064 -2.568920

 0.490217 -0.072533 -2.699049

 0.478361 -0.047254 -2.569801

 0.334377 -0.079343 -2.698168

 0.465568 0.172063 -2.531492

 0.352067 0.172048 -2.530241

 0.408829 0.258307 -2.531049

 0.408221 0.069666 -2.503574

 0.442507 0.219454 -2.489282

 0.443252 0.109675 -2.490786

 0.371656 0.109639 -2.489963

 0.465956 0.193004 -2.688318

 0.356784 0.193004 -2.687297

 0.411307 0.269396 -2.695885

 0.411986 0.093784 -2.720485

 0.484868 0.093080 -2.614416

 0.472538 0.254609 -2.610667

 0.335688 0.093080 -2.613143

 0.347929 0.254607 -2.609305

 0.408773 -0.400209 -2.654868

 0.411868 -0.400091 -2.712964

 0.461806 -0.394971 -2.684325

 0.358835 -0.405329 -2.683506

 0.341392 -0.337451 -2.714065

 0.352528 0.019582 -2.546668

 0.479077 -0.316853 -2.650018

 0.479055 0.003317 -2.694242

 0.483522 -0.317375 -2.714952

 0.493616 -0.124129 -2.602644

 0.337291 -0.336930 -2.649131

 0.322773 -0.161452 -2.706151

 0.372455 0.219418 -2.488465

 0.361090 0.160076 -2.472649

 0.406229 0.093402 -2.477294

 0.451369 0.160173 -2.473693

 0.406229 0.226846 -2.469049

 0.407950 0.148475 -2.437860

 0.286145 -0.250969 -2.672650

 0.534496 -0.213512 -2.673953

 0.406627 -0.228199 -2.617866

 0.414014 -0.236282 -2.728737

 0.321986 -0.143709 -2.601721

 0.502906 -0.141873 -2.707074

 0.465017 0.020433 -2.547544

 0.344597 0.002467 -2.693370

 0.407602 -0.045919 -2.545126

 0.512027 -0.058617 -2.634590

 0.308613 -0.067981 -2.633379

 0.413038 -0.080678 -2.722842

 0.407481 0.239576 -2.488295

 0.478463 0.184030 -2.612582

 0.455844 0.165260 -2.490759

 0.407414 0.089353 -2.489249

 0.359113 0.165210 -2.489638

 0.411765 0.198262 -2.715856

 0.313457 -0.341928 -2.681444

 0.342057 0.184029 -2.611215

 0.410251 0.280324 -2.611245

 0.410320 -0.425506 -2.684183

 0.507184 -0.314758 -2.682664

 0.407405 -0.327982 -2.637440

 0.413235 -0.328705 -2.726668

 0.413784 -0.154989 -2.726193

 0.289402 -0.156252 -2.653764

 0.531239 -0.129330 -2.655032

 0.406856 -0.130592 -2.582602

 0.408199 0.021756 -2.520447

 0.495131 0.012404 -2.621437

 0.325493 0.011234 -2.620241

 0.412390 -0.000483 -2.721034

 0.378160 0.197522 -2.451434

 0.436020 0.197607 -2.452100

 0.436020 0.114532 -2.459189

 0.378160 0.114447 -2.458523

 0.367311 0.155968 -2.454854

 0.407090 0.098913 -2.460185

 0.446869 0.156086 -2.455769

 0.407090 0.213141 -2.450438

 0.461559 0.131150 -2.528406

 0.355956 0.131138 -2.527287

 0.468976 0.143342 -2.690289

 0.353925 0.143343 -2.689310

 0.367245 0.135820 -2.474220

 0.445213 0.135903 -2.475121

 0.481666 0.138555 -2.613499

 0.449548 0.137467 -2.490773

 0.365384 0.137425 -2.489800

 0.411875 0.146023 -2.718171

 0.338873 0.138554 -2.612179

 0.441444 0.135309 -2.457479

 0.372735 0.135207 -2.456689

 -0.521604 -0.050094 -1.279970

 -0.393884 -0.051067 -1.281132

 -0.520725 -0.192257 -1.297188

 -0.392768 -0.193229 -1.297732

 -0.567435 0.096890 -1.607789

 -0.567435 -0.045519 -1.652892

 -0.438916 -0.046236 -1.651366

 -0.438916 0.096174 -1.606263

 -0.465293 0.180554 -2.280552

 -0.465293 0.086029 -2.299722

 -0.390362 0.085758 -2.298860

 -0.390362 0.180283 -2.279689

 -0.367907 -0.083579 -1.196462

 -0.511091 -0.080280 -1.184183

 -0.506525 -0.218955 -1.169652

 -0.362103 -0.222251 -1.178906

 -0.429211 -0.138374 -1.139662

 -0.509281 -0.079429 -1.222651

 -0.423154 0.018426 -1.387834

 -0.506624 -0.217753 -1.221447

 -0.372906 -0.219870 -1.226114

 -0.369356 -0.122331 -1.289592

 -0.456559 -0.219399 -1.300631

 -0.545134 -0.120993 -1.288419

 -0.457931 -0.023925 -1.277380

 -0.555085 0.019086 -1.389065

 -0.554975 -0.128532 -1.425469

 -0.423014 -0.129192 -1.424162

 -0.420186 0.149614 -1.955276

 -0.414818 0.024835 -1.628528

 -0.503175 -0.072579 -1.660586

 -0.591532 0.025820 -1.630627

 -0.503175 0.123234 -1.598569

 -0.523412 0.150161 -1.956490

 -0.523412 0.031662 -1.991831

 -0.420186 0.031116 -1.990618

 -0.376312 0.132970 -2.289113

 -0.427828 0.068170 -2.302886

 -0.479343 0.133342 -2.290299

 -0.427828 0.198142 -2.276526

 -0.376283 -0.081546 -1.229164

 -0.440471 -0.055928 -1.193331

 -0.535771 -0.148999 -1.174899

 -0.433342 -0.246604 -1.171271

 -0.338042 -0.153533 -1.189703

 -0.376240 0.197625 -2.432038

 -0.440495 0.197747 -2.432772

 -0.440495 0.108271 -2.442693

 -0.376240 0.108149 -2.441958

 -0.349590 -0.151105 -1.228687

 -0.439199 -0.244747 -1.223382

 -0.532957 -0.148194 -1.221001

 -0.443348 -0.054552 -1.226306

 -0.398344 -0.055507 -1.405760

 -0.488971 -0.156541 -1.431633

 -0.579770 -0.054600 -1.407505

 -0.489143 0.046434 -1.381631

 -0.400831 0.090263 -1.972719

 -0.471799 0.009170 -1.997851

 -0.542767 0.091014 -1.974388

 -0.471799 0.172106 -1.949257

 -0.364192 0.152864 -2.436859

 -0.408367 0.091433 -2.444185

 -0.452542 0.153032 -2.437870

 -0.408367 0.214463 -2.430544

 -0.498173 -0.086365 -1.159303

 -0.493889 -0.204873 -1.144551

 -0.370017 -0.207705 -1.153719

 -0.375463 -0.089199 -1.171094

 -0.437730 -0.065562 -1.168211

 -0.519148 -0.145088 -1.149962

 -0.431041 -0.228510 -1.146123

 -0.349623 -0.148983 -1.164371

 -0.374870 0.189129 -2.470730

 -0.419496 0.189214 -2.471240

 -0.419496 0.127070 -2.478130

 -0.374870 0.126986 -2.477620

 -0.366502 0.158042 -2.474078

 -0.397183 0.115376 -2.479167

 -0.427864 0.158158 -2.474781

 -0.397183 0.200823 -2.469692

 -0.393095 0.159946 -2.483300

 -0.401555 0.212167 -2.453357

 -0.372266 0.196817 -2.454718

 -0.361283 0.156010 -2.459114

 -0.372266 0.115246 -2.463762

 -0.401555 0.100007 -2.465792

 -0.441828 0.156163 -2.460035

 -0.430844 0.196928 -2.455388

 -0.430844 0.115357 -2.464432

 0.521186 -0.050094 -1.279970

 0.393467 -0.051067 -1.281131

 0.520308 -0.192257 -1.297188

 0.392350 -0.193229 -1.297732

 0.567017 0.096891 -1.607789

 0.567017 -0.045519 -1.652892

 0.438498 -0.046236 -1.651366

 0.438498 0.096174 -1.606263

 0.464876 0.180554 -2.280552

 0.464876 0.086029 -2.299722

 0.389944 0.085759 -2.298859

 0.389944 0.180284 -2.279689

 0.367489 -0.083579 -1.196462

 0.510673 -0.080280 -1.184183

 0.506108 -0.218955 -1.169652

 0.361686 -0.222251 -1.178906

 0.428793 -0.138374 -1.139662

 0.508864 -0.079429 -1.222651

 0.422736 0.018426 -1.387834

 0.506206 -0.217753 -1.221448

 0.372488 -0.219870 -1.226114

 0.368939 -0.122331 -1.289592

 0.456142 -0.219399 -1.300631

 0.544717 -0.120993 -1.288419

 0.457514 -0.023925 -1.277380

 0.554668 0.019086 -1.389065

 0.554558 -0.128532 -1.425469

 0.422597 -0.129192 -1.424162

 0.419768 0.149615 -1.955276

 0.414401 0.024835 -1.628528

 0.502758 -0.072579 -1.660586

 0.591115 0.025820 -1.630627

 0.502758 0.123234 -1.598569

 0.522995 0.150161 -1.956490

 0.522995 0.031662 -1.991831

 0.419768 0.031116 -1.990618

 0.375895 0.132971 -2.289113

 0.427410 0.068170 -2.302885

 0.478926 0.133342 -2.290298

 0.427410 0.198142 -2.276526

 0.375866 -0.081546 -1.229164

 0.440053 -0.055928 -1.193331

 0.535354 -0.148999 -1.174899

 0.432925 -0.246604 -1.171271

 0.337624 -0.153533 -1.189703

 0.375822 0.197625 -2.432037

 0.440077 0.197747 -2.432772

 0.440077 0.108271 -2.442693

 0.375822 0.108150 -2.441958

 0.349172 -0.151105 -1.228687

 0.438782 -0.244747 -1.223382

 0.532540 -0.148194 -1.221001

 0.442930 -0.054551 -1.226306

 0.397927 -0.055507 -1.405760

 0.488554 -0.156541 -1.431633

 0.579353 -0.054600 -1.407505

 0.488725 0.046434 -1.381631

 0.400413 0.090263 -1.972719

 0.471381 0.009171 -1.997851

 0.542350 0.091014 -1.974388

 0.471381 0.172106 -1.949257

 0.363774 0.152865 -2.436859

 0.407950 0.091434 -2.444185

 0.452125 0.153032 -2.437870

 0.407950 0.214463 -2.430544

 0.497756 -0.086365 -1.159303

 0.493471 -0.204873 -1.144551

 0.369600 -0.207706 -1.153719

 0.375046 -0.089199 -1.171094

 0.437313 -0.065562 -1.168211

 0.518730 -0.145088 -1.149962

 0.430623 -0.228510 -1.146123

 0.349206 -0.148983 -1.164371

 0.374452 0.189130 -2.470729

 0.419079 0.189214 -2.471240

 0.419079 0.127071 -2.478130

 0.374452 0.126986 -2.477619

 0.366085 0.158042 -2.474078

 0.396766 0.115377 -2.479167

 0.427446 0.158158 -2.474780

 0.396766 0.200824 -2.469692

 0.392677 0.159947 -2.483300

 0.401138 0.212167 -2.453357

 0.371849 0.196817 -2.454718

 0.360865 0.156011 -2.459114

 0.371849 0.115246 -2.463762

 0.401138 0.100007 -2.465792

 0.441410 0.156163 -2.460035

 0.430427 0.196928 -2.455388

 0.430427 0.115357 -2.464432

 -0.232147 0.140766 0.864184

 -0.174834 0.142728 0.780300

 -0.457158 0.193613 0.371611

 -0.395882 0.192416 0.348161

 -0.232486 0.032385 0.860415

 -0.175492 0.033883 0.776561

 -0.458100 0.124203 0.372930

 -0.396823 0.123006 0.349481

 -0.295947 0.150807 0.749753

 -0.218279 0.152608 0.705915

 -0.295483 0.055024 0.747284

 -0.217815 0.056825 0.703447

 -0.249688 0.156218 0.870367

 -0.174614 0.159761 0.771392

 -0.249868 0.021838 0.865810

 -0.174794 0.025381 0.766836

 -0.310929 0.161502 0.749862

 -0.212842 0.163950 0.693662

 -0.310249 0.039800 0.746560

 -0.212162 0.042248 0.690360

 -0.336527 0.159431 0.650168

 -0.266953 0.160187 0.613601

 -0.336594 0.075302 0.648915

 -0.267020 0.076058 0.612349

 -0.298436 0.170450 0.832511

 -0.190506 0.174013 0.744487

 -0.297904 0.018042 0.827842

 -0.189974 0.021604 0.739818

 -0.324160 0.174851 0.783666

 -0.202976 0.178150 0.710029

 -0.323240 0.021195 0.779299

 -0.202056 0.024494 0.705662

 -0.472081 0.149070 0.164430

 -0.472568 0.227040 0.162827

 -0.543435 0.149091 0.181687

 -0.543922 0.227061 0.180084

 -0.203397 0.162112 0.822946

 -0.426343 0.206028 0.359639

 -0.204082 0.012769 0.817784

 -0.427638 0.110590 0.361453

 -0.384863 0.157486 0.344424

 -0.164446 0.088630 0.762705

 -0.469118 0.159132 0.376667

 -0.243033 0.086251 0.878025

 -0.310277 0.102578 0.756738

 -0.203485 0.105054 0.696461

 -0.256562 0.037965 0.724902

 -0.257200 0.169667 0.728297

 -0.212117 0.183186 0.821734

 -0.212364 -0.001587 0.815469

 -0.160627 0.093236 0.750557

 -0.263854 0.088364 0.886646

 -0.320782 0.169482 0.761956

 -0.208690 0.172385 0.696941

 -0.319948 0.029567 0.758081

 -0.207855 0.032469 0.693066

 -0.328980 0.100192 0.758748

 -0.262013 0.185545 0.722381

 -0.261078 0.018205 0.717841

 -0.194111 0.103558 0.681474

 -0.305047 0.151963 0.724247

 -0.231792 0.153415 0.683720

 -0.304747 0.062134 0.722194

 -0.231492 0.063586 0.681668

 -0.349606 0.117225 0.656397

 -0.253941 0.118264 0.606119

 -0.301820 0.059906 0.630397

 -0.301727 0.175583 0.632119

 -0.170003 0.098477 0.725648

 -0.243839 -0.008754 0.782955

 -0.244571 0.200808 0.789374

 -0.318407 0.093578 0.846681

 -0.316670 0.174685 0.807748

 -0.197383 0.178176 0.727005

 -0.315847 0.017982 0.803148

 -0.196560 0.021473 0.722404

 -0.346422 0.097404 0.795290

 -0.179794 0.101941 0.694039

 -0.262476 -0.005966 0.741662

 -0.263741 0.205311 0.747667

 -0.534899 0.191036 0.090993

 -0.557057 0.188080 0.184121

 -0.458946 0.188051 0.160392

 -0.507667 0.134461 0.173359

 -0.508336 0.241670 0.171155

 -0.318632 0.106776 0.730819

 -0.264892 0.197168 0.730175

 -0.263745 0.004784 0.724847

 -0.187255 0.102971 0.682813

 -0.217906 0.108773 0.675095

 -0.268063 0.046017 0.701546

 -0.268475 0.169532 0.704368

 -0.338624 0.095679 0.820587

 -0.341383 0.098980 0.772209

 -0.174606 0.100479 0.709565

 -0.256049 -0.009655 0.761913

 -0.257181 0.205812 0.768239

 -0.204445 0.119649 0.857106

 -0.169554 0.120843 0.806040

 -0.204651 0.053669 0.854812

 -0.169955 0.054581 0.803763

 -0.186943 0.132644 0.832001

 -0.187360 0.041728 0.828859

 -0.163231 0.087910 0.795328

 -0.211072 0.086462 0.865532

 -0.172403 0.087186 0.835516

 -0.483641 0.156183 0.129621

 -0.484590 0.237466 0.128114

 -0.558310 0.155739 0.145989

 -0.559260 0.237022 0.144482

 -0.572786 0.196297 0.148305

 -0.470115 0.196908 0.125798

 -0.520797 0.140721 0.138087

 -0.522103 0.252484 0.136016

 -0.556520 0.165405 0.115152

 -0.557411 0.227974 0.114052

 -0.567762 0.196594 0.116855

 -0.488588 0.197296 0.100337

 -0.527562 0.153929 0.109352

 -0.528787 0.239960 0.107839

 -0.498939 0.165916 0.103139

 -0.499830 0.228484 0.102039

 0.231731 0.140766 0.864184

 0.174417 0.142728 0.780300

 0.456741 0.193613 0.371611

 0.395465 0.192416 0.348161

 0.232069 0.032385 0.860415

 0.175075 0.033883 0.776561

 0.457683 0.124203 0.372930

 0.396407 0.123006 0.349481

 0.295530 0.150807 0.749753

 0.217862 0.152608 0.705915

 0.295066 0.055024 0.747284

 0.217399 0.056825 0.703447

 0.249271 0.156218 0.870367

 0.174197 0.159761 0.771392

 0.249451 0.021838 0.865810

 0.174377 0.025381 0.766836

 0.310512 0.161502 0.749862

 0.212425 0.163950 0.693662

 0.309832 0.039800 0.746560

 0.211745 0.042248 0.690360

 0.336110 0.159431 0.650168

 0.266536 0.160187 0.613601

 0.336177 0.075302 0.648915

 0.266603 0.076058 0.612349

 0.298020 0.170450 0.832511

 0.190089 0.174013 0.744487

 0.297488 0.018042 0.827842

 0.189557 0.021604 0.739818

 0.323744 0.174851 0.783666

 0.202559 0.178150 0.710029

 0.322824 0.021195 0.779299

 0.201639 0.024494 0.705662

 0.471664 0.149070 0.164430

 0.472151 0.227040 0.162827

 0.543018 0.149091 0.181687

 0.543505 0.227061 0.180084

 0.202980 0.162112 0.822946

 0.425927 0.206028 0.359639

 0.203665 0.012769 0.817784

 0.427221 0.110590 0.361453

 0.384446 0.157486 0.344424

 0.164029 0.088630 0.762705

 0.468702 0.159132 0.376667

 0.242616 0.086251 0.878025

 0.309861 0.102578 0.756738

 0.203068 0.105054 0.696461

 0.256145 0.037965 0.724902

 0.256783 0.169667 0.728297

 0.211701 0.183186 0.821734

 0.211947 -0.001587 0.815469

 0.160211 0.093236 0.750557

 0.263438 0.088364 0.886646

 0.320366 0.169482 0.761956

 0.208273 0.172385 0.696941

 0.319531 0.029567 0.758081

 0.207438 0.032469 0.693066

 0.328563 0.100192 0.758748

 0.261596 0.185545 0.722381

 0.260661 0.018205 0.717841

 0.193694 0.103558 0.681474

 0.304630 0.151963 0.724247

 0.231375 0.153415 0.683720

 0.304330 0.062134 0.722194

 0.231075 0.063586 0.681668

 0.349189 0.117225 0.656397

 0.253525 0.118264 0.606119

 0.301403 0.059906 0.630397

 0.301311 0.175583 0.632119

 0.169586 0.098477 0.725648

 0.243423 -0.008754 0.782955

 0.244154 0.200808 0.789374

 0.317991 0.093578 0.846681

 0.316253 0.174685 0.807748

 0.196967 0.178176 0.727005

 0.315430 0.017982 0.803148

 0.196144 0.021473 0.722404

 0.346006 0.097404 0.795290

 0.179377 0.101941 0.694039

 0.262059 -0.005966 0.741662

 0.263324 0.205311 0.747667

 0.534483 0.191036 0.090993

 0.556640 0.188080 0.184121

 0.458529 0.188051 0.160392

 0.507250 0.134461 0.173359

 0.507919 0.241670 0.171155

 0.318215 0.106776 0.730819

 0.264476 0.197168 0.730175

 0.263328 0.004784 0.724847

 0.186838 0.102971 0.682813

 0.217490 0.108773 0.675095

 0.267646 0.046017 0.701546

 0.268059 0.169532 0.704368

 0.338208 0.095679 0.820587

 0.340966 0.098980 0.772209

 0.174189 0.100479 0.709565

 0.255633 -0.009655 0.761913

 0.256764 0.205812 0.768239

 0.204029 0.119649 0.857106

 0.169137 0.120843 0.806040

 0.204234 0.053669 0.854812

 0.169538 0.054581 0.803763

 0.186526 0.132644 0.832001

 0.186943 0.041728 0.828859

 0.162814 0.087910 0.795328

 0.210655 0.086462 0.865532

 0.171987 0.087186 0.835516

 0.483224 0.156183 0.129621

 0.484174 0.237466 0.128114

 0.557894 0.155739 0.145989

 0.558843 0.237022 0.144482

 0.572369 0.196297 0.148305

 0.469698 0.196908 0.125798

 0.520381 0.140721 0.138087

 0.521687 0.252484 0.136016

 0.556103 0.165405 0.115152

 0.556994 0.227974 0.114052

 0.567345 0.196594 0.116855

 0.488171 0.197296 0.100337

 0.527146 0.153929 0.109352

 0.528371 0.239960 0.107839

 0.498522 0.165916 0.103139

 0.499413 0.228484 0.102039

 -0.704889 0.094932 -0.562161

 -0.599504 0.047785 -0.389149

 -0.729598 0.039876 -0.386435

 -0.607964 0.184533 -0.392874

 -0.738058 0.176624 -0.390160

 -0.526066 0.127849 0.005850

 -0.528548 0.215224 0.002377

 -0.607331 0.126169 0.018153

 -0.609813 0.213544 0.014680

 -0.507027 0.192525 0.177070

 -0.617788 0.115801 0.007319

 -0.620906 0.216714 0.003402

 -0.523772 0.118032 -0.005973

 -0.526890 0.218945 -0.009891

 -0.641771 0.100043 -0.083665

 -0.645981 0.206730 -0.087467

 -0.541795 0.103457 -0.094390

 -0.546005 0.210143 -0.098191

 -0.758886 0.021769 -0.489910

 -0.768698 0.168556 -0.493619

 -0.618775 0.031096 -0.490400

 -0.683632 0.071093 -0.229175

 -0.628587 0.177883 -0.494109

 -0.689873 0.191622 -0.232917

 -0.758221 0.106767 -0.387789

 -0.579341 0.117642 -0.391521

 -0.662964 0.018190 -0.387094

 -0.674598 0.206218 -0.392216

 -0.569646 0.230767 0.007877

 -0.566234 0.110626 0.012652

 -0.512070 0.171852 0.001807

 -0.623809 0.169541 0.018723

 -0.495201 0.142943 0.094812

 -0.496613 0.227537 0.093401

 -0.574482 0.236750 -0.003979

 -0.570195 0.097995 0.001407

 -0.507703 0.168907 -0.010424

 -0.636975 0.165839 0.007853

 -0.573186 0.142034 0.110291

 -0.574598 0.226628 0.108881

 -0.569741 0.076663 -0.235901

 -0.575982 0.197192 -0.239643

 -0.596783 0.228440 -0.093542

 -0.590993 0.081746 -0.088315

 -0.525155 0.157440 -0.098301

 -0.662621 0.152746 -0.083555

 -0.700482 0.200742 -0.494559

 -0.686991 -0.001090 -0.489460

 -0.597410 0.106239 -0.492346

 -0.708107 0.130313 -0.229785

 -0.551507 0.137972 -0.239034

 -0.625516 0.051278 -0.231837

 -0.634098 0.217007 -0.236982

 -0.790063 0.093414 -0.491673

 -0.588514 0.184161 0.112489

 -0.481284 0.185411 0.091204

 -0.533928 0.126627 0.102816

 -0.535870 0.242944 0.100877

 -0.483641 0.156183 0.129621

 -0.484590 0.237466 0.128114

 -0.558310 0.155739 0.145989

 -0.559260 0.237022 0.144483

 -0.572786 0.196297 0.148305

 -0.470115 0.196908 0.125798

 -0.520797 0.140721 0.138088

 -0.522103 0.252484 0.136016

 -0.488220 0.166802 0.158599

 -0.488743 0.220359 0.157568

 -0.537354 0.166618 0.169761

 -0.537877 0.220175 0.168730

 -0.546828 0.193362 0.171338

 -0.479269 0.193615 0.155991

 -0.512689 0.156668 0.164373

 -0.513408 0.230309 0.162956

 -0.764010 0.021409 -0.530327

 -0.773618 0.162217 -0.533800

 -0.629479 0.030578 -0.530239

 -0.639088 0.171387 -0.533712

 -0.708154 0.193204 -0.534407

 -0.694943 -0.000408 -0.529632

 -0.609059 0.102702 -0.531959

 -0.794038 0.090094 -0.532080

 0.704472 0.094932 -0.562162

 0.599087 0.047784 -0.389150

 0.729181 0.039875 -0.386435

 0.607547 0.184532 -0.392874

 0.737641 0.176623 -0.390160

 0.525649 0.127849 0.005850

 0.528131 0.215224 0.002377

 0.606914 0.126169 0.018152

 0.609396 0.213544 0.014679

 0.506610 0.192525 0.177069

 0.617371 0.115801 0.007319

 0.620489 0.216714 0.003402

 0.523355 0.118032 -0.005974

 0.526473 0.218945 -0.009891

 0.641354 0.100043 -0.083665

 0.645564 0.206730 -0.087467

 0.541378 0.103457 -0.094390

 0.545588 0.210143 -0.098191

 0.758469 0.021769 -0.489910

 0.768281 0.168556 -0.493619

 0.618358 0.031096 -0.490400

 0.683215 0.071092 -0.229175

 0.628170 0.177883 -0.494109

 0.689456 0.191622 -0.232917

 0.757804 0.106766 -0.387789

 0.578924 0.117641 -0.391521

 0.662547 0.018190 -0.387094

 0.674181 0.206218 -0.392216

 0.569229 0.230767 0.007877

 0.565817 0.110626 0.012652

 0.511653 0.171851 0.001807

 0.623392 0.169541 0.018723

 0.494784 0.142943 0.094812

 0.496196 0.227537 0.093401

 0.574065 0.236750 -0.003979

 0.569778 0.097995 0.001407

 0.507286 0.168906 -0.010425

 0.636558 0.165839 0.007853

 0.572769 0.142034 0.110291

 0.574181 0.226628 0.108881

 0.569324 0.076662 -0.235902

 0.575565 0.197192 -0.239644

 0.596366 0.228440 -0.093542

 0.590576 0.081746 -0.088315

 0.524738 0.157440 -0.098301

 0.662204 0.152746 -0.083555

 0.700066 0.200742 -0.494559

 0.686574 -0.001090 -0.489460

 0.596994 0.106238 -0.492346

 0.707690 0.130313 -0.229785

 0.551090 0.137972 -0.239034

 0.625099 0.051278 -0.231837

 0.633681 0.217007 -0.236982

 0.789646 0.093413 -0.491673

 0.588097 0.184161 0.112488

 0.480867 0.185411 0.091204

 0.533511 0.126627 0.102816

 0.535453 0.242944 0.100876

 0.483224 0.156183 0.129621

 0.484173 0.237466 0.128114

 0.557893 0.155739 0.145989

 0.558843 0.237022 0.144482

 0.572369 0.196297 0.148305

 0.469698 0.196908 0.125798

 0.520380 0.140721 0.138087

 0.521686 0.252484 0.136016

 0.487803 0.166802 0.158599

 0.488326 0.220359 0.157568

 0.536937 0.166618 0.169761

 0.537460 0.220175 0.168730

 0.546411 0.193362 0.171338

 0.478852 0.193615 0.155990

 0.512272 0.156668 0.164373

 0.512991 0.230309 0.162956

 0.763593 0.021408 -0.530327

 0.773201 0.162217 -0.533801

 0.629062 0.030578 -0.530239

 0.638671 0.171387 -0.533713

 0.707737 0.193204 -0.534408

 0.694526 -0.000408 -0.529632

 0.608642 0.102702 -0.531959

 0.793621 0.090093 -0.532080

tris:

 74 32 55

 74 55 113

 32 1 25

 32 25 55

 55 25 2

 55 2 33

 113 55 33

 113 33 76

 76 33 56

 76 56 112

 33 2 23

 33 23 56

 56 23 3

 56 3 24

 112 56 24

 112 24 77

 65 57 45

 65 45 29

 57 31 4

 45 57 4

 30 31 57

 30 57 65

 5 58 46

 5 46 28

 58 45 4

 46 58 4

 5 49 15

 5 15 29

 6 59 47

 6 47 27

 59 46 4

 47 59 4

 6 50 16

 6 16 28

 7 60 31

 7 31 30

 60 47 4

 31 60 4

 0 22 61

 0 61 26

 22 75 111

 22 111 61

 61 111 77

 61 77 24

 26 61 24

 26 24 3

 39 34 81

 39 81 85

 80 35 38

 80 38 84

 38 35 8

 38 8 10

 8 36 37

 8 37 10

 156 154 62

 156 62 122

 154 158 40

 154 40 62

 62 40 12

 62 12 43

 122 62 43

 122 43 88

 158 153 63

 158 63 40

 153 157 41

 153 41 63

 63 41 13

 63 13 42

 40 63 42

 40 42 12

 37 36 9

 37 9 11

 10 37 54

 10 54 19

 54 37 11

 54 11 20

 84 38 53

 84 53 96

 53 38 10

 53 10 19

 11 39 52

 11 52 20

 52 39 85

 52 85 97

 36 42 13

 36 13 9

 88 43 35

 88 35 80

 35 43 12

 35 12 8

 13 44 34

 13 34 9

 34 44 89

 34 89 81

 157 152 64

 157 64 41

 152 155 123

 152 123 64

 64 123 89

 64 89 44

 41 64 44

 41 44 13

 12 42 36

 12 36 8

 15 49 25

 15 25 1

 21 48 15

 21 15 1

 16 50 23

 16 23 2

 25 49 16

 25 16 2

 17 51 26

 17 26 3

 23 50 17

 23 17 3

 26 51 18

 26 18 0

 22 52 97

 22 97 75

 96 53 32

 96 32 74

 32 53 19

 32 19 1

 19 54 21

 19 21 1

 21 54 20

 21 20 0

 9 34 39

 9 39 11

 0 18 48

 0 48 21

 20 52 22

 20 22 0

 7 51 17

 7 17 27

 60 7 27

 60 27 47

 51 7 30

 51 30 18

 59 6 28

 59 28 46

 50 6 27

 50 27 17

 58 5 29

 58 29 45

 49 5 28

 49 28 16

 18 30 65

 18 65 48

 48 65 29

 48 29 15

 74 113 137

 74 137 109

 109 137 102

 109 102 67

 137 110 68

 137 68 102

 113 76 110

 113 110 137

 76 112 138

 76 138 110

 110 138 100

 110 100 68

 138 101 69

 138 69 100

 112 77 101

 112 101 138

 159 106 127

 159 127 139

 139 70 108

 127 70 139

 107 159 139

 107 139 108

 71 105 128

 71 128 140

 140 70 127

 128 70 140

 71 106 90

 71 90 131

 72 104 129

 72 129 141

 141 70 128

 129 70 141

 72 105 91

 72 91 132

 73 107 108

 73 108 142

 142 70 129

 108 70 142

 66 103 143

 66 143 99

 99 143 111

 99 111 75

 143 101 77

 143 77 111

 103 69 101

 103 101 143

 119 85 81

 119 81 114

 80 84 118

 80 118 115

 118 82 78

 118 78 115

 78 82 117

 78 117 116

 156 122 144

 156 144 149

 149 144 120

 149 120 151

 144 125 86

 144 86 120

 122 88 125

 122 125 144

 151 120 145

 151 145 148

 148 145 121

 148 121 150

 145 124 87

 145 87 121

 120 86 124

 120 124 145

 117 83 79

 117 79 116

 82 94 136

 82 136 117

 136 95 83

 136 83 117

 84 96 135

 84 135 118

 135 94 82

 135 82 118

 83 95 134

 83 134 119

 134 97 85

 134 85 119

 116 79 87

 116 87 124

 88 80 115

 88 115 125

 115 78 86

 115 86 125

 87 79 114

 87 114 126

 114 81 89

 114 89 126

 150 121 146

 150 146 147

 147 146 123

 147 123 155

 146 126 89

 146 89 123

 121 87 126

 121 126 146

 86 78 116

 86 116 124

 90 67 102

 90 102 131

 98 67 90

 98 90 130

 91 68 100

 91 100 132

 102 68 91

 102 91 131

 92 69 103

 92 103 133

 100 69 92

 100 92 132

 103 66 93

 103 93 133

 99 75 97

 99 97 134

 96 74 109

 96 109 135

 109 67 94

 109 94 135

 94 67 98

 94 98 136

 98 66 95

 98 95 136

 79 83 119

 79 119 114

 66 98 130

 66 130 93

 95 66 99

 95 99 134

 73 104 92

 73 92 133

 14 154 156

 14 158 154

 14 153 158

 14 157 153

 14 152 157

 14 155 152

 14 156 149

 14 149 151

 14 151 148

 14 148 150

 14 150 147

 14 147 155

 142 129 104

 142 104 73

 133 93 107

 133 107 73

 141 128 105

 141 105 72

 132 92 104

 132 104 72

 140 127 106

 140 106 71

 131 91 105

 131 105 71

 93 130 159

 93 159 107

 130 90 106

 130 106 159

 174 172 173

 173 183 182

 182 181 180

 180 179 178

 178 177 176

 176 175 174

 174 173 182

 182 180 178

 178 176 174

 182 178 174

 173 172 161

 173 161 160

 172 174 162

 172 162 161

 174 175 163

 174 163 162

 175 176 164

 175 164 163

 176 177 165

 176 165 164

 177 178 166

 177 166 165

 178 179 167

 178 167 166

 179 180 168

 179 168 167

 180 181 169

 180 169 168

 181 182 170

 181 170 169

 182 183 171

 182 171 170

 183 173 160

 183 160 171

 208 265 351

 208 351 268

 265 191 243

 265 243 351

 351 243 189

 351 189 241

 268 351 241

 268 241 207

 193 245 352

 193 352 271

 191 265 352

 191 352 245

 208 271 352

 208 352 265

 185 266 353

 185 353 248

 266 194 255

 266 255 353

 353 255 199

 353 199 274

 248 353 274

 248 274 193

 209 240 354

 209 354 272

 240 198 251

 240 251 354

 354 251 196

 354 196 249

 272 354 249

 272 249 206

 199 253 355

 199 355 273

 198 240 355

 198 355 253

 209 273 355

 209 355 240

 211 277 356

 211 356 278

 277 203 257

 277 257 356

 356 257 201

 356 201 256

 278 356 256

 278 256 210

 204 259 357

 204 357 283

 203 277 357

 203 357 259

 211 283 357

 211 357 277

 204 282 358

 204 358 262

 282 199 255

 282 255 358

 358 255 194

 358 194 280

 262 358 280

 262 280 205

 184 267 359

 184 359 242

 267 185 248

 267 248 359

 359 248 193

 359 193 269

 242 359 269

 242 269 192

 192 269 360

 192 360 247

 269 193 271

 269 271 360

 360 271 208

 360 208 246

 247 360 246

 247 246 190

 190 246 361

 190 361 244

 246 208 268

 246 268 361

 361 268 207

 361 207 264

 244 361 264

 244 264 188

 193 274 362

 193 362 250

 274 199 273

 274 273 362

 362 273 209

 362 209 254

 250 362 254

 250 254 197

 197 254 363

 197 363 252

 254 209 272

 254 272 363

 363 272 206

 363 206 263

 252 363 263

 252 263 195

 184 281 364

 184 364 267

 281 186 270

 281 270 364

 364 270 187

 364 187 279

 267 364 279

 267 279 185

 199 282 365

 199 365 261

 282 204 283

 282 283 365

 365 283 211

 365 211 260

 261 365 260

 261 260 202

 202 260 366

 202 366 258

 260 211 278

 260 278 366

 366 278 210

 366 210 276

 258 366 276

 258 276 200

 185 279 367

 185 367 266

 279 187 275

 279 275 367

 367 275 205

 367 205 280

 266 367 280

 266 280 194

 236 312 368

 236 368 309

 312 235 285

 312 285 368

 368 285 217

 368 217 287

 309 368 287

 309 287 219

 221 315 369

 221 369 289

 236 309 369

 236 369 315

 219 289 369

 219 369 309

 213 292 370

 213 370 310

 292 221 318

 292 318 370

 370 318 227

 370 227 299

 310 370 299

 310 299 222

 237 316 371

 237 371 284

 316 234 293

 316 293 371

 371 293 224

 371 224 295

 284 371 295

 284 295 226

 227 317 372

 227 372 297

 237 284 372

 237 372 317

 226 297 372

 226 372 284

 239 322 373

 239 373 321

 322 238 300

 322 300 373

 373 300 229

 373 229 301

 321 373 301

 321 301 231

 232 327 374

 232 374 303

 239 321 374

 239 374 327

 231 303 374

 231 374 321

 232 306 375

 232 375 326

 306 233 324

 306 324 375

 375 324 222

 375 222 299

 326 375 299

 326 299 227

 212 286 376

 212 376 311

 286 220 313

 286 313 376

 376 313 221

 376 221 292

 311 376 292

 311 292 213

 220 291 377

 220 377 313

 291 218 290

 291 290 377

 377 290 236

 377 236 315

 313 377 315

 313 315 221

 218 288 378

 218 378 290

 288 216 308

 288 308 378

 378 308 235

 378 235 312

 290 378 312

 290 312 236

 221 294 379

 221 379 318

 294 225 298

 294 298 379

 379 298 237

 379 237 317

 318 379 317

 318 317 227

 225 296 380

 225 380 298

 296 223 307

 296 307 380

 380 307 234

 380 234 316

 298 380 316

 298 316 237

 212 311 381

 212 381 325

 311 213 323

 311 323 381

 381 323 215

 381 215 314

 325 381 314

 325 314 214

 227 305 382

 227 382 326

 305 230 304

 305 304 382

 382 304 239

 382 239 327

 326 382 327

 326 327 232

 230 302 383

 230 383 304

 302 228 320

 302 320 383

 383 320 238

 383 238 322

 304 383 322

 304 322 239

 213 310 384

 213 384 323

 310 222 324

 310 324 384

 384 324 233

 384 233 319

 323 384 319

 323 319 215

 191 329 385

 191 385 243

 329 219 287

 329 287 385

 385 287 217

 385 217 328

 243 385 328

 243 328 189

 200 331 386

 200 386 258

 331 228 302

 331 302 386

 386 302 230

 386 230 330

 258 386 330

 258 330 202

 198 333 387

 198 387 251

 333 226 295

 333 295 387

 387 295 224

 387 224 332

 251 387 332

 251 332 196

 184 335 388

 184 388 281

 335 212 325

 335 325 388

 388 325 214

 388 214 334

 281 388 334

 281 334 186

 188 337 389

 188 389 244

 337 216 288

 337 288 389

 389 288 218

 389 218 336

 244 389 336

 244 336 190

 204 339 390

 204 390 259

 339 232 303

 339 303 390

 390 303 231

 390 231 338

 259 390 338

 259 338 203

 195 341 391

 195 391 252

 341 223 296

 341 296 391

 391 296 225

 391 225 340

 252 391 340

 252 340 197

 193 342 392

 193 392 245

 342 221 289

 342 289 392

 392 289 219

 392 219 329

 245 392 329

 245 329 191

 187 344 393

 187 393 275

 344 215 319

 344 319 393

 393 319 233

 393 233 343

 275 393 343

 275 343 205

 199 345 394

 199 394 253

 345 227 297

 345 297 394

 394 297 226

 394 226 333

 253 394 333

 253 333 198

 202 330 395

 202 395 261

 330 230 305

 330 305 395

 395 305 227

 395 227 345

 261 395 345

 261 345 199

 210 346 396

 210 396 276

 346 238 320

 346 320 396

 396 320 228

 396 228 331

 276 396 331

 276 331 200

 190 336 397

 190 397 247

 336 218 291

 336 291 397

 397 291 220

 397 220 347

 247 397 347

 247 347 192

 205 343 398

 205 398 262

 343 233 306

 343 306 398

 398 306 232

 398 232 339

 262 398 339

 262 339 204

 186 334 399

 186 399 270

 334 214 314

 334 314 399

 399 314 215

 399 215 344

 270 399 344

 270 344 187

 206 348 400

 206 400 263

 348 234 307

 348 307 400

 400 307 223

 400 223 341

 263 400 341

 263 341 195

 189 328 401

 189 401 241

 328 217 285

 328 285 401

 401 285 235

 401 235 349

 241 401 349

 241 349 207

 201 350 402

 201 402 256

 350 229 300

 350 300 402

 402 300 238

 402 238 346

 256 402 346

 256 346 210

 196 332 403

 196 403 249

 332 224 293

 332 293 403

 403 293 234

 403 234 348

 249 403 348

 249 348 206

 207 349 404

 207 404 264

 349 235 308

 349 308 404

 404 308 216

 404 216 337

 264 404 337

 264 337 188

 192 347 405

 192 405 242

 347 220 286

 347 286 405

 405 286 212

 405 212 335

 242 405 335

 242 335 184

 203 338 406

 203 406 257

 338 231 301

 338 301 406

 406 301 229

 406 229 350

 257 406 350

 257 350 201

 197 340 407

 197 407 250

 340 225 294

 340 294 407

 407 294 221

 407 221 342

 250 407 342

 250 342 193

 432 492 575

 432 575 489

 492 431 465

 492 465 575

 575 465 413

 575 413 467

 489 575 467

 489 467 415

 417 495 576

 417 576 469

 432 489 576

 432 576 495

 415 469 576

 415 576 489

 409 472 577

 409 577 490

 472 417 498

 472 498 577

 577 498 423

 577 423 479

 490 577 479

 490 479 418

 433 496 578

 433 578 464

 496 430 473

 496 473 578

 578 473 420

 578 420 475

 464 578 475

 464 475 422

 423 497 579

 423 579 477

 433 464 579

 433 579 497

 422 477 579

 422 579 464

 435 502 580

 435 580 501

 502 434 480

 502 480 580

 580 480 425

 580 425 481

 501 580 481

 501 481 427

 428 507 581

 428 581 483

 435 501 581

 435 581 507

 427 483 581

 427 581 501

 428 486 582

 428 582 506

 486 429 504

 486 504 582

 582 504 418

 582 418 479

 506 582 479

 506 479 423

 408 466 583

 408 583 491

 466 416 493

 466 493 583

 583 493 417

 583 417 472

 491 583 472

 491 472 409

 416 471 584

 416 584 493

 471 414 470

 471 470 584

 584 470 432

 584 432 495

 493 584 495

 493 495 417

 414 468 585

 414 585 470

 468 412 488

 468 488 585

 585 488 431

 585 431 492

 470 585 492

 470 492 432

 417 474 586

 417 586 498

 474 421 478

 474 478 586

 586 478 433

 586 433 497

 498 586 497

 498 497 423

 421 476 587

 421 587 478

 476 419 487

 476 487 587

 587 487 430

 587 430 496

 478 587 496

 478 496 433

 408 491 588

 408 588 505

 491 409 503

 491 503 588

 588 503 411

 588 411 494

 505 588 494

 505 494 410

 423 485 589

 423 589 506

 485 426 484

 485 484 589

 589 484 435

 589 435 507

 506 589 507

 506 507 428

 426 482 590

 426 590 484

 482 424 500

 482 500 590

 590 500 434

 590 434 502

 484 590 502

 484 502 435

 409 490 591

 409 591 503

 490 418 504

 490 504 591

 591 504 429

 591 429 499

 503 591 499

 503 499 411

 460 533 592

 460 592 536

 533 443 511

 533 511 592

 592 511 441

 592 441 509

 536 592 509

 536 509 459

 445 513 593

 445 593 539

 443 533 593

 443 593 513

 460 539 593

 460 593 533

 437 534 594

 437 594 516

 534 446 523

 534 523 594

 594 523 451

 594 451 542

 516 594 542

 516 542 445

 461 508 595

 461 595 540

 508 450 519

 508 519 595

 595 519 448

 595 448 517

 540 595 517

 540 517 458

 451 521 596

 451 596 541

 450 508 596

 450 596 521

 461 541 596

 461 596 508

 463 545 597

 463 597 546

 545 455 525

 545 525 597

 597 525 453

 597 453 524

 546 597 524

 546 524 462

 456 527 598

 456 598 551

 455 545 598

 455 598 527

 463 551 598

 463 598 545

 456 550 599

 456 599 530

 550 451 523

 550 523 599

 599 523 446

 599 446 548

 530 599 548

 530 548 457

 436 535 600

 436 600 510

 535 437 516

 535 516 600

 600 516 445

 600 445 537

 510 600 537

 510 537 444

 444 537 601

 444 601 515

 537 445 539

 537 539 601

 601 539 460

 601 460 514

 515 601 514

 515 514 442

 442 514 602

 442 602 512

 514 460 536

 514 536 602

 602 536 459

 602 459 532

 512 602 532

 512 532 440

 445 542 603

 445 603 518

 542 451 541

 542 541 603

 603 541 461

 603 461 522

 518 603 522

 518 522 449

 449 522 604

 449 604 520

 522 461 540

 522 540 604

 604 540 458

 604 458 531

 520 604 531

 520 531 447

 436 549 605

 436 605 535

 549 438 538

 549 538 605

 605 538 439

 605 439 547

 535 605 547

 535 547 437

 451 550 606

 451 606 529

 550 456 551

 550 551 606

 606 551 463

 606 463 528

 529 606 528

 529 528 454

 454 528 607

 454 607 526

 528 463 546

 528 546 607

 607 546 462

 607 462 544

 526 607 544

 526 544 452

 437 547 608

 437 608 534

 547 439 543

 547 543 608

 608 543 457

 608 457 548

 534 608 548

 534 548 446

 415 467 609

 415 609 553

 467 413 552

 467 552 609

 609 552 441

 609 441 511

 553 609 511

 553 511 443

 424 482 610

 424 610 555

 482 426 554

 482 554 610

 610 554 454

 610 454 526

 555 610 526

 555 526 452

 422 475 611

 422 611 557

 475 420 556

 475 556 611

 611 556 448

 611 448 519

 557 611 519

 557 519 450

 408 505 612

 408 612 559

 505 410 558

 505 558 612

 612 558 438

 612 438 549

 559 612 549

 559 549 436

 412 468 613

 412 613 561

 468 414 560

 468 560 613

 613 560 442

 613 442 512

 561 613 512

 561 512 440

 428 483 614

 428 614 563

 483 427 562

 483 562 614

 614 562 455

 614 455 527

 563 614 527

 563 527 456

 419 476 615

 419 615 565

 476 421 564

 476 564 615

 615 564 449

 615 449 520

 565 615 520

 565 520 447

 417 469 616

 417 616 566

 469 415 553

 469 553 616

 616 553 443

 616 443 513

 566 616 513

 566 513 445

 411 499 617

 411 617 568

 499 429 567

 499 567 617

 617 567 457

 617 457 543

 568 617 543

 568 543 439

 423 477 618

 423 618 569

 477 422 557

 477 557 618

 618 557 450

 618 450 521

 569 618 521

 569 521 451

 426 485 619

 426 619 554

 485 423 569

 485 569 619

 619 569 451

 619 451 529

 554 619 529

 554 529 454

 434 500 620

 434 620 570

 500 424 555

 500 555 620

 620 555 452

 620 452 544

 570 620 544

 570 544 462

 414 471 621

 414 621 560

 471 416 571

 471 571 621

 621 571 444

 621 444 515

 560 621 515

 560 515 442

 429 486 622

 429 622 567

 486 428 563

 486 563 622

 622 563 456

 622 456 530

 567 622 530

 567 530 457

 410 494 623

 410 623 558

 494 411 568

 494 568 623

 623 568 439

 623 439 538

 558 623 538

 558 538 438

 430 487 624

 430 624 572

 487 419 565

 487 565 624

 624 565 447

 624 447 531

 572 624 531

 572 531 458

 413 465 625

 413 625 552

 465 431 573

 465 573 625

 625 573 459

 625 459 509

 552 625 509

 552 509 441

 425 480 626

 425 626 574

 480 434 570

 480 570 626

 626 570 462

 626 462 524

 574 626 524

 574 524 453

 420 473 627

 420 627 556

 473 430 572

 473 572 627

 627 572 458

 627 458 517

 556 627 517

 556 517 448

 431 488 628

 431 628 573

 488 412 561

 488 561 628

 628 561 440

 628 440 532

 573 628 532

 573 532 459

 416 466 629

 416 629 571

 466 408 559

 466 559 629

 629 559 436

 629 436 510

 571 629 510

 571 510 444

 427 481 630

 427 630 562

 481 425 574

 481 574 630

 630 574 453

 630 453 525

 562 630 525

 562 525 455

 421 474 631

 421 631 564

 474 417 566

 474 566 631

 631 566 445

 631 445 518

 564 631 518

 564 518 449

 768 814 706

 768 706 663

 814 763 655

 814 655 706

 706 655 633

 706 633 660

 663 706 660

 663 660 636

 647 694 707

 647 707 669

 694 648 670

 694 670 707

 707 670 637

 707 637 662

 669 707 662

 669 662 636

 642 675 708

 642 708 679

 675 636 662

 675 662 708

 708 662 637

 708 637 676

 679 708 676

 679 676 643

 771 817 709

 771 709 678

 817 768 663

 817 663 709

 709 663 636

 709 636 675

 678 709 675

 678 675 642

 646 693 710

 646 710 687

 693 647 669

 693 669 710

 710 669 636

 710 636 660

 687 710 660

 687 660 633

 648 692 711

 648 711 670

 692 649 671

 692 671 711

 711 671 632

 711 632 661

 670 711 661

 670 661 637

 649 691 712

 649 712 671

 691 646 687

 691 687 712

 712 687 633

 712 633 656

 671 712 656

 671 656 632

 643 676 713

 643 713 677

 676 637 674

 676 674 713

 713 674 767

 713 767 818

 677 713 818

 677 818 772

 808 864 975

 808 975 967

 637 661 714

 637 714 674

 661 632 672

 661 672 714

 714 672 764

 714 764 813

 674 714 813

 674 813 767

 956 958 715

 956 715 842

 958 954 695

 958 695 715

 925 929 650

 927 925 650

 954 959 716

 954 716 695

 959 955 696

 959 696 716

 924 928 650

 929 924 650

 651 700 717

 651 717 685

 700 652 686

 700 686 717

 719 681 685

 719 685 717

 643 677 718

 643 718 681

 677 772 828

 677 828 718

 824 721 720

 824 720 831

 828 851 730

 828 730 718

 642 679 719

 642 719 680

 679 643 681

 679 681 719

 775 784 698

 775 698 683

 699 684 645

 699 645 651

 652 698 720

 652 720 686

 698 784 831

 698 831 720

 721 680 686

 721 686 720

 680 719 717

 680 717 686

 771 678 721

 771 721 824

 678 642 680

 678 680 721

 640 667 722

 640 722 690

 667 638 668

 667 668 722

 722 668 646

 722 646 691

 690 722 691

 690 691 649

 641 665 723

 641 723 689

 665 640 690

 665 690 723

 723 690 649

 723 649 692

 689 723 692

 689 692 648

 638 664 724

 638 724 668

 664 639 688

 664 688 724

 724 688 647

 724 647 693

 668 724 693

 668 693 646

 639 666 725

 639 725 688

 666 641 689

 666 689 725

 725 689 648

 725 648 694

 688 725 694

 688 694 647

 955 960 726

 955 726 696

 960 957 843

 960 843 726

 923 926 650

 928 923 650

 873 849 658

 873 658 635

 864 848 972

 864 972 975

 811 847 971

 811 971 969

 849 873 978

 849 978 973

 872 849 973

 872 973 977

 633 655 727

 633 727 697

 655 763 845

 655 845 727

 727 657 635

 727 635 697

 634 673 728

 634 728 659

 764 672 728

 764 728 846

 672 632 659

 672 659 728

 728 673 766

 728 766 846

 697 635 658

 697 658 729

 632 656 729

 632 729 659

 656 633 697

 656 697 729

 729 658 634

 729 634 659

 845 765 657

 845 657 727

 682 732 701

 682 701 644

 645 702 732

 645 732 682

 683 733 857

 683 857 775

 644 701 733

 644 733 683

 644 652 700

 644 700 682

 683 698 652

 683 652 644

 730 851 782

 730 782 699

 685 730 699

 685 699 651

 718 730 685

 718 685 681

 682 700 651

 682 651 645

 684 731 702

 684 702 645

 731 858 788

 731 788 703

 702 731 703

 702 703 654

 732 702 654

 732 654 704

 701 732 704

 701 704 653

 733 701 653

 733 653 705

 857 733 705

 857 705 787

 782 776 684

 782 684 699

 776 858 731

 776 731 684

 903 739 734

 903 734 894

 739 740 735

 739 735 734

 740 741 736

 740 736 735

 741 742 737

 741 737 736

 742 743 738

 742 738 737

 743 908 900

 743 900 738

 742 741 901

 741 740 901

 908 743 901

 739 903 901

 743 742 901

 740 739 901

 667 640 746

 667 746 751

 666 639 745

 666 745 750

 665 641 747

 665 747 749

 639 664 748

 639 748 745

 638 667 751

 638 751 744

 641 666 750

 641 750 747

 640 665 749

 640 749 746

 664 638 744

 664 744 748

 748 744 752

 751 746 752

 750 745 752

 749 747 752

 745 748 752

 744 751 752

 747 750 752

 746 749 752

 768 797 862

 768 862 814

 814 862 789

 814 789 763

 862 794 754

 862 754 789

 797 757 794

 797 794 862

 778 803 863

 778 863 839

 839 863 804

 839 804 779

 863 796 758

 863 758 804

 803 757 796

 803 796 863

 769 821 866

 769 866 815

 815 866 796

 815 796 757

 866 816 758

 866 758 796

 821 770 816

 821 816 866

 771 820 867

 771 867 817

 817 867 797

 817 797 768

 867 815 757

 867 757 797

 820 769 815

 820 815 867

 777 832 868

 777 868 838

 838 868 803

 838 803 778

 868 794 757

 868 757 803

 832 754 794

 832 794 868

 779 804 869

 779 869 837

 837 869 805

 837 805 780

 869 795 753

 869 753 805

 804 758 795

 804 795 869

 780 805 870

 780 870 836

 836 870 832

 836 832 777

 870 790 754

 870 754 832

 805 753 790

 805 790 870

 770 819 871

 770 871 816

 816 871 809

 816 809 758

 871 818 767

 871 767 809

 819 772 818

 819 818 871

 765 865 850

 765 850 657

 810 812 970

 810 970 968

 657 850 873

 657 873 635

 634 872 848

 634 848 673

 658 849 872

 658 872 634

 673 848 864

 673 864 766

 850 865 976

 850 976 974

 758 809 874

 758 874 795

 795 874 806

 795 806 753

 874 813 764

 874 764 806

 809 767 813

 809 813 874

 956 842 875

 956 875 963

 963 875 840

 963 840 961

 920 650 922

 927 650 920

 961 840 876

 961 876 964

 964 876 841

 964 841 962

 919 650 921

 922 650 919

 781 829 877

 781 877 854

 854 877 830

 854 830 783

 879 877 829

 879 829 823

 770 823 878

 770 878 819

 819 878 828

 819 828 772

 824 831 880

 824 880 881

 828 878 890

 828 890 851

 769 822 879

 769 879 821

 821 879 823

 821 823 770

 775 826 852

 775 852 784

 853 781 774

 853 774 827

 783 830 880

 783 880 852

 852 880 831

 852 831 784

 881 880 830

 881 830 822

 822 830 877

 822 877 879

 771 824 881

 771 881 820

 820 881 822

 820 822 769

 761 835 882

 761 882 801

 801 882 802

 801 802 759

 882 836 777

 882 777 802

 835 780 836

 835 836 882

 762 834 883

 762 883 799

 799 883 835

 799 835 761

 883 837 780

 883 780 835

 834 779 837

 834 837 883

 759 802 884

 759 884 798

 798 884 833

 798 833 760

 884 838 778

 884 778 833

 802 777 838

 802 838 884

 760 833 885

 760 885 800

 800 885 834

 800 834 762

 885 839 779

 885 779 834

 833 778 839

 833 839 885

 962 841 886

 962 886 965

 965 886 843

 965 843 957

 918 650 926

 921 650 918

 847 756 792

 847 792 810

 847 810 968

 847 968 971

 848 872 977

 848 977 972

 812 808 967

 812 967 970

 765 791 811

 765 811 865

 865 811 969

 865 969 976

 754 844 887

 754 887 789

 789 887 845

 789 845 763

 887 844 756

 887 756 791

 755 793 888

 755 888 807

 764 846 888

 764 888 806

 806 888 793

 806 793 753

 888 846 766

 888 766 807

 844 889 792

 844 792 756

 753 793 889

 753 889 790

 790 889 844

 790 844 754

 889 793 755

 889 755 792

 873 850 974

 873 974 978

 791 756 847

 791 847 811

 755 807 808

 755 808 812

 792 755 812

 792 812 810

 845 887 791

 845 791 765

 807 766 864

 807 864 808

 825 773 855

 825 855 892

 774 825 892

 774 892 856

 826 775 857

 826 857 893

 773 826 893

 773 893 855

 773 825 854

 773 854 783

 826 773 783

 826 783 852

 890 853 782

 890 782 851

 829 781 853

 829 853 890

 878 823 829

 878 829 890

 825 774 781

 825 781 854

 827 774 856

 827 856 891

 891 859 788

 891 788 858

 856 786 859

 856 859 891

 892 860 786

 892 786 856

 855 785 860

 855 860 892

 893 861 785

 893 785 855

 857 787 861

 857 861 893

 782 853 827

 782 827 776

 776 827 891

 776 891 858

 903 894 895

 903 895 902

 902 895 896

 902 896 904

 904 896 897

 904 897 905

 905 897 898

 905 898 906

 906 898 899

 906 899 907

 907 899 900

 907 900 908

 906 901 905

 905 901 904

 908 901 907

 902 901 903

 907 901 906

 904 901 902

 801 916 911

 801 911 761

 800 915 910

 800 910 760

 799 914 912

 799 912 762

 760 910 913

 760 913 798

 759 909 916

 759 916 801

 762 912 915

 762 915 800

 761 911 914

 761 914 799

 798 913 909

 798 909 759

 913 917 909

 916 917 911

 915 917 910

 914 917 912

 910 917 913

 909 917 916

 912 917 915

 911 917 914

 942 953 929

 942 929 925

 951 942 925

 951 925 927

 943 952 928

 943 928 924

 953 943 924

 953 924 929

 944 950 926

 944 926 923

 952 944 923

 952 923 928

 945 920 922

 945 922 949

 951 927 920

 951 920 945

 946 919 921

 946 921 948

 949 922 919

 949 919 946

 947 918 926

 947 926 950

 948 921 918

 948 918 947

 859 941 933

 859 933 788

 786 938 941

 786 941 859

 860 940 938

 860 938 786

 785 937 940

 785 940 860

 861 939 937

 861 937 785

 787 932 939

 787 939 861

 703 788 933

 703 933 936

 654 703 936

 654 936 931

 704 654 931

 704 931 935

 653 704 935

 653 935 930

 705 653 930

 705 930 934

 787 705 934

 787 934 932

 841 948 947

 841 947 886

 886 947 950

 886 950 843

 840 949 946

 840 946 876

 876 946 948

 876 948 841

 842 951 945

 842 945 875

 875 945 949

 875 949 840

 696 726 944

 696 944 952

 726 843 950

 726 950 944

 695 716 943

 695 943 953

 716 696 952

 716 952 943

 842 715 942

 842 942 951

 715 695 953

 715 953 942

 941 965 957

 941 957 933

 938 962 965

 938 965 941

 940 964 962

 940 962 938

 937 961 964

 937 964 940

 939 963 961

 939 961 937

 932 956 963

 932 963 939

 936 933 957

 936 957 960

 931 936 960

 931 960 955

 935 931 955

 935 955 959

 930 935 959

 930 959 954

 934 930 954

 934 954 958

 932 934 958

 932 958 956

 976 966 974

 974 966 978

 977 966 972

 973 966 977

 972 966 975

 966 973 978

 976 969 966

 969 971 966

 970 967 966

 968 970 966

 967 975 966

 966 971 968

 1091 1085 1061

 1091 1061 1064

 1064 1012 979

 1064 979 1016

 1061 980 1012

 1061 1012 1064

 1084 1091 1064

 1084 1064 1016

 1090 1086 1062

 1090 1062 1065

 1065 1014 980

 1065 980 1061

 1062 982 1014

 1062 1014 1065

 1088 1097 1093

 1088 1093 1084

 1089 1087 1063

 1089 1063 1066

 1066 1013 982

 1066 982 1062

 1063 981 1013

 1063 1013 1066

 1089 1098 1096

 1089 1096 1087

 1088 1084 1016

 1088 1016 1067

 1067 1015 981

 1067 981 1063

 1016 979 1015

 1016 1015 1067

 987 1020 1068

 987 1068 1025

 1025 1068 1021

 1025 1021 984

 1105 983 1104

 1103 983 1105

 986 1019 1069

 986 1069 1024

 1024 1069 1020

 1024 1020 987

 1106 983 1103

 1102 983 1106

 985 1018 1070

 985 1070 1023

 1023 1070 1019

 1023 1019 986

 1107 983 1102

 1101 983 1107

 984 1021 1071

 984 1071 1022

 1022 1071 1018

 1022 1018 985

 1108 983 1101

 1104 983 1108

 993 1038 1023

 993 1023 986

 1039 995 984

 1039 984 1022

 994 1037 1024

 994 1024 987

 1038 992 985

 1038 985 1023

 984 995 1036

 984 1036 1025

 1037 993 986

 1037 986 1024

 1036 994 987

 1036 987 1025

 1003 1028 1072

 1003 1072 1051

 1051 1072 1044

 1051 1044 1000

 1072 1029 988

 1072 988 1044

 1028 991 1029

 1028 1029 1072

 1002 1027 1073

 1002 1073 1050

 1050 1073 1028

 1050 1028 1003

 1073 1030 991

 1073 991 1028

 1027 990 1030

 1027 1030 1073

 1001 1026 1074

 1001 1074 1049

 1049 1074 1027

 1049 1027 1002

 1074 1031 990

 1074 990 1027

 1026 989 1031

 1026 1031 1074

 1000 1044 1075

 1000 1075 1048

 1048 1075 1026

 1048 1026 1001

 1075 1032 989

 1075 989 1026

 1044 988 1032

 1044 1032 1075

 1006 1035 1076

 1006 1076 1056

 1056 1076 1052

 1056 1052 1007

 1076 1036 995

 1076 995 1052

 1035 994 1036

 1035 1036 1076

 1005 1034 1077

 1005 1077 1055

 1055 1077 1035

 1055 1035 1006

 1077 1037 994

 1077 994 1035

 1034 993 1037

 1034 1037 1077

 1004 1033 1078

 1004 1078 1054

 1054 1078 1034

 1054 1034 1005

 1078 1038 993

 1078 993 1034

 1033 992 1038

 1033 1038 1078

 1007 1052 1079

 1007 1079 1053

 1053 1079 1033

 1053 1033 1004

 1079 1039 992

 1079 992 1033

 1052 995 1039

 1052 1039 1079

 1010 1059 1041

 1010 1041 998

 1060 1008 996

 1060 996 1040

 1011 1058 1042

 1011 1042 999

 1059 1009 997

 1059 997 1041

 996 1008 1057

 996 1057 1043

 1058 1010 998

 1058 998 1042

 1057 1011 999

 1057 999 1043

 982 1017 1080

 982 1080 1014

 1014 1080 1045

 1014 1045 980

 1080 1048 1001

 1080 1001 1045

 1017 1000 1048

 1017 1048 1080

 980 1045 1081

 980 1081 1012

 1012 1081 1046

 1012 1046 979

 1081 1049 1002

 1081 1002 1046

 1045 1001 1049

 1045 1049 1081

 979 1046 1082

 979 1082 1015

 1015 1082 1047

 1015 1047 981

 1082 1050 1003

 1082 1003 1047

 1046 1002 1050

 1046 1050 1082

 981 1047 1083

 981 1083 1013

 1013 1083 1017

 1013 1017 982

 1083 1051 1000

 1083 1000 1017

 1047 1003 1051

 1047 1051 1083

 998 1041 1054

 998 1054 1005

 1040 996 1007

 1040 1007 1053

 999 1042 1055

 999 1055 1006

 1041 997 1004

 1041 1004 1054

 1007 996 1043

 1007 1043 1056

 1042 998 1005

 1042 1005 1055

 1043 999 1006

 1043 1006 1056

 991 1030 1058

 991 1058 1011

 1029 991 1011

 1029 1011 1057

 990 1031 1059

 990 1059 1010

 1030 990 1010

 1030 1010 1058

 989 1032 1060

 989 1060 1009

 1031 989 1009

 1031 1009 1059

 1032 988 1008

 1032 1008 1060

 1008 988 1029

 1008 1029 1057

 997 1040 1053

 997 1053 1004

 1009 1060 1040

 1009 1040 997

 992 1039 1022

 992 1022 985

 1090 1099 1095

 1090 1095 1086

 1067 1063 1087

 1067 1087 1088

 1091 1100 1094

 1091 1094 1085

 1066 1062 1086

 1066 1086 1089

 1087 1096 1097

 1087 1097 1088

 1065 1061 1085

 1065 1085 1090

 1086 1095 1098

 1086 1098 1089

 1085 1094 1099

 1085 1099 1090

 1084 1093 1100

 1084 1100 1091

 1099 1094 1092

 1098 1095 1092

 1097 1096 1092

 1092 1093 1097

 1092 1096 1098

 1092 1095 1099

 1092 1100 1093

 1092 1094 1100

 1021 1104 1108

 1021 1108 1071

 1071 1108 1101

 1071 1101 1018

 1018 1101 1107

 1018 1107 1070

 1070 1107 1102

 1070 1102 1019

 1019 1102 1106

 1019 1106 1069

 1069 1106 1103

 1069 1103 1020

 1020 1103 1105

 1020 1105 1068

 1068 1105 1104

 1068 1104 1021

 1221 1194 1191

 1221 1191 1215

 1194 1146 1109

 1194 1109 1142

 1191 1194 1142

 1191 1142 1110

 1214 1146 1194

 1214 1194 1221

 1220 1195 1192

 1220 1192 1216

 1195 1191 1110

 1195 1110 1144

 1192 1195 1144

 1192 1144 1112

 1218 1214 1223

 1218 1223 1227

 1219 1196 1193

 1219 1193 1217

 1196 1192 1112

 1196 1112 1143

 1193 1196 1143

 1193 1143 1111

 1219 1217 1226

 1219 1226 1228

 1218 1197 1146

 1218 1146 1214

 1197 1193 1111

 1197 1111 1145

 1146 1197 1145

 1146 1145 1109

 1117 1155 1198

 1117 1198 1150

 1155 1114 1151

 1155 1151 1198

 1235 1234 1113

 1233 1235 1113

 1116 1154 1199

 1116 1199 1149

 1154 1117 1150

 1154 1150 1199

 1236 1233 1113

 1232 1236 1113

 1115 1153 1200

 1115 1200 1148

 1153 1116 1149

 1153 1149 1200

 1237 1232 1113

 1231 1237 1113

 1114 1152 1201

 1114 1201 1151

 1152 1115 1148

 1152 1148 1201

 1238 1231 1113

 1234 1238 1113

 1123 1116 1153

 1123 1153 1168

 1169 1152 1114

 1169 1114 1125

 1124 1117 1154

 1124 1154 1167

 1168 1153 1115

 1168 1115 1122

 1114 1155 1166

 1114 1166 1125

 1167 1154 1116

 1167 1116 1123

 1166 1155 1117

 1166 1117 1124

 1133 1181 1202

 1133 1202 1158

 1181 1130 1174

 1181 1174 1202

 1202 1174 1118

 1202 1118 1159

 1158 1202 1159

 1158 1159 1121

 1132 1180 1203

 1132 1203 1157

 1180 1133 1158

 1180 1158 1203

 1203 1158 1121

 1203 1121 1160

 1157 1203 1160

 1157 1160 1120

 1131 1179 1204

 1131 1204 1156

 1179 1132 1157

 1179 1157 1204

 1204 1157 1120

 1204 1120 1161

 1156 1204 1161

 1156 1161 1119

 1130 1178 1205

 1130 1205 1174

 1178 1131 1156

 1178 1156 1205

 1205 1156 1119

 1205 1119 1162

 1174 1205 1162

 1174 1162 1118

 1136 1186 1206

 1136 1206 1165

 1186 1137 1182

 1186 1182 1206

 1206 1182 1125

 1206 1125 1166

 1165 1206 1166

 1165 1166 1124

 1135 1185 1207

 1135 1207 1164

 1185 1136 1165

 1185 1165 1207

 1207 1165 1124

 1207 1124 1167

 1164 1207 1167

 1164 1167 1123

 1134 1184 1208

 1134 1208 1163

 1184 1135 1164

 1184 1164 1208

 1208 1164 1123

 1208 1123 1168

 1163 1208 1168

 1163 1168 1122

 1137 1183 1209

 1137 1209 1182

 1183 1134 1163

 1183 1163 1209

 1209 1163 1122

 1209 1122 1169

 1182 1209 1169

 1182 1169 1125

 1140 1128 1171

 1140 1171 1189

 1190 1170 1126

 1190 1126 1138

 1141 1129 1172

 1141 1172 1188

 1189 1171 1127

 1189 1127 1139

 1126 1173 1187

 1126 1187 1138

 1188 1172 1128

 1188 1128 1140

 1187 1173 1129

 1187 1129 1141

 1112 1144 1210

 1112 1210 1147

 1144 1110 1175

 1144 1175 1210

 1210 1175 1131

 1210 1131 1178

 1147 1210 1178

 1147 1178 1130

 1110 1142 1211

 1110 1211 1175

 1142 1109 1176

 1142 1176 1211

 1211 1176 1132

 1211 1132 1179

 1175 1211 1179

 1175 1179 1131

 1109 1145 1212

 1109 1212 1176

 1145 1111 1177

 1145 1177 1212

 1212 1177 1133

 1212 1133 1180

 1176 1212 1180

 1176 1180 1132

 1111 1143 1213

 1111 1213 1177

 1143 1112 1147

 1143 1147 1213

 1213 1147 1130

 1213 1130 1181

 1177 1213 1181

 1177 1181 1133

 1128 1135 1184

 1128 1184 1171

 1170 1183 1137

 1170 1137 1126

 1129 1136 1185

 1129 1185 1172

 1171 1184 1134

 1171 1134 1127

 1137 1186 1173

 1137 1173 1126

 1172 1185 1135

 1172 1135 1128

 1173 1186 1136

 1173 1136 1129

 1121 1141 1188

 1121 1188 1160

 1159 1187 1141

 1159 1141 1121

 1120 1140 1189

 1120 1189 1161

 1160 1188 1140

 1160 1140 1120

 1119 1139 1190

 1119 1190 1162

 1161 1189 1139

 1161 1139 1119

 1162 1190 1138

 1162 1138 1118

 1138 1187 1159

 1138 1159 1118

 1127 1134 1183

 1127 1183 1170

 1139 1127 1170

 1139 1170 1190

 1122 1115 1152

 1122 1152 1169

 1220 1216 1225

 1220 1225 1229

 1197 1218 1217

 1197 1217 1193

 1221 1215 1224

 1221 1224 1230

 1196 1219 1216

 1196 1216 1192

 1217 1218 1227

 1217 1227 1226

 1195 1220 1215

 1195 1215 1191

 1216 1219 1228

 1216 1228 1225

 1215 1220 1229

 1215 1229 1224

 1214 1221 1230

 1214 1230 1223

 1229 1222 1224

 1228 1222 1225

 1227 1222 1226

 1222 1227 1223

 1222 1228 1226

 1222 1229 1225

 1222 1223 1230

 1222 1230 1224

 1151 1201 1238

 1151 1238 1234

 1201 1148 1231

 1201 1231 1238

 1148 1200 1237

 1148 1237 1231

 1200 1149 1232

 1200 1232 1237

 1149 1199 1236

 1149 1236 1232

 1199 1150 1233

 1199 1233 1236

 1150 1198 1235

 1150 1235 1233

 1198 1151 1234

 1198 1234 1235

 1270 1255 1256

 1270 1256 1278

 1255 1243 1247

 1255 1247 1256

 1256 1247 1239

 1256 1239 1248

 1278 1256 1248

 1278 1248 1263

 1243 1254 1257

 1243 1257 1247

 1254 1244 1252

 1254 1252 1257

 1257 1252 1240

 1257 1240 1246

 1247 1257 1246

 1247 1246 1239

 1244 1253 1258

 1244 1258 1252

 1253 1269 1276

 1253 1276 1258

 1258 1276 1262

 1258 1262 1245

 1252 1258 1245

 1252 1245 1240

 1240 1245 1259

 1240 1259 1246

 1245 1262 1277

 1245 1277 1259

 1259 1277 1263

 1259 1263 1248

 1246 1259 1248

 1246 1248 1239

 1299 1266 1249

 1299 1249 1297

 1295 1298 1311

 1295 1311 1308

 1297 1249 1242

 1297 1242 1301

 1300 1241 1251

 1300 1251 1295

 1296 1250 1241

 1296 1241 1300

 1266 1269 1253

 1266 1253 1249

 1295 1251 1267

 1295 1267 1298

 1244 1254 1250

 1244 1250 1242

 1249 1253 1244

 1249 1244 1242

 1241 1243 1255

 1241 1255 1251

 1250 1254 1243

 1250 1243 1241

 1251 1255 1270

 1251 1270 1267

 1270 1278 1286

 1270 1286 1285

 1285 1286 1274

 1285 1274 1268

 1286 1275 1260

 1286 1260 1274

 1278 1263 1275

 1278 1275 1286

 1268 1274 1287

 1268 1287 1284

 1284 1287 1282

 1284 1282 1271

 1287 1273 1261

 1287 1261 1282

 1274 1260 1273

 1274 1273 1287

 1271 1282 1288

 1271 1288 1283

 1283 1288 1276

 1283 1276 1269

 1288 1272 1262

 1288 1262 1276

 1282 1261 1272

 1282 1272 1288

 1261 1273 1289

 1261 1289 1272

 1272 1289 1277

 1272 1277 1262

 1289 1275 1263

 1289 1263 1277

 1273 1260 1275

 1273 1275 1289

 1299 1292 1279

 1299 1279 1266

 1294 1292 1305

 1294 1305 1307

 1292 1294 1265

 1292 1265 1279

 1293 1290 1281

 1293 1281 1264

 1291 1293 1264

 1291 1264 1280

 1266 1279 1283

 1266 1283 1269

 1290 1298 1267

 1290 1267 1281

 1271 1265 1280

 1271 1280 1284

 1279 1265 1271

 1279 1271 1283

 1264 1281 1285

 1264 1285 1268

 1280 1264 1268

 1280 1268 1284

 1281 1267 1270

 1281 1270 1285

 1301 1296 1309

 1301 1309 1314

 1242 1250 1296

 1242 1296 1301

 1298 1290 1303

 1298 1303 1311

 1296 1300 1313

 1296 1313 1309

 1291 1294 1307

 1291 1307 1304

 1299 1297 1310

 1299 1310 1312

 1293 1291 1304

 1293 1304 1306

 1265 1294 1291

 1265 1291 1280

 1300 1295 1308

 1300 1308 1313

 1292 1299 1312

 1292 1312 1305

 1290 1293 1306

 1290 1306 1303

 1297 1301 1314

 1297 1314 1310

 1314 1309 1302

 1307 1302 1304

 1302 1312 1310

 1302 1310 1314

 1302 1313 1308

 1302 1309 1313

 1302 1308 1311

 1302 1305 1312

 1302 1307 1305

 1302 1303 1306

 1302 1306 1304

 1302 1311 1303

 1551 1821 2723

 1551 2723 1837

 1821 1550 1838

 1821 1838 2723

 2723 1838 1320

 2723 1320 1832

 1837 2723 1832

 1837 1832 1321

 1548 1952 2724

 1548 2724 1839

 1952 1624 1955

 1952 1955 2724

 2724 1955 1317

 2724 1317 1829

 1839 2724 1829

 1839 1829 1318

 1555 1825 2725

 1555 2725 1840

 1825 1554 1841

 1825 1841 2725

 2725 1841 1324

 2725 1324 1836

 1840 2725 1836

 1840 1836 1325

 1623 1949 2726

 1623 2726 1956

 1622 1953 2726

 1622 2726 1949

 1315 1956 2726

 1315 2726 1953

 1552 1822 2727

 1552 2727 1842

 1822 1551 1837

 1822 1837 2727

 2727 1837 1321

 2727 1321 1833

 1842 2727 1833

 1842 1833 1322

 1658 2025 2728

 1658 2728 2037

 2025 1548 1839

 2025 1839 2728

 2728 1839 1318

 2728 1318 2026

 2037 2728 2026

 2037 2026 1395

 1556 1826 2729

 1556 2729 1954

 1555 1840 2729

 1555 2729 1826

 1325 1954 2729

 1325 2729 1840

 1547 1950 2730

 1547 2730 1844

 1950 1623 1956

 1950 1956 2730

 2730 1956 1315

 2730 1315 1827

 1844 2730 1827

 1844 1827 1316

 1665 2038 2731

 1665 2731 2052

 2038 1552 1842

 2038 1842 2731

 2731 1842 1322

 2731 1322 2039

 2052 2731 2039

 2052 2039 1400

 1550 1820 2732

 1550 2732 1838

 1820 1549 1843

 1820 1843 2732

 2732 1843 1319

 2732 1319 1831

 1838 2732 1831

 1838 1831 1320

 1624 1951 2733

 1624 2733 1955

 1951 1547 1844

 1951 1844 2733

 2733 1844 1316

 2733 1316 1828

 1955 2733 1828

 1955 1828 1317

 1554 1824 2734

 1554 2734 1841

 1824 1553 1845

 1824 1845 2734

 2734 1845 1323

 2734 1323 1835

 1841 2734 1835

 1841 1835 1324

 1556 1954 2735

 1556 2735 1958

 1325 1856 2735

 1325 2735 1954

 1336 1958 2735

 1336 2735 1856

 1316 1827 2736

 1316 2736 1857

 1827 1315 1858

 1827 1858 2736

 2736 1858 1326

 2736 1326 1846

 1857 2736 1846

 1857 1846 1327

 1400 2039 2737

 1400 2737 2051

 2039 1322 1860

 2039 1860 2737

 2737 1860 1333

 2737 1333 2040

 2051 2737 2040

 2051 2040 1401

 1320 1831 2738

 1320 2738 1861

 1831 1319 1862

 1831 1862 2738

 2738 1862 1330

 2738 1330 1850

 1861 2738 1850

 1861 1850 1331

 1317 1828 2739

 1317 2739 1863

 1828 1316 1857

 1828 1857 2739

 2739 1857 1327

 2739 1327 1847

 1863 2739 1847

 1863 1847 1328

 1324 2201 2740

 1324 2740 1864

 1334 1854 2740

 1334 2740 2201

 1335 1864 2740

 1335 2740 1854

 1321 1832 2741

 1321 2741 1865

 1832 1320 1861

 1832 1861 2741

 2741 1861 1331

 2741 1331 1851

 1865 2741 1851

 1865 1851 1332

 1318 1829 2742

 1318 2742 1866

 1829 1317 1863

 1829 1863 2742

 2742 1863 1328

 2742 1328 1848

 1866 2742 1848

 1866 1848 1329

 1325 1836 2743

 1325 2743 1856

 1836 1324 1864

 1836 1864 2743

 2743 1864 1335

 2743 1335 1855

 1856 2743 1855

 1856 1855 1336

 1315 1953 2744

 1315 2744 1858

 1622 1957 2744

 1622 2744 1953

 1326 1858 2744

 1326 2744 1957

 1322 1833 2745

 1322 2745 1860

 1833 1321 1865

 1833 1865 2745

 2745 1865 1332

 2745 1332 1852

 1860 2745 1852

 1860 1852 1333

 1395 2026 2746

 1395 2746 2036

 2026 1318 1866

 2026 1866 2746

 2746 1866 1329

 2746 1329 2027

 2036 2746 2027

 2036 2027 1396

 1329 1848 2747

 1329 2747 1877

 1848 1328 1878

 1848 1878 2747

 2747 1878 1339

 2747 1339 1869

 1877 2747 1869

 1877 1869 1340

 1336 1855 2748

 1336 2748 1879

 1855 1335 1880

 1855 1880 2748

 2748 1880 1346

 2748 1346 1876

 1879 2748 1876

 1879 1876 1347

 1326 1957 2749

 1326 2749 1881

 1622 1959 2749

 1622 2749 1957

 1337 1881 2749

 1337 2749 1959

 1333 1852 2750

 1333 2750 1882

 1852 1332 1883

 1852 1883 2750

 2750 1883 1343

 2750 1343 1873

 1882 2750 1873

 1882 1873 1344

 1396 2027 2751

 1396 2751 2035

 2027 1329 1877

 2027 1877 2751

 2751 1877 1340

 2751 1340 2028

 2035 2751 2028

 2035 2028 1397

 1556 1958 2752

 1556 2752 1960

 1336 1879 2752

 1336 2752 1958

 1347 1960 2752

 1347 2752 1879

 1327 1846 2753

 1327 2753 1885

 1846 1326 1881

 1846 1881 2753

 2753 1881 1337

 2753 1337 1867

 1885 2753 1867

 1885 1867 1338

 1401 2040 2754

 1401 2754 2050

 2040 1333 1882

 2040 1882 2754

 2754 1882 1344

 2754 1344 2041

 2050 2754 2041

 2050 2041 1402

 1331 1850 2755

 1331 2755 1887

 1850 1330 1884

 1850 1884 2755

 2755 1884 1341

 2755 1341 1871

 1887 2755 1871

 1887 1871 1342

 1328 1847 2756

 1328 2756 1878

 1847 1327 1885

 1847 1885 2756

 2756 1885 1338

 2756 1338 1868

 1878 2756 1868

 1878 1868 1339

 1335 1854 2757

 1335 2757 1880

 1854 1334 1886

 1854 1886 2757

 2757 1886 1345

 2757 1345 1875

 1880 2757 1875

 1880 1875 1346

 1332 1851 2758

 1332 2758 1883

 1851 1331 1887

 1851 1887 2758

 2758 1887 1342

 2758 1342 1872

 1883 2758 1872

 1883 1872 1343

 1339 1868 2759

 1339 2759 1898

 1868 1338 1899

 1868 1899 2759

 2759 1899 1349

 2759 1349 1889

 1898 2759 1889

 1898 1889 1350

 1346 1875 2760

 1346 2760 1900

 1875 1345 1901

 1875 1901 2760

 2760 1901 1356

 2760 1356 1896

 1900 2760 1896

 1900 1896 1357

 1343 1872 2761

 1343 2761 1902

 1872 1342 1903

 1872 1903 2761

 2761 1903 1353

 2761 1353 1893

 1902 2761 1893

 1902 1893 1354

 1340 1869 2762

 1340 2762 1904

 1869 1339 1898

 1869 1898 2762

 2762 1898 1350

 2762 1350 1890

 1904 2762 1890

 1904 1890 1351

 1347 1876 2763

 1347 2763 1905

 1876 1346 1900

 1876 1900 2763

 2763 1900 1357

 2763 1357 1897

 1905 2763 1897

 1905 1897 1358

 1337 1959 2764

 1337 2764 1906

 1622 1961 2764

 1622 2764 1959

 1348 1906 2764

 1348 2764 1961

 1344 1873 2765

 1344 2765 1907

 1873 1343 1902

 1873 1902 2765

 2765 1902 1354

 2765 1354 1894

 1907 2765 1894

 1907 1894 1355

 1397 2028 2766

 1397 2766 2034

 2028 1340 1904

 2028 1904 2766

 2766 1904 1351

 2766 1351 2029

 2034 2766 2029

 2034 2029 1398

 1556 1960 2767

 1556 2767 1962

 1347 1905 2767

 1347 2767 1960

 1358 1962 2767

 1358 2767 1905

 1338 1867 2768

 1338 2768 1899

 1867 1337 1906

 1867 1906 2768

 2768 1906 1348

 2768 1348 1888

 1899 2768 1888

 1899 1888 1349

 1402 2041 2769

 1402 2769 2049

 2041 1344 1907

 2041 1907 2769

 2769 1907 1355

 2769 1355 2042

 2049 2769 2042

 2049 2042 1403

 1342 1871 2770

 1342 2770 1903

 1871 1341 1908

 1871 1908 2770

 2770 1908 1352

 2770 1352 1892

 1903 2770 1892

 1903 1892 1353

 1398 2029 2771

 1398 2771 2033

 2029 1351 1920

 2029 1920 2771

 2771 1920 1362

 2771 1362 2030

 2033 2771 2030

 2033 2030 1399

 1556 1962 2772

 1556 2772 1964

 1358 1921 2772

 1358 2772 1962

 1368 1964 2772

 1368 2772 1921

 1349 1888 2773

 1349 2773 1922

 1888 1348 1923

 1888 1923 2773

 2773 1923 1359

 2773 1359 1909

 1922 2773 1909

 1922 1909 1360

 1403 2042 2774

 1403 2774 2048

 2042 1355 1925

 2042 1925 2774

 2774 1925 1365

 2774 1365 2043

 2048 2774 2043

 2048 2043 1404

 1364 1929 2775

 1364 2775 1914

 1929 1354 1926

 1929 1926 2775

 2775 1926 1372

 2775 1372 1973

 1914 2775 1973

 1914 1973 1374

 1350 1889 2776

 1350 2776 1927

 1889 1349 1922

 1889 1922 2776

 2776 1922 1360

 2776 1360 1910

 1927 2776 1910

 1927 1910 1361

 1357 1896 2777

 1357 2777 1928

 1896 1356 1924

 1896 1924 2777

 2777 1924 1366

 2777 1366 1917

 1928 2777 1917

 1928 1917 1367

 1616 1935 2778

 1616 2778 1979

 1935 1617 1913

 1935 1913 2778

 2778 1913 1377

 2778 1377 1975

 1979 2778 1975

 1979 1975 1376

 1351 1890 2779

 1351 2779 1920

 1890 1350 1927

 1890 1927 2779

 2779 1927 1361

 2779 1361 1911

 1920 2779 1911

 1920 1911 1362

 1358 1897 2780

 1358 2780 1921

 1897 1357 1928

 1897 1928 2780

 2780 1928 1367

 2780 1367 1918

 1921 2780 1918

 1921 1918 1368

 1348 1961 2781

 1348 2781 1923

 1622 1963 2781

 1622 2781 1961

 1359 1923 2781

 1359 2781 1963

 1355 1894 2782

 1355 2782 1925

 1894 1354 1929

 1894 1929 2782

 2782 1929 1364

 2782 1364 1915

 1925 2782 1915

 1925 1915 1365

 1362 1911 2783

 1362 2783 1938

 1911 1361 1939

 1911 1939 2783

 2783 1939 1613

 2783 1613 1932

 1938 2783 1932

 1938 1932 1614

 1368 1918 2784

 1368 2784 1940

 1918 1367 1941

 1918 1941 2784

 2784 1941 1620

 2784 1620 1937

 1940 2784 1937

 1940 1937 1621

 1359 1963 2785

 1359 2785 1942

 1622 1965 2785

 1622 2785 1963

 1611 1942 2785

 1611 2785 1965

 1364 1914 2786

 1364 2786 1936

 1914 1374 1976

 1914 1976 2786

 2786 1976 1377

 2786 1377 2096

 1936 2786 2096

 1936 2096 1369

 1399 2030 2787

 1399 2787 2032

 2030 1362 1938

 2030 1938 2787

 2787 1938 1614

 2787 1614 2031

 2032 2787 2031

 2032 2031 1664

 1556 1964 2788

 1556 2788 1966

 1368 1940 2788

 1368 2788 1964

 1621 1966 2788

 1621 2788 1940

 1360 1909 2789

 1360 2789 1945

 1909 1359 1942

 1909 1942 2789

 2789 1942 1611

 2789 1611 1930

 1945 2789 1930

 1945 1930 1612

 1448 2141 2790

 1448 2790 2047

 2141 1447 1989

 2141 1989 2790

 2790 1989 1378

 2790 1378 2044

 2047 2790 2044

 2047 2044 1405

 1361 1910 2791

 1361 2791 1939

 1910 1360 1945

 1910 1945 2791

 2791 1945 1612

 2791 1612 1931

 1939 2791 1931

 1939 1931 1613

 1354 1893 2792

 1354 2792 1926

 1893 1353 1947

 1893 1947 2792

 2792 1947 1371

 2792 1371 1968

 1926 2792 1968

 1926 1968 1372

 1365 1915 2793

 1365 2793 1995

 1915 1364 1936

 1915 1936 2793

 2793 1936 1369

 2793 1369 1991

 1995 2793 1991

 1995 1991 1411

 1445 2140 2794

 1445 2794 2131

 2140 1446 1948

 2140 1948 2794

 2794 1948 1379

 2794 1379 1984

 2131 2794 1984

 2131 1984 1380

 1433 2113 2795

 1433 2795 2104

 2113 1429 2100

 2113 2100 2795

 2795 2100 1450

 2795 1450 2016

 2104 2795 2016

 2104 2016 1453

 1432 2112 2796

 1432 2796 2103

 2112 1431 2021

 2112 2021 2796

 2796 2021 1456

 2796 1456 2018

 2103 2796 2018

 2103 2018 1455

 1427 2111 2797

 1427 2797 2098

 2111 1428 1970

 2111 1970 2797

 2797 1970 1454

 2797 1454 2020

 2098 2797 2020

 2098 2020 1452

 1429 2110 2798

 1429 2798 2100

 2110 1430 1978

 2110 1978 2798

 2798 1978 1449

 2798 1449 2009

 2100 2798 2009

 2100 2009 1450

 1363 1944 2799

 1363 2799 1981

 1944 1615 1980

 1944 1980 2799

 2799 1980 1375

 2799 1375 1977

 1981 2799 1977

 1981 1977 1373

 1353 1892 2800

 1353 2800 1947

 1892 1352 1982

 1892 1982 2800

 2800 1982 1370

 2800 1370 1967

 1947 2800 1967

 1947 1967 1371

 1615 1934 2801

 1615 2801 1980

 1934 1616 1979

 1934 1979 2801

 2801 1979 1376

 2801 1376 1974

 1980 2801 1974

 1980 1974 1375

 1352 1919 2802

 1352 2802 1982

 1919 1363 1981

 1919 1981 2802

 2802 1981 1373

 2802 1373 1971

 1982 2802 1971

 1982 1971 1370

 1437 2124 2803

 1437 2803 2118

 2124 1436 2013

 2124 2013 2803

 2803 2013 1386

 2803 1386 2006

 2118 2803 2006

 2118 2006 1387

 1435 2123 2804

 1435 2804 2116

 2123 1704 2011

 2123 2011 2804

 2804 2011 1649

 2804 1649 2008

 2116 2804 2008

 2116 2008 1385

 1447 2139 2805

 1447 2805 1989

 2139 1717 2133

 2139 2133 2805

 2805 2133 1636

 2805 1636 1986

 1989 2805 1986

 1989 1986 1378

 1719 2138 2806

 1719 2806 1990

 2138 1445 2131

 2138 2131 2806

 2806 2131 1380

 2806 1380 1985

 1990 2806 1985

 1990 1985 1638

 1618 1943 2807

 1618 2807 1997

 1943 1365 1995

 1943 1995 2807

 2807 1995 1411

 2807 1411 1993

 1997 2807 1993

 1997 1993 1641

 1412 1998 2808

 1412 2808 2000

 1998 1383 2001

 1998 2001 2808

 2808 2001 1644

 2808 1644 1999

 2000 2808 1999

 2000 1999 1645

 1685 2095 2809

 1685 2809 1992

 2095 1419 2002

 2095 2002 2809

 2809 2002 1412

 2809 1412 2000

 1992 2809 2000

 1992 2000 1645

 1383 1998 2810

 1383 2810 2058

 1998 1412 2057

 1998 2057 2810

 2810 2057 1414

 2810 1414 2054

 2058 2810 2054

 2058 2054 1409

 1420 2094 2811

 1420 2811 2003

 2094 1688 2080

 2094 2080 2811

 2811 2080 1644

 2811 1644 2001

 2003 2811 2001

 2003 2001 1383

 1703 2122 2812

 1703 2812 1987

 2122 1437 2118

 2122 2118 2812

 2812 2118 1387

 2812 1387 2007

 1987 2812 2007

 1987 2007 1651

 1438 2121 2813

 1438 2813 2046

 2121 1435 2116

 2121 2116 2813

 2813 2116 1385

 2813 1385 2045

 2046 2813 2045

 2046 2045 1406

 1434 2109 2814

 1434 2814 2105

 2109 1427 2098

 2109 2098 2814

 2814 2098 1452

 2814 1452 2015

 2105 2814 2015

 2105 2015 1451

 1430 2108 2815

 1430 2815 1978

 2108 1434 2105

 2108 2105 2815

 2815 2105 1451

 2815 1451 2010

 1978 2815 2010

 1978 2010 1449

 1431 2107 2816

 1431 2816 2021

 2107 1433 2104

 2107 2104 2816

 2816 2104 1453

 2816 1453 2019

 2021 2816 2019

 2021 2019 1456

 1428 2106 2817

 1428 2817 1970

 2106 1432 2103

 2106 2103 2817

 2817 2103 1455

 2817 1455 2017

 1970 2817 2017

 1970 2017 1454

 1363 1912 2818

 1363 2818 1944

 1912 1399 2032

 1912 2032 2818

 2818 2032 1664

 2818 1664 1933

 1944 2818 1933

 1944 1933 1615

 1352 1891 2819

 1352 2819 1919

 1891 1398 2033

 1891 2033 2819

 2819 2033 1399

 2819 1399 1912

 1919 2819 1912

 1919 1912 1363

 1341 1870 2820

 1341 2820 1908

 1870 1397 2034

 1870 2034 2820

 2820 2034 1398

 2820 1398 1891

 1908 2820 1891

 1908 1891 1352

 1330 1849 2821

 1330 2821 1884

 1849 1396 2035

 1849 2035 2821

 2821 2035 1397

 2821 1397 1870

 1884 2821 1870

 1884 1870 1341

 1319 1830 2822

 1319 2822 1862

 1830 1395 2036

 1830 2036 2822

 2822 2036 1396

 2822 1396 1849

 1862 2822 1849

 1862 1849 1330

 1549 1819 2823

 1549 2823 1843

 1819 1658 2037

 1819 2037 2823

 2823 2037 1395

 2823 1395 1830

 1843 2823 1830

 1843 1830 1319

 1436 2120 2824

 1436 2824 2013

 2120 1438 2046

 2120 2046 2824

 2824 2046 1406

 2824 1406 2005

 2013 2824 2005

 2013 2005 1386

 1446 2137 2825

 1446 2825 1948

 2137 1448 2047

 2137 2047 2825

 2825 2047 1405

 2825 1405 1983

 1948 2825 1983

 1948 1983 1379

 1356 1895 2826

 1356 2826 1924

 1895 1403 2048

 1895 2048 2826

 2826 2048 1404

 2826 1404 1916

 1924 2826 1916

 1924 1916 1366

 1345 1874 2827

 1345 2827 1901

 1874 1402 2049

 1874 2049 2827

 2827 2049 1403

 2827 1403 1895

 1901 2827 1895

 1901 1895 1356

 1334 2202 2828

 1334 2828 1886

 1402 1874 2828

 1402 2828 2202

 1345 1886 2828

 1345 2828 1874

 1323 1834 2829

 1323 2829 1859

 1834 1400 2051

 1834 2051 2829

 2829 2051 1401

 2829 1401 1853

 1859 2829 1853

 1859 1853 1334

 1553 1823 2830

 1553 2830 1845

 1823 1665 2052

 1823 2052 2830

 2830 2052 1400

 2830 1400 1834

 1845 2830 1834

 1845 1834 1323

 1421 2093 2831

 1421 2831 2055

 2093 1422 2056

 2093 2056 2831

 2831 2056 1409

 2831 1409 2054

 2055 2831 2054

 2055 2054 1414

 1420 2003 2832

 1420 2832 2092

 2003 1383 2058

 2003 2058 2832

 2832 2058 1409

 2832 1409 2056

 2092 2832 2056

 2092 2056 1422

 1411 1991 2060

 1991 2833 2060

 1991 1369 2059

 1991 2059 2833

 2833 2059 1407

 2833 1407 2053

 2060 2833 2053

 2060 2053 1413

 1382 2064 2834

 1382 2834 2074

 2064 1408 2073

 2064 2073 2834

 2834 2073 1417

 2834 1417 2072

 2074 2834 2072

 2074 2072 1415

 1423 2061 2835

 1423 2835 2091

 2061 1384 2066

 2061 2066 2835

 2835 2066 1412

 2835 1412 2002

 2091 2835 2002

 2091 2002 1419

 1424 2084 2836

 1424 2836 2090

 2084 1408 2068

 2084 2068 2836

 2836 2068 1413

 2836 1413 2081

 2090 2836 2081

 2090 2081 1421

 1384 2063 2837

 1384 2837 2066

 2063 1410 2067

 2063 2067 2837

 2837 2067 1414

 2837 1414 2057

 2066 2837 2057

 2066 2057 1412

 1408 2064 2838

 1408 2838 2068

 2064 1382 2065

 2064 2065 2838

 2838 2065 1411

 2838 1411 2060

 2068 2838 2060

 2068 2060 1413

 1425 2085 2839

 1425 2839 2089

 2085 1415 2072

 2085 2072 2839

 2839 2072 1417

 2839 1417 2086

 2089 2839 2086

 2089 2086 1426

 1424 2062 2840

 1424 2840 2088

 2062 1410 2075

 2062 2075 2840

 2840 2075 1418

 2840 1418 2070

 2088 2840 2070

 2088 2070 1426

 1410 2063 2841

 1410 2841 2075

 2063 1384 2076

 2063 2076 2841

 2841 2076 1416

 2841 1416 2071

 2075 2841 2071

 2075 2071 1418

 1423 2083 2842

 1423 2842 2087

 2083 1382 2074

 2083 2074 2842

 2842 2074 1415

 2842 1415 2085

 2087 2842 2085

 2087 2085 1425

 1384 2061 2843

 1384 2843 2076

 2061 1423 2087

 2061 2087 2843

 2843 2087 1425

 2843 1425 2069

 2076 2843 2069

 2076 2069 1416

 1408 2084 2844

 1408 2844 2073

 2084 1424 2088

 2084 2088 2844

 2844 2088 1426

 2844 1426 2086

 2073 2844 2086

 2073 2086 1417

 1416 2069 2845

 1416 2845 2071

 2069 1425 2089

 2069 2089 2845

 2845 2089 1426

 2845 1426 2070

 2071 2845 2070

 2071 2070 1418

 1410 2062 2846

 1410 2846 2067

 2062 1424 2090

 2062 2090 2846

 2846 2090 1421

 2846 1421 2055

 2067 2846 2055

 2067 2055 1414

 1382 2083 2847

 1382 2847 2065

 2083 1423 2091

 2083 2091 2847

 2847 2091 1419

 2847 1419 2078

 2065 2847 1411

 2847 2078 1411

 1369 2079 2848

 1369 2848 2059

 2079 1420 2092

 2079 2092 2848

 2848 2092 1422

 2848 1422 2082

 2059 2848 2082

 2059 2082 1407

 1413 2053 2849

 1413 2849 2081

 2053 1407 2082

 2053 2082 2849

 2849 2082 1422

 2849 1422 2093

 2081 2849 2093

 2081 2093 1421

 1369 1994 2850

 1369 2850 2079

 1994 1640 2004

 1994 2004 2850

 2850 2004 1688

 2850 1688 2094

 2079 2850 2094

 2079 2094 1420

 1641 1993 2851

 1641 2851 2077

 1993 1411 2078

 1993 2078 2851

 2851 2078 1419

 2851 1419 2095

 2077 2851 2095

 2077 2095 1685

 1369 2096 2852

 1369 2852 1994

 2096 1377 1913

 2096 1913 2852

 2852 1913 1617

 2852 1617 1996

 1994 2852 1996

 1994 1996 1640

 1390 2149 2853

 1390 2853 2158

 2149 1392 2159

 2149 2159 2853

 2853 2159 1462

 2853 1462 2173

 2158 2853 2173

 2158 2173 1460

 1406 2045 2854

 1406 2854 2005

 1385 2008 2854

 1385 2854 2045

 1649 2097 2854

 1649 2854 2008

 1651 2007 2854

 1651 2854 2097

 1387 2006 2854

 1387 2854 2007

 1386 2005 2854

 1386 2854 2006

 1375 1974 2855

 1375 2855 2099

 1974 1376 2022

 1974 2022 2855

 2855 2022 1432

 2855 1432 2106

 2099 2855 2106

 2099 2106 1428

 1377 1976 2856

 1377 2856 2102

 1976 1374 2023

 1976 2023 2856

 2856 2023 1433

 2856 1433 2107

 2102 2856 2107

 2102 2107 1431

 1371 1967 2857

 1371 2857 2101

 1967 1370 2024

 1967 2024 2857

 2857 2024 1434

 2857 1434 2108

 2101 2857 2108

 2101 2108 1430

 1370 1971 2858

 1370 2858 2024

 1971 1373 1969

 1971 1969 2858

 2858 1969 1427

 2858 1427 2109

 2024 2858 2109

 2024 2109 1434

 1372 1968 2859

 1372 2859 1972

 1968 1371 2101

 1968 2101 2859

 2859 2101 1430

 2859 1430 2110

 1972 2859 2110

 1972 2110 1429

 1373 1977 2860

 1373 2860 1969

 1977 1375 2099

 1977 2099 2860

 2860 2099 1428

 2860 1428 2111

 1969 2860 2111

 1969 2111 1427

 1376 1975 2861

 1376 2861 2022

 1975 1377 2102

 1975 2102 2861

 2861 2102 1431

 2861 1431 2112

 2022 2861 2112

 2022 2112 1432

 1374 1973 2862

 1374 2862 2023

 1973 1372 1972

 1973 1972 2862

 2862 1972 1429

 2862 1429 2113

 2023 2862 2113

 2023 2113 1433

 1379 1983 2863

 1379 2863 2117

 1983 1405 2119

 1983 2119 2863

 2863 2119 1438

 2863 1438 2120

 2117 2863 2120

 2117 2120 1436

 1405 2044 2864

 1405 2864 2119

 2044 1378 2012

 2044 2012 2864

 2864 2012 1435

 2864 1435 2121

 2119 2864 2121

 2119 2121 1438

 1638 1985 2865

 1638 2865 2114

 1985 1380 2014

 1985 2014 2865

 2865 2014 1437

 2865 1437 2122

 2114 2865 2122

 2114 2122 1703

 1378 1986 2866

 1378 2866 2012

 1986 1636 2115

 1986 2115 2866

 2866 2115 1704

 2866 1704 2123

 2012 2866 2123

 2012 2123 1435

 1380 1984 2867

 1380 2867 2014

 1984 1379 2117

 1984 2117 2867

 2867 2117 1436

 2867 1436 2124

 2014 2867 2124

 2014 2124 1437

 1440 2127 2868

 1440 2868 2125

 1442 2129 2868

 1442 2868 2127

 1444 2128 2868

 1444 2868 2129

 1443 2130 2868

 1443 2868 2128

 1441 2126 2868

 1441 2868 2130

 1439 2125 2868

 1439 2868 2126

 1366 1916 2869

 1366 2869 2132

 1916 1404 2136

 1916 2136 2869

 2869 2136 1448

 2869 1448 2137

 2132 2869 2137

 2132 2137 1446

 1620 1941 2870

 1620 2870 2135

 1941 1367 1946

 1941 1946 2870

 2870 1946 1445

 2870 1445 2138

 2135 2870 2138

 2135 2138 1719

 1365 1943 2871

 1365 2871 2134

 1943 1618 1988

 1943 1988 2871

 2871 1988 1717

 2871 1717 2139

 2134 2871 2139

 2134 2139 1447

 1367 1917 2872

 1367 2872 1946

 1917 1366 2132

 1917 2132 2872

 2872 2132 1446

 2872 1446 2140

 1946 2872 2140

 1946 2140 1445

 1404 2043 2873

 1404 2873 2136

 2043 1365 2134

 2043 2134 2873

 2873 2134 1447

 2873 1447 2141

 2136 2873 2141

 2136 2141 1448

 1381 2142 2874

 1381 2874 2150

 2142 1389 2151

 2142 2151 2874

 2874 2151 1450

 2874 1450 2009

 2150 2874 2009

 2150 2009 1449

 1388 2143 2875

 1388 2875 2152

 2143 1381 2150

 2143 2150 2875

 2875 2150 1449

 2875 1449 2010

 2152 2875 2010

 2152 2010 1451

 1390 2144 2876

 1390 2876 2153

 2144 1388 2152

 2144 2152 2876

 2876 2152 1451

 2876 1451 2015

 2153 2876 2015

 2153 2015 1452

 1389 2145 2877

 1389 2877 2151

 2145 1391 2154

 2145 2154 2877

 2877 2154 1453

 2877 1453 2016

 2151 2877 2016

 2151 2016 1450

 1393 2146 2878

 1393 2878 2155

 2146 1392 2156

 2146 2156 2878

 2878 2156 1454

 2878 1454 2017

 2155 2878 2017

 2155 2017 1455

 1394 2147 2879

 1394 2879 2157

 2147 1393 2155

 2147 2155 2879

 2879 2155 1455

 2879 1455 2018

 2157 2879 2018

 2157 2018 1456

 1391 2148 2880

 1391 2880 2154

 2148 1394 2157

 2148 2157 2880

 2880 2157 1456

 2880 1456 2019

 2154 2880 2019

 2154 2019 1453

 1392 2149 2881

 1392 2881 2156

 2149 1390 2153

 2149 2153 2881

 2881 2153 1452

 2881 1452 2020

 2156 2881 2020

 2156 2020 1454

 1389 2142 2882

 1389 2882 2163

 2142 1381 2160

 2142 2160 2882

 2882 2160 1457

 2882 1457 2166

 2163 2882 2166

 2163 2166 1459

 1388 2144 2883

 1388 2883 2161

 2144 1390 2158

 2144 2158 2883

 2883 2158 1460

 2883 1460 2168

 2161 2883 2168

 2161 2168 1458

 1392 2146 2884

 1392 2884 2159

 2146 1393 2164

 2146 2164 2884

 2884 2164 1463

 2884 1463 2170

 2159 2884 2170

 2159 2170 1462

 1394 2148 2885

 1394 2885 2165

 2148 1391 2162

 2148 2162 2885

 2885 2162 1461

 2885 1461 2172

 2165 2885 2172

 2165 2172 1464

 1381 2143 2886

 1381 2886 2160

 2143 1388 2161

 2143 2161 2886

 2886 2161 1458

 2886 1458 2167

 2160 2886 2167

 2160 2167 1457

 1391 2145 2887

 1391 2887 2162

 2145 1389 2163

 2145 2163 2887

 2887 2163 1459

 2887 1459 2169

 2162 2887 2169

 2162 2169 1461

 1393 2147 2888

 1393 2888 2164

 2147 1394 2165

 2147 2165 2888

 2888 2165 1464

 2888 1464 2171

 2164 2888 2171

 2164 2171 1463

 1463 2171 2889

 1463 2889 2176

 1464 2175 2889

 1464 2889 2171

 1465 2176 2889

 1465 2889 2175

 1461 2169 2890

 1461 2890 2178

 1459 2177 2890

 1459 2890 2169

 1465 2178 2890

 1465 2890 2177

 1457 2167 2891

 1457 2891 2174

 1458 2179 2891

 1458 2891 2167

 1465 2174 2891

 1465 2891 2179

 1464 2172 2892

 1464 2892 2175

 1461 2178 2892

 1461 2892 2172

 1465 2175 2892

 1465 2892 2178

 1462 2170 2893

 1462 2893 2180

 1463 2176 2893

 1463 2893 2170

 1465 2180 2893

 1465 2893 2176

 1458 2168 2894

 1458 2894 2179

 1460 2181 2894

 1460 2894 2168

 1465 2179 2894

 1465 2894 2181

 1459 2166 2895

 1459 2895 2177

 1457 2174 2895

 1457 2895 2166

 1465 2177 2895

 1465 2895 2174

 1460 2173 2896

 1460 2896 2181

 1462 2180 2896

 1462 2896 2173

 1465 2181 2896

 1465 2896 2180

 1467 2182 2897

 1467 2897 2184

 1466 2183 2897

 1466 2897 2182

 1468 2187 2897

 1468 2897 2183

 1470 2185 2897

 1470 2897 2187

 1471 2186 2897

 1471 2897 2185

 1469 2184 2897

 1469 2897 2186

 1443 2192 2898

 1443 2898 2130

 2192 1470 2187

 2192 2187 2898

 2898 2187 1468

 2898 1468 2188

 2130 2898 2188

 2130 2188 1441

 1440 2125 2899

 1440 2899 2190

 2125 1439 2189

 2125 2189 2899

 2899 2189 1466

 2899 1466 2182

 2190 2899 2182

 2190 2182 1467

 1443 2128 2900

 1443 2900 2192

 2128 1444 2191

 2128 2191 2900

 2900 2191 1471

 2900 1471 2185

 2192 2900 2185

 2192 2185 1470

 1442 2127 2901

 1442 2901 2193

 2127 1440 2190

 2127 2190 2901

 2901 2190 1467

 2901 1467 2184

 2193 2901 2184

 2193 2184 1469

 1444 2129 2902

 1444 2902 2191

 2129 1442 2193

 2129 2193 2902

 2902 2193 1469

 2902 1469 2186

 2191 2902 2186

 2191 2186 1471

 1473 2194 2903

 1473 2903 2195

 2194 1472 2196

 2194 2196 2903

 2903 2196 1474

 2903 1474 2199

 2195 2903 2199

 2195 2199 1475

 1475 2199 2904

 1475 2904 2197

 2199 1474 2198

 2199 2198 2904

 2904 2198 1476

 2904 1476 2200

 2197 2904 2200

 2197 2200 1477

 1324 1835 2905

 1324 2905 2201

 1323 1859 2905

 1323 2905 1835

 1334 2201 2905

 1334 2905 1859

 1334 1853 2906

 1334 2906 2202

 1401 2050 2906

 1401 2906 1853

 1402 2202 2906

 1402 2906 2050

 1439 2126 2907

 1439 2907 2189

 2126 1441 2188

 2126 2188 2907

 2907 2188 1468

 2907 1468 2183

 2189 2907 2183

 2189 2183 1466

 1507 2250 2908

 1507 2908 2242

 2250 1506 2212

 2250 2212 2908

 2908 2212 1486

 2908 1486 2227

 2242 2908 2227

 2242 2227 1496

 1509 2249 2909

 1509 2909 2218

 2249 1507 2242

 2249 2242 2909

 2909 2242 1496

 2909 1496 2223

 2218 2909 2223

 2218 2223 1494

 1513 2253 2910

 1513 2910 2255

 2253 1508 2243

 2253 2243 2910

 2910 2243 1497

 2910 1497 2251

 2255 2910 2251

 2255 2251 1511

 1481 2216 2911

 1481 2911 2207

 2216 1483 2217

 2216 2217 2911

 2911 2217 1527

 2911 1527 2206

 2207 2911 2206

 2207 2206 1528

 1508 2247 2912

 1508 2912 2243

 2247 1505 2240

 2247 2240 2912

 2912 2240 1493

 2912 1493 2226

 2243 2912 2226

 2243 2226 1497

 1528 2206 2913

 1528 2913 2210

 2206 1527 2208

 2206 2208 2913

 2913 2208 1482

 2913 1482 2213

 2210 2913 2213

 2210 2213 1526

 1505 2246 2914

 1505 2914 2240

 2246 1509 2218

 2246 2218 2914

 2914 2218 1494

 2914 1494 2229

 2240 2914 2229

 2240 2229 1493

 1498 2232 2915

 1498 2915 2228

 2232 1495 2230

 2232 2230 2915

 2915 2230 1488

 2915 1488 2225

 2228 2915 2225

 2228 2225 1492

 1489 2224 2916

 1489 2916 2231

 2224 1484 2222

 2224 2222 2916

 2916 2222 1495

 2916 1495 2232

 2231 2916 2232

 2231 2232 1498

 1502 2238 2917

 1502 2917 2234

 2238 1504 2239

 2238 2239 2917

 2917 2239 1500

 2917 1500 2233

 2234 2917 2233

 2234 2233 1499

 1499 2233 2918

 1499 2918 2236

 2233 1500 2235

 2233 2235 2918

 2918 2235 1503

 2918 1503 2237

 2236 2918 2237

 2236 2237 1501

 1479 2204 2919

 1479 2919 2211

 2204 1478 2244

 2204 2244 2919

 2919 2244 1509

 2919 1509 2246

 2211 2919 2246

 2211 2246 1505

 1480 2205 2920

 1480 2920 2215

 2205 1479 2211

 2205 2211 2920

 2920 2211 1505

 2920 1505 2247

 2215 2920 2247

 2215 2247 1508

 1512 2252 2921

 1512 2921 2254

 2252 1480 2215

 2252 2215 2921

 2921 2215 1508

 2921 1508 2253

 2254 2921 2253

 2254 2253 1513

 1478 2203 2922

 1478 2922 2244

 2203 1485 2214

 2203 2214 2922

 2922 2214 1507

 2922 1507 2249

 2244 2922 2249

 2244 2249 1509

 1485 2209 2923

 1485 2923 2214

 2209 1487 2241

 2209 2241 2923

 2923 2241 1506

 2923 1506 2250

 2214 2923 2250

 2214 2250 1507

 1491 2221 2924

 1491 2924 2245

 2221 1512 2254

 2221 2254 2924

 2924 2254 1513

 2924 1513 2248

 2245 2924 2248

 2245 2248 1510

 1510 2248 2925

 1510 2925 2219

 2248 1513 2255

 2248 2255 2925

 2925 2255 1511

 2925 1511 2220

 2219 2925 2220

 2219 2220 1490

 1519 2262 2926

 1519 2926 2259

 2262 1518 2260

 2262 2260 2926

 2926 2260 1515

 2926 1515 2258

 2259 2926 2258

 2259 2258 1517

 1516 2257 2927

 1516 2927 2261

 2257 1514 2256

 2257 2256 2927

 2927 2256 1518

 2927 1518 2262

 2261 2927 2262

 2261 2262 1519

 1523 2268 2928

 1523 2928 2264

 2268 1525 2269

 2268 2269 2928

 2928 2269 1521

 2928 1521 2263

 2264 2928 2263

 2264 2263 1520

 1520 2263 2929

 1520 2929 2266

 2263 1521 2265

 2263 2265 2929

 2929 2265 1524

 2929 1524 2267

 2266 2929 2267

 2266 2267 1522

 1534 2276 2930

 1534 2930 2273

 2276 1533 2274

 2276 2274 2930

 2930 2274 1530

 2930 1530 2272

 2273 2930 2272

 2273 2272 1532

 1531 2271 2931

 1531 2931 2275

 2271 1529 2270

 2271 2270 2931

 2931 2270 1533

 2931 1533 2276

 2275 2931 2276

 2275 2276 1534

 1538 2282 2932

 1538 2932 2278

 2282 1540 2283

 2282 2283 2932

 2932 2283 1536

 2932 1536 2277

 2278 2932 2277

 2278 2277 1535

 1535 2277 2933

 1535 2933 2280

 2277 1536 2279

 2277 2279 2933

 2933 2279 1539

 2933 1539 2281

 2280 2933 2281

 2280 2281 1537

 1544 2289 2934

 1544 2934 2285

 2289 1546 2290

 2289 2290 2934

 2934 2290 1542

 2934 1542 2284

 2285 2934 2284

 2285 2284 1541

 1541 2284 2935

 1541 2935 2287

 2284 1542 2286

 2284 2286 2935

 2935 2286 1545

 2935 1545 2288

 2287 2935 2288

 2287 2288 1543

 1551 2301 2936

 1551 2936 1821

 2301 1563 2296

 2301 2296 2936

 2936 2296 1562

 2936 1562 2302

 1821 2936 2302

 1821 2302 1550

 1548 2303 2937

 1548 2937 1952

 2303 1560 2293

 2303 2293 2937

 2937 2293 1559

 2937 1559 2408

 1952 2937 2408

 1952 2408 1624

 1555 2304 2938

 1555 2938 1825

 2304 1567 2300

 2304 2300 2938

 2938 2300 1566

 2938 1566 2305

 1825 2938 2305

 1825 2305 1554

 1623 2409 2939

 1623 2939 1949

 1557 2406 2939

 1557 2939 2409

 1622 1949 2939

 1622 2939 2406

 1552 2306 2940

 1552 2940 1822

 2306 1564 2297

 2306 2297 2940

 2940 2297 1563

 2940 1563 2301

 1822 2940 2301

 1822 2301 1551

 1658 2477 2941

 1658 2941 2025

 2477 1659 2467

 2477 2467 2941

 2941 2467 1560

 2941 1560 2303

 2025 2941 2303

 2025 2303 1548

 1556 2407 2942

 1556 2942 1826

 1567 2304 2942

 1567 2942 2407

 1555 1826 2942

 1555 2942 2304

 1547 2308 2943

 1547 2943 1950

 2308 1558 2291

 2308 2291 2943

 2943 2291 1557

 2943 1557 2409

 1950 2943 2409

 1950 2409 1623

 1665 2491 2944

 1665 2944 2038

 2491 1666 2478

 2491 2478 2944

 2944 2478 1564

 2944 1564 2306

 2038 2944 2306

 2038 2306 1552

 1550 2302 2945

 1550 2945 1820

 2302 1562 2295

 2302 2295 2945

 2945 2295 1561

 2945 1561 2307

 1820 2945 2307

 1820 2307 1549

 1624 2408 2946

 1624 2946 1951

 2408 1559 2292

 2408 2292 2946

 2946 2292 1558

 2946 1558 2308

 1951 2946 2308

 1951 2308 1547

 1554 2305 2947

 1554 2947 1824

 2305 1566 2299

 2305 2299 2947

 2947 2299 1565

 2947 1565 2309

 1824 2947 2309

 1824 2309 1553

 1556 2411 2948

 1556 2948 2407

 1578 2320 2948

 1578 2948 2411

 1567 2407 2948

 1567 2948 2320

 1558 2321 2949

 1558 2949 2291

 2321 1569 2310

 2321 2310 2949

 2949 2310 1568

 2949 1568 2322

 2291 2949 2322

 2291 2322 1557

 1666 2490 2950

 1666 2950 2478

 2490 1667 2479

 2490 2479 2950

 2950 2479 1575

 2950 1575 2324

 2478 2950 2324

 2478 2324 1564

 1562 2325 2951

 1562 2951 2295

 2325 1573 2314

 2325 2314 2951

 2951 2314 1572

 2951 1572 2326

 2295 2951 2326

 2295 2326 1561

 1559 2327 2952

 1559 2952 2292

 2327 1570 2311

 2327 2311 2952

 2952 2311 1569

 2952 1569 2321

 2292 2952 2321

 2292 2321 1558

 1566 2328 2953

 1566 2953 2633

 1577 2318 2953

 1577 2953 2328

 1576 2633 2953

 1576 2953 2318

 1563 2329 2954

 1563 2954 2296

 2329 1574 2315

 2329 2315 2954

 2954 2315 1573

 2954 1573 2325

 2296 2954 2325

 2296 2325 1562

 1560 2330 2955

 1560 2955 2293

 2330 1571 2312

 2330 2312 2955

 2955 2312 1570

 2955 1570 2327

 2293 2955 2327

 2293 2327 1559

 1567 2320 2956

 1567 2956 2300

 2320 1578 2319

 2320 2319 2956

 2956 2319 1577

 2956 1577 2328

 2300 2956 2328

 2300 2328 1566

 1557 2322 2957

 1557 2957 2406

 1568 2410 2957

 1568 2957 2322

 1622 2406 2957

 1622 2957 2410

 1564 2324 2958

 1564 2958 2297

 2324 1575 2316

 2324 2316 2958

 2958 2316 1574

 2958 1574 2329

 2297 2958 2329

 2297 2329 1563

 1659 2476 2959

 1659 2959 2467

 2476 1660 2468

 2476 2468 2959

 2959 2468 1571

 2959 1571 2330

 2467 2959 2330

 2467 2330 1560

 1571 2341 2960

 1571 2960 2312

 2341 1582 2333

 2341 2333 2960

 2960 2333 1581

 2960 1581 2342

 2312 2960 2342

 2312 2342 1570

 1578 2343 2961

 1578 2961 2319

 2343 1589 2340

 2343 2340 2961

 2961 2340 1588

 2961 1588 2344

 2319 2961 2344

 2319 2344 1577

 1568 2345 2962

 1568 2962 2410

 1579 2412 2962

 1579 2962 2345

 1622 2410 2962

 1622 2962 2412

 1575 2346 2963

 1575 2963 2316

 2346 1586 2337

 2346 2337 2963

 2963 2337 1585

 2963 1585 2347

 2316 2963 2347

 2316 2347 1574

 1660 2475 2964

 1660 2964 2468

 2475 1661 2469

 2475 2469 2964

 2964 2469 1582

 2964 1582 2341

 2468 2964 2341

 2468 2341 1571

 1556 2413 2965

 1556 2965 2411

 1589 2343 2965

 1589 2965 2413

 1578 2411 2965

 1578 2965 2343

 1569 2349 2966

 1569 2966 2310

 2349 1580 2331

 2349 2331 2966

 2966 2331 1579

 2966 1579 2345

 2310 2966 2345

 2310 2345 1568

 1667 2489 2967

 1667 2967 2479

 2489 1668 2480

 2489 2480 2967

 2967 2480 1586

 2967 1586 2346

 2479 2967 2346

 2479 2346 1575

 1573 2351 2968

 1573 2968 2314

 2351 1584 2335

 2351 2335 2968

 2968 2335 1583

 2968 1583 2348

 2314 2968 2348

 2314 2348 1572

 1570 2342 2969

 1570 2969 2311

 2342 1581 2332

 2342 2332 2969

 2969 2332 1580

 2969 1580 2349

 2311 2969 2349

 2311 2349 1569

 1577 2344 2970

 1577 2970 2318

 2344 1588 2339

 2344 2339 2970

 2970 2339 1587

 2970 1587 2350

 2318 2970 2350

 2318 2350 1576

 1574 2347 2971

 1574 2971 2315

 2347 1585 2336

 2347 2336 2971

 2971 2336 1584

 2971 1584 2351

 2315 2971 2351

 2315 2351 1573

 1581 2362 2972

 1581 2972 2332

 2362 1592 2353

 2362 2353 2972

 2972 2353 1591

 2972 1591 2363

 2332 2972 2363

 2332 2363 1580

 1588 2364 2973

 1588 2973 2339

 2364 1599 2360

 2364 2360 2973

 2973 2360 1598

 2973 1598 2365

 2339 2973 2365

 2339 2365 1587

 1585 2366 2974

 1585 2974 2336

 2366 1596 2357

 2366 2357 2974

 2974 2357 1595

 2974 1595 2367

 2336 2974 2367

 2336 2367 1584

 1582 2368 2975

 1582 2975 2333

 2368 1593 2354

 2368 2354 2975

 2975 2354 1592

 2975 1592 2362

 2333 2975 2362

 2333 2362 1581

 1589 2369 2976

 1589 2976 2340

 2369 1600 2361

 2369 2361 2976

 2976 2361 1599

 2976 1599 2364

 2340 2976 2364

 2340 2364 1588

 1579 2370 2977

 1579 2977 2412

 1590 2414 2977

 1590 2977 2370

 1622 2412 2977

 1622 2977 2414

 1586 2371 2978

 1586 2978 2337

 2371 1597 2358

 2371 2358 2978

 2978 2358 1596

 2978 1596 2366

 2337 2978 2366

 2337 2366 1585

 1661 2474 2979

 1661 2979 2469

 2474 1662 2470

 2474 2470 2979

 2979 2470 1593

 2979 1593 2368

 2469 2979 2368

 2469 2368 1582

 1556 2415 2980

 1556 2980 2413

 1600 2369 2980

 1600 2980 2415

 1589 2413 2980

 1589 2980 2369

 1580 2363 2981

 1580 2981 2331

 2363 1591 2352

 2363 2352 2981

 2981 2352 1590

 2981 1590 2370

 2331 2981 2370

 2331 2370 1579

 1668 2488 2982

 1668 2982 2480

 2488 1669 2481

 2488 2481 2982

 2982 2481 1597

 2982 1597 2371

 2480 2982 2371

 2480 2371 1586

 1584 2367 2983

 1584 2983 2335

 2367 1595 2356

 2367 2356 2983

 2983 2356 1594

 2983 1594 2372

 2335 2983 2372

 2335 2372 1583

 1662 2473 2984

 1662 2984 2470

 2473 1663 2471

 2473 2471 2984

 2984 2471 1604

 2984 1604 2384

 2470 2984 2384

 2470 2384 1593

 1556 2417 2985

 1556 2985 2415

 1610 2385 2985

 1610 2985 2417

 1600 2415 2985

 1600 2985 2385

 1591 2386 2986

 1591 2986 2352

 2386 1602 2373

 2386 2373 2986

 2986 2373 1601

 2986 1601 2387

 2352 2986 2387

 2352 2387 1590

 1669 2487 2987

 1669 2987 2481

 2487 1670 2482

 2487 2482 2987

 2987 2482 1607

 2987 1607 2389

 2481 2987 2389

 2481 2389 1597

 1606 2378 2988

 1606 2988 2393

 2378 1629 2424

 2378 2424 2988

 2988 2424 1627

 2988 1627 2390

 2393 2988 2390

 2393 2390 1596

 1592 2391 2989

 1592 2989 2353

 2391 1603 2374

 2391 2374 2989

 2989 2374 1602

 2989 1602 2386

 2353 2989 2386

 2353 2386 1591

 1599 2392 2990

 1599 2990 2360

 2392 1609 2381

 2392 2381 2990

 2990 2381 1608

 2990 1608 2388

 2360 2990 2388

 2360 2388 1598

 1616 2430 2991

 1616 2991 1935

 2430 1631 2426

 2430 2426 2991

 2991 2426 1632

 2991 1632 2377

 1935 2991 2377

 1935 2377 1617

 1593 2384 2992

 1593 2992 2354

 2384 1604 2375

 2384 2375 2992

 2992 2375 1603

 2992 1603 2391

 2354 2992 2391

 2354 2391 1592

 1600 2385 2993

 1600 2993 2361

 2385 1610 2382

 2385 2382 2993

 2993 2382 1609

 2993 1609 2392

 2361 2993 2392

 2361 2392 1599

 1590 2387 2994

 1590 2994 2414

 1601 2416 2994

 1601 2994 2387

 1622 2414 2994

 1622 2994 2416

 1597 2389 2995

 1597 2995 2358

 2389 1607 2379

 2389 2379 2995

 2995 2379 1606

 2995 1606 2393

 2358 2995 2393

 2358 2393 1596

 1604 2395 2996

 1604 2996 2375

 2395 1614 1932

 2395 1932 2996

 2996 1932 1613

 2996 1613 2396

 2375 2996 2396

 2375 2396 1603

 1610 2397 2997

 1610 2997 2382

 2397 1621 1937

 2397 1937 2997

 2997 1937 1620

 2997 1620 2398

 2382 2997 2398

 2382 2398 1609

 1601 2399 2998

 1601 2998 2416

 1611 1965 2998

 1611 2998 2399

 1622 2416 2998

 1622 2998 1965

 1606 2394 2999

 1606 2999 2378

 2394 1619 2533

 2394 2533 2999

 2999 2533 1632

 2999 1632 2427

 2378 2999 2427

 2378 2427 1629

 1663 2472 3000

 1663 3000 2471

 2472 1664 2031

 2472 2031 3000

 3000 2031 1614

 3000 1614 2395

 2471 3000 2395

 2471 2395 1604

 1556 1966 3001

 1556 3001 2417

 1621 2397 3001

 1621 3001 1966

 1610 2417 3001

 1610 3001 2397

 1602 2402 3002

 1602 3002 2373

 2402 1612 1930

 2402 1930 3002

 3002 1930 1611

 3002 1611 2399

 2373 3002 2399

 2373 2399 1601

 1720 2486 3003

 1720 3003 2573

 2486 1671 2483

 2486 2483 3003

 3003 2483 1633

 3003 1633 2438

 2573 3003 2438

 2573 2438 1718

 1603 2396 3004

 1603 3004 2374

 2396 1613 1931

 2396 1931 3004

 3004 1931 1612

 3004 1612 2402

 2374 3004 2402

 2374 2402 1602

 1596 2390 3005

 1596 3005 2357

 2390 1627 2419

 2390 2419 3005

 3005 2419 1626

 3005 1626 2404

 2357 3005 2404

 2357 2404 1595

 1607 2442 3006

 1607 3006 2379

 2442 1677 2439

 2442 2439 3006

 3006 2439 1619

 3006 1619 2394

 2379 3006 2394

 2379 2394 1606

 1715 2565 3007

 1715 3007 2572

 2565 1635 2435

 2565 2435 3007

 3007 2435 1634

 3007 1634 2405

 2572 3007 2405

 2572 2405 1716

 1701 2540 3008

 1701 3008 2549

 2540 1725 2458

 2540 2458 3008

 3008 2458 1722

 3008 1722 2536

 2549 3008 2536

 2549 2536 1697

 1700 2539 3009

 1700 3009 2548

 2539 1727 2460

 2539 2460 3009

 3009 2460 1728

 3009 1728 2463

 2548 3009 2463

 2548 2463 1699

 1695 2534 3010

 1695 3010 2547

 2534 1724 2462

 2534 2462 3010

 3010 2462 1726

 3010 1726 2421

 2547 3010 2421

 2547 2421 1696

 1697 2536 3011

 1697 3011 2546

 2536 1722 2452

 2536 2452 3011

 3011 2452 1721

 3011 1721 2429

 2546 3011 2429

 2546 2429 1698

 1605 2432 3012

 1605 3012 2401

 2432 1628 2428

 2432 2428 3012

 3012 2428 1630

 3012 1630 2431

 2401 3012 2431

 2401 2431 1615

 1595 2404 3013

 1595 3013 2356

 2404 1626 2418

 2404 2418 3013

 3013 2418 1625

 3013 1625 2433

 2356 3013 2433

 2356 2433 1594

 1615 2431 3014

 1615 3014 1934

 2431 1630 2425

 2431 2425 3014

 3014 2425 1631

 3014 1631 2430

 1934 3014 2430

 1934 2430 1616

 1594 2433 3015

 1594 3015 2383

 2433 1625 2422

 2433 2422 3015

 3015 2422 1628

 3015 1628 2432

 2383 3015 2432

 2383 2432 1605

 1707 2552 3016

 1707 3016 2558

 2552 1648 2449

 2552 2449 3016

 3016 2449 1647

 3016 1647 2455

 2558 3016 2455

 2558 2455 1706

 1705 2550 3017

 1705 3017 2557

 2550 1646 2451

 2550 2451 3017

 3017 2451 1649

 3017 1649 2011

 2557 3017 2011

 2557 2011 1704

 1718 2438 3018

 1718 3018 2571

 2438 1633 2437

 2438 2437 3018

 3018 2437 1636

 3018 1636 2133

 2571 3018 2133

 2571 2133 1717

 1719 1990 3019

 1719 3019 2570

 1990 1638 2436

 1990 2436 3019

 3019 2436 1635

 3019 1635 2565

 2570 3019 2565

 2570 2565 1715

 1618 1997 3020

 1618 3020 2400

 1997 1641 2440

 1997 2440 3020

 3020 2440 1677

 3020 1677 2442

 2400 3020 2442

 2400 2442 1607

 1678 2444 3021

 1678 3021 2443

 2444 1645 1999

 2444 1999 3021

 3021 1999 1644

 3021 1644 2445

 2443 3021 2445

 2443 2445 1642

 1685 1992 3022

 1685 3022 2532

 1992 1645 2444

 1992 2444 3022

 3022 2444 1678

 3022 1678 2446

 2532 3022 2446

 2532 2446 1686

 1642 2497 3023

 1642 3023 2443

 2497 1675 2493

 2497 2493 3023

 3023 2493 1680

 3023 1680 2496

 2443 3023 2496

 2443 2496 1678

 1687 2447 3024

 1687 3024 2531

 2447 1642 2445

 2447 2445 3024

 3024 2445 1644

 3024 1644 2080

 2531 3024 2080

 2531 2080 1688

 1703 1987 3025

 1703 3025 2556

 1987 1651 2450

 1987 2450 3025

 3025 2450 1648

 3025 1648 2552

 2556 3025 2552

 2556 2552 1707

 1708 2485 3026

 1708 3026 2555

 2485 1672 2484

 2485 2484 3026

 3026 2484 1646

 3026 1646 2550

 2555 3026 2550

 2555 2550 1705

 1702 2541 3027

 1702 3027 2545

 2541 1723 2457

 2541 2457 3027

 3027 2457 1724

 3027 1724 2534

 2545 3027 2534

 2545 2534 1695

 1698 2429 3028

 1698 3028 2544

 2429 1721 2453

 2429 2453 3028

 3028 2453 1723

 3028 1723 2541

 2544 3028 2541

 2544 2541 1702

 1699 2463 3029

 1699 3029 2543

 2463 1728 2461

 2463 2461 3029

 3029 2461 1725

 3029 1725 2540

 2543 3029 2540

 2543 2540 1701

 1696 2421 3030

 1696 3030 2542

 2421 1726 2459

 2421 2459 3030

 3030 2459 1727

 3030 1727 2539

 2542 3030 2539

 2542 2539 1700

 1605 2401 3031

 1605 3031 2376

 2401 1615 1933

 2401 1933 3031

 3031 1933 1664

 3031 1664 2472

 2376 3031 2472

 2376 2472 1663

 1594 2383 3032

 1594 3032 2355

 2383 1605 2376

 2383 2376 3032

 3032 2376 1663

 3032 1663 2473

 2355 3032 2473

 2355 2473 1662

 1583 2372 3033

 1583 3033 2334

 2372 1594 2355

 2372 2355 3033

 3033 2355 1662

 3033 1662 2474

 2334 3033 2474

 2334 2474 1661

 1572 2348 3034

 1572 3034 2313

 2348 1583 2334

 2348 2334 3034

 3034 2334 1661

 3034 1661 2475

 2313 3034 2475

 2313 2475 1660

 1561 2326 3035

 1561 3035 2294

 2326 1572 2313

 2326 2313 3035

 3035 2313 1660

 3035 1660 2476

 2294 3035 2476

 2294 2476 1659

 1549 2307 3036

 1549 3036 1819

 2307 1561 2294

 2307 2294 3036

 3036 2294 1659

 3036 1659 2477

 1819 3036 2477

 1819 2477 1658

 1706 2455 3037

 1706 3037 2554

 2455 1647 2448

 2455 2448 3037

 3037 2448 1672

 3037 1672 2485

 2554 3037 2485

 2554 2485 1708

 1716 2405 3038

 1716 3038 2569

 2405 1634 2434

 2405 2434 3038

 3038 2434 1671

 3038 1671 2486

 2569 3038 2486

 2569 2486 1720

 1598 2388 3039

 1598 3039 2359

 2388 1608 2380

 2388 2380 3039

 3039 2380 1670

 3039 1670 2487

 2359 3039 2487

 2359 2487 1669

 1587 2365 3040

 1587 3040 2338

 2365 1598 2359

 2365 2359 3040

 3040 2359 1669

 3040 1669 2488

 2338 3040 2488

 2338 2488 1668

 1576 2350 3041

 1576 3041 2634

 1587 2338 3041

 1587 3041 2350

 1668 2634 3041

 1668 3041 2338

 1565 2323 3042

 1565 3042 2298

 2323 1576 2317

 2323 2317 3042

 3042 2317 1667

 3042 1667 2490

 2298 3042 2490

 2298 2490 1666

 1553 2309 3043

 1553 3043 1823

 2309 1565 2298

 2309 2298 3043

 3043 2298 1666

 3043 1666 2491

 1823 3043 2491

 1823 2491 1665

 1689 2494 3044

 1689 3044 2530

 2494 1680 2493

 2494 2493 3044

 3044 2493 1675

 3044 1675 2495

 2530 3044 2495

 2530 2495 1690

 1687 2529 3045

 1687 3045 2447

 2529 1690 2495

 2529 2495 3045

 3045 2495 1675

 3045 1675 2497

 2447 3045 2497

 2447 2497 1642

 1677 2499 2439

 2499 3046 2439

 2499 1679 2492

 2499 2492 3046

 3046 2492 1673

 3046 1673 2498

 2439 3046 2498

 2439 2498 1619

 1639 2513 3047

 1639 3047 2503

 2513 1681 2511

 2513 2511 3047

 3047 2511 1683

 3047 1683 2512

 2503 3047 2512

 2503 2512 1674

 1691 2528 3048

 1691 3048 2500

 2528 1686 2446

 2528 2446 3048

 3048 2446 1678

 3048 1678 2505

 2500 3048 2505

 2500 2505 1643

 1692 2527 3049

 1692 3049 2521

 2527 1689 2518

 2527 2518 3049

 3049 2518 1679

 3049 1679 2507

 2521 3049 2507

 2521 2507 1674

 1643 2505 3050

 1643 3050 2502

 2505 1678 2496

 2505 2496 3050

 3050 2496 1680

 3050 1680 2506

 2502 3050 2506

 2502 2506 1676

 1674 2507 3051

 1674 3051 2503

 2507 1679 2499

 2507 2499 3051

 3051 2499 1677

 3051 1677 2504

 2503 3051 2504

 2503 2504 1639

 1693 2526 3052

 1693 3052 2522

 2526 1694 2523

 2526 2523 3052

 3052 2523 1683

 3052 1683 2511

 2522 3052 2511

 2522 2511 1681

 1692 2525 3053

 1692 3053 2501

 2525 1694 2509

 2525 2509 3053

 3053 2509 1684

 3053 1684 2514

 2501 3053 2514

 2501 2514 1676

 1676 2514 3054

 1676 3054 2502

 2514 1684 2510

 2514 2510 3054

 3054 2510 1682

 3054 1682 2515

 2502 3054 2515

 2502 2515 1643

 1691 2524 3055

 1691 3055 2520

 2524 1693 2522

 2524 2522 3055

 3055 2522 1681

 3055 1681 2513

 2520 3055 2513

 2520 2513 1639

 1643 2515 3056

 1643 3056 2500

 2515 1682 2508

 2515 2508 3056

 3056 2508 1693

 3056 1693 2524

 2500 3056 2524

 2500 2524 1691

 1674 2512 3057

 1674 3057 2521

 2512 1683 2523

 2512 2523 3057

 3057 2523 1694

 3057 1694 2525

 2521 3057 2525

 2521 2525 1692

 1682 2510 3058

 1682 3058 2508

 2510 1684 2509

 2510 2509 3058

 3058 2509 1694

 3058 1694 2526

 2508 3058 2526

 2508 2526 1693

 1676 2506 3059

 1676 3059 2501

 2506 1680 2494

 2506 2494 3059

 3059 2494 1689

 3059 1689 2527

 2501 3059 2527

 2501 2527 1692

 1639 2504 3060

 1639 3060 2520

 2504 1677 3060

 1677 2516 3060

 3060 2516 1686

 3060 1686 2528

 2520 3060 2528

 2520 2528 1691

 1619 2498 3061

 1619 3061 2517

 2498 1673 2519

 2498 2519 3061

 3061 2519 1690

 3061 1690 2529

 2517 3061 2529

 2517 2529 1687

 1679 2518 3062

 1679 3062 2492

 2518 1689 2530

 2518 2530 3062

 3062 2530 1690

 3062 1690 2519

 2492 3062 2519

 2492 2519 1673

 1619 2517 3063

 1619 3063 2441

 2517 1687 2531

 2517 2531 3063

 3063 2531 1688

 3063 1688 2004

 2441 3063 2004

 2441 2004 1640

 1641 2077 3064

 1641 3064 2440

 2077 1685 2532

 2077 2532 3064

 3064 2532 1686

 3064 1686 2516

 2440 3064 2516

 2440 2516 1677

 1619 2441 3065

 1619 3065 2533

 2441 1640 1996

 2441 1996 3065

 3065 1996 1617

 3065 1617 2377

 2533 3065 2377

 2533 2377 1632

 1653 2590 3066

 1653 3066 2581

 2590 1732 2605

 2590 2605 3066

 3066 2605 1734

 3066 1734 2591

 2581 3066 2591

 2581 2591 1655

 1672 2448 3067

 1672 3067 2484

 1647 2449 3067

 1647 3067 2448

 1648 2450 3067

 1648 3067 2449

 1651 2097 3067

 1651 3067 2450

 1649 2451 3067

 1649 3067 2097

 1646 2484 3067

 1646 3067 2451

 1630 2535 3068

 1630 3068 2425

 2535 1696 2542

 2535 2542 3068

 3068 2542 1700

 3068 1700 2464

 2425 3068 2464

 2425 2464 1631

 1632 2538 3069

 1632 3069 2427

 2538 1699 2543

 2538 2543 3069

 3069 2543 1701

 3069 1701 2465

 2427 3069 2465

 2427 2465 1629

 1626 2537 3070

 1626 3070 2418

 2537 1698 2544

 2537 2544 3070

 3070 2544 1702

 3070 1702 2466

 2418 3070 2466

 2418 2466 1625

 1625 2466 3071

 1625 3071 2422

 2466 1702 2545

 2466 2545 3071

 3071 2545 1695

 3071 1695 2420

 2422 3071 2420

 2422 2420 1628

 1627 2423 3072

 1627 3072 2419

 2423 1697 2546

 2423 2546 3072

 3072 2546 1698

 3072 1698 2537

 2419 3072 2537

 2419 2537 1626

 1628 2420 3073

 1628 3073 2428

 2420 1695 2547

 2420 2547 3073

 3073 2547 1696

 3073 1696 2535

 2428 3073 2535

 2428 2535 1630

 1631 2464 3074

 1631 3074 2426

 2464 1700 2548

 2464 2548 3074

 3074 2548 1699

 3074 1699 2538

 2426 3074 2538

 2426 2538 1632

 1629 2465 3075

 1629 3075 2424

 2465 1701 2549

 2465 2549 3075

 3075 2549 1697

 3075 1697 2423

 2424 3075 2423

 2424 2423 1627

 1634 2551 3076

 1634 3076 2434

 2551 1706 2554

 2551 2554 3076

 3076 2554 1708

 3076 1708 2553

 2434 3076 2553

 2434 2553 1671

 1671 2553 3077

 1671 3077 2483

 2553 1708 2555

 2553 2555 3077

 3077 2555 1705

 3077 1705 2454

 2483 3077 2454

 2483 2454 1633

 1638 2114 3078

 1638 3078 2436

 2114 1703 2556

 2114 2556 3078

 3078 2556 1707

 3078 1707 2456

 2436 3078 2456

 2436 2456 1635

 1633 2454 3079

 1633 3079 2437

 2454 1705 2557

 2454 2557 3079

 3079 2557 1704

 3079 1704 2115

 2437 3079 2115

 2437 2115 1636

 1635 2456 3080

 1635 3080 2435

 2456 1707 2558

 2456 2558 3080

 3080 2558 1706

 3080 1706 2551

 2435 3080 2551

 2435 2551 1634

 1710 2559 3081

 1710 3081 2561

 1709 2560 3081

 1709 3081 2559

 1711 2564 3081

 1711 3081 2560

 1713 2562 3081

 1713 3081 2564

 1714 2563 3081

 1714 3081 2562

 1712 2561 3081

 1712 3081 2563

 1608 2566 3082

 1608 3082 2380

 2566 1716 2569

 2566 2569 3082

 3082 2569 1720

 3082 1720 2568

 2380 3082 2568

 2380 2568 1670

 1620 2135 3083

 1620 3083 2398

 2135 1719 2570

 2135 2570 3083

 3083 2570 1715

 3083 1715 2403

 2398 3083 2403

 2398 2403 1609

 1607 2567 3084

 1607 3084 2400

 2567 1718 2571

 2567 2571 3084

 3084 2571 1717

 3084 1717 1988

 2400 3084 1988

 2400 1988 1618

 1609 2403 3085

 1609 3085 2381

 2403 1715 2572

 2403 2572 3085

 3085 2572 1716

 3085 1716 2566

 2381 3085 2566

 2381 2566 1608

 1670 2568 3086

 1670 3086 2482

 2568 1720 2573

 2568 2573 3086

 3086 2573 1718

 3086 1718 2567

 2482 3086 2567

 2482 2567 1607

 1637 2582 3087

 1637 3087 2574

 2582 1721 2452

 2582 2452 3087

 3087 2452 1722

 3087 1722 2583

 2574 3087 2583

 2574 2583 1652

 1650 2584 3088

 1650 3088 2575

 2584 1723 2453

 2584 2453 3088

 3088 2453 1721

 3088 1721 2582

 2575 3088 2582

 2575 2582 1637

 1653 2585 3089

 1653 3089 2576

 2585 1724 2457

 2585 2457 3089

 3089 2457 1723

 3089 1723 2584

 2576 3089 2584

 2576 2584 1650

 1652 2583 3090

 1652 3090 2577

 2583 1722 2458

 2583 2458 3090

 3090 2458 1725

 3090 1725 2586

 2577 3090 2586

 2577 2586 1654

 1656 2587 3091

 1656 3091 2578

 2587 1727 2459

 2587 2459 3091

 3091 2459 1726

 3091 1726 2588

 2578 3091 2588

 2578 2588 1655

 1657 2589 3092

 1657 3092 2579

 2589 1728 2460

 2589 2460 3092

 3092 2460 1727

 3092 1727 2587

 2579 3092 2587

 2579 2587 1656

 1654 2586 3093

 1654 3093 2580

 2586 1725 2461

 2586 2461 3093

 3093 2461 1728

 3093 1728 2589

 2580 3093 2589

 2580 2589 1657

 1655 2588 3094

 1655 3094 2581

 2588 1726 2462

 2588 2462 3094

 3094 2462 1724

 3094 1724 2585

 2581 3094 2585

 2581 2585 1653

 1652 2595 3095

 1652 3095 2574

 2595 1731 2598

 2595 2598 3095

 3095 2598 1729

 3095 1729 2592

 2574 3095 2592

 2574 2592 1637

 1650 2593 3096

 1650 3096 2576

 2593 1730 2600

 2593 2600 3096

 3096 2600 1732

 3096 1732 2590

 2576 3096 2590

 2576 2590 1653

 1655 2591 3097

 1655 3097 2578

 2591 1734 2602

 2591 2602 3097

 3097 2602 1735

 3097 1735 2596

 2578 3097 2596

 2578 2596 1656

 1657 2597 3098

 1657 3098 2580

 2597 1736 2604

 2597 2604 3098

 3098 2604 1733

 3098 1733 2594

 2580 3098 2594

 2580 2594 1654

 1637 2592 3099

 1637 3099 2575

 2592 1729 2599

 2592 2599 3099

 3099 2599 1730

 3099 1730 2593

 2575 3099 2593

 2575 2593 1650

 1654 2594 3100

 1654 3100 2577

 2594 1733 2601

 2594 2601 3100

 3100 2601 1731

 3100 1731 2595

 2577 3100 2595

 2577 2595 1652

 1656 2596 3101

 1656 3101 2579

 2596 1735 2603

 2596 2603 3101

 3101 2603 1736

 3101 1736 2597

 2579 3101 2597

 2579 2597 1657

 1735 2608 3102

 1735 3102 2603

 1737 2607 3102

 1737 3102 2608

 1736 2603 3102

 1736 3102 2607

 1733 2610 3103

 1733 3103 2601

 1737 2609 3103

 1737 3103 2610

 1731 2601 3103

 1731 3103 2609

 1729 2606 3104

 1729 3104 2599

 1737 2611 3104

 1737 3104 2606

 1730 2599 3104

 1730 3104 2611

 1736 2607 3105

 1736 3105 2604

 1737 2610 3105

 1737 3105 2607

 1733 2604 3105

 1733 3105 2610

 1734 2612 3106

 1734 3106 2602

 1737 2608 3106

 1737 3106 2612

 1735 2602 3106

 1735 3106 2608

 1730 2611 3107

 1730 3107 2600

 1737 2613 3107

 1737 3107 2611

 1732 2600 3107

 1732 3107 2613

 1731 2609 3108

 1731 3108 2598

 1737 2606 3108

 1737 3108 2609

 1729 2598 3108

 1729 3108 2606

 1732 2613 3109

 1732 3109 2605

 1737 2612 3109

 1737 3109 2613

 1734 2605 3109

 1734 3109 2612

 1739 2616 3110

 1739 3110 2614

 1741 2618 3110

 1741 3110 2616

 1743 2617 3110

 1743 3110 2618

 1742 2619 3110

 1742 3110 2617

 1740 2615 3110

 1740 3110 2619

 1738 2614 3110

 1738 3110 2615

 1713 2564 3111

 1713 3111 2624

 2564 1711 2620

 2564 2620 3111

 3111 2620 1740

 3111 1740 2619

 2624 3111 2619

 2624 2619 1742

 1710 2622 3112

 1710 3112 2559

 2622 1739 2614

 2622 2614 3112

 3112 2614 1738

 3112 1738 2621

 2559 3112 2621

 2559 2621 1709

 1713 2624 3113

 1713 3113 2562

 2624 1742 2617

 2624 2617 3113

 3113 2617 1743

 3113 1743 2623

 2562 3113 2623

 2562 2623 1714

 1712 2625 3114

 1712 3114 2561

 2625 1741 2616

 2625 2616 3114

 3114 2616 1739

 3114 1739 2622

 2561 3114 2622

 2561 2622 1710

 1714 2623 3115

 1714 3115 2563

 2623 1743 2618

 2623 2618 3115

 3115 2618 1741

 3115 1741 2625

 2563 3115 2625

 2563 2625 1712

 1745 2627 3116

 1745 3116 2626

 2627 1747 2631

 2627 2631 3116

 3116 2631 1746

 3116 1746 2628

 2626 3116 2628

 2626 2628 1744

 1747 2629 3117

 1747 3117 2631

 2629 1749 2632

 2629 2632 3117

 3117 2632 1748

 3117 1748 2630

 2631 3117 2630

 2631 2630 1746

 1566 2633 3118

 1566 3118 2299

 1576 2323 3118

 1576 3118 2633

 1565 2299 3118

 1565 3118 2323

 1576 2634 3119

 1576 3119 2317

 1668 2489 3119

 1668 3119 2634

 1667 2317 3119

 1667 3119 2489

 1709 2621 3120

 1709 3120 2560

 2621 1738 2615

 2621 2615 3120

 3120 2615 1740

 3120 1740 2620

 2560 3120 2620

 2560 2620 1711

 1779 2674 3121

 1779 3121 2682

 2674 1768 2659

 2674 2659 3121

 3121 2659 1758

 3121 1758 2644

 2682 3121 2644

 2682 2644 1778

 1781 2650 3122

 1781 3122 2681

 2650 1766 2655

 2650 2655 3122

 3122 2655 1768

 3122 1768 2674

 2681 3122 2674

 2681 2674 1779

 1785 2687 3123

 1785 3123 2685

 2687 1783 2683

 2687 2683 3123

 3123 2683 1769

 3123 1769 2675

 2685 3123 2675

 2685 2675 1780

 1753 2639 3124

 1753 3124 2648

 2639 1800 2638

 2639 2638 3124

 3124 2638 1799

 3124 1799 2649

 2648 3124 2649

 2648 2649 1755

 1780 2675 3125

 1780 3125 2679

 2675 1769 2658

 2675 2658 3125

 3125 2658 1765

 3125 1765 2672

 2679 3125 2672

 2679 2672 1777

 1800 2642 3126

 1800 3126 2638

 2642 1798 2645

 2642 2645 3126

 3126 2645 1754

 3126 1754 2640

 2638 3126 2640

 2638 2640 1799

 1777 2672 3127

 1777 3127 2678

 2672 1765 2661

 2672 2661 3127

 3127 2661 1766

 3127 1766 2650

 2678 3127 2650

 2678 2650 1781

 1770 2660 3128

 1770 3128 2664

 2660 1764 2657

 2660 2657 3128

 3128 2657 1760

 3128 1760 2662

 2664 3128 2662

 2664 2662 1767

 1761 2663 3129

 1761 3129 2656

 2663 1770 2664

 2663 2664 3129

 3129 2664 1767

 3129 1767 2654

 2656 3129 2654

 2656 2654 1756

 1774 2666 3130

 1774 3130 2670

 2666 1771 2665

 2666 2665 3130

 3130 2665 1772

 3130 1772 2671

 2670 3130 2671

 2670 2671 1776

 1771 2668 3131

 1771 3131 2665

 2668 1773 2669

 2668 2669 3131

 3131 2669 1775

 3131 1775 2667

 2665 3131 2667

 2665 2667 1772

 1751 2643 3132

 1751 3132 2636

 2643 1777 2678

 2643 2678 3132

 3132 2678 1781

 3132 1781 2676

 2636 3132 2676

 2636 2676 1750

 1752 2647 3133

 1752 3133 2637

 2647 1780 2679

 2647 2679 3133

 3133 2679 1777

 3133 1777 2643

 2637 3133 2643

 2637 2643 1751

 1784 2686 3134

 1784 3134 2684

 2686 1785 2685

 2686 2685 3134

 3134 2685 1780

 3134 1780 2647

 2684 3134 2647

 2684 2647 1752

 1750 2676 3135

 1750 3135 2635

 2676 1781 2681

 2676 2681 3135

 3135 2681 1779

 3135 1779 2646

 2635 3135 2646

 2635 2646 1757

 1757 2646 3136

 1757 3136 2641

 2646 1779 2682

 2646 2682 3136

 3136 2682 1778

 3136 1778 2673

 2641 3136 2673

 2641 2673 1759

 1763 2677 3137

 1763 3137 2653

 2677 1782 2680

 2677 2680 3137

 3137 2680 1785

 3137 1785 2686

 2653 3137 2686

 2653 2686 1784

 1782 2651 3138

 1782 3138 2680

 2651 1762 2652

 2651 2652 3138

 3138 2652 1783

 3138 1783 2687

 2680 3138 2687

 2680 2687 1785

 1791 2691 3139

 1791 3139 2694

 2691 1789 2690

 2691 2690 3139

 3139 2690 1787

 3139 1787 2692

 2694 3139 2692

 2694 2692 1790

 1788 2693 3140

 1788 3140 2689

 2693 1791 2694

 2693 2694 3140

 3140 2694 1790

 3140 1790 2688

 2689 3140 2688

 2689 2688 1786

 1795 2696 3141

 1795 3141 2700

 2696 1792 2695

 2696 2695 3141

 3141 2695 1793

 3141 1793 2701

 2700 3141 2701

 2700 2701 1797

 1792 2698 3142

 1792 3142 2695

 2698 1794 2699

 2698 2699 3142

 3142 2699 1796

 3142 1796 2697

 2695 3142 2697

 2695 2697 1793

 1806 2705 3143

 1806 3143 2708

 2705 1804 2704

 2705 2704 3143

 3143 2704 1802

 3143 1802 2706

 2708 3143 2706

 2708 2706 1805

 1803 2707 3144

 1803 3144 2703

 2707 1806 2708

 2707 2708 3144

 3144 2708 1805

 3144 1805 2702

 2703 3144 2702

 2703 2702 1801

 1810 2710 3145

 1810 3145 2714

 2710 1807 2709

 2710 2709 3145

 3145 2709 1808

 3145 1808 2715

 2714 3145 2715

 2714 2715 1812

 1807 2712 3146

 1807 3146 2709

 2712 1809 2713

 2712 2713 3146

 3146 2713 1811

 3146 1811 2711

 2709 3146 2711

 2709 2711 1808

 1816 2717 3147

 1816 3147 2721

 2717 1813 2716

 2717 2716 3147

 3147 2716 1814

 3147 1814 2722

 2721 3147 2722

 2721 2722 1818

 1813 2719 3148

 1813 3148 2716

 2719 1815 2720

 2719 2720 3148

 3148 2720 1817

 3148 1817 2718

 2716 3148 2718

 2716 2718 1814

 3757 3754 3353

 3757 3353 3149

 3754 3755 3151

 3754 3151 3353

 3748 3354 3745

 3745 3354 3750

 3747 3354 3744

 3744 3354 3748

 3150 3360 3645

 3150 3645 3352

 3352 3645 3359

 3352 3359 3152

 3645 3357 3156

 3645 3156 3359

 3360 3154 3357

 3360 3357 3645

 3155 3368 3646

 3155 3646 3358

 3358 3646 3367

 3358 3367 3153

 3646 3366 3157

 3646 3157 3367

 3368 3159 3366

 3368 3366 3646

 3149 3361 3647

 3149 3647 3350

 3350 3647 3360

 3350 3360 3150

 3647 3355 3154

 3647 3154 3360

 3361 3153 3355

 3361 3355 3647

 3151 3362 3648

 3151 3648 3353

 3353 3648 3361

 3353 3361 3149

 3648 3358 3153

 3648 3153 3361

 3362 3155 3358

 3362 3358 3648

 3152 3359 3649

 3152 3649 3351

 3351 3649 3362

 3351 3362 3151

 3649 3356 3155

 3649 3155 3362

 3359 3156 3356

 3359 3356 3649

 3159 3364 3650

 3159 3650 3366

 3366 3650 3363

 3366 3363 3157

 3650 3365 3158

 3650 3158 3363

 3364 3160 3365

 3364 3365 3650

 3156 3369 3651

 3156 3651 3356

 3356 3651 3368

 3356 3368 3155

 3651 3364 3159

 3651 3159 3368

 3369 3160 3364

 3369 3364 3651

 3154 3370 3652

 3154 3652 3357

 3357 3652 3369

 3357 3369 3156

 3652 3365 3160

 3652 3160 3369

 3370 3158 3365

 3370 3365 3652

 3153 3367 3653

 3153 3653 3355

 3355 3653 3370

 3355 3370 3154

 3653 3363 3158

 3653 3158 3370

 3367 3157 3363

 3367 3363 3653

 3758 3751 3350

 3758 3350 3150

 3751 3757 3149

 3751 3149 3350

 3193 3405 3654

 3193 3654 3394

 3394 3654 3375

 3394 3375 3166

 3654 3373 3167

 3654 3167 3375

 3405 3192 3373

 3405 3373 3654

 3189 3401 3655

 3189 3655 3397

 3397 3655 3376

 3397 3376 3168

 3655 3374 3165

 3655 3165 3376

 3401 3188 3374

 3401 3374 3655

 3385 3177 3161

 3385 3161 3389

 3178 3171 3177

 3178 3177 3372

 3176 3164 3383

 3176 3383 3384

 3191 3404 3656

 3191 3656 3396

 3396 3656 3381

 3396 3381 3170

 3656 3377 3173

 3656 3173 3381

 3404 3190 3377

 3404 3377 3656

 3383 3162 3175

 3383 3175 3384

 3176 3371 3382

 3176 3382 3164

 3195 3408 3657

 3195 3657 3393

 3393 3657 3390

 3393 3390 3172

 3657 3380 3169

 3657 3169 3390

 3408 3194 3380

 3408 3380 3657

 3207 3419 3658

 3207 3658 3418

 3418 3658 3391

 3418 3391 3182

 3658 3392 3183

 3658 3183 3391

 3419 3206 3392

 3419 3392 3658

 3289 3541 3434

 3289 3434 3224

 3539 3279 3174

 3539 3174 3371

 3282 3540 3378

 3540 3281 3378

 3224 3434 3438

 3224 3438 3208

 3371 3174 3163

 3371 3163 3382

 3669 3464 3250

 3669 3250 3465

 3455 3464 3669

 3455 3669 3673

 3407 3414 3659

 3407 3659 3663

 3659 3414 3202

 3659 3202 3416

 3670 3460 3246

 3670 3246 3461

 3451 3460 3670

 3451 3670 3671

 3403 3410 3660

 3403 3660 3661

 3660 3410 3198

 3660 3198 3412

 3448 3672 3450

 3448 3450 3235

 3672 3449 3236

 3672 3236 3450

 3663 3406 3194

 3663 3194 3408

 3455 3673 3457

 3455 3457 3241

 3514 3256 3197

 3514 3197 3409

 3267 3526 3412

 3267 3412 3198

 3526 3268 3199

 3526 3199 3412

 3259 3518 3413

 3259 3413 3200

 3518 3260 3201

 3518 3201 3413

 3263 3522 3416

 3263 3416 3202

 3522 3264 3203

 3522 3203 3416

 3258 3515 3458

 3258 3458 3244

 3395 3413 3201

 3395 3201 3185

 3248 3462 3444

 3248 3444 3232

 3395 3185 3204

 3395 3204 3417

 3251 3232 3444

 3251 3444 3466

 3451 3671 3700

 3451 3700 3550

 3403 3661 3699

 3403 3699 3549

 3398 3409 3197

 3398 3197 3187

 3244 3458 3447

 3244 3447 3234

 3186 3398 3662

 3186 3662 3400

 3398 3187 3399

 3398 3399 3662

 3534 3276 3206

 3534 3206 3419

 3278 3535 3468

 3278 3468 3253

 3387 3530 3272

 3387 3272 3181

 3274 3531 3436

 3274 3436 3228

 3235 3590 3664

 3235 3664 3424

 3424 3664 3589

 3424 3589 3212

 3664 3568 3298

 3664 3298 3589

 3590 3306 3568

 3590 3568 3664

 3541 3284 3221

 3541 3221 3434

 3284 3544 3421

 3284 3421 3221

 3242 3588 3665

 3242 3665 3457

 3457 3665 3587

 3457 3587 3241

 3665 3582 3312

 3665 3312 3587

 3588 3313 3582

 3588 3582 3665

 3434 3221 3210

 3434 3210 3438

 3224 3208 3428

 3224 3428 3422

 3428 3218 3225

 3428 3225 3422

 3222 3209 3432

 3222 3432 3433

 3220 3586 3666

 3220 3666 3430

 3430 3666 3585

 3430 3585 3217

 3666 3573 3303

 3666 3303 3585

 3586 3305 3573

 3586 3573 3666

 3221 3421 3431

 3221 3431 3210

 3432 3211 3223

 3432 3223 3433

 3289 3542 3378

 3542 3285 3378

 3285 3543 3378

 3543 3288 3378

 3238 3584 3667

 3238 3667 3453

 3453 3667 3583

 3453 3583 3237

 3667 3580 3308

 3667 3308 3583

 3584 3309 3580

 3584 3580 3667

 3254 3467 3668

 3254 3668 3468

 3468 3668 3441

 3468 3441 3253

 3668 3440 3230

 3668 3230 3441

 3467 3229 3440

 3467 3440 3668

 3544 3287 3223

 3544 3223 3421

 3283 3547 3482

 3283 3482 3179

 3378 3544 3284

 3378 3287 3544

 3421 3223 3211

 3421 3211 3431

 3175 3162 3498

 3175 3498 3481

 3414 3681 3492

 3414 3492 3202

 3465 3249 3463

 3465 3463 3669

 3669 3463 3456

 3669 3456 3673

 3685 3464 3455

 3685 3455 3679

 3410 3680 3488

 3410 3488 3198

 3461 3245 3459

 3461 3459 3670

 3670 3459 3452

 3670 3452 3671

 3684 3460 3451

 3684 3451 3678

 3689 3448 3235

 3689 3235 3491

 3399 3689 3491

 3399 3491 3188

 3673 3456 3242

 3673 3242 3457

 3406 3679 3511

 3406 3511 3194

 3270 3527 3461

 3270 3461 3246

 3515 3257 3243

 3515 3243 3458

 3262 3519 3462

 3262 3462 3248

 3527 3269 3245

 3527 3245 3461

 3266 3523 3465

 3266 3465 3250

 3519 3261 3247

 3519 3247 3462

 3260 3520 3486

 3260 3486 3201

 3523 3265 3249

 3523 3249 3465

 3509 3200 3184

 3509 3184 3506

 3462 3247 3231

 3462 3231 3444

 3204 3185 3504

 3204 3504 3485

 3444 3231 3252

 3444 3252 3466

 3671 3452 3551

 3671 3551 3700

 3402 3678 3701

 3402 3701 3548

 3484 3196 3186

 3484 3186 3505

 3458 3243 3233

 3458 3233 3447

 3233 3449 3672

 3233 3672 3447

 3447 3672 3448

 3447 3448 3234

 3276 3537 3512

 3276 3512 3206

 3535 3277 3254

 3535 3254 3468

 3272 3532 3513

 3272 3513 3181

 3531 3273 3227

 3531 3227 3436

 3536 3277 3227

 3536 3227 3470

 3275 3180 3387

 3275 3387 3534

 3192 3473 3674

 3192 3674 3373

 3373 3674 3472

 3373 3472 3167

 3674 3423 3214

 3674 3214 3472

 3473 3239 3423

 3473 3423 3674

 3166 3475 3675

 3166 3675 3394

 3394 3675 3474

 3394 3474 3193

 3675 3443 3240

 3675 3240 3474

 3475 3213 3443

 3475 3443 3675

 3190 3477 3676

 3190 3676 3377

 3377 3676 3476

 3377 3476 3173

 3676 3427 3220

 3676 3220 3476

 3477 3237 3427

 3477 3427 3676

 3168 3479 3677

 3168 3677 3397

 3397 3677 3478

 3397 3478 3189

 3677 3446 3236

 3677 3236 3478

 3479 3215 3446

 3479 3446 3677

 3213 3475 3636

 3213 3636 3340

 3480 3170 3330

 3480 3330 3628

 3682 3452 3459

 3682 3459 3680

 3678 3451 3550

 3678 3550 3701

 3692 3551 3452

 3692 3452 3682

 3411 3684 3678

 3411 3678 3402

 3281 3546 3378

 3286 3378 3546

 3683 3456 3463

 3683 3463 3681

 3415 3685 3679

 3415 3679 3406

 3547 3288 3226

 3547 3226 3482

 3283 3179 3386

 3283 3386 3538

 3680 3459 3245

 3680 3245 3488

 3497 3246 3460

 3497 3460 3684

 3403 3682 3680

 3403 3680 3410

 3205 3184 3395

 3205 3395 3417

 3681 3463 3249

 3681 3249 3492

 3500 3250 3464

 3500 3464 3685

 3407 3683 3681

 3407 3681 3414

 3516 3257 3208

 3516 3208 3483

 3255 3161 3379

 3255 3379 3514

 3520 3262 3248

 3520 3248 3486

 3256 3517 3489

 3256 3489 3197

 3517 3258 3244

 3517 3244 3489

 3264 3524 3500

 3264 3500 3203

 3400 3189 3478

 3400 3478 3690

 3478 3236 3449

 3478 3449 3690

 3549 3692 3682

 3549 3682 3403

 3532 3274 3228

 3532 3228 3513

 3533 3271 3180

 3533 3180 3470

 3661 3402 3548

 3661 3548 3699

 3684 3411 3199

 3684 3199 3497

 3344 3216 3439

 3344 3439 3638

 3494 3216 3344

 3494 3344 3640

 3685 3415 3203

 3685 3203 3500

 3188 3491 3686

 3188 3686 3374

 3374 3686 3495

 3374 3495 3165

 3686 3424 3212

 3686 3212 3495

 3491 3235 3424

 3491 3424 3686

 3474 3240 3252

 3474 3252 3496

 3205 3417 3405

 3205 3405 3193

 3496 3205 3193

 3496 3193 3474

 3412 3199 3411

 3412 3411 3660

 3498 3209 3222

 3498 3222 3481

 3178 3499 3490

 3178 3490 3171

 3662 3399 3188

 3662 3188 3401

 3499 3225 3218

 3499 3218 3490

 3416 3203 3415

 3416 3415 3659

 3172 3493 3687

 3172 3687 3393

 3393 3687 3501

 3393 3501 3195

 3687 3442 3242

 3687 3242 3501

 3493 3219 3442

 3493 3442 3687

 3183 3508 3644

 3183 3644 3347

 3475 3166 3338

 3475 3338 3636

 3170 3480 3688

 3170 3688 3396

 3396 3688 3502

 3396 3502 3191

 3688 3445 3238

 3688 3238 3502

 3480 3217 3445

 3480 3445 3688

 3187 3503 3689

 3187 3689 3399

 3503 3234 3448

 3503 3448 3689

 3504 3232 3251

 3504 3251 3485

 3205 3496 3506

 3205 3506 3184

 3165 3495 3632

 3165 3632 3334

 3508 3230 3349

 3508 3349 3644

 3506 3231 3247

 3506 3247 3509

 3201 3486 3504

 3201 3504 3185

 3524 3266 3250

 3524 3250 3500

 3268 3528 3497

 3268 3497 3199

 3220 3430 3626

 3220 3626 3333

 3495 3212 3336

 3495 3336 3632

 3528 3270 3246

 3528 3246 3497

 3255 3196 3484

 3255 3484 3516

 3525 3265 3209

 3525 3209 3498

 3263 3162 3383

 3263 3383 3522

 3505 3233 3243

 3505 3243 3484

 3197 3489 3503

 3197 3503 3187

 3400 3690 3505

 3400 3505 3186

 3690 3449 3233

 3690 3233 3505

 3679 3455 3241

 3679 3241 3511

 3195 3501 3683

 3195 3683 3407

 3496 3252 3231

 3496 3231 3506

 3660 3411 3402

 3660 3402 3661

 3537 3278 3253

 3537 3253 3512

 3275 3207 3471

 3275 3471 3536

 3253 3558 3691

 3253 3691 3512

 3512 3691 3557

 3512 3557 3206

 3691 3556 3291

 3691 3291 3557

 3558 3293 3556

 3558 3556 3691

 3521 3261 3211

 3521 3211 3510

 3259 3164 3382

 3259 3382 3518

 3504 3486 3248

 3504 3248 3232

 3200 3413 3395

 3200 3395 3184

 3529 3269 3210

 3529 3210 3487

 3267 3163 3389

 3267 3389 3526

 3502 3238 3551

 3502 3551 3692

 3194 3511 3693

 3194 3693 3380

 3380 3693 3494

 3380 3494 3169

 3693 3429 3216

 3693 3216 3494

 3511 3241 3429

 3511 3429 3693

 3503 3489 3244

 3503 3244 3234

 3196 3409 3398

 3196 3398 3186

 3182 3507 3694

 3182 3694 3418

 3418 3694 3471

 3418 3471 3207

 3694 3467 3254

 3694 3254 3471

 3507 3229 3467

 3507 3467 3694

 3533 3273 3437

 3533 3437 3695

 3388 3695 3499

 3388 3499 3178

 3695 3437 3225

 3695 3225 3499

 3388 3696 3530

 3388 3530 3271

 3379 3171 3256

 3379 3256 3514

 3258 3218 3428

 3258 3428 3515

 3256 3171 3490

 3256 3490 3517

 3428 3208 3257

 3428 3257 3515

 3484 3243 3257

 3484 3257 3516

 3259 3200 3509

 3259 3509 3521

 3490 3218 3258

 3490 3258 3517

 3267 3529 3487

 3267 3487 3163

 3382 3163 3260

 3382 3260 3518

 3262 3210 3431

 3262 3431 3519

 3260 3163 3487

 3260 3487 3520

 3431 3211 3261

 3431 3261 3519

 3487 3210 3262

 3487 3262 3520

 3263 3525 3498

 3263 3498 3162

 3509 3247 3261

 3509 3261 3521

 3263 3202 3492

 3263 3492 3525

 3383 3164 3264

 3383 3264 3522

 3266 3211 3432

 3266 3432 3523

 3264 3164 3510

 3264 3510 3524

 3432 3209 3265

 3432 3265 3523

 3510 3211 3266

 3510 3266 3524

 3492 3249 3265

 3492 3265 3525

 3267 3198 3488

 3267 3488 3529

 3389 3161 3268

 3389 3268 3526

 3270 3208 3438

 3270 3438 3527

 3268 3161 3483

 3268 3483 3528

 3438 3210 3269

 3438 3269 3527

 3483 3208 3270

 3483 3270 3528

 3259 3521 3510

 3259 3510 3164

 3488 3245 3269

 3488 3269 3529

 3275 3534 3419

 3275 3419 3207

 3470 3227 3273

 3470 3273 3533

 3271 3530 3387

 3271 3387 3180

 3387 3181 3276

 3387 3276 3534

 3278 3228 3436

 3278 3436 3535

 3276 3181 3513

 3276 3513 3537

 3436 3227 3277

 3436 3277 3535

 3471 3254 3277

 3471 3277 3536

 3275 3536 3470

 3275 3470 3180

 3513 3228 3278

 3513 3278 3537

 3282 3176 3384

 3282 3384 3540

 3386 3178 3280

 3386 3280 3538

 3384 3175 3281

 3384 3281 3540

 3289 3224 3422

 3289 3422 3542

 3422 3225 3285

 3422 3285 3542

 3285 3225 3435

 3285 3435 3543

 3435 3226 3288

 3435 3288 3543

 3286 3222 3433

 3286 3433 3545

 3289 3378 3541

 3284 3541 3378

 3281 3175 3481

 3281 3481 3546

 3433 3223 3287

 3433 3287 3545

 3481 3222 3286

 3481 3286 3546

 3695 3388 3271

 3695 3271 3533

 3178 3386 3696

 3178 3696 3388

 3530 3696 3420

 3530 3420 3272

 3469 3697 3531

 3469 3531 3274

 3386 3179 3420

 3386 3420 3696

 3225 3437 3697

 3225 3697 3435

 3435 3697 3469

 3435 3469 3226

 3697 3437 3273

 3697 3273 3531

 3420 3698 3532

 3420 3532 3272

 3179 3482 3698

 3179 3698 3420

 3532 3698 3469

 3532 3469 3274

 3255 3516 3483

 3255 3483 3161

 3482 3226 3469

 3482 3469 3698

 3400 3662 3401

 3400 3401 3189

 3404 3699 3548

 3404 3548 3190

 3550 3700 3453

 3550 3453 3237

 3700 3551 3238

 3700 3238 3453

 3548 3701 3477

 3548 3477 3190

 3477 3701 3550

 3477 3550 3237

 3692 3549 3191

 3692 3191 3502

 3549 3699 3404

 3549 3404 3191

 3405 3417 3204

 3405 3204 3192

 3251 3466 3454

 3251 3454 3239

 3204 3485 3473

 3204 3473 3192

 3466 3252 3240

 3466 3240 3454

 3473 3485 3251

 3473 3251 3239

 3683 3501 3242

 3683 3242 3456

 3407 3663 3408

 3407 3408 3195

 3659 3415 3406

 3659 3406 3663

 3378 3539 3282

 3378 3279 3539

 3280 3378 3538

 3283 3538 3378

 3287 3378 3545

 3286 3545 3378

 3174 3279 3177

 3174 3177 3385

 3280 3178 3372

 3280 3372 3552

 3279 3378 3552

 3552 3378 3280

 3372 3177 3279

 3372 3279 3552

 3283 3378 3547

 3288 3547 3378

 3177 3171 3379

 3177 3379 3161

 3183 3560 3702

 3183 3702 3508

 3508 3702 3559

 3508 3559 3230

 3702 3555 3292

 3702 3292 3559

 3560 3290 3555

 3560 3555 3702

 3206 3557 3703

 3206 3703 3392

 3392 3703 3560

 3392 3560 3183

 3703 3553 3290

 3703 3290 3560

 3557 3291 3553

 3557 3553 3703

 3230 3559 3704

 3230 3704 3441

 3441 3704 3558

 3441 3558 3253

 3704 3554 3293

 3704 3293 3558

 3559 3292 3554

 3559 3554 3704

 3291 3556 3562

 3291 3562 3296

 3565 3705 3292

 3554 3292 3705

 3564 3297 3705

 3565 3295 3564

 3565 3564 3705

 3294 3563 3706

 3294 3706 3561

 3561 3706 3564

 3561 3564 3295

 3706 3562 3297

 3706 3297 3564

 3563 3296 3562

 3563 3562 3706

 3554 3705 3293

 3290 3707 3566

 3707 3563 3294

 3707 3294 3566

 3707 3296 3563

 3707 3290 3553

 3556 3293 3297

 3556 3297 3562

 3290 3566 3708

 3290 3708 3555

 3555 3708 3565

 3555 3565 3292

 3708 3561 3295

 3708 3295 3565

 3566 3294 3561

 3566 3561 3708

 3305 3709 3609

 3709 3608 3319

 3709 3319 3609

 3709 3321 3608

 3709 3305 3571

 3213 3592 3710

 3213 3710 3443

 3443 3710 3591

 3443 3591 3240

 3710 3576 3311

 3710 3311 3591

 3592 3299 3576

 3592 3576 3710

 3214 3593 3711

 3214 3711 3425

 3425 3711 3592

 3425 3592 3213

 3711 3569 3299

 3711 3299 3592

 3593 3300 3569

 3593 3569 3711

 3236 3594 3712

 3236 3712 3450

 3450 3712 3590

 3450 3590 3235

 3712 3579 3306

 3712 3306 3590

 3594 3307 3579

 3594 3579 3712

 3215 3595 3713

 3215 3713 3446

 3446 3713 3594

 3446 3594 3236

 3713 3578 3307

 3713 3307 3594

 3595 3301 3578

 3595 3578 3713

 3212 3589 3714

 3212 3714 3426

 3426 3714 3595

 3426 3595 3215

 3714 3570 3301

 3714 3301 3595

 3589 3298 3570

 3589 3570 3714

 3240 3591 3715

 3240 3715 3454

 3454 3715 3596

 3454 3596 3239

 3715 3581 3310

 3715 3310 3596

 3591 3311 3581

 3591 3581 3715

 3216 3598 3716

 3216 3716 3439

 3439 3716 3597

 3439 3597 3219

 3716 3574 3304

 3716 3304 3597

 3598 3302 3574

 3598 3574 3716

 3239 3596 3717

 3239 3717 3423

 3423 3717 3593

 3423 3593 3214

 3717 3567 3300

 3717 3300 3593

 3596 3310 3567

 3596 3567 3717

 3219 3597 3718

 3219 3718 3442

 3442 3718 3588

 3442 3588 3242

 3718 3575 3313

 3718 3313 3588

 3597 3304 3575

 3597 3575 3718

 3241 3587 3719

 3241 3719 3429

 3429 3719 3598

 3429 3598 3216

 3719 3572 3302

 3719 3302 3598

 3587 3312 3572

 3587 3572 3719

 3217 3585 3720

 3217 3720 3445

 3445 3720 3584

 3445 3584 3238

 3720 3577 3309

 3720 3309 3584

 3585 3303 3577

 3585 3577 3720

 3237 3583 3721

 3237 3721 3427

 3427 3721 3586

 3427 3586 3220

 3721 3571 3305

 3721 3305 3586

 3583 3308 3571

 3583 3571 3721

 3568 3306 3724

 3308 3580 3731

 3308 3731 3610

 3302 3722 3623

 3722 3622 3326

 3722 3326 3623

 3722 3328 3622

 3617 3723 3299

 3582 3313 3329

 3582 3329 3620

 3616 3324 3723

 3617 3322 3616

 3617 3616 3723

 3571 3308 3709

 3580 3309 3612

 3580 3612 3731

 3581 3311 3324

 3581 3324 3614

 3298 3724 3603

 3724 3602 3314

 3724 3314 3603

 3724 3316 3602

 3567 3310 3734

 3572 3312 3722

 3575 3304 3736

 3736 3313 3575

 3576 3299 3723

 3726 3307 3578

 3298 3568 3724

 3314 3602 3725

 3314 3725 3599

 3599 3725 3601

 3599 3601 3315

 3725 3600 3317

 3725 3317 3601

 3602 3316 3600

 3602 3600 3725

 3579 3307 3317

 3579 3317 3600

 3726 3317 3307

 3604 3726 3301

 3316 3724 3306

 3601 3317 3726

 3604 3315 3601

 3604 3601 3726

 3298 3603 3727

 3298 3727 3570

 3570 3727 3604

 3570 3604 3301

 3727 3599 3315

 3727 3315 3604

 3603 3314 3599

 3603 3599 3727

 3319 3608 3728

 3319 3728 3605

 3605 3728 3607

 3605 3607 3318

 3728 3606 3320

 3728 3320 3607

 3608 3321 3606

 3608 3606 3728

 3305 3609 3729

 3305 3729 3573

 3573 3729 3611

 3573 3611 3303

 3729 3605 3318

 3729 3318 3611

 3609 3319 3605

 3609 3605 3729

 3611 3730 3303

 3607 3320 3730

 3611 3318 3607

 3611 3607 3730

 3731 3606 3321

 3731 3321 3610

 3612 3320 3606

 3612 3606 3731

 3323 3615 3732

 3323 3732 3613

 3613 3732 3616

 3613 3616 3322

 3732 3614 3324

 3732 3324 3616

 3615 3325 3614

 3615 3614 3732

 3300 3618 3733

 3300 3733 3569

 3569 3733 3617

 3569 3617 3299

 3733 3613 3322

 3733 3322 3617

 3618 3323 3613

 3618 3613 3733

 3300 3734 3618

 3734 3615 3323

 3734 3323 3618

 3734 3325 3615

 3329 3313 3736

 3326 3622 3735

 3326 3735 3619

 3619 3735 3621

 3619 3621 3327

 3735 3620 3329

 3735 3329 3621

 3622 3328 3620

 3622 3620 3735

 3624 3736 3304

 3621 3329 3736

 3624 3327 3621

 3624 3621 3736

 3302 3623 3737

 3302 3737 3574

 3574 3737 3624

 3574 3624 3304

 3737 3619 3327

 3737 3327 3624

 3623 3326 3619

 3623 3619 3737

 3331 3627 3738

 3331 3738 3625

 3625 3738 3628

 3625 3628 3330

 3738 3626 3332

 3738 3332 3628

 3627 3333 3626

 3627 3626 3738

 3330 3170 3381

 3330 3381 3625

 3430 3217 3332

 3430 3332 3626

 3331 3173 3476

 3331 3476 3627

 3381 3173 3331

 3381 3331 3625

 3168 3376 3629

 3168 3629 3335

 3476 3220 3333

 3476 3333 3627

 3334 3632 3739

 3334 3739 3629

 3629 3739 3631

 3629 3631 3335

 3739 3630 3337

 3739 3337 3631

 3632 3336 3630

 3632 3630 3739

 3215 3479 3631

 3215 3631 3337

 3376 3165 3334

 3376 3334 3629

 3336 3212 3426

 3336 3426 3630

 3479 3168 3335

 3479 3335 3631

 3214 3425 3634

 3214 3634 3341

 3426 3215 3337

 3426 3337 3630

 3339 3635 3740

 3339 3740 3633

 3633 3740 3636

 3633 3636 3338

 3740 3634 3340

 3740 3340 3636

 3635 3341 3634

 3635 3634 3740

 3338 3166 3375

 3338 3375 3633

 3425 3213 3340

 3425 3340 3634

 3339 3167 3472

 3339 3472 3635

 3375 3167 3339

 3375 3339 3633

 3182 3391 3641

 3182 3641 3346

 3472 3214 3341

 3472 3341 3635

 3342 3640 3741

 3342 3741 3637

 3637 3741 3639

 3637 3639 3343

 3741 3638 3345

 3741 3345 3639

 3640 3344 3638

 3640 3638 3741

 3172 3390 3637

 3172 3637 3343

 3439 3219 3345

 3439 3345 3638

 3345 3219 3493

 3345 3493 3639

 3390 3169 3342

 3390 3342 3637

 3493 3172 3343

 3493 3343 3639

 3347 3644 3742

 3347 3742 3641

 3641 3742 3643

 3641 3643 3346

 3742 3642 3348

 3742 3348 3643

 3644 3349 3642

 3644 3642 3742

 3349 3230 3440

 3349 3440 3642

 3391 3183 3347

 3391 3347 3641

 3348 3229 3507

 3348 3507 3643

 3440 3229 3348

 3440 3348 3642

 3507 3182 3346

 3507 3346 3643

 3293 3705 3297

 3722 3302 3572

 3723 3311 3576

 3577 3303 3730

 3578 3301 3726

 3730 3309 3577

 3300 3567 3734

 3255 3514 3409

 3255 3409 3196

 3282 3539 3371

 3282 3371 3176

 3174 3385 3389

 3174 3389 3163

 3306 3579 3600

 3306 3600 3316

 3610 3731 3612

 3612 3730 3709

 3612 3709 3610

 3709 3308 3610

 3610 3321 3709

 3730 3320 3612

 3612 3309 3730

 3734 3310 3325

 3328 3722 3312

 3325 3310 3581

 3325 3581 3614

 3328 3312 3582

 3328 3582 3620

 3723 3324 3311

 3296 3707 3291

 3291 3707 3553

 3217 3480 3628

 3217 3628 3332

 3169 3494 3640

 3169 3640 3342

 3354 3746 3749

 3354 3747 3746

 3756 3748 3745

 3756 3745 3753

 3753 3745 3750

 3753 3750 3758

 3755 3747 3744

 3755 3744 3752

 3752 3744 3748

 3752 3748 3756

 3354 3743 3750

 3354 3749 3743

 3351 3752 3756

 3351 3756 3152

 3151 3755 3752

 3151 3752 3351

 3352 3753 3758

 3352 3758 3150

 3152 3756 3753

 3152 3753 3352

 3743 3749 3757

 3743 3757 3751

 3750 3743 3751

 3750 3751 3758

 3746 3747 3755

 3746 3755 3754

 3749 3746 3754

 3749 3754 3757

 4367 3759 3963

 4367 3963 4364

 4364 3963 3761

 4364 3761 4365

 4358 4355 3964

 4355 4360 3964

 4357 4354 3964

 4354 4358 3964

 3760 3962 4255

 3760 4255 3970

 3962 3762 3969

 3962 3969 4255

 4255 3969 3766

 4255 3766 3967

 3970 4255 3967

 3970 3967 3764

 3765 3968 4256

 3765 4256 3978

 3968 3763 3977

 3968 3977 4256

 4256 3977 3767

 4256 3767 3976

 3978 4256 3976

 3978 3976 3769

 3759 3960 4257

 3759 4257 3971

 3960 3760 3970

 3960 3970 4257

 4257 3970 3764

 4257 3764 3965

 3971 4257 3965

 3971 3965 3763

 3761 3963 4258

 3761 4258 3972

 3963 3759 3971

 3963 3971 4258

 4258 3971 3763

 4258 3763 3968

 3972 4258 3968

 3972 3968 3765

 3762 3961 4259

 3762 4259 3969

 3961 3761 3972

 3961 3972 4259

 4259 3972 3765

 4259 3765 3966

 3969 4259 3966

 3969 3966 3766

 3769 3976 4260

 3769 4260 3974

 3976 3767 3973

 3976 3973 4260

 4260 3973 3768

 4260 3768 3975

 3974 4260 3975

 3974 3975 3770

 3766 3966 4261

 3766 4261 3979

 3966 3765 3978

 3966 3978 4261

 4261 3978 3769

 4261 3769 3974

 3979 4261 3974

 3979 3974 3770

 3764 3967 4262

 3764 4262 3980

 3967 3766 3979

 3967 3979 4262

 4262 3979 3770

 4262 3770 3975

 3980 4262 3975

 3980 3975 3768

 3763 3965 4263

 3763 4263 3977

 3965 3764 3980

 3965 3980 4263

 4263 3980 3768

 4263 3768 3973

 3977 4263 3973

 3977 3973 3767

 4368 3760 3960

 4368 3960 4361

 4361 3960 3759

 4361 3759 4367

 3803 4004 4264

 3803 4264 4015

 4004 3776 3985

 4004 3985 4264

 4264 3985 3777

 4264 3777 3983

 4015 4264 3983

 4015 3983 3802

 3799 4007 4265

 3799 4265 4011

 4007 3778 3986

 4007 3986 4265

 4265 3986 3775

 4265 3775 3984

 4011 4265 3984

 4011 3984 3798

 3995 3999 3771

 3995 3771 3787

 3788 3982 3787

 3788 3787 3781

 3786 3994 3993

 3786 3993 3774

 3801 4006 4266

 3801 4266 4014

 4006 3780 3991

 4006 3991 4266

 4266 3991 3783

 4266 3783 3987

 4014 4266 3987

 4014 3987 3800

 3993 3994 3785

 3993 3785 3772

 3786 3774 3992

 3786 3992 3981

 3805 4003 4267

 3805 4267 4018

 4003 3782 4000

 4003 4000 4267

 4267 4000 3779

 4267 3779 3990

 4018 4267 3990

 4018 3990 3804

 3817 4028 4268

 3817 4268 4029

 4028 3792 4001

 4028 4001 4268

 4268 4001 3793

 4268 3793 4002

 4029 4268 4002

 4029 4002 3816

 3899 3834 4044

 3899 4044 4151

 4149 3981 3784

 4149 3784 3889

 3892 3988 4150

 4150 3988 3891

 3834 3818 4048

 3834 4048 4044

 3981 3992 3773

 3981 3773 3784

 4279 4075 3860

 4279 3860 4074

 4065 4283 4279

 4065 4279 4074

 4017 4273 4269

 4017 4269 4024

 4269 4026 3812

 4269 3812 4024

 4280 4071 3856

 4280 3856 4070

 4061 4281 4280

 4061 4280 4070

 4013 4271 4270

 4013 4270 4020

 4270 4022 3808

 4270 3808 4020

 4058 3845 4060

 4058 4060 4282

 4282 4060 3846

 4282 3846 4059

 4273 4018 3804

 4273 3804 4016

 4065 3851 4067

 4065 4067 4283

 4124 4019 3807

 4124 3807 3866

 3877 3808 4022

 3877 4022 4136

 4136 4022 3809

 4136 3809 3878

 3869 3810 4023

 3869 4023 4128

 4128 4023 3811

 4128 3811 3870

 3873 3812 4026

 3873 4026 4132

 4132 4026 3813

 4132 3813 3874

 3868 3854 4068

 3868 4068 4125

 4005 3795 3811

 4005 3811 4023

 3858 3842 4054

 3858 4054 4072

 4005 4027 3814

 4005 3814 3795

 3861 4076 4054

 3861 4054 3842

 4061 4160 4310

 4061 4310 4281

 4013 4159 4309

 4013 4309 4271

 4008 3797 3807

 4008 3807 4019

 3854 3844 4057

 3854 4057 4068

 3796 4010 4272

 3796 4272 4008

 4008 4272 4009

 4008 4009 3797

 4144 4029 3816

 4144 3816 3886

 3888 3863 4078

 3888 4078 4145

 3997 3791 3882

 3997 3882 4140

 3884 3838 4046

 3884 4046 4141

 3845 4034 4274

 3845 4274 4200

 4034 3822 4199

 4034 4199 4274

 4274 4199 3908

 4274 3908 4178

 4200 4274 4178

 4200 4178 3916

 4151 4044 3831

 4151 3831 3894

 3894 3831 4031

 3894 4031 4154

 3852 4067 4275

 3852 4275 4198

 4067 3851 4197

 4067 4197 4275

 4275 4197 3922

 4275 3922 4192

 4198 4275 4192

 4198 4192 3923

 4044 4048 3820

 4044 3820 3831

 3834 4032 4038

 3834 4038 3818

 4038 4032 3835

 4038 3835 3828

 3832 4043 4042

 3832 4042 3819

 3830 4040 4276

 3830 4276 4196

 4040 3827 4195

 4040 4195 4276

 4276 4195 3913

 4276 3913 4183

 4196 4276 4183

 4196 4183 3915

 3831 3820 4041

 3831 4041 4031

 4042 4043 3833

 4042 3833 3821

 3899 3988 4152

 4152 3988 3895

 3895 3988 4153

 4153 3988 3898

 3848 4063 4277

 3848 4277 4194

 4063 3847 4193

 4063 4193 4277

 4277 4193 3918

 4277 3918 4190

 4194 4277 4190

 4194 4190 3919

 3864 4078 4278

 3864 4278 4077

 4078 3863 4051

 4078 4051 4278

 4278 4051 3840

 4278 3840 4050

 4077 4278 4050

 4077 4050 3839

 4154 4031 3833

 4154 3833 3897

 3893 3789 4092

 3893 4092 4157

 3988 3894 4154

 3988 4154 3897

 4031 4041 3821

 4031 3821 3833

 3785 4091 4108

 3785 4108 3772

 4024 3812 4102

 4024 4102 4291

 4075 4279 4073

 4075 4073 3859

 4279 4283 4066

 4279 4066 4073

 4295 4289 4065

 4295 4065 4074

 4020 3808 4098

 4020 4098 4290

 4071 4280 4069

 4071 4069 3855

 4280 4281 4062

 4280 4062 4069

 4294 4288 4061

 4294 4061 4070

 4299 4101 3845

 4299 3845 4058

 4009 3798 4101

 4009 4101 4299

 4283 4067 3852

 4283 3852 4066

 4016 3804 4121

 4016 4121 4289

 3880 3856 4071

 3880 4071 4137

 4125 4068 3853

 4125 3853 3867

 3872 3858 4072

 3872 4072 4129

 4137 4071 3855

 4137 3855 3879

 3876 3860 4075

 3876 4075 4133

 4129 4072 3857

 4129 3857 3871

 3870 3811 4096

 3870 4096 4130

 4133 4075 3859

 4133 3859 3875

 4119 4116 3794

 4119 3794 3810

 4072 4054 3841

 4072 3841 3857

 3814 4095 4114

 3814 4114 3795

 4054 4076 3862

 4054 3862 3841

 4281 4310 4161

 4281 4161 4062

 4012 4158 4311

 4012 4311 4288

 4094 4115 3796

 4094 3796 3806

 4068 4057 3843

 4068 3843 3853

 3843 4057 4282

 3843 4282 4059

 4057 3844 4058

 4057 4058 4282

 3886 3816 4122

 3886 4122 4147

 4145 4078 3864

 4145 3864 3887

 3882 3791 4123

 3882 4123 4142

 4141 4046 3837

 4141 3837 3883

 4146 4080 3837

 4146 3837 3887

 3885 4144 3997

 3885 3997 3790

 3802 3983 4284

 3802 4284 4083

 3983 3777 4082

 3983 4082 4284

 4284 4082 3824

 4284 3824 4033

 4083 4284 4033

 4083 4033 3849

 3776 4004 4285

 3776 4285 4085

 4004 3803 4084

 4004 4084 4285

 4285 4084 3850

 4285 3850 4053

 4085 4285 4053

 4085 4053 3823

 3800 3987 4286

 3800 4286 4087

 3987 3783 4086

 3987 4086 4286

 4286 4086 3830

 4286 3830 4037

 4087 4286 4037

 4087 4037 3847

 3778 4007 4287

 3778 4287 4089

 4007 3799 4088

 4007 4088 4287

 4287 4088 3846

 4287 3846 4056

 4089 4287 4056

 4089 4056 3825

 3823 3950 4246

 3823 4246 4085

 4090 4238 3940

 4090 3940 3780

 4292 4290 4069

 4292 4069 4062

 4288 4311 4160

 4288 4160 4061

 4302 4292 4062

 4302 4062 4161

 4021 4012 4288

 4021 4288 4294

 3891 3988 4156

 3896 4156 3988

 4293 4291 4073

 4293 4073 4066

 4025 4016 4289

 4025 4289 4295

 4157 4092 3836

 4157 3836 3898

 3893 4148 3996

 3893 3996 3789

 4290 4098 3855

 4290 3855 4069

 4107 4294 4070

 4107 4070 3856

 4013 4020 4290

 4013 4290 4292

 3815 4027 4005

 3815 4005 3794

 4291 4102 3859

 4291 3859 4073

 4110 4295 4074

 4110 4074 3860

 4017 4024 4291

 4017 4291 4293

 4126 4093 3818

 4126 3818 3867

 3865 4124 3989

 3865 3989 3771

 4130 4096 3858

 4130 3858 3872

 3866 3807 4099

 3866 4099 4127

 4127 4099 3854

 4127 3854 3868

 3874 3813 4110

 3874 4110 4134

 4010 4300 4088

 4010 4088 3799

 4088 4300 4059

 4088 4059 3846

 4159 4013 4292

 4159 4292 4302

 4142 4123 3838

 4142 3838 3884

 4143 4080 3790

 4143 3790 3881

 4271 4309 4158

 4271 4158 4012

 4294 4107 3809

 4294 3809 4021

 3954 4248 4049

 3954 4049 3826

 4104 4250 3954

 4104 3954 3826

 4295 4110 3813

 4295 3813 4025

 3798 3984 4296

 3798 4296 4101

 3984 3775 4105

 3984 4105 4296

 4296 4105 3822

 4296 3822 4034

 4101 4296 4034

 4101 4034 3845

 4084 4106 3862

 4084 3862 3850

 3815 3803 4015

 3815 4015 4027

 4106 4084 3803

 4106 3803 3815

 4022 4270 4021

 4022 4021 3809

 4108 4091 3832

 4108 3832 3819

 3788 3781 4100

 3788 4100 4109

 4272 4011 3798

 4272 3798 4009

 4109 4100 3828

 4109 3828 3835

 4026 4269 4025

 4026 4025 3813

 3782 4003 4297

 3782 4297 4103

 4003 3805 4111

 4003 4111 4297

 4297 4111 3852

 4297 3852 4052

 4103 4297 4052

 4103 4052 3829

 3793 3957 4254

 3793 4254 4118

 4085 4246 3948

 4085 3948 3776

 3780 4006 4298

 3780 4298 4090

 4006 3801 4112

 4006 4112 4298

 4298 4112 3848

 4298 3848 4055

 4090 4298 4055

 4090 4055 3827

 3797 4009 4299

 3797 4299 4113

 4113 4299 4058

 4113 4058 3844

 4114 4095 3861

 4114 3861 3842

 3815 3794 4116

 3815 4116 4106

 3775 3944 4242

 3775 4242 4105

 4118 4254 3959

 4118 3959 3840

 4116 4119 3857

 4116 3857 3841

 3811 3795 4114

 3811 4114 4096

 4134 4110 3860

 4134 3860 3876

 3878 3809 4107

 3878 4107 4138

 3830 3943 4236

 3830 4236 4040

 4105 4242 3946

 4105 3946 3822

 4138 4107 3856

 4138 3856 3880

 3865 4126 4094

 3865 4094 3806

 4135 4108 3819

 4135 3819 3875

 3873 4132 3993

 3873 3993 3772

 4115 4094 3853

 4115 3853 3843

 3807 3797 4113

 3807 4113 4099

 4010 3796 4115

 4010 4115 4300

 4300 4115 3843

 4300 3843 4059

 4289 4121 3851

 4289 3851 4065

 3805 4017 4293

 3805 4293 4111

 4106 4116 3841

 4106 3841 3862

 4270 4271 4012

 4270 4012 4021

 4147 4122 3863

 4147 3863 3888

 3885 4146 4081

 3885 4081 3817

 3863 4122 4301

 3863 4301 4168

 4122 3816 4167

 4122 4167 4301

 4301 4167 3901

 4301 3901 4166

 4168 4301 4166

 4168 4166 3903

 4131 4120 3821

 4131 3821 3871

 3869 4128 3992

 3869 3992 3774

 4114 3842 3858

 4114 3858 4096

 3810 3794 4005

 3810 4005 4023

 4139 4097 3820

 4139 3820 3879

 3877 4136 3999

 3877 3999 3773

 4112 4302 4161

 4112 4161 3848

 3804 3990 4303

 3804 4303 4121

 3990 3779 4104

 3990 4104 4303

 4303 4104 3826

 4303 3826 4039

 4121 4303 4039

 4121 4039 3851

 4113 3844 3854

 4113 3854 4099

 3806 3796 4008

 3806 4008 4019

 3792 4028 4304

 3792 4304 4117

 4028 3817 4081

 4028 4081 4304

 4304 4081 3864

 4304 3864 4077

 4117 4304 4077

 4117 4077 3839

 4143 4305 4047

 4143 4047 3883

 3998 3788 4109

 3998 4109 4305

 4305 4109 3835

 4305 3835 4047

 3998 3881 4140

 3998 4140 4306

 3989 4124 3866

 3989 3866 3781

 3868 4125 4038

 3868 4038 3828

 3866 4127 4100

 3866 4100 3781

 4038 4125 3867

 4038 3867 3818

 4094 4126 3867

 4094 3867 3853

 3869 4131 4119

 3869 4119 3810

 4100 4127 3868

 4100 3868 3828

 3877 3773 4097

 3877 4097 4139

 3992 4128 3870

 3992 3870 3773

 3872 4129 4041

 3872 4041 3820

 3870 4130 4097

 3870 4097 3773

 4041 4129 3871

 4041 3871 3821

 4097 4130 3872

 4097 3872 3820

 3873 3772 4108

 3873 4108 4135

 4119 4131 3871

 4119 3871 3857

 3873 4135 4102

 3873 4102 3812

 3993 4132 3874

 3993 3874 3774

 3876 4133 4042

 3876 4042 3821

 3874 4134 4120

 3874 4120 3774

 4042 4133 3875

 4042 3875 3819

 4120 4134 3876

 4120 3876 3821

 4102 4135 3875

 4102 3875 3859

 3877 4139 4098

 3877 4098 3808

 3999 4136 3878

 3999 3878 3771

 3880 4137 4048

 3880 4048 3818

 3878 4138 4093

 3878 4093 3771

 4048 4137 3879

 4048 3879 3820

 4093 4138 3880

 4093 3880 3818

 3869 3774 4120

 3869 4120 4131

 4098 4139 3879

 4098 3879 3855

 3885 3817 4029

 3885 4029 4144

 4080 4143 3883

 4080 3883 3837

 3881 3790 3997

 3881 3997 4140

 3997 4144 3886

 3997 3886 3791

 3888 4145 4046

 3888 4046 3838

 3886 4147 4123

 3886 4123 3791

 4046 4145 3887

 4046 3887 3837

 4081 4146 3887

 4081 3887 3864

 3885 3790 4080

 3885 4080 4146

 4123 4147 3888

 4123 3888 3838

 3892 4150 3994

 3892 3994 3786

 3996 4148 3890

 3996 3890 3788

 3994 4150 3891

 3994 3891 3785

 3899 4152 4032

 3899 4032 3834

 4032 4152 3895

 4032 3895 3835

 3895 4153 4045

 3895 4045 3835

 4045 4153 3898

 4045 3898 3836

 3896 4155 4043

 3896 4043 3832

 3899 4151 3988

 3894 3988 4151

 3891 4156 4091

 3891 4091 3785

 4043 4155 3897

 4043 3897 3833

 4091 4156 3896

 4091 3896 3832

 4305 4143 3881

 4305 3881 3998

 3788 3998 4306

 3788 4306 3996

 4140 3882 4030

 4140 4030 4306

 4079 3884 4141

 4079 4141 4307

 3996 4306 4030

 3996 4030 3789

 3835 4045 4307

 3835 4307 4047

 4045 3836 4079

 4045 4079 4307

 4307 4141 3883

 4307 3883 4047

 4030 3882 4142

 4030 4142 4308

 3789 4030 4308

 3789 4308 4092

 4142 3884 4079

 4142 4079 4308

 3865 3771 4093

 3865 4093 4126

 4092 4308 4079

 4092 4079 3836

 4010 3799 4011

 4010 4011 4272

 4014 3800 4158

 4014 4158 4309

 4160 3847 4063

 4160 4063 4310

 4310 4063 3848

 4310 3848 4161

 4158 3800 4087

 4158 4087 4311

 4087 3847 4160

 4087 4160 4311

 4302 4112 3801

 4302 3801 4159

 4159 3801 4014

 4159 4014 4309

 4015 3802 3814

 4015 3814 4027

 3861 3849 4064

 3861 4064 4076

 3814 3802 4083

 3814 4083 4095

 4076 4064 3850

 4076 3850 3862

 4083 3849 3861

 4083 3861 4095

 4293 4066 3852

 4293 3852 4111

 4017 3805 4018

 4017 4018 4273

 4269 4273 4016

 4269 4016 4025

 3988 3892 4149

 3988 4149 3889

 3890 4148 3988

 3893 3988 4148

 3897 4155 3988

 3896 3988 4155

 3784 3995 3787

 3784 3787 3889

 3890 4162 3982

 3890 3982 3788

 3889 4162 3988

 4162 3890 3988

 3982 4162 3889

 3982 3889 3787

 3893 4157 3988

 3898 3988 4157

 3787 3771 3989

 3787 3989 3781

 3793 4118 4312

 3793 4312 4170

 4118 3840 4169

 4118 4169 4312

 4312 4169 3902

 4312 3902 4165

 4170 4312 4165

 4170 4165 3900

 3816 4002 4313

 3816 4313 4167

 4002 3793 4170

 4002 4170 4313

 4313 4170 3900

 4313 3900 4163

 4167 4313 4163

 4167 4163 3901

 3840 4051 4314

 3840 4314 4169

 4051 3863 4168

 4051 4168 4314

 4314 4168 3903

 4314 3903 4164

 4169 4314 4164

 4169 4164 3902

 3901 3906 4172

 3901 4172 4166

 4175 3902 4315

 4164 4315 3902

 4174 4315 3907

 4175 4315 4174

 4175 4174 3905

 3904 4171 4316

 3904 4316 4173

 4171 3905 4174

 4171 4174 4316

 4316 4174 3907

 4316 3907 4172

 4173 4316 4172

 4173 4172 3906

 4164 3903 4315

 3900 4176 4317

 4317 4176 3904

 4317 3904 4173

 4317 4173 3906

 4317 4163 3900

 4166 4172 3907

 4166 3907 3903

 3900 4165 4318

 3900 4318 4176

 4165 3902 4175

 4165 4175 4318

 4318 4175 3905

 4318 3905 4171

 4176 4318 4171

 4176 4171 3904

 3915 4219 4319

 4319 4219 3929

 4319 3929 4218

 4319 4218 3931

 4319 4181 3915

 3823 4053 4320

 3823 4320 4202

 4053 3850 4201

 4053 4201 4320

 4320 4201 3921

 4320 3921 4186

 4202 4320 4186

 4202 4186 3909

 3824 4035 4321

 3824 4321 4203

 4035 3823 4202

 4035 4202 4321

 4321 4202 3909

 4321 3909 4179

 4203 4321 4179

 4203 4179 3910

 3846 4060 4322

 3846 4322 4204

 4060 3845 4200

 4060 4200 4322

 4322 4200 3916

 4322 3916 4189

 4204 4322 4189

 4204 4189 3917

 3825 4056 4323

 3825 4323 4205

 4056 3846 4204

 4056 4204 4323

 4323 4204 3917

 4323 3917 4188

 4205 4323 4188

 4205 4188 3911

 3822 4036 4324

 3822 4324 4199

 4036 3825 4205

 4036 4205 4324

 4324 4205 3911

 4324 3911 4180

 4199 4324 4180

 4199 4180 3908

 3850 4064 4325

 3850 4325 4201

 4064 3849 4206

 4064 4206 4325

 4325 4206 3920

 4325 3920 4191

 4201 4325 4191

 4201 4191 3921

 3826 4049 4326

 3826 4326 4208

 4049 3829 4207

 4049 4207 4326

 4326 4207 3914

 4326 3914 4184

 4208 4326 4184

 4208 4184 3912

 3849 4033 4327

 3849 4327 4206

 4033 3824 4203

 4033 4203 4327

 4327 4203 3910

 4327 3910 4177

 4206 4327 4177

 4206 4177 3920

 3829 4052 4328

 3829 4328 4207

 4052 3852 4198

 4052 4198 4328

 4328 4198 3923

 4328 3923 4185

 4207 4328 4185

 4207 4185 3914

 3851 4039 4329

 3851 4329 4197

 4039 3826 4208

 4039 4208 4329

 4329 4208 3912

 4329 3912 4182

 4197 4329 4182

 4197 4182 3922

 3827 4055 4330

 3827 4330 4195

 4055 3848 4194

 4055 4194 4330

 4330 4194 3919

 4330 3919 4187

 4195 4330 4187

 4195 4187 3913

 3847 4037 4331

 3847 4331 4193

 4037 3830 4196

 4037 4196 4331

 4331 4196 3915

 4331 3915 4181

 4193 4331 4181

 4193 4181 3918

 4178 4334 3916

 3918 4220 4341

 3918 4341 4190

 3912 4233 4332

 4332 4233 3936

 4332 3936 4232

 4332 4232 3938

 4227 3909 4333

 4192 4230 3939

 4192 3939 3923

 4226 4333 3934

 4227 4333 4226

 4227 4226 3932

 4181 4319 3918

 4190 4341 4222

 4190 4222 3919

 4191 4224 3934

 4191 3934 3921

 3908 4213 4334

 4334 4213 3924

 4334 3924 4212

 4334 4212 3926

 4177 4344 3920

 4182 4332 3922

 4185 4346 3914

 4346 4185 3923

 4186 4333 3909

 4336 4188 3917

 3908 4334 4178

 3924 4209 4335

 3924 4335 4212

 4209 3925 4211

 4209 4211 4335

 4335 4211 3927

 4335 3927 4210

 4212 4335 4210

 4212 4210 3926

 4189 4210 3927

 4189 3927 3917

 4336 3917 3927

 4214 3911 4336

 3926 3916 4334

 4211 4336 3927

 4214 4336 4211

 4214 4211 3925

 3908 4180 4337

 3908 4337 4213

 4180 3911 4214

 4180 4214 4337

 4337 4214 3925

 4337 3925 4209

 4213 4337 4209

 4213 4209 3924

 3929 4215 4338

 3929 4338 4218

 4215 3928 4217

 4215 4217 4338

 4338 4217 3930

 4338 3930 4216

 4218 4338 4216

 4218 4216 3931

 3915 4183 4339

 3915 4339 4219

 4183 3913 4221

 4183 4221 4339

 4339 4221 3928

 4339 3928 4215

 4219 4339 4215

 4219 4215 3929

 4221 3913 4340

 4217 4340 3930

 4221 4340 4217

 4221 4217 3928

 4341 4220 3931

 4341 3931 4216

 4222 4341 4216

 4222 4216 3930

 3933 4223 4342

 3933 4342 4225

 4223 3932 4226

 4223 4226 4342

 4342 4226 3934

 4342 3934 4224

 4225 4342 4224

 4225 4224 3935

 3910 4179 4343

 3910 4343 4228

 4179 3909 4227

 4179 4227 4343

 4343 4227 3932

 4343 3932 4223

 4228 4343 4223

 4228 4223 3933

 3910 4228 4344

 4344 4228 3933

 4344 3933 4225

 4344 4225 3935

 3939 4346 3923

 3936 4229 4345

 3936 4345 4232

 4229 3937 4231

 4229 4231 4345

 4345 4231 3939

 4345 3939 4230

 4232 4345 4230

 4232 4230 3938

 4234 3914 4346

 4231 4346 3939

 4234 4346 4231

 4234 4231 3937

 3912 4184 4347

 3912 4347 4233

 4184 3914 4234

 4184 4234 4347

 4347 4234 3937

 4347 3937 4229

 4233 4347 4229

 4233 4229 3936

 3941 4235 4348

 3941 4348 4237

 4235 3940 4238

 4235 4238 4348

 4348 4238 3942

 4348 3942 4236

 4237 4348 4236

 4237 4236 3943

 3940 4235 3991

 3940 3991 3780

 4040 4236 3942

 4040 3942 3827

 3941 4237 4086

 3941 4086 3783

 3991 4235 3941

 3991 3941 3783

 3778 3945 4239

 3778 4239 3986

 4086 4237 3943

 4086 3943 3830

 3944 4239 4349

 3944 4349 4242

 4239 3945 4241

 4239 4241 4349

 4349 4241 3947

 4349 3947 4240

 4242 4349 4240

 4242 4240 3946

 3825 3947 4241

 3825 4241 4089

 3986 4239 3944

 3986 3944 3775

 3946 4240 4036

 3946 4036 3822

 4089 4241 3945

 4089 3945 3778

 3824 3951 4244

 3824 4244 4035

 4036 4240 3947

 4036 3947 3825

 3949 4243 4350

 3949 4350 4245

 4243 3948 4246

 4243 4246 4350

 4350 4246 3950

 4350 3950 4244

 4245 4350 4244

 4245 4244 3951

 3948 4243 3985

 3948 3985 3776

 4035 4244 3950

 4035 3950 3823

 3949 4245 4082

 3949 4082 3777

 3985 4243 3949

 3985 3949 3777

 3792 3956 4251

 3792 4251 4001

 4082 4245 3951

 4082 3951 3824

 3952 4247 4351

 3952 4351 4250

 4247 3953 4249

 4247 4249 4351

 4351 4249 3955

 4351 3955 4248

 4250 4351 4248

 4250 4248 3954

 3782 3953 4247

 3782 4247 4000

 4049 4248 3955

 4049 3955 3829

 3955 4249 4103

 3955 4103 3829

 4000 4247 3952

 4000 3952 3779

 4103 4249 3953

 4103 3953 3782

 3957 4251 4352

 3957 4352 4254

 4251 3956 4253

 4251 4253 4352

 4352 4253 3958

 4352 3958 4252

 4254 4352 4252

 4254 4252 3959

 3959 4252 4050

 3959 4050 3840

 4001 4251 3957

 4001 3957 3793

 3958 4253 4117

 3958 4117 3839

 4050 4252 3958

 4050 3958 3839

 4117 4253 3956

 4117 3956 3792

 3903 3907 4315

 4332 4182 3912

 4333 4186 3921

 4187 4340 3913

 4188 4336 3911

 4340 4187 3919

 3910 4344 4177

 3865 3806 4019

 3865 4019 4124

 3892 3786 3981

 3892 3981 4149

 3784 3773 3999

 3784 3999 3995

 3916 3926 4210

 3916 4210 4189

 4222 4341 4220

 4220 4319 4340

 4220 4340 4222

 4319 4220 3918

 4220 4319 3931

 4340 4222 3930

 4222 4340 3919

 4344 3935 3920

 3938 3922 4332

 3935 4224 4191

 3935 4191 3920

 3938 4230 4192

 3938 4192 3922

 4333 3921 3934

 3906 3901 4317

 3901 4163 4317

 3827 3942 4238

 3827 4238 4090

 3779 3952 4250

 3779 4250 4104

 3964 4359 4356

 3964 4356 4357

 4366 4363 4355

 4366 4355 4358

 4363 4368 4360

 4363 4360 4355

 4365 4362 4354

 4365 4354 4357

 4362 4366 4358

 4362 4358 4354

 3964 4360 4353

 3964 4353 4359

 3961 3762 4366

 3961 4366 4362

 3761 3961 4362

 3761 4362 4365

 3962 3760 4368

 3962 4368 4363

 3762 3962 4363

 3762 4363 4366

 4353 4361 4367

 4353 4367 4359

 4360 4368 4361

 4360 4361 4353

 4356 4364 4365

 4356 4365 4357

 4359 4367 4364

 4359 4364 4356

 4370 4441 4375

 4370 4375 4376

 4440 4439 4373

 4371 4370 4376

 4371 4376 4377

 4369 4440 4373

 4369 4373 4374

 4372 4371 4377

 4372 4377 4378

 4441 4369 4374

 4441 4374 4375

 4378 4377 4383

 4378 4383 4384

 4381 4375 4551

 4381 4551 4552

 4376 4375 4381

 4376 4381 4382

 4373 4439 4379

 4377 4376 4382

 4377 4382 4383

 4374 4373 4379

 4374 4379 4380

 4379 4439 4385

 4383 4382 4388

 4383 4388 4389

 4380 4379 4385

 4380 4385 4386

 4384 4383 4389

 4384 4389 4390

 4398 4399 4555

 4382 4381 4387

 4382 4387 4388

 4388 4387 4393

 4388 4393 4394

 4385 4439 4391

 4389 4388 4394

 4389 4394 4395

 4386 4385 4391

 4386 4391 4392

 4390 4389 4395

 4390 4395 4396

 4375 4374 4551

 4392 4391 4397

 4392 4397 4398

 4396 4395 4401

 4396 4401 4402

 4380 4386 4553

 4380 4553 4552

 4394 4393 4399

 4394 4399 4400

 4391 4439 4397

 4395 4394 4400

 4395 4400 4401

 4397 4439 4403

 4401 4400 4482

 4398 4397 4403

 4398 4403 4404

 4402 4401 4482

 4402 4482 4484

 4399 4398 4404

 4399 4404 4405

 4400 4399 4405

 4400 4405 4406

 4405 4404 4410

 4405 4410 4411

 4406 4405 4411

 4406 4411 4412

 4403 4439 4409

 4407 4406 4529

 4404 4403 4409

 4404 4409 4410

 4526 4527 4485

 4410 4409 4415

 4410 4415 4416

 4414 4413 4419

 4414 4419 4420

 4411 4410 4416

 4411 4416 4417

 4412 4411 4417

 4412 4417 4418

 4409 4439 4415

 4413 4412 4418

 4413 4418 4419

 4418 4417 4423

 4418 4423 4424

 4415 4439 4421

 4419 4418 4424

 4419 4424 4425

 4416 4415 4421

 4416 4421 4422

 4420 4419 4425

 4420 4425 4426

 4417 4416 4422

 4417 4422 4423

 4423 4422 4428

 4423 4428 4429

 4424 4423 4429

 4424 4429 4430

 4421 4439 4427

 4425 4424 4430

 4425 4430 4431

 4422 4421 4427

 4422 4427 4428

 4426 4425 4431

 4426 4431 4432

 4431 4430 4436

 4431 4436 4437

 4428 4427 4433

 4428 4433 4434

 4432 4431 4437

 4432 4437 4438

 4429 4428 4434

 4429 4434 4435

 4430 4429 4435

 4430 4435 4436

 4427 4439 4433

 4436 4435 4441

 4436 4441 4370

 4433 4439 4440

 4437 4436 4370

 4437 4370 4371

 4434 4433 4440

 4434 4440 4369

 4438 4437 4371

 4438 4371 4372

 4435 4434 4369

 4435 4369 4441

 4443 4510 4442

 4444 4511 4510

 4444 4510 4443

 4463 4509 4511

 4463 4511 4444

 4447 4446 4445

 4456 4459 4446

 4456 4446 4447

 4503 4508 4465

 4503 4465 4468

 4468 4465 4464

 4468 4464 4469

 4502 4503 4468

 4502 4468 4466

 4466 4468 4469

 4466 4469 4467

 4498 4507 4461

 4498 4461 4450

 4450 4461 4460

 4450 4460 4451

 4501 4506 4457

 4501 4457 4462

 4462 4457 4509

 4462 4509 4463

 4508 4505 4453

 4508 4453 4465

 4465 4453 4452

 4465 4452 4464

 4507 4501 4462

 4507 4462 4461

 4461 4462 4463

 4461 4463 4460

 4499 4504 4449

 4499 4449 4454

 4454 4449 4448

 4454 4448 4455

 4506 4500 4458

 4506 4458 4457

 4457 4458 4459

 4457 4459 4456

 4505 4499 4454

 4505 4454 4453

 4453 4454 4455

 4453 4455 4452

 4504 4498 4450

 4504 4450 4449

 4449 4450 4451

 4449 4451 4448

 4487 4492 4475

 4487 4475 4470

 4488 4493 4476

 4488 4476 4471

 4489 4494 4477

 4489 4477 4472

 4493 4487 4470

 4493 4470 4476

 4490 4495 4478

 4490 4478 4473

 4491 4488 4471

 4491 4471 4474

 4495 4489 4472

 4495 4472 4478

 4492 4490 4473

 4492 4473 4475

 4496 4497 4480

 4496 4480 4479

 4497 4491 4474

 4497 4474 4480

 4481 4400 4486

 4483 4596 4597

 4486 4406 4523

 4525 4524 4408

 4486 4400 4406

 4420 4426 4491

 4420 4491 4497

 4414 4420 4497

 4414 4497 4496

 4378 4384 4490

 4378 4490 4492

 4390 4396 4489

 4390 4489 4495

 4426 4432 4488

 4426 4488 4491

 4384 4390 4495

 4384 4495 4490

 4438 4372 4487

 4438 4487 4493

 4396 4402 4494

 4396 4494 4489

 4432 4438 4493

 4432 4493 4488

 4372 4378 4492

 4372 4492 4487

 4470 4475 4498

 4470 4498 4504

 4471 4476 4499

 4471 4499 4505

 4472 4477 4500

 4472 4500 4506

 4476 4470 4504

 4476 4504 4499

 4473 4478 4501

 4473 4501 4507

 4474 4471 4505

 4474 4505 4508

 4478 4472 4506

 4478 4506 4501

 4475 4473 4507

 4475 4507 4498

 4479 4480 4503

 4479 4503 4502

 4480 4474 4508

 4480 4508 4503

 4467 4469 4513

 4467 4513 4512

 4512 4513 4515

 4512 4515 4514

 4514 4515 4516

 4402 4484 4518

 4402 4518 4517

 4517 4518 4520

 4517 4520 4519

 4519 4520 4521

 4598 4599 4534

 4598 4534 4535

 4523 4406 4407

 4523 4407 4524

 4523 4524 4525

 4486 4523 4527

 4486 4527 4526

 4535 4534 4536

 4529 4406 4412

 4529 4412 4413

 4529 4413 4532

 4529 4532 4533

 4407 4528 4530

 4407 4530 4522

 4522 4530 4531

 4529 4528 4407

 4469 4464 4537

 4469 4537 4538

 4538 4537 4539

 4538 4539 4540

 4540 4539 4541

 4464 4452 4542

 4464 4542 4543

 4543 4542 4544

 4543 4544 4545

 4545 4544 4546

 4537 4464 4547

 4537 4547 4548

 4548 4547 4549

 4464 4543 4550

 4387 4381 4552

 4387 4552 4553

 4392 4398 4555

 4392 4555 4554

 4399 4393 4554

 4399 4554 4555

 4374 4380 4552

 4374 4552 4551

 4386 4392 4554

 4386 4554 4553

 4393 4387 4553

 4393 4553 4554

 4460 4463 4557

 4460 4557 4556

 4556 4557 4559

 4556 4559 4558

 4558 4559 4561

 4558 4561 4560

 4560 4561 4562

 4455 4448 4564

 4455 4564 4563

 4565 4567 4568

 4565 4568 4566

 4567 4569 4568

 4563 4564 4571

 4563 4571 4570

 4452 4455 4565

 4452 4565 4566

 4570 4571 4572

 4448 4451 4574

 4448 4574 4573

 4574 4451 4575

 4574 4575 4576

 4576 4575 4577

 4448 4573 4579

 4448 4579 4578

 4578 4579 4580

 4573 4574 4582

 4573 4582 4581

 4581 4582 4584

 4581 4584 4583

 4583 4584 4585

 4451 4460 4587

 4451 4587 4586

 4586 4587 4589

 4586 4589 4588

 4588 4589 4591

 4588 4591 4590

 4590 4591 4592

 4587 4460 4593

 4587 4593 4594

 4594 4593 4595

 4597 4596 4481

 4597 4481 4486

 4533 4532 4599

 4533 4599 4598

 4777 4659 4658

 4777 4658 4662

 4680 4683 4682

 4680 4682 4681

 4604 4601 4602

 4609 4604 4602

 4609 4602 4718

 4605 4603 4606

 4607 4605 4606

 4607 4606 4608

 4611 4607 4608

 4611 4608 4609

 4730 4611 4609

 4730 4609 4718

 4612 4610 4613

 4616 4612 4613

 4616 4613 4614

 4624 4616 4614

 4624 4614 4622

 4619 4615 4618

 4734 4619 4618

 4734 4618 4624

 4620 4617 4621

 4622 4620 4621

 4622 4621 4730

 4734 4624 4622

 4734 4622 4730

 4625 4623 4626

 4728 4632 4631

 4728 4631 4724

 4630 4625 4626

 4630 4626 4633

 4628 4629 4627

 4631 4632 4629

 4631 4629 4628

 4724 4630 4633

 4724 4633 4734

 4635 4634 4636

 4637 4635 4636

 4637 4636 4638

 4639 4637 4638

 4639 4638 4640

 4718 4639 4640

 4718 4640 4736

 4803 4642 4804

 4803 4804 4810

 4812 4804 4642

 4812 4642 4805

 4826 4818 4811

 4826 4811 4819

 4797 4641 4642

 4797 4642 4803

 4805 4642 4641

 4805 4641 4798

 4810 4804 4811

 4810 4811 4817

 4714 4643 4652

 4645 4644 4646

 4656 4645 4646

 4656 4646 4714

 4648 4647 4649

 4652 4648 4649

 4652 4649 4651

 4714 4652 4651

 4714 4651 4728

 4653 4650 4654

 4655 4653 4654

 4655 4654 4656

 4707 4655 4656

 4707 4656 4714

 4776 4789 4667

 4778 4779 4666

 4789 4778 4666

 4789 4666 4667

 4776 4777 4662

 4776 4662 4780

 4776 4780 4781

 4776 4781 4790

 4660 4657 4661

 4683 4679 4663

 4683 4663 4665

 4665 4664 4788

 4665 4788 4789

 4665 4789 4790

 4659 4660 4661

 4659 4661 4658

 4669 4668 4670

 4671 4669 4670

 4671 4670 4672

 4794 4671 4672

 4794 4672 4785

 4674 4673 4675

 4676 4674 4675

 4676 4675 4677

 4710 4676 4677

 4710 4677 4707

 4684 4709 4697

 4684 4697 4696

 4686 4712 4709

 4686 4709 4684

 4694 4732 4699

 4694 4699 4698

 4688 4716 4701

 4688 4701 4700

 4696 4697 4703

 4696 4703 4702

 4698 4699 4716

 4698 4716 4688

 4692 4726 4705

 4692 4705 4704

 4700 4701 4720

 4700 4720 4690

 4702 4703 4726

 4702 4726 4692

 4704 4705 4732

 4704 4732 4694

 4828 4745 4695

 4828 4695 4822

 4757 4744 4693

 4757 4693 4751

 4800 4742 4691

 4800 4691 4794

 4751 4693 4745

 4751 4745 4828

 4814 4740 4689

 4814 4689 4807

 4763 4739 4744

 4763 4744 4757

 4807 4689 4742

 4807 4742 4800

 4822 4695 4740

 4822 4740 4814

 4769 4687 4685

 4769 4685 4770

 4770 4685 4739

 4770 4739 4763

 4683 4790 4796

 4664 4787 4788

 4683 4665 4790

 4600 4680 4681

 4682 4683 4796

 4685 4684 4696

 4685 4696 4739

 4687 4686 4684

 4687 4684 4685

 4695 4694 4698

 4695 4698 4740

 4689 4688 4700

 4689 4700 4742

 4739 4696 4702

 4739 4702 4744

 4740 4698 4688

 4740 4688 4689

 4693 4692 4704

 4693 4704 4745

 4742 4700 4690

 4742 4690 4691

 4744 4702 4692

 4744 4692 4693

 4745 4704 4694

 4745 4694 4695

 4733 4734 4730

 4733 4730 4731

 4705 4733 4731

 4705 4731 4732

 4727 4728 4724

 4727 4724 4725

 4703 4727 4725

 4703 4725 4726

 4721 4722 4723

 4721 4723 4719

 4701 4721 4719

 4701 4719 4720

 4725 4724 4734

 4725 4734 4733

 4726 4725 4733

 4726 4733 4705

 4717 4718 4736

 4717 4736 4715

 4699 4717 4715

 4699 4715 4716

 4713 4714 4728

 4713 4728 4727

 4697 4713 4727

 4697 4727 4703

 4715 4736 4706

 4715 4706 4721

 4716 4715 4721

 4716 4721 4701

 4731 4730 4718

 4731 4718 4717

 4732 4731 4717

 4732 4717 4699

 4711 4710 4707

 4711 4707 4708

 4712 4711 4708

 4712 4708 4709

 4708 4707 4714

 4708 4714 4713

 4709 4708 4713

 4709 4713 4697

 4722 4735 4738

 4722 4738 4723

 4735 4737 4738

 4736 4743 4729

 4736 4729 4706

 4743 4746 4741

 4743 4741 4729

 4746 4747 4741

 4754 4748 4821

 4754 4821 4755

 4751 4828 4829

 4751 4829 4752

 4755 4821 4749

 4755 4749 4756

 4752 4829 4830

 4752 4830 4753

 4756 4749 4750

 4753 4830 4748

 4753 4748 4754

 4762 4756 4750

 4759 4753 4754

 4759 4754 4760

 4760 4754 4755

 4760 4755 4761

 4757 4751 4752

 4757 4752 4758

 4761 4755 4756

 4761 4756 4762

 4758 4752 4753

 4758 4753 4759

 4763 4757 4758

 4763 4758 4764

 4767 4761 4762

 4767 4762 4768

 4764 4758 4759

 4764 4759 4765

 4768 4762 4750

 4765 4759 4760

 4765 4760 4766

 4766 4760 4761

 4766 4761 4767

 4773 4766 4767

 4773 4767 4774

 4770 4763 4764

 4770 4764 4771

 4774 4767 4768

 4774 4768 4775

 4771 4764 4765

 4771 4765 4772

 4775 4768 4750

 4772 4765 4766

 4772 4766 4773

 4780 4771 4772

 4780 4772 4781

 4784 4775 4750

 4781 4772 4773

 4781 4773 4782

 4782 4773 4774

 4782 4774 4783

 4769 4770 4771

 4769 4771 4780

 4783 4774 4775

 4783 4775 4784

 4679 4678 4663

 4792 4783 4784

 4792 4784 4793

 4789 4776 4790

 4793 4784 4750

 4790 4781 4782

 4790 4782 4791

 4791 4782 4783

 4791 4783 4792

 4796 4790 4791

 4796 4791 4797

 4797 4791 4792

 4797 4792 4798

 4794 4785 4786

 4794 4786 4795

 4798 4792 4793

 4798 4793 4799

 4795 4786 4796

 4799 4793 4750

 4801 4795 4796

 4801 4796 4802

 4806 4799 4750

 4802 4796 4797

 4802 4797 4803

 4819 4811 4804

 4819 4804 4812

 4800 4794 4795

 4800 4795 4801

 4805 4798 4799

 4805 4799 4806

 4825 4818 4826

 4807 4800 4801

 4807 4801 4808

 4812 4805 4806

 4812 4806 4813

 4808 4801 4802

 4808 4802 4809

 4813 4806 4750

 4809 4802 4803

 4809 4803 4810

 4816 4809 4810

 4816 4810 4817

 4798 4641 4797

 4814 4807 4808

 4814 4808 4815

 4819 4812 4813

 4819 4813 4820

 4815 4808 4809

 4815 4809 4816

 4820 4813 4750

 4826 4819 4820

 4826 4820 4827

 4823 4815 4816

 4823 4816 4824

 4827 4820 4750

 4824 4816 4817

 4824 4817 4825

 4817 4811 4818

 4817 4818 4825

 4822 4814 4815

 4822 4815 4823

 4748 4825 4826

 4748 4826 4821

 4828 4822 4823

 4828 4823 4829

 4821 4826 4827

 4821 4827 4749

 4829 4823 4824

 4829 4824 4830

 4749 4827 4750

 4830 4824 4825

 4830 4825 4748

 4513 4677 4675

 4513 4675 4515

 4542 4651 4649

 4542 4649 4544

 4514 4674 4676

 4514 4676 4512

 4467 4710 4711

 4467 4711 4466

 4545 4648 4652

 4545 4652 4543

 4531 4779 4778

 4531 4778 4522

 4485 4678 4679

 4485 4679 4526

 4466 4711 4712

 4466 4712 4502

 4486 4683 4680

 4486 4680 4597

 4571 4626 4623

 4571 4623 4572

 4469 4707 4677

 4469 4677 4513

 4452 4728 4651

 4452 4651 4542

 4482 4786 4785

 4482 4785 4484

 4512 4676 4710

 4512 4710 4467

 4541 4650 4653

 4541 4653 4540

 4596 4681 4682

 4596 4682 4481

 4572 4623 4625

 4572 4625 4570

 4539 4654 4650

 4539 4650 4541

 4400 4796 4786

 4400 4786 4482

 4509 4706 4729

 4509 4729 4511

 4481 4682 4796

 4481 4796 4400

 4564 4633 4626

 4564 4626 4571

 4457 4721 4706

 4457 4706 4509

 4570 4625 4630

 4570 4630 4563

 4511 4729 4741

 4511 4741 4510

 4447 4735 4722

 4447 4722 4456

 4537 4656 4654

 4537 4654 4539

 4510 4741 4747

 4510 4747 4442

 4458 4719 4723

 4458 4723 4459

 4540 4653 4655

 4540 4655 4538

 4565 4455 4631

 4455 4724 4631

 4500 4720 4719

 4500 4719 4458

 4452 4566 4728

 4566 4632 4728

 4456 4722 4721

 4456 4721 4457

 4568 4569 4627

 4568 4627 4629

 4459 4723 4738

 4459 4738 4446

 4538 4655 4707

 4538 4707 4469

 4524 4788 4787

 4524 4787 4408

 4569 4567 4628

 4569 4628 4627

 4566 4568 4629

 4566 4629 4632

 4532 4662 4658

 4532 4658 4599

 4536 4657 4660

 4536 4660 4535

 4567 4565 4631

 4567 4631 4628

 4535 4660 4659

 4535 4659 4598

 4534 4661 4657

 4534 4657 4536

 4599 4658 4661

 4599 4661 4534

 4597 4680 4600

 4597 4600 4483

 4598 4659 4777

 4598 4777 4533

 4563 4630 4724

 4563 4724 4455

 4483 4600 4681

 4483 4681 4596

 4595 4601 4604

 4595 4604 4594

 4413 4780 4662

 4413 4662 4532

 4448 4734 4633

 4448 4633 4564

 4445 4737 4735

 4445 4735 4447

 4593 4602 4601

 4593 4601 4595

 4530 4666 4779

 4530 4779 4531

 4479 4686 4687

 4479 4687 4496

 4561 4636 4634

 4561 4634 4562

 4444 4743 4736

 4444 4736 4463

 4460 4718 4602

 4460 4602 4593

 4562 4634 4635

 4562 4635 4560

 4446 4738 4737

 4446 4737 4445

 4591 4606 4603

 4591 4603 4592

 4529 4776 4667

 4529 4667 4528

 4494 4691 4690

 4494 4690 4477

 4559 4638 4636

 4559 4636 4561

 4560 4635 4637

 4560 4637 4558

 4592 4603 4605

 4592 4605 4590

 4414 4769 4780

 4414 4780 4413

 4594 4604 4609

 4594 4609 4587

 4522 4778 4789

 4522 4789 4407

 4557 4640 4638

 4557 4638 4559

 4502 4712 4686

 4502 4686 4479

 4589 4608 4606

 4589 4606 4591

 4558 4637 4639

 4558 4639 4556

 4443 4746 4743

 4443 4743 4444

 4590 4605 4607

 4590 4607 4588

 4477 4690 4720

 4477 4720 4500

 4463 4736 4640

 4463 4640 4557

 4587 4609 4608

 4587 4608 4589

 4527 4663 4678

 4527 4678 4485

 4556 4639 4718

 4556 4718 4460

 4442 4747 4746

 4442 4746 4443

 4588 4607 4611

 4588 4611 4586

 4523 4665 4663

 4523 4663 4527

 4526 4679 4683

 4526 4683 4486

 4584 4613 4610

 4584 4610 4585

 4525 4664 4665

 4525 4665 4523

 4585 4610 4612

 4585 4612 4583

 4407 4789 4788

 4407 4788 4524

 4586 4611 4730

 4586 4730 4451

 4582 4614 4613

 4582 4613 4584

 4408 4787 4664

 4408 4664 4525

 4583 4612 4616

 4583 4616 4581

 4574 4622 4614

 4574 4614 4582

 4528 4667 4666

 4528 4666 4530

 4579 4618 4615

 4579 4615 4580

 4520 4670 4668

 4520 4668 4521

 4496 4687 4769

 4496 4769 4414

 4521 4668 4669

 4521 4669 4519

 4543 4652 4643

 4543 4643 4550

 4580 4615 4619

 4580 4619 4578

 4518 4672 4670

 4518 4670 4520

 4550 4643 4714

 4550 4714 4464

 4402 4794 4691

 4402 4691 4494

 4581 4616 4624

 4581 4624 4573

 4519 4669 4671

 4519 4671 4517

 4549 4644 4645

 4549 4645 4548

 4573 4624 4618

 4573 4618 4579

 4547 4646 4644

 4547 4644 4549

 4577 4617 4620

 4577 4620 4576

 4484 4785 4672

 4484 4672 4518

 4464 4714 4646

 4464 4646 4547

 4575 4621 4617

 4575 4617 4577

 4517 4671 4794

 4517 4794 4402

 4548 4645 4656

 4548 4656 4537

 4578 4619 4734

 4578 4734 4448

 4515 4675 4673

 4515 4673 4516

 4546 4647 4648

 4546 4648 4545

 4533 4777 4776

 4533 4776 4529

 4451 4730 4621

 4451 4621 4575

 4516 4673 4674

 4516 4674 4514

 4544 4649 4647

 4544 4647 4546

 4576 4620 4622

 4576 4622 4574

 4846 4882 4900

 4846 4900 4886

 4886 4900 4859

 4886 4859 4843

 4900 4857 4832

 4900 4832 4859

 4882 4834 4857

 4882 4857 4900

 4832 4867 4901

 4832 4901 4855

 4929 4935 4866

 4929 4866 4831

 4935 4931 4835

 4935 4835 4866

 4867 4836 4862

 4867 4862 4901

 4843 4859 4902

 4843 4902 4885

 4934 4936 4860

 4934 4860 4844

 4936 4929 4831

 4936 4831 4860

 4859 4832 4855

 4859 4855 4902

 4844 4860 4903

 4844 4903 4884

 4884 4903 4861

 4884 4861 4845

 4903 4858 4833

 4903 4833 4861

 4860 4831 4858

 4860 4858 4903

 4933 4937 4904

 4933 4904 4883

 4883 4904 4882

 4883 4882 4846

 4904 4856 4834

 4904 4834 4882

 4937 4930 4856

 4937 4856 4904

 4836 4864 4905

 4836 4905 4862

 4931 4938 4865

 4931 4865 4835

 4938 4932 4837

 4938 4837 4865

 4864 4838 4863

 4864 4863 4905

 4849 4880 4906

 4849 4906 4888

 4888 4906 4874

 4888 4874 4850

 4906 4873 4842

 4906 4842 4874

 4880 4840 4873

 4880 4873 4906

 4930 4939 4907

 4930 4907 4856

 4856 4907 4869

 4856 4869 4834

 4907 4863 4838

 4907 4838 4869

 4939 4932 4863

 4939 4863 4907

 4834 4869 4908

 4834 4908 4857

 4857 4908 4867

 4857 4867 4832

 4908 4864 4836

 4908 4836 4867

 4869 4838 4864

 4869 4864 4908

 4839 4872 4909

 4839 4909 4870

 4870 4909 4873

 4870 4873 4840

 4909 4871 4842

 4909 4842 4873

 4872 4841 4871

 4872 4871 4909

 4847 4878 4910

 4847 4910 4889

 4889 4910 4876

 4889 4876 4848

 4910 4872 4839

 4910 4839 4876

 4878 4841 4872

 4878 4872 4910

 4848 4876 4911

 4848 4911 4890

 4890 4911 4880

 4890 4880 4849

 4911 4870 4840

 4911 4840 4880

 4876 4839 4870

 4876 4870 4911

 4850 4874 4912

 4850 4912 4891

 4891 4912 4878

 4891 4878 4847

 4912 4871 4841

 4912 4841 4878

 4874 4842 4871

 4874 4871 4912

 4854 4881 4913

 4854 4913 4899

 4899 4913 4893

 4899 4893 4852

 4913 4891 4847

 4913 4847 4893

 4881 4850 4891

 4881 4891 4913

 4925 4883 4846

 4925 4846 4921

 4941 4933 4883

 4941 4883 4925

 4926 4884 4845

 4926 4845 4924

 4923 4844 4884

 4923 4884 4926

 4940 4934 4844

 4940 4844 4923

 4922 4843 4885

 4922 4885 4927

 4851 4892 4914

 4851 4914 4898

 4898 4914 4881

 4898 4881 4854

 4914 4888 4850

 4914 4850 4881

 4892 4849 4888

 4892 4888 4914

 4852 4893 4915

 4852 4915 4897

 4897 4915 4879

 4897 4879 4853

 4915 4889 4848

 4915 4848 4879

 4893 4847 4889

 4893 4889 4915

 4853 4879 4916

 4853 4916 4896

 4896 4916 4892

 4896 4892 4851

 4916 4890 4849

 4916 4849 4892

 4879 4848 4890

 4879 4890 4916

 4928 4886 4843

 4928 4843 4922

 4921 4846 4886

 4921 4886 4928

 4831 4894 4917

 4831 4917 4858

 4858 4917 4875

 4858 4875 4833

 4917 4896 4851

 4917 4851 4875

 4894 4853 4896

 4894 4896 4917

 4835 4877 4918

 4835 4918 4866

 4866 4918 4894

 4866 4894 4831

 4918 4897 4853

 4918 4853 4894

 4877 4852 4897

 4877 4897 4918

 4833 4875 4919

 4833 4919 4868

 4868 4919 4895

 4868 4895 4837

 4919 4898 4854

 4919 4854 4895

 4875 4851 4898

 4875 4898 4919

 4837 4895 4920

 4837 4920 4865

 4865 4920 4877

 4865 4877 4835

 4920 4899 4852

 4920 4852 4877

 4895 4854 4899

 4895 4899 4920

 4887 4921 4928

 4887 4928 4922

 4887 4922 4927

 4887 4940 4923

 4887 4923 4926

 4887 4926 4924

 4887 4941 4925

 4887 4925 4921

 4887 4924 4941

 4887 4927 4940

 4927 4885 4934

 4927 4934 4940

 4924 4845 4933

 4924 4933 4941

 4868 4837 4932

 4868 4932 4939

 4833 4868 4939

 4833 4939 4930

 4905 4863 4932

 4905 4932 4938

 4862 4905 4938

 4862 4938 4931

 4861 4833 4930

 4861 4930 4937

 4845 4861 4937

 4845 4937 4933

 4902 4855 4929

 4902 4929 4936

 4885 4902 4936

 4885 4936 4934

 4901 4862 4931

 4901 4931 4935

 4855 4901 4935

 4855 4935 4929

 4957 4997 5011

 4957 5011 4993

 4997 4954 4970

 4997 4970 5011

 5011 4970 4943

 5011 4943 4968

 4993 5011 4968

 4993 4968 4945

 4943 4966 5012

 4943 5012 4978

 5040 4942 4977

 5040 4977 5046

 5046 4977 4946

 5046 4946 5042

 4978 5012 4973

 4978 4973 4947

 4954 4996 5013

 4954 5013 4970

 5045 4955 4971

 5045 4971 5047

 5047 4971 4942

 5047 4942 5040

 4970 5013 4966

 4970 4966 4943

 4955 4995 5014

 4955 5014 4971

 4995 4956 4972

 4995 4972 5014

 5014 4972 4944

 5014 4944 4969

 4971 5014 4969

 4971 4969 4942

 5044 4994 5015

 5044 5015 5048

 4994 4957 4993

 4994 4993 5015

 5015 4993 4945

 5015 4945 4967

 5048 5015 4967

 5048 4967 5041

 4947 4973 5016

 4947 5016 4975

 5042 4946 4976

 5042 4976 5049

 5049 4976 4948

 5049 4948 5043

 4975 5016 4974

 4975 4974 4949

 4960 4999 5017

 4960 5017 4991

 4999 4961 4985

 4999 4985 5017

 5017 4985 4953

 5017 4953 4984

 4991 5017 4984

 4991 4984 4951

 5041 4967 5018

 5041 5018 5050

 4967 4945 4980

 4967 4980 5018

 5018 4980 4949

 5018 4949 4974

 5050 5018 4974

 5050 4974 5043

 4945 4968 5019

 4945 5019 4980

 4968 4943 4978

 4968 4978 5019

 5019 4978 4947

 5019 4947 4975

 4980 5019 4975

 4980 4975 4949

 4950 4981 5020

 4950 5020 4983

 4981 4951 4984

 4981 4984 5020

 5020 4984 4953

 5020 4953 4982

 4983 5020 4982

 4983 4982 4952

 4958 5000 5021

 4958 5021 4989

 5000 4959 4987

 5000 4987 5021

 5021 4987 4950

 5021 4950 4983

 4989 5021 4983

 4989 4983 4952

 4959 5001 5022

 4959 5022 4987

 5001 4960 4991

 5001 4991 5022

 5022 4991 4951

 5022 4951 4981

 4987 5022 4981

 4987 4981 4950

 4961 5002 5023

 4961 5023 4985

 5002 4958 4989

 5002 4989 5023

 5023 4989 4952

 5023 4952 4982

 4985 5023 4982

 4985 4982 4953

 4965 5010 5024

 4965 5024 4992

 5010 4963 5004

 5010 5004 5024

 5024 5004 4958

 5024 4958 5002

 4992 5024 5002

 4992 5002 4961

 5036 5032 4957

 5036 4957 4994

 5052 5036 4994

 5052 4994 5044

 5037 5035 4956

 5037 4956 4995

 5034 5037 4995

 5034 4995 4955

 5051 5034 4955

 5051 4955 5045

 5033 5038 4996

 5033 4996 4954

 4962 5009 5025

 4962 5025 5003

 5009 4965 4992

 5009 4992 5025

 5025 4992 4961

 5025 4961 4999

 5003 5025 4999

 5003 4999 4960

 4963 5008 5026

 4963 5026 5004

 5008 4964 4990

 5008 4990 5026

 5026 4990 4959

 5026 4959 5000

 5004 5026 5000

 5004 5000 4958

 4964 5007 5027

 4964 5027 4990

 5007 4962 5003

 5007 5003 5027

 5027 5003 4960

 5027 4960 5001

 4990 5027 5001

 4990 5001 4959

 5039 5033 4954

 5039 4954 4997

 5032 5039 4997

 5032 4997 4957

 4942 4969 5028

 4942 5028 5005

 4969 4944 4986

 4969 4986 5028

 5028 4986 4962

 5028 4962 5007

 5005 5028 5007

 5005 5007 4964

 4946 4977 5029

 4946 5029 4988

 4977 4942 5005

 4977 5005 5029

 5029 5005 4964

 5029 4964 5008

 4988 5029 5008

 4988 5008 4963

 4944 4979 5030

 4944 5030 4986

 4979 4948 5006

 4979 5006 5030

 5030 5006 4965

 5030 4965 5009

 4986 5030 5009

 4986 5009 4962

 4948 4976 5031

 4948 5031 5006

 4976 4946 4988

 4976 4988 5031

 5031 4988 4963

 5031 4963 5010

 5006 5031 5010

 5006 5010 4965

 4998 5039 5032

 4998 5033 5039

 4998 5038 5033

 4998 5034 5051

 4998 5037 5034

 4998 5035 5037

 4998 5036 5052

 4998 5032 5036

 4998 5052 5035

 4998 5051 5038

 5038 5051 5045

 5038 5045 4996

 5035 5052 5044

 5035 5044 4956

 4979 5050 5043

 4979 5043 4948

 4944 5041 5050

 4944 5050 4979

 5016 5049 5043

 5016 5043 4974

 4973 5042 5049

 4973 5049 5016

 4972 5048 5041

 4972 5041 4944

 4956 5044 5048

 4956 5048 4972

 5013 5047 5040

 5013 5040 4966

 4996 5045 5047

 4996 5047 5013

 5012 5046 5042

 5012 5042 4973

 4966 5040 5046

 4966 5046 5012

 5068 5073 5102

 5068 5102 5097

 5097 5102 5093

 5097 5093 5065

 5102 5074 5054

 5102 5054 5093

 5073 5056 5074

 5073 5074 5102

 5067 5072 5103

 5067 5103 5096

 5096 5103 5073

 5096 5073 5068

 5103 5075 5056

 5103 5056 5073

 5072 5055 5075

 5072 5075 5103

 5066 5070 5104

 5066 5104 5095

 5095 5104 5072

 5095 5072 5067

 5104 5076 5055

 5104 5055 5072

 5070 5053 5076

 5070 5076 5104

 5065 5093 5105

 5065 5105 5094

 5094 5105 5070

 5094 5070 5066

 5105 5077 5053

 5105 5053 5070

 5093 5054 5077

 5093 5077 5105

 5056 5080 5106

 5056 5106 5074

 5074 5106 5071

 5074 5071 5054

 5106 5082 5060

 5106 5060 5071

 5080 5059 5082

 5080 5082 5106

 5055 5079 5107

 5055 5107 5075

 5075 5107 5080

 5075 5080 5056

 5107 5083 5059

 5107 5059 5080

 5079 5058 5083

 5079 5083 5107

 5053 5078 5108

 5053 5108 5076

 5076 5108 5079

 5076 5079 5055

 5108 5084 5058

 5108 5058 5079

 5078 5057 5084

 5078 5084 5108

 5054 5071 5109

 5054 5109 5077

 5077 5109 5078

 5077 5078 5053

 5109 5085 5057

 5109 5057 5078

 5071 5060 5085

 5071 5085 5109

 5059 5088 5110

 5059 5110 5082

 5082 5110 5081

 5082 5081 5060

 5110 5089 5064

 5110 5064 5081

 5088 5063 5089

 5088 5089 5110

 5058 5087 5111

 5058 5111 5083

 5083 5111 5088

 5083 5088 5059

 5111 5090 5063

 5111 5063 5088

 5087 5062 5090

 5087 5090 5111

 5057 5086 5112

 5057 5112 5084

 5084 5112 5087

 5084 5087 5058

 5112 5091 5062

 5112 5062 5087

 5086 5061 5091

 5086 5091 5112

 5060 5081 5113

 5060 5113 5085

 5085 5113 5086

 5085 5086 5057

 5113 5092 5061

 5113 5061 5086

 5081 5064 5092

 5081 5092 5113

 5119 5123 5095

 5119 5095 5067

 5122 5121 5065

 5122 5065 5094

 5120 5124 5096

 5120 5096 5068

 5123 5118 5066

 5123 5066 5095

 5121 5069 5125

 5124 5119 5067

 5124 5067 5096

 5125 5120 5068

 5125 5068 5097

 5063 5101 5114

 5063 5114 5089

 5089 5114 5098

 5089 5098 5064

 5062 5100 5115

 5062 5115 5090

 5090 5115 5101

 5090 5101 5063

 5061 5099 5116

 5061 5116 5091

 5091 5116 5100

 5091 5100 5062

 5064 5098 5117

 5064 5117 5092

 5092 5117 5099

 5092 5099 5061

 5118 5122 5094

 5118 5094 5066

 5069 5122 5118

 5069 5120 5125

 5069 5119 5124

 5065 5121 5125

 5065 5125 5097

 5069 5118 5123

 5069 5124 5120

 5069 5121 5122

 5069 5123 5119

 5141 5127 5132

 5141 5132 5140

 5139 5131 5129

 5139 5129 5138

 5138 5129 5130

 5138 5130 5137

 5136 5126 5133

 5136 5133 5135

 5140 5132 5128

 5140 5128 5142

 5142 5128 5131

 5142 5131 5139

 5137 5130 5126

 5137 5126 5136

 5135 5133 5127

 5135 5127 5141

 5133 5134 5127

 5132 5134 5128

 5131 5134 5129

 5130 5134 5126

 5126 5134 5133

 5127 5134 5132

 5128 5134 5131

 5129 5134 5130

 5117 5135 5141

 5117 5141 5099

 5114 5137 5136

 5114 5136 5098

 5100 5142 5139

 5100 5139 5115

 5116 5140 5142

 5116 5142 5100

 5098 5136 5135

 5098 5135 5117

 5101 5138 5137

 5101 5137 5114

 5115 5139 5138

 5115 5138 5101

 5099 5141 5140

 5099 5140 5116

 5158 5187 5192

 5158 5192 5163

 5187 5155 5183

 5187 5183 5192

 5192 5183 5144

 5192 5144 5164

 5163 5192 5164

 5163 5164 5146

 5157 5186 5193

 5157 5193 5162

 5186 5158 5163

 5186 5163 5193

 5193 5163 5146

 5193 5146 5165

 5162 5193 5165

 5162 5165 5145

 5156 5185 5194

 5156 5194 5160

 5185 5157 5162

 5185 5162 5194

 5194 5162 5145

 5194 5145 5166

 5160 5194 5166

 5160 5166 5143

 5155 5184 5195

 5155 5195 5183

 5184 5156 5160

 5184 5160 5195

 5195 5160 5143

 5195 5143 5167

 5183 5195 5167

 5183 5167 5144

 5146 5164 5196

 5146 5196 5170

 5164 5144 5161

 5164 5161 5196

 5196 5161 5150

 5196 5150 5172

 5170 5196 5172

 5170 5172 5149

 5145 5165 5197

 5145 5197 5169

 5165 5146 5170

 5165 5170 5197

 5197 5170 5149

 5197 5149 5173

 5169 5197 5173

 5169 5173 5148

 5143 5166 5198

 5143 5198 5168

 5166 5145 5169

 5166 5169 5198

 5198 5169 5148

 5198 5148 5174

 5168 5198 5174

 5168 5174 5147

 5144 5167 5199

 5144 5199 5161

 5167 5143 5168

 5167 5168 5199

 5199 5168 5147

 5199 5147 5175

 5161 5199 5175

 5161 5175 5150

 5149 5172 5200

 5149 5200 5178

 5172 5150 5171

 5172 5171 5200

 5200 5171 5154

 5200 5154 5179

 5178 5200 5179

 5178 5179 5153

 5148 5173 5201

 5148 5201 5177

 5173 5149 5178

 5173 5178 5201

 5201 5178 5153

 5201 5153 5180

 5177 5201 5180

 5177 5180 5152

 5147 5174 5202

 5147 5202 5176

 5174 5148 5177

 5174 5177 5202

 5202 5177 5152

 5202 5152 5181

 5176 5202 5181

 5176 5181 5151

 5150 5175 5203

 5150 5203 5171

 5175 5147 5176

 5175 5176 5203

 5203 5176 5151

 5203 5151 5182

 5171 5203 5182

 5171 5182 5154

 5209 5157 5185

 5209 5185 5213

 5212 5184 5155

 5212 5155 5211

 5210 5158 5186

 5210 5186 5214

 5213 5185 5156

 5213 5156 5208

 5211 5215 5159

 5214 5186 5157

 5214 5157 5209

 5215 5187 5158

 5215 5158 5210

 5153 5179 5204

 5153 5204 5191

 5179 5154 5188

 5179 5188 5204

 5152 5180 5205

 5152 5205 5190

 5180 5153 5191

 5180 5191 5205

 5151 5181 5206

 5151 5206 5189

 5181 5152 5190

 5181 5190 5206

 5154 5182 5207

 5154 5207 5188

 5182 5151 5189

 5182 5189 5207

 5208 5156 5184

 5208 5184 5212

 5159 5208 5212

 5159 5215 5210

 5159 5214 5209

 5155 5187 5215

 5155 5215 5211

 5159 5213 5208

 5159 5210 5214

 5159 5212 5211

 5159 5209 5213

 5231 5230 5222

 5231 5222 5217

 5229 5228 5219

 5229 5219 5221

 5228 5227 5220

 5228 5220 5219

 5226 5225 5223

 5226 5223 5216

 5230 5232 5218

 5230 5218 5222

 5232 5229 5221

 5232 5221 5218

 5227 5226 5216

 5227 5216 5220

 5225 5231 5217

 5225 5217 5223

 5223 5217 5224

 5222 5218 5224

 5221 5219 5224

 5220 5216 5224

 5216 5223 5224

 5217 5222 5224

 5218 5221 5224

 5219 5220 5224

 5207 5189 5231

 5207 5231 5225

 5204 5188 5226

 5204 5226 5227

 5190 5205 5229

 5190 5229 5232

 5206 5190 5232

 5206 5232 5230

 5188 5207 5225

 5188 5225 5226

 5191 5204 5227

 5191 5227 5228

 5205 5191 5228

 5205 5228 5229

 5189 5206 5230

 5189 5230 5231

 5300 5254 5236

 5300 5236 5270

 5256 5299 5272

 5256 5272 5240

 5254 5298 5273

 5254 5273 5236

 5299 5255 5239

 5299 5239 5272

 5298 5256 5240

 5298 5240 5273

 5253 5235 5275

 5253 5275 5297

 5284 5247 5237

 5284 5237 5276

 5233 5269 5281

 5233 5281 5245

 5253 5297 5318

 5253 5318 5293

 5293 5318 5277

 5293 5277 5241

 5318 5295 5243

 5318 5243 5277

 5297 5255 5295

 5297 5295 5318

 5292 5252 5244

 5292 5244 5278

 5252 5291 5279

 5252 5279 5244

 5249 5290 5280

 5249 5280 5241

 5291 5251 5243

 5291 5243 5279

 5290 5250 5242

 5290 5242 5280

 5249 5241 5277

 5249 5277 5289

 5269 5234 5246

 5269 5246 5281

 5238 5271 5282

 5238 5282 5248

 5234 5274 5283

 5234 5283 5246

 5271 5237 5247

 5271 5247 5282

 5274 5238 5248

 5274 5248 5283

 5304 5259 5247

 5304 5247 5284

 5246 5283 5301

 5246 5301 5258

 5277 5243 5251

 5277 5251 5289

 5233 5245 5284

 5233 5284 5276

 5261 5312 5319

 5261 5319 5285

 5285 5319 5290

 5285 5290 5249

 5319 5286 5250

 5319 5250 5290

 5312 5262 5286

 5312 5286 5319

 5263 5287 5320

 5263 5320 5311

 5311 5320 5288

 5311 5288 5264

 5320 5291 5252

 5320 5252 5288

 5287 5251 5291

 5287 5291 5320

 5262 5310 5321

 5262 5321 5286

 5286 5321 5292

 5286 5292 5250

 5321 5288 5252

 5321 5252 5292

 5310 5264 5288

 5310 5288 5321

 5275 5239 5255

 5275 5255 5297

 5239 5275 5314

 5239 5314 5267

 5242 5278 5322

 5242 5322 5294

 5294 5322 5298

 5294 5298 5254

 5322 5296 5256

 5322 5256 5298

 5278 5244 5296

 5278 5296 5322

 5243 5295 5323

 5243 5323 5279

 5279 5323 5296

 5279 5296 5244

 5323 5299 5256

 5323 5256 5296

 5295 5255 5299

 5295 5299 5323

 5241 5280 5324

 5241 5324 5293

 5293 5324 5300

 5293 5300 5253

 5324 5294 5254

 5324 5254 5300

 5280 5242 5294

 5280 5294 5324

 5283 5248 5260

 5283 5260 5301

 5248 5282 5302

 5248 5302 5260

 5245 5281 5303

 5245 5303 5257

 5282 5247 5259

 5282 5259 5302

 5281 5246 5258

 5281 5258 5303

 5261 5309 5325

 5261 5325 5305

 5305 5325 5304

 5305 5304 5257

 5325 5307 5259

 5325 5259 5304

 5309 5263 5307

 5309 5307 5325

 5249 5289 5326

 5249 5326 5285

 5285 5326 5309

 5285 5309 5261

 5326 5287 5263

 5326 5263 5309

 5289 5251 5287

 5289 5287 5326

 5258 5301 5327

 5258 5327 5306

 5306 5327 5310

 5306 5310 5262

 5327 5308 5264

 5327 5264 5310

 5301 5260 5308

 5301 5308 5327

 5259 5307 5328

 5259 5328 5302

 5302 5328 5308

 5302 5308 5260

 5328 5311 5264

 5328 5264 5308

 5307 5263 5311

 5307 5311 5328

 5257 5303 5329

 5257 5329 5305

 5305 5329 5312

 5305 5312 5261

 5329 5306 5262

 5329 5262 5312

 5303 5258 5306

 5303 5306 5329

 5266 5236 5273

 5266 5273 5315

 5275 5235 5268

 5275 5268 5314

 5265 5240 5272

 5265 5272 5316

 5273 5240 5265

 5273 5265 5315

 5235 5270 5317

 5235 5317 5268

 5272 5239 5267

 5272 5267 5316

 5270 5236 5266

 5270 5266 5317

 5348 5313 5349

 5349 5313 5347

 5353 5313 5350

 5350 5313 5354

 5347 5313 5351

 5351 5313 5353

 5354 5313 5352

 5352 5313 5348

 5250 5292 5278

 5250 5278 5242

 5253 5300 5270

 5253 5270 5235

 5245 5257 5304

 5245 5304 5284

 5271 5335 5332

 5271 5332 5237

 5237 5332 5337

 5237 5337 5276

 5269 5334 5331

 5269 5331 5234

 5274 5336 5333

 5274 5333 5238

 5238 5333 5335

 5238 5335 5271

 5276 5337 5330

 5276 5330 5233

 5233 5330 5334

 5233 5334 5269

 5234 5331 5336

 5234 5336 5274

 5332 5338 5337

 5335 5338 5332

 5331 5338 5336

 5330 5338 5334

 5337 5338 5330

 5333 5338 5335

 5336 5338 5333

 5334 5338 5331

 5317 5346 5342

 5317 5342 5268

 5266 5340 5346

 5266 5346 5317

 5316 5345 5339

 5316 5339 5265

 5267 5341 5345

 5267 5345 5316

 5315 5344 5340

 5315 5340 5266

 5265 5339 5344

 5265 5344 5315

 5314 5343 5341

 5314 5341 5267

 5268 5342 5343

 5268 5343 5314

 5346 5352 5348

 5346 5348 5342

 5340 5354 5352

 5340 5352 5346

 5345 5351 5353

 5345 5353 5339

 5341 5347 5351

 5341 5351 5345

 5344 5350 5354

 5344 5354 5340

 5339 5353 5350

 5339 5350 5344

 5343 5349 5347

 5343 5347 5341

 5342 5348 5349

 5342 5349 5343

 5422 5392 5358

 5422 5358 5376

 5378 5362 5394

 5378 5394 5421

 5376 5358 5395

 5376 5395 5420

 5421 5394 5361

 5421 5361 5377

 5420 5395 5362

 5420 5362 5378

 5375 5419 5397

 5375 5397 5357

 5406 5398 5359

 5406 5359 5369

 5355 5367 5403

 5355 5403 5391

 5375 5415 5440

 5375 5440 5419

 5415 5363 5399

 5415 5399 5440

 5440 5399 5365

 5440 5365 5417

 5419 5440 5417

 5419 5417 5377

 5414 5400 5366

 5414 5366 5374

 5374 5366 5401

 5374 5401 5413

 5371 5363 5402

 5371 5402 5412

 5413 5401 5365

 5413 5365 5373

 5412 5402 5364

 5412 5364 5372

 5371 5411 5399

 5371 5399 5363

 5391 5403 5368

 5391 5368 5356

 5360 5370 5404

 5360 5404 5393

 5356 5368 5405

 5356 5405 5396

 5393 5404 5369

 5393 5369 5359

 5396 5405 5370

 5396 5370 5360

 5426 5406 5369

 5426 5369 5381

 5368 5380 5423

 5368 5423 5405

 5399 5411 5373

 5399 5373 5365

 5355 5398 5406

 5355 5406 5367

 5383 5407 5441

 5383 5441 5434

 5407 5371 5412

 5407 5412 5441

 5441 5412 5372

 5441 5372 5408

 5434 5441 5408

 5434 5408 5384

 5385 5433 5442

 5385 5442 5409

 5433 5386 5410

 5433 5410 5442

 5442 5410 5374

 5442 5374 5413

 5409 5442 5413

 5409 5413 5373

 5384 5408 5443

 5384 5443 5432

 5408 5372 5414

 5408 5414 5443

 5443 5414 5374

 5443 5374 5410

 5432 5443 5410

 5432 5410 5386

 5397 5419 5377

 5397 5377 5361

 5361 5389 5436

 5361 5436 5397

 5364 5416 5444

 5364 5444 5400

 5416 5376 5420

 5416 5420 5444

 5444 5420 5378

 5444 5378 5418

 5400 5444 5418

 5400 5418 5366

 5365 5401 5445

 5365 5445 5417

 5401 5366 5418

 5401 5418 5445

 5445 5418 5378

 5445 5378 5421

 5417 5445 5421

 5417 5421 5377

 5363 5415 5446

 5363 5446 5402

 5415 5375 5422

 5415 5422 5446

 5446 5422 5376

 5446 5376 5416

 5402 5446 5416

 5402 5416 5364

 5405 5423 5382

 5405 5382 5370

 5370 5382 5424

 5370 5424 5404

 5367 5379 5425

 5367 5425 5403

 5404 5424 5381

 5404 5381 5369

 5403 5425 5380

 5403 5380 5368

 5383 5427 5447

 5383 5447 5431

 5427 5379 5426

 5427 5426 5447

 5447 5426 5381

 5447 5381 5429

 5431 5447 5429

 5431 5429 5385

 5371 5407 5448

 5371 5448 5411

 5407 5383 5431

 5407 5431 5448

 5448 5431 5385

 5448 5385 5409

 5411 5448 5409

 5411 5409 5373

 5380 5428 5449

 5380 5449 5423

 5428 5384 5432

 5428 5432 5449

 5449 5432 5386

 5449 5386 5430

 5423 5449 5430

 5423 5430 5382

 5381 5424 5450

 5381 5450 5429

 5424 5382 5430

 5424 5430 5450

 5450 5430 5386

 5450 5386 5433

 5429 5450 5433

 5429 5433 5385

 5379 5427 5451

 5379 5451 5425

 5427 5383 5434

 5427 5434 5451

 5451 5434 5384

 5451 5384 5428

 5425 5451 5428

 5425 5428 5380

 5388 5437 5395

 5388 5395 5358

 5397 5436 5390

 5397 5390 5357

 5387 5438 5394

 5387 5394 5362

 5395 5437 5387

 5395 5387 5362

 5357 5390 5439

 5357 5439 5392

 5394 5438 5389

 5394 5389 5361

 5392 5439 5388

 5392 5388 5358

 5470 5471 5435

 5471 5469 5435

 5475 5472 5435

 5472 5476 5435

 5469 5473 5435

 5473 5475 5435

 5476 5474 5435

 5474 5470 5435

 5372 5364 5400

 5372 5400 5414

 5375 5357 5392

 5375 5392 5422

 5367 5406 5426

 5367 5426 5379

 5393 5359 5454

 5393 5454 5457

 5359 5398 5459

 5359 5459 5454

 5391 5356 5453

 5391 5453 5456

 5396 5360 5455

 5396 5455 5458

 5360 5393 5457

 5360 5457 5455

 5398 5355 5452

 5398 5452 5459

 5355 5391 5456

 5355 5456 5452

 5356 5396 5458

 5356 5458 5453

 5454 5459 5460

 5457 5454 5460

 5453 5458 5460

 5452 5456 5460

 5459 5452 5460

 5455 5457 5460

 5458 5455 5460

 5456 5453 5460

 5439 5390 5464

 5439 5464 5468

 5388 5439 5468

 5388 5468 5462

 5438 5387 5461

 5438 5461 5467

 5389 5438 5467

 5389 5467 5463

 5437 5388 5462

 5437 5462 5466

 5387 5437 5466

 5387 5466 5461

 5436 5389 5463

 5436 5463 5465

 5390 5436 5465

 5390 5465 5464

 5468 5464 5470

 5468 5470 5474

 5462 5468 5474

 5462 5474 5476

 5467 5461 5475

 5467 5475 5473

 5463 5467 5473

 5463 5473 5469

 5466 5462 5476

 5466 5476 5472

 5461 5466 5472

 5461 5472 5475

 5465 5463 5469

 5465 5469 5471

 5464 5465 5471

 5464 5471 5470

 5481 5504 5523

 5481 5523 5496

 5552 5555 5477

 5555 5554 5477

 5504 5480 5499

 5504 5499 5523

 5553 5497 5524

 5553 5524 5556

 5556 5524 5495

 5556 5495 5551

 5524 5503 5479

 5524 5479 5495

 5497 5478 5503

 5497 5503 5524

 5554 5499 5525

 5554 5525 5557

 5557 5525 5497

 5557 5497 5553

 5525 5502 5478

 5525 5478 5497

 5499 5480 5502

 5499 5502 5525

 5492 5500 5526

 5492 5526 5522

 5522 5526 5498

 5522 5498 5491

 5526 5501 5479

 5526 5479 5498

 5500 5481 5501

 5500 5501 5526

 5493 5517 5527

 5493 5527 5521

 5521 5527 5518

 5521 5518 5494

 5527 5502 5480

 5527 5480 5518

 5517 5478 5502

 5517 5502 5527

 5491 5498 5528

 5491 5528 5520

 5520 5528 5517

 5520 5517 5493

 5528 5503 5478

 5528 5478 5517

 5498 5479 5503

 5498 5503 5528

 5494 5518 5529

 5494 5529 5519

 5519 5529 5500

 5519 5500 5492

 5529 5504 5481

 5529 5481 5500

 5518 5480 5504

 5518 5504 5529

 5479 5501 5530

 5479 5530 5495

 5551 5558 5477

 5558 5552 5477

 5501 5481 5496

 5501 5496 5530

 5515 5531 5508

 5515 5508 5484

 5489 5482 5506

 5489 5506 5512

 5505 5483 5490

 5505 5490 5511

 5490 5483 5507

 5490 5507 5513

 5506 5484 5487

 5506 5487 5512

 5484 5508 5514

 5484 5514 5487

 5507 5482 5489

 5507 5489 5513

 5508 5485 5488

 5508 5488 5514

 5538 5516 5531

 5538 5531 5539

 5539 5531 5515

 5539 5515 5537

 5531 5516 5485

 5531 5485 5508

 5483 5510 5532

 5483 5532 5507

 5535 5509 5532

 5535 5532 5540

 5540 5532 5510

 5540 5510 5536

 5532 5509 5482

 5532 5482 5507

 5482 5509 5533

 5482 5533 5506

 5537 5515 5533

 5537 5533 5541

 5541 5533 5509

 5541 5509 5535

 5533 5515 5484

 5533 5484 5506

 5516 5534 5505

 5516 5505 5485

 5536 5510 5534

 5536 5534 5542

 5542 5534 5516

 5542 5516 5538

 5534 5510 5483

 5534 5483 5505

 5493 5489 5512

 5493 5512 5520

 5511 5490 5494

 5511 5494 5519

 5494 5490 5513

 5494 5513 5521

 5512 5487 5491

 5512 5491 5520

 5487 5514 5522

 5487 5522 5491

 5513 5489 5493

 5513 5493 5521

 5514 5488 5492

 5514 5492 5522

 5485 5505 5511

 5485 5511 5488

 5488 5511 5519

 5488 5519 5492

 5550 5542 5538

 5550 5538 5546

 5544 5536 5542

 5544 5542 5550

 5549 5541 5535

 5549 5535 5543

 5545 5537 5541

 5545 5541 5549

 5548 5540 5536

 5548 5536 5544

 5543 5535 5540

 5543 5540 5548

 5547 5539 5537

 5547 5537 5545

 5546 5538 5539

 5546 5539 5547

 5486 5546 5547

 5486 5547 5545

 5486 5543 5548

 5486 5548 5544

 5486 5545 5549

 5486 5549 5543

 5486 5544 5550

 5486 5550 5546

 5530 5496 5552

 5530 5552 5558

 5495 5530 5558

 5495 5558 5551

 5477 5557 5553

 5477 5554 5557

 5477 5556 5551

 5477 5553 5556

 5523 5499 5554

 5523 5554 5555

 5496 5523 5555

 5496 5555 5552

 5563 5578 5605

 5563 5605 5586

 5634 5559 5637

 5637 5559 5636

 5586 5605 5581

 5586 5581 5562

 5635 5638 5606

 5635 5606 5579

 5638 5633 5577

 5638 5577 5606

 5606 5577 5561

 5606 5561 5585

 5579 5606 5585

 5579 5585 5560

 5636 5639 5607

 5636 5607 5581

 5639 5635 5579

 5639 5579 5607

 5607 5579 5560

 5607 5560 5584

 5581 5607 5584

 5581 5584 5562

 5574 5604 5608

 5574 5608 5582

 5604 5573 5580

 5604 5580 5608

 5608 5580 5561

 5608 5561 5583

 5582 5608 5583

 5582 5583 5563

 5575 5603 5609

 5575 5609 5599

 5603 5576 5600

 5603 5600 5609

 5609 5600 5562

 5609 5562 5584

 5599 5609 5584

 5599 5584 5560

 5573 5602 5610

 5573 5610 5580

 5602 5575 5599

 5602 5599 5610

 5610 5599 5560

 5610 5560 5585

 5580 5610 5585

 5580 5585 5561

 5576 5601 5611

 5576 5611 5600

 5601 5574 5582

 5601 5582 5611

 5611 5582 5563

 5611 5563 5586

 5600 5611 5586

 5600 5586 5562

 5561 5577 5612

 5561 5612 5583

 5633 5559 5640

 5640 5559 5634

 5583 5612 5578

 5583 5578 5563

 5597 5566 5590

 5597 5590 5613

 5571 5594 5588

 5571 5588 5564

 5587 5593 5572

 5587 5572 5565

 5572 5595 5589

 5572 5589 5565

 5588 5594 5569

 5588 5569 5566

 5566 5569 5596

 5566 5596 5590

 5589 5595 5571

 5589 5571 5564

 5590 5596 5570

 5590 5570 5567

 5620 5621 5613

 5620 5613 5598

 5621 5619 5597

 5621 5597 5613

 5613 5590 5567

 5613 5567 5598

 5565 5589 5614

 5565 5614 5592

 5617 5622 5614

 5617 5614 5591

 5622 5618 5592

 5622 5592 5614

 5614 5589 5564

 5614 5564 5591

 5564 5588 5615

 5564 5615 5591

 5619 5623 5615

 5619 5615 5597

 5623 5617 5591

 5623 5591 5615

 5615 5588 5566

 5615 5566 5597

 5598 5567 5587

 5598 5587 5616

 5618 5624 5616

 5618 5616 5592

 5624 5620 5598

 5624 5598 5616

 5616 5587 5565

 5616 5565 5592

 5575 5602 5594

 5575 5594 5571

 5593 5601 5576

 5593 5576 5572

 5576 5603 5595

 5576 5595 5572

 5594 5602 5573

 5594 5573 5569

 5569 5573 5604

 5569 5604 5596

 5595 5603 5575

 5595 5575 5571

 5596 5604 5574

 5596 5574 5570

 5567 5570 5593

 5567 5593 5587

 5570 5574 5601

 5570 5601 5593

 5632 5628 5620

 5632 5620 5624

 5626 5632 5624

 5626 5624 5618

 5631 5625 5617

 5631 5617 5623

 5627 5631 5623

 5627 5623 5619

 5630 5626 5618

 5630 5618 5622

 5625 5630 5622

 5625 5622 5617

 5629 5627 5619

 5629 5619 5621

 5628 5629 5621

 5628 5621 5620

 5568 5629 5628

 5568 5627 5629

 5568 5630 5625

 5568 5626 5630

 5568 5631 5627

 5568 5625 5631

 5568 5632 5626

 5568 5628 5632

 5612 5640 5634

 5612 5634 5578

 5577 5633 5640

 5577 5640 5612

 5559 5635 5639

 5559 5639 5636

 5559 5633 5638

 5559 5638 5635

 5605 5637 5636

 5605 5636 5581

 5578 5634 5637

 5578 5637 5605

palette:

 0 17 151 255

 0 2 52 255

 216 60 31 255

 66 26 13 255

 1 64 255 255

 255 242 9 255

 173 6 8 255

 80 130 144 255

 255 255 255 255

 44 3 3 255

 4 4 5 255

 255 142 71 255

 0 0 0 255

color:

 0 0 0

 0 0 0

 0 0 0

 0 0 0

 0 0 0

 0 0 0

 0 0 0

 0 0 0

 1 1 1

 1 1 1

 1 1 1

 1 1 1

 1 1 1

 1 1 1

 1 1 1

 1 1 1

 2 2 2

 2 2 2

 2 2 2

 2 2 2

 2 2 2

 2 2 2

 2 2 2

 2 2 2

 2 2 2

 2 2 2

 2 2 2

 2 2 2

 3 3 3

 3 3 3

 3 3 3

 3 3 3

 3 3 3

 3 3 3

 2 2 2

 2 2 2

 2 2 2

 2 2 2

 0 0 0

 0 0 0

 0 0 0

 0 0 0

 0 0 0

 0 0 0

 0 0 0

 0 0 0

 0 0 0

 0 0 0

 0 0 0

 0 0 0

 0 0 0

 0 0 0

 1 1 1

 1 1 1

 2 2 2

 2 2 2

 2 2 2

 2 2 2

 2 2 2

 2 2 2

 2 2 2

 2 2 2

 3 3 3

 3 3 3

 3 3 3

 3 3 3

 3 3 3

 3 3 3

 3 3 3

 3 3 3

 1 1 1

 1 1 1

 0 0 0

 0 0 0

 0 0 0

 0 0 0

 4 4 4

 4 4 4

 4 4 4

 4 4 4

 4 4 4

 4 4 4

 4 4 4

 4 4 4

 3 3 3

 3 3 3

 2 2 2

 2 2 2

 2 2 2

 2 2 2

 2 2 2

 2 2 2

 2 2 2

 2 2 2

 2 2 2

 2 2 2

 2 2 2

 2 2 2

 2 2 2

 2 2 2

 2 2 2

 2 2 2

 3 3 3

 3 3 3

 1 1 1

 1 1 1

 1 1 1

 1 1 1

 1 1 1

 1 1 1

 1 1 1

 1 1 1

 1 1 1

 1 1 1

 1 1 1

 1 1 1

 1 1 1

 1 1 1

 0 0 0

 0 0 0

 0 0 0

 0 0 0

 0 0 0

 0 0 0

 1 1 1

 1 1 1

 1 1 1

 1 1 1

 0 0 0

 0 0 0

 1 1 1

 1 1 1

 0 0 0

 0 0 0

 2 2 2

 2 2 2

 2 2 2

 2 2 2

 2 2 2

 2 2 2

 3 3 3

 3 3 3

 3 3 3

 3 3 3

 2 2 2

 2 2 2

 2 2 2

 2 2 2

 2 2 2

 2 2 2

 2 2 2

 2 2 2

 0 0 0

 0 0 0

 0 0 0

 0 0 0

 0 0 0

 0 0 0

 0 0 0

 0 0 0

 1 1 1

 1 1 1

 1 1 1

 1 1 1

 1 1 1

 1 1 1

 1 1 1

 1 1 1

 2 2 2

 2 2 2

 2 2 2

 2 2 2

 2 2 2

 2 2 2

 2 2 2

 2 2 2

 2 2 2

 2 2 2

 2 2 2

 2 2 2

 3 3 3

 3 3 3

 3 3 3

 3 3 3

 3 3 3

 3 3 3

 2 2 2

 2 2 2

 2 2 2

 2 2 2

 0 0 0

 0 0 0

 0 0 0

 0 0 0

 0 0 0

 0 0 0

 0 0 0

 0 0 0

 0 0 0

 0 0 0

 0 0 0

 0 0 0

 0 0 0

 0 0 0

 1 1 1

 1 1 1

 2 2 2

 2 2 2

 2 2 2

 2 2 2

 2 2 2

 2 2 2

 2 2 2

 2 2 2

 3 3 3

 3 3 3

 3 3 3

 3 3 3

 3 3 3

 3 3 3

 3 3 3

 3 3 3

 1 1 1

 1 1 1

 0 0 0

 0 0 0

 0 0 0

 0 0 0

 4 4 4

 4 4 4

 4 4 4

 4 4 4

 4 4 4

 4 4 4

 4 4 4

 4 4 4

 3 3 3

 3 3 3

 2 2 2

 2 2 2

 2 2 2

 2 2 2

 2 2 2

 2 2 2

 2 2 2

 2 2 2

 2 2 2

 2 2 2

 2 2 2

 2 2 2

 2 2 2

 2 2 2

 2 2 2

 2 2 2

 3 3 3

 3 3 3

 1 1 1

 1 1 1

 1 1 1

 1 1 1

 1 1 1

 1 1 1

 1 1 1

 1 1 1

 1 1 1

 1 1 1

 1 1 1

 1 1 1

 1 1 1

 1 1 1

 0 0 0

 0 0 0

 0 0 0

 0 0 0

 0 0 0

 0 0 0

 1 1 1

 1 1 1

 1 1 1

 1 1 1

 0 0 0

 0 0 0

 1 1 1

 1 1 1

 0 0 0

 0 0 0

 2 2 2

 2 2 2

 2 2 2

 2 2 2

 3 3 3

 3 3 3

 2 2 2

 2 2 2

 2 2 2

 2 2 2

 3 3 3

 3 3 3

 2 2 2

 2 2 2

 2 2 2

 2 2 2

 2 2 2

 2 2 2

 3 3 3

 3 3 3

 3 3 3

 3 3 3

 2 2 2

 2 2 2

 2 2 2

 2 2 2

 2 2 2

 2 2 2

 2 2 2

 2 2 2

 5 5 5

 5 5 5

 5 5 5

 5 5 5

 5 5 5

 5 5 5

 5 5 5

 5 5 5

 5 5 5

 5 5 5

 6 6 6

 6 6 6

 6 6 6

 6 6 6

 6 6 6

 6 6 6

 6 6 6

 6 6 6

 6 6 6

 6 6 6

 6 6 6

 6 6 6

 6 6 6

 6 6 6

 6 6 6

 6 6 6

 6 6 6

 6 6 6

 6 6 6

 6 6 6

 6 6 6

 6 6 6

 6 6 6

 6 6 6

 7 7 7

 7 7 7

 7 7 7

 7 7 7

 7 7 7

 7 7 7

 7 7 7

 7 7 7

 7 7 7

 7 7 7

 7 7 7

 7 7 7

 7 7 7

 7 7 7

 8 8 8

 8 8 8

 8 8 8

 8 8 8

 8 8 8

 8 8 8

 8 8 8

 8 8 8

 7 7 7

 7 7 7

 7 7 7

 7 7 7

 7 7 7

 7 7 7

 7 7 7

 7 7 7

 7 7 7

 7 7 7

 7 7 7

 7 7 7

 7 7 7

 7 7 7

 7 7 7

 7 7 7

 7 7 7

 7 7 7

 7 7 7

 7 7 7

 7 7 7

 7 7 7

 7 7 7

 7 7 7

 7 7 7

 7 7 7

 7 7 7

 7 7 7

 8 8 8

 8 8 8

 8 8 8

 8 8 8

 8 8 8

 8 8 8

 8 8 8

 8 8 8

 8 8 8

 8 8 8

 8 8 8

 8 8 8

 8 8 8

 8 8 8

 8 8 8

 8 8 8

 8 8 8

 8 8 8

 8 8 8

 8 8 8

 8 8 8

 8 8 8

 8 8 8

 8 8 8

 8 8 8

 8 8 8

 8 8 8

 8 8 8

 8 8 8

 8 8 8

 8 8 8

 8 8 8

 8 8 8

 8 8 8

 8 8 8

 8 8 8

 8 8 8

 8 8 8

 8 8 8

 8 8 8

 8 8 8

 8 8 8

 8 8 8

 8 8 8

 8 8 8

 8 8 8

 8 8 8

 8 8 8

 8 8 8

 8 8 8

 8 8 8

 8 8 8

 8 8 8

 8 8 8

 8 8 8

 8 8 8

 8 8 8

 8 8 8

 8 8 8

 8 8 8

 8 8 8

 8 8 8

 8 8 8

 8 8 8

 8 8 8

 8 8 8

 8 8 8

 8 8 8

 8 8 8

 8 8 8

 8 8 8

 8 8 8

 8 8 8

 8 8 8

 8 8 8

 8 8 8

 8 8 8

 8 8 8

 8 8 8

 8 8 8

 7 7 7

 7 7 7

 7 7 7

 7 7 7

 7 7 7

 7 7 7

 7 7 7

 7 7 7

 7 7 7

 7 7 7

 7 7 7

 7 7 7

 7 7 7

 7 7 7

 8 8 8

 8 8 8

 8 8 8

 8 8 8

 8 8 8

 8 8 8

 8 8 8

 8 8 8

 7 7 7

 7 7 7

 7 7 7

 7 7 7

 7 7 7

 7 7 7

 7 7 7

 7 7 7

 7 7 7

 7 7 7

 7 7 7

 7 7 7

 7 7 7

 7 7 7

 7 7 7

 7 7 7

 7 7 7

 7 7 7

 7 7 7

 7 7 7

 7 7 7

 7 7 7

 7 7 7

 7 7 7

 7 7 7

 7 7 7

 7 7 7

 7 7 7

 8 8 8

 8 8 8

 8 8 8

 8 8 8

 8 8 8

 8 8 8

 8 8 8

 8 8 8

 8 8 8

 8 8 8

 8 8 8

 8 8 8

 8 8 8

 8 8 8

 8 8 8

 8 8 8

 8 8 8

 8 8 8

 8 8 8

 8 8 8

 8 8 8

 8 8 8

 8 8 8

 8 8 8

 8 8 8

 8 8 8

 8 8 8

 8 8 8

 8 8 8

 8 8 8

 8 8 8

 8 8 8

 8 8 8

 8 8 8

 8 8 8

 8 8 8

 8 8 8

 8 8 8

 8 8 8

 8 8 8

 8 8 8

 8 8 8

 8 8 8

 8 8 8

 8 8 8

 8 8 8

 8 8 8

 8 8 8

 8 8 8

 8 8 8

 8 8 8

 8 8 8

 8 8 8

 8 8 8

 8 8 8

 8 8 8

 8 8 8

 8 8 8

 8 8 8

 8 8 8

 8 8 8

 8 8 8

 8 8 8

 8 8 8

 8 8 8

 8 8 8

 8 8 8

 8 8 8

 8 8 8

 8 8 8

 8 8 8

 8 8 8

 8 8 8

 8 8 8

 8 8 8

 8 8 8

 8 8 8

 8 8 8

 8 8 8

 8 8 8

 7 7 7

 7 7 7

 7 7 7

 7 7 7

 7 7 7

 7 7 7

 7 7 7

 7 7 7

 8 8 8

 8 8 8

 8 8 8

 8 8 8

 8 8 8

 8 8 8

 8 8 8

 8 8 8

 7 7 7

 7 7 7

 7 7 7

 7 7 7

 7 7 7

 7 7 7

 7 7 7

 7 7 7

 8 8 8

 8 8 8

 8 8 8

 8 8 8

 8 8 8

 8 8 8

 8 8 8

 8 8 8

 8 8 8

 8 8 8

 8 8 8

 8 8 8

 8 8 8

 8 8 8

 8 8 8

 8 8 8

 7 7 7

 7 7 7

 7 7 7

 7 7 7

 7 7 7

 7 7 7

 7 7 7

 7 7 7

 8 8 8

 8 8 8

 8 8 8

 8 8 8

 8 8 8

 8 8 8

 8 8 8

 8 8 8

 7 7 7

 7 7 7

 7 7 7

 7 7 7

 7 7 7

 7 7 7

 7 7 7

 7 7 7

 8 8 8

 8 8 8

 8 8 8

 8 8 8

 8 8 8

 8 8 8

 8 8 8

 8 8 8

 7 7 7

 7 7 7

 7 7 7

 7 7 7

 7 7 7

 7 7 7

 7 7 7

 7 7 7

 8 8 8

 8 8 8

 8 8 8

 8 8 8

 8 8 8

 8 8 8

 8 8 8

 8 8 8

 8 8 8

 8 8 8

 8 8 8

 8 8 8

 8 8 8

 8 8 8

 8 8 8

 8 8 8

 8 8 8

 8 8 8

 8 8 8

 8 8 8

 8 8 8

 8 8 8

 8 8 8

 8 8 8

 8 8 8

 8 8 8

 8 8 8

 8 8 8

 8 8 8

 8 8 8

 8 8 8

 8 8 8

 8 8 8

 8 8 8

 8 8 8

 8 8 8

 8 8 8

 8 8 8

 8 8 8

 8 8 8

 8 8 8

 8 8 8

 8 8 8

 8 8 8

 8 8 8

 8 8 8

 8 8 8

 8 8 8

 7 7 7

 7 7 7

 7 7 7

 7 7 7

 7 7 7

 7 7 7

 7 7 7

 7 7 7

 7 7 7

 7 7 7

 7 7 7

 7 7 7

 7 7 7

 7 7 7

 7 7 7

 7 7 7

 7 7 7

 7 7 7

 7 7 7

 7 7 7

 7 7 7

 7 7 7

 7 7 7

 7 7 7

 8 8 8

 8 8 8

 8 8 8

 8 8 8

 8 8 8

 8 8 8

 8 8 8

 8 8 8

 8 8 8

 8 8 8

 8 8 8

 8 8 8

 8 8 8

 8 8 8

 8 8 8

 8 8 8

 7 7 7

 7 7 7

 7 7 7

 7 7 7

 7 7 7

 7 7 7

 7 7 7

 7 7 7

 8 8 8

 8 8 8

 8 8 8

 8 8 8

 8 8 8

 8 8 8

 8 8 8

 8 8 8

 7 7 7

 7 7 7

 7 7 7

 7 7 7

 7 7 7

 7 7 7

 7 7 7

 7 7 7

 7 7 7

 7 7 7

 7 7 7

 7 7 7

 7 7 7

 7 7 7

 8 8 8

 8 8 8

 8 8 8

 8 8 8

 8 8 8

 8 8 8

 8 8 8

 8 8 8

 7 7 7

 7 7 7

 7 7 7

 7 7 7

 7 7 7

 7 7 7

 7 7 7

 7 7 7

 7 7 7

 7 7 7

 7 7 7

 7 7 7

 7 7 7

 7 7 7

 7 7 7

 7 7 7

 7 7 7

 7 7 7

 7 7 7

 7 7 7

 7 7 7

 7 7 7

 7 7 7

 7 7 7

 7 7 7

 7 7 7

 7 7 7

 7 7 7

 8 8 8

 8 8 8

 8 8 8

 8 8 8

 8 8 8

 8 8 8

 8 8 8

 8 8 8

 8 8 8

 8 8 8

 8 8 8

 8 8 8

 8 8 8

 8 8 8

 8 8 8

 8 8 8

 8 8 8

 8 8 8

 8 8 8

 8 8 8

 8 8 8

 8 8 8

 8 8 8

 8 8 8

 8 8 8

 8 8 8

 8 8 8

 8 8 8

 8 8 8

 8 8 8

 8 8 8

 8 8 8

 8 8 8

 8 8 8

 8 8 8

 8 8 8

 8 8 8

 8 8 8

 8 8 8

 8 8 8

 8 8 8

 8 8 8

 8 8 8

 8 8 8

 8 8 8

 8 8 8

 8 8 8

 8 8 8

 8 8 8

 8 8 8

 8 8 8

 8 8 8

 8 8 8

 8 8 8

 8 8 8

 8 8 8

 8 8 8

 8 8 8

 8 8 8

 8 8 8

 8 8 8

 8 8 8

 8 8 8

 8 8 8

 8 8 8

 8 8 8

 8 8 8

 8 8 8

 8 8 8

 8 8 8

 8 8 8

 8 8 8

 8 8 8

 8 8 8

 8 8 8

 8 8 8

 8 8 8

 8 8 8

 8 8 8

 8 8 8

 7 7 7

 7 7 7

 7 7 7

 7 7 7

 7 7 7

 7 7 7

 7 7 7

 7 7 7

 7 7 7

 7 7 7

 7 7 7

 7 7 7

 7 7 7

 7 7 7

 8 8 8

 8 8 8

 8 8 8

 8 8 8

 8 8 8

 8 8 8

 8 8 8

 8 8 8

 7 7 7

 7 7 7

 7 7 7

 7 7 7

 7 7 7

 7 7 7

 7 7 7

 7 7 7

 7 7 7

 7 7 7

 7 7 7

 7 7 7

 7 7 7

 7 7 7

 7 7 7

 7 7 7

 7 7 7

 7 7 7

 7 7 7

 7 7 7

 7 7 7

 7 7 7

 7 7 7

 7 7 7

 7 7 7

 7 7 7

 7 7 7

 7 7 7

 8 8 8

 8 8 8

 8 8 8

 8 8 8

 8 8 8

 8 8 8

 8 8 8

 8 8 8

 8 8 8

 8 8 8

 8 8 8

 8 8 8

 8 8 8

 8 8 8

 8 8 8

 8 8 8

 8 8 8

 8 8 8

 8 8 8

 8 8 8

 8 8 8

 8 8 8

 8 8 8

 8 8 8

 8 8 8

 8 8 8

 8 8 8

 8 8 8

 8 8 8

 8 8 8

 8 8 8

 8 8 8

 8 8 8

 8 8 8

 8 8 8

 8 8 8

 8 8 8

 8 8 8

 8 8 8

 8 8 8

 8 8 8

 8 8 8

 8 8 8

 8 8 8

 8 8 8

 8 8 8

 8 8 8

 8 8 8

 8 8 8

 8 8 8

 8 8 8

 8 8 8

 8 8 8

 8 8 8

 8 8 8

 8 8 8

 8 8 8

 8 8 8

 8 8 8

 8 8 8

 8 8 8

 8 8 8

 8 8 8

 8 8 8

 8 8 8

 8 8 8

 8 8 8

 8 8 8

 8 8 8

 8 8 8

 8 8 8

 8 8 8

 8 8 8

 8 8 8

 8 8 8

 8 8 8

 8 8 8

 8 8 8

 8 8 8

 8 8 8

 7 7 7

 7 7 7

 7 7 7

 7 7 7

 7 7 7

 7 7 7

 7 7 7

 7 7 7

 8 8 8

 8 8 8

 8 8 8

 8 8 8

 8 8 8

 8 8 8

 8 8 8

 8 8 8

 7 7 7

 7 7 7

 7 7 7

 7 7 7

 7 7 7

 7 7 7

 7 7 7

 7 7 7

 8 8 8

 8 8 8

 8 8 8

 8 8 8

 8 8 8

 8 8 8

 8 8 8

 8 8 8

 8 8 8

 8 8 8

 8 8 8

 8 8 8

 8 8 8

 8 8 8

 8 8 8

 8 8 8

 7 7 7

 7 7 7

 7 7 7

 7 7 7

 7 7 7

 7 7 7

 7 7 7

 7 7 7

 8 8 8

 8 8 8

 8 8 8

 8 8 8

 8 8 8

 8 8 8

 8 8 8

 8 8 8

 7 7 7

 7 7 7

 7 7 7

 7 7 7

 7 7 7

 7 7 7

 7 7 7

 7 7 7

 8 8 8

 8 8 8

 8 8 8

 8 8 8

 8 8 8

 8 8 8

 8 8 8

 8 8 8

 7 7 7

 7 7 7

 7 7 7

 7 7 7

 7 7 7

 7 7 7

 7 7 7

 7 7 7

 8 8 8

 8 8 8

 8 8 8

 8 8 8

 8 8 8

 8 8 8

 8 8 8

 8 8 8

 8 8 8

 8 8 8

 8 8 8

 8 8 8

 8 8 8

 8 8 8

 8 8 8

 8 8 8

 8 8 8

 8 8 8

 8 8 8

 8 8 8

 8 8 8

 8 8 8

 8 8 8

 8 8 8

 8 8 8

 8 8 8

 8 8 8

 8 8 8

 8 8 8

 8 8 8

 8 8 8

 8 8 8

 8 8 8

 8 8 8

 8 8 8

 8 8 8

 8 8 8

 8 8 8

 8 8 8

 8 8 8

 8 8 8

 8 8 8

 8 8 8

 8 8 8

 8 8 8

 8 8 8

 8 8 8

 8 8 8

 7 7 7

 7 7 7

 7 7 7

 7 7 7

 7 7 7

 7 7 7

 7 7 7

 7 7 7

 7 7 7

 7 7 7

 7 7 7

 7 7 7

 7 7 7

 7 7 7

 7 7 7

 7 7 7

 7 7 7

 7 7 7

 7 7 7

 7 7 7

 7 7 7

 7 7 7

 7 7 7

 7 7 7

 8 8 8

 8 8 8

 8 8 8

 8 8 8

 8 8 8

 8 8 8

 8 8 8

 8 8 8

 8 8 8

 8 8 8

 8 8 8

 8 8 8

 8 8 8

 8 8 8

 8 8 8

 8 8 8

 7 7 7

 7 7 7

 7 7 7

 7 7 7

 7 7 7

 7 7 7

 7 7 7

 7 7 7

 8 8 8

 8 8 8

 8 8 8

 8 8 8

 8 8 8

 8 8 8

 8 8 8

 8 8 8

 2 2 2

 2 2 2

 2 2 2

 2 2 2

 2 2 2

 2 2 2

 2 2 2

 2 2 2

 3 3 3

 3 3 3

 3 3 3

 3 3 3

 3 3 3

 3 3 3

 3 3 3

 3 3 3

 3 3 3

 3 3 3

 3 3 3

 3 3 3

 3 3 3

 3 3 3

 3 3 3

 3 3 3

 2 2 2

 2 2 2

 2 2 2

 2 2 2

 2 2 2

 2 2 2

 2 2 2

 2 2 2

 2 2 2

 2 2 2

 2 2 2

 2 2 2

 2 2 2

 2 2 2

 2 2 2

 2 2 2

 2 2 2

 2 2 2

 2 2 2

 2 2 2

 2 2 2

 2 2 2

 2 2 2

 2 2 2

 2 2 2

 2 2 2

 2 2 2

 2 2 2

 2 2 2

 2 2 2

 2 2 2

 2 2 2

 2 2 2

 2 2 2

 2 2 2

 2 2 2

 2 2 2

 2 2 2

 2 2 2

 2 2 2

 0 0 0

 0 0 0

 2 2 2

 2 2 2

 2 2 2

 2 2 2

 2 2 2

 2 2 2

 2 2 2

 2 2 2

 2 2 2

 2 2 2

 2 2 2

 2 2 2

 2 2 2

 2 2 2

 3 3 3

 3 3 3

 3 3 3

 3 3 3

 3 3 3

 3 3 3

 1 1 1

 1 1 1

 1 1 1

 1 1 1

 1 1 1

 1 1 1

 0 0 0

 0 0 0

 0 0 0

 0 0 0

 0 0 0

 0 0 0

 0 0 0

 0 0 0

 1 1 1

 1 1 1

 1 1 1

 1 1 1

 0 0 0

 0 0 0

 0 0 0

 0 0 0

 0 0 0

 0 0 0

 0 0 0

 0 0 0

 0 0 0

 0 0 0

 1 1 1

 1 1 1

 0 0 0

 0 0 0

 0 0 0

 0 0 0

 2 2 2

 2 2 2

 2 2 2

 2 2 2

 2 2 2

 2 2 2

 2 2 2

 2 2 2

 2 2 2

 2 2 2

 2 2 2

 2 2 2

 2 2 2

 2 2 2

 2 2 2

 2 2 2

 2 2 2

 2 2 2

 2 2 2

 2 2 2

 2 2 2

 2 2 2

 2 2 2

 2 2 2

 3 3 3

 3 3 3

 3 3 3

 3 3 3

 3 3 3

 3 3 3

 3 3 3

 3 3 3

 2 2 2

 2 2 2

 2 2 2

 2 2 2

 2 2 2

 2 2 2

 1 1 1

 1 1 1

 0 0 0

 0 0 0

 0 0 0

 0 0 0

 1 1 1

 1 1 1

 1 1 1

 1 1 1

 2 2 2

 2 2 2

 2 2 2

 2 2 2

 2 2 2

 2 2 2

 2 2 2

 2 2 2

 2 2 2

 2 2 2

 2 2 2

 2 2 2

 2 2 2

 2 2 2

 2 2 2

 2 2 2

 2 2 2

 2 2 2

 2 2 2

 2 2 2

 2 2 2

 2 2 2

 2 2 2

 2 2 2

 3 3 3

 3 3 3

 3 3 3

 3 3 3

 2 2 2

 2 2 2

 2 2 2

 2 2 2

 1 1 1

 1 1 1

 0 0 0

 0 0 0

 0 0 0

 0 0 0

 0 0 0

 0 0 0

 0 0 0

 0 0 0

 1 1 1

 1 1 1

 2 2 2

 2 2 2

 2 2 2

 2 2 2

 2 2 2

 2 2 2

 3 3 3

 3 3 3

 3 3 3

 3 3 3

 2 2 2

 2 2 2

 2 2 2

 2 2 2

 0 0 0

 0 0 0

 2 2 2

 2 2 2

 6 6 6

 6 6 6

 6 6 6

 6 6 6

 6 6 6

 6 6 6

 6 6 6

 6 6 6

 6 6 6

 6 6 6

 6 6 6

 6 6 6

 5 5 5

 5 5 5

 5 5 5

 5 5 5

 5 5 5

 5 5 5

 2 2 2

 2 2 2

 2 2 2

 2 2 2

 2 2 2

 2 2 2

 2 2 2

 2 2 2

 2 2 2

 2 2 2

 3 3 3

 3 3 3

 2 2 2

 2 2 2

 2 2 2

 2 2 2

 2 2 2

 2 2 2

 2 2 2

 2 2 2

 2 2 2

 2 2 2

 3 3 3

 2 2 2

 2 2 2

 2 2 2

 2 2 2

 2 2 2

 2 2 2

 2 2 2

 2 2 2

 2 2 2

 3 3 3

 3 3 3

 3 3 3

 3 3 3

 3 3 3

 3 3 3

 3 3 3

 3 3 3

 3 3 3

 3 3 3

 3 3 3

 3 3 3

 3 3 3

 3 3 3

 3 3 3

 3 3 3

 2 2 2

 2 2 2

 2 2 2

 2 2 2

 2 2 2

 2 2 2

 2 2 2

 2 2 2

 2 2 2

 2 2 2

 2 2 2

 2 2 2

 2 2 2

 2 2 2

 2 2 2

 2 2 2

 2 2 2

 2 2 2

 2 2 2

 2 2 2

 2 2 2

 2 2 2

 2 2 2

 2 2 2

 2 2 2

 2 2 2

 2 2 2

 2 2 2

 2 2 2

 2 2 2

 2 2 2

 2 2 2

 2 2 2

 2 2 2

 2 2 2

 2 2 2

 2 2 2

 2 2 2

 2 2 2

 2 2 2

 0 0 0

 0 0 0

 1 1 1

 1 1 1

 0 0 0

 0 0 0

 0 0 0

 0 0 0

 1 1 1

 1 1 1

 0 0 0

 0 0 0

 0 0 0

 0 0 0

 2 2 2

 2 2 2

 2 2 2

 2 2 2

 2 2 2

 2 2 2

 2 2 2

 2 2 2

 2 2 2

 2 2 2

 2 2 2

 2 2 2

 2 2 2

 2 2 2

 3 3 3

 3 3 3

 3 3 3

 3 3 3

 3 3 3

 3 3 3

 1 1 1

 1 1 1

 1 1 1

 1 1 1

 1 1 1

 1 1 1

 0 0 0

 0 0 0

 0 0 0

 0 0 0

 0 0 0

 0 0 0

 0 0 0

 0 0 0

 1 1 1

 1 1 1

 1 1 1

 1 1 1

 0 0 0

 0 0 0

 0 0 0

 0 0 0

 0 0 0

 0 0 0

 0 0 0

 0 0 0

 0 0 0

 0 0 0

 1 1 1

 1 1 1

 0 0 0

 0 0 0

 0 0 0

 0 0 0

 2 2 2

 2 2 2

 2 2 2

 2 2 2

 2 2 2

 2 2 2

 2 2 2

 2 2 2

 2 2 2

 2 2 2

 2 2 2

 2 2 2

 2 2 2

 2 2 2

 2 2 2

 2 2 2

 2 2 2

 2 2 2

 2 2 2

 2 2 2

 2 2 2

 2 2 2

 2 2 2

 2 2 2

 3 3 3

 3 3 3

 3 3 3

 3 3 3

 3 3 3

 3 3 3

 3 3 3

 3 3 3

 2 2 2

 2 2 2

 2 2 2

 2 2 2

 2 2 2

 2 2 2

 1 1 1

 1 1 1

 1 1 1

 1 1 1

 0 0 0

 0 0 0

 0 0 0

 0 0 0

 0 0 0

 0 0 0

 0 0 0

 0 0 0

 2 2 2

 2 2 2

 2 2 2

 2 2 2

 2 2 2

 2 2 2

 2 2 2

 2 2 2

 2 2 2

 2 2 2

 2 2 2

 2 2 2

 2 2 2

 2 2 2

 2 2 2

 2 2 2

 2 2 2

 2 2 2

 2 2 2

 2 2 2

 2 2 2

 2 2 2

 0 0 0

 0 0 0

 0 0 0

 0 0 0

 0 0 0

 0 0 0

 1 1 1

 1 1 1

 2 2 2

 2 2 2

 0 0 0

 0 0 0

 3 3 3

 3 3 3

 3 3 3

 3 3 3

 2 2 2

 2 2 2

 2 2 2

 2 2 2

 1 1 1

 1 1 1

 0 0 0

 0 0 0

 0 0 0

 0 0 0

 0 0 0

 0 0 0

 0 0 0

 0 0 0

 1 1 1

 1 1 1

 2 2 2

 2 2 2

 2 2 2

 2 2 2

 2 2 2

 2 2 2

 3 3 3

 3 3 3

 3 3 3

 3 3 3

 2 2 2

 2 2 2

 2 2 2

 2 2 2

 0 0 0

 0 0 0

 2 2 2

 2 2 2

 6 6 6

 6 6 6

 6 6 6

 6 6 6

 6 6 6

 6 6 6

 6 6 6

 6 6 6

 6 6 6

 6 6 6

 6 6 6

 6 6 6

 5 5 5

 5 5 5

 5 5 5

 5 5 5

 5 5 5

 5 5 5

 2 2 2

 2 2 2

 2 2 2

 2 2 2

 2 2 2

 2 2 2

 2 2 2

 2 2 2

 2 2 2

 2 2 2

 3 3 3

 3 3 3

 2 2 2

 2 2 2

 2 2 2

 2 2 2

 2 2 2

 2 2 2

 2 2 2

 2 2 2

 2 2 2

 2 2 2

 3 3 3

 2 2 2

 2 2 2

 2 2 2

 2 2 2

 2 2 2

 3 3 3

 3 3 3

 3 3 3

 3 3 3

 2 2 2

 2 2 2

 2 2 2

 2 2 2

 2 2 2

 2 2 2

 2 2 2

 2 2 2

 3 3 3

 3 3 3

 3 3 3

 3 3 3

 2 2 2

 2 2 2

 2 2 2

 2 2 2

 2 2 2

 2 2 2

 2 2 2

 2 2 2

 3 3 3

 3 3 3

 3 3 3

 3 3 3

 2 2 2

 2 2 2

 2 2 2

 2 2 2

 2 2 2

 2 2 2

 2 2 2

 2 2 2

 3 3 3

 3 3 3

 3 3 3

 3 3 3

 2 2 2

 2 2 2

 2 2 2

 2 2 2

 2 2 2

 2 2 2

 2 2 2

 2 2 2

 3 3 3

 3 3 3

 3 3 3

 3 3 3

 2 2 2

 2 2 2

 2 2 2

 2 2 2

 2 2 2

 2 2 2

 2 2 2

 2 2 2

 3 3 3

 3 3 3

 3 3 3

 3 3 3

 2 2 2

 2 2 2

 2 2 2

 2 2 2

 2 2 2

 2 2 2

 2 2 2

 2 2 2

 3 3 3

 3 3 3

 3 3 3

 3 3 3

 2 2 2

 2 2 2

 2 2 2

 2 2 2

 2 2 2

 2 2 2

 2 2 2

 2 2 2

 3 3 3

 3 3 3

 3 3 3

 3 3 3

 2 2 2

 2 2 2

 2 2 2

 2 2 2

 0 0 0

 0 0 0

 0 0 0

 1 1 1

 0 0 0

 1 1 1

 0 0 0

 0 0 0

 0 0 0

 1 1 1

 0 0 0

 1 1 1

 2 2 2

 2 2 2

 2 2 2

 2 2 2

 2 2 2

 2 2 2

 2 2 2

 2 2 2

 2 2 2

 2 2 2

 2 2 2

 2 2 2

 2 2 2

 2 2 2

 2 2 2

 2 2 2

 3 3 3

 3 3 3

 3 3 3

 3 3 3

 3 3 3

 3 3 3

 3 3 3

 3 3 3

 2 2 2

 2 2 2

 2 2 2

 2 2 2

 2 2 2

 2 2 2

 1 1 1

 1 1 1

 1 1 1

 1 1 1

 1 1 1

 1 1 1

 0 0 0

 0 0 0

 0 0 0

 0 0 0

 0 0 0

 0 0 0

 1 1 1

 1 1 1

 1 1 1

 1 1 1

 1 1 1

 1 1 1

 0 0 0

 0 0 0

 0 0 0

 0 0 0

 0 0 0

 0 0 0

 1 1 1

 1 1 1

 0 0 0

 0 0 0

 0 0 0

 0 0 0

 1 1 1

 1 1 1

 1 1 1

 1 1 1

 0 0 0

 0 0 0

 1 1 1

 1 1 1

 3 3 3

 3 3 3

 3 3 3

 3 3 3

 3 3 3

 3 3 3

 3 3 3

 3 3 3

 2 2 2

 2 2 2

 2 2 2

 2 2 2

 2 2 2

 2 2 2

 2 2 2

 2 2 2

 2 2 2

 2 2 2

 2 2 2

 2 2 2

 2 2 2

 2 2 2

 2 2 2

 2 2 2

 2 2 2

 2 2 2

 2 2 2

 2 2 2

 2 2 2

 2 2 2

 2 2 2

 2 2 2

 1 1 1

 1 1 1

 1 1 1

 1 1 1

 1 1 1

 1 1 1

 1 1 1

 1 1 1

 0 0 0

 0 0 0

 0 0 0

 0 0 0

 0 0 0

 0 0 0

 0 0 0

 0 0 0

 1 1 1

 1 1 1

 1 1 1

 1 1 1

 1 1 1

 1 1 1

 1 1 1

 1 1 1

 0 0 0

 0 0 0

 0 0 0

 0 0 0

 0 0 0

 0 0 0

 0 0 0

 0 0 0

 0 0 0

 0 0 0

 4 4 4

 4 4 4

 4 4 4

 4 4 4

 0 0 0

 0 0 0

 0 0 0

 0 0 0

 4 4 4

 4 4 4

 0 0 0

 0 0 0

 2 2 2

 2 2 2

 2 2 2

 2 2 2

 2 2 2

 2 2 2

 2 2 2

 2 2 2

 2 2 2

 2 2 2

 2 2 2

 2 2 2

 2 2 2

 2 2 2

 2 2 2

 2 2 2

 2 2 2

 2 2 2

 2 2 2

 2 2 2

 2 2 2

 2 2 2

 2 2 2

 2 2 2

 3 3 3

 3 3 3

 3 3 3

 3 3 3

 3 3 3

 3 3 3

 3 3 3

 3 3 3

 0 0 0

 0 0 0

 4 4 4

 4 4 4

 4 4 4

 4 4 4

 0 0 0

 0 0 0

 0 0 0

 0 0 0

 4 4 4

 4 4 4

 0 0 0

 0 0 0

 4 4 4

 4 4 4

 0 0 0

 0 0 0

 0 0 0

 0 0 0

 4 4 4

 4 4 4

 4 4 4

 4 4 4

 0 0 0

 0 0 0

 4 4 4

 4 4 4

 0 0 0

 0 0 0

 4 4 4

 4 4 4

 4 4 4

 4 4 4

 0 0 0

 0 0 0

 2 2 2

 2 2 2

 2 2 2

 2 2 2

 2 2 2

 2 2 2

 3 3 3

 3 3 3

 2 2 2

 2 2 2

 2 2 2

 2 2 2

 3 3 3

 3 3 3

 2 2 2

 2 2 2

 2 2 2

 2 2 2

 2 2 2

 2 2 2

 2 2 2

 2 2 2

 2 2 2

 2 2 2

 2 2 2

 2 2 2

 0 0 0

 0 0 0

 0 0 0

 0 0 0

 1 1 1

 1 1 1

 1 1 1

 1 1 1

 0 0 0

 0 0 0

 0 0 0

 0 0 0

 1 1 1

 1 1 1

 1 1 1

 1 1 1

 2 2 2

 2 2 2

 2 2 2

 2 2 2

 2 2 2

 2 2 2

 2 2 2

 2 2 2

 2 2 2

 2 2 2

 2 2 2

 2 2 2

 2 2 2

 2 2 2

 2 2 2

 2 2 2

 3 3 3

 3 3 3

 3 3 3

 3 3 3

 3 3 3

 3 3 3

 3 3 3

 3 3 3

 2 2 2

 2 2 2

 2 2 2

 2 2 2

 2 2 2

 2 2 2

 1 1 1

 1 1 1

 1 1 1

 1 1 1

 1 1 1

 1 1 1

 0 0 0

 0 0 0

 0 0 0

 0 0 0

 0 0 0

 0 0 0

 1 1 1

 1 1 1

 1 1 1

 1 1 1

 1 1 1

 1 1 1

 0 0 0

 0 0 0

 0 0 0

 0 0 0

 0 0 0

 0 0 0

 1 1 1

 1 1 1

 0 0 0

 0 0 0

 0 0 0

 0 0 0

 1 1 1

 1 1 1

 1 1 1

 1 1 1

 0 0 0

 0 0 0

 1 1 1

 1 1 1

 3 3 3

 3 3 3

 3 3 3

 3 3 3

 3 3 3

 3 3 3

 3 3 3

 3 3 3

 2 2 2

 2 2 2

 2 2 2

 2 2 2

 2 2 2

 2 2 2

 2 2 2

 2 2 2

 2 2 2

 2 2 2

 2 2 2

 2 2 2

 2 2 2

 2 2 2

 2 2 2

 2 2 2

 2 2 2

 2 2 2

 2 2 2

 2 2 2

 2 2 2

 2 2 2

 2 2 2

 2 2 2

 1 1 1

 1 1 1

 1 1 1

 1 1 1

 1 1 1

 1 1 1

 1 1 1

 1 1 1

 0 0 0

 0 0 0

 0 0 0

 0 0 0

 0 0 0

 0 0 0

 0 0 0

 0 0 0

 1 1 1

 1 1 1

 1 1 1

 1 1 1

 1 1 1

 1 1 1

 1 1 1

 1 1 1

 0 0 0

 0 0 0

 0 0 0

 0 0 0

 0 0 0

 0 0 0

 0 0 0

 0 0 0

 0 0 0

 0 0 0

 4 4 4

 4 4 4

 4 4 4

 4 4 4

 0 0 0

 0 0 0

 0 0 0

 0 0 0

 4 4 4

 4 4 4

 0 0 0

 0 0 0

 2 2 2

 2 2 2

 2 2 2

 2 2 2

 2 2 2

 2 2 2

 2 2 2

 2 2 2

 2 2 2

 2 2 2

 2 2 2

 2 2 2

 2 2 2

 2 2 2

 2 2 2

 2 2 2

 2 2 2

 2 2 2

 2 2 2

 2 2 2

 2 2 2

 2 2 2

 2 2 2

 2 2 2

 3 3 3

 3 3 3

 3 3 3

 3 3 3

 3 3 3

 3 3 3

 3 3 3

 3 3 3

 0 0 0

 0 0 0

 4 4 4

 4 4 4

 4 4 4

 4 4 4

 0 0 0

 0 0 0

 0 0 0

 0 0 0

 4 4 4

 4 4 4

 0 0 0

 0 0 0

 4 4 4

 4 4 4

 0 0 0

 0 0 0

 0 0 0

 0 0 0

 4 4 4

 4 4 4

 4 4 4

 4 4 4

 0 0 0

 0 0 0

 4 4 4

 4 4 4

 0 0 0

 0 0 0

 4 4 4

 4 4 4

 4 4 4

 4 4 4

 0 0 0

 0 0 0

 2 2 2

 2 2 2

 2 2 2

 2 2 2

 2 2 2

 2 2 2

 3 3 3

 3 3 3

 2 2 2

 2 2 2

 2 2 2

 2 2 2

 3 3 3

 3 3 3

 2 2 2

 2 2 2

 2 2 2

 2 2 2

 2 2 2

 2 2 2

 2 2 2

 2 2 2

 2 2 2

 2 2 2

 2 2 2

 2 2 2

 0 0 0

 0 0 0

 0 0 0

 0 0 0

 1 1 1

 1 1 1

 1 1 1

 1 1 1

 0 0 0

 0 0 0

 0 0 0

 0 0 0

 1 1 1

 1 1 1

 1 1 1

 1 1 1

 3 3 3

 3 3 3

 3 3 3

 3 3 3

 3 3 3

 3 3 3

 3 3 3

 3 3 3

 3 3 3

 3 3 3

 3 3 3

 3 3 3

 3 3 3

 3 3 3

 3 3 3

 3 3 3

 3 3 3

 3 3 3

 3 3 3

 3 3 3

 3 3 3

 3 3 3

 3 3 3

 3 3 3

 3 3 3

 3 3 3

 3 3 3

 3 3 3

 3 3 3

 3 3 3

 3 3 3

 3 3 3

 0 0 0

 0 0 0

 0 0 0

 0 0 0

 0 0 0

 0 0 0

 0 0 0

 0 0 0

 1 1 1

 1 1 1

 2 2 2

 2 2 2

 0 0 0

 0 0 0

 2 2 2

 2 2 2

 2 2 2

 2 2 2

 2 2 2

 2 2 2

 2 2 2

 2 2 2

 2 2 2

 2 2 2

 3 3 3

 3 3 3

 3 3 3

 3 3 3

 3 3 3

 3 3 3

 3 3 3

 3 3 3

 3 3 3

 3 3 3

 3 3 3

 3 3 3

 3 3 3

 3 3 3

 3 3 3

 3 3 3

 3 3 3

 3 3 3

 3 3 3

 3 3 3

 3 3 3

 3 3 3

 3 3 3

 3 3 3

 3 3 3

 3 3 3

 3 3 3

 3 3 3

 3 3 3

 3 3 3

 3 3 3

 3 3 3

 0 0 0

 0 0 0

 0 0 0

 0 0 0

 0 0 0

 0 0 0

 0 0 0

 0 0 0

 1 1 1

 1 1 1

 2 2 2

 2 2 2

 0 0 0

 0 0 0

 2 2 2

 2 2 2

 2 2 2

 2 2 2

 2 2 2

 2 2 2

 2 2 2

 2 2 2

 2 2 2

 2 2 2

 1 1 1

 1 1 1

 1 1 1

 1 1 1

 0 0 0

 0 0 0

 1 1 1

 1 1 1

 1 1 1

 1 1 1

 0 0 0

 0 0 0

 1 1 1

 1 1 1

 1 1 1

 1 1 1

 0 0 0

 0 0 0

 0 0 0

 0 0 0

 0 0 0

 0 0 0

 0 0 0

 0 0 0

 1 1 1

 1 1 1

 0 0 0

 0 0 0

 0 0 0

 1 1 1

 0 0 0

 0 0 0

 0 0 0

 0 0 0

 1 1 1

 0 0 0

 9 9 9

 9 9 9

 9 9 9

 9 9 9

 9 9 9

 9 9 9

 9 9 9

 9 9 9

 9 9 9

 9 9 9

 9 9 9

 9 9 9

 9 9 9

 9 9 9

 9 9 9

 9 9 9

 3 3 3

 3 3 3

 3 3 3

 3 3 3

 3 3 3

 3 3 3

 3 3 3

 3 3 3

 9 9 9

 9 9 9

 9 9 9

 9 9 9

 9 9 9

 9 9 9

 9 9 9

 9 9 9

 9 9 9

 9 9 9

 9 9 9

 9 9 9

 9 9 9

 9 9 9

 9 9 9

 9 9 9

 9 9 9

 9 9 9

 9 9 9

 9 9 9

 9 9 9

 9 9 9

 3 3 3

 3 3 3

 3 3 3

 3 3 3

 3 3 3

 3 3 3

 9 9 9

 9 9 9

 9 9 9

 9 9 9

 9 9 9

 9 9 9

 9 9 9

 9 9 9

 9 9 9

 9 9 9

 9 9 9

 9 9 9

 9 9 9

 9 9 9

 9 9 9

 9 9 9

 9 9 9

 9 9 9

 9 9 9

 9 9 9

 9 9 9

 9 9 9

 9 9 9

 9 9 9

 9 9 9

 9 9 9

 9 9 9

 9 9 9

 9 9 9

 9 9 9

 9 9 9

 9 9 9

 9 9 9

 9 9 9

 9 9 9

 9 9 9

 9 9 9

 9 9 9

 9 9 9

 9 9 9

 3 3 3

 3 3 3

 3 3 3

 3 3 3

 3 3 3

 3 3 3

 9 9 9

 9 9 9

 9 9 9

 9 9 9

 9 9 9

 9 9 9

 9 9 9

 9 9 9

 9 9 9

 9 9 9

 9 9 9

 9 9 9

 9 9 9

 9 9 9

 9 9 9

 9 9 9

 9 9 9

 9 9 9

 9 9 9

 9 9 9

 9 9 9

 9 9 9

 9 9 9

 9 9 9

 9 9 9

 9 9 9

 9 9 9

 9 9 9

 9 9 9

 9 9 9

 9 9 9

 9 9 9

 3 3 3

 3 3 3

 3 3 3

 3 3 3

 3 3 3

 3 3 3

 9 9 9

 9 9 9

 9 9 9

 9 9 9

 9 9 9

 9 9 9

 9 9 9

 9 9 9

 9 9 9

 9 9 9

 9 9 9

 9 9 9

 9 9 9

 9 9 9

 9 9 9

 9 9 9

 3 3 3

 3 3 3

 3 3 3

 3 3 3

 3 3 3

 3 3 3

 3 3 3

 3 3 3

 9 9 9

 9 9 9

 9 9 9

 9 9 9

 9 9 9

 9 9 9

 9 9 9

 9 9 9

 9 9 9

 9 9 9

 9 9 9

 9 9 9

 9 9 9

 9 9 9

 9 9 9

 9 9 9

 9 9 9

 9 9 9

 9 9 9

 9 9 9

 9 9 9

 9 9 9

 9 9 9

 9 9 9

 9 9 9

 9 9 9

 9 9 9

 9 9 9

 9 9 9

 9 9 9

 3 3 3

 3 3 3

 3 3 3

 3 3 3

 3 3 3

 3 3 3

 3 3 3

 3 3 3

 9 9 9

 9 9 9

 9 9 9

 9 9 9

 9 9 9

 9 9 9

 9 9 9

 9 9 9

 9 9 9

 9 9 9

 9 9 9

 9 9 9

 9 9 9

 9 9 9

 9 9 9

 9 9 9

 9 9 9

 9 9 9

 9 9 9

 9 9 9

 9 9 9

 9 9 9

 3 3 3

 3 3 3

 3 3 3

 3 3 3

 3 3 3

 3 3 3

 9 9 9

 9 9 9

 9 9 9

 9 9 9

 9 9 9

 9 9 9

 9 9 9

 9 9 9

 9 9 9

 9 9 9

 9 9 9

 9 9 9

 9 9 9

 9 9 9

 9 9 9

 9 9 9

 9 9 9

 9 9 9

 9 9 9

 9 9 9

 9 9 9

 9 9 9

 9 9 9

 9 9 9

 9 9 9

 9 9 9

 9 9 9

 9 9 9

 9 9 9

 9 9 9

 9 9 9

 9 9 9

 3 3 3

 3 3 3

 3 3 3

 3 3 3

 3 3 3

 3 3 3

 3 3 3

 3 3 3

 9 9 9

 9 9 9

 9 9 9

 9 9 9

 9 9 9

 9 9 9

 9 9 9

 9 9 9

 9 9 9

 9 9 9

 9 9 9

 9 9 9

 9 9 9

 9 9 9

 9 9 9

 9 9 9

 2 2 2

 2 2 2

 2 2 2

 2 2 2

 2 2 2

 2 2 2

 2 2 2

 2 2 2

 2 2 2

 2 2 2

 2 2 2

 2 2 2

 2 2 2

 2 2 2

 2 2 2

 2 2 2

 2 2 2

 2 2 2

 2 2 2

 2 2 2

 2 2 2

 2 2 2

 2 2 2

 2 2 2

 2 2 2

 2 2 2

 2 2 2

 2 2 2

 2 2 2

 2 2 2

 2 2 2

 2 2 2

 9 9 9

 9 9 9

 9 9 9

 9 9 9

 9 9 9

 9 9 9

 2 2 2

 2 2 2

 2 2 2

 2 2 2

 2 2 2

 2 2 2

 2 2 2

 2 2 2

 2 2 2

 2 2 2

 2 2 2

 2 2 2

 2 2 2

 2 2 2

 2 2 2

 2 2 2

 2 2 2

 2 2 2

 2 2 2

 2 2 2

 2 2 2

 2 2 2

 9 9 9

 9 9 9

 9 9 9

 9 9 9

 9 9 9

 9 9 9

 9 9 9

 9 9 9

 2 2 2

 2 2 2

 2 2 2

 2 2 2

 2 2 2

 2 2 2

 2 2 2

 2 2 2

 2 2 2

 2 2 2

 2 2 2

 2 2 2

 2 2 2

 2 2 2

 2 2 2

 2 2 2

 2 2 2

 2 2 2

 2 2 2

 2 2 2

 2 2 2

 2 2 2

 2 2 2

 2 2 2

 2 2 2

 2 2 2

 2 2 2

 2 2 2

 2 2 2

 2 2 2

 9 9 9

 9 9 9

 9 9 9

 9 9 9

 9 9 9

 9 9 9

 9 9 9

 9 9 9

 2 2 2

 2 2 2

 2 2 2

 2 2 2

 2 2 2

 2 2 2

 2 2 2

 2 2 2

 2 2 2

 2 2 2

 2 2 2

 2 2 2

 2 2 2

 2 2 2

 2 2 2

 2 2 2

 9 9 9

 9 9 9

 9 9 9

 9 9 9

 9 9 9

 9 9 9

 9 9 9

 9 9 9

 2 2 2

 2 2 2

 2 2 2

 2 2 2

 2 2 2

 2 2 2

 2 2 2

 2 2 2

 2 2 2

 2 2 2

 2 2 2

 2 2 2

 2 2 2

 2 2 2

 2 2 2

 2 2 2

 2 2 2

 2 2 2

 2 2 2

 2 2 2

 2 2 2

 2 2 2

 2 2 2

 2 2 2

 2 2 2

 2 2 2

 2 2 2

 2 2 2

 2 2 2

 2 2 2

 2 2 2

 2 2 2

 9 9 9

 9 9 9

 9 9 9

 9 9 9

 9 9 9

 9 9 9

 2 2 2

 2 2 2

 2 2 2

 2 2 2

 2 2 2

 2 2 2

 2 2 2

 2 2 2

 2 2 2

 2 2 2

 2 2 2

 2 2 2

 2 2 2

 2 2 2

 2 2 2

 2 2 2

 2 2 2

 2 2 2

 2 2 2

 2 2 2

 2 2 2

 2 2 2

 2 2 2

 2 2 2

 9 9 9

 9 9 9

 9 9 9

 9 9 9

 9 9 9

 9 9 9

 2 2 2

 2 2 2

 2 2 2

 2 2 2

 2 2 2

 2 2 2

 2 2 2

 2 2 2

 2 2 2

 2 2 2

 2 2 2

 2 2 2

 2 2 2

 2 2 2

 2 2 2

 2 2 2

 2 2 2

 2 2 2

 2 2 2

 2 2 2

 2 2 2

 2 2 2

 9 9 9

 9 9 9

 9 9 9

 9 9 9

 9 9 9

 9 9 9

 9 9 9

 9 9 9

 2 2 2

 2 2 2

 2 2 2

 2 2 2

 2 2 2

 2 2 2

 2 2 2

 2 2 2

 9 9 9

 9 9 9

 9 9 9

 9 9 9

 9 9 9

 9 9 9

 9 9 9

 9 9 9

 2 2 2

 2 2 2

 2 2 2

 2 2 2

 2 2 2

 2 2 2

 2 2 2

 2 2 2

 2 2 2

 2 2 2

 2 2 2

 2 2 2

 2 2 2

 2 2 2

 2 2 2

 2 2 2

 2 2 2

 2 2 2

 2 2 2

 2 2 2

 2 2 2

 2 2 2

 2 2 2

 2 2 2

 3 3 3

 3 3 3

 3 3 3

 3 3 3

 3 3 3

 3 3 3

 3 3 3

 3 3 3

 3 3 3

 3 3 3

 3 3 3

 3 3 3

 3 3 3

 3 3 3

 3 3 3

 3 3 3

 3 3 3

 3 3 3

 3 3 3

 3 3 3

 3 3 3

 3 3 3

 3 3 3

 3 3 3

 3 3 3

 3 3 3

 3 3 3

 3 3 3

 3 3 3

 3 3 3

 3 3 3

 3 3 3

 2 2 2

 2 2 2

 2 2 2

 2 2 2

 2 2 2

 2 2 2

 2 2 2

 2 2 2

 2 2 2

 2 2 2

 2 2 2

 2 2 2

 2 2 2

 2 2 2

 2 2 2

 2 2 2

 2 2 2

 2 2 2

 2 2 2

 2 2 2

 2 2 2

 2 2 2

 2 2 2

 2 2 2

 2 2 2

 2 2 2

 2 2 2

 2 2 2

 2 2 2

 2 2 2

 2 2 2

 2 2 2

 8 8 8

 8 8 8

 8 8 8

 8 8 8

 8 8 8

 8 8 8

 8 8 8

 8 8 8

 8 8 8

 8 8 8

 8 8 8

 8 8 8

 8 8 8

 8 8 8

 8 8 8

 8 8 8

 2 2 2

 2 2 2

 2 2 2

 2 2 2

 2 2 2

 2 2 2

 2 2 2

 2 2 2

 2 2 2

 2 2 2

 2 2 2

 2 2 2

 2 2 2

 2 2 2

 2 2 2

 2 2 2

 2 2 2

 2 2 2

 2 2 2

 2 2 2

 2 2 2

 2 2 2

 2 2 2

 2 2 2

 2 2 2

 2 2 2

 2 2 2

 2 2 2

 2 2 2

 2 2 2

 2 2 2

 2 2 2

 2 2 2

 2 2 2

 2 2 2

 2 2 2

 2 2 2

 2 2 2

 2 2 2

 2 2 2

 2 2 2

 2 2 2

 2 2 2

 2 2 2

 2 2 2

 2 2 2

 2 2 2

 2 2 2

 2 2 2

 2 2 2

 2 2 2

 2 2 2

 2 2 2

 2 2 2

 2 2 2

 2 2 2

 8 8 8

 8 8 8

 8 8 8

 8 8 8

 8 8 8

 8 8 8

 8 8 8

 8 8 8

 8 8 8

 8 8 8

 8 8 8

 8 8 8

 8 8 8

 8 8 8

 8 8 8

 8 8 8

 3 3 3

 3 3 3

 3 3 3

 3 3 3

 3 3 3

 3 3 3

 3 3 3

 3 3 3

 3 3 3

 3 3 3

 3 3 3

 3 3 3

 3 3 3

 3 3 3

 3 3 3

 3 3 3

 3 3 3

 3 3 3

 3 3 3

 3 3 3

 3 3 3

 3 3 3

 3 3 3

 3 3 3

 3 3 3

 3 3 3

 3 3 3

 3 3 3

 3 3 3

 3 3 3

 3 3 3

 3 3 3

 2 2 2

 2 2 2

 2 2 2

 2 2 2

 2 2 2

 2 2 2

 2 2 2

 2 2 2

 2 2 2

 2 2 2

 2 2 2

 2 2 2

 2 2 2

 2 2 2

 2 2 2

 2 2 2

 2 2 2

 2 2 2

 2 2 2

 2 2 2

 2 2 2

 2 2 2

 2 2 2

 2 2 2

 9 9 9

 9 9 9

 9 9 9

 9 9 9

 9 9 9

 9 9 9

 9 9 9

 9 9 9

 9 9 9

 9 9 9

 9 9 9

 9 9 9

 9 9 9

 9 9 9

 9 9 9

 9 9 9

 9 9 9

 9 9 9

 9 9 9

 9 9 9

 9 9 9

 9 9 9

 9 9 9

 9 9 9

 8 8 8

 8 8 8

 8 8 8

 8 8 8

 8 8 8

 8 8 8

 8 8 8

 8 8 8

 2 2 2

 2 2 2

 2 2 2

 2 2 2

 2 2 2

 2 2 2

 2 2 2

 2 2 2

 2 2 2

 2 2 2

 2 2 2

 2 2 2

 2 2 2

 2 2 2

 2 2 2

 2 2 2

 2 2 2

 2 2 2

 2 2 2

 2 2 2

 2 2 2

 2 2 2

 2 2 2

 2 2 2

 3 3 3

 3 3 3

 3 3 3

 3 3 3

 3 3 3

 3 3 3

 9 9 9

 9 9 9

 9 9 9

 9 9 9

 9 9 9

 9 9 9

 9 9 9

 9 9 9

 9 9 9

 9 9 9

 9 9 9

 9 9 9

 9 9 9

 9 9 9

 9 9 9

 9 9 9

 2 2 2

 2 2 2

 2 2 2

 2 2 2

 2 2 2

 2 2 2

 2 2 2

 2 2 2

 2 2 2

 2 2 2

 2 2 2

 2 2 2

 2 2 2

 2 2 2

 2 2 2

 2 2 2

 2 2 2

 2 2 2

 2 2 2

 2 2 2

 2 2 2

 2 2 2

 2 2 2

 2 2 2

 3 3 3

 3 3 3

 3 3 3

 3 3 3

 3 3 3

 3 3 3

 3 3 3

 3 3 3

 2 2 2

 2 2 2

 2 2 2

 2 2 2

 2 2 2

 2 2 2

 2 2 2

 2 2 2

 2 2 2

 2 2 2

 2 2 2

 2 2 2

 2 2 2

 2 2 2

 2 2 2

 2 2 2

 2 2 2

 2 2 2

 2 2 2

 2 2 2

 2 2 2

 2 2 2

 2 2 2

 2 2 2

 2 2 2

 2 2 2

 2 2 2

 2 2 2

 2 2 2

 2 2 2

 2 2 2

 2 2 2

 3 3 3

 3 3 3

 3 3 3

 3 3 3

 3 3 3

 3 3 3

 3 3 3

 3 3 3

 3 3 3

 3 3 3

 3 3 3

 3 3 3

 3 3 3

 3 3 3

 3 3 3

 3 3 3

 3 3 3

 3 3 3

 3 3 3

 3 3 3

 3 3 3

 3 3 3

 3 3 3

 3 3 3

 3 3 3

 3 3 3

 3 3 3

 3 3 3

 3 3 3

 3 3 3

 3 3 3

 3 3 3

 3 3 3

 3 3 3

 3 3 3

 3 3 3

 3 3 3

 3 3 3

 3 3 3

 3 3 3

 3 3 3

 3 3 3

 3 3 3

 3 3 3

 3 3 3

 3 3 3

 3 3 3

 3 3 3

 3 3 3

 3 3 3

 3 3 3

 3 3 3

 3 3 3

 3 3 3

 3 3 3

 3 3 3

 2 2 2

 2 2 2

 2 2 2

 2 2 2

 2 2 2

 2 2 2

 2 2 2

 2 2 2

 2 2 2

 2 2 2

 2 2 2

 2 2 2

 2 2 2

 2 2 2

 2 2 2

 2 2 2

 2 2 2

 2 2 2

 2 2 2

 2 2 2

 2 2 2

 2 2 2

 2 2 2

 2 2 2

 2 2 2

 2 2 2

 2 2 2

 2 2 2

 2 2 2

 2 2 2

 2 2 2

 2 2 2

 2 2 2

 2 2 2

 2 2 2

 2 2 2

 2 2 2

 2 2 2

 2 2 2

 2 2 2

 2 2 2

 2 2 2

 2 2 2

 2 2 2

 2 2 2

 2 2 2

 2 2 2

 2 2 2

 2 2 2

 2 2 2

 2 2 2

 2 2 2

 2 2 2

 2 2 2

 2 2 2

 2 2 2

 8 8 8

 8 8 8

 8 8 8

 8 8 8

 8 8 8

 8 8 8

 8 8 8

 8 8 8

 8 8 8

 8 8 8

 8 8 8

 8 8 8

 8 8 8

 8 8 8

 8 8 8

 8 8 8

 8 8 8

 8 8 8

 8 8 8

 8 8 8

 2 2 2

 2 2 2

 2 2 2

 2 2 2

 2 2 2

 2 2 2

 2 2 2

 2 2 2

 2 2 2

 2 2 2

 2 2 2

 2 2 2

 2 2 2

 2 2 2

 2 2 2

 2 2 2

 2 2 2

 2 2 2

 2 2 2

 2 2 2

 2 2 2

 2 2 2

 2 2 2

 2 2 2

 2 2 2

 2 2 2

 2 2 2

 2 2 2

 2 2 2

 2 2 2

 2 2 2

 2 2 2

 2 2 2

 2 2 2

 2 2 2

 2 2 2

 2 2 2

 2 2 2

 2 2 2

 2 2 2

 2 2 2

 2 2 2

 2 2 2

 2 2 2

 2 2 2

 2 2 2

 2 2 2

 2 2 2

 2 2 2

 2 2 2

 2 2 2

 2 2 2

 2 2 2

 2 2 2

 2 2 2

 2 2 2

 2 2 2

 2 2 2

 2 2 2

 2 2 2

 2 2 2

 2 2 2

 2 2 2

 2 2 2

 6 6 6

 6 6 6

 6 6 6

 6 6 6

 6 6 6

 6 6 6

 6 6 6

 6 6 6

 6 6 6

 6 6 6

 6 6 6

 6 6 6

 6 6 6

 6 6 6

 6 6 6

 6 6 6

 6 6 6

 6 6 6

 6 6 6

 6 6 6

 6 6 6

 6 6 6

 6 6 6

 6 6 6

 6 6 6

 6 6 6

 6 6 6

 6 6 6

 6 6 6

 6 6 6

 6 6 6

 6 6 6

 6 6 6

 6 6 6

 6 6 6

 6 6 6

 6 6 6

 6 6 6

 6 6 6

 6 6 6

 10 10 10

 10 10 10

 10 10 10

 10 10 10

 10 10 10

 10 10 10

 10 10 10

 10 10 10

 10 10 10

 10 10 10

 10 10 10

 10 10 10

 2 2 2

 2 2 2

 2 2 2

 2 2 2

 2 2 2

 2 2 2

 2 2 2

 2 2 2

 2 2 2

 2 2 2

 2 2 2

 2 2 2

 2 2 2

 2 2 2

 2 2 2

 2 2 2

 2 2 2

 2 2 2

 2 2 2

 2 2 2

 2 2 2

 2 2 2

 2 2 2

 2 2 2

 2 2 2

 2 2 2

 2 2 2

 2 2 2

 2 2 2

 2 2 2

 2 2 2

 2 2 2

 2 2 2

 2 2 2

 2 2 2

 2 2 2

 2 2 2

 2 2 2

 2 2 2

 2 2 2

 8 8 8

 8 8 8

 8 8 8

 8 8 8

 8 8 8

 8 8 8

 8 8 8

 8 8 8

 8 8 8

 8 8 8

 8 8 8

 8 8 8

 8 8 8

 8 8 8

 8 8 8

 8 8 8

 8 8 8

 8 8 8

 8 8 8

 8 8 8

 8 8 8

 8 8 8

 8 8 8

 8 8 8

 8 8 8

 8 8 8

 8 8 8

 8 8 8

 8 8 8

 8 8 8

 8 8 8

 8 8 8

 8 8 8

 8 8 8

 8 8 8

 8 8 8

 8 8 8

 8 8 8

 8 8 8

 8 8 8

 8 8 8

 8 8 8

 8 8 8

 8 8 8

 8 8 8

 8 8 8

 8 8 8

 8 8 8

 8 8 8

 8 8 8

 8 8 8

 8 8 8

 8 8 8

 8 8 8

 8 8 8

 8 8 8

 8 8 8

 8 8 8

 8 8 8

 8 8 8

 8 8 8

 8 8 8

 8 8 8

 8 8 8

 8 8 8

 8 8 8

 8 8 8

 8 8 8

 8 8 8

 8 8 8

 8 8 8

 8 8 8

 8 8 8

 8 8 8

 8 8 8

 8 8 8

 8 8 8

 8 8 8

 8 8 8

 8 8 8

 8 8 8

 8 8 8

 8 8 8

 8 8 8

 8 8 8

 8 8 8

 8 8 8

 8 8 8

 8 8 8

 8 8 8

 8 8 8

 8 8 8

 8 8 8

 8 8 8

 8 8 8

 8 8 8

 8 8 8

 8 8 8

 8 8 8

 8 8 8

 8 8 8

 8 8 8

 8 8 8

 8 8 8

 8 8 8

 8 8 8

 8 8 8

 8 8 8

 8 8 8

 8 8 8

 8 8 8

 8 8 8

 8 8 8

 8 8 8

 8 8 8

 8 8 8

 8 8 8

 8 8 8

 8 8 8

 8 8 8

 8 8 8

 8 8 8

 8 8 8

 8 8 8

 8 8 8

 8 8 8

 8 8 8

 8 8 8

 8 8 8

 8 8 8

 8 8 8

 8 8 8

 8 8 8

 8 8 8

 8 8 8

 8 8 8

 8 8 8

 8 8 8

 8 8 8

 8 8 8

 8 8 8

 8 8 8

 8 8 8

 8 8 8

 8 8 8

 8 8 8

 8 8 8

 8 8 8

 8 8 8

 8 8 8

 8 8 8

 8 8 8

 8 8 8

 8 8 8

 8 8 8

 8 8 8

 8 8 8

 8 8 8

 8 8 8

 8 8 8

 8 8 8

 8 8 8

 8 8 8

 8 8 8

 8 8 8

 8 8 8

 8 8 8

 8 8 8

 10 10 10

 10 10 10

 10 10 10

 10 10 10

 10 10 10

 10 10 10

 10 10 10

 10 10 10

 10 10 10

 10 10 10

 10 10 10

 10 10 10

 10 10 10

 10 10 10

 10 10 10

 10 10 10

 10 10 10

 10 10 10

 10 10 10

 10 10 10

 10 10 10

 10 10 10

 10 10 10

 10 10 10

 10 10 10

 10 10 10

 10 10 10

 10 10 10

 10 10 10

 10 10 10

 10 10 10

 10 10 10

 10 10 10

 10 10 10

 10 10 10

 10 10 10

 10 10 10

 10 10 10

 10 10 10

 10 10 10

 10 10 10

 10 10 10

 10 10 10

 10 10 10

 10 10 10

 10 10 10

 10 10 10

 10 10 10

 10 10 10

 10 10 10

 10 10 10

 10 10 10

 9 9 9

 9 9 9

 9 9 9

 9 9 9

 9 9 9

 9 9 9

 9 9 9

 9 9 9

 9 9 9

 9 9 9

 9 9 9

 9 9 9

 9 9 9

 9 9 9

 9 9 9

 9 9 9

 9 9 9

 9 9 9

 9 9 9

 9 9 9

 9 9 9

 9 9 9

 9 9 9

 9 9 9

 9 9 9

 9 9 9

 9 9 9

 9 9 9

 10 10 10

 10 10 10

 10 10 10

 10 10 10

 10 10 10

 10 10 10

 10 10 10

 10 10 10

 10 10 10

 10 10 10

 10 10 10

 10 10 10

 10 10 10

 10 10 10

 10 10 10

 10 10 10

 10 10 10

 10 10 10

 10 10 10

 10 10 10

 10 10 10

 10 10 10

 10 10 10

 10 10 10

 10 10 10

 10 10 10

 10 10 10

 10 10 10

 10 10 10

 10 10 10

 10 10 10

 10 10 10

 10 10 10

 10 10 10

 10 10 10

 10 10 10

 10 10 10

 10 10 10

 10 10 10

 10 10 10

 10 10 10

 10 10 10

 10 10 10

 10 10 10

 10 10 10

 10 10 10

 10 10 10

 10 10 10

 10 10 10

 10 10 10

 10 10 10

 10 10 10

 10 10 10

 10 10 10

 10 10 10

 10 10 10

 10 10 10

 10 10 10

 10 10 10

 10 10 10

 10 10 10

 10 10 10

 10 10 10

 10 10 10

 10 10 10

 10 10 10

 10 10 10

 10 10 10

 10 10 10

 10 10 10

 10 10 10

 10 10 10

 10 10 10

 10 10 10

 10 10 10

 10 10 10

 10 10 10

 10 10 10

 10 10 10

 10 10 10

 10 10 10

 10 10 10

 10 10 10

 10 10 10

 10 10 10

 10 10 10

 10 10 10

 10 10 10

 10 10 10

 10 10 10

 10 10 10

 10 10 10

 10 10 10

 10 10 10

 10 10 10

 10 10 10

 10 10 10

 10 10 10

 10 10 10

 10 10 10

 10 10 10

 10 10 10

 10 10 10

 10 10 10

 10 10 10

 10 10 10

 10 10 10

 10 10 10

 10 10 10

 10 10 10

 10 10 10

 10 10 10

 10 10 10

 10 10 10

 10 10 10

 10 10 10

 10 10 10

 10 10 10

 10 10 10

 10 10 10

 10 10 10

 10 10 10

 10 10 10

 10 10 10

 10 10 10

 10 10 10

 10 10 10

 10 10 10

 10 10 10

 10 10 10

 10 10 10

 10 10 10

 10 10 10

 10 10 10

 10 10 10

 10 10 10

 10 10 10

 10 10 10

 10 10 10

 10 10 10

 10 10 10

 10 10 10

 10 10 10

 10 10 10

 10 10 10

 10 10 10

 10 10 10

 10 10 10

 10 10 10

 10 10 10

 10 10 10

 10 10 10

 10 10 10

 10 10 10

 10 10 10

 10 10 10

 10 10 10

 10 10 10

 10 10 10

 10 10 10

 10 10 10

 10 10 10

 10 10 10

 10 10 10

 10 10 10

 10 10 10

 10 10 10

 10 10 10

 10 10 10

 10 10 10

 10 10 10

 10 10 10

 10 10 10

 10 10 10

 10 10 10

 10 10 10

 10 10 10

 10 10 10

 10 10 10

 10 10 10

 10 10 10

 10 10 10

 10 10 10

 10 10 10

 10 10 10

 10 10 10

 10 10 10

 10 10 10

 10 10 10

 10 10 10

 10 10 10

 10 10 10

 10 10 10

 10 10 10

 10 10 10

 10 10 10

 10 10 10

 10 10 10

 10 10 10

 10 10 10

 10 10 10

 10 10 10

 10 10 10

 10 10 10

 10 10 10

 10 10 10

 10 10 10

 10 10 10

 10 10 10

 10 10 10

 10 10 10

 10 10 10

 10 10 10

 10 10 10

 10 10 10

 10 10 10

 10 10 10

 10 10 10

 10 10 10

 10 10 10

 10 10 10

 10 10 10

 10 10 10

 10 10 10

 10 10 10

 10 10 10

 10 10 10

 10 10 10

 10 10 10

 10 10 10

 10 10 10

 10 10 10

 9 9 9

 9 9 9

 9 9 9

 9 9 9

 9 9 9

 9 9 9

 9 9 9

 9 9 9

 9 9 9

 9 9 9

 9 9 9

 9 9 9

 9 9 9

 9 9 9

 9 9 9

 9 9 9

 3 3 3

 3 3 3

 3 3 3

 3 3 3

 3 3 3

 3 3 3

 3 3 3

 3 3 3

 9 9 9

 9 9 9

 9 9 9

 9 9 9

 9 9 9

 9 9 9

 9 9 9

 9 9 9

 9 9 9

 9 9 9

 9 9 9

 9 9 9

 9 9 9

 9 9 9

 9 9 9

 9 9 9

 9 9 9

 9 9 9

 9 9 9

 9 9 9

 9 9 9

 9 9 9

 3 3 3

 3 3 3

 3 3 3

 3 3 3

 3 3 3

 3 3 3

 9 9 9

 9 9 9

 9 9 9

 9 9 9

 9 9 9

 9 9 9

 9 9 9

 9 9 9

 9 9 9

 9 9 9

 9 9 9

 9 9 9

 9 9 9

 9 9 9

 9 9 9

 9 9 9

 9 9 9

 9 9 9

 9 9 9

 9 9 9

 9 9 9

 9 9 9

 9 9 9

 9 9 9

 9 9 9

 9 9 9

 9 9 9

 9 9 9

 9 9 9

 9 9 9

 9 9 9

 9 9 9

 9 9 9

 9 9 9

 9 9 9

 9 9 9

 9 9 9

 9 9 9

 9 9 9

 9 9 9

 3 3 3

 3 3 3

 3 3 3

 3 3 3

 3 3 3

 3 3 3

 9 9 9

 9 9 9

 9 9 9

 9 9 9

 9 9 9

 9 9 9

 9 9 9

 9 9 9

 9 9 9

 9 9 9

 9 9 9

 9 9 9

 9 9 9

 9 9 9

 9 9 9

 9 9 9

 9 9 9

 9 9 9

 9 9 9

 9 9 9

 9 9 9

 9 9 9

 9 9 9

 9 9 9

 9 9 9

 9 9 9

 9 9 9

 9 9 9

 9 9 9

 9 9 9

 9 9 9

 9 9 9

 3 3 3

 3 3 3

 3 3 3

 3 3 3

 3 3 3

 3 3 3

 9 9 9

 9 9 9

 9 9 9

 9 9 9

 9 9 9

 9 9 9

 9 9 9

 9 9 9

 9 9 9

 9 9 9

 9 9 9

 9 9 9

 9 9 9

 9 9 9

 9 9 9

 9 9 9

 3 3 3

 3 3 3

 3 3 3

 3 3 3

 3 3 3

 3 3 3

 3 3 3

 3 3 3

 9 9 9

 9 9 9

 9 9 9

 9 9 9

 9 9 9

 9 9 9

 9 9 9

 9 9 9

 9 9 9

 9 9 9

 9 9 9

 9 9 9

 9 9 9

 9 9 9

 9 9 9

 9 9 9

 9 9 9

 9 9 9

 9 9 9

 9 9 9

 9 9 9

 9 9 9

 9 9 9

 9 9 9

 9 9 9

 9 9 9

 9 9 9

 9 9 9

 9 9 9

 9 9 9

 3 3 3

 3 3 3

 3 3 3

 3 3 3

 3 3 3

 3 3 3

 3 3 3

 3 3 3

 9 9 9

 9 9 9

 9 9 9

 9 9 9

 9 9 9

 9 9 9

 9 9 9

 9 9 9

 9 9 9

 9 9 9

 9 9 9

 9 9 9

 9 9 9

 9 9 9

 9 9 9

 9 9 9

 9 9 9

 9 9 9

 9 9 9

 9 9 9

 9 9 9

 9 9 9

 3 3 3

 3 3 3

 3 3 3

 3 3 3

 3 3 3

 3 3 3

 9 9 9

 9 9 9

 9 9 9

 9 9 9

 9 9 9

 9 9 9

 9 9 9

 9 9 9

 9 9 9

 9 9 9

 9 9 9

 9 9 9

 9 9 9

 9 9 9

 9 9 9

 9 9 9

 9 9 9

 9 9 9

 9 9 9

 9 9 9

 9 9 9

 9 9 9

 9 9 9

 9 9 9

 9 9 9

 9 9 9

 9 9 9

 9 9 9

 9 9 9

 9 9 9

 9 9 9

 9 9 9

 3 3 3

 3 3 3

 3 3 3

 3 3 3

 3 3 3

 3 3 3

 3 3 3

 3 3 3

 9 9 9

 9 9 9

 9 9 9

 9 9 9

 9 9 9

 9 9 9

 9 9 9

 9 9 9

 9 9 9

 9 9 9

 9 9 9

 9 9 9

 9 9 9

 9 9 9

 9 9 9

 9 9 9

 2 2 2

 2 2 2

 2 2 2

 2 2 2

 2 2 2

 2 2 2

 2 2 2

 2 2 2

 2 2 2

 2 2 2

 2 2 2

 2 2 2

 2 2 2

 2 2 2

 2 2 2

 2 2 2

 2 2 2

 2 2 2

 2 2 2

 2 2 2

 2 2 2

 2 2 2

 2 2 2

 2 2 2

 2 2 2

 2 2 2

 2 2 2

 2 2 2

 2 2 2

 2 2 2

 2 2 2

 2 2 2

 9 9 9

 9 9 9

 9 9 9

 9 9 9

 9 9 9

 9 9 9

 2 2 2

 2 2 2

 2 2 2

 2 2 2

 2 2 2

 2 2 2

 2 2 2

 2 2 2

 2 2 2

 2 2 2

 2 2 2

 2 2 2

 2 2 2

 2 2 2

 2 2 2

 2 2 2

 2 2 2

 2 2 2

 2 2 2

 2 2 2

 2 2 2

 2 2 2

 9 9 9

 9 9 9

 9 9 9

 9 9 9

 9 9 9

 9 9 9

 9 9 9

 9 9 9

 2 2 2

 2 2 2

 2 2 2

 2 2 2

 2 2 2

 2 2 2

 2 2 2

 2 2 2

 2 2 2

 2 2 2

 2 2 2

 2 2 2

 2 2 2

 2 2 2

 2 2 2

 2 2 2

 2 2 2

 2 2 2

 2 2 2

 2 2 2

 2 2 2

 2 2 2

 2 2 2

 2 2 2

 2 2 2

 2 2 2

 2 2 2

 2 2 2

 2 2 2

 2 2 2

 9 9 9

 9 9 9

 9 9 9

 9 9 9

 9 9 9

 9 9 9

 9 9 9

 9 9 9

 2 2 2

 2 2 2

 2 2 2

 2 2 2

 2 2 2

 2 2 2

 2 2 2

 2 2 2

 2 2 2

 2 2 2

 2 2 2

 2 2 2

 2 2 2

 2 2 2

 2 2 2

 2 2 2

 9 9 9

 9 9 9

 9 9 9

 9 9 9

 9 9 9

 9 9 9

 9 9 9

 9 9 9

 2 2 2

 2 2 2

 2 2 2

 2 2 2

 2 2 2

 2 2 2

 2 2 2

 2 2 2

 2 2 2

 2 2 2

 2 2 2

 2 2 2

 2 2 2

 2 2 2

 2 2 2

 2 2 2

 2 2 2

 2 2 2

 2 2 2

 2 2 2

 2 2 2

 2 2 2

 2 2 2

 2 2 2

 2 2 2

 2 2 2

 2 2 2

 2 2 2

 2 2 2

 2 2 2

 2 2 2

 2 2 2

 9 9 9

 9 9 9

 9 9 9

 9 9 9

 9 9 9

 9 9 9

 2 2 2

 2 2 2

 2 2 2

 2 2 2

 2 2 2

 2 2 2

 2 2 2

 2 2 2

 2 2 2

 2 2 2

 2 2 2

 2 2 2

 2 2 2

 2 2 2

 2 2 2

 2 2 2

 2 2 2

 2 2 2

 2 2 2

 2 2 2

 2 2 2

 2 2 2

 2 2 2

 2 2 2

 9 9 9

 9 9 9

 9 9 9

 9 9 9

 9 9 9

 9 9 9

 2 2 2

 2 2 2

 2 2 2

 2 2 2

 2 2 2

 2 2 2

 2 2 2

 2 2 2

 2 2 2

 2 2 2

 2 2 2

 2 2 2

 2 2 2

 2 2 2

 2 2 2

 2 2 2

 2 2 2

 2 2 2

 2 2 2

 2 2 2

 2 2 2

 2 2 2

 9 9 9

 9 9 9

 9 9 9

 9 9 9

 9 9 9

 9 9 9

 9 9 9

 9 9 9

 2 2 2

 2 2 2

 2 2 2

 2 2 2

 2 2 2

 2 2 2

 2 2 2

 2 2 2

 9 9 9

 9 9 9

 9 9 9

 9 9 9

 9 9 9

 9 9 9

 9 9 9

 9 9 9

 2 2 2

 2 2 2

 2 2 2

 2 2 2

 2 2 2

 2 2 2

 2 2 2

 2 2 2

 2 2 2

 2 2 2

 2 2 2

 2 2 2

 2 2 2

 2 2 2

 2 2 2

 2 2 2

 2 2 2

 2 2 2

 2 2 2

 2 2 2

 2 2 2

 2 2 2

 2 2 2

 2 2 2

 3 3 3

 3 3 3

 3 3 3

 3 3 3

 3 3 3

 3 3 3

 3 3 3

 3 3 3

 3 3 3

 3 3 3

 3 3 3

 3 3 3

 3 3 3

 3 3 3

 3 3 3

 3 3 3

 3 3 3

 3 3 3

 3 3 3

 3 3 3

 3 3 3

 3 3 3

 3 3 3

 3 3 3

 3 3 3

 3 3 3

 3 3 3

 3 3 3

 3 3 3

 3 3 3

 3 3 3

 3 3 3

 2 2 2

 2 2 2

 2 2 2

 2 2 2

 2 2 2

 2 2 2

 2 2 2

 2 2 2

 2 2 2

 2 2 2

 2 2 2

 2 2 2

 2 2 2

 2 2 2

 2 2 2

 2 2 2

 2 2 2

 2 2 2

 2 2 2

 2 2 2

 2 2 2

 2 2 2

 2 2 2

 2 2 2

 2 2 2

 2 2 2

 2 2 2

 2 2 2

 2 2 2

 2 2 2

 2 2 2

 2 2 2

 8 8 8

 8 8 8

 8 8 8

 8 8 8

 8 8 8

 8 8 8

 8 8 8

 8 8 8

 8 8 8

 8 8 8

 8 8 8

 8 8 8

 8 8 8

 8 8 8

 8 8 8

 8 8 8

 2 2 2

 2 2 2

 2 2 2

 2 2 2

 2 2 2

 2 2 2

 2 2 2

 2 2 2

 2 2 2

 2 2 2

 2 2 2

 2 2 2

 2 2 2

 2 2 2

 2 2 2

 2 2 2

 2 2 2

 2 2 2

 2 2 2

 2 2 2

 2 2 2

 2 2 2

 2 2 2

 2 2 2

 2 2 2

 2 2 2

 2 2 2

 2 2 2

 2 2 2

 2 2 2

 2 2 2

 2 2 2

 2 2 2

 2 2 2

 2 2 2

 2 2 2

 2 2 2

 2 2 2

 2 2 2

 2 2 2

 2 2 2

 2 2 2

 2 2 2

 2 2 2

 2 2 2

 2 2 2

 2 2 2

 2 2 2

 2 2 2

 2 2 2

 2 2 2

 2 2 2

 2 2 2

 2 2 2

 2 2 2

 2 2 2

 8 8 8

 8 8 8

 8 8 8

 8 8 8

 8 8 8

 8 8 8

 8 8 8

 8 8 8

 8 8 8

 8 8 8

 8 8 8

 8 8 8

 8 8 8

 8 8 8

 8 8 8

 8 8 8

 3 3 3

 3 3 3

 3 3 3

 3 3 3

 3 3 3

 3 3 3

 3 3 3

 3 3 3

 3 3 3

 3 3 3

 3 3 3

 3 3 3

 3 3 3

 3 3 3

 3 3 3

 3 3 3

 3 3 3

 3 3 3

 3 3 3

 3 3 3

 3 3 3

 3 3 3

 3 3 3

 3 3 3

 3 3 3

 3 3 3

 3 3 3

 3 3 3

 3 3 3

 3 3 3

 3 3 3

 3 3 3

 2 2 2

 2 2 2

 2 2 2

 2 2 2

 2 2 2

 2 2 2

 2 2 2

 2 2 2

 2 2 2

 2 2 2

 2 2 2

 2 2 2

 2 2 2

 2 2 2

 2 2 2

 2 2 2

 2 2 2

 2 2 2

 2 2 2

 2 2 2

 2 2 2

 2 2 2

 2 2 2

 2 2 2

 9 9 9

 9 9 9

 9 9 9

 9 9 9

 9 9 9

 9 9 9

 9 9 9

 9 9 9

 9 9 9

 9 9 9

 9 9 9

 9 9 9

 9 9 9

 9 9 9

 9 9 9

 9 9 9

 9 9 9

 9 9 9

 9 9 9

 9 9 9

 9 9 9

 9 9 9

 9 9 9

 9 9 9

 8 8 8

 8 8 8

 8 8 8

 8 8 8

 8 8 8

 8 8 8

 8 8 8

 8 8 8

 2 2 2

 2 2 2

 2 2 2

 2 2 2

 2 2 2

 2 2 2

 2 2 2

 2 2 2

 2 2 2

 2 2 2

 2 2 2

 2 2 2

 2 2 2

 2 2 2

 2 2 2

 2 2 2

 2 2 2

 2 2 2

 2 2 2

 2 2 2

 2 2 2

 2 2 2

 2 2 2

 2 2 2

 3 3 3

 3 3 3

 3 3 3

 3 3 3

 3 3 3

 3 3 3

 9 9 9

 9 9 9

 9 9 9

 9 9 9

 9 9 9

 9 9 9

 9 9 9

 9 9 9

 9 9 9

 9 9 9

 9 9 9

 9 9 9

 9 9 9

 9 9 9

 9 9 9

 9 9 9

 2 2 2

 2 2 2

 2 2 2

 2 2 2

 2 2 2

 2 2 2

 2 2 2

 2 2 2

 2 2 2

 2 2 2

 2 2 2

 2 2 2

 2 2 2

 2 2 2

 2 2 2

 2 2 2

 2 2 2

 2 2 2

 2 2 2

 2 2 2

 2 2 2

 2 2 2

 2 2 2

 2 2 2

 3 3 3

 3 3 3

 3 3 3

 3 3 3

 3 3 3

 3 3 3

 3 3 3

 3 3 3

 2 2 2

 2 2 2

 2 2 2

 2 2 2

 2 2 2

 2 2 2

 2 2 2

 2 2 2

 2 2 2

 2 2 2

 2 2 2

 2 2 2

 2 2 2

 2 2 2

 2 2 2

 2 2 2

 2 2 2

 2 2 2

 2 2 2

 2 2 2

 2 2 2

 2 2 2

 2 2 2

 2 2 2

 2 2 2

 2 2 2

 2 2 2

 2 2 2

 2 2 2

 2 2 2

 2 2 2

 2 2 2

 3 3 3

 3 3 3

 3 3 3

 3 3 3

 3 3 3

 3 3 3

 3 3 3

 3 3 3

 3 3 3

 3 3 3

 3 3 3

 3 3 3

 3 3 3

 3 3 3

 3 3 3

 3 3 3

 3 3 3

 3 3 3

 3 3 3

 3 3 3

 3 3 3

 3 3 3

 3 3 3

 3 3 3

 3 3 3

 3 3 3

 3 3 3

 3 3 3

 3 3 3

 3 3 3

 3 3 3

 3 3 3

 3 3 3

 3 3 3

 3 3 3

 3 3 3

 3 3 3

 3 3 3

 3 3 3

 3 3 3

 3 3 3

 3 3 3

 3 3 3

 3 3 3

 3 3 3

 3 3 3

 3 3 3

 3 3 3

 3 3 3

 3 3 3

 3 3 3

 3 3 3

 3 3 3

 3 3 3

 3 3 3

 3 3 3

 2 2 2

 2 2 2

 2 2 2

 2 2 2

 2 2 2

 2 2 2

 2 2 2

 2 2 2

 2 2 2

 2 2 2

 2 2 2

 2 2 2

 2 2 2

 2 2 2

 2 2 2

 2 2 2

 2 2 2

 2 2 2

 2 2 2

 2 2 2

 2 2 2

 2 2 2

 2 2 2

 2 2 2

 2 2 2

 2 2 2

 2 2 2

 2 2 2

 2 2 2

 2 2 2

 2 2 2

 2 2 2

 2 2 2

 2 2 2

 2 2 2

 2 2 2

 2 2 2

 2 2 2

 2 2 2

 2 2 2

 2 2 2

 2 2 2

 2 2 2

 2 2 2

 2 2 2

 2 2 2

 2 2 2

 2 2 2

 2 2 2

 2 2 2

 2 2 2

 2 2 2

 2 2 2

 2 2 2

 2 2 2

 2 2 2

 8 8 8

 8 8 8

 8 8 8

 8 8 8

 8 8 8

 8 8 8

 8 8 8

 8 8 8

 8 8 8

 8 8 8

 8 8 8

 8 8 8

 8 8 8

 8 8 8

 8 8 8

 8 8 8

 8 8 8

 8 8 8

 8 8 8

 8 8 8

 2 2 2

 2 2 2

 2 2 2

 2 2 2

 2 2 2

 2 2 2

 2 2 2

 2 2 2

 2 2 2

 2 2 2

 2 2 2

 2 2 2

 2 2 2

 2 2 2

 2 2 2

 2 2 2

 2 2 2

 2 2 2

 2 2 2

 2 2 2

 2 2 2

 2 2 2

 2 2 2

 2 2 2

 2 2 2

 2 2 2

 2 2 2

 2 2 2

 2 2 2

 2 2 2

 2 2 2

 2 2 2

 2 2 2

 2 2 2

 2 2 2

 2 2 2

 2 2 2

 2 2 2

 2 2 2

 2 2 2

 2 2 2

 2 2 2

 2 2 2

 2 2 2

 2 2 2

 2 2 2

 2 2 2

 2 2 2

 2 2 2

 2 2 2

 2 2 2

 2 2 2

 2 2 2

 2 2 2

 2 2 2

 2 2 2

 2 2 2

 2 2 2

 2 2 2

 2 2 2

 2 2 2

 2 2 2

 2 2 2

 2 2 2

 6 6 6

 6 6 6

 6 6 6

 6 6 6

 6 6 6

 6 6 6

 6 6 6

 6 6 6

 6 6 6

 6 6 6

 6 6 6

 6 6 6

 6 6 6

 6 6 6

 6 6 6

 6 6 6

 6 6 6

 6 6 6

 6 6 6

 6 6 6

 6 6 6

 6 6 6

 6 6 6

 6 6 6

 6 6 6

 6 6 6

 6 6 6

 6 6 6

 6 6 6

 6 6 6

 6 6 6

 6 6 6

 6 6 6

 6 6 6

 6 6 6

 6 6 6

 6 6 6

 6 6 6

 6 6 6

 6 6 6

 10 10 10

 10 10 10

 10 10 10

 10 10 10

 10 10 10

 10 10 10

 10 10 10

 10 10 10

 10 10 10

 10 10 10

 10 10 10

 10 10 10

 2 2 2

 2 2 2

 2 2 2

 2 2 2

 2 2 2

 2 2 2

 2 2 2

 2 2 2

 2 2 2

 2 2 2

 2 2 2

 2 2 2

 2 2 2

 2 2 2

 2 2 2

 2 2 2

 2 2 2

 2 2 2

 2 2 2

 2 2 2

 2 2 2

 2 2 2

 2 2 2

 2 2 2

 2 2 2

 2 2 2

 2 2 2

 2 2 2

 2 2 2

 2 2 2

 2 2 2

 2 2 2

 2 2 2

 2 2 2

 2 2 2

 2 2 2

 2 2 2

 2 2 2

 2 2 2

 2 2 2

 8 8 8

 8 8 8

 8 8 8

 8 8 8

 8 8 8

 8 8 8

 8 8 8

 8 8 8

 8 8 8

 8 8 8

 8 8 8

 8 8 8

 8 8 8

 8 8 8

 8 8 8

 8 8 8

 8 8 8

 8 8 8

 8 8 8

 8 8 8

 8 8 8

 8 8 8

 8 8 8

 8 8 8

 8 8 8

 8 8 8

 8 8 8

 8 8 8

 8 8 8

 8 8 8

 8 8 8

 8 8 8

 8 8 8

 8 8 8

 8 8 8

 8 8 8

 8 8 8

 8 8 8

 8 8 8

 8 8 8

 8 8 8

 8 8 8

 8 8 8

 8 8 8

 8 8 8

 8 8 8

 8 8 8

 8 8 8

 8 8 8

 8 8 8

 8 8 8

 8 8 8

 8 8 8

 8 8 8

 8 8 8

 8 8 8

 8 8 8

 8 8 8

 8 8 8

 8 8 8

 8 8 8

 8 8 8

 8 8 8

 8 8 8

 8 8 8

 8 8 8

 8 8 8

 8 8 8

 8 8 8

 8 8 8

 8 8 8

 8 8 8

 8 8 8

 8 8 8

 8 8 8

 8 8 8

 8 8 8

 8 8 8

 8 8 8

 8 8 8

 8 8 8

 8 8 8

 8 8 8

 8 8 8

 8 8 8

 8 8 8

 8 8 8

 8 8 8

 8 8 8

 8 8 8

 8 8 8

 8 8 8

 8 8 8

 8 8 8

 8 8 8

 8 8 8

 8 8 8

 8 8 8

 8 8 8

 8 8 8

 8 8 8

 8 8 8

 8 8 8

 8 8 8

 8 8 8

 8 8 8

 8 8 8

 8 8 8

 8 8 8

 8 8 8

 8 8 8

 8 8 8

 8 8 8

 8 8 8

 8 8 8

 8 8 8

 8 8 8

 8 8 8

 8 8 8

 8 8 8

 8 8 8

 8 8 8

 8 8 8

 8 8 8

 8 8 8

 8 8 8

 8 8 8

 8 8 8

 8 8 8

 8 8 8

 8 8 8

 8 8 8

 8 8 8

 8 8 8

 8 8 8

 8 8 8

 8 8 8

 8 8 8

 8 8 8

 8 8 8

 8 8 8

 8 8 8

 8 8 8

 8 8 8

 8 8 8

 8 8 8

 8 8 8

 8 8 8

 8 8 8

 8 8 8

 8 8 8

 8 8 8

 8 8 8

 8 8 8

 8 8 8

 8 8 8

 8 8 8

 8 8 8

 8 8 8

 8 8 8

 8 8 8

 8 8 8

 8 8 8

 8 8 8

 8 8 8

 8 8 8

 8 8 8

 8 8 8

 10 10 10

 10 10 10

 10 10 10

 10 10 10

 10 10 10

 10 10 10

 10 10 10

 10 10 10

 10 10 10

 10 10 10

 10 10 10

 10 10 10

 10 10 10

 10 10 10

 10 10 10

 10 10 10

 10 10 10

 10 10 10

 10 10 10

 10 10 10

 10 10 10

 10 10 10

 10 10 10

 10 10 10

 10 10 10

 10 10 10

 10 10 10

 10 10 10

 10 10 10

 10 10 10

 10 10 10

 10 10 10

 10 10 10

 10 10 10

 10 10 10

 10 10 10

 10 10 10

 10 10 10

 10 10 10

 10 10 10

 10 10 10

 10 10 10

 10 10 10

 10 10 10

 10 10 10

 10 10 10

 10 10 10

 10 10 10

 10 10 10

 10 10 10

 10 10 10

 10 10 10

 9 9 9

 9 9 9

 9 9 9

 9 9 9

 9 9 9

 9 9 9

 9 9 9

 9 9 9

 9 9 9

 9 9 9

 9 9 9

 9 9 9

 9 9 9

 9 9 9

 9 9 9

 9 9 9

 9 9 9

 9 9 9

 9 9 9

 9 9 9

 9 9 9

 9 9 9

 9 9 9

 9 9 9

 9 9 9

 9 9 9

 9 9 9

 9 9 9

 10 10 10

 10 10 10

 10 10 10

 10 10 10

 10 10 10

 10 10 10

 10 10 10

 10 10 10

 10 10 10

 10 10 10

 10 10 10

 10 10 10

 10 10 10

 10 10 10

 10 10 10

 10 10 10

 10 10 10

 10 10 10

 10 10 10

 10 10 10

 10 10 10

 10 10 10

 10 10 10

 10 10 10

 10 10 10

 10 10 10

 10 10 10

 10 10 10

 10 10 10

 10 10 10

 10 10 10

 10 10 10

 10 10 10

 10 10 10

 10 10 10

 10 10 10

 10 10 10

 10 10 10

 10 10 10

 10 10 10

 10 10 10

 10 10 10

 10 10 10

 10 10 10

 10 10 10

 10 10 10

 10 10 10

 10 10 10

 10 10 10

 10 10 10

 10 10 10

 10 10 10

 10 10 10

 10 10 10

 10 10 10

 10 10 10

 10 10 10

 10 10 10

 10 10 10

 10 10 10

 10 10 10

 10 10 10

 10 10 10

 10 10 10

 10 10 10

 10 10 10

 10 10 10

 10 10 10

 10 10 10

 10 10 10

 10 10 10

 10 10 10

 10 10 10

 10 10 10

 10 10 10

 10 10 10

 10 10 10

 10 10 10

 10 10 10

 10 10 10

 10 10 10

 10 10 10

 10 10 10

 10 10 10

 10 10 10

 10 10 10

 10 10 10

 10 10 10

 10 10 10

 10 10 10

 10 10 10

 10 10 10

 10 10 10

 10 10 10

 10 10 10

 10 10 10

 10 10 10

 10 10 10

 10 10 10

 10 10 10

 10 10 10

 10 10 10

 10 10 10

 10 10 10

 10 10 10

 10 10 10

 10 10 10

 10 10 10

 10 10 10

 10 10 10

 10 10 10

 10 10 10

 10 10 10

 10 10 10

 10 10 10

 10 10 10

 10 10 10

 10 10 10

 10 10 10

 10 10 10

 10 10 10

 10 10 10

 10 10 10

 10 10 10

 10 10 10

 10 10 10

 10 10 10

 10 10 10

 10 10 10

 10 10 10

 10 10 10

 10 10 10

 10 10 10

 10 10 10

 10 10 10

 10 10 10

 10 10 10

 10 10 10

 10 10 10

 10 10 10

 10 10 10

 10 10 10

 10 10 10

 10 10 10

 10 10 10

 10 10 10

 10 10 10

 10 10 10

 10 10 10

 10 10 10

 10 10 10

 10 10 10

 10 10 10

 10 10 10

 10 10 10

 10 10 10

 10 10 10

 10 10 10

 10 10 10

 10 10 10

 10 10 10

 10 10 10

 10 10 10

 10 10 10

 10 10 10

 10 10 10

 10 10 10

 10 10 10

 10 10 10

 10 10 10

 10 10 10

 10 10 10

 10 10 10

 10 10 10

 10 10 10

 10 10 10

 10 10 10

 10 10 10

 10 10 10

 10 10 10

 10 10 10

 10 10 10

 10 10 10

 10 10 10

 10 10 10

 10 10 10

 10 10 10

 10 10 10

 10 10 10

 10 10 10

 10 10 10

 10 10 10

 10 10 10

 10 10 10

 10 10 10

 10 10 10

 10 10 10

 10 10 10

 10 10 10

 10 10 10

 10 10 10

 10 10 10

 10 10 10

 10 10 10

 10 10 10

 10 10 10

 10 10 10

 10 10 10

 10 10 10

 10 10 10

 10 10 10

 10 10 10

 10 10 10

 10 10 10

 10 10 10

 10 10 10

 10 10 10

 10 10 10

 10 10 10

 10 10 10

 10 10 10

 10 10 10

 10 10 10

 10 10 10

 10 10 10

 10 10 10

 10 10 10

 10 10 10

 10 10 10

 10 10 10

 10 10 10

 10 10 10

 0 0 0

 0 0 0

 0 0 0

 0 0 0

 0 0 0

 0 0 0

 1 1 1

 1 1 1

 0 0 0

 0 0 0

 0 0 0

 0 0 0

 0 0 0

 0 0 0

 0 0 0

 0 0 0

 0 0 0

 0 0 0

 0 0 0

 0 0 0

 0 0 0

 0 0 0

 0 0 0

 0 0 0

 1 1 1

 1 1 1

 1 1 1

 1 1 1

 1 1 1

 1 1 1

 1 1 1

 1 1 1

 0 0 0

 0 0 0

 0 0 0

 0 0 0

 0 0 0

 0 0 0

 0 0 0

 0 0 0

 1 1 1

 1 1 1

 1 1 1

 1 1 1

 1 1 1

 1 1 1

 1 1 1

 1 1 1

 1 1 1

 1 1 1

 1 1 1

 1 1 1

 1 1 1

 1 1 1

 1 1 1

 1 1 1

 1 1 1

 1 1 1

 1 1 1

 1 1 1

 1 1 1

 1 1 1

 1 1 1

 1 1 1

 0 0 0

 0 0 0

 0 0 0

 0 0 0

 0 0 0

 0 0 0

 0 0 0

 0 0 0

 1 1 1

 1 1 1

 1 1 1

 1 1 1

 1 1 1

 1 1 1

 1 1 1

 1 1 1

 1 1 1

 1 1 1

 1 1 1

 1 1 1

 2 2 2

 2 2 2

 2 2 2

 2 2 2

 2 2 2

 2 2 2

 2 2 2

 2 2 2

 2 2 2

 2 2 2

 2 2 2

 2 2 2

 2 2 2

 2 2 2

 2 2 2

 2 2 2

 0 0 0

 0 0 0

 0 0 0

 0 0 0

 0 0 0

 0 0 0

 2 2 2

 2 2 2

 2 2 2

 2 2 2

 2 2 2

 2 2 2

 2 2 2

 2 2 2

 0 0 0

 0 0 0

 0 0 0

 0 0 0

 2 2 2

 2 2 2

 2 2 2

 2 2 2

 2 2 2

 2 2 2

 2 2 2

 2 2 2

 2 2 2

 2 2 2

 2 2 2

 2 2 2

 2 2 2

 2 2 2

 2 2 2

 2 2 2

 0 0 0

 0 0 0

 0 0 0

 0 0 0

 0 0 0

 0 0 0

 0 0 0

 0 0 0

 0 0 0

 0 0 0

 11 11 11

 11 11 11

 11 11 11

 11 11 11

 2 2 2

 2 2 2

 2 2 2

 2 2 2

 11 11 11

 11 11 11

 11 11 11

 11 11 11

 2 2 2

 2 2 2

 2 2 2

 2 2 2

 11 11 11

 11 11 11

 11 11 11

 11 11 11

 2 2 2

 2 2 2

 11 11 11

 11 11 11

 1 1 1

 1 1 1

 1 1 1

 1 1 1

 1 1 1

 1 1 1

 1 1 1

 1 1 1

 1 1 1

 1 1 1

 0 0 0

 0 0 0

 0 0 0

 0 0 0

 0 0 0

 0 0 0

 2 2 2

 2 2 2

 11 11 11

 11 11 11

 2 2 2

 2 2 2

 11 11 11

 11 11 11

 11 11 11

 11 11 11

 2 2 2

 2 2 2

 2 2 2

 2 2 2

 11 11 11

 11 11 11

 2 2 2

 2 2 2

 2 2 2

 2 2 2

 2 2 2

 2 2 2

 11 11 11

 11 11 11

 2 2 2

 2 2 2

 11 11 11

 11 11 11

 11 11 11

 11 11 11

 11 11 11

 11 11 11

 11 11 11

 11 11 11

 11 11 11

 11 11 11

 0 0 0

 0 0 0

 0 0 0

 0 0 0

 11 11 11

 11 11 11

 11 11 11

 11 11 11

 11 11 11

 11 11 11

 11 11 11

 11 11 11

 0 0 0

 0 0 0

 0 0 0

 0 0 0

 0 0 0

 0 0 0

 0 0 0

 0 0 0

 11 11 11

 11 11 11

 11 11 11

 11 11 11

 11 11 11

 11 11 11

 11 11 11

 11 11 11

 0 0 0

 0 0 0

 0 0 0

 0 0 0

 0 0 0

 0 0 0

 0 0 0

 0 0 0

 11 11 11

 11 11 11

 11 11 11

 11 11 11

 11 11 11

 11 11 11

 11 11 11

 11 11 11

 11 11 11

 11 11 11

 11 11 11

 11 11 11

 11 11 11

 11 11 11

 11 11 11

 11 11 11

 0 0 0

 0 0 0

 0 0 0

 0 0 0

 0 0 0

 0 0 0

 0 0 0

 0 0 0

 0 0 0

 0 0 0

 11 11 11

 11 11 11

 11 11 11

 11 11 11

 11 11 11

 11 11 11

 2 2 2

 2 2 2

 2 2 2

 2 2 2

 11 11 11

 11 11 11

 11 11 11

 11 11 11

 2 2 2

 2 2 2

 11 11 11

 11 11 11

 11 11 11

 11 11 11

 11 11 11

 11 11 11

 2 2 2

 2 2 2

 0 0 0

 0 0 0

 0 0 0

 0 0 0

 0 0 0

 0 0 0

 0 0 0

 0 0 0

 0 0 0

 0 0 0

 0 0 0

 0 0 0

 0 0 0

 0 0 0

 0 0 0

 0 0 0

 2 2 2

 2 2 2

 11 11 11

 11 11 11

 2 2 2

 2 2 2

 11 11 11

 11 11 11

 11 11 11

 11 11 11

 2 2 2

 2 2 2

 2 2 2

 2 2 2

 11 11 11

 11 11 11

 11 11 11

 11 11 11

 11 11 11

 11 11 11

 11 11 11

 11 11 11

 11 11 11

 11 11 11

 11 11 11

 11 11 11

 11 11 11

 11 11 11

 2 2 2

 2 2 2

 2 2 2

 2 2 2

 2 2 2

 2 2 2

 2 2 2

 2 2 2

 2 2 2

 2 2 2

 2 2 2

 2 2 2

 2 2 2

 2 2 2

 2 2 2

 2 2 2

 2 2 2

 2 2 2

 2 2 2

 2 2 2

 2 2 2

 2 2 2

 2 2 2

 2 2 2

 2 2 2

 2 2 2

 2 2 2

 2 2 2

 2 2 2

 2 2 2

 2 2 2

 2 2 2

 2 2 2

 2 2 2

 2 2 2

 2 2 2

 2 2 2

 2 2 2

 2 2 2

 2 2 2

 2 2 2

 2 2 2

 2 2 2

 2 2 2

 2 2 2

 2 2 2

 2 2 2

 2 2 2

 0 0 0

 0 0 0

 11 11 11

 11 11 11

 2 2 2

 2 2 2

 0 0 0

 0 0 0

 0 0 0

 0 0 0

 2 2 2

 2 2 2

 2 2 2

 2 2 2

 2 2 2

 2 2 2

 2 2 2

 2 2 2

 11 11 11

 11 11 11

 2 2 2

 2 2 2

 11 11 11

 11 11 11

 0 0 0

 0 0 0

 0 0 0

 0 0 0

 0 0 0

 0 0 0

 0 0 0

 0 0 0

 0 0 0

 0 0 0

 1 1 1

 1 1 1

 2 2 2

 2 2 2

 2 2 2

 2 2 2

 2 2 2

 2 2 2

 11 11 11

 11 11 11

 2 2 2

 2 2 2

 2 2 2

 2 2 2

 2 2 2

 2 2 2

 11 11 11

 11 11 11

 2 2 2

 2 2 2

 2 2 2

 2 2 2

 11 11 11

 11 11 11

 11 11 11

 11 11 11

 11 11 11

 11 11 11

 11 11 11

 11 11 11

 2 2 2

 2 2 2

 2 2 2

 2 2 2

 2 2 2

 2 2 2

 2 2 2

 2 2 2

 0 0 0

 0 0 0

 0 0 0

 0 0 0

 2 2 2

 2 2 2

 0 0 0

 0 0 0

 2 2 2

 2 2 2

 11 11 11

 11 11 11

 11 11 11

 11 11 11

 11 11 11

 11 11 11

 11 11 11

 11 11 11

 11 11 11

 11 11 11

 2 2 2

 2 2 2

 2 2 2

 2 2 2

 2 2 2

 2 2 2

 2 2 2

 2 2 2

 2 2 2

 2 2 2

 11 11 11

 11 11 11

 11 11 11

 11 11 11

 2 2 2

 2 2 2

 2 2 2

 2 2 2

 11 11 11

 11 11 11

 11 11 11

 11 11 11

 2 2 2

 2 2 2

 2 2 2

 2 2 2

 1 1 1

 1 1 1

 0 0 0

 0 0 0

 11 11 11

 11 11 11

 11 11 11

 11 11 11

 0 0 0

 0 0 0

 1 1 1

 1 1 1

 0 0 0

 0 0 0

 0 0 0

 0 0 0

 2 2 2

 2 2 2

 11 11 11

 11 11 11

 2 2 2

 2 2 2

 2 2 2

 2 2 2

 2 2 2

 2 2 2

 11 11 11

 11 11 11

 2 2 2

 2 2 2

 2 2 2

 2 2 2

 11 11 11

 11 11 11

 2 2 2

 2 2 2

 11 11 11

 11 11 11

 11 11 11

 11 11 11

 11 11 11

 11 11 11

 11 11 11

 11 11 11

 0 0 0

 0 0 0

 0 0 0

 0 0 0

 2 2 2

 2 2 2

 2 2 2

 2 2 2

 0 0 0

 0 0 0

 0 0 0

 0 0 0

 2 2 2

 2 2 2

 2 2 2

 2 2 2

 2 2 2

 2 2 2

 2 2 2

 2 2 2

 2 2 2

 2 2 2

 11 11 11

 11 11 11

 2 2 2

 2 2 2

 2 2 2

 2 2 2

 2 2 2

 2 2 2

 2 2 2

 2 2 2

 2 2 2

 2 2 2

 1 1 0

 1 0 0

 0 0 0

 0 0 0

 0 0 0

 0 0 0

 0 0 1

 0 1 1

 0 0 0

 0 0 0

 0 0 0

 0 0 0

 0 0 0

 0 0 0

 0 0 0

 0 0 0

 1 1 1

 1 1 1

 1 1 1

 1 1 1

 0 0 0

 0 0 0

 0 0 0

 0 0 0

 0 0 0

 0 0 0

 0 0 0

 0 0 0

 0 0 0

 0 0 0

 0 0 0

 0 0 0

 0 0 0

 0 0 0

 0 0 0

 0 0 0

 1 1 1

 1 1 1

 0 0 0

 0 0 0

 0 0 0

 0 0 0

 0 0 0

 0 0 0

 0 0 0

 0 0 0

 0 0 0

 0 0 0

 0 0 0

 0 0 0

 0 0 0

 0 0 0

 1 1 1

 1 1 1

 0 0 0

 0 0 0

 0 0 0

 0 0 0

 0 0 0

 0 0 0

 0 0 0

 0 0 0

 0 0 0

 0 0 0

 0 0 0

 0 0 0

 1 1 1

 1 1 1

 2 2 2

 2 2 2

 2 2 2

 2 2 2

 2 2 2

 2 2 2

 2 2 2

 2 2 2

 11 11 11

 11 11 11

 11 11 11

 11 11 11

 11 11 11

 11 11 11

 2 2 2

 2 2 2

 2 2 2

 2 2 2

 11 11 11

 11 11 11

 0 0 0

 0 0 0

 0 0 0

 0 0 0

 0 0 0

 0 0 0

 0 0 0

 0 0 0

 0 0 0

 0 0 0

 0 0 0

 0 0 0

 0 0 0

 0 0 0

 0 0 0

 0 0 0

 0 0 0

 0 0 0

 0 0 0

 0 0 0

 0 0 0

 0 0 0

 0 0 0

 0 0 0

 0 0 1

 0 1 1

 0 0 0

 0 0 0

 1 0 0

 1 0 1

 0 0 0

 0 0 0

 0 0 0

 0 0 0

 0 0 0

 0 0 0

 0 0 0

 0 0 0

 0 0 0

 0 0 0

 0 0 0

 0 0 0

 0 0 0

 0 0 0

 0 0 0

 0 0 0

 0 0 0

 0 0 0

 0 0 0

 0 0 0

 2 2 2

 2 2 2

 2 2 2

 2 2 2

 11 11 11

 11 11 11

 11 11 11

 11 11 11

 2 2 2

 2 2 2

 2 2 2

 2 2 2

 2 2 2

 2 2 2

 2 2 2

 2 2 2

 2 2 2

 2 2 2

 11 11 11

 11 11 11

 2 2 2

 2 2 2

 11 11 11

 11 11 11

 2 2 2

 2 2 2

 11 11 11

 11 11 11

 2 2 2

 2 2 2

 2 2 2

 2 2 2

 0 0 0

 0 0 0

 0 0 0

 0 0 0

 0 0 0

 0 0 0

 0 0 0

 0 0 0

 0 0 0

 0 0 0

 0 0 0

 0 0 0

 0 0 0

 0 0 0

 0 0 0

 0 0 0

 0 0 0

 0 0 0

 11 11 11

 11 11 11

 11 11 11

 11 11 11

 11 11 11

 11 11 11

 11 11 11

 11 11 11

 11 11 11

 11 11 11

 11 11 11

 11 11 11

 11 11 11

 11 11 11

 11 11 11

 11 11 11

 11 11 11

 11 11 11

 11 11 11

 11 11 11

 11 11 11

 11 11 11

 11 11 11

 11 11 11

 7 7 7

 7 7 7

 7 7 7

 7 7 7

 7 7 7

 7 7 7

 7 7 7

 7 7 7

 7 7 7

 7 7 7

 7 7 7

 7 7 7

 7 7 7

 7 7 7

 7 7 7

 7 7 7

 7 7 7

 7 7 7

 7 7 7

 7 7 7

 7 7 7

 7 7 7

 7 7 7

 11 11 11

 11 11 11

 11 11 11

 11 11 11

 11 11 11

 11 11 11

 11 11 11

 11 11 11

 7 7 7

 7 7 7

 7 7 7

 7 7 7

 7 7 7

 11 11 11

 11 11 11

 11 11 11

 11 11 11

 11 11 11

 11 11 11

 11 11 11

 11 11 11

 11 11 11

 11 11 11

 11 11 11

 11 11 11

 11 11 11

 11 11 11

 11 11 11

 11 11 11

 11 11 11

 11 11 11

 11 11 11

 11 11 11

 11 11 11

 11 11 11

 11 11 11

 11 11 11

 11 11 11

 11 11 11

 11 11 11

 11 11 11

 11 11 11

 11 11 11

 11 11 11

 11 11 11

 11 11 11

 11 11 11

 11 11 11

 11 11 11

 11 11 11

 11 11 11

 11 11 11

 11 11 11

 11 11 11

 11 11 11

 11 11 11

 11 11 11

 11 11 11

 11 11 11

 11 11 11

 11 11 11

 11 11 11

 11 11 11

 11 11 11

 11 11 11

 11 11 11

 11 11 11

 11 11 11

 11 11 11

 11 11 11

 11 11 11

 11 11 11

 11 11 11

 11 11 11

 11 11 11

 11 11 11

 11 11 11

 11 11 11

 11 11 11

 11 11 11

 11 11 11

 11 11 11

 11 11 11

 11 11 11

 11 11 11

 11 11 11

 11 11 11

 11 11 11

 11 11 11

 11 11 11

 11 11 11

 11 11 11

 11 11 11

 11 11 11

 11 11 11

 11 11 11

 11 11 11

 11 11 11

 11 11 11

 11 11 11

 11 11 11

 11 11 11

 11 11 11

 11 11 11

 11 11 11

 11 11 11

 11 11 11

 11 11 11

 11 11 11

 7 7 7

 7 7 7

 7 7 7

 7 7 7

 7 7 7

 7 7 7

 7 7 7

 7 7 7

 7 7 7

 7 7 7

 7 7 7

 7 7 7

 7 7 7

 7 7 7

 7 7 7

 7 7 7

 7 7 7

 7 7 7

 7 7 7

 7 7 7

 7 7 7

 7 7 7

 7 7 7

 7 7 7

 7 7 7

 7 7 7

 7 7 7

 7 7 7

 7 7 7

 7 7 7

 7 7 7

 7 7 7

 7 7 7

 7 7 7

 7 7 7

 7 7 7

 7 7 7

 7 7 7

 7 7 7

 7 7 7

 7 7 7

 7 7 7

 7 7 7

 7 7 7

 7 7 7

 11 11 11

 11 11 11

 11 11 11

 11 11 11

 11 11 11

 11 11 11

 11 11 11

 11 11 11

 7 7 7

 7 7 7

 7 7 7

 7 7 7

 7 7 7

 7 7 7

 7 7 7

 7 7 7

 11 11 11

 11 11 11

 11 11 11

 11 11 11

 11 11 11

 11 11 11

 11 11 11

 11 11 11

 7 7 7

 7 7 7

 7 7 7

 7 7 7

 7 7 7

 7 7 7

 7 7 7

 7 7 7

 7 7 7

 7 7 7

 7 7 7

 7 7 7

 7 7 7

 7 7 7

 7 7 7

 7 7 7

 11 11 11

 11 11 11

 11 11 11

 11 11 11

 11 11 11

 11 11 11

 11 11 11

 11 11 11

 7 7 7

 7 7 7

 7 7 7

 7 7 7

 7 7 7

 7 7 7

 7 7 7

 7 7 7

 7 7 7

 7 7 7

 7 7 7

 7 7 7

 7 7 7

 7 7 7

 7 7 7

 7 7 7

 7 7 7

 11 11 11

 11 11 11

 11 11 11

 11 11 11

 11 11 11

 11 11 11

 11 11 11

 11 11 11

 2 2 2

 2 2 2

 2 2 2

 2 2 2

 2 2 2

 2 2 2

 2 2 2

 2 2 2

 2 2 2

 2 2 2

 11 11 11

 11 11 11

 2 2 2

 2 2 2

 2 2 2

 2 2 2

 2 2 2

 2 2 2

 2 2 2

 2 2 2

 2 2 2

 2 2 2

 2 2 2

 2 2 2

 2 2 2

 2 2 2

 2 2 2

 2 2 2

 2 2 2

 2 2 2

 2 2 2

 2 2 2

 11 11 11

 11 11 11

 2 2 2

 2 2 2

 11 11 11

 11 11 11

 11 11 11

 11 11 11

 2 2 2

 2 2 2

 2 2 2

 2 2 2

 2 2 2

 2 2 2

 2 2 2

 2 2 2

 2 2 2

 2 2 2

 11 11 11

 11 11 11

 2 2 2

 2 2 2

 2 2 2

 2 2 2

 2 2 2

 2 2 2

 2 2 2

 2 2 2

 2 2 2

 2 2 2

 2 2 2

 2 2 2

 2 2 2

 2 2 2

 2 2 2

 2 2 2

 2 2 2

 2 2 2

 11 11 11

 11 11 11

 11 11 11

 11 11 11

 2 2 2

 2 2 2

 11 11 11

 11 11 11

 2 2 2

 2 2 2

 2 2 2

 2 2 2

 2 2 2

 2 2 2

 2 2 2

 2 2 2

 11 11 11

 11 11 11

 2 2 2

 2 2 2

 2 2 2

 2 2 2

 11 11 11

 11 11 11

 2 2 2

 2 2 2

 7 7 7

 7 7 7

 7 7 7

 7 7 7

 7 7 7

 7 7 7

 7 7 7

 1 1 1

 1 1 1

 0 0 0

 0 0 0

 0 0 0

 0 0 0

 7 7 7

 7 7 7

 12 12 12

 12 12 12

 12 12 12

 7 7 7

 7 7 7

 7 7 7

 7 7 7

 7 7 7

 7 7 7

 7 7 7

 7 7 7

 7 7 7

 7 7 7

 7 7 7

 7 7 7

 7 7 7

 2 2 2

 2 2 2

 2 2 2

 2 2 2

 0 0 0

 0 0 0

 0 0 0

 0 0 0

 0 0 0

 0 0 0

 1 1 1

 1 1 1

 1 1 1

 1 1 1

 1 1 1

 1 1 1

 1 1 1

 1 1 1

 1 1 1

 1 1 1

 0 0 0

 0 0 0

 0 0 0

 0 0 0

 1 1 1

 1 1 1

 1 1 1

 1 1 1

 0 0 0

 0 0 0

 0 0 0

 0 0 0

 0 0 0

 0 0 0

 0 0 0

 0 0 0

 0 0 0

 0 0 0

 1 1 1

 1 1 1

 0 0 0

 0 0 0

 0 0 0

 0 0 0

 0 0 0

 0 0 0

 0 0 0

 0 0 0

 0 0 0

 0 0 0

 0 0 0

 0 0 0

 0 0 0

 0 0 0

 0 0 0

 0 0 0

 1 1 1

 1 1 1

 1 1 1

 1 1 1

 1 1 1

 1 1 1

 1 1 1

 1 1 1

 0 0 0

 0 0 0

 0 0 0

 0 0 0

 0 0 0

 0 0 0

 0 0 0

 0 0 0

 1 1 1

 1 1 1

 1 1 1

 1 1 1

 1 1 1

 1 1 1

 1 1 1

 1 1 1

 1 1 1

 1 1 1

 1 1 1

 1 1 1

 1 1 1

 1 1 1

 1 1 1

 1 1 1

 1 1 1

 1 1 1

 1 1 1

 1 1 1

 1 1 1

 1 1 1

 1 1 1

 1 1 1

 0 0 0

 0 0 0

 0 0 0

 0 0 0

 0 0 0

 0 0 0

 0 0 0

 0 0 0

 1 1 1

 1 1 1

 1 1 1

 1 1 1

 1 1 1

 1 1 1

 1 1 1

 1 1 1

 1 1 1

 1 1 1

 1 1 1

 1 1 1

 2 2 2

 2 2 2

 2 2 2

 2 2 2

 2 2 2

 2 2 2

 2 2 2

 2 2 2

 2 2 2

 2 2 2

 2 2 2

 2 2 2

 2 2 2

 2 2 2

 2 2 2

 2 2 2

 0 0 0

 0 0 0

 0 0 0

 0 0 0

 0 0 0

 0 0 0

 2 2 2

 2 2 2

 2 2 2

 2 2 2

 2 2 2

 2 2 2

 2 2 2

 2 2 2

 0 0 0

 0 0 0

 0 0 0

 0 0 0

 2 2 2

 2 2 2

 2 2 2

 2 2 2

 2 2 2

 2 2 2

 2 2 2

 2 2 2

 2 2 2

 2 2 2

 2 2 2

 2 2 2

 2 2 2

 2 2 2

 2 2 2

 2 2 2

 0 0 0

 0 0 0

 0 0 0

 0 0 0

 0 0 0

 0 0 0

 0 0 0

 0 0 0

 0 0 0

 0 0 0

 11 11 11

 11 11 11

 11 11 11

 11 11 11

 2 2 2

 2 2 2

 2 2 2

 2 2 2

 11 11 11

 11 11 11

 11 11 11

 11 11 11

 2 2 2

 2 2 2

 2 2 2

 2 2 2

 11 11 11

 11 11 11

 11 11 11

 11 11 11

 2 2 2

 2 2 2

 11 11 11

 11 11 11

 1 1 1

 1 1 1

 1 1 1

 1 1 1

 1 1 1

 1 1 1

 1 1 1

 1 1 1

 1 1 1

 1 1 1

 0 0 0

 0 0 0

 0 0 0

 0 0 0

 0 0 0

 0 0 0

 2 2 2

 2 2 2

 11 11 11

 11 11 11

 2 2 2

 2 2 2

 11 11 11

 11 11 11

 11 11 11

 11 11 11

 2 2 2

 2 2 2

 2 2 2

 2 2 2

 11 11 11

 11 11 11

 2 2 2

 2 2 2

 2 2 2

 2 2 2

 2 2 2

 2 2 2

 11 11 11

 11 11 11

 2 2 2

 2 2 2

 11 11 11

 11 11 11

 11 11 11

 11 11 11

 11 11 11

 11 11 11

 11 11 11

 11 11 11

 11 11 11

 11 11 11

 0 0 0

 0 0 0

 0 0 0

 0 0 0

 11 11 11

 11 11 11

 11 11 11

 11 11 11

 11 11 11

 11 11 11

 11 11 11

 11 11 11

 0 0 0

 0 0 0

 0 0 0

 0 0 0

 0 0 0

 0 0 0

 0 0 0

 0 0 0

 11 11 11

 11 11 11

 11 11 11

 11 11 11

 11 11 11

 11 11 11

 11 11 11

 11 11 11

 0 0 0

 0 0 0

 0 0 0

 0 0 0

 0 0 0

 0 0 0

 0 0 0

 0 0 0

 11 11 11

 11 11 11

 11 11 11

 11 11 11

 11 11 11

 11 11 11

 11 11 11

 11 11 11

 11 11 11

 11 11 11

 11 11 11

 11 11 11

 11 11 11

 11 11 11

 11 11 11

 11 11 11

 0 0 0

 0 0 0

 0 0 0

 0 0 0

 0 0 0

 0 0 0

 0 0 0

 0 0 0

 0 0 0

 0 0 0

 11 11 11

 11 11 11

 11 11 11

 11 11 11

 11 11 11

 11 11 11

 2 2 2

 2 2 2

 2 2 2

 2 2 2

 11 11 11

 11 11 11

 11 11 11

 11 11 11

 2 2 2

 2 2 2

 11 11 11

 11 11 11

 11 11 11

 11 11 11

 11 11 11

 11 11 11

 2 2 2

 2 2 2

 0 0 0

 0 0 0

 0 0 0

 0 0 0

 0 0 0

 0 0 0

 0 0 0

 0 0 0

 0 0 0

 0 0 0

 0 0 0

 0 0 0

 0 0 0

 0 0 0

 0 0 0

 0 0 0

 2 2 2

 2 2 2

 11 11 11

 11 11 11

 2 2 2

 2 2 2

 11 11 11

 11 11 11

 11 11 11

 11 11 11

 2 2 2

 2 2 2

 2 2 2

 2 2 2

 11 11 11

 11 11 11

 11 11 11

 11 11 11

 11 11 11

 11 11 11

 11 11 11

 11 11 11

 11 11 11

 11 11 11

 11 11 11

 11 11 11

 11 11 11

 11 11 11

 2 2 2

 2 2 2

 2 2 2

 2 2 2

 2 2 2

 2 2 2

 2 2 2

 2 2 2

 2 2 2

 2 2 2

 2 2 2

 2 2 2

 2 2 2

 2 2 2

 2 2 2

 2 2 2

 2 2 2

 2 2 2

 2 2 2

 2 2 2

 2 2 2

 2 2 2

 2 2 2

 2 2 2

 2 2 2

 2 2 2

 2 2 2

 2 2 2

 2 2 2

 2 2 2

 2 2 2

 2 2 2

 2 2 2

 2 2 2

 2 2 2

 2 2 2

 2 2 2

 2 2 2

 2 2 2

 2 2 2

 2 2 2

 2 2 2

 2 2 2

 2 2 2

 2 2 2

 2 2 2

 2 2 2

 2 2 2

 0 0 0

 0 0 0

 11 11 11

 11 11 11

 2 2 2

 2 2 2

 0 0 0

 0 0 0

 0 0 0

 0 0 0

 2 2 2

 2 2 2

 2 2 2

 2 2 2

 2 2 2

 2 2 2

 2 2 2

 2 2 2

 11 11 11

 11 11 11

 2 2 2

 2 2 2

 11 11 11

 11 11 11

 0 0 0

 0 0 0

 0 0 0

 0 0 0

 0 0 0

 0 0 0

 0 0 0

 0 0 0

 0 0 0

 0 0 0

 1 1 1

 1 1 1

 2 2 2

 2 2 2

 2 2 2

 2 2 2

 2 2 2

 2 2 2

 11 11 11

 11 11 11

 2 2 2

 2 2 2

 2 2 2

 2 2 2

 2 2 2

 2 2 2

 11 11 11

 11 11 11

 2 2 2

 2 2 2

 2 2 2

 2 2 2

 11 11 11

 11 11 11

 11 11 11

 11 11 11

 11 11 11

 11 11 11

 11 11 11

 11 11 11

 2 2 2

 2 2 2

 2 2 2

 2 2 2

 2 2 2

 2 2 2

 2 2 2

 2 2 2

 0 0 0

 0 0 0

 0 0 0

 0 0 0

 2 2 2

 2 2 2

 0 0 0

 0 0 0

 2 2 2

 2 2 2

 11 11 11

 11 11 11

 11 11 11

 11 11 11

 11 11 11

 11 11 11

 11 11 11

 11 11 11

 11 11 11

 11 11 11

 2 2 2

 2 2 2

 2 2 2

 2 2 2

 2 2 2

 2 2 2

 2 2 2

 2 2 2

 2 2 2

 2 2 2

 11 11 11

 11 11 11

 11 11 11

 11 11 11

 2 2 2

 2 2 2

 2 2 2

 2 2 2

 11 11 11

 11 11 11

 11 11 11

 11 11 11

 2 2 2

 2 2 2

 2 2 2

 2 2 2

 1 1 1

 1 1 1

 0 0 0

 0 0 0

 11 11 11

 11 11 11

 11 11 11

 11 11 11

 0 0 0

 0 0 0

 1 1 1

 1 1 1

 0 0 0

 0 0 0

 0 0 0

 0 0 0

 2 2 2

 2 2 2

 11 11 11

 11 11 11

 2 2 2

 2 2 2

 2 2 2

 2 2 2

 2 2 2

 2 2 2

 11 11 11

 11 11 11

 2 2 2

 2 2 2

 2 2 2

 2 2 2

 11 11 11

 11 11 11

 2 2 2

 2 2 2

 11 11 11

 11 11 11

 11 11 11

 11 11 11

 11 11 11

 11 11 11

 11 11 11

 11 11 11

 0 0 0

 0 0 0

 0 0 0

 0 0 0

 2 2 2

 2 2 2

 2 2 2

 2 2 2

 0 0 0

 0 0 0

 0 0 0

 0 0 0

 2 2 2

 2 2 2

 2 2 2

 2 2 2

 2 2 2

 2 2 2

 2 2 2

 2 2 2

 2 2 2

 2 2 2

 11 11 11

 11 11 11

 2 2 2

 2 2 2

 2 2 2

 2 2 2

 2 2 2

 2 2 2

 2 2 2

 2 2 2

 2 2 2

 2 2 2

 1 0 0

 1 0 1

 0 0 0

 0 0 0

 0 0 0

 0 0 0

 0 1 1

 0 1 0

 0 0 0

 0 0 0

 0 0 0

 0 0 0

 0 0 0

 0 0 0

 0 0 0

 0 0 0

 1 1 1

 1 1 1

 1 1 1

 1 1 1

 0 0 0

 0 0 0

 0 0 0

 0 0 0

 0 0 0

 0 0 0

 0 0 0

 0 0 0

 0 0 0

 0 0 0

 0 0 0

 0 0 0

 0 0 0

 0 0 0

 0 0 0

 0 0 0

 1 1 1

 1 1 1

 0 0 0

 0 0 0

 0 0 0

 0 0 0

 0 0 0

 0 0 0

 0 0 0

 0 0 0

 0 0 0

 0 0 0

 0 0 0

 0 0 0

 0 0 0

 0 0 0

 1 1 1

 1 1 1

 0 0 0

 0 0 0

 0 0 0

 0 0 0

 0 0 0

 0 0 0

 0 0 0

 0 0 0

 0 0 0

 0 0 0

 0 0 0

 0 0 0

 1 1 1

 1 1 1

 2 2 2

 2 2 2

 2 2 2

 2 2 2

 2 2 2

 2 2 2

 2 2 2

 2 2 2

 11 11 11

 11 11 11

 11 11 11

 11 11 11

 11 11 11

 11 11 11

 2 2 2

 2 2 2

 2 2 2

 2 2 2

 11 11 11

 11 11 11

 0 0 0

 0 0 0

 0 0 0

 0 0 0

 0 0 0

 0 0 0

 0 0 0

 0 0 0

 0 0 0

 0 0 0

 0 0 0

 0 0 0

 0 0 0

 0 0 0

 0 0 0

 0 0 0

 0 0 0

 0 0 0

 0 0 0

 0 0 0

 0 0 0

 0 0 0

 0 0 0

 0 0 0

 0 1 1

 0 1 0

 0 0 0

 0 0 0

 1 1 0

 1 0 0

 0 0 0

 0 0 0

 0 0 0

 0 0 0

 0 0 0

 0 0 0

 0 0 0

 0 0 0

 0 0 0

 0 0 0

 0 0 0

 0 0 0

 0 0 0

 0 0 0

 0 0 0

 0 0 0

 0 0 0

 0 0 0

 0 0 0

 0 0 0

 2 2 2

 2 2 2

 2 2 2

 2 2 2

 11 11 11

 11 11 11

 11 11 11

 11 11 11

 2 2 2

 2 2 2

 2 2 2

 2 2 2

 2 2 2

 2 2 2

 2 2 2

 2 2 2

 2 2 2

 2 2 2

 11 11 11

 11 11 11

 2 2 2

 2 2 2

 11 11 11

 11 11 11

 2 2 2

 2 2 2

 11 11 11

 11 11 11

 2 2 2

 2 2 2

 2 2 2

 2 2 2

 0 0 0

 0 0 0

 0 0 0

 0 0 0

 0 0 0

 0 0 0

 0 0 0

 0 0 0

 0 0 0

 0 0 0

 0 0 0

 0 0 0

 0 0 0

 0 0 0

 0 0 0

 0 0 0

 0 0 0

 0 0 0

 11 11 11

 11 11 11

 11 11 11

 11 11 11

 11 11 11

 11 11 11

 11 11 11

 11 11 11

 11 11 11

 11 11 11

 11 11 11

 11 11 11

 11 11 11

 11 11 11

 11 11 11

 11 11 11

 11 11 11

 11 11 11

 11 11 11

 11 11 11

 11 11 11

 11 11 11

 11 11 11

 11 11 11

 7 7 7

 7 7 7

 7 7 7

 7 7 7

 7 7 7

 7 7 7

 7 7 7

 7 7 7

 7 7 7

 7 7 7

 7 7 7

 7 7 7

 7 7 7

 7 7 7

 7 7 7

 7 7 7

 7 7 7

 7 7 7

 7 7 7

 7 7 7

 7 7 7

 7 7 7

 7 7 7

 11 11 11

 11 11 11

 11 11 11

 11 11 11

 11 11 11

 11 11 11

 11 11 11

 11 11 11

 7 7 7

 7 7 7

 7 7 7

 7 7 7

 7 7 7

 11 11 11

 11 11 11

 11 11 11

 11 11 11

 11 11 11

 11 11 11

 11 11 11

 11 11 11

 11 11 11

 11 11 11

 11 11 11

 11 11 11

 11 11 11

 11 11 11

 11 11 11

 11 11 11

 11 11 11

 11 11 11

 11 11 11

 11 11 11

 11 11 11

 11 11 11

 11 11 11

 11 11 11

 11 11 11

 11 11 11

 11 11 11

 11 11 11

 11 11 11

 11 11 11

 11 11 11

 11 11 11

 11 11 11

 11 11 11

 11 11 11

 11 11 11

 11 11 11

 11 11 11

 11 11 11

 11 11 11

 11 11 11

 11 11 11

 11 11 11

 11 11 11

 11 11 11

 11 11 11

 11 11 11

 11 11 11

 11 11 11

 11 11 11

 11 11 11

 11 11 11

 11 11 11

 11 11 11

 11 11 11

 11 11 11

 11 11 11

 11 11 11

 11 11 11

 11 11 11

 11 11 11

 11 11 11

 11 11 11

 11 11 11

 11 11 11

 11 11 11

 11 11 11

 11 11 11

 11 11 11

 11 11 11

 11 11 11

 11 11 11

 11 11 11

 11 11 11

 11 11 11

 11 11 11

 11 11 11

 11 11 11

 11 11 11

 11 11 11

 11 11 11

 11 11 11

 11 11 11

 11 11 11

 11 11 11

 11 11 11

 11 11 11

 11 11 11

 11 11 11

 11 11 11

 11 11 11

 11 11 11

 11 11 11

 11 11 11

 11 11 11

 11 11 11

 7 7 7

 7 7 7

 7 7 7

 7 7 7

 7 7 7

 7 7 7

 7 7 7

 7 7 7

 7 7 7

 7 7 7

 7 7 7

 7 7 7

 7 7 7

 7 7 7

 7 7 7

 7 7 7

 7 7 7

 7 7 7

 7 7 7

 7 7 7

 7 7 7

 7 7 7

 7 7 7

 7 7 7

 7 7 7

 7 7 7

 7 7 7

 7 7 7

 7 7 7

 7 7 7

 7 7 7

 7 7 7

 7 7 7

 7 7 7

 7 7 7

 7 7 7

 7 7 7

 7 7 7

 7 7 7

 7 7 7

 7 7 7

 7 7 7

 7 7 7

 7 7 7

 7 7 7

 11 11 11

 11 11 11

 11 11 11

 11 11 11

 11 11 11

 11 11 11

 11 11 11

 11 11 11

 7 7 7

 7 7 7

 7 7 7

 7 7 7

 7 7 7

 7 7 7

 7 7 7

 7 7 7

 11 11 11

 11 11 11

 11 11 11

 11 11 11

 11 11 11

 11 11 11

 11 11 11

 11 11 11

 7 7 7

 7 7 7

 7 7 7

 7 7 7

 7 7 7

 7 7 7

 7 7 7

 7 7 7

 7 7 7

 7 7 7

 7 7 7

 7 7 7

 7 7 7

 7 7 7

 7 7 7

 7 7 7

 11 11 11

 11 11 11

 11 11 11

 11 11 11

 11 11 11

 11 11 11

 11 11 11

 11 11 11

 7 7 7

 7 7 7

 7 7 7

 7 7 7

 7 7 7

 7 7 7

 7 7 7

 7 7 7

 7 7 7

 7 7 7

 7 7 7

 7 7 7

 7 7 7

 7 7 7

 7 7 7

 7 7 7

 7 7 7

 11 11 11

 11 11 11

 11 11 11

 11 11 11

 11 11 11

 11 11 11

 11 11 11

 11 11 11

 2 2 2

 2 2 2

 2 2 2

 2 2 2

 2 2 2

 2 2 2

 2 2 2

 2 2 2

 2 2 2

 2 2 2

 11 11 11

 11 11 11

 2 2 2

 2 2 2

 2 2 2

 2 2 2

 2 2 2

 2 2 2

 2 2 2

 2 2 2

 2 2 2

 2 2 2

 2 2 2

 2 2 2

 2 2 2

 2 2 2

 2 2 2

 2 2 2

 2 2 2

 2 2 2

 2 2 2

 2 2 2

 11 11 11

 11 11 11

 2 2 2

 2 2 2

 11 11 11

 11 11 11

 11 11 11

 11 11 11

 2 2 2

 2 2 2

 2 2 2

 2 2 2

 2 2 2

 2 2 2

 2 2 2

 2 2 2

 2 2 2

 2 2 2

 11 11 11

 11 11 11

 2 2 2

 2 2 2

 2 2 2

 2 2 2

 2 2 2

 2 2 2

 2 2 2

 2 2 2

 2 2 2

 2 2 2

 2 2 2

 2 2 2

 2 2 2

 2 2 2

 2 2 2

 2 2 2

 2 2 2

 2 2 2

 11 11 11

 11 11 11

 11 11 11

 11 11 11

 2 2 2

 2 2 2

 11 11 11

 11 11 11

 2 2 2

 2 2 2

 2 2 2

 2 2 2

 2 2 2

 2 2 2

 2 2 2

 2 2 2

 11 11 11

 11 11 11

 2 2 2

 2 2 2

 2 2 2

 2 2 2

 11 11 11

 11 11 11

 2 2 2

 2 2 2

 7 7 7

 7 7 7

 7 7 7

 7 7 7

 7 7 7

 7 7 7

 7 7 7

 1 1 1

 1 1 1

 0 0 0

 0 0 0

 0 0 0

 0 0 0

 7 7 7

 7 7 7

 12 12 12

 12 12 12

 12 12 12

 7 7 7

 7 7 7

 7 7 7

 7 7 7

 7 7 7

 7 7 7

 7 7 7

 7 7 7

 7 7 7

 7 7 7

 7 7 7

 7 7 7

 7 7 7

 2 2 2

 2 2 2

 2 2 2

 2 2 2

 0 0 0

 0 0 0

 0 0 0

 0 0 0

 0 0 0

 0 0 0

 1 1 1

 1 1 1

 1 1 1

 1 1 1

 1 1 1

 1 1 1

 1 1 1

 1 1 1

 1 1 1

 1 1 1

 0 0 0

 0 0 0

 0 0 0

 0 0 0

 1 1 1

 1 1 1

 1 1 1

 1 1 1

 0 0 0

 0 0 0

 0 0 0

 0 0 0

 6 6 6

 6 6 6

 6 6 6

 6 6 6

 6 6 6

 6 6 6

 6 6 6

 6 6 6

 6 6 6

 6 6 6

 6 6 6

 6 6 6

 6 6 6

 6 6 6

 6 6 6

 6 6 6

 6 6 6

 6 6 6

 6 6 6

 6 6 6

 6 6 6

 6 6 6

 6 6 6

 6 6 6

 6 6 6

 6 6 6

 6 6 6

 6 6 6

 6 6 6

 6 6 6

 6 6 6

 6 6 6

 6 6 6

 6 6 6

 6 6 6

 6 6 6

 6 6 6

 6 6 6

 6 6 6

 6 6 6

 6 6 6

 6 6 6

 6 6 6

 6 6 6

 6 6 6

 6 6 6

 6 6 6

 6 6 6

 6 6 6

 6 6 6

 6 6 6

 6 6 6

 6 6 6

 6 6 6

 6 6 6

 6 6 6

 6 6 6

 6 6 6

 6 6 6

 6 6 6

 6 6 6

 6 6 6

 6 6 6

 6 6 6

 6 6 6

 6 6 6

 6 6 6

 6 6 6

 6 6 6

 6 6 6

 6 6 6

 6 6 6

 6 6 6

 6 6 6

 6 6 6

 6 6 6

 6 6 6

 6 6 6

 6 6 6

 6 6 6

 6 6 6

 6 6 6

 6 6 6

 6 6 6

 6 6 6

 6 6 6

 6 6 6

 6 6 6

 6 6 6

 6 6 6

 6 6 6

 6 6 6

 6 6 6

 6 6 6

 6 6 6

 6 6 6

 6 6 6

 6 6 6

 6 6 6

 6 6 6

 6 6 6

 6 6 6

 6 6 6

 6 6 6

 6 6 6

 6 6 6

 6 6 6

 6 6 6

 6 6 6

 6 6 6

 6 6 6

 6 6 6

 6 6 6

 6 6 6

 6 6 6

 6 6 6

 6 6 6

 6 6 6

 6 6 6

 6 6 6

 6 6 6

 6 6 6

 6 6 6

 6 6 6

 6 6 6

 6 6 6

 6 6 6

 6 6 6

 6 6 6

 6 6 6

 6 6 6

 6 6 6

 6 6 6

 6 6 6

 6 6 6

 6 6 6

 6 6 6

 6 6 6

 6 6 6

 6 6 6

 6 6 6

 6 6 6

 6 6 6

 6 6 6

 6 6 6

 6 6 6

 6 6 6

 6 6 6

 6 6 6

 6 6 6

 6 6 6

 6 6 6

 6 6 6

 6 6 6

 6 6 6

 6 6 6

 6 6 6

 6 6 6

 6 6 6

 6 6 6

 6 6 6

 6 6 6

 6 6 6

 6 6 6

 6 6 6

 6 6 6

 6 6 6

 6 6 6

 6 6 6

 6 6 6

 6 6 6

 6 6 6

 6 6 6

 6 6 6

 6 6 6

 6 6 6

 6 6 6

 6 6 6

 6 6 6

 6 6 6

 6 6 6

 6 6 6

 6 6 6

 6 6 6

 6 6 6

 6 6 6

 6 6 6

 6 6 6

 6 6 6

 6 6 6

 6 6 6

 6 6 6

 6 6 6

 6 6 6

 6 6 6

 6 6 6

 6 6 6

 6 6 6

 6 6 6

 6 6 6

 6 6 6

 6 6 6

 6 6 6

 6 6 6

 6 6 6

 6 6 6

 6 6 6

 6 6 6

 6 6 6

 6 6 6

 6 6 6

 6 6 6

 6 6 6

 6 6 6

 6 6 6

 6 6 6

 6 6 6

 6 6 6

 6 6 6

 6 6 6

 6 6 6

 6 6 6

 6 6 6

 6 6 6

 6 6 6

 6 6 6

 6 6 6

 6 6 6

 6 6 6

 6 6 6

 6 6 6

 6 6 6

 6 6 6

 6 6 6

 6 6 6

 6 6 6

 6 6 6

 6 6 6

 6 6 6

 6 6 6

 6 6 6

 6 6 6

 6 6 6

 6 6 6

 6 6 6

 6 6 6

 6 6 6

 6 6 6

 6 6 6

 6 6 6

 6 6 6

 6 6 6

 6 6 6

 6 6 6

 6 6 6

 6 6 6

 6 6 6

 6 6 6

 6 6 6

 6 6 6

 6 6 6

 6 6 6

 6 6 6

 6 6 6

 6 6 6

 6 6 6

 6 6 6

 6 6 6

 6 6 6

 6 6 6

 6 6 6

 6 6 6

 6 6 6

 6 6 6

 6 6 6

 6 6 6

 6 6 6

 6 6 6

 6 6 6

 6 6 6

 6 6 6

 6 6 6

 6 6 6

 6 6 6

 6 6 6

 6 6 6

 6 6 6

 6 6 6

 6 6 6

 6 6 6

 6 6 6

 6 6 6

 6 6 6

 6 6 6

 6 6 6

 6 6 6

 6 6 6

 6 6 6

 6 6 6

 6 6 6

 6 6 6

 6 6 6

 6 6 6

 6 6 6

 6 6 6

 6 6 6

 6 6 6

 6 6 6

 6 6 6

 6 6 6

 6 6 6

 6 6 6

 6 6 6

 6 6 6

 6 6 6

 6 6 6

 6 6 6

 6 6 6

 6 6 6

 6 6 6

 6 6 6

 6 6 6

 6 6 6

 6 6 6

 6 6 6

 6 6 6

 6 6 6

 6 6 6

 6 6 6

 6 6 6

 6 6 6

 6 6 6

 6 6 6

 6 6 6

 6 6 6

 6 6 6

 9 9 9

 9 9 9

 9 9 9

 9 9 9

 9 9 9

 9 9 9

 9 9 9

 9 9 9

 9 9 9

 9 9 9

 9 9 9

 9 9 9

 9 9 9

 9 9 9

 9 9 9

 9 9 9

 9 9 9

 9 9 9

 9 9 9

 9 9 9

 9 9 9

 9 9 9

 9 9 9

 9 9 9

 9 9 9

 9 9 9

 9 9 9

 9 9 9

 9 9 9

 9 9 9

 9 9 9

 9 9 9

 9 9 9

 9 9 9

 9 9 9

 9 9 9

 9 9 9

 9 9 9

 9 9 9

 9 9 9

 9 9 9

 9 9 9

 9 9 9

 9 9 9

 9 9 9

 9 9 9

 9 9 9

 9 9 9

 9 9 9

 9 9 9

 9 9 9

 9 9 9

 9 9 9

 9 9 9

 9 9 9

 9 9 9

 9 9 9

 9 9 9

 9 9 9

 9 9 9

 9 9 9

 9 9 9

 9 9 9

 9 9 9

 9 9 9

 9 9 9

 9 9 9

 9 9 9

 9 9 9

 9 9 9

 9 9 9

 9 9 9

 9 9 9

 9 9 9

 9 9 9

 9 9 9

 9 9 9

 9 9 9

 9 9 9

 9 9 9

 9 9 9

 9 9 9

 9 9 9

 9 9 9

 9 9 9

 9 9 9

 9 9 9

 9 9 9

 9 9 9

 9 9 9

 9 9 9

 9 9 9

 9 9 9

 9 9 9

 9 9 9

 9 9 9

 9 9 9

 9 9 9

 9 9 9

 9 9 9

 9 9 9

 9 9 9

 9 9 9

 9 9 9

 9 9 9

 9 9 9

 9 9 9

 9 9 9

 9 9 9

 9 9 9

 9 9 9

 9 9 9

 9 9 9

 9 9 9

 9 9 9

 9 9 9

 9 9 9

 9 9 9

 9 9 9

 9 9 9

 9 9 9

 9 9 9

 9 9 9

 9 9 9

 9 9 9

 9 9 9

 9 9 9

 9 9 9

 9 9 9

 9 9 9

 9 9 9

 9 9 9

 9 9 9

 9 9 9

 9 9 9

 9 9 9

 9 9 9

 9 9 9

 9 9 9

 9 9 9

 9 9 9

 9 9 9

 9 9 9

 9 9 9

 9 9 9

 9 9 9

 9 9 9

 9 9 9

 9 9 9

 9 9 9

 9 9 9

 9 9 9

 9 9 9

 9 9 9

 9 9 9

 9 9 9

 9 9 9

 9 9 9

 9 9 9

 9 9 9

 9 9 9

 9 9 9

 9 9 9

 9 9 9

 9 9 9

 9 9 9

 9 9 9

 9 9 9

 9 9 9

 9 9 9

 9 9 9

 9 9 9

 9 9 9

 9 9 9

 9 9 9

 9 9 9

 9 9 9

 9 9 9

 9 9 9

 9 9 9

 9 9 9

 9 9 9

 9 9 9

 9 9 9

 9 9 9

 9 9 9

 9 9 9

 9 9 9

 9 9 9

 9 9 9

 9 9 9

 9 9 9

 9 9 9

 9 9 9

 9 9 9

 9 9 9

 9 9 9

 9 9 9

 9 9 9

 9 9 9

 9 9 9

 9 9 9

 9 9 9

 9 9 9

 9 9 9

 9 9 9

 9 9 9

 9 9 9

 9 9 9

 9 9 9

 9 9 9

 9 9 9

 9 9 9

 9 9 9

 9 9 9

 9 9 9

 9 9 9

 9 9 9

 9 9 9

 9 9 9

 9 9 9

 9 9 9

 9 9 9

 9 9 9

 9 9 9

 9 9 9

 9 9 9

 9 9 9

 9 9 9

 9 9 9

 9 9 9

 9 9 9

 9 9 9

 9 9 9

 9 9 9

 9 9 9

 9 9 9

 9 9 9

 9 9 9

 9 9 9

 9 9 9

 9 9 9

 9 9 9

 9 9 9

 9 9 9

 9 9 9

 9 9 9

 9 9 9

 9 9 9

 9 9 9

 9 9 9

 9 9 9

 9 9 9

 9 9 9

 9 9 9

 9 9 9

 9 9 9

 9 9 9

 9 9 9

 9 9 9

 9 9 9

 9 9 9

 9 9 9

 9 9 9

 9 9 9

 9 9 9

 9 9 9

 9 9 9

 9 9 9

 9 9 9

 9 9 9

 9 9 9

 9 9 9

 9 9 9

 9 9 9

 9 9 9

 9 9 9

 9 9 9

 9 9 9

 9 9 9

 9 9 9

 9 9 9

 9 9 9

 9 9 9

 9 9 9

 9 9 9

 9 9 9

 9 9 9

 9 9 9

 9 9 9

 9 9 9

 9 9 9

 9 9 9

 9 9 9

 9 9 9

 9 9 9

 9 9 9

 9 9 9

 9 9 9

 9 9 9

 9 9 9

 9 9 9

 9 9 9

 9 9 9

 9 9 9

 9 9 9

 9 9 9

 9 9 9

 9 9 9

 9 9 9

 9 9 9

 9 9 9

 9 9 9

 9 9 9

 9 9 9

 9 9 9

 9 9 9

 9 9 9

 9 9 9

 9 9 9

 9 9 9

 9 9 9

 9 9 9

 9 9 9

 9 9 9

 9 9 9

 9 9 9

 9 9 9

 9 9 9

 9 9 9

 9 9 9

 9 9 9

 9 9 9

 9 9 9

 9 9 9

 9 9 9

 9 9 9

 9 9 9

 9 9 9

 9 9 9

 9 9 9

 9 9 9

 9 9 9

 9 9 9

 9 9 9

 9 9 9

 9 9 9

 9 9 9

 9 9 9

 9 9 9

 9 9 9

 9 9 9

 9 9 9

 9 9 9

 9 9 9

 9 9 9

 9 9 9

 9 9 9

 9 9 9

 9 9 9

 9 9 9

 9 9 9

 9 9 9

 9 9 9

 9 9 9

 9 9 9

 9 9 9

 9 9 9

 9 9 9

 9 9 9

 9 9 9

 9 9 9

 9 9 9

 9 9 9

 9 9 9

 9 9 9

 9 9 9

 9 9 9

 9 9 9

 9 9 9

 9 9 9

 9 9 9

 9 9 9

 9 9 9

 9 9 9

 9 9 9

 9 9 9

 9 9 9

 9 9 9

 9 9 9

 9 9 9

 9 9 9

 9 9 9

 9 9 9

 9 9 9

 9 9 9

 9 9 9

 9 9 9

 9 9 9

 9 9 9

 9 9 9

 9 9 9

 9 9 9

 9 9 9

 9 9 9

 9 9 9

 9 9 9

 9 9 9

 9 9 9

 9 9 9

 9 9 9

 9 9 9

 9 9 9

 9 9 9

 9 9 9

 9 9 9

 9 9 9

 9 9 9

 9 9 9

 9 9 9

 9 9 9

 9 9 9

 9 9 9

 9 9 9

 9 9 9

 9 9 9

 9 9 9

 9 9 9

 9 9 9

 9 9 9

 9 9 9

 9 9 9

 9 9 9

 9 9 9

 9 9 9

 9 9 9

 9 9 9

 9 9 9

 9 9 9

 9 9 9

 9 9 9

 9 9 9

 9 9 9

 9 9 9

 9 9 9

 9 9 9

 9 9 9

 9 9 9

 9 9 9

 9 9 9

 9 9 9

 9 9 9

 9 9 9

 9 9 9

 9 9 9

 9 9 9

 9 9 9

 9 9 9

 9 9 9

 9 9 9

 9 9 9

 9 9 9

 9 9 9

 9 9 9

 9 9 9

 9 9 9

 9 9 9

 9 9 9

 9 9 9

 9 9 9

 9 9 9

 9 9 9

 9 9 9

 9 9 9

 9 9 9

 9 9 9

 9 9 9

 9 9 9

 9 9 9

 9 9 9

 9 9 9

 9 9 9

 9 9 9

 9 9 9

 9 9 9

 9 9 9

 9 9 9

 9 9 9

 9 9 9

 9 9 9

 9 9 9

 9 9 9

 9 9 9

 9 9 9

 9 9 9

 9 9 9

 9 9 9

 9 9 9

 9 9 9

 9 9 9

 9 9 9

 9 9 9

 9 9 9

 9 9 9

 9 9 9

 9 9 9

 9 9 9

 9 9 9

 9 9 9

 9 9 9

 9 9 9

 9 9 9

 9 9 9

 9 9 9

 9 9 9

 9 9 9

 9 9 9

 9 9 9

 9 9 9

 9 9 9

 9 9 9

 9 9 9

 9 9 9

 9 9 9

 9 9 9

 9 9 9

 9 9 9

 9 9 9

 9 9 9

 9 9 9

 9 9 9

 9 9 9

 9 9 9

 9 9 9

 9 9 9

 9 9 9

 9 9 9

 9 9 9

 9 9 9

 9 9 9

 9 9 9

 9 9 9

 9 9 9

 9 9 9

 9 9 9

 9 9 9

 9 9 9

 9 9 9

 9 9 9

 9 9 9

 9 9 9

 9 9 9

 9 9 9

 9 9 9

 9 9 9

 9 9 9

 9 9 9

 9 9 9

 9 9 9

 9 9 9

 9 9 9

 9 9 9

 9 9 9

 9 9 9

 9 9 9

 9 9 9

 9 9 9

 9 9 9

 9 9 9

 9 9 9

 9 9 9

 9 9 9

 9 9 9

 9 9 9

 9 9 9

 9 9 9

 9 9 9

 9 9 9

 9 9 9

 9 9 9

 9 9 9

 9 9 9

 9 9 9

 9 9 9

 0 0 0

 0 0 0

 0 0 0

 0 0 0

 0 0 0

 0 0 0

 0 0 0

 0 0 0

 1 1 1

 1 1 1

 1 1 1

 1 1 1

 1 1 1

 1 1 1

 1 1 1

 1 1 1

 1 1 1

 1 1 1

 1 1 1

 1 1 1

 1 1 1

 1 1 1

 1 1 1

 1 1 1

 0 0 0

 0 0 0

 0 0 0

 0 0 0

 0 0 0

 0 0 0

 0 0 0

 0 0 0

 1 1 1

 1 1 1

 1 1 1

 1 1 1

 1 1 1

 1 1 1

 1 1 1

 1 1 1

 1 1 1

 1 1 1

 1 1 1

 1 1 1

 1 1 1

 1 1 1

 1 1 1

 1 1 1

 0 0 0

 0 0 0

 1 1 1

 1 1 1

 1 1 1

 1 1 1

 0 0 0

 0 0 0

 1 1 1

 1 1 1

 1 1 1

 1 1 1

 1 1 1

 1 1 1

 1 1 1

 1 1 1

 0 0 0

 0 0 0

 0 0 0

 0 0 0

 1 1 1

 1 1 1

 1 1 1

 1 1 1

 0 0 0

 0 0 0

 0 0 0

 0 0 0

 1 1 1

 1 1 1

 1 1 1

 1 1 1

 1 1 1

 1 1 1

 0 0 0

 0 0 0

 0 0 0

 0 0 0

 1 1 1

 1 1 1

 0 0 0

 0 0 0

 0 0 0

 0 0 0

 0 0 0

 0 0 0

 0 0 0

 0 0 0

 1 1 1

 1 1 1

 1 1 1

 1 1 1

 1 1 1

 1 1 1

 1 1 1

 1 1 1

 1 1 1

 1 1 1

 1 1 1

 1 1 1

 1 1 1

 1 1 1

 1 1 1

 1 1 1

 1 1 1

 1 1 1

 1 1 1

 1 1 1

 0 0 0

 0 0 0

 0 0 0

 0 0 0

 1 1 1

 1 1 1

 1 1 1

 1 1 1

 0 0 0

 0 0 0

 1 1 1

 1 1 1

 1 1 1

 1 1 1

 0 0 0

 0 0 0

 1 1 1

 1 1 1

 0 0 0

 0 0 0

 0 0 0

 0 0 0

 1 1 1

 1 1 1

 0 0 0

 0 0 0

 0 0 0

 0 0 0

 0 0 0

 0 0 0

 0 0 0

 0 0 0

 0 0 0

 0 0 0

 0 0 0

 0 0 0

 0 0 0

 0 0 0

 0 0 0

 0 0 0

 0 0 0

 0 0 0

 0 0 0

 0 0 0

 1 1 1

 1 1 1

 0 0 0

 0 0 0

 0 0 0

 0 0 0

 1 1 1

 1 1 1

 0 0 0

 0 0 0

 1 1 1

 1 1 1

 1 1 1

 1 1 1

 0 0 0

 0 0 0

 1 1 1

 1 1 1

 1 1 1

 1 1 1

 1 1 1

 1 1 1

 1 1 1

 1 1 1

 0 0 0

 0 0 0

 1 1 1

 1 1 1

 0 0 0

 0 0 0

 1 1 1

 1 1 1

 1 1 1

 1 1 1

 1 1 1

 1 1 1

 1 1 1

 1 1 1

 1 1 1

 1 1 1

 1 1 1

 1 1 1

 1 1 1

 1 1 1

 1 1 1

 1 1 1

 1 1 1

 1 1 1

 1 1 1

 1 1 1

 1 1 1

 1 1 1

 1 1 1

 1 1 1

 1 1 1

 1 1 1

 1 1 1

 1 1 1

 0 0 0

 0 0 0

 0 0 0

 0 0 0

 0 0 0

 0 0 0

 0 0 0

 0 0 0

 1 1 1

 1 1 1

 1 1 1

 1 1 1

 1 1 1

 1 1 1

 1 1 1

 1 1 1

 1 1 1

 1 1 1

 1 1 1

 1 1 1

 1 1 1

 1 1 1

 1 1 1

 1 1 1

 0 0 0

 0 0 0

 0 0 0

 0 0 0

 0 0 0

 0 0 0

 0 0 0

 0 0 0

 1 1 1

 1 1 1

 1 1 1

 1 1 1

 1 1 1

 1 1 1

 1 1 1

 1 1 1

 1 1 1

 1 1 1

 1 1 1

 1 1 1

 1 1 1

 1 1 1

 1 1 1

 1 1 1

 0 0 0

 0 0 0

 1 1 1

 1 1 1

 1 1 1

 1 1 1

 0 0 0

 0 0 0

 1 1 1

 1 1 1

 1 1 1

 1 1 1

 1 1 1

 1 1 1

 1 1 1

 1 1 1

 0 0 0

 0 0 0

 0 0 0

 0 0 0

 1 1 1

 1 1 1

 1 1 1

 1 1 1

 0 0 0

 0 0 0

 0 0 0

 0 0 0

 1 1 1

 1 1 1

 1 1 1

 1 1 1

 1 1 1

 1 1 1

 0 0 0

 0 0 0

 0 0 0

 0 0 0

 1 1 1

 1 1 1

 0 0 0

 0 0 0

 0 0 0

 0 0 0

 0 0 0

 0 0 0

 0 0 0

 0 0 0

 1 1 1

 1 1 1

 1 1 1

 1 1 1

 1 1 1

 1 1 1

 1 1 1

 1 1 1

 1 1 1

 1 1 1

 1 1 1

 1 1 1

 1 1 1

 1 1 1

 1 1 1

 1 1 1

 1 1 1

 1 1 1

 1 1 1

 1 1 1

 0 0 0

 0 0 0

 0 0 0

 0 0 0

 1 1 1

 1 1 1

 1 1 1

 1 1 1

 0 0 0

 0 0 0

 1 1 1

 1 1 1

 1 1 1

 1 1 1

 0 0 0

 0 0 0

 1 1 1

 1 1 1

 0 0 0

 0 0 0

 0 0 0

 0 0 0

 1 1 1

 1 1 1

 0 0 0

 0 0 0

 0 0 0

 0 0 0

 0 0 0

 0 0 0

 0 0 0

 0 0 0

 0 0 0

 0 0 0

 0 0 0

 0 0 0

 0 0 0

 0 0 0

 0 0 0

 0 0 0

 0 0 0

 0 0 0

 0 0 0

 0 0 0

 1 1 1

 1 1 1

 0 0 0

 0 0 0

 0 0 0

 0 0 0

 1 1 1

 1 1 1

 0 0 0

 0 0 0

 1 1 1

 1 1 1

 1 1 1

 1 1 1

 0 0 0

 0 0 0

 1 1 1

 1 1 1

 1 1 1

 1 1 1

 1 1 1

 1 1 1

 1 1 1

 1 1 1

 0 0 0

 0 0 0

 1 1 1

 1 1 1

 0 0 0

 0 0 0

 1 1 1

 1 1 1

 1 1 1

 1 1 1

 1 1 1

 1 1 1

 1 1 1

 1 1 1

 1 1 1

 1 1 1

 1 1 1

 1 1 1

 1 1 1

 1 1 1

 1 1 1

 1 1 1

 1 1 1

 1 1 1

 1 1 1

 1 1 1

 1 1 1

 1 1 1

 1 1 1

 1 1 1

 1 1 1

 1 1 1

 1 1 1

 1 1 1

 1 1 1

 1 1 1

 1 1 1

 1 1 1

 1 1 1

 1 1 1

 1 1 1

 1 1 1

 0 0 0

 0 0 0

 0 0 0

 0 0 0

 0 0 0

 0 0 0

 0 0 0

 0 0 0

 1 1 1

 1 1 1

 1 1 1

 1 1 1

 1 1 1

 1 1 1

 1 1 1

 1 1 1

 0 0 0

 0 0 0

 0 0 0

 0 0 0

 0 0 0

 0 0 0

 0 0 0

 0 0 0

 1 1 1

 1 1 1

 1 1 1

 1 1 1

 1 1 1

 1 1 1

 1 1 1

 1 1 1

 0 0 0

 0 0 0

 0 0 0

 0 0 0

 0 0 0

 0 0 0

 0 0 0

 0 0 0

 1 1 1

 1 1 1

 1 1 1

 1 1 1

 1 1 1

 1 1 1

 1 1 1

 1 1 1

 0 0 0

 0 0 0

 0 0 0

 0 0 0

 0 0 0

 0 0 0

 0 0 0

 0 0 0

 1 1 1

 1 1 1

 1 1 1

 1 1 1

 1 1 1

 1 1 1

 1 1 1

 1 1 1

 0 0 0

 0 0 0

 0 0 0

 0 0 0

 0 0 0

 0 0 0

 0 0 0

 0 0 0

 1 1 1

 1 1 1

 1 1 1

 1 1 1

 1 1 1

 1 1 1

 1 1 1

 1 1 1

 0 0 0

 0 0 0

 0 0 0

 0 0 0

 0 0 0

 0 0 0

 0 0 0

 0 0 0

 1 1 1

 1 1 1

 0 0 0

 0 0 0

 0 0 0

 0 0 0

 1 1 1

 1 1 1

 1 1 1

 0 0 0

 0 0 0

 1 1 1

 1 1 1

 1 1 1

 1 1 1

 1 1 1

 1 1 1

 0 0 0

 0 0 0

 0 0 0

 0 0 0

 1 1 1

 1 1 1

 1 1 1

 1 1 1

 0 0 0

 0 0 0

 0 0 0

 0 0 0

 0 0 0

 0 0 0

 0 0 0

 1 1 1

 0 0 0

 1 1 1

 1 1 1

 1 1 1

 0 0 0

 0 0 0

 1 1 1

 1 1 1

 1 1 1

 0 0 0

 0 0 0

 1 1 1

 1 1 1

 0 0 0

 0 0 0

 1 1 1

 1 1 1

 0 0 0

 0 0 0

 1 1 1

 1 1 1

 0 0 0

 0 0 0

 0 0 0

 1 1 1

 0 0 0

 1 1 1

 0 0 0

 1 1 1

 0 0 0

 1 1 1

 0 0 0

 0 0 0

 1 1 1

 1 1 1

 0 0 0

 0 0 0

 1 1 1

 1 1 1

 0 0 0

 0 0 0

 1 1 1

 1 1 1

 0 0 0

 0 0 0

 1 1 1

 1 1 1

 1 1 1

 1 1 1

 1 1 1

 1 1 1

 1 1 1

 1 1 1

 1 1 1

 1 1 1

 0 0 0

 0 0 0

 0 0 0

 0 0 0

 0 0 0

 0 0 0

 0 0 0

 0 0 0

 1 1 1

 1 1 1

 1 1 1

 1 1 1

 1 1 1

 1 1 1

 1 1 1

 1 1 1

 0 0 0

 0 0 0

 0 0 0

 0 0 0

 0 0 0

 0 0 0

 0 0 0

 0 0 0

 1 1 1

 1 1 1

 1 1 1

 1 1 1

 1 1 1

 1 1 1

 1 1 1

 1 1 1

 0 0 0

 0 0 0

 0 0 0

 0 0 0

 0 0 0

 0 0 0

 0 0 0

 0 0 0

 1 1 1

 1 1 1

 1 1 1

 1 1 1

 1 1 1

 1 1 1

 1 1 1

 1 1 1

 0 0 0

 0 0 0

 0 0 0

 0 0 0

 0 0 0

 0 0 0

 0 0 0

 0 0 0

 1 1 1

 1 1 1

 1 1 1

 1 1 1

 1 1 1

 1 1 1

 1 1 1

 1 1 1

 0 0 0

 0 0 0

 0 0 0

 0 0 0

 0 0 0

 0 0 0

 0 0 0

 0 0 0

 1 1 1

 1 1 1

 1 1 1

 1 1 1

 1 1 1

 1 1 1

 1 1 1

 1 1 1

 0 0 0

 0 0 0

 0 0 0

 0 0 0

 0 0 0

 0 0 0

 0 0 0

 0 0 0

 1 1 1

 1 1 1

 0 0 0

 0 0 0

 0 0 0

 0 0 0

 1 1 1

 1 1 1

 1 1 1

 0 0 0

 0 0 0

 1 1 1

 1 1 1

 1 1 1

 1 1 1

 1 1 1

 1 1 1

 0 0 0

 0 0 0

 0 0 0

 0 0 0

 1 1 1

 1 1 1

 1 1 1

 1 1 1

 0 0 0

 0 0 0

 0 0 0

 0 0 0

 0 0 0

 0 0 0

 0 0 0

 1 1 1

 0 0 0

 1 1 1

 1 1 1

 1 1 1

 0 0 0

 0 0 0

 1 1 1

 1 1 1

 1 1 1

 0 0 0

 0 0 0

 1 1 1

 1 1 1

 0 0 0

 0 0 0

 1 1 1

 1 1 1

 0 0 0

 0 0 0

 1 1 1

 1 1 1

 0 0 0

 0 0 0

 0 0 0

 1 1 1

 0 0 0

 1 1 1

 0 0 0

 1 1 1

 0 0 0

 1 1 1

 0 0 0

 0 0 0

 1 1 1

 1 1 1

 0 0 0

 0 0 0

 1 1 1

 1 1 1

 0 0 0

 0 0 0

 1 1 1

 1 1 1

 0 0 0

 0 0 0

 1 1 1

 1 1 1

 2 2 2

 2 2 2

 2 2 2

 2 2 2

 3 3 3

 3 3 3

 2 2 2

 2 2 2

 3 3 3

 3 3 3

 2 2 2

 2 2 2

 1 1 1

 1 1 1

 0 0 0

 0 0 0

 2 2 2

 2 2 2

 2 2 2

 2 2 2

 2 2 2

 2 2 2

 2 2 2

 2 2 2

 1 1 1

 1 1 1

 1 1 1

 1 1 1

 1 1 1

 1 1 1

 1 1 1

 1 1 1

 1 1 1

 1 1 1

 1 1 1

 1 1 1

 0 0 0

 0 0 0

 0 0 0

 0 0 0

 1 1 1

 1 1 1

 0 0 0

 0 0 0

 1 1 1

 1 1 1

 1 1 1

 1 1 1

 1 1 1

 1 1 1

 1 1 1

 1 1 1

 1 1 1

 1 1 1

 0 0 0

 0 0 0

 0 0 0

 0 0 0

 0 0 0

 0 0 0

 0 0 0

 0 0 0

 0 0 0

 0 0 0

 0 0 0

 0 0 0

 0 0 0

 0 0 0

 0 0 0

 0 0 0

 1 1 1

 1 1 1

 1 1 1

 1 1 1

 1 1 1

 1 1 1

 1 1 1

 1 1 1

 2 2 2

 2 2 2

 2 2 2

 2 2 2

 3 3 3

 3 3 3

 3 3 3

 3 3 3

 3 3 3

 3 3 3

 3 3 3

 3 3 3

 2 2 2

 2 2 2

 2 2 2

 2 2 2

 2 2 2

 2 2 2

 2 2 2

 2 2 2

 2 2 2

 2 2 2

 2 2 2

 2 2 2

 2 2 2

 2 2 2

 2 2 2

 2 2 2

 1 1 1

 1 1 1

 0 0 0

 0 0 0

 0 0 0

 0 0 0

 0 0 0

 0 0 0

 0 0 0

 0 0 0

 1 1 1

 1 1 1

 1 1 1

 1 1 1

 1 1 1

 1 1 1

 1 1 1

 1 1 1

 1 1 1

 1 1 1

 1 1 1

 1 1 1

 1 1 1

 1 1 1

 1 1 1

 1 1 1

 1 1 1

 1 1 1

 1 1 1

 1 1 1

 1 1 1

 1 1 1

 1 1 1

 1 1 1

 0 0 0

 0 0 0

 0 0 0

 0 0 0

 0 0 0

 0 0 0

 0 0 0

 0 0 0

 0 0 0

 0 0 0

 0 0 0

 0 0 0

 0 0 0

 0 0 0

 0 0 0

 0 0 0

 3 3 3

 3 3 3

 2 2 2

 2 2 2

 2 2 2

 2 2 2

 3 3 3

 3 3 3

 2 2 2

 2 2 2

 2 2 2

 2 2 2

 2 2 2

 2 2 2

 2 2 2

 2 2 2

 3 3 3

 3 3 3

 2 2 2

 2 2 2

 2 2 2

 2 2 2

 1 1 1

 1 1 1

 2 2 2

 2 2 2

 1 1 1

 1 1 1

 2 2 2

 2 2 2

 2 2 2

 2 2 2

 2 2 2

 2 2 2

 2 2 2

 2 2 2

 2 2 2

 2 2 2

 2 2 2

 2 2 2

 2 2 2

 2 2 2

 2 2 2

 2 2 2

 2 2 2

 2 2 2

 2 2 2

 2 2 2

 2 2 2

 2 2 2

 2 2 2

 2 2 2

 2 2 2

 2 2 2

 2 2 2

 2 2 2

 2 2 2

 2 2 2

 2 2 2

 2 2 2

 3 3 3

 3 3 3

 3 3 3

 3 3 3

 2 2 2

 2 2 2

 2 2 2

 2 2 2

 2 2 2

 2 2 2

 2 2 2

 2 2 2

 2 2 2

 2 2 2

 2 2 2

 2 2 2

 3 3 3

 3 3 3

 3 3 3

 3 3 3

 2 2 2

 2 2 2

 2 2 2

 2 2 2

 2 2 2

 2 2 2

 2 2 2

 2 2 2

 3 3 3

 3 3 3

 2 2 2

 2 2 2

 3 3 3

 3 3 3

 2 2 2

 2 2 2

 1 1 1

 1 1 1

 0 0 0

 0 0 0

 2 2 2

 2 2 2

 2 2 2

 2 2 2

 2 2 2

 2 2 2

 2 2 2

 2 2 2

 1 1 1

 1 1 1

 1 1 1

 1 1 1

 1 1 1

 1 1 1

 1 1 1

 1 1 1

 1 1 1

 1 1 1

 1 1 1

 1 1 1

 0 0 0

 0 0 0

 0 0 0

 0 0 0

 1 1 1

 1 1 1

 0 0 0

 0 0 0

 1 1 1

 1 1 1

 1 1 1

 1 1 1

 1 1 1

 1 1 1

 1 1 1

 1 1 1

 1 1 1

 1 1 1

 0 0 0

 0 0 0

 0 0 0

 0 0 0

 0 0 0

 0 0 0

 0 0 0

 0 0 0

 0 0 0

 0 0 0

 0 0 0

 0 0 0

 0 0 0

 0 0 0

 0 0 0

 0 0 0

 1 1 1

 1 1 1

 1 1 1

 1 1 1

 1 1 1

 1 1 1

 1 1 1

 1 1 1

 2 2 2

 2 2 2

 2 2 2

 2 2 2

 3 3 3

 3 3 3

 3 3 3

 3 3 3

 3 3 3

 3 3 3

 3 3 3

 3 3 3

 2 2 2

 2 2 2

 2 2 2

 2 2 2

 2 2 2

 2 2 2

 2 2 2

 2 2 2

 2 2 2

 2 2 2

 2 2 2

 2 2 2

 2 2 2

 2 2 2

 2 2 2

 2 2 2

 1 1 1

 1 1 1

 0 0 0

 0 0 0

 0 0 0

 0 0 0

 0 0 0

 0 0 0

 0 0 0

 0 0 0

 1 1 1

 1 1 1

 1 1 1

 1 1 1

 1 1 1

 1 1 1

 1 1 1

 1 1 1

 1 1 1

 1 1 1

 1 1 1

 1 1 1

 1 1 1

 1 1 1

 1 1 1

 1 1 1

 1 1 1

 1 1 1

 1 1 1

 1 1 1

 1 1 1

 1 1 1

 1 1 1

 1 1 1

 0 0 0

 0 0 0

 0 0 0

 0 0 0

 0 0 0

 0 0 0

 0 0 0

 0 0 0

 0 0 0

 0 0 0

 0 0 0

 0 0 0

 0 0 0

 0 0 0

 0 0 0

 0 0 0

 3 3 3

 3 3 3

 2 2 2

 2 2 2

 2 2 2

 2 2 2

 3 3 3

 3 3 3

 2 2 2

 2 2 2

 2 2 2

 2 2 2

 2 2 2

 2 2 2

 2 2 2

 2 2 2

 3 3 3

 3 3 3

 2 2 2

 2 2 2

 2 2 2

 2 2 2

 1 1 1

 1 1 1

 2 2 2

 2 2 2

 1 1 1

 1 1 1

 2 2 2

 2 2 2

 2 2 2

 2 2 2

 2 2 2

 2 2 2

 2 2 2

 2 2 2

 2 2 2

 2 2 2

 2 2 2

 2 2 2

 2 2 2

 2 2 2

 2 2 2

 2 2 2

 2 2 2

 2 2 2

 2 2 2

 2 2 2

 2 2 2

 2 2 2

 2 2 2

 2 2 2

 2 2 2

 2 2 2

 2 2 2

 2 2 2

 2 2 2

 2 2 2

 2 2 2

 2 2 2

 3 3 3

 3 3 3

 3 3 3

 3 3 3

 2 2 2

 2 2 2

 2 2 2

 2 2 2

 2 2 2

 2 2 2

 2 2 2

 2 2 2

 2 2 2

 2 2 2

 2 2 2

 2 2 2

 3 3 3

 3 3 3

 3 3 3

 3 3 3

 2 2 2

 2 2 2

 2 2 2

 2 2 2

 0 0 0

 0 0 0

 0 0 0

 0 0 0

 0 0 0

 0 0 0

 0 0 0

 0 0 0

 0 0 0

 0 0 0

 0 0 0

 0 0 0

 0 0 0

 0 0 0

 1 1 1

 1 1 1

 1 1 1

 1 1 1

 1 1 1

 1 1 1

 1 1 1

 1 1 1

 1 1 1

 1 1 1

 1 1 1

 1 1 1

 1 1 1

 1 1 1

 1 1 1

 1 1 1

 1 1 1

 1 1 1

 1 1 1

 1 1 1

 1 1 1

 1 1 1

 1 1 1

 1 1 1

 0 0 0

 0 0 0

 0 0 0

 0 0 0

 0 0 0

 0 0 0

 0 0 0

 0 0 0

 0 0 0

 0 0 0

 0 0 0

 0 0 0

 0 0 0

 0 0 0

 0 0 0

 0 0 0

 1 1 1

 1 1 1

 1 1 1

 1 1 1

 1 1 1

 1 1 1

 2 2 2

 2 2 2

 1 1 1

 1 1 1

 1 1 1

 1 1 1

 1 1 1

 1 1 1

 1 1 1

 1 1 1

 1 1 1

 1 1 1

 1 1 1

 1 1 1

 1 1 1

 1 1 1

 2 2 2

 2 2 2

 2 2 2

 2 2 2

 2 2 2

 2 2 2

 3 3 3

 3 3 3

 3 3 3

 3 3 3

 3 3 3

 3 3 3

 3 3 3

 3 3 3

 2 2 2

 2 2 2

 2 2 2

 2 2 2

 2 2 2

 2 2 2

 2 2 2

 2 2 2

 2 2 2

 2 2 2

 2 2 2

 2 2 2

 2 2 2

 2 2 2

 2 2 2

 2 2 2

 0 0 0

 0 0 0

 0 0 0

 0 0 0

 1 1 1

 1 1 1

 0 0 0

 0 0 0

 1 1 1

 1 1 1

 1 1 1

 1 1 1

 1 1 1

 1 1 1

 1 1 1

 1 1 1

 0 0 0

 0 0 0

 2 2 2

 2 2 2

 2 2 2

 2 2 2

 2 2 2

 2 2 2

 2 2 2

 2 2 2

 3 3 3

 3 3 3

 3 3 3

 3 3 3

 2 2 2

 2 2 2

 2 2 2

 2 2 2

 2 2 2

 2 2 2

 3 3 3

 3 3 3

 2 2 2

 2 2 2

 2 2 2

 2 2 2

 1 1 1

 1 1 1

 1 1 1

 1 1 1

 1 1 1

 1 1 1

 0 0 0

 0 0 0

 0 0 0

 0 0 0

 0 0 0

 0 0 0

 0 0 0

 0 0 0

 0 0 0

 0 0 0

 0 0 0

 0 0 0

 0 0 0

 0 0 0

 0 0 0

 0 0 0

 0 0 0

 0 0 0

 0 0 0

 0 0 0

 1 1 1

 1 1 1

 1 1 1

 1 1 1

 1 1 1

 1 1 1

 1 1 1

 1 1 1

 1 1 1

 1 1 1

 1 1 1

 1 1 1

 1 1 1

 1 1 1

 1 1 1

 1 1 1

 1 1 1

 1 1 1

 1 1 1

 1 1 1

 1 1 1

 1 1 1

 1 1 1

 1 1 1

 0 0 0

 0 0 0

 0 0 0

 0 0 0

 0 0 0

 0 0 0

 0 0 0

 0 0 0

 0 0 0

 0 0 0

 0 0 0

 0 0 0

 0 0 0

 0 0 0

 0 0 0

 0 0 0

 1 1 1

 1 1 1

 1 1 1

 1 1 1

 1 1 1

 1 1 1

 2 2 2

 2 2 2

 1 1 1

 1 1 1

 1 1 1

 1 1 1

 1 1 1

 1 1 1

 1 1 1

 1 1 1

 1 1 1

 1 1 1

 1 1 1

 1 1 1

 1 1 1

 1 1 1

 2 2 2

 2 2 2

 2 2 2

 2 2 2

 2 2 2

 2 2 2

 3 3 3

 3 3 3

 3 3 3

 3 3 3

 3 3 3

 3 3 3

 3 3 3

 3 3 3

 2 2 2

 2 2 2

 2 2 2

 2 2 2

 2 2 2

 2 2 2

 2 2 2

 2 2 2

 2 2 2

 2 2 2

 2 2 2

 2 2 2

 2 2 2

 2 2 2

 2 2 2

 2 2 2

 0 0 0

 0 0 0

 0 0 0

 0 0 0

 1 1 1

 1 1 1

 0 0 0

 0 0 0

 1 1 1

 1 1 1

 1 1 1

 1 1 1

 1 1 1

 1 1 1

 1 1 1

 1 1 1

 0 0 0

 0 0 0

 2 2 2

 2 2 2

 2 2 2

 2 2 2

 2 2 2

 2 2 2

 2 2 2

 2 2 2

 3 3 3

 3 3 3

 3 3 3

 3 3 3

 2 2 2

 2 2 2

 2 2 2

 2 2 2

 2 2 2

 2 2 2

 3 3 3

 3 3 3

 2 2 2

 2 2 2

 2 2 2

 2 2 2

 1 1 1

 1 1 1

 1 1 1

 1 1 1

 1 1 1

 1 1 1

 0 0 0

 0 0 0

 0 0 0

 0 0 0

 0 0 0

 0 0 0

