vectors:

 -65.414925 14.395909 -65.081276

 65.383842 14.395436 -65.664520

 -65.984428 14.395434 65.698227

 -64.491982 11.996008 61.422211

 -64.703117 11.508051 53.388428

 -64.694153 11.536528 45.465172

 -64.629890 11.729715 37.523705

 -66.233986 12.355146 28.403423

 -64.430077 12.937988 21.750648

 -67.674141 12.960066 13.842684

 -64.459160 12.935482 5.932970

 -64.462883 12.924887 -1.977947

 -64.447845 12.971367 -9.891105

 -67.026733 13.124420 -17.794357

 -64.540215 12.292590 -25.680836

 -64.527977 12.311046 -33.641006

 -66.699402 13.244915 -41.530735

 -64.448830 12.972736 -49.441818

 -68.218231 12.915361 -57.356716

 65.374519 14.396725 -61.954540

 65.403763 14.397895 -54.192497

 65.388222 14.397779 -46.159657

 65.401634 14.397897 -38.126404

 65.367157 14.396426 -30.091715

 65.356239 14.394876 -22.062071

 65.363396 14.394887 -14.029608

 65.352028 14.395444 -5.995484

 65.360931 14.397108 2.031939

 65.447136 14.399462 10.043200

 65.509735 14.400759 18.089716

 65.488770 14.400781 26.132418

 65.456062 14.400698 34.166672

 65.453018 14.401585 42.177277

 65.651642 14.404787 50.141476

 65.385132 14.406984 58.468563

 -59.182056 14.397206 -68.077095

 -50.509903 14.397252 -65.430168

 -42.052956 14.397180 -67.861847

 -34.285789 14.397107 -66.845932

 -26.418737 14.397260 -65.417427

 -18.396688 14.399325 -65.491180

 -10.329424 14.399325 -65.491180

 -2.307377 14.397260 -65.417427

 5.718613 14.397107 -65.415436

 13.750685 14.397179 -65.424660

 21.783184 14.397179 -65.424675

 29.815681 14.397179 -65.424675

 37.848186 14.397179 -65.424698

 45.880821 14.397182 -65.425049

 53.914627 14.397258 -65.430557

 61.971825 14.396740 -65.351768

 58.180878 14.407017 65.712898

 49.893578 14.407033 66.154114

 41.826317 14.406993 66.137375

 33.723576 14.405335 66.006912

 25.765797 14.400659 65.742744

 17.771559 14.397614 65.687790

 9.734926 14.397765 65.718941

 1.701937 14.397781 65.721291

 -6.331736 14.397710 65.707268

 -14.358778 14.398571 65.712936

 -22.351793 14.401385 65.797478

 -30.315725 14.404990 65.993584

 -38.410141 14.406726 66.134262

 -46.490929 14.406742 66.107292

 -54.644821 14.406712 66.143501

 -62.390007 14.401206 65.817154

 61.338554 10.554871 -57.360779

 53.399918 10.059111 -57.369888

 45.486774 10.070307 -57.364124

 37.575863 10.073398 -57.363483

 29.665146 10.073653 -57.363461

 21.754440 10.073653 -57.363461

 13.843735 10.073675 -57.363453

 5.933710 10.096317 -57.356392

 -1.965994 9.752111 -57.361832

 -9.864725 6.045054 -57.416714

 -17.822742 6.045055 -57.416710

 -25.721474 9.752111 -57.361832

 -33.621178 10.096255 -57.356396

 -41.531261 10.071695 -57.363583

 -49.443466 10.045230 -57.367283

 -57.369644 10.302015 -57.367073

 61.335396 10.358491 -49.442406

 53.400307 9.648261 -49.443211

 45.486790 9.496172 -49.443363

 37.575890 9.472878 -49.443287

 29.665146 9.475977 -49.443115

 21.754440 9.476262 -49.443104

 13.843735 9.476288 -49.443104

 5.933377 9.500750 -49.443207

 -1.970812 9.159516 -49.438137

 -9.871288 5.464652 -49.433903

 -17.816179 5.464651 -49.433903

 -25.716661 9.159267 -49.438156

 -33.620899 9.498796 -49.443287

 -41.531616 9.476880 -49.442772

 -49.442211 9.547734 -49.443302

 -57.346626 10.293925 -49.451405

 61.335037 10.362061 -41.530899

 53.401230 9.633885 -41.530907

 45.487106 9.315581 -41.531326

 37.576019 9.124759 -41.531479

 29.665182 9.102058 -41.531372

 21.754442 9.105179 -41.531212

 13.843734 9.105453 -41.531204

 5.932930 9.115527 -41.531357

 -1.979070 9.106832 -41.531704

 -9.884735 8.788683 -41.528900

 -17.802734 8.788315 -41.528904

 -25.708540 9.100533 -41.531929

 -33.621384 9.116280 -41.531033

 -41.531418 9.180655 -41.530624

 -49.436028 9.302008 -41.541672

 -57.345291 11.925216 -41.531429

 61.338787 10.597835 -33.619400

 53.399986 9.763695 -33.615128

 45.484035 9.306689 -33.619850

 37.576317 8.946495 -33.620716

 29.665621 8.740929 -33.620525

 21.754391 8.704381 -33.620811

 13.843071 8.696958 -33.621170

 5.932246 8.688944 -33.621666

 -1.977548 8.698138 -33.621254

 -9.889501 8.720272 -33.619938

 -17.797646 8.719550 -33.619846

 -25.710609 8.698316 -33.620232

 -33.616360 8.914441 -33.619087

 -41.518864 9.300743 -33.633781

 -49.418991 3.825598 -33.658909

 -57.426369 4.958425 -33.635628

 61.311272 13.526289 -25.710855

 53.384476 11.331479 -25.716167

 45.489998 9.149836 -25.712210

 37.570030 8.523735 -25.719131

 29.663910 8.514927 -25.709366

 21.753948 8.344443 -25.708897

 13.842526 8.395147 -25.708597

 5.933516 8.553838 -25.707745

 -1.977870 8.550549 -25.707302

 -9.887288 8.385370 -25.708710

 -17.800413 8.390561 -25.710133

 -25.714958 8.589037 -25.717331

 -33.601734 10.016442 -25.727013

 -41.533073 11.107305 -25.713654

 -49.442642 4.206215 -25.716324

 -57.437347 4.897672 -25.683567

 61.302441 13.995185 -17.800430

 53.384285 12.626388 -17.810707

 45.521706 6.420338 -17.812969

 37.573524 6.322124 -17.813492

 29.654095 8.279138 -17.804211

 21.751017 8.500269 -17.798489

 13.844880 9.346910 -17.799320

 5.939824 11.258668 -17.807476

 -1.983516 11.260336 -17.808140

 -9.892017 9.308414 -17.800127

 -17.807308 9.177228 -17.795891

 -25.703798 9.480762 -17.787828

 -33.608437 10.417253 -17.790854

 -41.533012 11.789116 -17.791084

 -49.440323 11.518947 -17.813072

 -57.345512 11.379621 -17.798393

 61.304340 13.907762 -9.885530

 53.380463 12.678493 -9.871972

 45.503712 6.495266 -9.881527

 37.571777 6.201520 -9.881113

 29.663374 9.869162 -9.879918

 21.750595 9.704985 -9.893229

 13.848873 9.846913 -9.885485

 5.942098 12.172638 -9.881686

 -1.985640 12.341235 -9.884060

 -9.895213 9.926918 -9.884376

 -17.806896 9.205057 -9.900481

 -25.685123 3.792525 -9.915684

 -33.634716 3.576067 -9.908523

 -41.541679 9.023654 -9.877030

 -49.451324 9.754584 -9.866220

 -57.352509 10.250538 -9.882377

 61.309731 12.477219 -1.972166

 53.384903 11.756254 -1.968510

 45.476837 10.686199 -1.984678

 37.573082 10.044164 -1.986487

 29.670488 9.860472 -1.971916

 21.753834 9.336082 -1.980084

 13.846820 8.741497 -1.980873

 5.935126 9.720754 -1.967412

 -1.979835 9.813891 -1.966107

 -9.890251 8.454923 -1.975422

 -17.792709 7.822987 -1.968201

 -25.672825 2.309130 -1.977330

 -33.649521 2.616384 -1.969652

 -41.541412 8.607153 -1.971284

 -49.442860 9.483804 -1.980006

 -57.366062 10.055056 -1.977985

 61.345230 9.854258 5.917272

 53.396782 8.826758 5.919060

 45.477428 8.268525 5.942521

 37.577904 7.651699 5.945229

 29.666553 7.047949 5.937722

 21.752216 6.741795 5.929751

 13.845950 6.773182 5.927672

 5.930302 8.092961 5.932072

 -1.976715 8.283787 5.934282

 -9.887498 7.762130 5.933733

 -17.802212 7.692483 5.939744

 -25.690510 7.642546 5.946178

 -33.615284 8.203595 5.937320

 -41.523048 9.132934 5.930020

 -49.440292 9.502968 5.931937

 -57.362289 10.073757 5.932981

 61.410915 6.775763 13.816880

 53.399284 5.945061 13.822062

 45.486832 6.127349 13.837012

 37.575153 6.269542 13.842317

 29.661627 6.299294 13.848125

 21.756430 6.011400 13.841433

 13.835999 6.044304 13.837173

 5.937155 6.988564 13.846751

 -1.974878 7.944553 13.845364

 -9.886219 5.802309 13.838510

 -17.799360 4.933424 13.840592

 -25.713697 5.615991 13.853664

 -33.606194 7.677471 13.852955

 -41.519737 8.827422 13.862048

 -49.433773 9.386833 13.854244

 -57.349674 10.099055 13.843344

 61.413376 6.418104 21.752035

 53.395508 5.738437 21.753778

 45.481457 6.009503 21.757273

 37.570740 5.885163 21.769098

 29.663830 4.737446 21.754963

 21.766523 0.725665 21.740997

 13.810368 0.889656 21.724972

 5.927163 6.970735 21.742388

 -1.979295 7.995561 21.752310

 -9.884562 5.162090 21.750772

 -17.787010 3.092985 21.742825

 -25.709225 2.725231 21.741526

 -33.622372 2.854181 21.747322

 -41.531036 4.877554 21.749609

 -49.438736 7.280363 21.759516

 -57.344757 9.600403 21.761045

 61.390728 6.443521 29.664482

 53.386337 5.746681 29.671656

 45.478420 5.367056 29.677141

 37.575516 2.826418 29.669014

 29.671305 1.755895 29.662983

 21.757765 0.042027 29.680059

 13.832174 1.129055 29.678072

 5.943212 7.904329 29.657734

 -1.986187 8.427865 29.654076

 -9.884526 6.156362 29.662619

 -17.785147 2.288497 29.661684

 -25.708494 1.790889 29.662365

 -33.621368 1.194405 29.654203

 -41.536465 0.405934 29.640423

 -49.458282 1.979475 29.631527

 -57.401474 4.819313 29.629025

 61.364422 6.259480 37.559265

 53.392006 4.397285 37.561100

 45.489609 0.629587 37.574257

 37.577095 0.310010 37.563538

 29.661118 0.256588 37.576759

 21.735382 1.006807 37.581497

 13.833709 7.730604 37.562420

 5.939685 8.944639 37.559410

 -1.982357 8.898117 37.567810

 -9.896773 7.661608 37.567879

 -17.791321 2.628363 37.574356

 -25.696987 0.647721 37.574234

 -33.620354 0.456796 37.574764

 -41.533112 -0.233590 37.572041

 -49.447361 -1.250328 37.540207

 -57.495003 -0.060861 37.503422

 61.446796 3.319089 45.416580

 53.443859 -1.636492 45.440907

 45.489876 -1.255479 45.472603

 37.575096 -1.156497 45.480923

 29.630835 -0.877913 45.484264

 21.755489 3.228926 45.485249

 13.879930 8.912602 45.473103

 5.935047 9.349716 45.479530

 -1.978217 9.335774 45.481773

 -9.910418 8.906920 45.477524

 -17.795475 3.997138 45.483711

 -25.683277 -0.368647 45.485882

 -33.618652 -0.812753 45.486202

 -50.172997 -2.763645 45.363373

 -57.519867 -1.609843 45.461151

 61.665035 -1.698918 53.317497

 53.394489 -2.915491 53.355751

 45.485634 -2.640515 53.376366

 37.553837 -2.648888 53.388424

 29.595425 -1.564559 53.423080

 21.726208 7.019567 53.391403

 13.857314 9.571337 53.384575

 5.933150 9.665133 53.396450

 -1.977428 9.677239 53.396088

 -9.902210 9.413542 53.391491

 -17.783707 5.522767 53.404648

 -25.652573 0.182872 53.413448

 -33.586109 -2.127747 53.384323

 -41.476601 -3.352002 54.055775

 -49.277416 -3.207113 53.170650

 -57.540958 -1.849314 53.382122

 61.082432 -1.586875 61.066910

 53.403168 -2.051195 61.672592

 45.482635 -2.000804 61.631443

 37.491898 -1.746982 61.635399

 29.581390 2.370678 61.448875

 21.755428 9.791973 61.305565

 13.844002 10.403198 61.309837

 5.933072 10.373697 61.328724

 -1.977534 10.383345 61.324009

 -9.888917 10.247178 61.312984

 -17.778194 7.770346 61.349495

 -25.617931 2.854056 61.458706

 -33.520420 -1.352229 61.624920

 -41.526665 -1.639836 61.624897

 -49.445721 -1.659112 61.634705

 -57.550549 -0.679790 61.592014

 63.282253 11.903138 -59.319279

 64.162956 14.395609 -65.616325

 53.403931 9.639427 -53.405190

 -64.764618 14.396090 65.676636

 -64.638824 13.187029 63.511665

 57.469448 -2.277037 61.762825

 -64.751495 11.431349 57.402176

 57.371639 -3.505207 53.274086

 -64.688156 11.531357 49.424091

 57.583572 -0.127521 45.295349

 -64.703461 11.590154 41.491634

 57.367287 4.795870 37.505287

 -64.593727 11.986022 33.573429

 57.338257 5.429326 29.661915

 -66.153572 12.697710 24.468315

 57.354515 5.366222 21.745609

 -64.409454 13.021664 17.796669

 57.370708 5.725174 13.770698

 -67.684860 12.941885 9.887907

 57.374184 8.974571 5.860639

 -64.459740 12.933939 1.977666

 57.344772 12.102383 -1.971158

 -64.471748 12.897449 -5.935144

 57.320702 13.744038 -9.878952

 -64.399918 13.170333 -13.838527

 57.312534 13.800446 -17.808270

 -67.038063 12.750773 -21.746239

 57.315910 12.586839 -25.731953

 -64.690353 12.068069 -29.661650

 57.369865 9.939396 -33.600216

 -66.698936 12.833846 -37.573658

 57.368881 9.667103 -41.528805

 -64.392982 13.250887 -45.492634

 57.368706 9.658350 -49.446133

 -68.243782 12.822273 -53.399307

 -67.042473 13.048758 -61.933773

 65.365173 14.395555 -64.407242

 63.323578 11.562857 -51.431129

 65.418930 14.397982 -58.192825

 63.314278 11.581150 -43.519508

 65.389771 14.397792 -50.176048

 63.344330 11.561289 -35.606209

 65.389374 14.397790 -42.143333

 63.258751 13.263076 -27.673096

 65.416283 14.398005 -34.113132

 63.247196 13.750260 -19.779812

 65.332405 14.394828 -26.074413

 63.252468 13.771719 -11.868219

 65.362663 14.394926 -18.045979

 63.238579 13.080479 -3.946797

 65.360909 14.394834 -10.013906

 63.262901 11.642704 3.951840

 65.332001 14.396094 -1.981927

 63.467556 9.701163 11.776234

 65.398285 14.398266 6.045129

 63.580727 9.248426 19.721033

 65.513527 14.400614 14.067435

 63.559044 9.250629 27.639778

 65.492134 14.400783 22.114914

 63.435413 9.317194 35.555668

 65.484596 14.400768 30.148478

 63.437332 8.082275 43.427700

 65.443169 14.400750 38.167862

 64.072441 4.962556 51.119827

 65.491547 14.402672 46.171192

 61.348682 11.773256 -61.291782

 65.913116 14.406852 54.192364

 53.403919 11.447999 -61.328789

 63.353592 11.542313 -55.366116

 -62.484497 14.396691 -65.399200

 -53.403976 9.984666 -57.379143

 -55.164600 14.397464 -68.093460

 -45.487061 10.062946 -57.364380

 -46.069321 14.397187 -67.862495

 -37.575871 10.074458 -57.363052

 -38.460564 14.397173 -65.423927

 -29.671314 10.172938 -57.327492

 -30.431459 14.396892 -65.388168

 -21.767708 7.918193 -57.387596

 -22.407587 14.398284 -65.438972

 -13.843735 5.541125 -57.492977

 -14.363058 14.399861 -65.572800

 -5.919760 7.918191 -57.387596

 -6.318525 14.398284 -65.438972

 1.983848 10.172941 -57.327492

 1.705349 14.396892 -65.388168

 9.888399 10.075039 -57.363026

 9.734449 14.397173 -65.423927

 17.799088 10.073652 -57.363461

 17.766933 14.397179 -65.424675

 25.709791 10.073653 -57.363461

 25.799431 14.397179 -65.424675

 33.620499 10.073647 -57.363461

 33.831932 14.397179 -65.424683

 41.531296 10.071379 -57.363743

 41.864487 14.397181 -65.424812

 49.442532 10.066404 -57.366150

 49.897316 14.397198 -65.426254

 59.909321 4.484193 63.551895

 57.937271 14.397427 -65.437729

 55.594658 4.311894 64.440643

 62.594345 14.407166 62.922131

 47.577812 4.363862 64.317612

 53.931274 14.407140 66.280014

 39.505283 4.403862 64.350288

 45.876392 14.407016 66.129578

 31.404844 6.553158 63.852844

 37.779961 14.406805 66.108582

 23.696129 10.778494 63.357162

 29.745430 14.403567 65.892876

 15.833034 11.622717 63.287498

 21.776175 14.397855 65.651344

 7.921796 11.584555 63.311306

 13.751057 14.397743 65.715652

 0.010698 11.580937 63.313122

 5.718244 14.397779 65.721039

 -7.904129 11.622795 63.278095

 -2.314461 14.397773 65.719818

 -15.804075 10.512835 63.286831

 -10.344913 14.397739 65.690437

 -23.578838 7.811784 63.490051

 -18.362711 14.399622 65.752098

 -31.292814 5.037241 64.101311

 -26.340582 14.403232 65.882179

 -39.406334 4.566205 64.306564

 -34.354637 14.406533 66.102669

 -47.342319 4.576849 64.265923

 -42.471672 14.406746 66.114594

 -55.781811 4.743172 64.284058

 -50.515373 14.406740 66.110901

 45.487133 11.468744 -61.322189

 -58.683220 14.406293 66.116158

 37.575886 11.472526 -61.320759

 29.665146 11.472710 -61.320679

 21.754440 11.472710 -61.320679

 13.843737 11.472725 -61.320671

 5.935196 11.489824 -61.313583

 -1.950552 11.292992 -61.333488

 -9.826100 9.205343 -61.507149

 -17.861366 9.205346 -61.507149

 -25.736917 11.292993 -61.333492

 -33.622665 11.489823 -61.313583

 -41.531281 11.472264 -61.320839

 -49.444729 11.453245 -61.325489

 -57.377144 11.593585 -61.313660

 -61.315647 11.587483 -57.375397

 61.362064 10.294326 -53.400909

 45.487244 9.576626 -53.404736

 63.315163 11.579571 -47.453388

 37.575893 9.578280 -53.404408

 29.665146 9.580393 -53.404221

 21.754440 9.580399 -53.404221

 13.843739 9.580415 -53.404217

 5.936419 9.598413 -53.400959

 -1.934596 9.167666 -53.403507

 -9.826607 5.090021 -53.421196

 -17.860863 5.090021 -53.421192

 -25.752872 9.167661 -53.403507

 -33.623894 9.597748 -53.400986

 -41.531620 9.567662 -53.404922

 -49.448872 9.529524 -53.406776

 -57.389969 9.952453 -53.401379

 61.330891 10.371555 -45.486588

 49.442669 9.569891 -49.443390

 41.531322 9.471006 -49.443668

 33.620514 9.473864 -49.443203

 25.709791 9.476249 -49.443104

 17.799088 9.476262 -49.443104

 9.888391 9.477768 -49.443123

 1.980891 9.584474 -49.442184

 -5.922100 7.326868 -49.415619

 -13.843735 4.955052 -49.415897

 -21.765368 7.326856 -49.415623

 -29.668404 9.582394 -49.442287

 -37.576057 9.480352 -49.442833

 -45.487034 9.467851 -49.443306

 -53.400490 9.728065 -49.445690

 53.400047 9.643082 -45.486752

 -61.287136 11.646889 -49.444225

 45.486992 9.397272 -45.487041

 63.322124 11.567030 -39.542049

 37.576046 9.295760 -45.487209

 29.665159 9.298903 -45.486729

 21.754440 9.301304 -45.486622

 13.843734 9.301333 -45.486622

 5.932503 9.319022 -45.486969

 -1.979973 9.147928 -45.484863

 -9.862597 7.152983 -45.484417

 -17.824869 7.152971 -45.484417

 -25.707546 9.145675 -45.484970

 -33.620373 9.316073 -45.486996

 -41.533012 9.365340 -45.485500

 -49.432995 9.790658 -45.498287

 -57.268860 11.542451 -45.545036

 61.360538 10.310810 -37.573071

 49.443539 9.477786 -41.531162

 41.531773 9.198583 -41.531605

 33.620583 9.099968 -41.531681

 25.709806 9.103069 -41.531307

 17.799088 9.105439 -41.531204

 9.888378 9.105996 -41.531212

 1.976799 9.162138 -41.531967

 -5.931882 8.953025 -41.533276

 -13.843735 8.686210 -41.515442

 -21.755602 8.949727 -41.533318

 -29.664923 9.140820 -41.532539

 -37.575363 9.202325 -41.526066

 -45.479038 9.098648 -41.542084

 -53.449814 10.425507 -41.584820

 53.408730 9.586738 -37.572815

 -61.268482 12.677830 -41.530022

 45.488533 9.271971 -37.575638

 63.278332 11.985445 -31.643778

 37.576427 9.003145 -37.576256

 29.665356 8.903313 -37.576424

 21.754448 8.905689 -37.575962

 13.843696 8.907457 -37.575886

 5.932729 8.915517 -37.575710

 -1.981327 8.963691 -37.573784

 -9.896075 9.016706 -37.568951

 -17.791386 9.013708 -37.568981

 -25.707020 8.937350 -37.574562

 -33.624069 8.922692 -37.576408

 -41.522144 9.115829 -37.577583

 -49.362293 6.599240 -37.578247

 -57.355869 8.640929 -37.486996

 61.357018 12.057007 -29.665295

 49.442028 9.525442 -33.616180

 41.531315 9.091172 -33.621529

 33.621300 8.823928 -33.620728

 25.709953 8.711788 -33.620678

 17.798742 8.698486 -33.620930

 9.887602 8.692965 -33.621323

 1.977416 8.699758 -33.621693

 -5.933579 8.709571 -33.620876

 -13.843557 8.713275 -33.619263

 -21.753933 8.695197 -33.620766

 -29.667049 8.722980 -33.617035

 -37.543762 9.511593 -33.620991

 -45.472588 6.583633 -33.722103

 -53.453861 3.534769 -33.711800

 53.395115 10.495605 -29.661886

 -61.494007 8.698858 -33.689487

 45.471043 9.412130 -29.665155

 63.251446 13.726124 -23.728294

 37.575989 8.995396 -29.666689

 29.667149 8.665116 -29.664165

 21.754112 8.492276 -29.666306

 13.840235 8.441798 -29.668592

 5.929364 8.406649 -29.671341

 -1.973851 8.406941 -29.671255

 -9.885687 8.434531 -29.668915

 -17.800190 8.445080 -29.668125

 -25.717262 8.495270 -29.667675

 -33.612877 9.349752 -29.661655

 -41.483486 10.032403 -29.643724

 -49.375103 3.146983 -29.670807

 -57.573345 4.028541 -29.659502

 61.294323 13.926888 -21.759512

 49.445335 10.154866 -25.713535

 41.541042 8.635663 -25.734795

 33.615189 8.496923 -25.715052

 25.708538 8.457245 -25.706001

 17.797646 8.326189 -25.707561

 9.888309 8.483132 -25.707586

 1.977798 8.604433 -25.714029

 -5.932490 8.465523 -25.706995

 -13.843775 8.358556 -25.707729

 -21.757708 8.413974 -25.711035

 -29.672499 9.171798 -25.716490

 -37.515038 11.082013 -25.768808

 -45.553810 7.774799 -25.710938

 -53.450195 3.621809 -25.608250

 53.359966 12.083473 -21.774403

 -61.527534 8.626416 -25.607519

 45.510529 6.851070 -21.758066

 63.251202 13.773336 -15.818748

 37.542301 6.457718 -21.789602

 29.653534 8.273397 -21.760191

 21.751829 8.307585 -21.752445

 13.841095 8.790697 -21.746820

 5.939318 9.802155 -21.735554

 -1.982461 9.790184 -21.733814

 -9.886099 8.762724 -21.747358

 -17.805710 8.786224 -21.758123

 -25.719706 9.403905 -21.795919

 -33.566429 10.741222 -21.794952

 -41.551277 11.813476 -21.772966

 -49.414181 8.123631 -21.921907

 -57.380005 8.321989 -21.844345

 61.305126 14.041246 -13.843569

 49.444775 9.529248 -17.838228

 41.619583 6.390146 -17.837154

 33.586315 6.417119 -17.838699

 25.702936 8.624897 -17.800064

 17.790148 8.760546 -17.791512

 9.896190 10.336698 -17.808674

 1.978251 11.532790 -17.829693

 -5.937588 10.272383 -17.809076

 -13.849848 9.132298 -17.789963

 -21.758188 9.288156 -17.782644

 -29.669729 9.778062 -17.824680

 -37.552422 11.239648 -17.777302

 -45.494041 11.811399 -17.811737

 -53.384232 11.181946 -17.765053

 53.394600 12.710887 -13.840716

 -61.293518 12.180927 -17.780434

 45.578812 6.310528 -13.833136

 63.244377 13.592321 -7.908385

 37.555843 6.306561 -13.800703

 29.637823 8.968302 -13.822823

 21.748512 9.125537 -13.848257

 13.858360 9.755734 -13.850691

 5.958298 12.079147 -13.872696

 -2.002772 12.174046 -13.879205

 -9.912805 9.828574 -13.856634

 -17.830448 9.376701 -13.844446

 -25.653198 6.885523 -13.741242

 -33.606499 7.164764 -13.757238

 -41.531746 10.547110 -13.787710

 -49.478374 11.115645 -13.759442

 -57.298031 11.244183 -13.788474

 61.302887 13.331006 -5.915282

 49.421299 9.671053 -9.832810

 41.575676 6.142665 -9.829647

 33.613705 6.839504 -9.853637

 25.698570 10.078921 -9.907845

 17.800367 9.559746 -9.889956

 9.894629 10.992586 -9.879933

 1.982720 12.598441 -9.871758

 -5.943780 11.127592 -9.884517

 -13.848760 9.731770 -9.873583

 -21.773813 6.564454 -9.941188

 -29.648350 2.961183 -10.003730

 -37.577473 6.316361 -9.904667

 -45.492252 9.747250 -9.835799

 -53.402191 9.796113 -9.882555

 53.357388 12.404575 -5.918579

 -61.303963 11.580427 -9.896409

 45.477406 8.896317 -6.038489

 63.268768 12.573915 -0.009027

 37.550659 8.139130 -6.048605

 29.683498 10.200499 -5.931735

 21.750059 9.812284 -5.930830

 13.857447 9.488485 -5.917080

 5.950522 11.112850 -5.888373

 -1.993870 11.239229 -5.890258

 -9.898201 9.259988 -5.918266

 -17.767302 8.415320 -5.954906

 -25.622620 2.275972 -6.019097

 -33.728271 2.261151 -5.989038

 -41.603695 8.493762 -5.936519

 -49.452354 9.405816 -5.930402

 -57.376114 10.005446 -5.935227

 61.305710 11.279482 1.995899

 49.427891 11.238935 -1.980518

 41.534870 10.221325 -1.978254

 33.621876 9.949954 -1.983389

 25.708424 9.670250 -1.969912

 17.807224 8.910081 -1.995728

 9.887570 9.177044 -1.978398

 1.980098 9.972942 -1.941159

 -5.936038 9.121884 -1.968284

 -13.842917 8.398290 -1.981691

 -21.728365 5.071780 -1.921482

 -29.672617 1.704485 -1.939902

 -37.592995 5.631633 -1.936240

 -45.484024 9.422491 -1.986894

 -53.405899 9.560931 -1.978971

 53.371658 10.470301 2.020496

 -61.323368 11.460074 -1.979064

 45.438156 9.898941 2.060560

 63.428886 10.933158 7.877615

 37.579960 9.240260 2.058750

 29.673906 8.516836 2.008402

 21.752708 8.002452 1.971934

 13.841503 7.672004 1.962939

 5.926386 8.789436 1.968357

 -1.974350 8.899859 1.969896

 -9.888228 8.118843 1.976659

 -17.792919 7.845219 1.981000

 -25.601223 5.069272 1.936540

 -33.644432 5.427607 1.964002

 -41.525352 8.864131 1.977223

 -49.441124 9.495281 1.975612

 -57.363579 10.068350 1.977665

 61.407192 8.186892 9.832366

 49.434887 8.566129 5.936077

 41.528347 7.951852 5.943995

 33.623146 7.336365 5.941010

 25.709007 6.878216 5.934370

 17.800203 6.640338 5.918157

 9.883909 7.402776 5.925591

 1.979349 8.351811 5.946963

 -5.934319 8.040939 5.936072

 -13.844858 7.710330 5.933209

 -21.746687 7.621212 5.936115

 -29.660263 7.769488 5.965337

 -37.566772 8.701677 5.925964

 -45.478195 9.404126 5.927340

 -53.402466 9.587975 5.932902

 53.405468 7.182947 9.826496

 -61.319290 11.474100 5.932723

 45.488441 6.976571 9.853350

 63.619194 9.322436 15.823904

 37.580147 6.743618 9.870326

 29.662634 6.568006 9.885857

 21.745932 6.536408 9.883838

 13.859822 6.604381 9.882873

 5.931807 7.483943 9.887739

 -1.975324 8.035907 9.891687

 -9.884430 6.807665 9.893323

 -17.814112 6.490373 9.936341

 -25.713934 7.218789 9.993762

 -33.562920 8.633315 9.921848

 -41.497375 9.302143 9.892263

 -49.431053 9.567550 9.889485

 -57.356007 10.099081 9.887994

 61.457321 6.428007 17.783371

 49.442364 6.057073 13.834043

 41.531319 6.208110 13.840179

 33.618217 6.333970 13.853227

 25.709597 6.155153 13.848819

 17.796623 5.874581 13.802782

 9.880631 6.439832 13.842943

 2.009622 7.735139 13.856539

 -5.956297 7.004958 13.839609

 -13.830758 5.180647 13.825596

 -21.763088 5.106159 13.829779

 -29.668438 6.602959 13.844166

 -37.560791 8.328636 13.860632

 -45.476261 9.146046 13.862596

 -53.394241 9.565296 13.846651

 53.402641 5.643686 17.791489

 -61.300278 11.513854 13.839505

 45.485153 5.957883 17.799976

 63.568672 9.245134 23.777710

 37.566036 6.187032 17.804625

 29.649763 5.687994 17.813400

 21.771980 3.422805 17.811609

 13.787466 3.482595 17.787617

 5.931621 6.868367 17.798758

 -1.970195 7.895320 17.799088

 -9.870574 5.295677 17.786524

 -17.785320 3.854710 17.770018

 -25.709845 4.033230 17.773170

 -33.600643 5.299491 17.821833

 -41.505310 7.139908 17.878567

 -49.405853 8.676861 17.846699

 -57.304398 10.123585 17.799892

 61.401237 6.433582 25.709272

 49.439594 5.940823 21.758413

 41.526955 5.999606 21.767387

 33.608509 5.531634 21.779102

 25.728453 2.698345 21.740999

 17.788326 0.161058 21.680269

 9.859763 3.893448 21.678928

 2.007168 8.082159 21.751907

 -5.979267 6.765083 21.744175

 -13.807358 3.937289 21.739523

 -21.747845 2.765355 21.728918

 -29.664944 2.687358 21.733765

 -37.590164 3.733677 21.734333

 -45.486633 6.077501 21.748814

 -53.414551 8.312958 21.733681

 53.388149 5.825237 25.712116

 -61.294121 11.325893 21.740580

 45.460209 5.984504 25.716633

 63.537540 9.269863 31.688225

 37.564987 4.522283 25.755751

 29.677443 3.202695 25.701674

 21.786411 -0.057907 25.707949

 13.742785 0.288999 25.702097

 5.888862 7.299099 25.713938

 -1.983042 8.166938 25.706612

 -9.870054 5.535729 25.715244

 -17.771223 2.566258 25.697294

 -25.710619 2.120618 25.695560

 -33.633545 1.744858 25.677841

 -41.535221 2.408207 25.631002

 -49.436996 4.698440 25.716854

 -57.322998 7.481853 25.767385

 61.317501 6.506689 33.617958

 49.432663 5.739770 29.692532

 41.530602 4.101860 29.657574

 33.618660 2.281740 29.669146

 25.737001 0.785204 29.677876

 17.769974 0.015601 29.722324

 9.954530 4.605305 29.652651

 1.979075 8.722963 29.624104

 -5.978558 7.563665 29.649328

 -13.801417 4.092772 29.653595

 -21.746841 1.802919 29.663292

 -29.664846 1.527375 29.656960

 -37.572765 0.684858 29.628729

 -45.507549 1.027784 29.627577

 -53.467499 2.998101 29.557198

 53.350094 5.444049 33.629288

 -61.457069 8.686874 29.561432

 45.466396 3.099119 33.669449

 63.527679 9.043255 39.531471

 37.582241 1.453058 33.606361

 29.670944 0.872839 33.609158

 21.714235 0.405540 33.632198

 13.814281 4.416593 33.635551

 5.961386 8.459719 33.610226

 -1.984013 8.667398 33.610844

 -9.883226 6.889998 33.618526

 -17.780149 2.354755 33.620239

 -25.700264 1.234861 33.618717

 -33.619713 0.804450 33.615059

 -41.545242 -0.152264 33.606918

 -49.469650 0.037371 33.523518

 -57.507515 2.164893 33.503014

 61.332191 5.019079 41.522110

 49.450310 2.502360 37.562019

 41.531910 0.269839 37.546738

 33.619621 0.262928 37.561611

 25.698595 0.206866 37.609436

 17.726652 4.290453 37.561882

 9.905125 8.763920 37.512241

 1.979730 9.038713 37.557144

 -5.956999 8.619284 37.550816

 -13.869333 5.205215 37.556728

 -21.705368 1.297099 37.578247

 -29.662102 0.480303 37.571239

 -37.577206 0.160153 37.574787

 -45.485249 -0.777774 37.551655

 -53.430099 -1.434116 37.460434

 53.399963 1.361951 41.502365

 -61.905827 5.803166 37.374825

 45.509995 -0.534482 41.511841

 63.733448 7.215905 47.317078

 37.578224 -0.497765 41.515118

 29.634760 -0.344576 41.526485

 21.761993 1.988837 41.536285

 13.894665 8.632290 41.512199

 5.944153 9.221667 41.516422

 -1.980735 9.134186 41.524200

 -9.906303 8.331409 41.521214

 -17.785133 3.243778 41.533939

 -25.676819 0.048795 41.525181

 -33.619476 -0.150485 41.531265

 -41.484039 -1.397740 40.628082

 -49.283005 -2.194521 41.546143

 -57.552814 -1.089482 41.471169

 61.611736 0.654225 49.270138

 49.442371 -1.616594 45.438667

 41.533306 -1.175246 45.475140

 33.611988 -1.275208 45.479729

 25.589468 0.787136 45.492844

 17.935703 6.355709 45.451241

 9.896224 9.489337 45.452057

 1.978232 9.327084 45.483913

 -5.937218 9.442881 45.463211

 -13.947958 6.734596 45.464146

 -21.648495 1.497007 45.484161

 -29.656023 -0.858383 45.486446

 -36.732662 -1.725375 45.378616

 -53.350151 -2.504081 45.446686

 53.459675 -2.529333 49.399204

 -62.175873 4.821066 45.399849

 45.489552 -1.945161 49.426842

 64.440483 4.370007 55.397621

 37.567169 -1.907248 49.432972

 29.589920 -1.374927 49.434528

 21.719141 5.122767 49.444218

 13.872793 9.250379 49.430996

 5.933982 9.520304 49.437637

 -1.978333 9.533152 49.437954

 -9.913928 9.217195 49.433823

 -17.793488 4.767133 49.442020

 -25.672405 -0.196163 49.448223

 -33.607895 -1.455568 49.438343

 -50.171070 -3.017821 49.320900

 -57.511837 -1.719150 49.423218

 61.819851 -2.322263 57.423790

 49.441891 -2.725876 53.369877

 41.521313 -2.660340 53.379047

 33.570023 -2.641455 53.443432

 25.575457 2.601154 53.377438

 17.858448 8.842156 53.338268

 9.890088 9.747345 53.382481

 1.977676 9.650290 53.398949

 -5.931556 9.793035 53.380672

 -13.933363 7.818264 53.374241

 -21.673738 2.735177 53.412895

 -29.575550 -1.315161 53.409283

 -37.641640 -2.942980 53.173882

 -45.435284 -3.372117 54.054008

 -53.389652 -2.981138 53.378498

 53.397034 -3.833125 57.295639

 -62.145378 4.734173 53.372498

 45.475952 -3.670698 57.277855

 63.563347 4.480331 59.879730

 37.455635 -3.492466 57.323158

 29.449286 -0.576522 57.510643

 21.679785 8.128956 57.393627

 13.843923 9.694715 57.346317

 5.933073 9.689206 57.362095

 -1.974832 9.696624 57.359207

 -9.863912 9.466288 57.352966

 -17.682823 6.129364 57.405685

 -25.506994 0.629763 57.437504

 -33.481327 -2.975739 57.319366

 -41.519920 -3.279868 57.283092

 -49.449451 -3.332267 57.301949

 -57.662708 -2.302383 57.387199

 49.437317 -1.987040 61.614498

 41.493511 -2.034996 61.671219

 33.414700 -0.089969 61.680046

 25.763580 6.272173 61.280560

 17.802034 10.467867 61.224091

 9.888805 10.397898 61.319767

 1.977681 10.370623 61.329819

 -5.931821 10.448635 61.291573

 -13.875484 9.268064 61.263443

 -21.714911 5.387378 61.375690

 -29.474558 0.488054 61.623444

 -37.527161 -1.691826 61.681755

 -45.484215 -1.619562 61.608948

 -53.505848 -1.800934 61.752087

 -61.675018 5.669244 61.689713

 -63.086464 11.656704 63.456066

 57.367214 10.007210 -57.391808

 63.280384 12.941358 -62.904510

 -59.696507 6.173904 63.675182

 -51.595264 4.566090 64.305046

 -43.621021 4.574435 64.282822

 -35.493885 4.613658 64.359467

 -27.472855 6.844361 63.863049

 -19.712831 9.697494 63.504448

 -11.867357 11.353205 63.325069

 -3.966925 11.597444 63.303837

 3.944630 11.580010 63.313614

 11.857274 11.599427 63.302132

 19.785320 11.673079 63.225544

 27.572332 7.810501 63.387199

 35.290977 4.802759 64.148529

 43.366409 4.358124 64.333092

 51.291363 4.359354 64.322739

 57.380810 11.411587 -61.340889

 49.443588 11.459498 -61.325371

 41.531437 11.471421 -61.321190

 33.620499 11.472697 -61.320686

 25.709791 11.472710 -61.320679

 17.799088 11.472709 -61.320679

 9.888514 11.473709 -61.320267

 1.991012 11.552596 -61.285080

 -5.887342 10.260534 -61.406452

 -13.843735 8.881111 -61.615246

 -21.800125 10.260541 -61.406452

 -29.678482 11.552594 -61.285080

 -37.575985 11.473657 -61.320274

 -45.487144 11.469095 -61.321846

 -53.410095 11.397450 -61.337322

 -61.304382 12.283585 -61.300339

 -61.340328 11.374784 -53.405708

 -61.207207 12.457625 -45.514843

 -61.345917 10.839240 -37.558781

 -61.699970 8.082441 -29.651110

 -61.386852 10.523252 -21.732611

 -61.237724 12.156734 -13.818738

 -61.332729 11.424083 -5.941025

 -61.320915 11.469602 1.977573

 -61.311451 11.494768 9.886502

 -61.253105 11.593023 17.789845

 -61.306469 10.184795 25.691473

 -61.725479 7.125432 33.431671

 -62.110523 5.154697 41.375671

 -62.169601 4.771599 49.373631

 -62.087505 4.559213 57.537617

 57.381672 9.626081 -53.418179

 49.443760 9.607181 -53.404446

 41.531597 9.329433 -45.487339

 33.620914 8.937513 -37.576553

 41.531487 9.569704 -53.405174

 33.620499 9.580153 -53.404236

 25.709791 9.580400 -53.404221

 17.799088 9.580399 -53.404221

 9.888586 9.581448 -53.404030

 1.998680 9.653421 -53.387016

 -5.875398 7.141644 -53.402500

 -13.843735 4.538509 -53.448959

 -21.812071 7.141644 -53.402500

 -29.686152 9.653278 -53.387020

 -37.576107 9.577871 -53.404198

 -45.488926 9.530859 -53.406906

 -53.418877 9.542630 -53.406685

 57.366360 9.668020 -45.487087

 25.709793 9.301022 -45.486633

 17.799088 9.301316 -45.486622

 9.888350 9.302356 -45.486637

 1.974840 9.387321 -45.488209

 -5.920019 8.160985 -45.475243

 -13.843735 6.844899 -45.463528

 -21.767452 8.160672 -45.475250

 -29.662573 9.375677 -45.488766

 -37.576817 9.346769 -45.483894

 -45.486038 9.478595 -45.491276

 -53.378315 10.503985 -45.541248

 33.622845 8.814149 -29.664803

 57.384449 9.636228 -37.561531

 33.620579 9.289247 -45.487179

 25.709877 8.896569 -37.576389

 17.799067 8.907398 -37.575882

 9.888321 8.907712 -37.575882

 1.976065 8.956837 -37.574764

 -5.939595 8.994393 -37.573643

 -13.843725 8.981797 -37.564529

 -21.748007 8.976251 -37.573914

 -29.666832 8.895023 -37.575634

 -37.568893 9.239595 -37.568859

 -45.428635 7.788485 -37.618385

 -53.415958 7.104689 -37.593815

 33.582386 6.711636 -21.792240

 57.376183 11.224072 -29.663816

 41.532784 9.114943 -37.576202

 25.710470 8.578328 -29.663942

 17.797173 8.448018 -29.667212

 9.884306 8.426361 -29.669401

 1.977804 8.423869 -29.673229

 -5.929279 8.419350 -29.669455

 -13.842810 8.431129 -29.668179

 -21.758543 8.422928 -29.667397

 -29.675209 8.815299 -29.660986

 -37.512383 10.189781 -29.674925

 -45.440292 6.649821 -29.698793

 -53.495502 2.608297 -29.649998

 33.569393 6.520686 -13.811179

 57.285290 13.354028 -21.780849

 41.526432 9.107647 -29.673092

 25.704050 8.419260 -21.751156

 17.792549 8.447442 -21.746590

 9.892481 9.320157 -21.743740

 1.978238 9.957423 -21.748375

 -5.934157 9.266134 -21.742182

 -13.845244 8.688607 -21.747036

 -21.767132 9.031142 -21.772272

 -29.656883 9.944453 -21.806271

 -37.523918 11.620429 -21.792099

 -45.531219 10.106853 -21.837465

 -53.389141 7.620449 -21.823826

 33.616081 9.174765 -5.974767

 57.318386 13.884633 -13.843764

 41.566463 6.521996 -21.802555

 25.690899 9.329750 -13.848052

 17.798037 9.244681 -13.843777

 9.913105 10.930903 -13.862626

 1.980283 12.454124 -13.885865

 -5.960767 10.993609 -13.871998

 -13.874743 9.619890 -13.841381

 -21.748310 8.147862 -13.808004

 -29.630684 6.579821 -13.811300

 -37.547253 8.915635 -13.773720

 -45.506714 11.090806 -13.762350

 -53.386238 10.971010 -13.761089

 33.630112 8.871038 2.030927

 57.319054 13.101454 -5.905987

 41.632271 6.308577 -13.796567

 25.711382 10.196220 -5.932389

 17.807793 9.475224 -5.935129

 9.902920 10.260777 -5.902056

 1.981864 11.454441 -5.865749

 -5.950554 10.243852 -5.901091

 -13.836252 9.078488 -5.929466

 -21.692390 5.375590 -5.985037

 -29.673220 1.454855 -6.039783

 -37.677479 5.382250 -5.954132

 -45.516705 9.340674 -5.917123

 -53.413586 9.501260 -5.938752

 33.621918 6.663718 9.881991

 57.344173 10.682031 1.982596

 41.533974 8.099100 -6.024523

 25.711578 8.273997 1.992514

 17.800964 7.716213 1.954321

 9.879562 8.187833 1.960897

 1.977589 9.017941 1.988257

 -5.931779 8.506622 1.974580

 -13.846160 8.113696 1.974735

 -21.684723 6.443123 1.985316

 -29.630054 4.789082 1.985112

 -37.584618 7.170764 1.985457

 -45.476192 9.411700 1.967033

 -53.404114 9.576550 1.977480

 33.602448 6.087077 17.822155

 57.396351 7.168692 9.771181

 41.512646 9.520146 2.060359

 25.702707 6.543671 9.887308

 17.803812 6.459419 9.863310

 9.892887 6.993092 9.883658

 1.989809 7.957681 9.902267

 -5.939431 7.490654 9.892418

 -13.845475 6.531940 9.905272

 -21.772432 6.747591 9.956462

 -29.648705 7.860518 9.959404

 -37.523815 9.036353 9.902958

 -45.464016 9.486091 9.892109

 -53.394619 9.638541 9.888332

 33.611893 3.980514 25.741262

 57.385029 5.336926 17.759291

 41.534603 6.860578 9.862259

 25.717834 4.547035 17.808628

 17.780514 3.049891 17.748688

 9.844555 5.114314 17.768074

 2.016779 7.818816 17.808638

 -5.957681 6.755445 17.788380

 -13.806902 4.377373 17.766520

 -21.752050 3.783154 17.752558

 -29.660192 4.586228 17.786945

 -37.557789 6.195455 17.847836

 -45.455433 7.938671 17.866503

 -53.365658 9.258585 17.810438

 33.626747 1.143171 33.599777

 57.342449 5.431872 25.707870

 41.526840 6.106224 17.804728

 25.763914 1.500809 25.706432

 17.758495 -0.548979 25.700159

 9.830744 3.800483 25.675518

 1.974608 8.344770 25.695360

 -5.973286 7.082828 25.703718

 -13.784364 3.884597 25.699440

 -21.740995 2.158807 25.689861

 -29.672186 1.898904 25.682878

 -37.588436 1.932630 25.633717

 -45.496304 3.460964 25.660580

 -53.413986 5.848213 25.699791

 33.609032 -0.549327 41.512840

 57.293644 5.402202 33.593315

 41.511078 5.298641 25.732729

 25.712862 0.364221 33.639156

 17.681417 2.077322 33.653435

 9.954582 6.705757 33.598522

 1.987086 8.904902 33.587860

 -5.966629 8.087777 33.602016

 -13.821240 4.579768 33.608532

 -21.725353 1.503402 33.623436

 -29.660484 1.016963 33.614418

 -37.579609 0.293962 33.606709

 -45.504543 -0.171938 33.558678

 -53.498528 0.498524 33.434361

 33.588577 -2.046791 49.445000

 57.436489 2.478896 41.415031

 41.531574 2.162594 33.624748

 25.644869 0.394231 41.552155

 17.873718 5.423660 41.501305

 9.917759 9.344538 41.474312

 1.980909 9.213373 41.520958

 -5.948004 9.067651 41.504875

 -13.910120 5.963072 41.512829

 -21.660885 1.303921 41.530495

 -29.654533 -0.222378 41.525654

 -37.663887 -0.999509 41.574154

 -45.439377 -1.857373 40.618851

 -53.411053 -2.190660 41.447788

 33.376961 -2.568938 57.504524

 57.544170 -2.048246 49.236755

 41.544659 -0.610207 41.499908

 25.530046 1.602800 49.426346

 17.906221 7.619523 49.405170

 9.894893 9.630539 49.418755

 1.977666 9.504275 49.440907

 -5.937330 9.663734 49.422207

 -13.953503 7.320037 49.420139

 -21.657305 2.058791 49.447128

 -29.625517 -1.141210 49.445324

 -36.726784 -2.395942 49.328487

 -53.352623 -2.686721 49.413113

 57.490055 -4.317598 57.410507

 41.529045 -1.900802 49.427509

 25.580404 3.846773 57.425804

 17.791172 9.420333 57.291214

 9.888703 9.754507 57.348145

 1.977852 9.676794 57.364651

 -5.916352 9.781504 57.333023

 -13.843133 8.133700 57.331379

 -21.581263 3.379342 57.427921

 -29.414505 -1.511959 57.427467

 -37.509888 -3.325668 57.314892

 -45.481953 -3.247549 57.276417

 -53.498756 -3.649978 57.404591

 41.477268 -3.695654 57.300354

 49.429913 -3.693884 57.270313

 49.459274 -2.302070 49.409985

 49.456959 0.297371 41.498878

 49.406017 4.378102 33.655792

 49.425629 6.040580 25.723761

 49.442699 5.835718 17.799570

 49.443787 7.096979 9.844631

 49.400467 10.204123 2.040385

 49.407360 10.673992 -5.956943

 49.477322 9.385673 -13.827887

 49.441185 9.912773 -21.785275

 49.432968 9.899040 -29.659307

 49.447525 9.429610 -37.574188

 49.442825 9.521427 -45.487019

 -75.407310 14.463032 -76.795891

 -83.303795 12.884198 -76.787827

 -91.208435 14.462550 -76.790855

 -75.406898 12.753339 -68.900482

 -83.285118 10.184359 -68.915680

 -91.234718 10.081619 -68.908524

 -101.925880 14.463091 -68.877029

 -75.392708 12.097359 -60.968201

 -83.272820 9.480286 -60.977325

 -91.249519 9.626120 -60.969650

 -99.141411 14.463252 -60.971283

 -75.402214 14.463608 -53.060257

 -83.290504 14.463627 -51.884453

 -91.215279 14.463409 -53.062683

 -83.319702 14.462943 -80.795921

 -78.198601 14.462897 -78.467903

 -87.585464 14.462671 -78.517776

 -95.152420 14.462231 -76.777298

 -73.538429 14.462857 -73.795319

 -83.253197 11.652405 -72.741241

 -91.206497 11.784943 -72.757240

 -99.131744 14.462500 -72.787712

 -71.448761 14.462816 -68.873581

 -79.373810 11.500014 -68.941193

 -87.248344 9.789774 -69.003731

 -95.177467 11.382260 -68.904663

 -75.367302 12.378502 -64.954910

 -83.222618 9.464548 -65.019096

 -91.328270 9.457514 -64.989037

 -101.987900 14.463297 -64.936523

 -71.442917 14.463334 -60.981689

 -79.328362 10.791538 -60.921478

 -87.272614 9.193300 -60.939903

 -96.986229 10.844318 -59.666519

 -73.493912 14.463563 -55.018799

 -83.201225 10.790347 -57.063461

 -92.301353 14.464677 -55.038971

 -79.346687 14.463635 -53.063889

 -87.260262 14.463578 -53.034668

 -79.367134 14.463088 -80.772270

 -87.256882 14.462732 -80.806274

 -71.474739 14.462859 -72.841385

 -79.348305 12.251556 -72.808006

 -87.230682 11.507308 -72.811302

 -96.931961 14.463070 -73.711411

 -69.097519 14.463070 -64.929466

 -79.292389 10.935738 -64.985039

 -87.273216 9.074818 -65.039780

 -95.277473 10.938898 -64.954132

 -71.446159 14.463445 -57.025269

 -79.284721 11.442427 -57.014679

 -87.230049 10.657360 -57.014893

 -95.184616 14.463810 -57.014542

 -116.262756 14.407175 -13.366039

 -108.366272 11.080763 -13.374104

 -100.461632 14.406160 -13.371071

 -116.263168 10.805058 -21.261448

 -108.384949 5.392525 -21.246250

 -100.435349 5.176067 -21.253407

 -89.744186 14.407299 -21.284897

 -116.277359 9.422987 -29.193729

 -108.397247 3.909130 -29.184605

 -100.420547 4.216384 -29.192280

 -92.528656 14.407640 -29.190643

 -116.267853 14.408390 -37.101677

 -108.379562 14.408430 -38.277477

 -100.454788 14.407970 -37.099247

 -108.350365 14.406988 -9.366007

 -113.471466 14.406893 -11.694025

 -104.084602 14.406416 -11.644150

 -96.517647 14.405487 -13.384628

 -118.131638 14.406807 -16.366611

 -108.416878 8.485523 -17.420689

 -100.463570 8.764765 -17.404686

 -92.538322 14.406054 -17.374214

 -120.221306 14.406721 -21.288349

 -112.296257 8.164454 -21.220737

 -104.421722 4.561183 -21.158199

 -96.492599 7.916361 -21.257263

 -116.302765 10.015321 -25.207020

 -108.447456 3.875972 -25.142834

 -100.341797 3.861151 -25.172890

 -89.682167 14.407734 -25.225403

 -120.227150 14.407812 -29.180241

 -112.341705 6.671780 -29.240452

 -104.397453 3.304485 -29.222023

 -94.683838 6.782982 -30.495407

 -118.176155 14.408295 -35.143135

 -108.468842 6.669271 -33.098469

 -99.368713 14.410641 -35.122955

 -112.323380 14.408447 -37.098042

 -104.409798 14.408327 -37.127258

 -112.302940 14.407293 -9.389660

 -104.413185 14.406546 -9.355652

 -120.195328 14.406813 -17.320549

 -112.321762 9.747863 -17.353924

 -104.439384 8.179821 -17.350624

 -94.738106 14.407255 -16.450516

 -122.572548 14.407255 -25.232464

 -112.377678 6.975590 -25.176891

 -104.396851 3.054855 -25.122150

 -96.392593 6.982250 -25.207794

 -120.223907 14.408045 -33.136665

 -112.385345 8.043123 -33.147251

 -104.440018 6.389082 -33.147034

 -96.485451 14.408815 -33.147388

 -41.521393 -3.706734 42.383698

 -41.421680 -5.113897 45.099571

 -47.873699 -4.035039 42.623070

 -48.048290 -4.575485 45.266457

 -45.142380 -5.386042 45.097401

 -41.420403 -5.640808 48.817814

 -41.517876 -5.035213 51.793148

 -48.047272 -4.871761 48.910625

 -47.869358 -4.782563 51.640331

 -45.162739 -5.090580 51.793602

 -38.631996 -3.905088 45.272018

 -38.848057 -4.617157 51.640480

 -38.854843 -3.157928 42.633278

 -45.165470 -4.079326 42.379650

 -38.629517 -4.503861 48.911888

 -45.141594 -5.784552 48.817513

tris:

 1217 485 84

 1217 84 499

 1216 517 100

 1216 100 531

 1215 549 116

 1215 116 563

 321 948 944

 1214 581 132

 1214 132 595

 320 949 943

 1213 613 148

 1213 148 627

 319 950 942

 1212 645 164

 1212 164 659

 318 951 941

 1211 677 180

 1211 180 691

 317 952 940

 1210 709 196

 1210 196 723

 316 953 939

 1209 741 212

 1209 212 755

 315 954 938

 1208 773 228

 1208 228 787

 314 955 937

 1207 805 244

 1207 244 819

 313 956 936

 1206 837 260

 1206 260 851

 312 957 935

 1205 869 276

 1205 276 882

 311 958 934

 1204 899 291

 1204 291 913

 310 959 933

 307 962 930

 67 390 468

 1203 900 292

 1203 292 915

 306 420 327

 290 885 898

 1202 912 304

 1202 304 928

 1201 911 303

 1201 303 927

 1200 910 302

 1200 302 926

 1199 909 301

 1199 301 925

 1198 908 300

 1198 300 924

 1197 907 299

 1197 299 923

 1196 906 298

 1196 298 922

 1195 905 297

 1195 297 921

 1194 904 296

 1194 296 920

 1193 903 295

 1193 295 919

 1192 902 294

 1192 294 918

 1191 870 277

 1191 277 884

 1190 329 290

 1190 290 898

 275 854 868

 309 960 932

 1189 881 288

 1189 288 896

 865 1174 1336

 865 1336 1324

 1188 880 287

 1188 287 895

 1187 879 286

 1187 286 894

 1186 878 285

 1186 285 893

 1185 877 284

 1185 284 892

 1184 876 283

 1184 283 891

 1183 875 282

 1183 282 890

 1182 874 281

 1182 281 889

 1181 873 280

 1181 280 888

 1180 872 279

 1180 279 887

 1179 838 261

 1179 261 853

 1178 331 275

 1178 275 868

 259 822 836

 1177 901 293

 1177 293 917

 1176 850 273

 1176 273 866

 1175 849 272

 1175 272 865

 1174 848 271

 1174 271 864

 1173 847 270

 1173 270 863

 1172 846 269

 1172 269 862

 1171 845 268

 1171 268 861

 1170 844 267

 1170 267 860

 1169 843 266

 1169 266 859

 1168 842 265

 1168 265 858

 1167 841 264

 1167 264 857

 1166 840 263

 1166 263 856

 1165 806 245

 1165 245 821

 1164 333 259

 1164 259 836

 243 790 804

 1163 871 278

 1163 278 886

 1162 818 257

 1162 257 834

 1161 817 256

 1161 256 833

 1160 816 255

 1160 255 832

 1159 815 254

 1159 254 831

 1158 814 253

 1158 253 830

 1157 813 252

 1157 252 829

 1156 812 251

 1156 251 828

 1155 811 250

 1155 250 827

 1154 810 249

 1154 249 826

 1153 809 248

 1153 248 825

 1152 808 247

 1152 247 824

 1151 774 229

 1151 229 789

 1150 335 243

 1150 243 804

 227 758 772

 1149 839 262

 1149 262 855

 1148 786 241

 1148 241 802

 1147 785 240

 1147 240 801

 1146 784 239

 1146 239 800

 1145 783 238

 1145 238 799

 1144 782 237

 1144 237 798

 1143 781 236

 1143 236 797

 1142 780 235

 1142 235 796

 1141 779 234

 1141 234 795

 1140 778 233

 1140 233 794

 1139 777 232

 1139 232 793

 1138 776 231

 1138 231 792

 1137 742 213

 1137 213 757

 1136 337 227

 1136 227 772

 211 726 740

 1135 807 246

 1135 246 823

 1134 754 225

 1134 225 770

 1133 753 224

 1133 224 769

 1132 752 223

 1132 223 768

 1131 751 222

 1131 222 767

 1130 750 221

 1130 221 766

 1129 749 220

 1129 220 765

 1128 748 219

 1128 219 764

 1127 747 218

 1127 218 763

 1126 746 217

 1126 217 762

 1125 745 216

 1125 216 761

 1124 744 215

 1124 215 760

 1123 710 197

 1123 197 725

 1122 339 211

 1122 211 740

 195 694 708

 1121 775 230

 1121 230 791

 1120 722 209

 1120 209 738

 1119 721 208

 1119 208 737

 1118 720 207

 1118 207 736

 1117 719 206

 1117 206 735

 1116 718 205

 1116 205 734

 1115 717 204

 1115 204 733

 1114 716 203

 1114 203 732

 1113 715 202

 1113 202 731

 1112 714 201

 1112 201 730

 1111 713 200

 1111 200 729

 1110 712 199

 1110 199 728

 1109 678 181

 1109 181 693

 1108 341 195

 1108 195 708

 179 662 676

 1107 743 214

 1107 214 759

 1106 690 193

 1106 193 706

 1105 689 192

 1105 192 705

 1104 688 191

 1104 191 704

 1103 687 190

 1103 190 703

 1102 686 189

 1102 189 702

 1101 685 188

 1101 188 701

 1100 684 187

 1100 187 700

 1099 683 186

 1099 186 699

 1098 682 185

 1098 185 698

 1097 681 184

 1097 184 697

 1096 680 183

 1096 183 696

 1095 646 165

 1095 165 661

 1094 343 179

 1094 179 676

 163 630 644

 1093 711 198

 1093 198 727

 1092 658 177

 1092 177 674

 1091 657 176

 1091 176 673

 1090 656 175

 1090 175 672

 1089 655 174

 1089 174 671

 1088 654 173

 1088 173 670

 1087 653 172

 1087 172 669

 1086 652 171

 1086 171 668

 1085 651 170

 1085 170 667

 1084 650 169

 1084 169 666

 1083 649 168

 1083 168 665

 1082 648 167

 1082 167 664

 1081 614 149

 1081 149 629

 1080 345 163

 1080 163 644

 147 598 612

 1079 679 182

 1079 182 695

 1078 626 161

 1078 161 642

 1077 625 160

 1077 160 641

 1076 624 159

 1076 159 640

 1075 623 158

 1075 158 639

 1074 622 157

 1074 157 638

 1073 621 156

 1073 156 637

 1072 620 155

 1072 155 636

 1071 619 154

 1071 154 635

 1070 618 153

 1070 153 634

 1069 617 152

 1069 152 633

 1068 616 151

 1068 151 632

 1067 582 133

 1067 133 597

 1066 347 147

 1066 147 612

 131 566 580

 1065 647 166

 1065 166 663

 1064 594 145

 1064 145 610

 1063 593 144

 1063 144 609

 1062 592 143

 1062 143 608

 1061 591 142

 1061 142 607

 1060 590 141

 1060 141 606

 1059 589 140

 1059 140 605

 1058 588 139

 1058 139 604

 1057 587 138

 1057 138 603

 1056 586 137

 1056 137 602

 1055 585 136

 1055 136 601

 1054 584 135

 1054 135 600

 1053 550 117

 1053 117 565

 1052 349 131

 1052 131 580

 115 534 548

 1051 615 150

 1051 150 631

 1050 562 129

 1050 129 578

 1049 561 128

 1049 128 577

 1048 560 127

 1048 127 576

 1047 559 126

 1047 126 575

 1046 558 125

 1046 125 574

 1045 557 124

 1045 124 573

 1044 556 123

 1044 123 572

 1043 555 122

 1043 122 571

 1042 554 121

 1042 121 570

 1041 553 120

 1041 120 569

 1040 552 119

 1040 119 568

 1039 518 101

 1039 101 533

 1038 351 115

 1038 115 548

 99 502 516

 1037 583 134

 1037 134 599

 1036 530 113

 1036 113 546

 1035 529 112

 1035 112 545

 1034 528 111

 1034 111 544

 1033 527 110

 1033 110 543

 1032 526 109

 1032 109 542

 1031 525 108

 1031 108 541

 1030 524 107

 1030 107 540

 1029 523 106

 1029 106 539

 1028 522 105

 1028 105 538

 1027 521 104

 1027 104 537

 1026 520 103

 1026 103 536

 1025 487 86

 1025 86 503

 1024 353 99

 1024 99 516

 83 470 484

 1023 551 118

 1023 118 567

 1022 498 97

 1022 97 514

 1021 497 96

 1021 96 513

 1020 496 95

 1020 95 512

 1019 495 94

 1019 94 511

 1018 494 93

 1018 93 510

 1017 493 92

 1017 92 509

 1016 492 91

 1016 91 508

 1015 491 90

 1015 90 507

 1014 490 89

 1014 89 506

 1013 489 88

 1013 88 505

 1012 488 87

 1012 87 504

 1011 355 83

 1011 83 484

 1010 392 81

 1010 81 482

 1009 394 80

 1009 80 481

 1008 396 79

 1008 79 480

 1007 398 78

 1007 78 479

 1006 400 77

 1006 77 478

 1005 402 76

 1005 76 477

 1004 404 75

 1004 75 476

 1003 406 74

 1003 74 475

 1002 408 73

 1002 73 474

 1001 410 72

 1001 72 473

 1000 412 71

 1000 71 472

 999 414 70

 999 70 471

 998 416 69

 998 69 469

 997 519 102

 997 102 535

 996 486 85

 996 85 501

 50 947 387

 34 423 916

 50 323 947

 2 326 325

 995 418 68

 995 68 324

 994 946 67

 994 67 468

 308 961 931

 993 328 4

 993 4 914

 992 330 5

 992 5 883

 991 332 6

 991 6 852

 990 334 7

 990 7 820

 989 336 8

 989 8 788

 988 338 9

 988 9 756

 987 340 10

 987 10 724

 986 342 11

 986 11 692

 985 344 12

 985 12 660

 984 346 13

 984 13 628

 983 348 14

 983 14 596

 982 350 15

 982 15 564

 981 352 16

 981 16 532

 980 354 17

 980 17 500

 979 356 18

 979 18 467

 978 357 0

 978 0 391

 19 360 322

 20 362 359

 21 364 361

 22 366 363

 23 368 365

 24 370 367

 25 372 369

 26 374 371

 27 376 373

 28 378 375

 29 380 377

 30 382 379

 31 384 381

 32 386 383

 33 388 385

 977 466 35

 977 35 393

 976 465 36

 976 36 395

 975 464 37

 975 37 397

 974 463 38

 974 38 399

 973 462 39

 973 39 401

 972 461 40

 972 40 403

 971 460 41

 971 41 405

 970 459 42

 970 42 407

 969 458 43

 969 43 409

 968 457 44

 968 44 411

 967 456 45

 967 45 413

 966 455 46

 966 46 415

 965 454 47

 965 47 417

 964 452 48

 964 48 419

 963 389 49

 963 49 421

 307 422 962

 308 424 961

 309 426 960

 310 428 959

 311 430 958

 312 432 957

 313 434 956

 314 436 955

 315 438 954

 316 440 953

 317 442 952

 318 444 951

 319 446 950

 320 448 949

 321 450 948

 948 453 66

 948 450 453

 450 65 453

 949 451 65

 949 448 451

 448 64 451

 950 449 64

 950 446 449

 446 63 449

 951 447 63

 951 444 447

 444 62 447

 952 445 62

 952 442 445

 442 61 445

 953 443 61

 953 440 443

 440 60 443

 954 441 60

 954 438 441

 438 59 441

 955 439 59

 955 436 439

 436 58 439

 956 437 58

 956 434 437

 434 57 437

 957 435 57

 957 432 435

 432 56 435

 958 433 56

 958 430 433

 430 55 433

 959 431 55

 959 428 431

 428 54 431

 960 429 54

 960 426 429

 426 53 429

 961 427 53

 961 424 427

 424 52 427

 962 425 52

 962 422 425

 422 51 425

 387 963 421

 387 421 50

 67 946 963

 67 963 387

 946 68 389

 946 389 963

 389 964 419

 389 419 49

 68 418 964

 68 964 389

 418 69 452

 418 452 964

 452 965 417

 452 417 48

 69 416 965

 69 965 452

 416 70 454

 416 454 965

 454 966 415

 454 415 47

 70 414 966

 70 966 454

 414 71 455

 414 455 966

 455 967 413

 455 413 46

 71 412 967

 71 967 455

 412 72 456

 412 456 967

 456 968 411

 456 411 45

 72 410 968

 72 968 456

 410 73 457

 410 457 968

 457 969 409

 457 409 44

 73 408 969

 73 969 457

 408 74 458

 408 458 969

 458 970 407

 458 407 43

 74 406 970

 74 970 458

 406 75 459

 406 459 970

 459 971 405

 459 405 42

 75 404 971

 75 971 459

 404 76 460

 404 460 971

 460 972 403

 460 403 41

 76 402 972

 76 972 460

 402 77 461

 402 461 972

 461 973 401

 461 401 40

 77 400 973

 77 973 461

 400 78 462

 400 462 973

 462 974 399

 462 399 39

 78 398 974

 78 974 462

 398 79 463

 398 463 974

 463 975 397

 463 397 38

 79 396 975

 79 975 463

 396 80 464

 396 464 975

 464 976 395

 464 395 37

 80 394 976

 80 976 464

 394 81 465

 394 465 976

 465 977 393

 465 393 36

 81 392 977

 81 977 465

 392 82 466

 392 466 977

 385 885 290

 385 388 885

 388 34 885

 383 854 275

 383 386 854

 386 33 854

 381 822 259

 381 384 822

 384 32 822

 379 790 243

 379 382 790

 382 31 790

 377 758 227

 377 380 758

 380 30 758

 375 726 211

 375 378 726

 378 29 726

 373 694 195

 373 376 694

 376 28 694

 371 662 179

 371 374 662

 374 27 662

 369 630 163

 369 372 630

 372 26 630

 367 598 147

 367 370 598

 370 25 598

 365 566 131

 365 368 566

 368 24 566

 363 534 115

 363 366 534

 366 23 534

 361 502 99

 361 364 502

 364 22 502

 359 470 83

 359 362 470

 362 21 470

 322 390 67

 322 360 390

 360 20 390

 466 978 391

 466 391 35

 82 467 978

 82 978 466

 467 18 357

 467 357 978

 483 979 467

 483 467 82

 98 500 979

 98 979 483

 500 17 356

 500 356 979

 515 980 500

 515 500 98

 114 532 980

 114 980 515

 532 16 354

 532 354 980

 547 981 532

 547 532 114

 130 564 981

 130 981 547

 564 15 352

 564 352 981

 579 982 564

 579 564 130

 146 596 982

 146 982 579

 596 14 350

 596 350 982

 611 983 596

 611 596 146

 162 628 983

 162 983 611

 628 13 348

 628 348 983

 643 984 628

 643 628 162

 178 660 984

 178 984 643

 660 12 346

 660 346 984

 675 985 660

 675 660 178

 194 692 985

 194 985 675

 692 11 344

 692 344 985

 707 986 692

 707 692 194

 210 724 986

 210 986 707

 724 10 342

 724 342 986

 739 987 724

 739 724 210

 226 756 987

 226 987 739

 756 9 340

 756 340 987

 771 988 756

 771 756 226

 242 788 988

 242 988 771

 788 8 338

 788 338 988

 803 989 788

 803 788 242

 258 820 989

 258 989 803

 820 7 336

 820 336 989

 835 990 820

 835 820 258

 274 852 990

 274 990 835

 852 6 334

 852 334 990

 867 991 852

 867 852 274

 289 883 991

 289 991 867

 883 5 332

 883 332 991

 897 992 883

 897 883 289

 305 914 992

 305 992 897

 914 4 330

 914 330 992

 929 993 914

 929 914 305

 321 944 993

 321 993 929

 944 3 328

 944 328 993

 931 426 309

 931 961 426

 961 53 426

 355 994 468

 355 468 83

 84 324 994

 84 994 355

 324 68 946

 324 946 994

 485 995 324

 485 324 84

 85 469 995

 85 995 485

 469 69 418

 469 418 995

 325 945 66

 325 326 945

 326 3 945

 947 358 19

 947 323 358

 323 1 358

 916 420 306

 916 423 420

 423 51 420

 387 322 67

 387 947 322

 947 19 322

 518 996 501

 518 501 101

 102 503 996

 102 996 518

 503 86 486

 503 486 996

 551 997 535

 551 535 118

 119 536 997

 119 997 551

 536 103 519

 536 519 997

 486 998 469

 486 469 85

 86 471 998

 86 998 486

 471 70 416

 471 416 998

 487 999 471

 487 471 86

 87 472 999

 87 999 487

 472 71 414

 472 414 999

 488 1000 472

 488 472 87

 88 473 1000

 88 1000 488

 473 72 412

 473 412 1000

 489 1001 473

 489 473 88

 89 474 1001

 89 1001 489

 474 73 410

 474 410 1001

 490 1002 474

 490 474 89

 90 475 1002

 90 1002 490

 475 74 408

 475 408 1002

 491 1003 475

 491 475 90

 91 476 1003

 91 1003 491

 476 75 406

 476 406 1003

 492 1004 476

 492 476 91

 92 477 1004

 92 1004 492

 477 76 404

 477 404 1004

 493 1005 477

 493 477 92

 93 478 1005

 93 1005 493

 478 77 402

 478 402 1005

 494 1006 478

 494 478 93

 94 479 1006

 94 1006 494

 479 78 400

 479 400 1006

 495 1007 479

 495 479 94

 95 480 1007

 95 1007 495

 480 79 398

 480 398 1007

 496 1008 480

 496 480 95

 96 481 1008

 96 1008 496

 481 80 396

 481 396 1008

 497 1009 481

 497 481 96

 97 482 1009

 97 1009 497

 482 81 394

 482 394 1009

 498 1010 482

 498 482 97

 98 483 1010

 98 1010 498

 483 82 392

 483 392 1010

 353 1011 484

 353 484 99

 100 499 1011

 100 1011 353

 499 84 355

 499 355 1011

 520 1012 504

 520 504 103

 104 505 1012

 104 1012 520

 505 88 488

 505 488 1012

 521 1013 505

 521 505 104

 105 506 1013

 105 1013 521

 506 89 489

 506 489 1013

 522 1014 506

 522 506 105

 106 507 1014

 106 1014 522

 507 90 490

 507 490 1014

 523 1015 507

 523 507 106

 107 508 1015

 107 1015 523

 508 91 491

 508 491 1015

 524 508 107

 108 509 1016

 108 1016 524

 509 92 492

 509 492 1016

 525 1017 509

 525 509 108

 109 510 1017

 109 1017 525

 510 93 493

 510 493 1017

 526 1018 510

 526 510 109

 110 511 1018

 110 1018 526

 94 1018 511

 527 1019 511

 527 511 110

 111 512 1019

 111 1019 527

 512 95 495

 512 495 1019

 528 1020 512

 528 512 111

 112 513 1020

 112 1020 528

 513 96 496

 513 496 1020

 529 1021 513

 529 513 112

 113 514 1021

 113 1021 529

 514 97 497

 514 497 1021

 530 1022 514

 530 514 113

 114 515 1022

 114 1022 530

 515 98 498

 515 498 1022

 583 1023 567

 583 567 134

 135 568 1023

 135 1023 583

 568 119 551

 568 551 1023

 484 361 99

 484 470 361

 470 21 361

 351 1024 516

 351 516 115

 116 531 1024

 116 1024 351

 531 100 353

 531 353 1024

 519 1025 503

 519 503 102

 103 504 1025

 103 1025 519

 504 87 487

 504 487 1025

 552 1026 536

 552 536 119

 120 537 1026

 120 1026 552

 537 104 520

 537 520 1026

 553 1027 537

 553 537 120

 121 538 1027

 121 1027 553

 538 105 521

 538 521 1027

 554 1028 538

 554 538 121

 122 539 1028

 122 1028 554

 539 106 522

 539 522 1028

 555 1029 539

 555 539 122

 123 540 1029

 123 1029 555

 540 107 523

 540 523 1029

 556 1030 540

 556 540 123

 124 541 1030

 124 1030 556

 541 108 524

 541 524 1030

 557 1031 541

 557 541 124

 125 542 1031

 125 1031 557

 542 109 525

 542 525 1031

 558 1032 542

 558 542 125

 126 543 1032

 126 1032 558

 543 110 526

 543 526 1032

 559 1033 543

 559 543 126

 127 544 1033

 127 1033 559

 544 111 527

 544 527 1033

 560 1034 544

 560 544 127

 128 545 1034

 128 1034 560

 545 112 528

 545 528 1034

 561 1035 545

 561 545 128

 129 546 1035

 129 1035 561

 546 113 529

 546 529 1035

 562 1036 546

 562 546 129

 130 547 1036

 130 1036 562

 547 114 530

 547 530 1036

 615 1037 599

 615 599 150

 151 600 1037

 151 1037 615

 600 135 583

 600 583 1037

 516 363 115

 516 502 363

 502 22 363

 349 1038 548

 349 548 131

 132 563 1038

 132 1038 349

 563 116 351

 563 351 1038

 550 1039 533

 550 533 117

 118 535 1039

 118 1039 550

 535 102 518

 535 518 1039

 584 1040 568

 584 568 135

 136 569 1040

 136 1040 584

 569 120 552

 569 552 1040

 585 1041 569

 585 569 136

 137 570 1041

 137 1041 585

 570 121 553

 570 553 1041

 586 1042 570

 586 570 137

 138 571 1042

 138 1042 586

 571 122 554

 571 554 1042

 587 1043 571

 587 571 138

 139 572 1043

 139 1043 587

 572 123 555

 572 555 1043

 588 1044 572

 588 572 139

 140 573 1044

 140 1044 588

 573 124 556

 573 556 1044

 589 1045 573

 589 573 140

 141 574 1045

 141 1045 589

 574 125 557

 574 557 1045

 590 1046 574

 590 574 141

 142 575 1046

 142 1046 590

 575 126 558

 575 558 1046

 591 1047 575

 591 575 142

 143 576 1047

 143 1047 591

 576 127 559

 576 559 1047

 592 1048 576

 592 576 143

 144 577 1048

 144 1048 592

 577 128 560

 577 560 1048

 593 1049 577

 593 577 144

 145 578 1049

 145 1049 593

 578 129 561

 578 561 1049

 594 1050 578

 594 578 145

 146 579 1050

 146 1050 594

 579 130 562

 579 562 1050

 647 1051 631

 647 631 166

 167 632 1051

 167 1051 647

 632 151 615

 632 615 1051

 548 365 131

 548 534 365

 534 23 365

 347 1052 580

 347 580 147

 148 595 1052

 148 1052 347

 595 132 349

 595 349 1052

 582 1053 565

 582 565 133

 134 567 1053

 134 1053 582

 567 118 550

 567 550 1053

 616 1054 600

 616 600 151

 152 601 1054

 152 1054 616

 601 136 584

 601 584 1054

 617 1055 601

 617 601 152

 153 602 1055

 153 1055 617

 602 137 585

 602 585 1055

 618 1056 602

 618 602 153

 154 603 1056

 154 1056 618

 603 138 586

 603 586 1056

 619 1057 603

 619 603 154

 155 604 1057

 155 1057 619

 604 139 587

 604 587 1057

 620 1058 604

 620 604 155

 156 605 1058

 156 1058 620

 605 140 588

 605 588 1058

 621 1059 605

 621 605 156

 157 606 1059

 157 1059 621

 606 141 589

 606 589 1059

 622 1060 606

 622 606 157

 158 607 1060

 158 1060 622

 607 142 590

 607 590 1060

 623 1061 607

 623 607 158

 159 608 1061

 159 1061 623

 608 143 591

 608 591 1061

 624 1062 608

 624 608 159

 160 609 1062

 160 1062 624

 609 144 592

 609 592 1062

 625 1063 609

 625 609 160

 161 610 1063

 161 1063 625

 610 145 593

 610 593 1063

 626 1064 610

 626 610 161

 162 611 1064

 162 1064 626

 611 146 594

 611 594 1064

 679 1065 663

 679 663 182

 183 664 1065

 183 1065 679

 664 167 647

 664 647 1065

 580 367 147

 580 566 367

 566 24 367

 345 1066 612

 345 612 163

 164 627 1066

 164 1066 345

 627 148 347

 627 347 1066

 614 1067 597

 614 597 149

 150 599 1067

 150 1067 614

 599 134 582

 599 582 1067

 648 1068 632

 648 632 167

 168 633 1068

 168 1068 648

 633 152 616

 633 616 1068

 649 1069 633

 649 633 168

 169 634 1069

 169 1069 649

 634 153 617

 634 617 1069

 650 1070 634

 650 634 169

 170 635 1070

 170 1070 650

 635 154 618

 635 618 1070

 651 1071 635

 651 635 170

 171 636 1071

 171 1071 651

 636 155 619

 636 619 1071

 652 1072 636

 652 636 171

 172 637 1072

 172 1072 652

 637 156 620

 637 620 1072

 653 1073 637

 653 637 172

 173 638 1073

 173 1073 653

 638 157 621

 638 621 1073

 654 1074 638

 654 638 173

 174 639 1074

 174 1074 654

 639 158 622

 639 622 1074

 655 1075 639

 655 639 174

 175 640 1075

 175 1075 655

 640 159 623

 640 623 1075

 656 1076 640

 656 640 175

 176 641 1076

 176 1076 656

 641 160 624

 641 624 1076

 657 1077 641

 657 641 176

 177 642 1077

 177 1077 657

 642 161 625

 642 625 1077

 658 1078 642

 658 642 177

 178 643 1078

 178 1078 658

 643 162 626

 643 626 1078

 711 1079 695

 711 695 198

 199 696 1079

 199 1079 711

 696 183 679

 696 679 1079

 612 369 163

 612 598 369

 598 25 369

 343 1080 644

 343 644 179

 180 659 1080

 180 1080 343

 659 164 345

 659 345 1080

 646 1081 629

 646 629 165

 166 631 1081

 166 1081 646

 631 150 614

 631 614 1081

 680 1082 664

 680 664 183

 184 665 1082

 184 1082 680

 665 168 648

 665 648 1082

 681 1083 665

 681 665 184

 185 666 1083

 185 1083 681

 666 169 649

 666 649 1083

 682 1084 666

 682 666 185

 186 667 1084

 186 1084 682

 667 170 650

 667 650 1084

 683 1085 667

 683 667 186

 187 668 1085

 187 1085 683

 668 171 651

 668 651 1085

 684 1086 668

 684 668 187

 188 669 1086

 188 1086 684

 669 172 652

 669 652 1086

 685 1087 669

 685 669 188

 189 670 1087

 189 1087 685

 670 173 653

 670 653 1087

 686 1088 670

 686 670 189

 190 671 1088

 190 1088 686

 671 174 654

 671 654 1088

 687 1089 671

 687 671 190

 191 672 1089

 191 1089 687

 672 175 655

 672 655 1089

 688 1090 672

 688 672 191

 192 673 1090

 192 1090 688

 673 176 656

 673 656 1090

 689 1091 673

 689 673 192

 193 674 1091

 193 1091 689

 674 177 657

 674 657 1091

 690 1092 674

 690 674 193

 194 675 1092

 194 1092 690

 675 178 658

 675 658 1092

 743 1093 727

 743 727 214

 215 728 1093

 215 1093 743

 728 199 711

 728 711 1093

 644 371 179

 644 630 371

 630 26 371

 341 1094 676

 341 676 195

 196 691 1094

 196 1094 341

 691 180 343

 691 343 1094

 678 1095 661

 678 661 181

 182 663 1095

 182 1095 678

 663 166 646

 663 646 1095

 712 1096 696

 712 696 199

 200 697 1096

 200 1096 712

 697 184 680

 697 680 1096

 713 1097 697

 713 697 200

 201 698 1097

 201 1097 713

 698 185 681

 698 681 1097

 714 1098 698

 714 698 201

 202 699 1098

 202 1098 714

 699 186 682

 699 682 1098

 715 1099 699

 715 699 202

 203 700 1099

 203 1099 715

 700 187 683

 700 683 1099

 716 1100 700

 716 700 203

 204 701 1100

 204 1100 716

 701 188 684

 701 684 1100

 717 1101 701

 717 701 204

 205 702 1101

 205 1101 717

 702 189 685

 702 685 1101

 718 1102 702

 718 702 205

 206 703 1102

 206 1102 718

 703 190 686

 703 686 1102

 719 1103 703

 719 703 206

 207 704 1103

 207 1103 719

 704 191 687

 704 687 1103

 720 1104 704

 720 704 207

 208 705 1104

 208 1104 720

 705 192 688

 705 688 1104

 721 1105 705

 721 705 208

 209 706 1105

 209 1105 721

 706 193 689

 706 689 1105

 722 1106 706

 722 706 209

 210 707 1106

 210 1106 722

 707 194 690

 707 690 1106

 775 1107 759

 775 759 230

 231 760 1107

 231 1107 775

 760 215 743

 760 743 1107

 676 373 195

 676 662 373

 662 27 373

 339 1108 708

 339 708 211

 212 723 1108

 212 1108 339

 723 196 341

 723 341 1108

 710 1109 693

 710 693 197

 198 695 1109

 198 1109 710

 695 182 678

 695 678 1109

 744 1110 728

 744 728 215

 216 729 1110

 216 1110 744

 729 200 712

 729 712 1110

 745 1111 729

 745 729 216

 217 730 1111

 217 1111 745

 730 201 713

 730 713 1111

 746 1112 730

 746 730 217

 218 731 1112

 218 1112 746

 731 202 714

 731 714 1112

 747 1113 731

 747 731 218

 219 732 1113

 219 1113 747

 732 203 715

 732 715 1113

 748 1114 732

 748 732 219

 220 733 1114

 220 1114 748

 733 204 716

 733 716 1114

 749 1115 733

 749 733 220

 221 734 1115

 221 1115 749

 734 205 717

 734 717 1115

 750 1116 734

 750 734 221

 222 735 1116

 222 1116 750

 735 206 718

 735 718 1116

 751 1117 735

 751 735 222

 223 736 1117

 223 1117 751

 736 207 719

 736 719 1117

 752 1118 736

 752 736 223

 224 737 1118

 224 1118 752

 737 208 720

 737 720 1118

 753 1119 737

 753 737 224

 225 738 1119

 225 1119 753

 738 209 721

 738 721 1119

 754 1120 738

 754 738 225

 226 739 1120

 226 1120 754

 739 210 722

 739 722 1120

 807 1121 791

 807 791 246

 247 792 1121

 247 1121 807

 792 231 775

 792 775 1121

 708 375 211

 708 694 375

 694 28 375

 337 1122 740

 337 740 227

 228 755 1122

 228 1122 337

 755 212 339

 755 339 1122

 742 1123 725

 742 725 213

 214 727 1123

 214 1123 742

 727 198 710

 727 710 1123

 776 1124 760

 776 760 231

 232 761 1124

 232 1124 776

 761 216 744

 761 744 1124

 777 1125 761

 777 761 232

 233 762 1125

 233 1125 777

 762 217 745

 762 745 1125

 778 1126 762

 778 762 233

 234 763 1126

 234 1126 778

 763 218 746

 763 746 1126

 779 1127 763

 779 763 234

 235 764 1127

 235 1127 779

 764 219 747

 764 747 1127

 780 1128 764

 780 764 235

 236 765 1128

 236 1128 780

 765 220 748

 765 748 1128

 781 1129 765

 781 765 236

 237 766 1129

 237 1129 781

 766 221 749

 766 749 1129

 782 1130 766

 782 766 237

 238 767 1130

 238 1130 782

 767 222 750

 767 750 1130

 783 1131 767

 783 767 238

 239 768 1131

 239 1131 783

 768 223 751

 768 751 1131

 784 1132 768

 784 768 239

 240 769 1132

 240 1132 784

 769 224 752

 769 752 1132

 785 1133 769

 785 769 240

 241 770 1133

 241 1133 785

 770 225 753

 770 753 1133

 786 1134 770

 786 770 241

 242 771 1134

 242 1134 786

 771 226 754

 771 754 1134

 839 1135 823

 839 823 262

 263 824 1135

 263 1135 839

 824 247 807

 824 807 1135

 740 377 227

 740 726 377

 726 29 377

 335 1136 772

 335 772 243

 244 787 1136

 244 1136 335

 787 228 337

 787 337 1136

 774 1137 757

 774 757 229

 230 759 1137

 230 1137 774

 759 214 742

 759 742 1137

 808 1138 792

 808 792 247

 248 793 1138

 248 1138 808

 793 232 776

 793 776 1138

 809 1139 793

 809 793 248

 249 794 1139

 249 1139 809

 794 233 777

 794 777 1139

 810 1140 794

 810 794 249

 250 795 1140

 250 1140 810

 795 234 778

 795 778 1140

 811 1141 795

 811 795 250

 251 796 1141

 251 1141 811

 796 235 779

 796 779 1141

 812 1142 796

 812 796 251

 252 797 1142

 252 1142 812

 797 236 780

 797 780 1142

 813 1143 797

 813 797 252

 253 798 1143

 253 1143 813

 798 237 781

 798 781 1143

 814 1144 798

 814 798 253

 254 799 1144

 254 1144 814

 799 238 782

 799 782 1144

 815 1145 799

 815 799 254

 255 800 1145

 255 1145 815

 800 239 783

 800 783 1145

 816 1146 800

 816 800 255

 256 801 1146

 256 1146 816

 801 240 784

 801 784 1146

 817 1147 801

 817 801 256

 257 802 1147

 257 1147 817

 802 241 785

 802 785 1147

 818 1148 802

 818 802 257

 258 803 1148

 258 1148 818

 803 242 786

 803 786 1148

 871 1149 855

 871 855 278

 279 856 1149

 279 1149 871

 856 263 839

 856 839 1149

 772 379 243

 772 758 379

 758 30 379

 333 1150 804

 333 804 259

 260 819 1150

 260 1150 333

 819 244 335

 819 335 1150

 806 1151 789

 806 789 245

 246 791 1151

 246 1151 806

 791 230 774

 791 774 1151

 840 1152 824

 840 824 263

 264 825 1152

 264 1152 840

 825 248 808

 825 808 1152

 841 1153 825

 841 825 264

 265 826 1153

 265 1153 841

 826 249 809

 826 809 1153

 842 1154 826

 842 826 265

 266 827 1154

 266 1154 842

 827 250 810

 827 810 1154

 843 1155 827

 843 827 266

 267 828 1155

 267 1155 843

 828 251 811

 828 811 1155

 844 1156 828

 844 828 267

 268 829 1156

 268 1156 844

 829 252 812

 829 812 1156

 845 1157 829

 845 829 268

 269 830 1157

 269 1157 845

 830 253 813

 830 813 1157

 846 1158 830

 846 830 269

 270 831 1158

 270 1158 846

 831 254 814

 831 814 1158

 847 1159 831

 847 831 270

 271 832 1159

 271 1159 847

 832 255 815

 832 815 1159

 848 1160 832

 848 832 271

 272 833 1160

 272 1160 848

 833 256 816

 833 816 1160

 849 1161 833

 849 833 272

 273 834 1161

 273 1161 849

 834 257 817

 834 817 1161

 850 1162 834

 850 834 273

 274 835 1162

 274 1162 850

 835 258 818

 835 818 1162

 901 1163 886

 901 886 293

 294 887 1163

 294 1163 901

 887 279 871

 887 871 1163

 804 381 259

 804 790 381

 790 31 381

 331 1164 836

 331 836 275

 276 851 1164

 276 1164 331

 851 260 333

 851 333 1164

 838 1165 821

 838 821 261

 262 823 1165

 262 1165 838

 823 246 806

 823 806 1165

 872 1166 856

 872 856 279

 280 857 1166

 280 1166 872

 857 264 840

 857 840 1166

 873 1167 857

 873 857 280

 281 858 1167

 281 1167 873

 858 265 841

 858 841 1167

 874 1168 858

 874 858 281

 282 859 1168

 282 1168 874

 859 266 842

 859 842 1168

 875 1169 859

 875 859 282

 283 860 1169

 283 1169 875

 860 267 843

 860 843 1169

 876 1170 860

 876 860 283

 284 861 1170

 284 1170 876

 861 268 844

 861 844 1170

 877 1171 861

 877 861 284

 285 862 1171

 285 1171 877

 862 269 845

 862 845 1171

 878 1172 862

 878 862 285

 286 863 1172

 286 1172 878

 863 270 846

 863 846 1172

 879 1173 863

 879 863 286

 287 864 1173

 287 1173 879

 864 271 847

 864 847 1173

 880 1174 864

 880 864 287

 303 911 1333

 303 1333 1330

 865 272 848

 865 848 1174

 880 1188 1338

 880 1338 1334

 1175 865 1324

 1175 1324 1337

 866 273 849

 866 849 1175

 881 1176 866

 881 866 288

 289 867 1176

 289 1176 881

 867 274 850

 867 850 1176

 932 1177 917

 932 917 309

 310 918 1177

 310 1177 932

 918 294 901

 918 901 1177

 836 383 275

 836 822 383

 822 32 383

 329 1178 868

 329 868 290

 291 882 1178

 291 1178 329

 882 276 331

 882 331 1178

 870 1179 853

 870 853 277

 278 855 1179

 278 1179 870

 855 262 838

 855 838 1179

 902 1180 887

 902 887 294

 295 888 1180

 295 1180 902

 888 280 872

 888 872 1180

 903 1181 888

 903 888 295

 296 889 1181

 296 1181 903

 889 281 873

 889 873 1181

 904 1182 889

 904 889 296

 297 890 1182

 297 1182 904

 890 282 874

 890 874 1182

 905 1183 890

 905 890 297

 298 891 1183

 298 1183 905

 891 283 875

 891 875 1183

 906 1184 891

 906 891 298

 299 892 1184

 299 1184 906

 892 284 876

 892 876 1184

 907 1185 892

 907 892 299

 300 893 1185

 300 1185 907

 893 285 877

 893 877 1185

 908 1186 893

 908 893 300

 301 894 1186

 301 1186 908

 894 286 878

 894 878 1186

 909 1187 894

 909 894 301

 302 895 1187

 302 1187 909

 895 287 879

 895 879 1187

 910 1188 895

 910 895 302

 910 303 1330

 910 1330 1335

 896 288 1327

 896 1327 1331

 1188 910 1335

 1188 1335 1338

 304 896 1331

 304 1331 1332

 1174 880 1334

 1174 1334 1336

 912 1189 896

 912 896 304

 305 897 1189

 305 1189 912

 897 289 881

 897 881 1189

 932 428 310

 932 960 428

 960 54 428

 868 385 290

 868 854 385

 854 33 385

 327 1190 898

 327 898 306

 307 913 1190

 307 1190 327

 913 291 329

 913 329 1190

 900 1191 884

 900 884 292

 293 886 1191

 293 1191 900

 886 278 870

 886 870 1191

 933 1192 918

 933 918 310

 311 919 1192

 311 1192 933

 919 295 902

 919 902 1192

 934 1193 919

 934 919 311

 312 920 1193

 312 1193 934

 920 296 903

 920 903 1193

 935 1194 920

 935 920 312

 313 921 1194

 313 1194 935

 921 297 904

 921 904 1194

 936 1195 921

 936 921 313

 314 922 1195

 314 1195 936

 922 298 905

 922 905 1195

 937 1196 922

 937 922 314

 315 923 1196

 315 1196 937

 923 299 906

 923 906 1196

 938 1197 923

 938 923 315

 316 924 1197

 316 1197 938

 924 300 907

 924 907 1197

 939 1198 924

 939 924 316

 317 925 1198

 317 1198 939

 925 301 908

 925 908 1198

 940 1199 925

 940 925 317

 318 926 1199

 318 1199 940

 926 302 909

 926 909 1199

 941 1200 926

 941 926 318

 319 927 1200

 319 1200 941

 927 303 910

 927 910 1200

 942 1201 927

 942 927 319

 320 928 1201

 320 1201 942

 928 304 911

 928 911 1201

 943 1202 928

 943 928 320

 321 929 1202

 321 1202 943

 929 305 912

 929 912 1202

 898 916 306

 898 885 916

 885 34 916

 327 422 307

 327 420 422

 420 51 422

 931 1203 915

 931 915 308

 309 917 1203

 309 1203 931

 917 293 900

 917 900 1203

 468 359 83

 468 390 359

 390 20 359

 930 424 308

 930 962 424

 962 52 424

 933 430 311

 933 959 430

 959 55 430

 930 1204 913

 930 913 307

 308 915 1204

 308 1204 930

 915 292 899

 915 899 1204

 934 432 312

 934 958 432

 958 56 432

 899 1205 882

 899 882 291

 292 884 1205

 292 1205 899

 884 277 869

 884 869 1205

 935 434 313

 935 957 434

 957 57 434

 869 1206 851

 869 851 276

 277 853 1206

 277 1206 869

 853 261 837

 853 837 1206

 936 436 314

 936 956 436

 956 58 436

 837 1207 819

 837 819 260

 261 821 1207

 261 1207 837

 821 245 805

 821 805 1207

 937 438 315

 937 955 438

 955 59 438

 805 1208 787

 805 787 244

 245 789 1208

 245 1208 805

 789 229 773

 789 773 1208

 938 440 316

 938 954 440

 954 60 440

 773 1209 755

 773 755 228

 229 757 1209

 229 1209 773

 757 213 741

 757 741 1209

 939 442 317

 939 953 442

 953 61 442

 741 1210 723

 741 723 212

 213 725 1210

 213 1210 741

 725 197 709

 725 709 1210

 940 444 318

 940 952 444

 952 62 444

 709 1211 691

 709 691 196

 197 693 1211

 197 1211 709

 693 181 677

 693 677 1211

 941 446 319

 941 951 446

 951 63 446

 677 1212 659

 677 659 180

 181 661 1212

 181 1212 677

 661 165 645

 661 645 1212

 942 448 320

 942 950 448

 950 64 448

 645 1213 627

 645 627 164

 165 629 1213

 165 1213 645

 629 149 613

 629 613 1213

 943 450 321

 943 949 450

 949 65 450

 613 1214 595

 613 595 148

 149 597 1214

 149 1214 613

 597 133 581

 597 581 1214

 944 945 3

 944 948 945

 948 66 945

 581 1215 563

 581 563 132

 133 565 1215

 133 1215 581

 565 117 549

 565 549 1215

 549 1216 531

 549 531 116

 117 533 1216

 117 1216 549

 533 101 517

 533 517 1216

 517 1217 499

 517 499 100

 101 501 1217

 101 1217 517

 501 85 485

 501 485 1217

 1270 1251 1227

 1270 1227 1254

 1269 1250 1226

 1269 1226 1253

 1268 1249 1225

 1268 1225 1252

 1266 1243 1223

 1266 1223 1246

 1265 1242 1222

 1265 1222 1245

 1264 1241 1221

 1264 1221 1244

 1262 1235 1220

 1262 1220 1238

 1261 1234 1219

 1261 1219 1237

 1260 1233 1218

 1260 1218 1236

 1219 1232 1257

 1219 1257 1233

 1234 1258 1232

 1234 1232 1219

 1221 1236 1259

 1221 1259 1240

 1241 1260 1236

 1241 1236 1221

 1222 1237 1260

 1222 1260 1241

 1237 1219 1233

 1237 1233 1260

 1242 1261 1237

 1242 1237 1222

 1223 1238 1261

 1223 1261 1242

 1238 1220 1234

 1238 1234 1261

 1243 1262 1238

 1243 1238 1223

 1224 1239 1262

 1224 1262 1243

 1225 1244 1263

 1225 1263 1248

 1244 1221 1240

 1244 1240 1263

 1249 1264 1244

 1249 1244 1225

 1226 1245 1264

 1226 1264 1249

 1245 1222 1241

 1245 1241 1264

 1250 1265 1245

 1250 1245 1226

 1227 1246 1265

 1227 1265 1250

 1246 1223 1242

 1246 1242 1265

 1251 1266 1246

 1251 1246 1227

 1228 1247 1266

 1228 1266 1251

 1247 1224 1243

 1247 1243 1266

 1252 1225 1248

 1252 1248 1267

 1255 1268 1252

 1255 1252 1229

 1230 1253 1268

 1230 1268 1255

 1253 1226 1249

 1253 1249 1268

 1256 1269 1253

 1256 1253 1230

 1231 1254 1269

 1231 1269 1256

 1254 1227 1250

 1254 1250 1269

 1323 1304 1280

 1323 1280 1307

 1322 1303 1279

 1322 1279 1306

 1321 1302 1278

 1321 1278 1305

 1319 1296 1276

 1319 1276 1299

 1318 1295 1275

 1318 1275 1298

 1317 1294 1274

 1317 1274 1297

 1315 1288 1273

 1315 1273 1291

 1314 1287 1272

 1314 1272 1290

 1313 1286 1271

 1313 1271 1289

 1272 1285 1310

 1272 1310 1286

 1287 1311 1285

 1287 1285 1272

 1274 1289 1312

 1274 1312 1293

 1294 1313 1289

 1294 1289 1274

 1275 1290 1313

 1275 1313 1294

 1290 1272 1286

 1290 1286 1313

 1295 1314 1290

 1295 1290 1275

 1276 1291 1314

 1276 1314 1295

 1291 1273 1287

 1291 1287 1314

 1296 1315 1291

 1296 1291 1276

 1277 1292 1315

 1277 1315 1296

 1278 1297 1316

 1278 1316 1301

 1297 1274 1293

 1297 1293 1316

 1302 1317 1297

 1302 1297 1278

 1279 1298 1317

 1279 1317 1302

 1298 1275 1294

 1298 1294 1317

 1303 1318 1298

 1303 1298 1279

 1280 1299 1318

 1280 1318 1303

 1299 1276 1295

 1299 1295 1318

 1304 1319 1299

 1304 1299 1280

 1281 1300 1319

 1281 1319 1304

 1300 1277 1296

 1300 1296 1319

 1305 1278 1301

 1305 1301 1320

 1308 1321 1305

 1308 1305 1282

 1283 1306 1321

 1283 1321 1308

 1306 1279 1302

 1306 1302 1321

 1309 1322 1306

 1309 1306 1283

 1284 1307 1322

 1284 1322 1309

 1307 1280 1303

 1307 1303 1322

 1304 1323 1281

 1251 1270 1228

 1339 1328 1325

 1339 1325 1329

 1325 1324 1336

 1325 1336 1334

 1328 1337 1324

 1328 1324 1325

 1327 1326 1337

 1327 1337 1328

 1330 1329 1338

 1330 1338 1335

 1329 1325 1334

 1329 1334 1338

 1333 1339 1329

 1333 1329 1330

 1332 1331 1339

 1332 1339 1333

 1331 1327 1328

 1331 1328 1339

 911 304 1332

 911 1332 1333

 288 866 1326

 288 1326 1327

 866 1175 1337

 866 1337 1326

 524 1016 508

 94 494 1018

vector2s:

 0.090421 0.868160

 0.152827 0.868160

 0.152827 0.930566

 0.090421 0.930566

 0.350285 0.837915

 0.412690 0.837915

 0.412690 0.900320

 0.092472 0.869165

 0.154878 0.869165

 0.154878 0.931570

 0.092472 0.931570

 0.350285 0.900320

 0.110227 0.843794

 0.172632 0.843794

 0.172632 0.906199

 0.110227 0.906199

 0.269455 0.773101

 0.322492 0.773101

 0.322492 0.822652

 0.269455 0.822652

 0.269455 0.871553

 0.322492 0.871553

 0.322492 0.920555

 0.269455 0.920555

 0.409542 0.633826

 0.346874 0.633826

 0.346874 0.571158

 0.409542 0.571158

 0.374609 0.773101

 0.426889 0.773101

 0.426889 0.822652

 0.374609 0.822652

 0.618318 0.620854

 0.618717 0.556997

 0.682233 0.558415

 0.683235 0.621188

 0.115910 0.853540

 0.178315 0.853540

 0.178315 0.915945

 0.115910 0.915945

 0.415549 0.667927

 0.415549 0.597075

 0.489212 0.597075

 0.489212 0.667927

 0.345210 0.823549

 0.345210 0.753497

 0.415262 0.753497

 0.415262 0.823549

 0.382148 0.630397

 0.382148 0.567729

 0.444816 0.567729

 0.444816 0.630397

 0.267773 0.667927

 0.267773 0.597075

 0.342155 0.597075

 0.342155 0.667927

 0.617658 0.625305

 0.682522 0.624459

 0.682592 0.689184

 0.617873 0.690008

 0.389947 0.628129

 0.389947 0.565723

 0.452352 0.565723

 0.452352 0.628129

 0.115111 0.958342

 0.115111 0.895936

 0.177517 0.895936

 0.177517 0.958342

 0.419540 0.997289

 0.303930 0.997289

 0.303930 0.881679

 0.419540 0.881679

 0.355859 0.895418

 0.299927 0.895418

 0.299927 0.825561

 0.355859 0.825561

 0.263146 0.998569

 0.280429 0.921755

 0.328232 0.895214

 0.328232 0.998569

 0.311292 0.998569

 0.311292 0.895214

 0.414648 0.895214

 0.414648 0.998569

 0.330836 0.922589

 0.330639 0.846799

 0.406429 0.846602

 0.406626 0.922392

 0.417398 0.997555

 0.296412 0.997555

 0.296412 0.876569

 0.417398 0.876569

 0.430360 0.926570

 0.309375 0.926570

 0.309375 0.805585

 0.430360 0.805585

 0.372216 0.974983

 0.253700 0.995592

 0.266143 0.868910

 0.372216 0.868910

 0.425099 0.998314

 0.319026 0.998314

 0.319026 0.892241

 0.425099 0.892241

 0.249316 0.990025

 0.266303 0.888344

 0.345523 0.886776

 0.347091 0.965996

 0.326559 0.874039

 0.388965 0.874039

 0.388965 0.936445

 0.326559 0.936445

 0.398872 0.818011

 0.343611 0.818011

 0.343611 0.748154

 0.398872 0.748154

 0.131160 0.850877

 0.193565 0.850877

 0.193565 0.913283

 0.131160 0.913283

 0.313681 0.917336

 0.392917 0.917336

 0.392917 0.996572

 0.313681 0.996572

 0.126362 0.920653

 0.068001 0.862292

 0.126362 0.862292

 0.180294 0.853648

 0.101058 0.932883

 0.101058 0.853648

 0.372470 0.642495

 0.372470 0.577799

 0.437166 0.577799

 0.437166 0.642495

 0.442473 0.748154

 0.442473 0.818011

 0.267773 0.525725

 0.342155 0.525725

 0.552782 0.624500

 0.552389 0.689298

 0.552389 0.557468

 0.617580 0.558107

 0.682982 0.556894

 0.267773 0.738645

 0.342155 0.738645

 0.415549 0.525725

 0.489212 0.525725

 0.426889 0.920555

 0.479947 0.920555

 0.479947 0.971811

 0.426889 0.971811

 0.306660 0.892991

 0.243992 0.892991

 0.243992 0.830323

 0.306660 0.830323

 0.426889 0.871553

 0.479947 0.871553

 0.479947 0.822652

 0.479947 0.773101

 0.314345 0.638852

 0.314345 0.568799

 0.384397 0.568799

 0.384397 0.638852

 0.415549 0.738645

 0.489212 0.738645

 0.374609 0.920555

 0.374609 0.971811

 0.322492 0.971811

 0.618328 0.686901

 0.682430 0.686298

 0.554592 0.686422

 0.553330 0.621672

 0.554830 0.558531

 0.444488 0.629017

 0.382059 0.634478

 0.376597 0.572049

 0.439026 0.566587

 0.246842 0.827711

 0.309272 0.833173

 0.303810 0.895603

 0.241380 0.890141

 0.269455 0.971811

 0.310620 0.714662

 0.310620 0.651994

 0.373289 0.651994

 0.373289 0.714662

 0.506745 0.997289

 0.449925 0.997289

 0.497936 0.881679

 0.254761 0.917336

 0.340006 0.996572

 0.228436 0.996572

uv:

 0 1 2

 0 2 3

 0 1 2

 0 2 3

 0 1 2

 0 2 3

 4 5 6

 0 1 2

 0 2 3

 4 5 6

 7 8 9

 7 9 10

 4 5 6

 0 1 2

 0 2 3

 4 5 6

 0 1 2

 0 2 3

 4 5 6

 0 1 2

 0 2 3

 4 5 6

 0 1 2

 0 2 3

 4 5 6

 0 1 2

 0 2 3

 4 5 6

 0 1 2

 0 2 3

 4 5 6

 4 5 6

 4 6 11

 4 5 6

 0 1 2

 0 2 3

 4 5 6

 0 1 2

 0 2 3

 4 5 6

 4 5 6

 4 5 6

 0 1 2

 0 2 3

 4 5 6

 4 5 6

 0 1 2

 0 2 3

 4 5 6

 4 6 11

 0 1 2

 0 2 3

 0 1 2

 0 2 3

 4 5 6

 4 6 11

 0 1 2

 0 2 3

 4 5 6

 4 6 11

 0 1 2

 0 2 3

 0 1 2

 0 2 3

 0 1 2

 0 2 3

 4 5 6

 4 6 11

 0 1 2

 0 2 3

 4 5 6

 4 6 11

 4 5 6

 4 5 6

 4 5 6

 4 6 11

 4 5 6

 4 6 11

 4 5 6

 4 6 11

 0 1 2

 0 2 3

 4 5 6

 4 6 11

 0 1 2

 0 2 3

 0 1 2

 0 2 3

 0 1 2

 0 2 3

 0 1 2

 0 2 3

 4 5 6

 4 6 11

 4 5 6

 4 6 11

 0 1 2

 0 2 3

 4 5 6

 4 6 11

 4 5 6

 0 1 2

 0 2 3

 0 1 2

 0 2 3

 4 5 6

 4 6 11

 0 1 2

 0 2 3

 0 1 2

 0 2 3

 0 1 2

 0 2 3

 4 5 6

 4 6 11

 0 1 2

 0 2 3

 0 1 2

 0 2 3

 0 1 2

 0 2 3

 4 5 6

 4 6 11

 0 1 2

 0 2 3

 4 5 6

 4 6 11

 4 5 6

 4 6 11

 4 5 6

 0 1 2

 0 2 3

 0 1 2

 0 2 3

 0 1 2

 0 2 3

 0 1 2

 0 2 3

 0 1 2

 0 2 3

 0 1 2

 0 2 3

 0 1 2

 0 2 3

 0 1 2

 0 2 3

 0 1 2

 0 2 3

 4 5 6

 4 6 11

 0 1 2

 0 2 3

 0 1 2

 0 2 3

 0 1 2

 0 2 3

 0 1 2

 0 2 3

 4 5 6

 0 1 2

 0 2 3

 4 5 6

 4 6 11

 4 5 6

 4 6 11

 0 1 2

 0 2 3

 0 1 2

 0 2 3

 0 1 2

 0 2 3

 0 1 2

 0 2 3

 0 1 2

 0 2 3

 0 1 2

 0 2 3

 4 5 6

 4 6 11

 0 1 2

 0 2 3

 0 1 2

 0 2 3

 0 1 2

 0 2 3

 0 1 2

 0 2 3

 4 5 6

 0 1 2

 0 2 3

 0 1 2

 0 2 3

 0 1 2

 0 2 3

 4 5 6

 4 6 11

 0 1 2

 0 2 3

 0 1 2

 0 2 3

 0 1 2

 0 2 3

 0 1 2

 0 2 3

 0 1 2

 0 2 3

 0 1 2

 0 2 3

 4 5 6

 4 6 11

 0 1 2

 0 2 3

 0 1 2

 0 2 3

 0 1 2

 0 2 3

 4 5 6

 0 1 2

 0 2 3

 0 1 2

 0 2 3

 0 1 2

 0 2 3

 0 1 2

 0 2 3

 0 1 2

 0 2 3

 0 1 2

 0 2 3

 0 1 2

 0 2 3

 0 1 2

 0 2 3

 0 1 2

 0 2 3

 0 1 2

 0 2 3

 12 13 14

 12 14 15

 0 1 2

 0 2 3

 0 1 2

 0 2 3

 0 1 2

 0 2 3

 4 5 6

 0 1 2

 0 2 3

 0 1 2

 0 2 3

 0 1 2

 0 2 3

 16 17 18

 16 18 19

 20 21 22

 20 22 23

 24 25 26

 24 26 27

 0 1 2

 0 2 3

 0 1 2

 0 2 3

 0 1 2

 0 2 3

 0 1 2

 0 2 3

 0 1 2

 0 2 3

 0 1 2

 0 2 3

 7 8 9

 7 9 10

 0 1 2

 0 2 3

 4 5 6

 0 1 2

 0 2 3

 4 5 6

 4 6 11

 0 1 2

 0 2 3

 28 29 30

 28 30 31

 32 33 34

 32 34 35

 24 25 26

 24 26 27

 0 1 2

 0 2 3

 0 1 2

 0 2 3

 0 1 2

 0 2 3

 0 1 2

 0 2 3

 36 37 38

 36 38 39

 0 1 2

 0 2 3

 40 41 42

 40 42 43

 0 1 2

 0 2 3

 4 5 6

 0 1 2

 0 2 3

 0 1 2

 0 2 3

 0 1 2

 0 2 3

 44 45 46

 44 46 47

 44 45 46

 44 46 47

 48 49 50

 48 50 51

 0 1 2

 0 2 3

 0 1 2

 0 2 3

 0 1 2

 0 2 3

 0 1 2

 0 2 3

 0 1 2

 0 2 3

 0 1 2

 0 2 3

 0 1 2

 0 2 3

 0 1 2

 0 2 3

 4 5 6

 0 1 2

 0 2 3

 4 5 6

 4 6 11

 4 5 6

 4 6 11

 0 1 2

 0 2 3

 0 1 2

 0 2 3

 0 1 2

 0 2 3

 0 1 2

 0 2 3

 0 1 2

 0 2 3

 0 1 2

 0 2 3

 0 1 2

 0 2 3

 0 1 2

 0 2 3

 36 37 38

 36 38 39

 36 37 38

 36 38 39

 0 1 2

 0 2 3

 4 5 6

 52 53 54

 52 54 55

 56 57 58

 56 58 59

 4 5 6

 4 6 11

 0 1 2

 0 2 3

 0 1 2

 0 2 3

 0 1 2

 0 2 3

 0 1 2

 0 2 3

 0 1 2

 0 2 3

 0 1 2

 0 2 3

 0 1 2

 0 2 3

 0 1 2

 0 2 3

 0 1 2

 0 2 3

 0 1 2

 0 2 3

 0 1 2

 0 2 3

 4 5 6

 0 1 2

 0 2 3

 60 61 62

 60 62 63

 0 1 2

 0 2 3

 64 65 66

 64 66 67

 0 1 2

 0 2 3

 0 1 2

 0 2 3

 0 1 2

 0 2 3

 0 1 2

 0 2 3

 0 1 2

 0 2 3

 0 1 2

 0 2 3

 0 1 2

 0 2 3

 0 1 2

 0 2 3

 0 1 2

 0 2 3

 0 1 2

 0 2 3

 4 5 6

 36 37 38

 36 38 39

 0 1 2

 0 2 3

 64 65 66

 64 66 67

 0 1 2

 0 2 3

 0 1 2

 0 2 3

 0 1 2

 0 2 3

 0 1 2

 0 2 3

 68 69 70

 68 70 71

 0 1 2

 0 2 3

 0 1 2

 0 2 3

 0 1 2

 0 2 3

 0 1 2

 0 2 3

 0 1 2

 0 2 3

 0 1 2

 0 2 3

 0 1 2

 0 2 3

 0 1 2

 0 2 3

 0 1 2

 0 2 3

 0 1 2

 0 2 3

 0 1 2

 0 2 3

 68 69 70

 68 70 71

 0 1 2

 0 2 3

 0 1 2

 0 2 3

 0 1 2

 0 2 3

 0 1 2

 0 2 3

 0 1 2

 0 2 3

 0 1 2

 0 2 3

 0 1 2

 0 2 3

 0 1 2

 0 2 3

 4 5 6

 4 5 6

 4 5 6

 4 5 6

 0 1 2

 0 2 3

 0 1 2

 0 2 3

 4 5 6

 4 5 6

 4 6 11

 4 5 6

 4 6 11

 4 5 6

 4 6 11

 4 5 6

 4 6 11

 0 1 2

 0 2 3

 4 5 6

 4 6 11

 4 5 6

 4 6 11

 4 5 6

 4 6 11

 4 5 6

 4 6 11

 0 1 2

 0 2 3

 4 5 6

 4 6 11

 4 5 6

 4 6 11

 72 73 74

 72 74 75

 76 77 78

 76 78 79

 80 81 82

 80 82 83

 84 85 86

 84 86 87

 4 5 6

 4 5 6

 4 5 6

 4 5 6

 4 5 6

 4 5 6

 4 5 6

 4 5 6

 4 5 6

 4 5 6

 4 5 6

 4 5 6

 4 5 6

 4 5 6

 4 5 6

 88 89 90

 88 90 91

 88 89 90

 88 90 91

 88 89 90

 88 90 91

 88 89 90

 88 90 91

 92 93 94

 92 94 95

 92 93 94

 92 94 95

 92 93 94

 92 94 95

 88 89 90

 88 90 91

 88 89 90

 88 90 91

 88 89 90

 88 90 91

 88 89 90

 88 90 91

 88 89 90

 88 90 91

 88 89 90

 88 90 91

 88 89 90

 88 90 91

 88 89 90

 88 90 91

 4 5 6

 4 5 6

 4 5 6

 4 5 6

 4 5 6

 4 5 6

 4 5 6

 4 5 6

 4 5 6

 4 5 6

 4 5 6

 4 5 6

 4 5 6

 4 5 6

 4 5 6

 0 1 2

 0 1 2

 4 5 6

 4 5 6

 4 5 6

 4 5 6

 4 5 6

 4 5 6

 4 5 6

 4 5 6

 4 5 6

 4 5 6

 4 5 6

 4 5 6

 4 5 6

 4 5 6

 4 5 6

 4 5 6

 4 5 6

 4 5 6

 4 5 6

 4 5 6

 4 5 6

 4 5 6

 4 5 6

 4 5 6

 4 5 6

 4 5 6

 4 5 6

 4 5 6

 4 5 6

 4 5 6

 4 5 6

 4 5 6

 4 5 6

 0 1 2

 4 5 6

 4 5 6

 4 5 6

 4 5 6

 4 5 6

 4 5 6

 4 5 6

 4 5 6

 4 5 6

 88 89 90

 88 90 91

 0 1 2

 0 2 3

 0 1 2

 0 2 3

 88 89 90

 88 90 91

 0 1 2

 0 2 3

 0 1 2

 0 2 3

 88 89 90

 88 90 91

 0 1 2

 0 2 3

 0 1 2

 0 2 3

 88 89 90

 88 90 91

 0 1 2

 0 2 3

 0 1 2

 0 2 3

 88 89 90

 88 90 91

 0 1 2

 0 2 3

 0 1 2

 0 2 3

 88 89 90

 88 90 91

 0 1 2

 0 2 3

 0 1 2

 0 2 3

 88 89 90

 88 90 91

 0 1 2

 0 2 3

 0 1 2

 0 2 3

 88 89 90

 88 90 91

 0 1 2

 0 2 3

 0 1 2

 0 2 3

 92 93 94

 92 94 95

 96 97 98

 96 98 99

 100 101 102

 100 102 103

 92 93 94

 92 94 95

 100 101 102

 100 102 103

 100 101 102

 100 102 103

 92 93 94

 92 94 95

 100 101 102

 100 102 103

 104 105 106

 104 106 107

 88 89 90

 88 90 91

 0 1 2

 0 2 3

 0 1 2

 0 2 3

 88 89 90

 88 90 91

 0 1 2

 0 2 3

 0 1 2

 0 2 3

 88 89 90

 88 90 91

 0 1 2

 0 2 3

 0 1 2

 0 2 3

 88 89 90

 88 90 91

 0 1 2

 0 2 3

 0 1 2

 0 2 3

 4 5 6

 4 5 6

 4 5 6

 4 5 6

 4 5 6

 4 5 6

 4 5 6

 4 5 6

 4 5 6

 4 5 6

 4 5 6

 4 5 6

 4 5 6

 4 5 6

 4 5 6

 4 5 6

 4 5 6

 4 5 6

 4 5 6

 4 5 6

 4 5 6

 4 5 6

 4 5 6

 4 5 6

 4 5 6

 4 5 6

 4 5 6

 4 5 6

 4 5 6

 4 5 6

 4 5 6

 4 5 6

 4 5 6

 4 5 6

 4 5 6

 4 5 6

 4 5 6

 4 5 6

 4 5 6

 4 5 6

 4 5 6

 4 5 6

 4 5 6

 4 5 6

 4 5 6

 88 89 90

 88 90 91

 0 1 2

 0 2 3

 80 81 82

 80 82 83

 0 1 2

 0 2 3

 0 1 2

 0 2 3

 80 81 82

 80 82 83

 0 1 2

 0 2 3

 0 1 2

 0 2 3

 108 109 110

 108 110 111

 112 113 114

 112 114 115

 4 5 6

 4 6 11

 4 5 6

 4 6 11

 4 5 6

 4 6 11

 4 5 6

 4 6 11

 4 5 6

 4 6 11

 4 5 6

 4 6 11

 4 5 6

 4 6 11

 4 5 6

 4 6 11

 0 1 2

 0 2 3

 0 1 2

 0 2 3

 4 5 6

 4 6 11

 0 1 2

 0 2 3

 0 1 2

 0 2 3

 4 5 6

 4 6 11

 0 1 2

 0 2 3

 0 1 2

 0 2 3

 4 5 6

 4 6 11

 0 1 2

 0 2 3

 0 1 2

 0 2 3

 4 5 6

 4 6 11

 0 1 2

 0 2 3

 0 1 2

 0 2 3

 4 5 6

 4 6 11

 4 5 6

 4 6 11

 4 5 6

 4 6 11

 4 5 6

 4 6 11

 4 5 6

 4 6 11

 4 5 6

 4 6 11

 4 5 6

 4 6 11

 4 5 6

 4 6 11

 4 5 6

 4 6 11

 4 5 6

 4 6 11

 4 5 6

 4 6 11

 4 5 6

 4 6 11

 4 5 6

 4 6 11

 4 5 6

 4 6 11

 4 5 6

 4 6 11

 4 5 6

 4 6 11

 4 5 6

 4 5 6

 4 5 6

 0 1 2

 0 2 3

 0 1 2

 0 2 3

 0 1 2

 0 2 3

 0 1 2

 0 2 3

 0 1 2

 0 2 3

 0 1 2

 0 2 3

 4 5 6

 4 5 6

 4 5 6

 4 5 6

 4 5 6

 4 5 6

 0 1 2

 4 5 6

 4 5 6

 4 5 6

 4 5 6

 4 5 6

 0 1 2

 0 2 3

 0 1 2

 0 2 3

 0 1 2

 0 2 3

 0 1 2

 0 2 3

 0 1 2

 0 2 3

 0 1 2

 0 2 3

 0 1 2

 0 2 3

 0 1 2

 0 2 3

 0 1 2

 0 2 3

 0 1 2

 0 2 3

 0 1 2

 0 2 3

 0 1 2

 0 2 3

 0 1 2

 0 2 3

 0 1 2

 0 2 3

 0 1 2

 0 2 3

 0 1 2

 0 2 3

 0 1 2

 0 2 3

 0 1 2

 0 2 3

 0 1 2

 0 2 3

 0 1 2

 0 2 3

 0 1 2

 0 2 3

 116 117 118

 116 118 119

 0 1 2

 0 2 3

 0 1 2

 0 2 3

 68 69 70

 68 70 71

 0 1 2

 0 2 3

 0 1 2

 0 2 3

 0 1 2

 0 2 3

 0 1 2

 0 2 3

 0 1 2

 0 2 3

 0 1 2

 0 2 3

 120 121 122

 120 122 123

 120 121 122

 120 122 123

 0 1 2

 0 2 3

 64 65 66

 64 66 67

 0 1 2

 0 2 3

 0 1 2

 0 2 3

 0 1 2

 0 2 3

 0 1 2

 0 2 3

 0 1 2

 0 2 3

 0 1 2

 0 2 3

 0 1 2

 0 2 3

 0 1 2

 0 2 3

 0 1 2

 0 2 3

 0 1 2

 0 2 3

 0 1 2

 0 2 3

 0 1 2

 0 2 3

 0 1 2

 0 2 3

 0 1 2

 0 2 3

 0 1 2

 0 2 3

 0 1 2

 0 2 3

 0 1 2

 0 2 3

 0 1 2

 0 2 3

 0 1 2

 0 2 3

 0 1 2

 0 2 3

 0 1 2

 0 2 3

 0 1 2

 0 2 3

 0 1 2

 0 2 3

 0 1 2

 0 2 3

 0 1 2

 0 2 3

 124 125 126

 0 1 2

 0 2 3

 0 1 2

 0 2 3

 0 1 2

 0 2 3

 0 1 2

 0 2 3

 0 1 2

 0 2 3

 0 1 2

 0 2 3

 0 1 2

 0 2 3

 127 128 129

 0 1 2

 0 2 3

 0 1 2

 0 2 3

 0 1 2

 0 2 3

 0 1 2

 0 2 3

 0 1 2

 0 2 3

 0 1 2

 0 2 3

 0 1 2

 0 2 3

 0 1 2

 0 2 3

 64 65 66

 64 66 67

 0 1 2

 0 2 3

 0 1 2

 0 2 3

 0 1 2

 0 2 3

 0 1 2

 0 2 3

 0 1 2

 0 2 3

 0 1 2

 0 2 3

 4 5 6

 4 5 6

 4 5 6

 0 1 2

 0 2 3

 0 1 2

 0 2 3

 0 1 2

 0 2 3

 0 1 2

 0 2 3

 0 1 2

 0 2 3

 0 1 2

 0 2 3

 0 1 2

 0 2 3

 0 1 2

 0 2 3

 0 1 2

 0 2 3

 0 1 2

 0 2 3

 0 1 2

 0 2 3

 0 1 2

 0 2 3

 0 1 2

 0 2 3

 0 1 2

 0 2 3

 0 1 2

 0 2 3

 0 1 2

 0 2 3

 0 1 2

 0 2 3

 0 1 2

 0 2 3

 0 1 2

 0 2 3

 0 1 2

 0 2 3

 0 1 2

 0 2 3

 116 117 118

 116 118 119

 116 117 118

 116 118 119

 0 1 2

 0 2 3

 0 1 2

 0 2 3

 0 1 2

 0 2 3

 0 1 2

 0 2 3

 0 1 2

 0 2 3

 0 1 2

 0 2 3

 0 1 2

 0 2 3

 0 1 2

 0 2 3

 0 1 2

 0 2 3

 64 65 66

 64 66 67

 0 1 2

 0 2 3

 130 131 132

 130 132 133

 0 1 2

 0 2 3

 4 5 6

 4 6 11

 4 5 6

 4 6 11

 112 115 134

 112 134 135

 53 136 137

 53 137 54

 0 1 2

 0 2 3

 0 1 2

 0 2 3

 4 5 6

 4 5 6

 4 5 6

 0 1 2

 0 2 3

 0 1 2

 0 2 3

 0 1 2

 0 2 3

 0 1 2

 0 2 3

 0 1 2

 0 2 3

 0 1 2

 0 2 3

 0 1 2

 0 2 3

 0 1 2

 0 2 3

 0 1 2

 0 2 3

 0 1 2

 0 2 3

 0 1 2

 0 2 3

 0 1 2

 0 2 3

 0 1 2

 0 2 3

 0 1 2

 0 2 3

 0 1 2

 0 2 3

 0 1 2

 0 2 3

 0 1 2

 0 2 3

 0 1 2

 0 2 3

 0 1 2

 0 2 3

 0 1 2

 0 2 3

 0 1 2

 0 2 3

 0 1 2

 0 2 3

 0 1 2

 0 2 3

 0 1 2

 0 2 3

 0 1 2

 0 2 3

 0 1 2

 0 2 3

 0 1 2

 0 2 3

 0 1 2

 0 2 3

 0 1 2

 0 2 3

 0 1 2

 0 2 3

 0 1 2

 0 2 3

 0 1 2

 0 2 3

 0 1 2

 0 2 3

 4 5 6

 4 6 11

 4 5 6

 4 6 11

 4 5 6

 4 6 11

 138 56 59

 138 59 139

 140 141 56

 140 56 138

 141 142 57

 141 57 56

 143 52 55

 143 55 144

 7 8 9

 7 9 10

 0 1 2

 0 2 3

 4 5 6

 4 5 6

 4 5 6

 0 1 2

 0 2 3

 0 1 2

 0 2 3

 0 1 2

 0 2 3

 0 1 2

 0 2 3

 0 1 2

 0 2 3

 36 37 38

 36 38 39

 0 1 2

 0 2 3

 36 37 38

 36 38 39

 36 37 38

 36 38 39

 0 1 2

 0 2 3

 0 1 2

 0 2 3

 0 1 2

 0 2 3

 0 1 2

 0 2 3

 0 1 2

 0 2 3

 0 1 2

 0 2 3

 0 1 2

 0 2 3

 0 1 2

 0 2 3

 0 1 2

 0 2 3

 0 1 2

 0 2 3

 0 1 2

 0 2 3

 0 1 2

 0 2 3

 0 1 2

 0 2 3

 0 1 2

 0 2 3

 0 1 2

 0 2 3

 0 1 2

 0 2 3

 0 1 2

 0 2 3

 0 1 2

 0 2 3

 0 1 2

 0 2 3

 0 1 2

 0 2 3

 0 1 2

 0 2 3

 0 1 2

 0 2 3

 0 1 2

 0 2 3

 0 1 2

 0 2 3

 0 1 2

 0 2 3

 4 5 6

 4 6 11

 4 5 6

 4 6 11

 4 5 6

 4 6 11

 4 5 6

 4 6 11

 4 5 6

 4 6 11

 0 1 2

 0 2 3

 0 1 2

 0 2 3

 0 1 2

 0 2 3

 4 5 6

 4 5 6

 4 5 6

 0 1 2

 0 2 3

 0 1 2

 0 2 3

 0 1 2

 0 2 3

 41 145 146

 41 146 42

 54 137 145

 54 145 41

 0 1 2

 0 2 3

 0 1 2

 0 2 3

 0 1 2

 0 2 3

 0 1 2

 0 2 3

 0 1 2

 0 2 3

 0 1 2

 0 2 3

 0 1 2

 0 2 3

 0 1 2

 0 2 3

 0 1 2

 0 2 3

 0 1 2

 0 2 3

 0 1 2

 0 2 3

 0 1 2

 0 2 3

 0 1 2

 0 2 3

 0 1 2

 0 2 3

 0 1 2

 0 2 3

 0 1 2

 0 2 3

 0 1 2

 0 2 3

 0 1 2

 0 2 3

 0 1 2

 0 2 3

 24 25 26

 24 26 27

 147 148 149

 147 149 150

 151 152 153

 151 153 154

 155 156 148

 155 148 147

 30 157 156

 30 156 155

 44 45 46

 44 46 47

 29 158 157

 29 157 30

 152 153 154

 152 154 151

 159 160 161

 159 161 162

 0 1 2

 0 2 3

 0 1 2

 0 2 3

 0 1 2

 0 2 3

 0 1 2

 0 2 3

 0 1 2

 0 2 3

 0 1 2

 0 2 3

 0 1 2

 0 2 3

 0 1 2

 0 2 3

 0 1 2

 0 2 3

 4 5 6

 4 5 6

 4 5 6

 0 1 2

 0 2 3

 0 1 2

 0 2 3

 0 1 2

 0 2 3

 163 40 43

 163 43 164

 144 55 40

 144 40 163

 55 54 41

 55 41 40

 0 1 2

 0 2 3

 0 1 2

 0 2 3

 0 1 2

 0 2 3

 0 1 2

 0 2 3

 0 1 2

 0 2 3

 0 1 2

 0 2 3

 0 1 2

 0 2 3

 0 1 2

 0 2 3

 0 1 2

 0 2 3

 0 1 2

 0 2 3

 0 1 2

 0 2 3

 0 1 2

 0 2 3

 0 1 2

 0 2 3

 0 1 2

 0 2 3

 0 1 2

 0 2 3

 0 1 2

 0 2 3

 0 1 2

 0 2 3

 0 1 2

 0 2 3

 24 25 26

 24 26 27

 22 165 166

 22 166 167

 165 147 150

 165 150 166

 168 32 35

 168 35 169

 170 171 32

 170 32 168

 171 172 33

 171 33 32

 17 28 31

 17 31 18

 152 153 154

 152 154 151

 152 153 154

 152 154 151

 0 1 2

 0 2 3

 4 5 6

 4 6 11

 4 5 6

 4 6 11

 0 1 2

 0 2 3

 0 1 2

 0 2 3

 0 1 2

 0 2 3

 0 1 2

 0 2 3

 0 1 2

 0 2 3

 0 1 2

 0 2 3

 4 5 6

 4 5 6

 4 5 6

 0 1 2

 0 2 3

 0 1 2

 0 2 3

 0 1 2

 0 2 3

 0 1 2

 0 2 3

 0 1 2

 0 2 3

 7 8 9

 7 9 10

 0 1 2

 0 2 3

 0 1 2

 0 2 3

 0 1 2

 0 2 3

 0 1 2

 0 2 3

 0 1 2

 0 2 3

 0 1 2

 0 2 3

 0 1 2

 0 2 3

 0 1 2

 0 2 3

 0 1 2

 0 2 3

 0 1 2

 0 2 3

 0 1 2

 0 2 3

 0 1 2

 0 2 3

 0 1 2

 0 2 3

 0 1 2

 0 2 3

 0 1 2

 0 2 3

 0 1 2

 0 2 3

 0 1 2

 0 2 3

 0 1 2

 0 2 3

 173 174 175

 173 175 176

 177 178 179

 177 179 180

 23 22 167

 23 167 181

 46 47 44

 46 44 45

 46 47 44

 46 44 45

 19 18 21

 19 21 20

 46 47 44

 46 44 45

 182 183 184

 182 184 185

 152 153 154

 152 154 151

 0 1 2

 0 2 3

 0 1 2

 0 2 3

 0 1 2

 0 2 3

 0 1 2

 0 2 3

 0 1 2

 0 2 3

 0 1 2

 0 2 3

 0 1 2

 0 2 3

 0 1 2

 0 2 3

 0 1 2

 0 2 3

 4 5 6

 4 5 6

 4 5 6

 0 1 2

 0 2 3

 0 1 2

 0 2 3

 0 1 2

 0 2 3

 0 1 2

 0 2 3

 0 1 2

 0 2 3

 0 1 2

 0 2 3

 0 1 2

 0 2 3

 0 1 2

 0 2 3

 0 1 2

 0 2 3

 0 1 2

 0 2 3

 0 1 2

 0 2 3

 12 13 14

 12 14 15

 0 1 2

 0 2 3

 0 1 2

 0 2 3

 0 1 2

 0 2 3

 0 1 2

 0 2 3

 0 1 2

 0 2 3

 0 1 2

 0 2 3

 0 1 2

 0 2 3

 0 1 2

 0 2 3

 0 1 2

 0 2 3

 0 1 2

 0 2 3

 0 1 2

 0 2 3

 0 1 2

 0 2 3

 0 1 2

 0 2 3

 0 1 2

 0 2 3

 0 1 2

 0 2 3

 0 1 2

 0 2 3

 0 1 2

 0 2 3

 0 1 2

 0 2 3

 0 1 2

 0 2 3

 0 1 2

 0 2 3

 0 1 2

 0 2 3

 0 1 2

 0 2 3

 0 1 2

 0 2 3

 0 1 2

 0 2 3

 0 1 2

 0 2 3

 0 1 2

 0 2 3

 0 1 2

 0 2 3

 0 1 2

 0 2 3

 0 1 2

 0 2 3

 0 1 2

 0 2 3

 4 5 6

 4 5 6

 4 5 6

 0 1 2

 0 2 3

 0 1 2

 0 2 3

 0 1 2

 0 2 3

 0 1 2

 0 2 3

 0 1 2

 0 2 3

 0 1 2

 0 2 3

 0 1 2

 0 2 3

 4 5 6

 4 6 11

 0 1 2

 0 2 3

 4 5 6

 4 6 11

 4 5 6

 4 6 11

 4 5 6

 4 6 11

 4 5 6

 4 6 11

 4 5 6

 4 6 11

 0 1 2

 0 2 3

 0 1 2

 0 2 3

 0 1 2

 0 2 3

 0 1 2

 0 2 3

 0 1 2

 0 2 3

 0 1 2

 0 2 3

 0 1 2

 0 2 3

 0 1 2

 0 2 3

 0 1 2

 0 2 3

 0 1 2

 0 2 3

 0 1 2

 0 2 3

 0 1 2

 0 2 3

 0 1 2

 0 2 3

 0 1 2

 0 2 3

 0 1 2

 0 2 3

 0 1 2

 0 2 3

 4 5 6

 4 6 11

 4 5 6

 4 6 11

 0 1 2

 0 2 3

 0 1 2

 0 2 3

 0 1 2

 0 2 3

 0 1 2

 0 2 3

 0 1 2

 0 2 3

 0 1 2

 0 2 3

 0 1 2

 0 2 3

 0 1 2

 0 2 3

 0 1 2

 0 2 3

 0 1 2

 0 2 3

 4 5 6

 4 5 6

 4 5 6

 0 1 2

 0 2 3

 0 1 2

 0 2 3

 0 1 2

 0 2 3

 0 1 2

 0 2 3

 0 1 2

 0 2 3

 0 1 2

 0 2 3

 0 1 2

 0 2 3

 0 1 2

 0 2 3

 0 1 2

 0 2 3

 0 1 2

 0 2 3

 0 1 2

 0 2 3

 0 1 2

 0 2 3

 4 5 6

 4 6 11

 4 5 6

 4 6 11

 4 5 6

 4 6 11

 0 1 2

 0 2 3

 0 1 2

 0 2 3

 0 1 2

 0 2 3

 0 1 2

 0 2 3

 0 1 2

 0 2 3

 0 1 2

 0 2 3

 0 1 2

 0 2 3

 0 1 2

 0 2 3

 0 1 2

 0 2 3

 0 1 2

 0 2 3

 0 1 2

 0 2 3

 0 1 2

 0 2 3

 0 1 2

 0 2 3

 0 1 2

 0 2 3

 0 1 2

 0 2 3

 0 1 2

 0 2 3

 0 1 2

 0 2 3

 0 1 2

 0 2 3

 4 5 6

 4 6 11

 4 5 6

 4 6 11

 4 5 6

 4 6 11

 4 5 6

 4 6 11

 4 5 6

 4 6 11

 4 5 6

 4 6 11

 0 1 2

 0 2 3

 0 1 2

 0 2 3

 0 1 2

 0 2 3

 4 5 6

 4 5 6

 4 5 6

 0 1 2

 0 2 3

 0 1 2

 0 2 3

 4 5 6

 4 6 11

 0 1 2

 0 2 3

 0 1 2

 0 2 3

 0 1 2

 0 2 3

 0 1 2

 0 2 3

 0 1 2

 0 2 3

 0 1 2

 0 2 3

 4 5 6

 4 6 11

 4 5 6

 4 6 11

 4 5 6

 4 6 11

 4 5 6

 4 6 11

 0 1 2

 0 2 3

 4 5 6

 4 6 11

 0 1 2

 0 2 3

 0 1 2

 0 2 3

 0 1 2

 0 2 3

 0 1 2

 0 2 3

 0 1 2

 0 2 3

 0 1 2

 0 2 3

 4 5 6

 4 6 11

 4 5 6

 4 6 11

 0 1 2

 0 2 3

 0 1 2

 0 2 3

 0 1 2

 0 2 3

 0 1 2

 0 2 3

 0 1 2

 0 2 3

 0 1 2

 0 2 3

 0 1 2

 0 2 3

 0 1 2

 0 2 3

 0 1 2

 0 2 3

 0 1 2

 0 2 3

 0 1 2

 0 2 3

 0 1 2

 0 2 3

 0 1 2

 0 2 3

 0 1 2

 0 2 3

 4 5 6

 4 6 11

 4 5 6

 4 6 11

 0 1 2

 0 2 3

 0 1 2

 0 2 3

 0 1 2

 0 2 3

 4 5 6

 4 5 6

 4 5 6

 4 5 6

 4 6 11

 4 5 6

 4 6 11

 4 5 6

 4 6 11

 0 1 2

 0 2 3

 0 1 2

 0 2 3

 0 1 2

 0 2 3

 0 1 2

 0 2 3

 0 1 2

 0 2 3

 0 1 2

 0 2 3

 4 5 6

 4 6 11

 4 5 6

 4 6 11

 4 5 6

 4 6 11

 0 1 2

 0 2 3

 0 1 2

 0 2 3

 0 1 2

 0 2 3

 0 1 2

 0 2 3

 0 1 2

 0 2 3

 0 1 2

 0 2 3

 0 1 2

 0 2 3

 0 1 2

 0 2 3

 0 1 2

 0 2 3

 4 5 6

 4 6 11

 4 5 6

 4 6 11

 4 5 6

 4 6 11

 0 1 2

 0 2 3

 0 1 2

 0 2 3

 0 1 2

 0 2 3

 0 1 2

 0 2 3

 0 1 2

 0 2 3

 0 1 2

 0 2 3

 4 5 6

 4 6 11

 4 5 6

 4 6 11

 4 5 6

 4 6 11

 4 5 6

 4 6 11

 4 5 6

 4 6 11

 4 5 6

 4 6 11

 4 5 6

 4 6 11

 0 1 2

 0 2 3

 0 1 2

 0 2 3

 4 5 6

 4 6 11

 4 5 6

 4 6 11

 0 1 2

 0 2 3

 4 5 6

 4 5 6

 4 5 6

 4 5 6

 4 6 11

 0 1 2

 0 2 3

 0 1 2

 0 2 3

 0 1 2

 0 2 3

 0 1 2

 0 2 3

 0 1 2

 0 2 3

 4 5 6

 4 6 11

 4 5 6

 4 6 11

 4 5 6

 4 6 11

 4 5 6

 4 6 11

 0 1 2

 0 2 3

 4 5 6

 4 6 11

 0 1 2

 0 2 3

 0 1 2

 0 2 3

 0 1 2

 0 2 3

 0 1 2

 0 2 3

 0 1 2

 0 2 3

 0 1 2

 0 2 3

 0 1 2

 0 2 3

 0 1 2

 0 2 3

 0 1 2

 0 2 3

 0 1 2

 0 2 3

 0 1 2

 0 2 3

 4 5 6

 4 6 11

 4 5 6

 4 6 11

 4 5 6

 4 6 11

 0 1 2

 0 2 3

 0 1 2

 0 2 3

 0 1 2

 0 2 3

 0 1 2

 0 2 3

 4 5 6

 4 6 11

 4 5 6

 4 6 11

 4 5 6

 4 6 11

 4 5 6

 4 6 11

 4 5 6

 4 6 11

 4 5 6

 4 6 11

 4 5 6

 4 6 11

 0 1 2

 0 2 3

 0 1 2

 0 2 3

 4 5 6

 4 5 6

 0 1 2

 4 5 6

 4 5 6

 0 1 2

 0 1 2

 0 2 3

 4 5 6

 4 6 11

 0 1 2

 0 2 3

 0 1 2

 0 2 3

 0 1 2

 0 2 3

 0 1 2

 0 2 3

 4 5 6

 4 6 11

 4 5 6

 4 6 11

 4 5 6

 4 6 11

 0 1 2

 0 2 3

 0 1 2

 0 2 3

 0 1 2

 0 2 3

 0 1 2

 0 2 3

 0 1 2

 0 2 3

 0 1 2

 0 2 3

 0 1 2

 0 2 3

 0 1 2

 0 2 3

 0 1 2

 0 2 3

 0 1 2

 0 2 3

 0 1 2

 0 2 3

 0 1 2

 0 2 3

 0 1 2

 0 2 3

 0 1 2

 0 2 3

 0 1 2

 0 2 3

 4 5 6

 4 6 11

 4 5 6

 4 6 11

 4 5 6

 4 6 11

 4 5 6

 4 6 11

 4 5 6

 4 6 11

 0 1 2

 0 2 3

 4 5 6

 4 6 11

 4 5 6

 4 6 11

 4 5 6

 4 6 11

 4 5 6

 4 6 11

 4 5 6

 4 6 11

 4 5 6

 4 6 11

 4 5 6

 4 6 11

 4 5 6

 4 6 11

 0 1 2

 0 2 3

 4 5 6

 0 1 2

 4 5 6

 4 5 6

 4 5 6

 4 5 6

 4 5 6

 4 6 11

 4 5 6

 4 6 11

 0 1 2

 0 2 3

 4 5 6

 4 5 6

 4 5 6

 4 5 6

 4 5 6

 4 5 6

 4 5 6

 4 5 6

 4 5 6

 4 5 6

 4 6 11

 4 5 6

 4 6 11

 0 1 2

 0 2 3

 4 5 6

 4 5 6

 4 5 6

 0 1 2

 0 2 3

 0 1 2

 0 2 3

 0 1 2

 0 2 3

 4 5 6

 4 5 6

 4 5 6

 4 5 6

 4 6 11

 0 1 2

 0 2 3

 0 1 2

 0 2 3

 4 5 6

 4 5 6

 4 5 6

 0 1 2

 0 2 3

 4 5 6

 4 6 11

 0 1 2

 0 2 3

 4 5 6

 4 5 6

 4 5 6

 0 1 2

 0 2 3

 0 1 2

 0 2 3

 0 1 2

 0 2 3

 4 5 6

 4 5 6

 4 5 6

 0 1 2

 0 2 3

 0 1 2

 0 2 3

 0 1 2

 0 2 3

 4 5 6

 4 5 6

 4 5 6

 0 1 2

 0 2 3

 0 1 2

 0 2 3

 0 1 2

 0 2 3

 4 5 6

 4 5 6

 0 1 2

 0 1 2

 0 2 3

 0 1 2

 0 2 3

 0 1 2

 0 2 3

 4 5 6

 4 5 6

 4 5 6

 0 1 2

 0 2 3

 0 1 2

 0 2 3

 7 8 9

 7 9 10

 4 5 6

 4 5 6

 4 5 6

 7 8 9

 7 9 10

 7 8 9

 7 9 10

 7 8 9

 7 9 10

 4 5 6

 4 5 6

 4 5 6

 7 8 9

 7 9 10

 7 8 9

 7 9 10

 0 1 2

 0 2 3

 4 5 6

 4 5 6

 4 5 6

 0 1 2

 0 2 3

 0 1 2

 0 2 3

 0 1 2

 0 2 3

 0 1 2

 0 2 3

 0 1 2

 0 2 3

 0 1 2

 0 2 3

 0 1 2

 0 2 3

 0 1 2

 0 2 3

 0 1 2

 0 2 3

 4 5 6

 4 6 11

 0 1 2

 0 2 3

 4 5 6

 4 6 11

 0 1 2

 0 2 3

 0 1 2

 0 2 3

 0 1 2

 0 2 3

 4 5 6

 4 6 11

 4 5 6

 4 6 11

 4 5 6

 4 6 11

 4 5 6

 4 6 11

 4 5 6

 4 6 11

 4 5 6

 4 6 11

 4 5 6

 4 6 11

 0 1 2

 0 2 3

 4 5 6

 4 6 11

 0 1 2

 0 2 3

 0 1 2

 0 2 3

 4 5 6

 4 6 11

 4 5 6

 4 6 11

 4 5 6

 4 6 11

 4 5 6

 4 6 11

 4 5 6

 4 6 11

 0 1 2

 0 2 3

 0 1 2

 0 2 3

 0 1 2

 0 2 3

 0 1 2

 0 2 3

 0 1 2

 0 2 3

 0 1 2

 0 2 3

 4 5 6

 4 6 11

 4 5 6

 4 6 11

 4 5 6

 4 6 11

 0 1 2

 0 2 3

 0 1 2

 0 2 3

 4 5 6

 4 6 11

 0 1 2

 0 2 3

 4 5 6

 4 6 11

 0 1 2

 0 2 3

 4 5 6

 4 6 11

 4 5 6

 4 6 11

 4 5 6

 4 6 11

 4 5 6

 4 6 11

 4 5 6

 4 6 11

 0 1 2

 0 2 3

 4 5 6

 4 6 11

 4 5 6

 4 6 11

 4 5 6

 4 6 11

 4 5 6

 4 6 11

 0 1 2

 0 2 3

 4 5 6

 4 6 11

 0 1 2

 0 2 3

 4 5 6

 4 6 11

 4 5 6

 4 6 11

 4 5 6

 4 6 11

 4 5 6

 4 6 11

 4 5 6

 4 6 11

 4 5 6

 4 6 11

 4 5 6

 4 6 11

 4 5 6

 4 6 11

 4 5 6

 4 6 11

 4 5 6

 4 6 11

 4 5 6

 4 6 11

 4 5 6

 4 6 11

 4 5 6

 4 6 11

 0 1 2

 0 2 3

 0 1 2

 0 2 3

 0 1 2

 0 2 3

 4 5 6

 4 6 11

 4 5 6

 4 6 11

 4 5 6

 4 6 11

 4 5 6

 4 6 11

 4 5 6

 4 6 11

 4 5 6

 4 6 11

 4 5 6

 4 6 11

 4 5 6

 4 6 11

 4 5 6

 4 6 11

 4 5 6

 4 6 11

 4 5 6

 4 5 6

 4 5 6

 4 6 11

 4 5 6

 4 6 11

 4 5 6

 4 6 11

 4 5 6

 4 6 11

 4 5 6

 4 6 11

 4 5 6

 4 6 11

 4 5 6

 4 6 11

 4 5 6

 4 6 11

 4 5 6

 4 6 11

 4 5 6

 4 6 11

 4 5 6

 4 6 11

 4 5 6

 4 6 11

 186 187 188

 189 190 191

palette:

 80 80 80 255

 84 84 84 255

 87 87 87 255

 82 82 82 255

 86 86 86 255

 81 81 81 255

 93 93 93 255

 88 88 88 255

 101 101 101 255

 216 216 216 255

 141 141 141 255

 152 152 152 255

 77 77 77 255

 72 72 72 255

 65 65 65 255

 48 48 48 255

 188 188 188 255

 151 151 151 255

 214 214 214 255

 85 85 85 255

 33 33 33 255

 29 29 29 255

 184 184 184 255

 60 60 60 255

 92 92 92 255

 35 35 35 255

 39 39 39 255

 204 204 204 255

 154 154 154 255

 200 200 200 255

 53 53 53 255

 45 45 45 255

 66 66 66 255

 159 159 159 255

 134 134 134 255

 183 183 183 255

 96 96 96 255

 125 125 125 255

 115 115 115 255

 139 139 139 255

 104 104 104 255

 114 114 114 255

 109 109 109 255

 116 116 116 255

 50 50 50 255

 73 73 73 255

 133 133 133 255

 119 119 119 255

 124 124 124 255

 36 36 36 255

 58 58 58 255

 37 37 37 255

 122 122 122 255

 97 97 97 255

 121 121 121 255

 127 127 127 255

 175 175 175 255

 161 161 161 255

 112 112 112 255

 194 194 194 255

 147 147 147 255

 177 177 177 255

 95 95 95 255

 166 166 166 255

 255 255 255 255

 210 210 210 255

 239 239 239 255

 208 208 208 255

 192 192 192 255

 250 250 250 255

 212 212 212 255

 91 91 91 255

 170 170 170 255

 168 168 168 255

 118 118 118 255

 190 190 190 255

 55 55 55 255

 79 79 79 255

 62 62 62 255

 107 107 107 255

 108 108 108 255

 103 103 103 255

 71 71 71 255

 51 51 51 255

 90 90 90 255

 32 32 32 255

 47 47 47 255

 111 111 111 255

 163 163 163 255

 181 181 181 255

 78 78 78 255

 74 74 74 255

 237 237 237 255

 186 186 186 255

 146 146 146 255

 69 69 69 255

 128 128 128 255

 76 76 76 255

 34 34 34 255

 52 52 52 255

 59 59 59 255

 49 49 49 255

 41 41 41 255

 44 44 44 255

 63 63 63 255

 64 64 64 255

 156 156 156 255

 130 130 130 255

 164 164 164 255

 100 100 100 255

 68 68 68 255

 26 26 26 255

 19 19 19 255

 10 10 10 255

 6 6 6 255

 105 105 105 255

 149 149 149 255

 144 144 144 255

 131 131 131 255

 56 56 56 255

 61 61 61 255

 42 42 42 255

 54 54 54 255

 99 99 99 255

 38 38 38 255

 179 179 179 255

 57 57 57 255

 67 67 67 255

 70 70 70 255

 157 157 157 255

 136 136 136 255

 30 30 30 255

 27 27 27 255

 23 23 23 255

 25 25 25 255

 40 40 40 255

 46 46 46 255

 171 171 171 255

 198 198 198 255

 18 18 18 255

 43 43 43 255

 14 14 14 255

 9 9 9 255

 5 5 5 255

 0 0 0 255

 24 24 24 255

 28 28 28 255

 206 206 206 255

 12 12 12 255

 3 3 3 255

 231 231 231 255

 202 202 202 255

 13 237 255 255

 196 196 196 255

 142 142 142 255

 138 138 138 255

 220 220 220 255

color:

 0 1 2

 0 2 3

 4 5 1

 4 1 6

 0 7 8

 0 8 2

 9 10 11

 12 13 14

 12 14 15

 16 17 18

 6 19 20

 6 20 21

 16 10 22

 23 24 25

 23 25 26

 27 28 29

 30 25 31

 30 31 32

 33 34 35

 36 5 19

 36 19 8

 37 38 39

 24 40 38

 24 38 40

 41 42 43

 44 45 7

 44 7 12

 46 47 48

 15 49 50

 15 50 51

 34 52 34

 40 45 51

 40 51 24

 37 52 46

 53 54 10

 53 10 55

 12 2 36

 33 4 38

 33 38 56

 57 58 58

 59 60 35

 57 10 17

 61 62 4

 61 4 63

 64 65 66

 67 68 69

 70 60 71

 70 71 72

 57 3 71

 57 71 73

 35 40 74

 35 74 75

 56 52 47

 56 47 11

 37 53 45

 37 45 8

 4 76 31

 4 31 77

 71 78 0

 71 0 79

 42 19 3

 42 3 80

 81 82 83

 81 83 84

 50 85 25

 50 25 86

 87 8 88

 87 88 89

 13 90 62

 13 62 91

 92 93 67

 92 67 69

 39 47 63

 29 60 22

 34 94 1

 34 1 45

 95 95 95

 95 95 95

 90 13 19

 90 19 71

 87 87 96

 87 96 52

 81 38 7

 81 7 97

 83 76 85

 83 85 98

 99 44 97

 99 97 97

 5 3 12

 5 12 90

 100 101 21

 100 21 102

 103 104 8

 103 8 105

 42 47 37

 42 37 94

 81 74 74

 81 74 41

 73 106 39

 73 39 63

 107 38 107

 59 17 38

 59 38 22

 33 108 52

 33 52 40

 0 53 3

 0 3 95

 95 82 95

 95 95 97

 53 3 109

 53 109 74

 43 41 38

 43 38 81

 32 77 31

 32 31 49

 44 83 95

 44 95 45

 90 110 101

 90 101 110

 111 112 113

 111 113 114

 78 95 107

 78 107 48

 48 52 36

 48 36 115

 6 78 51

 6 51 90

 58 0 107

 58 107 107

 63 34 116

 52 81 77

 52 77 1

 117 38 80

 117 80 54

 38 52 118

 38 118 87

 6 38 24

 6 24 12

 12 90 0

 12 0 4

 80 40 54

 80 54 52

 84 109 82

 84 82 119

 76 120 99

 76 99 120

 44 25 51

 44 51 121

 122 109 57

 122 57 3

 38 88 10

 38 10 46

 38 40 1

 38 1 84

 122 50 14

 122 14 102

 36 37 63

 36 63 116

 72 39 73

 24 7 123

 24 123 2

 5 122 83

 5 83 90

 62 105 1

 62 1 41

 43 40 74

 43 74 58

 109 38 79

 109 79 71

 115 79 58

 115 58 74

 115 42 8

 115 8 2

 110 97 86

 110 86 44

 85 51 83

 85 83 124

 38 58 56

 38 56 75

 16 89 17

 16 17 17

 40 53 86

 40 86 14

 12 36 8

 12 8 7

 46 39 72

 46 72 73

 89 116 125

 6 24 71

 6 71 123

 105 3 120

 105 120 99

 83 15 102

 83 102 119

 95 25 26

 95 26 3

 6 23 5

 6 5 8

 79 53 115

 79 115 87

 58 42 115

 58 115 80

 90 77 126

 90 126 101

 83 127 91

 83 91 32

 7 95 126

 7 126 42

 42 31 31

 42 31 36

 128 83 120

 128 120 101

 109 7 1

 109 1 123

 11 129 89

 11 89 125

 130 118 33

 105 124 44

 105 44 95

 24 53 5

 24 5 13

 23 128 30

 23 30 15

 131 103 131

 131 131 112

 132 133 134

 132 134 102

 126 131 135

 126 135 91

 19 120 12

 19 12 7

 90 77 12

 90 12 127

 45 12 0

 45 0 5

 90 6 79

 90 79 91

 82 42 40

 82 40 128

 77 115 79

 77 79 84

 31 112 111

 31 111 136

 130 79 130

 130 130 33

 8 41 43

 99 90 7

 99 7 14

 53 123 0

 53 0 0

 120 122 83

 120 83 99

 12 58 35

 12 35 115

 58 27 93

 58 93 81

 82 74 119

 82 119 86

 104 128 109

 104 109 2

 7 24 12

 7 12 3

 77 91 12

 77 12 0

 24 4 84

 24 84 40

 36 91 100

 36 100 19

 5 15 25

 5 25 12

 71 137 17

 71 17 19

 4 32 8

 4 8 43

 45 53 4

 36 109 6

 36 6 123

 41 41 62

 41 62 36

 127 45 32

 127 32 50

 37 38 137

 37 137 138

 9 125 106

 9 106 68

 58 4 21

 58 21 26

 50 136 91

 50 91 84

 82 83 139

 82 139 31

 140 141 134

 140 134 83

 128 119 1

 128 1 4

 97 3 127

 97 127 126

 49 51 21

 49 21 111

 68 61 94

 68 94 88

 31 131 45

 31 45 4

 91 53 97

 78 21 133

 78 133 44

 76 139 142

 76 142 102

 20 143 144

 20 144 26

 32 139 132

 32 132 6

 53 134 85

 53 85 19

 23 31 78

 23 78 121

 105 4 36

 105 36 19

 126 13 31

 126 31 145

 112 26 31

 112 31 146

 126 32 7

 126 7 4

 71 123 53

 71 53 19

 126 12 110

 126 110 31

 74 78 128

 74 128 115

 146 131 91

 146 91 97

 127 5 32

 83 7 106

 83 106 3

 79 147 93

 79 93 71

 121 6 148

 121 148 149

 148 146 45

 148 45 26

 83 36 8

 83 8 23

 82 109 53

 82 53 19

 62 36 8

 62 8 109

 84 40 79

 84 79 77

 12 80 79

 12 79 77

 4 81 53

 4 53 6

 53 6 84

 53 84 36

 0 5 110

 0 110 128

 14 5 1

 14 1 13

 51 99 127

 51 127 32

 11 55 42

 41 52 61

 41 61 22

 150 151 75

 150 75 70

 38 41 136

 38 136 134

 136 104 36

 136 36 71

 81 36 7

 81 7 8

 36 5 90

 36 90 84

 84 90 90

 84 90 71

 62 0 3

 62 3 123

 109 3 1

 109 1 123

 62 5 5

 62 5 84

 2 5 5

 2 5 19

 3 3 1

 3 1 90

 19 1 3

 19 3 19

 71 48 11

 71 11 42

 39 118 17

 71 78 100

 71 100 43

 80 111 126

 80 126 47

 7 110 95

 7 95 23

 13 0 4

 13 4 24

 2 90 14

 2 14 12

 127 100 122

 127 122 100

 126 83 122

 126 122 100

 32 100 14

 32 14 91

 90 91 0

 90 0 0

 0 0 0

 0 0 0

 0 0 0

 0 0 0

 5 0 5

 5 5 3

 0 5 3

 0 3 5

 54 42 39

 54 39 17

 39 37 130

 110 3 0

 110 0 120

 119 80 6

 119 6 32

 13 2 19

 13 19 77

 5 3 77

 5 77 77

 32 120 119

 32 119 100

 12 109 116

 12 116 123

 40 88 116

 40 116 123

 12 109 119

 12 119 100

 32 120 90

 32 90 90

 0 3 5

 0 5 77

 77 5 5

 77 5 77

 77 5 5

 77 5 77

 80 87 39

 80 39 130

 37 118 74

 37 74 79

 109 41 41

 109 41 53

 53 41 87

 53 87 6

 45 24 4

 45 4 32

 43 48 73

 43 73 72

 22 89 73

 22 73 72

 43 37 4

 43 4 32

 45 24 87

 45 87 6

 53 38 41

 53 41 36

 36 41 41

 36 41 36

 36 41 41

 36 41 36

 36 41 41

 36 41 36

 53 41 41

 53 41 123

 1 3 1

 1 1 19

 3 1 19

 3 19 3

 152 43 60

 152 152 18

 152 152 43

 152 152 152

 53 41 47

 53 47 81

 37 10 57

 37 57 17

 16 94 153

 108 152 152

 108 152 107

 107 152 152

 107 152 130

 130 152 152

 130 152 118

 74 152 152

 74 152 123

 77 152 152

 77 152 95

 90 152 152

 90 152 6

 53 152 152

 53 152 53

 36 152 152

 36 152 53

 40 152 152

 40 152 81

 82 152 152

 82 152 76

 84 152 152

 84 152 34

 17 152 152

 17 152 118

 97 152 152

 97 152 85

 119 152 152

 119 152 81

 38 152 152

 38 152 74

 47 152 152

 47 152 152

 152 152 154

 152 152 118

 152 152 37

 152 152 154

 152 152 36

 152 152 6

 152 152 6

 152 152 81

 152 152 74

 152 152 117

 152 152 154

 152 152 39

 152 152 37

 152 152 42

 152 152 11

 52 55 152

 52 152 152

 41 38 152

 41 152 152

 38 41 152

 38 152 152

 8 58 152

 8 152 152

 58 62 152

 58 152 152

 10 34 152

 10 152 152

 38 155 152

 38 152 152

 81 53 152

 81 152 152

 38 58 152

 38 152 152

 38 38 152

 38 152 152

 38 38 152

 38 152 152

 38 38 152

 38 152 152

 41 38 152

 41 152 152

 38 38 152

 38 152 152

 96 74 152

 96 152 152

 59 61 60

 16 10 94

 29 11 60

 57 130 58

 12 84 2

 37 42 52

 34 52 52

 46 52 47

 41 58 42

 37 42 38

 33 54 34

 27 116 28

 16 60 10

 16 10 17

 9 108 10

 10 152 152

 10 108 152

 108 152 152

 17 152 152

 17 10 152

 10 152 152

 10 152 152

 10 60 152

 60 152 152

 28 152 152

 28 116 152

 116 152 152

 34 152 152

 34 54 152

 54 152 152

 38 152 152

 38 42 152

 42 152 152

 42 152 152

 42 58 152

 58 152 152

 47 152 152

 47 52 152

 52 152 152

 52 152 152

 52 52 152

 52 152 152

 52 152 152

 52 42 152

 42 152 152

 2 152 152

 2 84 152

 84 152 152

 58 152 152

 58 130 152

 130 152 152

 60 152 152

 60 11 152

 11 152 152

 94 152 152

 94 10 152

 10 152 152

 60 152 152

 60 61 152

 61 152 152

 60 96 152

 60 152 152

 57 10 96

 57 96 60

 10 47 74

 10 74 96

 74 38 152

 74 152 152

 47 41 38

 47 38 74

 41 41 38

 41 38 38

 38 41 152

 38 152 152

 41 41 41

 41 41 38

 41 41 38

 41 38 41

 38 38 152

 38 152 152

 41 41 38

 41 38 38

 41 41 38

 41 38 38

 38 38 152

 38 152 152

 41 41 38

 41 38 38

 41 41 38

 41 38 38

 38 38 152

 38 152 152

 41 41 38

 41 38 38

 41 41 38

 41 38 38

 38 38 152

 38 152 152

 41 38 38

 41 38 38

 38 87 58

 38 58 38

 58 81 152

 58 152 152

 87 24 81

 87 81 58

 24 4 53

 24 53 81

 53 38 152

 53 152 152

 4 37 38

 4 38 53

 37 73 155

 37 155 38

 155 10 152

 155 152 152

 73 89 10

 73 10 155

 89 73 34

 89 34 10

 34 58 152

 34 152 152

 73 48 58

 73 58 34

 48 4 62

 48 62 58

 62 8 152

 62 152 152

 4 24 8

 4 8 62

 24 87 58

 24 58 8

 58 38 152

 58 152 152

 87 41 38

 87 38 58

 41 41 41

 41 41 38

 41 41 152

 41 152 152

 41 41 41

 41 41 41

 41 74 38

 41 38 41

 38 52 152

 38 152 152

 74 118 52

 74 52 38

 118 155 55

 118 55 52

 11 68 67

 11 152 68

 152 152 68

 42 47 39

 42 152 47

 152 152 47

 37 38 107

 37 152 38

 152 152 38

 39 34 63

 39 152 34

 152 152 34

 154 39 72

 154 152 39

 152 152 39

 117 116 89

 117 152 116

 152 152 116

 74 118 130

 74 152 118

 152 152 118

 81 41 8

 81 152 41

 152 152 41

 6 53 45

 6 152 53

 152 152 53

 6 53 91

 6 152 53

 152 152 53

 36 5 127

 36 152 5

 152 152 5

 154 55 11

 154 152 55

 152 152 55

 37 118 39

 37 152 118

 152 152 118

 118 37 39

 118 152 37

 152 152 37

 154 10 57

 154 152 10

 152 152 10

 55 47 152

 55 152 152

 155 74 47

 155 47 55

 74 152 152

 74 152 47

 130 38 74

 130 74 155

 41 81 38

 41 38 130

 81 152 152

 81 152 38

 86 119 81

 86 81 41

 113 85 119

 113 119 86

 85 152 152

 85 152 119

 3 97 85

 3 85 113

 61 118 97

 61 97 3

 118 152 152

 118 152 97

 147 17 118

 147 118 61

 22 34 17

 22 17 147

 34 152 152

 34 152 17

 81 84 34

 81 34 22

 51 76 84

 51 84 81

 76 152 152

 76 152 84

 110 82 76

 110 76 51

 74 81 82

 74 82 110

 81 152 152

 81 152 82

 47 40 81

 47 81 74

 42 53 40

 42 40 47

 53 152 152

 53 152 40

 80 36 53

 80 53 42

 80 53 36

 80 36 80

 53 152 152

 53 152 36

 79 53 53

 79 53 80

 123 6 53

 123 53 79

 6 152 152

 6 152 53

 12 90 6

 12 6 123

 104 95 90

 104 90 12

 95 152 152

 95 152 90

 1 77 95

 1 95 104

 74 123 77

 74 77 1

 123 152 152

 123 152 77

 17 74 123

 17 123 74

 61 118 74

 61 74 17

 118 152 152

 118 152 74

 35 130 118

 35 118 61

 125 130 130

 125 130 35

 130 152 152

 130 152 130

 72 107 130

 72 130 125

 56 107 107

 56 107 72

 107 152 152

 107 152 107

 156 108 107

 156 107 56

 9 11 108

 9 108 156

 11 152 152

 11 152 108

 153 11 29

 153 94 11

 94 152 11

 87 37 17

 87 17 39

 2 81 37

 2 37 87

 81 47 10

 81 10 37

 1 53 81

 1 81 2

 19 123 53

 19 53 1

 123 41 41

 123 41 53

 152 6 152

 152 152 6

 152 152 6

 43 152 152

 43 152 152

 152 152 152

 18 65 64

 18 152 65

 152 152 65

 60 154 57

 60 43 154

 43 152 154

 1 3 3

 1 3 3

 1 5 3

 1 3 1

 5 3 1

 5 1 3

 3 1 19

 3 19 0

 1 3 1

 1 1 3

 3 5 3

 3 3 1

 1 53 123

 1 123 19

 3 36 53

 3 53 1

 36 41 41

 36 41 53

 5 36 36

 5 36 3

 5 36 36

 5 36 5

 36 41 41

 36 41 36

 5 36 36

 5 36 5

 5 36 36

 5 36 5

 36 41 41

 36 41 36

 5 36 36

 5 36 5

 5 36 36

 5 36 5

 36 41 41

 36 41 36

 3 53 36

 3 36 5

 90 6 53

 90 53 3

 6 87 38

 6 38 53

 120 45 6

 120 6 90

 119 32 45

 119 45 120

 32 4 24

 32 24 45

 109 43 32

 109 32 119

 116 72 43

 116 43 109

 72 73 37

 72 37 43

 88 22 72

 88 72 116

 116 72 22

 116 22 88

 72 73 89

 72 89 22

 109 43 72

 109 72 116

 119 32 43

 119 43 109

 32 4 48

 32 48 43

 120 45 32

 120 32 119

 77 6 45

 77 45 120

 6 87 24

 6 24 45

 3 53 6

 3 6 77

 19 53 53

 19 53 3

 53 41 41

 53 41 53

 2 109 53

 2 53 19

 6 79 109

 6 109 2

 79 74 41

 79 41 109

 80 37 79

 80 79 6

 41 130 37

 41 37 80

 130 155 118

 130 118 37

 42 80 130

 42 130 39

 1 3 80

 1 80 42

 3 2 87

 3 87 80

 0 77 77

 0 77 5

 0 77 77

 0 77 0

 77 5 5

 77 5 77

 0 77 77

 0 77 0

 0 77 77

 0 77 0

 77 5 5

 77 5 77

 0 0 77

 0 77 0

 0 90 0

 0 0 0

 90 90 3

 90 3 0

 91 32 90

 91 90 0

 14 100 32

 14 32 91

 100 119 120

 100 120 32

 100 100 14

 122 123 12

 122 12 100

 123 116 109

 123 109 12

 83 40 123

 83 123 122

 122 123 40

 122 40 83

 123 116 88

 123 88 40

 100 12 123

 100 123 122

 14 100 12

 14 12 100

 119 12 100

 90 32 100

 90 100 14

 4 77 32

 4 32 90

 77 77 120

 77 120 32

 0 5 77

 0 77 4

 95 77 5

 95 5 0

 77 19 3

 77 3 5

 110 13 77

 110 77 95

 126 32 13

 126 13 110

 32 6 2

 32 2 13

 111 119 32

 111 32 126

 113 86 119

 113 119 111

 86 41 80

 86 80 119

 78 110 120

 78 120 100

 110 90 110

 110 110 78

 90 1 3

 90 3 110

 130 37 39

 130 37 37

 37 152 37

 48 54 17

 48 17 11

 8 6 54

 8 54 48

 6 1 42

 6 42 54

 3 0 5

 3 5 1

 5 77 0

 5 0 3

 77 5 5

 77 5 0

 3 5 3

 3 3 1

 5 0 5

 5 5 3

 0 0 0

 0 0 5

 5 0 0

 5 0 5

 5 0 0

 5 0 5

 0 0 0

 0 0 0

 5 0 0

 5 0 5

 1 0 0

 1 0 5

 0 0 0

 0 0 0

 3 90 0

 3 0 1

 3 91 90

 3 90 3

 91 14 91

 91 91 90

 0 32 91

 0 91 3

 90 100 32

 90 32 0

 100 122 100

 100 100 32

 90 126 100

 90 100 90

 90 100 126

 90 126 90

 100 122 83

 100 83 126

 5 127 100

 5 100 90

 7 12 127

 7 127 5

 12 14 100

 12 100 127

 36 2 12

 36 12 7

 36 24 2

 36 2 36

 24 4 90

 24 90 2

 104 13 24

 104 24 36

 136 23 13

 136 13 104

 23 95 0

 23 0 13

 41 7 23

 41 23 136

 75 47 7

 75 7 41

 47 126 110

 47 110 7

 151 80 47

 151 47 75

 61 3 80

 61 80 151

 3 113 111

 3 111 80

 52 71 43

 52 43 61

 110 128 71

 110 71 52

 128 110 78

 128 78 71

 17 154 11

 17 118 154

 118 152 154

 99 71 42

 99 42 127

 14 2 71

 14 71 99

 2 8 48

 2 48 71

 5 19 19

 5 19 1

 0 19 19

 0 19 5

 19 1 1

 19 1 19

 5 3 90

 5 90 110

 84 19 3

 84 3 5

 19 5 3

 19 3 3

 6 2 19

 6 19 84

 53 84 2

 53 2 6

 84 5 5

 84 5 2

 81 62 84

 81 84 53

 79 123 62

 79 62 81

 123 1 5

 123 5 62

 80 109 123

 80 123 79

 79 123 109

 79 109 80

 123 3 3

 123 3 109

 40 62 123

 40 123 79

 8 71 62

 8 62 40

 71 90 0

 71 0 62

 36 84 71

 36 71 8

 53 84 84

 53 84 36

 84 90 90

 84 90 84

 109 36 84

 109 84 53

 8 8 36

 8 36 109

 8 7 5

 8 5 36

 36 81 8

 36 8 8

 45 71 81

 45 81 36

 71 36 36

 71 36 81

 146 136 71

 146 71 45

 148 134 136

 148 136 146

 134 136 104

 134 104 136

 6 38 134

 6 134 148

 93 70 38

 93 38 6

 70 75 41

 70 41 38

 147 150 70

 147 70 93

 22 147 150

 22 150 147

 147 61 151

 147 151 150

 7 41 22

 7 22 106

 21 31 41

 21 41 7

 31 110 52

 31 52 41

 42 36 127

 42 55 36

 55 152 36

 131 51 32

 131 32 91

 20 15 51

 20 51 131

 15 14 99

 15 99 51

 78 14 13

 78 13 128

 100 120 14

 100 14 78

 120 0 5

 120 5 14

 12 0 128

 12 128 110

 53 36 0

 53 0 12

 36 84 5

 36 5 0

 123 53 36

 123 36 53

 7 6 53

 7 53 123

 6 53 6

 6 6 53

 32 4 6

 32 6 7

 31 77 4

 31 4 32

 77 79 81

 77 81 4

 26 12 77

 26 77 31

 31 77 12

 31 12 26

 77 79 80

 77 80 12

 13 84 77

 13 77 31

 36 109 84

 36 84 13

 109 8 40

 109 40 84

 4 62 109

 4 109 36

 78 19 62

 78 62 4

 19 53 36

 19 36 62

 31 82 19

 31 19 78

 85 23 82

 85 82 31

 23 8 109

 23 109 82

 134 83 23

 134 23 85

 132 26 83

 132 83 134

 26 45 36

 26 36 83

 139 148 26

 139 26 132

 144 149 148

 144 148 139

 149 148 146

 149 146 148

 143 121 149

 143 149 144

 142 71 121

 142 121 143

 71 93 6

 71 6 121

 139 79 71

 139 71 142

 51 81 79

 51 79 139

 81 22 147

 81 147 79

 21 83 3

 21 3 133

 25 111 83

 25 83 21

 111 21 7

 111 7 83

 32 6 91

 32 5 6

 5 152 6

 131 146 97

 131 97 45

 25 21 146

 25 146 131

 21 20 131

 21 131 146

 61 74 115

 61 115 94

 61 43 74

 61 74 61

 43 100 78

 43 78 74

 51 126 31

 51 31 21

 127 19 126

 127 126 51

 19 53 12

 19 12 126

 3 71 19

 3 19 127

 1 4 71

 1 71 3

 4 7 123

 4 123 71

 119 126 4

 119 4 1

 134 146 126

 134 126 119

 146 31 32

 146 32 126

 141 112 146

 141 146 134

 139 145 112

 139 112 141

 145 31 26

 145 26 112

 83 126 145

 83 145 139

 91 19 126

 91 126 83

 19 36 13

 19 13 126

 136 105 19

 136 19 91

 21 121 105

 21 105 136

 121 78 4

 121 4 105

 4 23 121

 4 121 21

 106 19 23

 106 23 4

 19 85 31

 19 31 23

 125 53 19

 125 19 106

 137 6 53

 137 53 125

 6 132 134

 6 134 53

 38 32 6

 38 6 137

 32 26 32

 32 32 38

 26 144 139

 26 139 32

 45 20 26

 45 26 32

 62 102 20

 62 20 45

 102 142 143

 102 143 20

 41 76 102

 41 102 62

 74 110 76

 74 76 41

 110 51 139

 110 139 76

 109 78 44

 109 44 6

 79 12 78

 79 78 109

 12 25 21

 12 21 78

 97 6 45

 97 53 6

 53 152 6

 32 31 4

 32 4 8

 31 26 31

 31 31 32

 26 25 131

 26 131 31

 137 68 88

 137 88 17

 106 22 68

 106 68 137

 22 61 61

 22 61 68

 15 49 111

 15 111 25

 100 126 49

 100 49 15

 126 127 51

 126 51 49

 91 97 126

 91 126 100

 84 4 97

 84 97 91

 4 1 3

 4 3 97

 4 128 4

 4 4 84

 12 83 128

 12 128 4

 83 134 119

 83 119 128

 91 140 83

 91 83 12

 12 31 140

 12 140 91

 31 139 141

 31 141 140

 24 82 31

 24 31 12

 109 84 82

 109 82 24

 84 91 83

 84 83 82

 128 50 84

 128 84 109

 119 26 50

 119 50 128

 26 21 136

 26 136 50

 74 58 26

 74 26 119

 93 68 58

 93 58 74

 68 106 4

 68 4 58

 27 9 68

 27 68 93

 35 138 9

 35 9 27

 138 137 125

 138 125 9

 58 37 138

 58 138 35

 83 50 37

 83 37 58

 50 32 38

 50 38 37

 122 127 50

 122 50 83

 0 36 127

 0 127 122

 36 62 45

 36 45 127

 123 41 36

 123 36 0

 42 47 41

 42 41 123

 47 74 41

 47 41 41

 90 36 123

 90 123 7

 120 84 36

 120 36 90

 84 79 109

 84 109 36

 4 81 8

 4 53 81

 53 152 81

 79 4 43

 79 43 130

 19 32 4

 19 4 79

 32 31 32

 32 32 4

 112 71 19

 112 19 111

 133 3 71

 133 71 112

 3 106 137

 3 137 71

 115 5 12

 115 12 79

 40 19 5

 40 5 115

 19 100 15

 19 15 5

 42 36 19

 42 19 40

 79 40 36

 79 36 42

 40 84 91

 40 91 36

 6 24 40

 6 40 79

 0 0 24

 0 24 6

 0 12 4

 0 4 24

 12 77 0

 12 0 0

 12 3 77

 12 77 12

 3 12 91

 3 91 77

 77 7 3

 77 3 12

 12 2 7

 12 7 77

 2 109 24

 2 24 7

 120 104 2

 120 2 12

 135 86 104

 135 104 120

 86 119 128

 86 128 104

 131 82 86

 131 86 135

 134 81 82

 134 82 131

 81 93 74

 81 74 82

 133 58 81

 133 81 134

 131 115 58

 131 58 133

 115 35 27

 115 27 58

 103 12 115

 103 115 131

 30 99 12

 30 12 103

 99 83 58

 99 58 12

 128 120 99

 128 99 30

 5 0 120

 5 120 128

 0 0 122

 0 122 120

 53 53 0

 53 0 5

 80 80 53

 80 53 53

 80 42 123

 80 123 53

 124 99 14

 124 14 44

 86 101 99

 86 99 124

 101 120 90

 101 90 99

 43 74 130

 43 41 74

 41 152 74

 129 130 33

 129 33 89

 38 8 130

 38 130 129

 8 19 79

 8 79 130

 7 31 136

 7 136 1

 6 44 31

 6 31 7

 44 133 112

 44 112 31

 83 77 84

 83 84 120

 31 128 77

 31 77 83

 128 40 115

 128 115 77

 31 82 128

 31 128 31

 126 91 82

 126 82 31

 91 79 42

 91 42 82

 95 90 91

 95 91 126

 91 5 90

 91 90 95

 5 0 6

 5 6 90

 127 45 5

 127 5 91

 126 127 45

 126 45 127

 127 12 12

 127 12 45

 77 90 127

 77 127 126

 115 7 90

 115 90 77

 7 12 77

 7 77 90

 42 19 7

 42 7 115

 115 91 19

 115 19 42

 91 135 120

 91 120 19

 53 126 91

 53 91 115

 5 102 126

 5 126 53

 102 134 131

 102 131 126

 23 132 102

 23 102 5

 26 112 132

 26 132 23

 112 131 133

 112 133 132

 25 131 112

 25 112 26

 102 15 131

 102 131 25

 15 30 103

 15 103 131

 15 23 15

 15 15 102

 120 13 23

 120 23 15

 13 5 128

 13 128 23

 3 24 13

 3 13 120

 123 79 24

 123 24 3

 79 80 53

 79 53 24

 24 105 95

 24 95 71

 1 14 105

 1 105 24

 14 86 124

 14 124 105

 33 117 89

 33 118 117

 118 152 117

 39 11 125

 39 125 72

 7 40 11

 7 11 39

 40 38 129

 40 129 11

 36 109 123

 36 123 8

 7 123 109

 7 109 36

 123 6 7

 123 7 109

 53 128 101

 53 101 86

 17 36 128

 17 128 53

 36 31 83

 36 83 128

 89 42 36

 89 36 17

 56 42 42

 56 42 89

 42 126 31

 42 31 42

 58 7 42

 58 42 56

 83 32 7

 83 7 58

 32 91 95

 32 95 7

 51 83 32

 51 32 83

 86 101 83

 86 83 51

 101 126 127

 101 127 83

 97 90 101

 97 101 86

 8 80 90

 8 90 97

 80 115 77

 80 77 90

 42 58 80

 42 80 8

 58 87 58

 58 58 42

 87 115 42

 87 42 58

 79 79 87

 79 87 58

 79 8 79

 79 79 79

 8 5 53

 8 53 79

 38 6 8

 38 8 79

 74 3 6

 74 6 38

 3 26 23

 3 23 6

 40 95 3

 40 3 74

 1 119 95

 1 95 40

 119 102 25

 119 25 95

 105 83 119

 105 119 1

 83 99 83

 83 83 105

 99 120 15

 99 15 83

 122 105 99

 122 99 83

 104 12 105

 104 105 122

 12 123 3

 12 3 105

 7 6 123

 7 123 123

 36 84 6

 36 6 7

 84 1 24

 84 24 6

 125 154 72

 125 116 154

 116 152 154

 37 46 73

 37 73 63

 50 12 46

 50 46 37

 12 7 39

 12 39 46

 50 12 7

 50 7 14

 44 14 12

 44 12 50

 14 7 36

 14 36 12

 40 40 14

 40 14 1

 10 17 40

 10 40 40

 17 17 53

 17 53 40

 88 16 17

 88 17 10

 57 75 16

 57 16 88

 75 56 89

 75 89 16

 109 38 75

 109 75 57

 51 124 38

 51 38 109

 124 83 58

 124 58 38

 25 85 124

 25 124 51

 99 44 85

 99 85 25

 44 86 51

 44 51 85

 120 110 44

 120 44 99

 82 2 110

 82 110 120

 2 8 97

 2 97 110

 109 115 2

 109 2 82

 54 74 115

 54 115 109

 74 58 42

 74 42 115

 40 115 74

 40 74 54

 0 71 115

 0 115 40

 71 79 79

 71 79 115

 90 109 71

 90 71 0

 24 58 109

 24 109 90

 58 74 38

 58 38 109

 38 43 58

 38 58 24

 118 41 43

 118 43 38

 41 1 40

 41 40 43

 52 62 41

 52 41 118

 80 90 62

 80 62 52

 90 83 105

 90 105 62

 38 5 90

 38 90 80

 74 1 5

 74 5 38

 1 104 122

 1 122 5

 81 24 2

 81 2 77

 37 115 24

 37 24 81

 115 36 7

 115 7 24

 73 39 63

 73 39 39

 39 152 39

 0 36 116

 0 116 107

 51 51 36

 51 36 0

 51 50 37

 51 37 36

 78 122 102

 78 102 51

 71 95 122

 71 122 78

 95 44 50

 95 50 122

 52 38 84

 52 84 36

 107 46 38

 107 38 52

 46 10 40

 46 40 38

 95 38 46

 95 46 107

 113 3 38

 113 38 95

 3 57 88

 3 88 38

 112 122 3

 112 3 113

 101 121 122

 101 122 112

 121 51 109

 121 109 122

 110 44 121

 110 121 101

 95 120 44

 95 44 110

 120 99 25

 120 25 44

 83 76 120

 83 120 95

 31 119 76

 31 76 83

 119 82 120

 119 120 76

 77 84 119

 77 119 31

 38 52 84

 38 84 77

 52 54 109

 52 109 84

 41 80 52

 41 52 38

 109 4 80

 109 80 41

 4 0 40

 4 40 80

 3 12 4

 3 4 109

 95 12 12

 95 12 3

 12 24 90

 12 90 12

 82 6 12

 82 12 95

 3 87 6

 3 6 82

 87 118 38

 87 38 6

 53 38 87

 53 87 3

 52 54 38

 52 38 53

 54 80 52

 54 52 38

 108 117 54

 108 54 52

 61 17 117

 61 117 108

 17 74 38

 17 38 117

 17 52 1

 17 1 38

 88 94 52

 88 52 17

 94 37 81

 94 81 52

 116 37 107

 116 34 37

 34 152 37

 106 58 107

 106 107 39

 10 24 58

 10 58 106

 24 51 0

 24 0 58

 74 6 90

 74 90 74

 123 123 6

 123 6 74

 123 71 78

 123 78 6

 47 48 115

 47 115 37

 8 48 48

 8 48 47

 48 107 52

 48 52 48

 104 78 48

 104 48 8

 21 114 78

 21 78 104

 114 113 95

 114 95 78

 101 111 114

 101 114 21

 12 110 111

 12 111 101

 110 101 112

 110 112 111

 3 90 110

 3 110 12

 97 45 90

 97 90 3

 45 95 110

 45 110 90

 44 44 45

 44 45 97

 85 49 44

 85 44 44

 49 31 83

 49 83 44

 76 32 49

 76 49 85

 7 81 32

 7 32 76

 81 38 77

 81 77 32

 38 43 81

 38 81 7

 96 74 43

 96 43 38

 74 109 41

 74 41 43

 87 53 74

 87 74 96

 19 97 53

 19 53 87

 97 95 3

 97 3 53

 13 95 97

 13 97 19

 71 3 3

 71 3 71

 95 3 82

 95 82 95

 13 90 90

 13 90 13

 0 95 95

 0 95 0

 40 52 53

 40 53 0

 94 33 40

 94 40 1

 125 35 33

 125 33 94

 35 61 108

 35 108 33

 22 59 22

 22 22 29

 57 89 59

 57 59 22

 89 88 17

 89 17 59

 107 42 39

 107 38 42

 38 152 42

 93 73 63

 93 63 67

 38 55 73

 38 73 93

 55 10 106

 55 106 73

 90 81 41

 90 41 62

 77 2 81

 77 81 90

 2 123 74

 2 74 81

 8 42 94

 8 94 88

 25 105 42

 25 42 8

 105 8 47

 105 47 42

 85 103 105

 85 105 25

 83 102 103

 83 103 85

 102 21 104

 102 104 103

 82 100 102

 82 102 83

 3 90 100

 3 100 82

 90 12 101

 90 101 100

 19 5 90

 19 90 3

 0 97 5

 0 5 19

 97 97 3

 97 3 5

 78 99 97

 78 97 0

 31 98 99

 31 99 78

 98 85 44

 98 44 99

 76 83 98

 76 98 31

 45 97 83

 45 83 76

 97 7 76

 97 76 83

 53 81 97

 53 97 45

 47 52 81

 47 81 53

 52 96 38

 52 38 81

 52 87 52

 52 52 47

 74 71 87

 74 87 52

 71 19 87

 71 87 87

 40 90 71

 40 71 74

 40 71 71

 40 71 40

 45 1 1

 45 1 45

 90 40 40

 90 40 90

 71 45 45

 71 45 71

 95 13 13

 95 13 95

 60 34 45

 60 45 71

 56 72 34

 56 34 60

 72 125 94

 72 94 34

 22 130 57

 22 60 130

 60 152 130

 63 11 67

 63 47 11

 47 152 11

 66 92 69

 66 69 64

 59 56 92

 59 92 66

 56 38 93

 56 93 92

 62 13 91

 62 91 4

 38 1 13

 38 13 62

 1 77 90

 1 90 13

 58 87 89

 58 89 57

 12 86 87

 12 87 58

 86 25 8

 86 8 87

 36 50 86

 36 86 12

 37 84 50

 37 50 36

 84 83 85

 84 85 50

 46 81 84

 46 84 37

 34 80 81

 34 81 46

 80 3 82

 80 82 81

 34 42 80

 34 80 34

 46 79 42

 46 42 34

 79 0 19

 79 19 42

 48 71 79

 48 79 46

 41 77 71

 41 71 48

 77 31 78

 77 78 71

 43 4 77

 43 77 41

 37 8 4

 37 4 43

 8 45 76

 8 76 4

 39 37 8

 39 8 37

 33 11 37

 33 37 39

 11 47 53

 11 53 37

 35 56 11

 35 11 33

 27 75 56

 27 56 35

 75 74 52

 75 52 56

 29 35 75

 29 75 27

 16 73 35

 16 35 29

 73 71 40

 73 40 35

 22 57 73

 22 73 16

 16 72 57

 16 57 22

 72 71 3

 72 3 57

 18 70 72

 18 72 16

 9 156 70

 9 70 18

 156 56 60

 156 60 70

 69 18 64

 69 68 18

 68 152 18

 66 61 59

 66 65 61

 65 152 61

 153 61 63

 153 63 16

 29 22 61

 29 61 153

 22 38 62

 22 62 61

 17 118 39

 17 10 118

 10 152 118

 35 10 16

 35 60 10

 60 152 10

 58 84 12

 58 58 84

 58 152 84

 35 33 56

 35 56 59

 16 63 33

 16 33 35

 63 4 4

 63 4 33

 36 42 37

 36 2 42

 2 152 42

 4 53 55

 4 55 38

 4 91 53

 4 53 4

 91 62 54

 91 54 53

 46 52 34

 46 52 52

 52 152 52

 54 40 24

 54 24 10

 62 41 40

 62 40 54

 41 74 45

 41 45 40

 34 52 46

 34 52 52

 52 152 52

 45 15 51

 45 51 51

 74 90 15

 74 15 45

 90 51 49

 90 49 15

 48 58 41

 48 47 58

 47 152 58

 49 44 12

 49 12 50

 51 102 44

 51 44 49

 102 14 45

 102 45 44

 43 42 37

 43 42 42

 42 152 42

 45 24 40

 45 40 7

 14 7 24

 14 24 45

 7 8 40

 7 40 24

 39 54 33

 39 38 54

 38 152 54

 40 36 8

 40 8 38

 8 123 36

 8 36 40

 123 1 5

 123 5 36

 35 116 27

 35 34 116

 34 152 116

 5 30 32

 5 32 19

 1 136 30

 1 30 5

 136 111 25

 136 25 30

 29 60 16

 29 28 60

 28 152 60

 25 23 26

 25 26 31

 111 19 23

 111 23 25

 19 17 24

 19 24 23

 22 10 16

 22 10 10

 10 152 10

 24 6 21

 24 21 25

 17 88 6

 17 6 24

 88 94 19

 88 19 6

 18 108 9

 18 17 108

 17 152 108

 19 12 15

 19 15 20

 94 115 12

 94 12 19

 115 128 13

 115 13 12

 11 6 152

 11 10 6

 10 152 6

 13 0 2

 13 2 14

 128 13 0

 128 0 13

 13 1 7

 13 7 0

 7 4 6

 7 6 8

 1 19 4

 1 4 7

 19 3 5

 19 5 4

 5 0 3

 5 3 1

 3 3 0

 3 0 5

 3 19 1

 3 1 0

 152 58 35

 152 35 152

 58 27 93

 58 93 81

 82 74 119

 82 119 152

 37 38 137

 37 137 138

 9 125 106

 9 106 68

 58 4 21

 58 21 26

 152 152 152

 152 152 6

 53 152 85

 53 85 19

 23 152 152

 23 152 152

 85 152 152

 85 152 152

 152 152 152

 152 152 85

 21 152 152

 21 152 152

 4 23 152

 4 152 21

 106 19 23

 106 23 4

 19 85 152

 19 152 23

 125 53 19

 125 19 106

 137 6 53

 137 53 125

 6 152 152

 6 152 53

 38 152 6

 38 6 137

 152 152 152

 152 152 38

 119 26 152

 119 152 152

 26 21 152

 26 152 152

 74 58 26

 74 26 119

 93 68 58

 93 58 74

 68 106 4

 68 4 58

 27 9 68

 27 68 93

 35 138 9

 35 9 27

 138 137 125

 138 125 9

 58 37 138

 58 138 35

 152 152 37

 152 37 58

 152 152 38

 152 38 37

 152 119 152

 152 152 152

 152 82 152

 152 152 152

 152 81 82

 152 82 152

 81 93 74

 81 74 82

 152 58 81

 152 81 152

 152 152 58

 152 58 152

 152 35 27

 152 27 58

 152 58 35

 152 35 152

 58 27 93

 58 93 81

 82 74 119

 82 119 152

 37 38 137

 37 137 138

 9 125 106

 9 106 68

 58 4 21

 58 21 26

 152 152 152

 152 152 6

 53 152 85

 53 85 19

 23 152 152

 23 152 152

 85 152 152

 85 152 152

 152 152 152

 152 152 85

 21 152 152

 21 152 152

 4 23 152

 4 152 21

 106 19 23

 106 23 4

 19 85 152

 19 152 23

 125 53 19

 125 19 106

 137 6 53

 137 53 125

 6 152 152

 6 152 53

 38 152 6

 38 6 137

 152 152 152

 152 152 38

 119 26 152

 119 152 152

 26 21 152

 26 152 152

 74 58 26

 74 26 119

 93 68 58

 93 58 74

 68 106 4

 68 4 58

 27 9 68

 27 68 93

 35 138 9

 35 9 27

 138 137 125

 138 125 9

 58 37 138

 58 138 35

 152 152 37

 152 37 58

 152 152 38

 152 38 37

 152 119 152

 152 152 152

 152 82 152

 152 152 152

 152 81 82

 152 82 152

 81 93 74

 81 74 82

 152 58 81

 152 81 152

 152 152 58

 152 58 152

 152 35 27

 152 27 58

 58 152 152

 58 152 152

 120 14 32

 120 32 110

 32 95 95

 32 95 13

 14 0 95

 14 95 32

 1 40 0

 1 0 14

 71 110 90

 71 90 40

 110 32 13

 110 13 90

 3 120 110

 3 110 71

 71 45 120

 71 120 3

 45 1 14

 45 14 120

 3 71 71

 3 71 3

 1 40 40

 1 40 1

 40 0 0

 40 0 40

 100 12 100

 119 109 12

