vectors:

 0.450000 0.000000 -1.550081

 0.449037 0.029431 -1.550081

 0.441353 0.087791 -1.550081

 0.498929 0.032702 -1.550081

 0.490393 0.097545 -1.550081

 0.547333 0.054102 -1.550081

 0.545295 0.071789 -1.550081

 0.542685 0.089402 -1.550081

 0.434667 0.116469 -1.550081

 0.426119 0.144648 -1.550081

 0.415746 0.172208 -1.550081

 0.403593 0.199030 -1.550081

 0.389711 0.225000 -1.550081

 0.374161 0.250007 -1.550081

 0.338328 0.296706 -1.550081

 0.415735 0.277785 -1.550081

 0.375920 0.329673 -1.550081

 0.446953 0.320520 -1.550081

 0.436344 0.334819 -1.550081

 0.425278 0.348767 -1.550081

 0.318198 0.318198 -1.550081

 0.296706 0.338328 -1.550081

 0.273943 0.357009 -1.550081

 0.250007 0.374161 -1.550081

 0.225000 0.389711 -1.550081

 0.199030 0.403593 -1.550081

 0.144648 0.426119 -1.550081

 0.221144 0.448436 -1.550081

 0.160720 0.473465 -1.550081

 0.226813 0.501055 -1.550081

 0.210476 0.508134 -1.550081

 0.193918 0.514680 -1.550081

 0.116469 0.434667 -1.550081

 0.087791 0.441353 -1.550081

 0.058737 0.446150 -1.550081

 0.029431 0.449037 -1.550081

 -0.000000 0.450000 -1.550081

 -0.029431 0.449037 -1.550081

 -0.087791 0.441353 -1.550081

 -0.032702 0.498929 -1.550081

 -0.097545 0.490393 -1.550081

 -0.054102 0.547333 -1.550081

 -0.071789 0.545295 -1.550081

 -0.089402 0.542685 -1.550081

 -0.116469 0.434667 -1.550081

 -0.144648 0.426119 -1.550081

 -0.172208 0.415746 -1.550081

 -0.199030 0.403593 -1.550081

 -0.225000 0.389711 -1.550081

 -0.250007 0.374161 -1.550081

 -0.296706 0.338328 -1.550081

 -0.277785 0.415735 -1.550081

 -0.329673 0.375920 -1.550081

 -0.320520 0.446953 -1.550081

 -0.334819 0.436344 -1.550081

 -0.348767 0.425278 -1.550081

 -0.318198 0.318198 -1.550081

 -0.338328 0.296706 -1.550081

 -0.357009 0.273943 -1.550081

 -0.374161 0.250007 -1.550081

 -0.389711 0.225000 -1.550081

 -0.403593 0.199030 -1.550081

 -0.426119 0.144648 -1.550081

 -0.448436 0.221144 -1.550081

 -0.473465 0.160720 -1.550081

 -0.501055 0.226813 -1.550081

 -0.508134 0.210476 -1.550081

 -0.514680 0.193918 -1.550081

 -0.434667 0.116469 -1.550081

 -0.441353 0.087791 -1.550081

 -0.446150 0.058737 -1.550081

 -0.449037 0.029431 -1.550081

 -0.450000 0.000000 -1.550081

 -0.449037 -0.029431 -1.550081

 -0.441353 -0.087791 -1.550081

 -0.498929 -0.032702 -1.550081

 -0.490393 -0.097545 -1.550081

 -0.547333 -0.054102 -1.550081

 -0.545295 -0.071789 -1.550081

 -0.542685 -0.089402 -1.550081

 -0.434667 -0.116469 -1.550081

 -0.426119 -0.144648 -1.550081

 -0.415746 -0.172208 -1.550081

 -0.403593 -0.199030 -1.550081

 -0.389711 -0.225000 -1.550081

 -0.374161 -0.250007 -1.550081

 -0.338328 -0.296706 -1.550081

 -0.415735 -0.277785 -1.550081

 -0.375920 -0.329673 -1.550081

 -0.446953 -0.320520 -1.550081

 -0.436344 -0.334819 -1.550081

 -0.425278 -0.348767 -1.550081

 -0.318198 -0.318198 -1.550081

 -0.296706 -0.338328 -1.550081

 -0.273943 -0.357009 -1.550081

 -0.250007 -0.374161 -1.550081

 -0.225000 -0.389711 -1.550081

 -0.199030 -0.403593 -1.550081

 -0.144648 -0.426119 -1.550081

 -0.221144 -0.448436 -1.550081

 -0.160720 -0.473465 -1.550081

 -0.226813 -0.501055 -1.550081

 -0.210476 -0.508134 -1.550081

 -0.193918 -0.514680 -1.550081

 -0.116469 -0.434667 -1.550081

 -0.087791 -0.441353 -1.550081

 -0.058737 -0.446150 -1.550081

 -0.029431 -0.449037 -1.550081

 -0.000000 -0.450000 -1.550081

 0.029431 -0.449037 -1.550081

 0.087791 -0.441353 -1.550081

 0.032702 -0.498929 -1.550081

 0.097545 -0.490393 -1.550081

 0.054102 -0.547333 -1.550081

 0.071789 -0.545295 -1.550081

 0.089402 -0.542685 -1.550081

 0.116469 -0.434667 -1.550081

 0.144648 -0.426119 -1.550081

 0.172208 -0.415746 -1.550081

 0.199030 -0.403593 -1.550081

 0.225000 -0.389711 -1.550081

 0.250007 -0.374161 -1.550081

 0.296706 -0.338328 -1.550081

 0.277785 -0.415735 -1.550081

 0.329673 -0.375920 -1.550081

 0.320520 -0.446953 -1.550081

 0.334819 -0.436344 -1.550081

 0.348767 -0.425278 -1.550081

 0.318198 -0.318198 -1.550081

 0.338328 -0.296706 -1.550081

 0.357009 -0.273943 -1.550081

 0.374161 -0.250007 -1.550081

 0.389711 -0.225000 -1.550081

 0.403593 -0.199030 -1.550081

 0.426119 -0.144648 -1.550081

 0.448436 -0.221144 -1.550081

 0.473465 -0.160720 -1.550081

 0.501055 -0.226813 -1.550081

 0.508134 -0.210476 -1.550081

 0.514680 -0.193918 -1.550081

 0.434667 -0.116469 -1.550081

 0.441353 -0.087791 -1.550081

 0.446150 -0.058737 -1.550081

 0.449037 -0.029431 -1.550081

 0.441353 0.087791 -1.450081

 0.434667 0.116469 -1.450081

 0.415746 0.172208 -1.450081

 0.482963 0.129410 -1.450081

 0.461940 0.191342 -1.450081

 0.526261 0.159841 -1.450081

 0.520812 0.176792 -1.450081

 0.514816 0.193557 -1.450081

 0.403593 0.199030 -1.450081

 0.389711 0.225000 -1.450081

 0.374161 0.250007 -1.450081

 0.357009 0.273943 -1.450081

 0.338328 0.296706 -1.450081

 0.318198 0.318198 -1.450081

 0.273943 0.357009 -1.450081

 0.353553 0.353553 -1.450081

 0.304381 0.396677 -1.450081

 0.375835 0.401557 -1.450081

 0.362640 0.413512 -1.450081

 0.349066 0.425033 -1.450081

 0.250007 0.374161 -1.450081

 0.225000 0.389711 -1.450081

 0.199030 0.403593 -1.450081

 0.172208 0.415746 -1.450081

 0.144648 0.426119 -1.450081

 0.116469 0.434667 -1.450081

 0.058737 0.446150 -1.450081

 0.129410 0.482963 -1.450081

 0.065263 0.495722 -1.450081

 0.124704 0.535676 -1.450081

 0.107300 0.539432 -1.450081

 0.089783 0.542622 -1.450081

 0.029431 0.449037 -1.450081

 -0.000000 0.450000 -1.450081

 -0.029431 0.449037 -1.450081

 -0.058737 0.446150 -1.450081

 -0.087791 0.441353 -1.450081

 -0.116469 0.434667 -1.450081

 -0.172208 0.415746 -1.450081

 -0.129410 0.482963 -1.450081

 -0.191342 0.461940 -1.450081

 -0.159841 0.526261 -1.450081

 -0.176792 0.520812 -1.450081

 -0.193557 0.514816 -1.450081

 -0.199030 0.403593 -1.450081

 -0.225000 0.389711 -1.450081

 -0.250007 0.374161 -1.450081

 -0.273943 0.357009 -1.450081

 -0.296706 0.338328 -1.450081

 -0.318198 0.318198 -1.450081

 -0.357009 0.273943 -1.450081

 -0.353553 0.353553 -1.450081

 -0.396677 0.304381 -1.450081

 -0.401557 0.375835 -1.450081

 -0.413512 0.362640 -1.450081

 -0.425033 0.349066 -1.450081

 -0.374161 0.250007 -1.450081

 -0.389711 0.225000 -1.450081

 -0.403593 0.199030 -1.450081

 -0.415746 0.172208 -1.450081

 -0.426119 0.144648 -1.450081

 -0.434667 0.116469 -1.450081

 -0.446150 0.058737 -1.450081

 -0.482963 0.129410 -1.450081

 -0.495722 0.065263 -1.450081

 -0.535676 0.124704 -1.450081

 -0.539432 0.107300 -1.450081

 -0.542622 0.089783 -1.450081

 -0.449037 0.029431 -1.450081

 -0.450000 -0.000000 -1.450081

 -0.449037 -0.029431 -1.450081

 -0.446150 -0.058737 -1.450081

 -0.441353 -0.087791 -1.450081

 -0.434667 -0.116469 -1.450081

 -0.415746 -0.172208 -1.450081

 -0.482963 -0.129410 -1.450081

 -0.461940 -0.191342 -1.450081

 -0.526261 -0.159841 -1.450081

 -0.520812 -0.176792 -1.450081

 -0.514816 -0.193557 -1.450081

 -0.403593 -0.199030 -1.450081

 -0.389711 -0.225000 -1.450081

 -0.374161 -0.250007 -1.450081

 -0.357009 -0.273943 -1.450081

 -0.338328 -0.296706 -1.450081

 -0.318198 -0.318198 -1.450081

 -0.273943 -0.357009 -1.450081

 -0.353553 -0.353553 -1.450081

 -0.304381 -0.396677 -1.450081

 -0.375835 -0.401557 -1.450081

 -0.362640 -0.413512 -1.450081

 -0.349066 -0.425033 -1.450081

 -0.250007 -0.374161 -1.450081

 -0.225000 -0.389711 -1.450081

 -0.199030 -0.403593 -1.450081

 -0.172208 -0.415746 -1.450081

 -0.144648 -0.426119 -1.450081

 -0.116469 -0.434667 -1.450081

 -0.058737 -0.446150 -1.450081

 -0.129410 -0.482963 -1.450081

 -0.065263 -0.495722 -1.450081

 -0.124704 -0.535676 -1.450081

 -0.107300 -0.539432 -1.450081

 -0.089783 -0.542622 -1.450081

 -0.029431 -0.449037 -1.450081

 0.000000 -0.450000 -1.450081

 0.029431 -0.449037 -1.450081

 0.058737 -0.446150 -1.450081

 0.087791 -0.441353 -1.450081

 0.116469 -0.434667 -1.450081

 0.172208 -0.415746 -1.450081

 0.129410 -0.482963 -1.450081

 0.191342 -0.461940 -1.450081

 0.159841 -0.526261 -1.450081

 0.176792 -0.520812 -1.450081

 0.193557 -0.514816 -1.450081

 0.199030 -0.403593 -1.450081

 0.225000 -0.389711 -1.450081

 0.250007 -0.374161 -1.450081

 0.273943 -0.357009 -1.450081

 0.296706 -0.338328 -1.450081

 0.318198 -0.318198 -1.450081

 0.357009 -0.273943 -1.450081

 0.353553 -0.353553 -1.450081

 0.396677 -0.304381 -1.450081

 0.401557 -0.375835 -1.450081

 0.413512 -0.362640 -1.450081

 0.425033 -0.349066 -1.450081

 0.374161 -0.250007 -1.450081

 0.389711 -0.225000 -1.450081

 0.403593 -0.199030 -1.450081

 0.415746 -0.172208 -1.450081

 0.426119 -0.144648 -1.450081

 0.434667 -0.116469 -1.450081

 0.446150 -0.058737 -1.450081

 0.482963 -0.129410 -1.450081

 0.495722 -0.065263 -1.450081

 0.535676 -0.124704 -1.450081

 0.539432 -0.107300 -1.450081

 0.542622 -0.089783 -1.450081

 0.449037 -0.029431 -1.450081

 0.450000 0.000000 -1.450081

 0.449037 0.029431 -1.450081

 0.446150 0.058737 -1.450081

 0.415746 0.172208 -1.350081

 0.403593 0.199030 -1.350081

 0.374161 0.250007 -1.350081

 0.448436 0.221144 -1.350081

 0.415735 0.277785 -1.350081

 0.484966 0.259439 -1.350081

 0.476314 0.275000 -1.350081

 0.467163 0.290273 -1.350081

 0.357009 0.273943 -1.350081

 0.338328 0.296706 -1.350081

 0.318198 0.318198 -1.350081

 0.296706 0.338328 -1.350081

 0.273943 0.357009 -1.350081

 0.250007 0.374161 -1.350081

 0.199030 0.403593 -1.350081

 0.277785 0.415735 -1.350081

 0.221144 0.448436 -1.350081

 0.290273 0.467163 -1.350081

 0.275000 0.476314 -1.350081

 0.259439 0.484966 -1.350081

 0.172208 0.415746 -1.350081

 0.144648 0.426119 -1.350081

 0.116469 0.434667 -1.350081

 0.087791 0.441353 -1.350081

 0.058737 0.446150 -1.350081

 0.029431 0.449037 -1.350081

 -0.029431 0.449037 -1.350081

 0.032702 0.498929 -1.350081

 -0.032702 0.498929 -1.350081

 0.017802 0.549712 -1.350081

 -0.000000 0.550000 -1.350081

 -0.017802 0.549712 -1.350081

 -0.058737 0.446150 -1.350081

 -0.087791 0.441353 -1.350081

 -0.116469 0.434667 -1.350081

 -0.144648 0.426119 -1.350081

 -0.172208 0.415746 -1.350081

 -0.199030 0.403593 -1.350081

 -0.250007 0.374161 -1.350081

 -0.221144 0.448436 -1.350081

 -0.277785 0.415735 -1.350081

 -0.259439 0.484966 -1.350081

 -0.275000 0.476314 -1.350081

 -0.290273 0.467163 -1.350081

 -0.273943 0.357009 -1.350081

 -0.296706 0.338328 -1.350081

 -0.318198 0.318198 -1.350081

 -0.338328 0.296706 -1.350081

 -0.357009 0.273943 -1.350081

 -0.374161 0.250007 -1.350081

 -0.403593 0.199030 -1.350081

 -0.415735 0.277785 -1.350081

 -0.448436 0.221144 -1.350081

 -0.467163 0.290273 -1.350081

 -0.476314 0.275000 -1.350081

 -0.484966 0.259439 -1.350081

 -0.415746 0.172208 -1.350081

 -0.426119 0.144648 -1.350081

 -0.434667 0.116469 -1.350081

 -0.441353 0.087791 -1.350081

 -0.446150 0.058737 -1.350081

 -0.449037 0.029431 -1.350081

 -0.449037 -0.029431 -1.350081

 -0.498929 0.032702 -1.350081

 -0.498929 -0.032702 -1.350081

 -0.549712 0.017802 -1.350081

 -0.550000 -0.000000 -1.350081

 -0.549712 -0.017802 -1.350081

 -0.446150 -0.058737 -1.350081

 -0.441353 -0.087791 -1.350081

 -0.434667 -0.116469 -1.350081

 -0.426119 -0.144648 -1.350081

 -0.415746 -0.172208 -1.350081

 -0.403593 -0.199030 -1.350081

 -0.374161 -0.250007 -1.350081

 -0.448436 -0.221144 -1.350081

 -0.415735 -0.277785 -1.350081

 -0.484966 -0.259439 -1.350081

 -0.476314 -0.275000 -1.350081

 -0.467163 -0.290273 -1.350081

 -0.357009 -0.273943 -1.350081

 -0.338328 -0.296706 -1.350081

 -0.318198 -0.318198 -1.350081

 -0.296706 -0.338328 -1.350081

 -0.273943 -0.357009 -1.350081

 -0.250007 -0.374161 -1.350081

 -0.199030 -0.403593 -1.350081

 -0.277785 -0.415735 -1.350081

 -0.221144 -0.448436 -1.350081

 -0.290273 -0.467163 -1.350081

 -0.275000 -0.476314 -1.350081

 -0.259439 -0.484966 -1.350081

 -0.172208 -0.415746 -1.350081

 -0.144648 -0.426119 -1.350081

 -0.116469 -0.434667 -1.350081

 -0.087791 -0.441353 -1.350081

 -0.058737 -0.446150 -1.350081

 -0.029431 -0.449037 -1.350081

 0.029431 -0.449037 -1.350081

 -0.032702 -0.498929 -1.350081

 0.032702 -0.498929 -1.350081

 -0.017802 -0.549712 -1.350081

 0.000000 -0.550000 -1.350081

 0.017802 -0.549712 -1.350081

 0.058737 -0.446150 -1.350081

 0.087791 -0.441353 -1.350081

 0.116469 -0.434667 -1.350081

 0.144648 -0.426119 -1.350081

 0.172208 -0.415746 -1.350081

 0.199030 -0.403593 -1.350081

 0.250007 -0.374161 -1.350081

 0.221144 -0.448436 -1.350081

 0.277785 -0.415735 -1.350081

 0.259439 -0.484966 -1.350081

 0.275000 -0.476314 -1.350081

 0.290273 -0.467163 -1.350081

 0.273943 -0.357009 -1.350081

 0.296706 -0.338328 -1.350081

 0.318198 -0.318198 -1.350081

 0.338328 -0.296706 -1.350081

 0.357009 -0.273943 -1.350081

 0.374161 -0.250007 -1.350081

 0.403593 -0.199030 -1.350081

 0.415735 -0.277785 -1.350081

 0.448436 -0.221144 -1.350081

 0.467163 -0.290273 -1.350081

 0.476314 -0.275000 -1.350081

 0.484966 -0.259439 -1.350081

 0.415746 -0.172208 -1.350081

 0.426119 -0.144648 -1.350081

 0.434667 -0.116469 -1.350081

 0.441353 -0.087791 -1.350081

 0.446150 -0.058737 -1.350081

 0.449037 -0.029431 -1.350081

 0.449037 0.029431 -1.350081

 0.498929 -0.032702 -1.350081

 0.498929 0.032702 -1.350081

 0.549712 -0.017802 -1.350081

 0.550000 0.000000 -1.350081

 0.549712 0.017802 -1.350081

 0.446150 0.058737 -1.350081

 0.441353 0.087791 -1.350081

 0.434667 0.116469 -1.350081

 0.426119 0.144648 -1.350081

 0.374161 0.250007 -1.250081

 0.357009 0.273943 -1.250081

 0.318198 0.318198 -1.250081

 0.396677 0.304381 -1.250081

 0.353553 0.353553 -1.250081

 0.425033 0.349066 -1.250081

 0.413512 0.362640 -1.250081

 0.401557 0.375835 -1.250081

 0.296706 0.338328 -1.250081

 0.273943 0.357009 -1.250081

 0.250007 0.374161 -1.250081

 0.225000 0.389711 -1.250081

 0.199030 0.403593 -1.250081

 0.172208 0.415746 -1.250081

 0.116469 0.434667 -1.250081

 0.191342 0.461940 -1.250081

 0.129410 0.482963 -1.250081

 0.193557 0.514816 -1.250081

 0.176792 0.520812 -1.250081

 0.159841 0.526261 -1.250081

 0.087791 0.441353 -1.250081

 0.058737 0.446150 -1.250081

 0.029431 0.449037 -1.250081

 -0.000000 0.450000 -1.250081

 -0.029431 0.449037 -1.250081

 -0.058737 0.446150 -1.250081

 -0.116469 0.434667 -1.250081

 -0.065263 0.495722 -1.250081

 -0.129410 0.482963 -1.250081

 -0.089783 0.542622 -1.250081

 -0.107300 0.539432 -1.250081

 -0.124704 0.535676 -1.250081

 -0.144648 0.426119 -1.250081

 -0.172208 0.415746 -1.250081

 -0.199030 0.403593 -1.250081

 -0.225000 0.389711 -1.250081

 -0.250007 0.374161 -1.250081

 -0.273943 0.357009 -1.250081

 -0.318198 0.318198 -1.250081

 -0.304381 0.396677 -1.250081

 -0.353553 0.353553 -1.250081

 -0.349066 0.425033 -1.250081

 -0.362640 0.413512 -1.250081

 -0.375835 0.401557 -1.250081

 -0.338328 0.296706 -1.250081

 -0.357009 0.273943 -1.250081

 -0.374161 0.250007 -1.250081

 -0.389711 0.225000 -1.250081

 -0.403593 0.199030 -1.250081

 -0.415746 0.172208 -1.250081

 -0.434667 0.116469 -1.250081

 -0.461940 0.191342 -1.250081

 -0.482963 0.129410 -1.250081

 -0.514816 0.193557 -1.250081

 -0.520812 0.176792 -1.250081

 -0.526261 0.159841 -1.250081

 -0.441353 0.087791 -1.250081

 -0.446150 0.058737 -1.250081

 -0.449037 0.029431 -1.250081

 -0.450000 -0.000000 -1.250081

 -0.449037 -0.029431 -1.250081

 -0.446150 -0.058737 -1.250081

 -0.434667 -0.116469 -1.250081

 -0.495722 -0.065263 -1.250081

 -0.482963 -0.129410 -1.250081

 -0.542622 -0.089783 -1.250081

 -0.539432 -0.107300 -1.250081

 -0.535676 -0.124704 -1.250081

 -0.426119 -0.144648 -1.250081

 -0.415746 -0.172208 -1.250081

 -0.403593 -0.199030 -1.250081

 -0.389711 -0.225000 -1.250081

 -0.374161 -0.250007 -1.250081

 -0.357009 -0.273943 -1.250081

 -0.318198 -0.318198 -1.250081

 -0.396677 -0.304381 -1.250081

 -0.353553 -0.353553 -1.250081

 -0.425033 -0.349066 -1.250081

 -0.413512 -0.362640 -1.250081

 -0.401557 -0.375835 -1.250081

 -0.296706 -0.338328 -1.250081

 -0.273943 -0.357009 -1.250081

 -0.250007 -0.374161 -1.250081

 -0.225000 -0.389711 -1.250081

 -0.199030 -0.403593 -1.250081

 -0.172208 -0.415746 -1.250081

 -0.116469 -0.434667 -1.250081

 -0.191342 -0.461940 -1.250081

 -0.129410 -0.482963 -1.250081

 -0.193557 -0.514816 -1.250081

 -0.176792 -0.520812 -1.250081

 -0.159841 -0.526261 -1.250081

 -0.087791 -0.441353 -1.250081

 -0.058737 -0.446150 -1.250081

 -0.029431 -0.449037 -1.250081

 0.000000 -0.450000 -1.250081

 0.029431 -0.449037 -1.250081

 0.058737 -0.446150 -1.250081

 0.116469 -0.434667 -1.250081

 0.065263 -0.495722 -1.250081

 0.129410 -0.482963 -1.250081

 0.089783 -0.542622 -1.250081

 0.107300 -0.539432 -1.250081

 0.124704 -0.535676 -1.250081

 0.144648 -0.426119 -1.250081

 0.172208 -0.415746 -1.250081

 0.199030 -0.403593 -1.250081

 0.225000 -0.389711 -1.250081

 0.250007 -0.374161 -1.250081

 0.273943 -0.357009 -1.250081

 0.318198 -0.318198 -1.250081

 0.304381 -0.396677 -1.250081

 0.353553 -0.353553 -1.250081

 0.349066 -0.425033 -1.250081

 0.362640 -0.413512 -1.250081

 0.375835 -0.401557 -1.250081

 0.338328 -0.296706 -1.250081

 0.357009 -0.273943 -1.250081

 0.374161 -0.250007 -1.250081

 0.389711 -0.225000 -1.250081

 0.403593 -0.199030 -1.250081

 0.415746 -0.172208 -1.250081

 0.434667 -0.116469 -1.250081

 0.461940 -0.191342 -1.250081

 0.482963 -0.129410 -1.250081

 0.514816 -0.193557 -1.250081

 0.520812 -0.176792 -1.250081

 0.526261 -0.159841 -1.250081

 0.441353 -0.087791 -1.250081

 0.446150 -0.058737 -1.250081

 0.449037 -0.029431 -1.250081

 0.450000 0.000000 -1.250081

 0.449037 0.029431 -1.250081

 0.446150 0.058737 -1.250081

 0.434667 0.116469 -1.250081

 0.495722 0.065263 -1.250081

 0.482963 0.129410 -1.250081

 0.542622 0.089783 -1.250081

 0.539432 0.107300 -1.250081

 0.535676 0.124704 -1.250081

 0.426119 0.144648 -1.250081

 0.415746 0.172208 -1.250081

 0.403593 0.199030 -1.250081

 0.389711 0.225000 -1.250081

 0.318198 0.318198 -1.150081

 0.296706 0.338328 -1.150081

 0.250007 0.374161 -1.150081

 0.329673 0.375920 -1.150081

 0.277785 0.415735 -1.150081

 0.348767 0.425278 -1.150081

 0.334819 0.436344 -1.150081

 0.320520 0.446953 -1.150081

 0.225000 0.389711 -1.150081

 0.199030 0.403593 -1.150081

 0.172208 0.415746 -1.150081

 0.144648 0.426119 -1.150081

 0.116469 0.434667 -1.150081

 0.087791 0.441353 -1.150081

 0.029431 0.449037 -1.150081

 0.097545 0.490393 -1.150081

 0.032702 0.498929 -1.150081

 0.089402 0.542685 -1.150081

 0.071789 0.545295 -1.150081

 0.054102 0.547333 -1.150081

 -0.000000 0.450000 -1.150081

 -0.029431 0.449037 -1.150081

 -0.058737 0.446150 -1.150081

 -0.087791 0.441353 -1.150081

 -0.116469 0.434667 -1.150081

 -0.144648 0.426119 -1.150081

 -0.199030 0.403593 -1.150081

 -0.160720 0.473465 -1.150081

 -0.221144 0.448436 -1.150081

 -0.193918 0.514680 -1.150081

 -0.210476 0.508134 -1.150081

 -0.226813 0.501055 -1.150081

 -0.225000 0.389711 -1.150081

 -0.250007 0.374161 -1.150081

 -0.273943 0.357009 -1.150081

 -0.296706 0.338328 -1.150081

 -0.318198 0.318198 -1.150081

 -0.338328 0.296706 -1.150081

 -0.374161 0.250007 -1.150081

 -0.375920 0.329673 -1.150081

 -0.415735 0.277785 -1.150081

 -0.425278 0.348767 -1.150081

 -0.436344 0.334819 -1.150081

 -0.446953 0.320520 -1.150081

 -0.389711 0.225000 -1.150081

 -0.403593 0.199030 -1.150081

 -0.415746 0.172208 -1.150081

 -0.426119 0.144648 -1.150081

 -0.434667 0.116469 -1.150081

 -0.441353 0.087791 -1.150081

 -0.449037 0.029431 -1.150081

 -0.490393 0.097545 -1.150081

 -0.498929 0.032702 -1.150081

 -0.542685 0.089402 -1.150081

 -0.545295 0.071789 -1.150081

 -0.547333 0.054102 -1.150081

 -0.450000 -0.000000 -1.150081

 -0.449037 -0.029431 -1.150081

 -0.446150 -0.058737 -1.150081

 -0.441353 -0.087791 -1.150081

 -0.434667 -0.116469 -1.150081

 -0.426119 -0.144648 -1.150081

 -0.403593 -0.199030 -1.150081

 -0.473465 -0.160720 -1.150081

 -0.448436 -0.221144 -1.150081

 -0.514680 -0.193918 -1.150081

 -0.508134 -0.210476 -1.150081

 -0.501055 -0.226813 -1.150081

 -0.389711 -0.225000 -1.150081

 -0.374161 -0.250007 -1.150081

 -0.357009 -0.273943 -1.150081

 -0.338328 -0.296706 -1.150081

 -0.318198 -0.318198 -1.150081

 -0.296706 -0.338328 -1.150081

 -0.250007 -0.374161 -1.150081

 -0.329673 -0.375920 -1.150081

 -0.277785 -0.415735 -1.150081

 -0.348767 -0.425278 -1.150081

 -0.334819 -0.436344 -1.150081

 -0.320520 -0.446953 -1.150081

 -0.225000 -0.389711 -1.150081

 -0.199030 -0.403593 -1.150081

 -0.172208 -0.415746 -1.150081

 -0.144648 -0.426119 -1.150081

 -0.116469 -0.434667 -1.150081

 -0.087791 -0.441353 -1.150081

 -0.029431 -0.449037 -1.150081

 -0.097545 -0.490393 -1.150081

 -0.032702 -0.498929 -1.150081

 -0.089402 -0.542685 -1.150081

 -0.071789 -0.545295 -1.150081

 -0.054102 -0.547333 -1.150081

 0.000000 -0.450000 -1.150081

 0.029431 -0.449037 -1.150081

 0.058737 -0.446150 -1.150081

 0.087791 -0.441353 -1.150081

 0.116469 -0.434667 -1.150081

 0.144648 -0.426119 -1.150081

 0.199030 -0.403593 -1.150081

 0.160720 -0.473465 -1.150081

 0.221144 -0.448436 -1.150081

 0.193918 -0.514680 -1.150081

 0.210476 -0.508134 -1.150081

 0.226813 -0.501055 -1.150081

 0.225000 -0.389711 -1.150081

 0.250007 -0.374161 -1.150081

 0.273943 -0.357009 -1.150081

 0.296706 -0.338328 -1.150081

 0.318198 -0.318198 -1.150081

 0.338328 -0.296706 -1.150081

 0.374161 -0.250007 -1.150081

 0.375920 -0.329673 -1.150081

 0.415735 -0.277785 -1.150081

 0.425278 -0.348767 -1.150081

 0.436344 -0.334819 -1.150081

 0.446953 -0.320520 -1.150081

 0.389711 -0.225000 -1.150081

 0.403593 -0.199030 -1.150081

 0.415746 -0.172208 -1.150081

 0.426119 -0.144648 -1.150081

 0.434667 -0.116469 -1.150081

 0.441353 -0.087791 -1.150081

 0.449037 -0.029431 -1.150081

 0.490393 -0.097545 -1.150081

 0.498929 -0.032702 -1.150081

 0.542685 -0.089402 -1.150081

 0.545295 -0.071789 -1.150081

 0.547333 -0.054102 -1.150081

 0.450000 0.000000 -1.150081

 0.449037 0.029431 -1.150081

 0.446150 0.058737 -1.150081

 0.441353 0.087791 -1.150081

 0.434667 0.116469 -1.150081

 0.426119 0.144648 -1.150081

 0.403593 0.199030 -1.150081

 0.473465 0.160720 -1.150081

 0.448436 0.221144 -1.150081

 0.514680 0.193918 -1.150081

 0.508134 0.210476 -1.150081

 0.501055 0.226813 -1.150081

 0.389711 0.225000 -1.150081

 0.374161 0.250007 -1.150081

 0.357009 0.273943 -1.150081

 0.338328 0.296706 -1.150081

 0.250007 0.374161 -1.050081

 0.225000 0.389711 -1.050081

 0.172208 0.415746 -1.050081

 0.250000 0.433013 -1.050081

 0.191342 0.461940 -1.050081

 0.259098 0.485148 -1.050081

 0.243259 0.493280 -1.050081

 0.227165 0.500895 -1.050081

 0.144648 0.426119 -1.050081

 0.116469 0.434667 -1.050081

 0.087791 0.441353 -1.050081

 0.058737 0.446150 -1.050081

 0.029431 0.449037 -1.050081

 -0.000000 0.450000 -1.050081

 -0.058737 0.446150 -1.050081

 -0.000000 0.500000 -1.050081

 -0.065263 0.495722 -1.050081

 -0.018189 0.549699 -1.050081

 -0.035972 0.548822 -1.050081

 -0.053717 0.547370 -1.050081

 -0.087791 0.441353 -1.050081

 -0.116469 0.434667 -1.050081

 -0.144648 0.426119 -1.050081

 -0.172208 0.415746 -1.050081

 -0.199030 0.403593 -1.050081

 -0.225000 0.389711 -1.050081

 -0.273943 0.357009 -1.050081

 -0.250000 0.433013 -1.050081

 -0.304381 0.396677 -1.050081

 -0.290601 0.466959 -1.050081

 -0.305564 0.457308 -1.050081

 -0.320206 0.447178 -1.050081

 -0.296706 0.338328 -1.050081

 -0.318198 0.318198 -1.050081

 -0.338328 0.296706 -1.050081

 -0.357009 0.273943 -1.050081

 -0.374161 0.250007 -1.050081

 -0.389711 0.225000 -1.050081

 -0.415746 0.172208 -1.050081

 -0.433013 0.250000 -1.050081

 -0.461940 0.191342 -1.050081

 -0.485148 0.259098 -1.050081

 -0.493280 0.243259 -1.050081

 -0.500895 0.227165 -1.050081

 -0.426119 0.144648 -1.050081

 -0.434667 0.116469 -1.050081

 -0.441353 0.087791 -1.050081

 -0.446150 0.058737 -1.050081

 -0.449037 0.029431 -1.050081

 -0.450000 -0.000000 -1.050081

 -0.446150 -0.058737 -1.050081

 -0.500000 -0.000000 -1.050081

 -0.495722 -0.065263 -1.050081

 -0.549699 -0.018189 -1.050081

 -0.548822 -0.035972 -1.050081

 -0.547370 -0.053717 -1.050081

 -0.441353 -0.087791 -1.050081

 -0.434667 -0.116469 -1.050081

 -0.426119 -0.144648 -1.050081

 -0.415746 -0.172208 -1.050081

 -0.403593 -0.199030 -1.050081

 -0.389711 -0.225000 -1.050081

 -0.357009 -0.273943 -1.050081

 -0.433013 -0.250000 -1.050081

 -0.396677 -0.304381 -1.050081

 -0.466959 -0.290601 -1.050081

 -0.457308 -0.305564 -1.050081

 -0.447178 -0.320206 -1.050081

 -0.338328 -0.296706 -1.050081

 -0.318198 -0.318198 -1.050081

 -0.296706 -0.338328 -1.050081

 -0.273943 -0.357009 -1.050081

 -0.250007 -0.374161 -1.050081

 -0.225000 -0.389711 -1.050081

 -0.172208 -0.415746 -1.050081

 -0.250000 -0.433013 -1.050081

 -0.191342 -0.461940 -1.050081

 -0.259098 -0.485148 -1.050081

 -0.243259 -0.493280 -1.050081

 -0.227165 -0.500895 -1.050081

 -0.144648 -0.426119 -1.050081

 -0.116469 -0.434667 -1.050081

 -0.087791 -0.441353 -1.050081

 -0.058737 -0.446150 -1.050081

 -0.029431 -0.449037 -1.050081

 0.000000 -0.450000 -1.050081

 0.058737 -0.446150 -1.050081

 0.000000 -0.500000 -1.050081

 0.065263 -0.495722 -1.050081

 0.018189 -0.549699 -1.050081

 0.035972 -0.548822 -1.050081

 0.053717 -0.547370 -1.050081

 0.087791 -0.441353 -1.050081

 0.116469 -0.434667 -1.050081

 0.144648 -0.426119 -1.050081

 0.172208 -0.415746 -1.050081

 0.199030 -0.403593 -1.050081

 0.225000 -0.389711 -1.050081

 0.273943 -0.357009 -1.050081

 0.250000 -0.433013 -1.050081

 0.304381 -0.396677 -1.050081

 0.290601 -0.466959 -1.050081

 0.305564 -0.457308 -1.050081

 0.320206 -0.447178 -1.050081

 0.296706 -0.338328 -1.050081

 0.318198 -0.318198 -1.050081

 0.338328 -0.296706 -1.050081

 0.357009 -0.273943 -1.050081

 0.374161 -0.250007 -1.050081

 0.389711 -0.225000 -1.050081

 0.415746 -0.172208 -1.050081

 0.433013 -0.250000 -1.050081

 0.461940 -0.191342 -1.050081

 0.485148 -0.259098 -1.050081

 0.493280 -0.243259 -1.050081

 0.500895 -0.227165 -1.050081

 0.426119 -0.144648 -1.050081

 0.434667 -0.116469 -1.050081

 0.441353 -0.087791 -1.050081

 0.446150 -0.058737 -1.050081

 0.449037 -0.029431 -1.050081

 0.450000 0.000000 -1.050081

 0.446150 0.058737 -1.050081

 0.500000 0.000000 -1.050081

 0.495722 0.065263 -1.050081

 0.549699 0.018189 -1.050081

 0.548822 0.035972 -1.050081

 0.547370 0.053717 -1.050081

 0.441353 0.087791 -1.050081

 0.434667 0.116469 -1.050081

 0.426119 0.144648 -1.050081

 0.415746 0.172208 -1.050081

 0.403593 0.199030 -1.050081

 0.389711 0.225000 -1.050081

 0.357009 0.273943 -1.050081

 0.433013 0.250000 -1.050081

 0.396677 0.304381 -1.050081

 0.466959 0.290601 -1.050081

 0.457308 0.305564 -1.050081

 0.447178 0.320206 -1.050081

 0.338328 0.296706 -1.050081

 0.318198 0.318198 -1.050081

 0.296706 0.338328 -1.050081

 0.273943 0.357009 -1.050081

 0.172208 0.415746 -0.950081

 0.144648 0.426119 -0.950081

 0.087791 0.441353 -0.950081

 0.160720 0.473465 -0.950081

 0.097545 0.490393 -0.950081

 0.159472 0.526373 -0.950081

 0.142350 0.531259 -0.950081

 0.125080 0.535588 -0.950081

 0.058737 0.446150 -0.950081

 0.029431 0.449037 -0.950081

 -0.000000 0.450000 -0.950081

 -0.029431 0.449037 -0.950081

 -0.058737 0.446150 -0.950081

 -0.087791 0.441353 -0.950081

 -0.144648 0.426119 -0.950081

 -0.097545 0.490393 -0.950081

 -0.160720 0.473465 -0.950081

 -0.125080 0.535588 -0.950081

 -0.142350 0.531259 -0.950081

 -0.159472 0.526373 -0.950081

 -0.172208 0.415746 -0.950081

 -0.199030 0.403593 -0.950081

 -0.225000 0.389711 -0.950081

 -0.250007 0.374161 -0.950081

 -0.273943 0.357009 -0.950081

 -0.296706 0.338328 -0.950081

 -0.338328 0.296706 -0.950081

 -0.329673 0.375920 -0.950081

 -0.375920 0.329673 -0.950081

 -0.376117 0.401293 -0.950081

 -0.388909 0.388909 -0.950081

 -0.401293 0.376117 -0.950081

 -0.357009 0.273943 -0.950081

 -0.374161 0.250007 -0.950081

 -0.389711 0.225000 -0.950081

 -0.403593 0.199030 -0.950081

 -0.415746 0.172208 -0.950081

 -0.426119 0.144648 -0.950081

 -0.441353 0.087791 -0.950081

 -0.473465 0.160720 -0.950081

 -0.490393 0.097545 -0.950081

 -0.526373 0.159472 -0.950081

 -0.531259 0.142350 -0.950081

 -0.535588 0.125080 -0.950081

 -0.446150 0.058737 -0.950081

 -0.449037 0.029431 -0.950081

 -0.450000 -0.000000 -0.950081

 -0.449037 -0.029431 -0.950081

 -0.446150 -0.058737 -0.950081

 -0.441353 -0.087791 -0.950081

 -0.426119 -0.144648 -0.950081

 -0.490393 -0.097545 -0.950081

 -0.473465 -0.160720 -0.950081

 -0.535588 -0.125080 -0.950081

 -0.531259 -0.142350 -0.950081

 -0.526373 -0.159472 -0.950081

 -0.415746 -0.172208 -0.950081

 -0.403593 -0.199030 -0.950081

 -0.389711 -0.225000 -0.950081

 -0.374161 -0.250007 -0.950081

 -0.357009 -0.273943 -0.950081

 -0.338328 -0.296706 -0.950081

 -0.296706 -0.338328 -0.950081

 -0.375920 -0.329673 -0.950081

 -0.329673 -0.375920 -0.950081

 -0.401293 -0.376117 -0.950081

 -0.388909 -0.388909 -0.950081

 -0.376117 -0.401293 -0.950081

 -0.273943 -0.357009 -0.950081

 -0.250007 -0.374161 -0.950081

 -0.225000 -0.389711 -0.950081

 -0.199030 -0.403593 -0.950081

 -0.172208 -0.415746 -0.950081

 -0.144648 -0.426119 -0.950081

 -0.087791 -0.441353 -0.950081

 -0.160720 -0.473465 -0.950081

 -0.097545 -0.490393 -0.950081

 -0.159472 -0.526373 -0.950081

 -0.142350 -0.531259 -0.950081

 -0.125080 -0.535588 -0.950081

 -0.058737 -0.446150 -0.950081

 -0.029431 -0.449037 -0.950081

 0.000000 -0.450000 -0.950081

 0.029431 -0.449037 -0.950081

 0.058737 -0.446150 -0.950081

 0.087791 -0.441353 -0.950081

 0.144648 -0.426119 -0.950081

 0.097545 -0.490393 -0.950081

 0.160720 -0.473465 -0.950081

 0.125080 -0.535588 -0.950081

 0.142350 -0.531259 -0.950081

 0.159472 -0.526373 -0.950081

 0.172208 -0.415746 -0.950081

 0.199030 -0.403593 -0.950081

 0.225000 -0.389711 -0.950081

 0.250007 -0.374161 -0.950081

 0.273943 -0.357009 -0.950081

 0.296706 -0.338328 -0.950081

 0.338328 -0.296706 -0.950081

 0.329673 -0.375920 -0.950081

 0.375920 -0.329673 -0.950081

 0.376117 -0.401293 -0.950081

 0.388909 -0.388909 -0.950081

 0.401293 -0.376117 -0.950081

 0.357009 -0.273943 -0.950081

 0.374161 -0.250007 -0.950081

 0.389711 -0.225000 -0.950081

 0.403593 -0.199030 -0.950081

 0.415746 -0.172208 -0.950081

 0.426119 -0.144648 -0.950081

 0.441353 -0.087791 -0.950081

 0.473465 -0.160720 -0.950081

 0.490393 -0.097545 -0.950081

 0.526373 -0.159472 -0.950081

 0.531259 -0.142350 -0.950081

 0.535588 -0.125080 -0.950081

 0.446150 -0.058737 -0.950081

 0.449037 -0.029431 -0.950081

 0.450000 0.000000 -0.950081

 0.449037 0.029431 -0.950081

 0.446150 0.058737 -0.950081

 0.441353 0.087791 -0.950081

 0.426119 0.144648 -0.950081

 0.490393 0.097545 -0.950081

 0.473465 0.160720 -0.950081

 0.535588 0.125080 -0.950081

 0.531259 0.142350 -0.950081

 0.526373 0.159472 -0.950081

 0.415746 0.172208 -0.950081

 0.403593 0.199030 -0.950081

 0.389711 0.225000 -0.950081

 0.374161 0.250007 -0.950081

 0.357009 0.273943 -0.950081

 0.338328 0.296706 -0.950081

 0.296706 0.338328 -0.950081

 0.375920 0.329673 -0.950081

 0.329673 0.375920 -0.950081

 0.401293 0.376117 -0.950081

 0.388909 0.388909 -0.950081

 0.376117 0.401293 -0.950081

 0.273943 0.357009 -0.950081

 0.250007 0.374161 -0.950081

 0.225000 0.389711 -0.950081

 0.199030 0.403593 -0.950081

 0.087791 0.441353 -0.850081

 0.058737 0.446150 -0.850081

 -0.000000 0.450000 -0.850081

 0.065263 0.495722 -0.850081

 -0.000000 0.500000 -0.850081

 0.053717 0.547370 -0.850081

 0.035972 0.548822 -0.850081

 0.018189 0.549699 -0.850081

 -0.029431 0.449037 -0.850081

 -0.058737 0.446150 -0.850081

 -0.087791 0.441353 -0.850081

 -0.116469 0.434667 -0.850081

 -0.144648 0.426119 -0.850081

 -0.172208 0.415746 -0.850081

 -0.225000 0.389711 -0.850081

 -0.191342 0.461940 -0.850081

 -0.250000 0.433013 -0.850081

 -0.227165 0.500895 -0.850081

 -0.243259 0.493280 -0.850081

 -0.259098 0.485148 -0.850081

 -0.250007 0.374161 -0.850081

 -0.273943 0.357009 -0.850081

 -0.296706 0.338328 -0.850081

 -0.318198 0.318198 -0.850081

 -0.338328 0.296706 -0.850081

 -0.357009 0.273943 -0.850081

 -0.389711 0.225000 -0.850081

 -0.396677 0.304381 -0.850081

 -0.433013 0.250000 -0.850081

 -0.447178 0.320206 -0.850081

 -0.457308 0.305564 -0.850081

 -0.466959 0.290601 -0.850081

 -0.403593 0.199030 -0.850081

 -0.415746 0.172208 -0.850081

 -0.426119 0.144648 -0.850081

 -0.434667 0.116469 -0.850081

 -0.441353 0.087791 -0.850081

 -0.446150 0.058737 -0.850081

 -0.450000 -0.000000 -0.850081

 -0.495722 0.065263 -0.850081

 -0.500000 -0.000000 -0.850081

 -0.547370 0.053717 -0.850081

 -0.548822 0.035972 -0.850081

 -0.549699 0.018189 -0.850081

 -0.449037 -0.029431 -0.850081

 -0.446150 -0.058737 -0.850081

 -0.441353 -0.087791 -0.850081

 -0.434667 -0.116469 -0.850081

 -0.426119 -0.144648 -0.850081

 -0.415746 -0.172208 -0.850081

 -0.389711 -0.225000 -0.850081

 -0.461940 -0.191342 -0.850081

 -0.433013 -0.250000 -0.850081

 -0.500895 -0.227165 -0.850081

 -0.493280 -0.243259 -0.850081

 -0.485148 -0.259098 -0.850081

 -0.374161 -0.250007 -0.850081

 -0.357009 -0.273943 -0.850081

 -0.338328 -0.296706 -0.850081

 -0.318198 -0.318198 -0.850081

 -0.296706 -0.338328 -0.850081

 -0.273943 -0.357009 -0.850081

 -0.225000 -0.389711 -0.850081

 -0.304381 -0.396677 -0.850081

 -0.250000 -0.433013 -0.850081

 -0.320206 -0.447178 -0.850081

 -0.305564 -0.457308 -0.850081

 -0.290601 -0.466959 -0.850081

 -0.199030 -0.403593 -0.850081

 -0.172208 -0.415746 -0.850081

 -0.144648 -0.426119 -0.850081

 -0.116469 -0.434667 -0.850081

 -0.087791 -0.441353 -0.850081

 -0.058737 -0.446150 -0.850081

 0.000000 -0.450000 -0.850081

 -0.065263 -0.495722 -0.850081

 0.000000 -0.500000 -0.850081

 -0.053717 -0.547370 -0.850081

 -0.035972 -0.548822 -0.850081

 -0.018189 -0.549699 -0.850081

 0.029431 -0.449037 -0.850081

 0.058737 -0.446150 -0.850081

 0.087791 -0.441353 -0.850081

 0.116469 -0.434667 -0.850081

 0.144648 -0.426119 -0.850081

 0.172208 -0.415746 -0.850081

 0.225000 -0.389711 -0.850081

 0.191342 -0.461940 -0.850081

 0.250000 -0.433013 -0.850081

 0.227165 -0.500895 -0.850081

 0.243259 -0.493280 -0.850081

 0.259098 -0.485148 -0.850081

 0.250007 -0.374161 -0.850081

 0.273943 -0.357009 -0.850081

 0.296706 -0.338328 -0.850081

 0.318198 -0.318198 -0.850081

 0.338328 -0.296706 -0.850081

 0.357009 -0.273943 -0.850081

 0.389711 -0.225000 -0.850081

 0.396677 -0.304381 -0.850081

 0.433013 -0.250000 -0.850081

 0.447178 -0.320206 -0.850081

 0.457308 -0.305564 -0.850081

 0.466959 -0.290601 -0.850081

 0.403593 -0.199030 -0.850081

 0.415746 -0.172208 -0.850081

 0.426119 -0.144648 -0.850081

 0.434667 -0.116469 -0.850081

 0.441353 -0.087791 -0.850081

 0.446150 -0.058737 -0.850081

 0.450000 0.000000 -0.850081

 0.495722 -0.065263 -0.850081

 0.500000 0.000000 -0.850081

 0.547370 -0.053717 -0.850081

 0.548822 -0.035972 -0.850081

 0.549699 -0.018189 -0.850081

 0.449037 0.029431 -0.850081

 0.446150 0.058737 -0.850081

 0.441353 0.087791 -0.850081

 0.434667 0.116469 -0.850081

 0.426119 0.144648 -0.850081

 0.415746 0.172208 -0.850081

 0.389711 0.225000 -0.850081

 0.461940 0.191342 -0.850081

 0.433013 0.250000 -0.850081

 0.500895 0.227165 -0.850081

 0.493280 0.243259 -0.850081

 0.485148 0.259098 -0.850081

 0.374161 0.250007 -0.850081

 0.357009 0.273943 -0.850081

 0.338328 0.296706 -0.850081

 0.318198 0.318198 -0.850081

 0.296706 0.338328 -0.850081

 0.273943 0.357009 -0.850081

 0.225000 0.389711 -0.850081

 0.304381 0.396677 -0.850081

 0.250000 0.433013 -0.850081

 0.320206 0.447178 -0.850081

 0.305564 0.457308 -0.850081

 0.290601 0.466959 -0.850081

 0.199030 0.403593 -0.850081

 0.172208 0.415746 -0.850081

 0.144648 0.426119 -0.850081

 0.116469 0.434667 -0.850081

 -0.000000 0.450000 -0.750081

 -0.029431 0.449037 -0.750081

 -0.087791 0.441353 -0.750081

 -0.032702 0.498929 -0.750081

 -0.097545 0.490393 -0.750081

 -0.054102 0.547333 -0.750081

 -0.071789 0.545295 -0.750081

 -0.089402 0.542685 -0.750081

 -0.116469 0.434667 -0.750081

 -0.144648 0.426119 -0.750081

 -0.172208 0.415746 -0.750081

 -0.199030 0.403593 -0.750081

 -0.225000 0.389711 -0.750081

 -0.250007 0.374161 -0.750081

 -0.296706 0.338328 -0.750081

 -0.277785 0.415735 -0.750081

 -0.329673 0.375920 -0.750081

 -0.320520 0.446953 -0.750081

 -0.334819 0.436344 -0.750081

 -0.348767 0.425278 -0.750081

 -0.318198 0.318198 -0.750081

 -0.338328 0.296706 -0.750081

 -0.357009 0.273943 -0.750081

 -0.374161 0.250007 -0.750081

 -0.389711 0.225000 -0.750081

 -0.403593 0.199030 -0.750081

 -0.426119 0.144648 -0.750081

 -0.448436 0.221144 -0.750081

 -0.473465 0.160720 -0.750081

 -0.501055 0.226813 -0.750081

 -0.508134 0.210476 -0.750081

 -0.514680 0.193918 -0.750081

 -0.434667 0.116469 -0.750081

 -0.441353 0.087791 -0.750081

 -0.446150 0.058737 -0.750081

 -0.449037 0.029431 -0.750081

 -0.450000 -0.000000 -0.750081

 -0.449037 -0.029431 -0.750081

 -0.441353 -0.087791 -0.750081

 -0.498929 -0.032702 -0.750081

 -0.490393 -0.097545 -0.750081

 -0.547333 -0.054102 -0.750081

 -0.545295 -0.071789 -0.750081

 -0.542685 -0.089402 -0.750081

 -0.434667 -0.116469 -0.750081

 -0.426119 -0.144648 -0.750081

 -0.415746 -0.172208 -0.750081

 -0.403593 -0.199030 -0.750081

 -0.389711 -0.225000 -0.750081

 -0.374161 -0.250007 -0.750081

 -0.338328 -0.296706 -0.750081

 -0.415735 -0.277785 -0.750081

 -0.375920 -0.329673 -0.750081

 -0.446953 -0.320520 -0.750081

 -0.436344 -0.334819 -0.750081

 -0.425278 -0.348767 -0.750081

 -0.318198 -0.318198 -0.750081

 -0.296706 -0.338328 -0.750081

 -0.273943 -0.357009 -0.750081

 -0.250007 -0.374161 -0.750081

 -0.225000 -0.389711 -0.750081

 -0.199030 -0.403593 -0.750081

 -0.144648 -0.426119 -0.750081

 -0.221144 -0.448436 -0.750081

 -0.160720 -0.473465 -0.750081

 -0.226813 -0.501055 -0.750081

 -0.210476 -0.508134 -0.750081

 -0.193918 -0.514680 -0.750081

 -0.116469 -0.434667 -0.750081

 -0.087791 -0.441353 -0.750081

 -0.058737 -0.446150 -0.750081

 -0.029431 -0.449037 -0.750081

 0.000000 -0.450000 -0.750081

 0.029431 -0.449037 -0.750081

 0.087791 -0.441353 -0.750081

 0.032702 -0.498929 -0.750081

 0.097545 -0.490393 -0.750081

 0.054102 -0.547333 -0.750081

 0.071789 -0.545295 -0.750081

 0.089402 -0.542685 -0.750081

 0.116469 -0.434667 -0.750081

 0.144648 -0.426119 -0.750081

 0.172208 -0.415746 -0.750081

 0.199030 -0.403593 -0.750081

 0.225000 -0.389711 -0.750081

 0.250007 -0.374161 -0.750081

 0.296706 -0.338328 -0.750081

 0.277785 -0.415735 -0.750081

 0.329673 -0.375920 -0.750081

 0.320520 -0.446953 -0.750081

 0.334819 -0.436344 -0.750081

 0.348767 -0.425278 -0.750081

 0.318198 -0.318198 -0.750081

 0.338328 -0.296706 -0.750081

 0.357009 -0.273943 -0.750081

 0.374161 -0.250007 -0.750081

 0.389711 -0.225000 -0.750081

 0.403593 -0.199030 -0.750081

 0.426119 -0.144648 -0.750081

 0.448436 -0.221144 -0.750081

 0.473465 -0.160720 -0.750081

 0.501055 -0.226813 -0.750081

 0.508134 -0.210476 -0.750081

 0.514680 -0.193918 -0.750081

 0.434667 -0.116469 -0.750081

 0.441353 -0.087791 -0.750081

 0.446150 -0.058737 -0.750081

 0.449037 -0.029431 -0.750081

 0.450000 0.000000 -0.750081

 0.449037 0.029431 -0.750081

 0.441353 0.087791 -0.750081

 0.498929 0.032702 -0.750081

 0.490393 0.097545 -0.750081

 0.547333 0.054102 -0.750081

 0.545295 0.071789 -0.750081

 0.542685 0.089402 -0.750081

 0.434667 0.116469 -0.750081

 0.426119 0.144648 -0.750081

 0.415746 0.172208 -0.750081

 0.403593 0.199030 -0.750081

 0.389711 0.225000 -0.750081

 0.374161 0.250007 -0.750081

 0.338328 0.296706 -0.750081

 0.415735 0.277785 -0.750081

 0.375920 0.329673 -0.750081

 0.446953 0.320520 -0.750081

 0.436344 0.334819 -0.750081

 0.425278 0.348767 -0.750081

 0.318198 0.318198 -0.750081

 0.296706 0.338328 -0.750081

 0.273943 0.357009 -0.750081

 0.250007 0.374161 -0.750081

 0.225000 0.389711 -0.750081

 0.199030 0.403593 -0.750081

 0.144648 0.426119 -0.750081

 0.221144 0.448436 -0.750081

 0.160720 0.473465 -0.750081

 0.226813 0.501055 -0.750081

 0.210476 0.508134 -0.750081

 0.193918 0.514680 -0.750081

 0.116469 0.434667 -0.750081

 0.087791 0.441353 -0.750081

 0.058737 0.446150 -0.750081

 0.029431 0.449037 -0.750081

 -0.087791 0.441353 -0.650081

 -0.116469 0.434667 -0.650081

 -0.172208 0.415746 -0.650081

 -0.129410 0.482963 -0.650081

 -0.191342 0.461940 -0.650081

 -0.159841 0.526261 -0.650081

 -0.176792 0.520812 -0.650081

 -0.193557 0.514816 -0.650081

 -0.199030 0.403593 -0.650081

 -0.225000 0.389711 -0.650081

 -0.250007 0.374161 -0.650081

 -0.273943 0.357009 -0.650081

 -0.296706 0.338328 -0.650081

 -0.318198 0.318198 -0.650081

 -0.357009 0.273943 -0.650081

 -0.353553 0.353553 -0.650081

 -0.396677 0.304381 -0.650081

 -0.401557 0.375835 -0.650081

 -0.413512 0.362640 -0.650081

 -0.425033 0.349066 -0.650081

 -0.374161 0.250007 -0.650081

 -0.389711 0.225000 -0.650081

 -0.403593 0.199030 -0.650081

 -0.415746 0.172208 -0.650081

 -0.426119 0.144648 -0.650081

 -0.434667 0.116469 -0.650081

 -0.446150 0.058737 -0.650081

 -0.482963 0.129409 -0.650081

 -0.495722 0.065263 -0.650081

 -0.535676 0.124704 -0.650081

 -0.539432 0.107300 -0.650081

 -0.542622 0.089783 -0.650081

 -0.449037 0.029431 -0.650081

 -0.450000 -0.000000 -0.650081

 -0.449037 -0.029431 -0.650081

 -0.446150 -0.058737 -0.650081

 -0.441353 -0.087791 -0.650081

 -0.434667 -0.116469 -0.650081

 -0.415746 -0.172208 -0.650081

 -0.482963 -0.129410 -0.650081

 -0.461940 -0.191342 -0.650081

 -0.526261 -0.159841 -0.650081

 -0.520812 -0.176792 -0.650081

 -0.514816 -0.193557 -0.650081

 -0.403593 -0.199030 -0.650081

 -0.389711 -0.225000 -0.650081

 -0.374161 -0.250007 -0.650081

 -0.357009 -0.273943 -0.650081

 -0.338328 -0.296706 -0.650081

 -0.318198 -0.318198 -0.650081

 -0.273943 -0.357009 -0.650081

 -0.353553 -0.353553 -0.650081

 -0.304381 -0.396677 -0.650081

 -0.375835 -0.401557 -0.650081

 -0.362640 -0.413512 -0.650081

 -0.349066 -0.425033 -0.650081

 -0.250007 -0.374161 -0.650081

 -0.225000 -0.389711 -0.650081

 -0.199030 -0.403593 -0.650081

 -0.172208 -0.415746 -0.650081

 -0.144648 -0.426119 -0.650081

 -0.116469 -0.434667 -0.650081

 -0.058737 -0.446150 -0.650081

 -0.129409 -0.482963 -0.650081

 -0.065263 -0.495722 -0.650081

 -0.124704 -0.535676 -0.650081

 -0.107300 -0.539432 -0.650081

 -0.089783 -0.542622 -0.650081

 -0.029431 -0.449037 -0.650081

 0.000000 -0.450000 -0.650081

 0.029431 -0.449037 -0.650081

 0.058737 -0.446150 -0.650081

 0.087791 -0.441353 -0.650081

 0.116469 -0.434667 -0.650081

 0.172208 -0.415746 -0.650081

 0.129410 -0.482963 -0.650081

 0.191342 -0.461940 -0.650081

 0.159841 -0.526261 -0.650081

 0.176792 -0.520812 -0.650081

 0.193557 -0.514816 -0.650081

 0.199030 -0.403593 -0.650081

 0.225000 -0.389711 -0.650081

 0.250007 -0.374161 -0.650081

 0.273943 -0.357009 -0.650081

 0.296706 -0.338328 -0.650081

 0.318198 -0.318198 -0.650081

 0.357009 -0.273943 -0.650081

 0.353553 -0.353553 -0.650081

 0.396677 -0.304381 -0.650081

 0.401557 -0.375835 -0.650081

 0.413512 -0.362640 -0.650081

 0.425033 -0.349066 -0.650081

 0.374161 -0.250007 -0.650081

 0.389711 -0.225000 -0.650081

 0.403593 -0.199030 -0.650081

 0.415746 -0.172208 -0.650081

 0.426119 -0.144648 -0.650081

 0.434667 -0.116469 -0.650081

 0.446150 -0.058737 -0.650081

 0.482963 -0.129409 -0.650081

 0.495722 -0.065263 -0.650081

 0.535676 -0.124704 -0.650081

 0.539432 -0.107300 -0.650081

 0.542622 -0.089783 -0.650081

 0.449037 -0.029431 -0.650081

 0.450000 0.000000 -0.650081

 0.449037 0.029431 -0.650081

 0.446150 0.058737 -0.650081

 0.441353 0.087791 -0.650081

 0.434667 0.116469 -0.650081

 0.415746 0.172208 -0.650081

 0.482963 0.129410 -0.650081

 0.461940 0.191342 -0.650081

 0.526261 0.159841 -0.650081

 0.520812 0.176792 -0.650081

 0.514816 0.193557 -0.650081

 0.403593 0.199030 -0.650081

 0.389711 0.225000 -0.650081

 0.374161 0.250007 -0.650081

 0.357009 0.273943 -0.650081

 0.338328 0.296706 -0.650081

 0.318198 0.318198 -0.650081

 0.273943 0.357009 -0.650081

 0.353553 0.353553 -0.650081

 0.304381 0.396677 -0.650081

 0.375835 0.401557 -0.650081

 0.362640 0.413512 -0.650081

 0.349066 0.425033 -0.650081

 0.250007 0.374161 -0.650081

 0.225000 0.389711 -0.650081

 0.199030 0.403593 -0.650081

 0.172208 0.415746 -0.650081

 0.144648 0.426119 -0.650081

 0.116469 0.434667 -0.650081

 0.058737 0.446150 -0.650081

 0.129409 0.482963 -0.650081

 0.065263 0.495722 -0.650081

 0.124704 0.535676 -0.650081

 0.107300 0.539432 -0.650081

 0.089783 0.542622 -0.650081

 0.029431 0.449037 -0.650081

 -0.000000 0.450000 -0.650081

 -0.029431 0.449037 -0.650081

 -0.058737 0.446150 -0.650081

 -0.172208 0.415746 -0.550081

 -0.199030 0.403593 -0.550081

 -0.250007 0.374161 -0.550081

 -0.221144 0.448436 -0.550081

 -0.277785 0.415735 -0.550081

 -0.259439 0.484966 -0.550081

 -0.275000 0.476314 -0.550081

 -0.290273 0.467163 -0.550081

 -0.273943 0.357009 -0.550081

 -0.296706 0.338328 -0.550081

 -0.318198 0.318198 -0.550081

 -0.338328 0.296706 -0.550081

 -0.357009 0.273943 -0.550081

 -0.374161 0.250007 -0.550081

 -0.403593 0.199030 -0.550081

 -0.415735 0.277785 -0.550081

 -0.448436 0.221144 -0.550081

 -0.467163 0.290273 -0.550081

 -0.476314 0.275000 -0.550081

 -0.484966 0.259439 -0.550081

 -0.415746 0.172208 -0.550081

 -0.426119 0.144648 -0.550081

 -0.434667 0.116469 -0.550081

 -0.441353 0.087791 -0.550081

 -0.446150 0.058737 -0.550081

 -0.449037 0.029431 -0.550081

 -0.449037 -0.029431 -0.550081

 -0.498929 0.032702 -0.550081

 -0.498929 -0.032702 -0.550081

 -0.549712 0.017802 -0.550081

 -0.550000 -0.000000 -0.550081

 -0.549712 -0.017802 -0.550081

 -0.446150 -0.058737 -0.550081

 -0.441353 -0.087791 -0.550081

 -0.434667 -0.116469 -0.550081

 -0.426119 -0.144648 -0.550081

 -0.415746 -0.172208 -0.550081

 -0.403593 -0.199030 -0.550081

 -0.374161 -0.250007 -0.550081

 -0.448436 -0.221144 -0.550081

 -0.415735 -0.277785 -0.550081

 -0.484966 -0.259439 -0.550081

 -0.476314 -0.275000 -0.550081

 -0.467163 -0.290273 -0.550081

 -0.357009 -0.273943 -0.550081

 -0.338328 -0.296706 -0.550081

 -0.318198 -0.318198 -0.550081

 -0.296706 -0.338328 -0.550081

 -0.273943 -0.357009 -0.550081

 -0.250007 -0.374161 -0.550081

 -0.199030 -0.403593 -0.550081

 -0.277785 -0.415735 -0.550081

 -0.221144 -0.448436 -0.550081

 -0.290273 -0.467163 -0.550081

 -0.275000 -0.476314 -0.550081

 -0.259439 -0.484966 -0.550081

 -0.172208 -0.415746 -0.550081

 -0.144648 -0.426119 -0.550081

 -0.116469 -0.434667 -0.550081

 -0.087791 -0.441353 -0.550081

 -0.058737 -0.446150 -0.550081

 -0.029431 -0.449037 -0.550081

 0.029431 -0.449037 -0.550081

 -0.032702 -0.498929 -0.550081

 0.032702 -0.498929 -0.550081

 -0.017802 -0.549712 -0.550081

 0.000000 -0.550000 -0.550081

 0.017802 -0.549712 -0.550081

 0.058737 -0.446150 -0.550081

 0.087791 -0.441353 -0.550081

 0.116469 -0.434667 -0.550081

 0.144648 -0.426119 -0.550081

 0.172208 -0.415746 -0.550081

 0.199030 -0.403593 -0.550081

 0.250007 -0.374161 -0.550081

 0.221144 -0.448436 -0.550081

 0.277785 -0.415735 -0.550081

 0.259439 -0.484966 -0.550081

 0.275000 -0.476314 -0.550081

 0.290273 -0.467163 -0.550081

 0.273943 -0.357009 -0.550081

 0.296706 -0.338328 -0.550081

 0.318198 -0.318198 -0.550081

 0.338328 -0.296706 -0.550081

 0.357009 -0.273943 -0.550081

 0.374161 -0.250007 -0.550081

 0.403593 -0.199030 -0.550081

 0.415735 -0.277785 -0.550081

 0.448436 -0.221144 -0.550081

 0.467163 -0.290273 -0.550081

 0.476314 -0.275000 -0.550081

 0.484966 -0.259439 -0.550081

 0.415746 -0.172208 -0.550081

 0.426119 -0.144648 -0.550081

 0.434667 -0.116469 -0.550081

 0.441353 -0.087791 -0.550081

 0.446150 -0.058737 -0.550081

 0.449037 -0.029431 -0.550081

 0.449037 0.029431 -0.550081

 0.498929 -0.032702 -0.550081

 0.498929 0.032702 -0.550081

 0.549712 -0.017802 -0.550081

 0.550000 0.000000 -0.550081

 0.549712 0.017802 -0.550081

 0.446150 0.058737 -0.550081

 0.441353 0.087791 -0.550081

 0.434667 0.116469 -0.550081

 0.426119 0.144648 -0.550081

 0.415746 0.172208 -0.550081

 0.403593 0.199030 -0.550081

 0.374161 0.250007 -0.550081

 0.448436 0.221144 -0.550081

 0.415735 0.277785 -0.550081

 0.484966 0.259439 -0.550081

 0.476314 0.275000 -0.550081

 0.467163 0.290273 -0.550081

 0.357009 0.273943 -0.550081

 0.338328 0.296706 -0.550081

 0.318198 0.318198 -0.550081

 0.296706 0.338328 -0.550081

 0.273943 0.357009 -0.550081

 0.250007 0.374161 -0.550081

 0.199030 0.403593 -0.550081

 0.277785 0.415735 -0.550081

 0.221144 0.448436 -0.550081

 0.290273 0.467163 -0.550081

 0.275000 0.476314 -0.550081

 0.259439 0.484966 -0.550081

 0.172208 0.415746 -0.550081

 0.144648 0.426119 -0.550081

 0.116469 0.434667 -0.550081

 0.087791 0.441353 -0.550081

 0.058737 0.446150 -0.550081

 0.029431 0.449037 -0.550081

 -0.029431 0.449037 -0.550081

 0.032702 0.498929 -0.550081

 -0.032702 0.498929 -0.550081

 0.017802 0.549712 -0.550081

 -0.000000 0.550000 -0.550081

 -0.017802 0.549712 -0.550081

 -0.058737 0.446150 -0.550081

 -0.087791 0.441353 -0.550081

 -0.116469 0.434667 -0.550081

 -0.144648 0.426119 -0.550081

 -0.250007 0.374161 -0.450081

 -0.273943 0.357009 -0.450081

 -0.318198 0.318198 -0.450081

 -0.304381 0.396677 -0.450081

 -0.353553 0.353553 -0.450081

 -0.349066 0.425033 -0.450081

 -0.362640 0.413512 -0.450081

 -0.375835 0.401557 -0.450081

 -0.338328 0.296706 -0.450081

 -0.357009 0.273943 -0.450081

 -0.374161 0.250007 -0.450081

 -0.389711 0.225000 -0.450081

 -0.403593 0.199030 -0.450081

 -0.415746 0.172208 -0.450081

 -0.434667 0.116469 -0.450081

 -0.461940 0.191342 -0.450081

 -0.482963 0.129409 -0.450081

 -0.514816 0.193557 -0.450081

 -0.520812 0.176792 -0.450081

 -0.526261 0.159841 -0.450081

 -0.441353 0.087791 -0.450081

 -0.446150 0.058737 -0.450081

 -0.449037 0.029431 -0.450081

 -0.450000 -0.000000 -0.450081

 -0.449037 -0.029431 -0.450081

 -0.446150 -0.058737 -0.450081

 -0.434667 -0.116469 -0.450081

 -0.495722 -0.065263 -0.450081

 -0.482963 -0.129410 -0.450081

 -0.542622 -0.089783 -0.450081

 -0.539432 -0.107300 -0.450081

 -0.535676 -0.124704 -0.450081

 -0.426119 -0.144648 -0.450081

 -0.415746 -0.172208 -0.450081

 -0.403593 -0.199030 -0.450081

 -0.389711 -0.225000 -0.450081

 -0.374161 -0.250007 -0.450081

 -0.357009 -0.273943 -0.450081

 -0.318198 -0.318198 -0.450081

 -0.396677 -0.304381 -0.450081

 -0.353553 -0.353553 -0.450081

 -0.425033 -0.349066 -0.450081

 -0.413512 -0.362640 -0.450081

 -0.401557 -0.375835 -0.450081

 -0.296706 -0.338328 -0.450081

 -0.273943 -0.357009 -0.450081

 -0.250007 -0.374161 -0.450081

 -0.225000 -0.389711 -0.450081

 -0.199030 -0.403593 -0.450081

 -0.172208 -0.415746 -0.450081

 -0.116469 -0.434667 -0.450081

 -0.191342 -0.461940 -0.450081

 -0.129409 -0.482963 -0.450081

 -0.193557 -0.514816 -0.450081

 -0.176792 -0.520812 -0.450081

 -0.159841 -0.526261 -0.450081

 -0.087791 -0.441353 -0.450081

 -0.058737 -0.446150 -0.450081

 -0.029431 -0.449037 -0.450081

 0.000000 -0.450000 -0.450081

 0.029431 -0.449037 -0.450081

 0.058737 -0.446150 -0.450081

 0.116469 -0.434667 -0.450081

 0.065263 -0.495722 -0.450081

 0.129410 -0.482963 -0.450081

 0.089783 -0.542622 -0.450081

 0.107300 -0.539432 -0.450081

 0.124704 -0.535676 -0.450081

 0.144648 -0.426119 -0.450081

 0.172208 -0.415746 -0.450081

 0.199030 -0.403593 -0.450081

 0.225000 -0.389711 -0.450081

 0.250007 -0.374161 -0.450081

 0.273943 -0.357009 -0.450081

 0.318198 -0.318198 -0.450081

 0.304381 -0.396677 -0.450081

 0.353553 -0.353553 -0.450081

 0.349066 -0.425033 -0.450081

 0.362640 -0.413512 -0.450081

 0.375835 -0.401557 -0.450081

 0.338328 -0.296706 -0.450081

 0.357009 -0.273943 -0.450081

 0.374161 -0.250007 -0.450081

 0.389711 -0.225000 -0.450081

 0.403593 -0.199030 -0.450081

 0.415746 -0.172208 -0.450081

 0.434667 -0.116469 -0.450081

 0.461940 -0.191342 -0.450081

 0.482963 -0.129409 -0.450081

 0.514816 -0.193557 -0.450081

 0.520812 -0.176792 -0.450081

 0.526261 -0.159841 -0.450081

 0.441353 -0.087791 -0.450081

 0.446150 -0.058737 -0.450081

 0.449037 -0.029431 -0.450081

 0.450000 0.000000 -0.450081

 0.449037 0.029431 -0.450081

 0.446150 0.058737 -0.450081

 0.434667 0.116469 -0.450081

 0.495722 0.065263 -0.450081

 0.482963 0.129410 -0.450081

 0.542622 0.089783 -0.450081

 0.539432 0.107300 -0.450081

 0.535676 0.124704 -0.450081

 0.426119 0.144648 -0.450081

 0.415746 0.172208 -0.450081

 0.403593 0.199030 -0.450081

 0.389711 0.225000 -0.450081

 0.374161 0.250007 -0.450081

 0.357009 0.273943 -0.450081

 0.318198 0.318198 -0.450081

 0.396677 0.304381 -0.450081

 0.353553 0.353553 -0.450081

 0.425033 0.349066 -0.450081

 0.413512 0.362640 -0.450081

 0.401557 0.375835 -0.450081

 0.296706 0.338328 -0.450081

 0.273943 0.357009 -0.450081

 0.250007 0.374161 -0.450081

 0.225000 0.389711 -0.450081

 0.199030 0.403593 -0.450081

 0.172208 0.415746 -0.450081

 0.116469 0.434667 -0.450081

 0.191342 0.461940 -0.450081

 0.129409 0.482963 -0.450081

 0.193557 0.514816 -0.450081

 0.176792 0.520812 -0.450081

 0.159841 0.526261 -0.450081

 0.087791 0.441353 -0.450081

 0.058737 0.446150 -0.450081

 0.029431 0.449037 -0.450081

 -0.000000 0.450000 -0.450081

 -0.029431 0.449037 -0.450081

 -0.058737 0.446150 -0.450081

 -0.116469 0.434667 -0.450081

 -0.065263 0.495722 -0.450081

 -0.129410 0.482963 -0.450081

 -0.089783 0.542622 -0.450081

 -0.107300 0.539432 -0.450081

 -0.124704 0.535676 -0.450081

 -0.144648 0.426119 -0.450081

 -0.172208 0.415746 -0.450081

 -0.199030 0.403593 -0.450081

 -0.225000 0.389711 -0.450081

 -0.318198 0.318198 -0.350081

 -0.338328 0.296706 -0.350081

 -0.374161 0.250007 -0.350081

 -0.375920 0.329673 -0.350081

 -0.415735 0.277785 -0.350081

 -0.425278 0.348767 -0.350081

 -0.436344 0.334819 -0.350081

 -0.446953 0.320520 -0.350081

 -0.389711 0.225000 -0.350081

 -0.403593 0.199030 -0.350081

 -0.415746 0.172208 -0.350081

 -0.426119 0.144648 -0.350081

 -0.434667 0.116469 -0.350081

 -0.441353 0.087791 -0.350081

 -0.449037 0.029431 -0.350081

 -0.490393 0.097545 -0.350081

 -0.498929 0.032702 -0.350081

 -0.542685 0.089402 -0.350081

 -0.545295 0.071789 -0.350081

 -0.547333 0.054102 -0.350081

 -0.450000 -0.000000 -0.350081

 -0.449037 -0.029431 -0.350081

 -0.446150 -0.058737 -0.350081

 -0.441353 -0.087791 -0.350081

 -0.434667 -0.116469 -0.350081

 -0.426119 -0.144648 -0.350081

 -0.403593 -0.199030 -0.350081

 -0.473465 -0.160720 -0.350081

 -0.448436 -0.221144 -0.350081

 -0.514680 -0.193918 -0.350081

 -0.508134 -0.210476 -0.350081

 -0.501055 -0.226813 -0.350081

 -0.389711 -0.225000 -0.350081

 -0.374161 -0.250007 -0.350081

 -0.357009 -0.273943 -0.350081

 -0.338328 -0.296706 -0.350081

 -0.318198 -0.318198 -0.350081

 -0.296706 -0.338328 -0.350081

 -0.250007 -0.374161 -0.350081

 -0.329673 -0.375920 -0.350081

 -0.277785 -0.415735 -0.350081

 -0.348767 -0.425278 -0.350081

 -0.334819 -0.436344 -0.350081

 -0.320520 -0.446953 -0.350081

 -0.225000 -0.389711 -0.350081

 -0.199030 -0.403593 -0.350081

 -0.172208 -0.415746 -0.350081

 -0.144648 -0.426119 -0.350081

 -0.116469 -0.434667 -0.350081

 -0.087791 -0.441353 -0.350081

 -0.029431 -0.449037 -0.350081

 -0.097545 -0.490393 -0.350081

 -0.032702 -0.498929 -0.350081

 -0.089402 -0.542685 -0.350081

 -0.071789 -0.545295 -0.350081

 -0.054102 -0.547333 -0.350081

 0.000000 -0.450000 -0.350081

 0.029431 -0.449037 -0.350081

 0.058737 -0.446150 -0.350081

 0.087791 -0.441353 -0.350081

 0.116469 -0.434667 -0.350081

 0.144648 -0.426119 -0.350081

 0.199030 -0.403593 -0.350081

 0.160720 -0.473465 -0.350081

 0.221144 -0.448436 -0.350081

 0.193918 -0.514680 -0.350081

 0.210476 -0.508134 -0.350081

 0.226813 -0.501055 -0.350081

 0.225000 -0.389711 -0.350081

 0.250007 -0.374161 -0.350081

 0.273943 -0.357009 -0.350081

 0.296706 -0.338328 -0.350081

 0.318198 -0.318198 -0.350081

 0.338328 -0.296706 -0.350081

 0.374161 -0.250007 -0.350081

 0.375920 -0.329673 -0.350081

 0.415735 -0.277785 -0.350081

 0.425278 -0.348767 -0.350081

 0.436344 -0.334819 -0.350081

 0.446953 -0.320520 -0.350081

 0.389711 -0.225000 -0.350081

 0.403593 -0.199030 -0.350081

 0.415746 -0.172208 -0.350081

 0.426119 -0.144648 -0.350081

 0.434667 -0.116469 -0.350081

 0.441353 -0.087791 -0.350081

 0.449037 -0.029431 -0.350081

 0.490393 -0.097545 -0.350081

 0.498929 -0.032702 -0.350081

 0.542685 -0.089402 -0.350081

 0.545295 -0.071789 -0.350081

 0.547333 -0.054102 -0.350081

 0.450000 0.000000 -0.350081

 0.449037 0.029431 -0.350081

 0.446150 0.058737 -0.350081

 0.441353 0.087791 -0.350081

 0.434667 0.116469 -0.350081

 0.426119 0.144648 -0.350081

 0.403593 0.199030 -0.350081

 0.473465 0.160720 -0.350081

 0.448436 0.221144 -0.350081

 0.514680 0.193918 -0.350081

 0.508134 0.210476 -0.350081

 0.501055 0.226813 -0.350081

 0.389711 0.225000 -0.350081

 0.374161 0.250007 -0.350081

 0.357009 0.273943 -0.350081

 0.338328 0.296706 -0.350081

 0.318198 0.318198 -0.350081

 0.296706 0.338328 -0.350081

 0.250007 0.374161 -0.350081

 0.329673 0.375920 -0.350081

 0.277785 0.415735 -0.350081

 0.348767 0.425278 -0.350081

 0.334819 0.436344 -0.350081

 0.320520 0.446953 -0.350081

 0.225000 0.389711 -0.350081

 0.199030 0.403593 -0.350081

 0.172208 0.415746 -0.350081

 0.144648 0.426119 -0.350081

 0.116469 0.434667 -0.350081

 0.087791 0.441353 -0.350081

 0.029431 0.449037 -0.350081

 0.097545 0.490393 -0.350081

 0.032702 0.498929 -0.350081

 0.089402 0.542685 -0.350081

 0.071789 0.545295 -0.350081

 0.054102 0.547333 -0.350081

 -0.000000 0.450000 -0.350081

 -0.029431 0.449037 -0.350081

 -0.058737 0.446150 -0.350081

 -0.087791 0.441353 -0.350081

 -0.116469 0.434667 -0.350081

 -0.144648 0.426119 -0.350081

 -0.199030 0.403593 -0.350081

 -0.160720 0.473465 -0.350081

 -0.221144 0.448436 -0.350081

 -0.193918 0.514680 -0.350081

 -0.210476 0.508134 -0.350081

 -0.226813 0.501055 -0.350081

 -0.225000 0.389711 -0.350081

 -0.250007 0.374161 -0.350081

 -0.273943 0.357009 -0.350081

 -0.296706 0.338328 -0.350081

 -0.374161 0.250007 -0.250081

 -0.389711 0.225000 -0.250081

 -0.415746 0.172208 -0.250081

 -0.433013 0.250000 -0.250081

 -0.461940 0.191342 -0.250081

 -0.485148 0.259098 -0.250081

 -0.493280 0.243259 -0.250081

 -0.500895 0.227165 -0.250081

 -0.426119 0.144648 -0.250081

 -0.434667 0.116469 -0.250081

 -0.441353 0.087791 -0.250081

 -0.446150 0.058737 -0.250081

 -0.449037 0.029431 -0.250081

 -0.450000 -0.000000 -0.250081

 -0.446150 -0.058737 -0.250081

 -0.500000 -0.000000 -0.250081

 -0.495722 -0.065263 -0.250081

 -0.549699 -0.018189 -0.250081

 -0.548822 -0.035972 -0.250081

 -0.547370 -0.053717 -0.250081

 -0.441353 -0.087791 -0.250081

 -0.434667 -0.116469 -0.250081

 -0.426119 -0.144648 -0.250081

 -0.415746 -0.172208 -0.250081

 -0.403593 -0.199030 -0.250081

 -0.389711 -0.225000 -0.250081

 -0.357009 -0.273943 -0.250081

 -0.433013 -0.250000 -0.250081

 -0.396677 -0.304381 -0.250081

 -0.466959 -0.290601 -0.250081

 -0.457308 -0.305564 -0.250081

 -0.447178 -0.320206 -0.250081

 -0.338328 -0.296706 -0.250081

 -0.318198 -0.318198 -0.250081

 -0.296706 -0.338328 -0.250081

 -0.273943 -0.357009 -0.250081

 -0.250007 -0.374161 -0.250081

 -0.225000 -0.389711 -0.250081

 -0.172208 -0.415746 -0.250081

 -0.250000 -0.433013 -0.250081

 -0.191342 -0.461940 -0.250081

 -0.259098 -0.485148 -0.250081

 -0.243259 -0.493280 -0.250081

 -0.227165 -0.500895 -0.250081

 -0.144648 -0.426119 -0.250081

 -0.116469 -0.434667 -0.250081

 -0.087791 -0.441353 -0.250081

 -0.058737 -0.446150 -0.250081

 -0.029431 -0.449037 -0.250081

 0.000000 -0.450000 -0.250081

 0.058737 -0.446150 -0.250081

 0.000000 -0.500000 -0.250081

 0.065263 -0.495722 -0.250081

 0.018189 -0.549699 -0.250081

 0.035972 -0.548822 -0.250081

 0.053717 -0.547370 -0.250081

 0.087791 -0.441353 -0.250081

 0.116469 -0.434667 -0.250081

 0.144648 -0.426119 -0.250081

 0.172208 -0.415746 -0.250081

 0.199030 -0.403593 -0.250081

 0.225000 -0.389711 -0.250081

 0.273943 -0.357009 -0.250081

 0.250000 -0.433013 -0.250081

 0.304381 -0.396677 -0.250081

 0.290601 -0.466959 -0.250081

 0.305564 -0.457308 -0.250081

 0.320206 -0.447178 -0.250081

 0.296706 -0.338328 -0.250081

 0.318198 -0.318198 -0.250081

 0.338328 -0.296706 -0.250081

 0.357009 -0.273943 -0.250081

 0.374161 -0.250007 -0.250081

 0.389711 -0.225000 -0.250081

 0.415746 -0.172208 -0.250081

 0.433013 -0.250000 -0.250081

 0.461940 -0.191342 -0.250081

 0.485148 -0.259098 -0.250081

 0.493280 -0.243259 -0.250081

 0.500895 -0.227165 -0.250081

 0.426119 -0.144648 -0.250081

 0.434667 -0.116469 -0.250081

 0.441353 -0.087791 -0.250081

 0.446150 -0.058737 -0.250081

 0.449037 -0.029431 -0.250081

 0.450000 0.000000 -0.250081

 0.446150 0.058737 -0.250081

 0.500000 0.000000 -0.250081

 0.495722 0.065263 -0.250081

 0.549699 0.018189 -0.250081

 0.548822 0.035972 -0.250081

 0.547370 0.053717 -0.250081

 0.441353 0.087791 -0.250081

 0.434667 0.116469 -0.250081

 0.426119 0.144648 -0.250081

 0.415746 0.172208 -0.250081

 0.403593 0.199030 -0.250081

 0.389711 0.225000 -0.250081

 0.357009 0.273943 -0.250081

 0.433013 0.250000 -0.250081

 0.396677 0.304381 -0.250081

 0.466959 0.290601 -0.250081

 0.457308 0.305564 -0.250081

 0.447178 0.320206 -0.250081

 0.338328 0.296706 -0.250081

 0.318198 0.318198 -0.250081

 0.296706 0.338328 -0.250081

 0.273943 0.357009 -0.250081

 0.250007 0.374161 -0.250081

 0.225000 0.389711 -0.250081

 0.172208 0.415746 -0.250081

 0.250000 0.433013 -0.250081

 0.191342 0.461940 -0.250081

 0.259098 0.485148 -0.250081

 0.243259 0.493280 -0.250081

 0.227165 0.500895 -0.250081

 0.144648 0.426119 -0.250081

 0.116469 0.434667 -0.250081

 0.087791 0.441353 -0.250081

 0.058737 0.446150 -0.250081

 0.029431 0.449037 -0.250081

 -0.000000 0.450000 -0.250081

 -0.058737 0.446150 -0.250081

 -0.000000 0.500000 -0.250081

 -0.065263 0.495722 -0.250081

 -0.018189 0.549699 -0.250081

 -0.035972 0.548822 -0.250081

 -0.053717 0.547370 -0.250081

 -0.087791 0.441353 -0.250081

 -0.116469 0.434667 -0.250081

 -0.144648 0.426119 -0.250081

 -0.172208 0.415746 -0.250081

 -0.199030 0.403593 -0.250081

 -0.225000 0.389711 -0.250081

 -0.273943 0.357009 -0.250081

 -0.250000 0.433013 -0.250081

 -0.304381 0.396677 -0.250081

 -0.290601 0.466959 -0.250081

 -0.305564 0.457308 -0.250081

 -0.320206 0.447178 -0.250081

 -0.296706 0.338328 -0.250081

 -0.318198 0.318198 -0.250081

 -0.338328 0.296706 -0.250081

 -0.357009 0.273943 -0.250081

 -0.415746 0.172208 -0.150081

 -0.426119 0.144648 -0.150081

 -0.441353 0.087791 -0.150081

 -0.473465 0.160720 -0.150081

 -0.490393 0.097545 -0.150081

 -0.526373 0.159472 -0.150081

 -0.531259 0.142350 -0.150081

 -0.535588 0.125080 -0.150081

 -0.446150 0.058737 -0.150081

 -0.449037 0.029431 -0.150081

 -0.450000 -0.000000 -0.150081

 -0.449037 -0.029431 -0.150081

 -0.446150 -0.058737 -0.150081

 -0.441353 -0.087791 -0.150081

 -0.426119 -0.144648 -0.150081

 -0.490393 -0.097545 -0.150081

 -0.473465 -0.160720 -0.150081

 -0.535588 -0.125080 -0.150081

 -0.531259 -0.142351 -0.150081

 -0.526373 -0.159472 -0.150081

 -0.415746 -0.172208 -0.150081

 -0.403593 -0.199030 -0.150081

 -0.389711 -0.225000 -0.150081

 -0.374161 -0.250007 -0.150081

 -0.357009 -0.273943 -0.150081

 -0.338328 -0.296706 -0.150081

 -0.296706 -0.338328 -0.150081

 -0.375920 -0.329673 -0.150081

 -0.329673 -0.375920 -0.150081

 -0.401293 -0.376117 -0.150081

 -0.388909 -0.388909 -0.150081

 -0.376117 -0.401293 -0.150081

 -0.273943 -0.357009 -0.150081

 -0.250007 -0.374161 -0.150081

 -0.225000 -0.389711 -0.150081

 -0.199030 -0.403593 -0.150081

 -0.172208 -0.415746 -0.150081

 -0.144648 -0.426119 -0.150081

 -0.087791 -0.441353 -0.150081

 -0.160720 -0.473465 -0.150081

 -0.097545 -0.490393 -0.150081

 -0.159472 -0.526373 -0.150081

 -0.142350 -0.531259 -0.150081

 -0.125080 -0.535588 -0.150081

 -0.058737 -0.446150 -0.150081

 -0.029431 -0.449037 -0.150081

 0.000000 -0.450000 -0.150081

 0.029431 -0.449037 -0.150081

 0.058737 -0.446150 -0.150081

 0.087791 -0.441353 -0.150081

 0.144648 -0.426119 -0.150081

 0.097545 -0.490393 -0.150081

 0.160720 -0.473465 -0.150081

 0.125080 -0.535588 -0.150081

 0.142351 -0.531259 -0.150081

 0.159472 -0.526373 -0.150081

 0.172208 -0.415746 -0.150081

 0.199030 -0.403593 -0.150081

 0.225000 -0.389711 -0.150081

 0.250007 -0.374161 -0.150081

 0.273943 -0.357009 -0.150081

 0.296706 -0.338328 -0.150081

 0.338328 -0.296706 -0.150081

 0.329673 -0.375920 -0.150081

 0.375920 -0.329673 -0.150081

 0.376117 -0.401293 -0.150081

 0.388909 -0.388909 -0.150081

 0.401293 -0.376117 -0.150081

 0.357009 -0.273943 -0.150081

 0.374161 -0.250007 -0.150081

 0.389711 -0.225000 -0.150081

 0.403593 -0.199030 -0.150081

 0.415746 -0.172208 -0.150081

 0.426119 -0.144648 -0.150081

 0.441353 -0.087791 -0.150081

 0.473465 -0.160720 -0.150081

 0.490393 -0.097545 -0.150081

 0.526373 -0.159472 -0.150081

 0.531259 -0.142350 -0.150081

 0.535588 -0.125080 -0.150081

 0.446150 -0.058737 -0.150081

 0.449037 -0.029431 -0.150081

 0.450000 0.000000 -0.150081

 0.449037 0.029431 -0.150081

 0.446150 0.058737 -0.150081

 0.441353 0.087791 -0.150081

 0.426119 0.144648 -0.150081

 0.490393 0.097545 -0.150081

 0.473465 0.160720 -0.150081

 0.535588 0.125080 -0.150081

 0.531259 0.142351 -0.150081

 0.526373 0.159472 -0.150081

 0.415746 0.172208 -0.150081

 0.403593 0.199030 -0.150081

 0.389711 0.225000 -0.150081

 0.374161 0.250007 -0.150081

 0.357009 0.273943 -0.150081

 0.338328 0.296706 -0.150081

 0.296706 0.338328 -0.150081

 0.375920 0.329673 -0.150081

 0.329673 0.375920 -0.150081

 0.401293 0.376117 -0.150081

 0.388909 0.388909 -0.150081

 0.376117 0.401293 -0.150081

 0.273943 0.357009 -0.150081

 0.250007 0.374161 -0.150081

 0.225000 0.389711 -0.150081

 0.199030 0.403593 -0.150081

 0.172208 0.415746 -0.150081

 0.144648 0.426119 -0.150081

 0.087791 0.441353 -0.150081

 0.160720 0.473465 -0.150081

 0.097545 0.490393 -0.150081

 0.159472 0.526373 -0.150081

 0.142350 0.531259 -0.150081

 0.125080 0.535588 -0.150081

 0.058737 0.446150 -0.150081

 0.029431 0.449037 -0.150081

 -0.000000 0.450000 -0.150081

 -0.029431 0.449037 -0.150081

 -0.058737 0.446150 -0.150081

 -0.087791 0.441353 -0.150081

 -0.144648 0.426119 -0.150081

 -0.097545 0.490393 -0.150081

 -0.160720 0.473465 -0.150081

 -0.125080 0.535588 -0.150081

 -0.142351 0.531259 -0.150081

 -0.159472 0.526373 -0.150081

 -0.172208 0.415746 -0.150081

 -0.199030 0.403593 -0.150081

 -0.225000 0.389711 -0.150081

 -0.250007 0.374161 -0.150081

 -0.273943 0.357009 -0.150081

 -0.296706 0.338328 -0.150081

 -0.338328 0.296706 -0.150081

 -0.329673 0.375920 -0.150081

 -0.375920 0.329673 -0.150081

 -0.376117 0.401293 -0.150081

 -0.388909 0.388909 -0.150081

 -0.401293 0.376117 -0.150081

 -0.357009 0.273943 -0.150081

 -0.374161 0.250007 -0.150081

 -0.389711 0.225000 -0.150081

 -0.403593 0.199030 -0.150081

 -0.441353 0.087791 -0.050081

 -0.446150 0.058737 -0.050081

 -0.450000 -0.000000 -0.050081

 -0.495722 0.065263 -0.050081

 -0.500000 -0.000000 -0.050081

 -0.547370 0.053717 -0.050081

 -0.548822 0.035972 -0.050081

 -0.549699 0.018189 -0.050081

 -0.449037 -0.029431 -0.050081

 -0.446150 -0.058737 -0.050081

 -0.441353 -0.087791 -0.050081

 -0.434667 -0.116469 -0.050081

 -0.426119 -0.144648 -0.050081

 -0.415746 -0.172208 -0.050081

 -0.389711 -0.225000 -0.050081

 -0.461940 -0.191342 -0.050081

 -0.433013 -0.250000 -0.050081

 -0.500895 -0.227165 -0.050081

 -0.493280 -0.243259 -0.050081

 -0.485148 -0.259098 -0.050081

 -0.374161 -0.250007 -0.050081

 -0.357009 -0.273943 -0.050081

 -0.338328 -0.296706 -0.050081

 -0.318198 -0.318198 -0.050081

 -0.296706 -0.338328 -0.050081

 -0.273943 -0.357009 -0.050081

 -0.225000 -0.389711 -0.050081

 -0.304381 -0.396677 -0.050081

 -0.250000 -0.433013 -0.050081

 -0.320206 -0.447178 -0.050081

 -0.305564 -0.457308 -0.050081

 -0.290601 -0.466959 -0.050081

 -0.199030 -0.403593 -0.050081

 -0.172208 -0.415746 -0.050081

 -0.144648 -0.426119 -0.050081

 -0.116469 -0.434667 -0.050081

 -0.087791 -0.441353 -0.050081

 -0.058737 -0.446150 -0.050081

 0.000000 -0.450000 -0.050081

 -0.065263 -0.495722 -0.050081

 0.000000 -0.500000 -0.050081

 -0.053717 -0.547370 -0.050081

 -0.035972 -0.548822 -0.050081

 -0.018189 -0.549699 -0.050081

 0.029431 -0.449037 -0.050081

 0.058737 -0.446150 -0.050081

 0.087791 -0.441353 -0.050081

 0.116469 -0.434667 -0.050081

 0.144648 -0.426119 -0.050081

 0.172208 -0.415746 -0.050081

 0.225000 -0.389711 -0.050081

 0.191342 -0.461940 -0.050081

 0.250000 -0.433013 -0.050081

 0.227165 -0.500895 -0.050081

 0.243259 -0.493280 -0.050081

 0.259098 -0.485148 -0.050081

 0.250007 -0.374161 -0.050081

 0.273943 -0.357009 -0.050081

 0.296706 -0.338328 -0.050081

 0.318198 -0.318198 -0.050081

 0.338328 -0.296706 -0.050081

 0.357009 -0.273943 -0.050081

 0.389711 -0.225000 -0.050081

 0.396677 -0.304381 -0.050081

 0.433013 -0.250000 -0.050081

 0.447178 -0.320206 -0.050081

 0.457308 -0.305564 -0.050081

 0.466959 -0.290601 -0.050081

 0.403593 -0.199030 -0.050081

 0.415746 -0.172208 -0.050081

 0.426119 -0.144648 -0.050081

 0.434667 -0.116469 -0.050081

 0.441353 -0.087791 -0.050081

 0.446150 -0.058737 -0.050081

 0.450000 0.000000 -0.050081

 0.495722 -0.065263 -0.050081

 0.500000 0.000000 -0.050081

 0.547370 -0.053717 -0.050081

 0.548822 -0.035972 -0.050081

 0.549699 -0.018189 -0.050081

 0.449037 0.029431 -0.050081

 0.446150 0.058737 -0.050081

 0.441353 0.087791 -0.050081

 0.434667 0.116469 -0.050081

 0.426119 0.144648 -0.050081

 0.415746 0.172208 -0.050081

 0.389711 0.225000 -0.050081

 0.461940 0.191342 -0.050081

 0.433013 0.250000 -0.050081

 0.500895 0.227165 -0.050081

 0.493280 0.243259 -0.050081

 0.485148 0.259098 -0.050081

 0.374161 0.250007 -0.050081

 0.357009 0.273943 -0.050081

 0.338328 0.296706 -0.050081

 0.318198 0.318198 -0.050081

 0.296706 0.338328 -0.050081

 0.273943 0.357009 -0.050081

 0.225000 0.389711 -0.050081

 0.304381 0.396677 -0.050081

 0.250000 0.433013 -0.050081

 0.320206 0.447178 -0.050081

 0.305564 0.457308 -0.050081

 0.290601 0.466959 -0.050081

 0.199030 0.403593 -0.050081

 0.172208 0.415746 -0.050081

 0.144648 0.426119 -0.050081

 0.116469 0.434667 -0.050081

 0.087791 0.441353 -0.050081

 0.058737 0.446150 -0.050081

 -0.000000 0.450000 -0.050081

 0.065263 0.495722 -0.050081

 -0.000000 0.500000 -0.050081

 0.053717 0.547370 -0.050081

 0.035972 0.548822 -0.050081

 0.018189 0.549699 -0.050081

 -0.029431 0.449037 -0.050081

 -0.058737 0.446150 -0.050081

 -0.087791 0.441353 -0.050081

 -0.116469 0.434667 -0.050081

 -0.144648 0.426119 -0.050081

 -0.172208 0.415746 -0.050081

 -0.225000 0.389711 -0.050081

 -0.191342 0.461940 -0.050081

 -0.250000 0.433013 -0.050081

 -0.227165 0.500895 -0.050081

 -0.243259 0.493280 -0.050081

 -0.259098 0.485148 -0.050081

 -0.250007 0.374161 -0.050081

 -0.273943 0.357009 -0.050081

 -0.296706 0.338328 -0.050081

 -0.318198 0.318198 -0.050081

 -0.338328 0.296706 -0.050081

 -0.357009 0.273943 -0.050081

 -0.389711 0.225000 -0.050081

 -0.396677 0.304381 -0.050081

 -0.433013 0.250000 -0.050081

 -0.447178 0.320206 -0.050081

 -0.457308 0.305564 -0.050081

 -0.466959 0.290601 -0.050081

 -0.403593 0.199030 -0.050081

 -0.415746 0.172208 -0.050081

 -0.426119 0.144648 -0.050081

 -0.434667 0.116469 -0.050081

 -0.450000 -0.000000 0.049919

 -0.449037 -0.029431 0.049919

 -0.441353 -0.087791 0.049919

 -0.498929 -0.032702 0.049919

 -0.490393 -0.097545 0.049919

 -0.547333 -0.054102 0.049919

 -0.545295 -0.071789 0.049919

 -0.542685 -0.089402 0.049919

 -0.434667 -0.116469 0.049919

 -0.426119 -0.144648 0.049919

 -0.415746 -0.172208 0.049919

 -0.403593 -0.199030 0.049919

 -0.389711 -0.225000 0.049919

 -0.374161 -0.250007 0.049919

 -0.338328 -0.296706 0.049919

 -0.415735 -0.277785 0.049919

 -0.375920 -0.329673 0.049919

 -0.446953 -0.320520 0.049919

 -0.436344 -0.334819 0.049919

 -0.425278 -0.348767 0.049919

 -0.318198 -0.318198 0.049919

 -0.296706 -0.338328 0.049919

 -0.273943 -0.357009 0.049919

 -0.250007 -0.374161 0.049919

 -0.225000 -0.389711 0.049919

 -0.199030 -0.403593 0.049919

 -0.144648 -0.426119 0.049919

 -0.221144 -0.448436 0.049919

 -0.160720 -0.473465 0.049919

 -0.226813 -0.501055 0.049919

 -0.210476 -0.508134 0.049919

 -0.193918 -0.514680 0.049919

 -0.116469 -0.434667 0.049919

 -0.087791 -0.441353 0.049919

 -0.058737 -0.446150 0.049919

 -0.029431 -0.449037 0.049919

 0.000000 -0.450000 0.049919

 0.029431 -0.449037 0.049919

 0.087791 -0.441353 0.049919

 0.032702 -0.498929 0.049919

 0.097545 -0.490393 0.049919

 0.054102 -0.547333 0.049919

 0.071789 -0.545295 0.049919

 0.089402 -0.542685 0.049919

 0.116469 -0.434667 0.049919

 0.144648 -0.426119 0.049919

 0.172208 -0.415746 0.049919

 0.199030 -0.403593 0.049919

 0.225000 -0.389711 0.049919

 0.250007 -0.374161 0.049919

 0.296706 -0.338328 0.049919

 0.277785 -0.415735 0.049919

 0.329673 -0.375920 0.049919

 0.320520 -0.446953 0.049919

 0.334819 -0.436344 0.049919

 0.348767 -0.425278 0.049919

 0.318198 -0.318198 0.049919

 0.338328 -0.296706 0.049919

 0.357009 -0.273943 0.049919

 0.374161 -0.250007 0.049919

 0.389711 -0.225000 0.049919

 0.403593 -0.199030 0.049919

 0.426119 -0.144648 0.049919

 0.448436 -0.221144 0.049919

 0.473465 -0.160720 0.049919

 0.501055 -0.226813 0.049919

 0.508134 -0.210476 0.049919

 0.514680 -0.193918 0.049919

 0.434667 -0.116469 0.049919

 0.441353 -0.087791 0.049919

 0.446150 -0.058737 0.049919

 0.449037 -0.029431 0.049919

 0.450000 0.000000 0.049919

 0.449037 0.029431 0.049919

 0.441353 0.087791 0.049919

 0.498929 0.032702 0.049919

 0.490393 0.097545 0.049919

 0.547333 0.054102 0.049919

 0.545295 0.071789 0.049919

 0.542685 0.089402 0.049919

 0.434667 0.116469 0.049919

 0.426119 0.144648 0.049919

 0.415746 0.172208 0.049919

 0.403593 0.199030 0.049919

 0.389711 0.225000 0.049919

 0.374161 0.250007 0.049919

 0.338328 0.296706 0.049919

 0.415735 0.277785 0.049919

 0.375920 0.329673 0.049919

 0.446953 0.320520 0.049919

 0.436344 0.334819 0.049919

 0.425278 0.348767 0.049919

 0.318198 0.318198 0.049919

 0.296706 0.338328 0.049919

 0.273943 0.357009 0.049919

 0.250007 0.374161 0.049919

 0.225000 0.389711 0.049919

 0.199030 0.403593 0.049919

 0.144648 0.426119 0.049919

 0.221144 0.448436 0.049919

 0.160720 0.473465 0.049919

 0.226813 0.501055 0.049919

 0.210476 0.508134 0.049919

 0.193918 0.514680 0.049919

 0.116469 0.434667 0.049919

 0.087791 0.441353 0.049919

 0.058737 0.446150 0.049919

 0.029431 0.449037 0.049919

 -0.000000 0.450000 0.049919

 -0.029431 0.449037 0.049919

 -0.087791 0.441353 0.049919

 -0.032702 0.498929 0.049919

 -0.097545 0.490393 0.049919

 -0.054102 0.547333 0.049919

 -0.071789 0.545295 0.049919

 -0.089402 0.542685 0.049919

 -0.116469 0.434667 0.049919

 -0.144648 0.426119 0.049919

 -0.172208 0.415746 0.049919

 -0.199030 0.403593 0.049919

 -0.225000 0.389711 0.049919

 -0.250007 0.374161 0.049919

 -0.296706 0.338328 0.049919

 -0.277785 0.415735 0.049919

 -0.329673 0.375920 0.049919

 -0.320520 0.446953 0.049919

 -0.334819 0.436344 0.049919

 -0.348767 0.425278 0.049919

 -0.318198 0.318198 0.049919

 -0.338328 0.296706 0.049919

 -0.357009 0.273943 0.049919

 -0.374161 0.250007 0.049919

 -0.389711 0.225000 0.049919

 -0.403593 0.199030 0.049919

 -0.426119 0.144648 0.049919

 -0.448436 0.221144 0.049919

 -0.473465 0.160720 0.049919

 -0.501055 0.226813 0.049919

 -0.508134 0.210476 0.049919

 -0.514680 0.193918 0.049919

 -0.434667 0.116469 0.049919

 -0.441353 0.087791 0.049919

 -0.446150 0.058737 0.049919

 -0.449037 0.029431 0.049919

 -0.441353 -0.087791 0.149919

 -0.434667 -0.116469 0.149919

 -0.415746 -0.172208 0.149919

 -0.482963 -0.129410 0.149919

 -0.461940 -0.191342 0.149919

 -0.526261 -0.159841 0.149919

 -0.520812 -0.176792 0.149919

 -0.514816 -0.193557 0.149919

 -0.403593 -0.199030 0.149919

 -0.389711 -0.225000 0.149919

 -0.374161 -0.250007 0.149919

 -0.357009 -0.273943 0.149919

 -0.338328 -0.296706 0.149919

 -0.318198 -0.318198 0.149919

 -0.273943 -0.357009 0.149919

 -0.353553 -0.353553 0.149919

 -0.304381 -0.396677 0.149919

 -0.375835 -0.401557 0.149919

 -0.362640 -0.413512 0.149919

 -0.349066 -0.425033 0.149919

 -0.250007 -0.374161 0.149919

 -0.225000 -0.389711 0.149919

 -0.199030 -0.403593 0.149919

 -0.172208 -0.415746 0.149919

 -0.144648 -0.426119 0.149919

 -0.116469 -0.434667 0.149919

 -0.058737 -0.446150 0.149919

 -0.129409 -0.482963 0.149919

 -0.065263 -0.495722 0.149919

 -0.124704 -0.535676 0.149919

 -0.107300 -0.539432 0.149919

 -0.089783 -0.542622 0.149919

 -0.029431 -0.449037 0.149919

 0.000000 -0.450000 0.149919

 0.029431 -0.449037 0.149919

 0.058737 -0.446150 0.149919

 0.087791 -0.441353 0.149919

 0.116469 -0.434667 0.149919

 0.172208 -0.415746 0.149919

 0.129410 -0.482963 0.149919

 0.191342 -0.461940 0.149919

 0.159841 -0.526261 0.149919

 0.176792 -0.520812 0.149919

 0.193557 -0.514816 0.149919

 0.199030 -0.403593 0.149919

 0.225000 -0.389711 0.149919

 0.250007 -0.374161 0.149919

 0.273943 -0.357009 0.149919

 0.296706 -0.338328 0.149919

 0.318198 -0.318198 0.149919

 0.357009 -0.273943 0.149919

 0.353553 -0.353553 0.149919

 0.396677 -0.304381 0.149919

 0.401557 -0.375835 0.149919

 0.413512 -0.362640 0.149919

 0.425033 -0.349066 0.149919

 0.374161 -0.250007 0.149919

 0.389711 -0.225000 0.149919

 0.403593 -0.199030 0.149919

 0.415746 -0.172208 0.149919

 0.426119 -0.144648 0.149919

 0.434667 -0.116469 0.149919

 0.446150 -0.058737 0.149919

 0.482963 -0.129409 0.149919

 0.495722 -0.065263 0.149919

 0.535676 -0.124704 0.149919

 0.539432 -0.107300 0.149919

 0.542622 -0.089783 0.149919

 0.449037 -0.029431 0.149919

 0.450000 0.000000 0.149919

 0.449037 0.029431 0.149919

 0.446150 0.058737 0.149919

 0.441353 0.087791 0.149919

 0.434667 0.116469 0.149919

 0.415746 0.172208 0.149919

 0.482963 0.129410 0.149919

 0.461940 0.191342 0.149919

 0.526261 0.159841 0.149919

 0.520812 0.176792 0.149919

 0.514816 0.193557 0.149919

 0.403593 0.199030 0.149919

 0.389711 0.225000 0.149919

 0.374161 0.250007 0.149919

 0.357009 0.273943 0.149919

 0.338328 0.296706 0.149919

 0.318198 0.318198 0.149919

 0.273943 0.357009 0.149919

 0.353553 0.353553 0.149919

 0.304381 0.396677 0.149919

 0.375835 0.401557 0.149919

 0.362640 0.413512 0.149919

 0.349066 0.425033 0.149919

 0.250007 0.374161 0.149919

 0.225000 0.389711 0.149919

 0.199030 0.403593 0.149919

 0.172208 0.415746 0.149919

 0.144648 0.426119 0.149919

 0.116469 0.434667 0.149919

 0.058737 0.446150 0.149919

 0.129409 0.482963 0.149919

 0.065263 0.495722 0.149919

 0.124704 0.535676 0.149919

 0.107300 0.539432 0.149919

 0.089783 0.542622 0.149919

 0.029431 0.449037 0.149919

 -0.000000 0.450000 0.149919

 -0.029431 0.449037 0.149919

 -0.058737 0.446150 0.149919

 -0.087791 0.441353 0.149919

 -0.116469 0.434667 0.149919

 -0.172208 0.415746 0.149919

 -0.129410 0.482963 0.149919

 -0.191342 0.461940 0.149919

 -0.159841 0.526261 0.149919

 -0.176792 0.520812 0.149919

 -0.193557 0.514816 0.149919

 -0.199030 0.403593 0.149919

 -0.225000 0.389711 0.149919

 -0.250007 0.374161 0.149919

 -0.273943 0.357009 0.149919

 -0.296706 0.338328 0.149919

 -0.318198 0.318198 0.149919

 -0.357009 0.273943 0.149919

 -0.353553 0.353553 0.149919

 -0.396677 0.304381 0.149919

 -0.401557 0.375835 0.149919

 -0.413512 0.362640 0.149919

 -0.425033 0.349066 0.149919

 -0.374161 0.250007 0.149919

 -0.389711 0.225000 0.149919

 -0.403593 0.199030 0.149919

 -0.415746 0.172208 0.149919

 -0.426119 0.144648 0.149919

 -0.434667 0.116469 0.149919

 -0.446150 0.058737 0.149919

 -0.482963 0.129409 0.149919

 -0.495722 0.065263 0.149919

 -0.535676 0.124704 0.149919

 -0.539432 0.107300 0.149919

 -0.542622 0.089783 0.149919

 -0.449037 0.029431 0.149919

 -0.450000 -0.000000 0.149919

 -0.449037 -0.029431 0.149919

 -0.446150 -0.058737 0.149919

 -0.415746 -0.172208 0.249919

 -0.403593 -0.199030 0.249919

 -0.374161 -0.250007 0.249919

 -0.448436 -0.221144 0.249919

 -0.415735 -0.277785 0.249919

 -0.484966 -0.259439 0.249919

 -0.476314 -0.275000 0.249919

 -0.467163 -0.290273 0.249919

 -0.357009 -0.273943 0.249919

 -0.338328 -0.296706 0.249919

 -0.318198 -0.318198 0.249919

 -0.296706 -0.338328 0.249919

 -0.273943 -0.357009 0.249919

 -0.250007 -0.374161 0.249919

 -0.199030 -0.403593 0.249919

 -0.277785 -0.415735 0.249919

 -0.221144 -0.448436 0.249919

 -0.290273 -0.467163 0.249919

 -0.275000 -0.476314 0.249919

 -0.259438 -0.484966 0.249919

 -0.172208 -0.415746 0.249919

 -0.144648 -0.426119 0.249919

 -0.116469 -0.434667 0.249919

 -0.087791 -0.441353 0.249919

 -0.058737 -0.446150 0.249919

 -0.029431 -0.449037 0.249919

 0.029431 -0.449037 0.249919

 -0.032702 -0.498929 0.249919

 0.032702 -0.498929 0.249919

 -0.017802 -0.549712 0.249919

 0.000000 -0.550000 0.249919

 0.017802 -0.549712 0.249919

 0.058737 -0.446150 0.249919

 0.087791 -0.441353 0.249919

 0.116469 -0.434667 0.249919

 0.144648 -0.426119 0.249919

 0.172208 -0.415746 0.249919

 0.199030 -0.403593 0.249919

 0.250007 -0.374161 0.249919

 0.221144 -0.448436 0.249919

 0.277785 -0.415735 0.249919

 0.259439 -0.484966 0.249919

 0.275000 -0.476314 0.249919

 0.290273 -0.467163 0.249919

 0.273943 -0.357009 0.249919

 0.296706 -0.338328 0.249919

 0.318198 -0.318198 0.249919

 0.338328 -0.296706 0.249919

 0.357009 -0.273943 0.249919

 0.374161 -0.250007 0.249919

 0.403593 -0.199030 0.249919

 0.415735 -0.277785 0.249919

 0.448436 -0.221144 0.249919

 0.467163 -0.290273 0.249919

 0.476314 -0.275000 0.249919

 0.484966 -0.259438 0.249919

 0.415746 -0.172208 0.249919

 0.426119 -0.144648 0.249919

 0.434667 -0.116469 0.249919

 0.441353 -0.087791 0.249919

 0.446150 -0.058737 0.249919

 0.449037 -0.029431 0.249919

 0.449037 0.029431 0.249919

 0.498929 -0.032702 0.249919

 0.498929 0.032702 0.249919

 0.549712 -0.017802 0.249919

 0.550000 0.000000 0.249919

 0.549712 0.017802 0.249919

 0.446150 0.058737 0.249919

 0.441353 0.087791 0.249919

 0.434667 0.116469 0.249919

 0.426119 0.144648 0.249919

 0.415746 0.172208 0.249919

 0.403593 0.199030 0.249919

 0.374161 0.250007 0.249919

 0.448436 0.221144 0.249919

 0.415735 0.277785 0.249919

 0.484966 0.259439 0.249919

 0.476314 0.275000 0.249919

 0.467163 0.290273 0.249919

 0.357009 0.273943 0.249919

 0.338328 0.296706 0.249919

 0.318198 0.318198 0.249919

 0.296706 0.338328 0.249919

 0.273943 0.357009 0.249919

 0.250007 0.374161 0.249919

 0.199030 0.403593 0.249919

 0.277785 0.415735 0.249919

 0.221144 0.448436 0.249919

 0.290273 0.467163 0.249919

 0.275000 0.476314 0.249919

 0.259438 0.484966 0.249919

 0.172208 0.415746 0.249919

 0.144648 0.426119 0.249919

 0.116469 0.434667 0.249919

 0.087791 0.441353 0.249919

 0.058737 0.446150 0.249919

 0.029431 0.449037 0.249919

 -0.029431 0.449037 0.249919

 0.032702 0.498929 0.249919

 -0.032702 0.498929 0.249919

 0.017802 0.549712 0.249919

 -0.000000 0.550000 0.249919

 -0.017802 0.549712 0.249919

 -0.058737 0.446150 0.249919

 -0.087791 0.441353 0.249919

 -0.116469 0.434667 0.249919

 -0.144648 0.426119 0.249919

 -0.172208 0.415746 0.249919

 -0.199030 0.403593 0.249919

 -0.250007 0.374161 0.249919

 -0.221144 0.448436 0.249919

 -0.277785 0.415735 0.249919

 -0.259439 0.484966 0.249919

 -0.275000 0.476314 0.249919

 -0.290273 0.467163 0.249919

 -0.273943 0.357009 0.249919

 -0.296706 0.338328 0.249919

 -0.318198 0.318198 0.249919

 -0.338328 0.296706 0.249919

 -0.357009 0.273943 0.249919

 -0.374161 0.250007 0.249919

 -0.403593 0.199030 0.249919

 -0.415735 0.277785 0.249919

 -0.448436 0.221144 0.249919

 -0.467163 0.290273 0.249919

 -0.476314 0.275000 0.249919

 -0.484966 0.259438 0.249919

 -0.415746 0.172208 0.249919

 -0.426119 0.144648 0.249919

 -0.434667 0.116469 0.249919

 -0.441353 0.087791 0.249919

 -0.446150 0.058737 0.249919

 -0.449037 0.029431 0.249919

 -0.449037 -0.029431 0.249919

 -0.498929 0.032702 0.249919

 -0.498929 -0.032702 0.249919

 -0.549712 0.017802 0.249919

 -0.550000 -0.000000 0.249919

 -0.549712 -0.017802 0.249919

 -0.446150 -0.058737 0.249919

 -0.441353 -0.087791 0.249919

 -0.434667 -0.116469 0.249919

 -0.426119 -0.144648 0.249919

 -0.374161 -0.250007 0.349919

 -0.357009 -0.273943 0.349919

 -0.318198 -0.318198 0.349919

 -0.396677 -0.304381 0.349919

 -0.353553 -0.353553 0.349919

 -0.425033 -0.349066 0.349919

 -0.413512 -0.362640 0.349919

 -0.401557 -0.375835 0.349919

 -0.296706 -0.338328 0.349919

 -0.273943 -0.357009 0.349919

 -0.250007 -0.374161 0.349919

 -0.225000 -0.389711 0.349919

 -0.199030 -0.403593 0.349919

 -0.172208 -0.415746 0.349919

 -0.116469 -0.434667 0.349919

 -0.191342 -0.461940 0.349919

 -0.129409 -0.482963 0.349919

 -0.193557 -0.514816 0.349919

 -0.176792 -0.520812 0.349919

 -0.159841 -0.526261 0.349919

 -0.087791 -0.441353 0.349919

 -0.058737 -0.446150 0.349919

 -0.029431 -0.449037 0.349919

 0.000000 -0.450000 0.349919

 0.029431 -0.449037 0.349919

 0.058737 -0.446150 0.349919

 0.116469 -0.434667 0.349919

 0.065263 -0.495722 0.349919

 0.129410 -0.482963 0.349919

 0.089783 -0.542622 0.349919

 0.107300 -0.539432 0.349919

 0.124704 -0.535676 0.349919

 0.144648 -0.426119 0.349919

 0.172208 -0.415746 0.349919

 0.199030 -0.403593 0.349919

 0.225000 -0.389711 0.349919

 0.250007 -0.374161 0.349919

 0.273943 -0.357009 0.349919

 0.318198 -0.318198 0.349919

 0.304381 -0.396677 0.349919

 0.353553 -0.353553 0.349919

 0.349066 -0.425033 0.349919

 0.362640 -0.413512 0.349919

 0.375835 -0.401557 0.349919

 0.338328 -0.296706 0.349919

 0.357009 -0.273943 0.349919

 0.374161 -0.250007 0.349919

 0.389711 -0.225000 0.349919

 0.403593 -0.199030 0.349919

 0.415746 -0.172208 0.349919

 0.434667 -0.116469 0.349919

 0.461940 -0.191342 0.349919

 0.482963 -0.129409 0.349919

 0.514816 -0.193557 0.349919

 0.520812 -0.176792 0.349919

 0.526261 -0.159841 0.349919

 0.441353 -0.087791 0.349919

 0.446150 -0.058737 0.349919

 0.449037 -0.029431 0.349919

 0.450000 0.000000 0.349919

 0.449037 0.029431 0.349919

 0.446150 0.058737 0.349919

 0.434667 0.116469 0.349919

 0.495722 0.065263 0.349919

 0.482963 0.129410 0.349919

 0.542622 0.089783 0.349919

 0.539432 0.107300 0.349919

 0.535676 0.124704 0.349919

 0.426119 0.144648 0.349919

 0.415746 0.172208 0.349919

 0.403593 0.199030 0.349919

 0.389711 0.225000 0.349919

 0.374161 0.250007 0.349919

 0.357009 0.273943 0.349919

 0.318198 0.318198 0.349919

 0.396677 0.304381 0.349919

 0.353553 0.353553 0.349919

 0.425033 0.349066 0.349919

 0.413512 0.362640 0.349919

 0.401557 0.375835 0.349919

 0.296706 0.338328 0.349919

 0.273943 0.357009 0.349919

 0.250007 0.374161 0.349919

 0.225000 0.389711 0.349919

 0.199030 0.403593 0.349919

 0.172208 0.415746 0.349919

 0.116469 0.434667 0.349919

 0.191342 0.461940 0.349919

 0.129409 0.482963 0.349919

 0.193557 0.514816 0.349919

 0.176792 0.520812 0.349919

 0.159841 0.526261 0.349919

 0.087791 0.441353 0.349919

 0.058737 0.446150 0.349919

 0.029431 0.449037 0.349919

 -0.000000 0.450000 0.349919

 -0.029431 0.449037 0.349919

 -0.058737 0.446150 0.349919

 -0.116469 0.434667 0.349919

 -0.065263 0.495722 0.349919

 -0.129410 0.482963 0.349919

 -0.089783 0.542622 0.349919

 -0.107300 0.539432 0.349919

 -0.124704 0.535676 0.349919

 -0.144648 0.426119 0.349919

 -0.172208 0.415746 0.349919

 -0.199030 0.403593 0.349919

 -0.225000 0.389711 0.349919

 -0.250007 0.374161 0.349919

 -0.273943 0.357009 0.349919

 -0.318198 0.318198 0.349919

 -0.304381 0.396677 0.349919

 -0.353553 0.353553 0.349919

 -0.349066 0.425033 0.349919

 -0.362640 0.413512 0.349919

 -0.375835 0.401557 0.349919

 -0.338328 0.296706 0.349919

 -0.357009 0.273943 0.349919

 -0.374161 0.250007 0.349919

 -0.389711 0.225000 0.349919

 -0.403593 0.199030 0.349919

 -0.415746 0.172208 0.349919

 -0.434667 0.116469 0.349919

 -0.461940 0.191342 0.349919

 -0.482963 0.129409 0.349919

 -0.514816 0.193557 0.349919

 -0.520812 0.176792 0.349919

 -0.526261 0.159841 0.349919

 -0.441353 0.087791 0.349919

 -0.446150 0.058737 0.349919

 -0.449037 0.029431 0.349919

 -0.450000 -0.000000 0.349919

 -0.449037 -0.029431 0.349919

 -0.446150 -0.058737 0.349919

 -0.434667 -0.116469 0.349919

 -0.495722 -0.065263 0.349919

 -0.482963 -0.129410 0.349919

 -0.542622 -0.089783 0.349919

 -0.539432 -0.107300 0.349919

 -0.535676 -0.124704 0.349919

 -0.426119 -0.144648 0.349919

 -0.415746 -0.172208 0.349919

 -0.403593 -0.199030 0.349919

 -0.389711 -0.225000 0.349919

 -0.318198 -0.318198 0.449919

 -0.296706 -0.338328 0.449919

 -0.250007 -0.374161 0.449919

 -0.329673 -0.375920 0.449919

 -0.277785 -0.415735 0.449919

 -0.348767 -0.425278 0.449919

 -0.334819 -0.436344 0.449919

 -0.320520 -0.446953 0.449919

 -0.225000 -0.389711 0.449919

 -0.199030 -0.403593 0.449919

 -0.172208 -0.415746 0.449919

 -0.144648 -0.426119 0.449919

 -0.116469 -0.434667 0.449919

 -0.087791 -0.441353 0.449919

 -0.029431 -0.449037 0.449919

 -0.097545 -0.490393 0.449919

 -0.032702 -0.498929 0.449919

 -0.089402 -0.542685 0.449919

 -0.071789 -0.545295 0.449919

 -0.054102 -0.547333 0.449919

 0.000000 -0.450000 0.449919

 0.029431 -0.449037 0.449919

 0.058737 -0.446150 0.449919

 0.087791 -0.441353 0.449919

 0.116469 -0.434667 0.449919

 0.144648 -0.426119 0.449919

 0.199030 -0.403593 0.449919

 0.160720 -0.473465 0.449919

 0.221144 -0.448436 0.449919

 0.193918 -0.514680 0.449919

 0.210476 -0.508134 0.449919

 0.226813 -0.501055 0.449919

 0.225000 -0.389711 0.449919

 0.250007 -0.374161 0.449919

 0.273943 -0.357009 0.449919

 0.296706 -0.338328 0.449919

 0.318198 -0.318198 0.449919

 0.338328 -0.296706 0.449919

 0.374161 -0.250007 0.449919

 0.375920 -0.329673 0.449919

 0.415735 -0.277785 0.449919

 0.425278 -0.348767 0.449919

 0.436344 -0.334819 0.449919

 0.446953 -0.320520 0.449919

 0.389711 -0.225000 0.449919

 0.403593 -0.199030 0.449919

 0.415746 -0.172208 0.449919

 0.426119 -0.144648 0.449919

 0.434667 -0.116469 0.449919

 0.441353 -0.087791 0.449919

 0.449037 -0.029431 0.449919

 0.490393 -0.097545 0.449919

 0.498929 -0.032702 0.449919

 0.542685 -0.089402 0.449919

 0.545295 -0.071789 0.449919

 0.547333 -0.054102 0.449919

 0.450000 0.000000 0.449919

 0.449037 0.029431 0.449919

 0.446150 0.058737 0.449919

 0.441353 0.087791 0.449919

 0.434667 0.116469 0.449919

 0.426119 0.144648 0.449919

 0.403593 0.199030 0.449919

 0.473465 0.160720 0.449919

 0.448436 0.221144 0.449919

 0.514680 0.193918 0.449919

 0.508134 0.210476 0.449919

 0.501055 0.226813 0.449919

 0.389711 0.225000 0.449919

 0.374161 0.250007 0.449919

 0.357009 0.273943 0.449919

 0.338328 0.296706 0.449919

 0.318198 0.318198 0.449919

 0.296706 0.338328 0.449919

 0.250007 0.374161 0.449919

 0.329673 0.375920 0.449919

 0.277785 0.415735 0.449919

 0.348767 0.425278 0.449919

 0.334819 0.436344 0.449919

 0.320520 0.446953 0.449919

 0.225000 0.389711 0.449919

 0.199030 0.403593 0.449919

 0.172208 0.415746 0.449919

 0.144648 0.426119 0.449919

 0.116469 0.434667 0.449919

 0.087791 0.441353 0.449919

 0.029431 0.449037 0.449919

 0.097545 0.490393 0.449919

 0.032702 0.498929 0.449919

 0.089402 0.542685 0.449919

 0.071789 0.545295 0.449919

 0.054102 0.547333 0.449919

 -0.000000 0.450000 0.449919

 -0.029431 0.449037 0.449919

 -0.058737 0.446150 0.449919

 -0.087791 0.441353 0.449919

 -0.116469 0.434667 0.449919

 -0.144648 0.426119 0.449919

 -0.199030 0.403593 0.449919

 -0.160720 0.473465 0.449919

 -0.221144 0.448436 0.449919

 -0.193918 0.514680 0.449919

 -0.210476 0.508134 0.449919

 -0.226813 0.501055 0.449919

 -0.225000 0.389711 0.449919

 -0.250007 0.374161 0.449919

 -0.273943 0.357009 0.449919

 -0.296706 0.338328 0.449919

 -0.318198 0.318198 0.449919

 -0.338328 0.296706 0.449919

 -0.374161 0.250007 0.449919

 -0.375920 0.329673 0.449919

 -0.415735 0.277785 0.449919

 -0.425278 0.348767 0.449919

 -0.436344 0.334819 0.449919

 -0.446953 0.320520 0.449919

 -0.389711 0.225000 0.449919

 -0.403593 0.199030 0.449919

 -0.415746 0.172208 0.449919

 -0.426119 0.144648 0.449919

 -0.434667 0.116469 0.449919

 -0.441353 0.087791 0.449919

 -0.449037 0.029431 0.449919

 -0.490393 0.097545 0.449919

 -0.498929 0.032702 0.449919

 -0.542685 0.089402 0.449919

 -0.545295 0.071789 0.449919

 -0.547333 0.054102 0.449919

 -0.450000 -0.000000 0.449919

 -0.449037 -0.029431 0.449919

 -0.446150 -0.058737 0.449919

 -0.441353 -0.087791 0.449919

 -0.434667 -0.116469 0.449919

 -0.426119 -0.144648 0.449919

 -0.403593 -0.199030 0.449919

 -0.473465 -0.160720 0.449919

 -0.448436 -0.221144 0.449919

 -0.514680 -0.193918 0.449919

 -0.508134 -0.210476 0.449919

 -0.501055 -0.226813 0.449919

 -0.389711 -0.225000 0.449919

 -0.374161 -0.250007 0.449919

 -0.357009 -0.273943 0.449919

 -0.338328 -0.296706 0.449919

 -0.250007 -0.374161 0.549919

 -0.225000 -0.389711 0.549919

 -0.172207 -0.415746 0.549919

 -0.250000 -0.433013 0.549919

 -0.191342 -0.461940 0.549919

 -0.259098 -0.485148 0.549919

 -0.243259 -0.493280 0.549919

 -0.227165 -0.500895 0.549919

 -0.144648 -0.426119 0.549919

 -0.116469 -0.434667 0.549919

 -0.087791 -0.441353 0.549919

 -0.058737 -0.446150 0.549919

 -0.029431 -0.449037 0.549919

 0.000000 -0.450000 0.549919

 0.058737 -0.446150 0.549919

 0.000000 -0.500000 0.549919

 0.065263 -0.495722 0.549919

 0.018189 -0.549699 0.549919

 0.035972 -0.548822 0.549919

 0.053717 -0.547370 0.549919

 0.087791 -0.441353 0.549919

 0.116469 -0.434667 0.549919

 0.144648 -0.426119 0.549919

 0.172208 -0.415746 0.549919

 0.199030 -0.403593 0.549919

 0.225000 -0.389711 0.549919

 0.273943 -0.357009 0.549919

 0.250000 -0.433013 0.549919

 0.304381 -0.396677 0.549919

 0.290601 -0.466959 0.549919

 0.305564 -0.457308 0.549919

 0.320206 -0.447178 0.549919

 0.296706 -0.338328 0.549919

 0.318198 -0.318198 0.549919

 0.338328 -0.296706 0.549919

 0.357009 -0.273943 0.549919

 0.374161 -0.250007 0.549919

 0.389711 -0.225000 0.549919

 0.415746 -0.172207 0.549919

 0.433013 -0.250000 0.549919

 0.461940 -0.191342 0.549919

 0.485148 -0.259098 0.549919

 0.493280 -0.243259 0.549919

 0.500895 -0.227165 0.549919

 0.426119 -0.144648 0.549919

 0.434667 -0.116469 0.549919

 0.441353 -0.087791 0.549919

 0.446150 -0.058737 0.549919

 0.449037 -0.029431 0.549919

 0.450000 0.000000 0.549919

 0.446150 0.058737 0.549919

 0.500000 0.000000 0.549919

 0.495722 0.065263 0.549919

 0.549699 0.018189 0.549919

 0.548822 0.035972 0.549919

 0.547370 0.053717 0.549919

 0.441353 0.087791 0.549919

 0.434667 0.116469 0.549919

 0.426119 0.144648 0.549919

 0.415746 0.172208 0.549919

 0.403593 0.199030 0.549919

 0.389711 0.225000 0.549919

 0.357009 0.273943 0.549919

 0.433013 0.250000 0.549919

 0.396677 0.304381 0.549919

 0.466959 0.290601 0.549919

 0.457308 0.305564 0.549919

 0.447178 0.320206 0.549919

 0.338328 0.296706 0.549919

 0.318198 0.318198 0.549919

 0.296706 0.338328 0.549919

 0.273943 0.357009 0.549919

 0.250007 0.374161 0.549919

 0.225000 0.389711 0.549919

 0.172207 0.415746 0.549919

 0.250000 0.433013 0.549919

 0.191342 0.461940 0.549919

 0.259098 0.485148 0.549919

 0.243259 0.493280 0.549919

 0.227165 0.500895 0.549919

 0.144648 0.426119 0.549919

 0.116469 0.434667 0.549919

 0.087791 0.441353 0.549919

 0.058737 0.446150 0.549919

 0.029431 0.449037 0.549919

 -0.000000 0.450000 0.549919

 -0.058737 0.446150 0.549919

 -0.000000 0.500000 0.549919

 -0.065263 0.495722 0.549919

 -0.018189 0.549699 0.549919

 -0.035972 0.548822 0.549919

 -0.053717 0.547370 0.549919

 -0.087791 0.441353 0.549919

 -0.116469 0.434667 0.549919

 -0.144648 0.426119 0.549919

 -0.172208 0.415746 0.549919

 -0.199030 0.403593 0.549919

 -0.225000 0.389711 0.549919

 -0.273943 0.357009 0.549919

 -0.250000 0.433013 0.549919

 -0.304381 0.396677 0.549919

 -0.290601 0.466959 0.549919

 -0.305564 0.457308 0.549919

 -0.320206 0.447178 0.549919

 -0.296706 0.338328 0.549919

 -0.318198 0.318198 0.549919

 -0.338328 0.296706 0.549919

 -0.357009 0.273943 0.549919

 -0.374161 0.250007 0.549919

 -0.389711 0.225000 0.549919

 -0.415746 0.172207 0.549919

 -0.433013 0.250000 0.549919

 -0.461940 0.191342 0.549919

 -0.485148 0.259098 0.549919

 -0.493280 0.243259 0.549919

 -0.500895 0.227165 0.549919

 -0.426119 0.144648 0.549919

 -0.434667 0.116469 0.549919

 -0.441353 0.087791 0.549919

 -0.446150 0.058737 0.549919

 -0.449037 0.029431 0.549919

 -0.450000 -0.000000 0.549919

 -0.446150 -0.058737 0.549919

 -0.500000 -0.000000 0.549919

 -0.495722 -0.065263 0.549919

 -0.549699 -0.018189 0.549919

 -0.548822 -0.035972 0.549919

 -0.547370 -0.053717 0.549919

 -0.441353 -0.087791 0.549919

 -0.434667 -0.116469 0.549919

 -0.426119 -0.144648 0.549919

 -0.415746 -0.172208 0.549919

 -0.403593 -0.199030 0.549919

 -0.389711 -0.225000 0.549919

 -0.357009 -0.273943 0.549919

 -0.433013 -0.250000 0.549919

 -0.396677 -0.304381 0.549919

 -0.466959 -0.290601 0.549919

 -0.457308 -0.305564 0.549919

 -0.447178 -0.320206 0.549919

 -0.338328 -0.296706 0.549919

 -0.318198 -0.318198 0.549919

 -0.296706 -0.338328 0.549919

 -0.273943 -0.357009 0.549919

 -0.172207 -0.415746 0.649919

 -0.144648 -0.426119 0.649919

 -0.087791 -0.441353 0.649919

 -0.160720 -0.473465 0.649919

 -0.097545 -0.490393 0.649919

 -0.159472 -0.526373 0.649919

 -0.142350 -0.531259 0.649919

 -0.125080 -0.535588 0.649919

 -0.058737 -0.446150 0.649919

 -0.029431 -0.449037 0.649919

 0.000000 -0.450000 0.649919

 0.029431 -0.449037 0.649919

 0.058737 -0.446150 0.649919

 0.087791 -0.441353 0.649919

 0.144648 -0.426119 0.649919

 0.097545 -0.490393 0.649919

 0.160720 -0.473465 0.649919

 0.125080 -0.535588 0.649919

 0.142351 -0.531259 0.649919

 0.159472 -0.526373 0.649919

 0.172208 -0.415746 0.649919

 0.199030 -0.403593 0.649919

 0.225000 -0.389711 0.649919

 0.250007 -0.374161 0.649919

 0.273943 -0.357009 0.649919

 0.296706 -0.338328 0.649919

 0.338328 -0.296706 0.649919

 0.329673 -0.375920 0.649919

 0.375920 -0.329673 0.649919

 0.376117 -0.401293 0.649919

 0.388909 -0.388909 0.649919

 0.401293 -0.376117 0.649919

 0.357009 -0.273943 0.649919

 0.374161 -0.250007 0.649919

 0.389711 -0.225000 0.649919

 0.403593 -0.199030 0.649919

 0.415746 -0.172207 0.649919

 0.426119 -0.144648 0.649919

 0.441353 -0.087791 0.649919

 0.473465 -0.160720 0.649919

 0.490393 -0.097545 0.649919

 0.526373 -0.159472 0.649919

 0.531259 -0.142350 0.649919

 0.535588 -0.125080 0.649919

 0.446150 -0.058737 0.649919

 0.449037 -0.029431 0.649919

 0.450000 0.000000 0.649919

 0.449037 0.029431 0.649919

 0.446150 0.058737 0.649919

 0.441353 0.087791 0.649919

 0.426119 0.144648 0.649919

 0.490393 0.097545 0.649919

 0.473465 0.160720 0.649919

 0.535588 0.125080 0.649919

 0.531259 0.142351 0.649919

 0.526373 0.159472 0.649919

 0.415746 0.172208 0.649919

 0.403593 0.199030 0.649919

 0.389711 0.225000 0.649919

 0.374161 0.250007 0.649919

 0.357009 0.273943 0.649919

 0.338328 0.296706 0.649919

 0.296706 0.338328 0.649919

 0.375920 0.329673 0.649919

 0.329673 0.375920 0.649919

 0.401293 0.376117 0.649919

 0.388909 0.388909 0.649919

 0.376117 0.401293 0.649919

 0.273943 0.357009 0.649919

 0.250007 0.374161 0.649919

 0.225000 0.389711 0.649919

 0.199030 0.403593 0.649919

 0.172207 0.415746 0.649919

 0.144648 0.426119 0.649919

 0.087791 0.441353 0.649919

 0.160720 0.473465 0.649919

 0.097545 0.490393 0.649919

 0.159472 0.526373 0.649919

 0.142350 0.531259 0.649919

 0.125080 0.535588 0.649919

 0.058737 0.446150 0.649919

 0.029431 0.449037 0.649919

 -0.000000 0.450000 0.649919

 -0.029431 0.449037 0.649919

 -0.058737 0.446150 0.649919

 -0.087791 0.441353 0.649919

 -0.144648 0.426119 0.649919

 -0.097545 0.490393 0.649919

 -0.160720 0.473465 0.649919

 -0.125080 0.535588 0.649919

 -0.142351 0.531259 0.649919

 -0.159472 0.526373 0.649919

 -0.172208 0.415746 0.649919

 -0.199030 0.403593 0.649919

 -0.225000 0.389711 0.649919

 -0.250007 0.374161 0.649919

 -0.273943 0.357009 0.649919

 -0.296706 0.338328 0.649919

 -0.338328 0.296706 0.649919

 -0.329673 0.375920 0.649919

 -0.375920 0.329673 0.649919

 -0.376117 0.401293 0.649919

 -0.388909 0.388909 0.649919

 -0.401293 0.376117 0.649919

 -0.357009 0.273943 0.649919

 -0.374161 0.250007 0.649919

 -0.389711 0.225000 0.649919

 -0.403593 0.199030 0.649919

 -0.415746 0.172207 0.649919

 -0.426119 0.144648 0.649919

 -0.441353 0.087791 0.649919

 -0.473465 0.160720 0.649919

 -0.490393 0.097545 0.649919

 -0.526373 0.159472 0.649919

 -0.531259 0.142350 0.649919

 -0.535588 0.125080 0.649919

 -0.446150 0.058737 0.649919

 -0.449037 0.029431 0.649919

 -0.450000 -0.000000 0.649919

 -0.449037 -0.029431 0.649919

 -0.446150 -0.058737 0.649919

 -0.441353 -0.087791 0.649919

 -0.426119 -0.144648 0.649919

 -0.490393 -0.097545 0.649919

 -0.473465 -0.160720 0.649919

 -0.535588 -0.125080 0.649919

 -0.531259 -0.142351 0.649919

 -0.526373 -0.159472 0.649919

 -0.415746 -0.172208 0.649919

 -0.403593 -0.199030 0.649919

 -0.389711 -0.225000 0.649919

 -0.374161 -0.250007 0.649919

 -0.357009 -0.273943 0.649919

 -0.338328 -0.296706 0.649919

 -0.296706 -0.338328 0.649919

 -0.375920 -0.329673 0.649919

 -0.329673 -0.375920 0.649919

 -0.401293 -0.376117 0.649919

 -0.388909 -0.388909 0.649919

 -0.376117 -0.401293 0.649919

 -0.273943 -0.357009 0.649919

 -0.250007 -0.374161 0.649919

 -0.225000 -0.389711 0.649919

 -0.199030 -0.403593 0.649919

 -0.087791 -0.441353 0.749919

 -0.058737 -0.446150 0.749919

 0.000000 -0.450000 0.749919

 -0.065263 -0.495722 0.749919

 0.000000 -0.500000 0.749919

 -0.053717 -0.547370 0.749919

 -0.035972 -0.548822 0.749919

 -0.018188 -0.549699 0.749919

 0.029431 -0.449037 0.749919

 0.058737 -0.446150 0.749919

 0.087791 -0.441353 0.749919

 0.116469 -0.434667 0.749919

 0.144648 -0.426119 0.749919

 0.172208 -0.415746 0.749919

 0.225000 -0.389711 0.749919

 0.191342 -0.461940 0.749919

 0.250000 -0.433013 0.749919

 0.227165 -0.500895 0.749919

 0.243259 -0.493280 0.749919

 0.259098 -0.485148 0.749919

 0.250007 -0.374161 0.749919

 0.273943 -0.357009 0.749919

 0.296706 -0.338328 0.749919

 0.318198 -0.318198 0.749919

 0.338328 -0.296706 0.749919

 0.357009 -0.273943 0.749919

 0.389711 -0.225000 0.749919

 0.396677 -0.304381 0.749919

 0.433013 -0.250000 0.749919

 0.447178 -0.320206 0.749919

 0.457308 -0.305564 0.749919

 0.466959 -0.290601 0.749919

 0.403593 -0.199030 0.749919

 0.415746 -0.172207 0.749919

 0.426119 -0.144648 0.749919

 0.434667 -0.116469 0.749919

 0.441353 -0.087791 0.749919

 0.446150 -0.058737 0.749919

 0.450000 0.000000 0.749919

 0.495722 -0.065263 0.749919

 0.500000 0.000000 0.749919

 0.547370 -0.053717 0.749919

 0.548822 -0.035972 0.749919

 0.549699 -0.018188 0.749919

 0.449037 0.029431 0.749919

 0.446150 0.058737 0.749919

 0.441353 0.087791 0.749919

 0.434667 0.116469 0.749919

 0.426119 0.144648 0.749919

 0.415746 0.172208 0.749919

 0.389711 0.225000 0.749919

 0.461940 0.191342 0.749919

 0.433013 0.250000 0.749919

 0.500895 0.227165 0.749919

 0.493280 0.243259 0.749919

 0.485148 0.259098 0.749919

 0.374161 0.250007 0.749919

 0.357009 0.273943 0.749919

 0.338328 0.296706 0.749919

 0.318198 0.318198 0.749919

 0.296706 0.338328 0.749919

 0.273943 0.357009 0.749919

 0.225000 0.389711 0.749919

 0.304381 0.396677 0.749919

 0.250000 0.433013 0.749919

 0.320206 0.447178 0.749919

 0.305564 0.457308 0.749919

 0.290601 0.466959 0.749919

 0.199030 0.403593 0.749919

 0.172207 0.415746 0.749919

 0.144648 0.426119 0.749919

 0.116469 0.434667 0.749919

 0.087791 0.441353 0.749919

 0.058737 0.446150 0.749919

 -0.000000 0.450000 0.749919

 0.065263 0.495722 0.749919

 -0.000000 0.500000 0.749919

 0.053717 0.547370 0.749919

 0.035972 0.548822 0.749919

 0.018188 0.549699 0.749919

 -0.029431 0.449037 0.749919

 -0.058737 0.446150 0.749919

 -0.087791 0.441353 0.749919

 -0.116469 0.434667 0.749919

 -0.144648 0.426119 0.749919

 -0.172208 0.415746 0.749919

 -0.225000 0.389711 0.749919

 -0.191342 0.461940 0.749919

 -0.250000 0.433013 0.749919

 -0.227165 0.500895 0.749919

 -0.243259 0.493280 0.749919

 -0.259098 0.485148 0.749919

 -0.250007 0.374161 0.749919

 -0.273943 0.357009 0.749919

 -0.296706 0.338328 0.749919

 -0.318198 0.318198 0.749919

 -0.338328 0.296706 0.749919

 -0.357009 0.273943 0.749919

 -0.389711 0.225000 0.749919

 -0.396677 0.304381 0.749919

 -0.433013 0.250000 0.749919

 -0.447178 0.320206 0.749919

 -0.457308 0.305564 0.749919

 -0.466959 0.290601 0.749919

 -0.403593 0.199030 0.749919

 -0.415746 0.172207 0.749919

 -0.426119 0.144648 0.749919

 -0.434667 0.116469 0.749919

 -0.441353 0.087791 0.749919

 -0.446150 0.058737 0.749919

 -0.450000 -0.000000 0.749919

 -0.495722 0.065263 0.749919

 -0.500000 -0.000000 0.749919

 -0.547370 0.053717 0.749919

 -0.548822 0.035972 0.749919

 -0.549699 0.018188 0.749919

 -0.449037 -0.029431 0.749919

 -0.446150 -0.058737 0.749919

 -0.441353 -0.087791 0.749919

 -0.434667 -0.116469 0.749919

 -0.426119 -0.144648 0.749919

 -0.415746 -0.172208 0.749919

 -0.389711 -0.225000 0.749919

 -0.461940 -0.191342 0.749919

 -0.433013 -0.250000 0.749919

 -0.500895 -0.227165 0.749919

 -0.493280 -0.243259 0.749919

 -0.485148 -0.259098 0.749919

 -0.374161 -0.250007 0.749919

 -0.357009 -0.273943 0.749919

 -0.338328 -0.296706 0.749919

 -0.318198 -0.318198 0.749919

 -0.296706 -0.338328 0.749919

 -0.273943 -0.357009 0.749919

 -0.225000 -0.389711 0.749919

 -0.304381 -0.396677 0.749919

 -0.250000 -0.433013 0.749919

 -0.320206 -0.447178 0.749919

 -0.305564 -0.457308 0.749919

 -0.290601 -0.466959 0.749919

 -0.199030 -0.403593 0.749919

 -0.172207 -0.415746 0.749919

 -0.144648 -0.426119 0.749919

 -0.116469 -0.434667 0.749919

 0.000000 -0.450000 0.849919

 0.029431 -0.449037 0.849919

 0.087791 -0.441353 0.849919

 0.032702 -0.498929 0.849919

 0.097545 -0.490393 0.849919

 0.054102 -0.547333 0.849919

 0.071789 -0.545295 0.849919

 0.089402 -0.542685 0.849919

 0.116469 -0.434667 0.849919

 0.144648 -0.426119 0.849919

 0.172208 -0.415746 0.849919

 0.199030 -0.403593 0.849919

 0.225000 -0.389711 0.849919

 0.250007 -0.374161 0.849919

 0.296706 -0.338328 0.849919

 0.277785 -0.415735 0.849919

 0.329673 -0.375920 0.849919

 0.320520 -0.446953 0.849919

 0.334819 -0.436344 0.849919

 0.348767 -0.425278 0.849919

 0.318198 -0.318198 0.849919

 0.338328 -0.296706 0.849919

 0.357009 -0.273943 0.849919

 0.374161 -0.250007 0.849919

 0.389711 -0.225000 0.849919

 0.403593 -0.199030 0.849919

 0.426119 -0.144648 0.849919

 0.448436 -0.221144 0.849919

 0.473465 -0.160720 0.849919

 0.501055 -0.226813 0.849919

 0.508134 -0.210476 0.849919

 0.514680 -0.193918 0.849919

 0.434667 -0.116469 0.849919

 0.441353 -0.087791 0.849919

 0.446150 -0.058737 0.849919

 0.449037 -0.029431 0.849919

 0.450000 0.000000 0.849919

 0.449037 0.029431 0.849919

 0.441353 0.087791 0.849919

 0.498929 0.032702 0.849919

 0.490393 0.097545 0.849919

 0.547333 0.054102 0.849919

 0.545295 0.071789 0.849919

 0.542685 0.089402 0.849919

 0.434667 0.116469 0.849919

 0.426119 0.144648 0.849919

 0.415746 0.172208 0.849919

 0.403593 0.199030 0.849919

 0.389711 0.225000 0.849919

 0.374161 0.250007 0.849919

 0.338328 0.296706 0.849919

 0.415735 0.277785 0.849919

 0.375920 0.329673 0.849919

 0.446953 0.320520 0.849919

 0.436344 0.334819 0.849919

 0.425278 0.348767 0.849919

 0.318198 0.318198 0.849919

 0.296706 0.338328 0.849919

 0.273943 0.357009 0.849919

 0.250007 0.374161 0.849919

 0.225000 0.389711 0.849919

 0.199030 0.403593 0.849919

 0.144648 0.426119 0.849919

 0.221144 0.448436 0.849919

 0.160720 0.473465 0.849919

 0.226813 0.501055 0.849919

 0.210476 0.508134 0.849919

 0.193918 0.514680 0.849919

 0.116469 0.434667 0.849919

 0.087791 0.441353 0.849919

 0.058737 0.446150 0.849919

 0.029431 0.449037 0.849919

 -0.000000 0.450000 0.849919

 -0.029431 0.449037 0.849919

 -0.087791 0.441353 0.849919

 -0.032702 0.498929 0.849919

 -0.097545 0.490393 0.849919

 -0.054102 0.547333 0.849919

 -0.071789 0.545295 0.849919

 -0.089402 0.542685 0.849919

 -0.116469 0.434667 0.849919

 -0.144648 0.426119 0.849919

 -0.172208 0.415746 0.849919

 -0.199030 0.403593 0.849919

 -0.225000 0.389711 0.849919

 -0.250007 0.374161 0.849919

 -0.296706 0.338328 0.849919

 -0.277785 0.415735 0.849919

 -0.329673 0.375920 0.849919

 -0.320520 0.446953 0.849919

 -0.334819 0.436344 0.849919

 -0.348767 0.425278 0.849919

 -0.318198 0.318198 0.849919

 -0.338328 0.296706 0.849919

 -0.357009 0.273943 0.849919

 -0.374161 0.250007 0.849919

 -0.389711 0.225000 0.849919

 -0.403593 0.199030 0.849919

 -0.426119 0.144648 0.849919

 -0.448436 0.221144 0.849919

 -0.473465 0.160720 0.849919

 -0.501055 0.226813 0.849919

 -0.508134 0.210476 0.849919

 -0.514680 0.193918 0.849919

 -0.434667 0.116469 0.849919

 -0.441353 0.087791 0.849919

 -0.446150 0.058737 0.849919

 -0.449037 0.029431 0.849919

 -0.450000 -0.000000 0.849919

 -0.449037 -0.029431 0.849919

 -0.441353 -0.087791 0.849919

 -0.498929 -0.032702 0.849919

 -0.490393 -0.097545 0.849919

 -0.547333 -0.054102 0.849919

 -0.545295 -0.071789 0.849919

 -0.542685 -0.089402 0.849919

 -0.434667 -0.116469 0.849919

 -0.426119 -0.144648 0.849919

 -0.415746 -0.172208 0.849919

 -0.403593 -0.199030 0.849919

 -0.389711 -0.225000 0.849919

 -0.374161 -0.250007 0.849919

 -0.338328 -0.296706 0.849919

 -0.415735 -0.277785 0.849919

 -0.375920 -0.329673 0.849919

 -0.446953 -0.320520 0.849919

 -0.436344 -0.334819 0.849919

 -0.425278 -0.348767 0.849919

 -0.318198 -0.318198 0.849919

 -0.296706 -0.338328 0.849919

 -0.273943 -0.357009 0.849919

 -0.250007 -0.374161 0.849919

 -0.225000 -0.389711 0.849919

 -0.199030 -0.403593 0.849919

 -0.144648 -0.426119 0.849919

 -0.221144 -0.448436 0.849919

 -0.160720 -0.473465 0.849919

 -0.226813 -0.501055 0.849919

 -0.210476 -0.508134 0.849919

 -0.193918 -0.514680 0.849919

 -0.116469 -0.434667 0.849919

 -0.087791 -0.441353 0.849919

 -0.058737 -0.446150 0.849919

 -0.029431 -0.449037 0.849919

 0.087791 -0.441353 0.949919

 0.116469 -0.434667 0.949919

 0.172208 -0.415746 0.949919

 0.129410 -0.482963 0.949919

 0.191342 -0.461940 0.949919

 0.159841 -0.526261 0.949919

 0.176792 -0.520812 0.949919

 0.193557 -0.514816 0.949919

 0.199030 -0.403593 0.949919

 0.225000 -0.389711 0.949919

 0.250007 -0.374161 0.949919

 0.273943 -0.357009 0.949919

 0.296706 -0.338328 0.949919

 0.318198 -0.318198 0.949919

 0.357009 -0.273943 0.949919

 0.353553 -0.353553 0.949919

 0.396677 -0.304381 0.949919

 0.401557 -0.375835 0.949919

 0.413512 -0.362640 0.949919

 0.425033 -0.349066 0.949919

 0.374161 -0.250007 0.949919

 0.389711 -0.225000 0.949919

 0.403593 -0.199030 0.949919

 0.415746 -0.172207 0.949919

 0.426119 -0.144648 0.949919

 0.434667 -0.116469 0.949919

 0.446150 -0.058737 0.949919

 0.482963 -0.129409 0.949919

 0.495722 -0.065263 0.949919

 0.535676 -0.124704 0.949919

 0.539432 -0.107300 0.949919

 0.542622 -0.089783 0.949919

 0.449037 -0.029431 0.949919

 0.450000 0.000000 0.949919

 0.449037 0.029431 0.949919

 0.446150 0.058737 0.949919

 0.441353 0.087791 0.949919

 0.434667 0.116469 0.949919

 0.415746 0.172208 0.949919

 0.482963 0.129410 0.949919

 0.461940 0.191342 0.949919

 0.526261 0.159841 0.949919

 0.520812 0.176792 0.949919

 0.514816 0.193557 0.949919

 0.403593 0.199030 0.949919

 0.389711 0.225000 0.949919

 0.374161 0.250007 0.949919

 0.357009 0.273943 0.949919

 0.338328 0.296706 0.949919

 0.318198 0.318198 0.949919

 0.273943 0.357009 0.949919

 0.353553 0.353553 0.949919

 0.304381 0.396677 0.949919

 0.375835 0.401557 0.949919

 0.362640 0.413512 0.949919

 0.349066 0.425033 0.949919

 0.250007 0.374161 0.949919

 0.225000 0.389711 0.949919

 0.199030 0.403593 0.949919

 0.172207 0.415746 0.949919

 0.144648 0.426119 0.949919

 0.116469 0.434667 0.949919

 0.058737 0.446150 0.949919

 0.129409 0.482963 0.949919

 0.065263 0.495722 0.949919

 0.124704 0.535676 0.949919

 0.107300 0.539432 0.949919

 0.089783 0.542622 0.949919

 0.029431 0.449037 0.949919

 -0.000000 0.450000 0.949919

 -0.029431 0.449037 0.949919

 -0.058737 0.446150 0.949919

 -0.087791 0.441353 0.949919

 -0.116469 0.434667 0.949919

 -0.172208 0.415746 0.949919

 -0.129410 0.482963 0.949919

 -0.191342 0.461940 0.949919

 -0.159841 0.526261 0.949919

 -0.176792 0.520812 0.949919

 -0.193557 0.514816 0.949919

 -0.199030 0.403593 0.949919

 -0.225000 0.389711 0.949919

 -0.250007 0.374161 0.949919

 -0.273943 0.357009 0.949919

 -0.296706 0.338328 0.949919

 -0.318198 0.318198 0.949919

 -0.357009 0.273943 0.949919

 -0.353553 0.353553 0.949919

 -0.396677 0.304381 0.949919

 -0.401557 0.375835 0.949919

 -0.413512 0.362640 0.949919

 -0.425033 0.349066 0.949919

 -0.374161 0.250007 0.949919

 -0.389711 0.225000 0.949919

 -0.403593 0.199030 0.949919

 -0.415746 0.172207 0.949919

 -0.426119 0.144648 0.949919

 -0.434667 0.116469 0.949919

 -0.446150 0.058737 0.949919

 -0.482963 0.129409 0.949919

 -0.495722 0.065263 0.949919

 -0.535676 0.124704 0.949919

 -0.539432 0.107300 0.949919

 -0.542622 0.089783 0.949919

 -0.449037 0.029431 0.949919

 -0.450000 -0.000000 0.949919

 -0.449037 -0.029431 0.949919

 -0.446150 -0.058737 0.949919

 -0.441353 -0.087791 0.949919

 -0.434667 -0.116469 0.949919

 -0.415746 -0.172208 0.949919

 -0.482963 -0.129410 0.949919

 -0.461940 -0.191342 0.949919

 -0.526261 -0.159841 0.949919

 -0.520812 -0.176792 0.949919

 -0.514816 -0.193557 0.949919

 -0.403593 -0.199030 0.949919

 -0.389711 -0.225000 0.949919

 -0.374161 -0.250007 0.949919

 -0.357009 -0.273943 0.949919

 -0.338328 -0.296706 0.949919

 -0.318198 -0.318198 0.949919

 -0.273943 -0.357009 0.949919

 -0.353553 -0.353553 0.949919

 -0.304381 -0.396677 0.949919

 -0.375835 -0.401557 0.949919

 -0.362640 -0.413512 0.949919

 -0.349066 -0.425033 0.949919

 -0.250007 -0.374161 0.949919

 -0.225000 -0.389711 0.949919

 -0.199030 -0.403593 0.949919

 -0.172207 -0.415746 0.949919

 -0.144648 -0.426119 0.949919

 -0.116469 -0.434667 0.949919

 -0.058737 -0.446150 0.949919

 -0.129409 -0.482963 0.949919

 -0.065263 -0.495722 0.949919

 -0.124704 -0.535676 0.949919

 -0.107300 -0.539432 0.949919

 -0.089783 -0.542622 0.949919

 -0.029431 -0.449037 0.949919

 0.000000 -0.450000 0.949919

 0.029431 -0.449037 0.949919

 0.058737 -0.446150 0.949919

 0.172208 -0.415746 1.049919

 0.199030 -0.403593 1.049919

 0.250007 -0.374161 1.049919

 0.221144 -0.448436 1.049919

 0.277785 -0.415735 1.049919

 0.259439 -0.484966 1.049919

 0.275000 -0.476314 1.049919

 0.290273 -0.467163 1.049919

 0.273943 -0.357009 1.049919

 0.296706 -0.338328 1.049919

 0.318198 -0.318198 1.049919

 0.338328 -0.296706 1.049919

 0.357009 -0.273943 1.049919

 0.374161 -0.250007 1.049919

 0.403593 -0.199030 1.049919

 0.415735 -0.277785 1.049919

 0.448436 -0.221144 1.049919

 0.467163 -0.290273 1.049919

 0.476314 -0.275000 1.049919

 0.484966 -0.259438 1.049919

 0.415746 -0.172207 1.049919

 0.426119 -0.144648 1.049919

 0.434667 -0.116469 1.049919

 0.441353 -0.087791 1.049919

 0.446150 -0.058737 1.049919

 0.449037 -0.029431 1.049919

 0.449037 0.029431 1.049919

 0.498929 -0.032701 1.049919

 0.498929 0.032702 1.049919

 0.549712 -0.017802 1.049919

 0.550000 0.000000 1.049919

 0.549712 0.017803 1.049919

 0.446150 0.058737 1.049919

 0.441353 0.087791 1.049919

 0.434667 0.116469 1.049919

 0.426119 0.144648 1.049919

 0.415746 0.172208 1.049919

 0.403593 0.199030 1.049919

 0.374161 0.250007 1.049919

 0.448436 0.221144 1.049919

 0.415735 0.277785 1.049919

 0.484966 0.259439 1.049919

 0.476314 0.275000 1.049919

 0.467163 0.290273 1.049919

 0.357009 0.273943 1.049919

 0.338328 0.296706 1.049919

 0.318198 0.318198 1.049919

 0.296706 0.338328 1.049919

 0.273943 0.357009 1.049919

 0.250007 0.374161 1.049919

 0.199030 0.403593 1.049919

 0.277785 0.415735 1.049919

 0.221144 0.448436 1.049919

 0.290273 0.467163 1.049919

 0.275000 0.476314 1.049919

 0.259438 0.484966 1.049919

 0.172207 0.415746 1.049919

 0.144648 0.426119 1.049919

 0.116469 0.434667 1.049919

 0.087791 0.441353 1.049919

 0.058737 0.446150 1.049919

 0.029431 0.449037 1.049919

 -0.029431 0.449037 1.049919

 0.032701 0.498929 1.049919

 -0.032702 0.498929 1.049919

 0.017802 0.549712 1.049919

 -0.000000 0.550000 1.049919

 -0.017803 0.549712 1.049919

 -0.058737 0.446150 1.049919

 -0.087791 0.441353 1.049919

 -0.116469 0.434667 1.049919

 -0.144648 0.426119 1.049919

 -0.172208 0.415746 1.049919

 -0.199030 0.403593 1.049919

 -0.250007 0.374161 1.049919

 -0.221144 0.448436 1.049919

 -0.277785 0.415735 1.049919

 -0.259439 0.484966 1.049919

 -0.275000 0.476314 1.049919

 -0.290273 0.467163 1.049919

 -0.273943 0.357009 1.049919

 -0.296706 0.338328 1.049919

 -0.318198 0.318198 1.049919

 -0.338328 0.296706 1.049919

 -0.357009 0.273943 1.049919

 -0.374161 0.250007 1.049919

 -0.403593 0.199030 1.049919

 -0.415735 0.277785 1.049919

 -0.448436 0.221144 1.049919

 -0.467163 0.290273 1.049919

 -0.476314 0.275000 1.049919

 -0.484966 0.259438 1.049919

 -0.415746 0.172207 1.049919

 -0.426119 0.144648 1.049919

 -0.434667 0.116469 1.049919

 -0.441353 0.087791 1.049919

 -0.446150 0.058737 1.049919

 -0.449037 0.029431 1.049919

 -0.449037 -0.029431 1.049919

 -0.498929 0.032701 1.049919

 -0.498929 -0.032702 1.049919

 -0.549712 0.017802 1.049919

 -0.550000 -0.000000 1.049919

 -0.549712 -0.017803 1.049919

 -0.446150 -0.058737 1.049919

 -0.441353 -0.087791 1.049919

 -0.434667 -0.116469 1.049919

 -0.426119 -0.144648 1.049919

 -0.415746 -0.172208 1.049919

 -0.403593 -0.199030 1.049919

 -0.374161 -0.250007 1.049919

 -0.448436 -0.221144 1.049919

 -0.415735 -0.277785 1.049919

 -0.484966 -0.259439 1.049919

 -0.476314 -0.275000 1.049919

 -0.467163 -0.290273 1.049919

 -0.357009 -0.273943 1.049919

 -0.338328 -0.296706 1.049919

 -0.318198 -0.318198 1.049919

 -0.296706 -0.338328 1.049919

 -0.273943 -0.357009 1.049919

 -0.250007 -0.374161 1.049919

 -0.199030 -0.403593 1.049919

 -0.277785 -0.415735 1.049919

 -0.221144 -0.448436 1.049919

 -0.290273 -0.467163 1.049919

 -0.275000 -0.476314 1.049919

 -0.259438 -0.484966 1.049919

 -0.172207 -0.415746 1.049919

 -0.144648 -0.426119 1.049919

 -0.116469 -0.434667 1.049919

 -0.087791 -0.441353 1.049919

 -0.058737 -0.446150 1.049919

 -0.029431 -0.449037 1.049919

 0.029431 -0.449037 1.049919

 -0.032701 -0.498929 1.049919

 0.032702 -0.498929 1.049919

 -0.017802 -0.549712 1.049919

 0.000000 -0.550000 1.049919

 0.017803 -0.549712 1.049919

 0.058737 -0.446150 1.049919

 0.087791 -0.441353 1.049919

 0.116469 -0.434667 1.049919

 0.144648 -0.426119 1.049919

 0.250007 -0.374161 1.149919

 0.273943 -0.357009 1.149919

 0.318198 -0.318198 1.149919

 0.304381 -0.396677 1.149919

 0.353553 -0.353553 1.149919

 0.349066 -0.425033 1.149919

 0.362640 -0.413512 1.149919

 0.375835 -0.401557 1.149919

 0.338328 -0.296706 1.149919

 0.357009 -0.273943 1.149919

 0.374161 -0.250007 1.149919

 0.389711 -0.225000 1.149919

 0.403593 -0.199030 1.149919

 0.415746 -0.172207 1.149919

 0.434667 -0.116469 1.149919

 0.461940 -0.191342 1.149919

 0.482963 -0.129409 1.149919

 0.514816 -0.193557 1.149919

 0.520812 -0.176792 1.149919

 0.526261 -0.159841 1.149919

 0.441353 -0.087791 1.149919

 0.446150 -0.058737 1.149919

 0.449037 -0.029431 1.149919

 0.450000 0.000000 1.149919

 0.449037 0.029431 1.149919

 0.446150 0.058737 1.149919

 0.434667 0.116469 1.149919

 0.495722 0.065263 1.149919

 0.482963 0.129410 1.149919

 0.542622 0.089783 1.149919

 0.539432 0.107300 1.149919

 0.535676 0.124704 1.149919

 0.426119 0.144648 1.149919

 0.415746 0.172208 1.149919

 0.403593 0.199030 1.149919

 0.389711 0.225000 1.149919

 0.374161 0.250007 1.149919

 0.357009 0.273943 1.149919

 0.318198 0.318198 1.149919

 0.396677 0.304381 1.149919

 0.353553 0.353553 1.149919

 0.425033 0.349066 1.149919

 0.413512 0.362640 1.149919

 0.401557 0.375835 1.149919

 0.296706 0.338328 1.149919

 0.273943 0.357009 1.149919

 0.250007 0.374161 1.149919

 0.225000 0.389711 1.149919

 0.199030 0.403593 1.149919

 0.172207 0.415746 1.149919

 0.116469 0.434667 1.149919

 0.191342 0.461940 1.149919

 0.129409 0.482963 1.149919

 0.193557 0.514816 1.149919

 0.176792 0.520812 1.149919

 0.159841 0.526261 1.149919

 0.087791 0.441353 1.149919

 0.058737 0.446150 1.149919

 0.029431 0.449037 1.149919

 -0.000000 0.450000 1.149919

 -0.029431 0.449037 1.149919

 -0.058737 0.446150 1.149919

 -0.116469 0.434667 1.149919

 -0.065263 0.495722 1.149919

 -0.129410 0.482963 1.149919

 -0.089783 0.542622 1.149919

 -0.107300 0.539432 1.149919

 -0.124704 0.535676 1.149919

 -0.144648 0.426119 1.149919

 -0.172208 0.415746 1.149919

 -0.199030 0.403593 1.149919

 -0.225000 0.389711 1.149919

 -0.250007 0.374161 1.149919

 -0.273943 0.357009 1.149919

 -0.318198 0.318198 1.149919

 -0.304381 0.396677 1.149919

 -0.353553 0.353553 1.149919

 -0.349066 0.425033 1.149919

 -0.362640 0.413512 1.149919

 -0.375835 0.401557 1.149919

 -0.338328 0.296706 1.149919

 -0.357009 0.273943 1.149919

 -0.374161 0.250007 1.149919

 -0.389711 0.225000 1.149919

 -0.403593 0.199030 1.149919

 -0.415746 0.172207 1.149919

 -0.434667 0.116469 1.149919

 -0.461940 0.191342 1.149919

 -0.482963 0.129409 1.149919

 -0.514816 0.193557 1.149919

 -0.520812 0.176792 1.149919

 -0.526261 0.159841 1.149919

 -0.441353 0.087791 1.149919

 -0.446150 0.058737 1.149919

 -0.449037 0.029431 1.149919

 -0.450000 -0.000000 1.149919

 -0.449037 -0.029431 1.149919

 -0.446150 -0.058737 1.149919

 -0.434667 -0.116469 1.149919

 -0.495722 -0.065263 1.149919

 -0.482963 -0.129410 1.149919

 -0.542622 -0.089783 1.149919

 -0.539432 -0.107300 1.149919

 -0.535676 -0.124704 1.149919

 -0.426119 -0.144648 1.149919

 -0.415746 -0.172208 1.149919

 -0.403593 -0.199030 1.149919

 -0.389711 -0.225000 1.149919

 -0.374161 -0.250007 1.149919

 -0.357009 -0.273943 1.149919

 -0.318198 -0.318198 1.149919

 -0.396677 -0.304381 1.149919

 -0.353553 -0.353553 1.149919

 -0.425033 -0.349066 1.149919

 -0.413512 -0.362640 1.149919

 -0.401557 -0.375835 1.149919

 -0.296706 -0.338328 1.149919

 -0.273943 -0.357009 1.149919

 -0.250007 -0.374161 1.149919

 -0.225000 -0.389711 1.149919

 -0.199030 -0.403593 1.149919

 -0.172207 -0.415746 1.149919

 -0.116469 -0.434667 1.149919

 -0.191342 -0.461940 1.149919

 -0.129409 -0.482963 1.149919

 -0.193557 -0.514816 1.149919

 -0.176792 -0.520812 1.149919

 -0.159841 -0.526261 1.149919

 -0.087791 -0.441353 1.149919

 -0.058737 -0.446150 1.149919

 -0.029431 -0.449037 1.149919

 0.000000 -0.450000 1.149919

 0.029431 -0.449037 1.149919

 0.058737 -0.446150 1.149919

 0.116469 -0.434667 1.149919

 0.065263 -0.495722 1.149919

 0.129410 -0.482963 1.149919

 0.089783 -0.542622 1.149919

 0.107300 -0.539432 1.149919

 0.124704 -0.535676 1.149919

 0.144648 -0.426119 1.149919

 0.172208 -0.415746 1.149919

 0.199030 -0.403593 1.149919

 0.225000 -0.389711 1.149919

 0.318198 -0.318198 1.249919

 0.338328 -0.296706 1.249919

 0.374161 -0.250007 1.249919

 0.375920 -0.329673 1.249919

 0.415735 -0.277785 1.249919

 0.425278 -0.348767 1.249919

 0.436344 -0.334819 1.249919

 0.446953 -0.320520 1.249919

 0.389711 -0.225000 1.249919

 0.403593 -0.199030 1.249919

 0.415746 -0.172207 1.249919

 0.426119 -0.144648 1.249919

 0.434667 -0.116469 1.249919

 0.441353 -0.087791 1.249919

 0.449037 -0.029431 1.249919

 0.490393 -0.097545 1.249919

 0.498929 -0.032701 1.249919

 0.542685 -0.089402 1.249919

 0.545295 -0.071789 1.249919

 0.547333 -0.054102 1.249919

 0.450000 0.000000 1.249919

 0.449037 0.029431 1.249919

 0.446150 0.058737 1.249919

 0.441353 0.087791 1.249919

 0.434667 0.116469 1.249919

 0.426119 0.144648 1.249919

 0.403593 0.199030 1.249919

 0.473465 0.160720 1.249919

 0.448436 0.221144 1.249919

 0.514680 0.193918 1.249919

 0.508134 0.210476 1.249919

 0.501055 0.226813 1.249919

 0.389711 0.225000 1.249919

 0.374161 0.250007 1.249919

 0.357009 0.273943 1.249919

 0.338328 0.296706 1.249919

 0.318198 0.318198 1.249919

 0.296706 0.338328 1.249919

 0.250007 0.374161 1.249919

 0.329673 0.375920 1.249919

 0.277785 0.415735 1.249919

 0.348767 0.425278 1.249919

 0.334819 0.436344 1.249919

 0.320520 0.446953 1.249919

 0.225000 0.389711 1.249919

 0.199030 0.403593 1.249919

 0.172207 0.415746 1.249919

 0.144648 0.426119 1.249919

 0.116469 0.434667 1.249919

 0.087791 0.441353 1.249919

 0.029431 0.449037 1.249919

 0.097545 0.490393 1.249919

 0.032701 0.498929 1.249919

 0.089402 0.542685 1.249919

 0.071789 0.545295 1.249919

 0.054102 0.547333 1.249919

 -0.000000 0.450000 1.249919

 -0.029431 0.449037 1.249919

 -0.058737 0.446150 1.249919

 -0.087791 0.441353 1.249919

 -0.116469 0.434667 1.249919

 -0.144648 0.426119 1.249919

 -0.199030 0.403593 1.249919

 -0.160720 0.473465 1.249919

 -0.221144 0.448436 1.249919

 -0.193918 0.514680 1.249919

 -0.210476 0.508134 1.249919

 -0.226813 0.501055 1.249919

 -0.225000 0.389711 1.249919

 -0.250007 0.374161 1.249919

 -0.273943 0.357009 1.249919

 -0.296706 0.338328 1.249919

 -0.318198 0.318198 1.249919

 -0.338328 0.296706 1.249919

 -0.374161 0.250007 1.249919

 -0.375920 0.329673 1.249919

 -0.415735 0.277785 1.249919

 -0.425278 0.348767 1.249919

 -0.436344 0.334819 1.249919

 -0.446953 0.320520 1.249919

 -0.389711 0.225000 1.249919

 -0.403593 0.199030 1.249919

 -0.415746 0.172207 1.249919

 -0.426119 0.144648 1.249919

 -0.434667 0.116469 1.249919

 -0.441353 0.087791 1.249919

 -0.449037 0.029431 1.249919

 -0.490393 0.097545 1.249919

 -0.498929 0.032701 1.249919

 -0.542685 0.089402 1.249919

 -0.545295 0.071789 1.249919

 -0.547333 0.054102 1.249919

 -0.450000 -0.000000 1.249919

 -0.449037 -0.029431 1.249919

 -0.446150 -0.058737 1.249919

 -0.441353 -0.087791 1.249919

 -0.434667 -0.116469 1.249919

 -0.426119 -0.144648 1.249919

 -0.403593 -0.199030 1.249919

 -0.473465 -0.160720 1.249919

 -0.448436 -0.221144 1.249919

 -0.514680 -0.193918 1.249919

 -0.508134 -0.210476 1.249919

 -0.501055 -0.226813 1.249919

 -0.389711 -0.225000 1.249919

 -0.374161 -0.250007 1.249919

 -0.357009 -0.273943 1.249919

 -0.338328 -0.296706 1.249919

 -0.318198 -0.318198 1.249919

 -0.296706 -0.338328 1.249919

 -0.250007 -0.374161 1.249919

 -0.329673 -0.375920 1.249919

 -0.277785 -0.415735 1.249919

 -0.348767 -0.425278 1.249919

 -0.334819 -0.436344 1.249919

 -0.320520 -0.446953 1.249919

 -0.225000 -0.389711 1.249919

 -0.199030 -0.403593 1.249919

 -0.172207 -0.415746 1.249919

 -0.144648 -0.426119 1.249919

 -0.116469 -0.434667 1.249919

 -0.087791 -0.441353 1.249919

 -0.029431 -0.449037 1.249919

 -0.097545 -0.490393 1.249919

 -0.032701 -0.498929 1.249919

 -0.089402 -0.542685 1.249919

 -0.071789 -0.545295 1.249919

 -0.054102 -0.547333 1.249919

 0.000000 -0.450000 1.249919

 0.029431 -0.449037 1.249919

 0.058737 -0.446150 1.249919

 0.087791 -0.441353 1.249919

 0.116469 -0.434667 1.249919

 0.144648 -0.426119 1.249919

 0.199030 -0.403593 1.249919

 0.160720 -0.473465 1.249919

 0.221144 -0.448436 1.249919

 0.193918 -0.514680 1.249919

 0.210476 -0.508134 1.249919

 0.226813 -0.501055 1.249919

 0.225000 -0.389711 1.249919

 0.250007 -0.374161 1.249919

 0.273943 -0.357009 1.249919

 0.296706 -0.338328 1.249919

 0.374161 -0.250007 1.349919

 0.389711 -0.225000 1.349919

 0.415746 -0.172207 1.349919

 0.433013 -0.250000 1.349919

 0.461940 -0.191342 1.349919

 0.485148 -0.259098 1.349919

 0.493280 -0.243259 1.349919

 0.500895 -0.227165 1.349919

 0.426119 -0.144648 1.349919

 0.434667 -0.116469 1.349919

 0.441353 -0.087791 1.349919

 0.446150 -0.058737 1.349919

 0.449037 -0.029431 1.349919

 0.450000 0.000000 1.349919

 0.446150 0.058737 1.349919

 0.500000 0.000000 1.349919

 0.495722 0.065263 1.349919

 0.549699 0.018189 1.349919

 0.548822 0.035972 1.349919

 0.547370 0.053717 1.349919

 0.441353 0.087791 1.349919

 0.434667 0.116469 1.349919

 0.426119 0.144648 1.349919

 0.415746 0.172208 1.349919

 0.403593 0.199030 1.349919

 0.389711 0.225000 1.349919

 0.357009 0.273943 1.349919

 0.433013 0.250000 1.349919

 0.396677 0.304381 1.349919

 0.466959 0.290601 1.349919

 0.457308 0.305564 1.349919

 0.447178 0.320206 1.349919

 0.338328 0.296706 1.349919

 0.318198 0.318198 1.349919

 0.296706 0.338328 1.349919

 0.273943 0.357009 1.349919

 0.250007 0.374161 1.349919

 0.225000 0.389711 1.349919

 0.172207 0.415746 1.349919

 0.250000 0.433013 1.349919

 0.191342 0.461940 1.349919

 0.259098 0.485148 1.349919

 0.243259 0.493280 1.349919

 0.227165 0.500895 1.349919

 0.144648 0.426119 1.349919

 0.116469 0.434667 1.349919

 0.087791 0.441353 1.349919

 0.058737 0.446150 1.349919

 0.029431 0.449037 1.349919

 -0.000000 0.450000 1.349919

 -0.058737 0.446150 1.349919

 -0.000000 0.500000 1.349919

 -0.065263 0.495722 1.349919

 -0.018189 0.549699 1.349919

 -0.035972 0.548822 1.349919

 -0.053717 0.547370 1.349919

 -0.087791 0.441353 1.349919

 -0.116469 0.434667 1.349919

 -0.144648 0.426119 1.349919

 -0.172208 0.415746 1.349919

 -0.199030 0.403593 1.349919

 -0.225000 0.389711 1.349919

 -0.273943 0.357009 1.349919

 -0.250000 0.433013 1.349919

 -0.304381 0.396677 1.349919

 -0.290601 0.466959 1.349919

 -0.305564 0.457308 1.349919

 -0.320206 0.447178 1.349919

 -0.296706 0.338328 1.349919

 -0.318198 0.318198 1.349919

 -0.338328 0.296706 1.349919

 -0.357009 0.273943 1.349919

 -0.374161 0.250007 1.349919

 -0.389711 0.225000 1.349919

 -0.415746 0.172207 1.349919

 -0.433013 0.250000 1.349919

 -0.461940 0.191342 1.349919

 -0.485148 0.259098 1.349919

 -0.493280 0.243259 1.349919

 -0.500895 0.227165 1.349919

 -0.426119 0.144648 1.349919

 -0.434667 0.116469 1.349919

 -0.441353 0.087791 1.349919

 -0.446150 0.058737 1.349919

 -0.449037 0.029431 1.349919

 -0.450000 -0.000000 1.349919

 -0.446150 -0.058737 1.349919

 -0.500000 -0.000000 1.349919

 -0.495722 -0.065263 1.349919

 -0.549699 -0.018189 1.349919

 -0.548822 -0.035972 1.349919

 -0.547370 -0.053717 1.349919

 -0.441353 -0.087791 1.349919

 -0.434667 -0.116469 1.349919

 -0.426119 -0.144648 1.349919

 -0.415746 -0.172208 1.349919

 -0.403593 -0.199030 1.349919

 -0.389711 -0.225000 1.349919

 -0.357009 -0.273943 1.349919

 -0.433013 -0.250000 1.349919

 -0.396677 -0.304381 1.349919

 -0.466959 -0.290601 1.349919

 -0.457308 -0.305564 1.349919

 -0.447178 -0.320206 1.349919

 -0.338328 -0.296706 1.349919

 -0.318198 -0.318198 1.349919

 -0.296706 -0.338328 1.349919

 -0.273943 -0.357009 1.349919

 -0.250007 -0.374161 1.349919

 -0.225000 -0.389711 1.349919

 -0.172207 -0.415746 1.349919

 -0.250000 -0.433013 1.349919

 -0.191342 -0.461940 1.349919

 -0.259098 -0.485148 1.349919

 -0.243259 -0.493280 1.349919

 -0.227165 -0.500895 1.349919

 -0.144648 -0.426119 1.349919

 -0.116469 -0.434667 1.349919

 -0.087791 -0.441353 1.349919

 -0.058737 -0.446150 1.349919

 -0.029431 -0.449037 1.349919

 0.000000 -0.450000 1.349919

 0.058737 -0.446150 1.349919

 0.000000 -0.500000 1.349919

 0.065263 -0.495722 1.349919

 0.018189 -0.549699 1.349919

 0.035972 -0.548822 1.349919

 0.053717 -0.547370 1.349919

 0.087791 -0.441353 1.349919

 0.116469 -0.434667 1.349919

 0.144648 -0.426119 1.349919

 0.172208 -0.415746 1.349919

 0.199030 -0.403593 1.349919

 0.225000 -0.389711 1.349919

 0.273943 -0.357009 1.349919

 0.250000 -0.433013 1.349919

 0.304381 -0.396677 1.349919

 0.290601 -0.466959 1.349919

 0.305564 -0.457308 1.349919

 0.320206 -0.447178 1.349919

 0.296706 -0.338328 1.349919

 0.318198 -0.318198 1.349919

 0.338328 -0.296706 1.349919

 0.357009 -0.273943 1.349919

 0.415746 -0.172207 1.449919

 0.426119 -0.144648 1.449919

 0.441353 -0.087791 1.449919

 0.473465 -0.160720 1.449919

 0.490393 -0.097545 1.449919

 0.526373 -0.159472 1.449919

 0.531259 -0.142350 1.449919

 0.535588 -0.125080 1.449919

 0.446150 -0.058737 1.449919

 0.449037 -0.029431 1.449919

 0.450000 0.000000 1.449919

 0.449037 0.029431 1.449919

 0.446150 0.058737 1.449919

 0.441353 0.087791 1.449919

 0.426119 0.144648 1.449919

 0.490393 0.097545 1.449919

 0.473465 0.160720 1.449919

 0.535588 0.125080 1.449919

 0.531259 0.142351 1.449919

 0.526373 0.159472 1.449919

 0.415746 0.172208 1.449919

 0.403593 0.199030 1.449919

 0.389711 0.225000 1.449919

 0.374161 0.250007 1.449919

 0.357009 0.273943 1.449919

 0.338328 0.296706 1.449919

 0.296706 0.338328 1.449919

 0.375920 0.329673 1.449919

 0.329673 0.375920 1.449919

 0.401293 0.376117 1.449919

 0.388909 0.388909 1.449919

 0.376117 0.401293 1.449919

 0.273943 0.357009 1.449919

 0.250007 0.374161 1.449919

 0.225000 0.389711 1.449919

 0.199030 0.403593 1.449919

 0.172207 0.415746 1.449919

 0.144648 0.426119 1.449919

 0.087791 0.441353 1.449919

 0.160720 0.473465 1.449919

 0.097545 0.490393 1.449919

 0.159472 0.526373 1.449919

 0.142350 0.531259 1.449919

 0.125080 0.535588 1.449919

 0.058737 0.446150 1.449919

 0.029431 0.449037 1.449919

 -0.000000 0.450000 1.449919

 -0.029431 0.449037 1.449919

 -0.058737 0.446150 1.449919

 -0.087791 0.441353 1.449919

 -0.144648 0.426119 1.449919

 -0.097545 0.490393 1.449919

 -0.160720 0.473465 1.449919

 -0.125080 0.535588 1.449919

 -0.142351 0.531259 1.449919

 -0.159472 0.526373 1.449919

 -0.172208 0.415746 1.449919

 -0.199030 0.403593 1.449919

 -0.225000 0.389711 1.449919

 -0.250007 0.374161 1.449919

 -0.273943 0.357009 1.449919

 -0.296706 0.338328 1.449919

 -0.338328 0.296706 1.449919

 -0.329673 0.375920 1.449919

 -0.375920 0.329673 1.449919

 -0.376117 0.401293 1.449919

 -0.388909 0.388909 1.449919

 -0.401293 0.376117 1.449919

 -0.357009 0.273943 1.449919

 -0.374161 0.250007 1.449919

 -0.389711 0.225000 1.449919

 -0.403593 0.199030 1.449919

 -0.415746 0.172207 1.449919

 -0.426119 0.144648 1.449919

 -0.441353 0.087791 1.449919

 -0.473465 0.160720 1.449919

 -0.490393 0.097545 1.449919

 -0.526373 0.159472 1.449919

 -0.531259 0.142350 1.449919

 -0.535588 0.125080 1.449919

 -0.446150 0.058737 1.449919

 -0.449037 0.029431 1.449919

 -0.450000 -0.000000 1.449919

 -0.449037 -0.029431 1.449919

 -0.446150 -0.058737 1.449919

 -0.441353 -0.087791 1.449919

 -0.426119 -0.144648 1.449919

 -0.490393 -0.097545 1.449919

 -0.473465 -0.160720 1.449919

 -0.535588 -0.125080 1.449919

 -0.531259 -0.142351 1.449919

 -0.526373 -0.159472 1.449919

 -0.415746 -0.172208 1.449919

 -0.403593 -0.199030 1.449919

 -0.389711 -0.225000 1.449919

 -0.374161 -0.250007 1.449919

 -0.357009 -0.273943 1.449919

 -0.338328 -0.296706 1.449919

 -0.296706 -0.338328 1.449919

 -0.375920 -0.329673 1.449919

 -0.329673 -0.375920 1.449919

 -0.401293 -0.376117 1.449919

 -0.388909 -0.388909 1.449919

 -0.376117 -0.401293 1.449919

 -0.273943 -0.357009 1.449919

 -0.250007 -0.374161 1.449919

 -0.225000 -0.389711 1.449919

 -0.199030 -0.403593 1.449919

 -0.172207 -0.415746 1.449919

 -0.144648 -0.426119 1.449919

 -0.087791 -0.441353 1.449919

 -0.160720 -0.473465 1.449919

 -0.097545 -0.490393 1.449919

 -0.159472 -0.526373 1.449919

 -0.142350 -0.531259 1.449919

 -0.125080 -0.535588 1.449919

 -0.058737 -0.446150 1.449919

 -0.029431 -0.449037 1.449919

 0.000000 -0.450000 1.449919

 0.029431 -0.449037 1.449919

 0.058737 -0.446150 1.449919

 0.087791 -0.441353 1.449919

 0.144648 -0.426119 1.449919

 0.097545 -0.490393 1.449919

 0.160720 -0.473465 1.449919

 0.125080 -0.535588 1.449919

 0.142351 -0.531259 1.449919

 0.159472 -0.526373 1.449919

 0.172208 -0.415746 1.449919

 0.199030 -0.403593 1.449919

 0.225000 -0.389711 1.449919

 0.250007 -0.374161 1.449919

 0.273943 -0.357009 1.449919

 0.296706 -0.338328 1.449919

 0.338328 -0.296706 1.449919

 0.329673 -0.375920 1.449919

 0.375920 -0.329673 1.449919

 0.376117 -0.401293 1.449919

 0.388909 -0.388909 1.449919

 0.401293 -0.376117 1.449919

 0.357009 -0.273943 1.449919

 0.374161 -0.250007 1.449919

 0.389711 -0.225000 1.449919

 0.403593 -0.199030 1.449919

 0.441353 -0.087791 1.549919

 0.446150 -0.058737 1.549919

 0.450000 0.000000 1.549919

 0.495722 -0.065263 1.549919

 0.500000 0.000000 1.549919

 0.547370 -0.053717 1.549919

 0.548822 -0.035972 1.549919

 0.549699 -0.018188 1.549919

 0.449037 0.029431 1.549919

 0.446150 0.058737 1.549919

 0.441353 0.087791 1.549919

 0.434667 0.116469 1.549919

 0.426119 0.144648 1.549919

 0.415746 0.172208 1.549919

 0.389711 0.225000 1.549919

 0.461940 0.191342 1.549919

 0.433013 0.250000 1.549919

 0.500895 0.227165 1.549919

 0.493280 0.243259 1.549919

 0.485148 0.259098 1.549919

 0.374161 0.250007 1.549919

 0.357009 0.273943 1.549919

 0.338328 0.296706 1.549919

 0.318198 0.318198 1.549919

 0.296706 0.338328 1.549919

 0.273943 0.357009 1.549919

 0.225000 0.389711 1.549919

 0.304381 0.396677 1.549919

 0.250000 0.433013 1.549919

 0.320206 0.447178 1.549919

 0.305564 0.457308 1.549919

 0.290601 0.466959 1.549919

 0.199030 0.403593 1.549919

 0.172207 0.415746 1.549919

 0.144648 0.426119 1.549919

 0.116468 0.434667 1.549919

 0.087791 0.441353 1.549919

 0.058737 0.446150 1.549919

 -0.000000 0.450000 1.549919

 0.065263 0.495722 1.549919

 -0.000000 0.500000 1.549919

 0.053717 0.547370 1.549919

 0.035972 0.548822 1.549919

 0.018188 0.549699 1.549919

 -0.029431 0.449037 1.549919

 -0.058737 0.446150 1.549919

 -0.087791 0.441353 1.549919

 -0.116469 0.434667 1.549919

 -0.144648 0.426119 1.549919

 -0.172208 0.415746 1.549919

 -0.225000 0.389711 1.549919

 -0.191342 0.461940 1.549919

 -0.250000 0.433013 1.549919

 -0.227165 0.500895 1.549919

 -0.243259 0.493280 1.549919

 -0.259098 0.485148 1.549919

 -0.250007 0.374161 1.549919

 -0.273943 0.357009 1.549919

 -0.296706 0.338328 1.549919

 -0.318198 0.318198 1.549919

 -0.338328 0.296706 1.549919

 -0.357009 0.273943 1.549919

 -0.389711 0.225000 1.549919

 -0.396677 0.304381 1.549919

 -0.433013 0.250000 1.549919

 -0.447178 0.320206 1.549919

 -0.457308 0.305564 1.549919

 -0.466959 0.290601 1.549919

 -0.403593 0.199030 1.549919

 -0.415746 0.172207 1.549919

 -0.426119 0.144648 1.549919

 -0.434667 0.116468 1.549919

 -0.441353 0.087791 1.549919

 -0.446150 0.058737 1.549919

 -0.450000 -0.000000 1.549919

 -0.495722 0.065263 1.549919

 -0.500000 -0.000000 1.549919

 -0.547370 0.053717 1.549919

 -0.548822 0.035972 1.549919

 -0.549699 0.018188 1.549919

 -0.449037 -0.029431 1.549919

 -0.446150 -0.058737 1.549919

 -0.441353 -0.087791 1.549919

 -0.434667 -0.116469 1.549919

 -0.426119 -0.144648 1.549919

 -0.415746 -0.172208 1.549919

 -0.389711 -0.225000 1.549919

 -0.461940 -0.191342 1.549919

 -0.433013 -0.250000 1.549919

 -0.500895 -0.227165 1.549919

 -0.493280 -0.243259 1.549919

 -0.485148 -0.259098 1.549919

 -0.374161 -0.250007 1.549919

 -0.357009 -0.273943 1.549919

 -0.338328 -0.296706 1.549919

 -0.318198 -0.318198 1.549919

 -0.296706 -0.338328 1.549919

 -0.273943 -0.357009 1.549919

 -0.225000 -0.389711 1.549919

 -0.304381 -0.396677 1.549919

 -0.250000 -0.433013 1.549919

 -0.320206 -0.447178 1.549919

 -0.305564 -0.457308 1.549919

 -0.290601 -0.466959 1.549919

 -0.199030 -0.403593 1.549919

 -0.172207 -0.415746 1.549919

 -0.144648 -0.426119 1.549919

 -0.116468 -0.434667 1.549919

 -0.087791 -0.441353 1.549919

 -0.058737 -0.446150 1.549919

 0.000000 -0.450000 1.549919

 -0.065263 -0.495722 1.549919

 0.000000 -0.500000 1.549919

 -0.053717 -0.547370 1.549919

 -0.035972 -0.548822 1.549919

 -0.018188 -0.549699 1.549919

 0.029431 -0.449037 1.549919

 0.058737 -0.446150 1.549919

 0.087791 -0.441353 1.549919

 0.116469 -0.434667 1.549919

 0.144648 -0.426119 1.549919

 0.172208 -0.415746 1.549919

 0.225000 -0.389711 1.549919

 0.191342 -0.461940 1.549919

 0.250000 -0.433013 1.549919

 0.227165 -0.500895 1.549919

 0.243259 -0.493280 1.549919

 0.259098 -0.485148 1.549919

 0.250007 -0.374161 1.549919

 0.273943 -0.357009 1.549919

 0.296706 -0.338328 1.549919

 0.318198 -0.318198 1.549919

 0.338328 -0.296706 1.549919

 0.357009 -0.273943 1.549919

 0.389711 -0.225000 1.549919

 0.396677 -0.304381 1.549919

 0.433013 -0.250000 1.549919

 0.447178 -0.320206 1.549919

 0.457308 -0.305564 1.549919

 0.466959 -0.290601 1.549919

 0.403593 -0.199030 1.549919

 0.415746 -0.172207 1.549919

 0.426119 -0.144648 1.549919

 0.434667 -0.116468 1.549919

tris:

 0 287 143

 144 1 145

 1 147 145

 147 5 149

 149 6 150

 150 7 151

 151 4 148

 4 146 148

 146 8 152

 152 9 153

 153 10 154

 154 11 155

 155 12 156

 156 13 157

 13 159 157

 159 17 161

 161 18 162

 162 19 163

 163 16 160

 160 14 158

 158 20 164

 164 21 165

 165 22 166

 166 23 167

 167 24 168

 168 25 169

 169 27 171

 171 29 173

 173 30 174

 174 31 175

 175 28 172

 28 170 172

 170 32 176

 176 33 177

 177 34 178

 178 35 179

 179 36 180

 180 37 181

 37 183 181

 183 41 185

 185 42 186

 186 43 187

 187 40 184

 40 182 184

 182 44 188

 188 45 189

 189 46 190

 190 47 191

 191 48 192

 192 49 193

 49 195 193

 195 53 197

 197 54 198

 198 55 199

 199 52 196

 196 50 194

 194 56 200

 200 57 201

 201 58 202

 202 59 203

 203 60 204

 204 61 205

 205 63 207

 207 65 209

 209 66 210

 210 67 211

 211 64 208

 64 206 208

 206 68 212

 212 69 213

 213 70 214

 214 71 215

 215 72 216

 216 73 217

 73 219 217

 219 77 221

 221 78 222

 222 79 223

 223 76 220

 76 218 220

 218 80 224

 224 81 225

 225 82 226

 226 83 227

 227 84 228

 228 85 229

 85 231 229

 231 89 233

 233 90 234

 234 91 235

 235 88 232

 232 86 230

 230 92 236

 236 93 237

 237 94 238

 238 95 239

 239 96 240

 240 97 241

 241 99 243

 243 101 245

 245 102 246

 246 103 247

 247 100 244

 100 242 244

 242 104 248

 248 105 249

 249 106 250

 250 107 251

 251 108 252

 252 109 253

 109 255 253

 255 113 257

 257 114 258

 258 115 259

 259 112 256

 112 254 256

 254 116 260

 260 117 261

 261 118 262

 262 119 263

 263 120 264

 264 121 265

 121 267 265

 267 125 269

 269 126 270

 270 127 271

 271 124 268

 268 122 266

 266 128 272

 272 129 273

 273 130 274

 274 131 275

 275 132 276

 276 133 277

 277 135 279

 279 137 281

 281 138 282

 282 139 283

 283 136 280

 136 278 280

 278 140 284

 284 141 285

 285 142 286

 286 143 287

 144 431 287

 288 145 289

 145 291 289

 291 149 293

 293 150 294

 294 151 295

 295 148 292

 148 290 292

 290 152 296

 296 153 297

 297 154 298

 298 155 299

 299 156 300

 300 157 301

 157 303 301

 303 161 305

 305 162 306

 306 163 307

 307 160 304

 160 302 304

 302 164 308

 308 165 309

 309 166 310

 310 167 311

 311 168 312

 312 169 313

 169 315 313

 315 173 317

 317 174 318

 318 175 319

 319 172 316

 172 314 316

 314 176 320

 320 177 321

 321 178 322

 322 179 323

 323 180 324

 324 181 325

 181 327 325

 327 185 329

 329 186 330

 330 187 331

 331 184 328

 184 326 328

 326 188 332

 332 189 333

 333 190 334

 334 191 335

 335 192 336

 336 193 337

 193 339 337

 339 197 341

 341 198 342

 342 199 343

 343 196 340

 196 338 340

 338 200 344

 344 201 345

 345 202 346

 346 203 347

 347 204 348

 348 205 349

 205 351 349

 351 209 353

 353 210 354

 354 211 355

 355 208 352

 208 350 352

 350 212 356

 356 213 357

 357 214 358

 358 215 359

 359 216 360

 360 217 361

 217 363 361

 363 221 365

 365 222 366

 366 223 367

 367 220 364

 220 362 364

 362 224 368

 368 225 369

 369 226 370

 370 227 371

 371 228 372

 372 229 373

 229 375 373

 375 233 377

 377 234 378

 378 235 379

 379 232 376

 232 374 376

 374 236 380

 380 237 381

 381 238 382

 382 239 383

 383 240 384

 384 241 385

 241 387 385

 387 245 389

 389 246 390

 390 247 391

 391 244 388

 244 386 388

 386 248 392

 392 249 393

 393 250 394

 394 251 395

 395 252 396

 396 253 397

 253 399 397

 399 257 401

 401 258 402

 402 259 403

 403 256 400

 256 398 400

 398 260 404

 404 261 405

 405 262 406

 406 263 407

 407 264 408

 408 265 409

 265 411 409

 411 269 413

 413 270 414

 414 271 415

 415 268 412

 268 410 412

 410 272 416

 416 273 417

 417 274 418

 418 275 419

 419 276 420

 420 277 421

 277 423 421

 423 281 425

 425 282 426

 426 283 427

 427 280 424

 280 422 424

 422 284 428

 428 285 429

 429 286 430

 430 287 431

 288 575 431

 432 289 433

 289 435 433

 435 293 437

 437 294 438

 438 295 439

 439 292 436

 292 434 436

 434 296 440

 440 297 441

 441 298 442

 442 299 443

 443 300 444

 444 301 445

 301 447 445

 447 305 449

 449 306 450

 450 307 451

 451 304 448

 304 446 448

 446 308 452

 452 309 453

 453 310 454

 454 311 455

 455 312 456

 456 313 457

 457 315 459

 459 317 461

 461 318 462

 462 319 463

 463 316 460

 316 458 460

 458 320 464

 464 321 465

 465 322 466

 466 323 467

 467 324 468

 468 325 469

 325 471 469

 471 329 473

 473 330 474

 474 331 475

 475 328 472

 328 470 472

 470 332 476

 476 333 477

 477 334 478

 478 335 479

 479 336 480

 480 337 481

 337 483 481

 483 341 485

 485 342 486

 486 343 487

 487 340 484

 340 482 484

 482 344 488

 488 345 489

 489 346 490

 490 347 491

 491 348 492

 492 349 493

 493 351 495

 495 353 497

 497 354 498

 498 355 499

 499 352 496

 352 494 496

 494 356 500

 500 357 501

 501 358 502

 502 359 503

 503 360 504

 504 361 505

 361 507 505

 507 365 509

 509 366 510

 510 367 511

 511 364 508

 364 506 508

 506 368 512

 512 369 513

 513 370 514

 514 371 515

 515 372 516

 516 373 517

 373 519 517

 519 377 521

 521 378 522

 522 379 523

 523 376 520

 376 518 520

 518 380 524

 524 381 525

 525 382 526

 526 383 527

 527 384 528

 528 385 529

 529 387 531

 531 389 533

 533 390 534

 534 391 535

 535 388 532

 388 530 532

 530 392 536

 536 393 537

 537 394 538

 538 395 539

 539 396 540

 540 397 541

 397 543 541

 543 401 545

 545 402 546

 546 403 547

 547 400 544

 400 542 544

 542 404 548

 548 405 549

 549 406 550

 550 407 551

 551 408 552

 552 409 553

 409 555 553

 555 413 557

 557 414 558

 558 415 559

 559 412 556

 412 554 556

 554 416 560

 560 417 561

 561 418 562

 562 419 563

 563 420 564

 564 421 565

 565 423 567

 567 425 569

 569 426 570

 570 427 571

 571 424 568

 424 566 568

 566 428 572

 572 429 573

 573 430 574

 574 431 575

 432 719 575

 576 433 577

 433 579 577

 579 437 581

 581 438 582

 582 439 583

 583 436 580

 436 578 580

 578 440 584

 584 441 585

 585 442 586

 586 443 587

 587 444 588

 588 445 589

 589 447 591

 591 449 593

 593 450 594

 594 451 595

 595 448 592

 592 446 590

 590 452 596

 596 453 597

 597 454 598

 598 455 599

 599 456 600

 600 457 601

 457 603 601

 603 461 605

 605 462 606

 606 463 607

 607 460 604

 604 458 602

 602 464 608

 608 465 609

 609 466 610

 610 467 611

 611 468 612

 612 469 613

 469 615 613

 615 473 617

 617 474 618

 618 475 619

 619 472 616

 472 614 616

 614 476 620

 620 477 621

 621 478 622

 622 479 623

 623 480 624

 624 481 625

 625 483 627

 627 485 629

 629 486 630

 630 487 631

 631 484 628

 628 482 626

 626 488 632

 632 489 633

 633 490 634

 634 491 635

 635 492 636

 636 493 637

 493 639 637

 639 497 641

 641 498 642

 642 499 643

 643 496 640

 640 494 638

 638 500 644

 644 501 645

 645 502 646

 646 503 647

 647 504 648

 648 505 649

 505 651 649

 651 509 653

 653 510 654

 654 511 655

 655 508 652

 508 650 652

 650 512 656

 656 513 657

 657 514 658

 658 515 659

 659 516 660

 660 517 661

 661 519 663

 663 521 665

 665 522 666

 666 523 667

 667 520 664

 664 518 662

 662 524 668

 668 525 669

 669 526 670

 670 527 671

 671 528 672

 672 529 673

 529 675 673

 675 533 677

 677 534 678

 678 535 679

 679 532 676

 676 530 674

 674 536 680

 680 537 681

 681 538 682

 682 539 683

 683 540 684

 684 541 685

 541 687 685

 687 545 689

 689 546 690

 690 547 691

 691 544 688

 544 686 688

 686 548 692

 692 549 693

 693 550 694

 694 551 695

 695 552 696

 696 553 697

 697 555 699

 699 557 701

 701 558 702

 702 559 703

 703 556 700

 700 554 698

 698 560 704

 704 561 705

 705 562 706

 706 563 707

 707 564 708

 708 565 709

 565 711 709

 711 569 713

 713 570 714

 714 571 715

 715 568 712

 712 566 710

 710 572 716

 716 573 717

 717 574 718

 718 575 719

 576 863 719

 720 577 721

 577 723 721

 723 581 725

 725 582 726

 726 583 727

 727 580 724

 580 722 724

 722 584 728

 728 585 729

 729 586 730

 730 587 731

 731 588 732

 732 589 733

 589 735 733

 735 593 737

 737 594 738

 738 595 739

 739 592 736

 736 590 734

 734 596 740

 740 597 741

 741 598 742

 742 599 743

 743 600 744

 744 601 745

 745 603 747

 747 605 749

 749 606 750

 750 607 751

 751 604 748

 604 746 748

 746 608 752

 752 609 753

 753 610 754

 754 611 755

 755 612 756

 756 613 757

 613 759 757

 759 617 761

 761 618 762

 762 619 763

 763 616 760

 616 758 760

 758 620 764

 764 621 765

 765 622 766

 766 623 767

 767 624 768

 768 625 769

 625 771 769

 771 629 773

 773 630 774

 774 631 775

 775 628 772

 772 626 770

 770 632 776

 776 633 777

 777 634 778

 778 635 779

 779 636 780

 780 637 781

 781 639 783

 783 641 785

 785 642 786

 786 643 787

 787 640 784

 640 782 784

 782 644 788

 788 645 789

 789 646 790

 790 647 791

 791 648 792

 792 649 793

 649 795 793

 795 653 797

 797 654 798

 798 655 799

 799 652 796

 652 794 796

 794 656 800

 800 657 801

 801 658 802

 802 659 803

 803 660 804

 804 661 805

 661 807 805

 807 665 809

 809 666 810

 810 667 811

 811 664 808

 808 662 806

 806 668 812

 812 669 813

 813 670 814

 814 671 815

 815 672 816

 816 673 817

 817 675 819

 819 677 821

 821 678 822

 822 679 823

 823 676 820

 676 818 820

 818 680 824

 824 681 825

 825 682 826

 826 683 827

 827 684 828

 828 685 829

 685 831 829

 831 689 833

 833 690 834

 834 691 835

 835 688 832

 688 830 832

 830 692 836

 836 693 837

 837 694 838

 838 695 839

 839 696 840

 840 697 841

 697 843 841

 843 701 845

 845 702 846

 846 703 847

 847 700 844

 844 698 842

 842 704 848

 848 705 849

 849 706 850

 850 707 851

 851 708 852

 852 709 853

 853 711 855

 855 713 857

 857 714 858

 858 715 859

 859 712 856

 712 854 856

 854 716 860

 860 717 861

 861 718 862

 862 719 863

 720 1007 863

 864 721 865

 721 867 865

 867 725 869

 869 726 870

 870 727 871

 871 724 868

 724 866 868

 866 728 872

 872 729 873

 873 730 874

 874 731 875

 875 732 876

 876 733 877

 877 735 879

 879 737 881

 881 738 882

 882 739 883

 883 736 880

 736 878 880

 878 740 884

 884 741 885

 885 742 886

 886 743 887

 887 744 888

 888 745 889

 889 747 891

 891 749 893

 893 750 894

 894 751 895

 895 748 892

 892 746 890

 890 752 896

 896 753 897

 897 754 898

 898 755 899

 899 756 900

 900 757 901

 757 903 901

 903 761 905

 905 762 906

 906 763 907

 907 760 904

 760 902 904

 902 764 908

 908 765 909

 909 766 910

 910 767 911

 911 768 912

 912 769 913

 913 771 915

 915 773 917

 917 774 918

 918 775 919

 919 772 916

 772 914 916

 914 776 920

 920 777 921

 921 778 922

 922 779 923

 923 780 924

 924 781 925

 925 783 927

 927 785 929

 929 786 930

 930 787 931

 931 784 928

 928 782 926

 926 788 932

 932 789 933

 933 790 934

 934 791 935

 935 792 936

 936 793 937

 793 939 937

 939 797 941

 941 798 942

 942 799 943

 943 796 940

 796 938 940

 938 800 944

 944 801 945

 945 802 946

 946 803 947

 947 804 948

 948 805 949

 949 807 951

 951 809 953

 953 810 954

 954 811 955

 955 808 952

 808 950 952

 950 812 956

 956 813 957

 957 814 958

 958 815 959

 959 816 960

 960 817 961

 961 819 963

 963 821 965

 965 822 966

 966 823 967

 967 820 964

 964 818 962

 962 824 968

 968 825 969

 969 826 970

 970 827 971

 971 828 972

 972 829 973

 829 975 973

 975 833 977

 977 834 978

 978 835 979

 979 832 976

 832 974 976

 974 836 980

 980 837 981

 981 838 982

 982 839 983

 983 840 984

 984 841 985

 985 843 987

 987 845 989

 989 846 990

 990 847 991

 991 844 988

 844 986 988

 986 848 992

 992 849 993

 993 850 994

 994 851 995

 995 852 996

 996 853 997

 997 855 999

 999 857 1001

 1001 858 1002

 1002 859 1003

 1003 856 1000

 1000 854 998

 998 860 1004

 1004 861 1005

 1005 862 1006

 1006 863 1007

 864 1151 1007

 1008 865 1009

 865 1011 1009

 1011 869 1013

 1013 870 1014

 1014 871 1015

 1015 868 1012

 868 1010 1012

 1010 872 1016

 1016 873 1017

 1017 874 1018

 1018 875 1019

 1019 876 1020

 1020 877 1021

 877 1023 1021

 1023 881 1025

 1025 882 1026

 1026 883 1027

 1027 880 1024

 1024 878 1022

 1022 884 1028

 1028 885 1029

 1029 886 1030

 1030 887 1031

 1031 888 1032

 1032 889 1033

 1033 891 1035

 1035 893 1037

 1037 894 1038

 1038 895 1039

 1039 892 1036

 892 1034 1036

 1034 896 1040

 1040 897 1041

 1041 898 1042

 1042 899 1043

 1043 900 1044

 1044 901 1045

 901 1047 1045

 1047 905 1049

 1049 906 1050

 1050 907 1051

 1051 904 1048

 904 1046 1048

 1046 908 1052

 1052 909 1053

 1053 910 1054

 1054 911 1055

 1055 912 1056

 1056 913 1057

 913 1059 1057

 1059 917 1061

 1061 918 1062

 1062 919 1063

 1063 916 1060

 1060 914 1058

 1058 920 1064

 1064 921 1065

 1065 922 1066

 1066 923 1067

 1067 924 1068

 1068 925 1069

 1069 927 1071

 1071 929 1073

 1073 930 1074

 1074 931 1075

 1075 928 1072

 928 1070 1072

 1070 932 1076

 1076 933 1077

 1077 934 1078

 1078 935 1079

 1079 936 1080

 1080 937 1081

 937 1083 1081

 1083 941 1085

 1085 942 1086

 1086 943 1087

 1087 940 1084

 940 1082 1084

 1082 944 1088

 1088 945 1089

 1089 946 1090

 1090 947 1091

 1091 948 1092

 1092 949 1093

 949 1095 1093

 1095 953 1097

 1097 954 1098

 1098 955 1099

 1099 952 1096

 1096 950 1094

 1094 956 1100

 1100 957 1101

 1101 958 1102

 1102 959 1103

 1103 960 1104

 1104 961 1105

 1105 963 1107

 1107 965 1109

 1109 966 1110

 1110 967 1111

 1111 964 1108

 964 1106 1108

 1106 968 1112

 1112 969 1113

 1113 970 1114

 1114 971 1115

 1115 972 1116

 1116 973 1117

 973 1119 1117

 1119 977 1121

 1121 978 1122

 1122 979 1123

 1123 976 1120

 976 1118 1120

 1118 980 1124

 1124 981 1125

 1125 982 1126

 1126 983 1127

 1127 984 1128

 1128 985 1129

 985 1131 1129

 1131 989 1133

 1133 990 1134

 1134 991 1135

 1135 988 1132

 1132 986 1130

 1130 992 1136

 1136 993 1137

 1137 994 1138

 1138 995 1139

 1139 996 1140

 1140 997 1141

 1141 999 1143

 1143 1001 1145

 1145 1002 1146

 1146 1003 1147

 1147 1000 1144

 1000 1142 1144

 1142 1004 1148

 1148 1005 1149

 1149 1006 1150

 1150 1007 1151

 1008 1295 1151

 1152 1009 1153

 1009 1155 1153

 1155 1013 1157

 1157 1014 1158

 1158 1015 1159

 1159 1012 1156

 1012 1154 1156

 1154 1016 1160

 1160 1017 1161

 1161 1018 1162

 1162 1019 1163

 1163 1020 1164

 1164 1021 1165

 1021 1167 1165

 1167 1025 1169

 1169 1026 1170

 1170 1027 1171

 1171 1024 1168

 1168 1022 1166

 1166 1028 1172

 1172 1029 1173

 1173 1030 1174

 1174 1031 1175

 1175 1032 1176

 1176 1033 1177

 1177 1035 1179

 1179 1037 1181

 1181 1038 1182

 1182 1039 1183

 1183 1036 1180

 1036 1178 1180

 1178 1040 1184

 1184 1041 1185

 1185 1042 1186

 1186 1043 1187

 1187 1044 1188

 1188 1045 1189

 1045 1191 1189

 1191 1049 1193

 1193 1050 1194

 1194 1051 1195

 1195 1048 1192

 1048 1190 1192

 1190 1052 1196

 1196 1053 1197

 1197 1054 1198

 1198 1055 1199

 1199 1056 1200

 1200 1057 1201

 1057 1203 1201

 1203 1061 1205

 1205 1062 1206

 1206 1063 1207

 1207 1060 1204

 1204 1058 1202

 1202 1064 1208

 1208 1065 1209

 1209 1066 1210

 1210 1067 1211

 1211 1068 1212

 1212 1069 1213

 1213 1071 1215

 1215 1073 1217

 1217 1074 1218

 1218 1075 1219

 1219 1072 1216

 1072 1214 1216

 1214 1076 1220

 1220 1077 1221

 1221 1078 1222

 1222 1079 1223

 1223 1080 1224

 1224 1081 1225

 1081 1227 1225

 1227 1085 1229

 1229 1086 1230

 1230 1087 1231

 1231 1084 1228

 1084 1226 1228

 1226 1088 1232

 1232 1089 1233

 1233 1090 1234

 1234 1091 1235

 1235 1092 1236

 1236 1093 1237

 1093 1239 1237

 1239 1097 1241

 1241 1098 1242

 1242 1099 1243

 1243 1096 1240

 1240 1094 1238

 1238 1100 1244

 1244 1101 1245

 1245 1102 1246

 1246 1103 1247

 1247 1104 1248

 1248 1105 1249

 1249 1107 1251

 1251 1109 1253

 1253 1110 1254

 1254 1111 1255

 1255 1108 1252

 1108 1250 1252

 1250 1112 1256

 1256 1113 1257

 1257 1114 1258

 1258 1115 1259

 1259 1116 1260

 1260 1117 1261

 1117 1263 1261

 1263 1121 1265

 1265 1122 1266

 1266 1123 1267

 1267 1120 1264

 1120 1262 1264

 1262 1124 1268

 1268 1125 1269

 1269 1126 1270

 1270 1127 1271

 1271 1128 1272

 1272 1129 1273

 1129 1275 1273

 1275 1133 1277

 1277 1134 1278

 1278 1135 1279

 1279 1132 1276

 1276 1130 1274

 1274 1136 1280

 1280 1137 1281

 1281 1138 1282

 1282 1139 1283

 1283 1140 1284

 1284 1141 1285

 1285 1143 1287

 1287 1145 1289

 1289 1146 1290

 1290 1147 1291

 1291 1144 1288

 1144 1286 1288

 1286 1148 1292

 1292 1149 1293

 1293 1150 1294

 1294 1151 1295

 1152 1439 1295

 1296 1153 1297

 1153 1299 1297

 1299 1157 1301

 1301 1158 1302

 1302 1159 1303

 1303 1156 1300

 1156 1298 1300

 1298 1160 1304

 1304 1161 1305

 1305 1162 1306

 1306 1163 1307

 1307 1164 1308

 1308 1165 1309

 1165 1311 1309

 1311 1169 1313

 1313 1170 1314

 1314 1171 1315

 1315 1168 1312

 1168 1310 1312

 1310 1172 1316

 1316 1173 1317

 1317 1174 1318

 1318 1175 1319

 1319 1176 1320

 1320 1177 1321

 1177 1323 1321

 1323 1181 1325

 1325 1182 1326

 1326 1183 1327

 1327 1180 1324

 1180 1322 1324

 1322 1184 1328

 1328 1185 1329

 1329 1186 1330

 1330 1187 1331

 1331 1188 1332

 1332 1189 1333

 1189 1335 1333

 1335 1193 1337

 1337 1194 1338

 1338 1195 1339

 1339 1192 1336

 1192 1334 1336

 1334 1196 1340

 1340 1197 1341

 1341 1198 1342

 1342 1199 1343

 1343 1200 1344

 1344 1201 1345

 1201 1347 1345

 1347 1205 1349

 1349 1206 1350

 1350 1207 1351

 1351 1204 1348

 1204 1346 1348

 1346 1208 1352

 1352 1209 1353

 1353 1210 1354

 1354 1211 1355

 1355 1212 1356

 1356 1213 1357

 1213 1359 1357

 1359 1217 1361

 1361 1218 1362

 1362 1219 1363

 1363 1216 1360

 1216 1358 1360

 1358 1220 1364

 1364 1221 1365

 1365 1222 1366

 1366 1223 1367

 1367 1224 1368

 1368 1225 1369

 1225 1371 1369

 1371 1229 1373

 1373 1230 1374

 1374 1231 1375

 1375 1228 1372

 1228 1370 1372

 1370 1232 1376

 1376 1233 1377

 1377 1234 1378

 1378 1235 1379

 1379 1236 1380

 1380 1237 1381

 1237 1383 1381

 1383 1241 1385

 1385 1242 1386

 1386 1243 1387

 1387 1240 1384

 1240 1382 1384

 1382 1244 1388

 1388 1245 1389

 1389 1246 1390

 1390 1247 1391

 1391 1248 1392

 1392 1249 1393

 1249 1395 1393

 1395 1253 1397

 1397 1254 1398

 1398 1255 1399

 1399 1252 1396

 1252 1394 1396

 1394 1256 1400

 1400 1257 1401

 1401 1258 1402

 1402 1259 1403

 1403 1260 1404

 1404 1261 1405

 1261 1407 1405

 1407 1265 1409

 1409 1266 1410

 1410 1267 1411

 1411 1264 1408

 1264 1406 1408

 1406 1268 1412

 1412 1269 1413

 1413 1270 1414

 1414 1271 1415

 1415 1272 1416

 1416 1273 1417

 1273 1419 1417

 1419 1277 1421

 1421 1278 1422

 1422 1279 1423

 1423 1276 1420

 1276 1418 1420

 1418 1280 1424

 1424 1281 1425

 1425 1282 1426

 1426 1283 1427

 1427 1284 1428

 1428 1285 1429

 1285 1431 1429

 1431 1289 1433

 1433 1290 1434

 1434 1291 1435

 1435 1288 1432

 1288 1430 1432

 1430 1292 1436

 1436 1293 1437

 1437 1294 1438

 1438 1295 1439

 1296 1583 1439

 1440 1297 1441

 1297 1443 1441

 1443 1301 1445

 1445 1302 1446

 1446 1303 1447

 1447 1300 1444

 1300 1442 1444

 1442 1304 1448

 1448 1305 1449

 1449 1306 1450

 1450 1307 1451

 1451 1308 1452

 1452 1309 1453

 1309 1455 1453

 1455 1313 1457

 1457 1314 1458

 1458 1315 1459

 1459 1312 1456

 1312 1454 1456

 1454 1316 1460

 1460 1317 1461

 1461 1318 1462

 1462 1319 1463

 1463 1320 1464

 1464 1321 1465

 1465 1323 1467

 1467 1325 1469

 1469 1326 1470

 1470 1327 1471

 1471 1324 1468

 1324 1466 1468

 1466 1328 1472

 1472 1329 1473

 1473 1330 1474

 1474 1331 1475

 1475 1332 1476

 1476 1333 1477

 1333 1479 1477

 1479 1337 1481

 1481 1338 1482

 1482 1339 1483

 1483 1336 1480

 1336 1478 1480

 1478 1340 1484

 1484 1341 1485

 1485 1342 1486

 1486 1343 1487

 1487 1344 1488

 1488 1345 1489

 1345 1491 1489

 1491 1349 1493

 1493 1350 1494

 1494 1351 1495

 1495 1348 1492

 1348 1490 1492

 1490 1352 1496

 1496 1353 1497

 1497 1354 1498

 1498 1355 1499

 1499 1356 1500

 1500 1357 1501

 1501 1359 1503

 1503 1361 1505

 1505 1362 1506

 1506 1363 1507

 1507 1360 1504

 1360 1502 1504

 1502 1364 1508

 1508 1365 1509

 1509 1366 1510

 1510 1367 1511

 1511 1368 1512

 1512 1369 1513

 1369 1515 1513

 1515 1373 1517

 1517 1374 1518

 1518 1375 1519

 1519 1372 1516

 1372 1514 1516

 1514 1376 1520

 1520 1377 1521

 1521 1378 1522

 1522 1379 1523

 1523 1380 1524

 1524 1381 1525

 1381 1527 1525

 1527 1385 1529

 1529 1386 1530

 1530 1387 1531

 1531 1384 1528

 1384 1526 1528

 1526 1388 1532

 1532 1389 1533

 1533 1390 1534

 1534 1391 1535

 1535 1392 1536

 1536 1393 1537

 1537 1395 1539

 1539 1397 1541

 1541 1398 1542

 1542 1399 1543

 1543 1396 1540

 1396 1538 1540

 1538 1400 1544

 1544 1401 1545

 1545 1402 1546

 1546 1403 1547

 1547 1404 1548

 1548 1405 1549

 1405 1551 1549

 1551 1409 1553

 1553 1410 1554

 1554 1411 1555

 1555 1408 1552

 1408 1550 1552

 1550 1412 1556

 1556 1413 1557

 1557 1414 1558

 1558 1415 1559

 1559 1416 1560

 1560 1417 1561

 1417 1563 1561

 1563 1421 1565

 1565 1422 1566

 1566 1423 1567

 1567 1420 1564

 1420 1562 1564

 1562 1424 1568

 1568 1425 1569

 1569 1426 1570

 1570 1427 1571

 1571 1428 1572

 1572 1429 1573

 1573 1431 1575

 1575 1433 1577

 1577 1434 1578

 1578 1435 1579

 1579 1432 1576

 1432 1574 1576

 1574 1436 1580

 1580 1437 1581

 1581 1438 1582

 1582 1439 1583

 1440 1727 1583

 1584 1441 1585

 1441 1587 1585

 1587 1445 1589

 1589 1446 1590

 1590 1447 1591

 1591 1444 1588

 1444 1586 1588

 1586 1448 1592

 1592 1449 1593

 1593 1450 1594

 1594 1451 1595

 1595 1452 1596

 1596 1453 1597

 1597 1455 1599

 1599 1457 1601

 1601 1458 1602

 1602 1459 1603

 1603 1456 1600

 1456 1598 1600

 1598 1460 1604

 1604 1461 1605

 1605 1462 1606

 1606 1463 1607

 1607 1464 1608

 1608 1465 1609

 1465 1611 1609

 1611 1469 1613

 1613 1470 1614

 1614 1471 1615

 1615 1468 1612

 1612 1466 1610

 1610 1472 1616

 1616 1473 1617

 1617 1474 1618

 1618 1475 1619

 1619 1476 1620

 1620 1477 1621

 1477 1623 1621

 1623 1481 1625

 1625 1482 1626

 1626 1483 1627

 1627 1480 1624

 1480 1622 1624

 1622 1484 1628

 1628 1485 1629

 1629 1486 1630

 1630 1487 1631

 1631 1488 1632

 1632 1489 1633

 1633 1491 1635

 1635 1493 1637

 1637 1494 1638

 1638 1495 1639

 1639 1492 1636

 1492 1634 1636

 1634 1496 1640

 1640 1497 1641

 1641 1498 1642

 1642 1499 1643

 1643 1500 1644

 1644 1501 1645

 1501 1647 1645

 1647 1505 1649

 1649 1506 1650

 1650 1507 1651

 1651 1504 1648

 1648 1502 1646

 1646 1508 1652

 1652 1509 1653

 1653 1510 1654

 1654 1511 1655

 1655 1512 1656

 1656 1513 1657

 1513 1659 1657

 1659 1517 1661

 1661 1518 1662

 1662 1519 1663

 1663 1516 1660

 1516 1658 1660

 1658 1520 1664

 1664 1521 1665

 1665 1522 1666

 1666 1523 1667

 1667 1524 1668

 1668 1525 1669

 1669 1527 1671

 1671 1529 1673

 1673 1530 1674

 1674 1531 1675

 1675 1528 1672

 1528 1670 1672

 1670 1532 1676

 1676 1533 1677

 1677 1534 1678

 1678 1535 1679

 1679 1536 1680

 1680 1537 1681

 1537 1683 1681

 1683 1541 1685

 1685 1542 1686

 1686 1543 1687

 1687 1540 1684

 1684 1538 1682

 1682 1544 1688

 1688 1545 1689

 1689 1546 1690

 1690 1547 1691

 1691 1548 1692

 1692 1549 1693

 1549 1695 1693

 1695 1553 1697

 1697 1554 1698

 1698 1555 1699

 1699 1552 1696

 1552 1694 1696

 1694 1556 1700

 1700 1557 1701

 1701 1558 1702

 1702 1559 1703

 1703 1560 1704

 1704 1561 1705

 1705 1563 1707

 1707 1565 1709

 1709 1566 1710

 1710 1567 1711

 1711 1564 1708

 1564 1706 1708

 1706 1568 1712

 1712 1569 1713

 1713 1570 1714

 1714 1571 1715

 1715 1572 1716

 1716 1573 1717

 1573 1719 1717

 1719 1577 1721

 1721 1578 1722

 1722 1579 1723

 1723 1576 1720

 1720 1574 1718

 1718 1580 1724

 1724 1581 1725

 1725 1582 1726

 1726 1583 1727

 1584 1871 1727

 1728 1585 1729

 1585 1731 1729

 1731 1589 1733

 1733 1590 1734

 1734 1591 1735

 1735 1588 1732

 1588 1730 1732

 1730 1592 1736

 1736 1593 1737

 1737 1594 1738

 1738 1595 1739

 1739 1596 1740

 1740 1597 1741

 1597 1743 1741

 1743 1601 1745

 1745 1602 1746

 1746 1603 1747

 1747 1600 1744

 1744 1598 1742

 1742 1604 1748

 1748 1605 1749

 1749 1606 1750

 1750 1607 1751

 1751 1608 1752

 1752 1609 1753

 1753 1611 1755

 1755 1613 1757

 1757 1614 1758

 1758 1615 1759

 1759 1612 1756

 1612 1754 1756

 1754 1616 1760

 1760 1617 1761

 1761 1618 1762

 1762 1619 1763

 1763 1620 1764

 1764 1621 1765

 1621 1767 1765

 1767 1625 1769

 1769 1626 1770

 1770 1627 1771

 1771 1624 1768

 1624 1766 1768

 1766 1628 1772

 1772 1629 1773

 1773 1630 1774

 1774 1631 1775

 1775 1632 1776

 1776 1633 1777

 1633 1779 1777

 1779 1637 1781

 1781 1638 1782

 1782 1639 1783

 1783 1636 1780

 1780 1634 1778

 1778 1640 1784

 1784 1641 1785

 1785 1642 1786

 1786 1643 1787

 1787 1644 1788

 1788 1645 1789

 1789 1647 1791

 1791 1649 1793

 1793 1650 1794

 1794 1651 1795

 1795 1648 1792

 1648 1790 1792

 1790 1652 1796

 1796 1653 1797

 1797 1654 1798

 1798 1655 1799

 1799 1656 1800

 1800 1657 1801

 1657 1803 1801

 1803 1661 1805

 1805 1662 1806

 1806 1663 1807

 1807 1660 1804

 1660 1802 1804

 1802 1664 1808

 1808 1665 1809

 1809 1666 1810

 1810 1667 1811

 1811 1668 1812

 1812 1669 1813

 1669 1815 1813

 1815 1673 1817

 1817 1674 1818

 1818 1675 1819

 1819 1672 1816

 1816 1670 1814

 1814 1676 1820

 1820 1677 1821

 1821 1678 1822

 1822 1679 1823

 1823 1680 1824

 1824 1681 1825

 1825 1683 1827

 1827 1685 1829

 1829 1686 1830

 1830 1687 1831

 1831 1684 1828

 1684 1826 1828

 1826 1688 1832

 1832 1689 1833

 1833 1690 1834

 1834 1691 1835

 1835 1692 1836

 1836 1693 1837

 1693 1839 1837

 1839 1697 1841

 1841 1698 1842

 1842 1699 1843

 1843 1696 1840

 1696 1838 1840

 1838 1700 1844

 1844 1701 1845

 1845 1702 1846

 1846 1703 1847

 1847 1704 1848

 1848 1705 1849

 1705 1851 1849

 1851 1709 1853

 1853 1710 1854

 1854 1711 1855

 1855 1708 1852

 1852 1706 1850

 1850 1712 1856

 1856 1713 1857

 1857 1714 1858

 1858 1715 1859

 1859 1716 1860

 1860 1717 1861

 1861 1719 1863

 1863 1721 1865

 1865 1722 1866

 1866 1723 1867

 1867 1720 1864

 1720 1862 1864

 1862 1724 1868

 1868 1725 1869

 1869 1726 1870

 1870 1727 1871

 1728 2015 1871

 1872 1729 1873

 1873 1731 1875

 1875 1733 1877

 1877 1734 1878

 1878 1735 1879

 1879 1732 1876

 1732 1874 1876

 1874 1736 1880

 1880 1737 1881

 1881 1738 1882

 1882 1739 1883

 1883 1740 1884

 1884 1741 1885

 1741 1887 1885

 1887 1745 1889

 1889 1746 1890

 1890 1747 1891

 1891 1744 1888

 1744 1886 1888

 1886 1748 1892

 1892 1749 1893

 1893 1750 1894

 1894 1751 1895

 1895 1752 1896

 1896 1753 1897

 1753 1899 1897

 1899 1757 1901

 1901 1758 1902

 1902 1759 1903

 1903 1756 1900

 1756 1898 1900

 1898 1760 1904

 1904 1761 1905

 1905 1762 1906

 1906 1763 1907

 1907 1764 1908

 1908 1765 1909

 1909 1767 1911

 1911 1769 1913

 1913 1770 1914

 1914 1771 1915

 1915 1768 1912

 1768 1910 1912

 1910 1772 1916

 1916 1773 1917

 1917 1774 1918

 1918 1775 1919

 1919 1776 1920

 1920 1777 1921

 1777 1923 1921

 1923 1781 1925

 1925 1782 1926

 1926 1783 1927

 1927 1780 1924

 1780 1922 1924

 1922 1784 1928

 1928 1785 1929

 1929 1786 1930

 1930 1787 1931

 1931 1788 1932

 1932 1789 1933

 1789 1935 1933

 1935 1793 1937

 1937 1794 1938

 1938 1795 1939

 1939 1792 1936

 1792 1934 1936

 1934 1796 1940

 1940 1797 1941

 1941 1798 1942

 1942 1799 1943

 1943 1800 1944

 1944 1801 1945

 1945 1803 1947

 1947 1805 1949

 1949 1806 1950

 1950 1807 1951

 1951 1804 1948

 1804 1946 1948

 1946 1808 1952

 1952 1809 1953

 1953 1810 1954

 1954 1811 1955

 1955 1812 1956

 1956 1813 1957

 1813 1959 1957

 1959 1817 1961

 1961 1818 1962

 1962 1819 1963

 1963 1816 1960

 1816 1958 1960

 1958 1820 1964

 1964 1821 1965

 1965 1822 1966

 1966 1823 1967

 1967 1824 1968

 1968 1825 1969

 1825 1971 1969

 1971 1829 1973

 1973 1830 1974

 1974 1831 1975

 1975 1828 1972

 1828 1970 1972

 1970 1832 1976

 1976 1833 1977

 1977 1834 1978

 1978 1835 1979

 1979 1836 1980

 1980 1837 1981

 1981 1839 1983

 1983 1841 1985

 1985 1842 1986

 1986 1843 1987

 1987 1840 1984

 1840 1982 1984

 1982 1844 1988

 1988 1845 1989

 1989 1846 1990

 1990 1847 1991

 1991 1848 1992

 1992 1849 1993

 1849 1995 1993

 1995 1853 1997

 1997 1854 1998

 1998 1855 1999

 1999 1852 1996

 1852 1994 1996

 1994 1856 2000

 2000 1857 2001

 2001 1858 2002

 2002 1859 2003

 2003 1860 2004

 2004 1861 2005

 1861 2007 2005

 2007 1865 2009

 2009 1866 2010

 2010 1867 2011

 2011 1864 2008

 1864 2006 2008

 2006 1868 2012

 2012 1869 2013

 2013 1870 2014

 2014 1871 2015

 1872 2159 2015

 2016 1873 2017

 1873 2019 2017

 2019 1877 2021

 2021 1878 2022

 2022 1879 2023

 2023 1876 2020

 1876 2018 2020

 2018 1880 2024

 2024 1881 2025

 2025 1882 2026

 2026 1883 2027

 2027 1884 2028

 2028 1885 2029

 1885 2031 2029

 2031 1889 2033

 2033 1890 2034

 2034 1891 2035

 2035 1888 2032

 1888 2030 2032

 2030 1892 2036

 2036 1893 2037

 2037 1894 2038

 2038 1895 2039

 2039 1896 2040

 2040 1897 2041

 2041 1899 2043

 2043 1901 2045

 2045 1902 2046

 2046 1903 2047

 2047 1900 2044

 1900 2042 2044

 2042 1904 2048

 2048 1905 2049

 2049 1906 2050

 2050 1907 2051

 2051 1908 2052

 2052 1909 2053

 1909 2055 2053

 2055 1913 2057

 2057 1914 2058

 2058 1915 2059

 2059 1912 2056

 1912 2054 2056

 2054 1916 2060

 2060 1917 2061

 2061 1918 2062

 2062 1919 2063

 2063 1920 2064

 2064 1921 2065

 1921 2067 2065

 2067 1925 2069

 2069 1926 2070

 2070 1927 2071

 2071 1924 2068

 1924 2066 2068

 2066 1928 2072

 2072 1929 2073

 2073 1930 2074

 2074 1931 2075

 2075 1932 2076

 2076 1933 2077

 2077 1935 2079

 2079 1937 2081

 2081 1938 2082

 2082 1939 2083

 2083 1936 2080

 1936 2078 2080

 2078 1940 2084

 2084 1941 2085

 2085 1942 2086

 2086 1943 2087

 2087 1944 2088

 2088 1945 2089

 1945 2091 2089

 2091 1949 2093

 2093 1950 2094

 2094 1951 2095

 2095 1948 2092

 1948 2090 2092

 2090 1952 2096

 2096 1953 2097

 2097 1954 2098

 2098 1955 2099

 2099 1956 2100

 2100 1957 2101

 1957 2103 2101

 2103 1961 2105

 2105 1962 2106

 2106 1963 2107

 2107 1960 2104

 1960 2102 2104

 2102 1964 2108

 2108 1965 2109

 2109 1966 2110

 2110 1967 2111

 2111 1968 2112

 2112 1969 2113

 2113 1971 2115

 2115 1973 2117

 2117 1974 2118

 2118 1975 2119

 2119 1972 2116

 1972 2114 2116

 2114 1976 2120

 2120 1977 2121

 2121 1978 2122

 2122 1979 2123

 2123 1980 2124

 2124 1981 2125

 1981 2127 2125

 2127 1985 2129

 2129 1986 2130

 2130 1987 2131

 2131 1984 2128

 1984 2126 2128

 2126 1988 2132

 2132 1989 2133

 2133 1990 2134

 2134 1991 2135

 2135 1992 2136

 2136 1993 2137

 1993 2139 2137

 2139 1997 2141

 2141 1998 2142

 2142 1999 2143

 2143 1996 2140

 1996 2138 2140

 2138 2000 2144

 2144 2001 2145

 2145 2002 2146

 2146 2003 2147

 2147 2004 2148

 2148 2005 2149

 2149 2007 2151

 2151 2009 2153

 2153 2010 2154

 2154 2011 2155

 2155 2008 2152

 2008 2150 2152

 2150 2012 2156

 2156 2013 2157

 2157 2014 2158

 2158 2015 2159

 2016 2303 2159

 2160 2017 2161

 2017 2163 2161

 2163 2021 2165

 2165 2022 2166

 2166 2023 2167

 2167 2020 2164

 2020 2162 2164

 2162 2024 2168

 2168 2025 2169

 2169 2026 2170

 2170 2027 2171

 2171 2028 2172

 2172 2029 2173

 2029 2175 2173

 2175 2033 2177

 2177 2034 2178

 2178 2035 2179

 2179 2032 2176

 2032 2174 2176

 2174 2036 2180

 2180 2037 2181

 2181 2038 2182

 2182 2039 2183

 2183 2040 2184

 2184 2041 2185

 2185 2043 2187

 2187 2045 2189

 2189 2046 2190

 2190 2047 2191

 2191 2044 2188

 2044 2186 2188

 2186 2048 2192

 2192 2049 2193

 2193 2050 2194

 2194 2051 2195

 2195 2052 2196

 2196 2053 2197

 2053 2199 2197

 2199 2057 2201

 2201 2058 2202

 2202 2059 2203

 2203 2056 2200

 2056 2198 2200

 2198 2060 2204

 2204 2061 2205

 2205 2062 2206

 2206 2063 2207

 2207 2064 2208

 2208 2065 2209

 2065 2211 2209

 2211 2069 2213

 2213 2070 2214

 2214 2071 2215

 2215 2068 2212

 2068 2210 2212

 2210 2072 2216

 2216 2073 2217

 2217 2074 2218

 2218 2075 2219

 2219 2076 2220

 2220 2077 2221

 2221 2079 2223

 2223 2081 2225

 2225 2082 2226

 2226 2083 2227

 2227 2080 2224

 2080 2222 2224

 2222 2084 2228

 2228 2085 2229

 2229 2086 2230

 2230 2087 2231

 2231 2088 2232

 2232 2089 2233

 2089 2235 2233

 2235 2093 2237

 2237 2094 2238

 2238 2095 2239

 2239 2092 2236

 2092 2234 2236

 2234 2096 2240

 2240 2097 2241

 2241 2098 2242

 2242 2099 2243

 2243 2100 2244

 2244 2101 2245

 2101 2247 2245

 2247 2105 2249

 2249 2106 2250

 2250 2107 2251

 2251 2104 2248

 2104 2246 2248

 2246 2108 2252

 2252 2109 2253

 2253 2110 2254

 2254 2111 2255

 2255 2112 2256

 2256 2113 2257

 2257 2115 2259

 2259 2117 2261

 2261 2118 2262

 2262 2119 2263

 2263 2116 2260

 2116 2258 2260

 2258 2120 2264

 2264 2121 2265

 2265 2122 2266

 2266 2123 2267

 2267 2124 2268

 2268 2125 2269

 2125 2271 2269

 2271 2129 2273

 2273 2130 2274

 2274 2131 2275

 2275 2128 2272

 2128 2270 2272

 2270 2132 2276

 2276 2133 2277

 2277 2134 2278

 2278 2135 2279

 2279 2136 2280

 2280 2137 2281

 2137 2283 2281

 2283 2141 2285

 2285 2142 2286

 2286 2143 2287

 2287 2140 2284

 2140 2282 2284

 2282 2144 2288

 2288 2145 2289

 2289 2146 2290

 2290 2147 2291

 2291 2148 2292

 2292 2149 2293

 2293 2151 2295

 2295 2153 2297

 2297 2154 2298

 2298 2155 2299

 2299 2152 2296

 2152 2294 2296

 2294 2156 2300

 2300 2157 2301

 2301 2158 2302

 2302 2159 2303

 2160 2447 2303

 2304 2161 2305

 2161 2307 2305

 2307 2165 2309

 2309 2166 2310

 2310 2167 2311

 2311 2164 2308

 2164 2306 2308

 2306 2168 2312

 2312 2169 2313

 2313 2170 2314

 2314 2171 2315

 2315 2172 2316

 2316 2173 2317

 2173 2319 2317

 2319 2177 2321

 2321 2178 2322

 2322 2179 2323

 2323 2176 2320

 2320 2174 2318

 2318 2180 2324

 2324 2181 2325

 2325 2182 2326

 2326 2183 2327

 2327 2184 2328

 2328 2185 2329

 2185 2331 2329

 2331 2189 2333

 2333 2190 2334

 2334 2191 2335

 2335 2188 2332

 2188 2330 2332

 2330 2192 2336

 2336 2193 2337

 2337 2194 2338

 2338 2195 2339

 2339 2196 2340

 2340 2197 2341

 2197 2343 2341

 2343 2201 2345

 2345 2202 2346

 2346 2203 2347

 2347 2200 2344

 2200 2342 2344

 2342 2204 2348

 2348 2205 2349

 2349 2206 2350

 2350 2207 2351

 2351 2208 2352

 2352 2209 2353

 2209 2355 2353

 2355 2213 2357

 2357 2214 2358

 2358 2215 2359

 2359 2212 2356

 2356 2210 2354

 2354 2216 2360

 2360 2217 2361

 2361 2218 2362

 2362 2219 2363

 2363 2220 2364

 2364 2221 2365

 2221 2367 2365

 2367 2225 2369

 2369 2226 2370

 2370 2227 2371

 2371 2224 2368

 2224 2366 2368

 2366 2228 2372

 2372 2229 2373

 2373 2230 2374

 2374 2231 2375

 2375 2232 2376

 2376 2233 2377

 2233 2379 2377

 2379 2237 2381

 2381 2238 2382

 2382 2239 2383

 2383 2236 2380

 2236 2378 2380

 2378 2240 2384

 2384 2241 2385

 2385 2242 2386

 2386 2243 2387

 2387 2244 2388

 2388 2245 2389

 2245 2391 2389

 2391 2249 2393

 2393 2250 2394

 2394 2251 2395

 2395 2248 2392

 2392 2246 2390

 2390 2252 2396

 2396 2253 2397

 2397 2254 2398

 2398 2255 2399

 2399 2256 2400

 2400 2257 2401

 2257 2403 2401

 2403 2261 2405

 2405 2262 2406

 2406 2263 2407

 2407 2260 2404

 2260 2402 2404

 2402 2264 2408

 2408 2265 2409

 2409 2266 2410

 2410 2267 2411

 2411 2268 2412

 2412 2269 2413

 2269 2415 2413

 2415 2273 2417

 2417 2274 2418

 2418 2275 2419

 2419 2272 2416

 2272 2414 2416

 2414 2276 2420

 2420 2277 2421

 2421 2278 2422

 2422 2279 2423

 2423 2280 2424

 2424 2281 2425

 2281 2427 2425

 2427 2285 2429

 2429 2286 2430

 2430 2287 2431

 2431 2284 2428

 2428 2282 2426

 2426 2288 2432

 2432 2289 2433

 2433 2290 2434

 2434 2291 2435

 2435 2292 2436

 2436 2293 2437

 2293 2439 2437

 2439 2297 2441

 2441 2298 2442

 2442 2299 2443

 2443 2296 2440

 2296 2438 2440

 2438 2300 2444

 2444 2301 2445

 2445 2302 2446

 2446 2303 2447

 2304 2591 2447

 2448 2305 2449

 2305 2451 2449

 2451 2309 2453

 2453 2310 2454

 2454 2311 2455

 2455 2308 2452

 2452 2306 2450

 2450 2312 2456

 2456 2313 2457

 2457 2314 2458

 2458 2315 2459

 2459 2316 2460

 2460 2317 2461

 2317 2463 2461

 2463 2321 2465

 2465 2322 2466

 2466 2323 2467

 2467 2320 2464

 2320 2462 2464

 2462 2324 2468

 2468 2325 2469

 2469 2326 2470

 2470 2327 2471

 2471 2328 2472

 2472 2329 2473

 2473 2331 2475

 2475 2333 2477

 2477 2334 2478

 2478 2335 2479

 2479 2332 2476

 2332 2474 2476

 2474 2336 2480

 2480 2337 2481

 2481 2338 2482

 2482 2339 2483

 2483 2340 2484

 2484 2341 2485

 2341 2487 2485

 2487 2345 2489

 2489 2346 2490

 2490 2347 2491

 2491 2344 2488

 2488 2342 2486

 2486 2348 2492

 2492 2349 2493

 2493 2350 2494

 2494 2351 2495

 2495 2352 2496

 2496 2353 2497

 2353 2499 2497

 2499 2357 2501

 2501 2358 2502

 2502 2359 2503

 2503 2356 2500

 2356 2498 2500

 2498 2360 2504

 2504 2361 2505

 2505 2362 2506

 2506 2363 2507

 2507 2364 2508

 2508 2365 2509

 2509 2367 2511

 2511 2369 2513

 2513 2370 2514

 2514 2371 2515

 2515 2368 2512

 2368 2510 2512

 2510 2372 2516

 2516 2373 2517

 2517 2374 2518

 2518 2375 2519

 2519 2376 2520

 2520 2377 2521

 2377 2523 2521

 2523 2381 2525

 2525 2382 2526

 2526 2383 2527

 2527 2380 2524

 2524 2378 2522

 2522 2384 2528

 2528 2385 2529

 2529 2386 2530

 2530 2387 2531

 2531 2388 2532

 2532 2389 2533

 2389 2535 2533

 2535 2393 2537

 2537 2394 2538

 2538 2395 2539

 2539 2392 2536

 2392 2534 2536

 2534 2396 2540

 2540 2397 2541

 2541 2398 2542

 2542 2399 2543

 2543 2400 2544

 2544 2401 2545

 2545 2403 2547

 2547 2405 2549

 2549 2406 2550

 2550 2407 2551

 2551 2404 2548

 2404 2546 2548

 2546 2408 2552

 2552 2409 2553

 2553 2410 2554

 2554 2411 2555

 2555 2412 2556

 2556 2413 2557

 2413 2559 2557

 2559 2417 2561

 2561 2418 2562

 2562 2419 2563

 2563 2416 2560

 2560 2414 2558

 2558 2420 2564

 2564 2421 2565

 2565 2422 2566

 2566 2423 2567

 2567 2424 2568

 2568 2425 2569

 2425 2571 2569

 2571 2429 2573

 2573 2430 2574

 2574 2431 2575

 2575 2428 2572

 2428 2570 2572

 2570 2432 2576

 2576 2433 2577

 2577 2434 2578

 2578 2435 2579

 2579 2436 2580

 2580 2437 2581

 2581 2439 2583

 2583 2441 2585

 2585 2442 2586

 2586 2443 2587

 2587 2440 2584

 2440 2582 2584

 2582 2444 2588

 2588 2445 2589

 2589 2446 2590

 2590 2447 2591

 2448 2735 2591

 2592 2449 2593

 2449 2595 2593

 2595 2453 2597

 2597 2454 2598

 2598 2455 2599

 2599 2452 2596

 2452 2594 2596

 2594 2456 2600

 2600 2457 2601

 2601 2458 2602

 2602 2459 2603

 2603 2460 2604

 2604 2461 2605

 2605 2463 2607

 2607 2465 2609

 2609 2466 2610

 2610 2467 2611

 2611 2464 2608

 2464 2606 2608

 2606 2468 2612

 2612 2469 2613

 2613 2470 2614

 2614 2471 2615

 2615 2472 2616

 2616 2473 2617

 2473 2619 2617

 2619 2477 2621

 2621 2478 2622

 2622 2479 2623

 2623 2476 2620

 2476 2618 2620

 2618 2480 2624

 2624 2481 2625

 2625 2482 2626

 2626 2483 2627

 2627 2484 2628

 2628 2485 2629

 2485 2631 2629

 2631 2489 2633

 2633 2490 2634

 2634 2491 2635

 2635 2488 2632

 2488 2630 2632

 2630 2492 2636

 2636 2493 2637

 2637 2494 2638

 2638 2495 2639

 2639 2496 2640

 2640 2497 2641

 2641 2499 2643

 2643 2501 2645

 2645 2502 2646

 2646 2503 2647

 2647 2500 2644

 2500 2642 2644

 2642 2504 2648

 2648 2505 2649

 2649 2506 2650

 2650 2507 2651

 2651 2508 2652

 2652 2509 2653

 2509 2655 2653

 2655 2513 2657

 2657 2514 2658

 2658 2515 2659

 2659 2512 2656

 2512 2654 2656

 2654 2516 2660

 2660 2517 2661

 2661 2518 2662

 2662 2519 2663

 2663 2520 2664

 2664 2521 2665

 2521 2667 2665

 2667 2525 2669

 2669 2526 2670

 2670 2527 2671

 2671 2524 2668

 2524 2666 2668

 2666 2528 2672

 2672 2529 2673

 2673 2530 2674

 2674 2531 2675

 2675 2532 2676

 2676 2533 2677

 2677 2535 2679

 2679 2537 2681

 2681 2538 2682

 2682 2539 2683

 2683 2536 2680

 2536 2678 2680

 2678 2540 2684

 2684 2541 2685

 2685 2542 2686

 2686 2543 2687

 2687 2544 2688

 2688 2545 2689

 2545 2691 2689

 2691 2549 2693

 2693 2550 2694

 2694 2551 2695

 2695 2548 2692

 2548 2690 2692

 2690 2552 2696

 2696 2553 2697

 2697 2554 2698

 2698 2555 2699

 2699 2556 2700

 2700 2557 2701

 2557 2703 2701

 2703 2561 2705

 2705 2562 2706

 2706 2563 2707

 2707 2560 2704

 2560 2702 2704

 2702 2564 2708

 2708 2565 2709

 2709 2566 2710

 2710 2567 2711

 2711 2568 2712

 2712 2569 2713

 2713 2571 2715

 2715 2573 2717

 2717 2574 2718

 2718 2575 2719

 2719 2572 2716

 2572 2714 2716

 2714 2576 2720

 2720 2577 2721

 2721 2578 2722

 2722 2579 2723

 2723 2580 2724

 2724 2581 2725

 2581 2727 2725

 2727 2585 2729

 2729 2586 2730

 2730 2587 2731

 2731 2584 2728

 2584 2726 2728

 2726 2588 2732

 2732 2589 2733

 2733 2590 2734

 2734 2591 2735

 2592 2879 2735

 2736 2593 2737

 2737 2595 2739

 2739 2597 2741

 2741 2598 2742

 2742 2599 2743

 2743 2596 2740

 2596 2738 2740

 2738 2600 2744

 2744 2601 2745

 2745 2602 2746

 2746 2603 2747

 2747 2604 2748

 2748 2605 2749

 2749 2607 2751

 2751 2609 2753

 2753 2610 2754

 2754 2611 2755

 2755 2608 2752

 2608 2750 2752

 2750 2612 2756

 2756 2613 2757

 2757 2614 2758

 2758 2615 2759

 2759 2616 2760

 2760 2617 2761

 2617 2763 2761

 2763 2621 2765

 2765 2622 2766

 2766 2623 2767

 2767 2620 2764

 2620 2762 2764

 2762 2624 2768

 2768 2625 2769

 2769 2626 2770

 2770 2627 2771

 2771 2628 2772

 2772 2629 2773

 2773 2631 2775

 2775 2633 2777

 2777 2634 2778

 2778 2635 2779

 2779 2632 2776

 2632 2774 2776

 2774 2636 2780

 2780 2637 2781

 2781 2638 2782

 2782 2639 2783

 2783 2640 2784

 2784 2641 2785

 2785 2643 2787

 2787 2645 2789

 2789 2646 2790

 2790 2647 2791

 2791 2644 2788

 2644 2786 2788

 2786 2648 2792

 2792 2649 2793

 2793 2650 2794

 2794 2651 2795

 2795 2652 2796

 2796 2653 2797

 2653 2799 2797

 2799 2657 2801

 2801 2658 2802

 2802 2659 2803

 2803 2656 2800

 2656 2798 2800

 2798 2660 2804

 2804 2661 2805

 2805 2662 2806

 2806 2663 2807

 2807 2664 2808

 2808 2665 2809

 2809 2667 2811

 2811 2669 2813

 2813 2670 2814

 2814 2671 2815

 2815 2668 2812

 2668 2810 2812

 2810 2672 2816

 2816 2673 2817

 2817 2674 2818

 2818 2675 2819

 2819 2676 2820

 2820 2677 2821

 2821 2679 2823

 2823 2681 2825

 2825 2682 2826

 2826 2683 2827

 2827 2680 2824

 2680 2822 2824

 2822 2684 2828

 2828 2685 2829

 2829 2686 2830

 2830 2687 2831

 2831 2688 2832

 2832 2689 2833

 2689 2835 2833

 2835 2693 2837

 2837 2694 2838

 2838 2695 2839

 2839 2692 2836

 2692 2834 2836

 2834 2696 2840

 2840 2697 2841

 2841 2698 2842

 2842 2699 2843

 2843 2700 2844

 2844 2701 2845

 2845 2703 2847

 2847 2705 2849

 2849 2706 2850

 2850 2707 2851

 2851 2704 2848

 2704 2846 2848

 2846 2708 2852

 2852 2709 2853

 2853 2710 2854

 2854 2711 2855

 2855 2712 2856

 2856 2713 2857

 2857 2715 2859

 2859 2717 2861

 2861 2718 2862

 2862 2719 2863

 2863 2716 2860

 2716 2858 2860

 2858 2720 2864

 2864 2721 2865

 2865 2722 2866

 2866 2723 2867

 2867 2724 2868

 2868 2725 2869

 2725 2871 2869

 2871 2729 2873

 2873 2730 2874

 2874 2731 2875

 2875 2728 2872

 2728 2870 2872

 2870 2732 2876

 2876 2733 2877

 2877 2734 2878

 2878 2735 2879

 2736 3023 2879

 2880 2737 2881

 2737 2883 2881

 2883 2741 2885

 2885 2742 2886

 2886 2743 2887

 2887 2740 2884

 2884 2738 2882

 2882 2744 2888

 2888 2745 2889

 2889 2746 2890

 2890 2747 2891

 2891 2748 2892

 2892 2749 2893

 2749 2895 2893

 2895 2753 2897

 2897 2754 2898

 2898 2755 2899

 2899 2752 2896

 2896 2750 2894

 2894 2756 2900

 2900 2757 2901

 2901 2758 2902

 2902 2759 2903

 2903 2760 2904

 2904 2761 2905

 2761 2907 2905

 2907 2765 2909

 2909 2766 2910

 2910 2767 2911

 2911 2764 2908

 2764 2906 2908

 2906 2768 2912

 2912 2769 2913

 2913 2770 2914

 2914 2771 2915

 2915 2772 2916

 2916 2773 2917

 2773 2919 2917

 2919 2777 2921

 2921 2778 2922

 2922 2779 2923

 2923 2776 2920

 2920 2774 2918

 2918 2780 2924

 2924 2781 2925

 2925 2782 2926

 2926 2783 2927

 2927 2784 2928

 2928 2785 2929

 2785 2931 2929

 2931 2789 2933

 2933 2790 2934

 2934 2791 2935

 2935 2788 2932

 2932 2786 2930

 2930 2792 2936

 2936 2793 2937

 2937 2794 2938

 2938 2795 2939

 2939 2796 2940

 2940 2797 2941

 2797 2943 2941

 2943 2801 2945

 2945 2802 2946

 2946 2803 2947

 2947 2800 2944

 2800 2942 2944

 2942 2804 2948

 2948 2805 2949

 2949 2806 2950

 2950 2807 2951

 2951 2808 2952

 2952 2809 2953

 2809 2955 2953

 2955 2813 2957

 2957 2814 2958

 2958 2815 2959

 2959 2812 2956

 2956 2810 2954

 2954 2816 2960

 2960 2817 2961

 2961 2818 2962

 2962 2819 2963

 2963 2820 2964

 2964 2821 2965

 2821 2967 2965

 2967 2825 2969

 2969 2826 2970

 2970 2827 2971

 2971 2824 2968

 2968 2822 2966

 2966 2828 2972

 2972 2829 2973

 2973 2830 2974

 2974 2831 2975

 2975 2832 2976

 2976 2833 2977

 2833 2979 2977

 2979 2837 2981

 2981 2838 2982

 2982 2839 2983

 2983 2836 2980

 2836 2978 2980

 2978 2840 2984

 2984 2841 2985

 2985 2842 2986

 2986 2843 2987

 2987 2844 2988

 2988 2845 2989

 2845 2991 2989

 2991 2849 2993

 2993 2850 2994

 2994 2851 2995

 2995 2848 2992

 2992 2846 2990

 2990 2852 2996

 2996 2853 2997

 2997 2854 2998

 2998 2855 2999

 2999 2856 3000

 3000 2857 3001

 2857 3003 3001

 3003 2861 3005

 3005 2862 3006

 3006 2863 3007

 3007 2860 3004

 3004 2858 3002

 3002 2864 3008

 3008 2865 3009

 3009 2866 3010

 3010 2867 3011

 3011 2868 3012

 3012 2869 3013

 2869 3015 3013

 3015 2873 3017

 3017 2874 3018

 3018 2875 3019

 3019 2872 3016

 2872 3014 3016

 3014 2876 3020

 3020 2877 3021

 3021 2878 3022

 3022 2879 3023

 2880 3167 3023

 3024 2881 3025

 2881 3027 3025

 3027 2885 3029

 3029 2886 3030

 3030 2887 3031

 3031 2884 3028

 3028 2882 3026

 3026 2888 3032

 3032 2889 3033

 3033 2890 3034

 3034 2891 3035

 3035 2892 3036

 3036 2893 3037

 2893 3039 3037

 3039 2897 3041

 3041 2898 3042

 3042 2899 3043

 3043 2896 3040

 2896 3038 3040

 3038 2900 3044

 3044 2901 3045

 3045 2902 3046

 3046 2903 3047

 3047 2904 3048

 3048 2905 3049

 2905 3051 3049

 3051 2909 3053

 3053 2910 3054

 3054 2911 3055

 3055 2908 3052

 2908 3050 3052

 3050 2912 3056

 3056 2913 3057

 3057 2914 3058

 3058 2915 3059

 3059 2916 3060

 3060 2917 3061

 2917 3063 3061

 3063 2921 3065

 3065 2922 3066

 3066 2923 3067

 3067 2920 3064

 3064 2918 3062

 3062 2924 3068

 3068 2925 3069

 3069 2926 3070

 3070 2927 3071

 3071 2928 3072

 3072 2929 3073

 2929 3075 3073

 3075 2933 3077

 3077 2934 3078

 3078 2935 3079

 3079 2932 3076

 2932 3074 3076

 3074 2936 3080

 3080 2937 3081

 3081 2938 3082

 3082 2939 3083

 3083 2940 3084

 3084 2941 3085

 2941 3087 3085

 3087 2945 3089

 3089 2946 3090

 3090 2947 3091

 3091 2944 3088

 2944 3086 3088

 3086 2948 3092

 3092 2949 3093

 3093 2950 3094

 3094 2951 3095

 3095 2952 3096

 3096 2953 3097

 2953 3099 3097

 3099 2957 3101

 3101 2958 3102

 3102 2959 3103

 3103 2956 3100

 3100 2954 3098

 3098 2960 3104

 3104 2961 3105

 3105 2962 3106

 3106 2963 3107

 3107 2964 3108

 3108 2965 3109

 2965 3111 3109

 3111 2969 3113

 3113 2970 3114

 3114 2971 3115

 3115 2968 3112

 2968 3110 3112

 3110 2972 3116

 3116 2973 3117

 3117 2974 3118

 3118 2975 3119

 3119 2976 3120

 3120 2977 3121

 2977 3123 3121

 3123 2981 3125

 3125 2982 3126

 3126 2983 3127

 3127 2980 3124

 2980 3122 3124

 3122 2984 3128

 3128 2985 3129

 3129 2986 3130

 3130 2987 3131

 3131 2988 3132

 3132 2989 3133

 2989 3135 3133

 3135 2993 3137

 3137 2994 3138

 3138 2995 3139

 3139 2992 3136

 3136 2990 3134

 3134 2996 3140

 3140 2997 3141

 3141 2998 3142

 3142 2999 3143

 3143 3000 3144

 3144 3001 3145

 3001 3147 3145

 3147 3005 3149

 3149 3006 3150

 3150 3007 3151

 3151 3004 3148

 3004 3146 3148

 3146 3008 3152

 3152 3009 3153

 3153 3010 3154

 3154 3011 3155

 3155 3012 3156

 3156 3013 3157

 3013 3159 3157

 3159 3017 3161

 3161 3018 3162

 3162 3019 3163

 3163 3016 3160

 3016 3158 3160

 3158 3020 3164

 3164 3021 3165

 3165 3022 3166

 3166 3023 3167

 3024 3311 3167

 3168 3025 3169

 3025 3171 3169

 3171 3029 3173

 3173 3030 3174

 3174 3031 3175

 3175 3028 3172

 3028 3170 3172

 3170 3032 3176

 3176 3033 3177

 3177 3034 3178

 3178 3035 3179

 3179 3036 3180

 3180 3037 3181

 3037 3183 3181

 3183 3041 3185

 3185 3042 3186

 3186 3043 3187

 3187 3040 3184

 3040 3182 3184

 3182 3044 3188

 3188 3045 3189

 3189 3046 3190

 3190 3047 3191

 3191 3048 3192

 3192 3049 3193

 3193 3051 3195

 3195 3053 3197

 3197 3054 3198

 3198 3055 3199

 3199 3052 3196

 3196 3050 3194

 3194 3056 3200

 3200 3057 3201

 3201 3058 3202

 3202 3059 3203

 3203 3060 3204

 3204 3061 3205

 3061 3207 3205

 3207 3065 3209

 3209 3066 3210

 3210 3067 3211

 3211 3064 3208

 3064 3206 3208

 3206 3068 3212

 3212 3069 3213

 3213 3070 3214

 3214 3071 3215

 3215 3072 3216

 3216 3073 3217

 3073 3219 3217

 3219 3077 3221

 3221 3078 3222

 3222 3079 3223

 3223 3076 3220

 3076 3218 3220

 3218 3080 3224

 3224 3081 3225

 3225 3082 3226

 3226 3083 3227

 3227 3084 3228

 3228 3085 3229

 3229 3087 3231

 3231 3089 3233

 3233 3090 3234

 3234 3091 3235

 3235 3088 3232

 3232 3086 3230

 3230 3092 3236

 3236 3093 3237

 3237 3094 3238

 3238 3095 3239

 3239 3096 3240

 3240 3097 3241

 3097 3243 3241

 3243 3101 3245

 3245 3102 3246

 3246 3103 3247

 3247 3100 3244

 3100 3242 3244

 3242 3104 3248

 3248 3105 3249

 3249 3106 3250

 3250 3107 3251

 3251 3108 3252

 3252 3109 3253

 3109 3255 3253

 3255 3113 3257

 3257 3114 3258

 3258 3115 3259

 3259 3112 3256

 3112 3254 3256

 3254 3116 3260

 3260 3117 3261

 3261 3118 3262

 3262 3119 3263

 3263 3120 3264

 3264 3121 3265

 3265 3123 3267

 3267 3125 3269

 3269 3126 3270

 3270 3127 3271

 3271 3124 3268

 3268 3122 3266

 3266 3128 3272

 3272 3129 3273

 3273 3130 3274

 3274 3131 3275

 3275 3132 3276

 3276 3133 3277

 3133 3279 3277

 3279 3137 3281

 3281 3138 3282

 3282 3139 3283

 3283 3136 3280

 3136 3278 3280

 3278 3140 3284

 3284 3141 3285

 3285 3142 3286

 3286 3143 3287

 3287 3144 3288

 3288 3145 3289

 3145 3291 3289

 3291 3149 3293

 3293 3150 3294

 3294 3151 3295

 3295 3148 3292

 3148 3290 3292

 3290 3152 3296

 3296 3153 3297

 3297 3154 3298

 3298 3155 3299

 3299 3156 3300

 3300 3157 3301

 3301 3159 3303

 3303 3161 3305

 3305 3162 3306

 3306 3163 3307

 3307 3160 3304

 3304 3158 3302

 3302 3164 3308

 3308 3165 3309

 3309 3166 3310

 3310 3167 3311

 3168 3455 3311

 3312 3169 3313

 3169 3315 3313

 3315 3173 3317

 3317 3174 3318

 3318 3175 3319

 3319 3172 3316

 3316 3170 3314

 3314 3176 3320

 3320 3177 3321

 3321 3178 3322

 3322 3179 3323

 3323 3180 3324

 3324 3181 3325

 3325 3183 3327

 3327 3185 3329

 3329 3186 3330

 3330 3187 3331

 3331 3184 3328

 3184 3326 3328

 3326 3188 3332

 3332 3189 3333

 3333 3190 3334

 3334 3191 3335

 3335 3192 3336

 3336 3193 3337

 3337 3195 3339

 3339 3197 3341

 3341 3198 3342

 3342 3199 3343

 3343 3196 3340

 3340 3194 3338

 3338 3200 3344

 3344 3201 3345

 3345 3202 3346

 3346 3203 3347

 3347 3204 3348

 3348 3205 3349

 3205 3351 3349

 3351 3209 3353

 3353 3210 3354

 3354 3211 3355

 3355 3208 3352

 3352 3206 3350

 3350 3212 3356

 3356 3213 3357

 3357 3214 3358

 3358 3215 3359

 3359 3216 3360

 3360 3217 3361

 3361 3219 3363

 3363 3221 3365

 3365 3222 3366

 3366 3223 3367

 3367 3220 3364

 3220 3362 3364

 3362 3224 3368

 3368 3225 3369

 3369 3226 3370

 3370 3227 3371

 3371 3228 3372

 3372 3229 3373

 3373 3231 3375

 3375 3233 3377

 3377 3234 3378

 3378 3235 3379

 3379 3232 3376

 3376 3230 3374

 3374 3236 3380

 3380 3237 3381

 3381 3238 3382

 3382 3239 3383

 3383 3240 3384

 3384 3241 3385

 3241 3387 3385

 3387 3245 3389

 3389 3246 3390

 3390 3247 3391

 3391 3244 3388

 3388 3242 3386

 3386 3248 3392

 3392 3249 3393

 3393 3250 3394

 3394 3251 3395

 3395 3252 3396

 3396 3253 3397

 3397 3255 3399

 3399 3257 3401

 3401 3258 3402

 3402 3259 3403

 3403 3256 3400

 3256 3398 3400

 3398 3260 3404

 3404 3261 3405

 3405 3262 3406

 3406 3263 3407

 3407 3264 3408

 3408 3265 3409

 3409 3267 3411

 3411 3269 3413

 3413 3270 3414

 3414 3271 3415

 3415 3268 3412

 3412 3266 3410

 3410 3272 3416

 3416 3273 3417

 3417 3274 3418

 3418 3275 3419

 3419 3276 3420

 3420 3277 3421

 3277 3423 3421

 3423 3281 3425

 3425 3282 3426

 3426 3283 3427

 3427 3280 3424

 3424 3278 3422

 3422 3284 3428

 3428 3285 3429

 3429 3286 3430

 3430 3287 3431

 3431 3288 3432

 3432 3289 3433

 3433 3291 3435

 3435 3293 3437

 3437 3294 3438

 3438 3295 3439

 3439 3292 3436

 3292 3434 3436

 3434 3296 3440

 3440 3297 3441

 3441 3298 3442

 3442 3299 3443

 3443 3300 3444

 3444 3301 3445

 3445 3303 3447

 3447 3305 3449

 3449 3306 3450

 3450 3307 3451

 3451 3304 3448

 3448 3302 3446

 3446 3308 3452

 3452 3309 3453

 3453 3310 3454

 3454 3311 3455

 3312 3599 3455

 3456 3313 3457

 3313 3459 3457

 3459 3317 3461

 3461 3318 3462

 3462 3319 3463

 3463 3316 3460

 3316 3458 3460

 3458 3320 3464

 3464 3321 3465

 3465 3322 3466

 3466 3323 3467

 3467 3324 3468

 3468 3325 3469

 3469 3327 3471

 3471 3329 3473

 3473 3330 3474

 3474 3331 3475

 3475 3328 3472

 3472 3326 3470

 3470 3332 3476

 3476 3333 3477

 3477 3334 3478

 3478 3335 3479

 3479 3336 3480

 3480 3337 3481

 3337 3483 3481

 3483 3341 3485

 3485 3342 3486

 3486 3343 3487

 3487 3340 3484

 3484 3338 3482

 3482 3344 3488

 3488 3345 3489

 3489 3346 3490

 3490 3347 3491

 3491 3348 3492

 3492 3349 3493

 3349 3495 3493

 3495 3353 3497

 3497 3354 3498

 3498 3355 3499

 3499 3352 3496

 3352 3494 3496

 3494 3356 3500

 3500 3357 3501

 3501 3358 3502

 3502 3359 3503

 3503 3360 3504

 3504 3361 3505

 3505 3363 3507

 3507 3365 3509

 3509 3366 3510

 3510 3367 3511

 3511 3364 3508

 3508 3362 3506

 3506 3368 3512

 3512 3369 3513

 3513 3370 3514

 3514 3371 3515

 3515 3372 3516

 3516 3373 3517

 3373 3519 3517

 3519 3377 3521

 3521 3378 3522

 3522 3379 3523

 3523 3376 3520

 3520 3374 3518

 3518 3380 3524

 3524 3381 3525

 3525 3382 3526

 3526 3383 3527

 3527 3384 3528

 3528 3385 3529

 3385 3531 3529

 3531 3389 3533

 3533 3390 3534

 3534 3391 3535

 3535 3388 3532

 3388 3530 3532

 3530 3392 3536

 3536 3393 3537

 3537 3394 3538

 3538 3395 3539

 3539 3396 3540

 3540 3397 3541

 3541 3399 3543

 3543 3401 3545

 3545 3402 3546

 3546 3403 3547

 3547 3400 3544

 3544 3398 3542

 3542 3404 3548

 3548 3405 3549

 3549 3406 3550

 3550 3407 3551

 3551 3408 3552

 3552 3409 3553

 3409 3555 3553

 3555 3413 3557

 3557 3414 3558

 3558 3415 3559

 3559 3412 3556

 3556 3410 3554

 3554 3416 3560

 3560 3417 3561

 3561 3418 3562

 3562 3419 3563

 3563 3420 3564

 3564 3421 3565

 3421 3567 3565

 3567 3425 3569

 3569 3426 3570

 3570 3427 3571

 3571 3424 3568

 3424 3566 3568

 3566 3428 3572

 3572 3429 3573

 3573 3430 3574

 3574 3431 3575

 3575 3432 3576

 3576 3433 3577

 3577 3435 3579

 3579 3437 3581

 3581 3438 3582

 3582 3439 3583

 3583 3436 3580

 3580 3434 3578

 3578 3440 3584

 3584 3441 3585

 3585 3442 3586

 3586 3443 3587

 3587 3444 3588

 3588 3445 3589

 3445 3591 3589

 3591 3449 3593

 3593 3450 3594

 3594 3451 3595

 3595 3448 3592

 3592 3446 3590

 3590 3452 3596

 3596 3453 3597

 3597 3454 3598

 3598 3455 3599

 3456 3743 3599

 3600 3457 3601

 3601 3459 3603

 3603 3461 3605

 3605 3462 3606

 3606 3463 3607

 3607 3460 3604

 3460 3602 3604

 3602 3464 3608

 3608 3465 3609

 3609 3466 3610

 3610 3467 3611

 3611 3468 3612

 3612 3469 3613

 3613 3471 3615

 3615 3473 3617

 3617 3474 3618

 3618 3475 3619

 3619 3472 3616

 3616 3470 3614

 3614 3476 3620

 3620 3477 3621

 3621 3478 3622

 3622 3479 3623

 3623 3480 3624

 3624 3481 3625

 3481 3627 3625

 3627 3485 3629

 3629 3486 3630

 3630 3487 3631

 3631 3484 3628

 3484 3626 3628

 3626 3488 3632

 3632 3489 3633

 3633 3490 3634

 3634 3491 3635

 3635 3492 3636

 3636 3493 3637

 3637 3495 3639

 3639 3497 3641

 3641 3498 3642

 3642 3499 3643

 3643 3496 3640

 3496 3638 3640

 3638 3500 3644

 3644 3501 3645

 3645 3502 3646

 3646 3503 3647

 3647 3504 3648

 3648 3505 3649

 3649 3507 3651

 3651 3509 3653

 3653 3510 3654

 3654 3511 3655

 3655 3508 3652

 3652 3506 3650

 3650 3512 3656

 3656 3513 3657

 3657 3514 3658

 3658 3515 3659

 3659 3516 3660

 3660 3517 3661

 3517 3663 3661

 3663 3521 3665

 3665 3522 3666

 3666 3523 3667

 3667 3520 3664

 3520 3662 3664

 3662 3524 3668

 3668 3525 3669

 3669 3526 3670

 3670 3527 3671

 3671 3528 3672

 3672 3529 3673

 3673 3531 3675

 3675 3533 3677

 3677 3534 3678

 3678 3535 3679

 3679 3532 3676

 3532 3674 3676

 3674 3536 3680

 3680 3537 3681

 3681 3538 3682

 3682 3539 3683

 3683 3540 3684

 3684 3541 3685

 3685 3543 3687

 3687 3545 3689

 3689 3546 3690

 3690 3547 3691

 3691 3544 3688

 3688 3542 3686

 3686 3548 3692

 3692 3549 3693

 3693 3550 3694

 3694 3551 3695

 3695 3552 3696

 3696 3553 3697

 3553 3699 3697

 3699 3557 3701

 3701 3558 3702

 3702 3559 3703

 3703 3556 3700

 3556 3698 3700

 3698 3560 3704

 3704 3561 3705

 3705 3562 3706

 3706 3563 3707

 3707 3564 3708

 3708 3565 3709

 3709 3567 3711

 3711 3569 3713

 3713 3570 3714

 3714 3571 3715

 3715 3568 3712

 3568 3710 3712

 3710 3572 3716

 3716 3573 3717

 3717 3574 3718

 3718 3575 3719

 3719 3576 3720

 3720 3577 3721

 3721 3579 3723

 3723 3581 3725

 3725 3582 3726

 3726 3583 3727

 3727 3580 3724

 3724 3578 3722

 3722 3584 3728

 3728 3585 3729

 3729 3586 3730

 3730 3587 3731

 3731 3588 3732

 3732 3589 3733

 3589 3735 3733

 3735 3593 3737

 3737 3594 3738

 3738 3595 3739

 3739 3592 3736

 3592 3734 3736

 3734 3596 3740

 3740 3597 3741

 3741 3598 3742

 3742 3599 3743

 3600 3887 3743

 3744 3601 3745

 3601 3747 3745

 3747 3605 3749

 3749 3606 3750

 3750 3607 3751

 3751 3604 3748

 3748 3602 3746

 3746 3608 3752

 3752 3609 3753

 3753 3610 3754

 3754 3611 3755

 3755 3612 3756

 3756 3613 3757

 3613 3759 3757

 3759 3617 3761

 3761 3618 3762

 3762 3619 3763

 3763 3616 3760

 3616 3758 3760

 3758 3620 3764

 3764 3621 3765

 3765 3622 3766

 3766 3623 3767

 3767 3624 3768

 3768 3625 3769

 3625 3771 3769

 3771 3629 3773

 3773 3630 3774

 3774 3631 3775

 3775 3628 3772

 3772 3626 3770

 3770 3632 3776

 3776 3633 3777

 3777 3634 3778

 3778 3635 3779

 3779 3636 3780

 3780 3637 3781

 3637 3783 3781

 3783 3641 3785

 3785 3642 3786

 3786 3643 3787

 3787 3640 3784

 3784 3638 3782

 3782 3644 3788

 3788 3645 3789

 3789 3646 3790

 3790 3647 3791

 3791 3648 3792

 3792 3649 3793

 3649 3795 3793

 3795 3653 3797

 3797 3654 3798

 3798 3655 3799

 3799 3652 3796

 3652 3794 3796

 3794 3656 3800

 3800 3657 3801

 3801 3658 3802

 3802 3659 3803

 3803 3660 3804

 3804 3661 3805

 3661 3807 3805

 3807 3665 3809

 3809 3666 3810

 3810 3667 3811

 3811 3664 3808

 3808 3662 3806

 3806 3668 3812

 3812 3669 3813

 3813 3670 3814

 3814 3671 3815

 3815 3672 3816

 3816 3673 3817

 3673 3819 3817

 3819 3677 3821

 3821 3678 3822

 3822 3679 3823

 3823 3676 3820

 3820 3674 3818

 3818 3680 3824

 3824 3681 3825

 3825 3682 3826

 3826 3683 3827

 3827 3684 3828

 3828 3685 3829

 3685 3831 3829

 3831 3689 3833

 3833 3690 3834

 3834 3691 3835

 3835 3688 3832

 3688 3830 3832

 3830 3692 3836

 3836 3693 3837

 3837 3694 3838

 3838 3695 3839

 3839 3696 3840

 3840 3697 3841

 3697 3843 3841

 3843 3701 3845

 3845 3702 3846

 3846 3703 3847

 3847 3700 3844

 3844 3698 3842

 3842 3704 3848

 3848 3705 3849

 3849 3706 3850

 3850 3707 3851

 3851 3708 3852

 3852 3709 3853

 3709 3855 3853

 3855 3713 3857

 3857 3714 3858

 3858 3715 3859

 3859 3712 3856

 3856 3710 3854

 3854 3716 3860

 3860 3717 3861

 3861 3718 3862

 3862 3719 3863

 3863 3720 3864

 3864 3721 3865

 3721 3867 3865

 3867 3725 3869

 3869 3726 3870

 3870 3727 3871

 3871 3724 3868

 3724 3866 3868

 3866 3728 3872

 3872 3729 3873

 3873 3730 3874

 3874 3731 3875

 3875 3732 3876

 3876 3733 3877

 3733 3879 3877

 3879 3737 3881

 3881 3738 3882

 3882 3739 3883

 3883 3736 3880

 3880 3734 3878

 3878 3740 3884

 3884 3741 3885

 3885 3742 3886

 3886 3743 3887

 3744 4031 3887

 3888 3745 3889

 3745 3891 3889

 3891 3749 3893

 3893 3750 3894

 3894 3751 3895

 3895 3748 3892

 3892 3746 3890

 3890 3752 3896

 3896 3753 3897

 3897 3754 3898

 3898 3755 3899

 3899 3756 3900

 3900 3757 3901

 3757 3903 3901

 3903 3761 3905

 3905 3762 3906

 3906 3763 3907

 3907 3760 3904

 3904 3758 3902

 3902 3764 3908

 3908 3765 3909

 3909 3766 3910

 3910 3767 3911

 3911 3768 3912

 3912 3769 3913

 3769 3915 3913

 3915 3773 3917

 3917 3774 3918

 3918 3775 3919

 3919 3772 3916

 3916 3770 3914

 3914 3776 3920

 3920 3777 3921

 3921 3778 3922

 3922 3779 3923

 3923 3780 3924

 3924 3781 3925

 3781 3927 3925

 3927 3785 3929

 3929 3786 3930

 3930 3787 3931

 3931 3784 3928

 3928 3782 3926

 3926 3788 3932

 3932 3789 3933

 3933 3790 3934

 3934 3791 3935

 3935 3792 3936

 3936 3793 3937

 3793 3939 3937

 3939 3797 3941

 3941 3798 3942

 3942 3799 3943

 3943 3796 3940

 3940 3794 3938

 3938 3800 3944

 3944 3801 3945

 3945 3802 3946

 3946 3803 3947

 3947 3804 3948

 3948 3805 3949

 3805 3951 3949

 3951 3809 3953

 3953 3810 3954

 3954 3811 3955

 3955 3808 3952

 3952 3806 3950

 3950 3812 3956

 3956 3813 3957

 3957 3814 3958

 3958 3815 3959

 3959 3816 3960

 3960 3817 3961

 3817 3963 3961

 3963 3821 3965

 3965 3822 3966

 3966 3823 3967

 3967 3820 3964

 3964 3818 3962

 3962 3824 3968

 3968 3825 3969

 3969 3826 3970

 3970 3827 3971

 3971 3828 3972

 3972 3829 3973

 3829 3975 3973

 3975 3833 3977

 3977 3834 3978

 3978 3835 3979

 3979 3832 3976

 3976 3830 3974

 3974 3836 3980

 3980 3837 3981

 3981 3838 3982

 3982 3839 3983

 3983 3840 3984

 3984 3841 3985

 3841 3987 3985

 3987 3845 3989

 3989 3846 3990

 3990 3847 3991

 3991 3844 3988

 3988 3842 3986

 3986 3848 3992

 3992 3849 3993

 3993 3850 3994

 3994 3851 3995

 3995 3852 3996

 3996 3853 3997

 3853 3999 3997

 3999 3857 4001

 4001 3858 4002

 4002 3859 4003

 4003 3856 4000

 4000 3854 3998

 3998 3860 4004

 4004 3861 4005

 4005 3862 4006

 4006 3863 4007

 4007 3864 4008

 4008 3865 4009

 3865 4011 4009

 4011 3869 4013

 4013 3870 4014

 4014 3871 4015

 4015 3868 4012

 4012 3866 4010

 4010 3872 4016

 4016 3873 4017

 4017 3874 4018

 4018 3875 4019

 4019 3876 4020

 4020 3877 4021

 3877 4023 4021

 4023 3881 4025

 4025 3882 4026

 4026 3883 4027

 4027 3880 4024

 4024 3878 4022

 4022 3884 4028

 4028 3885 4029

 4029 3886 4030

 4030 3887 4031

 3888 4175 4031

 4032 3889 4033

 3889 4035 4033

 4035 3893 4037

 4037 3894 4038

 4038 3895 4039

 4039 3892 4036

 3892 4034 4036

 4034 3896 4040

 4040 3897 4041

 4041 3898 4042

 4042 3899 4043

 4043 3900 4044

 4044 3901 4045

 3901 4047 4045

 4047 3905 4049

 4049 3906 4050

 4050 3907 4051

 4051 3904 4048

 3904 4046 4048

 4046 3908 4052

 4052 3909 4053

 4053 3910 4054

 4054 3911 4055

 4055 3912 4056

 4056 3913 4057

 4057 3915 4059

 4059 3917 4061

 4061 3918 4062

 4062 3919 4063

 4063 3916 4060

 3916 4058 4060

 4058 3920 4064

 4064 3921 4065

 4065 3922 4066

 4066 3923 4067

 4067 3924 4068

 4068 3925 4069

 3925 4071 4069

 4071 3929 4073

 4073 3930 4074

 4074 3931 4075

 4075 3928 4072

 3928 4070 4072

 4070 3932 4076

 4076 3933 4077

 4077 3934 4078

 4078 3935 4079

 4079 3936 4080

 4080 3937 4081

 3937 4083 4081

 4083 3941 4085

 4085 3942 4086

 4086 3943 4087

 4087 3940 4084

 3940 4082 4084

 4082 3944 4088

 4088 3945 4089

 4089 3946 4090

 4090 3947 4091

 4091 3948 4092

 4092 3949 4093

 4093 3951 4095

 4095 3953 4097

 4097 3954 4098

 4098 3955 4099

 4099 3952 4096

 3952 4094 4096

 4094 3956 4100

 4100 3957 4101

 4101 3958 4102

 4102 3959 4103

 4103 3960 4104

 4104 3961 4105

 3961 4107 4105

 4107 3965 4109

 4109 3966 4110

 4110 3967 4111

 4111 3964 4108

 3964 4106 4108

 4106 3968 4112

 4112 3969 4113

 4113 3970 4114

 4114 3971 4115

 4115 3972 4116

 4116 3973 4117

 3973 4119 4117

 4119 3977 4121

 4121 3978 4122

 4122 3979 4123

 4123 3976 4120

 3976 4118 4120

 4118 3980 4124

 4124 3981 4125

 4125 3982 4126

 4126 3983 4127

 4127 3984 4128

 4128 3985 4129

 4129 3987 4131

 4131 3989 4133

 4133 3990 4134

 4134 3991 4135

 4135 3988 4132

 3988 4130 4132

 4130 3992 4136

 4136 3993 4137

 4137 3994 4138

 4138 3995 4139

 4139 3996 4140

 4140 3997 4141

 3997 4143 4141

 4143 4001 4145

 4145 4002 4146

 4146 4003 4147

 4147 4000 4144

 4000 4142 4144

 4142 4004 4148

 4148 4005 4149

 4149 4006 4150

 4150 4007 4151

 4151 4008 4152

 4152 4009 4153

 4009 4155 4153

 4155 4013 4157

 4157 4014 4158

 4158 4015 4159

 4159 4012 4156

 4012 4154 4156

 4154 4016 4160

 4160 4017 4161

 4161 4018 4162

 4162 4019 4163

 4163 4020 4164

 4164 4021 4165

 4165 4023 4167

 4167 4025 4169

 4169 4026 4170

 4170 4027 4171

 4171 4024 4168

 4024 4166 4168

 4166 4028 4172

 4172 4029 4173

 4173 4030 4174

 4174 4031 4175

 4032 4319 4175

 4176 4033 4177

 4177 4035 4179

 4179 4037 4181

 4181 4038 4182

 4182 4039 4183

 4183 4036 4180

 4036 4178 4180

 4178 4040 4184

 4184 4041 4185

 4185 4042 4186

 4186 4043 4187

 4187 4044 4188

 4188 4045 4189

 4045 4191 4189

 4191 4049 4193

 4193 4050 4194

 4194 4051 4195

 4195 4048 4192

 4048 4190 4192

 4190 4052 4196

 4196 4053 4197

 4197 4054 4198

 4198 4055 4199

 4199 4056 4200

 4200 4057 4201

 4201 4059 4203

 4203 4061 4205

 4205 4062 4206

 4206 4063 4207

 4207 4060 4204

 4060 4202 4204

 4202 4064 4208

 4208 4065 4209

 4209 4066 4210

 4210 4067 4211

 4211 4068 4212

 4212 4069 4213

 4213 4071 4215

 4215 4073 4217

 4217 4074 4218

 4218 4075 4219

 4219 4072 4216

 4072 4214 4216

 4214 4076 4220

 4220 4077 4221

 4221 4078 4222

 4222 4079 4223

 4223 4080 4224

 4224 4081 4225

 4081 4227 4225

 4227 4085 4229

 4229 4086 4230

 4230 4087 4231

 4231 4084 4228

 4084 4226 4228

 4226 4088 4232

 4232 4089 4233

 4233 4090 4234

 4234 4091 4235

 4235 4092 4236

 4236 4093 4237

 4237 4095 4239

 4239 4097 4241

 4241 4098 4242

 4242 4099 4243

 4243 4096 4240

 4096 4238 4240

 4238 4100 4244

 4244 4101 4245

 4245 4102 4246

 4246 4103 4247

 4247 4104 4248

 4248 4105 4249

 4249 4107 4251

 4251 4109 4253

 4253 4110 4254

 4254 4111 4255

 4255 4108 4252

 4108 4250 4252

 4250 4112 4256

 4256 4113 4257

 4257 4114 4258

 4258 4115 4259

 4259 4116 4260

 4260 4117 4261

 4117 4263 4261

 4263 4121 4265

 4265 4122 4266

 4266 4123 4267

 4267 4120 4264

 4120 4262 4264

 4262 4124 4268

 4268 4125 4269

 4269 4126 4270

 4270 4127 4271

 4271 4128 4272

 4272 4129 4273

 4273 4131 4275

 4275 4133 4277

 4277 4134 4278

 4278 4135 4279

 4279 4132 4276

 4132 4274 4276

 4274 4136 4280

 4280 4137 4281

 4281 4138 4282

 4282 4139 4283

 4283 4140 4284

 4284 4141 4285

 4285 4143 4287

 4287 4145 4289

 4289 4146 4290

 4290 4147 4291

 4291 4144 4288

 4144 4286 4288

 4286 4148 4292

 4292 4149 4293

 4293 4150 4294

 4294 4151 4295

 4295 4152 4296

 4296 4153 4297

 4153 4299 4297

 4299 4157 4301

 4301 4158 4302

 4302 4159 4303

 4303 4156 4300

 4156 4298 4300

 4298 4160 4304

 4304 4161 4305

 4305 4162 4306

 4306 4163 4307

 4307 4164 4308

 4308 4165 4309

 4309 4167 4311

 4311 4169 4313

 4313 4170 4314

 4314 4171 4315

 4315 4168 4312

 4168 4310 4312

 4310 4172 4316

 4316 4173 4317

 4317 4174 4318

 4318 4175 4319

 4176 4463 4319

 4320 4177 4321

 4177 4323 4321

 4323 4181 4325

 4325 4182 4326

 4326 4183 4327

 4327 4180 4324

 4180 4322 4324

 4322 4184 4328

 4328 4185 4329

 4329 4186 4330

 4330 4187 4331

 4331 4188 4332

 4332 4189 4333

 4189 4335 4333

 4335 4193 4337

 4337 4194 4338

 4338 4195 4339

 4339 4192 4336

 4192 4334 4336

 4334 4196 4340

 4340 4197 4341

 4341 4198 4342

 4342 4199 4343

 4343 4200 4344

 4344 4201 4345

 4201 4347 4345

 4347 4205 4349

 4349 4206 4350

 4350 4207 4351

 4351 4204 4348

 4204 4346 4348

 4346 4208 4352

 4352 4209 4353

 4353 4210 4354

 4354 4211 4355

 4355 4212 4356

 4356 4213 4357

 4213 4359 4357

 4359 4217 4361

 4361 4218 4362

 4362 4219 4363

 4363 4216 4360

 4216 4358 4360

 4358 4220 4364

 4364 4221 4365

 4365 4222 4366

 4366 4223 4367

 4367 4224 4368

 4368 4225 4369

 4225 4371 4369

 4371 4229 4373

 4373 4230 4374

 4374 4231 4375

 4375 4228 4372

 4228 4370 4372

 4370 4232 4376

 4376 4233 4377

 4377 4234 4378

 4378 4235 4379

 4379 4236 4380

 4380 4237 4381

 4237 4383 4381

 4383 4241 4385

 4385 4242 4386

 4386 4243 4387

 4387 4240 4384

 4240 4382 4384

 4382 4244 4388

 4388 4245 4389

 4389 4246 4390

 4390 4247 4391

 4391 4248 4392

 4392 4249 4393

 4249 4395 4393

 4395 4253 4397

 4397 4254 4398

 4398 4255 4399

 4399 4252 4396

 4252 4394 4396

 4394 4256 4400

 4400 4257 4401

 4401 4258 4402

 4402 4259 4403

 4403 4260 4404

 4404 4261 4405

 4261 4407 4405

 4407 4265 4409

 4409 4266 4410

 4410 4267 4411

 4411 4264 4408

 4264 4406 4408

 4406 4268 4412

 4412 4269 4413

 4413 4270 4414

 4414 4271 4415

 4415 4272 4416

 4416 4273 4417

 4273 4419 4417

 4419 4277 4421

 4421 4278 4422

 4422 4279 4423

 4423 4276 4420

 4276 4418 4420

 4418 4280 4424

 4424 4281 4425

 4425 4282 4426

 4426 4283 4427

 4427 4284 4428

 4428 4285 4429

 4285 4431 4429

 4431 4289 4433

 4433 4290 4434

 4434 4291 4435

 4435 4288 4432

 4288 4430 4432

 4430 4292 4436

 4436 4293 4437

 4437 4294 4438

 4438 4295 4439

 4439 4296 4440

 4440 4297 4441

 4297 4443 4441

 4443 4301 4445

 4445 4302 4446

 4446 4303 4447

 4447 4300 4444

 4300 4442 4444

 4442 4304 4448

 4448 4305 4449

 4449 4306 4450

 4450 4307 4451

 4451 4308 4452

 4452 4309 4453

 4309 4455 4453

 4455 4313 4457

 4457 4314 4458

 4458 4315 4459

 4459 4312 4456

 4312 4454 4456

 4454 4316 4460

 4460 4317 4461

 4461 4318 4462

 4462 4319 4463

 4320 4607 4463

 4464 4321 4465

 4465 4323 4467

 4467 4325 4469

 4469 4326 4470

 4470 4327 4471

 4471 4324 4468

 4468 4322 4466

 4466 4328 4472

 4472 4329 4473

 4473 4330 4474

 4474 4331 4475

 4475 4332 4476

 4476 4333 4477

 4333 4479 4477

 4479 4337 4481

 4481 4338 4482

 4482 4339 4483

 4483 4336 4480

 4336 4478 4480

 4478 4340 4484

 4484 4341 4485

 4485 4342 4486

 4486 4343 4487

 4487 4344 4488

 4488 4345 4489

 4345 4491 4489

 4491 4349 4493

 4493 4350 4494

 4494 4351 4495

 4495 4348 4492

 4492 4346 4490

 4490 4352 4496

 4496 4353 4497

 4497 4354 4498

 4498 4355 4499

 4499 4356 4500

 4500 4357 4501

 4501 4359 4503

 4503 4361 4505

 4505 4362 4506

 4506 4363 4507

 4507 4360 4504

 4504 4358 4502

 4502 4364 4508

 4508 4365 4509

 4509 4366 4510

 4510 4367 4511

 4511 4368 4512

 4512 4369 4513

 4369 4515 4513

 4515 4373 4517

 4517 4374 4518

 4518 4375 4519

 4519 4372 4516

 4372 4514 4516

 4514 4376 4520

 4520 4377 4521

 4521 4378 4522

 4522 4379 4523

 4523 4380 4524

 4524 4381 4525

 4381 4527 4525

 4527 4385 4529

 4529 4386 4530

 4530 4387 4531

 4531 4384 4528

 4528 4382 4526

 4526 4388 4532

 4532 4389 4533

 4533 4390 4534

 4534 4391 4535

 4535 4392 4536

 4536 4393 4537

 4537 4395 4539

 4539 4397 4541

 4541 4398 4542

 4542 4399 4543

 4543 4396 4540

 4540 4394 4538

 4538 4400 4544

 4544 4401 4545

 4545 4402 4546

 4546 4403 4547

 4547 4404 4548

 4548 4405 4549

 4405 4551 4549

 4551 4409 4553

 4553 4410 4554

 4554 4411 4555

 4555 4408 4552

 4408 4550 4552

 4550 4412 4556

 4556 4413 4557

 4557 4414 4558

 4558 4415 4559

 4559 4416 4560

 4560 4417 4561

 4417 4563 4561

 4563 4421 4565

 4565 4422 4566

 4566 4423 4567

 4567 4420 4564

 4564 4418 4562

 4562 4424 4568

 4568 4425 4569

 4569 4426 4570

 4570 4427 4571

 4571 4428 4572

 4572 4429 4573

 4573 4431 4575

 4575 4433 4577

 4577 4434 4578

 4578 4435 4579

 4579 4432 4576

 4576 4430 4574

 4574 4436 4580

 4580 4437 4581

 4581 4438 4582

 4582 4439 4583

 4583 4440 4584

 4584 4441 4585

 4441 4587 4585

 4587 4445 4589

 4589 4446 4590

 4590 4447 4591

 4591 4444 4588

 4444 4586 4588

 4586 4448 4592

 4592 4449 4593

 4593 4450 4594

 4594 4451 4595

 4595 4452 4596

 4596 4453 4597

 4453 4599 4597

 4599 4457 4601

 4601 4458 4602

 4602 4459 4603

 4603 4456 4600

 4600 4454 4598

 4598 4460 4604

 4604 4461 4605

 4605 4462 4606

 4606 4463 4607

 74 62 61

 4513 4525 4526

 0 144 287

 144 0 1

 1 3 147

 147 3 5

 149 5 6

 150 6 7

 151 7 4

 4 2 146

 146 2 8

 152 8 9

 153 9 10

 154 10 11

 155 11 12

 156 12 13

 13 15 159

 159 15 17

 161 17 18

 162 18 19

 163 19 16

 160 16 14

 158 14 20

 164 20 21

 165 21 22

 166 22 23

 167 23 24

 168 24 25

 169 25 27

 171 27 29

 173 29 30

 174 30 31

 175 31 28

 28 26 170

 170 26 32

 176 32 33

 177 33 34

 178 34 35

 179 35 36

 180 36 37

 37 39 183

 183 39 41

 185 41 42

 186 42 43

 187 43 40

 40 38 182

 182 38 44

 188 44 45

 189 45 46

 190 46 47

 191 47 48

 192 48 49

 49 51 195

 195 51 53

 197 53 54

 198 54 55

 199 55 52

 196 52 50

 194 50 56

 200 56 57

 201 57 58

 202 58 59

 203 59 60

 204 60 61

 205 61 63

 207 63 65

 209 65 66

 210 66 67

 211 67 64

 64 62 206

 206 62 68

 212 68 69

 213 69 70

 214 70 71

 215 71 72

 216 72 73

 73 75 219

 219 75 77

 221 77 78

 222 78 79

 223 79 76

 76 74 218

 218 74 80

 224 80 81

 225 81 82

 226 82 83

 227 83 84

 228 84 85

 85 87 231

 231 87 89

 233 89 90

 234 90 91

 235 91 88

 232 88 86

 230 86 92

 236 92 93

 237 93 94

 238 94 95

 239 95 96

 240 96 97

 241 97 99

 243 99 101

 245 101 102

 246 102 103

 247 103 100

 100 98 242

 242 98 104

 248 104 105

 249 105 106

 250 106 107

 251 107 108

 252 108 109

 109 111 255

 255 111 113

 257 113 114

 258 114 115

 259 115 112

 112 110 254

 254 110 116

 260 116 117

 261 117 118

 262 118 119

 263 119 120

 264 120 121

 121 123 267

 267 123 125

 269 125 126

 270 126 127

 271 127 124

 268 124 122

 266 122 128

 272 128 129

 273 129 130

 274 130 131

 275 131 132

 276 132 133

 277 133 135

 279 135 137

 281 137 138

 282 138 139

 283 139 136

 136 134 278

 278 134 140

 284 140 141

 285 141 142

 286 142 143

 144 288 431

 288 144 145

 145 147 291

 291 147 149

 293 149 150

 294 150 151

 295 151 148

 148 146 290

 290 146 152

 296 152 153

 297 153 154

 298 154 155

 299 155 156

 300 156 157

 157 159 303

 303 159 161

 305 161 162

 306 162 163

 307 163 160

 160 158 302

 302 158 164

 308 164 165

 309 165 166

 310 166 167

 311 167 168

 312 168 169

 169 171 315

 315 171 173

 317 173 174

 318 174 175

 319 175 172

 172 170 314

 314 170 176

 320 176 177

 321 177 178

 322 178 179

 323 179 180

 324 180 181

 181 183 327

 327 183 185

 329 185 186

 330 186 187

 331 187 184

 184 182 326

 326 182 188

 332 188 189

 333 189 190

 334 190 191

 335 191 192

 336 192 193

 193 195 339

 339 195 197

 341 197 198

 342 198 199

 343 199 196

 196 194 338

 338 194 200

 344 200 201

 345 201 202

 346 202 203

 347 203 204

 348 204 205

 205 207 351

 351 207 209

 353 209 210

 354 210 211

 355 211 208

 208 206 350

 350 206 212

 356 212 213

 357 213 214

 358 214 215

 359 215 216

 360 216 217

 217 219 363

 363 219 221

 365 221 222

 366 222 223

 367 223 220

 220 218 362

 362 218 224

 368 224 225

 369 225 226

 370 226 227

 371 227 228

 372 228 229

 229 231 375

 375 231 233

 377 233 234

 378 234 235

 379 235 232

 232 230 374

 374 230 236

 380 236 237

 381 237 238

 382 238 239

 383 239 240

 384 240 241

 241 243 387

 387 243 245

 389 245 246

 390 246 247

 391 247 244

 244 242 386

 386 242 248

 392 248 249

 393 249 250

 394 250 251

 395 251 252

 396 252 253

 253 255 399

 399 255 257

 401 257 258

 402 258 259

 403 259 256

 256 254 398

 398 254 260

 404 260 261

 405 261 262

 406 262 263

 407 263 264

 408 264 265

 265 267 411

 411 267 269

 413 269 270

 414 270 271

 415 271 268

 268 266 410

 410 266 272

 416 272 273

 417 273 274

 418 274 275

 419 275 276

 420 276 277

 277 279 423

 423 279 281

 425 281 282

 426 282 283

 427 283 280

 280 278 422

 422 278 284

 428 284 285

 429 285 286

 430 286 287

 288 432 575

 432 288 289

 289 291 435

 435 291 293

 437 293 294

 438 294 295

 439 295 292

 292 290 434

 434 290 296

 440 296 297

 441 297 298

 442 298 299

 443 299 300

 444 300 301

 301 303 447

 447 303 305

 449 305 306

 450 306 307

 451 307 304

 304 302 446

 446 302 308

 452 308 309

 453 309 310

 454 310 311

 455 311 312

 456 312 313

 457 313 315

 459 315 317

 461 317 318

 462 318 319

 463 319 316

 316 314 458

 458 314 320

 464 320 321

 465 321 322

 466 322 323

 467 323 324

 468 324 325

 325 327 471

 471 327 329

 473 329 330

 474 330 331

 475 331 328

 328 326 470

 470 326 332

 476 332 333

 477 333 334

 478 334 335

 479 335 336

 480 336 337

 337 339 483

 483 339 341

 485 341 342

 486 342 343

 487 343 340

 340 338 482

 482 338 344

 488 344 345

 489 345 346

 490 346 347

 491 347 348

 492 348 349

 493 349 351

 495 351 353

 497 353 354

 498 354 355

 499 355 352

 352 350 494

 494 350 356

 500 356 357

 501 357 358

 502 358 359

 503 359 360

 504 360 361

 361 363 507

 507 363 365

 509 365 366

 510 366 367

 511 367 364

 364 362 506

 506 362 368

 512 368 369

 513 369 370

 514 370 371

 515 371 372

 516 372 373

 373 375 519

 519 375 377

 521 377 378

 522 378 379

 523 379 376

 376 374 518

 518 374 380

 524 380 381

 525 381 382

 526 382 383

 527 383 384

 528 384 385

 529 385 387

 531 387 389

 533 389 390

 534 390 391

 535 391 388

 388 386 530

 530 386 392

 536 392 393

 537 393 394

 538 394 395

 539 395 396

 540 396 397

 397 399 543

 543 399 401

 545 401 402

 546 402 403

 547 403 400

 400 398 542

 542 398 404

 548 404 405

 549 405 406

 550 406 407

 551 407 408

 552 408 409

 409 411 555

 555 411 413

 557 413 414

 558 414 415

 559 415 412

 412 410 554

 554 410 416

 560 416 417

 561 417 418

 562 418 419

 563 419 420

 564 420 421

 565 421 423

 567 423 425

 569 425 426

 570 426 427

 571 427 424

 424 422 566

 566 422 428

 572 428 429

 573 429 430

 574 430 431

 432 576 719

 576 432 433

 433 435 579

 579 435 437

 581 437 438

 582 438 439

 583 439 436

 436 434 578

 578 434 440

 584 440 441

 585 441 442

 586 442 443

 587 443 444

 588 444 445

 589 445 447

 591 447 449

 593 449 450

 594 450 451

 595 451 448

 592 448 446

 590 446 452

 596 452 453

 597 453 454

 598 454 455

 599 455 456

 600 456 457

 457 459 603

 603 459 461

 605 461 462

 606 462 463

 607 463 460

 604 460 458

 602 458 464

 608 464 465

 609 465 466

 610 466 467

 611 467 468

 612 468 469

 469 471 615

 615 471 473

 617 473 474

 618 474 475

 619 475 472

 472 470 614

 614 470 476

 620 476 477

 621 477 478

 622 478 479

 623 479 480

 624 480 481

 625 481 483

 627 483 485

 629 485 486

 630 486 487

 631 487 484

 628 484 482

 626 482 488

 632 488 489

 633 489 490

 634 490 491

 635 491 492

 636 492 493

 493 495 639

 639 495 497

 641 497 498

 642 498 499

 643 499 496

 640 496 494

 638 494 500

 644 500 501

 645 501 502

 646 502 503

 647 503 504

 648 504 505

 505 507 651

 651 507 509

 653 509 510

 654 510 511

 655 511 508

 508 506 650

 650 506 512

 656 512 513

 657 513 514

 658 514 515

 659 515 516

 660 516 517

 661 517 519

 663 519 521

 665 521 522

 666 522 523

 667 523 520

 664 520 518

 662 518 524

 668 524 525

 669 525 526

 670 526 527

 671 527 528

 672 528 529

 529 531 675

 675 531 533

 677 533 534

 678 534 535

 679 535 532

 676 532 530

 674 530 536

 680 536 537

 681 537 538

 682 538 539

 683 539 540

 684 540 541

 541 543 687

 687 543 545

 689 545 546

 690 546 547

 691 547 544

 544 542 686

 686 542 548

 692 548 549

 693 549 550

 694 550 551

 695 551 552

 696 552 553

 697 553 555

 699 555 557

 701 557 558

 702 558 559

 703 559 556

 700 556 554

 698 554 560

 704 560 561

 705 561 562

 706 562 563

 707 563 564

 708 564 565

 565 567 711

 711 567 569

 713 569 570

 714 570 571

 715 571 568

 712 568 566

 710 566 572

 716 572 573

 717 573 574

 718 574 575

 576 720 863

 720 576 577

 577 579 723

 723 579 581

 725 581 582

 726 582 583

 727 583 580

 580 578 722

 722 578 584

 728 584 585

 729 585 586

 730 586 587

 731 587 588

 732 588 589

 589 591 735

 735 591 593

 737 593 594

 738 594 595

 739 595 592

 736 592 590

 734 590 596

 740 596 597

 741 597 598

 742 598 599

 743 599 600

 744 600 601

 745 601 603

 747 603 605

 749 605 606

 750 606 607

 751 607 604

 604 602 746

 746 602 608

 752 608 609

 753 609 610

 754 610 611

 755 611 612

 756 612 613

 613 615 759

 759 615 617

 761 617 618

 762 618 619

 763 619 616

 616 614 758

 758 614 620

 764 620 621

 765 621 622

 766 622 623

 767 623 624

 768 624 625

 625 627 771

 771 627 629

 773 629 630

 774 630 631

 775 631 628

 772 628 626

 770 626 632

 776 632 633

 777 633 634

 778 634 635

 779 635 636

 780 636 637

 781 637 639

 783 639 641

 785 641 642

 786 642 643

 787 643 640

 640 638 782

 782 638 644

 788 644 645

 789 645 646

 790 646 647

 791 647 648

 792 648 649

 649 651 795

 795 651 653

 797 653 654

 798 654 655

 799 655 652

 652 650 794

 794 650 656

 800 656 657

 801 657 658

 802 658 659

 803 659 660

 804 660 661

 661 663 807

 807 663 665

 809 665 666

 810 666 667

 811 667 664

 808 664 662

 806 662 668

 812 668 669

 813 669 670

 814 670 671

 815 671 672

 816 672 673

 817 673 675

 819 675 677

 821 677 678

 822 678 679

 823 679 676

 676 674 818

 818 674 680

 824 680 681

 825 681 682

 826 682 683

 827 683 684

 828 684 685

 685 687 831

 831 687 689

 833 689 690

 834 690 691

 835 691 688

 688 686 830

 830 686 692

 836 692 693

 837 693 694

 838 694 695

 839 695 696

 840 696 697

 697 699 843

 843 699 701

 845 701 702

 846 702 703

 847 703 700

 844 700 698

 842 698 704

 848 704 705

 849 705 706

 850 706 707

 851 707 708

 852 708 709

 853 709 711

 855 711 713

 857 713 714

 858 714 715

 859 715 712

 712 710 854

 854 710 716

 860 716 717

 861 717 718

 862 718 719

 720 864 1007

 864 720 721

 721 723 867

 867 723 725

 869 725 726

 870 726 727

 871 727 724

 724 722 866

 866 722 728

 872 728 729

 873 729 730

 874 730 731

 875 731 732

 876 732 733

 877 733 735

 879 735 737

 881 737 738

 882 738 739

 883 739 736

 736 734 878

 878 734 740

 884 740 741

 885 741 742

 886 742 743

 887 743 744

 888 744 745

 889 745 747

 891 747 749

 893 749 750

 894 750 751

 895 751 748

 892 748 746

 890 746 752

 896 752 753

 897 753 754

 898 754 755

 899 755 756

 900 756 757

 757 759 903

 903 759 761

 905 761 762

 906 762 763

 907 763 760

 760 758 902

 902 758 764

 908 764 765

 909 765 766

 910 766 767

 911 767 768

 912 768 769

 913 769 771

 915 771 773

 917 773 774

 918 774 775

 919 775 772

 772 770 914

 914 770 776

 920 776 777

 921 777 778

 922 778 779

 923 779 780

 924 780 781

 925 781 783

 927 783 785

 929 785 786

 930 786 787

 931 787 784

 928 784 782

 926 782 788

 932 788 789

 933 789 790

 934 790 791

 935 791 792

 936 792 793

 793 795 939

 939 795 797

 941 797 798

 942 798 799

 943 799 796

 796 794 938

 938 794 800

 944 800 801

 945 801 802

 946 802 803

 947 803 804

 948 804 805

 949 805 807

 951 807 809

 953 809 810

 954 810 811

 955 811 808

 808 806 950

 950 806 812

 956 812 813

 957 813 814

 958 814 815

 959 815 816

 960 816 817

 961 817 819

 963 819 821

 965 821 822

 966 822 823

 967 823 820

 964 820 818

 962 818 824

 968 824 825

 969 825 826

 970 826 827

 971 827 828

 972 828 829

 829 831 975

 975 831 833

 977 833 834

 978 834 835

 979 835 832

 832 830 974

 974 830 836

 980 836 837

 981 837 838

 982 838 839

 983 839 840

 984 840 841

 985 841 843

 987 843 845

 989 845 846

 990 846 847

 991 847 844

 844 842 986

 986 842 848

 992 848 849

 993 849 850

 994 850 851

 995 851 852

 996 852 853

 997 853 855

 999 855 857

 1001 857 858

 1002 858 859

 1003 859 856

 1000 856 854

 998 854 860

 1004 860 861

 1005 861 862

 1006 862 863

 864 1008 1151

 1008 864 865

 865 867 1011

 1011 867 869

 1013 869 870

 1014 870 871

 1015 871 868

 868 866 1010

 1010 866 872

 1016 872 873

 1017 873 874

 1018 874 875

 1019 875 876

 1020 876 877

 877 879 1023

 1023 879 881

 1025 881 882

 1026 882 883

 1027 883 880

 1024 880 878

 1022 878 884

 1028 884 885

 1029 885 886

 1030 886 887

 1031 887 888

 1032 888 889

 1033 889 891

 1035 891 893

 1037 893 894

 1038 894 895

 1039 895 892

 892 890 1034

 1034 890 896

 1040 896 897

 1041 897 898

 1042 898 899

 1043 899 900

 1044 900 901

 901 903 1047

 1047 903 905

 1049 905 906

 1050 906 907

 1051 907 904

 904 902 1046

 1046 902 908

 1052 908 909

 1053 909 910

 1054 910 911

 1055 911 912

 1056 912 913

 913 915 1059

 1059 915 917

 1061 917 918

 1062 918 919

 1063 919 916

 1060 916 914

 1058 914 920

 1064 920 921

 1065 921 922

 1066 922 923

 1067 923 924

 1068 924 925

 1069 925 927

 1071 927 929

 1073 929 930

 1074 930 931

 1075 931 928

 928 926 1070

 1070 926 932

 1076 932 933

 1077 933 934

 1078 934 935

 1079 935 936

 1080 936 937

 937 939 1083

 1083 939 941

 1085 941 942

 1086 942 943

 1087 943 940

 940 938 1082

 1082 938 944

 1088 944 945

 1089 945 946

 1090 946 947

 1091 947 948

 1092 948 949

 949 951 1095

 1095 951 953

 1097 953 954

 1098 954 955

 1099 955 952

 1096 952 950

 1094 950 956

 1100 956 957

 1101 957 958

 1102 958 959

 1103 959 960

 1104 960 961

 1105 961 963

 1107 963 965

 1109 965 966

 1110 966 967

 1111 967 964

 964 962 1106

 1106 962 968

 1112 968 969

 1113 969 970

 1114 970 971

 1115 971 972

 1116 972 973

 973 975 1119

 1119 975 977

 1121 977 978

 1122 978 979

 1123 979 976

 976 974 1118

 1118 974 980

 1124 980 981

 1125 981 982

 1126 982 983

 1127 983 984

 1128 984 985

 985 987 1131

 1131 987 989

 1133 989 990

 1134 990 991

 1135 991 988

 1132 988 986

 1130 986 992

 1136 992 993

 1137 993 994

 1138 994 995

 1139 995 996

 1140 996 997

 1141 997 999

 1143 999 1001

 1145 1001 1002

 1146 1002 1003

 1147 1003 1000

 1000 998 1142

 1142 998 1004

 1148 1004 1005

 1149 1005 1006

 1150 1006 1007

 1008 1152 1295

 1152 1008 1009

 1009 1011 1155

 1155 1011 1013

 1157 1013 1014

 1158 1014 1015

 1159 1015 1012

 1012 1010 1154

 1154 1010 1016

 1160 1016 1017

 1161 1017 1018

 1162 1018 1019

 1163 1019 1020

 1164 1020 1021

 1021 1023 1167

 1167 1023 1025

 1169 1025 1026

 1170 1026 1027

 1171 1027 1024

 1168 1024 1022

 1166 1022 1028

 1172 1028 1029

 1173 1029 1030

 1174 1030 1031

 1175 1031 1032

 1176 1032 1033

 1177 1033 1035

 1179 1035 1037

 1181 1037 1038

 1182 1038 1039

 1183 1039 1036

 1036 1034 1178

 1178 1034 1040

 1184 1040 1041

 1185 1041 1042

 1186 1042 1043

 1187 1043 1044

 1188 1044 1045

 1045 1047 1191

 1191 1047 1049

 1193 1049 1050

 1194 1050 1051

 1195 1051 1048

 1048 1046 1190

 1190 1046 1052

 1196 1052 1053

 1197 1053 1054

 1198 1054 1055

 1199 1055 1056

 1200 1056 1057

 1057 1059 1203

 1203 1059 1061

 1205 1061 1062

 1206 1062 1063

 1207 1063 1060

 1204 1060 1058

 1202 1058 1064

 1208 1064 1065

 1209 1065 1066

 1210 1066 1067

 1211 1067 1068

 1212 1068 1069

 1213 1069 1071

 1215 1071 1073

 1217 1073 1074

 1218 1074 1075

 1219 1075 1072

 1072 1070 1214

 1214 1070 1076

 1220 1076 1077

 1221 1077 1078

 1222 1078 1079

 1223 1079 1080

 1224 1080 1081

 1081 1083 1227

 1227 1083 1085

 1229 1085 1086

 1230 1086 1087

 1231 1087 1084

 1084 1082 1226

 1226 1082 1088

 1232 1088 1089

 1233 1089 1090

 1234 1090 1091

 1235 1091 1092

 1236 1092 1093

 1093 1095 1239

 1239 1095 1097

 1241 1097 1098

 1242 1098 1099

 1243 1099 1096

 1240 1096 1094

 1238 1094 1100

 1244 1100 1101

 1245 1101 1102

 1246 1102 1103

 1247 1103 1104

 1248 1104 1105

 1249 1105 1107

 1251 1107 1109

 1253 1109 1110

 1254 1110 1111

 1255 1111 1108

 1108 1106 1250

 1250 1106 1112

 1256 1112 1113

 1257 1113 1114

 1258 1114 1115

 1259 1115 1116

 1260 1116 1117

 1117 1119 1263

 1263 1119 1121

 1265 1121 1122

 1266 1122 1123

 1267 1123 1120

 1120 1118 1262

 1262 1118 1124

 1268 1124 1125

 1269 1125 1126

 1270 1126 1127

 1271 1127 1128

 1272 1128 1129

 1129 1131 1275

 1275 1131 1133

 1277 1133 1134

 1278 1134 1135

 1279 1135 1132

 1276 1132 1130

 1274 1130 1136

 1280 1136 1137

 1281 1137 1138

 1282 1138 1139

 1283 1139 1140

 1284 1140 1141

 1285 1141 1143

 1287 1143 1145

 1289 1145 1146

 1290 1146 1147

 1291 1147 1144

 1144 1142 1286

 1286 1142 1148

 1292 1148 1149

 1293 1149 1150

 1294 1150 1151

 1152 1296 1439

 1296 1152 1153

 1153 1155 1299

 1299 1155 1157

 1301 1157 1158

 1302 1158 1159

 1303 1159 1156

 1156 1154 1298

 1298 1154 1160

 1304 1160 1161

 1305 1161 1162

 1306 1162 1163

 1307 1163 1164

 1308 1164 1165

 1165 1167 1311

 1311 1167 1169

 1313 1169 1170

 1314 1170 1171

 1315 1171 1168

 1168 1166 1310

 1310 1166 1172

 1316 1172 1173

 1317 1173 1174

 1318 1174 1175

 1319 1175 1176

 1320 1176 1177

 1177 1179 1323

 1323 1179 1181

 1325 1181 1182

 1326 1182 1183

 1327 1183 1180

 1180 1178 1322

 1322 1178 1184

 1328 1184 1185

 1329 1185 1186

 1330 1186 1187

 1331 1187 1188

 1332 1188 1189

 1189 1191 1335

 1335 1191 1193

 1337 1193 1194

 1338 1194 1195

 1339 1195 1192

 1192 1190 1334

 1334 1190 1196

 1340 1196 1197

 1341 1197 1198

 1342 1198 1199

 1343 1199 1200

 1344 1200 1201

 1201 1203 1347

 1347 1203 1205

 1349 1205 1206

 1350 1206 1207

 1351 1207 1204

 1204 1202 1346

 1346 1202 1208

 1352 1208 1209

 1353 1209 1210

 1354 1210 1211

 1355 1211 1212

 1356 1212 1213

 1213 1215 1359

 1359 1215 1217

 1361 1217 1218

 1362 1218 1219

 1363 1219 1216

 1216 1214 1358

 1358 1214 1220

 1364 1220 1221

 1365 1221 1222

 1366 1222 1223

 1367 1223 1224

 1368 1224 1225

 1225 1227 1371

 1371 1227 1229

 1373 1229 1230

 1374 1230 1231

 1375 1231 1228

 1228 1226 1370

 1370 1226 1232

 1376 1232 1233

 1377 1233 1234

 1378 1234 1235

 1379 1235 1236

 1380 1236 1237

 1237 1239 1383

 1383 1239 1241

 1385 1241 1242

 1386 1242 1243

 1387 1243 1240

 1240 1238 1382

 1382 1238 1244

 1388 1244 1245

 1389 1245 1246

 1390 1246 1247

 1391 1247 1248

 1392 1248 1249

 1249 1251 1395

 1395 1251 1253

 1397 1253 1254

 1398 1254 1255

 1399 1255 1252

 1252 1250 1394

 1394 1250 1256

 1400 1256 1257

 1401 1257 1258

 1402 1258 1259

 1403 1259 1260

 1404 1260 1261

 1261 1263 1407

 1407 1263 1265

 1409 1265 1266

 1410 1266 1267

 1411 1267 1264

 1264 1262 1406

 1406 1262 1268

 1412 1268 1269

 1413 1269 1270

 1414 1270 1271

 1415 1271 1272

 1416 1272 1273

 1273 1275 1419

 1419 1275 1277

 1421 1277 1278

 1422 1278 1279

 1423 1279 1276

 1276 1274 1418

 1418 1274 1280

 1424 1280 1281

 1425 1281 1282

 1426 1282 1283

 1427 1283 1284

 1428 1284 1285

 1285 1287 1431

 1431 1287 1289

 1433 1289 1290

 1434 1290 1291

 1435 1291 1288

 1288 1286 1430

 1430 1286 1292

 1436 1292 1293

 1437 1293 1294

 1438 1294 1295

 1296 1440 1583

 1440 1296 1297

 1297 1299 1443

 1443 1299 1301

 1445 1301 1302

 1446 1302 1303

 1447 1303 1300

 1300 1298 1442

 1442 1298 1304

 1448 1304 1305

 1449 1305 1306

 1450 1306 1307

 1451 1307 1308

 1452 1308 1309

 1309 1311 1455

 1455 1311 1313

 1457 1313 1314

 1458 1314 1315

 1459 1315 1312

 1312 1310 1454

 1454 1310 1316

 1460 1316 1317

 1461 1317 1318

 1462 1318 1319

 1463 1319 1320

 1464 1320 1321

 1465 1321 1323

 1467 1323 1325

 1469 1325 1326

 1470 1326 1327

 1471 1327 1324

 1324 1322 1466

 1466 1322 1328

 1472 1328 1329

 1473 1329 1330

 1474 1330 1331

 1475 1331 1332

 1476 1332 1333

 1333 1335 1479

 1479 1335 1337

 1481 1337 1338

 1482 1338 1339

 1483 1339 1336

 1336 1334 1478

 1478 1334 1340

 1484 1340 1341

 1485 1341 1342

 1486 1342 1343

 1487 1343 1344

 1488 1344 1345

 1345 1347 1491

 1491 1347 1349

 1493 1349 1350

 1494 1350 1351

 1495 1351 1348

 1348 1346 1490

 1490 1346 1352

 1496 1352 1353

 1497 1353 1354

 1498 1354 1355

 1499 1355 1356

 1500 1356 1357

 1501 1357 1359

 1503 1359 1361

 1505 1361 1362

 1506 1362 1363

 1507 1363 1360

 1360 1358 1502

 1502 1358 1364

 1508 1364 1365

 1509 1365 1366

 1510 1366 1367

 1511 1367 1368

 1512 1368 1369

 1369 1371 1515

 1515 1371 1373

 1517 1373 1374

 1518 1374 1375

 1519 1375 1372

 1372 1370 1514

 1514 1370 1376

 1520 1376 1377

 1521 1377 1378

 1522 1378 1379

 1523 1379 1380

 1524 1380 1381

 1381 1383 1527

 1527 1383 1385

 1529 1385 1386

 1530 1386 1387

 1531 1387 1384

 1384 1382 1526

 1526 1382 1388

 1532 1388 1389

 1533 1389 1390

 1534 1390 1391

 1535 1391 1392

 1536 1392 1393

 1537 1393 1395

 1539 1395 1397

 1541 1397 1398

 1542 1398 1399

 1543 1399 1396

 1396 1394 1538

 1538 1394 1400

 1544 1400 1401

 1545 1401 1402

 1546 1402 1403

 1547 1403 1404

 1548 1404 1405

 1405 1407 1551

 1551 1407 1409

 1553 1409 1410

 1554 1410 1411

 1555 1411 1408

 1408 1406 1550

 1550 1406 1412

 1556 1412 1413

 1557 1413 1414

 1558 1414 1415

 1559 1415 1416

 1560 1416 1417

 1417 1419 1563

 1563 1419 1421

 1565 1421 1422

 1566 1422 1423

 1567 1423 1420

 1420 1418 1562

 1562 1418 1424

 1568 1424 1425

 1569 1425 1426

 1570 1426 1427

 1571 1427 1428

 1572 1428 1429

 1573 1429 1431

 1575 1431 1433

 1577 1433 1434

 1578 1434 1435

 1579 1435 1432

 1432 1430 1574

 1574 1430 1436

 1580 1436 1437

 1581 1437 1438

 1582 1438 1439

 1440 1584 1727

 1584 1440 1441

 1441 1443 1587

 1587 1443 1445

 1589 1445 1446

 1590 1446 1447

 1591 1447 1444

 1444 1442 1586

 1586 1442 1448

 1592 1448 1449

 1593 1449 1450

 1594 1450 1451

 1595 1451 1452

 1596 1452 1453

 1597 1453 1455

 1599 1455 1457

 1601 1457 1458

 1602 1458 1459

 1603 1459 1456

 1456 1454 1598

 1598 1454 1460

 1604 1460 1461

 1605 1461 1462

 1606 1462 1463

 1607 1463 1464

 1608 1464 1465

 1465 1467 1611

 1611 1467 1469

 1613 1469 1470

 1614 1470 1471

 1615 1471 1468

 1612 1468 1466

 1610 1466 1472

 1616 1472 1473

 1617 1473 1474

 1618 1474 1475

 1619 1475 1476

 1620 1476 1477

 1477 1479 1623

 1623 1479 1481

 1625 1481 1482

 1626 1482 1483

 1627 1483 1480

 1480 1478 1622

 1622 1478 1484

 1628 1484 1485

 1629 1485 1486

 1630 1486 1487

 1631 1487 1488

 1632 1488 1489

 1633 1489 1491

 1635 1491 1493

 1637 1493 1494

 1638 1494 1495

 1639 1495 1492

 1492 1490 1634

 1634 1490 1496

 1640 1496 1497

 1641 1497 1498

 1642 1498 1499

 1643 1499 1500

 1644 1500 1501

 1501 1503 1647

 1647 1503 1505

 1649 1505 1506

 1650 1506 1507

 1651 1507 1504

 1648 1504 1502

 1646 1502 1508

 1652 1508 1509

 1653 1509 1510

 1654 1510 1511

 1655 1511 1512

 1656 1512 1513

 1513 1515 1659

 1659 1515 1517

 1661 1517 1518

 1662 1518 1519

 1663 1519 1516

 1516 1514 1658

 1658 1514 1520

 1664 1520 1521

 1665 1521 1522

 1666 1522 1523

 1667 1523 1524

 1668 1524 1525

 1669 1525 1527

 1671 1527 1529

 1673 1529 1530

 1674 1530 1531

 1675 1531 1528

 1528 1526 1670

 1670 1526 1532

 1676 1532 1533

 1677 1533 1534

 1678 1534 1535

 1679 1535 1536

 1680 1536 1537

 1537 1539 1683

 1683 1539 1541

 1685 1541 1542

 1686 1542 1543

 1687 1543 1540

 1684 1540 1538

 1682 1538 1544

 1688 1544 1545

 1689 1545 1546

 1690 1546 1547

 1691 1547 1548

 1692 1548 1549

 1549 1551 1695

 1695 1551 1553

 1697 1553 1554

 1698 1554 1555

 1699 1555 1552

 1552 1550 1694

 1694 1550 1556

 1700 1556 1557

 1701 1557 1558

 1702 1558 1559

 1703 1559 1560

 1704 1560 1561

 1705 1561 1563

 1707 1563 1565

 1709 1565 1566

 1710 1566 1567

 1711 1567 1564

 1564 1562 1706

 1706 1562 1568

 1712 1568 1569

 1713 1569 1570

 1714 1570 1571

 1715 1571 1572

 1716 1572 1573

 1573 1575 1719

 1719 1575 1577

 1721 1577 1578

 1722 1578 1579

 1723 1579 1576

 1720 1576 1574

 1718 1574 1580

 1724 1580 1581

 1725 1581 1582

 1726 1582 1583

 1584 1728 1871

 1728 1584 1585

 1585 1587 1731

 1731 1587 1589

 1733 1589 1590

 1734 1590 1591

 1735 1591 1588

 1588 1586 1730

 1730 1586 1592

 1736 1592 1593

 1737 1593 1594

 1738 1594 1595

 1739 1595 1596

 1740 1596 1597

 1597 1599 1743

 1743 1599 1601

 1745 1601 1602

 1746 1602 1603

 1747 1603 1600

 1744 1600 1598

 1742 1598 1604

 1748 1604 1605

 1749 1605 1606

 1750 1606 1607

 1751 1607 1608

 1752 1608 1609

 1753 1609 1611

 1755 1611 1613

 1757 1613 1614

 1758 1614 1615

 1759 1615 1612

 1612 1610 1754

 1754 1610 1616

 1760 1616 1617

 1761 1617 1618

 1762 1618 1619

 1763 1619 1620

 1764 1620 1621

 1621 1623 1767

 1767 1623 1625

 1769 1625 1626

 1770 1626 1627

 1771 1627 1624

 1624 1622 1766

 1766 1622 1628

 1772 1628 1629

 1773 1629 1630

 1774 1630 1631

 1775 1631 1632

 1776 1632 1633

 1633 1635 1779

 1779 1635 1637

 1781 1637 1638

 1782 1638 1639

 1783 1639 1636

 1780 1636 1634

 1778 1634 1640

 1784 1640 1641

 1785 1641 1642

 1786 1642 1643

 1787 1643 1644

 1788 1644 1645

 1789 1645 1647

 1791 1647 1649

 1793 1649 1650

 1794 1650 1651

 1795 1651 1648

 1648 1646 1790

 1790 1646 1652

 1796 1652 1653

 1797 1653 1654

 1798 1654 1655

 1799 1655 1656

 1800 1656 1657

 1657 1659 1803

 1803 1659 1661

 1805 1661 1662

 1806 1662 1663

 1807 1663 1660

 1660 1658 1802

 1802 1658 1664

 1808 1664 1665

 1809 1665 1666

 1810 1666 1667

 1811 1667 1668

 1812 1668 1669

 1669 1671 1815

 1815 1671 1673

 1817 1673 1674

 1818 1674 1675

 1819 1675 1672

 1816 1672 1670

 1814 1670 1676

 1820 1676 1677

 1821 1677 1678

 1822 1678 1679

 1823 1679 1680

 1824 1680 1681

 1825 1681 1683

 1827 1683 1685

 1829 1685 1686

 1830 1686 1687

 1831 1687 1684

 1684 1682 1826

 1826 1682 1688

 1832 1688 1689

 1833 1689 1690

 1834 1690 1691

 1835 1691 1692

 1836 1692 1693

 1693 1695 1839

 1839 1695 1697

 1841 1697 1698

 1842 1698 1699

 1843 1699 1696

 1696 1694 1838

 1838 1694 1700

 1844 1700 1701

 1845 1701 1702

 1846 1702 1703

 1847 1703 1704

 1848 1704 1705

 1705 1707 1851

 1851 1707 1709

 1853 1709 1710

 1854 1710 1711

 1855 1711 1708

 1852 1708 1706

 1850 1706 1712

 1856 1712 1713

 1857 1713 1714

 1858 1714 1715

 1859 1715 1716

 1860 1716 1717

 1861 1717 1719

 1863 1719 1721

 1865 1721 1722

 1866 1722 1723

 1867 1723 1720

 1720 1718 1862

 1862 1718 1724

 1868 1724 1725

 1869 1725 1726

 1870 1726 1727

 1728 1872 2015

 1872 1728 1729

 1873 1729 1731

 1875 1731 1733

 1877 1733 1734

 1878 1734 1735

 1879 1735 1732

 1732 1730 1874

 1874 1730 1736

 1880 1736 1737

 1881 1737 1738

 1882 1738 1739

 1883 1739 1740

 1884 1740 1741

 1741 1743 1887

 1887 1743 1745

 1889 1745 1746

 1890 1746 1747

 1891 1747 1744

 1744 1742 1886

 1886 1742 1748

 1892 1748 1749

 1893 1749 1750

 1894 1750 1751

 1895 1751 1752

 1896 1752 1753

 1753 1755 1899

 1899 1755 1757

 1901 1757 1758

 1902 1758 1759

 1903 1759 1756

 1756 1754 1898

 1898 1754 1760

 1904 1760 1761

 1905 1761 1762

 1906 1762 1763

 1907 1763 1764

 1908 1764 1765

 1909 1765 1767

 1911 1767 1769

 1913 1769 1770

 1914 1770 1771

 1915 1771 1768

 1768 1766 1910

 1910 1766 1772

 1916 1772 1773

 1917 1773 1774

 1918 1774 1775

 1919 1775 1776

 1920 1776 1777

 1777 1779 1923

 1923 1779 1781

 1925 1781 1782

 1926 1782 1783

 1927 1783 1780

 1780 1778 1922

 1922 1778 1784

 1928 1784 1785

 1929 1785 1786

 1930 1786 1787

 1931 1787 1788

 1932 1788 1789

 1789 1791 1935

 1935 1791 1793

 1937 1793 1794

 1938 1794 1795

 1939 1795 1792

 1792 1790 1934

 1934 1790 1796

 1940 1796 1797

 1941 1797 1798

 1942 1798 1799

 1943 1799 1800

 1944 1800 1801

 1945 1801 1803

 1947 1803 1805

 1949 1805 1806

 1950 1806 1807

 1951 1807 1804

 1804 1802 1946

 1946 1802 1808

 1952 1808 1809

 1953 1809 1810

 1954 1810 1811

 1955 1811 1812

 1956 1812 1813

 1813 1815 1959

 1959 1815 1817

 1961 1817 1818

 1962 1818 1819

 1963 1819 1816

 1816 1814 1958

 1958 1814 1820

 1964 1820 1821

 1965 1821 1822

 1966 1822 1823

 1967 1823 1824

 1968 1824 1825

 1825 1827 1971

 1971 1827 1829

 1973 1829 1830

 1974 1830 1831

 1975 1831 1828

 1828 1826 1970

 1970 1826 1832

 1976 1832 1833

 1977 1833 1834

 1978 1834 1835

 1979 1835 1836

 1980 1836 1837

 1981 1837 1839

 1983 1839 1841

 1985 1841 1842

 1986 1842 1843

 1987 1843 1840

 1840 1838 1982

 1982 1838 1844

 1988 1844 1845

 1989 1845 1846

 1990 1846 1847

 1991 1847 1848

 1992 1848 1849

 1849 1851 1995

 1995 1851 1853

 1997 1853 1854

 1998 1854 1855

 1999 1855 1852

 1852 1850 1994

 1994 1850 1856

 2000 1856 1857

 2001 1857 1858

 2002 1858 1859

 2003 1859 1860

 2004 1860 1861

 1861 1863 2007

 2007 1863 1865

 2009 1865 1866

 2010 1866 1867

 2011 1867 1864

 1864 1862 2006

 2006 1862 1868

 2012 1868 1869

 2013 1869 1870

 2014 1870 1871

 1872 2016 2159

 2016 1872 1873

 1873 1875 2019

 2019 1875 1877

 2021 1877 1878

 2022 1878 1879

 2023 1879 1876

 1876 1874 2018

 2018 1874 1880

 2024 1880 1881

 2025 1881 1882

 2026 1882 1883

 2027 1883 1884

 2028 1884 1885

 1885 1887 2031

 2031 1887 1889

 2033 1889 1890

 2034 1890 1891

 2035 1891 1888

 1888 1886 2030

 2030 1886 1892

 2036 1892 1893

 2037 1893 1894

 2038 1894 1895

 2039 1895 1896

 2040 1896 1897

 2041 1897 1899

 2043 1899 1901

 2045 1901 1902

 2046 1902 1903

 2047 1903 1900

 1900 1898 2042

 2042 1898 1904

 2048 1904 1905

 2049 1905 1906

 2050 1906 1907

 2051 1907 1908

 2052 1908 1909

 1909 1911 2055

 2055 1911 1913

 2057 1913 1914

 2058 1914 1915

 2059 1915 1912

 1912 1910 2054

 2054 1910 1916

 2060 1916 1917

 2061 1917 1918

 2062 1918 1919

 2063 1919 1920

 2064 1920 1921

 1921 1923 2067

 2067 1923 1925

 2069 1925 1926

 2070 1926 1927

 2071 1927 1924

 1924 1922 2066

 2066 1922 1928

 2072 1928 1929

 2073 1929 1930

 2074 1930 1931

 2075 1931 1932

 2076 1932 1933

 2077 1933 1935

 2079 1935 1937

 2081 1937 1938

 2082 1938 1939

 2083 1939 1936

 1936 1934 2078

 2078 1934 1940

 2084 1940 1941

 2085 1941 1942

 2086 1942 1943

 2087 1943 1944

 2088 1944 1945

 1945 1947 2091

 2091 1947 1949

 2093 1949 1950

 2094 1950 1951

 2095 1951 1948

 1948 1946 2090

 2090 1946 1952

 2096 1952 1953

 2097 1953 1954

 2098 1954 1955

 2099 1955 1956

 2100 1956 1957

 1957 1959 2103

 2103 1959 1961

 2105 1961 1962

 2106 1962 1963

 2107 1963 1960

 1960 1958 2102

 2102 1958 1964

 2108 1964 1965

 2109 1965 1966

 2110 1966 1967

 2111 1967 1968

 2112 1968 1969

 2113 1969 1971

 2115 1971 1973

 2117 1973 1974

 2118 1974 1975

 2119 1975 1972

 1972 1970 2114

 2114 1970 1976

 2120 1976 1977

 2121 1977 1978

 2122 1978 1979

 2123 1979 1980

 2124 1980 1981

 1981 1983 2127

 2127 1983 1985

 2129 1985 1986

 2130 1986 1987

 2131 1987 1984

 1984 1982 2126

 2126 1982 1988

 2132 1988 1989

 2133 1989 1990

 2134 1990 1991

 2135 1991 1992

 2136 1992 1993

 1993 1995 2139

 2139 1995 1997

 2141 1997 1998

 2142 1998 1999

 2143 1999 1996

 1996 1994 2138

 2138 1994 2000

 2144 2000 2001

 2145 2001 2002

 2146 2002 2003

 2147 2003 2004

 2148 2004 2005

 2149 2005 2007

 2151 2007 2009

 2153 2009 2010

 2154 2010 2011

 2155 2011 2008

 2008 2006 2150

 2150 2006 2012

 2156 2012 2013

 2157 2013 2014

 2158 2014 2015

 2016 2160 2303

 2160 2016 2017

 2017 2019 2163

 2163 2019 2021

 2165 2021 2022

 2166 2022 2023

 2167 2023 2020

 2020 2018 2162

 2162 2018 2024

 2168 2024 2025

 2169 2025 2026

 2170 2026 2027

 2171 2027 2028

 2172 2028 2029

 2029 2031 2175

 2175 2031 2033

 2177 2033 2034

 2178 2034 2035

 2179 2035 2032

 2032 2030 2174

 2174 2030 2036

 2180 2036 2037

 2181 2037 2038

 2182 2038 2039

 2183 2039 2040

 2184 2040 2041

 2185 2041 2043

 2187 2043 2045

 2189 2045 2046

 2190 2046 2047

 2191 2047 2044

 2044 2042 2186

 2186 2042 2048

 2192 2048 2049

 2193 2049 2050

 2194 2050 2051

 2195 2051 2052

 2196 2052 2053

 2053 2055 2199

 2199 2055 2057

 2201 2057 2058

 2202 2058 2059

 2203 2059 2056

 2056 2054 2198

 2198 2054 2060

 2204 2060 2061

 2205 2061 2062

 2206 2062 2063

 2207 2063 2064

 2208 2064 2065

 2065 2067 2211

 2211 2067 2069

 2213 2069 2070

 2214 2070 2071

 2215 2071 2068

 2068 2066 2210

 2210 2066 2072

 2216 2072 2073

 2217 2073 2074

 2218 2074 2075

 2219 2075 2076

 2220 2076 2077

 2221 2077 2079

 2223 2079 2081

 2225 2081 2082

 2226 2082 2083

 2227 2083 2080

 2080 2078 2222

 2222 2078 2084

 2228 2084 2085

 2229 2085 2086

 2230 2086 2087

 2231 2087 2088

 2232 2088 2089

 2089 2091 2235

 2235 2091 2093

 2237 2093 2094

 2238 2094 2095

 2239 2095 2092

 2092 2090 2234

 2234 2090 2096

 2240 2096 2097

 2241 2097 2098

 2242 2098 2099

 2243 2099 2100

 2244 2100 2101

 2101 2103 2247

 2247 2103 2105

 2249 2105 2106

 2250 2106 2107

 2251 2107 2104

 2104 2102 2246

 2246 2102 2108

 2252 2108 2109

 2253 2109 2110

 2254 2110 2111

 2255 2111 2112

 2256 2112 2113

 2257 2113 2115

 2259 2115 2117

 2261 2117 2118

 2262 2118 2119

 2263 2119 2116

 2116 2114 2258

 2258 2114 2120

 2264 2120 2121

 2265 2121 2122

 2266 2122 2123

 2267 2123 2124

 2268 2124 2125

 2125 2127 2271

 2271 2127 2129

 2273 2129 2130

 2274 2130 2131

 2275 2131 2128

 2128 2126 2270

 2270 2126 2132

 2276 2132 2133

 2277 2133 2134

 2278 2134 2135

 2279 2135 2136

 2280 2136 2137

 2137 2139 2283

 2283 2139 2141

 2285 2141 2142

 2286 2142 2143

 2287 2143 2140

 2140 2138 2282

 2282 2138 2144

 2288 2144 2145

 2289 2145 2146

 2290 2146 2147

 2291 2147 2148

 2292 2148 2149

 2293 2149 2151

 2295 2151 2153

 2297 2153 2154

 2298 2154 2155

 2299 2155 2152

 2152 2150 2294

 2294 2150 2156

 2300 2156 2157

 2301 2157 2158

 2302 2158 2159

 2160 2304 2447

 2304 2160 2161

 2161 2163 2307

 2307 2163 2165

 2309 2165 2166

 2310 2166 2167

 2311 2167 2164

 2164 2162 2306

 2306 2162 2168

 2312 2168 2169

 2313 2169 2170

 2314 2170 2171

 2315 2171 2172

 2316 2172 2173

 2173 2175 2319

 2319 2175 2177

 2321 2177 2178

 2322 2178 2179

 2323 2179 2176

 2320 2176 2174

 2318 2174 2180

 2324 2180 2181

 2325 2181 2182

 2326 2182 2183

 2327 2183 2184

 2328 2184 2185

 2185 2187 2331

 2331 2187 2189

 2333 2189 2190

 2334 2190 2191

 2335 2191 2188

 2188 2186 2330

 2330 2186 2192

 2336 2192 2193

 2337 2193 2194

 2338 2194 2195

 2339 2195 2196

 2340 2196 2197

 2197 2199 2343

 2343 2199 2201

 2345 2201 2202

 2346 2202 2203

 2347 2203 2200

 2200 2198 2342

 2342 2198 2204

 2348 2204 2205

 2349 2205 2206

 2350 2206 2207

 2351 2207 2208

 2352 2208 2209

 2209 2211 2355

 2355 2211 2213

 2357 2213 2214

 2358 2214 2215

 2359 2215 2212

 2356 2212 2210

 2354 2210 2216

 2360 2216 2217

 2361 2217 2218

 2362 2218 2219

 2363 2219 2220

 2364 2220 2221

 2221 2223 2367

 2367 2223 2225

 2369 2225 2226

 2370 2226 2227

 2371 2227 2224

 2224 2222 2366

 2366 2222 2228

 2372 2228 2229

 2373 2229 2230

 2374 2230 2231

 2375 2231 2232

 2376 2232 2233

 2233 2235 2379

 2379 2235 2237

 2381 2237 2238

 2382 2238 2239

 2383 2239 2236

 2236 2234 2378

 2378 2234 2240

 2384 2240 2241

 2385 2241 2242

 2386 2242 2243

 2387 2243 2244

 2388 2244 2245

 2245 2247 2391

 2391 2247 2249

 2393 2249 2250

 2394 2250 2251

 2395 2251 2248

 2392 2248 2246

 2390 2246 2252

 2396 2252 2253

 2397 2253 2254

 2398 2254 2255

 2399 2255 2256

 2400 2256 2257

 2257 2259 2403

 2403 2259 2261

 2405 2261 2262

 2406 2262 2263

 2407 2263 2260

 2260 2258 2402

 2402 2258 2264

 2408 2264 2265

 2409 2265 2266

 2410 2266 2267

 2411 2267 2268

 2412 2268 2269

 2269 2271 2415

 2415 2271 2273

 2417 2273 2274

 2418 2274 2275

 2419 2275 2272

 2272 2270 2414

 2414 2270 2276

 2420 2276 2277

 2421 2277 2278

 2422 2278 2279

 2423 2279 2280

 2424 2280 2281

 2281 2283 2427

 2427 2283 2285

 2429 2285 2286

 2430 2286 2287

 2431 2287 2284

 2428 2284 2282

 2426 2282 2288

 2432 2288 2289

 2433 2289 2290

 2434 2290 2291

 2435 2291 2292

 2436 2292 2293

 2293 2295 2439

 2439 2295 2297

 2441 2297 2298

 2442 2298 2299

 2443 2299 2296

 2296 2294 2438

 2438 2294 2300

 2444 2300 2301

 2445 2301 2302

 2446 2302 2303

 2304 2448 2591

 2448 2304 2305

 2305 2307 2451

 2451 2307 2309

 2453 2309 2310

 2454 2310 2311

 2455 2311 2308

 2452 2308 2306

 2450 2306 2312

 2456 2312 2313

 2457 2313 2314

 2458 2314 2315

 2459 2315 2316

 2460 2316 2317

 2317 2319 2463

 2463 2319 2321

 2465 2321 2322

 2466 2322 2323

 2467 2323 2320

 2320 2318 2462

 2462 2318 2324

 2468 2324 2325

 2469 2325 2326

 2470 2326 2327

 2471 2327 2328

 2472 2328 2329

 2473 2329 2331

 2475 2331 2333

 2477 2333 2334

 2478 2334 2335

 2479 2335 2332

 2332 2330 2474

 2474 2330 2336

 2480 2336 2337

 2481 2337 2338

 2482 2338 2339

 2483 2339 2340

 2484 2340 2341

 2341 2343 2487

 2487 2343 2345

 2489 2345 2346

 2490 2346 2347

 2491 2347 2344

 2488 2344 2342

 2486 2342 2348

 2492 2348 2349

 2493 2349 2350

 2494 2350 2351

 2495 2351 2352

 2496 2352 2353

 2353 2355 2499

 2499 2355 2357

 2501 2357 2358

 2502 2358 2359

 2503 2359 2356

 2356 2354 2498

 2498 2354 2360

 2504 2360 2361

 2505 2361 2362

 2506 2362 2363

 2507 2363 2364

 2508 2364 2365

 2509 2365 2367

 2511 2367 2369

 2513 2369 2370

 2514 2370 2371

 2515 2371 2368

 2368 2366 2510

 2510 2366 2372

 2516 2372 2373

 2517 2373 2374

 2518 2374 2375

 2519 2375 2376

 2520 2376 2377

 2377 2379 2523

 2523 2379 2381

 2525 2381 2382

 2526 2382 2383

 2527 2383 2380

 2524 2380 2378

 2522 2378 2384

 2528 2384 2385

 2529 2385 2386

 2530 2386 2387

 2531 2387 2388

 2532 2388 2389

 2389 2391 2535

 2535 2391 2393

 2537 2393 2394

 2538 2394 2395

 2539 2395 2392

 2392 2390 2534

 2534 2390 2396

 2540 2396 2397

 2541 2397 2398

 2542 2398 2399

 2543 2399 2400

 2544 2400 2401

 2545 2401 2403

 2547 2403 2405

 2549 2405 2406

 2550 2406 2407

 2551 2407 2404

 2404 2402 2546

 2546 2402 2408

 2552 2408 2409

 2553 2409 2410

 2554 2410 2411

 2555 2411 2412

 2556 2412 2413

 2413 2415 2559

 2559 2415 2417

 2561 2417 2418

 2562 2418 2419

 2563 2419 2416

 2560 2416 2414

 2558 2414 2420

 2564 2420 2421

 2565 2421 2422

 2566 2422 2423

 2567 2423 2424

 2568 2424 2425

 2425 2427 2571

 2571 2427 2429

 2573 2429 2430

 2574 2430 2431

 2575 2431 2428

 2428 2426 2570

 2570 2426 2432

 2576 2432 2433

 2577 2433 2434

 2578 2434 2435

 2579 2435 2436

 2580 2436 2437

 2581 2437 2439

 2583 2439 2441

 2585 2441 2442

 2586 2442 2443

 2587 2443 2440

 2440 2438 2582

 2582 2438 2444

 2588 2444 2445

 2589 2445 2446

 2590 2446 2447

 2448 2592 2735

 2592 2448 2449

 2449 2451 2595

 2595 2451 2453

 2597 2453 2454

 2598 2454 2455

 2599 2455 2452

 2452 2450 2594

 2594 2450 2456

 2600 2456 2457

 2601 2457 2458

 2602 2458 2459

 2603 2459 2460

 2604 2460 2461

 2605 2461 2463

 2607 2463 2465

 2609 2465 2466

 2610 2466 2467

 2611 2467 2464

 2464 2462 2606

 2606 2462 2468

 2612 2468 2469

 2613 2469 2470

 2614 2470 2471

 2615 2471 2472

 2616 2472 2473

 2473 2475 2619

 2619 2475 2477

 2621 2477 2478

 2622 2478 2479

 2623 2479 2476

 2476 2474 2618

 2618 2474 2480

 2624 2480 2481

 2625 2481 2482

 2626 2482 2483

 2627 2483 2484

 2628 2484 2485

 2485 2487 2631

 2631 2487 2489

 2633 2489 2490

 2634 2490 2491

 2635 2491 2488

 2488 2486 2630

 2630 2486 2492

 2636 2492 2493

 2637 2493 2494

 2638 2494 2495

 2639 2495 2496

 2640 2496 2497

 2641 2497 2499

 2643 2499 2501

 2645 2501 2502

 2646 2502 2503

 2647 2503 2500

 2500 2498 2642

 2642 2498 2504

 2648 2504 2505

 2649 2505 2506

 2650 2506 2507

 2651 2507 2508

 2652 2508 2509

 2509 2511 2655

 2655 2511 2513

 2657 2513 2514

 2658 2514 2515

 2659 2515 2512

 2512 2510 2654

 2654 2510 2516

 2660 2516 2517

 2661 2517 2518

 2662 2518 2519

 2663 2519 2520

 2664 2520 2521

 2521 2523 2667

 2667 2523 2525

 2669 2525 2526

 2670 2526 2527

 2671 2527 2524

 2524 2522 2666

 2666 2522 2528

 2672 2528 2529

 2673 2529 2530

 2674 2530 2531

 2675 2531 2532

 2676 2532 2533

 2677 2533 2535

 2679 2535 2537

 2681 2537 2538

 2682 2538 2539

 2683 2539 2536

 2536 2534 2678

 2678 2534 2540

 2684 2540 2541

 2685 2541 2542

 2686 2542 2543

 2687 2543 2544

 2688 2544 2545

 2545 2547 2691

 2691 2547 2549

 2693 2549 2550

 2694 2550 2551

 2695 2551 2548

 2548 2546 2690

 2690 2546 2552

 2696 2552 2553

 2697 2553 2554

 2698 2554 2555

 2699 2555 2556

 2700 2556 2557

 2557 2559 2703

 2703 2559 2561

 2705 2561 2562

 2706 2562 2563

 2707 2563 2560

 2560 2558 2702

 2702 2558 2564

 2708 2564 2565

 2709 2565 2566

 2710 2566 2567

 2711 2567 2568

 2712 2568 2569

 2713 2569 2571

 2715 2571 2573

 2717 2573 2574

 2718 2574 2575

 2719 2575 2572

 2572 2570 2714

 2714 2570 2576

 2720 2576 2577

 2721 2577 2578

 2722 2578 2579

 2723 2579 2580

 2724 2580 2581

 2581 2583 2727

 2727 2583 2585

 2729 2585 2586

 2730 2586 2587

 2731 2587 2584

 2584 2582 2726

 2726 2582 2588

 2732 2588 2589

 2733 2589 2590

 2734 2590 2591

 2592 2736 2879

 2736 2592 2593

 2737 2593 2595

 2739 2595 2597

 2741 2597 2598

 2742 2598 2599

 2743 2599 2596

 2596 2594 2738

 2738 2594 2600

 2744 2600 2601

 2745 2601 2602

 2746 2602 2603

 2747 2603 2604

 2748 2604 2605

 2749 2605 2607

 2751 2607 2609

 2753 2609 2610

 2754 2610 2611

 2755 2611 2608

 2608 2606 2750

 2750 2606 2612

 2756 2612 2613

 2757 2613 2614

 2758 2614 2615

 2759 2615 2616

 2760 2616 2617

 2617 2619 2763

 2763 2619 2621

 2765 2621 2622

 2766 2622 2623

 2767 2623 2620

 2620 2618 2762

 2762 2618 2624

 2768 2624 2625

 2769 2625 2626

 2770 2626 2627

 2771 2627 2628

 2772 2628 2629

 2773 2629 2631

 2775 2631 2633

 2777 2633 2634

 2778 2634 2635

 2779 2635 2632

 2632 2630 2774

 2774 2630 2636

 2780 2636 2637

 2781 2637 2638

 2782 2638 2639

 2783 2639 2640

 2784 2640 2641

 2785 2641 2643

 2787 2643 2645

 2789 2645 2646

 2790 2646 2647

 2791 2647 2644

 2644 2642 2786

 2786 2642 2648

 2792 2648 2649

 2793 2649 2650

 2794 2650 2651

 2795 2651 2652

 2796 2652 2653

 2653 2655 2799

 2799 2655 2657

 2801 2657 2658

 2802 2658 2659

 2803 2659 2656

 2656 2654 2798

 2798 2654 2660

 2804 2660 2661

 2805 2661 2662

 2806 2662 2663

 2807 2663 2664

 2808 2664 2665

 2809 2665 2667

 2811 2667 2669

 2813 2669 2670

 2814 2670 2671

 2815 2671 2668

 2668 2666 2810

 2810 2666 2672

 2816 2672 2673

 2817 2673 2674

 2818 2674 2675

 2819 2675 2676

 2820 2676 2677

 2821 2677 2679

 2823 2679 2681

 2825 2681 2682

 2826 2682 2683

 2827 2683 2680

 2680 2678 2822

 2822 2678 2684

 2828 2684 2685

 2829 2685 2686

 2830 2686 2687

 2831 2687 2688

 2832 2688 2689

 2689 2691 2835

 2835 2691 2693

 2837 2693 2694

 2838 2694 2695

 2839 2695 2692

 2692 2690 2834

 2834 2690 2696

 2840 2696 2697

 2841 2697 2698

 2842 2698 2699

 2843 2699 2700

 2844 2700 2701

 2845 2701 2703

 2847 2703 2705

 2849 2705 2706

 2850 2706 2707

 2851 2707 2704

 2704 2702 2846

 2846 2702 2708

 2852 2708 2709

 2853 2709 2710

 2854 2710 2711

 2855 2711 2712

 2856 2712 2713

 2857 2713 2715

 2859 2715 2717

 2861 2717 2718

 2862 2718 2719

 2863 2719 2716

 2716 2714 2858

 2858 2714 2720

 2864 2720 2721

 2865 2721 2722

 2866 2722 2723

 2867 2723 2724

 2868 2724 2725

 2725 2727 2871

 2871 2727 2729

 2873 2729 2730

 2874 2730 2731

 2875 2731 2728

 2728 2726 2870

 2870 2726 2732

 2876 2732 2733

 2877 2733 2734

 2878 2734 2735

 2736 2880 3023

 2880 2736 2737

 2737 2739 2883

 2883 2739 2741

 2885 2741 2742

 2886 2742 2743

 2887 2743 2740

 2884 2740 2738

 2882 2738 2744

 2888 2744 2745

 2889 2745 2746

 2890 2746 2747

 2891 2747 2748

 2892 2748 2749

 2749 2751 2895

 2895 2751 2753

 2897 2753 2754

 2898 2754 2755

 2899 2755 2752

 2896 2752 2750

 2894 2750 2756

 2900 2756 2757

 2901 2757 2758

 2902 2758 2759

 2903 2759 2760

 2904 2760 2761

 2761 2763 2907

 2907 2763 2765

 2909 2765 2766

 2910 2766 2767

 2911 2767 2764

 2764 2762 2906

 2906 2762 2768

 2912 2768 2769

 2913 2769 2770

 2914 2770 2771

 2915 2771 2772

 2916 2772 2773

 2773 2775 2919

 2919 2775 2777

 2921 2777 2778

 2922 2778 2779

 2923 2779 2776

 2920 2776 2774

 2918 2774 2780

 2924 2780 2781

 2925 2781 2782

 2926 2782 2783

 2927 2783 2784

 2928 2784 2785

 2785 2787 2931

 2931 2787 2789

 2933 2789 2790

 2934 2790 2791

 2935 2791 2788

 2932 2788 2786

 2930 2786 2792

 2936 2792 2793

 2937 2793 2794

 2938 2794 2795

 2939 2795 2796

 2940 2796 2797

 2797 2799 2943

 2943 2799 2801

 2945 2801 2802

 2946 2802 2803

 2947 2803 2800

 2800 2798 2942

 2942 2798 2804

 2948 2804 2805

 2949 2805 2806

 2950 2806 2807

 2951 2807 2808

 2952 2808 2809

 2809 2811 2955

 2955 2811 2813

 2957 2813 2814

 2958 2814 2815

 2959 2815 2812

 2956 2812 2810

 2954 2810 2816

 2960 2816 2817

 2961 2817 2818

 2962 2818 2819

 2963 2819 2820

 2964 2820 2821

 2821 2823 2967

 2967 2823 2825

 2969 2825 2826

 2970 2826 2827

 2971 2827 2824

 2968 2824 2822

 2966 2822 2828

 2972 2828 2829

 2973 2829 2830

 2974 2830 2831

 2975 2831 2832

 2976 2832 2833

 2833 2835 2979

 2979 2835 2837

 2981 2837 2838

 2982 2838 2839

 2983 2839 2836

 2836 2834 2978

 2978 2834 2840

 2984 2840 2841

 2985 2841 2842

 2986 2842 2843

 2987 2843 2844

 2988 2844 2845

 2845 2847 2991

 2991 2847 2849

 2993 2849 2850

 2994 2850 2851

 2995 2851 2848

 2992 2848 2846

 2990 2846 2852

 2996 2852 2853

 2997 2853 2854

 2998 2854 2855

 2999 2855 2856

 3000 2856 2857

 2857 2859 3003

 3003 2859 2861

 3005 2861 2862

 3006 2862 2863

 3007 2863 2860

 3004 2860 2858

 3002 2858 2864

 3008 2864 2865

 3009 2865 2866

 3010 2866 2867

 3011 2867 2868

 3012 2868 2869

 2869 2871 3015

 3015 2871 2873

 3017 2873 2874

 3018 2874 2875

 3019 2875 2872

 2872 2870 3014

 3014 2870 2876

 3020 2876 2877

 3021 2877 2878

 3022 2878 2879

 2880 3024 3167

 3024 2880 2881

 2881 2883 3027

 3027 2883 2885

 3029 2885 2886

 3030 2886 2887

 3031 2887 2884

 3028 2884 2882

 3026 2882 2888

 3032 2888 2889

 3033 2889 2890

 3034 2890 2891

 3035 2891 2892

 3036 2892 2893

 2893 2895 3039

 3039 2895 2897

 3041 2897 2898

 3042 2898 2899

 3043 2899 2896

 2896 2894 3038

 3038 2894 2900

 3044 2900 2901

 3045 2901 2902

 3046 2902 2903

 3047 2903 2904

 3048 2904 2905

 2905 2907 3051

 3051 2907 2909

 3053 2909 2910

 3054 2910 2911

 3055 2911 2908

 2908 2906 3050

 3050 2906 2912

 3056 2912 2913

 3057 2913 2914

 3058 2914 2915

 3059 2915 2916

 3060 2916 2917

 2917 2919 3063

 3063 2919 2921

 3065 2921 2922

 3066 2922 2923

 3067 2923 2920

 3064 2920 2918

 3062 2918 2924

 3068 2924 2925

 3069 2925 2926

 3070 2926 2927

 3071 2927 2928

 3072 2928 2929

 2929 2931 3075

 3075 2931 2933

 3077 2933 2934

 3078 2934 2935

 3079 2935 2932

 2932 2930 3074

 3074 2930 2936

 3080 2936 2937

 3081 2937 2938

 3082 2938 2939

 3083 2939 2940

 3084 2940 2941

 2941 2943 3087

 3087 2943 2945

 3089 2945 2946

 3090 2946 2947

 3091 2947 2944

 2944 2942 3086

 3086 2942 2948

 3092 2948 2949

 3093 2949 2950

 3094 2950 2951

 3095 2951 2952

 3096 2952 2953

 2953 2955 3099

 3099 2955 2957

 3101 2957 2958

 3102 2958 2959

 3103 2959 2956

 3100 2956 2954

 3098 2954 2960

 3104 2960 2961

 3105 2961 2962

 3106 2962 2963

 3107 2963 2964

 3108 2964 2965

 2965 2967 3111

 3111 2967 2969

 3113 2969 2970

 3114 2970 2971

 3115 2971 2968

 2968 2966 3110

 3110 2966 2972

 3116 2972 2973

 3117 2973 2974

 3118 2974 2975

 3119 2975 2976

 3120 2976 2977

 2977 2979 3123

 3123 2979 2981

 3125 2981 2982

 3126 2982 2983

 3127 2983 2980

 2980 2978 3122

 3122 2978 2984

 3128 2984 2985

 3129 2985 2986

 3130 2986 2987

 3131 2987 2988

 3132 2988 2989

 2989 2991 3135

 3135 2991 2993

 3137 2993 2994

 3138 2994 2995

 3139 2995 2992

 3136 2992 2990

 3134 2990 2996

 3140 2996 2997

 3141 2997 2998

 3142 2998 2999

 3143 2999 3000

 3144 3000 3001

 3001 3003 3147

 3147 3003 3005

 3149 3005 3006

 3150 3006 3007

 3151 3007 3004

 3004 3002 3146

 3146 3002 3008

 3152 3008 3009

 3153 3009 3010

 3154 3010 3011

 3155 3011 3012

 3156 3012 3013

 3013 3015 3159

 3159 3015 3017

 3161 3017 3018

 3162 3018 3019

 3163 3019 3016

 3016 3014 3158

 3158 3014 3020

 3164 3020 3021

 3165 3021 3022

 3166 3022 3023

 3024 3168 3311

 3168 3024 3025

 3025 3027 3171

 3171 3027 3029

 3173 3029 3030

 3174 3030 3031

 3175 3031 3028

 3028 3026 3170

 3170 3026 3032

 3176 3032 3033

 3177 3033 3034

 3178 3034 3035

 3179 3035 3036

 3180 3036 3037

 3037 3039 3183

 3183 3039 3041

 3185 3041 3042

 3186 3042 3043

 3187 3043 3040

 3040 3038 3182

 3182 3038 3044

 3188 3044 3045

 3189 3045 3046

 3190 3046 3047

 3191 3047 3048

 3192 3048 3049

 3193 3049 3051

 3195 3051 3053

 3197 3053 3054

 3198 3054 3055

 3199 3055 3052

 3196 3052 3050

 3194 3050 3056

 3200 3056 3057

 3201 3057 3058

 3202 3058 3059

 3203 3059 3060

 3204 3060 3061

 3061 3063 3207

 3207 3063 3065

 3209 3065 3066

 3210 3066 3067

 3211 3067 3064

 3064 3062 3206

 3206 3062 3068

 3212 3068 3069

 3213 3069 3070

 3214 3070 3071

 3215 3071 3072

 3216 3072 3073

 3073 3075 3219

 3219 3075 3077

 3221 3077 3078

 3222 3078 3079

 3223 3079 3076

 3076 3074 3218

 3218 3074 3080

 3224 3080 3081

 3225 3081 3082

 3226 3082 3083

 3227 3083 3084

 3228 3084 3085

 3229 3085 3087

 3231 3087 3089

 3233 3089 3090

 3234 3090 3091

 3235 3091 3088

 3232 3088 3086

 3230 3086 3092

 3236 3092 3093

 3237 3093 3094

 3238 3094 3095

 3239 3095 3096

 3240 3096 3097

 3097 3099 3243

 3243 3099 3101

 3245 3101 3102

 3246 3102 3103

 3247 3103 3100

 3100 3098 3242

 3242 3098 3104

 3248 3104 3105

 3249 3105 3106

 3250 3106 3107

 3251 3107 3108

 3252 3108 3109

 3109 3111 3255

 3255 3111 3113

 3257 3113 3114

 3258 3114 3115

 3259 3115 3112

 3112 3110 3254

 3254 3110 3116

 3260 3116 3117

 3261 3117 3118

 3262 3118 3119

 3263 3119 3120

 3264 3120 3121

 3265 3121 3123

 3267 3123 3125

 3269 3125 3126

 3270 3126 3127

 3271 3127 3124

 3268 3124 3122

 3266 3122 3128

 3272 3128 3129

 3273 3129 3130

 3274 3130 3131

 3275 3131 3132

 3276 3132 3133

 3133 3135 3279

 3279 3135 3137

 3281 3137 3138

 3282 3138 3139

 3283 3139 3136

 3136 3134 3278

 3278 3134 3140

 3284 3140 3141

 3285 3141 3142

 3286 3142 3143

 3287 3143 3144

 3288 3144 3145

 3145 3147 3291

 3291 3147 3149

 3293 3149 3150

 3294 3150 3151

 3295 3151 3148

 3148 3146 3290

 3290 3146 3152

 3296 3152 3153

 3297 3153 3154

 3298 3154 3155

 3299 3155 3156

 3300 3156 3157

 3301 3157 3159

 3303 3159 3161

 3305 3161 3162

 3306 3162 3163

 3307 3163 3160

 3304 3160 3158

 3302 3158 3164

 3308 3164 3165

 3309 3165 3166

 3310 3166 3167

 3168 3312 3455

 3312 3168 3169

 3169 3171 3315

 3315 3171 3173

 3317 3173 3174

 3318 3174 3175

 3319 3175 3172

 3316 3172 3170

 3314 3170 3176

 3320 3176 3177

 3321 3177 3178

 3322 3178 3179

 3323 3179 3180

 3324 3180 3181

 3325 3181 3183

 3327 3183 3185

 3329 3185 3186

 3330 3186 3187

 3331 3187 3184

 3184 3182 3326

 3326 3182 3188

 3332 3188 3189

 3333 3189 3190

 3334 3190 3191

 3335 3191 3192

 3336 3192 3193

 3337 3193 3195

 3339 3195 3197

 3341 3197 3198

 3342 3198 3199

 3343 3199 3196

 3340 3196 3194

 3338 3194 3200

 3344 3200 3201

 3345 3201 3202

 3346 3202 3203

 3347 3203 3204

 3348 3204 3205

 3205 3207 3351

 3351 3207 3209

 3353 3209 3210

 3354 3210 3211

 3355 3211 3208

 3352 3208 3206

 3350 3206 3212

 3356 3212 3213

 3357 3213 3214

 3358 3214 3215

 3359 3215 3216

 3360 3216 3217

 3361 3217 3219

 3363 3219 3221

 3365 3221 3222

 3366 3222 3223

 3367 3223 3220

 3220 3218 3362

 3362 3218 3224

 3368 3224 3225

 3369 3225 3226

 3370 3226 3227

 3371 3227 3228

 3372 3228 3229

 3373 3229 3231

 3375 3231 3233

 3377 3233 3234

 3378 3234 3235

 3379 3235 3232

 3376 3232 3230

 3374 3230 3236

 3380 3236 3237

 3381 3237 3238

 3382 3238 3239

 3383 3239 3240

 3384 3240 3241

 3241 3243 3387

 3387 3243 3245

 3389 3245 3246

 3390 3246 3247

 3391 3247 3244

 3388 3244 3242

 3386 3242 3248

 3392 3248 3249

 3393 3249 3250

 3394 3250 3251

 3395 3251 3252

 3396 3252 3253

 3397 3253 3255

 3399 3255 3257

 3401 3257 3258

 3402 3258 3259

 3403 3259 3256

 3256 3254 3398

 3398 3254 3260

 3404 3260 3261

 3405 3261 3262

 3406 3262 3263

 3407 3263 3264

 3408 3264 3265

 3409 3265 3267

 3411 3267 3269

 3413 3269 3270

 3414 3270 3271

 3415 3271 3268

 3412 3268 3266

 3410 3266 3272

 3416 3272 3273

 3417 3273 3274

 3418 3274 3275

 3419 3275 3276

 3420 3276 3277

 3277 3279 3423

 3423 3279 3281

 3425 3281 3282

 3426 3282 3283

 3427 3283 3280

 3424 3280 3278

 3422 3278 3284

 3428 3284 3285

 3429 3285 3286

 3430 3286 3287

 3431 3287 3288

 3432 3288 3289

 3433 3289 3291

 3435 3291 3293

 3437 3293 3294

 3438 3294 3295

 3439 3295 3292

 3292 3290 3434

 3434 3290 3296

 3440 3296 3297

 3441 3297 3298

 3442 3298 3299

 3443 3299 3300

 3444 3300 3301

 3445 3301 3303

 3447 3303 3305

 3449 3305 3306

 3450 3306 3307

 3451 3307 3304

 3448 3304 3302

 3446 3302 3308

 3452 3308 3309

 3453 3309 3310

 3454 3310 3311

 3312 3456 3599

 3456 3312 3313

 3313 3315 3459

 3459 3315 3317

 3461 3317 3318

 3462 3318 3319

 3463 3319 3316

 3316 3314 3458

 3458 3314 3320

 3464 3320 3321

 3465 3321 3322

 3466 3322 3323

 3467 3323 3324

 3468 3324 3325

 3469 3325 3327

 3471 3327 3329

 3473 3329 3330

 3474 3330 3331

 3475 3331 3328

 3472 3328 3326

 3470 3326 3332

 3476 3332 3333

 3477 3333 3334

 3478 3334 3335

 3479 3335 3336

 3480 3336 3337

 3337 3339 3483

 3483 3339 3341

 3485 3341 3342

 3486 3342 3343

 3487 3343 3340

 3484 3340 3338

 3482 3338 3344

 3488 3344 3345

 3489 3345 3346

 3490 3346 3347

 3491 3347 3348

 3492 3348 3349

 3349 3351 3495

 3495 3351 3353

 3497 3353 3354

 3498 3354 3355

 3499 3355 3352

 3352 3350 3494

 3494 3350 3356

 3500 3356 3357

 3501 3357 3358

 3502 3358 3359

 3503 3359 3360

 3504 3360 3361

 3505 3361 3363

 3507 3363 3365

 3509 3365 3366

 3510 3366 3367

 3511 3367 3364

 3508 3364 3362

 3506 3362 3368

 3512 3368 3369

 3513 3369 3370

 3514 3370 3371

 3515 3371 3372

 3516 3372 3373

 3373 3375 3519

 3519 3375 3377

 3521 3377 3378

 3522 3378 3379

 3523 3379 3376

 3520 3376 3374

 3518 3374 3380

 3524 3380 3381

 3525 3381 3382

 3526 3382 3383

 3527 3383 3384

 3528 3384 3385

 3385 3387 3531

 3531 3387 3389

 3533 3389 3390

 3534 3390 3391

 3535 3391 3388

 3388 3386 3530

 3530 3386 3392

 3536 3392 3393

 3537 3393 3394

 3538 3394 3395

 3539 3395 3396

 3540 3396 3397

 3541 3397 3399

 3543 3399 3401

 3545 3401 3402

 3546 3402 3403

 3547 3403 3400

 3544 3400 3398

 3542 3398 3404

 3548 3404 3405

 3549 3405 3406

 3550 3406 3407

 3551 3407 3408

 3552 3408 3409

 3409 3411 3555

 3555 3411 3413

 3557 3413 3414

 3558 3414 3415

 3559 3415 3412

 3556 3412 3410

 3554 3410 3416

 3560 3416 3417

 3561 3417 3418

 3562 3418 3419

 3563 3419 3420

 3564 3420 3421

 3421 3423 3567

 3567 3423 3425

 3569 3425 3426

 3570 3426 3427

 3571 3427 3424

 3424 3422 3566

 3566 3422 3428

 3572 3428 3429

 3573 3429 3430

 3574 3430 3431

 3575 3431 3432

 3576 3432 3433

 3577 3433 3435

 3579 3435 3437

 3581 3437 3438

 3582 3438 3439

 3583 3439 3436

 3580 3436 3434

 3578 3434 3440

 3584 3440 3441

 3585 3441 3442

 3586 3442 3443

 3587 3443 3444

 3588 3444 3445

 3445 3447 3591

 3591 3447 3449

 3593 3449 3450

 3594 3450 3451

 3595 3451 3448

 3592 3448 3446

 3590 3446 3452

 3596 3452 3453

 3597 3453 3454

 3598 3454 3455

 3456 3600 3743

 3600 3456 3457

 3601 3457 3459

 3603 3459 3461

 3605 3461 3462

 3606 3462 3463

 3607 3463 3460

 3460 3458 3602

 3602 3458 3464

 3608 3464 3465

 3609 3465 3466

 3610 3466 3467

 3611 3467 3468

 3612 3468 3469

 3613 3469 3471

 3615 3471 3473

 3617 3473 3474

 3618 3474 3475

 3619 3475 3472

 3616 3472 3470

 3614 3470 3476

 3620 3476 3477

 3621 3477 3478

 3622 3478 3479

 3623 3479 3480

 3624 3480 3481

 3481 3483 3627

 3627 3483 3485

 3629 3485 3486

 3630 3486 3487

 3631 3487 3484

 3484 3482 3626

 3626 3482 3488

 3632 3488 3489

 3633 3489 3490

 3634 3490 3491

 3635 3491 3492

 3636 3492 3493

 3637 3493 3495

 3639 3495 3497

 3641 3497 3498

 3642 3498 3499

 3643 3499 3496

 3496 3494 3638

 3638 3494 3500

 3644 3500 3501

 3645 3501 3502

 3646 3502 3503

 3647 3503 3504

 3648 3504 3505

 3649 3505 3507

 3651 3507 3509

 3653 3509 3510

 3654 3510 3511

 3655 3511 3508

 3652 3508 3506

 3650 3506 3512

 3656 3512 3513

 3657 3513 3514

 3658 3514 3515

 3659 3515 3516

 3660 3516 3517

 3517 3519 3663

 3663 3519 3521

 3665 3521 3522

 3666 3522 3523

 3667 3523 3520

 3520 3518 3662

 3662 3518 3524

 3668 3524 3525

 3669 3525 3526

 3670 3526 3527

 3671 3527 3528

 3672 3528 3529

 3673 3529 3531

 3675 3531 3533

 3677 3533 3534

 3678 3534 3535

 3679 3535 3532

 3532 3530 3674

 3674 3530 3536

 3680 3536 3537

 3681 3537 3538

 3682 3538 3539

 3683 3539 3540

 3684 3540 3541

 3685 3541 3543

 3687 3543 3545

 3689 3545 3546

 3690 3546 3547

 3691 3547 3544

 3688 3544 3542

 3686 3542 3548

 3692 3548 3549

 3693 3549 3550

 3694 3550 3551

 3695 3551 3552

 3696 3552 3553

 3553 3555 3699

 3699 3555 3557

 3701 3557 3558

 3702 3558 3559

 3703 3559 3556

 3556 3554 3698

 3698 3554 3560

 3704 3560 3561

 3705 3561 3562

 3706 3562 3563

 3707 3563 3564

 3708 3564 3565

 3709 3565 3567

 3711 3567 3569

 3713 3569 3570

 3714 3570 3571

 3715 3571 3568

 3568 3566 3710

 3710 3566 3572

 3716 3572 3573

 3717 3573 3574

 3718 3574 3575

 3719 3575 3576

 3720 3576 3577

 3721 3577 3579

 3723 3579 3581

 3725 3581 3582

 3726 3582 3583

 3727 3583 3580

 3724 3580 3578

 3722 3578 3584

 3728 3584 3585

 3729 3585 3586

 3730 3586 3587

 3731 3587 3588

 3732 3588 3589

 3589 3591 3735

 3735 3591 3593

 3737 3593 3594

 3738 3594 3595

 3739 3595 3592

 3592 3590 3734

 3734 3590 3596

 3740 3596 3597

 3741 3597 3598

 3742 3598 3599

 3600 3744 3887

 3744 3600 3601

 3601 3603 3747

 3747 3603 3605

 3749 3605 3606

 3750 3606 3607

 3751 3607 3604

 3748 3604 3602

 3746 3602 3608

 3752 3608 3609

 3753 3609 3610

 3754 3610 3611

 3755 3611 3612

 3756 3612 3613

 3613 3615 3759

 3759 3615 3617

 3761 3617 3618

 3762 3618 3619

 3763 3619 3616

 3616 3614 3758

 3758 3614 3620

 3764 3620 3621

 3765 3621 3622

 3766 3622 3623

 3767 3623 3624

 3768 3624 3625

 3625 3627 3771

 3771 3627 3629

 3773 3629 3630

 3774 3630 3631

 3775 3631 3628

 3772 3628 3626

 3770 3626 3632

 3776 3632 3633

 3777 3633 3634

 3778 3634 3635

 3779 3635 3636

 3780 3636 3637

 3637 3639 3783

 3783 3639 3641

 3785 3641 3642

 3786 3642 3643

 3787 3643 3640

 3784 3640 3638

 3782 3638 3644

 3788 3644 3645

 3789 3645 3646

 3790 3646 3647

 3791 3647 3648

 3792 3648 3649

 3649 3651 3795

 3795 3651 3653

 3797 3653 3654

 3798 3654 3655

 3799 3655 3652

 3652 3650 3794

 3794 3650 3656

 3800 3656 3657

 3801 3657 3658

 3802 3658 3659

 3803 3659 3660

 3804 3660 3661

 3661 3663 3807

 3807 3663 3665

 3809 3665 3666

 3810 3666 3667

 3811 3667 3664

 3808 3664 3662

 3806 3662 3668

 3812 3668 3669

 3813 3669 3670

 3814 3670 3671

 3815 3671 3672

 3816 3672 3673

 3673 3675 3819

 3819 3675 3677

 3821 3677 3678

 3822 3678 3679

 3823 3679 3676

 3820 3676 3674

 3818 3674 3680

 3824 3680 3681

 3825 3681 3682

 3826 3682 3683

 3827 3683 3684

 3828 3684 3685

 3685 3687 3831

 3831 3687 3689

 3833 3689 3690

 3834 3690 3691

 3835 3691 3688

 3688 3686 3830

 3830 3686 3692

 3836 3692 3693

 3837 3693 3694

 3838 3694 3695

 3839 3695 3696

 3840 3696 3697

 3697 3699 3843

 3843 3699 3701

 3845 3701 3702

 3846 3702 3703

 3847 3703 3700

 3844 3700 3698

 3842 3698 3704

 3848 3704 3705

 3849 3705 3706

 3850 3706 3707

 3851 3707 3708

 3852 3708 3709

 3709 3711 3855

 3855 3711 3713

 3857 3713 3714

 3858 3714 3715

 3859 3715 3712

 3856 3712 3710

 3854 3710 3716

 3860 3716 3717

 3861 3717 3718

 3862 3718 3719

 3863 3719 3720

 3864 3720 3721

 3721 3723 3867

 3867 3723 3725

 3869 3725 3726

 3870 3726 3727

 3871 3727 3724

 3724 3722 3866

 3866 3722 3728

 3872 3728 3729

 3873 3729 3730

 3874 3730 3731

 3875 3731 3732

 3876 3732 3733

 3733 3735 3879

 3879 3735 3737

 3881 3737 3738

 3882 3738 3739

 3883 3739 3736

 3880 3736 3734

 3878 3734 3740

 3884 3740 3741

 3885 3741 3742

 3886 3742 3743

 3744 3888 4031

 3888 3744 3745

 3745 3747 3891

 3891 3747 3749

 3893 3749 3750

 3894 3750 3751

 3895 3751 3748

 3892 3748 3746

 3890 3746 3752

 3896 3752 3753

 3897 3753 3754

 3898 3754 3755

 3899 3755 3756

 3900 3756 3757

 3757 3759 3903

 3903 3759 3761

 3905 3761 3762

 3906 3762 3763

 3907 3763 3760

 3904 3760 3758

 3902 3758 3764

 3908 3764 3765

 3909 3765 3766

 3910 3766 3767

 3911 3767 3768

 3912 3768 3769

 3769 3771 3915

 3915 3771 3773

 3917 3773 3774

 3918 3774 3775

 3919 3775 3772

 3916 3772 3770

 3914 3770 3776

 3920 3776 3777

 3921 3777 3778

 3922 3778 3779

 3923 3779 3780

 3924 3780 3781

 3781 3783 3927

 3927 3783 3785

 3929 3785 3786

 3930 3786 3787

 3931 3787 3784

 3928 3784 3782

 3926 3782 3788

 3932 3788 3789

 3933 3789 3790

 3934 3790 3791

 3935 3791 3792

 3936 3792 3793

 3793 3795 3939

 3939 3795 3797

 3941 3797 3798

 3942 3798 3799

 3943 3799 3796

 3940 3796 3794

 3938 3794 3800

 3944 3800 3801

 3945 3801 3802

 3946 3802 3803

 3947 3803 3804

 3948 3804 3805

 3805 3807 3951

 3951 3807 3809

 3953 3809 3810

 3954 3810 3811

 3955 3811 3808

 3952 3808 3806

 3950 3806 3812

 3956 3812 3813

 3957 3813 3814

 3958 3814 3815

 3959 3815 3816

 3960 3816 3817

 3817 3819 3963

 3963 3819 3821

 3965 3821 3822

 3966 3822 3823

 3967 3823 3820

 3964 3820 3818

 3962 3818 3824

 3968 3824 3825

 3969 3825 3826

 3970 3826 3827

 3971 3827 3828

 3972 3828 3829

 3829 3831 3975

 3975 3831 3833

 3977 3833 3834

 3978 3834 3835

 3979 3835 3832

 3976 3832 3830

 3974 3830 3836

 3980 3836 3837

 3981 3837 3838

 3982 3838 3839

 3983 3839 3840

 3984 3840 3841

 3841 3843 3987

 3987 3843 3845

 3989 3845 3846

 3990 3846 3847

 3991 3847 3844

 3988 3844 3842

 3986 3842 3848

 3992 3848 3849

 3993 3849 3850

 3994 3850 3851

 3995 3851 3852

 3996 3852 3853

 3853 3855 3999

 3999 3855 3857

 4001 3857 3858

 4002 3858 3859

 4003 3859 3856

 4000 3856 3854

 3998 3854 3860

 4004 3860 3861

 4005 3861 3862

 4006 3862 3863

 4007 3863 3864

 4008 3864 3865

 3865 3867 4011

 4011 3867 3869

 4013 3869 3870

 4014 3870 3871

 4015 3871 3868

 4012 3868 3866

 4010 3866 3872

 4016 3872 3873

 4017 3873 3874

 4018 3874 3875

 4019 3875 3876

 4020 3876 3877

 3877 3879 4023

 4023 3879 3881

 4025 3881 3882

 4026 3882 3883

 4027 3883 3880

 4024 3880 3878

 4022 3878 3884

 4028 3884 3885

 4029 3885 3886

 4030 3886 3887

 3888 4032 4175

 4032 3888 3889

 3889 3891 4035

 4035 3891 3893

 4037 3893 3894

 4038 3894 3895

 4039 3895 3892

 3892 3890 4034

 4034 3890 3896

 4040 3896 3897

 4041 3897 3898

 4042 3898 3899

 4043 3899 3900

 4044 3900 3901

 3901 3903 4047

 4047 3903 3905

 4049 3905 3906

 4050 3906 3907

 4051 3907 3904

 3904 3902 4046

 4046 3902 3908

 4052 3908 3909

 4053 3909 3910

 4054 3910 3911

 4055 3911 3912

 4056 3912 3913

 4057 3913 3915

 4059 3915 3917

 4061 3917 3918

 4062 3918 3919

 4063 3919 3916

 3916 3914 4058

 4058 3914 3920

 4064 3920 3921

 4065 3921 3922

 4066 3922 3923

 4067 3923 3924

 4068 3924 3925

 3925 3927 4071

 4071 3927 3929

 4073 3929 3930

 4074 3930 3931

 4075 3931 3928

 3928 3926 4070

 4070 3926 3932

 4076 3932 3933

 4077 3933 3934

 4078 3934 3935

 4079 3935 3936

 4080 3936 3937

 3937 3939 4083

 4083 3939 3941

 4085 3941 3942

 4086 3942 3943

 4087 3943 3940

 3940 3938 4082

 4082 3938 3944

 4088 3944 3945

 4089 3945 3946

 4090 3946 3947

 4091 3947 3948

 4092 3948 3949

 4093 3949 3951

 4095 3951 3953

 4097 3953 3954

 4098 3954 3955

 4099 3955 3952

 3952 3950 4094

 4094 3950 3956

 4100 3956 3957

 4101 3957 3958

 4102 3958 3959

 4103 3959 3960

 4104 3960 3961

 3961 3963 4107

 4107 3963 3965

 4109 3965 3966

 4110 3966 3967

 4111 3967 3964

 3964 3962 4106

 4106 3962 3968

 4112 3968 3969

 4113 3969 3970

 4114 3970 3971

 4115 3971 3972

 4116 3972 3973

 3973 3975 4119

 4119 3975 3977

 4121 3977 3978

 4122 3978 3979

 4123 3979 3976

 3976 3974 4118

 4118 3974 3980

 4124 3980 3981

 4125 3981 3982

 4126 3982 3983

 4127 3983 3984

 4128 3984 3985

 4129 3985 3987

 4131 3987 3989

 4133 3989 3990

 4134 3990 3991

 4135 3991 3988

 3988 3986 4130

 4130 3986 3992

 4136 3992 3993

 4137 3993 3994

 4138 3994 3995

 4139 3995 3996

 4140 3996 3997

 3997 3999 4143

 4143 3999 4001

 4145 4001 4002

 4146 4002 4003

 4147 4003 4000

 4000 3998 4142

 4142 3998 4004

 4148 4004 4005

 4149 4005 4006

 4150 4006 4007

 4151 4007 4008

 4152 4008 4009

 4009 4011 4155

 4155 4011 4013

 4157 4013 4014

 4158 4014 4015

 4159 4015 4012

 4012 4010 4154

 4154 4010 4016

 4160 4016 4017

 4161 4017 4018

 4162 4018 4019

 4163 4019 4020

 4164 4020 4021

 4165 4021 4023

 4167 4023 4025

 4169 4025 4026

 4170 4026 4027

 4171 4027 4024

 4024 4022 4166

 4166 4022 4028

 4172 4028 4029

 4173 4029 4030

 4174 4030 4031

 4032 4176 4319

 4176 4032 4033

 4177 4033 4035

 4179 4035 4037

 4181 4037 4038

 4182 4038 4039

 4183 4039 4036

 4036 4034 4178

 4178 4034 4040

 4184 4040 4041

 4185 4041 4042

 4186 4042 4043

 4187 4043 4044

 4188 4044 4045

 4045 4047 4191

 4191 4047 4049

 4193 4049 4050

 4194 4050 4051

 4195 4051 4048

 4048 4046 4190

 4190 4046 4052

 4196 4052 4053

 4197 4053 4054

 4198 4054 4055

 4199 4055 4056

 4200 4056 4057

 4201 4057 4059

 4203 4059 4061

 4205 4061 4062

 4206 4062 4063

 4207 4063 4060

 4060 4058 4202

 4202 4058 4064

 4208 4064 4065

 4209 4065 4066

 4210 4066 4067

 4211 4067 4068

 4212 4068 4069

 4213 4069 4071

 4215 4071 4073

 4217 4073 4074

 4218 4074 4075

 4219 4075 4072

 4072 4070 4214

 4214 4070 4076

 4220 4076 4077

 4221 4077 4078

 4222 4078 4079

 4223 4079 4080

 4224 4080 4081

 4081 4083 4227

 4227 4083 4085

 4229 4085 4086

 4230 4086 4087

 4231 4087 4084

 4084 4082 4226

 4226 4082 4088

 4232 4088 4089

 4233 4089 4090

 4234 4090 4091

 4235 4091 4092

 4236 4092 4093

 4237 4093 4095

 4239 4095 4097

 4241 4097 4098

 4242 4098 4099

 4243 4099 4096

 4096 4094 4238

 4238 4094 4100

 4244 4100 4101

 4245 4101 4102

 4246 4102 4103

 4247 4103 4104

 4248 4104 4105

 4249 4105 4107

 4251 4107 4109

 4253 4109 4110

 4254 4110 4111

 4255 4111 4108

 4108 4106 4250

 4250 4106 4112

 4256 4112 4113

 4257 4113 4114

 4258 4114 4115

 4259 4115 4116

 4260 4116 4117

 4117 4119 4263

 4263 4119 4121

 4265 4121 4122

 4266 4122 4123

 4267 4123 4120

 4120 4118 4262

 4262 4118 4124

 4268 4124 4125

 4269 4125 4126

 4270 4126 4127

 4271 4127 4128

 4272 4128 4129

 4273 4129 4131

 4275 4131 4133

 4277 4133 4134

 4278 4134 4135

 4279 4135 4132

 4132 4130 4274

 4274 4130 4136

 4280 4136 4137

 4281 4137 4138

 4282 4138 4139

 4283 4139 4140

 4284 4140 4141

 4285 4141 4143

 4287 4143 4145

 4289 4145 4146

 4290 4146 4147

 4291 4147 4144

 4144 4142 4286

 4286 4142 4148

 4292 4148 4149

 4293 4149 4150

 4294 4150 4151

 4295 4151 4152

 4296 4152 4153

 4153 4155 4299

 4299 4155 4157

 4301 4157 4158

 4302 4158 4159

 4303 4159 4156

 4156 4154 4298

 4298 4154 4160

 4304 4160 4161

 4305 4161 4162

 4306 4162 4163

 4307 4163 4164

 4308 4164 4165

 4309 4165 4167

 4311 4167 4169

 4313 4169 4170

 4314 4170 4171

 4315 4171 4168

 4168 4166 4310

 4310 4166 4172

 4316 4172 4173

 4317 4173 4174

 4318 4174 4175

 4176 4320 4463

 4320 4176 4177

 4177 4179 4323

 4323 4179 4181

 4325 4181 4182

 4326 4182 4183

 4327 4183 4180

 4180 4178 4322

 4322 4178 4184

 4328 4184 4185

 4329 4185 4186

 4330 4186 4187

 4331 4187 4188

 4332 4188 4189

 4189 4191 4335

 4335 4191 4193

 4337 4193 4194

 4338 4194 4195

 4339 4195 4192

 4192 4190 4334

 4334 4190 4196

 4340 4196 4197

 4341 4197 4198

 4342 4198 4199

 4343 4199 4200

 4344 4200 4201

 4201 4203 4347

 4347 4203 4205

 4349 4205 4206

 4350 4206 4207

 4351 4207 4204

 4204 4202 4346

 4346 4202 4208

 4352 4208 4209

 4353 4209 4210

 4354 4210 4211

 4355 4211 4212

 4356 4212 4213

 4213 4215 4359

 4359 4215 4217

 4361 4217 4218

 4362 4218 4219

 4363 4219 4216

 4216 4214 4358

 4358 4214 4220

 4364 4220 4221

 4365 4221 4222

 4366 4222 4223

 4367 4223 4224

 4368 4224 4225

 4225 4227 4371

 4371 4227 4229

 4373 4229 4230

 4374 4230 4231

 4375 4231 4228

 4228 4226 4370

 4370 4226 4232

 4376 4232 4233

 4377 4233 4234

 4378 4234 4235

 4379 4235 4236

 4380 4236 4237

 4237 4239 4383

 4383 4239 4241

 4385 4241 4242

 4386 4242 4243

 4387 4243 4240

 4240 4238 4382

 4382 4238 4244

 4388 4244 4245

 4389 4245 4246

 4390 4246 4247

 4391 4247 4248

 4392 4248 4249

 4249 4251 4395

 4395 4251 4253

 4397 4253 4254

 4398 4254 4255

 4399 4255 4252

 4252 4250 4394

 4394 4250 4256

 4400 4256 4257

 4401 4257 4258

 4402 4258 4259

 4403 4259 4260

 4404 4260 4261

 4261 4263 4407

 4407 4263 4265

 4409 4265 4266

 4410 4266 4267

 4411 4267 4264

 4264 4262 4406

 4406 4262 4268

 4412 4268 4269

 4413 4269 4270

 4414 4270 4271

 4415 4271 4272

 4416 4272 4273

 4273 4275 4419

 4419 4275 4277

 4421 4277 4278

 4422 4278 4279

 4423 4279 4276

 4276 4274 4418

 4418 4274 4280

 4424 4280 4281

 4425 4281 4282

 4426 4282 4283

 4427 4283 4284

 4428 4284 4285

 4285 4287 4431

 4431 4287 4289

 4433 4289 4290

 4434 4290 4291

 4435 4291 4288

 4288 4286 4430

 4430 4286 4292

 4436 4292 4293

 4437 4293 4294

 4438 4294 4295

 4439 4295 4296

 4440 4296 4297

 4297 4299 4443

 4443 4299 4301

 4445 4301 4302

 4446 4302 4303

 4447 4303 4300

 4300 4298 4442

 4442 4298 4304

 4448 4304 4305

 4449 4305 4306

 4450 4306 4307

 4451 4307 4308

 4452 4308 4309

 4309 4311 4455

 4455 4311 4313

 4457 4313 4314

 4458 4314 4315

 4459 4315 4312

 4312 4310 4454

 4454 4310 4316

 4460 4316 4317

 4461 4317 4318

 4462 4318 4319

 4320 4464 4607

 4464 4320 4321

 4465 4321 4323

 4467 4323 4325

 4469 4325 4326

 4470 4326 4327

 4471 4327 4324

 4468 4324 4322

 4466 4322 4328

 4472 4328 4329

 4473 4329 4330

 4474 4330 4331

 4475 4331 4332

 4476 4332 4333

 4333 4335 4479

 4479 4335 4337

 4481 4337 4338

 4482 4338 4339

 4483 4339 4336

 4336 4334 4478

 4478 4334 4340

 4484 4340 4341

 4485 4341 4342

 4486 4342 4343

 4487 4343 4344

 4488 4344 4345

 4345 4347 4491

 4491 4347 4349

 4493 4349 4350

 4494 4350 4351

 4495 4351 4348

 4492 4348 4346

 4490 4346 4352

 4496 4352 4353

 4497 4353 4354

 4498 4354 4355

 4499 4355 4356

 4500 4356 4357

 4501 4357 4359

 4503 4359 4361

 4505 4361 4362

 4506 4362 4363

 4507 4363 4360

 4504 4360 4358

 4502 4358 4364

 4508 4364 4365

 4509 4365 4366

 4510 4366 4367

 4511 4367 4368

 4512 4368 4369

 4369 4371 4515

 4515 4371 4373

 4517 4373 4374

 4518 4374 4375

 4519 4375 4372

 4372 4370 4514

 4514 4370 4376

 4520 4376 4377

 4521 4377 4378

 4522 4378 4379

 4523 4379 4380

 4524 4380 4381

 4381 4383 4527

 4527 4383 4385

 4529 4385 4386

 4530 4386 4387

 4531 4387 4384

 4528 4384 4382

 4526 4382 4388

 4532 4388 4389

 4533 4389 4390

 4534 4390 4391

 4535 4391 4392

 4536 4392 4393

 4537 4393 4395

 4539 4395 4397

 4541 4397 4398

 4542 4398 4399

 4543 4399 4396

 4540 4396 4394

 4538 4394 4400

 4544 4400 4401

 4545 4401 4402

 4546 4402 4403

 4547 4403 4404

 4548 4404 4405

 4405 4407 4551

 4551 4407 4409

 4553 4409 4410

 4554 4410 4411

 4555 4411 4408

 4408 4406 4550

 4550 4406 4412

 4556 4412 4413

 4557 4413 4414

 4558 4414 4415

 4559 4415 4416

 4560 4416 4417

 4417 4419 4563

 4563 4419 4421

 4565 4421 4422

 4566 4422 4423

 4567 4423 4420

 4564 4420 4418

 4562 4418 4424

 4568 4424 4425

 4569 4425 4426

 4570 4426 4427

 4571 4427 4428

 4572 4428 4429

 4573 4429 4431

 4575 4431 4433

 4577 4433 4434

 4578 4434 4435

 4579 4435 4432

 4576 4432 4430

 4574 4430 4436

 4580 4436 4437

 4581 4437 4438

 4582 4438 4439

 4583 4439 4440

 4584 4440 4441

 4441 4443 4587

 4587 4443 4445

 4589 4445 4446

 4590 4446 4447

 4591 4447 4444

 4444 4442 4586

 4586 4442 4448

 4592 4448 4449

 4593 4449 4450

 4594 4450 4451

 4595 4451 4452

 4596 4452 4453

 4453 4455 4599

 4599 4455 4457

 4601 4457 4458

 4602 4458 4459

 4603 4459 4456

 4600 4456 4454

 4598 4454 4460

 4604 4460 4461

 4605 4461 4462

 4606 4462 4463

 0 143 142

 142 141 134

 141 140 134

 134 136 135

 136 139 138

 135 138 137

 1 0 134

 0 142 134

 5 3 6

 3 1 4

 6 4 7

 2 4 1

 9 8 2

 11 10 9

 13 12 11

 17 15 18

 15 13 16

 18 16 19

 14 16 13

 21 20 14

 23 22 14

 22 21 14

 25 24 14

 24 23 14

 29 27 30

 27 25 28

 30 28 31

 26 28 25

 33 32 26

 35 34 26

 34 33 26

 37 36 35

 41 39 42

 39 37 40

 42 40 43

 38 40 37

 45 44 38

 47 46 45

 49 48 47

 53 51 54

 51 49 52

 54 52 55

 50 52 49

 57 56 50

 59 58 50

 58 57 50

 61 60 50

 60 59 50

 65 63 66

 63 61 64

 66 64 67

 62 64 61

 69 68 62

 71 70 69

 73 72 69

 72 71 69

 77 75 78

 75 73 74

 79 78 76

 76 78 75

 74 76 75

 81 80 74

 83 82 81

 85 84 86

 84 83 86

 89 87 90

 87 85 86

 91 90 88

 88 90 87

 86 88 87

 93 92 86

 95 94 97

 94 93 97

 97 96 95

 101 99 102

 99 97 98

 103 102 100

 100 102 99

 98 100 99

 105 104 98

 107 106 98

 106 105 98

 109 108 110

 108 107 110

 113 111 114

 111 109 110

 115 114 112

 112 114 111

 110 112 111

 117 116 110

 119 118 117

 121 120 119

 125 123 126

 123 121 122

 127 126 124

 124 126 123

 122 124 123

 129 128 122

 131 130 133

 130 129 133

 133 132 131

 135 133 134

 136 138 135

 6 3 4

 1 134 133

 133 129 1

 129 122 1

 121 119 122

 119 117 122

 11 9 13

 9 2 13

 18 15 16

 2 1 122

 122 117 110

 13 2 14

 2 122 14

 30 27 28

 14 122 110

 25 14 26

 14 110 26

 110 107 26

 107 98 26

 42 39 40

 37 35 98

 35 26 98

 98 97 93

 98 93 86

 47 45 49

 45 38 49

 54 51 52

 38 37 86

 37 98 86

 49 38 50

 38 86 50

 83 81 86

 81 74 86

 66 63 64

 50 86 61

 86 74 61

 74 73 62

 73 69 62

 4606 4607 4465

 4607 4464 4465

 4465 4467 4468

 4467 4469 4470

 4604 4605 4606

 4603 4600 4602

 4600 4598 4599

 4602 4600 4599

 4598 4604 4606

 4467 4470 4468

 4598 4606 4465

 4599 4601 4602

 4595 4596 4597

 4597 4599 4598

 4594 4595 4597

 4592 4593 4594

 4591 4588 4590

 4588 4586 4587

 4590 4588 4587

 4586 4592 4594

 4594 4597 4598

 4470 4471 4468

 4594 4598 4586

 4598 4465 4586

 4466 4472 4474

 4472 4473 4474

 4465 4468 4466

 4589 4590 4587

 4586 4465 4474

 4465 4466 4474

 4474 4475 4476

 4477 4479 4480

 4479 4481 4482

 4474 4476 4586

 4476 4477 4586

 4583 4584 4585

 4585 4587 4586

 4479 4482 4480

 4482 4483 4480

 4478 4484 4486

 4484 4485 4486

 4480 4478 4477

 4585 4586 4477

 4486 4487 4489

 4487 4488 4489

 4489 4491 4492

 4491 4493 4494

 4492 4494 4495

 4477 4478 4486

 4583 4585 4489

 4585 4477 4489

 4581 4582 4574

 4582 4583 4574

 4574 4580 4581

 4579 4576 4578

 4576 4574 4575

 4578 4575 4577

 4573 4575 4574

 4571 4572 4573

 4569 4570 4571

 4562 4568 4569

 4567 4564 4566

 4564 4562 4563

 4566 4563 4565

 4561 4563 4562

 4559 4560 4561

 4557 4558 4561

 4558 4559 4561

 4550 4556 4562

 4556 4557 4562

 4555 4552 4554

 4552 4550 4551

 4554 4551 4553

 4549 4551 4550

 4547 4548 4549

 4545 4546 4549

 4546 4547 4549

 4538 4544 4545

 4543 4540 4542

 4540 4538 4539

 4542 4539 4541

 4537 4539 4538

 4535 4536 4526

 4536 4537 4526

 4533 4534 4526

 4534 4535 4526

 4526 4532 4533

 4531 4528 4530

 4528 4526 4525

 4529 4530 4527

 4527 4530 4528

 4525 4527 4528

 4523 4524 4525

 4521 4522 4525

 4522 4523 4525

 4514 4520 4521

 4519 4516 4518

 4516 4514 4513

 4517 4518 4515

 4515 4518 4516

 4513 4515 4516

 4511 4512 4502

 4512 4513 4502

 4509 4510 4502

 4510 4511 4502

 4502 4508 4509

 4507 4504 4506

 4504 4502 4501

 4505 4506 4503

 4503 4506 4504

 4501 4503 4504

 4499 4500 4501

 4497 4498 4490

 4498 4499 4490

 4490 4496 4497

 4492 4490 4489

 4491 4494 4492

 4477 4486 4489

 4578 4576 4575

 4569 4571 4562

 4571 4573 4562

 4574 4583 4489

 4489 4490 4501

 4490 4499 4501

 4573 4574 4489

 4566 4564 4563

 4562 4573 4489

 4562 4489 4501

 4557 4561 4562

 4554 4552 4551

 4562 4501 4550

 4501 4502 4550

 4542 4540 4539

 4538 4545 4549

 4549 4550 4502

 4549 4502 4513

 4538 4549 4513

 4513 4514 4525

 4514 4521 4525

 4537 4538 4526

 4538 4513 4526

