vectors:

 167.877014 7.321231 81.986450

 175.685257 7.321266 81.986458

 144.452316 7.321231 27.328836

 152.260559 7.321259 27.328838

 175.685257 7.321259 -11.712330

 175.685257 7.321239 -19.520571

 -121.027679 7.321230 -89.794731

 -121.027679 7.321263 -97.602966

 -167.877075 7.321243 -121.027672

 -167.877075 7.321239 -128.835907

 20.442173 7.167374 -118.716003

 16.208620 7.167374 -121.326569

 8.709183 7.167374 -121.326569

 1.209748 7.167374 -119.804657

 -6.289692 7.167374 -116.362198

 -10.523247 6.934394 -115.273560

 21.530804 7.167374 -111.040024

 16.208620 6.934394 -111.040024

 1.209746 7.167374 -111.040024

 -6.289692 7.167374 -111.040024

 -13.789131 7.167374 -111.040024

 -18.022686 7.167374 -107.774139

 21.530804 6.934394 -103.540588

 16.208620 7.167374 -103.540588

 8.709183 7.167374 -103.540588

 1.209746 7.167374 -103.540588

 -6.289692 6.934394 -103.540588

 -13.789131 6.934394 -103.540588

 -21.288570 6.934394 -103.540588

 -25.522121 7.167374 -100.274689

 20.442173 7.167374 -99.307007

 16.208620 6.934394 -98.218384

 8.709183 7.167374 -98.218384

 1.209746 7.167374 -96.041138

 -6.289692 6.934394 -96.041138

 -13.789131 7.167374 -96.041138

 -21.288570 7.167374 -96.041138

 -26.610752 6.934394 -96.041138

 -114.547699 7.167374 -92.775269

 -118.781250 7.167374 -93.863892

 -126.280701 6.934394 -93.863892

 -130.514252 7.167374 -92.775269

 -0.967507 7.167374 -88.541718

 -6.289692 7.167374 -88.541718

 -13.789131 6.934394 -88.541718

 -21.288570 7.167374 -88.541718

 -26.610752 7.167374 -88.541718

 -92.049393 7.167374 -85.275833

 -96.282959 7.167374 -86.364456

 -103.782379 7.167374 -86.364456

 -111.281815 7.167374 -88.541718

 -118.781250 6.934394 -88.541718

 -126.280701 7.167374 -88.541718

 -131.602875 7.167374 -88.541718

 12.942733 6.934394 -77.776382

 8.492676 7.885582 -78.818802

 1.282957 7.632807 -81.070969

 -6.301876 6.947160 -81.042519

 -13.789131 7.108796 -81.042267

 -21.288570 7.167374 -81.042267

 -28.788006 7.167374 -81.042267

 -33.021564 7.167374 -77.776382

 -84.549957 6.934394 -77.776382

 -88.783508 7.167374 -81.042267

 -96.282944 7.167374 -81.042267

 -103.782379 7.167374 -81.042267

 -111.281815 7.167374 -81.042267

 -118.781250 7.167374 -81.042267

 -126.280701 7.167374 -81.042267

 -131.602875 7.167374 -81.042267

 35.441044 6.934394 -70.276947

 31.207499 7.167374 -71.365570

 23.708054 6.934394 -71.365570

 16.208620 7.167374 -73.542831

 8.689669 6.871902 -73.312210

 1.209998 4.388539 -73.517342

 -6.289692 4.342072 -73.542831

 -13.789131 6.989178 -73.542831

 -21.288570 7.167374 -73.542831

 -28.788006 7.167374 -73.542831

 -36.287445 6.934394 -73.542831

 -43.786884 11.200068 -71.365570

 -51.286320 12.797897 -71.365570

 -58.785763 11.200068 -71.365570

 -66.285202 7.167374 -71.365570

 -73.784622 7.130554 -71.365570

 -81.284073 7.167374 -73.542831

 -88.783508 6.934394 -73.542831

 -96.282944 4.073719 -73.542831

 -103.782379 4.073719 -73.542831

 -111.281815 7.167374 -73.542831

 -118.781250 6.934394 -73.542831

 -126.280701 7.167374 -75.720093

 -130.514252 7.167374 -76.808716

 65.438789 6.934394 -62.777504

 61.205238 7.167374 -63.866135

 53.705807 7.167374 -63.866135

 46.206367 6.934394 -63.866135

 38.706928 7.167374 -66.043396

 31.207495 6.934394 -66.043396

 23.708054 7.167374 -66.043396

 16.208620 7.167374 -66.043396

 8.708237 7.021457 -66.041580

 1.210692 4.827677 -66.042450

 -6.289692 2.340679 -66.043396

 -13.789131 5.546735 -66.043396

 -21.288570 6.846984 -66.043396

 -28.788006 6.934394 -66.043396

 -36.287445 6.934394 -66.043396

 -43.786884 11.433048 -66.043396

 -51.286320 10.671835 -66.043396

 -58.785763 10.438854 -66.043396

 -66.285202 6.934394 -66.043396

 -73.784622 7.167374 -66.043396

 -81.284073 7.167374 -66.043396

 -88.783508 7.167374 -66.043396

 -96.282944 4.306699 -66.043396

 -103.782379 6.934394 -66.043396

 -111.281815 7.167374 -66.043396

 -115.515381 7.167374 -69.309280

 66.527420 7.167374 -58.543961

 61.205238 7.167374 -58.543961

 53.705795 6.934394 -58.543961

 46.206367 7.167374 -58.543961

 38.706928 7.167374 -58.543961

 31.207495 7.165661 -58.543961

 23.708054 7.152474 -58.543961

 16.208620 7.165661 -58.543961

 8.464009 7.501820 -58.298782

 1.454919 5.850914 -58.298786

 -6.288746 1.339494 -58.543007

 -13.789131 1.449474 -58.543953

 -21.288570 5.758810 -58.543953

 -28.788006 7.167374 -58.543961

 -36.287445 7.167374 -58.543961

 -43.786884 6.934394 -58.543961

 -51.286320 8.396480 -58.543961

 -58.785763 8.396480 -58.543961

 -66.285202 7.167374 -58.543961

 -73.784622 6.934394 -58.543961

 -81.284073 6.934394 -58.543961

 -88.783508 7.167374 -58.543961

 -96.282944 6.934394 -58.543961

 -103.782379 7.167374 -60.721214

 -108.015930 7.167374 -61.809837

 66.527420 7.167374 -51.044518

 61.205238 7.167374 -51.044518

 53.705795 7.167374 -51.044518

 46.206367 6.919490 -51.044518

 38.706928 6.882145 -51.044518

 31.207495 6.544779 -51.044518

 23.708054 6.400795 -51.044518

 16.208620 6.311799 -51.044518

 8.465523 7.525790 -51.288185

 1.454919 6.510298 -51.289696

 -6.288746 1.275013 -51.045464

 -13.789131 1.319408 -51.044518

 -21.288570 5.952275 -51.044518

 -28.788006 6.934394 -51.044518

 -36.287445 6.934394 -51.044518

 -43.786884 7.167374 -51.044518

 -51.286320 7.167374 -51.044518

 -58.785763 6.934394 -51.044518

 -66.285202 7.167374 -51.044518

 -73.784622 7.167374 -51.044518

 -81.284073 6.934394 -51.044518

 -88.783508 7.167374 -53.221771

 -93.017059 7.167374 -54.310402

 66.527420 7.167374 -43.545082

 61.205238 7.167374 -43.545082

 53.705795 6.919490 -43.545082

 46.206367 6.439723 -43.545082

 38.706928 5.867276 -43.545082

 31.207495 4.934968 -43.545082

 23.708054 7.059738 -43.545082

 16.208620 4.934964 -43.545082

 8.709183 5.867276 -43.545082

 1.210692 5.148431 -43.546028

 -6.289692 1.123623 -43.545082

 -13.789131 1.448180 -43.545082

 -21.288570 5.768682 -43.545082

 -28.788006 7.167374 -43.545082

 -36.287445 6.934394 -43.545082

 -42.617111 4.626531 -44.714844

 -52.456089 4.859511 -44.714844

 -58.785763 6.934394 -43.545082

 -66.285202 7.167374 -43.545082

 -73.784622 7.167374 -43.545082

 -79.106827 6.934394 -43.545082

 66.527420 6.934394 -36.045647

 61.205238 6.934394 -36.045647

 53.705795 6.882142 -36.045647

 46.206367 5.634295 -36.045647

 38.706928 4.598366 -36.045647

 31.207495 3.330413 -36.045647

 23.708054 3.162320 -36.045647

 16.208620 2.323740 -36.045647

 8.709183 4.598366 -36.045639

 1.209746 4.574756 -36.045639

 -6.289692 2.208122 -36.045639

 -13.789131 4.875208 -36.045639

 -21.288570 6.847253 -36.045639

 -28.788006 6.934394 -36.045639

 -36.287445 6.934394 -36.045639

 -42.617111 4.859511 -34.875870

 -52.456089 4.626531 -34.875870

 -58.785763 7.167374 -36.045639

 -66.285202 6.934394 -36.045639

 -73.784622 7.167374 -36.045639

 -81.284073 7.167374 -36.045639

 -85.517624 7.167374 -32.779755

 72.938225 7.167374 -25.280319

 68.704681 6.934394 -28.546204

 61.205238 6.932681 -28.546204

 53.705795 6.544775 -28.546204

 46.206367 5.768851 -28.546204

 38.706928 3.563393 -28.546204

 31.207495 2.255208 -28.546204

 23.708054 1.734797 -28.546204

 16.208620 2.022223 -28.546204

 8.709183 3.563391 -28.546204

 1.209746 5.004691 -28.546196

 -6.289692 6.018728 -28.546196

 -13.789131 6.941178 -28.546194

 -21.288570 7.167374 -28.546196

 -28.788006 6.934394 -28.546196

 -36.287445 7.167374 -28.546196

 -43.786884 7.167374 -28.546196

 -51.286320 7.167374 -28.546196

 -58.785763 7.167374 -28.546196

 -66.285202 7.167374 -28.546188

 -73.784622 7.167374 -28.546188

 -81.284073 7.167374 -28.546188

 -88.783508 7.167374 -28.546188

 -93.017059 7.167374 -25.280304

 74.026855 6.934394 -21.046761

 68.704681 7.167374 -21.046753

 61.205238 7.152466 -21.046753

 53.705795 6.400788 -21.046753

 46.206367 4.661216 -21.046753

 38.706928 3.162320 -21.046753

 31.207495 1.501813 -21.046753

 23.708054 1.141255 -21.046753

 16.208620 1.501813 -21.046753

 8.709183 2.929338 -21.046753

 1.209746 4.894196 -21.046753

 -6.289692 6.167808 -21.046753

 -13.789131 7.152466 -21.046753

 -21.288570 6.934394 -21.046753

 -26.610752 7.167374 -21.046753

 -38.464699 6.934394 -21.046753

 -43.786884 6.934394 -21.046753

 -51.286320 6.934394 -21.046753

 -58.785763 7.167374 -21.046753

 -66.285202 6.934394 -21.046753

 -73.784622 7.167374 -21.046753

 -81.284073 7.167374 -21.046745

 -88.783508 7.167374 -21.046745

 -94.105682 7.167374 -21.046745

 74.026855 7.167374 -13.547318

 68.704681 6.934394 -13.547318

 61.205238 6.932681 -13.547318

 53.705795 6.544775 -13.547318

 46.206367 4.934962 -13.547318

 38.706928 3.563391 -13.547318

 31.207495 2.255206 -13.547318

 23.708054 1.734793 -13.547318

 16.208620 2.022223 -13.547318

 8.709183 3.330411 -13.547318

 1.209746 5.167943 -13.547318

 -6.289692 6.544775 -13.547318

 -13.789131 7.165661 -13.547318

 -21.288570 7.167374 -13.547318

 -28.788006 6.934394 -13.547310

 -36.287445 7.167374 -13.547310

 -43.786884 6.934394 -13.547310

 -51.286320 7.167374 -13.547310

 -58.785763 6.934394 -13.547310

 -66.285202 7.167374 -13.547310

 -73.784622 7.167374 -13.547310

 -81.284073 7.167374 -13.547310

 -88.783508 7.167374 -13.547310

 -96.282944 7.167374 -13.547310

 -100.516495 6.934394 -10.281425

 74.026855 6.934394 -6.047882

 68.704681 7.167374 -6.047882

 61.205238 6.934394 -6.047882

 53.705795 6.649161 -6.047882

 46.206367 5.634294 -6.047882

 38.706928 4.365384 -6.047882

 31.207495 3.563393 -6.047882

 23.708054 3.162318 -6.047874

 16.208620 3.563393 -6.047874

 8.709183 4.598361 -6.047874

 1.660252 5.848692 -6.047874

 -6.461313 5.848695 -6.047874

 -14.582878 5.848697 -6.047874

 -21.288570 6.934394 -6.047874

 -28.788006 6.934394 -6.047874

 -36.287445 6.934394 -6.047874

 -43.786884 7.167374 -6.047874

 -51.286320 7.167374 -6.047874

 -58.785763 7.167374 -6.047874

 -66.285202 6.934394 -6.047874

 -73.784622 6.712872 -6.047869

 -81.284073 6.712872 -6.047868

 -88.783508 4.892102 -6.047868

 -96.282944 7.167374 -6.047867

 -103.782379 7.167374 -6.047867

 -108.015930 6.934394 -2.781982

 80.437653 6.934394 4.717438

 76.204109 7.167374 1.451553

 68.704681 7.167374 1.451557

 61.205238 7.167374 1.451557

 53.705795 7.152466 1.451557

 46.206367 6.672699 1.451557

 38.706928 5.634294 1.451557

 31.207495 4.934962 1.451561

 23.708054 4.894196 1.451561

 16.208620 5.167943 1.451561

 8.709183 5.867274 1.451561

 1.660252 5.848694 1.451561

 -6.461313 5.848697 1.451561

 -14.582878 5.848697 1.451561

 -21.288570 7.147891 1.451565

 -28.788006 6.914910 1.451565

 -36.287445 7.165137 1.451565

 -43.786884 7.167374 1.451569

 -51.286320 6.934394 1.451569

 -58.785763 7.167374 1.451569

 -66.285202 6.670765 1.451568

 -73.784622 4.186824 1.451568

 -81.284073 4.228930 1.451568

 -88.783508 4.471506 1.451569

 -96.282944 7.125268 1.451569

 -103.782379 7.167374 1.451569

 -109.104568 7.167374 1.451569

 87.937103 7.167374 12.216869

 83.703552 7.167374 8.950989

 76.204109 6.934394 8.950989

 68.704681 7.167374 8.950989

 61.205238 6.934394 8.950989

 53.705795 7.167374 8.950989

 46.206367 7.152466 8.950989

 38.706928 6.649161 8.950993

 31.207495 6.544775 8.950993

 23.708054 6.400788 8.950993

 16.208620 6.544775 8.950996

 8.709183 6.649161 8.950996

 1.660252 5.848697 8.950996

 -6.461313 5.848695 8.950996

 -13.789131 6.353325 8.950996

 -21.288570 5.932086 8.950996

 -28.788006 8.330605 8.950996

 -36.287445 6.353325 8.950996

 -43.786884 6.561456 8.950996

 -51.286320 7.147891 8.950996

 -58.785763 7.167374 8.950996

 -66.285202 6.733925 8.950996

 -73.784622 4.207877 8.950996

 -81.284073 4.186823 8.950996

 -88.783508 4.186824 8.951000

 -96.282944 6.733925 8.951000

 -103.782379 7.167374 8.951004

 -109.104568 6.934394 8.951004

 147.932587 7.167374 19.716309

 143.699066 7.167374 18.627678

 136.199615 6.934394 18.627678

 128.700180 7.167374 18.627678

 124.466629 6.934394 19.716309

 102.935989 7.167374 19.716309

 98.702438 6.934394 18.627678

 91.202988 7.167374 16.450424

 83.703552 7.167374 16.450424

 76.204109 7.167374 16.450424

 68.704681 7.167374 16.450424

 61.205238 7.167374 16.450424

 53.705795 7.167374 16.450424

 46.206367 6.934394 16.450424

 38.706928 6.934394 16.450424

 31.207495 6.932681 16.450424

 23.708054 7.152466 16.450424

 16.208620 6.932681 16.450424

 8.709183 6.914910 16.450424

 1.209746 6.520588 16.450424

 -6.289692 5.467494 16.450424

 -13.789131 4.320136 16.450424

 -21.288570 4.195191 16.450424

 -28.788006 3.962211 16.450428

 -36.287445 4.320136 16.450428

 -43.786884 5.234513 16.450428

 -51.286320 6.520588 16.450428

 -58.785763 6.914910 16.450428

 -66.285202 6.860759 16.450428

 -73.784622 4.228930 16.450428

 -81.284073 4.038056 16.450428

 -88.783508 4.059109 16.450428

 -96.282944 6.882692 16.450432

 -103.782379 6.934394 16.450432

 -109.104568 7.167374 16.450432

 149.021225 7.167374 23.949860

 143.699066 6.934394 23.949860

 136.199615 6.934394 23.949860

 128.700180 7.167374 23.949860

 121.200729 6.934394 23.949860

 113.701309 6.934394 26.127113

 106.201874 6.934394 23.949860

 98.702438 6.934394 23.949860

 91.202988 7.167374 23.949860

 83.703552 7.167374 23.949860

 76.204109 7.167374 23.949860

 68.704681 7.167374 23.949860

 61.205238 6.934394 23.949860

 53.705795 6.934394 23.949860

 46.206367 6.931249 23.949860

 38.706928 6.907016 23.949860

 31.207495 6.931249 23.949860

 23.708054 6.934394 23.949860

 16.208620 7.167374 23.949860

 8.709183 6.794436 23.949860

 1.209746 5.467494 23.949860

 -6.289692 3.575412 23.949860

 -13.789131 2.455166 23.949860

 -21.288570 1.697783 23.949860

 -28.788006 1.930764 23.949860

 -36.287445 2.455166 23.949860

 -43.786884 3.575412 23.949860

 -51.286320 5.234513 23.949860

 -58.785763 6.794436 23.949860

 -66.285202 6.959549 23.949860

 -73.784622 4.343791 23.949860

 -81.284073 4.471506 23.949860

 -88.783508 6.733925 23.949862

 -96.282944 7.167374 23.949863

 -103.782379 7.167374 23.949863

 -111.281815 7.167374 23.949863

 -115.515381 6.934394 27.215752

 149.021225 6.934394 31.449303

 143.699066 7.167374 31.449303

 136.199615 6.934394 31.449303

 128.700180 7.167374 31.449303

 121.200729 6.934394 31.449303

 113.701309 6.934394 31.449303

 106.201874 7.167374 31.449303

 98.702438 7.167374 31.449303

 91.202988 7.167374 31.449303

 83.703552 6.934394 31.449303

 76.204109 7.167374 31.449303

 68.704681 7.167374 31.449303

 61.205238 6.907010 31.449303

 53.705795 6.410348 31.449303

 46.206367 5.790507 31.449303

 38.706928 5.758946 31.449303

 31.207495 6.023488 31.449303

 23.708054 6.643328 31.449303

 16.208620 6.904773 31.449303

 8.709183 6.353325 31.449303

 1.209746 4.553116 31.449303

 -6.289692 2.222186 31.449303

 -13.789131 0.744710 31.449303

 -21.288570 0.064274 31.449303

 -28.788006 -0.168706 31.449303

 -36.287445 0.511729 31.449303

 -43.786884 2.455170 31.449303

 -51.286320 4.320136 31.449303

 -58.785763 6.353325 31.449303

 -66.285202 7.165137 31.449303

 -73.784622 4.777140 31.449305

 -81.284073 4.322738 31.449305

 -88.783508 6.861639 31.449305

 -96.282944 7.167374 31.449303

 -103.782379 6.934394 31.449303

 -111.281815 7.167374 31.449303

 -116.603989 6.934394 31.449303

 147.932587 7.167374 35.682854

 143.699066 7.167374 36.771477

 136.199615 7.167374 38.948738

 128.700180 7.167374 38.948738

 121.200729 6.934394 38.948738

 113.701309 6.934394 38.948738

 106.201874 6.934394 38.948738

 98.702438 7.167374 38.948738

 91.202988 6.934394 38.948738

 83.703552 6.934394 38.948738

 76.204109 7.167374 38.948738

 68.704681 6.907010 38.948738

 61.205238 6.258521 38.948738

 53.705795 4.545745 38.948738

 46.206367 3.260879 38.948738

 38.706928 2.990912 38.948738

 31.207495 3.260879 38.948738

 23.708054 4.778727 38.948738

 16.208620 6.239371 38.948738

 8.709183 5.904706 38.948738

 1.209746 3.962211 38.948738

 -6.289692 1.930764 38.948738

 -13.789131 -0.168706 38.948738

 -21.288570 -0.711777 38.948738

 -28.788006 -0.944757 38.948738

 -36.287445 0.064274 38.948738

 -43.786884 1.930764 38.948738

 -51.286320 4.195195 38.948738

 -58.785763 5.932086 38.948738

 -66.285202 7.147891 38.948738

 -73.784622 7.167374 38.948738

 -81.284073 5.694741 38.948738

 -88.783508 7.167374 38.948738

 -96.282944 7.167374 38.948738

 -103.782379 6.934394 38.948738

 -111.281815 7.167374 38.948738

 -116.603989 7.167374 38.948738

 132.933716 7.167374 43.182293

 128.700180 6.934394 44.270920

 121.200729 7.167374 46.448177

 113.701309 6.934394 46.448177

 106.119720 6.807160 46.603252

 98.663544 6.484126 45.673351

 91.227905 6.484126 45.673351

 83.792267 6.484126 45.673351

 76.326126 6.752684 46.603252

 68.704681 6.643328 46.448177

 61.205238 4.778725 46.448177

 53.705795 2.447382 46.448177

 46.206367 0.545854 46.448177

 38.706928 1.741529 46.448177

 31.207495 0.545854 46.448177

 23.708054 2.447386 46.448177

 16.208620 4.761508 46.448177

 8.709183 5.408904 46.448177

 1.209746 4.195191 46.448177

 -6.289692 1.697783 46.448177

 -13.789131 -0.168706 46.448177

 -21.288570 -0.711777 46.448177

 -28.788006 -0.711777 46.448177

 -36.287445 0.064274 46.448177

 -43.786884 1.697783 46.448177

 -51.286320 3.962214 46.448177

 -58.785763 5.932086 46.448177

 -66.285202 7.147891 46.448177

 -73.784622 6.934394 46.448177

 -81.284073 7.167374 46.448177

 -88.783508 7.167374 46.448177

 -96.282944 6.934394 46.448177

 -103.782379 7.167374 46.448177

 -111.281815 6.934394 46.448177

 -115.515381 7.167374 43.182293

 119.023483 7.167374 53.947617

 113.701309 7.167374 53.947613

 107.067841 6.717106 54.077660

 75.387955 6.563916 54.077660

 68.704681 6.023484 53.947613

 61.205238 3.260879 53.947613

 53.705795 0.545853 53.947613

 46.206367 -1.857651 53.947613

 38.706928 -2.813790 53.947613

 31.207495 -2.090631 53.947613

 23.708054 0.312877 53.947613

 16.208620 3.260116 53.947613

 8.709183 4.980140 53.947613

 1.209746 4.316989 53.947613

 -6.289692 2.455170 53.947613

 -13.789131 0.744710 53.947613

 -21.288570 -0.168708 53.947613

 -28.788006 0.064273 53.947613

 -36.287445 0.744710 53.947613

 -43.786884 2.455166 53.947613

 -51.286320 4.320136 53.947613

 -58.785763 6.353325 53.947613

 -66.285202 6.932157 53.947613

 -73.784622 6.934394 53.947613

 -81.284073 6.934394 53.947613

 -88.783508 7.167374 53.947613

 -96.282944 7.167374 53.947613

 -103.782379 7.167374 53.947613

 -108.015930 6.934394 50.681732

 119.023483 7.167374 61.447052

 113.701309 6.934394 61.447052

 107.067841 6.717106 61.513294

 75.387955 6.284856 61.513294

 68.704681 5.758946 61.447052

 61.205238 2.757928 61.447052

 53.705795 -0.191034 61.447052

 46.206367 -2.813792 61.447052

 38.706928 -4.137265 61.447052

 31.207495 -2.813792 61.447052

 23.708054 -0.424009 61.447052

 16.208620 2.990912 61.447052

 8.709183 5.156705 61.447052

 1.209746 5.440117 61.447052

 -6.289692 3.575412 61.447052

 -13.789131 2.455170 61.447052

 -21.288570 1.930764 61.447052

 -28.788006 1.930764 61.447052

 -36.287445 2.222190 61.447052

 -43.786884 3.808392 61.447052

 -51.286320 5.234513 61.447052

 -58.785763 6.794436 61.447052

 -66.285202 6.934394 61.447052

 -73.784622 7.167374 61.447052

 -81.284073 7.167374 61.447052

 -88.783508 6.934394 61.447052

 -96.282959 6.934394 59.269798

 -100.516495 7.167374 58.181160

 170.430908 6.934394 72.212364

 166.197372 7.167374 71.123741

 158.697922 7.167374 71.123741

 151.198486 7.167374 71.123741

 146.964935 7.167374 72.212364

 119.154419 7.875831 68.870094

 113.343124 6.574180 68.948433

 107.356506 6.567017 67.658165

 75.387955 6.563916 68.948921

 68.704681 6.023484 68.946480

 61.205238 3.260877 68.946480

 53.705795 0.545851 68.946480

 46.206367 -1.857651 68.946480

 38.706928 -3.046772 68.946480

 31.207495 -2.090631 68.946480

 23.708054 0.312873 68.946480

 16.208620 3.260879 68.946480

 8.709183 5.771554 68.946480

 1.209746 6.284465 68.946480

 -6.289692 5.467494 68.946480

 -13.789131 4.320136 68.946480

 -21.288570 4.195191 68.946480

 -28.788006 3.962211 68.946480

 -36.287445 4.320136 68.946480

 -43.786884 5.467494 68.946480

 -51.286320 6.520588 68.946480

 -58.785763 6.914910 68.946480

 -66.285202 6.934394 68.946480

 -73.784622 7.167374 68.946480

 -81.284073 6.934394 66.769234

 -85.517624 6.934394 65.680603

 171.519547 7.167374 76.445930

 166.197372 7.167374 76.445923

 158.697922 7.167374 76.445923

 151.198486 7.167374 76.445923

 143.699066 7.167374 76.445923

 136.199615 7.167374 78.623184

 128.700180 6.934394 78.623184

 121.200729 7.167374 76.445923

 114.503479 6.717106 76.384552

 75.387955 6.645062 76.384552

 68.704681 6.643324 76.445923

 61.205238 4.778723 76.445923

 53.705795 2.447381 76.445923

 46.206367 0.312873 76.445923

 38.706928 -0.424010 76.445923

 31.207495 0.312873 76.445923

 23.708054 2.447382 76.445923

 16.208620 4.777480 76.445923

 8.709183 6.627438 76.445923

 1.209746 6.913075 76.445923

 -6.289692 6.794436 76.445923

 -13.789131 6.120345 76.445923

 -21.288570 5.932086 76.445923

 -28.788006 5.932086 76.445923

 -36.287445 6.353325 76.445923

 -43.786884 6.561456 76.445923

 -51.286320 6.813022 74.268669

 -58.785763 7.167374 74.268669

 -66.285202 7.167374 74.268669

 -70.518753 6.934394 73.180038

 171.519547 6.934394 83.945358

 166.197372 6.934394 83.945358

 158.697922 7.167374 83.945358

 151.198486 6.934394 83.945358

 143.699066 7.167374 83.945358

 136.199615 7.167374 83.945358

 128.700180 6.934394 83.945358

 121.200729 6.934394 83.945358

 114.503479 6.484126 83.820183

 82.530273 6.106540 85.070038

 76.326126 6.390391 83.845222

 68.704681 6.903501 83.945358

 61.205238 6.025540 83.945358

 53.705795 4.778725 83.945358

 46.206367 3.493859 83.945358

 38.706928 2.757932 83.945358

 31.207495 3.482090 83.945358

 23.708054 4.481553 83.945358

 16.208620 5.359935 83.945358

 8.709183 6.318116 83.945358

 1.209746 6.499863 83.945358

 -6.289692 6.861565 83.945358

 -13.789131 7.149157 83.945358

 -21.288570 7.147891 83.945358

 -28.788006 6.914910 83.945358

 -36.287445 7.165137 83.945358

 -41.609627 6.934394 83.945358

 170.430908 7.167374 88.178909

 166.197372 6.934394 89.267540

 158.697922 6.934394 91.444809

 151.198486 7.167374 91.444809

 143.699066 7.167374 91.444809

 136.199615 7.167374 91.444809

 128.700180 6.934394 91.444809

 121.200729 7.167374 91.444809

 113.568115 6.807160 91.293625

 106.099182 6.476226 92.224510

 98.663544 6.491978 92.224510

 91.227905 5.850243 92.224510

 83.774536 5.186351 91.293625

 76.204109 5.361739 91.444809

 68.704681 5.890107 91.444809

 61.205238 6.554842 91.444809

 53.705795 6.612931 91.444809

 46.206367 6.023488 91.444809

 38.706928 5.510650 91.444809

 31.207495 5.495799 91.444809

 23.708054 5.250397 91.444809

 16.208620 4.996333 91.444809

 8.709183 4.497235 91.444809

 1.209746 5.023709 91.444809

 -6.289692 5.773488 91.444809

 -13.789131 6.404037 91.444809

 -21.288570 7.151394 91.444809

 -28.788006 7.167374 91.444809

 -36.287445 6.934394 91.444809

 -40.521000 6.934394 88.178909

 155.432022 6.934394 95.678352

 151.198486 7.167374 96.766991

 143.699066 6.934394 98.944237

 136.199615 6.934394 98.944237

 128.700180 7.167374 98.944237

 121.200729 7.167374 98.944237

 113.701309 6.934394 98.944237

 106.201874 7.136801 98.944237

 98.702438 5.919570 98.944237

 91.202988 4.500210 98.944237

 83.703552 2.832549 98.944237

 76.204109 2.503935 98.944237

 68.704681 2.832545 98.944237

 61.205238 4.267230 98.944237

 53.705795 6.152548 98.944237

 46.206367 7.133656 98.944237

 38.706928 6.834187 98.944237

 31.207495 5.537364 98.944237

 23.708054 4.413044 98.944237

 16.208620 3.070434 98.944237

 8.709183 5.038948 98.944237

 1.209746 3.303414 98.944237

 -6.289692 4.180064 98.944237

 -13.789131 5.773491 98.944237

 -21.288570 6.861565 98.944237

 -28.788006 7.167374 98.944237

 -34.110188 6.934394 98.944237

 140.433151 7.167374 103.177788

 136.199615 6.934394 106.443665

 128.700180 7.167374 106.443665

 121.200729 6.934394 106.443665

 113.701309 7.167374 106.443665

 106.201874 6.582226 106.443665

 98.702438 4.267236 106.443665

 91.202988 1.897038 106.443665

 83.703552 -0.226212 106.443665

 76.204109 -1.281999 106.443665

 68.704681 -0.459192 106.443665

 61.205238 1.664054 106.443665

 53.705795 4.267230 106.443665

 46.206367 6.580426 106.443665

 38.706928 6.499863 106.443665

 31.207495 4.790732 106.443665

 23.708054 3.303414 106.443665

 16.208620 1.667880 106.443665

 8.709183 1.109931 106.443665

 1.209746 1.667882 106.443665

 -6.289692 3.303418 106.443665

 -13.789131 5.023713 106.443665

 -21.288570 6.266883 106.443665

 -28.788006 6.932559 106.443665

 -33.021564 7.167374 103.177788

 132.933716 7.167374 110.677216

 128.700180 7.167374 113.943108

 121.200729 6.934394 113.943108

 113.701309 6.930881 113.943108

 106.201874 5.890114 113.943108

 98.702438 3.065531 113.943108

 91.202988 -0.226212 113.943108

 83.703552 -3.142950 113.943108

 76.204109 -3.977595 113.943108

 68.704681 -2.909971 113.943108

 61.205238 -0.459197 113.943108

 53.705795 2.832549 113.943108

 46.206367 5.874672 113.943108

 38.706928 6.341980 113.943108

 31.207495 4.730217 113.943108

 23.708054 2.873410 113.943108

 16.208620 1.342911 113.943108

 8.709183 0.706557 113.943108

 1.209746 1.342911 113.943108

 -6.289692 2.873412 113.943108

 -13.789131 4.497237 113.943108

 -21.288570 6.345494 113.943108

 -26.610752 7.034142 113.943108

 140.433151 6.934394 124.708435

 136.199615 6.934394 123.619820

 128.700180 6.934394 121.442551

 121.200729 7.167374 121.442551

 113.701309 7.136799 121.442551

 106.201874 5.361749 121.442551

 98.702438 2.270959 121.442551

 91.202988 -1.281999 121.442551

 83.703552 -3.977595 121.442551

 76.204109 -5.195243 121.442551

 68.704681 -3.977597 121.442551

 61.205238 -1.049021 121.442551

 53.705795 2.270955 121.442551

 46.206367 5.360175 121.442551

 38.706928 6.236310 121.442551

 31.207495 4.790732 121.442551

 23.708054 3.303414 121.442551

 16.208620 1.900860 121.442551

 8.709183 1.109931 121.442551

 1.209746 1.900862 121.442551

 -6.289692 3.070437 121.442551

 -13.789131 4.790732 121.442551

 -21.288570 6.499863 121.442551

 -28.788006 6.932559 121.442551

 -33.021564 7.167374 124.708435

 147.932587 6.934394 132.207886

 143.699066 7.167374 128.942001

 136.199615 6.934394 128.942001

 128.700180 7.167374 128.942001

 121.200729 7.167374 128.942001

 113.701309 7.163861 128.942001

 106.201874 5.890114 128.942001

 98.702438 3.065533 128.942001

 91.202988 -0.459191 128.942001

 83.703552 -2.909966 128.942001

 76.204109 -4.210573 128.942001

 68.704681 -2.909970 128.942001

 61.205238 -0.226212 128.942001

 53.705795 3.065529 128.942001

 46.206367 5.890110 128.942001

 38.706928 6.858057 128.942001

 31.207495 5.540511 128.942001

 23.708054 4.180066 128.942001

 16.208620 3.303421 128.942001

 8.709183 2.873414 128.942001

 1.209746 3.070441 128.942001

 -6.289692 4.413050 128.942001

 -13.789131 5.540511 128.942001

 -21.288570 6.628591 128.942001

 -28.788006 6.934394 128.942001

 -36.287445 6.934394 128.942001

 -43.786884 6.934394 131.119263

 -48.020435 7.167374 132.207886

 149.021225 7.167374 136.441437

 143.699066 7.167374 136.441437

 136.199615 6.934394 136.441437

 128.700180 6.934394 136.441437

 121.200729 7.167374 136.441437

 113.701309 7.167374 136.441437

 106.201874 6.349246 136.441437

 98.702438 4.500216 136.441437

 91.202988 1.664058 136.441437

 83.703552 -0.226212 136.441437

 76.204109 -1.049018 136.441437

 68.704681 -0.459192 136.441437

 61.205238 1.664054 136.441437

 53.705795 4.267230 136.441437

 46.206367 6.349240 136.441437

 38.706928 6.918414 136.441437

 31.207495 6.637017 136.441437

 23.708054 5.773491 136.441437

 16.208620 5.023713 136.441437

 8.709183 4.730217 136.441437

 1.209746 5.023713 136.441437

 -6.289692 5.773491 136.441437

 -13.789131 6.637017 136.441437

 -21.288570 6.918414 136.441437

 -28.788006 6.934394 136.441437

 -36.287445 7.167374 136.441437

 -43.786884 6.934394 136.441437

 -51.286320 6.934394 136.441437

 -55.519878 6.934394 139.707306

 149.021225 7.167374 143.940872

 143.699066 7.167374 143.940872

 136.199615 6.934394 143.940872

 128.700180 6.934394 143.940872

 121.200729 6.934394 143.940872

 113.701309 7.167374 143.940872

 106.201874 7.136801 143.940872

 98.702438 6.152550 143.940872

 91.202988 4.267230 143.940872

 83.703552 2.832549 143.940872

 76.204109 2.503935 143.940872

 68.704681 2.832545 143.940872

 61.205238 4.267230 143.940872

 53.705795 6.152548 143.940872

 46.206367 7.136799 143.940872

 38.706928 6.934394 143.940872

 31.207495 7.151394 143.940872

 23.708054 6.628585 143.940872

 16.208620 6.266883 143.940872

 8.709183 6.345494 143.940872

 1.209746 6.499863 143.940872

 -6.289692 6.628585 143.940872

 -13.789131 6.918414 143.940872

 -21.288570 7.167374 143.940872

 -28.788006 6.934394 143.940872

 -36.287445 6.934394 143.940872

 -43.786884 7.167374 143.940872

 -51.286320 6.934394 143.940872

 -58.785763 6.934394 143.940872

 -66.285202 7.167374 146.118134

 -73.784622 6.934394 146.118134

 -81.284073 7.167374 146.118134

 -88.783508 7.167374 146.118134

 -93.017059 7.167374 147.206757

 149.021225 7.167374 151.440308

 143.699066 6.934394 151.440292

 136.199615 7.167374 151.440292

 128.700180 7.167374 151.440292

 121.200729 6.934394 151.440292

 113.701309 6.934394 151.440292

 106.201874 7.167374 151.440292

 98.702438 6.903819 151.440292

 91.202988 6.349240 151.440292

 83.703552 5.890107 151.440292

 76.204109 5.361739 151.440292

 68.704681 5.890107 151.440292

 61.205238 6.349240 151.440292

 53.705795 6.903819 151.440292

 46.206367 6.934394 151.440292

 38.706928 7.167374 151.440292

 31.207495 6.934394 151.440292

 23.708054 6.934394 151.440292

 16.208620 7.165539 151.440292

 8.709183 6.918414 151.440292

 1.209746 6.932559 151.440292

 -6.289692 6.934394 151.440292

 -13.789131 7.167374 151.440292

 -21.288570 7.167374 151.440292

 -28.788006 7.167374 151.440292

 -36.287445 6.934394 151.440292

 -43.786884 6.934394 151.440292

 -51.286320 7.167374 151.440292

 -58.785763 6.934394 151.440292

 -66.285202 6.934394 151.440292

 -73.784622 7.167374 151.440292

 -81.284073 6.934394 151.440292

 -88.783508 6.934394 151.440292

 -96.282944 7.167374 151.440292

 -103.782379 6.934394 153.617569

 -111.281815 7.167374 153.617569

 -118.781250 6.934394 153.617569

 -123.014816 7.167374 154.706207

 147.932587 6.934394 155.673859

 143.699066 7.167374 156.762512

 136.199615 6.934394 158.939758

 128.700180 7.167374 158.939758

 121.200729 7.167374 158.939758

 113.701309 7.167374 158.939758

 106.201874 7.167374 158.939758

 98.702438 6.934394 158.939758

 91.202988 7.167374 158.939758

 83.703552 7.163861 158.939758

 76.204109 6.903819 158.939758

 68.704681 7.163861 158.939758

 61.205238 7.167374 158.939758

 53.705795 6.934394 158.939758

 46.206367 6.934394 158.939758

 38.706928 6.934394 158.939758

 31.207495 6.934394 158.939758

 23.708054 7.167374 158.939758

 16.208620 6.934394 158.939758

 8.709183 7.167374 158.939758

 1.209746 7.167374 158.939758

 -6.289692 6.934394 158.939758

 -13.789131 6.934394 158.939758

 -21.288570 7.167374 158.939758

 -28.788006 6.934394 158.939758

 -36.287445 6.934394 158.939758

 -43.786884 7.167374 158.939758

 -51.286320 6.934394 158.939758

 -58.785763 7.167374 158.939758

 -66.285202 6.934394 158.939758

 -73.784622 7.167374 158.939758

 -81.284073 7.167374 158.939758

 -88.783508 7.167374 158.939758

 -96.282944 6.934394 158.939758

 -103.782379 6.934394 158.939758

 -111.281815 7.167374 158.939758

 -118.781250 7.167374 158.939758

 -126.280701 6.934394 158.939758

 -133.780151 7.167374 161.117020

 -138.013702 6.934394 162.205627

 132.933716 7.167374 163.173294

 128.700180 7.167374 166.439178

 121.200729 7.167374 166.439178

 113.701309 7.167374 166.439178

 106.201874 7.167374 166.439178

 98.702438 7.167374 166.439178

 91.202988 6.934394 166.439178

 83.703552 6.934394 166.439178

 76.204109 7.167374 166.439178

 68.704681 6.934394 166.439178

 61.205238 6.934394 166.439178

 53.705795 7.167374 166.439178

 46.206367 7.167374 166.439178

 38.706928 6.934394 166.439178

 31.207495 6.934394 166.439178

 23.708054 7.167374 166.439178

 16.208620 7.167374 166.439178

 8.709183 7.167374 166.439178

 1.209746 6.934394 166.439178

 -6.289692 6.934394 166.439178

 -13.789131 6.934394 166.439178

 -21.288570 7.167374 166.439178

 -28.788006 7.167374 166.439178

 -36.287445 6.934394 166.439178

 -43.786884 7.167374 166.439178

 -51.286320 7.167374 166.439178

 -58.785763 6.934394 166.439178

 -66.285202 6.934394 166.439178

 -73.784622 7.167374 166.439178

 -81.284073 7.167374 166.439178

 -88.783508 7.167374 166.439178

 -96.282944 7.167374 166.439178

 -103.782379 7.167374 166.439178

 -111.281815 6.934394 166.439178

 -118.781250 6.934394 166.439178

 -126.280701 6.934394 166.439178

 -133.780136 7.167374 166.439178

 -139.102325 7.167374 166.439194

 126.522919 6.934394 173.938614

 121.200729 7.167374 173.938614

 113.701309 6.934394 173.938614

 106.201874 6.934394 173.938614

 98.702438 7.167374 173.938614

 91.202988 6.934394 173.938614

 83.703552 6.934394 173.938614

 76.204109 7.167374 173.938614

 68.704681 7.167374 173.938614

 61.205238 7.167374 173.938614

 53.705795 6.934394 173.938614

 46.206367 6.934394 173.938614

 38.706928 7.167374 173.938614

 31.207495 7.167374 173.938614

 23.708054 6.934394 173.938614

 16.208620 7.167374 173.938614

 8.709183 6.934394 173.938614

 1.209746 7.167374 173.938614

 -6.289692 6.934394 173.938614

 -13.789131 6.934394 173.938614

 -21.288570 6.934394 173.938614

 -28.788006 7.167374 173.938614

 -36.287445 6.934394 173.938614

 -43.786884 6.934394 173.938614

 -51.286320 7.167374 173.938614

 -58.785763 7.167374 173.938614

 -66.285202 6.934394 173.938614

 -73.784622 7.167374 173.938614

 -81.284073 6.934394 173.938614

 -88.783508 6.934394 173.938614

 -96.282944 7.167374 173.938614

 -103.782379 7.167374 171.761368

 -111.281815 6.934394 171.761368

 -118.781250 6.934394 173.938614

 -126.280701 6.934394 173.938614

 -133.780136 7.167374 173.938614

 -139.102325 7.167374 173.938614

 132.933716 6.934394 184.703934

 128.700180 6.934394 181.438065

 121.200729 7.167374 181.438065

 113.701309 6.934394 181.438065

 106.201874 7.167374 181.438065

 98.702438 7.167374 181.438065

 91.202988 6.934394 181.438065

 83.703552 6.934394 181.438065

 76.204109 6.934394 181.438065

 68.704681 6.934394 181.438065

 61.205238 6.934394 181.438065

 53.705795 7.167374 181.438065

 46.206367 7.167374 181.438065

 38.706928 6.934394 181.438065

 31.207495 7.167374 181.438065

 23.708054 6.934394 181.438065

 16.208620 7.167374 181.438065

 8.709183 6.934394 181.438065

 1.209746 7.167374 181.438065

 -6.289692 6.934394 181.438065

 -13.789131 6.934394 181.438065

 -21.288570 7.167374 181.438065

 -28.788006 7.167374 181.438065

 -36.287445 7.167374 181.438065

 -43.786884 7.167374 181.438065

 -51.286320 6.934394 181.438065

 -58.785763 6.934394 181.438065

 -66.285202 7.167374 181.438065

 -73.784622 6.934394 181.438065

 -81.284073 7.167374 181.438065

 -88.783508 7.167374 179.260803

 -93.017059 7.167374 178.172165

 -122.047150 6.934394 178.172165

 -126.280701 6.934394 179.260803

 -133.780151 7.167374 179.260803

 -138.013702 7.167374 178.172165

 140.433151 6.934394 192.203369

 136.199615 6.934394 188.937485

 128.700180 6.934394 188.937485

 121.200729 7.167374 188.937485

 113.701309 7.167374 188.937485

 106.201874 7.167374 188.937485

 98.702438 7.167374 188.937485

 91.202988 7.167374 188.937485

 83.703552 7.167374 188.937485

 76.204109 7.167374 186.760254

 68.704681 7.167374 186.760254

 61.205238 6.934394 186.760254

 53.705807 6.934394 186.760254

 46.206367 7.167374 186.760254

 38.706928 6.934394 186.760254

 31.207499 6.934394 186.760254

 23.708054 7.167374 188.937485

 16.208620 7.167374 188.937485

 8.709183 7.167374 188.937485

 1.209746 6.934394 188.937485

 -6.289692 6.934394 188.937485

 -13.789131 7.167374 188.937485

 -21.288570 7.167374 188.937485

 -28.788006 6.934394 188.937485

 -36.287445 6.934394 188.937485

 -43.786884 6.934394 188.937485

 -51.286320 7.167374 188.937485

 -58.785763 7.167374 188.937485

 -66.285202 7.167374 186.760254

 -73.784622 6.934394 186.760254

 -78.018188 7.167374 185.671600

 141.521805 7.167374 196.436935

 136.199615 7.167374 196.436920

 128.700180 6.934394 196.436920

 121.200729 7.167374 196.436920

 113.701309 7.167374 196.436920

 106.201874 7.167374 196.436920

 98.702438 7.167374 196.436920

 91.202988 7.167374 196.436920

 86.969437 6.934394 193.171036

 21.530804 7.167374 196.436935

 16.208620 6.934394 196.436920

 8.709183 6.934394 196.436920

 1.209746 7.167374 196.436920

 -6.289692 6.934394 196.436920

 -13.789131 7.167374 196.436920

 -21.288570 6.934394 196.436920

 -28.788006 6.934394 196.436920

 -36.287445 6.934394 196.436920

 -43.786884 6.934394 194.259674

 -51.286320 7.167374 194.259674

 -55.519878 6.934394 193.171036

 141.521805 6.934394 203.936356

 136.199615 6.934394 203.936356

 128.700180 6.934394 203.936356

 121.200729 6.934394 203.936356

 113.701309 7.167374 203.936356

 106.201874 7.167374 203.936356

 98.702438 6.934394 201.759109

 94.468872 6.934394 200.670486

 20.442173 7.167374 200.670486

 16.208620 7.167374 203.936356

 8.709183 6.934394 203.936356

 1.209746 6.934394 203.936356

 -6.289692 6.934394 203.936356

 -13.789131 7.167374 203.936356

 -21.288570 7.167374 203.936356

 -28.788006 7.167374 203.936356

 -33.021564 6.934394 200.670486

 141.521805 7.167374 211.435822

 136.199615 7.167374 211.435822

 128.700180 7.167374 211.435822

 121.200729 6.934394 211.435822

 113.701309 6.934394 209.258545

 109.467758 6.934394 208.169907

 12.942733 7.167374 208.169907

 8.709183 7.167374 209.258545

 1.209748 6.934394 209.258545

 -6.289692 6.934394 209.258545

 -13.789127 7.167374 209.258545

 -21.288570 6.934394 209.258545

 -25.522121 7.167374 208.169907

 140.433151 7.167374 215.669342

 136.199615 6.934394 216.757965

 128.700180 7.167374 216.757965

 124.466629 6.934394 215.669342

 -44.378334 13.616839 -77.764587

 -51.286316 13.615561 -79.898193

 -58.785759 13.615561 -77.806427

 -44.792683 1.253836 -42.539276

 -50.280529 1.253836 -42.539276

 -44.792683 1.253836 -37.051437

 -50.280529 1.020856 -37.051437

 13.238435 13.410679 4.421745

 11.679367 13.519985 4.421745

 13.238435 13.422409 5.980812

 11.679367 13.516382 5.980812

 50.735615 3.974614 19.420609

 49.176552 3.741633 19.420609

 50.735615 3.974614 20.979675

 49.176552 3.741633 20.979675

 -1.760437 4.062747 56.917789

 -3.319508 3.651639 56.917789

 -1.760437 4.294089 58.476868

 -3.319508 3.902215 58.476868

 52.862068 10.995705 114.786812

 47.050095 13.176525 114.786812

 0.366025 -4.525238 114.786812

 -5.445976 -3.654348 114.786812

 52.862068 10.427040 120.598824

 47.050095 12.882759 120.598824

 0.366025 -4.383885 120.598824

 -5.445976 -3.298748 120.598824

 45.362640 13.616758 137.285141

 39.550652 13.615580 137.285141

 45.362637 14.226286 143.097137

 39.550648 14.459267 143.097137

 60.361534 13.615480 152.284012

 54.549530 13.616858 152.284012

 60.361534 14.459267 158.096054

 54.549530 14.226286 158.096054

 -7.133411 13.154768 92.288536

 -12.945414 13.937803 92.288536

 -7.133411 12.060513 98.100510

 -12.945414 13.154772 98.100510

 104.337265 3.724877 48.896980

 98.440262 3.341809 48.659977

 91.371002 3.574790 48.659977

 84.301712 3.341809 48.659977

 78.388092 3.724371 48.896980

 104.604660 3.341809 54.824375

 98.401382 2.369327 54.954422

 91.395920 2.369327 54.954422

 84.390442 2.368945 54.954422

 78.137299 3.569661 54.824375

 104.604660 3.341809 61.893646

 98.401382 2.369327 61.959888

 91.395920 2.369327 61.959888

 84.390442 2.366023 61.959888

 78.137299 3.325150 61.893646

 111.427795 3.491897 70.168602

 105.488998 3.484734 68.963409

 98.401382 1.659379 68.965355

 91.395920 1.659379 68.965355

 84.390442 2.368945 68.965355

 78.137299 3.569661 68.962914

 111.673935 3.574790 76.032181

 105.406845 2.602307 75.970825

 98.401382 1.659379 75.970825

 91.395920 1.659379 75.970825

 84.390442 2.368903 75.970825

 78.137299 3.570717 76.032181

 111.673935 3.574790 83.101463

 105.406845 2.602307 82.976295

 98.401382 2.598618 82.976295

 91.395920 2.298299 82.976295

 84.319458 3.123563 83.076431

 78.388092 3.705246 81.936699

 111.427795 3.491897 89.027245

 105.509537 3.338119 89.265877

 98.440262 3.253451 89.265877

 91.371002 3.077210 89.265877

 85.478638 2.600539 89.027245

 18.325396 6.934394 -120.021271

 12.458899 7.167374 -121.326569

 4.959466 7.167374 -120.565613

 -2.539972 7.167374 -118.083435

 -8.406467 7.167374 -115.817886

 18.869713 6.934394 -111.040024

 -2.539972 6.934394 -111.040024

 -10.039412 6.934394 -111.040024

 -15.905907 7.167374 -109.407074

 18.869713 6.934394 -103.540588

 12.458899 7.167374 -103.540588

 4.959463 7.167374 -103.540588

 -2.539972 6.934394 -103.540588

 -10.039412 6.934394 -103.540588

 -17.538849 6.934394 -103.540588

 -23.405346 7.167374 -101.907623

 18.325396 6.934394 -98.762711

 12.458899 6.934394 -98.218384

 4.959463 7.167374 -97.129761

 -2.539972 6.934394 -96.041138

 -10.039412 7.167374 -96.041138

 -17.538849 7.167374 -96.041138

 -23.949661 6.934394 -96.041138

 -116.664490 7.167374 -93.319580

 -122.530975 7.167374 -93.863892

 -128.397476 6.934394 -93.319580

 -3.628599 7.167374 -88.541718

 -10.039412 6.934394 -88.541718

 -17.538849 6.934394 -88.541718

 -23.949661 6.934394 -88.541718

 -94.166168 6.934394 -85.820129

 -100.032669 6.934394 -86.364456

 -107.532104 6.934394 -87.453094

 -115.031540 7.167374 -88.541718

 -122.530975 6.934394 -88.541718

 -128.941788 7.167374 -88.541718

 10.825958 7.167374 -78.320694

 5.150395 7.972320 -79.659454

 -2.644156 7.053741 -81.047806

 -10.039845 7.062841 -81.042267

 -17.538849 7.167374 -81.042267

 -25.038288 7.167374 -81.042267

 -30.904785 6.934394 -79.409332

 -86.666733 6.934394 -79.409332

 -92.533234 7.167374 -81.042267

 -100.032669 7.167374 -81.042267

 -107.532104 6.934394 -81.042267

 -115.031540 7.167374 -81.042267

 -122.530975 6.934394 -81.042267

 -128.941788 6.934394 -81.042267

 33.324268 7.167374 -70.821259

 27.457777 7.167374 -71.365570

 19.958338 7.167374 -72.454193

 12.458899 6.934394 -73.542831

 4.958976 6.031221 -73.403763

 -2.540406 4.369958 -73.541534

 -10.039412 6.116332 -73.542831

 -17.538849 7.167374 -73.542831

 -25.038288 7.167374 -73.542831

 -32.537724 7.167374 -73.542831

 -40.037167 9.067233 -72.454193

 -47.536606 12.115471 -71.365570

 -55.036045 12.115471 -71.365570

 -62.535480 9.300214 -71.365570

 -70.034912 7.167374 -71.365570

 -77.534348 6.934394 -72.454193

 -85.033798 7.167374 -73.542831

 -92.533234 6.934394 -73.542831

 -100.032669 4.306699 -73.542831

 -107.532104 7.167374 -73.542831

 -115.031540 7.167374 -73.542831

 -122.530975 6.934394 -74.631454

 -128.397476 7.167374 -76.264404

 63.322014 7.167374 -63.321823

 57.455524 7.167374 -63.866135

 49.956081 7.167374 -63.866135

 42.456650 7.167374 -64.954773

 34.957211 7.167374 -66.043396

 27.457775 6.934394 -66.043396

 19.958338 6.934394 -66.043396

 12.458899 7.167374 -66.043396

 4.959464 6.569425 -66.044769

 -2.539973 2.492175 -66.043396

 -10.039412 4.579679 -66.043396

 -17.538849 5.957082 -66.043396

 -25.038288 7.084793 -66.043396

 -32.537724 7.167374 -66.043396

 -40.037167 9.300214 -66.043396

 -47.536606 10.819462 -66.043396

 -55.036045 10.438854 -66.043396

 -62.535480 8.686624 -66.043396

 -70.034912 7.167374 -66.043396

 -77.534348 7.167374 -66.043396

 -85.033798 7.167374 -66.043396

 -92.533234 7.167374 -66.043396

 -100.032669 6.934394 -66.043396

 -107.532104 7.167374 -66.043396

 -113.398605 7.167374 -67.676331

 63.866325 7.167374 -58.543961

 57.455509 7.167374 -58.543961

 49.956081 7.167374 -58.543961

 42.456650 7.167374 -58.543961

 34.957211 7.166520 -58.543961

 27.457775 7.159070 -58.543961

 19.958338 7.159070 -58.543961

 12.433559 7.054705 -58.516811

 4.959464 6.759841 -58.952507

 -2.514631 2.517006 -58.516811

 -10.039412 1.335632 -58.543953

 -17.538849 2.608206 -58.543953

 -25.038288 6.981483 -58.543953

 -32.537724 6.934394 -58.543961

 -40.037167 7.167374 -58.543961

 -47.536606 7.898415 -58.543961

 -55.036045 8.396480 -58.543961

 -62.535480 7.898415 -58.543961

 -70.034912 7.167374 -58.543961

 -77.534348 7.167374 -58.543961

 -85.033798 7.167374 -58.543961

 -92.533234 6.934394 -58.543961

 -100.032669 7.167374 -59.632584

 -105.899170 7.167374 -61.265518

 63.866325 7.167374 -51.044518

 57.455509 7.167374 -51.044518

 49.956081 6.926944 -51.044518

 42.456650 6.784328 -51.044518

 34.957211 6.713463 -51.044518

 27.457775 6.239806 -51.044518

 19.958338 6.239806 -51.044518

 12.458899 6.713463 -51.044518

 4.959464 7.546538 -50.635971

 -2.514631 2.496496 -51.071663

 -10.039412 1.175053 -51.044518

 -17.538849 2.543975 -51.044518

 -25.038288 7.371181 -51.044518

 -32.537724 7.167374 -51.044518

 -40.037167 6.934394 -51.044518

 -47.536606 7.167374 -51.044518

 -55.036045 7.167374 -51.044518

 -62.535480 7.167374 -51.044518

 -70.034912 7.167374 -51.044518

 -77.534348 7.167374 -51.044518

 -85.033798 6.934394 -52.133141

 -90.900284 6.934394 -53.766083

 63.866325 7.167374 -43.545082

 57.455509 6.926944 -43.545082

 49.956081 6.912587 -43.545082

 42.456650 6.037007 -43.545082

 34.957211 5.517613 -43.545082

 27.457775 4.798091 -43.545082

 19.958338 4.798091 -43.545082

 12.458899 5.284633 -43.545082

 4.959464 5.984784 -43.543278

 -2.539973 2.155082 -43.545082

 -10.039412 1.129035 -43.545082

 -17.538849 2.668235 -43.545082

 -25.038288 6.937765 -43.545082

 -32.537724 7.167374 -43.545082

 -39.452278 5.780461 -44.129959

 -47.536602 4.859511 -44.714844

 -55.620930 5.780461 -44.129959

 -62.535480 7.167374 -43.545082

 -70.034912 7.167374 -43.545082

 -76.445724 6.934394 -43.545082

 63.866325 7.167374 -36.045647

 57.455509 7.024758 -36.045647

 49.956081 6.141728 -36.045647

 42.456650 5.232819 -36.045647

 34.957211 4.914772 -36.045647

 27.457775 3.362858 -36.045647

 19.958338 3.362858 -36.045647

 12.458899 4.080880 -36.045647

 4.959464 5.059800 -36.045639

 -2.539973 2.349393 -36.045639

 -10.039412 3.128824 -36.045639

 -17.538849 5.899249 -36.045639

 -25.038288 7.010328 -36.045639

 -32.537724 7.167374 -36.045639

 -39.452278 6.013442 -35.460754

 -47.536602 4.626531 -34.875870

 -55.620930 6.013442 -35.460754

 -62.535480 6.934394 -36.045639

 -70.034912 7.167374 -36.045639

 -77.534348 7.167374 -36.045639

 -83.400848 6.934394 -34.412697

 70.821449 6.934394 -26.913254

 64.954964 6.933539 -28.546204

 57.455509 6.855217 -28.546204

 49.956081 5.623378 -28.546204

 42.456650 4.365666 -28.546204

 34.957211 2.676320 -28.546204

 27.457775 0.755346 -28.546204

 19.958338 1.995000 -28.546204

 12.458899 2.676320 -28.546204

 4.959464 4.395842 -28.546200

 -2.539973 5.196922 -28.546196

 -10.039412 6.529755 -28.546194

 -17.538849 7.084816 -28.546194

 -25.038288 7.167374 -28.546196

 -32.537724 7.167374 -28.546196

 -40.037167 7.167374 -28.546196

 -47.536606 6.934394 -28.546196

 -55.036045 7.167374 -28.546196

 -62.535480 6.934394 -28.546196

 -70.034912 7.167374 -28.546188

 -77.534348 7.167374 -28.546188

 -85.033798 7.167374 -28.546188

 -90.900284 7.167374 -26.913246

 71.365768 7.167374 -21.046761

 64.954964 6.926940 -21.046753

 57.455509 6.776631 -21.046753

 49.956081 5.647492 -21.046753

 42.456650 4.028256 -21.046753

 34.957211 2.448555 -21.046753

 27.457775 1.438026 -21.046753

 19.958338 1.205046 -21.046753

 12.458899 2.448555 -21.046753

 4.959463 3.795276 -21.046753

 -2.539972 5.647492 -21.046753

 -10.039412 6.543651 -21.046753

 -17.538849 7.159920 -21.046753

 -23.949661 6.934394 -21.046753

 -41.125793 6.934394 -21.046753

 -47.536606 6.934394 -21.046753

 -55.036045 6.934394 -21.046753

 -62.535480 6.934394 -21.046753

 -70.034912 7.167374 -21.046753

 -77.534348 6.934394 -21.046745

 -85.033798 6.934394 -21.046745

 -91.444595 7.167374 -21.046745

 71.365768 6.934394 -13.547318

 64.954964 6.933539 -13.547318

 57.455509 6.622237 -13.547318

 49.956081 5.623378 -13.547318

 42.456650 4.365666 -13.547318

 34.957211 2.909300 -13.547318

 27.457775 1.762019 -13.547318

 19.958338 1.995000 -13.547318

 12.458899 2.909300 -13.547318

 4.959463 4.365666 -13.547318

 -2.539972 5.856358 -13.547318

 -10.039412 6.855217 -13.547318

 -17.538849 6.933539 -13.547318

 -25.038288 6.934394 -13.547310

 -32.537724 7.167374 -13.547310

 -40.037167 6.934394 -13.547310

 -47.536606 6.934394 -13.547310

 -55.036045 6.934394 -13.547310

 -62.535480 6.934394 -13.547310

 -70.034912 7.167374 -13.547310

 -77.534348 6.934394 -13.547310

 -85.033798 7.167374 -13.547310

 -92.533234 6.934394 -13.547310

 -98.399719 7.167374 -11.914368

 71.365768 6.934394 -6.047882

 64.954964 7.167374 -6.047882

 57.455509 6.791778 -6.047882

 49.956081 6.141728 -6.047882

 42.456650 5.232819 -6.047882

 34.957211 4.080878 -6.047882

 27.457775 3.362856 -6.047882

 19.958338 3.129876 -6.047874

 12.458899 3.847898 -6.047874

 5.721031 5.848691 -6.047874

 -2.400530 5.848694 -6.047874

 -10.522097 5.848696 -6.047874

 -17.538849 6.934394 -6.047874

 -25.038288 6.934394 -6.047874

 -32.537724 6.934394 -6.047874

 -40.037167 6.934394 -6.047874

 -47.536606 6.934394 -6.047874

 -55.036045 7.167374 -6.047874

 -62.535480 6.934394 -6.047874

 -70.034912 6.691818 -6.047873

 -77.534348 6.861639 -6.047868

 -85.033798 6.576958 -6.047868

 -92.533234 6.882692 -6.047868

 -100.032669 6.934394 -6.047867

 -105.899170 7.167374 -4.414925

 78.320892 7.167374 3.084496

 72.454391 6.934394 1.451553

 64.954964 6.934394 1.451557

 57.455509 7.159920 1.451557

 49.956081 6.679606 1.451557

 42.456650 6.269988 1.451557

 34.957211 5.517609 1.451561

 27.457775 4.798091 1.451561

 19.958338 5.031071 1.451561

 12.458899 5.284629 1.451561

 5.721031 5.848693 1.451561

 -2.400530 5.848696 1.451561

 -10.522097 5.848697 1.451561

 -17.538849 6.923533 1.451565

 -25.038288 7.147891 1.451565

 -32.537724 6.923533 1.451565

 -40.037167 6.933272 1.451565

 -47.536606 6.934394 1.451569

 -55.036045 7.167374 1.451569

 -62.535480 6.934394 1.451569

 -70.034912 4.301685 1.451568

 -77.534348 4.228930 1.451568

 -85.033798 4.249983 1.451568

 -92.533234 6.470296 1.451569

 -100.032669 6.934394 1.451569

 -106.443481 6.934394 1.451569

 85.820328 7.167374 10.583931

 79.953827 7.167374 8.950989

 72.454391 6.934394 8.950989

 64.954964 7.167374 8.950989

 57.455509 7.167374 8.950989

 49.956081 7.159920 8.950989

 42.456650 6.784328 8.950989

 34.957211 6.480479 8.950993

 27.457775 6.239802 8.950993

 19.958338 6.239802 8.950996

 12.458899 6.713459 8.950996

 4.959463 6.774585 8.950996

 -2.400530 5.848696 8.950996

 -10.039412 6.340899 8.950996

 -17.538849 6.026216 8.950996

 -25.038288 6.165066 8.950996

 -32.537724 6.026216 8.950996

 -40.037167 6.340899 8.950996

 -47.536606 6.971163 8.950996

 -55.036045 7.157631 8.950996

 -62.535480 7.167374 8.950996

 -70.034912 4.471506 8.950996

 -77.534348 4.080162 8.950996

 -85.033798 4.101215 8.950997

 -92.533234 4.471506 8.951000

 -100.032669 6.934394 8.951004

 -106.443481 6.934394 8.951004

 145.815811 7.167374 19.171993

 139.949341 7.167374 18.627678

 132.449890 7.167374 18.627678

 126.583405 6.934394 19.171993

 100.819199 7.167374 19.171993

 94.952713 7.167374 17.539051

 87.453278 7.167374 16.450424

 79.953827 7.167374 16.450424

 72.454391 6.934394 16.450424

 64.954964 7.167374 16.450424

 57.455509 6.934394 16.450424

 49.956081 6.934394 16.450424

 42.456650 7.167374 16.450424

 34.957211 7.166520 16.450424

 27.457775 6.926085 16.450424

 19.958338 6.926085 16.450424

 12.458899 6.923793 16.450424

 4.959463 6.601256 16.450424

 -2.539972 5.761062 16.450424

 -10.039412 5.010306 16.450424

 -17.538849 4.374154 16.450424

 -25.038288 4.195191 16.450424

 -32.537724 4.141173 16.450428

 -40.037167 4.777326 16.450428

 -47.536606 5.994042 16.450428

 -55.036045 6.834237 16.450428

 -62.535480 6.924651 16.450428

 -70.034912 4.343791 16.450428

 -77.534348 4.207877 16.450428

 -85.033798 4.038056 16.450428

 -92.533234 4.756187 16.450432

 -100.032669 6.934394 16.450432

 -106.443481 7.167374 16.450432

 146.360138 7.167374 23.949860

 139.949326 6.934394 23.949860

 132.449890 6.934394 23.949860

 124.950470 7.167374 23.949860

 117.451019 6.934394 25.038490

 109.951584 6.934394 25.038490

 102.452164 7.167374 23.949860

 94.952713 6.934394 23.949860

 87.453278 6.934394 23.949860

 79.953827 7.167374 23.949860

 72.454391 7.167374 23.949860

 64.954964 6.934394 23.949860

 57.455509 6.934394 23.949860

 49.956081 6.932818 23.949860

 42.456650 6.919131 23.949860

 34.957211 7.152112 23.949860

 27.457775 6.932818 23.949860

 19.958338 6.934394 23.949860

 12.458899 6.980904 23.949860

 4.959463 5.897985 23.949860

 -2.539972 4.637944 23.949860

 -10.039412 2.898801 23.949860

 -17.538849 1.959987 23.949860

 -25.038288 1.930764 23.949860

 -32.537724 1.959987 23.949860

 -40.037167 3.131781 23.949860

 -47.536606 4.404963 23.949860

 -55.036045 6.130965 23.949860

 -62.535480 6.980904 23.949860

 -70.034912 6.428139 23.949860

 -77.534348 4.186823 23.949860

 -85.033798 6.576957 23.949860

 -92.533234 7.125268 23.949863

 -100.032669 6.934394 23.949863

 -107.532104 6.934394 23.949863

 -113.398605 7.167374 25.582809

 146.360138 6.934394 31.449303

 139.949326 7.167374 31.449303

 132.449890 7.167374 31.449303

 124.950470 6.934394 31.449303

 117.451019 7.167374 31.449303

 109.951584 7.167374 31.449303

 102.452164 6.934394 31.449303

 94.952713 7.167374 31.449303

 87.453278 7.167374 31.449303

 79.953827 6.934394 31.449303

 72.454391 7.167374 31.449303

 64.954964 6.920703 31.449303

 57.455509 6.891659 31.449303

 49.956081 8.265963 31.449303

 42.456650 5.891221 31.449303

 34.957211 5.891221 31.449303

 27.457775 6.333405 31.449303

 19.958338 6.890542 31.449303

 12.458899 6.512561 31.449303

 4.959463 5.453221 31.449303

 -2.539972 3.504143 31.449303

 -10.039412 1.599940 31.449303

 -17.538849 0.404493 31.449303

 -25.038288 0.064274 31.449303

 -32.537724 0.404493 31.449303

 -40.037167 1.366960 31.449303

 -47.536606 3.504143 31.449303

 -55.036045 5.220241 31.449303

 -62.535480 6.526248 31.449303

 -70.034912 6.881232 31.449305

 -77.534348 4.450452 31.449305

 -85.033798 4.977710 31.449305

 -92.533234 6.934394 31.449303

 -100.032669 7.167374 31.449303

 -107.532104 7.167374 31.449303

 -113.942902 6.934394 31.449303

 145.815811 6.934394 36.227165

 139.949326 7.167374 37.860107

 132.449890 7.167374 38.948738

 124.950470 7.167374 38.948738

 117.451019 6.934394 38.948738

 109.951584 6.934394 38.948738

 102.452164 6.934394 38.948738

 94.952713 6.934394 38.948738

 87.453278 6.934394 38.948738

 79.953827 7.167374 38.948738

 72.454391 7.153683 38.948738

 64.954964 6.699257 38.948738

 57.455509 5.285640 38.948738

 49.956081 4.136292 38.948738

 42.456650 3.009402 38.948738

 34.957211 3.009402 38.948738

 27.457775 3.903314 38.948738

 19.958338 5.509049 38.948738

 12.458899 5.955548 38.948738

 4.959463 5.166441 38.948738

 -2.539972 3.062977 38.948738

 -10.039412 0.764539 38.948738

 -17.538849 -0.556732 38.948738

 -25.038288 -0.711777 38.948738

 -32.537724 -0.556732 38.948738

 -40.037167 0.997519 38.948738

 -47.536606 2.829997 38.948738

 -55.036045 4.947150 38.948738

 -62.535480 6.423497 38.948738

 -70.034912 7.157631 38.948738

 -77.534348 6.934394 38.948738

 -85.033798 6.934394 38.948738

 -92.533234 6.934394 38.948738

 -100.032669 6.934394 38.948738

 -107.532104 7.167374 38.948738

 -113.942902 6.934394 38.948738

 130.816940 6.934394 43.726608

 124.950470 7.167374 45.359550

 117.451019 6.934394 46.448177

 109.910507 6.754289 46.525715

 102.391632 6.762133 46.138302

 94.945724 6.484126 45.673351

 87.510086 6.484126 45.673351

 80.059204 6.734894 46.138302

 72.515396 6.698006 46.525715

 64.954964 5.711026 46.448177

 57.455509 3.380075 46.448177

 49.956081 0.256968 46.448177

 42.456650 0.177415 46.448177

 34.957211 -0.055566 46.448177

 27.457775 1.263640 46.448177

 19.958338 3.604447 46.448177

 12.458899 4.968717 46.448177

 4.959463 4.685559 46.448177

 -2.539972 3.062977 46.448177

 -10.039412 0.764539 46.448177

 -17.538849 -0.556732 46.448177

 -25.038288 -0.711777 46.448177

 -32.537724 -0.323752 46.448177

 -40.037167 0.997519 46.448177

 -47.536606 3.062977 46.448177

 -55.036045 3.940477 46.448177

 -62.535480 6.423497 46.448177

 -70.034912 6.924651 46.448177

 -77.534348 7.167374 46.448177

 -85.033798 6.934394 46.448177

 -92.533234 6.934394 46.448177

 -100.032669 7.167374 46.448177

 -107.532104 6.934394 46.448177

 -113.398605 7.167374 44.815235

 116.362381 6.934394 53.947617

 110.384583 6.709260 54.012634

 72.046318 6.060721 54.012634

 64.954964 4.525691 53.947613

 57.455509 1.786876 53.947613

 49.956081 -1.895554 53.947613

 42.456650 -2.335721 53.947613

 34.957211 -2.568702 53.947613

 27.457775 -0.888877 53.947613

 19.958338 1.786498 53.947613

 12.458899 4.353110 53.947613

 4.959463 4.648564 53.947613

 -2.539972 3.269588 53.947613

 -10.039412 1.599940 53.947613

 -17.538849 0.171513 53.947613

 -25.038288 -0.168708 53.947613

 -32.537724 0.171513 53.947613

 -40.037167 1.366960 53.947613

 -47.536606 3.271163 53.947613

 -55.036045 5.453221 53.947613

 -62.535480 6.526248 53.947613

 -70.034912 7.166253 53.947613

 -77.534348 6.934394 53.947613

 -85.033798 6.934394 53.947613

 -92.533234 6.934394 53.947613

 -100.032669 7.167374 53.947613

 -105.899170 7.167374 52.314671

 116.362381 6.934394 61.447052

 110.384583 6.942240 61.480175

 72.046318 6.138390 61.480175

 64.954964 4.374926 61.447052

 57.455509 1.399939 61.447052

 49.956081 -1.735394 61.447052

 42.456650 -3.592020 61.447052

 34.957211 -3.592020 61.447052

 27.457775 -1.735391 61.447052

 19.958338 1.399942 61.447052

 12.458899 4.190299 61.447052

 4.959463 5.414900 61.447052

 -2.539972 4.391273 61.447052

 -10.039412 3.131781 61.447052

 -17.538849 1.959987 61.447052

 -25.038288 1.930764 61.447052

 -32.537724 2.192967 61.447052

 -40.037167 2.898801 61.447052

 -47.536606 4.637944 61.447052

 -55.036045 5.897985 61.447052

 -62.535480 6.747924 61.447052

 -70.034912 6.934394 61.447052

 -77.534348 7.167374 61.447052

 -85.033798 7.167374 61.447052

 -92.533234 7.167374 60.358421

 -98.399734 7.167374 58.725483

 168.314133 7.167374 71.668053

 162.447647 6.934394 71.123741

 154.948212 7.167374 71.123741

 149.081711 6.934394 71.668053

 116.248764 7.225007 68.909264

 110.349808 6.454108 68.303307

 72.046318 6.293702 68.947701

 64.954964 4.525691 68.946480

 57.455509 1.786876 68.946480

 49.956081 -0.655900 68.946480

 42.456650 -2.335721 68.946480

 34.957211 -2.568702 68.946480

 27.457775 -0.888879 68.946480

 19.958338 1.786876 68.946480

 12.458899 6.681753 68.946480

 4.959463 6.028008 68.946480

 -2.539972 5.992465 68.946480

 -10.039412 4.777326 68.946480

 -17.538849 4.374154 68.946480

 -25.038288 3.962211 68.946480

 -32.537724 4.374154 68.946480

 -40.037167 4.777326 68.946480

 -47.536606 5.994042 68.946480

 -55.036045 6.834237 68.946480

 -62.535480 7.157631 68.946480

 -70.034912 7.167374 68.946480

 -77.534348 6.934394 67.857857

 -83.400848 6.934394 66.224915

 168.858444 7.167374 76.445930

 162.447647 7.167374 76.445923

 154.948212 6.934394 76.445923

 147.448776 6.934394 76.445923

 139.949341 7.167374 77.534546

 132.449890 7.167374 78.623184

 124.950470 6.934394 77.534546

 117.852112 6.709260 76.415237

 72.046318 6.411214 76.415237

 64.954964 5.478045 76.445923

 57.455509 3.380073 76.445923

 49.956081 1.496615 76.445923

 42.456650 0.177411 76.445923

 34.957211 0.177411 76.445923

 27.457775 1.263637 76.445923

 19.958338 3.612431 76.445923

 12.458899 5.702458 76.445923

 4.959463 6.886746 76.445923

 -2.539972 6.737266 76.445923

 -10.039412 6.340899 76.445923

 -17.538849 6.259196 76.445923

 -25.038288 5.932086 76.445923

 -32.537724 6.026216 76.445923

 -40.037167 6.573880 76.445923

 -47.536606 6.687240 75.357300

 -55.036045 6.873706 74.268669

 -62.535480 6.934394 74.268669

 -68.401978 6.934394 73.724350

 168.858444 7.167374 83.945358

 162.447647 6.934394 83.945358

 154.948212 6.934394 83.945358

 147.448776 7.167374 83.945358

 139.949326 6.934394 83.945358

 132.449890 7.167374 83.945358

 124.950470 6.934394 83.945358

 117.852112 6.942240 83.882774

 79.428207 6.481444 84.457634

 72.515396 6.646945 83.895287

 64.954964 6.464520 83.945358

 57.455509 5.518620 83.945358

 49.956081 4.136292 83.945358

 42.456650 3.242383 83.945358

 34.957211 3.003520 83.945358

 27.457775 3.981822 83.945358

 19.958338 5.037234 83.945358

 12.458899 5.722537 83.945358

 4.959463 6.408989 83.945358

 -2.539972 6.447736 83.945358

 -10.039412 6.772380 83.945358

 -17.538849 7.148524 83.945358

 -25.038288 6.914910 83.945358

 -32.537724 7.156514 83.945358

 -38.948532 6.933272 83.945358

 168.314133 6.934394 88.723221

 162.447647 7.167374 90.356171

 154.948212 6.934394 91.444809

 147.448776 7.167374 91.444809

 139.949326 6.934394 91.444809

 132.449890 7.167374 91.444809

 124.950470 7.167374 91.444809

 117.384415 6.754289 91.369217

 109.833633 6.758183 91.759071

 102.381363 6.367616 92.224510

 94.945724 6.171113 92.224510

 87.501221 5.634787 91.759071

 79.989319 5.274047 91.369217

 72.454391 5.509437 91.444809

 64.954964 5.989497 91.444809

 57.455509 6.350905 91.444809

 49.956081 6.085229 91.444809

 42.456650 5.883561 91.444809

 34.957211 5.619715 91.444809

 27.457775 5.140117 91.444809

 19.958338 4.890384 91.444809

 12.458899 4.863274 91.444809

 4.959463 4.876961 91.444809

 -2.539972 7.331160 91.444809

 -10.039412 5.972270 91.444809

 -17.538849 6.894207 91.444809

 -25.038288 6.926406 91.444809

 -32.537724 6.934394 91.444809

 -38.404221 7.167374 89.811859

 153.315277 6.934394 96.222672

 147.448776 6.934394 97.855614

 139.949326 7.167374 98.944237

 132.449890 6.934394 98.944237

 124.950470 7.167374 98.944237

 117.451019 6.934394 98.944237

 109.951584 6.919105 98.944237

 102.452164 6.644677 98.944237

 94.952713 5.326382 98.944237

 87.453278 3.549888 98.944237

 79.953827 2.551751 98.944237

 72.454391 2.551749 98.944237

 64.954964 3.782868 98.944237

 57.455509 5.093398 98.944237

 49.956081 6.410123 98.944237

 42.456650 6.750939 98.944237

 34.957211 6.302264 98.944237

 27.457775 5.091694 98.944237

 19.958338 3.858231 98.944237

 12.458899 2.855433 98.944237

 4.959463 3.088414 98.944237

 -2.539972 3.625251 98.944237

 -10.039412 5.093266 98.944237

 -17.538849 6.317530 98.944237

 -25.038288 6.781489 98.944237

 -31.449097 6.934394 98.944237

 138.316376 7.167374 104.810730

 132.449890 7.167374 106.443665

 124.950470 6.934394 106.443665

 117.451019 7.167374 106.443665

 109.951584 6.641818 106.443665

 102.452164 5.541218 106.443665

 94.952713 3.198626 106.443665

 87.453278 0.835414 106.443665

 79.953827 -0.870597 106.443665

 72.454391 -0.870597 106.443665

 64.954964 0.835412 106.443665

 57.455509 2.965642 106.443665

 49.956081 5.307334 106.443665

 42.456650 6.307160 106.443665

 34.957211 5.761786 106.443665

 27.457775 4.163563 106.443665

 19.958338 2.602139 106.443665

 12.458899 1.388905 106.443665

 4.959463 1.388905 106.443665

 -2.539972 2.369159 106.443665

 -10.039412 4.163563 106.443665

 -17.538849 5.528808 106.443665

 -25.038288 6.599719 106.443665

 -30.904785 6.933478 104.810730

 130.816940 6.934394 112.310165

 124.950470 6.934394 113.943108

 117.451019 6.932635 113.943108

 109.951584 6.526986 113.943108

 102.452164 4.477824 113.943108

 94.952713 1.419661 113.943108

 87.453278 -1.568091 113.943108

 79.953827 -3.676762 113.943108

 72.454391 -3.443783 113.943108

 64.954964 -1.568095 113.943108

 57.455509 1.186676 113.943108

 49.956081 4.237123 113.943108

 42.456650 5.875346 113.943108

 34.957211 5.536099 113.943108

 27.457775 3.801814 113.943108

 19.958338 4.273699 113.943108

 12.458899 1.024733 113.943108

 4.959463 1.024733 113.943108

 -2.539972 1.875180 113.943108

 -10.039412 3.568835 113.943108

 -17.538849 5.304875 113.943108

 -23.949661 6.689816 113.943108

 138.316391 6.934394 124.164124

 132.449890 7.167374 122.531181

 124.950470 6.934394 121.442551

 117.451019 6.919105 121.442551

 109.951584 6.365765 121.442551

 102.452164 3.816352 121.442551

 94.952713 0.727460 121.442551

 87.453278 -2.746288 121.442551

 79.953827 -4.586419 121.442551

 72.454391 -4.819401 121.442551

 64.954964 -2.746288 121.442551

 57.455509 0.494477 121.442551

 49.956081 4.048542 121.442551

 42.456650 6.031224 121.442551

 34.957211 5.746502 121.442551

 27.457775 4.163563 121.442551

 19.958338 2.602139 121.442551

 12.458899 1.621885 121.442551

 4.959463 1.388905 121.442551

 -2.539972 2.602139 121.442551

 -10.039412 3.930583 121.442551

 -17.538849 5.761788 121.442551

 -25.038288 6.599719 121.442551

 -30.904785 7.166459 123.075493

 145.815811 6.934394 130.574951

 139.949326 6.934394 128.942001

 132.449890 7.167374 128.942001

 124.950470 6.934394 128.942001

 117.451019 7.165616 128.942001

 109.951584 6.294005 128.942001

 102.452164 4.244845 128.942001

 94.952713 1.186681 128.942001

 87.453278 -1.568088 128.942001

 79.953827 -3.676758 128.942001

 72.454391 -3.443780 128.942001

 64.954964 -1.568091 128.942001

 57.455509 1.186678 128.942001

 49.956081 4.477822 128.942001

 42.456650 6.141101 128.942001

 34.957211 6.315773 128.942001

 27.457775 5.093272 128.942001

 19.958338 3.858235 128.942001

 12.458899 2.855435 128.942001

 4.959463 2.855435 128.942001

 -2.539972 3.625255 128.942001

 -10.039412 4.860291 128.942001

 -17.538849 6.084550 128.942001

 -25.038288 6.781489 128.942001

 -32.537724 6.934394 128.942001

 -40.037167 7.167374 130.030624

 -45.903664 7.167374 131.663559

 146.360138 6.934394 136.441437

 139.949326 7.167374 136.441437

 132.449890 7.167374 136.441437

 124.950470 6.934394 136.441437

 117.451019 6.934394 136.441437

 109.951584 6.641818 136.441437

 102.452164 5.541218 136.441437

 94.952713 3.198626 136.441437

 87.453278 0.602433 136.441437

 79.953827 -0.637617 136.441437

 72.454391 -0.870597 136.441437

 64.954964 0.602431 136.441437

 57.455509 2.965642 136.441437

 49.956081 5.541218 136.441437

 42.456650 6.633826 136.441437

 34.957211 6.661227 136.441437

 27.457775 5.972274 136.441437

 19.958338 5.398602 136.441437

 12.458899 4.876965 136.441437

 4.959463 4.876965 136.441437

 -2.539972 5.165622 136.441437

 -10.039412 5.972274 136.441437

 -17.538849 6.661227 136.441437

 -25.038288 7.159386 136.441437

 -32.537724 6.934394 136.441437

 -40.037167 7.167374 136.441437

 -47.536606 7.167374 136.441437

 -53.403103 6.934394 138.074371

 146.360138 7.167374 143.940872

 139.949326 6.934394 143.940872

 132.449890 6.934394 143.940872

 124.950470 7.167374 143.940872

 117.451019 6.934394 143.940872

 109.951584 7.152085 143.940872

 102.452164 6.644677 143.940872

 94.952713 5.093402 143.940872

 87.453278 3.782868 143.940872

 79.953827 2.784731 143.940872

 72.454391 2.784729 143.940872

 64.954964 3.549888 143.940872

 57.455509 5.093398 143.940872

 49.956081 6.411693 143.940872

 42.456650 7.152085 143.940872

 34.957211 7.159386 143.940872

 27.457775 7.006482 143.940872

 19.958338 6.680716 143.940872

 12.458899 6.189698 143.940872

 4.959463 6.422678 143.940872

 -2.539972 6.680716 143.940872

 -10.039412 7.006482 143.940872

 -17.538849 7.159386 143.940872

 -25.038288 7.167374 143.940872

 -32.537724 7.167374 143.940872

 -40.037167 7.167374 143.940872

 -47.536606 7.167374 143.940872

 -55.036045 7.167374 143.940872

 -62.535480 7.167374 145.029495

 -70.034912 7.167374 146.118134

 -77.534348 7.167374 146.118134

 -85.033798 6.934394 146.118134

 -90.900284 7.167374 146.662460

 146.360138 7.167374 151.440292

 139.949326 7.167374 151.440292

 132.449890 6.934394 151.440292

 124.950470 6.934394 151.440292

 117.451019 6.934394 151.440292

 109.951584 6.934394 151.440292

 102.452164 6.919105 151.440292

 94.952713 6.626531 151.440292

 87.453278 6.003186 151.440292

 79.953827 5.742417 151.440292

 72.454391 5.509437 151.440292

 64.954964 6.236166 151.440292

 57.455509 6.859511 151.440292

 49.956081 7.152085 151.440292

 42.456650 6.934394 151.440292

 34.957211 6.934394 151.440292

 27.457775 6.934394 151.440292

 19.958338 7.166459 151.440292

 12.458899 6.925487 151.440292

 4.959463 7.158467 151.440292

 -2.539972 6.933478 151.440292

 -10.039412 7.167374 151.440292

 -17.538849 7.167374 151.440292

 -25.038288 6.934394 151.440292

 -32.537724 6.934394 151.440292

 -40.037167 6.934394 151.440292

 -47.536606 6.934394 151.440292

 -55.036045 7.167374 151.440292

 -62.535480 6.934394 151.440292

 -70.034912 7.167374 151.440292

 -77.534348 6.934394 151.440292

 -85.033798 6.934394 151.440292

 -92.533234 6.934394 151.440292

 -100.032669 7.167374 152.528931

 -107.532104 7.167374 153.617569

 -115.031540 6.934394 153.617569

 -120.898041 6.934394 154.161880

 145.815811 7.167374 156.218170

 139.949326 7.167374 157.851135

 132.449890 6.934394 158.939758

 124.950470 6.934394 158.939758

 117.451019 7.167374 158.939758

 109.951584 7.167374 158.939758

 102.452164 7.167374 158.939758

 94.952713 6.934394 158.939758

 87.453278 7.165616 158.939758

 79.953827 6.917354 158.939758

 72.454391 6.917354 158.939758

 64.954964 6.932635 158.939758

 57.455509 7.167374 158.939758

 49.956081 6.934394 158.939758

 42.456650 6.934394 158.939758

 34.957211 6.934394 158.939758

 27.457775 6.934394 158.939758

 19.958338 7.167374 158.939758

 12.458899 6.934394 158.939758

 4.959463 6.934394 158.939758

 -2.539972 6.934394 158.939758

 -10.039412 7.167374 158.939758

 -17.538849 6.934394 158.939758

 -25.038288 7.167374 158.939758

 -32.537724 7.167374 158.939758

 -40.037167 6.934394 158.939758

 -47.536606 6.934394 158.939758

 -55.036045 6.934394 158.939758

 -62.535480 6.934394 158.939758

 -70.034912 7.167374 158.939758

 -77.534348 6.934394 158.939758

 -85.033798 6.934394 158.939758

 -92.533234 6.934394 158.939758

 -100.032669 7.167374 158.939758

 -107.532104 7.167374 158.939758

 -115.031540 6.934394 158.939758

 -122.530975 6.934394 158.939758

 -130.030426 6.934394 160.028381

 -135.896927 7.167374 161.661316

 130.816940 7.167374 164.806244

 124.950470 6.934394 166.439178

 117.451019 7.167374 166.439178

 109.951584 6.934394 166.439178

 102.452164 6.934394 166.439178

 94.952713 6.934394 166.439178

 87.453278 6.934394 166.439178

 79.953827 7.167374 166.439178

 72.454391 6.934394 166.439178

 64.954964 6.934394 166.439178

 57.455509 7.167374 166.439178

 49.956081 6.934394 166.439178

 42.456650 7.167374 166.439178

 34.957211 6.934394 166.439178

 27.457775 6.934394 166.439178

 19.958338 6.934394 166.439178

 12.458899 7.167374 166.439178

 4.959463 6.934394 166.439178

 -2.539972 6.934394 166.439178

 -10.039412 7.167374 166.439178

 -17.538849 7.167374 166.439178

 -25.038288 6.934394 166.439178

 -32.537724 7.167374 166.439178

 -40.037167 7.167374 166.439178

 -47.536606 6.934394 166.439178

 -55.036045 7.167374 166.439178

 -62.535480 7.167374 166.439178

 -70.034912 6.934394 166.439178

 -77.534348 7.167374 166.439178

 -85.033798 6.934394 166.439178

 -92.533234 6.934394 166.439178

 -100.032669 6.934394 166.439178

 -107.532104 6.934394 166.439178

 -115.031540 7.167374 166.439178

 -122.530975 6.934394 166.439178

 -130.030411 7.167374 166.439178

 -136.441238 7.167374 166.439194

 123.861832 7.167374 173.938614

 117.451019 7.167374 173.938614

 109.951584 7.167374 173.938614

 102.452164 7.167374 173.938614

 94.952713 7.167374 173.938614

 87.453278 7.167374 173.938614

 79.953827 6.934394 173.938614

 72.454391 6.934394 173.938614

 64.954964 6.934394 173.938614

 57.455509 7.167374 173.938614

 49.956081 7.167374 173.938614

 42.456650 7.167374 173.938614

 34.957211 7.167374 173.938614

 27.457775 6.934394 173.938614

 19.958338 6.934394 173.938614

 12.458899 7.167374 173.938614

 4.959463 7.167374 173.938614

 -2.539972 6.934394 173.938614

 -10.039412 7.167374 173.938614

 -17.538849 7.167374 173.938614

 -25.038288 6.934394 173.938614

 -32.537724 7.167374 173.938614

 -40.037167 7.167374 173.938614

 -47.536606 6.934394 173.938614

 -55.036045 6.934394 173.938614

 -62.535480 7.167374 173.938614

 -70.034912 6.934394 173.938614

 -77.534348 6.934394 173.938614

 -85.033798 6.934394 173.938614

 -92.533234 6.934394 173.938614

 -100.032669 6.934394 172.849991

 -107.532104 6.934394 171.761368

 -115.031540 7.167374 172.849991

 -122.530975 6.934394 173.938614

 -130.030411 7.167374 173.938614

 -136.441238 7.167374 173.938614

 130.816940 7.167374 183.070999

 124.950470 6.934394 181.438065

 117.451019 7.167374 181.438065

 109.951584 7.167374 181.438065

 102.452164 6.934394 181.438065

 94.952713 6.934394 181.438065

 87.453278 6.934394 181.438065

 79.953827 6.934394 181.438065

 72.454391 7.167374 181.438065

 64.954964 6.934394 181.438065

 57.455509 7.167374 181.438065

 49.956081 6.934394 181.438065

 42.456650 6.934394 181.438065

 34.957211 6.934394 181.438065

 27.457775 6.934394 181.438065

 19.958338 6.934394 181.438065

 12.458899 7.167374 181.438065

 4.959463 7.167374 181.438065

 -2.539972 6.934394 181.438065

 -10.039412 6.934394 181.438065

 -17.538849 7.167374 181.438065

 -25.038288 7.167374 181.438065

 -32.537724 7.167374 181.438065

 -40.037167 6.934394 181.438065

 -47.536606 7.167374 181.438065

 -55.036045 6.934394 181.438065

 -62.535480 6.934394 181.438065

 -70.034912 6.934394 181.438065

 -77.534348 7.167374 181.438065

 -85.033798 7.167374 180.349426

 -90.900284 6.934394 178.716476

 -124.163910 6.934394 178.716476

 -130.030426 6.934394 179.260803

 -135.896927 6.934394 178.716476

 138.316376 7.167374 190.570435

 132.449890 7.167374 188.937485

 124.950470 7.167374 188.937485

 117.451019 6.934394 188.937485

 109.951584 7.167374 188.937485

 102.452164 6.934394 188.937485

 94.952713 6.934394 188.937485

 87.453278 6.934394 188.937485

 79.953827 6.934394 187.848877

 72.454391 7.167374 186.760254

 64.954964 7.167374 186.760254

 57.455524 7.167374 186.760254

 49.956081 7.167374 186.760254

 42.456650 6.934394 186.760254

 34.957211 7.167374 186.760254

 27.457777 7.167374 187.848877

 19.958338 7.167374 188.937485

 12.458899 6.934394 188.937485

 4.959463 6.934394 188.937485

 -2.539972 6.934394 188.937485

 -10.039412 6.934394 188.937485

 -17.538849 6.934394 188.937485

 -25.038288 6.934394 188.937485

 -32.537724 7.167374 188.937485

 -40.037167 6.934394 188.937485

 -47.536606 6.934394 188.937485

 -55.036045 6.934394 188.937485

 -62.535480 7.167374 187.848877

 -70.034912 6.934394 186.760254

 -75.901413 6.934394 186.215942

 138.860703 6.934394 196.436920

 132.449890 6.934394 196.436920

 124.950470 6.934394 196.436920

 117.451019 7.167374 196.436920

 109.951584 6.934394 196.436920

 102.452164 7.167374 196.436920

 94.952713 6.934394 196.436920

 89.086212 6.934394 194.803970

 18.869713 7.167374 196.436920

 12.458899 7.167374 196.436920

 4.959463 7.167374 196.436920

 -2.539972 6.934394 196.436920

 -10.039412 7.167374 196.436920

 -17.538849 6.934394 196.436920

 -25.038288 7.167374 196.436920

 -32.537724 6.934394 196.436920

 -40.037167 6.934394 195.348282

 -47.536606 7.167374 194.259674

 -53.403103 6.934394 193.715363

 138.860703 6.934394 203.936356

 132.449890 6.934394 203.936356

 124.950470 7.167374 203.936356

 117.451019 6.934394 203.936356

 109.951584 6.934394 203.936356

 102.452164 7.167374 202.847733

 96.585663 6.934394 201.214798

 18.325396 7.167374 202.303421

 12.458899 7.167374 203.936356

 4.959463 7.167374 203.936356

 -2.539972 6.934394 203.936356

 -10.039412 6.934394 203.936356

 -17.538849 7.167374 203.936356

 -25.038288 7.167374 203.936356

 -30.904785 6.934394 202.303421

 138.860703 6.934394 211.435822

 132.449890 6.934394 211.435822

 124.950470 6.934394 211.435822

 117.451019 6.934394 210.347168

 111.584534 7.167374 208.714218

 10.825958 6.934394 208.714218

 4.959466 7.167374 209.258545

 -2.539972 7.167374 209.258545

 -10.039410 7.167374 209.258545

 -17.538849 7.167374 209.258545

 -23.405346 6.934394 208.714218

 138.316391 7.167374 216.213654

 132.449890 7.167374 216.757965

 126.583405 7.167374 216.213654

 122.833694 7.167374 213.552582

 128.700180 6.934394 214.096893

 136.199615 6.934394 214.096893

 140.977478 6.934394 213.552582

 -27.155064 7.167374 206.053131

 -21.288570 7.167374 206.597443

 -13.789127 6.934394 206.597443

 -6.289692 7.167374 206.597443

 1.209748 6.934394 206.597443

 8.709183 7.167374 206.597443

 14.575676 7.167374 206.053131

 107.834824 6.934394 206.053131

 113.701309 6.934394 206.597443

 121.200729 6.934394 207.686081

 128.700180 7.167374 207.686081

 136.199615 7.167374 207.686081

 141.521805 6.934394 207.686081

 -34.654503 6.934394 198.553696

 -28.788006 6.934394 200.186630

 -21.288570 6.934394 200.186630

 -13.789131 7.167374 200.186630

 -6.289692 6.934394 200.186630

 1.209746 7.167374 200.186630

 8.709183 7.167374 200.186630

 16.208620 6.934394 200.186630

 20.986486 7.167374 198.553696

 92.835938 6.934394 198.553696

 98.702438 7.167374 199.098022

 106.201874 6.934394 200.186630

 113.701309 7.167374 200.186630

 121.200729 7.167374 200.186630

 128.700180 6.934394 200.186630

 136.199615 7.167374 200.186630

 141.521805 7.167374 200.186661

 -57.152821 7.167374 191.054276

 -51.286320 6.934394 191.598587

 -43.786884 6.934394 191.598587

 -36.287445 7.167374 192.687210

 -28.788006 6.934394 192.687210

 -21.288570 7.167374 192.687210

 -13.789131 7.167374 192.687210

 -6.289692 6.934394 192.687210

 1.209746 7.167374 192.687210

 8.709183 7.167374 192.687210

 16.208620 6.934394 192.687210

 22.619429 6.934394 192.687210

 85.336502 7.167374 191.054276

 91.202988 6.934394 192.687210

 98.702438 6.934394 192.687210

 106.201874 6.934394 192.687210

 113.701309 7.167374 192.687210

 121.200729 6.934394 192.687210

 128.700180 7.167374 192.687210

 136.199615 7.167374 192.687210

 140.977478 6.934394 194.320145

 -79.651123 7.167374 183.554840

 -73.784622 6.934394 184.099152

 -66.285202 7.167374 184.099152

 -58.785763 7.167374 185.187775

 -51.286320 7.167374 185.187775

 -43.786884 7.167374 185.187775

 -36.287445 6.934394 185.187775

 -28.788006 7.167374 185.187775

 -21.288570 7.167374 185.187775

 -13.789131 6.934394 185.187775

 -6.289692 7.167374 185.187775

 1.209746 7.167374 185.187775

 8.709183 7.167374 185.187775

 16.208620 7.167374 185.187775

 23.708054 6.934394 185.187775

 31.207495 6.934394 184.099152

 38.706928 6.934394 184.099152

 46.206367 6.934394 184.099152

 53.705795 7.167374 184.099152

 61.205238 6.934394 184.099152

 68.704681 7.167374 184.099152

 76.204109 6.934394 184.099152

 83.703552 7.167374 185.187775

 91.202988 6.934394 185.187775

 98.702438 6.934394 185.187775

 106.201874 6.934394 185.187775

 113.701309 7.167374 185.187775

 121.200729 6.934394 185.187775

 128.700180 6.934394 185.187775

 134.566681 6.934394 186.820709

 -138.558014 7.167374 176.055374

 -133.780151 7.167374 176.599701

 -126.280701 6.934394 176.599701

 -120.414200 7.167374 176.055374

 -94.650009 7.167374 176.055374

 -88.783508 7.167374 176.599701

 -81.284073 7.167374 177.688324

 -73.784622 6.934394 177.688324

 -66.285202 7.167374 177.688324

 -58.785763 7.167374 177.688324

 -51.286320 7.167374 177.688324

 -43.786884 6.934394 177.688324

 -36.287445 7.167374 177.688324

 -28.788006 7.167374 177.688324

 -21.288570 6.934394 177.688324

 -13.789131 6.934394 177.688324

 -6.289692 7.167374 177.688324

 1.209746 6.934394 177.688324

 8.709183 6.934394 177.688324

 16.208620 7.167374 177.688324

 23.708054 7.167374 177.688324

 31.207495 7.167374 177.688324

 38.706928 7.167374 177.688324

 46.206367 7.167374 177.688324

 53.705795 7.167374 177.688324

 61.205238 6.934394 177.688324

 68.704681 7.167374 177.688324

 76.204109 6.934394 177.688324

 83.703552 6.934394 177.688324

 91.202988 6.934394 177.688324

 98.702438 6.934394 177.688324

 106.201874 7.167374 177.688324

 113.701309 7.167374 177.688324

 121.200729 6.934394 177.688324

 127.611572 6.934394 177.688324

 -139.102325 6.934394 170.188889

 -133.780136 7.167374 170.188889

 -126.280701 7.167374 170.188889

 -118.781250 6.934394 170.188889

 -111.281815 7.167374 169.100266

 -103.782379 6.934394 169.100266

 -96.282944 6.934394 170.188889

 -88.783508 6.934394 170.188889

 -81.284073 6.934394 170.188889

 -73.784622 6.934394 170.188889

 -66.285202 7.167374 170.188889

 -58.785763 6.934394 170.188889

 -51.286320 7.167374 170.188889

 -43.786884 7.167374 170.188889

 -36.287445 7.167374 170.188889

 -28.788006 7.167374 170.188889

 -21.288570 6.934394 170.188889

 -13.789131 7.167374 170.188889

 -6.289692 7.167374 170.188889

 1.209746 7.167374 170.188889

 8.709183 7.167374 170.188889

 16.208620 6.934394 170.188889

 23.708054 7.167374 170.188889

 31.207495 7.167374 170.188889

 38.706928 6.934394 170.188889

 46.206367 7.167374 170.188889

 53.705795 6.934394 170.188889

 61.205238 7.167374 170.188889

 68.704681 7.167374 170.188889

 76.204109 6.934394 170.188889

 83.703552 7.167374 170.188889

 91.202988 6.934394 170.188889

 98.702438 6.934394 170.188889

 106.201874 7.167374 170.188889

 113.701309 7.167374 170.188889

 121.200729 7.167374 170.188889

 127.611572 6.934394 170.188889

 -138.558014 7.167374 164.322418

 -133.780151 7.167374 163.778091

 -126.280701 6.934394 162.689468

 -118.781250 6.934394 162.689468

 -111.281815 6.934394 162.689468

 -103.782379 6.934394 162.689468

 -96.282944 7.167374 162.689468

 -88.783508 6.934394 162.689468

 -81.284073 6.934394 162.689468

 -73.784622 7.167374 162.689468

 -66.285202 7.167374 162.689468

 -58.785763 7.167374 162.689468

 -51.286320 7.167374 162.689468

 -43.786884 7.167374 162.689468

 -36.287445 6.934394 162.689468

 -28.788006 6.934394 162.689468

 -21.288570 6.934394 162.689468

 -13.789131 6.934394 162.689468

 -6.289692 6.934394 162.689468

 1.209746 6.934394 162.689468

 8.709183 7.167374 162.689468

 16.208620 7.167374 162.689468

 23.708054 7.167374 162.689468

 31.207495 6.934394 162.689468

 38.706928 6.934394 162.689468

 46.206367 6.934394 162.689468

 53.705795 7.167374 162.689468

 61.205238 6.934394 162.689468

 68.704681 6.932635 162.689468

 76.204109 7.152085 162.689468

 83.703552 7.165616 162.689468

 91.202988 6.934394 162.689468

 98.702438 7.167374 162.689468

 106.201874 7.167374 162.689468

 113.701309 6.934394 162.689468

 121.200729 6.934394 162.689468

 128.700180 6.934394 162.689468

 134.566681 6.934394 161.056503

 -124.647766 6.934394 156.822983

 -118.781250 6.934394 156.278671

 -111.281815 7.167374 156.278671

 -103.782379 7.167374 156.278671

 -96.282944 7.167374 155.190033

 -88.783508 7.167374 155.190033

 -81.284073 7.167374 155.190033

 -73.784622 6.934394 155.190033

 -66.285202 6.934394 155.190033

 -58.785763 7.167374 155.190033

 -51.286320 6.934394 155.190033

 -43.786884 6.934394 155.190033

 -36.287445 7.167374 155.190033

 -28.788006 6.934394 155.190033

 -21.288570 6.934394 155.190033

 -13.789131 7.167374 155.190033

 -6.289692 6.934394 155.190033

 1.209746 7.166459 155.190033

 8.709183 7.159386 155.190033

 16.208620 6.933478 155.190033

 23.708054 6.934394 155.190033

 31.207495 7.167374 155.190033

 38.706928 6.934394 155.190033

 46.206367 6.934394 155.190033

 53.705795 7.152085 155.190033

 61.205238 6.641818 155.190033

 68.704681 6.526986 155.190033

 76.204109 6.132779 155.190033

 83.703552 6.294005 155.190033

 91.202988 6.641818 155.190033

 98.702438 6.919105 155.190033

 106.201874 6.934394 155.190033

 113.701309 6.934394 155.190033

 121.200729 6.934394 155.190033

 128.700180 6.934394 155.190033

 136.199615 6.934394 155.190033

 143.699066 7.167374 154.101395

 148.476898 7.167374 153.557083

 -94.650009 6.934394 149.323517

 -88.783508 6.934394 148.779221

 -81.284073 6.934394 148.779221

 -73.784622 6.934394 148.779221

 -66.285202 6.934394 148.779221

 -58.785763 7.167374 147.690582

 -51.286320 6.934394 147.690582

 -43.786884 6.934394 147.690582

 -36.287445 6.934394 147.690582

 -28.788006 7.167374 147.690582

 -21.288570 6.934394 147.690582

 -13.789131 6.926406 147.690582

 -6.289692 6.781489 147.690582

 1.209746 6.599719 147.690582

 8.709183 6.748444 147.690582

 16.208620 6.832699 147.690582

 23.708054 6.781489 147.690582

 31.207495 6.926406 147.690582

 38.706928 7.167374 147.690582

 46.206367 7.152085 147.690582

 53.705795 6.411693 147.690582

 61.205238 5.308234 147.690582

 68.704681 4.244838 147.690582

 76.204109 4.049326 147.690582

 83.703552 4.244838 147.690582

 91.202988 5.541218 147.690582

 98.702438 6.411696 147.690582

 106.201874 7.152085 147.690582

 113.701309 7.167374 147.690582

 121.200729 7.167374 147.690582

 128.700180 6.934394 147.690582

 136.199615 6.934394 147.690582

 143.699066 7.167374 147.690582

 149.021225 6.934394 147.690598

 -57.152821 6.934394 141.824081

 -51.286320 6.934394 140.191147

 -43.786884 7.167374 140.191147

 -36.287445 7.167374 140.191147

 -28.788006 6.934394 140.191147

 -21.288570 6.926406 140.191147

 -13.789131 6.661227 140.191147

 -6.289692 6.317530 140.191147

 1.209746 5.528810 140.191147

 8.709183 5.537856 140.191147

 16.208620 5.761790 140.191147

 23.708054 6.317530 140.191147

 31.207495 6.661227 140.191147

 38.706928 6.926406 140.191147

 46.206367 6.626531 140.191147

 53.705795 5.093402 140.191147

 61.205238 2.965642 140.191147

 68.704681 1.419656 140.191147

 76.204109 0.727458 140.191147

 83.703552 1.419658 140.191147

 91.202988 3.198624 140.191147

 98.702438 5.326382 140.191147

 106.201874 6.859515 140.191147

 113.701309 7.167374 140.191147

 121.200729 7.167374 140.191147

 128.700180 7.167374 140.191147

 136.199615 6.934394 140.191147

 143.699066 7.167374 140.191147

 149.021225 7.167374 140.191147

 -49.653381 7.167374 134.324646

 -43.786884 7.167374 133.780350

 -36.287445 6.934394 132.691711

 -28.788006 7.167374 132.691711

 -21.288570 7.006482 132.691711

 -13.789131 5.972274 132.691711

 -6.289692 4.860291 132.691711

 1.209746 3.930587 132.691711

 8.709183 3.568835 132.691711

 16.208620 4.163567 132.691711

 23.708054 4.860291 132.691711

 31.207495 6.205254 132.691711

 38.706928 7.004723 132.691711

 46.206367 6.236166 132.691711

 53.705795 3.782868 132.691711

 61.205238 0.835412 132.691711

 68.704681 -1.801071 132.691711

 76.204109 -2.746285 132.691711

 83.703552 -1.801068 132.691711

 91.202988 0.602433 132.691711

 98.702438 3.782872 132.691711

 106.201874 6.236172 132.691711

 113.701309 7.165616 132.691711

 121.200729 7.167374 132.691711

 128.700180 6.934394 132.691711

 136.199615 6.934394 132.691711

 143.699066 6.934394 132.691711

 148.476898 7.167374 134.324646

 -34.654503 7.167374 126.825218

 -28.788006 7.166459 125.192276

 -21.288570 6.447736 125.192276

 -13.789131 5.165622 125.192276

 -6.289692 3.625251 125.192276

 1.209746 2.602143 125.192276

 8.709183 1.875182 125.192276

 16.208620 2.369159 125.192276

 23.708054 3.625251 125.192276

 31.207495 5.398602 125.192276

 38.706928 6.663672 125.192276

 46.206367 5.741631 125.192276

 53.705795 2.784731 125.192276

 61.205238 -0.870598 125.192276

 68.704681 -3.443783 125.192276

 76.204109 -4.586418 125.192276

 83.703552 -3.443780 125.192276

 91.202988 -0.870597 125.192276

 98.702438 2.551757 125.192276

 106.201874 5.509440 125.192276

 113.701309 7.150334 125.192276

 121.200729 6.934394 125.192276

 128.700180 7.167374 125.192276

 136.199615 6.934394 126.280907

 142.066101 7.167374 126.825218

 -27.699375 6.866858 117.692833

 -21.288570 6.422678 117.692833

 -13.789131 4.876965 117.692833

 -6.289692 3.088416 117.692833

 1.209746 1.621885 117.692833

 8.709183 1.024735 117.692833

 16.208620 1.388905 117.692833

 23.708054 3.088414 117.692833

 31.207495 4.876965 117.692833

 38.706928 6.405636 117.692833

 46.206367 5.500934 117.692833

 53.705795 2.784731 117.692833

 61.205238 -0.637619 117.692833

 68.704681 -3.443783 117.692833

 76.204109 -4.819399 117.692833

 83.703552 -3.443781 117.692833

 91.202988 -0.637617 117.692833

 98.702438 2.551755 117.692833

 106.201874 5.509440 117.692833

 113.701309 7.150334 117.692833

 121.200729 6.934394 117.692833

 128.700180 7.167374 117.692833

 -27.699375 7.099839 110.193382

 -21.288570 6.189698 110.193382

 -13.789131 4.643985 110.193382

 -6.289692 3.088416 110.193382

 1.209746 1.388905 110.193382

 8.709183 2.957293 110.193382

 16.208620 1.388905 110.193382

 23.708054 3.088414 110.193382

 31.207495 4.876965 110.193382

 38.706928 6.187942 110.193382

 46.206367 6.227547 110.193382

 53.705795 3.549888 110.193382

 61.205238 0.602429 110.193382

 68.704681 -1.568091 110.193382

 76.204109 -2.746288 110.193382

 83.703552 -1.801071 110.193382

 91.202988 0.835414 110.193382

 98.702438 3.549891 110.193382

 106.201874 6.003192 110.193382

 113.701309 7.165616 110.193382

 121.200729 6.934394 110.193382

 128.700180 6.934394 110.193382

 134.566681 6.934394 108.560448

 -33.565876 6.934394 101.061012

 -28.788006 6.933478 102.693954

 -21.288570 6.447736 102.693954

 -13.789131 5.165622 102.693954

 -6.289692 3.858231 102.693954

 1.209746 2.602139 102.693954

 8.709183 1.875180 102.693954

 16.208620 2.369159 102.693954

 23.708054 5.790789 102.693954

 31.207495 5.164048 102.693954

 38.706928 6.667023 102.693954

 46.206367 6.624059 102.693954

 53.705795 5.326382 102.693954

 61.205238 3.198622 102.693954

 68.704681 1.419656 102.693954

 76.204109 0.727458 102.693954

 83.703552 1.186678 102.693954

 91.202988 2.965644 102.693954

 98.702438 5.093402 102.693954

 106.201874 6.626534 102.693954

 113.701309 6.934394 102.693954

 121.200729 6.934394 102.693954

 128.700180 7.167374 102.693954

 136.199615 6.934394 102.693954

 142.066101 6.934394 101.061012

 -35.198818 6.934394 95.194527

 -28.788006 6.934394 95.194527

 -21.288570 7.006482 95.194527

 -13.789131 6.205254 95.194527

 -6.289692 4.860286 95.194527

 1.209746 3.930583 95.194527

 8.709183 3.801812 95.194527

 16.208620 3.916896 95.194527

 23.708054 4.598742 95.194527

 31.207495 5.400092 95.194527

 38.706928 6.288912 95.194527

 46.206367 6.345592 95.194527

 53.705795 6.149756 95.194527

 61.205238 5.294545 95.194527

 68.704681 4.244838 95.194527

 76.204109 3.816346 95.194527

 83.739044 4.009452 95.118927

 91.215454 5.175227 95.584373

 98.682999 6.089282 95.584373

 106.150513 6.690026 95.584373

 113.634705 6.987269 95.118927

 121.200729 6.934394 95.194527

 128.700180 7.167374 95.194527

 136.199615 6.934394 95.194527

 143.699066 6.934394 95.194527

 151.198486 7.167374 94.105896

 157.064957 7.167374 93.561577

 -41.065311 6.934394 86.062141

 -36.287445 6.933272 87.695084

 -28.788006 7.157631 87.695084

 -21.288570 6.916661 87.695084

 -13.789131 6.660108 87.695084

 -6.289692 6.317530 87.695084

 1.209746 5.528806 87.695084

 8.709183 5.291183 87.695084

 16.208620 5.294625 87.695084

 23.708054 4.632995 87.695084

 31.207495 4.255965 87.695084

 38.706928 4.367270 87.695084

 46.206367 4.525695 87.695084

 53.705795 5.695830 87.695084

 61.205238 6.406678 87.695084

 68.704681 6.280313 87.695084

 76.265121 5.876067 87.645012

 83.152405 5.879424 88.181839

 114.035797 6.529153 87.556908

 121.200729 6.934394 87.695084

 128.700180 7.167374 87.695084

 136.199615 7.167374 87.695084

 143.699066 7.167374 87.695084

 151.198486 7.167374 87.695084

 158.697922 7.167374 87.695084

 166.197372 7.167374 86.606453

 170.975220 6.934394 86.062141

 -42.698257 6.980904 80.195641

 -36.287445 6.526248 80.195641

 -28.788006 6.423497 80.195641

 -21.288570 6.656477 80.195641

 -13.789131 6.518260 80.195641

 -6.289692 6.595019 80.195641

 1.209746 6.822960 80.195641

 8.709183 6.239799 80.195641

 16.208620 4.952216 80.195641

 23.708054 3.464467 80.195641

 31.207495 1.780993 80.195641

 38.706928 1.399939 80.195641

 46.206367 1.786876 80.195641

 53.705795 3.380073 80.195641

 61.205238 5.518620 80.195641

 68.704681 6.889903 80.195641

 75.857040 6.401238 80.114883

 114.503479 6.484126 80.102371

 121.200729 6.934394 80.195641

 128.700180 6.934394 81.284271

 136.199615 6.934394 81.284271

 143.699066 7.167374 80.195641

 151.198486 7.167374 80.195641

 158.697922 7.167374 80.195641

 166.197372 7.167374 80.195641

 171.519547 6.934394 80.195641

 -72.151688 7.167374 71.063263

 -66.285202 6.934394 71.607574

 -58.785763 7.157631 71.607574

 -51.286320 6.783291 71.607574

 -43.786884 6.130963 72.696198

 -36.287445 5.453221 72.696198

 -28.788006 5.180129 72.696198

 -21.288570 4.947148 72.696198

 -13.789131 5.220241 72.696198

 -6.289692 5.897983 72.696198

 1.209746 6.598767 72.696198

 8.709183 6.083005 72.696198

 16.208620 4.135668 72.696198

 23.708054 1.496621 72.696198

 31.207495 -0.888881 72.696198

 38.706928 -1.735393 72.696198

 46.206367 -0.655900 72.696198

 53.705795 1.496615 72.696198

 61.205238 3.903312 72.696198

 68.704681 6.100425 72.696198

 75.387955 6.371512 72.666740

 113.923309 6.529153 72.666496

 120.177567 7.405112 72.657997

 145.332001 6.934394 74.329147

 151.198486 7.167374 73.784828

 158.697922 7.167374 73.784828

 166.197372 7.167374 73.784828

 170.975220 7.167374 74.329147

 -87.150558 6.934394 63.563831

 -81.284073 6.934394 64.108139

 -73.784622 6.934394 65.196770

 -66.285202 6.934394 65.196770

 -58.785763 6.738183 65.196770

 -51.286320 5.761062 65.196770

 -43.786884 4.404962 65.196770

 -36.287445 3.504143 65.196770

 -28.788006 3.062977 65.196770

 -21.288570 3.062977 65.196770

 -13.789131 3.271163 65.196770

 -6.289692 4.404962 65.196770

 1.209746 5.745799 65.196770

 8.709183 5.464129 65.196770

 16.208620 3.009402 65.196770

 23.708054 0.177413 65.196770

 31.207495 -2.568702 65.196770

 38.706928 -3.592020 65.196770

 46.206367 -2.335721 65.196770

 53.705795 0.177408 65.196770

 61.205238 3.242383 65.196770

 68.704681 5.891213 65.196770

 75.387955 6.307899 65.231102

 107.212173 6.642064 64.585732

 113.522217 6.754289 65.197746

 119.088943 7.638093 65.158569

 -102.149445 6.934394 56.064384

 -96.282959 6.934394 56.608700

 -88.783508 6.934394 57.697330

 -81.284073 7.167374 57.697330

 -73.784622 7.167374 57.697330

 -66.285202 6.933272 57.697330

 -58.785763 6.340903 57.697330

 -51.286320 5.010306 57.697330

 -43.786884 3.131779 57.697330

 -36.287445 1.366960 57.697330

 -28.788006 0.764539 57.697330

 -21.288570 0.997519 57.697330

 -13.789131 1.599940 57.697330

 -6.289692 2.898801 57.697330

 1.209746 4.995045 57.697330

 8.709183 5.301402 57.697330

 16.208620 3.009023 57.697330

 23.708054 -0.055566 57.697330

 31.207495 -2.335721 57.697330

 38.706928 -3.592017 57.697330

 46.206367 -2.335721 57.697330

 53.705795 0.177411 57.697330

 61.205238 3.009402 57.697330

 68.704681 5.891213 57.697330

 75.387955 6.540879 57.795479

 107.067841 6.717106 57.795479

 113.701309 6.934394 57.697330

 119.023483 6.934394 57.697330

 -109.648880 7.167374 48.564953

 -103.782379 6.934394 50.197895

 -96.282944 6.934394 50.197895

 -88.783508 7.167374 50.197895

 -81.284073 7.167374 50.197895

 -73.784622 7.167374 50.197895

 -66.285202 7.156514 50.197895

 -58.785763 6.026219 50.197895

 -51.286320 4.374154 50.197895

 -43.786884 1.959987 50.197895

 -36.287445 0.404493 50.197895

 -28.788006 -0.323752 50.197895

 -21.288570 -0.556732 50.197895

 -13.789131 0.404493 50.197895

 -6.289692 2.192967 50.197895

 1.209746 4.139602 50.197895

 8.709183 5.427502 50.197895

 16.208620 3.894324 50.197895

 23.708054 1.496621 50.197895

 31.207495 -0.888879 50.197895

 38.706928 -1.502408 50.197895

 46.206367 -0.888879 50.197895

 53.705795 1.263637 50.197895

 61.205238 4.136292 50.197895

 68.704681 6.100425 50.197895

 75.857040 6.425323 50.340454

 106.593796 6.529153 50.340454

 113.701309 6.934394 50.197895

 120.112106 6.934394 50.197899

 -116.059677 7.167374 41.065517

 -111.281815 7.167374 42.698460

 -103.782379 6.934394 42.698460

 -96.282944 6.934394 42.698460

 -88.783508 6.934394 42.698460

 -81.284073 7.167374 42.698460

 -73.784622 7.167374 42.698460

 -66.285202 7.147891 42.698460

 -58.785763 6.165066 42.698460

 -51.286320 3.962214 42.698460

 -43.786884 1.697783 42.698460

 -36.287445 0.064274 42.698460

 -28.788006 -0.944757 42.698460

 -21.288570 -0.944757 42.698460

 -13.789131 0.064274 42.698460

 -6.289692 1.697783 42.698460

 1.209746 3.962211 42.698460

 8.709183 5.656804 42.698460

 16.208620 5.267459 42.698460

 23.708054 3.380076 42.698460

 31.207495 1.786876 42.698460

 38.706928 1.166962 42.698460

 46.206367 1.786876 42.698460

 53.705795 3.380075 42.698460

 61.205238 5.285640 42.698460

 68.704681 6.658679 42.698460

 76.265121 6.727050 42.775997

 83.747910 6.942240 42.311047

 91.215454 6.709260 42.311047

 98.682999 6.709260 42.311047

 106.160797 6.987269 42.775997

 113.701309 7.167374 42.698460

 121.200729 7.167374 42.698460

 128.700180 6.934394 41.609829

 134.566681 6.934394 41.065517

 -116.603989 6.934394 35.199024

 -111.281815 7.167374 35.199017

 -103.782379 7.167374 35.199017

 -96.282944 6.934394 35.199017

 -88.783508 7.146321 35.199020

 -81.284073 6.558744 35.199020

 -73.784622 6.861148 35.199020

 -66.285202 5.683880 35.199017

 -58.785763 6.026219 35.199017

 -51.286320 4.374154 35.199017

 -43.786884 2.192967 35.199017

 -36.287445 0.404493 35.199017

 -28.788006 -0.556732 35.199017

 -21.288570 -0.556732 35.199017

 -13.789131 0.404493 35.199017

 -6.289692 1.959987 35.199017

 1.209746 4.141173 35.199017

 8.709183 6.245507 35.199017

 16.208620 6.455585 35.199017

 23.708054 5.478045 35.199017

 31.207495 4.525691 35.199017

 38.706928 4.141950 35.199017

 46.206367 4.525691 35.199017

 53.705795 5.711026 35.199017

 61.205238 6.699257 35.199017

 68.704681 7.153683 35.199017

 76.204109 6.934394 35.199017

 83.703552 6.934394 35.199017

 91.202988 7.167374 35.199017

 98.702438 6.934394 35.199017

 106.201874 6.934394 35.199017

 113.701309 6.934394 35.199017

 121.200729 7.167374 35.199017

 128.700180 6.934394 35.199017

 136.199615 7.167374 35.199017

 143.699066 7.167374 34.110390

 148.476898 7.167374 33.566074

 -116.059677 6.934394 29.332527

 -111.281815 7.167374 27.699585

 -103.782379 6.934394 27.699585

 -96.282944 7.167374 27.699585

 -88.783508 6.955448 27.699581

 -81.284073 4.301684 27.699581

 -73.784622 4.471455 27.699581

 -66.285202 6.933272 27.699581

 -58.785763 6.573884 27.699581

 -51.286320 5.010306 27.699581

 -43.786884 2.898801 27.699581

 -36.287445 1.366960 27.699581

 -28.788006 0.764539 27.699581

 -21.288570 2.930077 27.699581

 -13.789131 1.599940 27.699581

 -6.289692 2.898801 27.699581

 1.209746 4.777326 27.699581

 8.709183 6.573880 27.699581

 16.208620 7.152565 27.699581

 23.708054 8.837908 27.699581

 31.207495 6.360881 27.699581

 38.706928 6.449471 27.699581

 46.206367 6.360881 27.699581

 53.705795 6.905350 27.699581

 61.205238 6.920703 27.699581

 68.704681 7.167374 27.699581

 76.204109 7.167374 27.699581

 83.703552 7.167374 27.699581

 91.202988 6.934394 27.699581

 98.702438 7.167374 27.699581

 106.201874 6.934394 27.699581

 113.701309 7.167374 28.788208

 121.200729 7.167374 27.699581

 128.700180 6.934394 27.699581

 136.199615 6.934394 27.699581

 143.699066 7.167374 27.699581

 149.021225 7.167374 27.699581

 -110.193192 6.934394 20.200150

 -103.782379 6.934394 20.200150

 -96.282944 7.146321 20.200150

 -88.783508 4.714081 20.200142

 -81.284073 4.038056 20.200142

 -73.784622 4.186823 20.200142

 -66.285202 6.831721 20.200142

 -58.785763 6.738183 20.200142

 -51.286320 5.994042 20.200142

 -43.786884 4.404963 20.200142

 -36.287445 3.271163 20.200142

 -28.788006 2.829997 20.200142

 -21.288570 3.062977 20.200142

 -13.789131 3.504143 20.200142

 -6.289692 4.404963 20.200142

 1.209746 5.994042 20.200142

 8.709183 6.971163 20.200142

 16.208620 7.166520 20.200142

 23.708054 7.159920 20.200142

 31.207495 7.164944 20.200142

 38.706928 6.920703 20.200142

 46.206367 6.932818 20.200142

 53.705795 6.934394 20.200142

 61.205238 6.934394 20.200142

 68.704681 6.934394 20.200142

 76.204109 7.167374 20.200142

 83.703552 6.934394 20.200142

 91.202988 6.934394 20.200142

 98.702438 6.934394 21.288769

 104.568924 7.167374 21.833084

 122.833694 7.167374 21.833084

 128.700180 6.934394 21.288769

 136.199615 6.934394 21.288769

 143.699066 7.167374 21.288769

 148.476898 6.934394 21.833084

 -109.104568 7.167374 12.700718

 -103.782379 7.167374 12.700718

 -96.282944 6.882692 12.700716

 -88.783508 4.080162 12.700714

 -81.284073 4.080162 12.700714

 -73.784622 4.249983 12.700714

 -66.285202 6.882252 12.700714

 -58.785763 6.924651 12.700714

 -51.286320 6.601256 12.700714

 -43.786884 5.897983 12.700714

 -36.287445 5.220241 12.700714

 -28.788006 4.947148 12.700710

 -21.288570 3.707495 12.700710

 -13.789131 5.453221 12.700710

 -6.289692 5.897985 12.700710

 1.209746 6.826787 12.700710

 8.709183 6.782035 12.700710

 16.208620 6.855217 12.700710

 23.708054 6.776631 12.700710

 31.207495 6.622237 12.700710

 38.706928 7.024758 12.700710

 46.206367 7.159920 12.700706

 53.705795 6.934394 12.700706

 61.205238 7.167374 12.700706

 68.704681 7.167374 12.700706

 76.204109 6.934394 12.700706

 83.703552 7.167374 12.700706

 89.570053 6.934394 14.333649

 -109.104568 6.934394 5.201286

 -103.782379 6.934394 5.201286

 -96.282944 6.840586 5.201286

 -88.783508 4.080162 5.201286

 -81.284073 4.228930 5.201283

 -73.784622 4.059109 5.201283

 -66.285202 6.866453 5.201283

 -58.785763 6.934394 5.201283

 -51.286320 6.924651 5.201283

 -43.786884 6.980904 5.201283

 -36.287445 6.759228 5.201283

 -28.788006 6.656477 5.201279

 -21.288570 6.656477 5.201279

 -14.582878 5.848694 5.201279

 -6.461313 5.848695 5.201279

 1.660252 5.848695 5.201279

 8.709183 6.374709 5.201279

 16.208620 5.856358 5.201279

 23.708054 5.647492 5.201279

 31.207495 8.021896 5.201279

 38.706928 6.374709 5.201275

 46.206367 6.679606 5.201275

 53.705795 7.159920 5.201275

 61.205238 7.167374 5.201275

 68.704681 7.167374 5.201271

 76.204109 7.167374 5.201271

 82.070602 6.934394 6.834213

 -108.560257 6.934394 -0.665207

 -103.782379 7.167374 -2.298149

 -96.282944 7.167374 -2.298149

 -88.783508 4.492558 -2.298149

 -81.284073 4.343791 -2.298149

 -73.784622 4.322738 -2.298149

 -66.285202 6.670765 -2.298150

 -58.785763 6.934394 -2.298149

 -51.286320 6.934394 -2.298157

 -43.786884 6.934394 -2.298157

 -36.287445 6.933272 -2.298157

 -28.788006 6.924651 -2.298157

 -21.288570 7.157631 -2.298157

 -14.582878 5.848696 -2.298157

 -6.461313 5.848696 -2.298157

 1.660252 5.848694 -2.298157

 8.709183 4.999839 -2.298157

 16.208620 4.132686 -2.298157

 23.708054 3.795278 -2.298157

 31.207495 4.365666 -2.298157

 38.706928 4.999839 -2.298164

 46.206367 6.037007 -2.298164

 53.705795 6.784328 -2.298164

 61.205238 7.167374 -2.298164

 68.704681 6.934394 -2.298164

 75.115486 7.167374 -2.298164

 -102.149445 6.934394 -8.164642

 -96.282944 6.934394 -9.797592

 -88.783508 6.861639 -9.797592

 -81.284073 6.934394 -9.797592

 -73.784622 7.167374 -9.797592

 -66.285202 6.934394 -9.797592

 -58.785763 6.934394 -9.797592

 -51.286320 7.167374 -9.797592

 -43.786884 7.167374 -9.797592

 -36.287445 7.167374 -9.797592

 -28.788006 6.934394 -9.797592

 -21.288570 6.934394 -9.797592

 -13.789131 6.933539 -9.797592

 -6.461313 5.848432 -9.797592

 1.209746 5.284629 -9.797592

 8.709183 3.847898 -9.797592

 16.208620 2.909300 -9.797600

 23.708054 2.448555 -9.797600

 31.207495 2.676320 -9.797600

 38.706928 3.847898 -9.797600

 46.206367 5.284629 -9.797600

 53.705795 6.480479 -9.797600

 61.205238 7.444963 -9.797600

 68.704681 7.167374 -9.797600

 74.026855 7.167374 -9.797600

 -95.194321 7.167374 -17.297028

 -88.783508 7.167374 -17.297028

 -81.284073 6.934394 -17.297028

 -73.784622 7.167374 -17.297028

 -66.285202 7.167374 -17.297028

 -58.785763 7.167374 -17.297028

 -51.286320 7.167374 -17.297028

 -43.786884 6.934394 -17.297028

 -37.376072 7.167374 -17.297028

 -27.699375 6.934394 -17.297035

 -21.288570 6.934394 -17.297035

 -13.789131 7.159066 -17.297035

 -6.289692 6.472783 -17.297035

 1.209746 4.798087 -17.297035

 8.709183 3.362856 -17.297035

 16.208620 1.762019 -17.297035

 23.708054 1.205046 -17.297035

 31.207495 1.995000 -17.297035

 38.706928 3.362856 -17.297035

 46.206367 5.031067 -17.297035

 53.705795 6.472783 -17.297035

 61.205238 7.159066 -17.297043

 68.704681 7.167374 -17.297043

 74.026855 6.934394 -17.297043

 -93.561386 6.934394 -23.163521

 -88.783508 7.167374 -24.796463

 -81.284073 6.934394 -24.796463

 -73.784622 6.934394 -24.796471

 -66.285202 7.167374 -24.796471

 -58.785763 6.934394 -24.796471

 -51.286320 6.934394 -24.796471

 -43.786884 6.934394 -24.796471

 -37.376072 7.167374 -24.796471

 -27.699375 7.167374 -24.796471

 -21.288570 6.934394 -24.796471

 -13.789131 7.159066 -24.796471

 -6.289692 6.198876 -24.796474

 1.209746 4.957430 -24.796474

 8.709183 3.129876 -24.796478

 16.208620 1.762019 -24.796478

 23.708054 1.438026 -24.796478

 31.207495 1.762019 -24.796478

 38.706928 3.129876 -24.796478

 46.206367 4.798087 -24.796478

 53.705795 6.472783 -24.796478

 61.205238 6.926085 -24.796478

 68.704681 6.934394 -24.796478

 73.482536 6.934394 -23.163536

 -87.150558 7.167374 -30.662971

 -81.284073 7.167374 -32.295914

 -73.784622 6.934394 -32.295914

 -66.285202 7.167374 -32.295914

 -58.785763 7.167374 -32.295914

 -51.871204 5.780461 -31.711029

 -43.202000 6.013442 -31.711029

 -36.287445 7.167374 -32.295914

 -28.788006 6.934394 -32.295914

 -21.288570 7.104887 -32.295914

 -13.789131 6.543902 -32.295914

 -6.289692 4.722797 -32.295914

 1.209746 4.743985 -32.295914

 8.709183 3.847898 -32.295914

 16.208620 2.676320 -32.295914

 23.708054 2.215577 -32.295914

 31.207495 2.909302 -32.295914

 38.706928 3.847898 -32.295929

 46.206367 5.284629 -32.295929

 53.705795 6.480479 -32.295929

 61.205238 7.166520 -32.295929

 67.616051 7.167374 -32.295929

 -80.195450 7.167374 -39.795364

 -73.784622 6.934394 -39.795364

 -66.285202 6.934394 -39.795364

 -58.785763 6.934394 -39.795364

 -52.456089 4.859511 -39.795364

 -42.617111 4.626531 -39.795364

 -36.287445 7.167374 -39.795364

 -28.788006 7.167374 -39.795364

 -21.288570 6.024725 -39.795364

 -13.789131 2.418905 -39.795364

 -6.289692 1.161962 -39.795364

 1.209746 4.797815 -39.795364

 8.709183 4.999839 -39.795364

 16.208620 4.365672 -39.795364

 23.708054 3.795280 -39.795364

 31.207495 4.132691 -39.795364

 38.706928 4.999841 -39.795364

 46.206367 6.269988 -39.795364

 53.705795 6.784328 -39.795364

 61.205238 6.934394 -39.795364

 66.527420 6.934394 -39.795364

 -80.195450 6.934394 -47.294800

 -73.784622 6.934394 -47.294800

 -66.285202 7.167374 -47.294800

 -58.785763 6.934394 -47.294800

 -51.871204 6.013442 -47.879684

 -43.202000 5.780461 -47.879684

 -36.287445 6.934394 -47.294800

 -28.788006 7.167374 -47.294800

 -21.288570 5.788525 -47.294800

 -13.789131 1.250592 -47.294800

 -6.289692 1.159369 -47.294800

 1.236891 5.492403 -47.320141

 8.709183 6.374709 -47.294800

 16.208620 5.623382 -47.294800

 23.708054 5.647496 -47.294800

 31.207495 5.623382 -47.294800

 38.706928 6.141728 -47.294800

 46.206367 6.679606 -47.294800

 53.705795 7.159924 -47.294800

 61.205238 6.934394 -47.294800

 66.527420 6.934394 -47.294800

 -94.650009 6.934394 -56.427185

 -88.783508 6.934394 -55.882858

 -81.284073 6.934394 -54.794235

 -73.784622 7.167374 -54.794235

 -66.285202 7.167374 -54.794235

 -58.785763 7.898415 -54.794235

 -51.286320 7.665435 -54.794235

 -43.786884 6.934394 -54.794235

 -36.287445 6.934394 -54.794235

 -28.788006 6.934394 -54.794235

 -21.288570 5.833172 -54.794235

 -13.789131 1.354079 -54.794235

 -6.291495 1.323950 -54.794235

 9.117732 7.777934 -54.794235

 16.208620 6.855219 -54.794235

 23.708054 6.543651 -54.794235

 31.207495 6.855219 -54.794235

 38.706928 7.024758 -54.794235

 46.206367 7.159924 -54.794235

 53.705795 6.934394 -54.794235

 61.205238 6.934394 -54.794235

 66.527420 7.167374 -54.794235

 -109.648880 7.167374 -63.926613

 -103.782379 6.934394 -63.382294

 -96.282944 7.167374 -62.293671

 -88.783508 7.167374 -62.293671

 -81.284073 7.167374 -62.293671

 -73.784622 6.934394 -62.293671

 -66.285202 6.934394 -62.293671

 -58.785763 9.650648 -62.293671

 -51.286320 9.650648 -62.293671

 -43.786884 9.067233 -62.293671

 -36.287445 6.934394 -62.293671

 -28.788006 6.934394 -62.293671

 -21.288570 6.010672 -62.293674

 -13.789131 2.557378 -62.293674

 -6.289692 1.522873 -62.293674

 1.236891 5.539608 -62.268330

 8.682037 7.074426 -62.268330

 16.208620 6.933539 -62.293671

 23.708054 7.159924 -62.293671

 31.207495 6.933539 -62.293671

 38.706928 6.934394 -62.293671

 46.206367 6.934394 -61.205048

 53.705795 7.167374 -61.205048

 61.205238 6.934394 -61.205048

 65.983109 7.167374 -60.660736

 -117.148315 6.934394 -71.426056

 -111.281815 7.167374 -69.793106

 -103.782379 4.306699 -69.793106

 -96.282944 4.073719 -69.793106

 -88.783508 7.167374 -69.793106

 -81.284073 6.934394 -69.793106

 -73.784622 6.934394 -68.704483

 -66.285202 6.934394 -68.704483

 -58.785763 10.819462 -68.704483

 -51.286320 11.734865 -68.704483

 -43.786884 11.200068 -68.704483

 -36.287445 7.167374 -69.793106

 -28.788006 7.167374 -69.793106

 -21.288570 7.067502 -69.793106

 -13.789131 6.783126 -69.793106

 -6.289692 2.894008 -69.793106

 1.209746 3.635307 -69.791809

 8.708532 6.870834 -69.767578

 16.208620 6.934394 -69.793106

 23.708054 7.167374 -68.704483

 31.207495 7.167374 -68.704483

 37.073986 7.167374 -68.160172

 -131.058563 7.167374 -78.925491

 -126.280701 6.934394 -78.381180

 -118.781250 7.167374 -77.292542

 -111.281815 6.934394 -77.292542

 -103.782379 7.167374 -77.292542

 -96.282944 4.306699 -77.292542

 -88.783508 6.934394 -77.292542

 -82.917007 7.167374 -75.659607

 -34.654503 6.934394 -75.659607

 -28.788006 7.167374 -77.292542

 -21.288570 7.167374 -77.292542

 -13.789131 7.115989 -77.292542

 -6.290558 6.249131 -77.292107

 1.217024 6.239890 -77.184547

 8.517912 7.134724 -76.229439

 14.575676 7.167374 -75.659607

 -131.602875 6.934394 -84.791992

 -126.280701 6.934394 -84.791992

 -118.781250 7.167374 -84.791992

 -111.281815 7.167374 -84.791992

 -103.782379 7.167374 -83.703369

 -96.282959 6.934394 -83.703369

 -90.416458 7.167374 -83.159058

 -27.699375 6.934394 -84.791992

 -21.288570 6.934394 -84.791992

 -13.789131 7.167374 -84.791992

 -6.289692 6.934394 -84.791992

 0.121119 6.934394 -84.791992

 -131.058563 6.934394 -90.658493

 -126.280701 6.934394 -91.202789

 -118.781250 7.167374 -91.202789

 -112.914764 7.167374 -90.658493

 -26.610752 6.934394 -92.291428

 -21.288570 6.934394 -92.291428

 -13.789131 7.167374 -92.291428

 -6.289692 6.934394 -92.291428

 0.121119 6.934394 -92.291428

 -26.066437 6.934394 -98.157913

 -21.288570 6.934394 -99.790863

 -13.789131 7.167374 -99.790863

 -6.289692 7.167374 -99.790863

 1.209746 6.934394 -99.790863

 8.709183 6.934394 -100.879486

 16.208620 7.167374 -100.879486

 20.986486 6.934394 -101.423798

 -19.655628 6.934394 -105.657349

 -13.789131 6.934394 -107.290314

 -6.289692 6.934394 -107.290314

 1.209746 7.167374 -107.290314

 16.208620 7.167374 -107.290314

 21.530804 6.934394 -107.290314

 -12.156189 7.167374 -113.156799

 -6.289692 7.167374 -113.701111

 1.209748 6.934394 -115.422333

 8.709183 6.934394 -116.183289

 16.208620 6.934394 -116.183289

 20.986486 6.934394 -114.878021

 -41.515549 13.615561 -77.389313

 -47.832336 13.615561 -78.831390

 -55.036041 13.615561 -78.852310

 -62.535477 13.615561 -76.686249

 -47.536606 1.253836 -42.539276

 -47.536606 1.253836 -37.051437

 12.458899 13.232351 4.421745

 12.458899 13.469398 5.980812

 49.956081 3.974614 19.420609

 49.956081 3.741633 20.979675

 -2.539972 3.624215 56.917789

 -2.539972 4.098151 58.476868

 49.956081 12.086117 114.786812

 -2.539976 -3.973303 114.786812

 49.956081 11.538408 120.598824

 -2.539976 -3.841317 120.598824

 42.456642 13.616808 137.285141

 42.456642 14.459267 143.097137

 57.455528 13.615530 152.284012

 57.455528 14.459267 158.096054

 54.549530 14.226286 155.190033

 60.361534 14.450184 155.190033

 39.550648 14.459267 140.191147

 45.362637 14.217203 140.191147

 -5.445976 -3.243568 117.692818

 0.366025 -4.338071 117.692818

 47.050095 12.796659 117.692818

 52.862068 10.594881 117.692818

 -3.319508 3.776928 57.697330

 -1.760437 3.945437 57.697330

 49.176552 3.974614 20.200142

 50.735615 3.741633 20.200142

 11.679367 13.634676 5.201279

 13.238435 13.300056 5.201279

 -50.280529 1.020856 -39.795364

 -44.792683 1.253836 -39.795364

 -44.082611 12.711515 -74.565079

 -51.286320 13.626921 -75.631866

 -58.785763 12.944496 -74.585999

 -104.336761 7.950984 -58.695465

 -109.171661 7.950984 -60.056183

 -4.804600 3.855301 59.961956

 -4.804600 2.820426 55.432701

 -0.275346 4.073379 55.432701

 -0.275346 4.867102 59.961956

 -10.039413 13.313305 92.288536

 -10.039413 12.724133 98.100510

 -12.945414 13.546286 95.194527

 -7.133411 12.724133 95.194527

 101.388763 3.416854 48.778477

 94.905640 3.341809 48.659977

 87.836365 3.574790 48.659977

 81.344910 3.649579 48.778477

 101.503021 2.855567 54.889400

 94.898651 2.369327 54.954422

 87.893173 2.369136 54.954422

 81.263870 2.852813 54.889400

 101.503021 3.088547 61.926769

 94.898651 2.369327 61.959888

 87.893173 2.367675 61.959888

 81.263870 3.078566 61.926769

 108.458405 3.371825 69.566010

 101.945175 2.572056 68.964386

 94.898651 1.426398 68.965355

 87.893173 2.130654 68.965355

 81.263870 2.852813 68.964127

 108.540390 2.855567 76.001495

 101.904114 1.897862 75.970825

 94.898651 1.426398 75.970825

 87.893173 2.130629 75.970825

 81.263870 3.086300 76.001495

 108.540390 2.855567 83.038879

 101.904114 2.600461 82.976295

 94.898651 2.331967 82.976295

 87.857681 2.710933 83.026360

 81.353775 3.297915 82.506569

 108.468674 3.415009 89.146568

 101.974899 3.528767 89.265877

 94.905640 3.048839 89.265877

 88.424820 2.722384 89.146568

 84.899048 2.862052 86.051842

 91.383453 2.804245 86.121086

 98.420822 2.809545 86.121086

 105.458191 2.853723 86.121086

 111.550873 3.416854 86.064354

 78.262695 3.405002 78.984444

 84.354950 2.979212 79.523628

 91.395920 1.862348 79.473557

 98.401382 2.128996 79.473557

 105.406845 2.369327 79.473557

 111.673935 3.574790 79.566826

 78.137299 3.570189 72.497551

 84.390442 2.601906 72.468094

 91.395920 1.659379 72.468094

 98.401382 1.426398 72.468094

 105.447922 2.810542 72.467117

 111.550873 3.416854 73.100388

 78.137299 3.563897 65.428276

 84.390442 2.600464 65.462616

 91.395920 2.130843 65.462616

 98.401382 1.897862 65.462616

 105.046829 3.296779 65.428528

 78.137299 3.563897 58.359009

 84.390442 2.600464 58.457161

 91.395920 2.602307 58.457161

 98.401382 2.369327 58.457161

 104.604660 3.341809 58.359009

 78.262695 3.414035 51.860676

 84.346085 2.855376 51.807198

 91.383453 3.088547 51.807198

 98.420822 2.855567 51.807198

 104.470963 3.649834 51.860676

 101.445892 3.369191 51.833935

 94.902145 2.855567 51.807198

 87.864761 3.088452 51.807198

 81.304382 3.367688 51.833935

 101.503021 3.088547 58.408085

 94.898651 2.602307 58.457161

 87.893173 2.368405 58.457161

 81.263870 3.082181 58.408085

 101.724091 2.830302 65.445580

 94.898651 1.897862 65.462616

 87.893173 2.132670 65.462616

 81.263870 2.849200 65.445450

 108.499390 3.113696 72.783760

 101.924652 2.351449 72.467598

 94.898651 1.659379 72.468094

 87.893173 2.130642 72.468094

 81.263870 3.086049 72.482811

 108.540390 3.088547 79.520195

 101.904114 2.365651 79.473557

 94.898651 1.879180 79.473557

 87.875443 2.304290 79.498596

 81.308838 3.308596 79.254028

 108.504532 3.368268 86.092728

 101.939499 2.831634 86.121086

 94.902145 2.923384 86.121086

 88.141251 2.949639 86.086464

 -10.039413 12.902227 95.194527

 57.455528 14.454721 155.190033

 42.456642 14.221741 140.191147

 49.956081 11.928753 117.692818

 -2.539976 -3.790821 117.692818

 -2.539972 3.744693 57.697330

 12.458899 13.350876 5.201279

 49.956081 3.974614 20.200142

 -47.536606 1.253836 -39.795364

 -110.969299 7.950984 -62.307251

 -2.539972 4.361203 59.961956

 -2.539972 3.446902 55.432701

 -0.275346 4.586730 57.697330

 -4.804600 3.221374 57.697330

 -106.754211 7.950984 -59.375824

 -100.901184 7.718003 -57.751907

 -62.535480 11.878077 -74.025909

 -55.036045 13.285707 -75.108948

 -47.684464 13.609140 -75.098480

 -40.776356 11.645096 -74.921753

 18.597555 7.167374 -115.530655

 12.458899 7.167374 -116.183289

 4.959463 6.934394 -115.802811

 -2.539972 7.167374 -114.561707

 -9.222940 6.934394 -113.428955

 18.869713 7.167374 -107.290314

 -2.539972 7.167374 -107.290314

 -10.039412 6.934394 -107.290314

 -16.722378 7.167374 -106.473831

 18.597555 7.167374 -101.151642

 12.458899 6.934394 -100.879486

 4.959463 7.167374 -100.335175

 -2.539972 6.934394 -99.790863

 -10.039412 6.934394 -99.790863

 -17.538849 7.167374 -99.790863

 -23.677502 6.934394 -98.974396

 -3.084284 7.167374 -92.291428

 -10.039412 7.167374 -92.291428

 -17.538849 7.167374 -92.291428

 -23.949661 7.167374 -92.291428

 -115.848007 7.167374 -90.930634

 -122.530975 6.934394 -91.202789

 -128.669632 6.934394 -90.930634

 -3.084284 6.934394 -84.791992

 -10.039412 6.934394 -84.791992

 -17.538849 6.934394 -84.791992

 -24.493973 6.934394 -84.791992

 -93.349701 6.934394 -83.431198

 -100.032669 6.934394 -83.703369

 -107.532104 7.167374 -84.247681

 -115.031540 7.167374 -84.791992

 -122.530975 6.934394 -84.791992

 -128.941788 6.934394 -84.791992

 11.642427 7.167374 -75.931763

 4.962895 6.866174 -76.695068

 -2.551904 6.425116 -77.280609

 -10.039412 6.871094 -77.292542

 -17.538849 7.167374 -77.292542

 -25.038288 7.167374 -77.292542

 -31.721256 7.167374 -76.476074

 -85.850266 7.167374 -76.476074

 -92.533234 7.167374 -77.292542

 -100.032669 4.073719 -77.292542

 -107.532104 7.167374 -77.292542

 -115.031540 7.167374 -77.292542

 -122.530975 7.167374 -77.836853

 -128.669632 6.934394 -78.653336

 34.140743 7.167374 -68.432327

 27.457777 7.167374 -68.704483

 19.958338 6.934394 -69.248810

 12.458899 6.934394 -69.793106

 4.959464 5.898750 -69.778938

 -2.539973 2.569563 -69.793106

 -10.039412 5.623172 -69.793106

 -17.538849 6.927163 -69.793106

 -25.038288 7.130010 -69.793106

 -32.537724 7.167374 -69.793106

 -40.037167 9.067233 -69.248810

 -47.536606 11.583960 -68.704483

 -55.036045 11.393654 -68.704483

 -62.535480 9.109906 -68.704483

 -70.034912 7.167374 -68.704483

 -77.534348 7.167374 -69.248810

 -85.033798 6.934394 -69.793106

 -92.533234 7.167374 -69.793106

 -100.032669 4.073719 -69.793106

 -107.532104 7.167374 -69.793106

 -114.215073 7.167374 -70.609589

 63.594170 7.167374 -60.932892

 57.455509 7.167374 -61.205048

 49.956081 6.934394 -61.205048

 42.456650 6.934394 -61.749359

 34.957211 6.933967 -62.293671

 27.457775 6.930238 -62.293671

 19.958338 6.930238 -62.293671

 12.457008 7.019404 -62.291782

 4.959464 6.802174 -62.341629

 -2.538080 2.495063 -62.291782

 -10.039412 2.216728 -62.293674

 -17.538849 3.538330 -62.293674

 -25.038288 6.946360 -62.293674

 -32.537724 7.167374 -62.293671

 -40.037167 8.000812 -62.293671

 -47.536606 9.242449 -62.293671

 -55.036045 9.417667 -62.293671

 -62.535480 8.409009 -62.293671

 -70.034912 7.167374 -62.293671

 -77.534348 6.934394 -62.293671

 -85.033798 6.934394 -62.293671

 -92.533234 6.934394 -62.293671

 -100.032669 7.167374 -62.837990

 -106.715622 6.934394 -63.654465

 63.866325 6.934394 -54.794235

 57.455509 6.934394 -54.794235

 49.956081 6.930667 -54.794235

 42.456650 6.859363 -54.794235

 34.957211 6.707011 -54.794235

 27.457775 6.582946 -54.794235

 19.958338 6.582946 -54.794235

 12.507805 6.955610 -54.793289

 -2.587931 2.547579 -54.794235

 -10.039412 1.221516 -54.794235

 -17.538849 2.538214 -54.794235

 -25.038288 7.148249 -54.794235

 -32.537724 7.167374 -54.794235

 -40.037167 7.167374 -54.794235

 -47.536606 7.299914 -54.794235

 -55.036045 7.665435 -54.794235

 -62.535480 7.532895 -54.794235

 -70.034912 6.934394 -54.794235

 -77.534348 6.934394 -54.794235

 -85.033798 7.167374 -55.338554

 -91.716751 7.167374 -56.155029

 63.866325 6.934394 -47.294800

 57.455509 7.163647 -47.294800

 49.956081 7.036255 -47.294800

 42.456650 6.643651 -47.294800

 34.957211 6.115536 -47.294800

 27.457775 5.518949 -47.294800

 19.958338 7.917467 -47.294800

 12.458899 5.882556 -47.294800

 4.960410 6.500673 -47.245895

 -2.538080 2.269272 -47.296692

 -10.039412 1.083997 -47.294800

 -17.538849 2.477555 -47.294800

 -25.038288 7.134954 -47.294800

 -32.537724 6.934394 -47.294800

 -39.744720 6.357425 -47.587242

 -47.536606 6.013442 -47.879684

 -55.328487 6.357425 -47.587242

 -62.535480 6.934394 -47.294800

 -70.034912 7.167374 -47.294800

 -76.990036 7.167374 -47.294800

 63.866325 7.167374 -39.795364

 57.455509 7.092343 -39.795364

 49.956081 6.410670 -39.795364

 42.456650 6.585293 -39.795364

 34.957211 4.799246 -39.795364

 27.457775 3.963984 -39.795364

 19.958338 3.963984 -39.795364

 12.458899 4.566266 -39.795364

 4.959464 5.458300 -39.795364

 -2.539973 1.984772 -39.795364

 -10.039412 1.460540 -39.795364

 -17.538849 3.638384 -39.795364

 -25.038288 6.911486 -39.795364

 -32.537724 6.934394 -39.795364

 -39.452278 6.013442 -39.795364

 -55.620930 6.013442 -39.795364

 -62.535480 6.934394 -39.795364

 -70.034912 6.934394 -39.795364

 -76.990036 7.167374 -39.795364

 64.410645 7.166947 -32.295929

 57.455509 6.939984 -32.295929

 49.956081 6.115532 -32.295929

 42.456650 6.964785 -32.295929

 34.957211 3.495091 -32.295914

 27.457775 2.445949 -32.295914

 19.958338 2.678929 -32.295914

 12.458899 3.495091 -32.295914

 4.959464 4.658047 -32.295914

 -2.539973 3.927555 -32.295914

 -10.039412 5.568447 -32.295914

 -17.538849 6.905960 -32.295914

 -25.038288 7.077594 -32.295914

 -32.537724 7.167374 -32.295914

 -39.744720 6.357425 -32.003471

 -47.536606 6.013442 -31.711029

 -55.328487 6.357425 -32.003471

 -62.535480 7.167374 -32.295914

 -70.034912 7.167374 -32.295914

 -77.534348 6.934394 -32.295914

 -84.217316 6.934394 -31.479446

 71.093613 7.167374 -23.980011

 64.954964 7.163218 -24.796478

 57.455509 6.815926 -24.796478

 49.956081 5.518947 -24.796478

 42.456650 4.196961 -24.796478

 34.957211 2.445949 -24.796478

 27.457775 1.716511 -24.796478

 19.958338 1.716511 -24.796478

 12.458899 2.678927 -24.796478

 4.959464 4.099982 -24.796476

 -2.539973 5.560497 -24.796474

 -10.039412 6.671926 -24.796474

 -17.538849 7.163218 -24.796471

 -24.493973 6.934394 -24.796471

 -40.581482 6.934394 -24.796471

 -47.536606 6.934394 -24.796471

 -55.036045 7.167374 -24.796471

 -62.535480 7.167374 -24.796471

 -70.034912 7.167374 -24.796471

 -77.534348 7.167374 -24.796463

 -85.033798 7.167374 -24.796463

 -91.172440 7.167374 -23.979996

 71.365768 7.167374 -17.297043

 64.954964 6.930238 -17.297043

 57.455509 6.582946 -17.297035

 49.956081 5.518947 -17.297035

 42.456650 4.196961 -17.297035

 34.957211 2.678927 -17.297035

 27.457775 1.716511 -17.297035

 19.958338 1.483531 -17.297035

 12.458899 2.445947 -17.297035

 4.959463 4.196961 -17.297035

 -2.539972 5.751927 -17.297035

 -10.039412 6.582946 -17.297035

 -17.538849 7.163218 -17.297035

 -24.493973 7.167374 -17.297035

 -40.581482 6.934394 -17.297028

 -47.536606 6.934394 -17.297028

 -55.036045 6.934394 -17.297028

 -62.535480 7.167374 -17.297028

 -70.034912 7.167374 -17.297028

 -77.534348 7.167374 -17.297028

 -85.033798 6.934394 -17.297028

 -91.988907 7.167374 -17.297028

 71.365768 6.934394 -9.797600

 64.954964 7.166947 -9.797600

 57.455509 6.707004 -9.797600

 49.956081 6.115532 -9.797600

 42.456650 4.799241 -9.797600

 34.957211 3.262109 -9.797600

 27.457775 2.678927 -9.797600

 19.958338 2.678927 -9.797600

 12.458899 3.495087 -9.797600

 4.959463 4.799241 -9.797592

 -2.400530 5.847486 -9.797592

 -10.039412 6.939984 -9.797592

 -17.538849 9.332485 -9.797592

 -25.038288 7.167374 -9.797592

 -32.537724 6.934394 -9.797592

 -40.037167 7.167374 -9.797592

 -47.536606 6.934394 -9.797592

 -55.036045 6.934394 -9.797592

 -62.535480 7.167374 -9.797592

 -70.034912 7.167374 -9.797592

 -77.534348 7.167374 -9.797592

 -85.033798 6.997554 -9.797592

 -92.533234 7.125268 -9.797592

 -99.216202 6.934394 -8.981117

 71.910080 7.167374 -2.298164

 64.954964 7.167374 -2.298164

 57.455509 6.859359 -2.298164

 49.956081 8.576204 -2.298164

 42.456650 5.518424 -2.298164

 34.957211 4.566266 -2.298157

 27.457775 4.196961 -2.298157

 19.958338 4.196961 -2.298157

 12.458899 4.566266 -2.298157

 5.721031 5.848692 -2.298157

 -2.400530 5.848695 -2.298157

 -10.522097 5.848696 -2.298157

 -17.538849 6.928962 -2.298157

 -25.038288 6.924651 -2.298157

 -32.537724 7.161942 -2.298157

 -40.037167 7.166811 -2.298157

 -47.536606 6.934394 -2.298157

 -55.036045 6.934394 -2.298149

 -62.535480 6.934394 -2.298149

 -70.034912 4.544261 -2.298150

 -77.534348 4.471506 -2.298149

 -85.033798 4.492558 -2.298149

 -92.533234 6.882692 -2.298149

 -100.032669 6.934394 -2.298149

 -106.171326 6.934394 -1.481674

 79.137344 6.934394 6.017742

 72.454391 7.167374 5.201271

 64.954964 6.934394 5.201275

 57.455509 7.163647 5.201275

 49.956081 7.036252 5.201275

 42.456650 6.410666 5.201275

 34.957211 5.882552 5.201275

 27.457775 5.518947 5.201279

 19.958338 5.751927 5.201279

 5.721031 5.848694 5.201279

 -2.400530 5.848696 5.201279

 -10.522097 5.848696 5.201279

 -17.538849 6.474872 5.201279

 -25.038288 6.423497 5.201279

 -32.537724 6.707852 5.201279

 -40.037167 6.637088 5.201283

 -47.536606 6.836287 5.201283

 -55.036045 6.929523 5.201283

 -62.535480 9.099932 5.201283

 -70.034912 4.301684 5.201283

 -77.534348 4.059109 5.201283

 -85.033798 4.207877 5.201283

 -92.533234 4.586367 5.201286

 -100.032669 6.934394 5.201286

 -106.443481 6.934394 5.201286

 86.636795 7.167374 13.517178

 79.953827 6.934394 12.700706

 72.454391 7.167374 12.700706

 64.954964 6.934394 12.700706

 57.455509 7.167374 12.700706

 49.956081 6.930667 12.700706

 42.456650 6.859359 12.700706

 34.957211 6.707004 12.700710

 27.457775 6.815926 12.700710

 19.958338 6.582946 12.700710

 12.458899 6.935116 12.700710

 4.959463 6.920903 12.700710

 -2.539972 6.245894 12.700710

 -10.039412 5.792096 12.700710

 -17.538849 5.083694 12.700710

 -25.038288 4.947148 12.700710

 -32.537724 5.083694 12.700710

 -40.037167 5.792092 12.700714

 -55.036045 6.762954 12.700714

 -62.535480 7.162503 12.700714

 -70.034912 4.492558 12.700714

 -77.534348 4.207877 12.700714

 -85.033798 4.165771 12.700714

 -92.533234 4.492558 12.700715

 -100.032669 7.167374 12.700718

 -106.443481 7.167374 12.700718

 146.087982 7.167374 21.560928

 139.949326 7.167374 21.288769

 132.449890 7.167374 21.288769

 125.766922 7.167374 21.560928

 101.635681 7.167374 21.560928

 94.952713 6.934394 20.744457

 87.453278 6.934394 20.200142

 79.953827 7.167374 20.200142

 72.454391 6.934394 20.200142

 64.954964 6.934394 20.200142

 57.455509 6.934394 20.200142

 42.456650 7.159743 20.200142

 34.957211 6.926335 20.200142

 27.457775 7.162432 20.200142

 19.958338 7.163218 20.200142

 12.458899 7.068841 20.200142

 4.959463 6.249621 20.200142

 -2.539972 5.083013 20.200142

 -10.039412 3.838061 20.200142

 -17.538849 3.050580 20.200142

 -25.038288 3.062977 20.200142

 -32.537724 3.050580 20.200142

 -40.037167 4.071042 20.200142

 -47.536606 5.315991 20.200142

 -55.036045 6.249621 20.200142

 -62.535480 6.836287 20.200142

 -70.034912 4.586367 20.200142

 -77.534348 4.080162 20.200142

 -85.033798 4.322738 20.200142

 -92.533234 6.640117 20.200144

 -100.032669 6.934394 20.200150

 -106.987778 7.167374 20.200150

 146.360138 6.934394 27.699581

 139.949326 6.934394 27.699581

 132.449890 7.167374 27.699581

 124.950470 6.934394 27.699581

 117.451019 6.934394 28.243893

 109.951584 6.934394 28.243893

 102.452164 6.934394 27.699581

 94.952713 7.167374 27.699581

 87.453278 6.934394 27.699581

 79.953827 6.934394 27.699581

 72.454391 6.934394 27.699581

 64.954964 6.927547 27.699581

 57.455509 6.796536 27.699581

 49.956081 6.516623 27.699581

 42.456650 6.288684 27.699581

 34.957211 6.521664 27.699581

 27.457775 6.749604 27.699581

 19.958338 7.028958 27.699581

 12.458899 6.863225 27.699581

 4.959463 5.792096 27.699581

 -2.539972 4.071042 27.699581

 -10.039412 2.132880 27.699581

 -17.538849 -0.173904 27.699581

 -25.038288 0.997519 27.699581

 -32.537724 1.065749 27.699581

 -40.037167 0.893227 27.699581

 -47.536606 3.838061 27.699581

 -55.036045 5.792096 27.699581

 -62.535480 6.870068 27.699581

 -70.034912 6.861077 27.699581

 -77.534348 4.080162 27.699581

 -85.033798 6.449243 27.699581

 -92.533234 6.934394 27.699581

 -100.032669 6.934394 27.699585

 -107.532104 6.934394 27.699585

 -113.670761 7.167374 28.516052

 146.087982 6.934394 33.838230

 139.949326 7.167374 34.654705

 132.449890 6.934394 35.199017

 124.950470 7.167374 35.199017

 117.451019 7.167374 35.199017

 109.951584 6.934394 35.199017

 102.452164 7.167374 35.199017

 94.952713 6.934394 35.199017

 87.453278 6.934394 35.199017

 79.953827 6.934394 35.199017

 72.454391 7.160527 35.199017

 64.954964 6.926468 35.199017

 57.455509 5.972159 35.199017

 49.956081 5.234848 35.199017

 42.456650 4.566802 35.199017

 34.957211 4.566802 35.199017

 27.457775 5.001868 35.199017

 19.958338 5.966815 35.199017

 12.458899 6.234057 35.199017

 4.959463 5.309832 35.199017

 -2.539972 3.283560 35.199017

 -10.039412 1.298730 35.199017

 -17.538849 0.040370 35.199017

 -25.038288 -0.323752 35.199017

 -32.537724 -0.192611 35.199017

 -40.037167 1.065749 35.199017

 -47.536606 3.283560 35.199017

 -55.036045 5.316678 35.199017

 -62.535480 6.707852 35.199017

 -70.034912 6.880101 35.199020

 -77.534348 6.712872 35.199020

 -85.033798 6.712872 35.199020

 -92.533234 7.167374 35.199017

 -100.032669 6.934394 35.199017

 -107.532104 7.167374 35.199017

 -113.942902 7.167374 35.199017

 131.633423 7.167374 41.337669

 124.950470 6.934394 42.154148

 117.451019 7.167374 42.698460

 109.931046 7.077321 42.737225

 102.421890 6.964755 42.543518

 94.949219 6.942240 42.311047

 87.481689 6.942240 42.311047

 80.006516 6.718154 42.543518

 72.484894 6.692866 42.737225

 64.954964 6.205140 42.698460

 57.455509 4.332858 42.698460

 49.956081 2.583474 42.698460

 42.456650 1.476918 42.698460

 34.957211 1.709899 42.698460

 27.457775 1.343825 42.698460

 19.958338 4.323768 42.698460

 12.458899 5.695115 42.698460

 4.959463 5.042489 42.698460

 -2.539972 2.829997 42.698460

 -10.039412 0.764539 42.698460

 -17.538849 -0.556732 42.698460

 -25.038288 -0.711777 42.698460

 -32.537724 -0.323752 42.698460

 -40.037167 0.997519 42.698460

 -47.536606 2.829997 42.698460

 -55.036045 4.947150 42.698460

 -62.535480 6.656477 42.698460

 -70.034912 6.924651 42.698460

 -77.534348 6.934394 42.698460

 -85.033798 7.167374 42.698460

 -92.533234 6.934394 42.698460

 -100.032669 7.167374 42.698460

 -107.532104 6.934394 42.698460

 -113.670761 6.934394 41.881985

 116.906708 6.934394 50.197895

 110.147537 6.964755 50.269176

 72.280869 6.495852 50.269176

 64.954964 5.001868 50.197895

 57.455509 2.583474 50.197895

 49.956081 0.187380 50.197895

 42.456650 -1.079152 50.197895

 34.957211 -1.079152 50.197895

 27.457775 0.187382 50.197895

 19.958338 4.744518 50.197895

 12.458899 4.544421 50.197895

 4.959463 4.900042 50.197895

 -2.539972 3.049792 50.197895

 -10.039412 1.065749 50.197895

 -17.538849 -0.192611 50.197895

 -25.038288 -0.556732 50.197895

 -32.537724 -0.192611 50.197895

 -40.037167 0.059076 50.197895

 -47.536606 3.283560 50.197895

 -55.036045 5.316678 50.197895

 -62.535480 6.474872 50.197895

 -70.034912 6.928962 50.197895

 -77.534348 7.167374 50.197895

 -85.033798 7.167374 50.197895

 -92.533234 7.167374 50.197895

 -100.032669 7.167374 50.197895

 -106.715622 7.167374 49.381428

 116.362381 6.934394 57.697330

 110.384583 6.709260 57.746399

 72.046318 6.216046 57.746399

 64.954964 4.566800 57.697330

 57.455509 3.875437 57.697330

 49.956081 -1.312137 57.697330

 42.456650 -4.320013 57.697330

 34.957211 -2.847379 57.697330

 27.457775 -1.312133 57.697330

 19.958338 1.476729 57.697330

 12.458899 4.038722 57.697330

 4.959463 5.148224 57.697330

 -10.039412 2.365860 57.697330

 -17.538849 1.065749 57.697330

 -25.038288 0.997519 57.697330

 -32.537724 1.065749 57.697330

 -40.037167 2.365860 57.697330

 -47.536606 4.071042 57.697330

 -55.036045 5.792096 57.697330

 -62.535480 6.870068 57.697330

 -70.034912 7.166811 57.697330

 -77.534348 7.167374 57.697330

 -85.033798 7.167374 57.697330

 -92.533234 6.934394 57.153015

 -99.216202 7.167374 56.336544

 116.305588 7.079700 65.178154

 110.367203 6.581683 64.891739

 72.046318 6.216046 65.213936

 64.954964 4.333819 65.196770

 57.455509 1.476918 65.196770

 49.956081 -1.079156 65.196770

 42.456650 -2.847379 65.196770

 34.957211 -2.847379 65.196770

 27.457775 -1.079152 65.196770

 19.958338 1.476918 65.196770

 12.458899 4.469746 65.196770

 4.959463 5.604962 65.196770

 -2.539972 5.308360 65.196770

 -10.039412 3.838061 65.196770

 -17.538849 3.283560 65.196770

 -25.038288 2.829997 65.196770

 -32.537724 3.050580 65.196770

 -40.037167 3.838061 65.196770

 -47.536606 5.315991 65.196770

 -55.036045 6.482600 65.196770

 -62.535480 7.069268 65.196770

 -70.034912 6.934394 65.196770

 -77.534348 7.167374 64.652443

 -84.217316 6.934394 63.835979

 168.586288 7.167374 74.056992

 162.447647 6.934394 73.784828

 154.948212 7.167374 73.784828

 148.265244 6.934394 74.056992

 117.050430 6.967134 72.662254

 72.046318 6.468947 72.681473

 64.954964 5.234848 72.696198

 57.455509 2.583474 72.696198

 49.956081 0.187377 72.696198

 42.456650 -1.079154 72.696198

 34.957211 -1.079154 72.696198

 27.457775 0.187380 72.696198

 19.958338 2.583163 72.696198

 12.458899 5.225829 72.696198

 4.959463 6.340888 72.696198

 -2.539972 6.248374 72.696198

 -10.039412 5.792092 72.696198

 -17.538849 5.083694 72.696198

 -25.038288 4.947148 72.696198

 -32.537724 5.083694 72.696198

 -40.037167 5.792092 72.696198

 -47.536606 6.457127 72.151886

 -55.036045 6.970463 71.607574

 -62.535480 7.162503 71.607574

 -69.218445 6.934394 71.335419

 168.858444 7.167374 80.195641

 162.447647 6.934394 80.195641

 154.948212 7.167374 80.195641

 147.448776 6.934394 80.195641

 139.949326 7.167374 80.739952

 132.449890 6.934394 81.284271

 124.950470 6.934394 80.739952

 117.852112 6.942240 80.149002

 72.280869 6.529078 80.155266

 64.954964 6.204262 80.195641

 57.455509 4.332856 80.195641

 49.956081 2.583474 80.195641

 42.456650 1.709899 80.195641

 34.957211 1.473975 80.195641

 27.457775 2.506238 80.195641

 19.958338 4.324830 80.195641

 12.458899 5.596005 80.195641

 4.959463 6.414887 80.195641

 -2.539972 6.825480 80.195641

 -10.039412 6.556643 80.195641

 -17.538849 6.470880 80.195641

 -25.038288 6.423497 80.195641

 -32.537724 6.707852 80.195641

 -39.492851 6.870068 80.195641

 168.586288 7.167374 86.334290

 162.447647 6.934394 87.150764

 154.948212 7.167374 87.695084

 147.448776 7.167374 87.695084

 139.949326 6.934394 87.695084

 132.449890 6.934394 87.695084

 124.950470 6.934394 87.695084

 117.618271 6.964755 87.625992

 79.708755 5.761254 87.913429

 72.484894 6.078191 87.670052

 64.954964 6.227006 87.695084

 57.455509 6.051255 87.695084

 49.956081 5.227253 87.695084

 42.456650 4.562973 87.695084

 34.957211 4.195127 87.695084

 27.457775 4.677458 87.695084

 19.958338 5.080300 87.695084

 12.458899 5.176414 87.695084

 4.959463 5.409999 87.695084

 -2.539972 6.039658 87.695084

 -10.039412 6.605309 87.695084

 -17.538849 7.021365 87.695084

 -25.038288 7.153636 87.695084

 -32.537724 6.928962 87.695084

 -38.676380 6.933831 86.878609

 154.131729 7.167374 93.833740

 147.448776 7.167374 94.650208

 139.949326 7.167374 95.194527

 132.449890 6.934394 95.194527

 124.950470 6.934394 95.194527

 117.417725 7.077321 95.156723

 109.892609 6.955136 95.351654

 102.416748 6.389653 95.584373

 94.949219 5.515765 95.584373

 87.477249 4.708828 95.351654

 79.971573 3.912898 95.156723

 72.454391 4.030593 95.194527

 64.954964 5.002671 95.194527

 57.455509 5.955132 95.194527

 49.956081 6.247674 95.194527

 42.456650 6.433741 95.194527

 34.957211 5.728011 95.194527

 27.457775 4.999415 95.194527

 19.958338 4.490796 95.194527

 12.458899 3.742862 95.194527

 4.959463 3.982687 95.194527

 -2.539972 4.628415 95.194527

 -17.538849 6.372886 95.194527

 -25.038288 6.853950 95.194527

 -31.993412 7.167374 95.194527

 139.132843 7.167374 101.877480

 132.449890 7.167374 102.693954

 124.950470 7.167374 102.693954

 117.451019 6.934394 102.693954

 109.951584 7.013447 102.693954

 102.452164 5.859965 102.693954

 94.952713 4.029521 102.693954

 87.453278 2.309140 102.693954

 79.953827 0.840579 102.693954

 72.454391 0.840577 102.693954

 64.954964 2.309140 102.693954

 57.455509 4.262501 102.693954

 49.956081 5.858729 102.693954

 42.456650 6.762032 102.693954

 34.957211 6.032025 102.693954

 27.457775 4.627629 102.693954

 19.958338 3.230183 102.693954

 12.458899 2.355149 102.693954

 4.959463 2.355149 102.693954

 -2.539972 3.230183 102.693954

 -10.039412 4.395438 102.693954

 -17.538849 6.039658 102.693954

 -25.038288 6.690608 102.693954

 -31.176945 7.166916 101.877480

 131.633423 7.167374 109.376923

 124.950470 7.167374 110.193382

 117.451019 7.166495 110.193382

 109.951584 6.467914 110.193382

 102.452164 4.776542 110.193382

 94.952713 2.076163 110.193382

 87.453278 -0.599320 110.193382

 79.953827 -2.040699 110.193382

 72.454391 -2.273679 110.193382

 64.954964 -0.599320 110.193382

 57.455509 2.076159 110.193382

 49.956081 4.772229 110.193382

 42.456650 6.324234 110.193382

 34.957211 5.648945 110.193382

 27.457775 3.982689 110.193382

 19.958338 2.355149 110.193382

 12.458899 1.090329 110.193382

 4.959463 1.323310 110.193382

 -2.539972 2.122169 110.193382

 -10.039412 3.982689 110.193382

 -17.538849 5.416841 110.193382

 -24.493973 6.761260 110.193382

 124.950470 6.934394 117.692833

 117.451019 6.925872 117.692833

 109.951584 6.213393 117.692833

 102.452164 4.030595 117.692833

 94.952713 1.073559 117.692833

 87.453278 -2.040699 117.692833

 79.953827 -4.015101 117.692833

 72.454391 -4.248081 117.692833

 64.954964 -2.273681 117.692833

 57.455509 0.840577 117.692833

 42.456650 6.069775 117.692833

 34.957211 5.408320 117.692833

 27.457775 3.749709 117.692833

 19.958338 2.355149 117.692833

 12.458899 1.323310 117.692833

 4.959463 1.323310 117.692833

 -10.039412 3.749709 117.692833

 -17.538849 5.649821 117.692833

 -24.493973 6.761260 117.692833

 139.132858 6.934394 126.553062

 132.449890 7.167374 125.736588

 124.950470 6.934394 125.192276

 117.451019 7.158852 125.192276

 109.951584 6.446373 125.192276

 102.452164 4.030597 125.192276

 94.952713 0.840581 125.192276

 87.453278 -2.273679 125.192276

 79.953827 -4.015099 125.192276

 72.454391 -4.015101 125.192276

 64.954964 -2.040699 125.192276

 57.455509 0.840579 125.192276

 49.956081 4.263182 125.192276

 42.456650 5.969674 125.192276

 34.957211 6.031140 125.192276

 27.457775 4.395438 125.192276

 19.958338 2.997207 125.192276

 12.458899 2.122169 125.192276

 4.959463 2.122169 125.192276

 -2.539972 3.230187 125.192276

 -10.039412 4.628418 125.192276

 -17.538849 5.806678 125.192276

 -25.038288 6.923588 125.192276

 -31.721256 6.933936 126.008736

 146.087982 7.167374 133.508194

 139.949326 6.934394 132.691711

 132.449890 6.934394 132.691711

 124.950470 6.934394 132.691711

 117.451019 6.933515 132.691711

 109.951584 6.467914 132.691711

 102.452164 4.776542 132.691711

 94.952713 2.309145 132.691711

 87.453278 -0.366336 132.691711

 79.953827 -2.273678 132.691711

 72.454391 -2.040699 132.691711

 64.954964 -0.366340 132.691711

 57.455509 2.309140 132.691711

 49.956081 5.009518 132.691711

 42.456650 6.387467 132.691711

 34.957211 6.604992 132.691711

 27.457775 5.649262 132.691711

 19.958338 4.628418 132.691711

 12.458899 3.749709 132.691711

 4.959463 3.749709 132.691711

 -2.539972 4.395438 132.691711

 -10.039412 5.649262 132.691711

 -17.538849 6.372890 132.691711

 -25.038288 6.853950 132.691711

 -32.537724 7.167374 132.691711

 -40.037167 6.934394 133.236023

 -46.720131 7.167374 134.052505

 146.360138 7.167374 140.191147

 139.949326 7.167374 140.191147

 132.449890 6.934394 140.191147

 124.950470 6.934394 140.191147

 117.451019 7.167374 140.191147

 109.951584 6.780467 140.191147

 102.452164 5.859965 140.191147

 94.952713 4.262501 140.191147

 87.453278 2.076159 140.191147

 79.953827 1.073559 140.191147

 72.454391 0.840577 140.191147

 64.954964 2.309140 140.191147

 57.455509 4.029521 140.191147

 49.956081 5.859963 140.191147

 34.957211 6.793815 140.191147

 27.457775 6.605866 140.191147

 19.958338 5.806678 140.191147

 12.458899 5.416842 140.191147

 4.959463 5.649823 140.191147

 -2.539972 5.806678 140.191147

 -10.039412 6.605870 140.191147

 -17.538849 7.026795 140.191147

 -25.038288 6.930398 140.191147

 -32.537724 6.934394 140.191147

 -40.037167 7.167374 140.191147

 -47.536606 6.934394 140.191147

 -54.219570 6.934394 141.007614

 146.360138 6.934394 147.690582

 139.949326 7.167374 147.690582

 132.449890 7.167374 147.690582

 124.950470 7.167374 147.690582

 117.451019 6.934394 147.690582

 109.951584 7.159733 147.690582

 102.452164 6.898383 147.690582

 94.952713 5.859965 147.690582

 87.453278 4.776538 147.690582

 79.953827 4.030593 147.690582

 72.454391 4.263573 147.690582

 64.954964 5.009518 147.690582

 57.455509 6.092944 147.690582

 49.956081 6.665402 147.690582

 42.456650 7.159729 147.690582

 34.957211 7.163378 147.690582

 27.457775 7.086930 147.690582

 19.958338 6.923588 147.690582

 12.458899 6.790574 147.690582

 4.959463 6.557593 147.690582

 -2.539972 6.923588 147.690582

 -10.039412 7.086930 147.690582

 -17.538849 7.163378 147.690582

 -25.038288 7.167374 147.690582

 -32.537724 6.934394 147.690582

 -40.037167 6.934394 147.690582

 -47.536606 6.934394 147.690582

 -55.036045 6.934394 147.690582

 -62.535480 6.934394 148.234894

 -70.034912 6.934394 148.779221

 -77.534348 6.934394 148.779221

 -85.033798 6.934394 148.779221

 -91.716751 6.934394 149.051376

 146.087982 7.167374 153.829239

 139.949326 7.167374 154.645706

 132.449890 6.934394 155.190033

 124.950470 6.934394 155.190033

 117.451019 6.934394 155.190033

 109.951584 6.934394 155.190033

 102.452164 7.159729 155.190033

 94.952713 7.013443 155.190033

 87.453278 6.467910 155.190033

 79.953827 6.213393 155.190033

 72.454391 6.213393 155.190033

 64.954964 6.700890 155.190033

 49.956081 7.159729 155.190033

 42.456650 6.934394 155.190033

 34.957211 6.934394 155.190033

 27.457775 6.934394 155.190033

 19.958338 7.166916 155.190033

 12.458899 6.929940 155.190033

 4.959463 6.929940 155.190033

 -2.539972 7.166916 155.190033

 -10.039412 7.167374 155.190033

 -17.538849 6.934394 155.190033

 -25.038288 6.934394 155.190033

 -32.537724 7.167374 155.190033

 -40.037167 7.167374 155.190033

 -47.536606 6.934394 155.190033

 -55.036045 7.167374 155.190033

 -62.535480 7.167374 155.190033

 -70.034912 7.167374 155.190033

 -77.534348 6.934394 155.190033

 -85.033798 6.934394 155.190033

 -92.533234 6.934394 155.190033

 -100.032669 6.934394 155.734360

 -107.532104 6.934394 156.278671

 -115.031540 7.167374 156.278671

 -121.714508 6.934394 156.550812

 131.633423 7.167374 161.873001

 124.950470 6.934394 162.689468

 117.451019 6.934394 162.689468

 109.951584 6.934394 162.689468

 102.452164 6.934394 162.689468

 94.952713 7.167374 162.689468

 87.453278 7.166495 162.689468

 79.953827 7.158852 162.689468

 72.454391 6.925872 162.689468

 64.954964 7.166495 162.689468

 57.455509 7.167374 162.689468

 49.956081 6.934394 162.689468

 42.456650 7.167374 162.689468

 34.957211 6.934394 162.689468

 27.457775 6.934394 162.689468

 19.958338 6.934394 162.689468

 12.458899 6.934394 162.689468

 4.959463 6.934394 162.689468

 -2.539972 6.934394 162.689468

 -10.039412 7.167374 162.689468

 -17.538849 7.167374 162.689468

 -25.038288 6.934394 162.689468

 -32.537724 6.934394 162.689468

 -40.037167 6.934394 162.689468

 -47.536606 7.167374 162.689468

 -55.036045 7.167374 162.689468

 -62.535480 7.167374 162.689468

 -70.034912 6.934394 162.689468

 -77.534348 7.167374 162.689468

 -85.033798 7.167374 162.689468

 -92.533234 6.934394 162.689468

 -100.032669 7.167374 162.689468

 -107.532104 6.934394 162.689468

 -115.031540 6.934394 162.689468

 -122.530975 7.167374 162.689468

 -130.030411 7.167374 163.233780

 -136.169083 7.167374 164.050247

 124.406143 7.167374 170.188889

 117.451019 6.934394 170.188889

 102.452164 6.934394 170.188889

 94.952713 6.934394 170.188889

 87.453278 7.167374 170.188889

 79.953827 6.934394 170.188889

 72.454391 7.167374 170.188889

 64.954964 7.167374 170.188889

 57.455509 7.167374 170.188889

 49.956081 6.934394 170.188889

 42.456650 6.934394 170.188889

 34.957211 6.934394 170.188889

 27.457775 7.167374 170.188889

 19.958338 7.167374 170.188889

 12.458899 7.167374 170.188889

 4.959463 6.934394 170.188889

 -2.539972 7.167374 170.188889

 -10.039412 7.167374 170.188889

 -17.538849 6.934394 170.188889

 -25.038288 6.934394 170.188889

 -32.537724 6.934394 170.188889

 -40.037167 7.167374 170.188889

 -47.536606 6.934394 170.188889

 -55.036045 7.167374 170.188889

 -62.535480 7.167374 170.188889

 -70.034912 6.934394 170.188889

 -77.534348 7.167374 170.188889

 -85.033798 6.934394 170.188889

 -92.533234 6.934394 170.188889

 -100.032669 6.934394 169.644577

 -107.532104 7.167374 169.100266

 -115.031540 7.167374 169.644577

 -122.530975 6.934394 170.188889

 -130.030411 7.167374 170.188889

 -136.441238 7.167374 170.188889

 124.406143 6.934394 177.688324

 117.451019 7.167374 177.688324

 109.951584 6.934394 177.688324

 102.452164 7.167374 177.688324

 94.952713 7.167374 177.688324

 87.453278 6.934394 177.688324

 79.953827 7.167374 177.688324

 72.454391 7.167374 177.688324

 64.954964 7.167374 177.688324

 57.455509 7.167374 177.688324

 49.956081 7.167374 177.688324

 42.456650 7.167374 177.688324

 34.957211 6.934394 177.688324

 27.457775 7.167374 177.688324

 19.958338 7.167374 177.688324

 12.458899 7.167374 177.688324

 4.959463 7.167374 177.688324

 -2.539972 7.167374 177.688324

 -10.039412 6.934394 177.688324

 -17.538849 7.167374 177.688324

 -25.038288 6.934394 177.688324

 -32.537724 6.934394 177.688324

 -40.037167 6.934394 177.688324

 -47.536606 7.167374 177.688324

 -55.036045 6.934394 177.688324

 -62.535480 6.934394 177.688324

 -70.034912 6.934394 177.688324

 -77.534348 6.934394 177.688324

 -85.033798 7.167374 177.144012

 -91.716751 6.934394 176.327545

 -123.347458 6.934394 176.327545

 -130.030411 7.167374 176.599701

 -136.169083 6.934394 176.327545

 131.633423 6.934394 186.004242

 124.950470 7.167374 185.187775

 117.451019 6.934394 185.187775

 109.951584 7.167374 185.187775

 102.452164 7.167374 185.187775

 94.952713 7.167374 185.187775

 87.453278 7.167374 185.187775

 79.953827 6.934394 184.643478

 72.454391 6.934394 184.099152

 64.954964 7.167374 184.099152

 57.455509 6.934394 184.099152

 49.956081 7.167374 184.099152

 42.456650 6.934394 184.099152

 34.957211 7.167374 184.099152

 27.457777 6.934394 184.643478

 19.958338 6.934394 185.187775

 12.458899 7.167374 185.187775

 4.959463 7.167374 185.187775

 -2.539972 7.167374 185.187775

 -10.039412 6.934394 185.187775

 -17.538849 7.167374 185.187775

 -25.038288 6.934394 185.187775

 -32.537724 6.934394 185.187775

 -40.037167 6.934394 185.187775

 -47.536606 7.167374 185.187775

 -55.036045 7.167374 185.187775

 -62.535480 7.167374 184.643478

 -70.034912 6.934394 184.099152

 -76.717880 6.934394 183.826996

 138.588547 7.167374 193.503677

 132.449890 7.167374 192.687210

 124.950470 6.934394 192.687210

 117.451019 6.934394 192.687210

 109.951584 7.167374 192.687210

 102.452164 6.934394 192.687210

 94.952713 6.934394 192.687210

 88.269745 7.167374 191.870728

 19.414026 6.934394 192.687210

 12.458899 6.934394 192.687210

 4.959463 7.167374 192.687210

 -2.539972 7.167374 192.687210

 -10.039412 6.934394 192.687210

 -17.538849 7.167374 192.687210

 -25.038288 6.934394 192.687210

 -32.537724 6.934394 192.687210

 -40.037167 6.934394 192.142883

 -47.536606 6.934394 191.598587

 -54.219570 7.167374 191.326416

 138.860703 7.167374 200.186630

 132.449890 6.934394 200.186630

 124.950470 7.167374 200.186630

 117.451019 7.167374 200.186630

 109.951584 7.167374 200.186630

 102.452164 7.167374 199.642334

 95.769180 7.167374 198.825851

 18.597555 7.167374 199.370163

 12.458899 6.934394 200.186630

 4.959463 6.934394 200.186630

 -2.539972 6.934394 200.186630

 -10.039412 7.167374 200.186630

 -17.538849 6.934394 200.186630

 -25.038288 6.934394 200.186630

 -31.721256 6.934394 199.370163

 138.860703 6.934394 207.686081

 132.449890 7.167374 207.686081

 124.950470 7.167374 207.686081

 117.451019 6.934394 207.141754

 110.768066 6.934394 206.325287

 11.642427 6.934394 206.325287

 4.959463 7.167374 206.597443

 -2.539972 6.934394 206.597443

 -10.039412 6.934394 206.597443

 -17.538849 6.934394 206.597443

 -24.221817 6.934394 206.325287

 138.588547 7.167374 213.824738

 132.449890 6.934394 214.096893

 125.766922 6.934394 213.824738

 -137.046036 8.760960 -227.765137

 -141.279587 8.760960 -228.853745

 -148.779037 8.760960 -228.853745

 -153.012589 8.760960 -227.765137

 -135.957382 8.760960 -223.531570

 -141.279587 8.760960 -223.531570

 -148.779037 8.760960 -223.531570

 -156.278473 8.760960 -223.531570

 -160.512024 8.760960 -220.265686

 -129.546570 8.760960 -212.766251

 -133.780136 8.760960 -216.032150

 -141.279587 8.760960 -216.032150

 -148.779037 8.760960 -216.032150

 -156.278473 8.760960 -216.032150

 -161.600647 8.760960 -216.032150

 -197.041519 8.760960 -212.766251

 -201.275085 8.760960 -213.854889

 -208.774506 8.760960 -213.854889

 -216.273941 8.760960 -213.854889

 -220.507477 8.760960 -212.766251

 42.940479 8.760960 -205.266800

 38.706928 8.760960 -206.355423

 31.207499 8.760960 -206.355423

 23.708054 8.760960 -206.355423

 16.208620 8.760960 -206.355423

 8.709183 8.760960 -206.355423

 1.209748 8.760960 -206.355423

 -6.289691 8.760960 -206.355423

 -13.789128 8.760960 -206.355423

 -21.288568 8.760960 -206.355423

 -25.522123 8.760960 -205.266800

 -122.047150 8.760960 -205.266800

 -126.280701 8.760960 -208.532684

 -133.780136 8.760960 -208.532684

 -141.279587 8.760960 -208.532684

 -148.779037 8.760960 -208.532684

 -156.278473 8.760960 -208.532684

 -161.600647 8.760960 -208.532684

 -195.952896 8.760960 -208.532684

 -201.275085 8.760960 -208.532684

 -208.774506 8.760960 -208.532684

 -216.273941 8.760960 -208.532684

 -221.596130 8.760960 -208.532684

 50.439911 8.760960 -197.767365

 46.206367 8.760960 -201.033249

 38.706928 8.760960 -201.033249

 31.207495 8.760960 -201.033249

 23.708054 8.760960 -201.033249

 16.208620 8.760960 -201.033249

 8.709183 8.760960 -201.033249

 1.209746 8.760960 -201.033249

 -6.289691 8.760960 -201.033249

 -13.789130 8.760960 -201.033249

 -21.288568 8.760960 -201.033249

 -28.788008 8.760960 -201.033249

 -36.287445 8.760960 -198.856003

 -43.786884 8.760960 -198.856003

 -48.020435 8.760960 -197.767365

 -120.958519 8.760960 -201.033249

 -126.280701 8.760960 -201.033249

 -133.780136 8.760960 -201.033249

 -141.279587 8.760960 -201.033249

 -148.779037 8.760960 -201.033249

 -156.278473 8.760960 -201.033249

 -161.600647 8.760960 -201.033249

 -189.542099 8.760960 -197.767365

 -193.775650 8.760960 -201.033249

 -201.275085 8.760960 -201.033249

 -208.774506 8.760960 -201.033249

 -216.273941 8.760960 -201.033249

 -221.596130 8.760960 -201.033249

 57.939339 8.760960 -190.267929

 53.705795 8.760960 -193.533813

 46.206367 8.760960 -193.533813

 38.706928 8.760960 -193.533813

 31.207495 8.760960 -193.533813

 23.708054 8.760960 -193.533813

 16.208620 8.760960 -193.533813

 8.709183 8.760960 -193.533813

 1.209746 8.760960 -193.533813

 -6.289691 8.760960 -193.533813

 -13.789130 8.760960 -193.533813

 -21.288568 8.760960 -193.533813

 -28.788008 8.760960 -193.533813

 -36.287445 8.760960 -193.533813

 -43.786884 8.760960 -193.533813

 -51.286320 8.760960 -193.533813

 -55.519878 8.760960 -190.267929

 -120.958519 8.760960 -193.533829

 -126.280701 8.760960 -193.533813

 -133.780136 8.760960 -193.533813

 -141.279587 8.760960 -193.533813

 -148.779037 8.760960 -193.533813

 -156.278473 8.760960 -193.533813

 -163.777908 8.760960 -193.533813

 -168.011459 8.760960 -190.267929

 -182.042648 8.760960 -190.267929

 -186.276199 8.760960 -193.533813

 -193.775650 8.760960 -193.533813

 -201.275085 8.760960 -193.533813

 -208.774506 8.760960 -193.533813

 -216.273941 8.760960 -193.533813

 -221.596130 8.760960 -193.533829

 59.027977 8.760960 -186.034393

 53.705795 8.760960 -186.034363

 46.206367 8.760960 -186.034363

 38.706928 8.760960 -186.034363

 31.207495 8.760960 -186.034363

 23.708054 8.760960 -188.211624

 16.208620 8.760960 -188.211624

 8.709183 8.760960 -188.211624

 1.209748 8.760960 -188.211624

 -6.289691 8.760960 -188.211624

 -13.789128 8.760960 -188.211624

 -21.288568 8.760960 -186.034363

 -28.788008 8.760960 -186.034363

 -36.287445 8.760960 -186.034363

 -43.786884 8.760960 -186.034363

 -51.286320 8.760960 -186.034363

 -56.608501 8.760960 -186.034393

 -120.958519 8.760960 -186.034393

 -126.280701 8.760960 -186.034363

 -133.780136 8.760960 -186.034363

 -141.279587 8.760960 -186.034363

 -148.779037 8.760960 -186.034363

 -156.278473 8.760960 -186.034363

 -163.777908 8.760960 -186.034363

 -171.277313 8.760960 -186.034363

 -178.776779 8.760960 -186.034363

 -186.276199 8.760960 -186.034363

 -193.775650 8.760960 -186.034363

 -201.275085 8.760960 -186.034363

 -208.774506 8.760960 -186.034363

 -216.273941 8.760960 -188.211624

 -220.507477 8.760960 -189.300262

 110.435417 8.760960 -175.269058

 106.201866 8.760960 -176.357697

 98.702431 8.760960 -176.357697

 91.202988 8.760960 -176.357697

 83.703552 8.760960 -176.357697

 79.469986 8.760960 -175.269058

 59.027977 8.760960 -178.534943

 53.705795 8.760960 -178.534943

 46.206367 8.760960 -178.534943

 38.706928 8.760960 -178.534943

 34.473373 8.760960 -181.800827

 -24.554455 8.760960 -181.800827

 -28.788008 8.760960 -180.712219

 -36.287445 8.760960 -180.712219

 -43.786884 8.760960 -180.712219

 -51.286320 8.760960 -180.712219

 -55.519878 8.760960 -181.800827

 -120.958519 8.760960 -178.534943

 -126.280701 8.760960 -178.534943

 -133.780136 8.760960 -178.534943

 -141.279587 8.760960 -178.534943

 -148.779037 8.760960 -178.534943

 -156.278473 8.760960 -178.534943

 -163.777908 8.760960 -178.534943

 -171.277313 8.760960 -178.534943

 -178.776779 8.760960 -178.534943

 -186.276199 8.760960 -178.534943

 -193.775650 8.760960 -178.534943

 -201.275085 8.760960 -178.534943

 -205.508621 8.760960 -181.800827

 207.928116 8.760960 -167.769608

 203.694550 8.760960 -168.858261

 196.195114 8.760960 -168.858261

 188.695694 8.760960 -168.858261

 181.196243 8.760960 -168.858261

 173.696808 8.760960 -168.858261

 166.197372 8.760960 -168.858261

 161.963821 8.760960 -167.769608

 125.434288 8.760960 -167.769608

 121.200729 8.760960 -168.858261

 113.701302 8.760960 -171.035507

 106.201866 8.760960 -171.035507

 98.702431 8.760960 -171.035507

 91.202988 8.760960 -171.035507

 83.703545 8.760960 -171.035507

 78.381363 8.760960 -171.035507

 59.027977 8.760960 -171.035507

 53.705795 8.760960 -171.035507

 46.206367 8.760960 -171.035507

 40.884186 8.760960 -171.035507

 -114.547707 8.760960 -167.769608

 -118.781258 8.760960 -171.035507

 -126.280701 8.760960 -171.035507

 -133.780136 8.760960 -171.035507

 -141.279587 8.760960 -171.035507

 -148.779037 8.760960 -171.035507

 -156.278473 8.760960 -171.035507

 -163.777908 8.760960 -171.035507

 -171.277313 8.760960 -171.035507

 -178.776779 8.760960 -171.035507

 -186.276199 8.760960 -171.035507

 -193.775650 8.760960 -171.035507

 -201.275085 8.760960 -171.035507

 -208.774506 8.760960 -168.858261

 -216.273941 8.760960 -168.858261

 -220.507477 8.760960 -167.769608

 209.016739 8.760960 -163.536087

 203.694550 8.760960 -163.536087

 196.195114 8.760960 -163.536087

 188.695679 8.760960 -163.536087

 181.196243 8.760960 -163.536087

 173.696808 8.760960 -163.536087

 166.197372 8.760960 -163.536087

 158.697922 8.760960 -163.536087

 151.198486 8.760960 -161.358810

 146.964935 8.760960 -160.270172

 132.933716 8.760960 -160.270172

 128.700180 8.760960 -163.536087

 121.200729 8.760960 -163.536087

 113.701302 8.760960 -163.536087

 106.201866 8.760960 -163.536087

 98.702431 8.760960 -163.536087

 91.202988 8.760960 -163.536087

 83.703545 8.760960 -163.536087

 78.381363 8.760960 -163.536087

 59.027977 8.760960 -163.536087

 53.705795 8.760960 -163.536087

 46.206367 8.760960 -163.536087

 40.884186 8.760960 -163.536087

 -113.459076 8.760960 -163.536087

 -118.781258 8.760960 -163.536087

 -126.280701 8.760960 -163.536087

 -133.780136 8.760960 -163.536087

 -141.279587 8.760960 -163.536087

 -148.779037 8.760960 -163.536087

 -156.278473 8.760960 -163.536087

 -163.777908 8.760960 -163.536087

 -171.277313 8.760960 -163.536087

 -178.776779 8.760960 -163.536087

 -186.276199 8.760960 -163.536087

 -193.775650 8.760960 -163.536087

 -201.275085 8.760960 -163.536087

 -208.774506 8.760960 -163.536087

 -216.273941 8.760960 -163.536087

 -223.773361 8.760960 -163.536087

 -228.006927 8.760960 -160.270172

 209.016739 8.760960 -156.036652

 203.694550 8.760960 -156.036621

 196.195114 8.760960 -156.036621

 188.695679 8.760960 -156.036621

 181.196243 8.760960 -156.036621

 173.696808 8.760960 -156.036621

 166.197372 8.760960 -156.036621

 158.697922 8.760960 -156.036621

 151.198486 8.760960 -156.036621

 145.876312 8.760960 -156.036652

 134.022354 8.760960 -156.036652

 128.700180 8.760960 -156.036621

 121.200729 8.760960 -156.036621

 113.701302 8.760960 -156.036621

 106.201866 8.760960 -156.036621

 98.702431 8.760960 -156.036621

 91.202988 8.760960 -156.036621

 83.703545 8.760960 -156.036621

 76.204109 8.760960 -156.036621

 71.970558 8.760960 -152.770752

 59.027977 8.760960 -156.036652

 53.705795 8.760960 -156.036621

 46.206367 8.760960 -156.036621

 40.884186 8.760960 -156.036652

 -114.547707 8.760960 -159.302521

 -118.781258 8.760960 -156.036621

 -126.280701 8.760960 -156.036621

 -133.780136 8.760960 -156.036621

 -141.279587 8.760960 -156.036621

 -148.779037 8.760960 -156.036621

 -156.278473 8.760960 -156.036621

 -163.777908 8.760960 -156.036621

 -171.277313 8.760960 -156.036621

 -178.776779 8.760960 -156.036621

 -186.276199 8.760960 -156.036621

 -193.775650 8.760960 -156.036621

 -201.275085 8.760960 -156.036621

 -208.774506 8.760960 -156.036621

 -216.273941 8.760960 -156.036621

 -223.773361 8.760960 -156.036621

 -229.095566 8.760960 -156.036652

 209.016739 8.760960 -148.537201

 203.694550 8.760960 -148.537201

 196.195114 8.760960 -148.537201

 188.695679 8.760960 -148.537201

 181.196243 8.760960 -148.537201

 173.696808 8.760960 -148.537201

 166.197372 8.760960 -148.537201

 158.697922 8.760960 -148.537201

 151.198486 8.760960 -148.537201

 145.876312 8.760960 -148.537201

 134.022354 8.760960 -148.537201

 128.700180 8.760960 -148.537201

 121.200729 8.760960 -148.537201

 113.701302 8.760960 -148.537201

 109.467751 8.760960 -151.803070

 96.525177 8.760960 -148.537201

 91.202988 8.760960 -148.537201

 83.703545 8.760960 -148.537201

 76.204109 8.760960 -148.537201

 68.704681 8.760960 -148.537201

 61.205238 8.760960 -148.537201

 53.705795 8.760960 -148.537201

 46.206367 8.760960 -148.537201

 40.884186 8.760960 -148.537201

 -62.051647 8.760960 -145.271317

 -66.285202 8.760960 -146.359955

 -73.784630 8.760960 -146.359955

 -81.284073 8.760960 -146.359955

 -85.517632 8.760960 -145.271317

 -122.047150 8.760960 -151.803070

 -126.280701 8.760960 -150.714447

 -133.780136 8.760960 -148.537201

 -141.279587 8.760960 -148.537201

 -148.779037 8.760960 -148.537201

 -156.278473 8.760960 -148.537201

 -163.777908 8.760960 -148.537201

 -171.277313 8.760960 -148.537201

 -178.776779 8.760960 -148.537201

 -186.276199 8.760960 -148.537201

 -193.775650 8.760960 -148.537201

 -201.275085 8.760960 -148.537201

 -208.774506 8.760960 -148.537201

 -216.273941 8.760960 -148.537201

 -223.773361 8.760960 -148.537201

 -229.095566 8.760960 -148.537201

 207.928116 8.760960 -144.303650

 203.694550 8.760960 -141.037766

 196.195114 8.760960 -141.037766

 188.695679 8.760960 -141.037766

 183.373505 8.760960 -141.037766

 171.519547 8.760960 -141.037766

 166.197372 8.760960 -141.037766

 158.697922 8.760960 -141.037766

 151.198486 8.760960 -141.037766

 145.876312 8.760960 -141.037766

 134.022354 8.760960 -141.037766

 128.700180 8.760960 -141.037766

 121.200729 8.760960 -141.037766

 115.878555 8.760960 -141.037766

 95.436539 8.760960 -144.303650

 91.202988 8.760960 -141.037766

 83.703545 8.760960 -141.037766

 76.204109 8.760960 -141.037766

 68.704681 8.760960 -141.037766

 61.205238 8.760960 -141.037766

 53.705795 8.760960 -141.037766

 46.206367 8.760960 -141.037766

 40.884186 8.760960 -141.037766

 -54.552212 8.760960 -137.771881

 -58.785763 8.760960 -141.037766

 -66.285202 8.760960 -141.037766

 -73.784630 8.760960 -141.037766

 -81.284073 8.760960 -141.037766

 -88.783516 8.760960 -141.037766

 -93.017067 8.760960 -137.771881

 -137.046036 8.760960 -144.303650

 -141.279587 8.760960 -141.037766

 -148.779037 8.760960 -141.037766

 -156.278473 8.760960 -141.037766

 -163.777908 8.760960 -141.037766

 -171.277313 8.760960 -141.037766

 -178.776779 8.760960 -141.037766

 -186.276199 8.760960 -141.037766

 -193.775650 8.760960 -141.037766

 -201.275085 8.760960 -141.037766

 -208.774506 8.760960 -141.037766

 -216.273941 8.760960 -141.037766

 -223.773361 8.760960 -141.037766

 -229.095566 8.760960 -141.037766

 201.517303 8.760960 -133.538330

 196.195114 8.760960 -133.538330

 188.695679 8.760960 -133.538330

 181.196243 8.760960 -133.538330

 173.696808 8.760960 -133.538330

 166.197372 8.760960 -133.538330

 158.697922 8.760960 -133.538330

 151.198486 8.760960 -133.538330

 143.699066 8.760960 -133.538330

 136.199615 8.760960 -133.538330

 128.700180 8.760960 -133.538330

 121.200729 8.760960 -133.538330

 115.878555 8.760960 -133.538330

 87.937103 8.760960 -136.804214

 83.703552 8.760960 -135.715591

 76.204109 8.760960 -133.538330

 68.704681 8.760960 -133.538330

 61.205238 8.760960 -133.538330

 53.705795 8.760960 -133.538330

 46.206367 8.760960 -133.538330

 41.972813 8.760960 -136.804214

 -53.463581 8.760960 -133.538330

 -58.785763 4.758134 -133.538330

 -66.285202 8.760960 -133.538330

 -73.784630 6.347920 -133.538330

 -81.284073 6.347920 -133.538330

 -88.783516 6.347920 -133.538330

 -94.105690 8.760960 -133.538330

 -144.545471 8.760960 -136.804214

 -148.779037 8.760960 -135.715591

 -156.278473 8.760960 -133.538330

 -163.777908 8.760960 -133.538330

 -171.277313 8.760960 -133.538330

 -178.776779 8.760960 -133.538330

 -186.276199 8.760960 -133.538330

 -193.775650 8.760960 -133.538330

 -201.275085 8.760960 -133.538330

 -208.774506 8.760960 -133.538330

 -216.273941 8.760960 -133.538330

 -223.773361 8.760960 -133.538330

 -228.006927 8.760960 -136.804214

 200.428680 8.760960 -129.304779

 196.195114 8.760960 -126.038887

 188.695679 8.760960 -126.038887

 181.196243 8.760960 -126.038887

 173.696808 8.760960 -126.038887

 166.197372 8.760960 -126.038887

 158.697922 8.760960 -126.038887

 151.198486 8.760960 -126.038887

 143.699066 8.760960 -126.038887

 136.199615 8.760960 -126.038887

 128.700180 8.760960 -126.038887

 121.200729 8.760960 -126.038887

 115.878555 8.760960 -126.038887

 72.938225 8.760960 -129.304779

 68.704681 8.760960 -128.216156

 61.205238 8.760960 -128.216156

 53.705807 8.760960 -128.216156

 49.472244 8.760960 -129.304779

 -53.463581 8.760960 -126.038887

 -58.785763 8.760960 -126.038887

 -66.285202 8.760960 -126.038887

 -73.784630 6.347920 -126.038887

 -81.284073 3.352080 -126.038887

 -88.783516 6.347920 -126.038887

 -94.105690 8.760960 -126.038887

 -159.544357 8.760960 -129.304779

 -163.777908 8.760960 -126.038887

 -171.277313 8.760960 -126.038887

 -178.776779 8.760960 -126.038887

 -186.276199 8.760960 -126.038887

 -193.775650 8.760960 -126.038887

 -201.275085 8.760960 -126.038887

 -208.774506 8.760960 -126.038887

 -216.273941 8.760960 -126.038887

 -221.596130 8.760960 -126.038887

 194.017853 8.760960 -118.539452

 188.695679 8.760960 -118.539452

 181.196243 8.760960 -118.539452

 173.696808 8.760960 -118.539452

 166.197372 8.760960 -118.539452

 158.697922 8.760960 -120.716721

 151.198486 8.760960 -118.539452

 143.699066 8.760960 -118.539452

 136.199615 8.760960 -118.539452

 128.700180 8.760960 -118.539452

 121.200729 8.760960 -118.539452

 115.878555 8.760960 -118.539452

 -54.552212 8.760960 -121.805336

 -58.785763 8.760960 -120.716721

 -66.285202 8.760960 -120.716721

 -73.784630 6.347920 -118.539452

 -81.284073 6.347920 -118.539452

 -88.783516 6.347920 -118.539452

 -94.105690 8.760960 -118.539452

 -167.043793 8.760960 -121.805336

 -168.011459 8.760960 -121.805336

 -182.042648 8.760960 -121.805336

 -186.276199 8.760960 -118.539452

 -193.775650 8.760960 -118.539452

 -201.275085 8.760960 -118.539452

 -208.774506 8.760960 -118.539452

 -216.273941 8.760960 -118.539452

 -220.507477 8.760960 -121.805336

 192.929245 8.760960 -114.305901

 188.695679 8.760960 -111.040024

 181.196243 8.760960 -111.040024

 173.696808 8.760960 -111.040024

 168.374619 8.760960 -111.040024

 147.932587 8.760960 -114.305901

 143.699066 8.760960 -113.217293

 136.199615 8.760960 -113.217293

 128.700180 8.760960 -113.217293

 121.200729 8.760960 -113.217293

 116.967178 8.760960 -114.305901

 -75.961891 8.760960 -111.040024

 -81.284073 8.760960 -111.040024

 -88.783516 8.760960 -111.040024

 -94.105690 8.760960 -111.040024

 -174.543213 8.760960 -107.774132

 -178.776779 8.760960 -108.862770

 -186.276199 8.760960 -111.040024

 -193.775650 8.760960 -111.040024

 -201.275085 8.760960 -111.040024

 -208.774506 8.760960 -111.040024

 -214.096710 8.760960 -111.040024

 186.518417 8.760960 -103.540581

 181.196243 8.760960 -103.540581

 173.696808 8.760960 -103.540581

 168.374619 8.760960 -103.540581

 -77.050522 8.760960 -106.806473

 -81.284073 8.760960 -105.717827

 -88.783516 8.760960 -105.717827

 -93.017067 8.760960 -106.806473

 -173.454590 8.760960 -103.540581

 -178.776779 8.760960 -103.540581

 -186.276199 8.760960 -103.540581

 -193.775650 8.760960 -103.540581

 -201.275085 8.760960 -103.540565

 -208.774506 8.760960 -103.540565

 -213.008041 8.760960 -106.806458

 186.518417 8.760960 -96.041138

 181.196243 8.760960 -96.041138

 173.696808 8.760960 -96.041138

 168.374619 8.760960 -96.041138

 -173.454590 8.760960 -96.041138

 -178.776779 8.760960 -96.041138

 -186.276199 8.760960 -96.041138

 -193.775650 8.760960 -96.041138

 -201.275085 8.760960 -98.218391

 -205.508621 8.760960 -99.307014

 186.518417 8.760960 -88.541710

 181.196243 8.760960 -88.541710

 173.696808 8.760960 -88.541710

 168.374619 8.760960 -88.541710

 -174.543213 8.760960 -91.807594

 -178.776779 8.760960 -90.718971

 -186.276230 8.760960 -90.718971

 -190.509750 8.760960 -91.807594

 186.518417 8.760960 -81.042267

 181.196243 8.760960 -81.042267

 173.696808 8.760960 -81.042267

 168.374619 8.760960 -81.042267

 186.518417 8.760960 -73.542839

 181.196243 8.760960 -73.542831

 173.696808 8.760960 -73.542831

 168.374619 8.760960 -73.542839

 132.933716 8.760960 -70.276947

 128.700180 8.760960 -71.365578

 121.200729 8.760960 -71.365578

 116.967178 8.760960 -70.276947

 186.518417 8.760960 -66.043388

 181.196243 8.760960 -66.043388

 173.696808 8.760960 -66.043388

 168.374619 8.760960 -66.043388

 134.022354 8.760960 -66.043388

 128.700180 8.760960 -66.043388

 121.200729 8.760960 -66.043388

 115.878555 8.760960 -66.043388

 192.929245 8.760960 -55.278072

 188.695679 8.760960 -58.543961

 181.196243 8.760960 -58.543961

 173.696808 8.760960 -58.543961

 168.374619 8.760960 -58.543961

 140.433151 8.760960 -55.278072

 136.199615 8.760960 -58.543961

 128.700180 8.760960 -58.543961

 121.200729 8.760960 -58.543961

 115.878555 8.760960 -58.543961

 194.017853 8.760960 -51.044518

 188.695679 8.760960 -51.044518

 181.196243 8.760960 -51.044518

 173.696808 8.760960 -51.044518

 169.463242 8.760960 -54.310402

 141.521805 8.760960 -51.044518

 136.199615 8.760960 -51.044518

 128.700180 8.760960 -51.044518

 121.200729 8.760960 -51.044518

 116.967178 8.760960 -54.310402

 194.017853 8.760960 -43.545082

 188.695679 8.760960 -43.545082

 181.196243 8.760960 -43.545082

 175.874054 8.760960 -43.545082

 141.521805 8.760960 -43.545082

 136.199615 8.760960 -43.545082

 128.700180 8.760960 -43.545082

 123.377998 8.760960 -43.545082

 194.017853 8.760960 -36.045647

 188.695679 8.760960 -36.045647

 181.196243 8.760960 -36.045647

 173.696808 8.760960 -36.045647

 169.463242 8.760960 -32.779762

 140.433151 8.760960 -39.311527

 136.199615 8.760960 -38.222904

 128.700180 8.760960 -38.222904

 124.466621 8.760960 -39.311527

 194.017853 8.760960 -28.546207

 188.695679 8.760960 -28.546207

 181.196243 8.760960 -28.546207

 173.696808 8.760960 -28.546207

 168.374619 8.760960 -28.546206

 192.929245 8.760960 -24.312654

 188.695679 8.760960 -21.046770

 181.196243 8.760960 -21.046766

 173.696808 8.760960 -21.046766

 168.374619 8.760960 -21.046766

 185.429794 8.760960 -16.813213

 181.196243 8.760960 -15.724586

 173.696808 8.760960 -15.724586

 169.463242 8.760960 -16.813211

 -189.542099 8.760960 42.214626

 -193.775650 8.760960 41.125999

 -198.009186 8.760960 42.214626

 -182.042648 8.760960 49.714066

 -186.276199 8.760960 46.448177

 -193.775650 8.760960 46.448177

 -201.275085 8.760960 46.448177

 -205.508621 8.760960 49.714066

 -180.954041 8.760960 53.947617

 -186.276199 8.760960 53.947613

 -193.775650 8.760960 53.947617

 -201.275085 8.760960 53.947617

 -206.597244 8.760960 53.947617

 -180.954041 8.760960 61.447052

 -186.276199 8.760960 61.447052

 -193.775650 8.760960 61.447052

 -201.275085 8.760960 61.447052

 -206.597244 8.760960 61.447060

 -159.544357 8.760960 72.212364

 -163.777908 8.760960 71.123741

 -171.277313 8.760960 71.123741

 -178.776779 8.760960 68.946480

 -186.276199 8.760960 68.946480

 -193.775650 8.760960 68.946480

 -201.275085 8.760960 68.946487

 -206.597244 8.760960 68.946495

 -152.044907 8.760960 79.711815

 -156.278473 8.760960 76.445923

 -163.777908 8.760960 76.445923

 -171.277313 8.760960 76.445923

 -178.776779 8.760960 76.445923

 -186.276199 8.760960 76.445923

 -193.775650 8.760960 76.445930

 -201.275085 8.760960 76.445930

 -205.508621 8.760960 73.180046

 -150.956284 8.760960 83.945358

 -156.278473 8.760960 83.945358

 -163.777908 8.760960 83.945358

 -171.277313 8.760960 83.945358

 -178.776779 8.760960 83.945358

 -186.276199 8.760960 83.945358

 -193.775650 8.760960 83.945358

 -199.097809 8.760960 83.945358

 -144.545471 8.760960 94.710686

 -148.779037 8.760960 91.444809

 -156.278473 8.760960 91.444809

 -163.777908 8.760960 91.444809

 -171.277313 8.760960 91.444809

 -178.776779 8.760960 91.444809

 -186.276199 8.760960 91.444809

 -193.775650 8.760960 91.444809

 -199.097809 8.760960 91.444794

 -129.546570 8.760960 102.210114

 -133.780151 8.760960 101.121490

 -141.279587 8.760960 98.944237

 -148.779037 8.760960 98.944237

 -156.278473 8.760960 98.944237

 -163.777908 8.760960 98.944237

 -171.277313 8.760960 98.944237

 -178.776779 8.760960 98.944237

 -186.276199 8.760960 98.944237

 -193.775650 8.760960 98.944237

 -199.097809 8.760960 98.944237

 -122.047150 8.760960 109.709541

 -126.280701 8.760960 106.443665

 -133.780136 8.760960 106.443665

 -141.279587 8.760960 106.443665

 -148.779037 8.760960 106.443665

 -156.278473 8.760960 106.443665

 -163.777908 8.760960 106.443665

 -168.011459 8.760960 103.177788

 -180.954041 8.760960 106.443665

 -186.276199 8.760960 106.443665

 -193.775650 8.760960 106.443665

 -199.097809 8.760960 106.443665

 -120.958519 8.760960 113.943108

 -126.280701 8.760960 113.943108

 -133.780136 8.760960 113.943108

 -141.279587 8.760960 113.943108

 -148.779037 8.760960 113.943108

 -156.278473 8.760960 111.765862

 -160.512024 8.760960 110.677216

 -180.954041 8.760960 113.943108

 -186.276199 8.760960 113.943108

 -193.775650 8.760960 113.943108

 -201.275085 8.760960 113.943108

 -205.508621 8.760960 117.209000

 -122.047150 8.760960 118.176666

 -126.280701 8.760960 121.442551

 -133.780136 8.760960 121.442551

 -141.279587 8.760960 121.442551

 -145.513138 8.760960 118.176666

 -180.954041 8.760960 121.442551

 -186.276199 8.760960 121.442551

 -193.775650 8.760960 121.442551

 -201.275085 8.760960 121.442551

 -206.597244 8.760960 121.442551

 -129.546570 8.760960 125.676102

 -133.780151 8.760960 126.764740

 -138.013702 8.760960 125.676102

 -182.042648 8.760960 125.676102

 -186.276199 8.760960 128.942001

 -193.775650 8.760960 128.942001

 -201.275085 8.760960 128.942001

 -206.597244 8.760960 128.941986

 -189.542099 8.760960 133.175552

 -193.775650 8.760960 136.441437

 -201.275085 8.760960 136.441437

 -208.774506 8.760960 136.441437

 -213.008041 8.760960 139.707306

 -195.952896 8.760960 143.940872

 -201.275085 8.760960 143.940872

 -208.774506 8.760960 143.940872

 -216.273941 8.760960 143.940872

 -220.507477 8.760960 147.206757

 -195.952896 8.760960 151.440308

 -201.275085 8.760960 151.440292

 -208.774506 8.760960 151.440292

 -216.273941 8.760960 151.440292

 -223.773361 8.760960 151.440292

 -228.006927 8.760960 154.706207

 -197.041519 8.760960 155.673859

 -201.275085 8.760960 158.939758

 -208.774506 8.760960 158.939758

 -216.273941 8.760960 158.939758

 -223.773361 8.760960 158.939758

 -229.095566 8.760960 158.939758

 -204.540955 8.760960 163.173294

 -208.774506 8.760960 166.439178

 -216.273941 8.760960 166.439178

 -223.773361 8.760960 166.439178

 -229.095566 8.760960 166.439194

 -210.951767 8.760960 173.938614

 -216.273941 8.760960 173.938614

 -223.773361 8.760960 173.938614

 -229.095566 8.760960 173.938614

 -210.951767 8.760960 181.438065

 -216.273941 8.760960 181.438065

 -223.773361 8.760960 181.438065

 -229.095566 8.760960 181.438065

 -212.040405 8.760960 185.671600

 -216.273941 8.760960 186.760254

 -223.773361 8.760960 186.760254

 -228.006927 8.760960 185.671600

 -81.284073 8.760960 -105.717827

 -79.971886 8.424664 -101.775375

 -79.353157 8.275637 -98.468285

 -78.734428 8.126610 -95.161194

 -78.115700 7.977583 -91.854103

 -77.496971 7.828556 -88.547012

 -76.878250 7.679529 -85.239922

 -76.259521 7.530502 -81.932831

 -75.640793 7.381475 -78.625748

 -75.022072 7.232448 -75.318657

 -77.050522 8.760960 -106.806473

 -76.222176 8.463493 -101.775375

 -75.603447 8.333881 -98.468285

 -74.984718 8.204269 -95.161194

 -74.365990 8.074657 -91.854103

 -73.747261 7.945045 -88.547012

 -73.128540 7.815434 -85.239922

 -72.509811 7.685822 -81.932831

 -71.891083 7.556210 -78.625748

 -71.272362 7.426598 -75.318657

 3.679018 7.023272 -113.242874

 4.082616 6.477991 -112.965286

 3.679018 7.023272 -106.929207

 4.082616 6.477991 -107.206795

 12.858690 7.023272 -113.242874

 12.455093 6.477991 -112.965286

 12.858690 7.023272 -106.929207

 12.455093 6.477991 -107.206795

 9.798800 7.023272 -106.929207

 6.738909 7.023272 -106.929207

 7.043836 6.477991 -107.206795

 9.493873 6.477991 -107.206795

 6.738909 7.023272 -113.242874

 9.798800 7.023272 -113.242874

 9.493873 6.477991 -112.965286

 7.043836 6.477991 -112.965286

 6.738909 6.988390 -115.603714

 9.798800 6.988390 -115.603714

 9.493873 6.443109 -115.326126

 7.043836 6.443109 -115.326126

tris:

 4658 2380 1185

 4658 1185 2378

 4657 2381 1184

 4657 1184 2377

 4656 2382 1183

 4656 1183 2376

 4655 2384 1181

 4655 1181 2375

 4654 2385 1180

 4654 1180 2374

 4653 2386 1179

 4653 1179 2373

 4652 2387 1178

 4652 1178 2372

 4651 2388 1177

 4651 1177 2371

 4650 2389 1176

 4650 1176 2370

 4649 2391 1174

 4649 1174 2369

 4648 2392 1173

 4648 1173 2368

 4647 2393 1172

 4647 1172 2367

 4646 2394 1171

 4646 1171 2366

 4645 2395 1170

 4645 1170 2365

 4644 2397 1168

 4644 1168 2364

 4643 2398 1167

 4643 1167 2363

 4642 2399 1166

 4642 1166 2362

 4641 2400 1165

 4641 1165 2361

 4640 2401 1164

 4640 1164 2360

 4639 2402 1163

 4639 1163 2359

 4638 2403 1162

 4638 1162 2358

 4637 2404 1161

 4637 1161 2357

 4636 2406 1159

 4636 1159 2356

 4635 2407 1158

 4635 1158 2355

 4634 2408 1157

 4634 1157 2354

 4633 2409 1156

 4633 1156 2353

 4632 2410 1155

 4632 1155 2352

 4631 2411 1154

 4631 1154 2351

 4630 2412 1153

 4630 1153 2350

 4629 2414 1151

 4629 1151 2349

 4628 2415 1150

 4628 1150 2348

 4627 2416 1149

 4627 1149 2347

 4626 2417 1148

 4626 1148 2346

 4625 2418 1147

 4625 1147 2345

 4624 2419 1146

 4624 1146 2344

 4623 2420 1145

 4623 1145 2343

 4622 2421 1144

 4622 1144 2342

 4621 2422 1143

 4621 1143 2341

 4620 2423 1142

 4620 1142 2340

 4619 2424 1141

 4619 1141 2339

 4618 2426 1139

 4618 1139 2338

 4617 2427 1138

 4617 1138 2337

 4616 2428 1137

 4616 1137 2336

 4615 2429 1136

 4615 1136 2335

 4614 2430 1135

 4614 1135 2334

 4613 2431 1134

 4613 1134 2333

 4612 2432 1133

 4612 1133 2332

 4611 2433 1132

 4611 1132 2331

 4610 2435 1130

 4610 1130 2330

 4609 2436 1129

 4609 1129 2329

 4608 2437 1128

 4608 1128 2328

 4607 2438 1127

 4607 1127 2327

 4606 2439 1126

 4606 1126 2326

 4605 2440 1125

 4605 1125 2325

 4604 2441 1124

 4604 1124 2324

 4603 2442 1123

 4603 1123 2323

 4602 2443 1122

 4602 1122 2322

 4601 2444 1121

 4601 1121 2321

 4600 2445 1120

 4600 1120 2320

 4599 2446 1119

 4599 1119 2319

 4598 2447 1118

 4598 1118 2318

 4597 2448 1117

 4597 1117 2317

 4596 2449 1116

 4596 1116 2316

 4595 2450 1115

 4595 1115 2315

 4594 2451 1114

 4594 1114 2314

 4593 2452 1113

 4593 1113 2313

 4592 2453 1112

 4592 1112 2312

 4591 2454 1111

 4591 1111 2311

 4590 2455 1110

 4590 1110 2310

 4589 2456 1109

 4589 1109 2309

 4588 2457 1108

 4588 1108 2308

 4587 2458 1107

 4587 1107 2307

 4586 2459 1106

 4586 1106 2306

 4585 2460 1105

 4585 1105 2305

 4584 2461 1104

 4584 1104 2304

 4583 2462 1103

 4583 1103 2303

 4582 2463 1102

 4582 1102 2302

 4581 2465 1099

 4581 1099 2300

 4580 2466 1098

 4580 1098 2299

 4579 2467 1097

 4579 1097 2298

 4578 2469 1095

 4578 1095 2297

 4577 2470 1094

 4577 1094 2296

 4576 2471 1093

 4576 1093 2295

 4575 2472 1092

 4575 1092 2294

 4574 2473 1091

 4574 1091 2293

 4573 2474 1090

 4573 1090 2292

 4572 2475 1089

 4572 1089 2291

 4571 2476 1088

 4571 1088 2290

 4570 2477 1087

 4570 1087 2289

 4569 2478 1086

 4569 1086 2288

 4568 2479 1085

 4568 1085 2287

 4567 2480 1084

 4567 1084 2286

 4566 2481 1083

 4566 1083 2285

 4565 2482 1082

 4565 1082 2284

 4564 2483 1081

 4564 1081 2283

 4563 2484 1080

 4563 1080 2282

 4562 2485 1079

 4562 1079 2281

 4561 2486 1078

 4561 1078 2280

 4560 2487 1077

 4560 1077 2279

 4559 2488 1076

 4559 1076 2278

 4558 2489 1075

 4558 1075 2277

 4557 2490 1074

 4557 1074 2276

 4556 2491 1073

 4556 1073 2275

 4555 2492 1072

 4555 1072 2274

 4554 2493 1071

 4554 1071 2273

 4553 2494 1070

 4553 1070 2272

 4552 2495 1069

 4552 1069 2271

 4551 2496 1068

 4551 1068 2270

 4550 2497 1067

 4550 1067 2269

 4549 2498 1066

 4549 1066 2268

 4548 2500 1063

 4548 1063 2266

 4547 2501 1062

 4547 1062 2265

 4546 2502 1061

 4546 1061 2264

 4545 2503 1060

 4545 1060 2263

 4544 2504 1059

 4544 1059 2262

 4543 2505 1058

 4543 1058 2261

 4542 2506 1057

 4542 1057 2260

 4541 2507 1056

 4541 1056 2259

 4540 2508 1055

 4540 1055 2258

 4539 2509 1054

 4539 1054 2257

 4538 2510 1053

 4538 1053 2256

 4537 2511 1052

 4537 1052 2255

 4536 2512 1051

 4536 1051 2254

 4535 2513 1050

 4535 1050 2253

 4534 2514 1049

 4534 1049 2252

 4533 2515 1048

 4533 1048 2251

 4532 2516 1047

 4532 1047 2250

 4531 2517 1046

 4531 1046 2249

 4530 2518 1045

 4530 1045 2248

 4529 2519 1044

 4529 1044 2247

 4528 2520 1043

 4528 1043 2246

 4527 2521 1042

 4527 1042 2245

 4526 2522 1041

 4526 1041 2244

 4525 2523 1040

 4525 1040 2243

 4524 2524 1039

 4524 1039 2242

 4523 2525 1038

 4523 1038 2241

 4522 2526 1037

 4522 1037 2240

 4521 2527 1036

 4521 1036 2239

 4520 2528 1035

 4520 1035 2238

 4519 2529 1034

 4519 1034 2237

 4518 2530 1033

 4518 1033 2236

 4517 2531 1032

 4517 1032 2235

 4516 2532 1031

 4516 1031 2234

 4515 2534 1029

 4515 1029 2232

 4514 2535 1028

 4514 1028 2231

 4513 2537 1026

 4513 1026 2230

 4512 2538 1025

 4512 1025 2229

 4511 2539 1024

 4511 1024 2228

 4510 2540 1023

 4510 1023 2227

 4509 2541 1022

 4509 1022 2226

 4508 2542 1021

 4508 1021 2225

 4507 2543 1020

 4507 1020 2224

 4506 2544 1019

 4506 1019 2223

 4505 2545 1018

 4505 1018 2222

 4504 2546 1017

 4504 1017 2221

 4503 2547 1016

 4503 1016 2220

 4502 2548 1015

 4502 1015 2219

 4501 2549 1014

 4501 1014 2218

 4500 2550 1013

 4500 1013 2217

 4499 2551 1012

 4499 1012 2216

 4498 2552 1011

 4498 1011 2215

 4497 2553 1010

 4497 1010 2214

 4496 2554 1009

 4496 1009 2213

 4495 2555 1008

 4495 1008 2212

 4494 2556 1007

 4494 1007 2211

 4493 2557 1006

 4493 1006 2210

 4492 2558 1005

 4492 1005 2209

 4491 2559 1004

 4491 1004 2208

 4490 2560 1003

 4490 1003 2207

 4489 2561 1002

 4489 1002 2206

 4488 2562 1001

 4488 1001 2205

 4487 2563 1000

 4487 1000 2204

 4486 2564 999

 4486 999 2203

 4485 2565 998

 4485 998 2202

 4484 2566 997

 4484 997 2201

 4483 2567 996

 4483 996 2200

 4482 2568 995

 4482 995 2199

 4481 2569 994

 4481 994 2198

 4480 2570 993

 4480 993 2197

 4479 2571 992

 4479 992 2196

 4478 2572 991

 4478 991 2195

 4477 2573 990

 4477 990 2194

 4476 2575 986

 4476 986 2191

 4475 2576 985

 4475 985 2190

 4474 2577 984

 4474 984 2189

 4473 2578 983

 4473 983 2188

 4472 2579 982

 4472 982 2187

 4471 2580 981

 4471 981 2186

 4470 2581 980

 4470 980 2185

 4469 2582 979

 4469 979 2184

 4468 2583 978

 4468 978 2183

 4467 2584 977

 4467 977 2182

 4466 2585 976

 4466 976 2181

 4465 2586 975

 4465 975 2180

 4464 2587 974

 4464 974 2179

 4463 2588 973

 4463 973 2178

 4462 2589 972

 4462 972 2177

 4461 2590 971

 4461 971 2176

 4460 2591 970

 4460 970 2175

 4459 2592 969

 4459 969 2174

 4458 2593 968

 4458 968 2173

 4457 2594 967

 4457 967 2172

 4456 2595 966

 4456 966 2171

 4455 2596 965

 4455 965 2170

 4454 2597 964

 4454 964 2169

 4453 2598 963

 4453 963 2168

 4452 2600 961

 4452 961 2166

 4451 2601 960

 4451 960 2165

 4450 2602 959

 4450 959 2164

 4449 2603 958

 4449 958 2163

 4448 2604 957

 4448 957 2162

 4447 2605 956

 4447 956 2161

 4446 2606 955

 4446 955 2160

 4445 2607 954

 4445 954 2159

 4444 2608 953

 4444 953 2158

 4443 2609 952

 4443 952 2157

 4442 2610 951

 4442 951 2156

 4441 2611 950

 4441 950 2155

 4440 2613 944

 4440 944 2150

 4439 2614 943

 4439 943 2149

 4438 2615 942

 4438 942 2148

 4437 2616 941

 4437 941 2147

 4436 2617 940

 4436 940 2146

 4435 2618 939

 4435 939 2145

 4434 2619 938

 4434 938 2144

 4433 2620 937

 4433 937 2143

 4432 2621 936

 4432 936 2142

 4431 2622 935

 4431 935 2141

 4430 2623 934

 4430 934 2140

 4429 2624 933

 4429 933 2139

 4428 2625 932

 4428 932 2138

 4427 2626 931

 4427 931 2137

 4426 2627 930

 4426 930 2136

 4425 2628 929

 4425 929 2135

 4424 2629 928

 4424 928 2134

 4423 2630 927

 4423 927 2133

 4422 2631 926

 4422 926 2132

 4421 2632 925

 4421 925 2131

 4420 2633 924

 4420 924 2130

 4419 2634 923

 4419 923 2129

 4418 2635 922

 4418 922 2128

 4417 2636 921

 4417 921 2127

 4416 2637 920

 4416 920 2126

 4415 2638 919

 4415 919 2125

 4414 2639 918

 4414 918 2124

 4413 2640 917

 4413 917 2123

 4412 2641 916

 4412 916 2122

 4411 2642 915

 4411 915 2121

 4410 2643 914

 4410 914 2120

 4409 2644 913

 4409 913 2119

 4408 2645 912

 4408 912 2118

 4407 2647 905

 4407 905 2112

 4406 2648 904

 4406 904 2111

 4405 2649 903

 4405 903 2110

 4404 2650 902

 4404 902 2109

 4403 2651 901

 4403 901 2108

 4402 2652 900

 4402 900 2107

 4401 2653 899

 4401 899 2106

 4400 2654 898

 4400 898 2105

 4399 2655 897

 4399 897 2104

 4398 2656 896

 4398 896 2103

 4397 2657 895

 4397 895 2102

 4396 2658 894

 4396 894 2101

 4395 2659 893

 4395 893 2100

 4394 2661 891

 4394 891 2098

 4393 2662 890

 4393 890 2097

 4392 2663 889

 4392 889 2096

 4391 2664 888

 4391 888 2095

 4390 2665 887

 4390 887 2094

 4389 2666 886

 4389 886 2093

 4388 2667 885

 4388 885 2092

 4387 2668 884

 4387 884 2091

 4386 2669 883

 4386 883 2090

 4385 2670 882

 4385 882 2089

 4384 2671 881

 4384 881 2088

 4383 2672 880

 4383 880 2087

 4382 2673 879

 4382 879 2086

 4381 2674 878

 4381 878 2085

 4380 2676 875

 4380 875 2083

 4379 2677 874

 4379 874 2082

 4378 2678 873

 4378 873 2081

 4377 2679 872

 4377 872 2080

 4376 2680 871

 4376 871 2079

 4375 2681 870

 4375 870 2078

 4374 2682 869

 4374 869 2077

 4373 2683 868

 4373 868 2076

 4372 2684 867

 4372 867 2075

 4371 2685 866

 4371 866 2074

 4370 2686 865

 4370 865 2073

 4369 2687 864

 4369 864 2072

 4368 2688 863

 4368 863 2071

 4367 2689 862

 4367 862 2070

 4366 2690 861

 4366 861 2069

 4365 2691 860

 4365 860 2068

 4364 2692 859

 4364 859 2067

 4363 2693 858

 4363 858 2066

 4362 2694 857

 4362 857 2065

 4361 2695 856

 4361 856 2064

 4360 2696 855

 4360 855 2063

 4359 2697 854

 4359 854 2062

 4358 2698 853

 4358 853 2061

 4357 2699 852

 4357 852 2060

 4356 2700 851

 4356 851 2059

 4355 2701 850

 4355 850 2058

 4354 2702 849

 4354 849 2057

 4353 2704 845

 4353 845 2054

 4352 2705 844

 4352 844 2053

 4351 2706 843

 4351 843 2052

 4350 2707 842

 4350 842 2051

 4349 2708 841

 4349 841 2050

 4348 2709 840

 4348 840 2049

 4347 2710 839

 4347 839 2048

 4346 2711 838

 4346 838 2047

 4345 2712 837

 4345 837 2046

 4344 2713 836

 4344 836 2045

 4343 2714 835

 4343 835 2044

 4342 2715 834

 4342 834 2043

 4341 2716 833

 4341 833 2042

 4340 2717 832

 4340 832 2041

 4339 2718 831

 4339 831 2040

 4338 2719 830

 4338 830 2039

 4337 2720 829

 4337 829 2038

 4336 2721 828

 4336 828 2037

 4335 2722 827

 4335 827 2036

 4334 2723 826

 4334 826 2035

 4333 2724 825

 4333 825 2034

 4332 2725 824

 4332 824 2033

 4331 2726 823

 4331 823 2032

 4330 2727 822

 4330 822 2031

 4329 2729 818

 4329 818 2028

 4328 2730 817

 4328 817 2027

 4327 2731 816

 4327 816 2026

 4326 2733 814

 4326 814 2024

 4325 2734 813

 4325 813 2023

 4324 2735 812

 4324 812 2022

 4323 2736 811

 4323 811 2021

 4322 2737 810

 4322 810 2020

 4321 2738 809

 4321 809 2019

 4320 2740 807

 4320 807 2017

 4319 2741 806

 4319 806 2016

 4318 2742 805

 4318 805 2015

 4317 2743 804

 4317 804 2014

 4316 2744 803

 4316 803 2013

 4315 2745 802

 4315 802 2012

 4314 2746 801

 4314 801 2011

 4313 2747 800

 4313 800 2010

 4312 2748 799

 4312 799 2009

 4311 2749 798

 4311 798 2008

 4310 2751 794

 4310 794 2005

 4309 2752 793

 4309 793 2004

 4308 2753 792

 4308 792 2003

 4307 2754 791

 4307 791 2002

 4306 2755 790

 4306 790 2001

 4305 2756 789

 4305 789 2000

 4304 2757 788

 4304 788 1999

 4303 2758 787

 4303 787 1998

 4302 2759 786

 4302 786 1997

 4301 2760 785

 4301 785 1996

 4300 2761 784

 4300 784 1995

 4299 2762 783

 4299 783 1994

 4298 2763 782

 4298 782 1993

 4297 2764 781

 4297 781 1992

 4296 2765 780

 4296 780 1991

 4295 2766 779

 4295 779 1990

 4294 2767 778

 4294 778 1989

 4293 2768 777

 4293 777 1988

 4292 2769 776

 4292 776 1987

 4291 2770 775

 4291 775 1986

 4290 2771 774

 4290 774 1985

 4289 2772 773

 4289 773 1984

 4288 2774 771

 4288 771 1983

 4287 2775 770

 4287 770 1982

 4286 2776 769

 4286 769 1981

 4285 2777 768

 4285 768 1980

 4284 2778 767

 4284 767 1979

 4283 2779 766

 4283 766 1978

 4282 2780 765

 4282 765 1977

 4281 2781 764

 4281 764 1976

 4280 2782 763

 4280 763 1975

 4279 2783 762

 4279 762 1974

 4278 2784 761

 4278 761 1973

 4277 2785 760

 4277 760 1972

 4276 2786 759

 4276 759 1971

 4275 2787 758

 4275 758 1970

 4274 2788 757

 4274 757 1969

 4273 2789 756

 4273 756 1968

 4272 2790 755

 4272 755 1967

 4271 2791 754

 4271 754 1966

 4270 2792 753

 4270 753 1965

 4269 2793 752

 4269 752 1964

 4268 2794 751

 4268 751 1963

 4267 2795 750

 4267 750 1962

 4266 2796 749

 4266 749 1961

 4265 2797 748

 4265 748 1960

 4264 2799 746

 4264 746 1959

 4263 2800 745

 4263 745 1958

 4262 2801 744

 4262 744 1957

 4261 2803 742

 4261 742 1955

 4260 2804 741

 4260 741 1954

 4259 2805 740

 4259 740 1953

 4258 2806 739

 4258 739 1952

 4257 2807 738

 4257 738 1951

 4256 2808 737

 4256 737 1950

 4255 2809 736

 4255 736 1949

 4254 2810 735

 4254 735 1948

 4253 2811 734

 4253 734 1947

 4252 2812 733

 4252 733 1946

 4251 2813 732

 4251 732 1945

 4250 2814 731

 4250 731 1944

 4249 2815 730

 4249 730 1943

 4248 2816 729

 4248 729 1942

 4247 2817 728

 4247 728 1941

 4246 2818 727

 4246 727 1940

 4245 2819 726

 4245 726 1939

 4244 2820 725

 4244 725 1938

 4243 2821 724

 4243 724 1937

 4242 2822 723

 4242 723 1936

 4241 2823 722

 4241 722 1935

 4240 2824 721

 4240 721 1934

 4239 2826 719

 4239 719 1933

 4238 2827 718

 4238 718 1932

 4237 2828 717

 4237 717 1931

 4236 2829 716

 4236 716 1930

 4235 2830 715

 4235 715 1929

 4234 2831 714

 4234 714 1928

 4233 2832 713

 4233 713 1927

 4232 2833 712

 4232 712 1926

 4231 2834 711

 4231 711 1925

 4230 2835 710

 4230 710 1924

 4229 2836 709

 4229 709 1923

 4228 2837 708

 4228 708 1922

 4227 2838 707

 4227 707 1921

 4226 2839 706

 4226 706 1920

 4225 2840 705

 4225 705 1919

 4224 2841 704

 4224 704 1918

 4223 2842 703

 4223 703 1917

 4222 2844 698

 4222 698 1912

 4221 2845 697

 4221 697 1911

 4220 2846 696

 4220 696 1910

 4219 2847 695

 4219 695 1909

 4218 2848 694

 4218 694 1908

 4217 2849 693

 4217 693 1907

 4216 2850 692

 4216 692 1906

 4215 2851 691

 4215 691 1905

 4214 2853 689

 4214 689 1904

 4213 2854 688

 4213 688 1903

 4212 2855 687

 4212 687 1902

 4211 2856 686

 4211 686 1901

 4210 2857 685

 4210 685 1900

 4209 2858 684

 4209 684 1899

 4208 2859 683

 4208 683 1898

 4207 2860 682

 4207 682 1897

 4206 2861 681

 4206 681 1896

 4205 2862 680

 4205 680 1895

 4204 2863 679

 4204 679 1894

 4203 2864 678

 4203 678 1893

 4202 2865 677

 4202 677 1892

 4201 2866 676

 4201 676 1891

 4200 2867 675

 4200 675 1890

 4199 2868 674

 4199 674 1889

 4198 2870 671

 4198 671 1887

 4197 2871 670

 4197 670 1886

 4196 2872 669

 4196 669 1885

 4195 2873 668

 4195 668 1884

 4194 2874 667

 4194 667 1883

 4193 2875 666

 4193 666 1882

 4192 2876 665

 4192 665 1881

 4191 2877 664

 4191 664 1880

 4190 2879 662

 4190 662 1879

 4189 2880 661

 4189 661 1878

 4188 2881 660

 4188 660 1877

 4187 2882 659

 4187 659 1876

 4186 2883 658

 4186 658 1875

 4185 2884 657

 4185 657 1874

 4184 2885 656

 4184 656 1873

 4183 2886 655

 4183 655 1872

 4182 2887 654

 4182 654 1871

 4181 2888 653

 4181 653 1870

 4180 2889 652

 4180 652 1869

 4179 2890 651

 4179 651 1868

 4178 2891 650

 4178 650 1867

 4177 2892 649

 4177 649 1866

 4176 2893 648

 4176 648 1865

 4175 2894 647

 4175 647 1864

 4174 2895 646

 4174 646 1863

 4173 2896 645

 4173 645 1862

 4172 2897 644

 4172 644 1861

 4171 2898 643

 4171 643 1860

 4170 2900 641

 4170 641 1859

 4169 2902 637

 4169 637 1855

 4168 2903 636

 4168 636 1854

 4167 2904 635

 4167 635 1853

 4166 2905 634

 4166 634 1852

 4165 2907 632

 4165 632 1851

 4164 2908 631

 4164 631 1850

 4163 2909 630

 4163 630 1849

 4162 2910 629

 4162 629 1848

 4161 2911 628

 4161 628 1847

 4160 2912 627

 4160 627 1846

 4159 2913 626

 4159 626 1845

 4158 2914 625

 4158 625 1844

 4157 2915 624

 4157 624 1843

 4156 2916 623

 4156 623 1842

 4155 2917 622

 4155 622 1841

 4154 2918 621

 4154 621 1840

 4153 2919 620

 4153 620 1839

 4152 2920 619

 4152 619 1838

 4151 2921 618

 4151 618 1837

 4150 2922 617

 4150 617 1836

 4149 2923 616

 4149 616 1835

 4148 2924 615

 4148 615 1834

 4147 2925 614

 4147 614 1833

 4146 2926 613

 4146 613 1832

 4145 2927 612

 4145 612 1831

 4144 2928 611

 4144 611 1830

 4143 2930 609

 4143 609 1829

 4142 2931 608

 4142 608 1828

 4141 2933 601

 4141 601 1823

 4140 2934 600

 4140 600 1822

 4139 2935 599

 4139 599 1821

 4138 2936 598

 4138 598 1820

 4137 2937 597

 4137 597 1819

 4136 2938 596

 4136 596 1818

 4135 2939 595

 4135 595 1817

 4134 2940 594

 4134 594 1816

 4133 2941 593

 4133 593 1815

 4132 2942 592

 4132 592 1814

 4131 2943 591

 4131 591 1813

 4130 2944 590

 4130 590 1812

 4129 2945 589

 4129 589 1811

 4128 2947 587

 4128 587 1809

 4127 2948 586

 4127 586 1808

 4126 2949 585

 4126 585 1807

 4125 2950 584

 4125 584 1806

 4124 2951 583

 4124 583 1805

 4123 2952 582

 4123 582 1804

 4122 2953 581

 4122 581 1803

 4121 2954 580

 4121 580 1802

 4120 2955 579

 4120 579 1801

 4119 2956 578

 4119 578 1800

 4118 2958 576

 4118 576 1799

 4117 2959 575

 4117 575 1798

 4116 2961 573

 4116 573 1797

 4115 2962 572

 4115 572 1796

 4114 2963 571

 4114 571 1795

 4113 2964 570

 4113 570 1794

 4112 2965 569

 4112 569 1793

 4111 2966 568

 4111 568 1792

 4110 2967 567

 4110 567 1791

 4109 2968 566

 4109 566 1790

 4108 2969 565

 4108 565 1789

 4107 2970 564

 4107 564 1788

 4106 2971 563

 4106 563 1787

 4105 2972 562

 4105 562 1786

 4104 2973 561

 4104 561 1785

 4103 2974 560

 4103 560 1784

 4102 2975 559

 4102 559 1783

 4101 2976 558

 4101 558 1782

 4100 2977 557

 4100 557 1781

 4099 2978 556

 4099 556 1780

 4098 2979 555

 4098 555 1779

 4097 2980 554

 4097 554 1778

 4096 2981 553

 4096 553 1777

 4095 2982 552

 4095 552 1776

 4094 2983 551

 4094 551 1775

 4093 2984 550

 4093 550 1774

 4092 2985 549

 4092 549 1773

 4091 2987 547

 4091 547 1772

 4090 2988 546

 4090 546 1771

 4089 2990 544

 4089 544 1770

 4088 2991 543

 4088 543 1769

 4087 2992 542

 4087 542 1768

 4086 2993 541

 4086 541 1767

 4085 2994 540

 4085 540 1766

 4084 2995 539

 4084 539 1765

 4083 2996 538

 4083 538 1764

 4082 2997 537

 4082 537 1763

 4081 2998 536

 4081 536 1762

 4080 2999 535

 4080 535 1761

 4079 3000 534

 4079 534 1760

 4078 3001 533

 4078 533 1759

 4077 3002 532

 4077 532 1758

 4076 3003 531

 4076 531 1757

 4075 3004 530

 4075 530 1756

 4074 3005 529

 4074 529 1755

 4073 3006 528

 4073 528 1754

 4072 3007 527

 4072 527 1753

 4071 3008 526

 4071 526 1752

 4070 3009 525

 4070 525 1751

 4069 3010 524

 4069 524 1750

 4068 3011 523

 4068 523 1749

 4067 3012 522

 4067 522 1748

 4066 3013 521

 4066 521 1747

 4065 3014 520

 4065 520 1746

 4064 3015 519

 4064 519 1745

 4063 3016 518

 4063 518 1744

 4062 3017 517

 4062 517 1743

 4061 3018 516

 4061 516 1742

 4060 3019 515

 4060 515 1741

 4059 3020 514

 4059 514 1740

 4058 3021 513

 4058 513 1739

 4057 3022 512

 4057 512 1738

 4056 3023 511

 4056 511 1737

 4055 3025 509

 4055 509 1736

 4054 3026 508

 4054 508 1735

 4053 3027 507

 4053 507 1734

 4052 3028 506

 4052 506 1733

 4051 3029 505

 4051 505 1732

 4050 3030 504

 4050 504 1731

 4049 3031 503

 4049 503 1730

 4048 3032 502

 4048 502 1729

 4047 3033 501

 4047 501 1728

 4046 3034 500

 4046 500 1727

 4045 3035 499

 4045 499 1726

 4044 3036 498

 4044 498 1725

 4043 3037 497

 4043 497 1724

 4042 3038 496

 4042 496 1723

 4041 3039 495

 4041 495 1722

 4040 3040 494

 4040 494 1721

 4039 3041 493

 4039 493 1720

 4038 3042 492

 4038 492 1719

 4037 3043 491

 4037 491 1718

 4036 3044 490

 4036 490 1717

 4035 3045 489

 4035 489 1716

 4034 3046 488

 4034 488 1715

 4033 3047 487

 4033 487 1714

 4032 3048 486

 4032 486 1713

 4031 3049 485

 4031 485 1712

 4030 3050 484

 4030 484 1711

 4029 3051 483

 4029 483 1710

 4028 3052 482

 4028 482 1709

 4027 3053 481

 4027 481 1708

 4026 3054 480

 4026 480 1707

 4025 3055 479

 4025 479 1706

 4024 3056 478

 4024 478 1705

 4023 3057 477

 4023 477 1704

 4022 3058 476

 4022 476 1703

 4021 3059 475

 4021 475 1702

 4020 3060 474

 4020 474 1701

 4019 3062 472

 4019 472 1700

 4018 3063 471

 4018 471 1699

 4017 3064 470

 4017 470 1698

 4016 3065 469

 4016 469 1697

 4015 3066 468

 4015 468 1696

 4014 3067 467

 4014 467 1695

 4013 3068 466

 4013 466 1694

 4012 3069 465

 4012 465 1693

 4011 3070 464

 4011 464 1692

 4010 3071 463

 4010 463 1691

 4009 3072 462

 4009 462 1690

 4008 3073 461

 4008 461 1689

 4007 3074 460

 4007 460 1688

 4006 3075 459

 4006 459 1687

 4005 3076 458

 4005 458 1686

 4004 3077 457

 4004 457 1685

 4003 3078 456

 4003 456 1684

 4002 3079 455

 4002 455 1683

 4001 3080 454

 4001 454 1682

 4000 3081 453

 4000 453 1681

 3999 3082 452

 3999 452 1680

 3998 3083 451

 3998 451 1679

 3997 3084 450

 3997 450 1678

 3996 3085 449

 3996 449 1677

 3995 3086 448

 3995 448 1676

 3994 3087 447

 3994 447 1675

 3993 3088 446

 3993 446 1674

 3992 3089 445

 3992 445 1673

 3991 3090 444

 3991 444 1672

 3990 3091 443

 3990 443 1671

 3989 3092 442

 3989 442 1670

 3988 3093 441

 3988 441 1669

 3987 3094 440

 3987 440 1668

 3986 3095 439

 3986 439 1667

 3985 3096 438

 3985 438 1666

 3984 3097 437

 3984 437 1665

 3983 3099 434

 3983 434 1663

 3982 3100 433

 3982 433 1662

 3981 3101 432

 3981 432 1661

 3980 3102 431

 3980 431 1660

 3979 3103 430

 3979 430 1659

 3978 3104 429

 3978 429 1658

 3977 3105 428

 3977 428 1657

 3976 3106 427

 3976 427 1656

 3975 3107 426

 3975 426 1655

 3974 3108 425

 3974 425 1654

 3973 3109 424

 3973 424 1653

 3972 3110 423

 3972 423 1652

 3971 3111 422

 3971 422 1651

 3970 3112 421

 3970 421 1650

 3969 3113 420

 3969 420 1649

 3968 3114 419

 3968 419 1648

 3967 3115 418

 3967 418 1647

 3966 3116 417

 3966 417 1646

 3965 3117 416

 3965 416 1645

 3964 3118 415

 3964 415 1644

 3963 3119 414

 3963 414 1643

 3962 3121 412

 3962 412 1641

 3961 3122 411

 3961 411 1640

 3960 3123 410

 3960 410 1639

 3959 3124 409

 3959 409 1638

 3958 3125 408

 3958 408 1637

 3957 3126 407

 3957 407 1636

 3956 3127 406

 3956 406 1635

 3955 3129 403

 3955 403 1632

 3954 3130 402

 3954 402 1631

 3953 3131 401

 3953 401 1630

 3952 3132 400

 3952 400 1629

 3951 3134 398

 3951 398 1628

 3950 3135 397

 3950 397 1627

 3949 3136 396

 3949 396 1626

 3948 3137 395

 3948 395 1625

 3947 3138 394

 3947 394 1624

 3946 3139 393

 3946 393 1623

 3945 3140 392

 3945 392 1622

 3944 3141 391

 3944 391 1621

 3943 3143 389

 3943 389 1619

 3942 3144 388

 3942 388 1618

 3941 3145 387

 3941 387 1617

 3940 3146 386

 3940 386 1616

 3939 3147 385

 3939 385 1615

 3938 3148 384

 3938 384 1614

 3937 3149 383

 3937 383 1613

 3936 3150 382

 3936 382 1612

 3935 3151 381

 3935 381 1611

 3934 3152 380

 3934 380 1610

 3933 3153 379

 3933 379 1609

 3932 3154 378

 3932 378 1608

 3931 3155 377

 3931 377 1607

 3930 3156 376

 3930 376 1606

 3929 3157 375

 3929 375 1605

 3928 3158 374

 3928 374 1604

 3927 3159 373

 3927 373 1603

 3926 3160 372

 3926 372 1602

 3925 3162 363

 3925 363 1595

 3924 3163 362

 3924 362 1594

 3923 3164 361

 3923 361 1593

 3922 3165 360

 3922 360 1592

 3921 3166 359

 3921 359 1591

 3920 3167 358

 3920 358 1590

 3919 3168 357

 3919 357 1589

 3918 3169 356

 3918 356 1588

 3917 3170 355

 3917 355 1587

 3916 3171 354

 3916 354 1586

 3915 3172 353

 3915 353 1585

 3914 3173 352

 3914 352 1584

 3913 3174 351

 3913 351 1583

 3912 3175 350

 3912 350 1582

 3911 3176 349

 3911 349 1581

 3910 3177 348

 3910 348 1580

 3909 3179 346

 3909 346 1578

 3908 3180 345

 3908 345 1577

 3907 3181 344

 3907 344 1576

 3906 3182 343

 3906 343 1575

 3905 3183 342

 3905 342 1574

 3904 3184 341

 3904 341 1573

 3903 3185 340

 3903 340 1572

 3902 3186 339

 3902 339 1571

 3901 3187 338

 3901 338 1570

 3900 3189 335

 3900 335 1568

 3899 3190 334

 3899 334 1567

 3898 3191 333

 3898 333 1566

 3897 3192 332

 3897 332 1565

 3896 3193 331

 3896 331 1564

 3895 3194 330

 3895 330 1563

 3894 3195 329

 3894 329 1562

 3893 3196 328

 3893 328 1561

 3892 3197 327

 3892 327 1560

 3891 3198 326

 3891 326 1559

 3890 3199 325

 3890 325 1558

 3889 3200 324

 3889 324 1557

 3888 3201 323

 3888 323 1556

 3887 3202 322

 3887 322 1555

 3886 3203 321

 3886 321 1554

 3885 3204 320

 3885 320 1553

 3884 3205 319

 3884 319 1552

 3883 3206 318

 3883 318 1551

 3882 3207 317

 3882 317 1550

 3881 3208 316

 3881 316 1549

 3880 3209 315

 3880 315 1548

 3879 3210 314

 3879 314 1547

 3878 3211 313

 3878 313 1546

 3877 3212 312

 3877 312 1545

 3876 3213 311

 3876 311 1544

 3875 3215 307

 3875 307 1541

 3874 3216 306

 3874 306 1540

 3873 3217 305

 3873 305 1539

 3872 3218 304

 3872 304 1538

 3871 3219 303

 3871 303 1537

 3870 3220 302

 3870 302 1536

 3869 3221 301

 3869 301 1535

 3868 3222 300

 3868 300 1534

 3867 3223 299

 3867 299 1533

 3866 3224 298

 3866 298 1532

 3865 3225 297

 3865 297 1531

 3864 3226 296

 3864 296 1530

 3863 3227 295

 3863 295 1529

 3862 3228 294

 3862 294 1528

 3861 3229 293

 3861 293 1527

 3860 3230 292

 3860 292 1526

 3859 3231 291

 3859 291 1525

 3858 3232 290

 3858 290 1524

 3857 3233 289

 3857 289 1523

 3856 3234 288

 3856 288 1522

 3855 3235 287

 3855 287 1521

 3854 3236 286

 3854 286 1520

 3853 3237 285

 3853 285 1519

 3852 3238 284

 3852 284 1518

 3851 3240 281

 3851 281 1516

 3850 3241 280

 3850 280 1515

 3849 3242 279

 3849 279 1514

 3848 3243 278

 3848 278 1513

 3847 3244 277

 3847 277 1512

 3846 3245 276

 3846 276 1511

 3845 3246 275

 3845 275 1510

 3844 3247 274

 3844 274 1509

 3843 3249 272

 3843 272 1507

 3842 3250 271

 3842 271 1506

 3841 3251 270

 3841 270 1505

 3840 3252 269

 3840 269 1504

 3839 3253 268

 3839 268 1503

 3838 3254 267

 3838 267 1502

 3837 3255 266

 3837 266 1501

 3836 3256 265

 3836 265 1500

 3835 3257 264

 3835 264 1499

 3834 3258 263

 3834 263 1498

 3833 3259 262

 3833 262 1497

 3832 3260 261

 3832 261 1496

 3831 3261 260

 3831 260 1495

 3830 3262 259

 3830 259 1494

 3829 3264 257

 3829 257 1493

 3828 3265 256

 3828 256 1492

 3827 3266 255

 3827 255 1491

 3826 3267 254

 3826 254 1490

 3825 3268 253

 3825 253 1489

 3824 3269 252

 3824 252 1488

 3823 3270 251

 3823 251 1487

 3822 3271 250

 3822 250 1486

 3821 3273 248

 3821 248 1485

 3820 3274 247

 3820 247 1484

 3819 3275 246

 3819 246 1483

 3818 3276 245

 3818 245 1482

 3817 3277 244

 3817 244 1481

 3816 3278 243

 3816 243 1480

 3815 3279 242

 3815 242 1479

 3814 3280 241

 3814 241 1478

 3813 3281 240

 3813 240 1477

 3812 3282 239

 3812 239 1476

 3811 3283 238

 3811 238 1475

 3810 3284 237

 3810 237 1474

 3809 3285 236

 3809 236 1473

 3808 3286 235

 3808 235 1472

 3807 3288 232

 3807 232 1470

 3806 3289 231

 3806 231 1469

 3805 3290 230

 3805 230 1468

 3804 3291 229

 3804 229 1467

 3803 3292 228

 3803 228 1466

 3802 3293 227

 3802 227 1465

 3801 3294 226

 3801 226 1464

 3800 3295 225

 3800 225 1463

 3799 3296 224

 3799 224 1462

 3798 3297 223

 3798 223 1461

 3797 3298 222

 3797 222 1460

 3796 3299 221

 3796 221 1459

 3795 3300 220

 3795 220 1458

 3794 3301 219

 3794 219 1457

 3793 3302 218

 3793 218 1456

 3792 3303 217

 3792 217 1455

 3791 3304 216

 3791 216 1454

 3790 3305 215

 3790 215 1453

 3789 3306 214

 3789 214 1452

 3788 3307 213

 3788 213 1451

 3787 3308 212

 3787 212 1450

 3786 3310 208

 3786 208 1447

 3785 3311 207

 3785 207 1446

 3784 3312 206

 3784 206 1445

 3783 3313 205

 3783 205 1444

 3782 3315 203

 3782 203 1442

 3781 3316 202

 3781 202 1441

 3780 3317 201

 3780 201 1440

 3779 3318 200

 3779 200 1439

 3778 3319 199

 3778 199 1438

 3777 3320 198

 3777 198 1437

 3776 3321 197

 3776 197 1436

 3775 3322 196

 3775 196 1435

 3774 3323 195

 3774 195 1434

 3773 3324 194

 3773 194 1433

 3772 3325 193

 3772 193 1432

 3771 3326 192

 3771 192 1431

 3770 3327 191

 3770 191 1430

 3769 3328 190

 3769 190 1429

 3768 3329 189

 3768 189 1428

 3767 3331 187

 3767 187 1427

 3766 3332 186

 3766 186 1426

 3765 3333 185

 3765 185 1425

 3764 3334 184

 3764 184 1424

 3763 3335 183

 3763 183 1423

 3762 3336 182

 3762 182 1422

 3761 3337 181

 3761 181 1421

 3760 3338 180

 3760 180 1420

 3759 3339 179

 3759 179 1419

 3758 3340 178

 3758 178 1418

 3757 3341 177

 3757 177 1417

 3756 3342 176

 3756 176 1416

 3755 3343 175

 3755 175 1415

 3754 3344 174

 3754 174 1414

 3753 3345 173

 3753 173 1413

 3752 3346 172

 3752 172 1412

 3751 3347 171

 3751 171 1411

 3750 3348 170

 3750 170 1410

 3749 3349 169

 3749 169 1409

 3748 3350 168

 3748 168 1408

 3747 3352 166

 3747 166 1407

 3746 3353 165

 3746 165 1406

 3745 3354 164

 3745 164 1405

 3744 3355 163

 3744 163 1404

 3743 3356 162

 3743 162 1403

 3742 3357 161

 3742 161 1402

 3741 3358 160

 3741 160 1401

 3740 3359 159

 3740 159 1400

 3739 3360 158

 3739 158 1399

 3738 3361 157

 3738 157 1398

 3737 3362 156

 3737 156 1397

 3736 3363 155

 3736 155 1396

 3734 3365 152

 3734 152 1393

 3733 3366 151

 3733 151 1392

 3732 3367 150

 3732 150 1391

 3731 3368 149

 3731 149 1390

 3730 3369 148

 3730 148 1389

 3729 3370 147

 3729 147 1388

 3728 3371 146

 3728 146 1387

 3727 3372 145

 3727 145 1386

 3726 3374 143

 3726 143 1385

 3725 3375 142

 3725 142 1384

 3724 3376 141

 3724 141 1383

 3723 3377 140

 3723 140 1382

 3722 3378 139

 3722 139 1381

 3721 3379 138

 3721 138 1380

 3720 3380 137

 3720 137 1379

 3719 3381 136

 3719 136 1378

 3718 3382 135

 3718 135 1377

 3717 3383 134

 3717 134 1376

 3716 3384 133

 3716 133 1375

 3715 3385 132

 3715 132 1374

 3714 3386 131

 3714 131 1373

 3713 3387 130

 3713 130 1372

 3712 3388 129

 3712 129 1371

 3711 3389 128

 3711 128 1370

 3710 3390 127

 3710 127 1369

 3709 3391 126

 3709 126 1368

 3708 3392 125

 3708 125 1367

 3707 3393 124

 3707 124 1366

 3706 3394 123

 3706 123 1365

 3705 3395 122

 3705 122 1364

 3704 3396 121

 3704 121 1363

 3703 3397 120

 3703 120 1362

 3702 3399 118

 3702 118 1361

 3701 3400 117

 3701 117 1360

 3700 3401 116

 3700 116 1359

 3699 3402 115

 3699 115 1358

 3698 3403 114

 3698 114 1357

 3697 3404 113

 3697 113 1356

 3696 3405 112

 3696 112 1355

 3695 3406 111

 3695 111 1354

 3694 3407 110

 3694 110 1353

 3693 3408 109

 3693 109 1352

 3692 3409 108

 3692 108 1351

 3691 3410 107

 3691 107 1350

 3690 3411 106

 3690 106 1349

 3689 3412 105

 3689 105 1348

 3688 3413 104

 3688 104 1347

 3687 3414 103

 3687 103 1346

 3686 3415 102

 3686 102 1345

 3685 3416 101

 3685 101 1344

 3684 3417 100

 3684 100 1343

 3683 3418 99

 3683 99 1342

 3682 3419 98

 3682 98 1341

 3681 3421 92

 3681 92 1336

 3680 3422 91

 3680 91 1335

 3679 3423 90

 3679 90 1334

 3678 3424 89

 3678 89 1333

 3677 3425 88

 3677 88 1332

 3676 3426 87

 3676 87 1331

 3675 3427 86

 3675 86 1330

 3674 3429 79

 3674 79 1323

 3673 3430 78

 3673 78 1322

 3672 3431 77

 3672 77 1321

 3671 3432 76

 3671 76 1320

 3670 3433 75

 3670 75 1319

 3669 3434 74

 3669 74 1318

 3668 3435 73

 3668 73 1317

 3667 3437 68

 3667 68 1313

 3666 3438 67

 3666 67 1312

 3665 3439 66

 3665 66 1311

 3664 3440 65

 3664 65 1310

 3663 3441 64

 3663 64 1309

 3662 3442 63

 3662 63 1308

 3661 3444 59

 3661 59 1305

 3660 3445 58

 3660 58 1304

 3659 3446 57

 3659 57 1303

 3658 3447 56

 3658 56 1302

 3657 3449 52

 3657 52 1299

 3656 3450 51

 3656 51 1298

 3655 3451 50

 3655 50 1297

 3654 3453 45

 3654 45 1293

 3653 3454 44

 3653 44 1292

 3652 3455 43

 3652 43 1291

 3651 3456 42

 3651 42 1290

 3650 3458 36

 3650 36 1286

 3649 3459 35

 3649 35 1285

 3648 3460 34

 3648 34 1284

 3647 3461 33

 3647 33 1283

 3646 3462 32

 3646 32 1282

 3645 3463 31

 3645 31 1281

 3644 3464 30

 3644 30 1280

 3643 3466 27

 3643 27 1278

 3642 3467 26

 3642 26 1277

 3641 3468 25

 3641 25 1276

 5426 3468 5424

 3640 3470 22

 3640 22 1273

 3639 3472 19

 3639 19 1271

 3638 3473 18

 3638 18 1270

 5424 18 3473

 25 5426 5433

 3635 3476 16

 3635 16 1269

 3634 3513 1187

 3634 1187 3477

 3633 3514 1188

 3633 1188 3478

 3632 3515 1189

 3632 1189 3479

 3628 3519 1203

 3628 1203 3505

 3627 3521 1204

 3627 1204 3506

 3626 3520 1202

 3626 1202 3487

 3625 3518 1205

 3625 1205 3488

 3623 3512 1192

 3623 1192 3482

 3622 3508 1200

 3622 1200 3486

 3621 3510 1196

 3621 1196 3484

 3620 3506 1204

 3620 1204 3488

 3619 3502 1212

 3619 1212 3492

 3618 3504 1210

 3618 1210 3491

 3617 3500 1216

 3617 1216 3494

 3616 3498 1220

 3616 1220 3496

 3615 3525 1224

 3615 1224 3523

 3614 3558 1262

 3614 1262 3556

 3613 3559 1261

 3613 1261 3555

 3612 3560 1260

 3612 1260 3554

 3611 3561 1259

 3611 1259 3553

 3610 3563 1257

 3610 1257 3552

 3609 3564 1256

 3609 1256 3551

 3608 3565 1255

 3608 1255 3550

 3607 3566 1254

 3607 1254 3549

 3606 3567 1253

 3606 1253 3548

 3605 3569 1251

 3605 1251 3547

 3604 3570 1250

 3604 1250 3546

 3603 3571 1249

 3603 1249 3545

 3602 3572 1248

 3602 1248 3544

 3601 3573 1247

 3601 1247 3543

 3600 3575 1245

 3600 1245 3542

 3599 3576 1244

 3599 1244 3541

 3598 3577 1243

 3598 1243 3540

 3597 3578 1242

 3597 1242 3539

 3596 3580 1239

 3596 1239 3537

 3595 3581 1238

 3595 1238 3536

 3594 3582 1237

 3594 1237 3535

 3593 3583 1236

 3593 1236 3534

 3592 3585 1234

 3592 1234 3533

 3591 3586 1233

 3591 1233 3532

 3590 3587 1232

 3590 1232 3531

 3589 3588 1231

 3589 1231 3530

 3587 3589 3530

 3587 3530 1232

 1227 3526 3589

 1227 3589 3587

 3526 1226 3588

 3526 3588 3589

 3586 3590 3531

 3586 3531 1233

 1228 3527 3590

 1228 3590 3586

 3527 1227 3587

 3527 3587 3590

 3585 3591 3532

 3585 3532 1234

 1229 3528 3591

 1229 3591 3585

 3528 1228 3586

 3528 3586 3591

 3584 3592 3533

 3584 3533 1235

 1230 3529 3592

 1230 3592 3584

 3529 1229 3585

 3529 3585 3592

 3582 3593 3534

 3582 3534 1237

 1232 3530 3593

 1232 3593 3582

 3530 1231 3583

 3530 3583 3593

 3581 3594 3535

 3581 3535 1238

 1233 3531 3594

 1233 3594 3581

 3531 1232 3582

 3531 3582 3594

 3580 3595 3536

 3580 3536 1239

 1234 3532 3595

 1234 3595 3580

 3532 1233 3581

 3532 3581 3595

 3579 3596 3537

 3579 3537 1240

 1235 3533 3596

 1235 3596 3579

 3533 1234 3580

 3533 3580 3596

 3577 3597 3539

 3577 3539 1243

 1237 3534 3597

 1237 3597 3577

 3534 1236 3578

 3534 3578 3597

 3576 3598 3540

 3576 3540 1244

 1238 3535 3598

 1238 3598 3576

 3535 1237 3577

 3535 3577 3598

 3575 3599 3541

 3575 3541 1245

 1239 3536 3599

 1239 3599 3575

 3536 1238 3576

 3536 3576 3599

 3574 3600 3542

 3574 3542 1246

 1240 3537 3600

 1240 3600 3574

 3537 1239 3575

 3537 3575 3600

 3572 3601 3543

 3572 3543 1248

 1242 3538 3601

 1242 3601 3572

 3538 1241 3573

 3538 3573 3601

 3571 3602 3544

 3571 3544 1249

 1243 3539 3602

 1243 3602 3571

 3539 1242 3572

 3539 3572 3602

 3570 3603 3545

 3570 3545 1250

 1244 3540 3603

 1244 3603 3570

 3540 1243 3571

 3540 3571 3603

 3569 3604 3546

 3569 3546 1251

 1245 3541 3604

 1245 3604 3569

 3541 1244 3570

 3541 3570 3604

 3568 3605 3547

 3568 3547 1252

 1246 3542 3605

 1246 3605 3568

 3542 1245 3569

 3542 3569 3605

 3566 3606 3548

 3566 3548 1254

 1248 3543 3606

 1248 3606 3566

 3543 1247 3567

 3543 3567 3606

 3565 3607 3549

 3565 3549 1255

 1249 3544 3607

 1249 3607 3565

 3544 1248 3566

 3544 3566 3607

 3564 3608 3550

 3564 3550 1256

 1250 3545 3608

 1250 3608 3564

 3545 1249 3565

 3545 3565 3608

 3563 3609 3551

 3563 3551 1257

 1251 3546 3609

 1251 3609 3563

 3546 1250 3564

 3546 3564 3609

 3562 3610 3552

 3562 3552 1258

 1252 3547 3610

 1252 3610 3562

 3547 1251 3563

 3547 3563 3610

 3560 3611 3553

 3560 3553 1260

 1254 3548 3611

 1254 3611 3560

 3548 1253 3561

 3548 3561 3611

 3559 3612 3554

 3559 3554 1261

 1255 3549 3612

 1255 3612 3559

 3549 1254 3560

 3549 3560 3612

 3558 3613 3555

 3558 3555 1262

 1256 3550 3613

 1256 3613 3558

 3550 1255 3559

 3550 3559 3613

 3557 3614 3556

 3557 3556 1263

 1257 3551 3614

 1257 3614 3557

 3551 1256 3558

 3551 3558 3614

 3524 3615 3523

 3524 3523 1225

 1223 3522 3615

 1223 3615 3524

 3522 1222 3525

 3522 3525 3615

 3497 3616 3496

 3497 3496 1221

 1219 3495 3616

 1219 3616 3497

 3495 1218 3498

 3495 3498 3616

 3499 3617 3494

 3499 3494 1217

 1215 3493 3617

 1215 3617 3499

 3493 1214 3500

 3493 3500 3617

 3503 3618 3491

 3503 3491 1211

 1207 3489 3618

 1207 3618 3503

 3489 1206 3504

 3489 3504 3618

 3501 3619 3492

 3501 3492 1213

 1209 3490 3619

 1209 3619 3501

 3490 1208 3502

 3490 3502 3619

 3505 3620 3488

 3505 3488 1205

 1203 3487 3620

 1203 3620 3505

 3487 1202 3506

 3487 3506 3620

 3509 3621 3484

 3509 3484 1197

 1195 3483 3621

 1195 3621 3509

 3483 1194 3510

 3483 3510 3621

 3507 3622 3486

 3507 3486 1201

 1199 3485 3622

 1199 3622 3507

 3485 1198 3508

 3485 3508 3622

 3511 3623 3482

 3511 3482 1193

 1191 3481 3623

 1191 3623 3511

 3481 1190 3512

 3481 3512 3623

 3373 144 3517

 3373 3517 3624

 3521 3625 3488

 3521 3488 1204

 588 1810 3625

 588 3625 3521

 1810 589 3518

 1810 3518 3625

 3519 3626 3487

 3519 3487 1203

 560 1783 3626

 560 3626 3519

 1783 559 3520

 1783 3520 3626

 3520 3627 3506

 3520 3506 1202

 559 2946 3627

 559 3627 3520

 2946 588 3521

 2946 3521 3627

 3518 3628 3505

 3518 3505 1205

 589 2945 3628

 589 3628 3518

 2945 560 3519

 2945 3519 3628

 144 1385 3629

 144 3629 3517

 1385 143 3516

 1385 3516 3629

 143 1384 3630

 143 3630 3516

 3515 3631 3480

 3515 3480 1189

 83 1327 3631

 83 3631 3515

 3514 3632 3479

 3514 3479 1188

 82 1326 3632

 82 3632 3514

 1326 83 3515

 1326 3515 3632

 3513 3633 3478

 3513 3478 1187

 81 1325 3633

 81 3633 3513

 1325 82 3514

 1325 3514 3633

 1324 81 3513

 1324 3513 3634

 3475 3635 1269

 3475 1269 17

 11 1264 3635

 11 3635 3475

 1264 10 3476

 1264 3476 3635

 5436 3637 5440

 12 1265 3636

 12 3636 3474

 1265 11 3475

 1265 3475 3636

 5440 3474 5441

 13 1266 3637

 13 3637 3473

 1266 12 3474

 1266 3474 3637

 3472 3638 1270

 3472 1270 19

 14 1267 3638

 14 3638 3472

 1267 13 3473

 1267 3473 3638

 3471 3639 1271

 3471 1271 20

 15 1268 3639

 15 3639 3471

 1268 14 3472

 1268 3472 3639

 3469 3640 1273

 3469 1273 23

 17 1269 3640

 17 3640 3469

 1269 16 3470

 1269 3470 3640

 5441 3474 3636

 3475 5428 3636

 5428 3475 17

 5430 17 3469

 5430 3469 23

 5430 1274 5432

 3467 3641 1276

 3467 1276 26

 19 1270 3641

 19 3641 3467

 1270 18 3468

 1270 3468 3641

 3466 3642 1277

 3466 1277 27

 20 1271 3642

 20 3642 3466

 1271 19 3467

 1271 3467 3642

 3465 3643 1278

 3465 1278 28

 21 1272 3643

 21 3643 3465

 1272 20 3466

 1272 3466 3643

 3463 3644 1280

 3463 1280 31

 23 1273 3644

 23 3644 3463

 1273 22 3464

 1273 3464 3644

 3462 3645 1281

 3462 1281 32

 24 1274 3645

 24 3645 3462

 1274 23 3463

 1274 3463 3645

 3461 3646 1282

 3461 1282 33

 25 1275 3646

 25 3646 3461

 1275 24 3462

 1275 3462 3646

 3460 3647 1283

 3460 1283 34

 26 1276 3647

 26 3647 3460

 1276 25 3461

 1276 3461 3647

 3459 3648 1284

 3459 1284 35

 27 1277 3648

 27 3648 3459

 1277 26 3460

 1277 3460 3648

 3458 3649 1285

 3458 1285 36

 28 1278 3649

 28 3649 3458

 1278 27 3459

 1278 3459 3649

 3457 3650 1286

 3457 1286 37

 29 1279 3650

 29 3650 3457

 1279 28 3458

 1279 3458 3650

 3455 3651 1290

 3455 1290 43

 34 1283 3651

 34 3651 3455

 1283 33 3456

 1283 3456 3651

 3454 3652 1291

 3454 1291 44

 35 1284 3652

 35 3652 3454

 1284 34 3455

 1284 3455 3652

 3453 3653 1292

 3453 1292 45

 36 1285 3653

 36 3653 3453

 1285 35 3454

 1285 3454 3653

 3452 3654 1293

 3452 1293 46

 37 1286 3654

 37 3654 3452

 1286 36 3453

 1286 3453 3654

 3450 3655 1297

 3450 1297 51

 39 1287 3655

 39 3655 3450

 1287 38 3451

 1287 3451 3655

 3449 3656 1298

 3449 1298 52

 40 1288 3656

 40 3656 3449

 1288 39 3450

 1288 3450 3656

 3448 3657 1299

 3448 1299 53

 41 1289 3657

 41 3657 3448

 1289 40 3449

 1289 3449 3657

 3446 3658 1302

 3446 1302 57

 43 1290 3658

 43 3658 3446

 1290 42 3447

 1290 3447 3658

 3445 3659 1303

 3445 1303 58

 44 1291 3659

 44 3659 3445

 1291 43 3446

 1291 3446 3659

 3444 3660 1304

 3444 1304 59

 45 1292 3660

 45 3660 3444

 1292 44 3445

 1292 3445 3660

 3443 3661 1305

 3443 1305 60

 46 1293 3661

 46 3661 3443

 1293 45 3444

 1293 3444 3661

 3441 3662 1308

 3441 1308 64

 48 1294 3662

 48 3662 3441

 1294 47 3442

 1294 3442 3662

 3440 3663 1309

 3440 1309 65

 49 1295 3663

 49 3663 3440

 1295 48 3441

 1295 3441 3663

 3439 3664 1310

 3439 1310 66

 50 1296 3664

 50 3664 3439

 1296 49 3440

 1296 3440 3664

 3438 3665 1311

 3438 1311 67

 51 1297 3665

 51 3665 3438

 1297 50 3439

 1297 3439 3665

 3437 3666 1312

 3437 1312 68

 52 1298 3666

 52 3666 3437

 1298 51 3438

 1298 3438 3666

 3436 3667 1313

 3436 1313 69

 53 1299 3667

 53 3667 3436

 1299 52 3437

 1299 3437 3667

 3434 3668 1317

 3434 1317 74

 55 1300 3668

 55 3668 3434

 1300 54 3435

 1300 3435 3668

 3433 3669 1318

 3433 1318 75

 56 1301 3669

 56 3669 3433

 1301 55 3434

 1301 3434 3669

 3432 3670 1319

 3432 1319 76

 57 1302 3670

 57 3670 3432

 1302 56 3433

 1302 3433 3670

 3431 3671 1320

 3431 1320 77

 58 1303 3671

 58 3671 3431

 1303 57 3432

 1303 3432 3671

 3430 3672 1321

 3430 1321 78

 59 1304 3672

 59 3672 3430

 1304 58 3431

 1304 3431 3672

 3429 3673 1322

 3429 1322 79

 60 1305 3673

 60 3673 3429

 1305 59 3430

 1305 3430 3673

 3428 3674 1323

 3428 1323 80

 61 1306 3674

 61 3674 3428

 1306 60 3429

 1306 3429 3674

 3426 3675 1330

 3426 1330 87

 63 1307 3675

 63 3675 3426

 1307 62 3427

 1307 3427 3675

 3425 3676 1331

 3425 1331 88

 64 1308 3676

 64 3676 3425

 1308 63 3426

 1308 3426 3676

 3424 3677 1332

 3424 1332 89

 65 1309 3677

 65 3677 3424

 1309 64 3425

 1309 3425 3677

 3423 3678 1333

 3423 1333 90

 66 1310 3678

 66 3678 3423

 1310 65 3424

 1310 3424 3678

 3422 3679 1334

 3422 1334 91

 67 1311 3679

 67 3679 3422

 1311 66 3423

 1311 3423 3679

 3421 3680 1335

 3421 1335 92

 68 1312 3680

 68 3680 3421

 1312 67 3422

 1312 3422 3680

 3420 3681 1336

 3420 1336 93

 69 1313 3681

 69 3681 3420

 1313 68 3421

 1313 3421 3681

 3418 3682 1341

 3418 1341 99

 71 1314 3682

 71 3682 3418

 1314 70 3419

 1314 3419 3682

 3417 3683 1342

 3417 1342 100

 72 1315 3683

 72 3683 3417

 1315 71 3418

 1315 3418 3683

 3416 3684 1343

 3416 1343 101

 73 1316 3684

 73 3684 3416

 1316 72 3417

 1316 3417 3684

 3415 3685 1344

 3415 1344 102

 74 1317 3685

 74 3685 3415

 1317 73 3416

 1317 3416 3685

 3414 3686 1345

 3414 1345 103

 75 1318 3686

 75 3686 3414

 1318 74 3415

 1318 3415 3686

 3413 3687 1346

 3413 1346 104

 76 1319 3687

 76 3687 3413

 1319 75 3414

 1319 3414 3687

 3412 3688 1347

 3412 1347 105

 77 1320 3688

 77 3688 3412

 1320 76 3413

 1320 3413 3688

 3411 3689 1348

 3411 1348 106

 78 1321 3689

 78 3689 3411

 1321 77 3412

 1321 3412 3689

 3410 3690 1349

 3410 1349 107

 79 1322 3690

 79 3690 3410

 1322 78 3411

 1322 3411 3690

 3409 3691 1350

 3409 1350 108

 80 1323 3691

 80 3691 3409

 1323 79 3410

 1323 3410 3691

 3408 3692 1351

 3408 1351 109

 81 1324 3692

 81 3692 3408

 1324 80 3409

 1324 3409 3692

 3407 3693 1352

 3407 1352 110

 82 1325 3693

 82 3693 3407

 1325 81 3408

 1325 3408 3693

 3406 3694 1353

 3406 1353 111

 83 1326 3694

 83 3694 3406

 1326 82 3407

 1326 3407 3694

 3405 3695 1354

 3405 1354 112

 84 1327 3695

 84 3695 3405

 1327 83 3406

 1327 3406 3695

 3404 3696 1355

 3404 1355 113

 1328 84 3405

 1328 3405 3696

 3403 3697 1356

 3403 1356 114

 86 1329 3697

 86 3697 3403

 1329 85 3404

 1329 3404 3697

 3402 3698 1357

 3402 1357 115

 87 1330 3698

 87 3698 3402

 1330 86 3403

 1330 3403 3698

 3401 3699 1358

 3401 1358 116

 88 1331 3699

 88 3699 3401

 1331 87 3402

 1331 3402 3699

 3400 3700 1359

 3400 1359 117

 89 1332 3700

 89 3700 3400

 1332 88 3401

 1332 3401 3700

 3399 3701 1360

 3399 1360 118

 90 1333 3701

 90 3701 3399

 1333 89 3400

 1333 3400 3701

 3398 3702 1361

 3398 1361 119

 91 1334 3702

 91 3702 3398

 1334 90 3399

 1334 3399 3702

 3396 3703 1362

 3396 1362 121

 95 1337 3703

 95 3703 3396

 1337 94 3397

 1337 3397 3703

 3395 3704 1363

 3395 1363 122

 96 1338 3704

 96 3704 3395

 1338 95 3396

 1338 3396 3704

 3394 3705 1364

 3394 1364 123

 97 1339 3705

 97 3705 3394

 1339 96 3395

 1339 3395 3705

 3393 3706 1365

 3393 1365 124

 98 1340 3706

 98 3706 3393

 1340 97 3394

 1340 3394 3706

 3392 3707 1366

 3392 1366 125

 99 1341 3707

 99 3707 3392

 1341 98 3393

 1341 3393 3707

 3391 3708 1367

 3391 1367 126

 100 1342 3708

 100 3708 3391

 1342 99 3392

 1342 3392 3708

 3390 3709 1368

 3390 1368 127

 101 1343 3709

 101 3709 3390

 1343 100 3391

 1343 3391 3709

 3389 3710 1369

 3389 1369 128

 102 1344 3710

 102 3710 3389

 1344 101 3390

 1344 3390 3710

 3388 3711 1370

 3388 1370 129

 103 1345 3711

 103 3711 3388

 1345 102 3389

 1345 3389 3711

 3387 3712 1371

 3387 1371 130

 104 1346 3712

 104 3712 3387

 1346 103 3388

 1346 3388 3712

 3386 3713 1372

 3386 1372 131

 105 1347 3713

 105 3713 3386

 1347 104 3387

 1347 3387 3713

 3385 3714 1373

 3385 1373 132

 106 1348 3714

 106 3714 3385

 1348 105 3386

 1348 3386 3714

 3384 3715 1374

 3384 1374 133

 107 1349 3715

 107 3715 3384

 1349 106 3385

 1349 3385 3715

 3383 3716 1375

 3383 1375 134

 108 1350 3716

 108 3716 3383

 1350 107 3384

 1350 3384 3716

 3382 3717 1376

 3382 1376 135

 109 1351 3717

 109 3717 3382

 1351 108 3383

 1351 3383 3717

 3381 3718 1377

 3381 1377 136

 110 1352 3718

 110 3718 3381

 1352 109 3382

 1352 3382 3718

 3380 3719 1378

 3380 1378 137

 111 1353 3719

 111 3719 3380

 1353 110 3381

 1353 3381 3719

 3379 3720 1379

 3379 1379 138

 112 1354 3720

 112 3720 3379

 1354 111 3380

 1354 3380 3720

 3378 3721 1380

 3378 1380 139

 113 1355 3721

 113 3721 3378

 1355 112 3379

 1355 3379 3721

 3377 3722 1381

 3377 1381 140

 114 1356 3722

 114 3722 3377

 1356 113 3378

 1356 3378 3722

 3376 3723 1382

 3376 1382 141

 115 1357 3723

 115 3723 3376

 1357 114 3377

 1357 3377 3723

 3375 3724 1383

 3375 1383 142

 116 1358 3724

 116 3724 3375

 1358 115 3376

 1358 3376 3724

 3374 3725 1384

 3374 1384 143

 117 1359 3725

 117 3725 3374

 1359 116 3375

 1359 3375 3725

 3373 3726 1385

 3373 1385 144

 118 1360 3726

 118 3726 3373

 1360 117 3374

 1360 3374 3726

 3371 3727 1386

 3371 1386 146

 121 1362 3727

 121 3727 3371

 1362 120 3372

 1362 3372 3727

 3370 3728 1387

 3370 1387 147

 122 1363 3728

 122 3728 3370

 1363 121 3371

 1363 3371 3728

 3369 3729 1388

 3369 1388 148

 123 1364 3729

 123 3729 3369

 1364 122 3370

 1364 3370 3729

 3368 3730 1389

 3368 1389 149

 124 1365 3730

 124 3730 3368

 1365 123 3369

 1365 3369 3730

 3367 3731 1390

 3367 1390 150

 125 1366 3731

 125 3731 3367

 1366 124 3368

 1366 3368 3731

 3366 3732 1391

 3366 1391 151

 126 1367 3732

 126 3732 3366

 1367 125 3367

 1367 3367 3732

 3365 3733 1392

 3365 1392 152

 127 1368 3733

 127 3733 3365

 1368 126 3366

 1368 3366 3733

 3364 3734 1393

 3364 1393 153

 128 1369 3734

 128 3734 3364

 1369 127 3365

 1369 3365 3734

 3363 3735 1395

 3363 1395 155

 130 1371 3735

 130 3735 3363

 3362 3736 1396

 3362 1396 156

 131 1372 3736

 131 3736 3362

 1372 130 3363

 1372 3363 3736

 3361 3737 1397

 3361 1397 157

 132 1373 3737

 132 3737 3361

 1373 131 3362

 1373 3362 3737

 3360 3738 1398

 3360 1398 158

 133 1374 3738

 133 3738 3360

 1374 132 3361

 1374 3361 3738

 3359 3739 1399

 3359 1399 159

 134 1375 3739

 134 3739 3359

 1375 133 3360

 1375 3360 3739

 3358 3740 1400

 3358 1400 160

 135 1376 3740

 135 3740 3358

 1376 134 3359

 1376 3359 3740

 3357 3741 1401

 3357 1401 161

 136 1377 3741

 136 3741 3357

 1377 135 3358

 1377 3358 3741

 3356 3742 1402

 3356 1402 162

 137 1378 3742

 137 3742 3356

 1378 136 3357

 1378 3357 3742

 3355 3743 1403

 3355 1403 163

 138 1379 3743

 138 3743 3355

 1379 137 3356

 1379 3356 3743

 3354 3744 1404

 3354 1404 164

 139 1380 3744

 139 3744 3354

 1380 138 3355

 1380 3355 3744

 3353 3745 1405

 3353 1405 165

 140 1381 3745

 140 3745 3353

 1381 139 3354

 1381 3354 3745

 3352 3746 1406

 3352 1406 166

 141 1382 3746

 141 3746 3352

 1382 140 3353

 1382 3353 3746

 3351 3747 1407

 3351 1407 167

 142 1383 3747

 142 3747 3351

 1383 141 3352

 1383 3352 3747

 3349 3748 1408

 3349 1408 169

 146 1386 3748

 146 3748 3349

 1386 145 3350

 1386 3350 3748

 3348 3749 1409

 3348 1409 170

 147 1387 3749

 147 3749 3348

 1387 146 3349

 1387 3349 3749

 3347 3750 1410

 3347 1410 171

 148 1388 3750

 148 3750 3347

 1388 147 3348

 1388 3348 3750

 3346 3751 1411

 3346 1411 172

 149 1389 3751

 149 3751 3346

 1389 148 3347

 1389 3347 3751

 3345 3752 1412

 3345 1412 173

 150 1390 3752

 150 3752 3345

 1390 149 3346

 1390 3346 3752

 3344 3753 1413

 3344 1413 174

 151 1391 3753

 151 3753 3344

 1391 150 3345

 1391 3345 3753

 3343 3754 1414

 3343 1414 175

 152 1392 3754

 152 3754 3343

 1392 151 3344

 1392 3344 3754

 3342 3755 1415

 3342 1415 176

 153 1393 3755

 153 3755 3342

 1393 152 3343

 1393 3343 3755

 3341 3756 1416

 3341 1416 177

 154 1394 3756

 154 3756 3341

 1394 153 3342

 1394 3342 3756

 3340 3757 1417

 3340 1417 178

 155 1395 3757

 155 3757 3340

 1395 154 3341

 1395 3341 3757

 3339 3758 1418

 3339 1418 179

 156 1396 3758

 156 3758 3339

 1396 155 3340

 1396 3340 3758

 3338 3759 1419

 3338 1419 180

 157 1397 3759

 157 3759 3338

 1397 156 3339

 1397 3339 3759

 3337 3760 1420

 3337 1420 181

 158 1398 3760

 158 3760 3337

 1398 157 3338

 1398 3338 3760

 3336 3761 1421

 3336 1421 182

 159 1399 3761

 159 3761 3336

 1399 158 3337

 1399 3337 3761

 3335 3762 1422

 3335 1422 183

 160 1400 3762

 160 3762 3335

 1400 159 3336

 1400 3336 3762

 3334 3763 1423

 3334 1423 184

 161 1401 3763

 161 3763 3334

 1401 160 3335

 1401 3335 3763

 3333 3764 1424

 3333 1424 185

 162 1402 3764

 162 3764 3333

 1402 161 3334

 1402 3334 3764

 3332 3765 1425

 3332 1425 186

 163 1403 3765

 163 3765 3332

 1403 162 3333

 1403 3333 3765

 3331 3766 1426

 3331 1426 187

 164 1404 3766

 164 3766 3331

 1404 163 3332

 1404 3332 3766

 3330 3767 1427

 3330 1427 188

 165 1405 3767

 165 3767 3330

 1405 164 3331

 1405 3331 3767

 3328 3768 1428

 3328 1428 190

 169 1408 3768

 169 3768 3328

 1408 168 3329

 1408 3329 3768

 3327 3769 1429

 3327 1429 191

 170 1409 3769

 170 3769 3327

 1409 169 3328

 1409 3328 3769

 3326 3770 1430

 3326 1430 192

 171 1410 3770

 171 3770 3326

 1410 170 3327

 1410 3327 3770

 3325 3771 1431

 3325 1431 193

 172 1411 3771

 172 3771 3325

 1411 171 3326

 1411 3326 3771

 3324 3772 1432

 3324 1432 194

 173 1412 3772

 173 3772 3324

 1412 172 3325

 1412 3325 3772

 3323 3773 1433

 3323 1433 195

 174 1413 3773

 174 3773 3323

 1413 173 3324

 1413 3324 3773

 3322 3774 1434

 3322 1434 196

 175 1414 3774

 175 3774 3322

 1414 174 3323

 1414 3323 3774

 3321 3775 1435

 3321 1435 197

 176 1415 3775

 176 3775 3321

 1415 175 3322

 1415 3322 3775

 3320 3776 1436

 3320 1436 198

 177 1416 3776

 177 3776 3320

 1416 176 3321

 1416 3321 3776

 3319 3777 1437

 3319 1437 199

 178 1417 3777

 178 3777 3319

 1417 177 3320

 1417 3320 3777

 3318 3778 1438

 3318 1438 200

 179 1418 3778

 179 3778 3318

 1418 178 3319

 1418 3319 3778

 3317 3779 1439

 3317 1439 201

 180 1419 3779

 180 3779 3317

 1419 179 3318

 1419 3318 3779

 3316 3780 1440

 3316 1440 202

 181 1420 3780

 181 3780 3316

 1420 180 3317

 1420 3317 3780

 3315 3781 1441

 3315 1441 203

 182 1421 3781

 182 3781 3315

 1421 181 3316

 1421 3316 3781

 3314 3782 1442

 3314 1442 204

 183 1422 3782

 183 3782 3314

 1422 182 3315

 1422 3315 3782

 3312 3783 1444

 3312 1444 206

 185 1424 3783

 185 3783 3312

 1424 184 3313

 1424 3313 3783

 3311 3784 1445

 3311 1445 207

 186 1425 3784

 186 3784 3311

 1425 185 3312

 1425 3312 3784

 3310 3785 1446

 3310 1446 208

 187 1426 3785

 187 3785 3310

 1426 186 3311

 1426 3311 3785

 3309 3786 1447

 3309 1447 209

 188 1427 3786

 188 3786 3309

 1427 187 3310

 1427 3310 3786

 3307 3787 1450

 3307 1450 213

 190 1428 3787

 190 3787 3307

 1428 189 3308

 1428 3308 3787

 3306 3788 1451

 3306 1451 214

 191 1429 3788

 191 3788 3306

 1429 190 3307

 1429 3307 3788

 3305 3789 1452

 3305 1452 215

 192 1430 3789

 192 3789 3305

 1430 191 3306

 1430 3306 3789

 3304 3790 1453

 3304 1453 216

 193 1431 3790

 193 3790 3304

 1431 192 3305

 1431 3305 3790

 3303 3791 1454

 3303 1454 217

 194 1432 3791

 194 3791 3303

 1432 193 3304

 1432 3304 3791

 3302 3792 1455

 3302 1455 218

 195 1433 3792

 195 3792 3302

 1433 194 3303

 1433 3303 3792

 3301 3793 1456

 3301 1456 219

 196 1434 3793

 196 3793 3301

 1434 195 3302

 1434 3302 3793

 3300 3794 1457

 3300 1457 220

 197 1435 3794

 197 3794 3300

 1435 196 3301

 1435 3301 3794

 3299 3795 1458

 3299 1458 221

 198 1436 3795

 198 3795 3299

 1436 197 3300

 1436 3300 3795

 3298 3796 1459

 3298 1459 222

 199 1437 3796

 199 3796 3298

 1437 198 3299

 1437 3299 3796

 3297 3797 1460

 3297 1460 223

 200 1438 3797

 200 3797 3297

 1438 199 3298

 1438 3298 3797

 3296 3798 1461

 3296 1461 224

 201 1439 3798

 201 3798 3296

 1439 200 3297

 1439 3297 3798

 3295 3799 1462

 3295 1462 225

 202 1440 3799

 202 3799 3295

 1440 201 3296

 1440 3296 3799

 3294 3800 1463

 3294 1463 226

 203 1441 3800

 203 3800 3294

 1441 202 3295

 1441 3295 3800

 3293 3801 1464

 3293 1464 227

 204 1442 3801

 204 3801 3293

 1442 203 3294

 1442 3294 3801

 3292 3802 1465

 3292 1465 228

 205 1443 3802

 205 3802 3292

 1443 204 3293

 1443 3293 3802

 3291 3803 1466

 3291 1466 229

 206 1444 3803

 206 3803 3291

 1444 205 3292

 1444 3292 3803

 3290 3804 1467

 3290 1467 230

 207 1445 3804

 207 3804 3290

 1445 206 3291

 1445 3291 3804

 3289 3805 1468

 3289 1468 231

 208 1446 3805

 208 3805 3289

 1446 207 3290

 1446 3290 3805

 3288 3806 1469

 3288 1469 232

 209 1447 3806

 209 3806 3288

 1447 208 3289

 1447 3289 3806

 3287 3807 1470

 3287 1470 233

 210 1448 3807

 210 3807 3287

 1448 209 3288

 1448 3288 3807

 3285 3808 1472

 3285 1472 236

 212 1449 3808

 212 3808 3285

 1449 211 3286

 1449 3286 3808

 3284 3809 1473

 3284 1473 237

 213 1450 3809

 213 3809 3284

 1450 212 3285

 1450 3285 3809

 3283 3810 1474

 3283 1474 238

 214 1451 3810

 214 3810 3283

 1451 213 3284

 1451 3284 3810

 3282 3811 1475

 3282 1475 239

 215 1452 3811

 215 3811 3282

 1452 214 3283

 1452 3283 3811

 3281 3812 1476

 3281 1476 240

 216 1453 3812

 216 3812 3281

 1453 215 3282

 1453 3282 3812

 3280 3813 1477

 3280 1477 241

 217 1454 3813

 217 3813 3280

 1454 216 3281

 1454 3281 3813

 3279 3814 1478

 3279 1478 242

 218 1455 3814

 218 3814 3279

 1455 217 3280

 1455 3280 3814

 3278 3815 1479

 3278 1479 243

 219 1456 3815

 219 3815 3278

 1456 218 3279

 1456 3279 3815

 3277 3816 1480

 3277 1480 244

 220 1457 3816

 220 3816 3277

 1457 219 3278

 1457 3278 3816

 3276 3817 1481

 3276 1481 245

 221 1458 3817

 221 3817 3276

 1458 220 3277

 1458 3277 3817

 3275 3818 1482

 3275 1482 246

 222 1459 3818

 222 3818 3275

 1459 221 3276

 1459 3276 3818

 3274 3819 1483

 3274 1483 247

 223 1460 3819

 223 3819 3274

 1460 222 3275

 1460 3275 3819

 3273 3820 1484

 3273 1484 248

 224 1461 3820

 224 3820 3273

 1461 223 3274

 1461 3274 3820

 3272 3821 1485

 3272 1485 249

 225 1462 3821

 225 3821 3272

 1462 224 3273

 1462 3273 3821

 3270 3822 1486

 3270 1486 251

 227 1464 3822

 227 3822 3270

 1464 226 3271

 1464 3271 3822

 3269 3823 1487

 3269 1487 252

 228 1465 3823

 228 3823 3269

 1465 227 3270

 1465 3270 3823

 3268 3824 1488

 3268 1488 253

 229 1466 3824

 229 3824 3268

 1466 228 3269

 1466 3269 3824

 3267 3825 1489

 3267 1489 254

 230 1467 3825

 230 3825 3267

 1467 229 3268

 1467 3268 3825

 3266 3826 1490

 3266 1490 255

 231 1468 3826

 231 3826 3266

 1468 230 3267

 1468 3267 3826

 3265 3827 1491

 3265 1491 256

 232 1469 3827

 232 3827 3265

 1469 231 3266

 1469 3266 3827

 3264 3828 1492

 3264 1492 257

 233 1470 3828

 233 3828 3264

 1470 232 3265

 1470 3265 3828

 3263 3829 1493

 3263 1493 258

 234 1471 3829

 234 3829 3263

 1471 233 3264

 1471 3264 3829

 3261 3830 1494

 3261 1494 260

 236 1472 3830

 236 3830 3261

 1472 235 3262

 1472 3262 3830

 3260 3831 1495

 3260 1495 261

 237 1473 3831

 237 3831 3260

 1473 236 3261

 1473 3261 3831

 3259 3832 1496

 3259 1496 262

 238 1474 3832

 238 3832 3259

 1474 237 3260

 1474 3260 3832

 3258 3833 1497

 3258 1497 263

 239 1475 3833

 239 3833 3258

 1475 238 3259

 1475 3259 3833

 3257 3834 1498

 3257 1498 264

 240 1476 3834

 240 3834 3257

 1476 239 3258

 1476 3258 3834

 3256 3835 1499

 3256 1499 265

 241 1477 3835

 241 3835 3256

 1477 240 3257

 1477 3257 3835

 3255 3836 1500

 3255 1500 266

 242 1478 3836

 242 3836 3255

 1478 241 3256

 1478 3256 3836

 3254 3837 1501

 3254 1501 267

 243 1479 3837

 243 3837 3254

 1479 242 3255

 1479 3255 3837

 3253 3838 1502

 3253 1502 268

 244 1480 3838

 244 3838 3253

 1480 243 3254

 1480 3254 3838

 3252 3839 1503

 3252 1503 269

 245 1481 3839

 245 3839 3252

 1481 244 3253

 1481 3253 3839

 3251 3840 1504

 3251 1504 270

 246 1482 3840

 246 3840 3251

 1482 245 3252

 1482 3252 3840

 3250 3841 1505

 3250 1505 271

 247 1483 3841

 247 3841 3250

 1483 246 3251

 1483 3251 3841

 3249 3842 1506

 3249 1506 272

 248 1484 3842

 248 3842 3249

 1484 247 3250

 1484 3250 3842

 3248 3843 1507

 3248 1507 273

 249 1485 3843

 249 3843 3248

 1485 248 3249

 1485 3249 3843

 3246 3844 1509

 3246 1509 275

 251 1486 3844

 251 3844 3246

 1486 250 3247

 1486 3247 3844

 3245 3845 1510

 3245 1510 276

 252 1487 3845

 252 3845 3245

 1487 251 3246

 1487 3246 3845

 3244 3846 1511

 3244 1511 277

 253 1488 3846

 253 3846 3244

 1488 252 3245

 1488 3245 3846

 3243 3847 1512

 3243 1512 278

 254 1489 3847

 254 3847 3243

 1489 253 3244

 1489 3244 3847

 3242 3848 1513

 3242 1513 279

 255 1490 3848

 255 3848 3242

 1490 254 3243

 1490 3243 3848

 3241 3849 1514

 3241 1514 280

 256 1491 3849

 256 3849 3241

 1491 255 3242

 1491 3242 3849

 3240 3850 1515

 3240 1515 281

 257 1492 3850

 257 3850 3240

 1492 256 3241

 1492 3241 3850

 3239 3851 1516

 3239 1516 282

 258 1493 3851

 258 3851 3239

 1493 257 3240

 1493 3240 3851

 3237 3852 1518

 3237 1518 285

 260 1494 3852

 260 3852 3237

 1494 259 3238

 1494 3238 3852

 3236 3853 1519

 3236 1519 286

 261 1495 3853

 261 3853 3236

 1495 260 3237

 1495 3237 3853

 3235 3854 1520

 3235 1520 287

 262 1496 3854

 262 3854 3235

 1496 261 3236

 1496 3236 3854

 3234 3855 1521

 3234 1521 288

 263 1497 3855

 263 3855 3234

 1497 262 3235

 1497 3235 3855

 3233 3856 1522

 3233 1522 289

 264 1498 3856

 264 3856 3233

 1498 263 3234

 1498 3234 3856

 3232 3857 1523

 3232 1523 290

 265 1499 3857

 265 3857 3232

 1499 264 3233

 1499 3233 3857

 3231 3858 1524

 3231 1524 291

 266 1500 3858

 266 3858 3231

 1500 265 3232

 1500 3232 3858

 3230 3859 1525

 3230 1525 292

 267 1501 3859

 267 3859 3230

 1501 266 3231

 1501 3231 3859

 3229 3860 1526

 3229 1526 293

 268 1502 3860

 268 3860 3229

 1502 267 3230

 1502 3230 3860

 3228 3861 1527

 3228 1527 294

 269 1503 3861

 269 3861 3228

 1503 268 3229

 1503 3229 3861

 3227 3862 1528

 3227 1528 295

 270 1504 3862

 270 3862 3227

 1504 269 3228

 1504 3228 3862

 3226 3863 1529

 3226 1529 296

 271 1505 3863

 271 3863 3226

 1505 270 3227

 1505 3227 3863

 3225 3864 1530

 3225 1530 297

 272 1506 3864

 272 3864 3225

 1506 271 3226

 1506 3226 3864

 3224 3865 1531

 3224 1531 298

 273 1507 3865

 273 3865 3224

 1507 272 3225

 1507 3225 3865

 3223 3866 1532

 3223 1532 299

 274 1508 3866

 274 3866 3223

 1508 273 3224

 1508 3224 3866

 3222 3867 1533

 3222 1533 300

 275 1509 3867

 275 3867 3222

 1509 274 3223

 1509 3223 3867

 3221 3868 1534

 3221 1534 301

 276 1510 3868

 276 3868 3221

 1510 275 3222

 1510 3222 3868

 3220 3869 1535

 3220 1535 302

 277 1511 3869

 277 3869 3220

 1511 276 3221

 1511 3221 3869

 3219 3870 1536

 3219 1536 303

 278 1512 3870

 278 3870 3219

 1512 277 3220

 1512 3220 3870

 3218 3871 1537

 3218 1537 304

 279 1513 3871

 279 3871 3218

 1513 278 3219

 1513 3219 3871

 3217 3872 1538

 3217 1538 305

 280 1514 3872

 280 3872 3217

 1514 279 3218

 1514 3218 3872

 3216 3873 1539

 3216 1539 306

 281 1515 3873

 281 3873 3216

 1515 280 3217

 1515 3217 3873

 3215 3874 1540

 3215 1540 307

 282 1516 3874

 282 3874 3215

 1516 281 3216

 1516 3216 3874

 3214 3875 1541

 3214 1541 308

 283 1517 3875

 283 3875 3214

 1517 282 3215

 1517 3215 3875

 3212 3876 1544

 3212 1544 312

 285 1518 3876

 285 3876 3212

 1518 284 3213

 1518 3213 3876

 3211 3877 1545

 3211 1545 313

 286 1519 3877

 286 3877 3211

 1519 285 3212

 1519 3212 3877

 3210 3878 1546

 3210 1546 314

 287 1520 3878

 287 3878 3210

 1520 286 3211

 1520 3211 3878

 3209 3879 1547

 3209 1547 315

 288 1521 3879

 288 3879 3209

 1521 287 3210

 1521 3210 3879

 3208 3880 1548

 3208 1548 316

 289 1522 3880

 289 3880 3208

 1522 288 3209

 1522 3209 3880

 3207 3881 1549

 3207 1549 317

 290 1523 3881

 290 3881 3207

 1523 289 3208

 1523 3208 3881

 3206 3882 1550

 3206 1550 318

 291 1524 3882

 291 3882 3206

 1524 290 3207

 1524 3207 3882

 3205 3883 1551

 3205 1551 319

 292 1525 3883

 292 3883 3205

 1525 291 3206

 1525 3206 3883

 3204 3884 1552

 3204 1552 320

 293 1526 3884

 293 3884 3204

 1526 292 3205

 1526 3205 3884

 3203 3885 1553

 3203 1553 321

 294 1527 3885

 294 3885 3203

 1527 293 3204

 1527 3204 3885

 3202 3886 1554

 3202 1554 322

 295 1528 3886

 295 3886 3202

 1528 294 3203

 1528 3203 3886

 3201 3887 1555

 3201 1555 323

 296 1529 3887

 296 3887 3201

 1529 295 3202

 1529 3202 3887

 3200 3888 1556

 3200 1556 324

 297 1530 3888

 297 3888 3200

 1530 296 3201

 1530 3201 3888

 3199 3889 1557

 3199 1557 325

 298 1531 3889

 298 3889 3199

 1531 297 3200

 1531 3200 3889

 3198 3890 1558

 3198 1558 326

 299 1532 3890

 299 3890 3198

 1532 298 3199

 1532 3199 3890

 3197 3891 1559

 3197 1559 327

 300 1533 3891

 300 3891 3197

 1533 299 3198

 1533 3198 3891

 3196 3892 1560

 3196 1560 328

 301 1534 3892

 301 3892 3196

 1534 300 3197

 1534 3197 3892

 3195 3893 1561

 3195 1561 329

 302 1535 3893

 302 3893 3195

 1535 301 3196

 1535 3196 3893

 3194 3894 1562

 3194 1562 330

 303 1536 3894

 303 3894 3194

 1536 302 3195

 1536 3195 3894

 3193 3895 1563

 3193 1563 331

 304 1537 3895

 304 3895 3193

 1537 303 3194

 1537 3194 3895

 3192 3896 1564

 3192 1564 332

 305 1538 3896

 305 3896 3192

 1538 304 3193

 1538 3193 3896

 3191 3897 1565

 3191 1565 333

 306 1539 3897

 306 3897 3191

 1539 305 3192

 1539 3192 3897

 3190 3898 1566

 3190 1566 334

 307 1540 3898

 307 3898 3190

 1540 306 3191

 1540 3191 3898

 3189 3899 1567

 3189 1567 335

 308 1541 3899

 308 3899 3189

 1541 307 3190

 1541 3190 3899

 3188 3900 1568

 3188 1568 336

 309 1542 3900

 309 3900 3188

 1542 308 3189

 1542 3189 3900

 3186 3901 1570

 3186 1570 339

 311 1543 3901

 311 3901 3186

 1543 310 3187

 1543 3187 3901

 3185 3902 1571

 3185 1571 340

 312 1544 3902

 312 3902 3185

 1544 311 3186

 1544 3186 3902

 3184 3903 1572

 3184 1572 341

 313 1545 3903

 313 3903 3184

 1545 312 3185

 1545 3185 3903

 3183 3904 1573

 3183 1573 342

 314 1546 3904

 314 3904 3183

 1546 313 3184

 1546 3184 3904

 3182 3905 1574

 3182 1574 343

 315 1547 3905

 315 3905 3182

 1547 314 3183

 1547 3183 3905

 3181 3906 1575

 3181 1575 344

 316 1548 3906

 316 3906 3181

 1548 315 3182

 1548 3182 3906

 3180 3907 1576

 3180 1576 345

 317 1549 3907

 317 3907 3180

 1549 316 3181

 1549 3181 3907

 3179 3908 1577

 3179 1577 346

 318 1550 3908

 318 3908 3179

 1550 317 3180

 1550 3180 3908

 3178 3909 1578

 3178 1578 347

 319 1551 3909

 319 3909 3178

 1551 318 3179

 1551 3179 3909

 3176 3910 1580

 3176 1580 349

 321 1553 3910

 321 3910 3176

 1553 320 3177

 1553 3177 3910

 3175 3911 1581

 3175 1581 350

 322 1554 3911

 322 3911 3175

 1554 321 3176

 1554 3176 3911

 3174 3912 1582

 3174 1582 351

 323 1555 3912

 323 3912 3174

 1555 322 3175

 1555 3175 3912

 3173 3913 1583

 3173 1583 352

 324 1556 3913

 324 3913 3173

 1556 323 3174

 1556 3174 3913

 3172 3914 1584

 3172 1584 353

 325 1557 3914

 325 3914 3172

 1557 324 3173

 1557 3173 3914

 3171 3915 1585

 3171 1585 354

 326 1558 3915

 326 3915 3171

 1558 325 3172

 1558 3172 3915

 3170 3916 1586

 3170 1586 355

 327 1559 3916

 327 3916 3170

 1559 326 3171

 1559 3171 3916

 3169 3917 1587

 3169 1587 356

 328 1560 3917

 328 3917 3169

 1560 327 3170

 1560 3170 3917

 3168 3918 1588

 3168 1588 357

 329 1561 3918

 329 3918 3168

 1561 328 3169

 1561 3169 3918

 3167 3919 1589

 3167 1589 358

 330 1562 3919

 330 3919 3167

 1562 329 3168

 1562 3168 3919

 3166 3920 1590

 3166 1590 359

 331 1563 3920

 331 3920 3166

 1563 330 3167

 1563 3167 3920

 3165 3921 1591

 3165 1591 360

 332 1564 3921

 332 3921 3165

 1564 331 3166

 1564 3166 3921

 3164 3922 1592

 3164 1592 361

 333 1565 3922

 333 3922 3164

 1565 332 3165

 1565 3165 3922

 3163 3923 1593

 3163 1593 362

 334 1566 3923

 334 3923 3163

 1566 333 3164

 1566 3164 3923

 3162 3924 1594

 3162 1594 363

 335 1567 3924

 335 3924 3162

 1567 334 3163

 1567 3163 3924

 3161 3925 1595

 3161 1595 364

 336 1568 3925

 336 3925 3161

 1568 335 3162

 1568 3162 3925

 3159 3926 1602

 3159 1602 373

 338 1569 3926

 338 3926 3159

 1569 337 3160

 1569 3160 3926

 3158 3927 1603

 3158 1603 374

 339 1570 3927

 339 3927 3158

 1570 338 3159

 1570 3159 3927

 3157 3928 1604

 3157 1604 375

 340 1571 3928

 340 3928 3157

 1571 339 3158

 1571 3158 3928

 3156 3929 1605

 3156 1605 376

 341 1572 3929

 341 3929 3156

 1572 340 3157

 1572 3157 3929

 3155 3930 1606

 3155 1606 377

 342 1573 3930

 342 3930 3155

 1573 341 3156

 1573 3156 3930

 3154 3931 1607

 3154 1607 378

 343 1574 3931

 343 3931 3154

 1574 342 3155

 1574 3155 3931

 3153 3932 1608

 3153 1608 379

 344 1575 3932

 344 3932 3153

 1575 343 3154

 1575 3154 3932

 3152 3933 1609

 3152 1609 380

 345 1576 3933

 345 3933 3152

 1576 344 3153

 1576 3153 3933

 3151 3934 1610

 3151 1610 381

 346 1577 3934

 346 3934 3151

 1577 345 3152

 1577 3152 3934

 3150 3935 1611

 3150 1611 382

 347 1578 3935

 347 3935 3150

 1578 346 3151

 1578 3151 3935

 3149 3936 1612

 3149 1612 383

 348 1579 3936

 348 3936 3149

 1579 347 3150

 1579 3150 3936

 3148 3937 1613

 3148 1613 384

 349 1580 3937

 349 3937 3148

 1580 348 3149

 1580 3149 3937

 3147 3938 1614

 3147 1614 385

 350 1581 3938

 350 3938 3147

 1581 349 3148

 1581 3148 3938

 3146 3939 1615

 3146 1615 386

 351 1582 3939

 351 3939 3146

 1582 350 3147

 1582 3147 3939

 3145 3940 1616

 3145 1616 387

 352 1583 3940

 352 3940 3145

 1583 351 3146

 1583 3146 3940

 3144 3941 1617

 3144 1617 388

 353 1584 3941

 353 3941 3144

 1584 352 3145

 1584 3145 3941

 3143 3942 1618

 3143 1618 389

 354 1585 3942

 354 3942 3143

 1585 353 3144

 1585 3144 3942

 3142 3943 1619

 3142 1619 390

 355 1586 3943

 355 3943 3142

 1586 354 3143

 1586 3143 3943

 3140 3944 1621

 3140 1621 392

 357 1588 3944

 357 3944 3140

 1588 356 3141

 1588 3141 3944

 3139 3945 1622

 3139 1622 393

 358 1589 3945

 358 3945 3139

 1589 357 3140

 1589 3140 3945

 3138 3946 1623

 3138 1623 394

 359 1590 3946

 359 3946 3138

 1590 358 3139

 1590 3139 3946

 3137 3947 1624

 3137 1624 395

 360 1591 3947

 360 3947 3137

 1591 359 3138

 1591 3138 3947

 3136 3948 1625

 3136 1625 396

 361 1592 3948

 361 3948 3136

 1592 360 3137

 1592 3137 3948

 3135 3949 1626

 3135 1626 397

 362 1593 3949

 362 3949 3135

 1593 361 3136

 1593 3136 3949

 3134 3950 1627

 3134 1627 398

 363 1594 3950

 363 3950 3134

 1594 362 3135

 1594 3135 3950

 3133 3951 1628

 3133 1628 399

 364 1595 3951

 364 3951 3133

 1595 363 3134

 1595 3134 3951

 3131 3952 1629

 3131 1629 401

 366 1596 3952

 366 3952 3131

 1596 365 3132

 1596 3132 3952

 3130 3953 1630

 3130 1630 402

 367 1597 3953

 367 3953 3130

 1597 366 3131

 1597 3131 3953

 3129 3954 1631

 3129 1631 403

 368 1598 3954

 368 3954 3129

 1598 367 3130

 1598 3130 3954

 3128 3955 1632

 3128 1632 404

 369 1599 3955

 369 3955 3128

 1599 368 3129

 1599 3129 3955

 3126 3956 1635

 3126 1635 407

 371 1600 3956

 371 3956 3126

 1600 370 3127

 1600 3127 3956

 3125 3957 1636

 3125 1636 408

 372 1601 3957

 372 3957 3125

 1601 371 3126

 1601 3126 3957

 3124 3958 1637

 3124 1637 409

 373 1602 3958

 373 3958 3124

 1602 372 3125

 1602 3125 3958

 3123 3959 1638

 3123 1638 410

 374 1603 3959

 374 3959 3123

 1603 373 3124

 1603 3124 3959

 3122 3960 1639

 3122 1639 411

 375 1604 3960

 375 3960 3122

 1604 374 3123

 1604 3123 3960

 3121 3961 1640

 3121 1640 412

 376 1605 3961

 376 3961 3121

 1605 375 3122

 1605 3122 3961

 3120 3962 1641

 3120 1641 413

 377 1606 3962

 377 3962 3120

 1606 376 3121

 1606 3121 3962

 3118 3963 1643

 3118 1643 415

 379 1608 3963

 379 3963 3118

 1608 378 3119

 1608 3119 3963

 3117 3964 1644

 3117 1644 416

 380 1609 3964

 380 3964 3117

 1609 379 3118

 1609 3118 3964

 3116 3965 1645

 3116 1645 417

 381 1610 3965

 381 3965 3116

 1610 380 3117

 1610 3117 3965

 3115 3966 1646

 3115 1646 418

 382 1611 3966

 382 3966 3115

 1611 381 3116

 1611 3116 3966

 3114 3967 1647

 3114 1647 419

 383 1612 3967

 383 3967 3114

 1612 382 3115

 1612 3115 3967

 3113 3968 1648

 3113 1648 420

 384 1613 3968

 384 3968 3113

 1613 383 3114

 1613 3114 3968

 3112 3969 1649

 3112 1649 421

 385 1614 3969

 385 3969 3112

 1614 384 3113

 1614 3113 3969

 3111 3970 1650

 3111 1650 422

 386 1615 3970

 386 3970 3111

 1615 385 3112

 1615 3112 3970

 3110 3971 1651

 3110 1651 423

 387 1616 3971

 387 3971 3110

 1616 386 3111

 1616 3111 3971

 3109 3972 1652

 3109 1652 424

 388 1617 3972

 388 3972 3109

 1617 387 3110

 1617 3110 3972

 3108 3973 1653

 3108 1653 425

 389 1618 3973

 389 3973 3108

 1618 388 3109

 1618 3109 3973

 3107 3974 1654

 3107 1654 426

 390 1619 3974

 390 3974 3107

 1619 389 3108

 1619 3108 3974

 3106 3975 1655

 3106 1655 427

 391 1620 3975

 391 3975 3106

 1620 390 3107

 1620 3107 3975

 3105 3976 1656

 3105 1656 428

 392 1621 3976

 392 3976 3105

 1621 391 3106

 1621 3106 3976

 3104 3977 1657

 3104 1657 429

 393 1622 3977

 393 3977 3104

 1622 392 3105

 1622 3105 3977

 3103 3978 1658

 3103 1658 430

 394 1623 3978

 394 3978 3103

 1623 393 3104

 1623 3104 3978

 3102 3979 1659

 3102 1659 431

 395 1624 3979

 395 3979 3102

 1624 394 3103

 1624 3103 3979

 3101 3980 1660

 3101 1660 432

 396 1625 3980

 396 3980 3101

 1625 395 3102

 1625 3102 3980

 3100 3981 1661

 3100 1661 433

 397 1626 3981

 397 3981 3100

 1626 396 3101

 1626 3101 3981

 3099 3982 1662

 3099 1662 434

 398 1627 3982

 398 3982 3099

 1627 397 3100

 1627 3100 3982

 3098 3983 1663

 3098 1663 435

 399 1628 3983

 399 3983 3098

 1628 398 3099

 1628 3099 3983

 3096 3984 1665

 3096 1665 438

 401 1629 3984

 401 3984 3096

 1629 400 3097

 1629 3097 3984

 3095 3985 1666

 3095 1666 439

 402 1630 3985

 402 3985 3095

 1630 401 3096

 1630 3096 3985

 3094 3986 1667

 3094 1667 440

 403 1631 3986

 403 3986 3094

 1631 402 3095

 1631 3095 3986

 3093 3987 1668

 3093 1668 441

 404 1632 3987

 404 3987 3093

 1632 403 3094

 1632 3094 3987

 3092 3988 1669

 3092 1669 442

 405 1633 3988

 405 3988 3092

 1633 404 3093

 1633 3093 3988

 3091 3989 1670

 3091 1670 443

 406 1634 3989

 406 3989 3091

 1634 405 3092

 1634 3092 3989

 3090 3990 1671

 3090 1671 444

 407 1635 3990

 407 3990 3090

 1635 406 3091

 1635 3091 3990

 3089 3991 1672

 3089 1672 445

 408 1636 3991

 408 3991 3089

 1636 407 3090

 1636 3090 3991

 3088 3992 1673

 3088 1673 446

 409 1637 3992

 409 3992 3088

 1637 408 3089

 1637 3089 3992

 3087 3993 1674

 3087 1674 447

 410 1638 3993

 410 3993 3087

 1638 409 3088

 1638 3088 3993

 3086 3994 1675

 3086 1675 448

 411 1639 3994

 411 3994 3086

 1639 410 3087

 1639 3087 3994

 3085 3995 1676

 3085 1676 449

 412 1640 3995

 412 3995 3085

 1640 411 3086

 1640 3086 3995

 3084 3996 1677

 3084 1677 450

 413 1641 3996

 413 3996 3084

 1641 412 3085

 1641 3085 3996

 3083 3997 1678

 3083 1678 451

 414 1642 3997

 414 3997 3083

 1642 413 3084

 1642 3084 3997

 3082 3998 1679

 3082 1679 452

 415 1643 3998

 415 3998 3082

 1643 414 3083

 1643 3083 3998

 3081 3999 1680

 3081 1680 453

 416 1644 3999

 416 3999 3081

 1644 415 3082

 1644 3082 3999

 3080 4000 1681

 3080 1681 454

 417 1645 4000

 417 4000 3080

 1645 416 3081

 1645 3081 4000

 3079 4001 1682

 3079 1682 455

 418 1646 4001

 418 4001 3079

 1646 417 3080

 1646 3080 4001

 3078 4002 1683

 3078 1683 456

 419 1647 4002

 419 4002 3078

 1647 418 3079

 1647 3079 4002

 3077 4003 1684

 3077 1684 457

 420 1648 4003

 420 4003 3077

 1648 419 3078

 1648 3078 4003

 3076 4004 1685

 3076 1685 458

 421 1649 4004

 421 4004 3076

 1649 420 3077

 1649 3077 4004

 3075 4005 1686

 3075 1686 459

 422 1650 4005

 422 4005 3075

 1650 421 3076

 1650 3076 4005

 3074 4006 1687

 3074 1687 460

 423 1651 4006

 423 4006 3074

 1651 422 3075

 1651 3075 4006

 3073 4007 1688

 3073 1688 461

 424 1652 4007

 424 4007 3073

 1652 423 3074

 1652 3074 4007

 3072 4008 1689

 3072 1689 462

 425 1653 4008

 425 4008 3072

 1653 424 3073

 1653 3073 4008

 3071 4009 1690

 3071 1690 463

 426 1654 4009

 426 4009 3071

 1654 425 3072

 1654 3072 4009

 3070 4010 1691

 3070 1691 464

 427 1655 4010

 427 4010 3070

 1655 426 3071

 1655 3071 4010

 3069 4011 1692

 3069 1692 465

 428 1656 4011

 428 4011 3069

 1656 427 3070

 1656 3070 4011

 3068 4012 1693

 3068 1693 466

 429 1657 4012

 429 4012 3068

 1657 428 3069

 1657 3069 4012

 3067 4013 1694

 3067 1694 467

 430 1658 4013

 430 4013 3067

 1658 429 3068

 1658 3068 4013

 3066 4014 1695

 3066 1695 468

 431 1659 4014

 431 4014 3066

 1659 430 3067

 1659 3067 4014

 3065 4015 1696

 3065 1696 469

 432 1660 4015

 432 4015 3065

 1660 431 3066

 1660 3066 4015

 3064 4016 1697

 3064 1697 470

 433 1661 4016

 433 4016 3064

 1661 432 3065

 1661 3065 4016

 3063 4017 1698

 3063 1698 471

 434 1662 4017

 434 4017 3063

 1662 433 3064

 1662 3064 4017

 3062 4018 1699

 3062 1699 472

 435 1663 4018

 435 4018 3062

 1663 434 3063

 1663 3063 4018

 3061 4019 1700

 3061 1700 473

 436 1664 4019

 436 4019 3061

 1664 435 3062

 1664 3062 4019

 3059 4020 1701

 3059 1701 475

 438 1665 4020

 438 4020 3059

 1665 437 3060

 1665 3060 4020

 3058 4021 1702

 3058 1702 476

 439 1666 4021

 439 4021 3058

 1666 438 3059

 1666 3059 4021

 3057 4022 1703

 3057 1703 477

 440 1667 4022

 440 4022 3057

 1667 439 3058

 1667 3058 4022

 3056 4023 1704

 3056 1704 478

 441 1668 4023

 441 4023 3056

 1668 440 3057

 1668 3057 4023

 3055 4024 1705

 3055 1705 479

 442 1669 4024

 442 4024 3055

 1669 441 3056

 1669 3056 4024

 3054 4025 1706

 3054 1706 480

 443 1670 4025

 443 4025 3054

 1670 442 3055

 1670 3055 4025

 3053 4026 1707

 3053 1707 481

 444 1671 4026

 444 4026 3053

 1671 443 3054

 1671 3054 4026

 3052 4027 1708

 3052 1708 482

 445 1672 4027

 445 4027 3052

 1672 444 3053

 1672 3053 4027

 3051 4028 1709

 3051 1709 483

 446 1673 4028

 446 4028 3051

 1673 445 3052

 1673 3052 4028

 3050 4029 1710

 3050 1710 484

 447 1674 4029

 447 4029 3050

 1674 446 3051

 1674 3051 4029

 3049 4030 1711

 3049 1711 485

 448 1675 4030

 448 4030 3049

 1675 447 3050

 1675 3050 4030

 3048 4031 1712

 3048 1712 486

 449 1676 4031

 449 4031 3048

 1676 448 3049

 1676 3049 4031

 3047 4032 1713

 3047 1713 487

 450 1677 4032

 450 4032 3047

 1677 449 3048

 1677 3048 4032

 3046 4033 1714

 3046 1714 488

 451 1678 4033

 451 4033 3046

 1678 450 3047

 1678 3047 4033

 3045 4034 1715

 3045 1715 489

 452 1679 4034

 452 4034 3045

 1679 451 3046

 1679 3046 4034

 3044 4035 1716

 3044 1716 490

 453 1680 4035

 453 4035 3044

 1680 452 3045

 1680 3045 4035

 3043 4036 1717

 3043 1717 491

 454 1681 4036

 454 4036 3043

 1681 453 3044

 1681 3044 4036

 3042 4037 1718

 3042 1718 492

 455 1682 4037

 455 4037 3042

 1682 454 3043

 1682 3043 4037

 3041 4038 1719

 3041 1719 493

 456 1683 4038

 456 4038 3041

 1683 455 3042

 1683 3042 4038

 3040 4039 1720

 3040 1720 494

 457 1684 4039

 457 4039 3040

 1684 456 3041

 1684 3041 4039

 3039 4040 1721

 3039 1721 495

 458 1685 4040

 458 4040 3039

 1685 457 3040

 1685 3040 4040

 3038 4041 1722

 3038 1722 496

 459 1686 4041

 459 4041 3038

 1686 458 3039

 1686 3039 4041

 3037 4042 1723

 3037 1723 497

 460 1687 4042

 460 4042 3037

 1687 459 3038

 1687 3038 4042

 3036 4043 1724

 3036 1724 498

 461 1688 4043

 461 4043 3036

 1688 460 3037

 1688 3037 4043

 3035 4044 1725

 3035 1725 499

 462 1689 4044

 462 4044 3035

 1689 461 3036

 1689 3036 4044

 3034 4045 1726

 3034 1726 500

 463 1690 4045

 463 4045 3034

 1690 462 3035

 1690 3035 4045

 3033 4046 1727

 3033 1727 501

 464 1691 4046

 464 4046 3033

 1691 463 3034

 1691 3034 4046

 3032 4047 1728

 3032 1728 502

 465 1692 4047

 465 4047 3032

 1692 464 3033

 1692 3033 4047

 3031 4048 1729

 3031 1729 503

 466 1693 4048

 466 4048 3031

 1693 465 3032

 1693 3032 4048

 3030 4049 1730

 3030 1730 504

 467 1694 4049

 467 4049 3030

 1694 466 3031

 1694 3031 4049

 3029 4050 1731

 3029 1731 505

 468 1695 4050

 468 4050 3029

 1695 467 3030

 1695 3030 4050

 3028 4051 1732

 3028 1732 506

 469 1696 4051

 469 4051 3028

 1696 468 3029

 1696 3029 4051

 3027 4052 1733

 3027 1733 507

 470 1697 4052

 470 4052 3027

 1697 469 3028

 1697 3028 4052

 3026 4053 1734

 3026 1734 508

 471 1698 4053

 471 4053 3026

 1698 470 3027

 1698 3027 4053

 3025 4054 1735

 3025 1735 509

 472 1699 4054

 472 4054 3025

 1699 471 3026

 1699 3026 4054

 3024 4055 1736

 3024 1736 510

 473 1700 4055

 473 4055 3024

 1700 472 3025

 1700 3025 4055

 3022 4056 1737

 3022 1737 512

 477 1703 4056

 477 4056 3022

 1703 476 3023

 1703 3023 4056

 3021 4057 1738

 3021 1738 513

 478 1704 4057

 478 4057 3021

 1704 477 3022

 1704 3022 4057

 3020 4058 1739

 3020 1739 514

 479 1705 4058

 479 4058 3020

 1705 478 3021

 1705 3021 4058

 3019 4059 1740

 3019 1740 515

 480 1706 4059

 480 4059 3019

 1706 479 3020

 1706 3020 4059

 3018 4060 1741

 3018 1741 516

 481 1707 4060

 481 4060 3018

 1707 480 3019

 1707 3019 4060

 3017 4061 1742

 3017 1742 517

 482 1708 4061

 482 4061 3017

 1708 481 3018

 1708 3018 4061

 3016 4062 1743

 3016 1743 518

 483 1709 4062

 483 4062 3016

 1709 482 3017

 1709 3017 4062

 3015 4063 1744

 3015 1744 519

 484 1710 4063

 484 4063 3015

 1710 483 3016

 1710 3016 4063

 3014 4064 1745

 3014 1745 520

 485 1711 4064

 485 4064 3014

 1711 484 3015

 1711 3015 4064

 3013 4065 1746

 3013 1746 521

 486 1712 4065

 486 4065 3013

 1712 485 3014

 1712 3014 4065

 3012 4066 1747

 3012 1747 522

 487 1713 4066

 487 4066 3012

 1713 486 3013

 1713 3013 4066

 3011 4067 1748

 3011 1748 523

 488 1714 4067

 488 4067 3011

 1714 487 3012

 1714 3012 4067

 3010 4068 1749

 3010 1749 524

 489 1715 4068

 489 4068 3010

 1715 488 3011

 1715 3011 4068

 3009 4069 1750

 3009 1750 525

 490 1716 4069

 490 4069 3009

 1716 489 3010

 1716 3010 4069

 3008 4070 1751

 3008 1751 526

 491 1717 4070

 491 4070 3008

 1717 490 3009

 1717 3009 4070

 3007 4071 1752

 3007 1752 527

 492 1718 4071

 492 4071 3007

 1718 491 3008

 1718 3008 4071

 3006 4072 1753

 3006 1753 528

 493 1719 4072

 493 4072 3006

 1719 492 3007

 1719 3007 4072

 3005 4073 1754

 3005 1754 529

 494 1720 4073

 494 4073 3005

 1720 493 3006

 1720 3006 4073

 3004 4074 1755

 3004 1755 530

 495 1721 4074

 495 4074 3004

 1721 494 3005

 1721 3005 4074

 3003 4075 1756

 3003 1756 531

 496 1722 4075

 496 4075 3003

 1722 495 3004

 1722 3004 4075

 3002 4076 1757

 3002 1757 532

 497 1723 4076

 497 4076 3002

 1723 496 3003

 1723 3003 4076

 3001 4077 1758

 3001 1758 533

 498 1724 4077

 498 4077 3001

 1724 497 3002

 1724 3002 4077

 3000 4078 1759

 3000 1759 534

 499 1725 4078

 499 4078 3000

 1725 498 3001

 1725 3001 4078

 2999 4079 1760

 2999 1760 535

 500 1726 4079

 500 4079 2999

 1726 499 3000

 1726 3000 4079

 2998 4080 1761

 2998 1761 536

 501 1727 4080

 501 4080 2998

 1727 500 2999

 1727 2999 4080

 2997 4081 1762

 2997 1762 537

 502 1728 4081

 502 4081 2997

 1728 501 2998

 1728 2998 4081

 2996 4082 1763

 2996 1763 538

 503 1729 4082

 503 4082 2996

 1729 502 2997

 1729 2997 4082

 2995 4083 1764

 2995 1764 539

 504 1730 4083

 504 4083 2995

 1730 503 2996

 1730 2996 4083

 2994 4084 1765

 2994 1765 540

 505 1731 4084

 505 4084 2994

 1731 504 2995

 1731 2995 4084

 2993 4085 1766

 2993 1766 541

 506 1732 4085

 506 4085 2993

 1732 505 2994

 1732 2994 4085

 2992 4086 1767

 2992 1767 542

 507 1733 4086

 507 4086 2992

 1733 506 2993

 1733 2993 4086

 2991 4087 1768

 2991 1768 543

 508 1734 4087

 508 4087 2991

 1734 507 2992

 1734 2992 4087

 2990 4088 1769

 2990 1769 544

 509 1735 4088

 509 4088 2990

 1735 508 2991

 1735 2991 4088

 2989 4089 1770

 2989 1770 545

 510 1736 4089

 510 4089 2989

 1736 509 2990

 1736 2990 4089

 2987 4090 1771

 2987 1771 547

 514 1739 4090

 514 4090 2987

 1739 513 2988

 1739 2988 4090

 2986 4091 1772

 2986 1772 548

 515 1740 4091

 515 4091 2986

 1740 514 2987

 1740 2987 4091

 2984 4092 1773

 2984 1773 550

 520 1745 4092

 520 4092 2984

 1745 519 2985

 1745 2985 4092

 2983 4093 1774

 2983 1774 551

 521 1746 4093

 521 4093 2983

 1746 520 2984

 1746 2984 4093

 2982 4094 1775

 2982 1775 552

 522 1747 4094

 522 4094 2982

 1747 521 2983

 1747 2983 4094

 2981 4095 1776

 2981 1776 553

 523 1748 4095

 523 4095 2981

 1748 522 2982

 1748 2982 4095

 2980 4096 1777

 2980 1777 554

 524 1749 4096

 524 4096 2980

 1749 523 2981

 1749 2981 4096

 2979 4097 1778

 2979 1778 555

 525 1750 4097

 525 4097 2979

 1750 524 2980

 1750 2980 4097

 2978 4098 1779

 2978 1779 556

 526 1751 4098

 526 4098 2978

 1751 525 2979

 1751 2979 4098

 2977 4099 1780

 2977 1780 557

 527 1752 4099

 527 4099 2977

 1752 526 2978

 1752 2978 4099

 2976 4100 1781

 2976 1781 558

 528 1753 4100

 528 4100 2976

 1753 527 2977

 1753 2977 4100

 2975 4101 1782

 2975 1782 559

 529 1754 4101

 529 4101 2975

 1754 528 2976

 1754 2976 4101

 2974 4102 1783

 2974 1783 560

 530 1755 4102

 530 4102 2974

 1755 529 2975

 1755 2975 4102

 2973 4103 1784

 2973 1784 561

 531 1756 4103

 531 4103 2973

 1756 530 2974

 1756 2974 4103

 2972 4104 1785

 2972 1785 562

 532 1757 4104

 532 4104 2972

 1757 531 2973

 1757 2973 4104

 2971 4105 1786

 2971 1786 563

 533 1758 4105

 533 4105 2971

 1758 532 2972

 1758 2972 4105

 2970 4106 1787

 2970 1787 564

 534 1759 4106

 534 4106 2970

 1759 533 2971

 1759 2971 4106

 2969 4107 1788

 2969 1788 565

 535 1760 4107

 535 4107 2969

 1760 534 2970

 1760 2970 4107

 2968 4108 1789

 2968 1789 566

 536 1761 4108

 536 4108 2968

 1761 535 2969

 1761 2969 4108

 2967 4109 1790

 2967 1790 567

 537 1762 4109

 537 4109 2967

 1762 536 2968

 1762 2968 4109

 2966 4110 1791

 2966 1791 568

 538 1763 4110

 538 4110 2966

 1763 537 2967

 1763 2967 4110

 2965 4111 1792

 2965 1792 569

 539 1764 4111

 539 4111 2965

 1764 538 2966

 1764 2966 4111

 2964 4112 1793

 2964 1793 570

 540 1765 4112

 540 4112 2964

 1765 539 2965

 1765 2965 4112

 2963 4113 1794

 2963 1794 571

 541 1766 4113

 541 4113 2963

 1766 540 2964

 1766 2964 4113

 2962 4114 1795

 2962 1795 572

 542 1767 4114

 542 4114 2962

 1767 541 2963

 1767 2963 4114

 2961 4115 1796

 2961 1796 573

 543 1768 4115

 543 4115 2961

 1768 542 2962

 1768 2962 4115

 2960 4116 1797

 2960 1797 574

 544 1769 4116

 544 4116 2960

 1769 543 2961

 1769 2961 4116

 2958 4117 1798

 2958 1798 576

 547 1771 4117

 547 4117 2958

 1771 546 2959

 1771 2959 4117

 2957 4118 1799

 2957 1799 577

 548 1772 4118

 548 4118 2957

 1772 547 2958

 1772 2958 4118

 2955 4119 1800

 2955 1800 579

 550 1773 4119

 550 4119 2955

 1773 549 2956

 1773 2956 4119

 2954 4120 1801

 2954 1801 580

 551 1774 4120

 551 4120 2954

 1774 550 2955

 1774 2955 4120

 2953 4121 1802

 2953 1802 581

 552 1775 4121

 552 4121 2953

 1775 551 2954

 1775 2954 4121

 2952 4122 1803

 2952 1803 582

 553 1776 4122

 553 4122 2952

 1776 552 2953

 1776 2953 4122

 2951 4123 1804

 2951 1804 583

 554 1777 4123

 554 4123 2951

 1777 553 2952

 1777 2952 4123

 2950 4124 1805

 2950 1805 584

 555 1778 4124

 555 4124 2950

 1778 554 2951

 1778 2951 4124

 2949 4125 1806

 2949 1806 585

 556 1779 4125

 556 4125 2949

 1779 555 2950

 1779 2950 4125

 2948 4126 1807

 2948 1807 586

 557 1780 4126

 557 4126 2948

 1780 556 2949

 1780 2949 4126

 2947 4127 1808

 2947 1808 587

 558 1781 4127

 558 4127 2947

 1781 557 2948

 1781 2948 4127

 2946 4128 1809

 2946 1809 588

 559 1782 4128

 559 4128 2946

 1782 558 2947

 1782 2947 4128

 2944 4129 1811

 2944 1811 590

 561 1784 4129

 561 4129 2944

 1784 560 2945

 1784 2945 4129

 2943 4130 1812

 2943 1812 591

 562 1785 4130

 562 4130 2943

 1785 561 2944

 1785 2944 4130

 2942 4131 1813

 2942 1813 592

 563 1786 4131

 563 4131 2942

 1786 562 2943

 1786 2943 4131

 2941 4132 1814

 2941 1814 593

 564 1787 4132

 564 4132 2941

 1787 563 2942

 1787 2942 4132

 2940 4133 1815

 2940 1815 594

 565 1788 4133

 565 4133 2940

 1788 564 2941

 1788 2941 4133

 2939 4134 1816

 2939 1816 595

 566 1789 4134

 566 4134 2939

 1789 565 2940

 1789 2940 4134

 2938 4135 1817

 2938 1817 596

 567 1790 4135

 567 4135 2938

 1790 566 2939

 1790 2939 4135

 2937 4136 1818

 2937 1818 597

 568 1791 4136

 568 4136 2937

 1791 567 2938

 1791 2938 4136

 2936 4137 1819

 2936 1819 598

 569 1792 4137

 569 4137 2936

 1792 568 2937

 1792 2937 4137

 2935 4138 1820

 2935 1820 599

 570 1793 4138

 570 4138 2935

 1793 569 2936

 1793 2936 4138

 2934 4139 1821

 2934 1821 600

 571 1794 4139

 571 4139 2934

 1794 570 2935

 1794 2935 4139

 2933 4140 1822

 2933 1822 601

 572 1795 4140

 572 4140 2933

 1795 571 2934

 1795 2934 4140

 2932 4141 1823

 2932 1823 602

 573 1796 4141

 573 4141 2932

 1796 572 2933

 1796 2933 4141

 2930 4142 1828

 2930 1828 609

 576 1798 4142

 576 4142 2930

 1798 575 2931

 1798 2931 4142

 2929 4143 1829

 2929 1829 610

 577 1799 4143

 577 4143 2929

 1799 576 2930

 1799 2930 4143

 2927 4144 1830

 2927 1830 612

 579 1800 4144

 579 4144 2927

 1800 578 2928

 1800 2928 4144

 2926 4145 1831

 2926 1831 613

 580 1801 4145

 580 4145 2926

 1801 579 2927

 1801 2927 4145

 2925 4146 1832

 2925 1832 614

 581 1802 4146

 581 4146 2925

 1802 580 2926

 1802 2926 4146

 2924 4147 1833

 2924 1833 615

 582 1803 4147

 582 4147 2924

 1803 581 2925

 1803 2925 4147

 2923 4148 1834

 2923 1834 616

 583 1804 4148

 583 4148 2923

 1804 582 2924

 1804 2924 4148

 2922 4149 1835

 2922 1835 617

 584 1805 4149

 584 4149 2922

 1805 583 2923

 1805 2923 4149

 2921 4150 1836

 2921 1836 618

 585 1806 4150

 585 4150 2921

 1806 584 2922

 1806 2922 4150

 2920 4151 1837

 2920 1837 619

 586 1807 4151

 586 4151 2920

 1807 585 2921

 1807 2921 4151

 2919 4152 1838

 2919 1838 620

 587 1808 4152

 587 4152 2919

 1808 586 2920

 1808 2920 4152

 2918 4153 1839

 2918 1839 621

 588 1809 4153

 588 4153 2918

 1809 587 2919

 1809 2919 4153

 2917 4154 1840

 2917 1840 622

 589 1810 4154

 589 4154 2917

 1810 588 2918

 1810 2918 4154

 2916 4155 1841

 2916 1841 623

 590 1811 4155

 590 4155 2916

 1811 589 2917

 1811 2917 4155

 2915 4156 1842

 2915 1842 624

 591 1812 4156

 591 4156 2915

 1812 590 2916

 1812 2916 4156

 2914 4157 1843

 2914 1843 625

 592 1813 4157

 592 4157 2914

 1813 591 2915

 1813 2915 4157

 2913 4158 1844

 2913 1844 626

 593 1814 4158

 593 4158 2913

 1814 592 2914

 1814 2914 4158

 2912 4159 1845

 2912 1845 627

 594 1815 4159

 594 4159 2912

 1815 593 2913

 1815 2913 4159

 2911 4160 1846

 2911 1846 628

 595 1816 4160

 595 4160 2911

 1816 594 2912

 1816 2912 4160

 2910 4161 1847

 2910 1847 629

 596 1817 4161

 596 4161 2910

 1817 595 2911

 1817 2911 4161

 2909 4162 1848

 2909 1848 630

 597 1818 4162

 597 4162 2909

 1818 596 2910

 1818 2910 4162

 2908 4163 1849

 2908 1849 631

 598 1819 4163

 598 4163 2908

 1819 597 2909

 1819 2909 4163

 2907 4164 1850

 2907 1850 632

 599 1820 4164

 599 4164 2907

 1820 598 2908

 1820 2908 4164

 2906 4165 1851

 2906 1851 633

 600 1821 4165

 600 4165 2906

 1821 599 2907

 1821 2907 4165

 2904 4166 1852

 2904 1852 635

 604 1824 4166

 604 4166 2904

 1824 603 2905

 1824 2905 4166

 2903 4167 1853

 2903 1853 636

 605 1825 4167

 605 4167 2903

 1825 604 2904

 1825 2904 4167

 2902 4168 1854

 2902 1854 637

 606 1826 4168

 606 4168 2902

 1826 605 2903

 1826 2903 4168

 2901 4169 1855

 2901 1855 638

 607 1827 4169

 607 4169 2901

 1827 606 2902

 1827 2902 4169

 2899 4170 1859

 2899 1859 642

 609 1828 4170

 609 4170 2899

 1828 608 2900

 1828 2900 4170

 2897 4171 1860

 2897 1860 644

 612 1830 4171

 612 4171 2897

 1830 611 2898

 1830 2898 4171

 2896 4172 1861

 2896 1861 645

 613 1831 4172

 613 4172 2896

 1831 612 2897

 1831 2897 4172

 2895 4173 1862

 2895 1862 646

 614 1832 4173

 614 4173 2895

 1832 613 2896

 1832 2896 4173

 2894 4174 1863

 2894 1863 647

 615 1833 4174

 615 4174 2894

 1833 614 2895

 1833 2895 4174

 2893 4175 1864

 2893 1864 648

 616 1834 4175

 616 4175 2893

 1834 615 2894

 1834 2894 4175

 2892 4176 1865

 2892 1865 649

 617 1835 4176

 617 4176 2892

 1835 616 2893

 1835 2893 4176

 2891 4177 1866

 2891 1866 650

 618 1836 4177

 618 4177 2891

 1836 617 2892

 1836 2892 4177

 2890 4178 1867

 2890 1867 651

 619 1837 4178

 619 4178 2890

 1837 618 2891

 1837 2891 4178

 2889 4179 1868

 2889 1868 652

 620 1838 4179

 620 4179 2889

 1838 619 2890

 1838 2890 4179

 2888 4180 1869

 2888 1869 653

 621 1839 4180

 621 4180 2888

 1839 620 2889

 1839 2889 4180

 2887 4181 1870

 2887 1870 654

 622 1840 4181

 622 4181 2887

 1840 621 2888

 1840 2888 4181

 2886 4182 1871

 2886 1871 655

 623 1841 4182

 623 4182 2886

 1841 622 2887

 1841 2887 4182

 2885 4183 1872

 2885 1872 656

 624 1842 4183

 624 4183 2885

 1842 623 2886

 1842 2886 4183

 2884 4184 1873

 2884 1873 657

 625 1843 4184

 625 4184 2884

 1843 624 2885

 1843 2885 4184

 2883 4185 1874

 2883 1874 658

 626 1844 4185

 626 4185 2883

 1844 625 2884

 1844 2884 4185

 2882 4186 1875

 2882 1875 659

 627 1845 4186

 627 4186 2882

 1845 626 2883

 1845 2883 4186

 2881 4187 1876

 2881 1876 660

 628 1846 4187

 628 4187 2881

 1846 627 2882

 1846 2882 4187

 2880 4188 1877

 2880 1877 661

 629 1847 4188

 629 4188 2880

 1847 628 2881

 1847 2881 4188

 2879 4189 1878

 2879 1878 662

 630 1848 4189

 630 4189 2879

 1848 629 2880

 1848 2880 4189

 2878 4190 1879

 2878 1879 663

 631 1849 4190

 631 4190 2878

 1849 630 2879

 1849 2879 4190

 2876 4191 1880

 2876 1880 665

 635 1852 4191

 635 4191 2876

 1852 634 2877

 1852 2877 4191

 2875 4192 1881

 2875 1881 666

 636 1853 4192

 636 4192 2875

 1853 635 2876

 1853 2876 4192

 2874 4193 1882

 2874 1882 667

 637 1854 4193

 637 4193 2874

 1854 636 2875

 1854 2875 4193

 2873 4194 1883

 2873 1883 668

 638 1855 4194

 638 4194 2873

 1855 637 2874

 1855 2874 4194

 2872 4195 1884

 2872 1884 669

 639 1856 4195

 639 4195 2872

 1856 638 2873

 1856 2873 4195

 2871 4196 1885

 2871 1885 670

 640 1857 4196

 640 4196 2871

 1857 639 2872

 1857 2872 4196

 2870 4197 1886

 2870 1886 671

 641 1858 4197

 641 4197 2870

 1858 640 2871

 1858 2871 4197

 2869 4198 1887

 2869 1887 672

 642 1859 4198

 642 4198 2869

 1859 641 2870

 1859 2870 4198

 2867 4199 1889

 2867 1889 675

 644 1860 4199

 644 4199 2867

 1860 643 2868

 1860 2868 4199

 2866 4200 1890

 2866 1890 676

 645 1861 4200

 645 4200 2866

 1861 644 2867

 1861 2867 4200

 2865 4201 1891

 2865 1891 677

 646 1862 4201

 646 4201 2865

 1862 645 2866

 1862 2866 4201

 2864 4202 1892

 2864 1892 678

 647 1863 4202

 647 4202 2864

 1863 646 2865

 1863 2865 4202

 2863 4203 1893

 2863 1893 679

 648 1864 4203

 648 4203 2863

 1864 647 2864

 1864 2864 4203

 2862 4204 1894

 2862 1894 680

 649 1865 4204

 649 4204 2862

 1865 648 2863

 1865 2863 4204

 2861 4205 1895

 2861 1895 681

 650 1866 4205

 650 4205 2861

 1866 649 2862

 1866 2862 4205

 2860 4206 1896

 2860 1896 682

 651 1867 4206

 651 4206 2860

 1867 650 2861

 1867 2861 4206

 2859 4207 1897

 2859 1897 683

 652 1868 4207

 652 4207 2859

 1868 651 2860

 1868 2860 4207

 2858 4208 1898

 2858 1898 684

 653 1869 4208

 653 4208 2858

 1869 652 2859

 1869 2859 4208

 2857 4209 1899

 2857 1899 685

 654 1870 4209

 654 4209 2857

 1870 653 2858

 1870 2858 4209

 2856 4210 1900

 2856 1900 686

 655 1871 4210

 655 4210 2856

 1871 654 2857

 1871 2857 4210

 2855 4211 1901

 2855 1901 687

 656 1872 4211

 656 4211 2855

 1872 655 2856

 1872 2856 4211

 2854 4212 1902

 2854 1902 688

 657 1873 4212

 657 4212 2854

 1873 656 2855

 1873 2855 4212

 2853 4213 1903

 2853 1903 689

 658 1874 4213

 658 4213 2853

 1874 657 2854

 1874 2854 4213

 2852 4214 1904

 2852 1904 690

 659 1875 4214

 659 4214 2852

 1875 658 2853

 1875 2853 4214

 2850 4215 1905

 2850 1905 692

 665 1880 4215

 665 4215 2850

 1880 664 2851

 1880 2851 4215

 2849 4216 1906

 2849 1906 693

 666 1881 4216

 666 4216 2849

 1881 665 2850

 1881 2850 4216

 2848 4217 1907

 2848 1907 694

 667 1882 4217

 667 4217 2848

 1882 666 2849

 1882 2849 4217

 2847 4218 1908

 2847 1908 695

 668 1883 4218

 668 4218 2847

 1883 667 2848

 1883 2848 4218

 2846 4219 1909

 2846 1909 696

 669 1884 4219

 669 4219 2846

 1884 668 2847

 1884 2847 4219

 2845 4220 1910

 2845 1910 697

 670 1885 4220

 670 4220 2845

 1885 669 2846

 1885 2846 4220

 2844 4221 1911

 2844 1911 698

 671 1886 4221

 671 4221 2844

 1886 670 2845

 1886 2845 4221

 2843 4222 1912

 2843 1912 699

 672 1887 4222

 672 4222 2843

 1887 671 2844

 1887 2844 4222

 2841 4223 1917

 2841 1917 704

 674 1888 4223

 674 4223 2841

 1888 673 2842

 1888 2842 4223

 2840 4224 1918

 2840 1918 705

 675 1889 4224

 675 4224 2840

 1889 674 2841

 1889 2841 4224

 2839 4225 1919

 2839 1919 706

 676 1890 4225

 676 4225 2839

 1890 675 2840

 1890 2840 4225

 2838 4226 1920

 2838 1920 707

 677 1891 4226

 677 4226 2838

 1891 676 2839

 1891 2839 4226

 2837 4227 1921

 2837 1921 708

 678 1892 4227

 678 4227 2837

 1892 677 2838

 1892 2838 4227

 2836 4228 1922

 2836 1922 709

 679 1893 4228

 679 4228 2836

 1893 678 2837

 1893 2837 4228

 2835 4229 1923

 2835 1923 710

 680 1894 4229

 680 4229 2835

 1894 679 2836

 1894 2836 4229

 2834 4230 1924

 2834 1924 711

 681 1895 4230

 681 4230 2834

 1895 680 2835

 1895 2835 4230

 2833 4231 1925

 2833 1925 712

 682 1896 4231

 682 4231 2833

 1896 681 2834

 1896 2834 4231

 2832 4232 1926

 2832 1926 713

 683 1897 4232

 683 4232 2832

 1897 682 2833

 1897 2833 4232

 2831 4233 1927

 2831 1927 714

 684 1898 4233

 684 4233 2831

 1898 683 2832

 1898 2832 4233

 2830 4234 1928

 2830 1928 715

 685 1899 4234

 685 4234 2830

 1899 684 2831

 1899 2831 4234

 2829 4235 1929

 2829 1929 716

 686 1900 4235

 686 4235 2829

 1900 685 2830

 1900 2830 4235

 2828 4236 1930

 2828 1930 717

 687 1901 4236

 687 4236 2828

 1901 686 2829

 1901 2829 4236

 2827 4237 1931

 2827 1931 718

 688 1902 4237

 688 4237 2827

 1902 687 2828

 1902 2828 4237

 2826 4238 1932

 2826 1932 719

 689 1903 4238

 689 4238 2826

 1903 688 2827

 1903 2827 4238

 2825 4239 1933

 2825 1933 720

 690 1904 4239

 690 4239 2825

 1904 689 2826

 1904 2826 4239

 2823 4240 1934

 2823 1934 722

 694 1907 4240

 694 4240 2823

 1907 693 2824

 1907 2824 4240

 2822 4241 1935

 2822 1935 723

 695 1908 4241

 695 4241 2822

 1908 694 2823

 1908 2823 4241

 2821 4242 1936

 2821 1936 724

 696 1909 4242

 696 4242 2821

 1909 695 2822

 1909 2822 4242

 2820 4243 1937

 2820 1937 725

 697 1910 4243

 697 4243 2820

 1910 696 2821

 1910 2821 4243

 2819 4244 1938

 2819 1938 726

 698 1911 4244

 698 4244 2819

 1911 697 2820

 1911 2820 4244

 2818 4245 1939

 2818 1939 727

 699 1912 4245

 699 4245 2818

 1912 698 2819

 1912 2819 4245

 2817 4246 1940

 2817 1940 728

 700 1913 4246

 700 4246 2817

 1913 699 2818

 1913 2818 4246

 2816 4247 1941

 2816 1941 729

 701 1914 4247

 701 4247 2816

 1914 700 2817

 1914 2817 4247

 2815 4248 1942

 2815 1942 730

 702 1915 4248

 702 4248 2815

 1915 701 2816

 1915 2816 4248

 2814 4249 1943

 2814 1943 731

 703 1916 4249

 703 4249 2814

 1916 702 2815

 1916 2815 4249

 2813 4250 1944

 2813 1944 732

 704 1917 4250

 704 4250 2813

 1917 703 2814

 1917 2814 4250

 2812 4251 1945

 2812 1945 733

 705 1918 4251

 705 4251 2812

 1918 704 2813

 1918 2813 4251

 2811 4252 1946

 2811 1946 734

 706 1919 4252

 706 4252 2811

 1919 705 2812

 1919 2812 4252

 2810 4253 1947

 2810 1947 735

 707 1920 4253

 707 4253 2810

 1920 706 2811

 1920 2811 4253

 2809 4254 1948

 2809 1948 736

 708 1921 4254

 708 4254 2809

 1921 707 2810

 1921 2810 4254

 2808 4255 1949

 2808 1949 737

 709 1922 4255

 709 4255 2808

 1922 708 2809

 1922 2809 4255

 2807 4256 1950

 2807 1950 738

 710 1923 4256

 710 4256 2807

 1923 709 2808

 1923 2808 4256

 2806 4257 1951

 2806 1951 739

 711 1924 4257

 711 4257 2806

 1924 710 2807

 1924 2807 4257

 2805 4258 1952

 2805 1952 740

 712 1925 4258

 712 4258 2805

 1925 711 2806

 1925 2806 4258

 2804 4259 1953

 2804 1953 741

 713 1926 4259

 713 4259 2804

 1926 712 2805

 1926 2805 4259

 2803 4260 1954

 2803 1954 742

 714 1927 4260

 714 4260 2803

 1927 713 2804

 1927 2804 4260

 2802 4261 1955

 2802 1955 743

 715 1928 4261

 715 4261 2802

 1928 714 2803

 1928 2803 4261

 2800 4262 1957

 2800 1957 745

 717 1930 4262

 717 4262 2800

 1930 716 2801

 1930 2801 4262

 2799 4263 1958

 2799 1958 746

 718 1931 4263

 718 4263 2799

 1931 717 2800

 1931 2800 4263

 2798 4264 1959

 2798 1959 747

 719 1932 4264

 719 4264 2798

 1932 718 2799

 1932 2799 4264

 2796 4265 1960

 2796 1960 749

 724 1936 4265

 724 4265 2796

 1936 723 2797

 1936 2797 4265

 2795 4266 1961

 2795 1961 750

 725 1937 4266

 725 4266 2795

 1937 724 2796

 1937 2796 4266

 2794 4267 1962

 2794 1962 751

 726 1938 4267

 726 4267 2794

 1938 725 2795

 1938 2795 4267

 2793 4268 1963

 2793 1963 752

 727 1939 4268

 727 4268 2793

 1939 726 2794

 1939 2794 4268

 2792 4269 1964

 2792 1964 753

 728 1940 4269

 728 4269 2792

 1940 727 2793

 1940 2793 4269

 2791 4270 1965

 2791 1965 754

 729 1941 4270

 729 4270 2791

 1941 728 2792

 1941 2792 4270

 2790 4271 1966

 2790 1966 755

 730 1942 4271

 730 4271 2790

 1942 729 2791

 1942 2791 4271

 2789 4272 1967

 2789 1967 756

 731 1943 4272

 731 4272 2789

 1943 730 2790

 1943 2790 4272

 2788 4273 1968

 2788 1968 757

 732 1944 4273

 732 4273 2788

 1944 731 2789

 1944 2789 4273

 2787 4274 1969

 2787 1969 758

 733 1945 4274

 733 4274 2787

 1945 732 2788

 1945 2788 4274

 2786 4275 1970

 2786 1970 759

 734 1946 4275

 734 4275 2786

 1946 733 2787

 1946 2787 4275

 2785 4276 1971

 2785 1971 760

 735 1947 4276

 735 4276 2785

 1947 734 2786

 1947 2786 4276

 2784 4277 1972

 2784 1972 761

 736 1948 4277

 736 4277 2784

 1948 735 2785

 1948 2785 4277

 2783 4278 1973

 2783 1973 762

 737 1949 4278

 737 4278 2783

 1949 736 2784

 1949 2784 4278

 2782 4279 1974

 2782 1974 763

 738 1950 4279

 738 4279 2782

 1950 737 2783

 1950 2783 4279

 2781 4280 1975

 2781 1975 764

 739 1951 4280

 739 4280 2781

 1951 738 2782

 1951 2782 4280

 2780 4281 1976

 2780 1976 765

 740 1952 4281

 740 4281 2780

 1952 739 2781

 1952 2781 4281

 2779 4282 1977

 2779 1977 766

 741 1953 4282

 741 4282 2779

 1953 740 2780

 1953 2780 4282

 2778 4283 1978

 2778 1978 767

 742 1954 4283

 742 4283 2778

 1954 741 2779

 1954 2779 4283

 2777 4284 1979

 2777 1979 768

 743 1955 4284

 743 4284 2777

 1955 742 2778

 1955 2778 4284

 2776 4285 1980

 2776 1980 769

 744 1956 4285

 744 4285 2776

 1956 743 2777

 1956 2777 4285

 2775 4286 1981

 2775 1981 770

 745 1957 4286

 745 4286 2775

 1957 744 2776

 1957 2776 4286

 2774 4287 1982

 2774 1982 771

 746 1958 4287

 746 4287 2774

 1958 745 2775

 1958 2775 4287

 2773 4288 1983

 2773 1983 772

 747 1959 4288

 747 4288 2773

 1959 746 2774

 1959 2774 4288

 2771 4289 1984

 2771 1984 774

 750 1961 4289

 750 4289 2771

 1961 749 2772

 1961 2772 4289

 2770 4290 1985

 2770 1985 775

 751 1962 4290

 751 4290 2770

 1962 750 2771

 1962 2771 4290

 2769 4291 1986

 2769 1986 776

 752 1963 4291

 752 4291 2769

 1963 751 2770

 1963 2770 4291

 2768 4292 1987

 2768 1987 777

 753 1964 4292

 753 4292 2768

 1964 752 2769

 1964 2769 4292

 2767 4293 1988

 2767 1988 778

 754 1965 4293

 754 4293 2767

 1965 753 2768

 1965 2768 4293

 2766 4294 1989

 2766 1989 779

 755 1966 4294

 755 4294 2766

 1966 754 2767

 1966 2767 4294

 2765 4295 1990

 2765 1990 780

 756 1967 4295

 756 4295 2765

 1967 755 2766

 1967 2766 4295

 2764 4296 1991

 2764 1991 781

 757 1968 4296

 757 4296 2764

 1968 756 2765

 1968 2765 4296

 2763 4297 1992

 2763 1992 782

 758 1969 4297

 758 4297 2763

 1969 757 2764

 1969 2764 4297

 2762 4298 1993

 2762 1993 783

 759 1970 4298

 759 4298 2762

 1970 758 2763

 1970 2763 4298

 2761 4299 1994

 2761 1994 784

 760 1971 4299

 760 4299 2761

 1971 759 2762

 1971 2762 4299

 2760 4300 1995

 2760 1995 785

 761 1972 4300

 761 4300 2760

 1972 760 2761

 1972 2761 4300

 2759 4301 1996

 2759 1996 786

 762 1973 4301

 762 4301 2759

 1973 761 2760

 1973 2760 4301

 2758 4302 1997

 2758 1997 787

 763 1974 4302

 763 4302 2758

 1974 762 2759

 1974 2759 4302

 2757 4303 1998

 2757 1998 788

 764 1975 4303

 764 4303 2757

 1975 763 2758

 1975 2758 4303

 2756 4304 1999

 2756 1999 789

 765 1976 4304

 765 4304 2756

 1976 764 2757

 1976 2757 4304

 2755 4305 2000

 2755 2000 790

 766 1977 4305

 766 4305 2755

 1977 765 2756

 1977 2756 4305

 2754 4306 2001

 2754 2001 791

 767 1978 4306

 767 4306 2754

 1978 766 2755

 1978 2755 4306

 2753 4307 2002

 2753 2002 792

 768 1979 4307

 768 4307 2753

 1979 767 2754

 1979 2754 4307

 2752 4308 2003

 2752 2003 793

 769 1980 4308

 769 4308 2752

 1980 768 2753

 1980 2753 4308

 2751 4309 2004

 2751 2004 794

 770 1981 4309

 770 4309 2751

 1981 769 2752

 1981 2752 4309

 2750 4310 2005

 2750 2005 795

 771 1982 4310

 771 4310 2750

 1982 770 2751

 1982 2751 4310

 2748 4311 2008

 2748 2008 799

 775 1985 4311

 775 4311 2748

 1985 774 2749

 1985 2749 4311

 2747 4312 2009

 2747 2009 800

 776 1986 4312

 776 4312 2747

 1986 775 2748

 1986 2748 4312

 2746 4313 2010

 2746 2010 801

 777 1987 4313

 777 4313 2746

 1987 776 2747

 1987 2747 4313

 2745 4314 2011

 2745 2011 802

 778 1988 4314

 778 4314 2745

 1988 777 2746

 1988 2746 4314

 2744 4315 2012

 2744 2012 803

 779 1989 4315

 779 4315 2744

 1989 778 2745

 1989 2745 4315

 2743 4316 2013

 2743 2013 804

 780 1990 4316

 780 4316 2743

 1990 779 2744

 1990 2744 4316

 2742 4317 2014

 2742 2014 805

 781 1991 4317

 781 4317 2742

 1991 780 2743

 1991 2743 4317

 2741 4318 2015

 2741 2015 806

 782 1992 4318

 782 4318 2741

 1992 781 2742

 1992 2742 4318

 2740 4319 2016

 2740 2016 807

 783 1993 4319

 783 4319 2740

 1993 782 2741

 1993 2741 4319

 2739 4320 2017

 2739 2017 808

 784 1994 4320

 784 4320 2739

 1994 783 2740

 1994 2740 4320

 2737 4321 2019

 2737 2019 810

 786 1996 4321

 786 4321 2737

 1996 785 2738

 1996 2738 4321

 2736 4322 2020

 2736 2020 811

 787 1997 4322

 787 4322 2736

 1997 786 2737

 1997 2737 4322

 2735 4323 2021

 2735 2021 812

 788 1998 4323

 788 4323 2735

 1998 787 2736

 1998 2736 4323

 2734 4324 2022

 2734 2022 813

 789 1999 4324

 789 4324 2734

 1999 788 2735

 1999 2735 4324

 2733 4325 2023

 2733 2023 814

 790 2000 4325

 790 4325 2733

 2000 789 2734

 2000 2734 4325

 2732 4326 2024

 2732 2024 815

 791 2001 4326

 791 4326 2732

 2001 790 2733

 2001 2733 4326

 2730 4327 2026

 2730 2026 817

 793 2003 4327

 793 4327 2730

 2003 792 2731

 2003 2731 4327

 2729 4328 2027

 2729 2027 818

 794 2004 4328

 794 4328 2729

 2004 793 2730

 2004 2730 4328

 2728 4329 2028

 2728 2028 819

 795 2005 4329

 795 4329 2728

 2005 794 2729

 2005 2729 4329

 2726 4330 2031

 2726 2031 823

 797 2006 4330

 797 4330 2726

 2006 796 2727

 2006 2727 4330

 2725 4331 2032

 2725 2032 824

 798 2007 4331

 798 4331 2725

 2007 797 2726

 2007 2726 4331

 2724 4332 2033

 2724 2033 825

 799 2008 4332

 799 4332 2724

 2008 798 2725

 2008 2725 4332

 2723 4333 2034

 2723 2034 826

 800 2009 4333

 800 4333 2723

 2009 799 2724

 2009 2724 4333

 2722 4334 2035

 2722 2035 827

 801 2010 4334

 801 4334 2722

 2010 800 2723

 2010 2723 4334

 2721 4335 2036

 2721 2036 828

 802 2011 4335

 802 4335 2721

 2011 801 2722

 2011 2722 4335

 2720 4336 2037

 2720 2037 829

 803 2012 4336

 803 4336 2720

 2012 802 2721

 2012 2721 4336

 2719 4337 2038

 2719 2038 830

 804 2013 4337

 804 4337 2719

 2013 803 2720

 2013 2720 4337

 2718 4338 2039

 2718 2039 831

 805 2014 4338

 805 4338 2718

 2014 804 2719

 2014 2719 4338

 2717 4339 2040

 2717 2040 832

 806 2015 4339

 806 4339 2717

 2015 805 2718

 2015 2718 4339

 2716 4340 2041

 2716 2041 833

 807 2016 4340

 807 4340 2716

 2016 806 2717

 2016 2717 4340

 2715 4341 2042

 2715 2042 834

 808 2017 4341

 808 4341 2715

 2017 807 2716

 2017 2716 4341

 2714 4342 2043

 2714 2043 835

 809 2018 4342

 809 4342 2714

 2018 808 2715

 2018 2715 4342

 2713 4343 2044

 2713 2044 836

 810 2019 4343

 810 4343 2713

 2019 809 2714

 2019 2714 4343

 2712 4344 2045

 2712 2045 837

 811 2020 4344

 811 4344 2712

 2020 810 2713

 2020 2713 4344

 2711 4345 2046

 2711 2046 838

 812 2021 4345

 812 4345 2711

 2021 811 2712

 2021 2712 4345

 2710 4346 2047

 2710 2047 839

 813 2022 4346

 813 4346 2710

 2022 812 2711

 2022 2711 4346

 2709 4347 2048

 2709 2048 840

 814 2023 4347

 814 4347 2709

 2023 813 2710

 2023 2710 4347

 2708 4348 2049

 2708 2049 841

 815 2024 4348

 815 4348 2708

 2024 814 2709

 2024 2709 4348

 2707 4349 2050

 2707 2050 842

 816 2025 4349

 816 4349 2707

 2025 815 2708

 2025 2708 4349

 2706 4350 2051

 2706 2051 843

 817 2026 4350

 817 4350 2706

 2026 816 2707

 2026 2707 4350

 2705 4351 2052

 2705 2052 844

 818 2027 4351

 818 4351 2705

 2027 817 2706

 2027 2706 4351

 2704 4352 2053

 2704 2053 845

 819 2028 4352

 819 4352 2704

 2028 818 2705

 2028 2705 4352

 2703 4353 2054

 2703 2054 846

 820 2029 4353

 820 4353 2703

 2029 819 2704

 2029 2704 4353

 2701 4354 2057

 2701 2057 850

 822 2030 4354

 822 4354 2701

 2030 821 2702

 2030 2702 4354

 2700 4355 2058

 2700 2058 851

 823 2031 4355

 823 4355 2700

 2031 822 2701

 2031 2701 4355

 2699 4356 2059

 2699 2059 852

 824 2032 4356

 824 4356 2699

 2032 823 2700

 2032 2700 4356

 2698 4357 2060

 2698 2060 853

 825 2033 4357

 825 4357 2698

 2033 824 2699

 2033 2699 4357

 2697 4358 2061

 2697 2061 854

 826 2034 4358

 826 4358 2697

 2034 825 2698

 2034 2698 4358

 2696 4359 2062

 2696 2062 855

 827 2035 4359

 827 4359 2696

 2035 826 2697

 2035 2697 4359

 2695 4360 2063

 2695 2063 856

 828 2036 4360

 828 4360 2695

 2036 827 2696

 2036 2696 4360

 2694 4361 2064

 2694 2064 857

 829 2037 4361

 829 4361 2694

 2037 828 2695

 2037 2695 4361

 2693 4362 2065

 2693 2065 858

 830 2038 4362

 830 4362 2693

 2038 829 2694

 2038 2694 4362

 2692 4363 2066

 2692 2066 859

 831 2039 4363

 831 4363 2692

 2039 830 2693

 2039 2693 4363

 2691 4364 2067

 2691 2067 860

 832 2040 4364

 832 4364 2691

 2040 831 2692

 2040 2692 4364

 2690 4365 2068

 2690 2068 861

 833 2041 4365

 833 4365 2690

 2041 832 2691

 2041 2691 4365

 2689 4366 2069

 2689 2069 862

 834 2042 4366

 834 4366 2689

 2042 833 2690

 2042 2690 4366

 2688 4367 2070

 2688 2070 863

 835 2043 4367

 835 4367 2688

 2043 834 2689

 2043 2689 4367

 2687 4368 2071

 2687 2071 864

 836 2044 4368

 836 4368 2687

 2044 835 2688

 2044 2688 4368

 2686 4369 2072

 2686 2072 865

 837 2045 4369

 837 4369 2686

 2045 836 2687

 2045 2687 4369

 2685 4370 2073

 2685 2073 866

 838 2046 4370

 838 4370 2685

 2046 837 2686

 2046 2686 4370

 2684 4371 2074

 2684 2074 867

 839 2047 4371

 839 4371 2684

 2047 838 2685

 2047 2685 4371

 2683 4372 2075

 2683 2075 868

 840 2048 4372

 840 4372 2683

 2048 839 2684

 2048 2684 4372

 2682 4373 2076

 2682 2076 869

 841 2049 4373

 841 4373 2682

 2049 840 2683

 2049 2683 4373

 2681 4374 2077

 2681 2077 870

 842 2050 4374

 842 4374 2681

 2050 841 2682

 2050 2682 4374

 2680 4375 2078

 2680 2078 871

 843 2051 4375

 843 4375 2680

 2051 842 2681

 2051 2681 4375

 2679 4376 2079

 2679 2079 872

 844 2052 4376

 844 4376 2679

 2052 843 2680

 2052 2680 4376

 2678 4377 2080

 2678 2080 873

 845 2053 4377

 845 4377 2678

 2053 844 2679

 2053 2679 4377

 2677 4378 2081

 2677 2081 874

 846 2054 4378

 846 4378 2677

 2054 845 2678

 2054 2678 4378

 2676 4379 2082

 2676 2082 875

 847 2055 4379

 847 4379 2676

 2055 846 2677

 2055 2677 4379

 2675 4380 2083

 2675 2083 876

 848 2056 4380

 848 4380 2675

 2056 847 2676

 2056 2676 4380

 2673 4381 2085

 2673 2085 879

 850 2057 4381

 850 4381 2673

 2057 849 2674

 2057 2674 4381

 2672 4382 2086

 2672 2086 880

 851 2058 4382

 851 4382 2672

 2058 850 2673

 2058 2673 4382

 2671 4383 2087

 2671 2087 881

 852 2059 4383

 852 4383 2671

 2059 851 2672

 2059 2672 4383

 2670 4384 2088

 2670 2088 882

 853 2060 4384

 853 4384 2670

 2060 852 2671

 2060 2671 4384

 2669 4385 2089

 2669 2089 883

 854 2061 4385

 854 4385 2669

 2061 853 2670

 2061 2670 4385

 2668 4386 2090

 2668 2090 884

 855 2062 4386

 855 4386 2668

 2062 854 2669

 2062 2669 4386

 2667 4387 2091

 2667 2091 885

 856 2063 4387

 856 4387 2667

 2063 855 2668

 2063 2668 4387

 2666 4388 2092

 2666 2092 886

 857 2064 4388

 857 4388 2666

 2064 856 2667

 2064 2667 4388

 2665 4389 2093

 2665 2093 887

 858 2065 4389

 858 4389 2665

 2065 857 2666

 2065 2666 4389

 2664 4390 2094

 2664 2094 888

 859 2066 4390

 859 4390 2664

 2066 858 2665

 2066 2665 4390

 2663 4391 2095

 2663 2095 889

 860 2067 4391

 860 4391 2663

 2067 859 2664

 2067 2664 4391

 2662 4392 2096

 2662 2096 890

 861 2068 4392

 861 4392 2662

 2068 860 2663

 2068 2663 4392

 2661 4393 2097

 2661 2097 891

 862 2069 4393

 862 4393 2661

 2069 861 2662

 2069 2662 4393

 2660 4394 2098

 2660 2098 892

 863 2070 4394

 863 4394 2660

 2070 862 2661

 2070 2661 4394

 2658 4395 2100

 2658 2100 894

 865 2072 4395

 865 4395 2658

 2072 864 2659

 2072 2659 4395

 2657 4396 2101

 2657 2101 895

 866 2073 4396

 866 4396 2657

 2073 865 2658

 2073 2658 4396

 2656 4397 2102

 2656 2102 896

 867 2074 4397

 867 4397 2656

 2074 866 2657

 2074 2657 4397

 2655 4398 2103

 2655 2103 897

 868 2075 4398

 868 4398 2655

 2075 867 2656

 2075 2656 4398

 2654 4399 2104

 2654 2104 898

 869 2076 4399

 869 4399 2654

 2076 868 2655

 2076 2655 4399

 2653 4400 2105

 2653 2105 899

 870 2077 4400

 870 4400 2653

 2077 869 2654

 2077 2654 4400

 2652 4401 2106

 2652 2106 900

 871 2078 4401

 871 4401 2652

 2078 870 2653

 2078 2653 4401

 2651 4402 2107

 2651 2107 901

 872 2079 4402

 872 4402 2651

 2079 871 2652

 2079 2652 4402

 2650 4403 2108

 2650 2108 902

 873 2080 4403

 873 4403 2650

 2080 872 2651

 2080 2651 4403

 2649 4404 2109

 2649 2109 903

 874 2081 4404

 874 4404 2649

 2081 873 2650

 2081 2650 4404

 2648 4405 2110

 2648 2110 904

 875 2082 4405

 875 4405 2648

 2082 874 2649

 2082 2649 4405

 2647 4406 2111

 2647 2111 905

 876 2083 4406

 876 4406 2647

 2083 875 2648

 2083 2648 4406

 2646 4407 2112

 2646 2112 906

 877 2084 4407

 877 4407 2646

 2084 876 2647

 2084 2647 4407

 2644 4408 2118

 2644 2118 913

 879 2085 4408

 879 4408 2644

 2085 878 2645

 2085 2645 4408

 2643 4409 2119

 2643 2119 914

 880 2086 4409

 880 4409 2643

 2086 879 2644

 2086 2644 4409

 2642 4410 2120

 2642 2120 915

 881 2087 4410

 881 4410 2642

 2087 880 2643

 2087 2643 4410

 2641 4411 2121

 2641 2121 916

 882 2088 4411

 882 4411 2641

 2088 881 2642

 2088 2642 4411

 2640 4412 2122

 2640 2122 917

 883 2089 4412

 883 4412 2640

 2089 882 2641

 2089 2641 4412

 2639 4413 2123

 2639 2123 918

 884 2090 4413

 884 4413 2639

 2090 883 2640

 2090 2640 4413

 2638 4414 2124

 2638 2124 919

 885 2091 4414

 885 4414 2638

 2091 884 2639

 2091 2639 4414

 2637 4415 2125

 2637 2125 920

 886 2092 4415

 886 4415 2637

 2092 885 2638

 2092 2638 4415

 2636 4416 2126

 2636 2126 921

 887 2093 4416

 887 4416 2636

 2093 886 2637

 2093 2637 4416

 2635 4417 2127

 2635 2127 922

 888 2094 4417

 888 4417 2635

 2094 887 2636

 2094 2636 4417

 2634 4418 2128

 2634 2128 923

 889 2095 4418

 889 4418 2634

 2095 888 2635

 2095 2635 4418

 2633 4419 2129

 2633 2129 924

 890 2096 4419

 890 4419 2633

 2096 889 2634

 2096 2634 4419

 2632 4420 2130

 2632 2130 925

 891 2097 4420

 891 4420 2632

 2097 890 2633

 2097 2633 4420

 2631 4421 2131

 2631 2131 926

 892 2098 4421

 892 4421 2631

 2098 891 2632

 2098 2632 4421

 2630 4422 2132

 2630 2132 927

 893 2099 4422

 893 4422 2630

 2099 892 2631

 2099 2631 4422

 2629 4423 2133

 2629 2133 928

 894 2100 4423

 894 4423 2629

 2100 893 2630

 2100 2630 4423

 2628 4424 2134

 2628 2134 929

 895 2101 4424

 895 4424 2628

 2101 894 2629

 2101 2629 4424

 2627 4425 2135

 2627 2135 930

 896 2102 4425

 896 4425 2627

 2102 895 2628

 2102 2628 4425

 2626 4426 2136

 2626 2136 931

 897 2103 4426

 897 4426 2626

 2103 896 2627

 2103 2627 4426

 2625 4427 2137

 2625 2137 932

 898 2104 4427

 898 4427 2625

 2104 897 2626

 2104 2626 4427

 2624 4428 2138

 2624 2138 933

 899 2105 4428

 899 4428 2624

 2105 898 2625

 2105 2625 4428

 2623 4429 2139

 2623 2139 934

 900 2106 4429

 900 4429 2623

 2106 899 2624

 2106 2624 4429

 2622 4430 2140

 2622 2140 935

 901 2107 4430

 901 4430 2622

 2107 900 2623

 2107 2623 4430

 2621 4431 2141

 2621 2141 936

 902 2108 4431

 902 4431 2621

 2108 901 2622

 2108 2622 4431

 2620 4432 2142

 2620 2142 937

 903 2109 4432

 903 4432 2620

 2109 902 2621

 2109 2621 4432

 2619 4433 2143

 2619 2143 938

 904 2110 4433

 904 4433 2619

 2110 903 2620

 2110 2620 4433

 2618 4434 2144

 2618 2144 939

 905 2111 4434

 905 4434 2618

 2111 904 2619

 2111 2619 4434

 2617 4435 2145

 2617 2145 940

 906 2112 4435

 906 4435 2617

 2112 905 2618

 2112 2618 4435

 2616 4436 2146

 2616 2146 941

 907 2113 4436

 907 4436 2616

 2113 906 2617

 2113 2617 4436

 2615 4437 2147

 2615 2147 942

 908 2114 4437

 908 4437 2615

 2114 907 2616

 2114 2616 4437

 2614 4438 2148

 2614 2148 943

 909 2115 4438

 909 4438 2614

 2115 908 2615

 2115 2615 4438

 2613 4439 2149

 2613 2149 944

 910 2116 4439

 910 4439 2613

 2116 909 2614

 2116 2614 4439

 2612 4440 2150

 2612 2150 945

 911 2117 4440

 911 4440 2612

 2117 910 2613

 2117 2613 4440

 2610 4441 2155

 2610 2155 951

 913 2118 4441

 913 4441 2610

 2118 912 2611

 2118 2611 4441

 2609 4442 2156

 2609 2156 952

 914 2119 4442

 914 4442 2609

 2119 913 2610

 2119 2610 4442

 2608 4443 2157

 2608 2157 953

 915 2120 4443

 915 4443 2608

 2120 914 2609

 2120 2609 4443

 2607 4444 2158

 2607 2158 954

 916 2121 4444

 916 4444 2607

 2121 915 2608

 2121 2608 4444

 2606 4445 2159

 2606 2159 955

 917 2122 4445

 917 4445 2606

 2122 916 2607

 2122 2607 4445

 2605 4446 2160

 2605 2160 956

 918 2123 4446

 918 4446 2605

 2123 917 2606

 2123 2606 4446

 2604 4447 2161

 2604 2161 957

 919 2124 4447

 919 4447 2604

 2124 918 2605

 2124 2605 4447

 2603 4448 2162

 2603 2162 958

 920 2125 4448

 920 4448 2603

 2125 919 2604

 2125 2604 4448

 2602 4449 2163

 2602 2163 959

 921 2126 4449

 921 4449 2602

 2126 920 2603

 2126 2603 4449

 2601 4450 2164

 2601 2164 960

 922 2127 4450

 922 4450 2601

 2127 921 2602

 2127 2602 4450

 2600 4451 2165

 2600 2165 961

 923 2128 4451

 923 4451 2600

 2128 922 2601

 2128 2601 4451

 2599 4452 2166

 2599 2166 962

 924 2129 4452

 924 4452 2599

 2129 923 2600

 2129 2600 4452

 2597 4453 2168

 2597 2168 964

 926 2131 4453

 926 4453 2597

 2131 925 2598

 2131 2598 4453

 2596 4454 2169

 2596 2169 965

 927 2132 4454

 927 4454 2596

 2132 926 2597

 2132 2597 4454

 2595 4455 2170

 2595 2170 966

 928 2133 4455

 928 4455 2595

 2133 927 2596

 2133 2596 4455

 2594 4456 2171

 2594 2171 967

 929 2134 4456

 929 4456 2594

 2134 928 2595

 2134 2595 4456

 2593 4457 2172

 2593 2172 968

 930 2135 4457

 930 4457 2593

 2135 929 2594

 2135 2594 4457

 2592 4458 2173

 2592 2173 969

 931 2136 4458

 931 4458 2592

 2136 930 2593

 2136 2593 4458

 2591 4459 2174

 2591 2174 970

 932 2137 4459

 932 4459 2591

 2137 931 2592

 2137 2592 4459

 2590 4460 2175

 2590 2175 971

 933 2138 4460

 933 4460 2590

 2138 932 2591

 2138 2591 4460

 2589 4461 2176

 2589 2176 972

 934 2139 4461

 934 4461 2589

 2139 933 2590

 2139 2590 4461

 2588 4462 2177

 2588 2177 973

 935 2140 4462

 935 4462 2588

 2140 934 2589

 2140 2589 4462

 2587 4463 2178

 2587 2178 974

 936 2141 4463

 936 4463 2587

 2141 935 2588

 2141 2588 4463

 2586 4464 2179

 2586 2179 975

 937 2142 4464

 937 4464 2586

 2142 936 2587

 2142 2587 4464

 2585 4465 2180

 2585 2180 976

 938 2143 4465

 938 4465 2585

 2143 937 2586

 2143 2586 4465

 2584 4466 2181

 2584 2181 977

 939 2144 4466

 939 4466 2584

 2144 938 2585

 2144 2585 4466

 2583 4467 2182

 2583 2182 978

 940 2145 4467

 940 4467 2583

 2145 939 2584

 2145 2584 4467

 2582 4468 2183

 2582 2183 979

 941 2146 4468

 941 4468 2582

 2146 940 2583

 2146 2583 4468

 2581 4469 2184

 2581 2184 980

 942 2147 4469

 942 4469 2581

 2147 941 2582

 2147 2582 4469

 2580 4470 2185

 2580 2185 981

 943 2148 4470

 943 4470 2580

 2148 942 2581

 2148 2581 4470

 2579 4471 2186

 2579 2186 982

 944 2149 4471

 944 4471 2579

 2149 943 2580

 2149 2580 4471

 2578 4472 2187

 2578 2187 983

 945 2150 4472

 945 4472 2578

 2150 944 2579

 2150 2579 4472

 2577 4473 2188

 2577 2188 984

 946 2151 4473

 946 4473 2577

 2151 945 2578

 2151 2578 4473

 2576 4474 2189

 2576 2189 985

 947 2152 4474

 947 4474 2576

 2152 946 2577

 2152 2577 4474

 2575 4475 2190

 2575 2190 986

 948 2153 4475

 948 4475 2575

 2153 947 2576

 2153 2576 4475

 2574 4476 2191

 2574 2191 987

 949 2154 4476

 949 4476 2574

 2154 948 2575

 2154 2575 4476

 2572 4477 2194

 2572 2194 991

 953 2157 4477

 953 4477 2572

 2157 952 2573

 2157 2573 4477

 2571 4478 2195

 2571 2195 992

 954 2158 4478

 954 4478 2571

 2158 953 2572

 2158 2572 4478

 2570 4479 2196

 2570 2196 993

 955 2159 4479

 955 4479 2570

 2159 954 2571

 2159 2571 4479

 2569 4480 2197

 2569 2197 994

 956 2160 4480

 956 4480 2569

 2160 955 2570

 2160 2570 4480

 2568 4481 2198

 2568 2198 995

 957 2161 4481

 957 4481 2568

 2161 956 2569

 2161 2569 4481

 2567 4482 2199

 2567 2199 996

 958 2162 4482

 958 4482 2567

 2162 957 2568

 2162 2568 4482

 2566 4483 2200

 2566 2200 997

 959 2163 4483

 959 4483 2566

 2163 958 2567

 2163 2567 4483

 2565 4484 2201

 2565 2201 998

 960 2164 4484

 960 4484 2565

 2164 959 2566

 2164 2566 4484

 2564 4485 2202

 2564 2202 999

 961 2165 4485

 961 4485 2564

 2165 960 2565

 2165 2565 4485

 2563 4486 2203

 2563 2203 1000

 962 2166 4486

 962 4486 2563

 2166 961 2564

 2166 2564 4486

 2562 4487 2204

 2562 2204 1001

 963 2167 4487

 963 4487 2562

 2167 962 2563

 2167 2563 4487

 2561 4488 2205

 2561 2205 1002

 964 2168 4488

 964 4488 2561

 2168 963 2562

 2168 2562 4488

 2560 4489 2206

 2560 2206 1003

 965 2169 4489

 965 4489 2560

 2169 964 2561

 2169 2561 4489

 2559 4490 2207

 2559 2207 1004

 966 2170 4490

 966 4490 2559

 2170 965 2560

 2170 2560 4490

 2558 4491 2208

 2558 2208 1005

 967 2171 4491

 967 4491 2558

 2171 966 2559

 2171 2559 4491

 2557 4492 2209

 2557 2209 1006

 968 2172 4492

 968 4492 2557

 2172 967 2558

 2172 2558 4492

 2556 4493 2210

 2556 2210 1007

 969 2173 4493

 969 4493 2556

 2173 968 2557

 2173 2557 4493

 2555 4494 2211

 2555 2211 1008

 970 2174 4494

 970 4494 2555

 2174 969 2556

 2174 2556 4494

 2554 4495 2212

 2554 2212 1009

 971 2175 4495

 971 4495 2554

 2175 970 2555

 2175 2555 4495

 2553 4496 2213

 2553 2213 1010

 972 2176 4496

 972 4496 2553

 2176 971 2554

 2176 2554 4496

 2552 4497 2214

 2552 2214 1011

 973 2177 4497

 973 4497 2552

 2177 972 2553

 2177 2553 4497

 2551 4498 2215

 2551 2215 1012

 974 2178 4498

 974 4498 2551

 2178 973 2552

 2178 2552 4498

 2550 4499 2216

 2550 2216 1013

 975 2179 4499

 975 4499 2550

 2179 974 2551

 2179 2551 4499

 2549 4500 2217

 2549 2217 1014

 976 2180 4500

 976 4500 2549

 2180 975 2550

 2180 2550 4500

 2548 4501 2218

 2548 2218 1015

 977 2181 4501

 977 4501 2548

 2181 976 2549

 2181 2549 4501

 2547 4502 2219

 2547 2219 1016

 978 2182 4502

 978 4502 2547

 2182 977 2548

 2182 2548 4502

 2546 4503 2220

 2546 2220 1017

 979 2183 4503

 979 4503 2546

 2183 978 2547

 2183 2547 4503

 2545 4504 2221

 2545 2221 1018

 980 2184 4504

 980 4504 2545

 2184 979 2546

 2184 2546 4504

 2544 4505 2222

 2544 2222 1019

 981 2185 4505

 981 4505 2544

 2185 980 2545

 2185 2545 4505

 2543 4506 2223

 2543 2223 1020

 982 2186 4506

 982 4506 2543

 2186 981 2544

 2186 2544 4506

 2542 4507 2224

 2542 2224 1021

 983 2187 4507

 983 4507 2542

 2187 982 2543

 2187 2543 4507

 2541 4508 2225

 2541 2225 1022

 984 2188 4508

 984 4508 2541

 2188 983 2542

 2188 2542 4508

 2540 4509 2226

 2540 2226 1023

 985 2189 4509

 985 4509 2540

 2189 984 2541

 2189 2541 4509

 2539 4510 2227

 2539 2227 1024

 986 2190 4510

 986 4510 2539

 2190 985 2540

 2190 2540 4510

 2538 4511 2228

 2538 2228 1025

 987 2191 4511

 987 4511 2538

 2191 986 2539

 2191 2539 4511

 2537 4512 2229

 2537 2229 1026

 988 2192 4512

 988 4512 2537

 2192 987 2538

 2192 2538 4512

 2536 4513 2230

 2536 2230 1027

 989 2193 4513

 989 4513 2536

 2193 988 2537

 2193 2537 4513

 2534 4514 2231

 2534 2231 1029

 992 2195 4514

 992 4514 2534

 2195 991 2535

 2195 2535 4514

 2533 4515 2232

 2533 2232 1030

 993 2196 4515

 993 4515 2533

 2196 992 2534

 2196 2534 4515

 2531 4516 2234

 2531 2234 1032

 995 2198 4516

 995 4516 2531

 2198 994 2532

 2198 2532 4516

 2530 4517 2235

 2530 2235 1033

 996 2199 4517

 996 4517 2530

 2199 995 2531

 2199 2531 4517

 2529 4518 2236

 2529 2236 1034

 997 2200 4518

 997 4518 2529

 2200 996 2530

 2200 2530 4518

 2528 4519 2237

 2528 2237 1035

 998 2201 4519

 998 4519 2528

 2201 997 2529

 2201 2529 4519

 2527 4520 2238

 2527 2238 1036

 999 2202 4520

 999 4520 2527

 2202 998 2528

 2202 2528 4520

 2526 4521 2239

 2526 2239 1037

 1000 2203 4521

 1000 4521 2526

 2203 999 2527

 2203 2527 4521

 2525 4522 2240

 2525 2240 1038

 1001 2204 4522

 1001 4522 2525

 2204 1000 2526

 2204 2526 4522

 2524 4523 2241

 2524 2241 1039

 1002 2205 4523

 1002 4523 2524

 2205 1001 2525

 2205 2525 4523

 2523 4524 2242

 2523 2242 1040

 1003 2206 4524

 1003 4524 2523

 2206 1002 2524

 2206 2524 4524

 2522 4525 2243

 2522 2243 1041

 1004 2207 4525

 1004 4525 2522

 2207 1003 2523

 2207 2523 4525

 2521 4526 2244

 2521 2244 1042

 1005 2208 4526

 1005 4526 2521

 2208 1004 2522

 2208 2522 4526

 2520 4527 2245

 2520 2245 1043

 1006 2209 4527

 1006 4527 2520

 2209 1005 2521

 2209 2521 4527

 2519 4528 2246

 2519 2246 1044

 1007 2210 4528

 1007 4528 2519

 2210 1006 2520

 2210 2520 4528

 2518 4529 2247

 2518 2247 1045

 1008 2211 4529

 1008 4529 2518

 2211 1007 2519

 2211 2519 4529

 2517 4530 2248

 2517 2248 1046

 1009 2212 4530

 1009 4530 2517

 2212 1008 2518

 2212 2518 4530

 2516 4531 2249

 2516 2249 1047

 1010 2213 4531

 1010 4531 2516

 2213 1009 2517

 2213 2517 4531

 2515 4532 2250

 2515 2250 1048

 1011 2214 4532

 1011 4532 2515

 2214 1010 2516

 2214 2516 4532

 2514 4533 2251

 2514 2251 1049

 1012 2215 4533

 1012 4533 2514

 2215 1011 2515

 2215 2515 4533

 2513 4534 2252

 2513 2252 1050

 1013 2216 4534

 1013 4534 2513

 2216 1012 2514

 2216 2514 4534

 2512 4535 2253

 2512 2253 1051

 1014 2217 4535

 1014 4535 2512

 2217 1013 2513

 2217 2513 4535

 2511 4536 2254

 2511 2254 1052

 1015 2218 4536

 1015 4536 2511

 2218 1014 2512

 2218 2512 4536

 2510 4537 2255

 2510 2255 1053

 1016 2219 4537

 1016 4537 2510

 2219 1015 2511

 2219 2511 4537

 2509 4538 2256

 2509 2256 1054

 1017 2220 4538

 1017 4538 2509

 2220 1016 2510

 2220 2510 4538

 2508 4539 2257

 2508 2257 1055

 1018 2221 4539

 1018 4539 2508

 2221 1017 2509

 2221 2509 4539

 2507 4540 2258

 2507 2258 1056

 1019 2222 4540

 1019 4540 2507

 2222 1018 2508

 2222 2508 4540

 2506 4541 2259

 2506 2259 1057

 1020 2223 4541

 1020 4541 2506

 2223 1019 2507

 2223 2507 4541

 2505 4542 2260

 2505 2260 1058

 1021 2224 4542

 1021 4542 2505

 2224 1020 2506

 2224 2506 4542

 2504 4543 2261

 2504 2261 1059

 1022 2225 4543

 1022 4543 2504

 2225 1021 2505

 2225 2505 4543

 2503 4544 2262

 2503 2262 1060

 1023 2226 4544

 1023 4544 2503

 2226 1022 2504

 2226 2504 4544

 2502 4545 2263

 2502 2263 1061

 1024 2227 4545

 1024 4545 2502

 2227 1023 2503

 2227 2503 4545

 2501 4546 2264

 2501 2264 1062

 1025 2228 4546

 1025 4546 2501

 2228 1024 2502

 2228 2502 4546

 2500 4547 2265

 2500 2265 1063

 1026 2229 4547

 1026 4547 2500

 2229 1025 2501

 2229 2501 4547

 2499 4548 2266

 2499 2266 1064

 1027 2230 4548

 1027 4548 2499

 2230 1026 2500

 2230 2500 4548

 2497 4549 2268

 2497 2268 1067

 1029 2231 4549

 1029 4549 2497

 2231 1028 2498

 2231 2498 4549

 2496 4550 2269

 2496 2269 1068

 1030 2232 4550

 1030 4550 2496

 2232 1029 2497

 2232 2497 4550

 2495 4551 2270

 2495 2270 1069

 1031 2233 4551

 1031 4551 2495

 2233 1030 2496

 2233 2496 4551

 2494 4552 2271

 2494 2271 1070

 1032 2234 4552

 1032 4552 2494

 2234 1031 2495

 2234 2495 4552

 2493 4553 2272

 2493 2272 1071

 1033 2235 4553

 1033 4553 2493

 2235 1032 2494

 2235 2494 4553

 2492 4554 2273

 2492 2273 1072

 1034 2236 4554

 1034 4554 2492

 2236 1033 2493

 2236 2493 4554

 2491 4555 2274

 2491 2274 1073

 1035 2237 4555

 1035 4555 2491

 2237 1034 2492

 2237 2492 4555

 2490 4556 2275

 2490 2275 1074

 1036 2238 4556

 1036 4556 2490

 2238 1035 2491

 2238 2491 4556

 2489 4557 2276

 2489 2276 1075

 1037 2239 4557

 1037 4557 2489

 2239 1036 2490

 2239 2490 4557

 2488 4558 2277

 2488 2277 1076

 1038 2240 4558

 1038 4558 2488

 2240 1037 2489

 2240 2489 4558

 2487 4559 2278

 2487 2278 1077

 1039 2241 4559

 1039 4559 2487

 2241 1038 2488

 2241 2488 4559

 2486 4560 2279

 2486 2279 1078

 1040 2242 4560

 1040 4560 2486

 2242 1039 2487

 2242 2487 4560

 2485 4561 2280

 2485 2280 1079

 1041 2243 4561

 1041 4561 2485

 2243 1040 2486

 2243 2486 4561

 2484 4562 2281

 2484 2281 1080

 1042 2244 4562

 1042 4562 2484

 2244 1041 2485

 2244 2485 4562

 2483 4563 2282

 2483 2282 1081

 1043 2245 4563

 1043 4563 2483

 2245 1042 2484

 2245 2484 4563

 2482 4564 2283

 2482 2283 1082

 1044 2246 4564

 1044 4564 2482

 2246 1043 2483

 2246 2483 4564

 2481 4565 2284

 2481 2284 1083

 1045 2247 4565

 1045 4565 2481

 2247 1044 2482

 2247 2482 4565

 2480 4566 2285

 2480 2285 1084

 1046 2248 4566

 1046 4566 2480

 2248 1045 2481

 2248 2481 4566

 2479 4567 2286

 2479 2286 1085

 1047 2249 4567

 1047 4567 2479

 2249 1046 2480

 2249 2480 4567

 2478 4568 2287

 2478 2287 1086

 1048 2250 4568

 1048 4568 2478

 2250 1047 2479

 2250 2479 4568

 2477 4569 2288

 2477 2288 1087

 1049 2251 4569

 1049 4569 2477

 2251 1048 2478

 2251 2478 4569

 2476 4570 2289

 2476 2289 1088

 1050 2252 4570

 1050 4570 2476

 2252 1049 2477

 2252 2477 4570

 2475 4571 2290

 2475 2290 1089

 1051 2253 4571

 1051 4571 2475

 2253 1050 2476

 2253 2476 4571

 2474 4572 2291

 2474 2291 1090

 1052 2254 4572

 1052 4572 2474

 2254 1051 2475

 2254 2475 4572

 2473 4573 2292

 2473 2292 1091

 1053 2255 4573

 1053 4573 2473

 2255 1052 2474

 2255 2474 4573

 2472 4574 2293

 2472 2293 1092

 1054 2256 4574

 1054 4574 2472

 2256 1053 2473

 2256 2473 4574

 2471 4575 2294

 2471 2294 1093

 1055 2257 4575

 1055 4575 2471

 2257 1054 2472

 2257 2472 4575

 2470 4576 2295

 2470 2295 1094

 1056 2258 4576

 1056 4576 2470

 2258 1055 2471

 2258 2471 4576

 2469 4577 2296

 2469 2296 1095

 1057 2259 4577

 1057 4577 2469

 2259 1056 2470

 2259 2470 4577

 2468 4578 2297

 2468 2297 1096

 1058 2260 4578

 1058 4578 2468

 2260 1057 2469

 2260 2469 4578

 2466 4579 2298

 2466 2298 1098

 1062 2264 4579

 1062 4579 2466

 2264 1061 2467

 2264 2467 4579

 2465 4580 2299

 2465 2299 1099

 1063 2265 4580

 1063 4580 2465

 2265 1062 2466

 2265 2466 4580

 2464 4581 2300

 2464 2300 1100

 1064 2266 4581

 1064 4581 2464

 2266 1063 2465

 2266 2465 4581

 2462 4582 2302

 2462 2302 1103

 1066 2267 4582

 1066 4582 2462

 2267 1065 2463

 2267 2463 4582

 2461 4583 2303

 2461 2303 1104

 1067 2268 4583

 1067 4583 2461

 2268 1066 2462

 2268 2462 4583

 2460 4584 2304

 2460 2304 1105

 1068 2269 4584

 1068 4584 2460

 2269 1067 2461

 2269 2461 4584

 2459 4585 2305

 2459 2305 1106

 1069 2270 4585

 1069 4585 2459

 2270 1068 2460

 2270 2460 4585

 2458 4586 2306

 2458 2306 1107

 1070 2271 4586

 1070 4586 2458

 2271 1069 2459

 2271 2459 4586

 2457 4587 2307

 2457 2307 1108

 1071 2272 4587

 1071 4587 2457

 2272 1070 2458

 2272 2458 4587

 2456 4588 2308

 2456 2308 1109

 1072 2273 4588

 1072 4588 2456

 2273 1071 2457

 2273 2457 4588

 2455 4589 2309

 2455 2309 1110

 1073 2274 4589

 1073 4589 2455

 2274 1072 2456

 2274 2456 4589

 2454 4590 2310

 2454 2310 1111

 1074 2275 4590

 1074 4590 2454

 2275 1073 2455

 2275 2455 4590

 2453 4591 2311

 2453 2311 1112

 1075 2276 4591

 1075 4591 2453

 2276 1074 2454

 2276 2454 4591

 2452 4592 2312

 2452 2312 1113

 1076 2277 4592

 1076 4592 2452

 2277 1075 2453

 2277 2453 4592

 2451 4593 2313

 2451 2313 1114

 1077 2278 4593

 1077 4593 2451

 2278 1076 2452

 2278 2452 4593

 2450 4594 2314

 2450 2314 1115

 1078 2279 4594

 1078 4594 2450

 2279 1077 2451

 2279 2451 4594

 2449 4595 2315

 2449 2315 1116

 1079 2280 4595

 1079 4595 2449

 2280 1078 2450

 2280 2450 4595

 2448 4596 2316

 2448 2316 1117

 1080 2281 4596

 1080 4596 2448

 2281 1079 2449

 2281 2449 4596

 2447 4597 2317

 2447 2317 1118

 1081 2282 4597

 1081 4597 2447

 2282 1080 2448

 2282 2448 4597

 2446 4598 2318

 2446 2318 1119

 1082 2283 4598

 1082 4598 2446

 2283 1081 2447

 2283 2447 4598

 2445 4599 2319

 2445 2319 1120

 1083 2284 4599

 1083 4599 2445

 2284 1082 2446

 2284 2446 4599

 2444 4600 2320

 2444 2320 1121

 1084 2285 4600

 1084 4600 2444

 2285 1083 2445

 2285 2445 4600

 2443 4601 2321

 2443 2321 1122

 1085 2286 4601

 1085 4601 2443

 2286 1084 2444

 2286 2444 4601

 2442 4602 2322

 2442 2322 1123

 1086 2287 4602

 1086 4602 2442

 2287 1085 2443

 2287 2443 4602

 2441 4603 2323

 2441 2323 1124

 1087 2288 4603

 1087 4603 2441

 2288 1086 2442

 2288 2442 4603

 2440 4604 2324

 2440 2324 1125

 1088 2289 4604

 1088 4604 2440

 2289 1087 2441

 2289 2441 4604

 2439 4605 2325

 2439 2325 1126

 1089 2290 4605

 1089 4605 2439

 2290 1088 2440

 2290 2440 4605

 2438 4606 2326

 2438 2326 1127

 1090 2291 4606

 1090 4606 2438

 2291 1089 2439

 2291 2439 4606

 2437 4607 2327

 2437 2327 1128

 1091 2292 4607

 1091 4607 2437

 2292 1090 2438

 2292 2438 4607

 2436 4608 2328

 2436 2328 1129

 1092 2293 4608

 1092 4608 2436

 2293 1091 2437

 2293 2437 4608

 2435 4609 2329

 2435 2329 1130

 1093 2294 4609

 1093 4609 2435

 2294 1092 2436

 2294 2436 4609

 2434 4610 2330

 2434 2330 1131

 1094 2295 4610

 1094 4610 2434

 2295 1093 2435

 2295 2435 4610

 2432 4611 2331

 2432 2331 1133

 1102 2301 4611

 1102 4611 2432

 2301 1101 2433

 2301 2433 4611

 2431 4612 2332

 2431 2332 1134

 1103 2302 4612

 1103 4612 2431

 2302 1102 2432

 2302 2432 4612

 2430 4613 2333

 2430 2333 1135

 1104 2303 4613

 1104 4613 2430

 2303 1103 2431

 2303 2431 4613

 2429 4614 2334

 2429 2334 1136

 1105 2304 4614

 1105 4614 2429

 2304 1104 2430

 2304 2430 4614

 2428 4615 2335

 2428 2335 1137

 1106 2305 4615

 1106 4615 2428

 2305 1105 2429

 2305 2429 4615

 2427 4616 2336

 2427 2336 1138

 1107 2306 4616

 1107 4616 2427

 2306 1106 2428

 2306 2428 4616

 2426 4617 2337

 2426 2337 1139

 1108 2307 4617

 1108 4617 2426

 2307 1107 2427

 2307 2427 4617

 2425 4618 2338

 2425 2338 1140

 1109 2308 4618

 1109 4618 2425

 2308 1108 2426

 2308 2426 4618

 2423 4619 2339

 2423 2339 1142

 1118 2317 4619

 1118 4619 2423

 2317 1117 2424

 2317 2424 4619

 2422 4620 2340

 2422 2340 1143

 1119 2318 4620

 1119 4620 2422

 2318 1118 2423

 2318 2423 4620

 2421 4621 2341

 2421 2341 1144

 1120 2319 4621

 1120 4621 2421

 2319 1119 2422

 2319 2422 4621

 2420 4622 2342

 2420 2342 1145

 1121 2320 4622

 1121 4622 2420

 2320 1120 2421

 2320 2421 4622

 2419 4623 2343

 2419 2343 1146

 1122 2321 4623

 1122 4623 2419

 2321 1121 2420

 2321 2420 4623

 2418 4624 2344

 2418 2344 1147

 1123 2322 4624

 1123 4624 2418

 2322 1122 2419

 2322 2419 4624

 2417 4625 2345

 2417 2345 1148

 1124 2323 4625

 1124 4625 2417

 2323 1123 2418

 2323 2418 4625

 2416 4626 2346

 2416 2346 1149

 1125 2324 4626

 1125 4626 2416

 2324 1124 2417

 2324 2417 4626

 2415 4627 2347

 2415 2347 1150

 1126 2325 4627

 1126 4627 2415

 2325 1125 2416

 2325 2416 4627

 2414 4628 2348

 2414 2348 1151

 1127 2326 4628

 1127 4628 2414

 2326 1126 2415

 2326 2415 4628

 2413 4629 2349

 2413 2349 1152

 1128 2327 4629

 1128 4629 2413

 2327 1127 2414

 2327 2414 4629

 2411 4630 2350

 2411 2350 1154

 1133 2331 4630

 1133 4630 2411

 2331 1132 2412

 2331 2412 4630

 2410 4631 2351

 2410 2351 1155

 1134 2332 4631

 1134 4631 2410

 2332 1133 2411

 2332 2411 4631

 2409 4632 2352

 2409 2352 1156

 1135 2333 4632

 1135 4632 2409

 2333 1134 2410

 2333 2410 4632

 2408 4633 2353

 2408 2353 1157

 1136 2334 4633

 1136 4633 2408

 2334 1135 2409

 2334 2409 4633

 2407 4634 2354

 2407 2354 1158

 1137 2335 4634

 1137 4634 2407

 2335 1136 2408

 2335 2408 4634

 2406 4635 2355

 2406 2355 1159

 1138 2336 4635

 1138 4635 2406

 2336 1137 2407

 2336 2407 4635

 2405 4636 2356

 2405 2356 1160

 1139 2337 4636

 1139 4636 2405

 2337 1138 2406

 2337 2406 4636

 2403 4637 2357

 2403 2357 1162

 1142 2339 4637

 1142 4637 2403

 2339 1141 2404

 2339 2404 4637

 2402 4638 2358

 2402 2358 1163

 1143 2340 4638

 1143 4638 2402

 2340 1142 2403

 2340 2403 4638

 2401 4639 2359

 2401 2359 1164

 1144 2341 4639

 1144 4639 2401

 2341 1143 2402

 2341 2402 4639

 2400 4640 2360

 2400 2360 1165

 1145 2342 4640

 1145 4640 2400

 2342 1144 2401

 2342 2401 4640

 2399 4641 2361

 2399 2361 1166

 1146 2343 4641

 1146 4641 2399

 2343 1145 2400

 2343 2400 4641

 2398 4642 2362

 2398 2362 1167

 1147 2344 4642

 1147 4642 2398

 2344 1146 2399

 2344 2399 4642

 2397 4643 2363

 2397 2363 1168

 1148 2345 4643

 1148 4643 2397

 2345 1147 2398

 2345 2398 4643

 2396 4644 2364

 2396 2364 1169

 1149 2346 4644

 1149 4644 2396

 2346 1148 2397

 2346 2397 4644

 2394 4645 2365

 2394 2365 1171

 1154 2350 4645

 1154 4645 2394

 2350 1153 2395

 2350 2395 4645

 2393 4646 2366

 2393 2366 1172

 1155 2351 4646

 1155 4646 2393

 2351 1154 2394

 2351 2394 4646

 2392 4647 2367

 2392 2367 1173

 1156 2352 4647

 1156 4647 2392

 2352 1155 2393

 2352 2393 4647

 2391 4648 2368

 2391 2368 1174

 1157 2353 4648

 1157 4648 2391

 2353 1156 2392

 2353 2392 4648

 2390 4649 2369

 2390 2369 1175

 1158 2354 4649

 1158 4649 2390

 2354 1157 2391

 2354 2391 4649

 2388 4650 2370

 2388 2370 1177

 1163 2358 4650

 1163 4650 2388

 2358 1162 2389

 2358 2389 4650

 2387 4651 2371

 2387 2371 1178

 1164 2359 4651

 1164 4651 2387

 2359 1163 2388

 2359 2388 4651

 2386 4652 2372

 2386 2372 1179

 1165 2360 4652

 1165 4652 2386

 2360 1164 2387

 2360 2387 4652

 2385 4653 2373

 2385 2373 1180

 1166 2361 4653

 1166 4653 2385

 2361 1165 2386

 2361 2386 4653

 2384 4654 2374

 2384 2374 1181

 1167 2362 4654

 1167 4654 2384

 2362 1166 2385

 2362 2385 4654

 2383 4655 2375

 2383 2375 1182

 1168 2363 4655

 1168 4655 2383

 2363 1167 2384

 2363 2384 4655

 2381 4656 2376

 2381 2376 1184

 1171 2365 4656

 1171 4656 2381

 2365 1170 2382

 2365 2382 4656

 2380 4657 2377

 2380 2377 1185

 1172 2366 4657

 1172 4657 2380

 2366 1171 2381

 2366 2381 4657

 2379 4658 2378

 2379 2378 1186

 1173 2367 4658

 1173 4658 2379

 2367 1172 2380

 2367 2380 4658

 5399 5398 5402

 5399 5402 5403

 5398 5397 5401

 5398 5401 5402

 5397 5396 5400

 5397 5400 5401

 5395 5394 5398

 5395 5398 5399

 5394 5393 5397

 5394 5397 5398

 5393 5392 5396

 5393 5396 5397

 5391 5390 5394

 5391 5394 5395

 5390 5389 5393

 5390 5393 5394

 5389 5388 5392

 5389 5392 5393

 5386 5385 5390

 5386 5390 5391

 5385 5384 5389

 5385 5389 5390

 5384 5383 5388

 5384 5388 5389

 5383 5382 5387

 5383 5387 5388

 5380 5379 5385

 5380 5385 5386

 5379 5378 5384

 5379 5384 5385

 5378 5377 5383

 5378 5383 5384

 5377 5376 5382

 5377 5382 5383

 5376 5375 5381

 5376 5381 5382

 5374 5373 5378

 5374 5378 5379

 5373 5372 5377

 5373 5377 5378

 5372 5371 5376

 5372 5376 5377

 5371 5370 5375

 5371 5375 5376

 5369 5368 5372

 5369 5372 5373

 5368 5367 5371

 5368 5371 5372

 5367 5366 5370

 5367 5370 5371

 5364 5363 5367

 5364 5367 5368

 5363 5362 5366

 5363 5366 5367

 5362 5361 5365

 5362 5365 5366

 5356 5355 5363

 5356 5363 5364

 5355 5354 5362

 5355 5362 5363

 5354 5353 5361

 5354 5361 5362

 5353 5352 5360

 5353 5360 5361

 5350 5349 5358

 5350 5358 5359

 5349 5348 5357

 5349 5357 5358

 5346 5345 5355

 5346 5355 5356

 5345 5344 5354

 5345 5354 5355

 5344 5343 5353

 5344 5353 5354

 5343 5342 5352

 5343 5352 5353

 5339 5338 5350

 5339 5350 5351

 5338 5337 5349

 5338 5349 5350

 5337 5336 5348

 5337 5348 5349

 5336 5335 5347

 5336 5347 5348

 5334 5333 5344

 5334 5344 5345

 5333 5332 5343

 5333 5343 5344

 5332 5331 5342

 5332 5342 5343

 5329 5328 5340

 5329 5340 5341

 5328 5327 5339

 5328 5339 5340

 5327 5326 5338

 5327 5338 5339

 5326 5325 5337

 5326 5337 5338

 5325 5324 5336

 5325 5336 5337

 5324 5323 5335

 5324 5335 5336

 5322 5321 5333

 5322 5333 5334

 5321 5320 5332

 5321 5332 5333

 5320 5319 5331

 5320 5331 5332

 5318 5317 5329

 5318 5329 5330

 5317 5316 5328

 5317 5328 5329

 5316 5315 5327

 5316 5327 5328

 5315 5314 5326

 5315 5326 5327

 5314 5313 5325

 5314 5325 5326

 5313 5312 5324

 5313 5324 5325

 5311 5310 5321

 5311 5321 5322

 5310 5309 5320

 5310 5320 5321

 5309 5308 5319

 5309 5319 5320

 5308 5307 5318

 5308 5318 5319

 5307 5306 5317

 5307 5317 5318

 5306 5305 5316

 5306 5316 5317

 5305 5304 5315

 5305 5315 5316

 5304 5303 5314

 5304 5314 5315

 5302 5301 5310

 5302 5310 5311

 5301 5300 5309

 5301 5309 5310

 5300 5299 5308

 5300 5308 5309

 5299 5298 5307

 5299 5307 5308

 5298 5297 5306

 5298 5306 5307

 5297 5296 5305

 5297 5305 5306

 5296 5295 5304

 5296 5304 5305

 5293 5292 5301

 5293 5301 5302

 5292 5291 5300

 5292 5300 5301

 5291 5290 5299

 5291 5299 5300

 5290 5289 5298

 5290 5298 5299

 5289 5288 5297

 5289 5297 5298

 5288 5287 5296

 5288 5296 5297

 5287 5286 5295

 5287 5295 5296

 5285 5284 5293

 5285 5293 5294

 5284 5283 5292

 5284 5292 5293

 5283 5282 5291

 5283 5291 5292

 5282 5281 5290

 5282 5290 5291

 5281 5280 5289

 5281 5289 5290

 5280 5279 5288

 5280 5288 5289

 5279 5278 5287

 5279 5287 5288

 5277 5276 5284

 5277 5284 5285

 5276 5275 5283

 5276 5283 5284

 5275 5274 5282

 5275 5282 5283

 5274 5273 5281

 5274 5281 5282

 5272 5271 5276

 5272 5276 5277

 5271 5270 5275

 5271 5275 5276

 5270 5269 5274

 5270 5274 5275

 5269 5268 5273

 5269 5273 5274

 5267 5266 5271

 5267 5271 5272

 5266 5265 5270

 5266 5270 5271

 5265 5264 5269

 5265 5269 5270

 5264 5263 5268

 5264 5268 5269

 5262 5261 5265

 5262 5265 5266

 5261 5260 5264

 5261 5264 5265

 5255 5254 5258

 5255 5258 5259

 5254 5253 5257

 5254 5257 5258

 5253 5252 5256

 5253 5256 5257

 5250 5249 5254

 5250 5254 5255

 5249 5248 5253

 5249 5253 5254

 5248 5247 5252

 5248 5252 5253

 5247 5246 5251

 5247 5251 5252

 5241 5240 5249

 5241 5249 5250

 5240 5239 5248

 5240 5248 5249

 5239 5238 5247

 5239 5247 5248

 5238 5237 5246

 5238 5246 5247

 5236 5235 5244

 5236 5244 5245

 5235 5234 5243

 5235 5243 5244

 5234 5233 5242

 5234 5242 5243

 5232 5231 5239

 5232 5239 5240

 5231 5230 5238

 5231 5238 5239

 5230 5229 5237

 5230 5237 5238

 5227 5226 5235

 5227 5235 5236

 5226 5225 5234

 5226 5234 5235

 5225 5224 5233

 5225 5233 5234

 5222 5221 5231

 5222 5231 5232

 5221 5220 5230

 5221 5230 5231

 5220 5219 5229

 5220 5229 5230

 5218 5217 5227

 5218 5227 5228

 5217 5216 5226

 5217 5226 5227

 5216 5215 5225

 5216 5225 5226

 5215 5214 5224

 5215 5224 5225

 5213 5212 5222

 5213 5222 5223

 5212 5211 5221

 5212 5221 5222

 5211 5210 5220

 5211 5220 5221

 5210 5209 5219

 5210 5219 5220

 5208 5207 5217

 5208 5217 5218

 5207 5206 5216

 5207 5216 5217

 5206 5205 5215

 5206 5215 5216

 5204 5203 5212

 5204 5212 5213

 5203 5202 5211

 5203 5211 5212

 5202 5201 5210

 5202 5210 5211

 5200 5199 5207

 5200 5207 5208

 5199 5198 5206

 5199 5206 5207

 5198 5197 5205

 5198 5205 5206

 5196 5195 5203

 5196 5203 5204

 5195 5194 5202

 5195 5202 5203

 5194 5193 5201

 5194 5201 5202

 5192 5191 5195

 5192 5195 5196

 5191 5190 5194

 5191 5194 5195

 5190 5189 5193

 5190 5193 5194

 5184 5183 5191

 5184 5191 5192

 5183 5182 5190

 5183 5190 5191

 5182 5181 5189

 5182 5189 5190

 5178 5177 5187

 5178 5187 5188

 5177 5176 5186

 5177 5186 5187

 5176 5175 5185

 5176 5185 5186

 5174 5173 5183

 5174 5183 5184

 5173 5172 5182

 5173 5182 5183

 5172 5171 5181

 5172 5181 5182

 5169 5168 5179

 5169 5179 5180

 5168 5167 5178

 5168 5178 5179

 5167 5166 5177

 5167 5177 5178

 5166 5165 5176

 5166 5176 5177

 5165 5164 5175

 5165 5175 5176

 5159 5158 5173

 5159 5173 5174

 5158 5157 5172

 5158 5172 5173

 5157 5156 5171

 5157 5171 5172

 5155 5154 5169

 5155 5169 5170

 5154 5153 5168

 5154 5168 5169

 5153 5152 5167

 5153 5167 5168

 5152 5151 5166

 5152 5166 5167

 5151 5150 5165

 5151 5165 5166

 5150 5149 5164

 5150 5164 5165

 5148 5147 5162

 5148 5162 5163

 5147 5146 5161

 5147 5161 5162

 5146 5145 5160

 5146 5160 5161

 5138 5137 5158

 5138 5158 5159

 5137 5136 5157

 5137 5157 5158

 5136 5135 5156

 5136 5156 5157

 5132 5131 5154

 5132 5154 5155

 5131 5130 5153

 5131 5153 5154

 5130 5129 5152

 5130 5152 5153

 5129 5128 5151

 5129 5151 5152

 5124 5123 5147

 5124 5147 5148

 5123 5122 5146

 5123 5146 5147

 5122 5121 5145

 5122 5145 5146

 5117 5116 5143

 5117 5143 5144

 5116 5115 5142

 5116 5142 5143

 5115 5114 5141

 5115 5141 5142

 5114 5113 5140

 5114 5140 5141

 5113 5112 5139

 5113 5139 5140

 5110 5109 5137

 5110 5137 5138

 5109 5108 5136

 5109 5136 5137

 5108 5107 5135

 5108 5135 5136

 5107 5106 5134

 5107 5134 5135

 5105 5104 5132

 5105 5132 5133

 5104 5103 5131

 5104 5131 5132

 5103 5102 5130

 5103 5130 5131

 5102 5101 5129

 5102 5129 5130

 5101 5100 5128

 5101 5128 5129

 5100 5099 5127

 5100 5127 5128

 5098 5097 5125

 5098 5125 5126

 5095 5094 5123

 5095 5123 5124

 5094 5093 5122

 5094 5122 5123

 5093 5092 5121

 5093 5121 5122

 5092 5091 5120

 5092 5120 5121

 5091 5090 5119

 5091 5119 5120

 5090 5089 5118

 5090 5118 5119

 5083 5082 5116

 5083 5116 5117

 5082 5081 5115

 5082 5115 5116

 5081 5080 5114

 5081 5114 5115

 5080 5079 5113

 5080 5113 5114

 5079 5078 5112

 5079 5112 5113

 5078 5077 5111

 5078 5111 5112

 5077 5076 5110

 5077 5110 5111

 5075 5074 5108

 5075 5108 5109

 5074 5073 5107

 5074 5107 5108

 5073 5072 5106

 5073 5106 5107

 5069 5068 5104

 5069 5104 5105

 5068 5067 5103

 5068 5103 5104

 5067 5066 5102

 5067 5102 5103

 5066 5065 5101

 5066 5101 5102

 5065 5064 5100

 5065 5100 5101

 5064 5063 5099

 5064 5099 5100

 5063 5062 5098

 5063 5098 5099

 5062 5061 5097

 5062 5097 5098

 5061 5060 5096

 5061 5096 5097

 5057 5056 5094

 5057 5094 5095

 5056 5055 5093

 5056 5093 5094

 5055 5054 5092

 5055 5092 5093

 5054 5053 5091

 5054 5091 5092

 5053 5052 5090

 5053 5090 5091

 5052 5051 5089

 5052 5089 5090

 5049 5048 5087

 5049 5087 5088

 5048 5047 5086

 5048 5086 5087

 5047 5046 5085

 5047 5085 5086

 5046 5045 5084

 5046 5084 5085

 5042 5041 5082

 5042 5082 5083

 5041 5040 5081

 5041 5081 5082

 5040 5039 5080

 5040 5080 5081

 5039 5038 5079

 5039 5079 5080

 5038 5037 5078

 5038 5078 5079

 5037 5036 5077

 5037 5077 5078

 5036 5035 5076

 5036 5076 5077

 5035 5034 5075

 5035 5075 5076

 5034 5033 5074

 5034 5074 5075

 5033 5032 5073

 5033 5073 5074

 5032 5031 5072

 5032 5072 5073

 5031 5030 5071

 5031 5071 5072

 5029 5028 5069

 5029 5069 5070

 5028 5027 5068

 5028 5068 5069

 5027 5026 5067

 5027 5067 5068

 5026 5025 5066

 5026 5066 5067

 5025 5024 5065

 5025 5065 5066

 5024 5023 5064

 5024 5064 5065

 5023 5022 5063

 5023 5063 5064

 5022 5021 5062

 5022 5062 5063

 5021 5020 5061

 5021 5061 5062

 5020 5019 5060

 5020 5060 5061

 5019 5018 5059

 5019 5059 5060

 5018 5017 5058

 5018 5058 5059

 5015 5014 5056

 5015 5056 5057

 5014 5013 5055

 5014 5055 5056

 5013 5012 5054

 5013 5054 5055

 5012 5011 5053

 5012 5053 5054

 5011 5010 5052

 5011 5052 5053

 5010 5009 5051

 5010 5051 5052

 5008 5007 5049

 5008 5049 5050

 5007 5006 5048

 5007 5048 5049

 5006 5005 5047

 5006 5047 5048

 5005 5004 5046

 5005 5046 5047

 5004 5003 5045

 5004 5045 5046

 5003 5002 5044

 5003 5044 5045

 5002 5001 5043

 5002 5043 5044

 4999 4998 5041

 4999 5041 5042

 4998 4997 5040

 4998 5040 5041

 4997 4996 5039

 4997 5039 5040

 4995 4994 5037

 4995 5037 5038

 4994 4993 5036

 4994 5036 5037

 4993 4992 5035

 4993 5035 5036

 4992 4991 5034

 4992 5034 5035

 4990 4989 5032

 4990 5032 5033

 4989 4988 5031

 4989 5031 5032

 4988 4987 5030

 4988 5030 5031

 4985 4984 5028

 4985 5028 5029

 4984 4983 5027

 4984 5027 5028

 4983 4982 5026

 4983 5026 5027

 4982 4981 5025

 4982 5025 5026

 4981 4980 5024

 4981 5024 5025

 4980 4979 5023

 4980 5023 5024

 4979 4978 5022

 4979 5022 5023

 4978 4977 5021

 4978 5021 5022

 4977 4976 5020

 4977 5020 5021

 4976 4975 5019

 4976 5019 5020

 4975 4974 5018

 4975 5018 5019

 4974 4973 5017

 4974 5017 5018

 4973 4972 5016

 4973 5016 5017

 4969 4968 5013

 4969 5013 5014

 4968 4967 5012

 4968 5012 5013

 4967 4966 5011

 4967 5011 5012

 4966 4965 5010

 4966 5010 5011

 4964 4963 5007

 4964 5007 5008

 4963 4962 5006

 4963 5006 5007

 4962 4961 5005

 4962 5005 5006

 4961 4960 5004

 4961 5004 5005

 4960 4959 5003

 4960 5003 5004

 4959 4958 5002

 4959 5002 5003

 4958 4957 5001

 4958 5001 5002

 4957 4956 5000

 4957 5000 5001

 4954 4953 4998

 4954 4998 4999

 4953 4952 4997

 4953 4997 4998

 4952 4951 4996

 4952 4996 4997

 4950 4949 4994

 4950 4994 4995

 4949 4948 4993

 4949 4993 4994

 4948 4947 4992

 4948 4992 4993

 4947 4946 4991

 4947 4991 4992

 4945 4944 4989

 4945 4989 4990

 4944 4943 4988

 4944 4988 4989

 4943 4942 4987

 4943 4987 4988

 4942 4941 4986

 4942 4986 4987

 4940 4939 4984

 4940 4984 4985

 4939 4938 4983

 4939 4983 4984

 4938 4937 4982

 4938 4982 4983

 4937 4936 4981

 4937 4981 4982

 4936 4935 4980

 4936 4980 4981

 4935 4934 4979

 4935 4979 4980

 4934 4933 4978

 4934 4978 4979

 4933 4932 4977

 4933 4977 4978

 4932 4931 4976

 4932 4976 4977

 4931 4930 4975

 4931 4975 4976

 4930 4929 4974

 4930 4974 4975

 4929 4928 4973

 4929 4973 4974

 4928 4927 4972

 4928 4972 4973

 4927 4926 4971

 4927 4971 4972

 4926 4925 4970

 4926 4970 4971

 4923 4922 4963

 4923 4963 4964

 4922 4921 4962

 4922 4962 4963

 4921 4920 4961

 4921 4961 4962

 4919 4918 4959

 4919 4959 4960

 4918 4917 4958

 4918 4958 4959

 4917 4916 4957

 4917 4957 4958

 4916 4915 4956

 4916 4956 4957

 4914 4913 4954

 4914 4954 4955

 4913 4912 4953

 4913 4953 4954

 4912 4911 4952

 4912 4952 4953

 4911 4910 4951

 4911 4951 4952

 4909 4908 4949

 4909 4949 4950

 4908 4907 4948

 4908 4948 4949

 4907 4906 4947

 4907 4947 4948

 4906 4905 4946

 4906 4946 4947

 4905 4904 4945

 4905 4945 4946

 4904 4903 4944

 4904 4944 4945

 4903 4902 4943

 4903 4943 4944

 4902 4901 4942

 4902 4942 4943

 4901 4900 4941

 4901 4941 4942

 4899 4898 4939

 4899 4939 4940

 4898 4897 4938

 4898 4938 4939

 4897 4896 4937

 4897 4937 4938

 4896 4895 4936

 4896 4936 4937

 4895 4894 4935

 4895 4935 4936

 4894 4893 4934

 4894 4934 4935

 4893 4892 4933

 4893 4933 4934

 4892 4891 4932

 4892 4932 4933

 4891 4890 4931

 4891 4931 4932

 4890 4889 4930

 4890 4930 4931

 4889 4888 4929

 4889 4929 4930

 4888 4887 4928

 4888 4928 4929

 4887 4886 4927

 4887 4927 4928

 4886 4885 4926

 4886 4926 4927

 4885 4884 4925

 4885 4925 4926

 4884 4883 4924

 4884 4924 4925

 4882 4881 4922

 4882 4922 4923

 4881 4880 4921

 4881 4921 4922

 4880 4879 4920

 4880 4920 4921

 4878 4877 4917

 4878 4917 4918

 4877 4876 4916

 4877 4916 4917

 4876 4875 4915

 4876 4915 4916

 4875 4874 4914

 4875 4914 4915

 4874 4873 4913

 4874 4913 4914

 4873 4872 4912

 4873 4912 4913

 4872 4871 4911

 4872 4911 4912

 4871 4870 4910

 4871 4910 4911

 4869 4868 4908

 4869 4908 4909

 4868 4867 4907

 4868 4907 4908

 4867 4866 4906

 4867 4906 4907

 4866 4865 4905

 4866 4905 4906

 4865 4864 4904

 4865 4904 4905

 4864 4863 4903

 4864 4903 4904

 4863 4862 4902

 4863 4902 4903

 4862 4861 4901

 4862 4901 4902

 4861 4860 4900

 4861 4900 4901

 4859 4858 4897

 4859 4897 4898

 4858 4857 4896

 4858 4896 4897

 4857 4856 4895

 4857 4895 4896

 4856 4855 4894

 4856 4894 4895

 4855 4854 4893

 4855 4893 4894

 4854 4853 4892

 4854 4892 4893

 4853 4852 4891

 4853 4891 4892

 4852 4851 4890

 4852 4890 4891

 4851 4850 4889

 4851 4889 4890

 4850 4849 4888

 4850 4888 4889

 4849 4848 4887

 4849 4887 4888

 4848 4847 4886

 4848 4886 4887

 4847 4846 4885

 4847 4885 4886

 4846 4845 4884

 4846 4884 4885

 4845 4844 4883

 4845 4883 4884

 4843 4842 4881

 4843 4881 4882

 4842 4841 4880

 4842 4880 4881

 4841 4840 4879

 4841 4879 4880

 4839 4838 4877

 4839 4877 4878

 4838 4837 4876

 4838 4876 4877

 4837 4836 4875

 4837 4875 4876

 4836 4835 4874

 4836 4874 4875

 4835 4834 4873

 4835 4873 4874

 4834 4833 4872

 4834 4872 4873

 4833 4832 4871

 4833 4871 4872

 4831 4830 4866

 4831 4866 4867

 4830 4829 4865

 4830 4865 4866

 4829 4828 4864

 4829 4864 4865

 4828 4827 4863

 4828 4863 4864

 4827 4826 4862

 4827 4862 4863

 4826 4825 4861

 4826 4861 4862

 4825 4824 4860

 4825 4860 4861

 4822 4821 4855

 4822 4855 4856

 4821 4820 4854

 4821 4854 4855

 4820 4819 4853

 4820 4853 4854

 4819 4818 4852

 4819 4852 4853

 4818 4817 4851

 4818 4851 4852

 4817 4816 4850

 4817 4850 4851

 4816 4815 4849

 4816 4849 4850

 4815 4814 4848

 4815 4848 4849

 4814 4813 4847

 4814 4847 4848

 4813 4812 4846

 4813 4846 4847

 4812 4811 4845

 4812 4845 4846

 4803 4802 4842

 4803 4842 4843

 4802 4801 4841

 4802 4841 4842

 4801 4800 4840

 4801 4840 4841

 4799 4798 4838

 4799 4838 4839

 4798 4797 4837

 4798 4837 4838

 4797 4796 4836

 4797 4836 4837

 4796 4795 4835

 4796 4835 4836

 4795 4794 4834

 4795 4834 4835

 4791 4790 4822

 4791 4822 4823

 4790 4789 4821

 4790 4821 4822

 4789 4788 4820

 4789 4820 4821

 4788 4787 4819

 4788 4819 4820

 4787 4786 4818

 4787 4818 4819

 4786 4785 4817

 4786 4817 4818

 4785 4784 4816

 4785 4816 4817

 4784 4783 4815

 4784 4815 4816

 4783 4782 4814

 4783 4814 4815

 4782 4781 4813

 4782 4813 4814

 4781 4780 4812

 4781 4812 4813

 4780 4779 4811

 4780 4811 4812

 4778 4777 4809

 4778 4809 4810

 4777 4776 4808

 4777 4808 4809

 4776 4775 4807

 4776 4807 4808

 4775 4774 4806

 4775 4806 4807

 4774 4773 4805

 4774 4805 4806

 4766 4765 4803

 4766 4803 4804

 4765 4764 4802

 4765 4802 4803

 4764 4763 4801

 4764 4801 4802

 4763 4762 4800

 4763 4800 4801

 4761 4760 4792

 4761 4792 4793

 4760 4759 4791

 4760 4791 4792

 4759 4758 4790

 4759 4790 4791

 4758 4757 4789

 4758 4789 4790

 4757 4756 4788

 4757 4788 4789

 4756 4755 4787

 4756 4787 4788

 4754 4753 4785

 4754 4785 4786

 4753 4752 4784

 4753 4784 4785

 4752 4751 4783

 4752 4783 4784

 4751 4750 4782

 4751 4782 4783

 4750 4749 4781

 4750 4781 4782

 4749 4748 4780

 4749 4780 4781

 4748 4747 4779

 4748 4779 4780

 4746 4745 4777

 4746 4777 4778

 4745 4744 4776

 4745 4776 4777

 4744 4743 4775

 4744 4775 4776

 4743 4742 4774

 4743 4774 4775

 4742 4741 4773

 4742 4773 4774

 4741 4740 4772

 4741 4772 4773

 4740 4739 4771

 4740 4771 4772

 4739 4738 4770

 4739 4770 4771

 4738 4737 4769

 4738 4769 4770

 4737 4736 4768

 4737 4768 4769

 4736 4735 4767

 4736 4767 4768

 4735 4734 4766

 4735 4766 4767

 4734 4733 4765

 4734 4765 4766

 4733 4732 4764

 4733 4764 4765

 4732 4731 4763

 4732 4763 4764

 4731 4730 4762

 4731 4762 4763

 4729 4728 4760

 4729 4760 4761

 4728 4727 4759

 4728 4759 4760

 4727 4726 4758

 4727 4758 4759

 4726 4725 4757

 4726 4757 4758

 4725 4724 4756

 4725 4756 4757

 4723 4722 4752

 4723 4752 4753

 4722 4721 4751

 4722 4751 4752

 4721 4720 4750

 4721 4750 4751

 4720 4719 4749

 4720 4749 4750

 4719 4718 4748

 4719 4748 4749

 4718 4717 4747

 4718 4747 4748

 4716 4715 4744

 4716 4744 4745

 4715 4714 4743

 4715 4743 4744

 4714 4713 4742

 4714 4742 4743

 4713 4712 4741

 4713 4741 4742

 4712 4711 4740

 4712 4740 4741

 4711 4710 4739

 4711 4739 4740

 4710 4709 4738

 4710 4738 4739

 4709 4708 4737

 4709 4737 4738

 4708 4707 4736

 4708 4736 4737

 4707 4706 4735

 4707 4735 4736

 4706 4705 4734

 4706 4734 4735

 4705 4704 4733

 4705 4733 4734

 4704 4703 4732

 4704 4732 4733

 4703 4702 4731

 4703 4731 4732

 4701 4700 4728

 4701 4728 4729

 4700 4699 4727

 4700 4727 4728

 4699 4698 4726

 4699 4726 4727

 4698 4697 4725

 4698 4725 4726

 4696 4695 4722

 4696 4722 4723

 4695 4694 4721

 4695 4721 4722

 4694 4693 4720

 4694 4720 4721

 4693 4692 4719

 4693 4719 4720

 4692 4691 4718

 4692 4718 4719

 4691 4690 4717

 4691 4717 4718

 4689 4688 4712

 4689 4712 4713

 4688 4687 4711

 4688 4711 4712

 4687 4686 4710

 4687 4710 4711

 4686 4685 4709

 4686 4709 4710

 4685 4684 4708

 4685 4708 4709

 4684 4683 4707

 4684 4707 4708

 4683 4682 4706

 4683 4706 4707

 4682 4681 4705

 4682 4705 4706

 4681 4680 4704

 4681 4704 4705

 4680 4679 4703

 4680 4703 4704

 4678 4677 4700

 4678 4700 4701

 4677 4676 4699

 4677 4699 4700

 4676 4675 4698

 4676 4698 4699

 4675 4674 4697

 4675 4697 4698

 4673 4672 4695

 4673 4695 4696

 4672 4671 4694

 4672 4694 4695

 4671 4670 4693

 4671 4693 4694

 4670 4669 4692

 4670 4692 4693

 4669 4668 4691

 4669 4691 4692

 4667 4666 4672

 4667 4672 4673

 4666 4665 4671

 4666 4671 4672

 4665 4664 4670

 4665 4670 4671

 4664 4663 4669

 4664 4669 4670

 4662 4661 4665

 4662 4665 4666

 4661 4660 4664

 4661 4664 4665

 4660 4659 4663

 4660 4663 4664

 5404 5414 5415

 5404 5415 5405

 5405 5415 5416

 5405 5416 5406

 5406 5416 5417

 5406 5417 5407

 5407 5417 5418

 5407 5418 5408

 5408 5418 5419

 5408 5419 5409

 5409 5419 5420

 5409 5420 5410

 5410 5420 5421

 5410 5421 5411

 5411 5421 5422

 5411 5422 5412

 5412 5422 5423

 5412 5423 5413

 5413 5423 1328

 5413 1328 85

 3404 85 1328

 3404 1328 3696

 5424 5425 5427

 5424 5427 5426

 5432 5435 5431

 5432 5431 5430

 5430 5431 5429

 5430 5429 5428

 5436 5439 5425

 5436 5425 5424

 5434 5427 5425

 5434 5425 5439

 5431 5435 5438

 5431 5438 5429

 5435 5434 5439

 5435 5439 5438

 5428 5429 5438

 5428 5438 5437

 5439 5436 5440

 5439 5440 5443

 5426 5427 5434

 5426 5434 5433

 5433 5434 5435

 5433 5435 5432

 5441 5442 5443

 5441 5443 5440

 5438 5439 5443

 5438 5443 5442

 5437 5438 5442

 5437 5442 5441

 5433 24 1275

 5432 24 5433

 1275 25 5433

 5426 25 3468

 3468 18 5424

 5436 5424 3637

 5440 3637 3474

 5437 5441 3636

 5424 3473 3637

 5430 5428 17

 5430 23 1274

 5432 1274 24

 5428 5437 3636

vector2s:

 0.085189 0.864407

 0.147126 0.864407

 0.147126 0.926344

 0.085189 0.926344

 0.626880 0.252033

 0.799295 0.252033

 0.376495 0.883862

 0.337776 0.883862

 0.337776 0.774047

 0.376495 0.774047

 0.376495 0.874294

 0.415214 0.874294

 0.415214 0.993677

 0.376495 0.993677

 0.357135 0.993677

 0.337776 0.993677

 0.337776 0.874294

 0.337776 0.754912

 0.376495 0.754912

 0.415214 0.754912

 0.415214 0.883862

 0.415214 0.774047

 0.799295 0.276494

 0.626880 0.276494

 0.031315 0.794240

 0.218105 0.794240

 0.218105 0.981030

 0.031315 0.981030

 0.810345 0.839897

 0.880244 0.839897

 0.880244 0.909796

 0.810345 0.909796

 0.094215 0.868534

 0.146235 0.926559

 0.658495 0.452123

 0.593266 0.452123

 0.593266 0.317890

 0.658495 0.317890

 0.777692 0.452123

 0.712463 0.452123

 0.712463 0.317890

 0.777692 0.317890

 0.658809 0.282210

 0.712778 0.282210

uv:

 0 1 2

 0 2 3

 0 1 2

 0 2 3

 0 1 2

 0 2 3

 0 1 2

 0 2 3

 0 1 2

 0 2 3

 0 1 2

 0 2 3

 0 1 2

 0 2 3

 0 1 2

 0 2 3

 0 1 2

 0 2 3

 0 1 2

 0 2 3

 0 1 2

 0 2 3

 0 1 2

 0 2 3

 0 1 2

 0 2 3

 0 1 2

 0 2 3

 0 1 2

 0 2 3

 0 1 2

 0 2 3

 0 1 2

 0 2 3

 0 1 2

 0 2 3

 0 1 2

 0 2 3

 0 1 2

 0 2 3

 0 1 2

 0 2 3

 0 1 2

 0 2 3

 0 1 2

 0 2 3

 0 1 2

 0 2 3

 0 1 2

 0 2 3

 0 1 2

 0 2 3

 0 1 2

 0 2 3

 0 1 2

 0 2 3

 0 1 2

 0 2 3

 0 1 2

 0 2 3

 0 1 2

 0 2 3

 0 1 2

 0 2 3

 0 1 2

 0 2 3

 0 1 2

 0 2 3

 0 1 2

 0 2 3

 0 1 2

 0 2 3

 0 1 2

 0 2 3

 0 1 2

 0 2 3

 0 1 2

 0 2 3

 0 1 2

 0 2 3

 0 1 2

 0 2 3

 0 1 2

 0 2 3

 0 1 2

 0 2 3

 0 1 2

 0 2 3

 0 1 2

 0 2 3

 0 1 2

 0 2 3

 0 1 2

 0 2 3

 0 1 2

 0 2 3

 0 1 2

 0 2 3

 0 1 2

 0 2 3

 0 1 2

 0 2 3

 0 1 2

 0 2 3

 0 1 2

 0 2 3

 0 1 2

 0 2 3

 0 1 2

 0 2 3

 0 1 2

 0 2 3

 0 1 2

 0 2 3

 0 1 2

 0 2 3

 0 1 2

 0 2 3

 0 1 2

 0 2 3

 0 1 2

 0 2 3

 0 1 2

 0 2 3

 0 1 2

 0 2 3

 0 1 2

 0 2 3

 0 1 2

 0 2 3

 0 1 2

 0 2 3

 0 1 2

 0 2 3

 0 1 2

 0 2 3

 0 1 2

 0 2 3

 0 1 2

 0 2 3

 0 1 2

 0 2 3

 0 1 2

 0 2 3

 0 1 2

 0 2 3

 0 1 2

 0 2 3

 0 1 2

 0 2 3

 0 1 2

 0 2 3

 0 1 2

 0 2 3

 0 1 2

 0 2 3

 0 1 2

 0 2 3

 0 1 2

 0 2 3

 0 1 2

 0 2 3

 0 1 2

 0 2 3

 0 1 2

 0 2 3

 0 1 2

 0 2 3

 0 1 2

 0 2 3

 0 1 2

 0 2 3

 0 1 2

 0 2 3

 0 1 2

 0 2 3

 0 1 2

 0 2 3

 0 1 2

 0 2 3

 0 1 2

 0 2 3

 0 1 2

 0 2 3

 0 1 2

 0 2 3

 0 1 2

 0 2 3

 0 1 2

 0 2 3

 0 1 2

 0 2 3

 0 1 2

 0 2 3

 0 1 2

 0 2 3

 0 1 2

 0 2 3

 0 1 2

 0 2 3

 0 1 2

 0 2 3

 0 1 2

 0 2 3

 0 1 2

 0 2 3

 0 1 2

 0 2 3

 0 1 2

 0 2 3

 0 1 2

 0 2 3

 0 1 2

 0 2 3

 0 1 2

 0 2 3

 0 1 2

 0 2 3

 0 1 2

 0 2 3

 0 1 2

 0 2 3

 0 1 2

 0 2 3

 0 1 2

 0 2 3

 0 1 2

 0 2 3

 0 1 2

 0 2 3

 0 1 2

 0 2 3

 0 1 2

 0 2 3

 0 1 2

 0 2 3

 0 1 2

 0 2 3

 0 1 2

 0 2 3

 0 1 2

 0 2 3

 0 1 2

 0 2 3

 0 1 2

 0 2 3

 0 1 2

 0 2 3

 0 1 2

 0 2 3

 0 1 2

 0 2 3

 0 1 2

 0 2 3

 0 1 2

 0 2 3

 0 1 2

 0 2 3

 0 1 2

 0 2 3

 0 1 2

 0 2 3

 0 1 2

 0 2 3

 0 1 2

 0 2 3

 0 1 2

 0 2 3

 0 1 2

 0 2 3

 0 1 2

 0 2 3

 0 1 2

 0 2 3

 0 1 2

 0 2 3

 0 1 2

 0 2 3

 0 1 2

 0 2 3

 0 1 2

 0 2 3

 0 1 2

 0 2 3

 0 1 2

 0 2 3

 0 1 2

 0 2 3

 0 1 2

 0 2 3

 0 1 2

 0 2 3

 0 1 2

 0 2 3

 0 1 2

 0 2 3

 0 1 2

 0 2 3

 0 1 2

 0 2 3

 0 1 2

 0 2 3

 0 1 2

 0 2 3

 0 1 2

 0 2 3

 0 1 2

 0 2 3

 0 1 2

 0 2 3

 0 1 2

 0 2 3

 0 1 2

 0 2 3

 0 1 2

 0 2 3

 0 1 2

 0 2 3

 0 1 2

 0 2 3

 0 1 2

 0 2 3

 0 1 2

 0 2 3

 0 1 2

 0 2 3

 0 1 2

 0 2 3

 0 1 2

 0 2 3

 0 1 2

 0 2 3

 0 1 2

 0 2 3

 0 1 2

 0 2 3

 0 1 2

 0 2 3

 0 1 2

 0 2 3

 0 1 2

 0 2 3

 0 1 2

 0 2 3

 0 1 2

 0 2 3

 0 1 2

 0 2 3

 0 1 2

 0 2 3

 0 1 2

 0 2 3

 0 1 2

 0 2 3

 0 1 2

 0 2 3

 0 1 2

 0 2 3

 0 1 2

 0 2 3

 0 1 2

 0 2 3

 0 1 2

 0 2 3

 0 1 2

 0 2 3

 0 1 2

 0 2 3

 0 1 2

 0 2 3

 0 1 2

 0 2 3

 0 1 2

 0 2 3

 0 1 2

 0 2 3

 0 1 2

 0 2 3

 0 1 2

 0 2 3

 0 1 2

 0 2 3

 0 1 2

 0 2 3

 0 1 2

 0 2 3

 0 1 2

 0 2 3

 0 1 2

 0 2 3

 0 1 2

 0 2 3

 0 1 2

 0 2 3

 0 1 2

 0 2 3

 0 1 2

 0 2 3

 0 1 2

 0 2 3

 0 1 2

 0 2 3

 0 1 2

 0 2 3

 0 1 2

 0 2 3

 0 1 2

 0 2 3

 0 1 2

 0 2 3

 0 1 2

 0 2 3

 0 1 2

 0 2 3

 0 1 2

 0 2 3

 0 1 2

 0 2 3

 0 1 2

 0 2 3

 0 1 2

 0 2 3

 0 1 2

 0 2 3

 0 1 2

 0 2 3

 0 1 2

 0 2 3

 0 1 2

 0 2 3

 0 1 2

 0 2 3

 0 1 2

 0 2 3

 0 1 2

 0 2 3

 0 1 2

 0 2 3

 0 1 2

 0 2 3

 0 1 2

 0 2 3

 0 1 2

 0 2 3

 0 1 2

 0 2 3

 0 1 2

 0 2 3

 0 1 2

 0 2 3

 0 1 2

 0 2 3

 0 1 2

 0 2 3

 0 1 2

 0 2 3

 0 1 2

 0 2 3

 0 1 2

 0 2 3

 0 1 2

 0 2 3

 0 1 2

 0 2 3

 0 1 2

 0 2 3

 0 1 2

 0 2 3

 0 1 2

 0 2 3

 0 1 2

 0 2 3

 0 1 2

 0 2 3

 0 1 2

 0 2 3

 0 1 2

 0 2 3

 0 1 2

 0 2 3

 0 1 2

 0 2 3

 0 1 2

 0 2 3

 0 1 2

 0 2 3

 0 1 2

 0 2 3

 0 1 2

 0 2 3

 0 1 2

 0 2 3

 0 1 2

 0 2 3

 0 1 2

 0 2 3

 0 1 2

 0 2 3

 0 1 2

 0 2 3

 0 1 2

 0 2 3

 0 1 2

 0 2 3

 0 1 2

 0 2 3

 0 1 2

 0 2 3

 0 1 2

 0 2 3

 0 1 2

 0 2 3

 0 1 2

 0 2 3

 0 1 2

 0 2 3

 0 1 2

 0 2 3

 0 1 2

 0 2 3

 0 1 2

 0 2 3

 0 1 2

 0 2 3

 0 1 2

 0 2 3

 0 1 2

 0 2 3

 0 1 2

 0 2 3

 0 1 2

 0 2 3

 0 1 2

 0 2 3

 0 1 2

 0 2 3

 0 1 2

 0 2 3

 0 1 2

 0 2 3

 0 1 2

 0 2 3

 0 1 2

 0 2 3

 0 1 2

 0 2 3

 0 1 2

 0 2 3

 0 1 2

 0 2 3

 0 1 2

 0 2 3

 0 1 2

 0 2 3

 0 1 2

 0 2 3

 0 1 2

 0 2 3

 0 1 2

 0 2 3

 0 1 2

 0 2 3

 0 1 2

 0 2 3

 0 1 2

 0 2 3

 0 1 2

 0 2 3

 0 1 2

 0 2 3

 0 1 2

 0 2 3

 0 1 2

 0 2 3

 0 1 2

 0 2 3

 0 1 2

 0 2 3

 0 1 2

 0 2 3

 0 1 2

 0 2 3

 0 1 2

 0 2 3

 0 1 2

 0 2 3

 0 1 2

 0 2 3

 0 1 2

 0 2 3

 0 1 2

 0 2 3

 0 1 2

 0 2 3

 0 1 2

 0 2 3

 0 1 2

 0 2 3

 0 1 2

 0 2 3

 0 1 2

 0 2 3

 0 1 2

 0 2 3

 0 1 2

 0 2 3

 0 1 2

 0 2 3

 0 1 2

 0 2 3

 0 1 2

 0 2 3

 0 1 2

 0 2 3

 0 1 2

 0 2 3

 0 1 2

 0 2 3

 0 1 2

 0 2 3

 0 1 2

 0 2 3

 0 1 2

 0 2 3

 0 1 2

 0 2 3

 0 1 2

 0 2 3

 0 1 2

 0 2 3

 0 1 2

 0 2 3

 0 1 2

 0 2 3

 0 1 2

 0 2 3

 0 1 2

 0 2 3

 0 1 2

 0 2 3

 0 1 2

 0 2 3

 0 1 2

 0 2 3

 0 1 2

 0 2 3

 0 1 2

 0 2 3

 0 1 2

 0 2 3

 0 1 2

 0 2 3

 0 1 2

 0 2 3

 0 1 2

 0 2 3

 0 1 2

 0 2 3

 0 1 2

 0 2 3

 0 1 2

 0 2 3

 0 1 2

 0 2 3

 0 1 2

 0 2 3

 0 1 2

 0 2 3

 0 1 2

 0 2 3

 0 1 2

 0 2 3

 0 1 2

 0 2 3

 0 1 2

 0 2 3

 0 1 2

 0 2 3

 0 1 2

 0 2 3

 0 1 2

 0 2 3

 0 1 2

 0 2 3

 0 1 2

 0 2 3

 0 1 2

 0 2 3

 0 1 2

 0 2 3

 0 1 2

 0 2 3

 0 1 2

 0 2 3

 0 1 2

 0 2 3

 0 1 2

 0 2 3

 0 1 2

 0 2 3

 0 1 2

 0 2 3

 0 1 2

 0 2 3

 0 1 2

 0 2 3

 0 1 2

 0 2 3

 0 1 2

 0 2 3

 0 1 2

 0 2 3

 0 1 2

 0 2 3

 0 1 2

 0 2 3

 0 1 2

 0 2 3

 0 1 2

 0 2 3

 0 1 2

 0 2 3

 0 1 2

 0 2 3

 0 1 2

 0 2 3

 0 1 2

 0 2 3

 0 1 2

 0 2 3

 0 1 2

 0 2 3

 0 1 2

 0 2 3

 0 1 2

 0 2 3

 0 1 2

 0 2 3

 0 1 2

 0 2 3

 0 1 2

 0 2 3

 0 1 2

 0 2 3

 0 1 2

 0 2 3

 0 1 2

 0 2 3

 0 1 2

 0 2 3

 0 1 2

 0 2 3

 0 1 2

 0 2 3

 0 1 2

 0 2 3

 0 1 2

 0 2 3

 0 1 2

 0 2 3

 0 1 2

 0 2 3

 0 1 2

 0 2 3

 0 1 2

 0 2 3

 0 1 2

 0 2 3

 0 1 2

 0 2 3

 0 1 2

 0 2 3

 0 1 2

 0 2 3

 0 1 2

 0 2 3

 0 1 2

 0 2 3

 0 1 2

 0 2 3

 0 1 2

 0 2 3

 0 1 2

 0 2 3

 0 1 2

 0 2 3

 0 1 2

 0 2 3

 0 1 2

 0 2 3

 0 1 2

 0 2 3

 0 1 2

 0 2 3

 0 1 2

 0 2 3

 0 1 2

 0 2 3

 0 1 2

 0 2 3

 0 1 2

 0 2 3

 0 1 2

 0 2 3

 0 1 2

 0 2 3

 0 1 2

 0 2 3

 0 1 2

 0 2 3

 0 1 2

 0 2 3

 0 1 2

 0 2 3

 0 1 2

 0 2 3

 0 1 2

 0 2 3

 0 1 2

 0 2 3

 0 1 2

 0 2 3

 0 1 2

 0 2 3

 0 1 2

 0 2 3

 0 1 2

 0 2 3

 0 1 2

 0 2 3

 0 1 2

 0 2 3

 0 1 2

 0 2 3

 0 1 2

 0 2 3

 0 1 2

 0 2 3

 0 1 2

 0 2 3

 0 1 2

 0 2 3

 0 1 2

 0 2 3

 0 1 2

 0 2 3

 0 1 2

 0 2 3

 0 1 2

 0 2 3

 0 1 2

 0 2 3

 0 1 2

 0 2 3

 0 1 2

 0 2 3

 0 1 2

 0 2 3

 0 1 2

 0 2 3

 0 1 2

 0 2 3

 0 1 2

 0 2 3

 0 1 2

 0 2 3

 0 1 2

 0 2 3

 0 1 2

 0 2 3

 0 1 2

 0 2 3

 0 1 2

 0 2 3

 0 1 2

 0 2 3

 0 1 2

 0 2 3

 0 1 2

 0 2 3

 0 1 2

 0 2 3

 0 1 2

 0 2 3

 0 1 2

 0 2 3

 0 1 2

 0 2 3

 0 1 2

 0 2 3

 0 1 2

 0 2 3

 0 1 2

 0 2 3

 0 1 2

 0 2 3

 0 1 2

 0 2 3

 0 1 2

 0 2 3

 0 1 2

 0 2 3

 0 1 2

 0 2 3

 0 1 2

 0 2 3

 0 1 2

 0 2 3

 0 1 2

 0 2 3

 0 1 2

 0 2 3

 0 1 2

 0 2 3

 0 1 2

 0 2 3

 0 1 2

 0 2 3

 0 1 2

 0 2 3

 0 1 2

 0 2 3

 0 1 2

 0 2 3

 0 1 2

 0 2 3

 0 1 2

 0 2 3

 0 1 2

 0 2 3

 0 1 2

 0 2 3

 0 1 2

 0 2 3

 0 1 2

 0 2 3

 0 1 2

 0 2 3

 0 1 2

 0 2 3

 0 1 2

 0 2 3

 0 1 2

 0 2 3

 0 1 2

 0 2 3

 0 1 2

 0 2 3

 0 1 2

 0 2 3

 0 1 2

 0 2 3

 0 1 2

 0 2 3

 0 1 2

 0 2 3

 0 1 2

 0 2 3

 0 1 2

 0 2 3

 0 1 2

 0 2 3

 0 1 2

 0 2 3

 0 1 2

 0 2 3

 0 1 2

 0 2 3

 0 1 2

 0 2 3

 0 1 2

 0 2 3

 0 1 2

 0 2 3

 0 1 2

 0 2 3

 0 1 2

 0 2 3

 0 1 2

 0 2 3

 0 1 2

 0 2 3

 0 1 2

 0 2 3

 0 1 2

 0 2 3

 0 1 2

 0 2 3

 0 1 2

 0 2 3

 0 1 2

 0 2 3

 0 1 2

 0 2 3

 0 1 2

 0 2 3

 0 1 2

 0 2 3

 0 1 2

 0 2 3

 0 1 2

 0 2 3

 0 1 2

 0 2 3

 0 1 2

 0 2 3

 0 1 2

 0 2 3

 0 1 2

 0 2 3

 0 1 2

 0 2 3

 0 1 2

 0 2 3

 0 1 2

 0 2 3

 0 1 2

 0 2 3

 0 1 2

 0 2 3

 0 1 2

 0 2 3

 0 1 2

 0 2 3

 0 1 2

 0 2 3

 0 1 2

 0 2 3

 0 1 2

 0 2 3

 0 1 2

 0 2 3

 0 1 2

 0 2 3

 0 1 2

 0 2 3

 0 1 2

 0 2 3

 0 1 2

 0 2 3

 0 1 2

 0 2 3

 0 1 2

 0 2 3

 0 1 2

 0 2 3

 0 1 2

 0 2 3

 0 1 2

 0 2 3

 0 1 2

 0 2 3

 0 1 2

 0 2 3

 0 1 2

 0 2 3

 0 1 2

 0 2 3

 0 1 2

 0 2 3

 0 1 2

 0 2 3

 0 1 2

 0 2 3

 0 1 2

 0 2 3

 0 1 2

 0 2 3

 0 1 2

 0 2 3

 0 1 2

 0 2 3

 0 1 2

 0 2 3

 0 1 2

 0 2 3

 0 1 2

 0 2 3

 0 1 2

 0 2 3

 0 1 2

 0 2 3

 0 1 2

 0 2 3

 0 1 2

 0 2 3

 0 1 2

 0 2 3

 0 1 2

 0 2 3

 0 1 2

 0 2 3

 0 1 2

 0 2 3

 0 1 2

 0 2 3

 0 1 2

 0 2 3

 0 1 2

 0 2 3

 0 1 2

 0 2 3

 0 1 2

 0 2 3

 0 1 2

 0 2 3

 0 1 2

 0 2 3

 0 1 2

 0 2 3

 0 1 2

 0 2 3

 0 1 2

 0 2 3

 0 1 2

 0 2 3

 0 1 2

 0 2 3

 0 1 2

 0 2 3

 0 1 2

 0 2 3

 0 1 2

 0 2 3

 0 1 2

 0 2 3

 0 1 2

 0 2 3

 0 1 2

 0 2 3

 0 1 2

 0 2 3

 0 1 2

 0 2 3

 0 1 2

 0 2 3

 0 1 2

 0 2 3

 0 1 2

 0 2 3

 0 1 2

 0 2 3

 0 1 2

 0 2 3

 0 1 2

 0 2 3

 0 1 2

 0 2 3

 0 1 2

 0 2 3

 0 1 2

 0 2 3

 0 1 2

 0 2 3

 0 1 2

 0 2 3

 0 1 2

 0 2 3

 0 1 2

 0 2 3

 0 1 2

 0 2 3

 0 1 2

 0 2 3

 0 1 2

 0 2 3

 0 1 2

 0 2 3

 0 1 2

 0 2 3

 0 1 2

 0 2 3

 0 1 2

 0 2 3

 0 1 2

 0 2 3

 0 1 2

 0 2 3

 0 1 2

 0 2 3

 0 1 2

 0 2 3

 0 1 2

 0 2 3

 0 1 2

 0 2 3

 0 1 2

 0 2 3

 0 1 2

 0 2 3

 0 1 2

 0 2 3

 0 1 2

 0 2 3

 0 1 2

 0 2 3

 0 1 2

 0 2 3

 0 1 2

 0 2 3

 0 1 2

 0 2 3

 0 1 2

 0 2 3

 0 1 2

 0 2 3

 0 1 2

 0 2 3

 0 1 2

 0 2 3

 0 1 2

 0 2 3

 0 1 2

 0 2 3

 0 1 2

 0 2 3

 0 1 2

 0 2 3

 0 1 2

 0 2 3

 0 1 2

 0 2 3

 0 1 2

 0 2 3

 0 1 2

 0 2 3

 0 1 2

 0 2 3

 0 1 2

 0 2 3

 0 1 2

 0 2 3

 0 1 2

 0 2 3

 0 1 2

 0 2 3

 0 1 2

 0 2 3

 0 1 2

 0 2 3

 0 1 2

 0 2 3

 0 1 2

 0 2 3

 0 1 2

 0 2 3

 0 1 2

 0 2 3

 0 1 2

 0 2 3

 0 1 2

 0 2 3

 0 1 2

 0 2 3

 0 1 2

 0 2 3

 0 1 2

 0 2 3

 0 1 2

 0 2 3

 0 1 2

 0 2 3

 0 1 2

 0 2 3

 0 1 2

 0 2 3

 0 1 2

 0 2 3

 0 1 2

 0 2 3

 0 1 2

 0 2 3

 0 1 2

 0 2 3

 0 1 2

 0 2 3

 0 1 2

 0 2 3

 0 1 2

 0 2 3

 0 1 2

 0 2 3

 0 1 2

 0 2 3

 0 1 2

 0 2 3

 0 1 2

 0 2 3

 0 1 2

 0 2 3

 0 1 2

 0 2 3

 0 1 2

 0 2 3

 0 1 2

 0 2 3

 0 1 2

 0 2 3

 0 1 2

 0 2 3

 0 1 2

 0 2 3

 0 1 2

 0 2 3

 0 1 2

 0 2 3

 0 1 2

 0 2 3

 0 1 2

 0 2 3

 0 1 2

 0 2 3

 0 1 2

 0 2 3

 0 1 2

 0 2 3

 0 1 2

 0 2 3

 0 1 2

 0 2 3

 0 1 2

 0 2 3

 0 1 2

 0 2 3

 0 1 2

 0 2 3

 0 1 2

 0 2 3

 0 1 2

 0 2 3

 0 1 2

 0 2 3

 0 1 2

 0 2 3

 0 1 2

 0 2 3

 0 1 2

 0 2 3

 0 1 2

 0 2 3

 0 1 2

 0 2 3

 0 1 2

 0 2 3

 0 1 2

 0 2 3

 0 1 2

 0 2 3

 0 1 2

 0 2 3

 0 1 2

 0 2 3

 0 1 2

 0 2 3

 0 1 2

 0 2 3

 0 1 2

 0 2 3

 0 1 2

 0 2 3

 0 1 2

 0 2 3

 0 1 2

 0 2 3

 0 1 2

 0 2 3

 0 1 2

 0 2 3

 0 1 2

 0 2 3

 0 1 2

 0 2 3

 0 1 2

 0 2 3

 0 1 2

 0 2 3

 0 1 2

 0 2 3

 0 1 2

 0 2 3

 0 1 2

 0 2 3

 0 1 2

 0 2 3

 0 1 2

 0 2 3

 0 1 2

 0 2 3

 0 1 2

 0 2 3

 0 1 2

 0 2 3

 0 1 2

 0 2 3

 0 1 2

 0 2 3

 0 1 2

 0 2 3

 0 1 2

 0 2 3

 0 1 2

 0 2 3

 0 1 2

 0 2 3

 0 1 2

 0 2 3

 0 1 2

 0 2 3

 0 1 2

 0 2 3

 0 1 2

 0 2 3

 0 1 2

 0 2 3

 0 1 2

 0 2 3

 0 1 2

 0 2 3

 0 1 2

 0 2 3

 0 1 2

 0 2 3

 0 1 2

 0 2 3

 0 1 2

 0 2 3

 0 1 2

 0 2 3

 0 1 2

 0 2 3

 0 1 2

 0 2 3

 0 1 2

 0 2 3

 0 1 2

 0 2 3

 0 1 2

 0 2 3

 0 1 2

 0 2 3

 0 1 2

 0 2 3

 0 1 2

 0 2 3

 0 1 2

 0 2 3

 0 1 2

 0 2 3

 0 1 2

 0 2 3

 0 1 2

 0 2 3

 0 1 2

 0 2 3

 0 1 2

 0 2 3

 0 1 2

 0 2 3

 0 1 2

 0 2 3

 0 1 2

 0 2 3

 0 1 2

 0 2 3

 0 1 2

 0 2 3

 0 1 2

 0 2 3

 0 1 2

 0 2 3

 0 1 2

 0 2 3

 0 1 2

 0 2 3

 0 1 2

 0 2 3

 0 1 2

 0 2 3

 0 1 2

 0 2 3

 0 1 2

 0 2 3

 0 1 2

 0 2 3

 0 1 2

 0 2 3

 0 1 2

 0 2 3

 0 1 2

 0 2 3

 0 1 2

 0 2 3

 0 1 2

 0 2 3

 0 1 2

 0 2 3

 0 1 2

 0 2 3

 0 1 2

 0 2 3

 0 1 2

 0 2 3

 0 1 2

 0 2 3

 0 1 2

 0 2 3

 0 1 2

 0 2 3

 0 1 2

 0 2 3

 0 1 2

 0 2 3

 0 1 2

 0 2 3

 0 1 2

 0 2 3

 0 1 2

 0 2 3

 0 1 2

 0 2 3

 0 1 2

 0 2 3

 0 1 2

 0 2 3

 0 1 2

 0 2 3

 0 1 2

 0 2 3

 0 1 2

 0 2 3

 0 1 2

 0 2 3

 0 1 2

 0 2 3

 0 1 2

 0 2 3

 0 1 2

 0 2 3

 0 1 2

 0 2 3

 0 1 2

 0 2 3

 0 1 2

 0 2 3

 0 1 2

 0 2 3

 0 1 2

 0 2 3

 0 1 2

 0 2 3

 0 1 2

 0 2 3

 0 1 2

 0 2 3

 0 1 2

 0 2 3

 0 1 2

 0 2 3

 0 1 2

 0 2 3

 0 1 2

 0 2 3

 0 1 2

 0 2 3

 0 1 2

 0 2 3

 0 1 2

 0 2 3

 0 1 2

 0 2 3

 0 1 2

 0 2 3

 0 1 2

 0 2 3

 0 1 2

 0 2 3

 0 1 2

 0 2 3

 0 1 2

 0 2 3

 0 1 2

 0 2 3

 0 1 2

 0 2 3

 0 1 2

 0 2 3

 0 1 2

 0 2 3

 0 1 2

 0 2 3

 0 1 2

 0 2 3

 0 1 2

 0 2 3

 0 1 2

 0 2 3

 0 1 2

 0 2 3

 0 1 2

 0 2 3

 0 1 2

 0 2 3

 0 1 2

 0 2 3

 0 1 2

 0 2 3

 0 1 2

 0 2 3

 0 1 2

 0 2 3

 0 1 2

 0 2 3

 0 1 2

 0 2 3

 0 1 2

 0 2 3

 0 1 2

 0 2 3

 0 1 2

 0 2 3

 0 1 2

 0 2 3

 0 1 2

 0 2 3

 0 1 2

 0 2 3

 0 1 2

 0 2 3

 0 1 2

 0 2 3

 0 1 2

 0 2 3

 0 1 2

 0 2 3

 0 1 2

 0 2 3

 0 1 2

 0 2 3

 0 1 2

 0 2 3

 0 1 2

 0 2 3

 0 1 2

 0 2 3

 0 1 2

 0 2 3

 0 1 2

 0 2 3

 0 1 2

 0 2 3

 0 1 2

 0 2 3

 0 1 2

 0 2 3

 0 1 2

 0 2 3

 0 1 2

 0 2 3

 0 1 2

 0 2 3

 0 1 2

 0 2 3

 0 1 2

 0 2 3

 0 1 2

 0 2 3

 0 1 2

 0 2 3

 0 1 2

 0 2 3

 0 1 2

 0 2 3

 0 1 2

 0 2 3

 0 1 2

 0 2 3

 0 1 2

 0 2 3

 0 1 2

 0 2 3

 0 1 2

 0 2 3

 0 1 2

 0 2 3

 0 1 2

 0 2 3

 0 1 2

 0 2 3

 0 1 2

 0 2 3

 0 1 2

 0 2 3

 0 1 2

 0 2 3

 0 1 2

 0 2 3

 0 1 2

 0 2 3

 0 1 2

 0 2 3

 0 1 2

 0 2 3

 0 1 2

 0 2 3

 0 1 2

 0 2 3

 0 1 2

 0 2 3

 0 1 2

 0 2 3

 0 1 2

 0 2 3

 0 1 2

 0 2 3

 0 1 2

 0 2 3

 0 1 2

 0 2 3

 0 1 2

 0 2 3

 0 1 2

 0 2 3

 0 1 2

 0 2 3

 0 1 2

 0 2 3

 0 1 2

 0 2 3

 0 1 2

 0 2 3

 0 1 2

 0 2 3

 0 1 2

 0 2 3

 0 1 2

 0 2 3

 0 1 2

 0 2 3

 0 1 2

 0 2 3

 0 1 2

 0 2 3

 0 1 2

 0 2 3

 0 1 2

 0 2 3

 0 1 2

 0 2 3

 0 1 2

 0 2 3

 0 1 2

 0 2 3

 0 1 2

 0 2 3

 0 1 2

 0 2 3

 0 1 2

 0 2 3

 0 1 2

 0 2 3

 0 1 2

 0 2 3

 0 1 2

 0 2 3

 0 1 2

 0 2 3

 0 1 2

 0 2 3

 0 1 2

 0 2 3

 0 1 2

 0 2 3

 0 1 2

 0 2 3

 0 1 2

 0 2 3

 0 1 2

 0 2 3

 0 1 2

 0 2 3

 0 1 2

 0 2 3

 0 1 2

 0 2 3

 0 1 2

 0 2 3

 0 1 2

 0 2 3

 0 1 2

 0 2 3

 0 1 2

 0 2 3

 0 1 2

 0 2 3

 0 1 2

 0 2 3

 0 1 2

 0 2 3

 0 1 2

 0 2 3

 0 1 2

 0 2 3

 0 1 2

 0 2 3

 0 1 2

 0 2 3

 0 1 2

 0 2 3

 0 1 2

 0 2 3

 0 1 2

 0 2 3

 0 1 2

 0 2 3

 0 1 2

 0 2 3

 0 1 2

 0 2 3

 0 1 2

 0 2 3

 0 1 2

 0 2 3

 0 1 2

 0 2 3

 0 1 2

 0 2 3

 0 1 2

 0 2 3

 0 1 2

 0 2 3

 0 1 2

 0 2 3

 0 1 2

 0 2 3

 0 1 2

 0 2 3

 0 1 2

 0 2 3

 0 1 2

 0 2 3

 0 1 2

 0 2 3

 0 1 2

 0 2 3

 0 1 2

 0 2 3

 0 1 2

 0 2 3

 0 1 2

 0 2 3

 0 1 2

 0 2 3

 0 1 2

 0 2 3

 0 1 2

 0 2 3

 0 1 2

 0 2 3

 0 1 2

 0 2 3

 0 1 2

 0 2 3

 0 1 2

 0 2 3

 0 1 2

 0 2 3

 0 1 2

 0 2 3

 0 1 2

 0 2 3

 0 1 2

 0 2 3

 0 1 2

 0 2 3

 0 1 2

 0 2 3

 0 1 2

 0 2 3

 0 1 2

 0 2 3

 0 1 2

 0 2 3

 0 1 2

 0 2 3

 0 1 2

 0 2 3

 0 1 2

 0 2 3

 0 1 2

 0 2 3

 0 1 2

 0 2 3

 0 1 2

 0 2 3

 0 1 2

 0 2 3

 0 1 2

 0 2 3

 0 1 2

 0 2 3

 0 1 2

 0 2 3

 0 1 2

 0 2 3

 0 1 2

 0 2 3

 0 1 2

 0 2 3

 0 1 2

 0 2 3

 0 1 2

 0 2 3

 0 1 2

 0 2 3

 0 1 2

 0 2 3

 0 1 2

 0 2 3

 0 1 2

 0 2 3

 0 1 2

 0 2 3

 0 1 2

 0 2 3

 0 1 2

 0 2 3

 0 1 2

 0 2 3

 0 1 2

 0 2 3

 0 1 2

 0 2 3

 0 1 2

 0 2 3

 0 1 2

 0 2 3

 0 1 2

 0 2 3

 0 1 2

 0 2 3

 0 1 2

 0 2 3

 0 1 2

 0 2 3

 0 1 2

 0 2 3

 0 1 2

 0 2 3

 0 1 2

 0 2 3

 0 1 2

 0 2 3

 0 1 2

 0 2 3

 0 1 2

 0 2 3

 0 1 2

 0 2 3

 0 1 2

 0 2 3

 0 1 2

 0 2 3

 0 1 2

 0 2 3

 0 1 2

 0 2 3

 0 1 2

 0 2 3

 0 1 2

 0 2 3

 0 1 2

 0 2 3

 0 1 2

 0 2 3

 0 1 2

 0 2 3

 0 1 2

 0 2 3

 0 1 2

 0 2 3

 0 1 2

 0 2 3

 0 1 2

 0 2 3

 0 1 2

 0 2 3

 0 1 2

 0 2 3

 0 1 2

 0 2 3

 0 1 2

 0 2 3

 0 1 2

 0 2 3

 0 1 2

 0 2 3

 0 1 2

 0 2 3

 0 1 2

 0 2 3

 0 1 2

 0 2 3

 0 1 2

 0 2 3

 0 1 2

 0 2 3

 0 1 2

 0 2 3

 0 1 2

 0 2 3

 0 1 2

 0 2 3

 0 1 2

 0 2 3

 0 1 2

 0 2 3

 0 1 2

 0 2 3

 0 1 2

 0 2 3

 0 1 2

 0 2 3

 0 1 2

 0 2 3

 0 1 2

 0 2 3

 0 1 2

 0 2 3

 0 1 2

 0 2 3

 0 1 2

 0 2 3

 0 1 2

 0 2 3

 4 1 5

 0 1 2

 0 2 3

 0 1 2

 0 2 3

 0 1 2

 0 2 3

 4 2 1

 0 5 4

 0 1 2

 0 2 3

 6 7 8

 6 8 9

 6 7 8

 6 8 9

 6 7 8

 6 8 9

 10 11 12

 10 12 13

 10 11 12

 10 12 13

 10 11 12

 10 12 13

 10 11 12

 10 12 13

 0 1 2

 0 2 3

 14 15 15

 14 15 15

 14 15 15

 14 15 15

 14 15 15

 14 15 15

 0 1 2

 0 2 3

 0 1 2

 0 2 3

 0 1 2

 0 2 3

 0 1 2

 0 2 3

 0 1 2

 0 2 3

 0 1 2

 0 2 3

 0 1 2

 0 2 3

 0 1 2

 0 2 3

 0 1 2

 0 2 3

 0 1 2

 0 2 3

 0 1 2

 0 2 3

 0 1 2

 0 2 3

 0 1 2

 0 2 3

 0 1 2

 0 2 3

 0 1 2

 0 2 3

 0 1 2

 0 2 3

 0 1 2

 0 2 3

 0 1 2

 0 2 3

 0 1 2

 0 2 3

 0 1 2

 0 2 3

 0 1 2

 0 2 3

 0 1 2

 0 2 3

 0 1 2

 0 2 3

 0 1 2

 0 2 3

 0 1 2

 0 2 3

 0 1 2

 0 2 3

 0 1 2

 0 2 3

 0 1 2

 0 2 3

 0 1 2

 0 2 3

 0 1 2

 0 2 3

 0 1 2

 0 2 3

 0 1 2

 0 2 3

 0 1 2

 0 2 3

 0 1 2

 0 2 3

 0 1 2

 0 2 3

 0 1 2

 0 2 3

 0 1 2

 0 2 3

 0 1 2

 0 2 3

 0 1 2

 0 2 3

 0 1 2

 0 2 3

 0 1 2

 0 2 3

 0 1 2

 0 2 3

 0 1 2

 0 2 3

 0 1 2

 0 2 3

 0 1 2

 0 2 3

 0 1 2

 0 2 3

 0 1 2

 0 2 3

 0 1 2

 0 2 3

 0 1 2

 0 2 3

 0 1 2

 0 2 3

 0 1 2

 0 2 3

 0 1 2

 0 2 3

 0 1 2

 0 2 3

 0 1 2

 0 2 3

 0 1 2

 0 2 3

 0 1 2

 0 2 3

 0 1 2

 0 2 3

 0 1 2

 0 2 3

 0 1 2

 0 2 3

 0 1 2

 0 2 3

 0 1 2

 0 2 3

 0 1 2

 0 2 3

 0 1 2

 0 2 3

 0 1 2

 0 2 3

 0 1 2

 0 2 3

 0 1 2

 0 2 3

 0 1 2

 0 2 3

 0 1 2

 0 2 3

 0 1 2

 0 2 3

 0 1 2

 0 2 3

 0 1 2

 0 2 3

 0 1 2

 0 2 3

 0 1 2

 0 2 3

 0 1 2

 0 2 3

 0 1 2

 0 2 3

 0 1 2

 0 2 3

 0 1 2

 0 2 3

 0 1 2

 0 2 3

 0 1 2

 0 2 3

 0 1 2

 0 2 3

 0 1 2

 0 2 3

 0 1 2

 0 2 3

 0 1 2

 0 2 3

 0 1 2

 0 2 3

 0 1 2

 0 2 3

 0 1 2

 0 2 3

 0 1 2

 0 2 3

 0 1 2

 0 2 3

 0 1 2

 0 2 3

 0 1 2

 0 2 3

 0 1 2

 0 2 3

 0 1 2

 0 2 3

 0 1 2

 0 2 3

 0 1 2

 0 2 3

 0 1 2

 0 2 3

 0 1 2

 0 2 3

 0 1 2

 0 2 3

 0 1 2

 0 2 3

 0 1 2

 0 2 3

 0 1 2

 0 2 3

 0 1 2

 0 2 3

 0 1 2

 0 2 3

 0 1 2

 0 2 3

 0 1 2

 0 2 3

 0 1 2

 0 2 3

 0 1 2

 0 2 3

 0 1 2

 0 2 3

 0 1 2

 0 2 3

 0 1 2

 0 2 3

 0 1 2

 0 2 3

 0 1 2

 0 2 3

 0 1 2

 0 2 3

 0 1 2

 0 2 3

 0 1 2

 0 2 3

 0 1 2

 0 2 3

 0 1 2

 0 2 3

 0 1 2

 0 2 3

 0 1 2

 0 2 3

 0 1 2

 0 2 3

 0 1 2

 0 2 3

 0 1 2

 0 2 3

 0 1 2

 0 2 3

 0 1 2

 0 2 3

 0 1 2

 0 2 3

 13 14 15

 13 15 15

 12 13 14

 12 14 13

 13 15 15

 13 15 14

 13 14 15

 13 15 15

 12 13 14

 12 14 13

 13 15 15

 13 15 14

 13 14 15

 13 15 15

 12 13 14

 12 14 13

 13 15 15

 13 15 14

 0 1 2

 0 2 3

 0 1 2

 0 2 3

 0 1 2

 0 2 3

 13 15 7

 13 7 6

 16 10 13

 16 13 15

 17 18 10

 17 10 16

 18 19 11

 18 11 10

 16 10 13

 16 13 15

 17 18 10

 17 10 16

 18 19 11

 18 11 10

 16 10 13

 16 13 15

 17 18 10

 17 10 16

 18 19 11

 18 11 10

 16 10 13

 16 13 15

 17 18 10

 17 10 16

 18 19 11

 18 11 10

 12 13 6

 12 6 20

 13 15 7

 13 7 6

 12 13 6

 12 6 20

 20 6 9

 20 9 21

 12 13 6

 12 6 20

 20 6 9

 20 9 21

 12 13 6

 12 6 20

 13 15 7

 13 7 6

 20 6 9

 20 9 21

 12 13 6

 12 6 20

 13 15 7

 13 7 6

 13 15 7

 13 7 6

 0 1 2

 0 2 3

 0 1 2

 0 2 3

 0 1 2

 0 2 3

 22 2 23

 0 1 2

 0 2 3

 0 1 2

 0 2 3

 4 2 5

 0 1 2

 0 2 3

 0 1 2

 0 2 3

 0 1 2

 0 2 3

 0 1 2

 0 2 3

 0 1 2

 0 2 3

 0 1 2

 0 2 3

 0 1 2

 0 2 3

 0 1 2

 0 2 3

 0 1 2

 0 2 3

 0 1 2

 0 2 3

 0 1 2

 0 2 3

 5 3 2

 0 5 3

 5 0 3

 5 0 3

 5 0 3

 4 0 5

 0 1 2

 0 2 3

 0 1 2

 0 2 3

 0 1 2

 0 2 3

 0 1 2

 0 2 3

 0 1 2

 0 2 3

 0 1 2

 0 2 3

 0 1 2

 0 2 3

 0 1 2

 0 2 3

 0 1 2

 0 2 3

 0 1 2

 0 2 3

 0 1 2

 0 2 3

 0 1 2

 0 2 3

 0 1 2

 0 2 3

 0 1 2

 0 2 3

 0 1 2

 0 2 3

 0 1 2

 0 2 3

 0 1 2

 0 2 3

 0 1 2

 0 2 3

 0 1 2

 0 2 3

 0 1 2

 0 2 3

 0 1 2

 0 2 3

 0 1 2

 0 2 3

 0 1 2

 0 2 3

 0 1 2

 0 2 3

 0 1 2

 0 2 3

 0 1 2

 0 2 3

 0 1 2

 0 2 3

 0 1 2

 0 2 3

 0 1 2

 0 2 3

 0 1 2

 0 2 3

 0 1 2

 0 2 3

 0 1 2

 0 2 3

 0 1 2

 0 2 3

 0 1 2

 0 2 3

 0 1 2

 0 2 3

 0 1 2

 0 2 3

 0 1 2

 0 2 3

 0 1 2

 0 2 3

 0 1 2

 0 2 3

 0 1 2

 0 2 3

 0 1 2

 0 2 3

 0 1 2

 0 2 3

 0 1 2

 0 2 3

 0 1 2

 0 2 3

 0 1 2

 0 2 3

 0 1 2

 0 2 3

 0 1 2

 0 2 3

 0 1 2

 0 2 3

 0 1 2

 0 2 3

 0 1 2

 0 2 3

 0 1 2

 0 2 3

 0 1 2

 0 2 3

 0 1 2

 0 2 3

 0 1 2

 0 2 3

 0 1 2

 0 2 3

 0 1 2

 0 2 3

 0 1 2

 0 2 3

 0 1 2

 0 2 3

 0 1 2

 0 2 3

 0 1 2

 0 2 3

 0 1 2

 0 2 3

 0 1 2

 0 2 3

 0 1 2

 0 2 3

 0 1 2

 0 2 3

 0 1 2

 0 2 3

 0 1 2

 0 2 3

 0 1 2

 0 2 3

 0 1 2

 0 2 3

 0 1 2

 0 2 3

 0 1 2

 0 2 3

 0 1 2

 0 2 3

 0 1 2

 0 2 3

 0 1 2

 0 2 3

 0 1 2

 0 2 3

 0 1 2

 0 2 3

 0 1 2

 0 2 3

 0 1 2

 0 2 3

 0 1 2

 0 2 3

 0 1 2

 0 2 3

 0 1 2

 0 2 3

 0 1 2

 0 2 3

 0 1 2

 0 2 3

 0 1 2

 0 2 3

 0 1 2

 0 2 3

 0 1 2

 0 2 3

 0 1 2

 0 2 3

 0 1 2

 0 2 3

 0 1 2

 0 2 3

 0 1 2

 0 2 3

 0 1 2

 0 2 3

 0 1 2

 0 2 3

 0 1 2

 0 2 3

 0 1 2

 0 2 3

 0 1 2

 0 2 3

 0 1 2

 0 2 3

 0 1 2

 0 2 3

 0 1 2

 0 2 3

 0 1 2

 0 2 3

 0 1 2

 0 2 3

 0 1 2

 0 2 3

 0 1 2

 0 2 3

 0 1 2

 0 2 3

 0 1 2

 0 2 3

 0 1 2

 0 2 3

 0 1 2

 0 2 3

 0 1 2

 0 2 3

 0 1 2

 0 2 3

 0 1 2

 0 2 3

 0 1 2

 0 2 3

 0 1 2

 0 2 3

 0 1 2

 0 2 3

 0 1 2

 0 2 3

 0 1 2

 0 2 3

 0 1 2

 0 2 3

 0 1 2

 0 2 3

 0 1 2

 0 2 3

 0 1 2

 0 2 3

 0 1 2

 0 2 3

 0 1 2

 0 2 3

 0 1 2

 0 2 3

 0 1 2

 0 2 3

 0 1 2

 0 2 3

 0 1 2

 0 2 3

 0 1 2

 0 2 3

 0 1 2

 0 2 3

 0 1 2

 0 2 3

 0 1 2

 0 2 3

 0 1 2

 0 2 3

 0 1 2

 0 2 3

 0 1 2

 0 2 3

 0 1 2

 0 2 3

 0 1 2

 0 2 3

 0 1 2

 0 2 3

 0 1 2

 0 2 3

 0 1 2

 0 2 3

 0 1 2

 0 2 3

 0 1 2

 0 2 3

 0 1 2

 0 2 3

 0 1 2

 0 2 3

 0 1 2

 0 2 3

 0 1 2

 0 2 3

 0 1 2

 0 2 3

 0 1 2

 0 2 3

 0 1 2

 0 2 3

 0 1 2

 0 2 3

 0 1 2

 0 2 3

 0 1 2

 0 2 3

 0 1 2

 0 2 3

 0 1 2

 0 2 3

 0 1 2

 0 2 3

 0 1 2

 0 2 3

 0 1 2

 0 2 3

 0 1 2

 0 2 3

 0 1 2

 0 2 3

 0 1 2

 0 2 3

 0 1 2

 0 2 3

 0 1 2

 0 2 3

 0 1 2

 0 2 3

 0 1 2

 0 2 3

 0 1 2

 0 2 3

 0 1 2

 0 2 3

 0 1 2

 0 2 3

 0 1 2

 0 2 3

 0 1 2

 0 2 3

 0 1 2

 0 2 3

 0 1 2

 0 2 3

 0 1 2

 0 2 3

 0 1 2

 0 2 3

 0 1 2

 0 2 3

 0 1 2

 0 2 3

 0 1 2

 0 2 3

 0 1 2

 0 2 3

 0 1 2

 0 2 3

 0 1 2

 0 2 3

 0 1 2

 0 2 3

 0 1 2

 0 2 3

 0 1 2

 0 2 3

 0 1 2

 0 2 3

 0 1 2

 0 2 3

 0 1 2

 0 2 3

 0 1 2

 0 2 3

 0 1 2

 0 2 3

 0 1 2

 0 2 3

 0 1 2

 0 2 3

 0 1 2

 0 2 3

 0 1 2

 0 2 3

 0 1 2

 0 2 3

 0 1 2

 0 2 3

 0 1 2

 0 2 3

 0 1 2

 0 2 3

 0 1 2

 0 2 3

 0 1 2

 0 2 3

 0 1 2

 0 2 3

 0 1 2

 0 2 3

 0 1 2

 0 2 3

 0 1 2

 0 2 3

 0 1 2

 0 2 3

 0 1 2

 0 2 3

 0 1 2

 0 2 3

 0 1 2

 0 2 3

 0 1 2

 0 2 3

 0 1 2

 0 2 3

 0 1 2

 0 2 3

 0 1 2

 0 2 3

 0 1 2

 0 2 3

 0 1 2

 0 2 3

 0 1 2

 0 2 3

 0 1 2

 0 2 3

 0 1 2

 0 2 3

 0 1 2

 0 2 3

 0 1 2

 0 2 3

 0 1 2

 0 2 3

 0 1 2

 0 2 3

 0 1 2

 0 2 3

 0 1 2

 0 2 3

 0 1 2

 0 2 3

 0 1 2

 0 2 3

 0 1 2

 0 2 3

 0 1 2

 0 2 3

 0 1 2

 0 2 3

 0 1 2

 0 2 3

 0 1 2

 0 2 3

 0 1 2

 0 2 3

 0 1 2

 0 2 3

 0 1 2

 0 2 3

 0 1 2

 0 2 3

 0 1 2

 0 2 3

 0 1 2

 0 2 3

 0 1 2

 0 2 3

 0 1 2

 0 2 3

 0 1 2

 0 2 3

 0 1 2

 0 2 3

 0 1 2

 0 2 3

 0 1 2

 0 2 3

 0 1 2

 0 2 3

 0 1 2

 0 2 3

 0 1 2

 0 2 3

 0 1 2

 0 2 3

 0 1 2

 0 2 3

 0 1 2

 0 2 3

 0 1 2

 0 2 3

 0 1 2

 0 2 3

 0 1 2

 0 2 3

 0 1 2

 0 2 3

 0 1 2

 0 2 3

 0 1 2

 0 2 3

 0 1 2

 0 2 3

 0 1 2

 0 2 3

 0 1 2

 0 2 3

 0 1 2

 0 2 3

 0 1 2

 0 2 3

 0 1 2

 0 2 3

 0 1 2

 0 2 3

 0 1 2

 0 2 3

 0 1 2

 0 2 3

 0 1 2

 0 2 3

 0 1 2

 0 2 3

 0 1 2

 0 2 3

 0 1 2

 0 2 3

 0 1 2

 0 2 3

 0 1 2

 0 2 3

 0 1 2

 0 2 3

 0 1 2

 0 2 3

 0 1 2

 0 2 3

 0 1 2

 0 2 3

 0 1 2

 0 2 3

 0 1 2

 0 2 3

 0 1 2

 0 2 3

 0 1 2

 0 2 3

 0 1 2

 0 2 3

 0 1 2

 0 2 3

 0 1 2

 0 2 3

 0 1 2

 0 2 3

 0 1 2

 0 2 3

 0 1 2

 0 2 3

 0 1 2

 0 2 3

 0 1 2

 0 2 3

 0 1 2

 0 2 3

 0 1 2

 0 2 3

 0 1 2

 0 2 3

 0 1 2

 0 2 3

 0 1 2

 0 2 3

 0 1 2

 0 2 3

 0 1 2

 0 2 3

 0 1 2

 0 2 3

 0 1 2

 0 2 3

 0 1 2

 0 2 3

 0 1 2

 0 2 3

 0 1 2

 0 2 3

 0 1 2

 0 2 3

 0 1 2

 0 2 3

 0 1 2

 0 2 3

 0 1 2

 0 2 3

 0 1 2

 0 2 3

 0 1 2

 0 2 3

 0 1 2

 0 2 3

 0 1 2

 0 2 3

 0 1 2

 0 2 3

 0 1 2

 0 2 3

 0 1 2

 0 2 3

 0 1 2

 0 2 3

 0 1 2

 0 2 3

 0 1 2

 0 2 3

 0 1 2

 0 2 3

 0 1 2

 0 2 3

 0 1 2

 0 2 3

 0 1 2

 0 2 3

 0 1 2

 0 2 3

 0 1 2

 0 2 3

 0 1 2

 0 2 3

 0 1 2

 0 2 3

 0 1 2

 0 2 3

 0 1 2

 0 2 3

 0 1 2

 0 2 3

 0 1 2

 0 2 3

 0 1 2

 0 2 3

 0 1 2

 0 2 3

 0 1 2

 0 2 3

 0 1 2

 0 2 3

 0 1 2

 0 2 3

 0 1 2

 0 2 3

 0 1 2

 0 2 3

 0 1 2

 0 2 3

 0 1 2

 0 2 3

 0 1 2

 0 2 3

 0 1 2

 0 2 3

 0 1 2

 0 2 3

 0 1 2

 0 2 3

 0 1 2

 0 2 3

 0 1 2

 0 2 3

 0 1 2

 0 2 3

 0 1 2

 0 2 3

 0 1 2

 0 2 3

 0 1 2

 0 2 3

 0 1 2

 0 2 3

 0 1 2

 0 2 3

 0 1 2

 0 2 3

 0 1 2

 0 2 3

 0 1 2

 0 2 3

 0 1 2

 0 2 3

 0 1 2

 0 2 3

 0 1 2

 0 2 3

 0 1 2

 0 2 3

 0 1 2

 0 2 3

 0 1 2

 0 2 3

 0 1 2

 0 2 3

 0 1 2

 0 2 3

 0 1 2

 0 2 3

 0 1 2

 0 2 3

 0 1 2

 0 2 3

 0 1 2

 0 2 3

 0 1 2

 0 2 3

 0 1 2

 0 2 3

 0 1 2

 0 2 3

 0 1 2

 0 2 3

 0 1 2

 0 2 3

 0 1 2

 0 2 3

 0 1 2

 0 2 3

 0 1 2

 0 2 3

 0 1 2

 0 2 3

 0 1 2

 0 2 3

 0 1 2

 0 2 3

 0 1 2

 0 2 3

 0 1 2

 0 2 3

 0 1 2

 0 2 3

 0 1 2

 0 2 3

 0 1 2

 0 2 3

 0 1 2

 0 2 3

 0 1 2

 0 2 3

 0 1 2

 0 2 3

 0 1 2

 0 2 3

 0 1 2

 0 2 3

 0 1 2

 0 2 3

 0 1 2

 0 2 3

 0 1 2

 0 2 3

 0 1 2

 0 2 3

 0 1 2

 0 2 3

 0 1 2

 0 2 3

 0 1 2

 0 2 3

 0 1 2

 0 2 3

 0 1 2

 0 2 3

 0 1 2

 0 2 3

 0 1 2

 0 2 3

 0 1 2

 0 2 3

 0 1 2

 0 2 3

 0 1 2

 0 2 3

 0 1 2

 0 2 3

 0 1 2

 0 2 3

 0 1 2

 0 2 3

 0 1 2

 0 2 3

 0 1 2

 0 2 3

 0 1 2

 0 2 3

 0 1 2

 0 2 3

 0 1 2

 0 2 3

 0 1 2

 0 2 3

 0 1 2

 0 2 3

 0 1 2

 0 2 3

 0 1 2

 0 2 3

 0 1 2

 0 2 3

 0 1 2

 0 2 3

 0 1 2

 0 2 3

 0 1 2

 0 2 3

 0 1 2

 0 2 3

 0 1 2

 0 2 3

 0 1 2

 0 2 3

 0 1 2

 0 2 3

 0 1 2

 0 2 3

 0 1 2

 0 2 3

 0 1 2

 0 2 3

 0 1 2

 0 2 3

 0 1 2

 0 2 3

 0 1 2

 0 2 3

 0 1 2

 0 2 3

 0 1 2

 0 2 3

 0 1 2

 0 2 3

 0 1 2

 0 2 3

 0 1 2

 0 2 3

 0 1 2

 0 2 3

 0 1 2

 0 2 3

 0 1 2

 0 2 3

 0 1 2

 0 2 3

 0 1 2

 0 2 3

 0 1 2

 0 2 3

 0 1 2

 0 2 3

 0 1 2

 0 2 3

 0 1 2

 0 2 3

 0 1 2

 0 2 3

 0 1 2

 0 2 3

 0 1 2

 0 2 3

 0 1 2

 0 2 3

 0 1 2

 0 2 3

 0 1 2

 0 2 3

 0 1 2

 0 2 3

 0 1 2

 0 2 3

 0 1 2

 0 2 3

 0 1 2

 0 2 3

 0 1 2

 0 2 3

 0 1 2

 0 2 3

 0 1 2

 0 2 3

 0 1 2

 0 2 3

 0 1 2

 0 2 3

 0 1 2

 0 2 3

 0 1 2

 0 2 3

 0 1 2

 0 2 3

 0 1 2

 0 2 3

 0 1 2

 0 2 3

 0 1 2

 0 2 3

 0 1 2

 0 2 3

 0 1 2

 0 2 3

 0 1 2

 0 2 3

 0 1 2

 0 2 3

 0 1 2

 0 2 3

 0 1 2

 0 2 3

 0 1 2

 0 2 3

 0 1 2

 0 2 3

 0 1 2

 0 2 3

 0 1 2

 0 2 3

 0 1 2

 0 2 3

 0 1 2

 0 2 3

 0 1 2

 0 2 3

 0 1 2

 0 2 3

 0 1 2

 0 2 3

 0 1 2

 0 2 3

 0 1 2

 0 2 3

 0 1 2

 0 2 3

 0 1 2

 0 2 3

 0 1 2

 0 2 3

 0 1 2

 0 2 3

 0 1 2

 0 2 3

 0 1 2

 0 2 3

 0 1 2

 0 2 3

 0 1 2

 0 2 3

 0 1 2

 0 2 3

 0 1 2

 0 2 3

 0 1 2

 0 2 3

 0 1 2

 0 2 3

 0 1 2

 0 2 3

 0 1 2

 0 2 3

 0 1 2

 0 2 3

 0 1 2

 0 2 3

 0 1 2

 0 2 3

 0 1 2

 0 2 3

 0 1 2

 0 2 3

 0 1 2

 0 2 3

 0 1 2

 0 2 3

 0 1 2

 0 2 3

 0 1 2

 0 2 3

 0 1 2

 0 2 3

 0 1 2

 0 2 3

 0 1 2

 0 2 3

 0 1 2

 0 2 3

 0 1 2

 0 2 3

 0 1 2

 0 2 3

 0 1 2

 0 2 3

 0 1 2

 0 2 3

 0 1 2

 0 2 3

 0 1 2

 0 2 3

 0 1 2

 0 2 3

 0 1 2

 0 2 3

 0 1 2

 0 2 3

 0 1 2

 0 2 3

 0 1 2

 0 2 3

 0 1 2

 0 2 3

 0 1 2

 0 2 3

 0 1 2

 0 2 3

 0 1 2

 0 2 3

 0 1 2

 0 2 3

 0 1 2

 0 2 3

 0 1 2

 0 2 3

 0 1 2

 0 2 3

 0 1 2

 0 2 3

 0 1 2

 0 2 3

 0 1 2

 0 2 3

 0 1 2

 0 2 3

 0 1 2

 0 2 3

 0 1 2

 0 2 3

 0 1 2

 0 2 3

 0 1 2

 0 2 3

 0 1 2

 0 2 3

 0 1 2

 0 2 3

 0 1 2

 0 2 3

 0 1 2

 0 2 3

 0 1 2

 0 2 3

 0 1 2

 0 2 3

 0 1 2

 0 2 3

 0 1 2

 0 2 3

 0 1 2

 0 2 3

 0 1 2

 0 2 3

 0 1 2

 0 2 3

 0 1 2

 0 2 3

 0 1 2

 0 2 3

 0 1 2

 0 2 3

 0 1 2

 0 2 3

 0 1 2

 0 2 3

 0 1 2

 0 2 3

 0 1 2

 0 2 3

 0 1 2

 0 2 3

 0 1 2

 0 2 3

 0 1 2

 0 2 3

 0 1 2

 0 2 3

 0 1 2

 0 2 3

 0 1 2

 0 2 3

 0 1 2

 0 2 3

 0 1 2

 0 2 3

 0 1 2

 0 2 3

 0 1 2

 0 2 3

 0 1 2

 0 2 3

 0 1 2

 0 2 3

 0 1 2

 0 2 3

 0 1 2

 0 2 3

 0 1 2

 0 2 3

 0 1 2

 0 2 3

 0 1 2

 0 2 3

 0 1 2

 0 2 3

 0 1 2

 0 2 3

 0 1 2

 0 2 3

 0 1 2

 0 2 3

 0 1 2

 0 2 3

 0 1 2

 0 2 3

 0 1 2

 0 2 3

 0 1 2

 0 2 3

 0 1 2

 0 2 3

 0 1 2

 0 2 3

 0 1 2

 0 2 3

 0 1 2

 0 2 3

 0 1 2

 0 2 3

 0 1 2

 0 2 3

 0 1 2

 0 2 3

 0 1 2

 0 2 3

 0 1 2

 0 2 3

 0 1 2

 0 2 3

 0 1 2

 0 2 3

 0 1 2

 0 2 3

 0 1 2

 0 2 3

 0 1 2

 0 2 3

 0 1 2

 0 2 3

 0 1 2

 0 2 3

 0 1 2

 0 2 3

 0 1 2

 0 2 3

 0 1 2

 0 2 3

 0 1 2

 0 2 3

 0 1 2

 0 2 3

 0 1 2

 0 2 3

 0 1 2

 0 2 3

 0 1 2

 0 2 3

 0 1 2

 0 2 3

 0 1 2

 0 2 3

 0 1 2

 0 2 3

 0 1 2

 0 2 3

 0 1 2

 0 2 3

 0 1 2

 0 2 3

 0 1 2

 0 2 3

 0 1 2

 0 2 3

 0 1 2

 0 2 3

 0 1 2

 0 2 3

 0 1 2

 0 2 3

 0 1 2

 0 2 3

 0 1 2

 0 2 3

 0 1 2

 0 2 3

 0 1 2

 0 2 3

 0 1 2

 0 2 3

 0 1 2

 0 2 3

 0 1 2

 0 2 3

 0 1 2

 0 2 3

 0 1 2

 0 2 3

 0 1 2

 0 2 3

 0 1 2

 0 2 3

 0 1 2

 0 2 3

 0 1 2

 0 2 3

 0 1 2

 0 2 3

 0 1 2

 0 2 3

 0 1 2

 0 2 3

 0 1 2

 0 2 3

 0 1 2

 0 2 3

 0 1 2

 0 2 3

 0 1 2

 0 2 3

 0 1 2

 0 2 3

 0 1 2

 0 2 3

 0 1 2

 0 2 3

 0 1 2

 0 2 3

 0 1 2

 0 2 3

 0 1 2

 0 2 3

 0 1 2

 0 2 3

 0 1 2

 0 2 3

 0 1 2

 0 2 3

 0 1 2

 0 2 3

 0 1 2

 0 2 3

 0 1 2

 0 2 3

 0 1 2

 0 2 3

 0 1 2

 0 2 3

 0 1 2

 0 2 3

 0 1 2

 0 2 3

 0 1 2

 0 2 3

 0 1 2

 0 2 3

 0 1 2

 0 2 3

 0 1 2

 0 2 3

 0 1 2

 0 2 3

 0 1 2

 0 2 3

 0 1 2

 0 2 3

 0 1 2

 0 2 3

 0 1 2

 0 2 3

 0 1 2

 0 2 3

 0 1 2

 0 2 3

 0 1 2

 0 2 3

 0 1 2

 0 2 3

 0 1 2

 0 2 3

 0 1 2

 0 2 3

 0 1 2

 0 2 3

 0 1 2

 0 2 3

 0 1 2

 0 2 3

 0 1 2

 0 2 3

 0 1 2

 0 2 3

 0 1 2

 0 2 3

 0 1 2

 0 2 3

 0 1 2

 0 2 3

 0 1 2

 0 2 3

 0 1 2

 0 2 3

 0 1 2

 0 2 3

 0 1 2

 0 2 3

 0 1 2

 0 2 3

 0 1 2

 0 2 3

 0 1 2

 0 2 3

 0 1 2

 0 2 3

 0 1 2

 0 2 3

 0 1 2

 0 2 3

 0 1 2

 0 2 3

 0 1 2

 0 2 3

 0 1 2

 0 2 3

 0 1 2

 0 2 3

 0 1 2

 0 2 3

 0 1 2

 0 2 3

 0 1 2

 0 2 3

 0 1 2

 0 2 3

 0 1 2

 0 2 3

 0 1 2

 0 2 3

 0 1 2

 0 2 3

 0 1 2

 0 2 3

 0 1 2

 0 2 3

 0 1 2

 0 2 3

 0 1 2

 0 2 3

 0 1 2

 0 2 3

 0 1 2

 0 2 3

 0 1 2

 0 2 3

 0 1 2

 0 2 3

 0 1 2

 0 2 3

 0 1 2

 0 2 3

 0 1 2

 0 2 3

 0 1 2

 0 2 3

 0 1 2

 0 2 3

 0 1 2

 0 2 3

 0 1 2

 0 2 3

 0 1 2

 0 2 3

 0 1 2

 0 2 3

 0 1 2

 0 2 3

 0 1 2

 0 2 3

 0 1 2

 0 2 3

 0 1 2

 0 2 3

 0 1 2

 0 2 3

 0 1 2

 0 2 3

 0 1 2

 0 2 3

 0 1 2

 0 2 3

 0 1 2

 0 2 3

 0 1 2

 0 2 3

 0 1 2

 0 2 3

 0 1 2

 0 2 3

 0 1 2

 0 2 3

 0 1 2

 0 2 3

 0 1 2

 0 2 3

 0 1 2

 0 2 3

 0 1 2

 0 2 3

 0 1 2

 0 2 3

 0 1 2

 0 2 3

 0 1 2

 0 2 3

 0 1 2

 0 2 3

 0 1 2

 0 2 3

 0 1 2

 0 2 3

 0 1 2

 0 2 3

 0 1 2

 0 2 3

 0 1 2

 0 2 3

 0 1 2

 0 2 3

 0 1 2

 0 2 3

 0 1 2

 0 2 3

 0 1 2

 0 2 3

 0 1 2

 0 2 3

 0 1 2

 0 2 3

 0 1 2

 0 2 3

 0 1 2

 0 2 3

 0 1 2

 0 2 3

 0 1 2

 0 2 3

 0 1 2

 0 2 3

 0 1 2

 0 2 3

 0 1 2

 0 2 3

 0 1 2

 0 2 3

 0 1 2

 0 2 3

 0 1 2

 0 2 3

 0 1 2

 0 2 3

 0 1 2

 0 2 3

 0 1 2

 0 2 3

 0 1 2

 0 2 3

 0 1 2

 0 2 3

 0 1 2

 0 2 3

 0 1 2

 0 2 3

 0 1 2

 0 2 3

 0 1 2

 0 2 3

 0 1 2

 0 2 3

 0 1 2

 0 2 3

 0 1 2

 0 2 3

 0 1 2

 0 2 3

 0 1 2

 0 2 3

 0 1 2

 0 2 3

 0 1 2

 0 2 3

 0 1 2

 0 2 3

 0 1 2

 0 2 3

 0 1 2

 0 2 3

 0 1 2

 0 2 3

 0 1 2

 0 2 3

 0 1 2

 0 2 3

 0 1 2

 0 2 3

 0 1 2

 0 2 3

 0 1 2

 0 2 3

 0 1 2

 0 2 3

 0 1 2

 0 2 3

 0 1 2

 0 2 3

 0 1 2

 0 2 3

 0 1 2

 0 2 3

 0 1 2

 0 2 3

 0 1 2

 0 2 3

 0 1 2

 0 2 3

 0 1 2

 0 2 3

 0 1 2

 0 2 3

 0 1 2

 0 2 3

 0 1 2

 0 2 3

 0 1 2

 0 2 3

 0 1 2

 0 2 3

 0 1 2

 0 2 3

 0 1 2

 0 2 3

 0 1 2

 0 2 3

 0 1 2

 0 2 3

 0 1 2

 0 2 3

 0 1 2

 0 2 3

 0 1 2

 0 2 3

 0 1 2

 0 2 3

 0 1 2

 0 2 3

 0 1 2

 0 2 3

 0 1 2

 0 2 3

 0 1 2

 0 2 3

 0 1 2

 0 2 3

 0 1 2

 0 2 3

 0 1 2

 0 2 3

 0 1 2

 0 2 3

 0 1 2

 0 2 3

 0 1 2

 0 2 3

 0 1 2

 0 2 3

 0 1 2

 0 2 3

 0 1 2

 0 2 3

 0 1 2

 0 2 3

 0 1 2

 0 2 3

 0 1 2

 0 2 3

 0 1 2

 0 2 3

 0 1 2

 0 2 3

 0 1 2

 0 2 3

 0 1 2

 0 2 3

 0 1 2

 0 2 3

 0 1 2

 0 2 3

 0 1 2

 0 2 3

 0 1 2

 0 2 3

 0 1 2

 0 2 3

 0 1 2

 0 2 3

 0 1 2

 0 2 3

 0 1 2

 0 2 3

 0 1 2

 0 2 3

 0 1 2

 0 2 3

 0 1 2

 0 2 3

 0 1 2

 0 2 3

 0 1 2

 0 2 3

 0 1 2

 0 2 3

 0 1 2

 0 2 3

 0 1 2

 0 2 3

 0 1 2

 0 2 3

 0 1 2

 0 2 3

 0 1 2

 0 2 3

 0 1 2

 0 2 3

 0 1 2

 0 2 3

 0 1 2

 0 2 3

 0 1 2

 0 2 3

 0 1 2

 0 2 3

 0 1 2

 0 2 3

 0 1 2

 0 2 3

 0 1 2

 0 2 3

 0 1 2

 0 2 3

 0 1 2

 0 2 3

 0 1 2

 0 2 3

 0 1 2

 0 2 3

 0 1 2

 0 2 3

 0 1 2

 0 2 3

 0 1 2

 0 2 3

 0 1 2

 0 2 3

 0 1 2

 0 2 3

 0 1 2

 0 2 3

 0 1 2

 0 2 3

 0 1 2

 0 2 3

 0 1 2

 0 2 3

 0 1 2

 0 2 3

 0 1 2

 0 2 3

 0 1 2

 0 2 3

 0 1 2

 0 2 3

 0 1 2

 0 2 3

 0 1 2

 0 2 3

 0 1 2

 0 2 3

 0 1 2

 0 2 3

 0 1 2

 0 2 3

 0 1 2

 0 2 3

 0 1 2

 0 2 3

 0 1 2

 0 2 3

 0 1 2

 0 2 3

 0 1 2

 0 2 3

 0 1 2

 0 2 3

 0 1 2

 0 2 3

 0 1 2

 0 2 3

 0 1 2

 0 2 3

 0 1 2

 0 2 3

 0 1 2

 0 2 3

 0 1 2

 0 2 3

 0 1 2

 0 2 3

 0 1 2

 0 2 3

 0 1 2

 0 2 3

 0 1 2

 0 2 3

 0 1 2

 0 2 3

 0 1 2

 0 2 3

 0 1 2

 0 2 3

 0 1 2

 0 2 3

 0 1 2

 0 2 3

 0 1 2

 0 2 3

 0 1 2

 0 2 3

 0 1 2

 0 2 3

 0 1 2

 0 2 3

 0 1 2

 0 2 3

 0 1 2

 0 2 3

 0 1 2

 0 2 3

 0 1 2

 0 2 3

 0 1 2

 0 2 3

 0 1 2

 0 2 3

 0 1 2

 0 2 3

 0 1 2

 0 2 3

 0 1 2

 0 2 3

 0 1 2

 0 2 3

 0 1 2

 0 2 3

 0 1 2

 0 2 3

 0 1 2

 0 2 3

 0 1 2

 0 2 3

 0 1 2

 0 2 3

 0 1 2

 0 2 3

 0 1 2

 0 2 3

 0 1 2

 0 2 3

 0 1 2

 0 2 3

 0 1 2

 0 2 3

 0 1 2

 0 2 3

 0 1 2

 0 2 3

 0 1 2

 0 2 3

 0 1 2

 0 2 3

 0 1 2

 0 2 3

 0 1 2

 0 2 3

 0 1 2

 0 2 3

 0 1 2

 0 2 3

 0 1 2

 0 2 3

 0 1 2

 0 2 3

 0 1 2

 0 2 3

 0 1 2

 0 2 3

 0 1 2

 0 2 3

 0 1 2

 0 2 3

 0 1 2

 0 2 3

 0 1 2

 0 2 3

 0 1 2

 0 2 3

 0 1 2

 0 2 3

 0 1 2

 0 2 3

 0 1 2

 0 2 3

 0 1 2

 0 2 3

 0 1 2

 0 2 3

 0 1 2

 0 2 3

 0 1 2

 0 2 3

 0 1 2

 0 2 3

 0 1 2

 0 2 3

 0 1 2

 0 2 3

 0 1 2

 0 2 3

 0 1 2

 0 2 3

 0 1 2

 0 2 3

 0 1 2

 0 2 3

 0 1 2

 0 2 3

 0 1 2

 0 2 3

 0 1 2

 0 2 3

 0 1 2

 0 2 3

 0 1 2

 0 2 3

 0 1 2

 0 2 3

 0 1 2

 0 2 3

 0 1 2

 0 2 3

 0 1 2

 0 2 3

 0 1 2

 0 2 3

 0 1 2

 0 2 3

 0 1 2

 0 2 3

 0 1 2

 0 2 3

 0 1 2

 0 2 3

 0 1 2

 0 2 3

 0 1 2

 0 2 3

 0 1 2

 0 2 3

 0 1 2

 0 2 3

 0 1 2

 0 2 3

 0 1 2

 0 2 3

 0 1 2

 0 2 3

 0 1 2

 0 2 3

 0 1 2

 0 2 3

 0 1 2

 0 2 3

 0 1 2

 0 2 3

 0 1 2

 0 2 3

 0 1 2

 0 2 3

 0 1 2

 0 2 3

 0 1 2

 0 2 3

 0 1 2

 0 2 3

 0 1 2

 0 2 3

 0 1 2

 0 2 3

 0 1 2

 0 2 3

 0 1 2

 0 2 3

 0 1 2

 0 2 3

 0 1 2

 0 2 3

 0 1 2

 0 2 3

 0 1 2

 0 2 3

 0 1 2

 0 2 3

 0 1 2

 0 2 3

 0 1 2

 0 2 3

 0 1 2

 0 2 3

 0 1 2

 0 2 3

 0 1 2

 0 2 3

 0 1 2

 0 2 3

 0 1 2

 0 2 3

 0 1 2

 0 2 3

 0 1 2

 0 2 3

 0 1 2

 0 2 3

 0 1 2

 0 2 3

 0 1 2

 0 2 3

 0 1 2

 0 2 3

 0 1 2

 0 2 3

 0 1 2

 0 2 3

 0 1 2

 0 2 3

 0 1 2

 0 2 3

 0 1 2

 0 2 3

 0 1 2

 0 2 3

 0 1 2

 0 2 3

 0 1 2

 0 2 3

 0 1 2

 0 2 3

 0 1 2

 0 2 3

 0 1 2

 0 2 3

 0 1 2

 0 2 3

 0 1 2

 0 2 3

 0 1 2

 0 2 3

 0 1 2

 0 2 3

 0 1 2

 0 2 3

 0 1 2

 0 2 3

 0 1 2

 0 2 3

 0 1 2

 0 2 3

 0 1 2

 0 2 3

 0 1 2

 0 2 3

 0 1 2

 0 2 3

 0 1 2

 0 2 3

 0 1 2

 0 2 3

 0 1 2

 0 2 3

 0 1 2

 0 2 3

 0 1 2

 0 2 3

 0 1 2

 0 2 3

 0 1 2

 0 2 3

 0 1 2

 0 2 3

 0 1 2

 0 2 3

 0 1 2

 0 2 3

 0 1 2

 0 2 3

 0 1 2

 0 2 3

 0 1 2

 0 2 3

 0 1 2

 0 2 3

 0 1 2

 0 2 3

 0 1 2

 0 2 3

 0 1 2

 0 2 3

 0 1 2

 0 2 3

 0 1 2

 0 2 3

 0 1 2

 0 2 3

 0 1 2

 0 2 3

 0 1 2

 0 2 3

 0 1 2

 0 2 3

 0 1 2

 0 2 3

 0 1 2

 0 2 3

 0 1 2

 0 2 3

 0 1 2

 0 2 3

 0 1 2

 0 2 3

 0 1 2

 0 2 3

 0 1 2

 0 2 3

 0 1 2

 0 2 3

 0 1 2

 0 2 3

 0 1 2

 0 2 3

 0 1 2

 0 2 3

 0 1 2

 0 2 3

 0 1 2

 0 2 3

 0 1 2

 0 2 3

 0 1 2

 0 2 3

 0 1 2

 0 2 3

 0 1 2

 0 2 3

 0 1 2

 0 2 3

 0 1 2

 0 2 3

 0 1 2

 0 2 3

 0 1 2

 0 2 3

 0 1 2

 0 2 3

 0 1 2

 0 2 3

 0 1 2

 0 2 3

 0 1 2

 0 2 3

 0 1 2

 0 2 3

 0 1 2

 0 2 3

 0 1 2

 0 2 3

 0 1 2

 0 2 3

 0 1 2

 0 2 3

 0 1 2

 0 2 3

 0 1 2

 0 2 3

 0 1 2

 0 2 3

 0 1 2

 0 2 3

 0 1 2

 0 2 3

 0 1 2

 0 2 3

 0 1 2

 0 2 3

 0 1 2

 0 2 3

 0 1 2

 0 2 3

 0 1 2

 0 2 3

 0 1 2

 0 2 3

 0 1 2

 0 2 3

 0 1 2

 0 2 3

 0 1 2

 0 2 3

 0 1 2

 0 2 3

 0 1 2

 0 2 3

 0 1 2

 0 2 3

 0 1 2

 0 2 3

 0 1 2

 0 2 3

 0 1 2

 0 2 3

 0 1 2

 0 2 3

 0 1 2

 0 2 3

 0 1 2

 0 2 3

 0 1 2

 0 2 3

 0 1 2

 0 2 3

 0 1 2

 0 2 3

 0 1 2

 0 2 3

 0 1 2

 0 2 3

 0 1 2

 0 2 3

 0 1 2

 0 2 3

 0 1 2

 0 2 3

 0 1 2

 0 2 3

 0 1 2

 0 2 3

 0 1 2

 0 2 3

 0 1 2

 0 2 3

 0 1 2

 0 2 3

 0 1 2

 0 2 3

 0 1 2

 0 2 3

 0 1 2

 0 2 3

 0 1 2

 0 2 3

 0 1 2

 0 2 3

 0 1 2

 0 2 3

 0 1 2

 0 2 3

 0 1 2

 0 2 3

 0 1 2

 0 2 3

 0 1 2

 0 2 3

 0 1 2

 0 2 3

 0 1 2

 0 2 3

 0 1 2

 0 2 3

 0 1 2

 0 2 3

 0 1 2

 0 2 3

 0 1 2

 0 2 3

 0 1 2

 0 2 3

 0 1 2

 0 2 3

 0 1 2

 0 2 3

 0 1 2

 0 2 3

 0 1 2

 0 2 3

 0 1 2

 0 2 3

 0 1 2

 0 2 3

 0 1 2

 0 2 3

 0 1 2

 0 2 3

 0 1 2

 0 2 3

 0 1 2

 0 2 3

 0 1 2

 0 2 3

 0 1 2

 0 2 3

 0 1 2

 0 2 3

 0 1 2

 0 2 3

 0 1 2

 0 2 3

 0 1 2

 0 2 3

 0 1 2

 0 2 3

 0 1 2

 0 2 3

 0 1 2

 0 2 3

 0 1 2

 0 2 3

 0 1 2

 0 2 3

 0 1 2

 0 2 3

 0 1 2

 0 2 3

 0 1 2

 0 2 3

 0 1 2

 0 2 3

 0 1 2

 0 2 3

 0 1 2

 0 2 3

 0 1 2

 0 2 3

 0 1 2

 0 2 3

 0 1 2

 0 2 3

 0 1 2

 0 2 3

 0 1 2

 0 2 3

 0 1 2

 0 2 3

 0 1 2

 0 2 3

 0 1 2

 0 2 3

 0 1 2

 0 2 3

 0 1 2

 0 2 3

 0 1 2

 0 2 3

 0 1 2

 0 2 3

 0 1 2

 0 2 3

 0 1 2

 0 2 3

 0 1 2

 0 2 3

 0 1 2

 0 2 3

 0 1 2

 0 2 3

 0 1 2

 0 2 3

 0 1 2

 0 2 3

 0 1 2

 0 2 3

 0 1 2

 0 2 3

 0 1 2

 0 2 3

 0 1 2

 0 2 3

 0 1 2

 0 2 3

 0 1 2

 0 2 3

 0 1 2

 0 2 3

 0 1 2

 0 2 3

 0 1 2

 0 2 3

 0 1 2

 0 2 3

 0 1 2

 0 2 3

 0 1 2

 0 2 3

 0 1 2

 0 2 3

 0 1 2

 0 2 3

 0 1 2

 0 2 3

 0 1 2

 0 2 3

 0 1 2

 0 2 3

 0 1 2

 0 2 3

 0 1 2

 0 2 3

 0 1 2

 0 2 3

 0 1 2

 0 2 3

 0 1 2

 0 2 3

 0 1 2

 0 2 3

 0 1 2

 0 2 3

 0 1 2

 0 2 3

 0 1 2

 0 2 3

 0 1 2

 0 2 3

 0 1 2

 0 2 3

 0 1 2

 0 2 3

 0 1 2

 0 2 3

 0 1 2

 0 2 3

 0 1 2

 0 2 3

 0 1 2

 0 2 3

 0 1 2

 0 2 3

 0 1 2

 0 2 3

 0 1 2

 0 2 3

 0 1 2

 0 2 3

 0 1 2

 0 2 3

 0 1 2

 0 2 3

 0 1 2

 0 2 3

 0 1 2

 0 2 3

 0 1 2

 0 2 3

 0 1 2

 0 2 3

 0 1 2

 0 2 3

 0 1 2

 0 2 3

 0 1 2

 0 2 3

 0 1 2

 0 2 3

 0 1 2

 0 2 3

 0 1 2

 0 2 3

 0 1 2

 0 2 3

 0 1 2

 0 2 3

 0 1 2

 0 2 3

 0 1 2

 0 2 3

 0 1 2

 0 2 3

 0 1 2

 0 2 3

 0 1 2

 0 2 3

 0 1 2

 0 2 3

 0 1 2

 0 2 3

 0 1 2

 0 2 3

 0 1 2

 0 2 3

 0 1 2

 0 2 3

 0 1 2

 0 2 3

 0 1 2

 0 2 3

 0 1 2

 0 2 3

 0 1 2

 0 2 3

 0 1 2

 0 2 3

 0 1 2

 0 2 3

 0 1 2

 0 2 3

 0 1 2

 0 2 3

 0 1 2

 0 2 3

 0 1 2

 0 2 3

 0 1 2

 0 2 3

 0 1 2

 0 2 3

 0 1 2

 0 2 3

 0 1 2

 0 2 3

 0 1 2

 0 2 3

 0 1 2

 0 2 3

 0 1 2

 0 2 3

 0 1 2

 0 2 3

 0 1 2

 0 2 3

 0 1 2

 0 2 3

 0 1 2

 0 2 3

 0 1 2

 0 2 3

 0 1 2

 0 2 3

 0 1 2

 0 2 3

 0 1 2

 0 2 3

 0 1 2

 0 2 3

 0 1 2

 0 2 3

 0 1 2

 0 2 3

 0 1 2

 0 2 3

 0 1 2

 0 2 3

 0 1 2

 0 2 3

 0 1 2

 0 2 3

 0 1 2

 0 2 3

 0 1 2

 0 2 3

 0 1 2

 0 2 3

 0 1 2

 0 2 3

 0 1 2

 0 2 3

 0 1 2

 0 2 3

 0 1 2

 0 2 3

 0 1 2

 0 2 3

 0 1 2

 0 2 3

 0 1 2

 0 2 3

 0 1 2

 0 2 3

 0 1 2

 0 2 3

 0 1 2

 0 2 3

 0 1 2

 0 2 3

 0 1 2

 0 2 3

 0 1 2

 0 2 3

 0 1 2

 0 2 3

 0 1 2

 0 2 3

 0 1 2

 0 2 3

 0 1 2

 0 2 3

 0 1 2

 0 2 3

 0 1 2

 0 2 3

 0 1 2

 0 2 3

 0 1 2

 0 2 3

 0 1 2

 0 2 3

 0 1 2

 0 2 3

 0 1 2

 0 2 3

 0 1 2

 0 2 3

 0 1 2

 0 2 3

 0 1 2

 0 2 3

 0 1 2

 0 2 3

 0 1 2

 0 2 3

 0 1 2

 0 2 3

 0 1 2

 0 2 3

 0 1 2

 0 2 3

 0 1 2

 0 2 3

 0 1 2

 0 2 3

 0 1 2

 0 2 3

 0 1 2

 0 2 3

 0 1 2

 0 2 3

 0 1 2

 0 2 3

 0 1 2

 0 2 3

 0 1 2

 0 2 3

 0 1 2

 0 2 3

 0 1 2

 0 2 3

 0 1 2

 0 2 3

 0 1 2

 0 2 3

 0 1 2

 0 2 3

 0 1 2

 0 2 3

 0 1 2

 0 2 3

 0 1 2

 0 2 3

 0 1 2

 0 2 3

 0 1 2

 0 2 3

 0 1 2

 0 2 3

 0 1 2

 0 2 3

 0 1 2

 0 2 3

 0 1 2

 0 2 3

 0 1 2

 0 2 3

 0 1 2

 0 2 3

 0 1 2

 0 2 3

 0 1 2

 0 2 3

 0 1 2

 0 2 3

 0 1 2

 0 2 3

 0 1 2

 0 2 3

 0 1 2

 0 2 3

 0 1 2

 0 2 3

 0 1 2

 0 2 3

 0 1 2

 0 2 3

 0 1 2

 0 2 3

 0 1 2

 0 2 3

 0 1 2

 0 2 3

 0 1 2

 0 2 3

 0 1 2

 0 2 3

 0 1 2

 0 2 3

 0 1 2

 0 2 3

 0 1 2

 0 2 3

 0 1 2

 0 2 3

 0 1 2

 0 2 3

 0 1 2

 0 2 3

 0 1 2

 0 2 3

 0 1 2

 0 2 3

 0 1 2

 0 2 3

 0 1 2

 0 2 3

 0 1 2

 0 2 3

 0 1 2

 0 2 3

 0 1 2

 0 2 3

 0 1 2

 0 2 3

 0 1 2

 0 2 3

 0 1 2

 0 2 3

 0 1 2

 0 2 3

 0 1 2

 0 2 3

 0 1 2

 0 2 3

 0 1 2

 0 2 3

 0 1 2

 0 2 3

 0 1 2

 0 2 3

 0 1 2

 0 2 3

 0 1 2

 0 2 3

 0 1 2

 0 2 3

 0 1 2

 0 2 3

 0 1 2

 0 2 3

 0 1 2

 0 2 3

 0 1 2

 0 2 3

 0 1 2

 0 2 3

 0 1 2

 0 2 3

 0 1 2

 0 2 3

 0 1 2

 0 2 3

 0 1 2

 0 2 3

 0 1 2

 0 2 3

 0 1 2

 0 2 3

 0 1 2

 0 2 3

 0 1 2

 0 2 3

 0 1 2

 0 2 3

 0 1 2

 0 2 3

 0 1 2

 0 2 3

 0 1 2

 0 2 3

 0 1 2

 0 2 3

 0 1 2

 0 2 3

 0 1 2

 0 2 3

 0 1 2

 0 2 3

 0 1 2

 0 2 3

 0 1 2

 0 2 3

 0 1 2

 0 2 3

 0 1 2

 0 2 3

 0 1 2

 0 2 3

 0 1 2

 0 2 3

 0 1 2

 0 2 3

 0 1 2

 0 2 3

 0 1 2

 0 2 3

 0 1 2

 0 2 3

 0 1 2

 0 2 3

 0 1 2

 0 2 3

 0 1 2

 0 2 3

 0 1 2

 0 2 3

 0 1 2

 0 2 3

 0 1 2

 0 2 3

 0 1 2

 0 2 3

 0 1 2

 0 2 3

 0 1 2

 0 2 3

 0 1 2

 0 2 3

 0 1 2

 0 2 3

 0 1 2

 0 2 3

 0 1 2

 0 2 3

 0 1 2

 0 2 3

 0 1 2

 0 2 3

 0 1 2

 0 2 3

 0 1 2

 0 2 3

 0 1 2

 0 2 3

 0 1 2

 0 2 3

 0 1 2

 0 2 3

 0 1 2

 0 2 3

 0 1 2

 0 2 3

 0 1 2

 0 2 3

 0 1 2

 0 2 3

 0 1 2

 0 2 3

 0 1 2

 0 2 3

 0 1 2

 0 2 3

 0 1 2

 0 2 3

 0 1 2

 0 2 3

 0 1 2

 0 2 3

 0 1 2

 0 2 3

 0 1 2

 0 2 3

 0 1 2

 0 2 3

 0 1 2

 0 2 3

 0 1 2

 0 2 3

 0 1 2

 0 2 3

 0 1 2

 0 2 3

 0 1 2

 0 2 3

 0 1 2

 0 2 3

 0 1 2

 0 2 3

 0 1 2

 0 2 3

 0 1 2

 0 2 3

 0 1 2

 0 2 3

 0 1 2

 0 2 3

 0 1 2

 0 2 3

 0 1 2

 0 2 3

 0 1 2

 0 2 3

 0 1 2

 0 2 3

 0 1 2

 0 2 3

 0 1 2

 0 2 3

 0 1 2

 0 2 3

 0 1 2

 0 2 3

 0 1 2

 0 2 3

 0 1 2

 0 2 3

 0 1 2

 0 2 3

 0 1 2

 0 2 3

 0 1 2

 0 2 3

 0 1 2

 0 2 3

 0 1 2

 0 2 3

 0 1 2

 0 2 3

 0 1 2

 0 2 3

 0 1 2

 0 2 3

 0 1 2

 0 2 3

 0 1 2

 0 2 3

 0 1 2

 0 2 3

 0 1 2

 0 2 3

 0 1 2

 0 2 3

 0 1 2

 0 2 3

 0 1 2

 0 2 3

 0 1 2

 0 2 3

 0 1 2

 0 2 3

 0 1 2

 0 2 3

 0 1 2

 0 2 3

 0 1 2

 0 2 3

 0 1 2

 0 2 3

 0 1 2

 0 2 3

 0 1 2

 0 2 3

 0 1 2

 0 2 3

 0 1 2

 0 2 3

 0 1 2

 0 2 3

 0 1 2

 0 2 3

 0 1 2

 0 2 3

 0 1 2

 0 2 3

 0 1 2

 0 2 3

 0 1 2

 0 2 3

 0 1 2

 0 2 3

 0 1 2

 0 2 3

 0 1 2

 0 2 3

 0 1 2

 0 2 3

 0 1 2

 0 2 3

 0 1 2

 0 2 3

 0 1 2

 0 2 3

 0 1 2

 0 2 3

 0 1 2

 0 2 3

 0 1 2

 0 2 3

 0 1 2

 0 2 3

 0 1 2

 0 2 3

 0 1 2

 0 2 3

 0 1 2

 0 2 3

 0 1 2

 0 2 3

 0 1 2

 0 2 3

 0 1 2

 0 2 3

 0 1 2

 0 2 3

 0 1 2

 0 2 3

 0 1 2

 0 2 3

 0 1 2

 0 2 3

 0 1 2

 0 2 3

 0 1 2

 0 2 3

 0 1 2

 0 2 3

 0 1 2

 0 2 3

 0 1 2

 0 2 3

 0 1 2

 0 2 3

 0 1 2

 0 2 3

 0 1 2

 0 2 3

 0 1 2

 0 2 3

 0 1 2

 0 2 3

 0 1 2

 0 2 3

 0 1 2

 0 2 3

 0 1 2

 0 2 3

 0 1 2

 0 2 3

 0 1 2

 0 2 3

 0 1 2

 0 2 3

 0 1 2

 0 2 3

 0 1 2

 0 2 3

 0 1 2

 0 2 3

 0 1 2

 0 2 3

 0 1 2

 0 2 3

 0 1 2

 0 2 3

 0 1 2

 0 2 3

 0 1 2

 0 2 3

 0 1 2

 0 2 3

 0 1 2

 0 2 3

 0 1 2

 0 2 3

 0 1 2

 0 2 3

 0 1 2

 0 2 3

 0 1 2

 0 2 3

 0 1 2

 0 2 3

 0 1 2

 0 2 3

 0 1 2

 0 2 3

 0 1 2

 0 2 3

 0 1 2

 0 2 3

 0 1 2

 0 2 3

 0 1 2

 0 2 3

 0 1 2

 0 2 3

 0 1 2

 0 2 3

 0 1 2

 0 2 3

 0 1 2

 0 2 3

 0 1 2

 0 2 3

 0 1 2

 0 2 3

 0 1 2

 0 2 3

 0 1 2

 0 2 3

 0 1 2

 0 2 3

 0 1 2

 0 2 3

 0 1 2

 0 2 3

 0 1 2

 0 2 3

 0 1 2

 0 2 3

 0 1 2

 0 2 3

 0 1 2

 0 2 3

 0 1 2

 0 2 3

 0 1 2

 0 2 3

 0 1 2

 0 2 3

 0 1 2

 0 2 3

 0 1 2

 0 2 3

 0 1 2

 0 2 3

 0 1 2

 0 2 3

 0 1 2

 0 2 3

 0 1 2

 0 2 3

 0 1 2

 0 2 3

 0 1 2

 0 2 3

 0 1 2

 0 2 3

 0 1 2

 0 2 3

 0 1 2

 0 2 3

 0 1 2

 0 2 3

 0 1 2

 0 2 3

 0 1 2

 0 2 3

 0 1 2

 0 2 3

 0 1 2

 0 2 3

 0 1 2

 0 2 3

 0 1 2

 0 2 3

 0 1 2

 0 2 3

 0 1 2

 0 2 3

 0 1 2

 0 2 3

 0 1 2

 0 2 3

 0 1 2

 0 2 3

 0 1 2

 0 2 3

 0 1 2

 0 2 3

 0 1 2

 0 2 3

 0 1 2

 0 2 3

 0 1 2

 0 2 3

 0 1 2

 0 2 3

 0 1 2

 0 2 3

 0 1 2

 0 2 3

 0 1 2

 0 2 3

 0 1 2

 0 2 3

 0 1 2

 0 2 3

 0 1 2

 0 2 3

 0 1 2

 0 2 3

 0 1 2

 0 2 3

 0 1 2

 0 2 3

 0 1 2

 0 2 3

 0 1 2

 0 2 3

 0 1 2

 0 2 3

 0 1 2

 0 2 3

 0 1 2

 0 2 3

 0 1 2

 0 2 3

 0 1 2

 0 2 3

 0 1 2

 0 2 3

 0 1 2

 0 2 3

 0 1 2

 0 2 3

 0 1 2

 0 2 3

 0 1 2

 0 2 3

 0 1 2

 0 2 3

 0 1 2

 0 2 3

 0 1 2

 0 2 3

 0 1 2

 0 2 3

 0 1 2

 0 2 3

 0 1 2

 0 2 3

 0 1 2

 0 2 3

 0 1 2

 0 2 3

 0 1 2

 0 2 3

 0 1 2

 0 2 3

 0 1 2

 0 2 3

 0 1 2

 0 2 3

 0 1 2

 0 2 3

 0 1 2

 0 2 3

 0 1 2

 0 2 3

 0 1 2

 0 2 3

 0 1 2

 0 2 3

 0 1 2

 0 2 3

 0 1 2

 0 2 3

 0 1 2

 0 2 3

 0 1 2

 0 2 3

 0 1 2

 0 2 3

 0 1 2

 0 2 3

 0 1 2

 0 2 3

 0 1 2

 0 2 3

 0 1 2

 0 2 3

 0 1 2

 0 2 3

 0 1 2

 0 2 3

 0 1 2

 0 2 3

 0 1 2

 0 2 3

 0 1 2

 0 2 3

 0 1 2

 0 2 3

 0 1 2

 0 2 3

 0 1 2

 0 2 3

 0 1 2

 0 2 3

 0 1 2

 0 2 3

 0 1 2

 0 2 3

 0 1 2

 0 2 3

 0 1 2

 0 2 3

 0 1 2

 0 2 3

 0 1 2

 0 2 3

 0 1 2

 0 2 3

 0 1 2

 0 2 3

 0 1 2

 0 2 3

 0 1 2

 0 2 3

 0 1 2

 0 2 3

 0 1 2

 0 2 3

 0 1 2

 0 2 3

 0 1 2

 0 2 3

 0 1 2

 0 2 3

 0 1 2

 0 2 3

 0 1 2

 0 2 3

 0 1 2

 0 2 3

 0 1 2

 0 2 3

 0 1 2

 0 2 3

 0 1 2

 0 2 3

 0 1 2

 0 2 3

 0 1 2

 0 2 3

 0 1 2

 0 2 3

 0 1 2

 0 2 3

 0 1 2

 0 2 3

 0 1 2

 0 2 3

 0 1 2

 0 2 3

 0 1 2

 0 2 3

 0 1 2

 0 2 3

 0 1 2

 0 2 3

 0 1 2

 0 2 3

 0 1 2

 0 2 3

 0 1 2

 0 2 3

 0 1 2

 0 2 3

 0 1 2

 0 2 3

 0 1 2

 0 2 3

 0 1 2

 0 2 3

 0 1 2

 0 2 3

 0 1 2

 0 2 3

 0 1 2

 0 2 3

 0 1 2

 0 2 3

 0 1 2

 0 2 3

 0 1 2

 0 2 3

 0 1 2

 0 2 3

 0 1 2

 0 2 3

 0 1 2

 0 2 3

 0 1 2

 0 2 3

 0 1 2

 0 2 3

 0 1 2

 0 2 3

 0 1 2

 0 2 3

 0 1 2

 0 2 3

 0 1 2

 0 2 3

 0 1 2

 0 2 3

 0 1 2

 0 2 3

 0 1 2

 0 2 3

 0 1 2

 0 2 3

 0 1 2

 0 2 3

 0 1 2

 0 2 3

 0 1 2

 0 2 3

 0 1 2

 0 2 3

 0 1 2

 0 2 3

 0 1 2

 0 2 3

 0 1 2

 0 2 3

 0 1 2

 0 2 3

 0 1 2

 0 2 3

 0 1 2

 0 2 3

 0 1 2

 0 2 3

 0 1 2

 0 2 3

 0 1 2

 0 2 3

 0 1 2

 0 2 3

 0 1 2

 0 2 3

 0 1 2

 0 2 3

 0 1 2

 0 2 3

 0 1 2

 0 2 3

 0 1 2

 0 2 3

 0 1 2

 0 2 3

 0 1 2

 0 2 3

 0 1 2

 0 2 3

 0 1 2

 0 2 3

 0 1 2

 0 2 3

 0 1 2

 0 2 3

 0 1 2

 0 2 3

 0 1 2

 0 2 3

 0 1 2

 0 2 3

 0 1 2

 0 2 3

 0 1 2

 0 2 3

 0 1 2

 0 2 3

 0 1 2

 0 2 3

 0 1 2

 0 2 3

 0 1 2

 0 2 3

 0 1 2

 0 2 3

 0 1 2

 0 2 3

 0 1 2

 0 2 3

 0 1 2

 0 2 3

 0 1 2

 0 2 3

 0 1 2

 0 2 3

 0 1 2

 0 2 3

 0 1 2

 0 2 3

 0 1 2

 0 2 3

 0 1 2

 0 2 3

 0 1 2

 0 2 3

 0 1 2

 0 2 3

 0 1 2

 0 2 3

 0 1 2

 0 2 3

 0 1 2

 0 2 3

 0 1 2

 0 2 3

 0 1 2

 0 2 3

 0 1 2

 0 2 3

 0 1 2

 0 2 3

 0 1 2

 0 2 3

 0 1 2

 0 2 3

 0 1 2

 0 2 3

 0 1 2

 0 2 3

 0 1 2

 0 2 3

 0 1 2

 0 2 3

 0 1 2

 0 2 3

 0 1 2

 0 2 3

 0 1 2

 0 2 3

 0 1 2

 0 2 3

 0 1 2

 0 2 3

 0 1 2

 0 2 3

 0 1 2

 0 2 3

 0 1 2

 0 2 3

 0 1 2

 0 2 3

 0 1 2

 0 2 3

 0 1 2

 0 2 3

 0 1 2

 0 2 3

 0 1 2

 0 2 3

 0 1 2

 0 2 3

 0 1 2

 0 2 3

 0 1 2

 0 2 3

 0 1 2

 0 2 3

 0 1 2

 0 2 3

 0 1 2

 0 2 3

 0 1 2

 0 2 3

 0 1 2

 0 2 3

 0 1 2

 0 2 3

 0 1 2

 0 2 3

 0 1 2

 0 2 3

 0 1 2

 0 2 3

 0 1 2

 0 2 3

 0 1 2

 0 2 3

 0 1 2

 0 2 3

 0 1 2

 0 2 3

 0 1 2

 0 2 3

 0 1 2

 0 2 3

 0 1 2

 0 2 3

 0 1 2

 0 2 3

 0 1 2

 0 2 3

 0 1 2

 0 2 3

 0 1 2

 0 2 3

 0 1 2

 0 2 3

 0 1 2

 0 2 3

 0 1 2

 0 2 3

 0 1 2

 0 2 3

 0 1 2

 0 2 3

 0 1 2

 0 2 3

 0 1 2

 0 2 3

 0 1 2

 0 2 3

 0 1 2

 0 2 3

 0 1 2

 0 2 3

 0 1 2

 0 2 3

 0 1 2

 0 2 3

 0 1 2

 0 2 3

 0 1 2

 0 2 3

 0 1 2

 0 2 3

 0 1 2

 0 2 3

 0 1 2

 0 2 3

 0 1 2

 0 2 3

 0 1 2

 0 2 3

 0 1 2

 0 2 3

 0 1 2

 0 2 3

 0 1 2

 0 2 3

 0 1 2

 0 2 3

 0 1 2

 0 2 3

 0 1 2

 0 2 3

 0 1 2

 0 2 3

 0 1 2

 0 2 3

 0 1 2

 0 2 3

 0 1 2

 0 2 3

 0 1 2

 0 2 3

 0 1 2

 0 2 3

 0 1 2

 0 2 3

 0 1 2

 0 2 3

 0 1 2

 0 2 3

 0 1 2

 0 2 3

 0 1 2

 0 2 3

 0 1 2

 0 2 3

 0 1 2

 0 2 3

 0 1 2

 0 2 3

 0 1 2

 0 2 3

 0 1 2

 0 2 3

 0 1 2

 0 2 3

 0 1 2

 0 2 3

 0 1 2

 0 2 3

 0 1 2

 0 2 3

 0 1 2

 0 2 3

 0 1 2

 0 2 3

 0 1 2

 0 2 3

 0 1 2

 0 2 3

 0 1 2

 0 2 3

 0 1 2

 0 2 3

 0 1 2

 0 2 3

 0 1 2

 0 2 3

 0 1 2

 0 2 3

 0 1 2

 0 2 3

 0 1 2

 0 2 3

 0 1 2

 0 2 3

 0 1 2

 0 2 3

 0 1 2

 0 2 3

 0 1 2

 0 2 3

 0 1 2

 0 2 3

 0 1 2

 0 2 3

 0 1 2

 0 2 3

 0 1 2

 0 2 3

 0 1 2

 0 2 3

 0 1 2

 0 2 3

 0 1 2

 0 2 3

 0 1 2

 0 2 3

 0 1 2

 0 2 3

 0 1 2

 0 2 3

 0 1 2

 0 2 3

 0 1 2

 0 2 3

 0 1 2

 0 2 3

 0 1 2

 0 2 3

 0 1 2

 0 2 3

 0 1 2

 0 2 3

 0 1 2

 0 2 3

 0 1 2

 0 2 3

 0 1 2

 0 2 3

 0 1 2

 0 2 3

 0 1 2

 0 2 3

 0 1 2

 0 2 3

 0 1 2

 0 2 3

 0 1 2

 0 2 3

 0 1 2

 0 2 3

 0 1 2

 0 2 3

 0 1 2

 0 2 3

 0 1 2

 0 2 3

 0 1 2

 0 2 3

 0 1 2

 0 2 3

 0 1 2

 0 2 3

 0 1 2

 0 2 3

 0 1 2

 0 2 3

 0 1 2

 0 2 3

 0 1 2

 0 2 3

 0 1 2

 0 2 3

 0 1 2

 0 2 3

 0 1 2

 0 2 3

 0 1 2

 0 2 3

 0 1 2

 0 2 3

 0 1 2

 0 2 3

 0 1 2

 0 2 3

 0 1 2

 0 2 3

 0 1 2

 0 2 3

 0 1 2

 0 2 3

 0 1 2

 0 2 3

 0 1 2

 0 2 3

 0 1 2

 0 2 3

 0 1 2

 0 2 3

 0 1 2

 0 2 3

 0 1 2

 0 2 3

 0 1 2

 0 2 3

 0 1 2

 0 2 3

 0 1 2

 0 2 3

 0 1 2

 0 2 3

 0 1 2

 0 2 3

 0 1 2

 0 2 3

 0 1 2

 0 2 3

 0 1 2

 0 2 3

 0 1 2

 0 2 3

 0 1 2

 0 2 3

 0 1 2

 0 2 3

 0 1 2

 0 2 3

 0 1 2

 0 2 3

 0 1 2

 0 2 3

 0 1 2

 0 2 3

 0 1 2

 0 2 3

 0 1 2

 0 2 3

 0 1 2

 0 2 3

 0 1 2

 0 2 3

 0 1 2

 0 2 3

 0 1 2

 0 2 3

 0 1 2

 0 2 3

 0 1 2

 0 2 3

 0 1 2

 0 2 3

 0 1 2

 0 2 3

 0 1 2

 0 2 3

 0 1 2

 0 2 3

 0 1 2

 0 2 3

 0 1 2

 0 2 3

 0 1 2

 0 2 3

 0 1 2

 0 2 3

 0 1 2

 0 2 3

 0 1 2

 0 2 3

 0 1 2

 0 2 3

 0 1 2

 0 2 3

 0 1 2

 0 2 3

 0 1 2

 0 2 3

 0 1 2

 0 2 3

 0 1 2

 0 2 3

 0 1 2

 0 2 3

 0 1 2

 0 2 3

 0 1 2

 0 2 3

 0 1 2

 0 2 3

 0 1 2

 0 2 3

 0 1 2

 0 2 3

 0 1 2

 0 2 3

 0 1 2

 0 2 3

 0 1 2

 0 2 3

 0 1 2

 0 2 3

 0 1 2

 0 2 3

 0 1 2

 0 2 3

 0 1 2

 0 2 3

 0 1 2

 0 2 3

 0 1 2

 0 2 3

 0 1 2

 0 2 3

 0 1 2

 0 2 3

 0 1 2

 0 2 3

 0 1 2

 0 2 3

 0 1 2

 0 2 3

 0 1 2

 0 2 3

 0 1 2

 0 2 3

 0 1 2

 0 2 3

 0 1 2

 0 2 3

 0 1 2

 0 2 3

 0 1 2

 0 2 3

 0 1 2

 0 2 3

 0 1 2

 0 2 3

 0 1 2

 0 2 3

 0 1 2

 0 2 3

 0 1 2

 0 2 3

 0 1 2

 0 2 3

 0 1 2

 0 2 3

 0 1 2

 0 2 3

 0 1 2

 0 2 3

 0 1 2

 0 2 3

 0 1 2

 0 2 3

 0 1 2

 0 2 3

 0 1 2

 0 2 3

 0 1 2

 0 2 3

 0 1 2

 0 2 3

 0 1 2

 0 2 3

 0 1 2

 0 2 3

 0 1 2

 0 2 3

 0 1 2

 0 2 3

 0 1 2

 0 2 3

 0 1 2

 0 2 3

 0 1 2

 0 2 3

 0 1 2

 0 2 3

 0 1 2

 0 2 3

 0 1 2

 0 2 3

 0 1 2

 0 2 3

 0 1 2

 0 2 3

 0 1 2

 0 2 3

 0 1 2

 0 2 3

 0 1 2

 0 2 3

 0 1 2

 0 2 3

 0 1 2

 0 2 3

 0 1 2

 0 2 3

 0 1 2

 0 2 3

 0 1 2

 0 2 3

 0 1 2

 0 2 3

 0 1 2

 0 2 3

 0 1 2

 0 2 3

 0 1 2

 0 2 3

 0 1 2

 0 2 3

 0 1 2

 0 2 3

 0 1 2

 0 2 3

 0 1 2

 0 2 3

 0 1 2

 0 2 3

 0 1 2

 0 2 3

 0 1 2

 0 2 3

 0 1 2

 0 2 3

 0 1 2

 0 2 3

 0 1 2

 0 2 3

 0 1 2

 0 2 3

 0 1 2

 0 2 3

 0 1 2

 0 2 3

 0 1 2

 0 2 3

 0 1 2

 0 2 3

 0 1 2

 0 2 3

 0 1 2

 0 2 3

 0 1 2

 0 2 3

 0 1 2

 0 2 3

 0 1 2

 0 2 3

 0 1 2

 0 2 3

 0 1 2

 0 2 3

 0 1 2

 0 2 3

 0 1 2

 0 2 3

 0 1 2

 0 2 3

 0 1 2

 0 2 3

 0 1 2

 0 2 3

 0 1 2

 0 2 3

 0 1 2

 0 2 3

 0 1 2

 0 2 3

 0 1 2

 0 2 3

 0 1 2

 0 2 3

 0 1 2

 0 2 3

 0 1 2

 0 2 3

 0 1 2

 0 2 3

 0 1 2

 0 2 3

 0 1 2

 0 2 3

 0 1 2

 0 2 3

 0 1 2

 0 2 3

 0 1 2

 0 2 3

 0 1 2

 0 2 3

 0 1 2

 0 2 3

 0 1 2

 0 2 3

 0 1 2

 0 2 3

 0 1 2

 0 2 3

 0 1 2

 0 2 3

 0 1 2

 0 2 3

 0 1 2

 0 2 3

 0 1 2

 0 2 3

 0 1 2

 0 2 3

 0 1 2

 0 2 3

 0 1 2

 0 2 3

 0 1 2

 0 2 3

 0 1 2

 0 2 3

 0 1 2

 0 2 3

 0 1 2

 0 2 3

 0 1 2

 0 2 3

 0 1 2

 0 2 3

 0 1 2

 0 2 3

 0 1 2

 0 2 3

 0 1 2

 0 2 3

 0 1 2

 0 2 3

 0 1 2

 0 2 3

 0 1 2

 0 2 3

 0 1 2

 0 2 3

 0 1 2

 0 2 3

 0 1 2

 0 2 3

 0 1 2

 0 2 3

 0 1 2

 0 2 3

 0 1 2

 0 2 3

 0 1 2

 0 2 3

 0 1 2

 0 2 3

 0 1 2

 0 2 3

 0 1 2

 0 2 3

 0 1 2

 0 2 3

 0 1 2

 0 2 3

 0 1 2

 0 2 3

 0 1 2

 0 2 3

 0 1 2

 0 2 3

 0 1 2

 0 2 3

 0 1 2

 0 2 3

 0 1 2

 0 2 3

 0 1 2

 0 2 3

 0 1 2

 0 2 3

 0 1 2

 0 2 3

 0 1 2

 0 2 3

 0 1 2

 0 2 3

 0 1 2

 0 2 3

 0 1 2

 0 2 3

 0 1 2

 0 2 3

 0 1 2

 0 2 3

 0 1 2

 0 2 3

 0 1 2

 0 2 3

 0 1 2

 0 2 3

 0 1 2

 0 2 3

 0 1 2

 0 2 3

 0 1 2

 0 2 3

 0 1 2

 0 2 3

 0 1 2

 0 2 3

 0 1 2

 0 2 3

 0 1 2

 0 2 3

 0 1 2

 0 2 3

 0 1 2

 0 2 3

 0 1 2

 0 2 3

 0 1 2

 0 2 3

 0 1 2

 0 2 3

 0 1 2

 0 2 3

 0 1 2

 0 2 3

 0 1 2

 0 2 3

 0 1 2

 0 2 3

 0 1 2

 0 2 3

 0 1 2

 0 2 3

 0 1 2

 0 2 3

 0 1 2

 0 2 3

 0 1 2

 0 2 3

 0 1 2

 0 2 3

 0 1 2

 0 2 3

 0 1 2

 0 2 3

 0 1 2

 0 2 3

 0 1 2

 0 2 3

 0 1 2

 0 2 3

 0 1 2

 0 2 3

 0 1 2

 0 2 3

 0 1 2

 0 2 3

 0 1 2

 0 2 3

 0 1 2

 0 2 3

 0 1 2

 0 2 3

 0 1 2

 0 2 3

 0 1 2

 0 2 3

 0 1 2

 0 2 3

 0 1 2

 0 2 3

 0 1 2

 0 2 3

 0 1 2

 0 2 3

 0 1 2

 0 2 3

 0 1 2

 0 2 3

 0 1 2

 0 2 3

 0 1 2

 0 2 3

 0 1 2

 0 2 3

 0 1 2

 0 2 3

 0 1 2

 0 2 3

 0 1 2

 0 2 3

 0 1 2

 0 2 3

 0 1 2

 0 2 3

 0 1 2

 0 2 3

 0 1 2

 0 2 3

 0 1 2

 0 2 3

 0 1 2

 0 2 3

 0 1 2

 0 2 3

 0 1 2

 0 2 3

 0 1 2

 0 2 3

 0 1 2

 0 2 3

 0 1 2

 0 2 3

 0 1 2

 0 2 3

 0 1 2

 0 2 3

 0 1 2

 0 2 3

 0 1 2

 0 2 3

 0 1 2

 0 2 3

 0 1 2

 0 2 3

 0 1 2

 0 2 3

 0 1 2

 0 2 3

 0 1 2

 0 2 3

 0 1 2

 0 2 3

 0 1 2

 0 2 3

 0 1 2

 0 2 3

 0 1 2

 0 2 3

 0 1 2

 0 2 3

 0 1 2

 0 2 3

 0 1 2

 0 2 3

 0 1 2

 0 2 3

 0 1 2

 0 2 3

 0 1 2

 0 2 3

 0 1 2

 0 2 3

 0 1 2

 0 2 3

 0 1 2

 0 2 3

 0 1 2

 0 2 3

 0 1 2

 0 2 3

 0 1 2

 0 2 3

 0 1 2

 0 2 3

 0 1 2

 0 2 3

 0 1 2

 0 2 3

 0 1 2

 0 2 3

 0 1 2

 0 2 3

 0 1 2

 0 2 3

 0 1 2

 0 2 3

 0 1 2

 0 2 3

 0 1 2

 0 2 3

 0 1 2

 0 2 3

 0 1 2

 0 2 3

 0 1 2

 0 2 3

 0 1 2

 0 2 3

 0 1 2

 0 2 3

 0 1 2

 0 2 3

 0 1 2

 0 2 3

 0 1 2

 0 2 3

 0 1 2

 0 2 3

 0 1 2

 0 2 3

 0 1 2

 0 2 3

 0 1 2

 0 2 3

 0 1 2

 0 2 3

 0 1 2

 0 2 3

 0 1 2

 0 2 3

 0 1 2

 0 2 3

 0 1 2

 0 2 3

 0 1 2

 0 2 3

 0 1 2

 0 2 3

 0 1 2

 0 2 3

 0 1 2

 0 2 3

 0 1 2

 0 2 3

 0 1 2

 0 2 3

 0 1 2

 0 2 3

 0 1 2

 0 2 3

 0 1 2

 0 2 3

 0 1 2

 0 2 3

 0 1 2

 0 2 3

 0 1 2

 0 2 3

 0 1 2

 0 2 3

 0 1 2

 0 2 3

 0 1 2

 0 2 3

 0 1 2

 0 2 3

 0 1 2

 0 2 3

 0 1 2

 0 2 3

 0 1 2

 0 2 3

 0 1 2

 0 2 3

 0 1 2

 0 2 3

 0 1 2

 0 2 3

 0 1 2

 0 2 3

 0 1 2

 0 2 3

 0 1 2

 0 2 3

 0 1 2

 0 2 3

 0 1 2

 0 2 3

 0 1 2

 0 2 3

 0 1 2

 0 2 3

 0 1 2

 0 2 3

 0 1 2

 0 2 3

 0 1 2

 0 2 3

 0 1 2

 0 2 3

 0 1 2

 0 2 3

 0 1 2

 0 2 3

 0 1 2

 0 2 3

 0 1 2

 0 2 3

 0 1 2

 0 2 3

 0 1 2

 0 2 3

 0 1 2

 0 2 3

 0 1 2

 0 2 3

 0 1 2

 0 2 3

 0 1 2

 0 2 3

 0 1 2

 0 2 3

 0 1 2

 0 2 3

 0 1 2

 0 2 3

 0 1 2

 0 2 3

 0 1 2

 0 2 3

 0 1 2

 0 2 3

 0 1 2

 0 2 3

 0 1 2

 0 2 3

 0 1 2

 0 2 3

 0 1 2

 0 2 3

 0 1 2

 0 2 3

 0 1 2

 0 2 3

 0 1 2

 0 2 3

 0 1 2

 0 2 3

 0 1 2

 0 2 3

 0 1 2

 0 2 3

 0 1 2

 0 2 3

 0 1 2

 0 2 3

 0 1 2

 0 2 3

 0 1 2

 0 2 3

 0 1 2

 0 2 3

 0 1 2

 0 2 3

 0 1 2

 0 2 3

 0 1 2

 0 2 3

 0 1 2

 0 2 3

 0 1 2

 0 2 3

 0 1 2

 0 2 3

 0 1 2

 0 2 3

 0 1 2

 0 2 3

 0 1 2

 0 2 3

 0 1 2

 0 2 3

 0 1 2

 0 2 3

 0 1 2

 0 2 3

 0 1 2

 0 2 3

 0 1 2

 0 2 3

 0 1 2

 0 2 3

 0 1 2

 0 2 3

 0 1 2

 0 2 3

 0 1 2

 0 2 3

 0 1 2

 0 2 3

 0 1 2

 0 2 3

 0 1 2

 0 2 3

 0 1 2

 0 2 3

 0 1 2

 0 2 3

 0 1 2

 0 2 3

 0 1 2

 0 2 3

 0 1 2

 0 2 3

 0 1 2

 0 2 3

 0 1 2

 0 2 3

 0 1 2

 0 2 3

 0 1 2

 0 2 3

 0 1 2

 0 2 3

 0 1 2

 0 2 3

 0 1 2

 0 2 3

 0 1 2

 0 2 3

 0 1 2

 0 2 3

 0 1 2

 0 2 3

 0 1 2

 0 2 3

 0 1 2

 0 2 3

 0 1 2

 0 2 3

 0 1 2

 0 2 3

 0 1 2

 0 2 3

 0 1 2

 0 2 3

 0 1 2

 0 2 3

 0 1 2

 0 2 3

 0 1 2

 0 2 3

 0 1 2

 0 2 3

 0 1 2

 0 2 3

 0 1 2

 0 2 3

 0 1 2

 0 2 3

 0 1 2

 0 2 3

 0 1 2

 0 2 3

 0 1 2

 0 2 3

 0 1 2

 0 2 3

 0 1 2

 0 2 3

 0 1 2

 0 2 3

 0 1 2

 0 2 3

 0 1 2

 0 2 3

 0 1 2

 0 2 3

 0 1 2

 0 2 3

 0 1 2

 0 2 3

 0 1 2

 0 2 3

 0 1 2

 0 2 3

 0 1 2

 0 2 3

 0 1 2

 0 2 3

 0 1 2

 0 2 3

 0 1 2

 0 2 3

 0 1 2

 0 2 3

 0 1 2

 0 2 3

 0 1 2

 0 2 3

 0 1 2

 0 2 3

 0 1 2

 0 2 3

 0 1 2

 0 2 3

 0 1 2

 0 2 3

 0 1 2

 0 2 3

 0 1 2

 0 2 3

 0 1 2

 0 2 3

 0 1 2

 0 2 3

 0 1 2

 0 2 3

 0 1 2

 0 2 3

 0 1 2

 0 2 3

 0 1 2

 0 2 3

 0 1 2

 0 2 3

 0 1 2

 0 2 3

 0 1 2

 0 2 3

 0 1 2

 0 2 3

 0 1 2

 0 2 3

 0 1 2

 0 2 3

 0 1 2

 0 2 3

 0 1 2

 0 2 3

 0 1 2

 0 2 3

 0 1 2

 0 2 3

 0 1 2

 0 2 3

 0 1 2

 0 2 3

 0 1 2

 0 2 3

 0 1 2

 0 2 3

 0 1 2

 0 2 3

 0 1 2

 0 2 3

 0 1 2

 0 2 3

 0 1 2

 0 2 3

 0 1 2

 0 2 3

 0 1 2

 0 2 3

 0 1 2

 0 2 3

 0 1 2

 0 2 3

 0 1 2

 0 2 3

 0 1 2

 0 2 3

 0 1 2

 0 2 3

 0 1 2

 0 2 3

 0 1 2

 0 2 3

 0 1 2

 0 2 3

 0 1 2

 0 2 3

 0 1 2

 0 2 3

 0 1 2

 0 2 3

 0 1 2

 0 2 3

 0 1 2

 0 2 3

 0 1 2

 0 2 3

 0 1 2

 0 2 3

 0 1 2

 0 2 3

 0 1 2

 0 2 3

 0 1 2

 0 2 3

 0 1 2

 0 2 3

 0 1 2

 0 2 3

 0 1 2

 0 2 3

 0 1 2

 0 2 3

 0 1 2

 0 2 3

 0 1 2

 0 2 3

 0 1 2

 0 2 3

 0 1 2

 0 2 3

 0 1 2

 0 2 3

 0 1 2

 0 2 3

 0 1 2

 0 2 3

 0 1 2

 0 2 3

 0 1 2

 0 2 3

 0 1 2

 0 2 3

 0 1 2

 0 2 3

 0 1 2

 0 2 3

 0 1 2

 0 2 3

 0 1 2

 0 2 3

 0 1 2

 0 2 3

 0 1 2

 0 2 3

 0 1 2

 0 2 3

 0 1 2

 0 2 3

 0 1 2

 0 2 3

 0 1 2

 0 2 3

 0 1 2

 0 2 3

 0 1 2

 0 2 3

 0 1 2

 0 2 3

 0 1 2

 0 2 3

 0 1 2

 0 2 3

 0 1 2

 0 2 3

 0 1 2

 0 2 3

 0 1 2

 0 2 3

 0 1 2

 0 2 3

 0 1 2

 0 2 3

 0 1 2

 0 2 3

 0 1 2

 0 2 3

 0 1 2

 0 2 3

 0 1 2

 0 2 3

 0 1 2

 0 2 3

 0 1 2

 0 2 3

 0 1 2

 0 2 3

 0 1 2

 0 2 3

 0 1 2

 0 2 3

 0 1 2

 0 2 3

 0 1 2

 0 2 3

 0 1 2

 0 2 3

 0 1 2

 0 2 3

 0 1 2

 0 2 3

 0 1 2

 0 2 3

 0 1 2

 0 2 3

 0 1 2

 0 2 3

 0 1 2

 0 2 3

 0 1 2

 0 2 3

 0 1 2

 0 2 3

 0 1 2

 0 2 3

 0 1 2

 0 2 3

 0 1 2

 0 2 3

 0 1 2

 0 2 3

 0 1 2

 0 2 3

 0 1 2

 0 2 3

 0 1 2

 0 2 3

 0 1 2

 0 2 3

 0 1 2

 0 2 3

 0 1 2

 0 2 3

 0 1 2

 0 2 3

 0 1 2

 0 2 3

 0 1 2

 0 2 3

 0 1 2

 0 2 3

 0 1 2

 0 2 3

 0 1 2

 0 2 3

 0 1 2

 0 2 3

 0 1 2

 0 2 3

 0 1 2

 0 2 3

 0 1 2

 0 2 3

 0 1 2

 0 2 3

 0 1 2

 0 2 3

 0 1 2

 0 2 3

 0 1 2

 0 2 3

 0 1 2

 0 2 3

 0 1 2

 0 2 3

 0 1 2

 0 2 3

 0 1 2

 0 2 3

 0 1 2

 0 2 3

 0 1 2

 0 2 3

 0 1 2

 0 2 3

 0 1 2

 0 2 3

 0 1 2

 0 2 3

 0 1 2

 0 2 3

 0 1 2

 0 2 3

 0 1 2

 0 2 3

 0 1 2

 0 2 3

 0 1 2

 0 2 3

 0 1 2

 0 2 3

 0 1 2

 0 2 3

 0 1 2

 0 2 3

 0 1 2

 0 2 3

 0 1 2

 0 2 3

 0 1 2

 0 2 3

 0 1 2

 0 2 3

 0 1 2

 0 2 3

 0 1 2

 0 2 3

 0 1 2

 0 2 3

 0 1 2

 0 2 3

 0 1 2

 0 2 3

 0 1 2

 0 2 3

 0 1 2

 0 2 3

 0 1 2

 0 2 3

 0 1 2

 0 2 3

 0 1 2

 0 2 3

 0 1 2

 0 2 3

 0 1 2

 0 2 3

 0 1 2

 0 2 3

 0 1 2

 0 2 3

 0 1 2

 0 2 3

 0 1 2

 0 2 3

 0 1 2

 0 2 3

 0 1 2

 0 2 3

 0 1 2

 0 2 3

 0 1 2

 0 2 3

 0 1 2

 0 2 3

 0 1 2

 0 2 3

 0 1 2

 0 2 3

 0 1 2

 0 2 3

 0 1 2

 0 2 3

 0 1 2

 0 2 3

 0 1 2

 0 2 3

 0 1 2

 0 2 3

 0 1 2

 0 2 3

 0 1 2

 0 2 3

 0 1 2

 0 2 3

 0 1 2

 0 2 3

 0 1 2

 0 2 3

 0 1 2

 0 2 3

 0 1 2

 0 2 3

 0 1 2

 0 2 3

 0 1 2

 0 2 3

 0 1 2

 0 2 3

 0 1 2

 0 2 3

 0 1 2

 0 2 3

 0 1 2

 0 2 3

 0 1 2

 0 2 3

 0 1 2

 0 2 3

 0 1 2

 0 2 3

 0 1 2

 0 2 3

 0 1 2

 0 2 3

 0 1 2

 0 2 3

 0 1 2

 0 2 3

 0 1 2

 0 2 3

 0 1 2

 0 2 3

 0 1 2

 0 2 3

 0 1 2

 0 2 3

 0 1 2

 0 2 3

 0 1 2

 0 2 3

 0 1 2

 0 2 3

 0 1 2

 0 2 3

 0 1 2

 0 2 3

 0 1 2

 0 2 3

 0 1 2

 0 2 3

 0 1 2

 0 2 3

 0 1 2

 0 2 3

 0 1 2

 0 2 3

 0 1 2

 0 2 3

 0 1 2

 0 2 3

 0 1 2

 0 2 3

 0 1 2

 0 2 3

 0 1 2

 0 2 3

 0 1 2

 0 2 3

 0 1 2

 0 2 3

 0 1 2

 0 2 3

 0 1 2

 0 2 3

 0 1 2

 0 2 3

 0 1 2

 0 2 3

 0 1 2

 0 2 3

 0 1 2

 0 2 3

 0 1 2

 0 2 3

 0 1 2

 0 2 3

 0 1 2

 0 2 3

 0 1 2

 0 2 3

 0 1 2

 0 2 3

 0 1 2

 0 2 3

 0 1 2

 0 2 3

 0 1 2

 0 2 3

 0 1 2

 0 2 3

 0 1 2

 0 2 3

 0 1 2

 0 2 3

 0 1 2

 0 2 3

 0 1 2

 0 2 3

 0 1 2

 0 2 3

 0 1 2

 0 2 3

 0 1 2

 0 2 3

 0 1 2

 0 2 3

 0 1 2

 0 2 3

 0 1 2

 0 2 3

 0 1 2

 0 2 3

 0 1 2

 0 2 3

 0 1 2

 0 2 3

 0 1 2

 0 2 3

 0 1 2

 0 2 3

 0 1 2

 0 2 3

 0 1 2

 0 2 3

 0 1 2

 0 2 3

 0 1 2

 0 2 3

 0 1 2

 0 2 3

 0 1 2

 0 2 3

 0 1 2

 0 2 3

 0 1 2

 0 2 3

 0 1 2

 0 2 3

 0 1 2

 0 2 3

 0 1 2

 0 2 3

 0 1 2

 0 2 3

 0 1 2

 0 2 3

 0 1 2

 0 2 3

 0 1 2

 0 2 3

 0 1 2

 0 2 3

 0 1 2

 0 2 3

 0 1 2

 0 2 3

 0 1 2

 0 2 3

 0 1 2

 0 2 3

 0 1 2

 0 2 3

 0 1 2

 0 2 3

 0 1 2

 0 2 3

 0 1 2

 0 2 3

 0 1 2

 0 2 3

 0 1 2

 0 2 3

 0 1 2

 0 2 3

 0 1 2

 0 2 3

 0 1 2

 0 2 3

 0 1 2

 0 2 3

 0 1 2

 0 2 3

 0 1 2

 0 2 3

 0 1 2

 0 2 3

 0 1 2

 0 2 3

 0 1 2

 0 2 3

 0 1 2

 0 2 3

 0 1 2

 0 2 3

 0 1 2

 0 2 3

 0 1 2

 0 2 3

 0 1 2

 0 2 3

 0 1 2

 0 2 3

 0 1 2

 0 2 3

 0 1 2

 0 2 3

 0 1 2

 0 2 3

 0 1 2

 0 2 3

 0 1 2

 0 2 3

 0 1 2

 0 2 3

 0 1 2

 0 2 3

 0 1 2

 0 2 3

 0 1 2

 0 2 3

 0 1 2

 0 2 3

 0 1 2

 0 2 3

 0 1 2

 0 2 3

 0 1 2

 0 2 3

 0 1 2

 0 2 3

 0 1 2

 0 2 3

 0 1 2

 0 2 3

 0 1 2

 0 2 3

 0 1 2

 0 2 3

 0 1 2

 0 2 3

 0 1 2

 0 2 3

 0 1 2

 0 2 3

 0 1 2

 0 2 3

 0 1 2

 0 2 3

 0 1 2

 0 2 3

 0 1 2

 0 2 3

 0 1 2

 0 2 3

 0 1 2

 0 2 3

 0 1 2

 0 2 3

 0 1 2

 0 2 3

 0 1 2

 0 2 3

 0 1 2

 0 2 3

 0 1 2

 0 2 3

 0 1 2

 0 2 3

 0 1 2

 0 2 3

 0 1 2

 0 2 3

 0 1 2

 0 2 3

 0 1 2

 0 2 3

 0 1 2

 0 2 3

 0 1 2

 0 2 3

 0 1 2

 0 2 3

 0 1 2

 0 2 3

 0 1 2

 0 2 3

 0 1 2

 0 2 3

 0 1 2

 0 2 3

 0 1 2

 0 2 3

 0 1 2

 0 2 3

 0 1 2

 0 2 3

 0 1 2

 0 2 3

 0 1 2

 0 2 3

 0 1 2

 0 2 3

 0 1 2

 0 2 3

 0 1 2

 0 2 3

 0 1 2

 0 2 3

 0 1 2

 0 2 3

 0 1 2

 0 2 3

 0 1 2

 0 2 3

 0 1 2

 0 2 3

 0 1 2

 0 2 3

 0 1 2

 0 2 3

 0 1 2

 0 2 3

 0 1 2

 0 2 3

 0 1 2

 0 2 3

 0 1 2

 0 2 3

 0 1 2

 0 2 3

 0 1 2

 0 2 3

 0 1 2

 0 2 3

 0 1 2

 0 2 3

 0 1 2

 0 2 3

 0 1 2

 0 2 3

 0 1 2

 0 2 3

 0 1 2

 0 2 3

 0 1 2

 0 2 3

 0 1 2

 0 2 3

 0 1 2

 0 2 3

 0 1 2

 0 2 3

 0 1 2

 0 2 3

 0 1 2

 0 2 3

 0 1 2

 0 2 3

 0 1 2

 0 2 3

 0 1 2

 0 2 3

 0 1 2

 0 2 3

 0 1 2

 0 2 3

 0 1 2

 0 2 3

 0 1 2

 0 2 3

 0 1 2

 0 2 3

 0 1 2

 0 2 3

 0 1 2

 0 2 3

 0 1 2

 0 2 3

 0 1 2

 0 2 3

 0 1 2

 0 2 3

 0 1 2

 0 2 3

 0 1 2

 0 2 3

 0 1 2

 0 2 3

 0 1 2

 0 2 3

 0 1 2

 0 2 3

 0 1 2

 0 2 3

 0 1 2

 0 2 3

 0 1 2

 0 2 3

 0 1 2

 0 2 3

 0 1 2

 0 2 3

 0 1 2

 0 2 3

 0 1 2

 0 2 3

 0 1 2

 0 2 3

 0 1 2

 0 2 3

 0 1 2

 0 2 3

 0 1 2

 0 2 3

 0 1 2

 0 2 3

 0 1 2

 0 2 3

 0 1 2

 0 2 3

 0 1 2

 0 2 3

 0 1 2

 0 2 3

 0 1 2

 0 2 3

 0 1 2

 0 2 3

 0 1 2

 0 2 3

 0 1 2

 0 2 3

 0 1 2

 0 2 3

 0 1 2

 0 2 3

 0 1 2

 0 2 3

 0 1 2

 0 2 3

 0 1 2

 0 2 3

 0 1 2

 0 2 3

 0 1 2

 0 2 3

 0 1 2

 0 2 3

 0 1 2

 0 2 3

 0 1 2

 0 2 3

 0 1 2

 0 2 3

 0 1 2

 0 2 3

 0 1 2

 0 2 3

 0 1 2

 0 2 3

 0 1 2

 0 2 3

 0 1 2

 0 2 3

 0 1 2

 0 2 3

 0 1 2

 0 2 3

 0 1 2

 0 2 3

 0 1 2

 0 2 3

 0 1 2

 0 2 3

 0 1 2

 0 2 3

 0 1 2

 0 2 3

 0 1 2

 0 2 3

 0 1 2

 0 2 3

 0 1 2

 0 2 3

 0 1 2

 0 2 3

 0 1 2

 0 2 3

 0 1 2

 0 2 3

 0 1 2

 0 2 3

 0 1 2

 0 2 3

 0 1 2

 0 2 3

 0 1 2

 0 2 3

 0 1 2

 0 2 3

 0 1 2

 0 2 3

 0 1 2

 0 2 3

 0 1 2

 0 2 3

 0 1 2

 0 2 3

 0 1 2

 0 2 3

 0 1 2

 0 2 3

 0 1 2

 0 2 3

 0 1 2

 0 2 3

 0 1 2

 0 2 3

 0 1 2

 0 2 3

 0 1 2

 0 2 3

 0 1 2

 0 2 3

 0 1 2

 0 2 3

 0 1 2

 0 2 3

 0 1 2

 0 2 3

 0 1 2

 0 2 3

 0 1 2

 0 2 3

 0 1 2

 0 2 3

 0 1 2

 0 2 3

 0 1 2

 0 2 3

 0 1 2

 0 2 3

 0 1 2

 0 2 3

 0 1 2

 0 2 3

 0 1 2

 0 2 3

 0 1 2

 0 2 3

 0 1 2

 0 2 3

 0 1 2

 0 2 3

 0 1 2

 0 2 3

 0 1 2

 0 2 3

 0 1 2

 0 2 3

 0 1 2

 0 2 3

 0 1 2

 0 2 3

 0 1 2

 0 2 3

 0 1 2

 0 2 3

 0 1 2

 0 2 3

 0 1 2

 0 2 3

 0 1 2

 0 2 3

 0 1 2

 0 2 3

 0 1 2

 0 2 3

 0 1 2

 0 2 3

 0 1 2

 0 2 3

 0 1 2

 0 2 3

 0 1 2

 0 2 3

 0 1 2

 0 2 3

 0 1 2

 0 2 3

 0 1 2

 0 2 3

 0 1 2

 0 2 3

 0 1 2

 0 2 3

 0 1 2

 0 2 3

 0 1 2

 0 2 3

 0 1 2

 0 2 3

 0 1 2

 0 2 3

 0 1 2

 0 2 3

 0 1 2

 0 2 3

 0 1 2

 0 2 3

 0 1 2

 0 2 3

 0 1 2

 0 2 3

 0 1 2

 0 2 3

 0 1 2

 0 2 3

 0 1 2

 0 2 3

 0 1 2

 0 2 3

 0 1 2

 0 2 3

 0 1 2

 0 2 3

 0 1 2

 0 2 3

 0 1 2

 0 2 3

 0 1 2

 0 2 3

 0 1 2

 0 2 3

 0 1 2

 0 2 3

 0 1 2

 0 2 3

 0 1 2

 0 2 3

 0 1 2

 0 2 3

 0 1 2

 0 2 3

 0 1 2

 0 2 3

 0 1 2

 0 2 3

 0 1 2

 0 2 3

 0 1 2

 0 2 3

 0 1 2

 0 2 3

 0 1 2

 0 2 3

 0 1 2

 0 2 3

 0 1 2

 0 2 3

 0 1 2

 0 2 3

 0 1 2

 0 2 3

 0 1 2

 0 2 3

 0 1 2

 0 2 3

 0 1 2

 0 2 3

 0 1 2

 0 2 3

 0 1 2

 0 2 3

 0 1 2

 0 2 3

 0 1 2

 0 2 3

 0 1 2

 0 2 3

 0 1 2

 0 2 3

 0 1 2

 0 2 3

 0 1 2

 0 2 3

 0 1 2

 0 2 3

 0 1 2

 0 2 3

 0 1 2

 0 2 3

 0 1 2

 0 2 3

 0 1 2

 0 2 3

 0 1 2

 0 2 3

 0 1 2

 0 2 3

 0 1 2

 0 2 3

 0 1 2

 0 2 3

 0 1 2

 0 2 3

 0 1 2

 0 2 3

 0 1 2

 0 2 3

 0 1 2

 0 2 3

 0 1 2

 0 2 3

 0 1 2

 0 2 3

 0 1 2

 0 2 3

 0 1 2

 0 2 3

 0 1 2

 0 2 3

 0 1 2

 0 2 3

 0 1 2

 0 2 3

 0 1 2

 0 2 3

 0 1 2

 0 2 3

 0 1 2

 0 2 3

 0 1 2

 0 2 3

 0 1 2

 0 2 3

 0 1 2

 0 2 3

 0 1 2

 0 2 3

 0 1 2

 0 2 3

 0 1 2

 0 2 3

 0 1 2

 0 2 3

 0 1 2

 0 2 3

 0 1 2

 0 2 3

 0 1 2

 0 2 3

 0 1 2

 0 2 3

 0 1 2

 0 2 3

 0 1 2

 0 2 3

 0 1 2

 0 2 3

 0 1 2

 0 2 3

 0 1 2

 0 2 3

 0 1 2

 0 2 3

 0 1 2

 0 2 3

 0 1 2

 0 2 3

 0 1 2

 0 2 3

 0 1 2

 0 2 3

 0 1 2

 0 2 3

 0 1 2

 0 2 3

 0 1 2

 0 2 3

 0 1 2

 0 2 3

 0 1 2

 0 2 3

 0 1 2

 0 2 3

 0 1 2

 0 2 3

 0 1 2

 0 2 3

 0 1 2

 0 2 3

 0 1 2

 0 2 3

 0 1 2

 0 2 3

 0 1 2

 0 2 3

 0 1 2

 0 2 3

 0 1 2

 0 2 3

 0 1 2

 0 2 3

 0 1 2

 0 2 3

 0 1 2

 0 2 3

 0 1 2

 0 2 3

 0 1 2

 0 2 3

 0 1 2

 0 2 3

 0 1 2

 0 2 3

 0 1 2

 0 2 3

 0 1 2

 0 2 3

 0 1 2

 0 2 3

 0 1 2

 0 2 3

 0 1 2

 0 2 3

 0 1 2

 0 2 3

 0 1 2

 0 2 3

 0 1 2

 0 2 3

 0 1 2

 0 2 3

 0 1 2

 0 2 3

 0 1 2

 0 2 3

 0 1 2

 0 2 3

 0 1 2

 0 2 3

 0 1 2

 0 2 3

 0 1 2

 0 2 3

 0 1 2

 0 2 3

 0 1 2

 0 2 3

 0 1 2

 0 2 3

 0 1 2

 0 2 3

 0 1 2

 0 2 3

 0 1 2

 0 2 3

 0 1 2

 0 2 3

 0 1 2

 0 2 3

 0 1 2

 0 2 3

 0 1 2

 0 2 3

 0 1 2

 0 2 3

 0 1 2

 0 2 3

 0 1 2

 0 2 3

 0 1 2

 0 2 3

 0 1 2

 0 2 3

 0 1 2

 0 2 3

 0 1 2

 0 2 3

 0 1 2

 0 2 3

 0 1 2

 0 2 3

 0 1 2

 0 2 3

 0 1 2

 0 2 3

 0 1 2

 0 2 3

 0 1 2

 0 2 3

 0 1 2

 0 2 3

 0 1 2

 0 2 3

 0 1 2

 0 2 3

 0 1 2

 0 2 3

 0 1 2

 0 2 3

 0 1 2

 0 2 3

 0 1 2

 0 2 3

 0 1 2

 0 2 3

 0 1 2

 0 2 3

 0 1 2

 0 2 3

 0 1 2

 0 2 3

 0 1 2

 0 2 3

 0 1 2

 0 2 3

 0 1 2

 0 2 3

 0 1 2

 0 2 3

 0 1 2

 0 2 3

 0 1 2

 0 2 3

 0 1 2

 0 2 3

 0 1 2

 0 2 3

 0 1 2

 0 2 3

 0 1 2

 0 2 3

 0 1 2

 0 2 3

 0 1 2

 0 2 3

 0 1 2

 0 2 3

 0 1 2

 0 2 3

 0 1 2

 0 2 3

 0 1 2

 0 2 3

 0 1 2

 0 2 3

 0 1 2

 0 2 3

 0 1 2

 0 2 3

 0 1 2

 0 2 3

 0 1 2

 0 2 3

 0 1 2

 0 2 3

 0 1 2

 0 2 3

 0 1 2

 0 2 3

 0 1 2

 0 2 3

 0 1 2

 0 2 3

 0 1 2

 0 2 3

 0 1 2

 0 2 3

 0 1 2

 0 2 3

 0 1 2

 0 2 3

 0 1 2

 0 2 3

 0 1 2

 0 2 3

 0 1 2

 0 2 3

 0 1 2

 0 2 3

 0 1 2

 0 2 3

 0 1 2

 0 2 3

 0 1 2

 0 2 3

 0 1 2

 0 2 3

 0 1 2

 0 2 3

 0 1 2

 0 2 3

 0 1 2

 0 2 3

 0 1 2

 0 2 3

 0 1 2

 0 2 3

 0 1 2

 0 2 3

 0 1 2

 0 2 3

 0 1 2

 0 2 3

 0 1 2

 0 2 3

 0 1 2

 0 2 3

 0 1 2

 0 2 3

 0 1 2

 0 2 3

 0 1 2

 0 2 3

 0 1 2

 0 2 3

 0 1 2

 0 2 3

 0 1 2

 0 2 3

 0 1 2

 0 2 3

 0 1 2

 0 2 3

 0 1 2

 0 2 3

 0 1 2

 0 2 3

 0 1 2

 0 2 3

 0 1 2

 0 2 3

 0 1 2

 0 2 3

 0 1 2

 0 2 3

 0 1 2

 0 2 3

 0 1 2

 0 2 3

 0 1 2

 0 2 3

 0 1 2

 0 2 3

 0 1 2

 0 2 3

 0 1 2

 0 2 3

 0 1 2

 0 2 3

 0 1 2

 0 2 3

 0 1 2

 0 2 3

 0 1 2

 0 2 3

 0 1 2

 0 2 3

 0 1 2

 0 2 3

 0 1 2

 0 2 3

 0 1 2

 0 2 3

 0 1 2

 0 2 3

 0 1 2

 0 2 3

 0 1 2

 0 2 3

 0 1 2

 0 2 3

 0 1 2

 0 2 3

 0 1 2

 0 2 3

 0 1 2

 0 2 3

 24 25 26

 24 26 27

 24 25 26

 24 26 27

 24 25 26

 24 26 27

 24 25 26

 24 26 27

 24 25 26

 24 26 27

 24 25 26

 24 26 27

 24 25 26

 24 26 27

 24 25 26

 24 26 27

 24 25 26

 24 26 27

 24 25 26

 24 26 27

 24 25 26

 24 26 27

 24 25 26

 24 26 27

 24 25 26

 24 26 27

 24 25 26

 24 26 27

 24 25 26

 24 26 27

 24 25 26

 24 26 27

 24 25 26

 24 26 27

 24 25 26

 24 26 27

 24 25 26

 24 26 27

 24 25 26

 24 26 27

 24 25 26

 24 26 27

 24 25 26

 24 26 27

 24 25 26

 24 26 27

 24 25 26

 24 26 27

 24 25 26

 24 26 27

 24 25 26

 24 26 27

 24 25 26

 24 26 27

 24 25 26

 24 26 27

 24 25 26

 24 26 27

 24 25 26

 24 26 27

 24 25 26

 24 26 27

 24 25 26

 24 26 27

 24 25 26

 24 26 27

 24 25 26

 24 26 27

 24 25 26

 24 26 27

 24 25 26

 24 26 27

 24 25 26

 24 26 27

 24 25 26

 24 26 27

 24 25 26

 24 26 27

 24 25 26

 24 26 27

 24 25 26

 24 26 27

 24 25 26

 24 26 27

 24 25 26

 24 26 27

 24 25 26

 24 26 27

 24 25 26

 24 26 27

 24 25 26

 24 26 27

 24 25 26

 24 26 27

 24 25 26

 24 26 27

 24 25 26

 24 26 27

 24 25 26

 24 26 27

 24 25 26

 24 26 27

 24 25 26

 24 26 27

 24 25 26

 24 26 27

 24 25 26

 24 26 27

 24 25 26

 24 26 27

 24 25 26

 24 26 27

 24 25 26

 24 26 27

 24 25 26

 24 26 27

 24 25 26

 24 26 27

 24 25 26

 24 26 27

 24 25 26

 24 26 27

 24 25 26

 24 26 27

 24 25 26

 24 26 27

 24 25 26

 24 26 27

 24 25 26

 24 26 27

 24 25 26

 24 26 27

 24 25 26

 24 26 27

 24 25 26

 24 26 27

 24 25 26

 24 26 27

 24 25 26

 24 26 27

 24 25 26

 24 26 27

 24 25 26

 24 26 27

 24 25 26

 24 26 27

 24 25 26

 24 26 27

 24 25 26

 24 26 27

 24 25 26

 24 26 27

 24 25 26

 24 26 27

 24 25 26

 24 26 27

 24 25 26

 24 26 27

 24 25 26

 24 26 27

 24 25 26

 24 26 27

 24 25 26

 24 26 27

 24 25 26

 24 26 27

 24 25 26

 24 26 27

 24 25 26

 24 26 27

 24 25 26

 24 26 27

 24 25 26

 24 26 27

 24 25 26

 24 26 27

 24 25 26

 24 26 27

 24 25 26

 24 26 27

 24 25 26

 24 26 27

 24 25 26

 24 26 27

 24 25 26

 24 26 27

 24 25 26

 24 26 27

 24 25 26

 24 26 27

 24 25 26

 24 26 27

 24 25 26

 24 26 27

 24 25 26

 24 26 27

 24 25 26

 24 26 27

 24 25 26

 24 26 27

 24 25 26

 24 26 27

 24 25 26

 24 26 27

 24 25 26

 24 26 27

 24 25 26

 24 26 27

 24 25 26

 24 26 27

 24 25 26

 24 26 27

 24 25 26

 24 26 27

 24 25 26

 24 26 27

 24 25 26

 24 26 27

 24 25 26

 24 26 27

 24 25 26

 24 26 27

 24 25 26

 24 26 27

 24 25 26

 24 26 27

 24 25 26

 24 26 27

 24 25 26

 24 26 27

 24 25 26

 24 26 27

 24 25 26

 24 26 27

 24 25 26

 24 26 27

 24 25 26

 24 26 27

 24 25 26

 24 26 27

 24 25 26

 24 26 27

 24 25 26

 24 26 27

 24 25 26

 24 26 27

 24 25 26

 24 26 27

 24 25 26

 24 26 27

 24 25 26

 24 26 27

 24 25 26

 24 26 27

 24 25 26

 24 26 27

 24 25 26

 24 26 27

 24 25 26

 24 26 27

 24 25 26

 24 26 27

 24 25 26

 24 26 27

 24 25 26

 24 26 27

 24 25 26

 24 26 27

 24 25 26

 24 26 27

 24 25 26

 24 26 27

 24 25 26

 24 26 27

 24 25 26

 24 26 27

 24 25 26

 24 26 27

 24 25 26

 24 26 27

 24 25 26

 24 26 27

 24 25 26

 24 26 27

 24 25 26

 24 26 27

 24 25 26

 24 26 27

 24 25 26

 24 26 27

 24 25 26

 24 26 27

 24 25 26

 24 26 27

 24 25 26

 24 26 27

 24 25 26

 24 26 27

 24 25 26

 24 26 27

 24 25 26

 24 26 27

 24 25 26

 24 26 27

 24 25 26

 24 26 27

 24 25 26

 24 26 27

 24 25 26

 24 26 27

 24 25 26

 24 26 27

 24 25 26

 24 26 27

 24 25 26

 24 26 27

 24 25 26

 24 26 27

 24 25 26

 24 26 27

 24 25 26

 24 26 27

 24 25 26

 24 26 27

 24 25 26

 24 26 27

 24 25 26

 24 26 27

 24 25 26

 24 26 27

 24 25 26

 24 26 27

 24 25 26

 24 26 27

 24 25 26

 24 26 27

 24 25 26

 24 26 27

 24 25 26

 24 26 27

 24 25 26

 24 26 27

 24 25 26

 24 26 27

 24 25 26

 24 26 27

 24 25 26

 24 26 27

 24 25 26

 24 26 27

 24 25 26

 24 26 27

 24 25 26

 24 26 27

 24 25 26

 24 26 27

 24 25 26

 24 26 27

 24 25 26

 24 26 27

 24 25 26

 24 26 27

 24 25 26

 24 26 27

 24 25 26

 24 26 27

 24 25 26

 24 26 27

 24 25 26

 24 26 27

 24 25 26

 24 26 27

 24 25 26

 24 26 27

 24 25 26

 24 26 27

 24 25 26

 24 26 27

 24 25 26

 24 26 27

 24 25 26

 24 26 27

 24 25 26

 24 26 27

 24 25 26

 24 26 27

 24 25 26

 24 26 27

 24 25 26

 24 26 27

 24 25 26

 24 26 27

 24 25 26

 24 26 27

 24 25 26

 24 26 27

 24 25 26

 24 26 27

 24 25 26

 24 26 27

 24 25 26

 24 26 27

 24 25 26

 24 26 27

 24 25 26

 24 26 27

 24 25 26

 24 26 27

 24 25 26

 24 26 27

 24 25 26

 24 26 27

 24 25 26

 24 26 27

 24 25 26

 24 26 27

 24 25 26

 24 26 27

 24 25 26

 24 26 27

 24 25 26

 24 26 27

 24 25 26

 24 26 27

 24 25 26

 24 26 27

 24 25 26

 24 26 27

 24 25 26

 24 26 27

 24 25 26

 24 26 27

 24 25 26

 24 26 27

 24 25 26

 24 26 27

 24 25 26

 24 26 27

 24 25 26

 24 26 27

 24 25 26

 24 26 27

 24 25 26

 24 26 27

 24 25 26

 24 26 27

 24 25 26

 24 26 27

 24 25 26

 24 26 27

 24 25 26

 24 26 27

 24 25 26

 24 26 27

 24 25 26

 24 26 27

 24 25 26

 24 26 27

 24 25 26

 24 26 27

 24 25 26

 24 26 27

 24 25 26

 24 26 27

 24 25 26

 24 26 27

 24 25 26

 24 26 27

 24 25 26

 24 26 27

 24 25 26

 24 26 27

 24 25 26

 24 26 27

 24 25 26

 24 26 27

 24 25 26

 24 26 27

 24 25 26

 24 26 27

 24 25 26

 24 26 27

 24 25 26

 24 26 27

 24 25 26

 24 26 27

 24 25 26

 24 26 27

 24 25 26

 24 26 27

 24 25 26

 24 26 27

 24 25 26

 24 26 27

 24 25 26

 24 26 27

 24 25 26

 24 26 27

 24 25 26

 24 26 27

 24 25 26

 24 26 27

 24 25 26

 24 26 27

 24 25 26

 24 26 27

 24 25 26

 24 26 27

 24 25 26

 24 26 27

 24 25 26

 24 26 27

 24 25 26

 24 26 27

 24 25 26

 24 26 27

 24 25 26

 24 26 27

 24 25 26

 24 26 27

 24 25 26

 24 26 27

 24 25 26

 24 26 27

 24 25 26

 24 26 27

 24 25 26

 24 26 27

 24 25 26

 24 26 27

 24 25 26

 24 26 27

 24 25 26

 24 26 27

 24 25 26

 24 26 27

 24 25 26

 24 26 27

 24 25 26

 24 26 27

 24 25 26

 24 26 27

 24 25 26

 24 26 27

 24 25 26

 24 26 27

 24 25 26

 24 26 27

 24 25 26

 24 26 27

 24 25 26

 24 26 27

 24 25 26

 24 26 27

 24 25 26

 24 26 27

 24 25 26

 24 26 27

 24 25 26

 24 26 27

 24 25 26

 24 26 27

 24 25 26

 24 26 27

 24 25 26

 24 26 27

 24 25 26

 24 26 27

 24 25 26

 24 26 27

 24 25 26

 24 26 27

 24 25 26

 24 26 27

 24 25 26

 24 26 27

 24 25 26

 24 26 27

 24 25 26

 24 26 27

 24 25 26

 24 26 27

 24 25 26

 24 26 27

 24 25 26

 24 26 27

 24 25 26

 24 26 27

 24 25 26

 24 26 27

 24 25 26

 24 26 27

 24 25 26

 24 26 27

 24 25 26

 24 26 27

 24 25 26

 24 26 27

 24 25 26

 24 26 27

 24 25 26

 24 26 27

 24 25 26

 24 26 27

 24 25 26

 24 26 27

 24 25 26

 24 26 27

 24 25 26

 24 26 27

 24 25 26

 24 26 27

 24 25 26

 24 26 27

 24 25 26

 24 26 27

 24 25 26

 24 26 27

 24 25 26

 24 26 27

 24 25 26

 24 26 27

 24 25 26

 24 26 27

 24 25 26

 24 26 27

 24 25 26

 24 26 27

 24 25 26

 24 26 27

 24 25 26

 24 26 27

 24 25 26

 24 26 27

 24 25 26

 24 26 27

 24 25 26

 24 26 27

 24 25 26

 24 26 27

 24 25 26

 24 26 27

 24 25 26

 24 26 27

 24 25 26

 24 26 27

 24 25 26

 24 26 27

 24 25 26

 24 26 27

 24 25 26

 24 26 27

 24 25 26

 24 26 27

 24 25 26

 24 26 27

 24 25 26

 24 26 27

 24 25 26

 24 26 27

 24 25 26

 24 26 27

 24 25 26

 24 26 27

 24 25 26

 24 26 27

 24 25 26

 24 26 27

 24 25 26

 24 26 27

 24 25 26

 24 26 27

 24 25 26

 24 26 27

 24 25 26

 24 26 27

 24 25 26

 24 26 27

 24 25 26

 24 26 27

 24 25 26

 24 26 27

 24 25 26

 24 26 27

 24 25 26

 24 26 27

 24 25 26

 24 26 27

 24 25 26

 24 26 27

 24 25 26

 24 26 27

 24 25 26

 24 26 27

 24 25 26

 24 26 27

 24 25 26

 24 26 27

 24 25 26

 24 26 27

 24 25 26

 24 26 27

 24 25 26

 24 26 27

 24 25 26

 24 26 27

 24 25 26

 24 26 27

 24 25 26

 24 26 27

 24 25 26

 24 26 27

 24 25 26

 24 26 27

 24 25 26

 24 26 27

 24 25 26

 24 26 27

 24 25 26

 24 26 27

 24 25 26

 24 26 27

 24 25 26

 24 26 27

 24 25 26

 24 26 27

 24 25 26

 24 26 27

 24 25 26

 24 26 27

 24 25 26

 24 26 27

 24 25 26

 24 26 27

 24 25 26

 24 26 27

 24 25 26

 24 26 27

 24 25 26

 24 26 27

 24 25 26

 24 26 27

 24 25 26

 24 26 27

 24 25 26

 24 26 27

 24 25 26

 24 26 27

 24 25 26

 24 26 27

 24 25 26

 24 26 27

 24 25 26

 24 26 27

 24 25 26

 24 26 27

 24 25 26

 24 26 27

 24 25 26

 24 26 27

 24 25 26

 24 26 27

 24 25 26

 24 26 27

 24 25 26

 24 26 27

 24 25 26

 24 26 27

 24 25 26

 24 26 27

 24 25 26

 24 26 27

 24 25 26

 24 26 27

 24 25 26

 24 26 27

 24 25 26

 24 26 27

 24 25 26

 24 26 27

 24 25 26

 24 26 27

 24 25 26

 24 26 27

 24 25 26

 24 26 27

 24 25 26

 24 26 27

 24 25 26

 24 26 27

 24 25 26

 24 26 27

 24 25 26

 24 26 27

 24 25 26

 24 26 27

 24 25 26

 24 26 27

 24 25 26

 24 26 27

 24 25 26

 24 26 27

 24 25 26

 24 26 27

 24 25 26

 24 26 27

 24 25 26

 24 26 27

 24 25 26

 24 26 27

 24 25 26

 24 26 27

 24 25 26

 24 26 27

 24 25 26

 24 26 27

 24 25 26

 24 26 27

 24 25 26

 24 26 27

 24 25 26

 24 26 27

 24 25 26

 24 26 27

 24 25 26

 24 26 27

 24 25 26

 24 26 27

 24 25 26

 24 26 27

 24 25 26

 24 26 27

 24 25 26

 24 26 27

 24 25 26

 24 26 27

 24 25 26

 24 26 27

 24 25 26

 24 26 27

 24 25 26

 24 26 27

 24 25 26

 24 26 27

 24 25 26

 24 26 27

 24 25 26

 24 26 27

 24 25 26

 24 26 27

 24 25 26

 24 26 27

 24 25 26

 24 26 27

 24 25 26

 24 26 27

 24 25 26

 24 26 27

 24 25 26

 24 26 27

 24 25 26

 24 26 27

 24 25 26

 24 26 27

 24 25 26

 24 26 27

 24 25 26

 24 26 27

 24 25 26

 24 26 27

 24 25 26

 24 26 27

 24 25 26

 24 26 27

 24 25 26

 24 26 27

 24 25 26

 24 26 27

 24 25 26

 24 26 27

 24 25 26

 24 26 27

 24 25 26

 24 26 27

 24 25 26

 24 26 27

 24 25 26

 24 26 27

 24 25 26

 24 26 27

 24 25 26

 24 26 27

 24 25 26

 24 26 27

 24 25 26

 24 26 27

 24 25 26

 24 26 27

 24 25 26

 24 26 27

 24 25 26

 24 26 27

 24 25 26

 24 26 27

 24 25 26

 24 26 27

 24 25 26

 24 26 27

 24 25 26

 24 26 27

 24 25 26

 24 26 27

 24 25 26

 24 26 27

 24 25 26

 24 26 27

 24 25 26

 24 26 27

 24 25 26

 24 26 27

 24 25 26

 24 26 27

 24 25 26

 24 26 27

 24 25 26

 24 26 27

 24 25 26

 24 26 27

 24 25 26

 24 26 27

 24 25 26

 24 26 27

 24 25 26

 24 26 27

 24 25 26

 24 26 27

 24 25 26

 24 26 27

 24 25 26

 24 26 27

 24 25 26

 24 26 27

 24 25 26

 24 26 27

 24 25 26

 24 26 27

 24 25 26

 24 26 27

 24 25 26

 24 26 27

 24 25 26

 24 26 27

 24 25 26

 24 26 27

 24 25 26

 24 26 27

 24 25 26

 24 26 27

 24 25 26

 24 26 27

 24 25 26

 24 26 27

 24 25 26

 24 26 27

 24 25 26

 24 26 27

 24 25 26

 24 26 27

 24 25 26

 24 26 27

 24 25 26

 24 26 27

 24 25 26

 24 26 27

 24 25 26

 24 26 27

 24 25 26

 24 26 27

 24 25 26

 24 26 27

 24 25 26

 24 26 27

 24 25 26

 24 26 27

 24 25 26

 24 26 27

 24 25 26

 24 26 27

 24 25 26

 24 26 27

 24 25 26

 24 26 27

 24 25 26

 24 26 27

 24 25 26

 24 26 27

 24 25 26

 24 26 27

 24 25 26

 24 26 27

 24 25 26

 24 26 27

 24 25 26

 24 26 27

 24 25 26

 24 26 27

 24 25 26

 24 26 27

 24 25 26

 24 26 27

 24 25 26

 24 26 27

 24 25 26

 24 26 27

 24 25 26

 24 26 27

 24 25 26

 24 26 27

 24 25 26

 24 26 27

 24 25 26

 24 26 27

 24 25 26

 24 26 27

 24 25 26

 24 26 27

 24 25 26

 24 26 27

 24 25 26

 24 26 27

 24 25 26

 24 26 27

 24 25 26

 24 26 27

 24 25 26

 24 26 27

 24 25 26

 24 26 27

 24 25 26

 24 26 27

 24 25 26

 24 26 27

 24 25 26

 24 26 27

 24 25 26

 24 26 27

 24 25 26

 24 26 27

 24 25 26

 24 26 27

 24 25 26

 24 26 27

 24 25 26

 24 26 27

 24 25 26

 24 26 27

 24 25 26

 24 26 27

 24 25 26

 24 26 27

 24 25 26

 24 26 27

 24 25 26

 24 26 27

 24 25 26

 24 26 27

 24 25 26

 24 26 27

 24 25 26

 24 26 27

 24 25 26

 24 26 27

 24 25 26

 24 26 27

 24 25 26

 24 26 27

 24 25 26

 24 26 27

 24 25 26

 24 26 27

 24 25 26

 24 26 27

 24 25 26

 24 26 27

 24 25 26

 24 26 27

 24 25 26

 24 26 27

 24 25 26

 24 26 27

 24 25 26

 24 26 27

 24 25 26

 24 26 27

 24 25 26

 24 26 27

 24 25 26

 24 26 27

 24 25 26

 24 26 27

 24 25 26

 24 26 27

 24 25 26

 24 26 27

 28 29 30

 28 30 31

 28 29 30

 28 30 31

 28 29 30

 28 30 31

 28 29 30

 28 30 31

 28 29 30

 28 30 31

 28 29 30

 28 30 31

 28 29 30

 28 30 31

 28 29 30

 28 30 31

 28 29 30

 28 30 31

 28 29 30

 28 30 31

 32 1 33

 32 33 3

 5 22 23

 5 23 4

 5 22 23

 5 23 4

 5 22 23

 5 23 4

 5 22 23

 5 23 4

 34 35 36

 34 36 37

 38 39 40

 38 40 41

 39 34 37

 39 37 40

 5 22 23

 5 23 4

 5 22 23

 5 23 4

 5 22 23

 5 23 4

 5 22 23

 5 23 4

 5 22 23

 5 23 4

 40 37 42

 40 42 43

 5 22 23

 5 23 4

 4 1 0

 4 0 5

 1 0 4

 4 2 1

 2 1 4

 5 4 2

 4 3 2

 5 4 3

 4 3 2

 5 4 0

 4 1 0

 4 1 0

 5 5 3

palette:

 115 115 115 255

 109 109 109 255

 127 127 127 255

 112 112 112 255

 108 108 108 255

 128 128 128 255

 119 119 119 255

 125 125 125 255

 149 149 149 255

 114 114 114 255

 130 130 130 255

 107 107 107 255

 111 111 111 255

 124 124 124 255

 105 105 105 255

 122 122 122 255

 138 138 138 255

 121 121 121 255

 100 100 100 255

 99 99 99 255

 103 103 103 255

 133 133 133 255

 97 97 97 255

 101 101 101 255

 104 104 104 255

 118 118 118 255

 131 131 131 255

 96 96 96 255

 134 134 134 255

 116 116 116 255

 95 95 95 255

 87 87 87 255

 93 93 93 255

 92 92 92 255

 91 91 91 255

 90 90 90 255

 86 86 86 255

 85 85 85 255

 147 147 147 255

 84 84 84 255

 88 88 88 255

 170 170 170 255

 184 184 184 255

 146 146 146 255

 166 166 166 255

 163 163 163 255

 181 181 181 255

 139 139 139 255

 164 164 164 255

 152 152 152 255

 183 183 183 255

 151 151 151 255

 179 179 179 255

 81 81 81 255

 82 82 82 255

 171 171 171 255

 161 161 161 255

 136 136 136 255

 168 168 168 255

 175 175 175 255

 173 173 173 255

 177 177 177 255

 70 82 84 255

 70 78 78 255

 79 95 91 255

 70 85 86 255

 79 79 79 255

 77 77 77 255

 72 72 72 255

 78 78 78 255

 159 159 159 255

 154 154 154 255

 76 76 76 255

 73 73 73 255

 70 70 70 255

 142 142 142 255

 71 71 71 255

 156 156 156 255

 141 141 141 255

 70 82 82 255

 144 144 144 255

 74 74 74 255

color:

 0 1 2

 0 2 2

 3 4 5

 3 5 5

 6 7 8

 6 8 2

 9 3 7

 9 7 10

 11 12 13

 11 13 2

 4 12 6

 4 6 7

 14 12 13

 14 13 5

 14 12 2

 14 2 7

 0 15 16

 0 16 2

 0 4 17

 0 17 2

 1 11 3

 1 3 13

 18 19 20

 18 20 11

 18 19 20

 18 20 19

 12 2 21

 12 21 11

 9 4 0

 9 0 6

 18 20 22

 18 22 11

 23 19 18

 23 18 23

 18 23 18

 18 18 23

 23 23 18

 23 18 24

 22 14 22

 22 22 24

 19 1 0

 19 0 1

 9 13 16

 9 16 6

 0 14 13

 0 13 13

 4 20 9

 4 9 17

 24 22 23

 24 23 24

 18 19 23

 18 23 18

 18 23 23

 18 23 18

 23 19 18

 23 18 20

 4 13 2

 4 2 1

 25 11 10

 25 10 13

 12 1 15

 12 15 13

 11 11 12

 11 12 15

 19 24 18

 19 18 4

 18 18 18

 18 18 23

 23 19 18

 23 18 23

 23 23 23

 23 23 18

 23 19 19

 23 19 23

 18 23 22

 18 22 20

 23 20 18

 23 18 24

 4 15 13

 4 13 11

 0 20 6

 0 6 6

 14 18 23

 14 23 24

 24 19 24

 24 24 19

 20 18 23

 20 23 19

 20 23 23

 20 23 18

 23 23 23

 23 23 23

 19 14 23

 19 23 23

 0 2 26

 0 26 11

 0 12 10

 0 10 2

 1 14 17

 1 17 7

 11 24 0

 11 0 6

 23 19 20

 23 20 20

 18 18 23

 18 23 23

 23 20 19

 23 19 20

 19 20 19

 19 19 20

 18 18 23

 18 23 20

 23 18 23

 23 23 19

 23 18 23

 23 23 23

 18 19 20

 18 20 23

 18 18 23

 18 23 23

 18 18 18

 18 18 23

 23 11 12

 23 12 24

 12 11 15

 12 15 6

 4 4 13

 4 13 13

 3 14 7

 3 7 2

 1 4 13

 1 13 13

 11 12 13

 11 13 5

 11 1 15

 11 15 7

 11 1 17

 11 17 13

 1 24 9

 1 9 6

 20 22 14

 20 14 20

 24 27 24

 24 24 22

 14 19 24

 14 24 22

 18 23 18

 18 18 22

 23 19 23

 23 23 23

 23 4 19

 23 19 18

 12 13 9

 12 9 4

 25 4 10

 25 10 21

 11 1 5

 11 5 2

 9 15 28

 9 28 5

 0 11 15

 0 15 2

 14 14 12

 14 12 17

 18 23 18

 18 18 11

 23 23 18

 23 18 23

 18 23 23

 18 23 20

 23 18 23

 23 23 20

 18 23 18

 18 18 18

 23 20 19

 23 19 23

 19 23 22

 19 22 23

 23 23 18

 23 18 23

 18 20 23

 18 23 19

 18 23 18

 18 18 20

 20 19 23

 20 23 18

 23 20 23

 23 23 18

 18 19 18

 18 18 18

 23 18 20

 23 20 23

 23 19 23

 23 23 18

 23 23 20

 23 20 18

 19 18 20

 19 20 18

 18 18 18

 18 18 19

 18 18 20

 18 20 23

 20 19 18

 20 18 23

 23 19 23

 23 23 23

 23 23 23

 23 23 23

 23 23 24

 23 24 23

 23 22 14

 23 14 22

 23 11 23

 23 23 22

 4 1 19

 4 19 23

 19 18 23

 19 23 23

 1 13 9

 1 9 14

 4 18 19

 4 19 1

 19 23 18

 19 18 18

 23 4 3

 23 3 4

 24 14 13

 24 13 17

 1 20 7

 1 7 6

 9 24 9

 9 9 6

 20 18 23

 20 23 11

 24 18 20

 24 20 23

 20 19 23

 20 23 18

 23 23 19

 23 19 23

 19 23 18

 19 18 23

 23 19 23

 23 23 18

 20 23 23

 20 23 23

 27 24 22

 27 22 20

 22 23 22

 22 22 24

 23 23 23

 23 23 20

 19 20 19

 19 19 23

 27 23 18

 27 18 20

 18 18 23

 18 23 18

 18 23 23

 18 23 23

 18 19 20

 18 20 18

 20 19 20

 20 20 18

 23 18 18

 23 18 23

 18 20 19

 18 19 23

 18 20 19

 18 19 23

 23 20 23

 23 23 20

 18 19 23

 18 23 18

 23 22 20

 23 20 19

 20 19 24

 20 24 22

 23 23 18

 23 18 18

 19 23 18

 19 18 23

 20 23 23

 20 23 19

 3 13 12

 3 12 14

 1 18 18

 1 18 11

 4 6 25

 4 25 14

 0 11 18

 0 18 4

 4 14 23

 4 23 18

 23 19 23

 23 23 23

 20 20 23

 20 23 23

 23 23 24

 23 24 18

 18 18 23

 18 23 19

 20 22 20

 20 20 19

 24 22 20

 24 20 22

 20 19 23

 20 23 27

 18 20 19

 18 19 20

 19 18 23

 19 23 23

 18 19 18

 18 18 18

 23 19 18

 23 18 23

 23 24 19

 23 19 23

 18 20 19

 18 19 20

 20 19 23

 20 23 18

 23 23 18

 23 18 18

 18 23 23

 18 23 23

 20 23 23

 20 23 23

 23 18 19

 23 19 20

 18 23 23

 18 23 18

 18 18 23

 18 23 18

 23 23 23

 23 23 23

 23 18 23

 23 23 20

 18 18 18

 18 18 18

 20 14 18

 20 18 23

 1 24 20

 1 20 18

 20 19 20

 20 20 18

 23 19 18

 23 18 18

 22 19 18

 22 18 23

 18 19 24

 18 24 23

 23 18 23

 23 23 18

 18 14 3

 18 3 11

 12 11 3

 12 3 15

 23 18 23

 23 23 14

 14 20 0

 14 0 24

 0 29 5

 0 5 0

 25 11 20

 25 20 20

 1 11 18

 1 18 19

 14 3 19

 14 19 20

 24 4 19

 24 19 20

 18 18 23

 18 23 20

 18 18 20

 18 20 19

 20 19 23

 20 23 18

 18 23 23

 18 23 18

 23 19 23

 23 23 18

 23 18 24

 23 24 18

 24 19 23

 24 23 18

 23 19 18

 23 18 23

 18 23 18

 18 18 23

 20 18 23

 20 23 18

 23 23 23

 23 23 23

 19 18 20

 19 20 18

 23 19 23

 23 23 18

 19 23 19

 19 19 23

 23 18 23

 23 23 20

 18 18 18

 18 18 18

 23 23 18

 23 18 23

 23 18 23

 23 23 23

 20 23 20

 20 20 18

 4 15 3

 4 3 11

 1 27 19

 1 19 18

 18 23 19

 18 19 22

 18 19 22

 18 22 22

 23 22 23

 23 23 27

 23 22 23

 23 23 22

 23 18 19

 23 19 18

 20 23 18

 20 18 18

 23 23 23

 23 23 19

 24 19 20

 24 20 19

 14 14 0

 14 0 24

 11 4 13

 11 13 17

 3 26 8

 3 8 5

 29 1 23

 29 23 11

 1 4 23

 1 23 20

 1 1 18

 1 18 23

 4 1 23

 4 23 19

 11 1 18

 11 18 20

 19 20 18

 19 18 18

 23 23 20

 23 20 18

 23 24 23

 23 23 23

 18 18 23

 18 23 23

 23 19 20

 23 20 19

 23 18 18

 23 18 19

 18 18 20

 18 20 19

 18 18 19

 18 19 19

 19 18 22

 19 22 23

 19 19 19

 19 19 18

 19 18 23

 19 23 22

 23 19 23

 23 23 23

 18 24 23

 18 23 18

 4 24 18

 4 18 18

 19 20 1

 19 1 24

 1 20 1

 1 1 29

 23 18 19

 23 19 19

 18 23 19

 18 19 19

 19 20 22

 19 22 22

 19 18 22

 19 22 22

 18 22 18

 18 18 27

 18 27 23

 18 23 22

 19 18 23

 19 23 18

 18 23 23

 18 23 20

 18 19 20

 18 20 18

 20 19 20

 20 20 22

 23 23 18

 23 18 18

 4 10 7

 4 7 12

 3 12 19

 3 19 4

 19 20 22

 19 22 23

 22 23 19

 22 19 23

 18 24 19

 18 19 20

 18 18 18

 18 18 18

 23 22 23

 23 23 22

 18 19 19

 18 19 19

 23 18 19

 23 19 22

 18 18 19

 18 19 19

 18 24 19

 18 19 23

 19 18 19

 19 19 23

 18 22 19

 18 19 22

 12 13 3

 12 3 20

 1 19 19

 1 19 20

 20 23 20

 20 20 22

 23 24 20

 23 20 18

 20 24 18

 20 18 23

 18 24 18

 18 18 20

 18 20 22

 18 22 20

 19 19 22

 19 22 18

 22 18 30

 22 30 22

 19 19 19

 19 19 19

 18 23 18

 18 18 20

 19 20 18

 19 18 23

 19 23 24

 19 24 23

 23 19 18

 23 18 18

 1 13 7

 1 7 4

 1 12 22

 1 22 1

 11 11 18

 11 18 20

 18 23 19

 18 19 23

 22 18 19

 22 19 23

 18 22 23

 18 23 19

 24 22 23

 24 23 27

 14 20 20

 14 20 18

 24 20 18

 24 18 19

 20 23 19

 20 19 23

 18 23 23

 18 23 18

 23 19 23

 23 23 22

 22 18 1

 22 1 24

 11 23 4

 11 4 17

 22 18 18

 22 18 24

 23 23 24

 23 24 20

 14 14 11

 14 11 20

 11 4 11

 11 11 14

 4 14 14

 4 14 20

 14 24 24

 14 24 24

 23 18 22

 23 22 23

 19 22 30

 19 30 23

 19 19 19

 19 19 23

 18 18 18

 18 18 18

 23 20 19

 23 19 20

 18 20 18

 18 18 20

 20 14 20

 20 20 19

 25 13 26

 25 26 11

 12 14 19

 12 19 4

 18 19 19

 18 19 23

 23 18 20

 23 20 23

 20 27 14

 20 14 22

 30 22 24

 30 24 23

 14 14 14

 14 14 20

 14 24 20

 14 20 20

 20 14 20

 20 20 23

 18 24 19

 18 19 20

 30 22 30

 30 30 19

 22 20 27

 22 27 18

 11 14 23

 11 23 18

 14 24 11

 14 11 20

 11 14 1

 11 1 24

 4 1 3

 4 3 11

 11 11 1

 11 1 1

 14 11 11

 14 11 14

 20 23 20

 20 20 20

 20 22 19

 20 19 18

 19 30 22

 19 22 19

 23 19 23

 23 23 19

 20 24 18

 20 18 23

 14 1 23

 14 23 18

 0 13 29

 0 29 4

 4 27 18

 4 18 24

 19 23 23

 19 23 18

 30 31 32

 30 32 19

 30 1 11

 30 11 23

 24 12 14

 24 14 24

 32 12 23

 32 23 11

 18 14 19

 18 19 14

 22 27 32

 22 32 20

 1 17 1

 1 1 14

 1 14 11

 1 11 1

 14 1 3

 14 3 11

 1 12 0

 1 0 12

 1 11 12

 1 12 4

 24 24 11

 24 11 1

 23 23 20

 23 20 24

 23 18 19

 23 19 20

 22 19 27

 22 27 19

 23 18 20

 23 20 19

 1 25 1

 1 1 14

 11 19 18

 11 18 23

 24 18 20

 24 20 23

 23 22 32

 23 32 19

 27 20 32

 27 32 31

 30 14 27

 30 27 14

 27 25 27

 27 27 0

 32 9 32

 32 32 20

 23 23 19

 23 19 4

 18 30 22

 18 22 18

 23 22 3

 23 3 23

 1 14 12

 1 12 17

 20 11 24

 20 24 1

 23 4 14

 23 14 4

 14 11 3

 14 3 4

 4 11 12

 4 12 11

 24 14 20

 24 20 11

 23 20 23

 23 23 20

 18 22 27

 18 27 18

 18 22 27

 18 27 18

 19 18 20

 19 20 23

 24 23 9

 24 9 24

 0 25 10

 0 10 0

 29 23 9

 29 9 29

 20 22 20

 20 20 14

 23 14 20

 23 20 19

 12 11 20

 12 20 18

 20 23 4

 20 4 24

 12 30 23

 12 23 3

 3 11 11

 3 11 3

 33 18 32

 33 32 9

 34 14 20

 34 20 1

 22 32 18

 22 18 19

 18 33 22

 18 22 30

 18 27 18

 18 18 19

 18 23 20

 18 20 20

 19 14 20

 19 20 14

 23 24 11

 23 11 4

 24 23 11

 24 11 24

 20 23 23

 20 23 23

 19 23 19

 19 19 20

 22 30 22

 22 22 19

 23 19 19

 23 19 22

 20 18 20

 20 20 19

 23 22 20

 23 20 19

 23 11 0

 23 0 24

 3 25 2

 3 2 6

 12 22 20

 12 20 20

 20 19 19

 20 19 19

 1 13 3

 1 3 20

 20 11 1

 20 1 1

 1 32 24

 1 24 35

 1 23 1

 1 1 33

 23 23 34

 23 34 14

 23 18 22

 23 22 14

 27 22 30

 27 30 22

 19 30 22

 19 22 33

 23 32 22

 23 22 32

 23 27 23

 23 23 27

 18 18 23

 18 23 18

 23 18 23

 23 23 20

 23 22 24

 23 24 18

 32 32 19

 32 19 22

 32 30 30

 32 30 19

 30 32 22

 30 22 27

 30 30 20

 30 20 27

 20 19 23

 20 23 18

 18 20 18

 18 18 19

 23 23 20

 23 20 23

 23 24 0

 23 0 20

 1 24 2

 1 2 6

 0 17 16

 0 16 13

 9 14 9

 9 9 17

 18 19 23

 18 23 14

 23 22 19

 23 19 19

 18 23 9

 18 9 24

 3 11 24

 3 24 7

 32 11 32

 32 32 23

 18 23 20

 18 20 24

 19 22 22

 19 22 18

 18 27 23

 18 23 30

 23 22 22

 23 22 32

 18 20 30

 18 30 22

 19 19 19

 19 19 27

 18 30 27

 18 27 32

 22 30 27

 22 27 34

 19 27 22

 19 22 32

 19 22 22

 19 22 27

 36 37 33

 36 33 27

 27 19 23

 27 23 30

 19 24 22

 19 22 23

 22 18 18

 22 18 20

 20 18 23

 20 23 18

 19 18 23

 19 23 19

 23 14 3

 23 3 14

 14 4 13

 14 13 13

 9 5 38

 9 38 2

 11 22 18

 11 18 14

 18 18 19

 18 19 27

 18 18 22

 18 22 19

 22 18 19

 22 19 27

 20 27 18

 20 18 30

 18 22 19

 18 19 19

 22 22 27

 22 27 22

 18 19 22

 18 22 22

 19 18 19

 19 19 27

 23 24 18

 23 18 27

 23 14 23

 23 23 20

 23 14 20

 23 20 18

 20 20 19

 20 19 19

 23 22 27

 23 27 19

 22 32 32

 22 32 22

 32 31 34

 32 34 30

 22 20 23

 22 23 32

 1 1 19

 1 19 20

 4 11 18

 4 18 23

 1 24 18

 1 18 18

 23 23 23

 23 23 23

 23 18 18

 23 18 23

 18 20 19

 18 19 24

 11 5 26

 11 26 4

 0 1 10

 0 10 5

 11 14 7

 11 7 13

 14 24 17

 14 17 17

 14 20 4

 14 4 6

 19 23 18

 19 18 23

 19 23 19

 19 19 19

 18 23 22

 18 22 18

 18 23 19

 18 19 18

 23 27 18

 23 18 27

 18 19 30

 18 30 27

 22 20 30

 22 30 27

 35 14 22

 35 22 19

 18 24 18

 18 18 18

 24 14 14

 24 14 24

 14 4 14

 14 14 24

 20 11 24

 20 24 14

 20 20 23

 20 23 14

 20 19 23

 20 23 23

 20 32 19

 20 19 27

 27 39 31

 27 31 34

 20 3 9

 20 9 19

 6 11 23

 6 23 11

 4 11 18

 4 18 18

 4 1 19

 4 19 23

 9 5 5

 9 5 4

 0 11 2

 0 2 13

 1 14 3

 1 3 6

 20 18 18

 20 18 11

 18 22 19

 18 19 19

 23 19 19

 23 19 22

 23 18 23

 23 23 22

 20 14 18

 20 18 23

 22 24 19

 22 19 24

 23 23 18

 23 18 20

 23 20 20

 23 20 18

 24 23 23

 24 23 19

 18 27 27

 18 27 27

 19 24 40

 19 40 23

 35 11 33

 35 33 19

 23 41 24

 23 24 1

 42 42 12

 42 12 11

 42 43 3

 42 3 14

 14 14 11

 14 11 11

 14 24 20

 14 20 11

 14 24 20

 14 20 14

 19 27 19

 19 19 18

 32 37 36

 32 36 35

 35 18 30

 35 30 37

 11 6 9

 11 9 23

 0 4 7

 0 7 17

 12 14 3

 12 3 13

 18 19 18

 18 18 24

 18 18 23

 18 23 22

 18 19 20

 18 20 18

 20 30 23

 20 23 27

 23 18 20

 23 20 19

 23 19 20

 23 20 18

 20 24 24

 20 24 20

 14 20 23

 14 23 24

 20 20 20

 20 20 23

 24 20 24

 24 24 20

 23 24 20

 23 20 23

 27 22 30

 27 30 22

 22 23 18

 22 18 20

 42 42 42

 42 42 44

 42 42 42

 42 42 42

 42 42 42

 42 42 42

 42 42 14

 42 14 45

 41 35 3

 41 3 14

 23 32 4

 23 4 30

 24 30 27

 24 27 23

 32 37 37

 32 37 32

 30 19 18

 30 18 30

 12 13 13

 12 13 1

 3 24 6

 3 6 6

 20 19 20

 20 20 20

 20 27 20

 20 20 19

 20 18 20

 20 20 18

 19 20 18

 19 18 20

 22 19 19

 22 19 23

 23 30 18

 23 18 19

 24 22 23

 24 23 22

 18 1 20

 18 20 20

 24 12 20

 24 20 4

 20 24 11

 20 11 14

 24 14 11

 24 11 14

 24 14 24

 24 24 11

 23 20 20

 23 20 20

 18 19 23

 18 23 23

 19 30 30

 19 30 18

 23 35 11

 23 11 23

 20 42 42

 20 42 42

 42 42 42

 42 42 42

 42 42 42

 42 42 42

 42 42 42

 42 42 42

 42 42 46

 42 46 42

 11 18 12

 11 12 33

 18 30 18

 18 18 18

 27 31 36

 27 36 33

 22 22 23

 22 23 32

 3 6 13

 3 13 24

 0 4 9

 0 9 7

 23 23 20

 23 20 4

 23 19 24

 23 24 22

 14 19 20

 14 20 18

 22 14 22

 22 22 19

 30 20 19

 30 19 23

 19 30 22

 19 22 20

 19 30 14

 19 14 22

 11 19 14

 11 14 23

 20 24 18

 20 18 18

 18 20 18

 18 18 1

 24 24 24

 24 24 24

 24 20 14

 24 14 20

 14 14 24

 14 24 14

 20 24 23

 20 23 11

 23 18 18

 23 18 23

 18 30 22

 18 22 27

 18 30 14

 18 14 22

 20 11 2

 20 2 35

 14 42 42

 14 42 42

 42 42 42

 42 42 42

 42 42 42

 42 42 42

 42 8 42

 42 42 42

 20 22 18

 20 18 19

 19 19 22

 19 22 22

 18 19 32

 18 32 32

 30 22 36

 30 36 35

 30 30 40

 30 40 35

 22 32 35

 22 35 36

 27 27 27

 27 27 31

 18 19 20

 18 20 27

 18 14 1

 18 1 14

 4 4 2

 4 2 15

 29 25 47

 29 47 17

 12 19 18

 12 18 1

 22 20 23

 22 23 23

 23 19 20

 23 20 18

 23 32 19

 23 19 22

 19 24 22

 19 22 20

 34 22 33

 34 33 24

 23 27 14

 23 14 30

 1 30 23

 1 23 32

 23 19 23

 23 23 22

 23 23 24

 23 24 23

 23 11 24

 23 24 20

 20 11 4

 20 4 14

 24 14 11

 24 11 23

 20 24 14

 20 14 24

 20 20 24

 20 24 24

 20 23 23

 20 23 23

 19 27 27

 19 27 19

 19 22 27

 19 27 27

 19 20 27

 19 27 27

 18 18 23

 18 23 11

 20 19 16

 20 16 18

 23 11 46

 23 46 46

 40 11 19

 40 19 3

 22 19 22

 22 22 18

 22 19 22

 22 22 22

 19 18 19

 19 19 19

 23 20 19

 23 19 18

 19 23 23

 19 23 18

 23 19 20

 23 20 19

 20 19 20

 20 20 22

 23 20 23

 23 23 23

 19 23 18

 19 18 23

 18 18 23

 18 23 18

 23 11 9

 23 9 20

 14 11 13

 14 13 6

 25 26 43

 25 43 10

 0 24 18

 0 18 11

 23 20 19

 23 19 23

 23 18 18

 23 18 23

 19 34 24

 19 24 22

 19 4 29

 19 29 24

 0 12 11

 0 11 0

 33 35 24

 33 24 32

 18 27 23

 18 23 33

 19 20 23

 19 23 18

 19 12 19

 19 19 20

 24 3 18

 24 18 9

 23 11 14

 23 14 11

 34 12 33

 34 33 1

 32 0 18

 32 18 25

 23 24 14

 23 14 24

 23 19 20

 23 20 18

 23 27 22

 23 22 19

 19 18 27

 19 27 19

 35 22 31

 35 31 20

 35 20 19

 35 19 23

 22 19 19

 22 19 27

 19 14 35

 19 35 18

 37 14 36

 37 36 19

 22 23 22

 22 22 20

 23 18 19

 23 19 18

 18 23 18

 18 18 18

 18 23 18

 18 18 20

 23 18 19

 23 19 23

 23 18 23

 23 23 19

 23 4 18

 23 18 19

 14 4 22

 14 22 23

 24 1 19

 24 19 20

 23 19 23

 23 23 23

 23 23 18

 23 18 18

 18 20 22

 18 22 23

 11 10 5

 11 5 9

 1 18 20

 1 20 24

 23 33 22

 23 22 18

 23 24 33

 23 33 33

 24 4 23

 24 23 33

 24 3 24

 24 24 1

 24 19 34

 24 34 19

 22 18 22

 22 22 22

 19 24 19

 19 19 18

 11 24 18

 11 18 20

 18 23 18

 18 18 11

 24 23 24

 24 24 23

 18 24 34

 18 34 4

 19 24 22

 19 22 17

 23 20 20

 23 20 24

 23 19 18

 23 18 18

 18 22 19

 18 19 18

 19 19 19

 19 19 22

 18 23 33

 18 33 11

 19 18 19

 19 19 14

 22 23 22

 22 22 19

 32 35 32

 32 32 27

 22 23 23

 22 23 19

 23 23 18

 23 18 23

 20 18 19

 20 19 23

 18 23 18

 18 18 18

 24 14 20

 24 20 18

 1 12 23

 1 23 18

 12 17 12

 12 12 11

 0 14 20

 0 20 24

 12 11 24

 12 24 19

 11 4 18

 11 18 20

 0 5 5

 0 5 1

 11 19 23

 11 23 14

 27 32 22

 27 22 19

 48 42 49

 48 49 24

 42 42 50

 42 50 50

 42 29 11

 42 11 29

 4 32 30

 4 30 12

 19 18 19

 19 19 27

 4 29 11

 4 11 24

 1 19 24

 1 24 20

 1 35 24

 1 24 23

 9 20 24

 9 24 27

 11 22 19

 11 19 19

 27 22 19

 27 19 18

 22 22 27

 22 27 22

 32 20 18

 32 18 19

 4 20 18

 4 18 19

 23 22 18

 23 18 18

 23 24 19

 23 19 19

 19 20 22

 19 22 23

 22 19 30

 22 30 19

 27 22 19

 27 19 35

 23 23 18

 23 18 27

 19 18 23

 19 23 18

 20 23 23

 20 23 18

 18 11 18

 18 18 18

 9 29 3

 9 3 24

 3 19 23

 3 23 11

 18 19 30

 18 30 27

 42 42 42

 42 42 42

 42 42 42

 42 42 42

 42 42 42

 42 42 42

 13 36 19

 13 19 4

 27 35 11

 27 11 36

 24 14 1

 24 1 20

 4 20 4

 4 4 0

 18 27 20

 18 20 23

 11 35 22

 11 22 31

 24 22 4

 24 4 31

 22 20 27

 22 27 32

 23 20 19

 23 19 27

 23 4 19

 23 19 14

 11 6 24

 11 24 11

 4 20 18

 4 18 24

 33 23 35

 33 35 14

 40 14 22

 40 22 4

 19 19 19

 19 19 23

 14 22 18

 14 18 19

 19 20 19

 19 19 23

 23 19 18

 23 18 24

 23 14 23

 23 23 18

 3 13 9

 3 9 1

 0 14 23

 0 23 4

 23 32 34

 23 34 19

 32 42 42

 32 42 44

 42 42 42

 42 42 42

 42 42 42

 42 42 42

 12 18 23

 12 23 10

 20 18 11

 20 11 31

 23 23 23

 23 23 18

 24 22 18

 24 18 18

 24 22 23

 24 23 22

 23 18 20

 23 20 22

 19 22 33

 19 33 18

 19 4 14

 19 14 27

 14 23 23

 14 23 24

 23 22 23

 23 23 23

 27 24 4

 27 4 24

 0 24 12

 0 12 0

 14 18 20

 14 20 23

 20 14 35

 20 35 1

 19 14 22

 19 22 12

 20 35 11

 20 11 18

 23 35 11

 23 11 40

 24 23 19

 24 19 19

 23 19 24

 23 24 23

 12 6 3

 12 3 24

 0 24 19

 0 19 11

 22 24 1

 22 1 18

 32 30 42

 32 42 46

 22 30 18

 22 18 46

 22 22 22

 22 22 18

 20 18 23

 20 23 22

 23 18 18

 23 18 18

 23 19 23

 23 23 18

 18 24 20

 18 20 19

 4 14 20

 4 20 23

 14 31 11

 14 11 18

 19 31 0

 19 0 35

 24 22 11

 24 11 20

 24 18 27

 24 27 19

 19 14 23

 19 23 30

 20 23 14

 20 14 23

 20 23 11

 20 11 23

 14 24 23

 14 23 18

 24 24 23

 24 23 24

 18 18 4

 18 4 23

 14 22 4

 14 4 35

 19 18 22

 19 22 20

 27 23 23

 27 23 18

 1 13 15

 1 15 4

 4 18 19

 4 19 24

 20 19 20

 20 20 22

 24 19 23

 24 23 19

 18 18 23

 18 23 19

 23 19 20

 23 20 19

 23 18 19

 23 19 20

 18 20 23

 18 23 23

 1 6 1

 1 1 14

 12 19 3

 12 3 23

 14 22 14

 14 14 31

 18 19 18

 18 18 30

 18 18 20

 18 20 27

 20 24 20

 20 20 23

 23 4 24

 23 24 14

 14 14 11

 14 11 24

 14 24 11

 14 11 20

 23 23 20

 23 20 20

 18 20 20

 18 20 23

 19 18 19

 19 19 18

 19 18 22

 19 22 20

 18 18 23

 18 23 24

 4 7 7

 4 7 1

 29 14 23

 29 23 14

 20 19 14

 20 14 18

 24 19 20

 24 20 22

 23 18 23

 23 23 18

 24 22 20

 24 20 18

 23 22 23

 23 23 18

 23 19 23

 23 23 23

 11 6 6

 11 6 4

 1 23 24

 1 24 14

 19 27 22

 19 22 19

 22 22 19

 22 19 23

 19 22 20

 19 20 19

 20 20 24

 20 24 20

 24 24 11

 24 11 24

 14 19 4

 14 4 14

 12 23 11

 12 11 20

 11 23 20

 11 20 14

 4 19 23

 4 23 20

 24 19 22

 24 22 20

 19 19 19

 19 19 18

 20 20 23

 20 23 19

 29 15 26

 29 26 14

 9 11 18

 9 18 11

 23 23 20

 23 20 19

 18 18 23

 18 23 19

 18 27 18

 18 18 19

 23 23 22

 23 22 30

 18 18 27

 18 27 33

 18 20 14

 18 14 23

 14 11 12

 14 12 25

 19 30 19

 19 19 14

 32 34 32

 32 32 22

 30 23 30

 30 30 32

 14 22 22

 14 22 19

 22 19 14

 22 14 22

 18 1 11

 18 11 23

 18 18 3

 18 3 18

 12 20 3

 12 3 24

 23 33 9

 23 9 23

 11 31 12

 11 12 36

 1 27 23

 1 23 27

 19 18 23

 19 23 19

 14 6 0

 14 0 14

 1 18 23

 1 23 24

 20 20 23

 20 23 18

 18 32 27

 18 27 19

 25 42 50

 25 50 23

 24 27 32

 24 32 20

 30 23 18

 30 18 23

 27 22 30

 27 30 22

 4 3 19

 4 19 27

 0 6 0

 0 0 11

 0 30 22

 0 22 0

 32 19 19

 32 19 32

 22 1 23

 22 23 11

 4 33 24

 4 24 4

 1 11 22

 1 22 20

 19 22 1

 19 1 18

 24 27 9

 24 9 31

 23 19 18

 23 18 18

 23 18 18

 23 18 22

 11 13 15

 11 15 11

 1 19 24

 1 24 24

 23 23 19

 23 19 19

 19 20 22

 19 22 19

 20 14 42

 20 42 14

 51 24 42

 51 42 42

 20 18 30

 20 30 20

 22 18 27

 22 27 18

 35 30 22

 35 22 32

 12 42 25

 12 25 3

 42 42 42

 42 42 42

 42 27 32

 42 32 52

 22 18 19

 22 19 33

 14 33 12

 14 12 23

 4 53 4

 4 4 54

 0 18 11

 0 11 33

 23 22 11

 23 11 19

 24 19 20

 24 20 30

 19 22 18

 19 18 18

 23 18 20

 23 20 19

 1 2 7

 1 7 14

 6 20 10

 6 10 6

 1 11 12

 1 12 6

 19 20 18

 19 18 24

 18 24 18

 18 18 23

 19 20 19

 19 19 24

 19 18 22

 19 22 20

 23 24 19

 23 19 30

 20 19 18

 20 18 27

 20 19 22

 20 22 23

 34 32 33

 34 33 34

 42 42 42

 42 42 55

 42 42 42

 42 42 42

 24 23 4

 24 4 24

 24 18 3

 24 3 35

 18 18 19

 18 19 19

 19 18 19

 19 19 22

 19 18 18

 19 18 19

 18 24 18

 18 18 18

 23 23 23

 23 23 19

 4 5 13

 4 13 4

 11 23 12

 11 12 9

 35 0 24

 35 24 6

 33 23 23

 33 23 14

 19 20 19

 19 19 18

 18 20 19

 18 19 24

 20 11 24

 20 24 20

 18 30 27

 18 27 23

 19 23 18

 19 18 20

 18 22 4

 18 4 1

 23 11 11

 23 11 14

 24 19 23

 24 23 22

 27 19 22

 27 22 33

 12 25 42

 12 42 42

 4 29 56

 4 56 42

 3 30 18

 3 18 12

 32 19 20

 32 20 14

 23 18 19

 23 19 20

 23 18 22

 23 22 19

 23 20 22

 23 22 19

 23 11 22

 23 22 18

 4 12 22

 4 22 18

 11 1 19

 11 19 20

 4 4 23

 4 23 23

 0 10 7

 0 7 4

 3 23 4

 3 4 25

 19 29 22

 19 22 18

 1 5 18

 1 18 14

 33 22 32

 33 32 24

 23 14 19

 23 19 20

 12 23 23

 12 23 19

 1 25 9

 1 9 23

 11 30 32

 11 32 18

 22 30 18

 22 18 19

 22 35 31

 22 31 33

 20 6 11

 20 11 27

 23 23 18

 23 18 24

 19 22 30

 19 30 22

 32 35 32

 32 32 22

 30 29 0

 30 0 27

 13 0 23

 13 23 0

 23 22 30

 23 30 32

 18 14 23

 18 23 19

 1 11 18

 1 18 23

 11 1 23

 11 23 20

 12 17 3

 12 3 11

 6 11 13

 6 13 5

 1 24 0

 1 0 6

 23 18 22

 23 22 24

 35 12 20

 35 20 18

 20 0 0

 20 0 57

 23 23 22

 23 22 32

 3 25 3

 3 3 14

 0 24 18

 0 18 4

 18 18 18

 18 18 18

 19 22 32

 19 32 22

 27 19 4

 27 4 22

 19 24 3

 19 3 3

 14 20 18

 14 18 24

 29 6 9

 29 9 14

 12 19 24

 12 24 1

 20 23 18

 20 18 19

 18 24 20

 18 20 19

 12 11 40

 12 40 18

 11 11 19

 11 19 23

 25 17 0

 25 0 22

 3 18 18

 3 18 24

 23 23 22

 23 22 18

 18 18 19

 18 19 19

 1 25 11

 1 11 19

 6 12 18

 6 18 11

 4 12 18

 4 18 20

 9 1 1

 9 1 4

 3 27 24

 3 24 20

 20 18 23

 20 23 18

 23 18 23

 23 23 23

 1 0 6

 1 6 20

 29 11 20

 29 20 11

 23 23 19

 23 19 22

 19 23 23

 19 23 23

 20 24 0

 20 0 14

 58 42 15

 58 15 0

 42 59 26

 42 26 2

 6 7 51

 6 51 7

 9 14 20

 9 20 11

 24 18 23

 24 23 20

 20 42 60

 20 60 18

 44 42 16

 42 13 28

 42 28 61

 9 11 20

 9 20 4

 1 4 58

 1 58 22

 16 58 4

 60 44 57

 6 17 10

 6 10 0

 22 32 62

 22 62 63

 64 34 65

 64 65 62

 30 27 62

 30 62 65

 23 23 23

 23 23 23

 24 30 20

 24 20 18

 1 30 11

 1 11 18

 19 23 32

 19 32 18

 42 42 42

 42 42 42

 5 0 8

 5 8 6

 66 67 68

 66 68 69

 1 18 20

 1 20 18

 43 70 42

 43 42 71

 72 72 68

 72 68 73

 73 73 74

 73 74 73

 73 73 74

 73 74 68

 36 19 18

 36 18 66

 9 20 6

 9 6 6

 11 14 9

 11 9 0

 11 11 6

 11 6 29

 29 17 75

 29 75 6

 3 24 11

 3 11 0

 23 15 24

 23 24 20

 15 18 23

 15 23 23

 14 18 4

 14 4 18

 3 12 6

 3 6 24

 50 42 58

 50 58 14

 42 42 42

 42 42 42

 42 42 42

 42 42 42

 42 18 4

 42 4 15

 6 15 17

 6 17 24

 42 42 42

 42 42 42

 42 42 42

 42 42 42

 42 42 42

 42 42 42

 42 47 17

 42 17 42

 42 42 42

 42 42 42

 42 42 42

 42 42 42

 42 42 42

 42 42 42

 13 25 15

 13 15 42

 0 1 46

 0 46 4

 14 14 42

 14 42 42

 4 4 29

 4 29 50

 9 17 15

 9 15 11

 4 9 11

 4 11 29

 15 6 9

 15 9 4

 6 47 17

 6 17 9

 14 4 50

 14 50 42

 3 0 4

 3 4 14

 0 15 4

 0 4 4

 1 14 42

 1 42 46

 29 0 14

 29 14 1

 0 3 14

 0 14 14

 6 0 4

 6 4 6

 16 6 0

 16 0 6

 6 29 1

 6 1 0

 42 13 42

 42 42 42

 29 11 13

 29 13 42

 11 15 25

 11 25 13

 42 42 42

 42 42 42

 42 50 42

 42 42 42

 50 29 42

 50 42 42

 42 42 42

 42 42 42

 46 42 42

 46 42 42

 42 42 42

 42 42 42

 29 42 42

 29 42 3

 6 4 42

 6 42 29

 4 46 42

 4 42 42

 42 42 42

 42 42 42

 42 42 42

 42 42 42

 42 15 47

 42 47 42

 42 42 42

 42 42 42

 42 42 42

 42 42 42

 42 42 42

 42 42 42

 42 42 42

 42 42 42

 42 42 42

 42 42 42

 42 42 42

 42 42 42

 29 42 42

 29 42 0

 3 42 42

 3 42 29

 42 42 42

 42 42 42

 18 6 24

 18 24 4

 17 25 6

 17 6 18

 25 38 15

 25 15 6

 42 42 15

 42 15 42

 42 42 42

 42 42 42

 42 17 18

 42 18 42

 42 42 42

 42 42 42

 42 42 42

 42 42 42

 42 42 42

 42 42 42

 42 42 42

 42 42 58

 42 42 42

 42 42 42

 42 42 42

 42 42 42

 9 50 14

 9 14 6

 0 42 50

 0 50 9

 42 42 42

 42 42 50

 18 3 24

 18 24 4

 4 24 3

 4 3 18

 24 17 12

 24 12 3

 18 14 18

 18 18 23

 42 15 14

 42 14 18

 15 4 18

 15 18 14

 15 15 23

 15 23 24

 42 42 15

 42 15 15

 42 42 18

 42 18 15

 24 23 20

 24 20 11

 58 42 23

 58 23 24

 42 42 15

 42 15 23

 25 3 0

 25 0 47

 6 14 3

 6 3 25

 14 58 24

 14 24 3

 11 29 6

 11 6 6

 4 24 29

 4 29 11

 24 6 17

 24 17 29

 14 11 29

 14 29 9

 23 18 11

 23 11 14

 18 4 11

 18 11 11

 20 11 0

 20 0 6

 24 23 11

 24 11 20

 23 23 14

 23 14 11

 25 9 6

 25 6 8

 11 20 9

 11 9 25

 20 24 20

 20 20 9

 73 36 66

 73 66 76

 73 31 36

 73 36 73

 31 18 19

 31 19 36

 73 73 68

 73 68 74

 74 74 73

 74 73 73

 74 74 73

 74 73 73

 73 73 73

 73 73 74

 74 74 73

 74 73 73

 74 74 73

 74 73 73

 76 72 73

 76 73 74

 74 68 72

 74 72 76

 68 76 72

 68 72 72

 38 43 71

 38 71 55

 59 77 43

 59 43 38

 77 42 70

 77 70 43

 23 1 18

 23 18 32

 23 18 1

 23 1 23

 18 11 18

 18 18 1

 67 66 69

 67 69 76

 76 69 66

 76 66 67

 69 73 67

 69 67 66

 13 5 6

 13 6 43

 16 25 5

 16 5 13

 25 43 0

 25 0 5

 42 42 42

 42 42 42

 42 42 42

 42 42 42

 42 42 42

 42 42 42

 7 6 78

 7 78 3

 30 19 18

 30 18 20

 22 18 19

 22 19 30

 18 20 23

 18 23 19

 23 1 18

 23 18 23

 20 23 1

 20 1 23

 23 23 30

 23 30 1

 30 24 18

 30 18 11

 23 30 24

 23 24 30

 30 22 30

 30 30 24

 23 23 23

 23 23 32

 20 24 23

 20 23 23

 24 20 23

 24 23 23

 6 9 17

 6 17 78

 9 12 13

 9 13 17

 12 6 3

 12 3 13

 27 18 79

 27 79 62

 18 9 18

 18 18 27

 34 30 65

 34 65 65

 27 27 30

 27 30 34

 27 18 27

 27 27 30

 32 64 62

 32 62 62

 23 32 64

 23 64 32

 32 27 34

 32 34 64

 0 23 32

 0 32 22

 4 6 0

 4 0 42

 21 7 6

 21 6 4

 7 38 17

 7 17 6

 7 3 38

 2 2 4

 2 4 9

 2 21 4

 2 4 4

 38 9 38

 2 2 3

 2 3 4

 2 2 9

 2 9 3

 11 1 22

 11 22 20

 25 15 1

 25 1 11

 15 2 4

 15 4 1

 13 9 4

 13 4 0

 28 2 9

 28 9 13

 2 25 11

 2 11 9

 42 42 61

 42 61 42

 42 0 42

 42 42 42

 0 10 13

 0 13 42

 38 9 4

 4 16 4

 16 4 42

 44 42 42

 44 42 42

 44 42 57

 18 20 18

 18 18 23

 20 22 20

 20 20 18

 22 58 42

 22 42 20

 14 24 20

 14 20 20

 0 4 24

 0 24 14

 4 20 18

 4 18 24

 29 9 11

 29 11 29

 2 0 9

 2 9 29

 0 0 14

 0 14 9

 59 6 7

 59 7 26

 42 61 6

 42 6 59

 61 28 7

 61 7 6

 42 42 2

 42 2 15

 42 42 42

 42 42 42

 42 42 59

 42 59 42

 24 58 0

 24 0 0

 60 42 58

 60 58 24

 42 42 42

 42 42 58

 23 20 14

 23 14 23

 23 18 20

 23 20 23

 18 60 24

 18 24 20

 23 19 23

 23 23 19

 20 20 19

 20 19 23

 20 23 23

 20 23 19

 11 23 22

 11 22 20

 29 11 23

 29 23 11

 11 20 23

 11 23 23

 2 29 11

 2 11 10

 26 17 29

 26 29 2

 17 29 11

 17 11 29

 18 1 20

 18 20 23

 23 14 1

 23 1 18

 14 0 0

 14 0 1

 18 23 23

 18 23 23

 19 23 23

 19 23 18

 23 23 18

 23 18 23

 27 20 18

 27 18 24

 20 22 20

 20 20 27

 22 19 18

 22 18 20

 17 3 20

 17 20 7

 10 11 3

 10 3 17

 11 20 27

 11 27 3

 12 9 4

 12 4 18

 7 13 9

 7 9 12

 13 80 1

 13 1 9

 12 4 20

 12 20 18

 5 2 4

 5 4 12

 2 7 12

 2 12 4

 2 6 11

 2 11 10

 38 5 6

 38 6 2

 5 5 12

 5 12 6

 18 1 19

 18 19 19

 23 20 1

 23 1 18

 20 6 25

 20 25 1

 23 18 19

 23 19 22

 23 23 18

 23 18 23

 23 23 18

 23 18 18

 18 23 18

 18 18 18

 24 18 23

 24 23 18

 18 23 23

 18 23 23

 6 3 24

 6 24 9

 7 20 3

 7 3 6

 20 24 18

 20 18 3

 11 25 22

 11 22 19

 25 26 25

 25 25 11

 26 16 17

 26 17 25

 11 11 23

 11 23 40

 25 6 11

 25 11 11

 6 25 11

 6 11 11

 24 12 18

 24 18 20

 1 9 12

 1 12 24

 9 25 11

 9 11 12

 23 18 19

 23 19 18

 18 4 18

 18 18 23

 4 1 24

 4 24 18

 19 20 19

 19 19 24

 18 20 20

 18 20 19

 20 18 23

 20 23 20

 7 12 1

 7 1 26

 10 11 12

 10 12 7

 11 18 19

 11 19 12

 20 29 14

 20 14 18

 25 15 29

 25 29 20

 15 80 6

 15 6 29

 24 14 24

 24 24 3

 11 11 14

 11 14 24

 11 25 20

 11 20 14

 19 19 3

 19 3 4

 19 19 19

 19 19 19

 19 11 24

 19 24 19

 22 27 22

 22 22 32

 22 19 27

 22 27 22

 19 19 19

 19 19 27

 18 19 22

 18 22 18

 18 18 19

 18 19 18

 18 22 22

 18 22 19

 24 18 18

 24 18 18

 9 24 18

 9 18 24

 24 18 18

 24 18 18

 17 0 4

 17 4 29

 26 0 0

 26 0 17

 0 9 24

 0 24 0

 23 3 14

 23 14 22

 0 17 3

 0 3 23

 17 10 25

 17 25 3

 0 23 32

 0 32 0

 19 22 23

 19 23 0

 22 0 23

 22 23 23

 12 20 57

 12 57 20

 40 23 20

 40 20 12

 23 19 0

 23 0 20

 18 35 18

 18 18 22

 20 18 35

 20 35 18

 18 40 12

 18 12 35

 24 23 24

 24 24 0

 18 19 23

 18 23 24

 19 20 18

 19 18 23

 11 1 6

 11 6 13

 24 19 1

 24 1 11

 19 18 24

 19 24 1

 5 6 5

 5 5 80

 26 1 6

 26 6 5

 1 24 11

 1 11 6

 1 12 11

 1 11 23

 13 2 12

 13 12 1

 2 47 17

 2 17 12

 11 11 20

 11 20 18

 17 13 11

 17 11 11

 13 13 1

 13 1 11

 14 1 23

 14 23 23

 9 6 1

 9 1 14

 6 17 11

 6 11 1

 22 18 19

 22 19 30

 18 14 18

 18 18 22

 14 9 14

 14 14 18

 0 23 32

 0 32 23

 3 24 23

 3 23 0

 24 18 22

 24 22 23

 29 13 0

 29 0 0

 4 3 13

 4 13 29

 3 3 0

 3 0 13

 35 30 27

 35 27 32

 32 22 30

 32 30 35

 22 4 29

 22 29 30

 22 32 22

 22 22 30

 18 22 32

 18 32 22

 22 32 35

 22 35 32

 23 19 22

 23 22 18

 18 18 19

 18 19 23

 18 18 22

 18 22 19

 6 23 24

 6 24 11

 29 4 23

 29 23 6

 4 18 23

 4 23 23

 35 20 27

 35 27 31

 23 0 20

 23 20 35

 0 29 6

 0 6 20

 30 22 33

 30 33 18

 27 32 22

 27 22 30

 32 23 35

 32 35 22

 30 22 19

 30 19 32

 18 27 22

 18 22 30

 27 27 30

 27 30 22

 25 11 18

 25 18 9

 7 9 11

 7 11 25

 9 18 30

 9 30 11

 23 1 23

 23 23 23

 9 7 25

 9 25 1

 14 12 19

 14 19 19

 3 0 12

 3 12 14

 0 9 23

 0 23 12

 22 23 20

 22 20 32

 22 14 23

 22 23 22

 14 3 14

 14 14 23

 5 33 24

 5 24 18

 0 32 33

 0 33 5

 32 22 22

 32 22 33

 29 1 14

 29 14 22

 20 57 1

 20 1 29

 57 0 5

 57 5 1

 23 19 18

 23 18 4

 22 18 19

 22 19 23

 18 20 29

 18 29 19

 6 3 25

 6 25 5

 0 24 3

 0 3 6

 24 22 23

 24 23 3

 4 0 4

 4 4 23

 10 5 0

 10 0 4

 5 38 10

 5 10 0

 1 4 23

 1 23 19

 13 13 4

 13 4 1

 13 10 4

 13 4 4

 12 11 20

 12 20 22

 6 13 11

 6 11 12

 13 13 1

 13 1 11

 11 4 18

 11 18 22

 3 17 4

 3 4 11

 17 6 12

 17 12 4

 20 23 18

 20 18 22

 23 11 23

 23 23 20

 11 3 11

 11 11 23

 18 23 19

 18 19 22

 18 20 23

 18 23 18

 20 23 20

 20 20 23

 18 23 19

 18 19 19

 23 23 23

 23 23 18

 23 18 18

 23 18 23

 19 23 20

 19 20 20

 30 19 23

 30 23 19

 19 23 18

 19 18 23

 30 32 14

 30 14 18

 23 32 32

 23 32 30

 32 30 19

 32 19 32

 29 3 12

 29 12 56

 0 0 3

 0 3 29

 0 23 30

 0 30 3

 25 4 42

 25 42 42

 32 27 4

 32 4 25

 27 0 29

 27 29 4

 19 12 42

 19 42 22

 30 22 12

 30 12 19

 22 32 25

 22 25 12

 19 27 33

 19 33 23

 18 22 27

 18 27 19

 22 30 19

 22 19 27

 11 24 22

 11 22 11

 11 24 24

 11 24 11

 24 18 19

 24 19 24

 22 23 14

 22 14 4

 31 27 23

 31 23 22

 27 11 11

 27 11 23

 23 18 1

 23 1 18

 18 33 18

 18 18 23

 33 31 22

 33 22 18

 30 19 20

 30 20 27

 32 19 19

 32 19 30

 19 18 23

 19 23 19

 11 18 23

 11 23 24

 9 18 18

 9 18 11

 18 32 30

 18 30 18

 20 20 20

 20 20 19

 23 23 20

 23 20 20

 23 9 11

 23 11 20

 20 18 24

 20 24 19

 19 19 18

 19 18 20

 19 23 20

 19 20 18

 23 19 18

 23 18 23

 32 20 19

 32 19 23

 20 19 20

 20 20 19

 0 33 14

 0 14 24

 18 24 33

 18 33 0

 24 32 23

 24 23 33

 23 35 6

 23 6 12

 22 14 35

 22 35 23

 14 18 0

 14 0 35

 7 11 9

 7 9 6

 4 18 11

 4 11 7

 18 22 23

 18 23 11

 23 4 4

 23 4 23

 23 4 4

 23 4 23

 4 7 5

 4 5 4

 24 23 19

 24 19 18

 19 23 23

 19 23 24

 23 23 23

 23 23 23

 18 18 18

 18 18 18

 22 20 18

 22 18 18

 20 19 24

 20 24 18

 18 19 19

 18 19 19

 22 18 19

 22 19 18

 18 22 18

 18 18 19

 18 19 22

 18 22 19

 22 18 19

 22 19 18

 18 22 18

 18 18 19

 18 18 19

 18 19 3

 22 19 18

 22 18 18

 19 22 18

 19 18 18

 23 24 35

 23 35 4

 19 19 24

 19 24 23

 19 22 18

 19 18 24

 20 24 24

 20 24 19

 20 20 24

 20 24 20

 20 19 23

 20 23 24

 42 3 42

 42 42 42

 56 12 3

 56 3 42

 42 42 42

 42 42 42

 42 42 42

 42 42 42

 42 56 42

 42 42 42

 32 42 55

 32 55 33

 22 42 42

 22 42 32

 42 42 42

 42 42 42

 19 34 34

 19 34 22

 23 33 34

 23 34 19

 33 22 32

 33 32 34

 19 20 23

 19 23 18

 11 22 20

 11 20 19

 22 23 19

 22 19 20

 24 20 27

 24 27 19

 4 14 20

 4 20 24

 14 11 19

 14 19 20

 18 23 30

 18 30 22

 18 1 23

 18 23 18

 1 4 24

 1 24 23

 20 19 20

 20 20 19

 27 20 19

 27 19 20

 20 18 18

 20 18 19

 24 19 24

 24 24 18

 24 23 19

 24 19 24

 23 27 20

 23 20 19

 20 18 23

 20 23 18

 19 20 18

 19 18 20

 20 24 24

 20 24 18

 11 19 24

 11 24 12

 19 24 19

 19 19 11

 24 19 20

 24 20 19

 20 1 6

 20 6 10

 23 18 1

 23 1 20

 18 19 11

 18 11 1

 29 6 6

 29 6 78

 24 14 6

 24 6 29

 14 23 20

 14 20 6

 18 1 14

 18 14 20

 23 4 1

 23 1 18

 4 13 2

 4 2 1

 22 23 19

 22 19 18

 18 19 23

 18 23 22

 19 23 18

 19 18 23

 19 19 18

 19 18 20

 18 18 19

 18 19 19

 18 18 22

 18 22 19

 22 24 30

 22 30 11

 19 19 24

 19 24 22

 19 18 19

 19 19 24

 18 23 19

 18 19 11

 19 22 23

 19 23 18

 22 19 22

 22 22 23

 53 0 33

 53 33 4

 3 19 0

 3 0 53

 19 19 18

 19 18 0

 33 4 54

 33 54 12

 4 35 4

 4 4 33

 35 3 53

 35 53 4

 18 14 23

 18 23 19

 19 24 14

 19 14 18

 24 4 33

 24 33 14

 27 22 33

 27 33 32

 34 27 22

 34 22 27

 27 19 18

 27 18 22

 42 42 52

 42 52 42

 42 42 42

 42 42 42

 42 34 27

 42 27 42

 42 42 42

 42 42 25

 42 42 42

 42 42 42

 42 42 42

 42 42 42

 30 12 3

 30 3 22

 33 55 12

 33 12 30

 55 42 42

 55 42 12

 18 35 32

 18 32 27

 22 34 35

 22 35 18

 34 33 30

 34 30 35

 18 22 18

 18 18 30

 18 23 22

 18 22 18

 23 22 18

 23 18 22

 24 20 20

 24 20 42

 19 27 20

 19 20 24

 27 18 18

 27 18 20

 14 51 42

 14 42 42

 22 30 51

 22 51 14

 30 19 24

 30 24 51

 20 20 14

 20 14 22

 19 20 20

 19 20 20

 20 22 14

 20 14 20

 23 19 19

 23 19 19

 18 24 19

 18 19 23

 24 19 20

 24 20 19

 19 23 19

 19 19 24

 18 23 23

 18 23 19

 23 18 23

 23 23 23

 6 1 24

 6 24 17

 12 24 1

 12 1 6

 24 18 19

 24 19 1

 18 11 11

 18 11 18

 20 14 11

 20 11 18

 14 7 13

 14 13 11

 19 23 22

 19 22 18

 18 19 23

 18 23 19

 19 20 18

 19 18 23

 27 23 18

 27 18 9

 20 18 23

 20 23 27

 18 18 19

 18 19 23

 22 24 31

 22 31 1

 11 30 24

 11 24 22

 30 20 27

 30 27 24

 11 19 18

 11 18 22

 11 19 19

 11 19 11

 19 11 22

 19 22 19

 33 1 20

 33 20 24

 4 33 1

 4 1 33

 33 11 11

 33 11 1

 1 4 4

 1 4 23

 12 54 4

 12 4 1

 54 4 33

 54 33 4

 19 22 11

 19 11 19

 19 23 22

 19 22 19

 23 12 1

 23 1 22

 30 32 32

 30 32 22

 32 33 32

 32 32 30

 33 19 19

 33 19 32

 6 0 0

 6 0 0

 42 52 0

 42 0 6

 52 32 30

 52 30 0

 3 0 11

 3 11 19

 25 42 0

 25 0 3

 42 42 6

 42 6 0

 22 4 27

 22 27 30

 22 3 4

 22 4 22

 3 25 3

 3 3 4

 23 27 22

 23 22 18

 27 32 27

 27 27 23

 32 22 22

 32 22 27

 27 30 23

 27 23 32

 30 18 30

 30 30 27

 18 27 23

 18 23 30

 42 24 20

 42 20 61

 42 20 24

 42 24 42

 20 30 27

 20 27 24

 32 25 23

 32 23 27

 22 14 25

 22 25 32

 14 42 42

 14 42 25

 20 18 19

 20 19 23

 19 19 18

 19 18 20

 19 22 32

 19 32 18

 18 20 18

 18 18 23

 24 19 20

 24 20 18

 19 19 20

 19 20 20

 6 1 24

 6 24 3

 17 24 1

 17 1 6

 24 24 18

 24 18 1

 18 14 14

 18 14 23

 18 11 14

 18 14 18

 11 15 6

 11 6 14

 27 19 19

 27 19 23

 18 22 19

 18 19 27

 22 18 18

 22 18 19

 31 1 27

 31 27 12

 9 18 1

 9 1 31

 18 18 27

 18 27 1

 33 11 36

 33 36 9

 1 31 11

 1 11 33

 31 9 31

 31 31 11

 20 23 23

 20 23 3

 22 18 23

 22 23 20

 18 1 33

 18 33 23

 18 12 24

 18 24 3

 24 20 12

 24 12 18

 20 22 20

 20 20 12

 1 18 18

 1 18 11

 23 4 18

 23 18 1

 4 24 18

 4 18 18

 19 18 23

 19 23 14

 19 11 18

 19 18 19

 11 23 1

 11 1 18

 22 22 22

 22 22 22

 22 32 22

 22 22 22

 32 19 19

 32 19 22

 23 14 19

 23 19 30

 0 0 14

 0 14 23

 0 22 22

 0 22 14

 34 30 32

 34 32 32

 19 11 30

 19 30 34

 11 0 23

 11 23 30

 30 32 22

 30 22 19

 30 27 32

 30 32 30

 27 19 34

 27 34 32

 11 19 14

 11 14 12

 18 22 19

 18 19 11

 22 30 30

 22 30 19

 20 14 25

 20 25 14

 32 23 14

 32 14 20

 23 18 11

 23 11 14

 18 18 23

 18 23 27

 61 20 18

 61 18 18

 20 32 20

 20 20 18

 23 18 33

 23 33 22

 50 42 18

 50 18 23

 42 61 18

 42 18 18

 27 23 30

 27 30 18

 27 23 23

 27 23 27

 23 50 23

 23 23 23

 18 18 19

 18 19 23

 23 19 18

 23 18 18

 19 27 27

 19 27 18

 23 18 19

 23 19 20

 23 18 18

 23 18 23

 18 23 18

 18 18 18

 11 23 19

 11 19 18

 3 24 23

 3 23 11

 24 23 23

 24 23 23

 17 9 11

 17 11 9

 7 17 9

 7 9 17

 17 3 11

 17 11 9

 20 29 14

 20 14 23

 0 25 29

 0 29 20

 25 47 15

 25 15 29

 19 20 19

 19 19 19

 23 14 20

 23 20 19

 14 0 20

 14 20 20

 19 19 18

 19 18 22

 23 19 19

 23 19 19

 19 23 19

 19 19 19

 19 24 20

 19 20 23

 12 27 24

 12 24 19

 27 23 19

 27 19 24

 23 4 20

 23 20 20

 9 36 4

 9 4 23

 36 12 19

 36 19 4

 23 11 14

 23 14 11

 3 23 11

 3 11 23

 23 9 23

 23 23 11

 19 12 20

 19 20 4

 3 24 12

 3 12 19

 24 3 23

 24 23 12

 24 14 14

 24 14 11

 11 18 14

 11 14 24

 18 3 19

 18 19 14

 20 24 24

 20 24 24

 14 23 24

 14 24 20

 23 11 24

 23 24 24

 22 20 20

 22 20 20

 22 22 20

 22 20 22

 22 14 20

 22 20 20

 22 19 19

 22 19 19

 30 19 19

 30 19 22

 19 22 22

 19 22 19

 27 22 23

 27 23 22

 32 32 22

 32 22 27

 32 30 22

 32 22 22

 23 19 19

 23 19 24

 19 22 19

 19 19 23

 22 32 27

 22 27 19

 6 1 14

 6 14 6

 12 14 1

 12 1 6

 14 19 23

 14 23 1

 19 11 4

 19 4 23

 27 23 11

 27 11 19

 23 14 6

 23 6 11

 22 23 23

 22 23 23

 22 33 23

 22 23 22

 33 27 19

 33 19 23

 22 23 18

 22 18 20

 18 30 23

 18 23 22

 30 22 22

 30 22 23

 18 24 18

 18 18 23

 23 19 24

 23 24 18

 19 18 22

 19 22 24

 19 23 18

 19 18 20

 20 19 23

 20 23 19

 19 23 18

 19 18 23

 19 24 22

 19 22 14

 18 19 24

 18 24 19

 19 20 19

 19 19 24

 14 20 18

 14 18 23

 9 11 20

 9 20 14

 11 18 19

 11 19 20

 13 29 14

 13 14 13

 78 6 29

 78 29 13

 6 9 14

 6 14 29

 18 4 1

 18 1 23

 23 14 4

 23 4 18

 14 26 7

 14 7 4

 18 18 24

 18 24 22

 19 19 18

 19 18 18

 19 23 18

 19 18 18

 18 19 20

 18 20 19

 22 18 19

 22 19 18

 18 19 18

 18 18 19

 20 19 18

 20 18 20

 23 20 19

 23 19 20

 20 22 18

 20 18 19

 23 18 23

 23 23 20

 20 20 18

 20 18 23

 20 23 20

 20 20 18

 24 23 20

 24 20 11

 11 14 23

 11 23 24

 14 20 23

 14 23 23

 14 14 20

 14 20 11

 4 20 14

 4 14 14

 20 11 24

 20 24 14

 4 14 24

 4 24 24

 11 14 14

 11 14 4

 14 4 14

 14 14 14

 24 23 14

 24 14 20

 24 24 23

 24 23 24

 24 11 4

 24 4 23

 18 20 23

 18 23 20

 20 20 20

 20 20 18

 20 24 24

 20 24 20

 19 18 27

 19 27 18

 19 19 18

 19 18 19

 19 20 18

 19 18 18

 22 18 30

 22 30 14

 22 23 18

 22 18 22

 23 19 19

 23 19 18

 19 14 31

 19 31 3

 24 19 14

 24 14 19

 19 22 22

 19 22 14

 25 12 23

 25 23 3

 6 14 12

 6 12 25

 14 24 19

 14 19 12

 20 1 14

 20 14 23

 23 4 1

 23 1 20

 4 6 6

 4 6 1

 18 18 23

 18 23 19

 23 23 18

 23 18 18

 23 23 20

 23 20 18

 19 23 20

 19 20 20

 20 18 23

 20 23 19

 18 23 18

 18 18 23

 18 23 19

 18 19 23

 23 18 23

 23 23 18

 18 20 19

 18 19 23

 19 18 19

 19 19 23

 20 18 18

 20 18 19

 18 23 18

 18 18 18

 19 24 19

 19 19 20

 14 22 24

 14 24 19

 22 20 19

 22 19 24

 18 20 22

 18 22 19

 23 18 20

 23 20 18

 18 14 19

 18 19 20

 6 4 24

 6 24 9

 13 14 4

 13 4 6

 14 23 18

 14 18 4

 23 1 4

 23 4 23

 23 1 1

 23 1 23

 1 7 13

 1 13 1

 18 27 18

 18 18 22

 22 24 27

 22 27 18

 24 23 23

 24 23 27

 22 19 20

 22 20 4

 19 20 19

 19 19 22

 20 22 18

 20 18 19

 18 14 35

 18 35 4

 20 18 14

 20 14 18

 18 19 22

 18 22 14

 24 18 23

 24 23 23

 20 23 18

 20 18 24

 23 20 18

 23 18 18

 24 24 24

 24 24 23

 11 20 24

 11 24 24

 20 20 24

 20 24 24

 23 14 18

 23 18 11

 11 20 14

 11 14 23

 20 11 24

 20 24 14

 23 20 23

 23 23 14

 24 24 20

 24 20 23

 24 11 23

 24 23 20

 14 20 23

 14 23 23

 20 14 20

 20 20 14

 14 24 23

 14 23 20

 18 19 30

 18 30 27

 20 23 19

 20 19 18

 23 20 14

 23 14 19

 22 24 19

 22 19 11

 18 27 24

 18 24 22

 27 20 18

 27 18 24

 31 24 20

 31 20 0

 14 30 24

 14 24 31

 30 18 22

 30 22 24

 31 19 35

 31 35 11

 3 31 19

 3 19 31

 31 14 31

 31 31 19

 14 14 18

 14 18 20

 3 23 14

 3 14 14

 23 3 31

 23 31 14

 24 4 23

 24 23 20

 1 25 4

 1 4 24

 25 3 14

 25 14 4

 19 18 19

 19 19 23

 23 14 18

 23 18 19

 14 1 24

 14 24 18

 18 23 18

 18 18 18

 19 23 23

 19 23 18

 23 23 19

 23 19 23

 18 23 18

 18 18 23

 20 20 23

 20 23 18

 20 19 18

 20 18 23

 22 20 22

 22 22 22

 23 19 20

 23 20 22

 19 20 18

 19 18 20

 30 22 18

 30 18 18

 23 19 22

 23 22 30

 19 23 22

 19 22 22

 30 22 46

 30 46 42

 20 19 22

 20 22 30

 19 23 30

 19 30 22

 24 32 46

 24 46 1

 19 22 32

 19 32 24

 22 20 30

 22 30 32

 24 22 18

 24 18 19

 9 24 22

 9 22 24

 24 19 24

 24 24 22

 15 0 11

 15 11 3

 5 25 0

 5 0 15

 25 9 24

 25 24 0

 19 12 24

 19 24 24

 23 4 12

 23 12 19

 4 15 6

 4 6 12

 23 23 23

 23 23 19

 22 18 23

 22 23 23

 18 23 19

 18 19 23

 35 24 19

 35 19 11

 4 20 24

 4 24 35

 20 22 23

 20 23 24

 35 23 40

 35 40 11

 4 35 23

 4 23 35

 35 4 35

 35 35 23

 14 20 18

 14 18 22

 23 23 20

 23 20 14

 23 4 35

 23 35 20

 14 19 12

 14 12 35

 23 24 19

 23 19 14

 24 23 14

 24 14 19

 18 20 1

 18 1 20

 11 18 20

 11 20 18

 18 23 14

 18 14 20

 24 14 23

 24 23 12

 14 23 14

 14 14 24

 23 11 18

 23 18 14

 24 0 0

 24 0 4

 23 23 0

 23 0 24

 23 14 24

 23 24 0

 22 27 24

 22 24 23

 27 30 27

 27 27 22

 30 23 24

 30 24 27

 23 23 23

 23 23 23

 11 19 23

 11 23 23

 19 27 22

 19 22 23

 4 14 24

 4 24 14

 0 20 14

 0 14 4

 20 11 23

 20 23 14

 22 19 27

 22 27 33

 11 35 19

 11 19 22

 35 0 4

 35 4 19

 18 19 18

 18 18 20

 20 18 19

 20 19 18

 18 11 22

 18 22 19

 22 23 22

 22 22 23

 20 23 23

 20 23 22

 23 20 18

 23 18 23

 22 24 22

 22 22 18

 23 19 24

 23 24 22

 19 20 22

 19 22 24

 23 24 18

 23 18 23

 18 18 24

 18 24 23

 18 23 22

 18 22 24

 18 23 18

 18 18 11

 23 18 23

 23 23 18

 18 18 23

 18 23 23

 18 20 31

 18 31 23

 22 22 20

 22 20 18

 22 23 18

 22 18 20

 42 12 10

 42 10 42

 18 18 12

 18 12 42

 18 22 18

 18 18 12

 42 42 42

 42 42 42

 42 46 42

 42 42 42

 46 18 42

 46 42 42

 42 42 42

 42 42 42

 1 46 42

 1 42 42

 46 42 42

 46 42 42

 32 32 44

 32 44 34

 19 18 32

 19 32 32

 18 1 42

 18 42 32

 14 23 19

 14 19 23

 3 11 23

 3 23 14

 11 19 32

 11 32 23

 2 0 4

 2 4 10

 16 13 0

 16 0 2

 13 3 14

 13 14 0

 14 3 1

 14 1 23

 3 6 3

 3 3 14

 6 2 13

 6 13 3

 19 23 18

 19 18 18

 24 24 23

 24 23 19

 24 3 14

 24 14 23

 20 23 24

 20 24 19

 19 23 23

 19 23 20

 23 24 19

 23 19 23

 22 19 23

 22 23 18

 11 19 19

 11 19 22

 19 19 20

 19 20 19

 19 14 19

 19 19 19

 11 40 14

 11 14 19

 40 11 22

 40 22 14

 14 19 23

 14 23 22

 22 18 19

 22 19 14

 18 11 19

 18 19 19

 23 40 4

 23 4 35

 35 12 40

 35 40 23

 12 22 14

 12 14 40

 20 33 14

 20 14 18

 20 1 33

 20 33 20

 1 35 23

 1 23 33

 0 4 24

 0 24 1

 12 23 4

 12 4 0

 23 20 20

 23 20 4

 4 11 11

 4 11 19

 23 24 11

 23 11 4

 24 4 6

 24 6 11

 20 23 14

 20 14 19

 23 23 23

 23 23 20

 23 23 4

 23 4 23

 20 23 27

 20 27 27

 14 24 23

 14 23 20

 24 23 20

 24 20 23

 22 22 32

 22 32 4

 33 27 22

 33 22 22

 27 14 20

 27 20 22

 35 24 31

 35 31 22

 20 18 24

 20 24 35

 18 33 22

 18 22 24

 27 11 31

 27 31 20

 23 22 11

 23 11 27

 22 20 35

 22 35 11

 20 18 23

 20 23 4

 18 22 18

 18 18 20

 22 23 27

 22 27 18

 14 4 0

 14 0 1

 23 18 4

 23 4 14

 18 18 20

 18 20 4

 35 24 20

 35 20 11

 11 18 24

 11 24 35

 18 23 14

 18 14 24

 36 27 36

 36 36 19

 23 31 27

 23 27 36

 31 11 35

 31 35 27

 42 13 4

 42 4 42

 42 10 13

 42 13 42

 10 23 36

 10 36 13

 42 42 42

 42 42 42

 42 42 42

 42 42 42

 42 42 42

 42 42 42

 42 42 42

 42 42 42

 42 42 42

 42 42 42

 42 42 42

 42 42 42

 19 42 42

 19 42 30

 34 44 42

 34 42 19

 44 42 42

 44 42 42

 19 18 27

 19 27 23

 23 19 18

 23 18 19

 19 34 19

 19 19 18

 13 3 11

 13 11 5

 10 4 3

 10 3 13

 4 23 19

 4 19 3

 11 9 24

 11 24 18

 9 0 9

 9 9 11

 0 10 29

 0 29 9

 23 18 18

 23 18 23

 23 1 18

 23 18 23

 1 9 11

 1 11 18

 18 20 18

 18 18 23

 18 18 20

 18 20 18

 18 23 23

 18 23 20

 23 19 18

 23 18 18

 19 24 19

 19 19 23

 24 18 18

 24 18 19

 22 23 27

 22 27 19

 18 23 23

 18 23 22

 23 19 23

 23 23 23

 19 27 35

 19 35 30

 19 19 27

 19 27 19

 19 18 22

 19 22 27

 20 22 19

 20 19 22

 22 23 22

 22 22 20

 23 19 19

 23 19 22

 24 19 23

 24 23 19

 35 4 19

 35 19 24

 4 22 20

 4 20 19

 22 23 19

 22 19 18

 18 14 23

 18 23 22

 14 35 24

 14 24 23

 20 23 18

 20 18 18

 1 24 23

 1 23 20

 24 18 22

 24 22 23

 20 4 19

 20 19 18

 24 29 4

 24 4 20

 29 1 20

 29 20 4

 22 32 19

 22 19 27

 19 11 32

 19 32 22

 11 24 20

 11 20 32

 22 22 22

 22 22 19

 19 14 22

 19 22 22

 14 19 22

 14 22 22

 22 27 18

 22 18 19

 27 27 27

 27 27 22

 27 19 22

 27 22 27

 20 11 19

 20 19 24

 4 32 11

 4 11 20

 32 27 22

 32 22 11

 35 9 27

 35 27 24

 22 31 9

 22 9 35

 31 4 20

 31 20 9

 19 1 23

 19 23 24

 20 31 1

 20 1 19

 31 22 35

 31 35 1

 0 1 20

 0 20 12

 4 23 1

 4 1 0

 23 20 19

 23 19 1

 18 4 24

 18 24 19

 11 20 4

 11 4 18

 20 1 29

 20 29 4

 32 19 27

 32 27 30

 19 36 19

 19 19 32

 36 11 18

 36 18 19

 29 4 12

 29 12 11

 42 4 4

 42 4 29

 4 19 32

 4 32 4

 42 42 29

 42 29 50

 42 42 42

 42 42 42

 42 42 29

 42 29 42

 42 42 50

 42 50 49

 42 42 42

 42 42 42

 42 42 42

 42 42 42

 32 48 24

 32 24 22

 30 42 48

 30 48 32

 42 42 42

 42 42 48

 19 27 19

 19 19 23

 23 27 27

 23 27 19

 27 30 32

 27 32 27

 13 11 14

 13 14 17

 5 11 11

 5 11 13

 11 23 19

 11 19 11

 4 0 1

 4 1 18

 5 7 0

 5 0 4

 7 8 5

 7 5 0

 11 11 20

 11 20 24

 13 13 11

 13 11 11

 13 5 4

 13 4 11

 14 12 19

 14 19 20

 10 13 12

 10 12 14

 13 13 11

 13 11 12

 17 0 24

 17 24 12

 16 13 0

 16 0 17

 13 10 14

 13 14 0

 12 12 11

 12 11 23

 13 15 12

 13 12 12

 15 28 17

 15 17 12

 14 1 18

 14 18 20

 3 15 1

 3 1 14

 15 13 12

 15 12 1

 23 24 18

 23 18 18

 18 24 24

 18 24 23

 24 3 14

 24 14 24

 18 18 18

 18 18 19

 23 18 18

 23 18 18

 18 18 23

 18 23 18

 23 20 23

 23 23 18

 23 18 20

 23 20 23

 18 23 18

 18 18 20

 23 23 23

 23 23 23

 18 18 23

 18 23 23

 18 23 23

 18 23 23

 40 22 19

 40 19 32

 19 27 22

 19 22 40

 27 18 23

 27 23 22

 23 32 27

 23 27 22

 22 19 32

 22 32 23

 19 30 35

 19 35 32

 18 22 19

 18 19 19

 19 23 22

 19 22 18

 23 22 23

 23 23 22

 23 19 14

 23 14 33

 18 19 19

 18 19 23

 19 19 18

 19 18 19

 19 18 11

 19 11 19

 18 18 18

 18 18 19

 18 18 23

 18 23 18

 22 19 22

 22 22 19

 18 19 19

 18 19 22

 19 18 19

 19 19 19

 19 18 18

 19 18 18

 27 19 18

 27 18 19

 19 18 22

 19 22 18

 20 23 18

 20 18 20

 19 22 23

 19 23 20

 22 27 19

 22 19 23

 24 23 24

 24 24 22

 19 18 23

 19 23 24

 18 19 20

 18 20 23

 24 19 17

 24 17 34

 24 19 19

 24 19 24

 19 19 24

 19 24 19

 23 18 4

 23 4 24

 24 27 18

 24 18 23

 27 24 24

 27 24 18

 23 24 23

 23 23 18

 24 23 24

 24 24 23

 23 24 23

 23 23 24

 24 18 11

 24 11 18

 12 20 18

 12 18 24

 20 24 23

 20 23 18

 24 11 20

 24 20 19

 11 9 11

 11 11 24

 9 12 24

 9 24 11

 18 19 18

 18 18 22

 19 24 19

 19 19 18

 24 11 24

 24 24 19

 19 22 22

 19 22 34

 30 27 22

 30 22 19

 27 19 18

 27 18 22

 3 24 19

 3 19 24

 11 12 24

 11 24 3

 12 30 19

 12 19 24

 4 24 1

 4 1 23

 50 29 24

 50 24 4

 29 11 3

 29 3 24

 24 24 33

 24 33 33

 49 50 24

 49 24 24

 50 50 4

 50 4 24

 33 23 33

 33 33 22

 22 24 23

 22 23 33

 24 49 24

 24 24 23

 18 23 18

 18 18 20

 23 19 23

 23 23 18

 19 22 33

 19 33 23

 6 1 24

 6 24 0

 17 14 1

 17 1 6

 14 23 18

 14 18 1

 20 11 9

 20 9 22

 18 1 11

 18 11 20

 1 5 10

 1 10 11

 23 18 23

 23 23 18

 24 20 18

 24 18 23

 20 18 20

 20 20 18

 19 23 18

 19 18 23

 20 19 23

 20 23 19

 19 24 23

 19 23 23

 1 23 23

 1 23 19

 12 24 23

 12 23 1

 24 20 19

 24 19 23

 4 24 20

 4 20 22

 29 13 24

 29 24 4

 13 12 1

 13 1 24

 4 14 23

 4 23 18

 12 13 14

 12 14 4

 13 29 4

 13 4 14

 18 23 19

 18 19 23

 23 11 23

 23 23 18

 11 12 4

 11 4 23

 18 23 19

 18 19 19

 20 18 23

 20 23 18

 18 23 18

 18 18 23

 23 23 23

 23 23 18

 18 18 23

 18 23 23

 18 20 18

 18 18 23

 23 18 20

 23 20 18

 19 18 18

 19 18 23

 18 18 23

 18 23 18

 18 18 18

 18 18 19

 18 23 18

 18 18 18

 23 19 23

 23 23 18

 23 23 18

 23 18 22

 23 23 23

 23 23 23

 23 18 18

 23 18 23

 14 22 20

 14 20 36

 32 19 22

 32 22 14

 19 23 23

 19 23 22

 14 37 19

 14 19 35

 32 33 37

 32 37 14

 33 32 14

 33 14 37

 19 19 18

 19 18 19

 22 27 19

 22 19 19

 27 32 14

 27 14 19

 20 22 27

 20 27 19

 19 19 22

 19 22 20

 19 22 19

 19 19 22

 22 35 23

 22 23 31

 33 14 35

 33 35 22

 14 19 20

 14 20 35

 18 35 20

 18 20 27

 19 11 35

 19 35 18

 11 33 22

 11 22 35

 27 19 19

 27 19 22

 19 22 19

 19 19 27

 22 19 18

 22 18 19

 19 23 19

 19 19 20

 18 18 23

 18 23 19

 18 19 27

 18 27 23

 24 23 18

 24 18 14

 20 18 23

 20 23 24

 18 18 19

 18 19 23

 0 23 24

 0 24 18

 22 24 23

 22 23 0

 24 20 24

 24 24 23

 12 32 25

 12 25 33

 34 17 32

 34 32 12

 17 22 0

 17 0 32

 11 34 1

 11 1 14

 24 4 34

 24 34 11

 4 34 12

 4 12 34

 3 23 11

 3 11 18

 18 23 23

 18 23 3

 23 24 11

 23 11 23

 12 24 9

 12 9 19

 18 11 24

 18 24 12

 11 18 3

 11 3 24

 20 19 20

 20 20 23

 19 20 19

 19 19 20

 20 18 12

 20 12 19

 27 19 18

 27 18 23

 22 18 19

 22 19 27

 18 19 20

 18 20 19

 35 18 33

 35 33 24

 34 22 18

 34 18 35

 22 22 27

 22 27 18

 12 33 32

 12 32 11

 24 19 33

 24 33 12

 19 34 35

 19 35 33

 4 0 0

 4 0 29

 23 1 0

 23 0 4

 1 24 12

 1 12 0

 34 19 24

 34 24 24

 33 33 19

 33 19 34

 33 23 4

 33 4 19

 18 19 22

 18 22 18

 22 33 19

 22 19 18

 33 33 34

 33 34 19

 20 23 23

 20 23 19

 20 18 23

 20 23 20

 18 22 18

 18 18 23

 24 23 23

 24 23 18

 0 24 23

 0 23 24

 24 20 20

 24 20 23

 5 0 11

 5 11 26

 78 25 0

 78 0 5

 25 0 24

 25 24 0

 11 25 10

 11 10 13

 22 9 25

 22 25 11

 9 5 26

 9 26 25

 11 14 6

 11 6 9

 18 23 14

 18 14 11

 23 22 11

 23 11 14

 18 23 20

 18 20 23

 23 18 23

 23 23 18

 18 18 11

 18 11 23

 23 18 18

 23 18 18

 19 23 18

 19 18 23

 23 23 18

 23 18 18

 20 19 23

 20 23 23

 22 20 19

 22 19 20

 20 19 23

 20 23 19

 19 23 23

 19 23 20

 18 23 23

 18 23 19

 23 22 20

 23 20 23

 19 20 22

 19 22 20

 23 19 20

 23 20 19

 19 18 19

 19 19 20

 23 23 19

 23 19 23

 19 19 23

 19 23 23

 19 23 19

 19 19 23

 20 19 18

 20 18 19

 18 23 19

 18 19 20

 23 19 23

 23 23 19

 18 23 18

 18 18 19

 18 20 23

 18 23 18

 20 18 20

 20 20 23

 19 19 19

 19 19 22

 19 18 19

 19 19 19

 18 18 18

 18 18 19

 19 22 22

 19 22 22

 22 18 22

 22 22 19

 18 19 19

 18 19 22

 11 22 18

 11 18 19

 36 20 22

 36 22 11

 20 22 19

 20 19 22

 11 40 3

 11 3 46

 35 19 40

 35 40 11

 19 36 11

 19 11 40

 19 23 46

 19 46 16

 19 18 23

 19 23 19

 18 35 11

 18 11 23

 18 20 18

 18 18 23

 19 27 20

 19 20 18

 27 19 19

 27 19 20

 20 18 11

 20 11 27

 31 23 18

 31 18 20

 23 19 18

 23 18 18

 22 19 27

 22 27 27

 27 20 19

 27 19 22

 20 31 20

 20 20 19

 27 19 27

 27 27 27

 22 19 19

 22 19 27

 19 27 22

 19 22 19

 23 19 19

 23 19 23

 20 19 19

 20 19 23

 19 22 27

 19 27 19

 20 20 23

 20 23 24

 14 18 20

 14 20 20

 18 20 23

 18 23 20

 24 20 24

 24 24 14

 18 24 20

 18 20 24

 24 14 20

 24 20 20

 14 20 24

 14 24 11

 33 25 20

 33 20 14

 25 18 24

 25 24 20

 11 24 23

 11 23 4

 14 1 24

 14 24 11

 1 33 14

 1 14 24

 11 20 14

 11 14 24

 18 11 20

 18 20 11

 11 14 11

 11 11 20

 23 23 20

 23 20 24

 19 9 23

 19 23 23

 9 18 11

 9 11 23

 19 23 23

 19 23 23

 23 20 23

 23 23 19

 20 19 23

 20 23 23

 30 23 22

 30 22 23

 23 18 23

 23 23 30

 18 23 19

 18 19 23

 27 1 32

 27 32 14

 24 33 1

 24 1 27

 33 23 30

 33 30 1

 22 23 30

 22 30 33

 11 32 23

 11 23 22

 32 24 27

 32 27 23

 24 34 24

 24 24 22

 29 0 34

 29 34 24

 0 11 22

 0 22 34

 32 19 20

 32 20 19

 24 24 19

 24 19 32

 24 29 24

 24 24 19

 19 23 22

 19 22 20

 18 22 23

 18 23 19

 22 24 32

 22 32 23

 20 23 18

 20 18 23

 19 23 23

 19 23 20

 23 18 19

 23 19 23

 19 22 23

 19 23 18

 18 23 22

 18 22 19

 23 19 20

 23 20 22

 2 12 1

 2 1 10

 26 11 12

 26 12 2

 11 18 19

 11 19 12

 4 29 17

 4 17 2

 23 20 29

 23 29 4

 20 9 25

 20 25 29

 14 4 15

 14 15 1

 18 18 4

 18 4 14

 18 23 4

 18 4 4

 19 18 14

 19 14 20

 23 23 18

 23 18 19

 23 18 14

 23 14 18

 27 18 27

 27 27 27

 20 23 18

 20 18 27

 23 23 19

 23 19 18

 32 27 31

 32 31 35

 20 22 27

 20 27 32

 22 20 27

 22 27 27

 30 22 36

 30 36 40

 23 19 22

 23 22 30

 19 20 32

 19 32 22

 22 30 35

 22 35 36

 19 18 30

 19 30 22

 18 23 30

 18 30 30

 19 30 35

 19 35 32

 19 18 30

 19 30 19

 18 19 22

 18 22 30

 19 18 32

 19 32 22

 22 19 18

 22 18 19

 19 19 19

 19 19 18

 22 19 22

 22 22 18

 22 22 19

 22 19 22

 22 22 19

 22 19 19

 8 20 19

 8 19 42

 19 18 20

 19 20 8

 18 22 22

 18 22 20

 42 42 42

 42 42 42

 46 3 42

 46 42 42

 3 19 8

 3 8 42

 42 42 42

 42 42 42

 16 46 42

 16 42 42

 46 46 42

 46 42 42

 42 42 42

 42 42 42

 23 18 42

 23 42 42

 18 16 42

 18 42 42

 11 14 42

 11 42 2

 27 11 14

 27 14 11

 11 23 42

 11 42 14

 30 20 35

 30 35 14

 27 27 20

 27 20 30

 27 27 11

 27 11 20

 30 18 22

 30 22 22

 27 27 18

 27 18 30

 27 27 30

 27 30 18

 18 18 27

 18 27 18

 23 19 18

 23 18 18

 19 27 30

 19 30 18

 24 23 23

 24 23 23

 24 23 23

 24 23 24

 23 23 18

 23 18 23

 14 20 11

 14 11 24

 14 24 20

 14 20 14

 24 24 24

 24 24 20

 20 14 14

 20 14 14

 11 24 14

 11 14 20

 24 14 14

 24 14 14

 24 24 20

 24 20 24

 4 23 24

 4 24 24

 23 11 20

 23 20 24

 20 24 24

 20 24 18

 24 14 24

 24 24 20

 14 4 24

 14 24 24

 24 18 1

 24 1 18

 24 20 18

 24 18 24

 20 24 20

 20 20 18

 19 20 18

 19 18 14

 23 23 20

 23 20 19

 23 24 24

 23 24 20

 30 11 23

 30 23 14

 23 22 11

 23 11 30

 22 23 19

 22 19 11

 30 19 22

 30 22 22

 14 32 19

 14 19 30

 32 23 30

 32 30 19

 20 19 20

 20 20 19

 33 30 19

 33 19 20

 30 14 30

 30 30 19

 14 30 23

 14 23 22

 22 24 30

 22 30 14

 24 33 20

 24 20 30

 19 22 19

 19 19 20

 19 20 22

 19 22 19

 20 22 14

 20 14 22

 19 14 18

 19 18 24

 20 22 14

 20 14 19

 22 19 19

 22 19 14

 23 23 22

 23 22 20

 23 18 23

 23 23 23

 18 20 19

 18 19 23

 4 23 4

 4 4 9

 18 23 23

 18 23 4

 23 23 23

 23 23 23

 7 0 7

 7 7 28

 10 1 0

 10 0 7

 1 18 4

 1 4 0

 22 3 24

 22 24 23

 20 14 3

 20 3 22

 14 1 6

 14 6 3

 31 22 32

 31 32 31

 27 27 22

 27 22 31

 27 20 22

 27 22 22

 30 27 33

 30 33 18

 22 32 27

 22 27 30

 32 32 31

 32 31 27

 18 18 18

 18 18 12

 18 22 18

 18 18 18

 22 22 30

 22 30 18

 42 11 33

 42 33 46

 42 19 11

 42 11 42

 19 18 18

 19 18 11

 42 42 42

 42 42 42

 42 42 42

 42 42 42

 42 42 42

 42 42 42

 42 42 42

 42 42 42

 42 42 42

 42 42 42

 42 42 42

 42 42 42

 42 42 42

 42 42 42

 42 42 42

 42 42 42

 42 42 42

 42 42 42

 42 42 42

 42 42 42

 2 42 42

 2 42 42

 42 42 42

 42 42 42

 35 20 42

 35 42 11

 14 35 20

 14 20 35

 35 2 42

 35 42 20

 30 23 23

 30 23 30

 22 22 23

 22 23 30

 22 14 35

 22 35 23

 19 19 18

 19 18 23

 18 27 19

 18 19 19

 27 22 30

 27 30 19

 20 18 23

 20 23 20

 23 23 18

 23 18 20

 23 18 19

 23 19 18

 14 23 20

 14 20 24

 24 11 23

 24 23 14

 11 23 20

 11 20 23

 14 24 11

 14 11 11

 14 14 24

 14 24 14

 14 24 14

 14 14 24

 24 24 14

 24 14 11

 24 20 24

 24 24 24

 20 14 14

 20 14 24

 12 20 14

 12 14 20

 18 24 20

 18 20 12

 24 24 24

 24 24 20

 1 24 4

 1 4 20

 18 1 24

 18 24 1

 1 18 12

 1 12 24

 22 18 20

 22 20 23

 14 18 18

 14 18 22

 18 18 1

 18 1 18

 30 24 22

 30 22 18

 14 23 24

 14 24 30

 23 14 22

 23 22 24

 19 23 19

 19 19 19

 22 22 23

 22 23 19

 22 14 30

 22 30 23

 20 22 23

 20 23 18

 19 20 22

 19 22 20

 20 22 19

 20 19 22

 18 19 20

 18 20 20

 22 23 19

 22 19 18

 23 19 20

 23 20 19

 27 20 18

 27 18 20

 20 19 20

 20 20 27

 19 22 18

 19 18 20

 19 20 19

 19 19 20

 24 18 20

 24 20 19

 18 20 27

 18 27 20

 24 20 20

 24 20 6

 20 22 20

 20 20 24

 22 24 19

 22 19 20

 17 3 6

 17 6 5

 9 4 3

 9 3 17

 4 20 24

 4 24 3

 19 12 1

 19 1 18

 23 24 12

 23 12 19

 24 13 13

 24 13 12

 37 30 30

 37 30 54

 31 32 30

 31 30 37

 32 23 19

 32 19 30

 30 32 32

 30 32 27

 18 33 32

 18 32 30

 33 36 37

 33 37 32

 32 24 23

 32 23 4

 12 18 24

 12 24 32

 18 18 30

 18 30 24

 35 23 30

 35 30 3

 46 33 23

 46 23 35

 33 12 32

 33 32 23

 42 41 14

 42 14 14

 42 42 41

 42 41 42

 42 46 35

 42 35 41

 42 42 45

 42 45 42

 42 42 42

 42 42 42

 42 42 42

 42 42 42

 42 42 42

 42 42 42

 42 42 42

 42 42 42

 42 42 42

 42 42 42

 42 42 42

 42 42 42

 42 42 42

 42 42 42

 42 42 42

 42 42 42

 23 42 44

 23 44 18

 11 42 42

 11 42 23

 42 42 42

 42 42 42

 22 22 20

 22 20 30

 30 23 22

 30 22 22

 23 11 23

 23 23 22

 30 27 22

 30 22 22

 23 18 27

 23 27 30

 18 30 22

 18 22 27

 20 23 23

 20 23 24

 24 20 23

 24 23 20

 20 20 24

 20 24 23

 20 24 20

 20 20 20

 11 11 24

 11 24 20

 11 24 20

 11 20 24

 20 20 23

 20 23 23

 11 14 20

 11 20 20

 14 11 20

 14 20 20

 24 14 24

 24 24 24

 20 14 14

 20 14 24

 14 11 20

 14 20 14

 19 20 20

 19 20 20

 20 4 20

 20 20 19

 4 20 24

 4 24 20

 18 23 18

 18 18 20

 23 20 23

 23 23 18

 20 20 19

 20 19 23

 30 23 19

 30 19 23

 18 22 23

 18 23 30

 22 23 18

 22 18 23

 19 20 27

 19 27 20

 19 19 20

 19 20 19

 19 18 30

 19 30 20

 18 18 18

 18 18 23

 18 23 18

 18 18 18

 23 19 19

 23 19 18

 19 18 22

 19 22 18

 20 20 18

 20 18 19

 20 18 18

 20 18 18

 14 18 24

 14 24 3

 20 18 18

 20 18 14

 18 20 19

 18 19 18

 4 12 13

 4 13 7

 20 19 12

 20 12 4

 19 20 14

 19 14 12

 15 0 17

 15 17 28

 6 20 0

 6 0 15

 20 20 4

 20 4 0

 18 11 23

 18 23 30

 18 1 11

 18 11 18

 1 13 6

 1 6 11

 54 35 37

 54 37 72

 54 30 35

 54 35 54

 30 18 18

 30 18 35

 27 32 35

 27 35 19

 27 32 32

 27 32 27

 32 37 37

 32 37 32

 24 19 18

 24 18 20

 4 23 19

 4 19 24

 23 27 27

 23 27 19

 24 14 14

 24 14 20

 3 30 14

 3 14 24

 30 4 24

 30 24 14

 14 14 11

 14 11 11

 14 14 14

 14 14 14

 14 3 24

 14 24 14

 43 14 11

 43 11 3

 42 45 14

 42 14 43

 45 14 14

 45 14 14

 42 42 14

 42 14 12

 42 42 42

 42 42 42

 42 42 43

 42 43 42

 41 42 11

 41 11 24

 42 42 42

 42 42 41

 42 42 42

 42 42 42

 11 23 1

 11 1 33

 18 44 23

 18 23 11

 44 42 41

 44 41 23

 24 35 19

 24 19 40

 30 20 35

 30 35 24

 20 18 11

 20 11 35

 27 19 23

 27 23 27

 22 22 19

 22 19 27

 22 30 24

 22 24 19

 23 18 27

 23 27 23

 20 18 18

 20 18 23

 18 22 27

 18 27 18

 20 24 19

 20 19 20

 24 23 24

 24 24 20

 23 20 23

 23 23 24

 23 23 18

 23 18 18

 20 20 23

 20 23 23

 20 24 20

 20 20 23

 24 23 20

 24 20 19

 23 23 23

 23 23 24

 23 20 23

 23 23 23

 14 22 24

 14 24 18

 24 24 22

 24 22 14

 24 23 24

 24 24 22

 18 20 23

 18 23 23

 20 20 20

 20 20 18

 20 24 14

 20 14 20

 19 23 22

 19 22 19

 20 18 23

 20 23 19

 18 20 18

 18 18 23

 22 23 22

 22 22 19

 23 19 23

 23 23 22

 19 20 19

 19 19 23

 18 18 19

 18 19 18

 20 27 18

 20 18 18

 27 23 22

 27 22 18

 14 20 11

 14 11 3

 23 18 20

 23 20 14

 18 20 18

 18 18 20

 11 1 6

 11 6 2

 18 22 1

 18 1 11

 22 23 14

 22 14 1

 13 0 13

 13 13 78

 3 24 0

 3 0 13

 24 18 11

 24 11 0

 1 9 4

 1 4 19

 7 26 9

 7 9 1

 26 38 5

 26 5 9

 11 4 23

 11 23 18

 13 5 4

 13 4 11

 5 7 1

 5 1 4

 11 4 18

 11 18 23

 2 13 4

 2 4 11

 13 13 11

 13 11 4

 6 6 11

 6 11 0

 47 2 6

 47 6 6

 2 2 11

 2 11 6

 40 20 19

 40 19 35

 30 23 20

 30 20 40

 23 9 3

 23 3 20

 32 27 34

 32 34 19

 19 35 27

 19 27 32

 35 36 39

 35 39 27

 19 20 27

 19 27 23

 20 18 20

 20 20 19

 18 19 32

 18 32 20

 20 20 23

 20 23 23

 20 14 20

 20 20 20

 14 20 19

 14 19 20

 11 20 14

 11 14 24

 11 11 20

 11 20 11

 11 20 20

 11 20 20

 4 20 14

 4 14 14

 3 11 20

 3 20 4

 11 11 11

 11 11 20

 14 14 24

 14 24 14

 12 14 14

 12 14 14

 14 3 4

 14 4 14

 24 24 24

 24 24 18

 24 11 24

 24 24 24

 11 12 14

 11 14 24

 14 18 18

 14 18 22

 33 1 18

 33 18 14

 1 24 24

 1 24 18

 20 35 19

 20 19 30

 40 19 35

 40 35 20

 19 33 14

 19 14 35

 19 22 27

 19 27 30

 27 23 22

 27 22 19

 23 40 20

 23 20 22

 27 18 27

 27 27 18

 23 27 18

 23 18 27

 27 27 19

 27 19 18

 23 23 27

 23 27 19

 20 19 23

 20 23 23

 19 23 27

 19 27 23

 23 18 18

 23 18 22

 18 18 18

 18 18 23

 18 20 23

 18 23 18

 23 18 18

 23 18 19

 19 20 18

 19 18 23

 20 18 23

 20 23 18

 23 19 19

 23 19 18

 18 24 19

 18 19 23

 24 19 23

 24 23 19

 20 19 23

 20 23 4

 23 23 19

 23 19 20

 23 18 23

 23 23 19

 24 14 6

 24 6 17

 19 22 14

 19 14 24

 22 23 20

 22 20 14

 14 14 17

 14 17 7

 19 22 14

 19 14 14

 22 19 24

 22 24 14

 1 11 13

 1 13 10

 18 19 11

 18 11 1

 19 19 14

 19 14 11

 15 0 5

 15 5 16

 3 11 0

 3 0 15

 11 18 1

 11 1 0

 20 11 4

 20 4 19

 19 4 11

 19 11 20

 4 5 5

 4 5 11

 18 18 24

 18 24 18

 18 23 18

 18 18 18

 23 19 20

 23 20 18

 23 23 23

 23 23 23

 23 18 23

 23 23 23

 18 18 18

 18 18 23

 24 23 23

 24 23 18

 0 11 23

 0 23 24

 11 23 23

 11 23 23

 11 1 18

 11 18 18

 17 6 1

 17 1 11

 6 0 24

 6 24 1

 1 4 23

 1 23 19

 17 13 4

 17 4 1

 13 17 11

 13 11 4

 20 1 20

 20 20 23

 9 6 1

 9 1 20

 6 17 1

 6 1 1

 36 22 32

 36 32 40

 35 19 22

 35 22 36

 19 9 20

 19 20 22

 32 32 30

 32 30 32

 19 34 32

 19 32 32

 34 31 31

 34 31 32

 22 22 22

 22 22 27

 23 27 22

 23 22 22

 27 19 32

 27 32 22

 20 23 19

 20 19 19

 23 23 23

 23 23 20

 23 23 22

 23 22 23

 14 20 19

 14 19 20

 24 14 20

 24 20 14

 14 23 20

 14 20 20

 14 23 18

 14 18 23

 14 14 23

 14 23 14

 14 24 14

 14 14 23

 24 23 20

 24 20 18

 14 24 23

 14 23 24

 24 14 14

 24 14 23

 18 23 27

 18 27 19

 18 24 23

 18 23 18

 24 14 24

 24 24 23

 19 19 27

 19 27 22

 22 18 19

 22 19 19

 18 18 18

 18 18 19

 22 18 22

 22 22 27

 30 19 18

 30 18 22

 19 22 19

 19 19 18

 22 22 22

 22 22 19

 30 27 22

 30 22 22

 27 30 22

 27 22 22

 27 18 19

 27 19 18

 18 27 18

 18 18 27

 27 30 22

 27 22 18

 18 20 30

 18 30 19

 19 27 20

 19 20 18

 27 18 27

 27 27 20

 18 22 27

 18 27 22

 22 18 22

 22 22 18

 18 19 18

 18 18 22

 18 18 19

 18 19 19

 19 18 18

 19 18 18

 18 22 18

 18 18 18

 22 18 27

 22 27 18

 18 19 18

 18 18 22

 19 19 18

 19 18 18

 6 11 14

 6 14 15

 4 23 11

 4 11 6

 23 18 22

 23 22 11

 4 9 2

 4 2 13

 19 4 9

 19 9 4

 4 26 5

 4 5 9

 14 14 13

 14 13 3

 18 24 14

 18 14 14

 24 19 4

 24 4 14

 18 23 14

 18 14 23

 23 23 23

 23 23 18

 23 18 14

 23 14 23

 18 19 19

 18 19 23

 18 23 19

 18 19 18

 23 23 18

 23 18 19

 18 20 18

 18 18 18

 18 18 20

 18 20 18

 18 18 18

 18 18 20

 24 22 20

 24 20 22

 19 23 22

 19 22 24

 23 18 18

 23 18 22

 19 19 23

 19 23 23

 23 20 19

 23 19 19

 20 19 24

 20 24 19

 35 27 30

 35 30 27

 40 32 27

 40 27 35

 32 23 19

 32 19 27

 22 36 27

 22 27 22

 34 37 36

 34 36 22

 37 81 37

 37 37 36

 27 19 27

 27 27 22

 32 30 19

 32 19 27

 30 34 22

 30 22 19

 30 19 32

 30 32 27

 27 22 19

 27 19 30

 22 32 27

 22 27 19

 30 22 34

 30 34 27

 19 19 22

 19 22 30

 19 27 30

 19 30 22

 19 18 32

 19 32 19

 20 19 18

 20 18 19

 19 19 30

 19 30 18

 20 19 27

 20 27 30

 23 18 19

 23 19 20

 18 20 19

 18 19 19

 22 18 22

 22 22 22

 18 20 18

 18 18 22

 20 23 20

 20 20 18

 27 23 32

 27 32 23

 19 27 23

 19 23 27

 27 18 22

 27 22 23

 22 18 30

 22 30 22

 22 27 18

 22 18 22

 27 19 27

 27 27 18

 23 19 18

 23 18 20

 27 22 19

 27 19 23

 22 22 22

 22 22 19

 11 18 24

 11 24 32

 19 22 18

 19 18 11

 22 27 23

 22 23 18

 11 32 23

 11 23 24

 18 19 32

 18 32 11

 19 19 11

 19 11 32

 23 3 7

 23 7 9

 19 30 3

 19 3 23

 30 18 11

 30 11 3

 22 18 24

 22 24 19

 22 27 18

 22 18 22

 27 19 23

 27 23 18

 19 23 19

 19 19 23

 19 19 23

 19 23 19

 19 22 22

 19 22 23

 14 18 14

 14 14 9

 18 27 18

 18 18 14

 27 19 19

 27 19 18

 5 9 17

 5 17 28

 15 14 9

 15 9 5

 14 18 14

 14 14 9

 24 0 13

 24 13 2

 23 14 0

 23 0 24

 14 3 17

 14 17 0

 24 1 6

 24 6 0

 23 19 1

 23 1 24

 19 23 24

 19 24 1

 23 23 20

 23 20 20

 18 18 23

 18 23 23

 18 23 24

 18 24 23

 20 23 23

 20 23 18

 22 20 23

 22 23 20

 20 18 23

 20 23 23

 19 18 19

 19 19 23

 23 23 18

 23 18 19

 23 22 20

 23 20 18

 30 20 18

 30 18 20

 27 30 20

 27 20 30

 30 23 19

 30 19 20

 32 30 27

 32 27 22

 40 31 30

 40 30 32

 31 27 30

 31 30 30

 30 30 27

 30 27 30

 39 31 30

 39 30 30

 31 40 32

 31 32 30

 32 32 19

 32 19 19

 39 36 32

 39 32 32

 36 39 30

 36 30 32

 22 32 22

 22 22 24

 33 37 32

 33 32 22

 37 39 32

 37 32 32

 18 23 18

 18 18 23

 22 27 23

 22 23 18

 27 33 22

 27 22 23

 18 23 20

 18 20 23

 22 27 23

 22 23 18

 27 22 18

 27 18 23

 27 18 18

 27 18 23

 27 32 18

 27 18 27

 32 22 18

 32 18 18

 32 23 27

 32 27 22

 27 34 23

 27 23 32

 34 27 27

 34 27 23

 30 23 32

 30 32 22

 19 32 23

 19 23 30

 32 27 32

 32 32 23

 22 19 33

 22 33 30

 30 27 19

 30 19 22

 27 19 30

 27 30 19

 18 27 22

 18 22 22

 22 22 27

 22 27 18

 22 30 22

 22 22 27

 23 23 14

 23 14 34

 23 32 23

 23 23 23

 32 22 18

 32 18 23

 23 23 14

 23 14 1

 22 30 23

 22 23 23

 30 23 23

 30 23 23

 32 1 33

 32 33 24

 20 18 1

 20 1 32

 18 22 23

 18 23 1

 11 1 35

 11 35 1

 32 24 1

 32 1 11

 24 20 32

 24 32 1

 5 20 1

 5 1 3

 24 23 20

 24 20 5

 23 32 11

 23 11 20

 19 1 20

 19 20 19

 19 24 1

 19 1 19

 24 9 13

 24 13 1

 22 20 19

 22 19 20

 23 19 20

 23 20 22

 19 19 19

 19 19 20

 17 12 20

 17 20 10

 9 14 12

 9 12 17

 14 23 22

 14 22 12

 11 3 6

 11 6 0

 20 20 3

 20 3 11

 20 0 25

 20 25 3

 22 23 24

 22 24 20

 18 23 23

 18 23 22

 23 20 11

 23 11 23

 18 23 19

 18 19 20

 23 19 23

 23 23 18

 19 18 22

 19 22 23

 19 20 19

 19 19 19

 20 18 20

 20 20 19

 18 23 18

 18 18 20

 30 23 22

 30 22 22

 22 27 23

 22 23 30

 27 20 19

 27 19 23

 23 22 19

 23 19 19

 30 27 22

 30 22 23

 27 22 30

 27 30 22

 23 19 20

 23 20 23

 19 19 19

 19 19 23

 19 30 23

 19 23 19

 23 20 23

 23 23 11

 24 22 20

 24 20 23

 22 19 23

 22 23 20

 24 24 24

 24 24 11

 23 18 24

 23 24 24

 18 24 23

 18 23 24

 14 23 4

 14 4 20

 23 20 23

 23 23 14

 20 23 24

 20 24 23

 23 19 14

 23 14 20

 23 18 19

 23 19 23

 18 23 14

 18 14 19

 27 18 20

 27 20 18

 22 27 18

 22 18 27

 27 23 23

 27 23 18

 33 18 19

 33 19 22

 22 32 18

 22 18 33

 32 22 27

 32 27 18

 32 18 30

 32 30 18

 30 33 18

 30 18 32

 33 22 33

 33 33 18

 14 22 19

 14 19 20

 22 22 22

 22 22 14

 22 30 32

 22 32 22

 18 34 1

 18 1 32

 34 14 34

 34 34 18

 14 22 14

 14 14 34

 11 33 9

 11 9 11

 1 14 33

 1 33 11

 14 34 18

 14 18 33

 30 3 3

 30 3 23

 24 33 3

 24 3 30

 33 1 11

 33 11 3

 23 12 3

 23 3 4

 1 35 12

 1 12 23

 35 24 30

 35 30 12

 11 20 24

 11 24 20

 3 1 20

 3 20 11

 1 1 23

 1 23 20

 14 12 18

 14 18 20

 3 15 12

 3 12 14

 15 3 11

 15 11 12

 22 23 19

 22 19 20

 19 20 23

 19 23 22

 20 3 14

 20 14 23

 23 20 14

 23 14 9

 20 19 20

 20 20 23

 19 19 22

 19 22 20

 6 29 29

 6 29 78

 10 20 29

 10 29 6

 20 20 23

 20 23 29

 23 0 0

 23 0 9

 20 24 0

 20 0 23

 24 0 25

 24 25 0

 18 24 24

 18 24 20

 20 19 24

 20 24 18

 19 20 23

 19 23 24

 22 19 23

 22 23 27

 19 19 19

 19 19 22

 19 20 18

 19 18 19

 22 18 18

 22 18 27

 22 22 18

 22 18 22

 22 19 22

 22 22 18

 20 18 18

 20 18 23

 19 19 18

 19 18 20

 19 22 22

 19 22 18

 14 23 20

 14 20 20

 23 20 23

 23 23 14

 20 19 20

 20 20 23

 11 24 11

 11 11 12

 11 23 24

 11 24 11

 23 23 14

 23 14 24

 11 4 11

 11 11 3

 11 24 4

 11 4 11

 24 11 11

 24 11 4

 4 14 4

 4 4 14

 20 4 14

 20 14 4

 4 11 11

 4 11 14

 11 23 4

 11 4 24

 20 14 23

 20 23 11

 14 20 4

 14 4 23

 14 20 1

 14 1 12

 18 20 20

 18 20 14

 20 20 11

 20 11 20

 22 1 17

 22 17 3

 22 19 1

 22 1 22

 19 18 14

 19 14 1

 30 23 23

 30 23 22

 18 30 23

 18 23 30

 30 22 22

 30 22 23

 23 18 18

 23 18 19

 20 19 18

 20 18 23

 19 18 30

 19 30 18

 9 23 4

 9 4 32

 32 1 23

 32 23 9

 1 20 23

 1 23 23

 25 32 20

 25 20 27

 11 9 32

 11 32 25

 9 32 9

 9 9 32

 14 27 0

 14 0 27

 23 3 27

 23 27 14

 3 11 25

 3 25 27

 20 30 14

 20 14 32

 4 3 30

 4 30 20

 3 23 14

 3 14 30

 22 27 31

 22 31 32

 20 24 27

 20 27 22

 24 4 20

 24 20 27

 18 23 19

 18 19 20

 20 18 23

 20 23 18

 18 20 22

 18 22 23

 19 24 23

 19 23 18

 20 19 24

 20 24 19

 19 20 18

 19 18 24

 0 11 23

 0 23 29

 9 14 11

 9 11 0

 14 20 19

 14 19 11

 18 1 14

 18 14 20

 20 24 1

 20 1 18

 24 9 25

 24 25 1

 19 23 19

 19 19 27

 27 23 23

 27 23 19

 23 20 18

 23 18 23

 18 22 19

 18 19 19

 27 18 22

 27 22 18

 18 27 19

 18 19 22

 23 23 20

 23 20 20

 23 18 23

 23 23 23

 18 27 18

 18 18 23

 24 23 24

 24 24 11

 20 20 23

 20 23 24

 20 23 23

 20 23 23

 11 24 1

 11 1 12

 12 11 24

 12 24 11

 11 20 24

 11 24 24

 12 1 4

 12 4 0

 3 11 1

 3 1 12

 11 12 11

 11 11 1

 1 1 12

 1 12 3

 14 4 1

 14 1 1

 4 3 12

 4 12 1

 14 14 11

 14 11 11

 24 4 14

 24 14 14

 4 14 1

 4 1 14

 6 1 1

 6 1 12

 12 1 1

 12 1 6

 1 24 14

 1 14 1

 27 1 14

 27 14 32

 22 23 1

 22 1 27

 23 3 17

 23 17 1

 14 22 20

 14 20 19

 19 18 22

 19 22 14

 18 22 27

 18 27 22

 12 18 14

 12 14 23

 32 4 18

 32 18 12

 4 19 14

 4 14 18

 12 32 11

 12 11 14

 27 20 32

 27 32 12

 20 32 12

 20 12 32

 1 24 24

 1 24 11

 27 0 24

 27 24 1

 0 27 12

 0 12 24

 37 30 23

 37 23 33

 32 14 30

 32 30 37

 14 27 1

 14 1 30

 23 30 19

 23 19 23

 20 19 30

 20 30 23

 19 32 31

 19 31 30

 27 19 18

 27 18 18

 18 23 19

 18 19 27

 23 20 23

 23 23 19

 25 4 24

 25 24 3

 29 23 4

 29 4 25

 23 18 27

 23 27 4

 1 0 4

 1 4 23

 7 2 0

 7 0 1

 2 16 13

 2 13 0

 24 14 18

 24 18 18

 1 17 14

 1 14 24

 17 7 1

 17 1 14

 19 20 23

 19 23 23

 20 14 20

 20 20 19

 14 1 24

 14 24 20

 30 23 19

 30 19 22

 27 19 23

 27 23 30

 19 20 19

 19 19 23

 22 19 19

 22 19 19

 19 19 19

 19 19 22

 19 27 30

 19 30 19

 23 20 18

 23 18 20

 20 20 20

 20 20 23

 20 19 22

 20 22 20

 11 20 20

 11 20 11

 11 24 20

 11 20 11

 24 20 23

 24 23 20

 11 14 14

 11 14 1

 12 1 14

 12 14 11

 1 11 11

 1 11 14

 1 11 1

 1 1 3

 0 4 11

 0 11 1

 4 12 11

 4 11 11

 14 4 11

 14 11 1

 3 12 4

 3 4 14

 12 0 1

 12 1 4

 24 11 24

 24 24 11

 11 11 11

 11 11 24

 11 3 14

 11 14 11

 14 14 20

 14 20 23

 12 1 14

 12 14 14

 1 11 24

 1 24 14

 20 11 18

 20 18 27

 1 15 11

 1 11 20

 15 12 14

 15 14 11

 22 22 18

 22 18 30

 32 14 22

 32 22 22

 14 1 20

 14 20 22

 24 30 19

 24 19 19

 19 20 30

 19 30 24

 20 32 22

 20 22 30

 14 18 20

 14 20 20

 23 14 18

 23 18 14

 14 19 24

 14 24 18

 24 20 23

 24 23 20

 14 11 20

 14 20 24

 11 23 14

 11 14 20

 14 14 20

 14 20 14

 11 24 14

 11 14 14

 24 14 24

 24 24 14

 22 14 20

 22 20 24

 33 23 14

 33 14 22

 23 11 14

 23 14 14

 27 30 23

 27 23 14

 32 36 30

 32 30 27

 36 33 22

 36 22 30

 18 20 22

 18 22 20

 23 19 20

 23 20 18

 19 32 27

 19 27 20

 19 23 23

 19 23 19

 18 18 23

 18 23 19

 18 23 18

 18 18 23

 14 18 23

 14 23 19

 3 24 18

 3 18 14

 24 18 19

 24 19 18

 6 12 4

 6 4 9

 7 6 12

 7 12 6

 6 3 14

 6 14 12

 14 25 11

 14 11 20

 29 15 25

 29 25 14

 15 75 13

 15 13 25

 20 20 19

 20 19 18

 23 4 20

 23 20 20

 4 29 14

 4 14 20

 20 18 20

 20 20 19

 18 18 18

 18 18 20

 18 23 20

 18 20 18

 18 23 20

 18 20 18

 23 23 23

 23 23 18

 23 18 20

 23 20 23

 19 18 18

 19 18 19

 22 19 18

 22 18 19

 19 23 18

 19 18 18

 22 19 23

 22 23 30

 19 19 19

 19 19 22

 19 22 19

 19 19 19

 18 19 23

 18 23 22

 20 18 19

 20 19 18

 18 19 22

 18 22 19

 24 23 23

 24 23 24

 11 20 23

 11 23 24

 20 20 18

 20 18 23

 14 14 24

 14 24 14

 1 14 14

 1 14 14

 14 11 24

 14 24 14

 4 4 20

 4 20 11

 3 1 4

 3 4 4

 1 1 14

 1 14 4

 14 11 14

 14 14 11

 1 11 11

 1 11 14

 11 3 4

 11 4 11

 23 14 20

 23 20 24

 11 24 14

 11 14 23

 24 1 14

 24 14 14

 18 23 20

 18 20 18

 23 20 23

 23 23 18

 20 11 23

 20 23 23

 23 22 24

 23 24 4

 27 18 22

 27 22 23

 18 23 18

 18 18 22

 18 11 17

 18 17 1

 30 18 11

 30 11 18

 18 27 23

 18 23 11

 19 22 24

 19 24 23

 19 19 22

 19 22 19

 19 30 18

 19 18 22

 23 23 22

 23 22 23

 20 20 23

 20 23 23

 20 19 19

 20 19 23

 23 18 18

 23 18 19

 20 23 18

 20 18 23

 23 20 23

 23 23 18

 20 20 23

 20 23 18

 14 20 20

 14 20 20

 20 20 23

 20 23 20

 20 24 19

 20 19 20

 24 20 24

 24 24 20

 20 14 20

 20 20 24

 22 14 18

 22 18 23

 14 23 14

 14 14 22

 23 24 20

 23 20 14

 22 24 27

 22 27 23

 20 22 24

 20 24 22

 22 14 22

 22 22 24

 18 18 19

 18 19 19

 19 23 18

 19 18 18

 23 20 22

 23 22 18

 23 22 23

 23 23 19

 19 23 22

 19 22 23

 23 19 18

 23 18 22

 11 18 23

 11 23 18

 9 4 18

 9 18 11

 4 19 23

 4 23 18

 12 11 20

 12 20 22

 15 13 11

 15 11 12

 13 9 11

 13 11 11

 13 1 1

 13 1 9

 28 13 1

 28 1 13

 13 15 12

 13 12 1

 19 1 4

 19 4 18

 20 11 1

 20 1 19

 11 26 13

 11 13 1

 23 23 18

 23 18 24

 18 19 23

 18 23 23

 19 20 19

 19 19 23

 20 19 23

 20 23 18

 19 20 19

 19 19 20

 20 18 23

 20 23 19

 23 19 23

 23 23 18

 18 20 19

 18 19 23

 20 19 20

 20 20 19

 19 18 20

 19 20 19

 19 18 18

 19 18 19

 18 18 23

 18 23 18

 18 19 19

 18 19 30

 30 23 19

 30 19 18

 23 19 19

 23 19 19

 19 22 22

 19 22 22

 22 23 22

 22 22 19

 23 30 18

 23 18 22

 20 19 18

 20 18 22

 24 23 19

 24 19 20

 23 22 19

 23 19 19

 24 18 20

 24 20 18

 14 24 18

 14 18 24

 24 24 20

 24 20 18

 24 18 20

 24 20 18

 11 20 18

 11 18 24

 20 14 24

 20 24 18

 24 20 23

 24 23 20

 11 14 20

 11 20 24

 14 11 24

 14 24 20

 23 23 18

 23 18 20

 24 20 23

 24 23 23

 20 11 24

 20 24 23

 19 20 22

 19 22 19

 18 20 20

 18 20 19

 20 24 23

 20 23 20

 6 1 20

 6 20 1

 4 24 1

 4 1 6

 24 18 19

 24 19 1

 22 12 20

 22 20 19

 23 24 12

 23 12 22

 24 1 13

 24 13 12

 18 18 22

 18 22 19

 23 22 18

 23 18 18

 22 23 22

 22 22 18

 24 19 23

 24 23 19

 19 18 19

 19 19 24

 18 23 18

 18 18 19

 18 18 23

 18 23 19

 18 23 18

 18 18 18

 23 19 24

 23 24 18

 18 18 19

 18 19 19

 20 19 18

 20 18 18

 19 18 18

 19 18 18

 19 23 22

 19 22 19

 23 18 23

 23 23 19

 18 20 18

 18 18 23

 22 18 19

 22 19 23

 23 27 18

 23 18 22

 27 23 19

 27 19 18

 18 23 22

 18 22 18

 19 19 23

 19 23 18

 19 23 22

 19 22 23

 24 18 18

 24 18 19

 19 23 18

 19 18 24

 23 19 18

 23 18 18

 23 18 20

 23 20 19

 18 23 18

 18 18 23

 23 19 24

 23 24 18

 20 22 23

 20 23 22

 22 20 22

 22 22 20

 20 18 23

 20 23 22

 12 19 23

 12 23 19

 9 1 19

 9 19 12

 1 22 20

 1 20 19

 17 3 4

 17 4 1

 5 17 3

 5 3 17

 17 9 12

 17 12 3

 23 4 12

 23 12 18

 18 4 4

 18 4 23

 4 7 10

 4 10 4

 19 23 18

 19 18 20

 24 18 23

 24 23 19

 18 18 23

 18 23 23

 19 20 22

 19 22 20

 18 23 20

 18 20 19

 23 24 19

 23 19 20

 23 18 18

 23 18 23

 18 23 18

 18 18 23

 23 18 19

 23 19 18

 18 18 20

 18 20 23

 19 20 18

 19 18 18

 20 18 23

 20 23 18

 27 19 18

 27 18 23

 30 19 19

 30 19 27

 19 19 18

 19 18 19

 22 18 22

 22 22 18

 22 22 18

 22 18 22

 22 30 27

 22 27 18

 18 18 27

 18 27 22

 22 18 18

 22 18 18

 18 22 22

 18 22 18

 20 19 22

 20 22 22

 18 20 19

 18 19 20

 20 22 18

 20 18 19

 23 19 22

 23 22 19

 18 20 19

 18 19 23

 20 18 20

 20 20 19

 18 18 19

 18 19 19

 20 23 18

 20 18 18

 23 18 23

 23 23 18

 20 23 19

 20 19 1

 20 18 23

 20 23 20

 18 20 18

 18 18 23

 20 1 29

 20 29 1

 19 22 1

 19 1 20

 22 20 20

 22 20 1

 24 19 24

 24 24 18

 1 20 19

 1 19 24

 20 19 20

 20 20 19

 24 4 18

 24 18 23

 3 17 4

 3 4 24

 17 1 24

 17 24 4

 19 18 18

 19 18 23

 19 20 18

 19 18 19

 20 3 24

 20 24 18

 18 23 23

 18 23 23

 19 22 23

 19 23 18

 22 19 19

 22 19 23

 19 19 22

 19 22 19

 19 23 19

 19 19 19

 23 19 18

 23 18 19

 18 19 18

 18 18 22

 19 23 19

 19 19 18

 23 19 19

 23 19 19

 18 19 23

 18 23 19

 19 19 19

 19 19 18

 19 19 18

 19 18 19

 18 18 19

 18 19 20

 19 22 18

 19 18 18

 22 19 18

 22 18 18

 18 18 19

 18 19 18

 23 19 18

 23 18 18

 19 19 18

 19 18 18

 19 23 19

 19 19 20

 18 22 23

 18 23 19

 22 23 18

 22 18 23

 18 23 19

 18 19 23

 19 18 23

 19 23 18

 18 18 19

 18 19 23

 24 18 23

 24 23 23

 19 20 18

 19 18 24

 20 19 18

 20 18 18

 23 23 23

 23 23 20

 22 23 23

 22 23 23

 23 19 24

 23 24 23

 20 23 18

 20 18 18

 19 23 23

 19 23 20

 23 22 23

 23 23 23

 1 19 18

 1 18 18

 1 4 19

 1 19 1

 4 19 20

 4 20 19

 1 11 20

 1 20 23

 6 6 11

 6 11 1

 6 1 1

 6 1 11

 1 4 19

 1 19 18

 13 13 4

 13 4 1

 13 6 1

 13 1 4

 4 1 23

 4 23 23

 13 13 1

 13 1 4

 13 13 1

 13 1 1

 1 1 20

 1 20 23

 2 7 1

 2 1 1

 7 13 4

 7 4 1

 17 29 11

 17 11 9

 57 7 29

 57 29 17

 7 2 1

 7 1 29

 4 3 5

 4 5 13

 18 12 3

 18 3 4

 12 7 26

 12 26 3

 14 11 17

 14 17 0

 20 18 11

 20 11 14

 18 18 4

 18 4 11

 19 14 24

 19 24 20

 20 22 14

 20 14 19

 22 20 14

 22 14 14

 23 24 19

 23 19 23

 23 18 24

 23 24 23

 18 20 19

 18 19 24

 23 23 19

 23 19 18

 23 20 23

 23 23 23

 20 23 23

 20 23 23

 18 20 18

 18 18 19

 23 18 20

 23 20 18

 18 23 23

 18 23 20

 22 23 18

 22 18 23

 18 22 23

 18 23 22

 22 23 18

 22 18 23

 22 23 22

 22 22 23

 22 27 23

 22 23 22

 27 18 22

 27 22 23

 19 23 27

 19 27 22

 22 22 23

 22 23 19

 22 22 22

 22 22 23

 23 18 22

 23 22 19

 19 22 18

 19 18 23

 22 22 19

 22 19 18

 27 18 22

 27 22 19

 19 19 18

 19 18 27

 19 19 23

 19 23 18

 6 1 18

 6 18 9

 1 19 1

 1 1 6

 19 19 27

 19 27 1

 23 4 11

 23 11 20

 18 24 4

 18 4 23

 24 1 15

 24 15 4

 18 20 18

 18 18 23

 23 18 20

 23 20 18

 18 18 23

 18 23 20

 23 23 23

 23 23 18

 23 18 23

 23 23 23

 18 23 18

 18 18 23

 18 23 23

 18 23 18

 23 23 23

 23 23 18

 23 23 23

 23 23 23

 18 18 18

 18 18 23

 19 22 18

 19 18 18

 22 23 18

 22 18 18

 23 23 20

 23 20 19

 22 18 23

 22 23 23

 18 19 18

 18 18 23

 19 19 23

 19 23 23

 19 23 19

 19 19 19

 23 22 23

 23 23 19

 18 23 18

 18 18 20

 20 19 23

 20 23 18

 19 19 19

 19 19 23

 23 19 18

 23 18 23

 18 19 19

 18 19 23

 19 20 18

 19 18 19

 18 23 23

 18 23 23

 20 19 23

 20 23 18

 19 18 23

 19 23 23

 23 20 18

 23 18 18

 23 19 20

 23 20 23

 19 20 18

 19 18 20

 19 18 23

 19 23 18

 23 23 18

 23 18 19

 23 23 23

 23 23 18

 19 23 23

 19 23 23

 20 23 23

 20 23 19

 23 23 19

 23 19 23

 18 24 18

 18 18 24

 18 18 24

 18 24 18

 18 20 19

 18 19 24

 19 23 18

 19 18 23

 18 18 23

 18 23 19

 18 18 18

 18 18 23

 23 23 18

 23 18 23

 23 20 23

 23 23 23

 20 18 19

 20 19 23

 19 18 18

 19 18 23

 18 19 18

 18 18 19

 19 23 23

 19 23 18

 18 20 18

 18 18 20

 23 23 20

 23 20 18

 23 18 19

 23 19 20

 18 18 19

 18 19 23

 23 20 18

 23 18 18

 20 23 18

 20 18 18

 4 18 20

 4 20 19

 9 11 18

 9 18 4

 11 23 18

 11 18 18

 3 24 20

 3 20 19

 6 13 24

 6 24 3

 13 9 4

 13 4 24

 11 14 20

 11 20 18

 13 7 14

 13 14 11

 7 6 3

 7 3 14

 11 1 19

 11 19 20

 26 13 1

 26 1 11

 13 13 11

 13 11 1

 6 25 20

 6 20 29

 57 7 25

 57 25 6

 7 26 11

 7 11 25

 20 0 0

 20 0 0

 20 24 0

 20 0 20

 24 0 29

 24 29 0

 18 14 24

 18 24 23

 23 19 14

 23 14 18

 19 20 20

 19 20 14

 11 23 14

 11 14 3

 18 19 23

 18 23 11

 19 23 18

 19 18 23

 14 12 15

 14 15 3

 19 18 12

 19 12 14

 18 18 11

 18 11 12

 18 18 11

 18 11 23

 23 18 18

 23 18 18

 18 19 14

 18 14 18

 19 23 18

 19 18 24

 23 22 23

 23 23 19

 22 23 18

 22 18 23

 19 18 23

 19 23 18

 22 27 18

 22 18 19

 27 23 19

 27 19 18

 19 22 23

 19 23 18

 19 22 22

 19 22 19

 22 22 19

 22 19 22

 19 23 18

 19 18 20

 19 22 23

 19 23 19

 22 19 19

 22 19 23

 24 20 18

 24 18 20

 9 18 20

 9 20 24

 18 19 19

 18 19 20

 14 1 18

 14 18 18

 3 17 1

 3 1 14

 17 9 24

 17 24 1

 18 20 23

 18 23 18

 20 11 20

 20 20 18

 11 3 14

 11 14 20

 18 18 18

 18 18 23

 23 18 18

 23 18 18

 18 20 18

 18 18 18

 23 23 20

 23 20 23

 18 23 23

 18 23 23

 23 23 18

 23 18 23

 18 23 23

 18 23 23

 18 23 23

 18 23 18

 23 18 23

 23 23 23

 23 18 18

 23 18 23

 23 18 18

 23 18 23

 18 18 18

 18 18 18

 18 18 18

 18 18 19

 19 20 18

 19 18 18

 20 23 23

 20 23 18

 23 23 20

 23 20 23

 23 23 23

 23 23 23

 23 19 18

 23 18 23

 23 20 23

 23 23 23

 20 18 20

 20 20 23

 18 23 23

 18 23 20

 23 18 23

 23 23 18

 23 18 18

 23 18 23

 18 20 23

 18 23 18

 19 23 18

 19 18 23

 23 23 23

 23 23 19

 23 23 23

 23 23 23

 20 20 18

 20 18 19

 18 18 20

 18 20 20

 18 23 19

 18 19 20

 24 18 20

 24 20 19

 18 23 18

 18 18 24

 23 18 20

 23 20 18

 19 23 23

 19 23 18

 23 23 23

 23 23 19

 23 18 24

 23 24 23

 19 23 23

 19 23 18

 24 18 23

 24 23 19

 18 23 19

 18 19 23

 18 18 18

 18 18 23

 23 18 18

 23 18 18

 18 24 19

 18 19 18

 20 19 23

 20 23 19

 23 18 19

 23 19 20

 18 23 18

 18 18 19

 19 18 20

 19 20 23

 23 18 18

 23 18 19

 18 23 20

 18 20 18

 22 20 27

 22 27 20

 20 18 20

 20 20 22

 18 23 19

 18 19 20

 22 24 22

 22 22 20

 23 19 24

 23 24 22

 19 20 22

 19 22 24

 18 20 19

 18 19 23

 19 20 20

 19 20 18

 20 23 22

 20 22 20

 23 18 19

 23 19 24

 19 20 18

 19 18 23

 20 19 18

 20 18 18

 20 23 18

 20 18 23

 18 20 23

 18 23 20

 20 19 23

 20 23 23

 19 20 23

 19 23 23

 20 19 20

 20 20 19

 19 18 20

 19 20 20

 14 23 23

 14 23 23

 29 20 23

 29 23 14

 20 20 19

 20 19 23

 11 4 18

 11 18 18

 13 6 4

 13 4 11

 6 29 14

 6 14 4

 5 0 4

 5 4 10

 38 5 0

 38 0 5

 5 13 11

 5 11 0

 18 4 14

 18 14 18

 23 24 4

 23 4 18

 24 0 6

 24 6 4

 7 1 11

 7 11 1

 3 14 1

 3 1 7

 14 23 18

 14 18 1

 23 3 14

 23 14 23

 23 11 3

 23 3 23

 11 3 13

 11 13 3

 23 20 19

 23 19 18

 24 18 20

 24 20 23

 18 23 23

 18 23 20

 23 19 23

 23 23 18

 18 23 19

 18 19 23

 23 24 23

 23 23 19

 19 23 18

 19 18 24

 18 23 23

 18 23 19

 23 18 23

 23 23 23

 22 20 22

 22 22 20

 20 18 20

 20 20 22

 18 18 19

 18 19 20

 19 23 19

 19 19 23

 20 18 23

 20 23 19

 18 20 22

 18 22 23

 20 18 18

 20 18 23

 18 18 18

 18 18 20

 18 20 19

 18 19 18

 20 23 20

 20 20 19

 18 23 23

 18 23 20

 23 18 20

 23 20 23

 20 18 23

 20 23 19

 23 18 18

 23 18 20

 18 18 20

 18 20 18

 18 18 23

 18 23 18

 23 20 18

 23 18 18

 20 23 20

 20 20 18

 19 23 23

 19 23 20

 23 23 23

 23 23 19

 23 23 18

 23 18 23

 19 20 18

 19 18 20

 23 18 20

 23 20 19

 18 23 19

 18 19 20

 23 18 18

 23 18 23

 19 18 18

 19 18 23

 18 23 19

 18 19 18

 18 18 23

 18 23 23

 23 20 18

 23 18 18

 20 19 23

 20 23 18

 23 18 18

 23 18 18

 23 23 18

 23 18 23

 23 23 18

 23 18 18

 20 27 20

 20 20 19

 18 23 27

 18 27 20

 23 23 23

 23 23 27

 23 19 23

 23 23 23

 23 18 19

 23 19 23

 18 18 20

 18 20 19

 23 23 20

 23 20 22

 19 18 23

 19 23 23

 18 23 23

 18 23 23

 24 22 24

 24 24 22

 19 20 22

 19 22 24

 20 19 23

 20 23 22

 23 27 20

 23 20 23

 18 23 27

 18 27 23

 23 19 24

 23 24 27

 19 20 23

 19 23 23

 18 23 20

 18 20 19

 23 18 23

 23 23 20

 23 23 18

 23 18 18

 23 18 23

 23 23 23

 18 18 19

 18 19 23

 23 19 23

 23 23 19

 19 23 19

 19 19 23

 23 23 23

 23 23 19

 19 23 23

 19 23 23

 23 20 23

 23 23 19

 20 19 23

 20 23 23

 18 20 18

 18 18 20

 20 27 20

 20 20 18

 27 23 19

 27 19 20

 18 24 23

 18 23 23

 20 22 24

 20 24 18

 22 20 18

 22 18 24

 24 20 11

 24 11 9

 23 19 20

 23 20 24

 19 20 18

 19 18 20

 20 9 6

 20 6 7

 24 19 9

 24 9 20

 19 23 24

 19 24 9

 14 1 6

 14 6 13

 23 18 1

 23 1 14

 18 24 20

 18 20 1

 4 24 17

 4 17 3

 23 23 24

 23 24 4

 23 23 14

 23 14 24

 23 23 4

 23 4 18

 23 23 23

 23 23 23

 23 23 4

 23 4 23

 18 19 18

 18 18 19

 18 18 19

 18 19 18

 18 23 23

 18 23 19

 2 4 1

 2 1 5

 10 4 4

 10 4 2

 4 18 18

 4 18 4

 18 1 14

 18 14 23

 18 14 1

 18 1 18

 14 25 13

 14 13 1

 1 19 23

 1 23 19

 1 11 19

 1 19 1

 11 18 18

 11 18 19

 11 4 23

 11 23 23

 12 2 4

 12 4 11

 2 1 1

 2 1 4

 22 23 22

 22 22 14

 23 14 23

 23 23 22

 14 12 11

 14 11 23

 23 23 22

 23 22 24

 18 19 23

 18 23 23

 19 23 22

 19 22 23

 23 23 23

 23 23 23

 18 23 23

 18 23 23

 23 18 23

 23 23 23

 19 23 23

 19 23 23

 24 18 23

 24 23 19

 18 18 23

 18 23 23

 19 23 23

 19 23 18

 20 22 23

 20 23 19

 22 24 19

 22 19 23

 18 20 23

 18 23 20

 23 19 20

 23 20 18

 19 20 19

 19 19 20

 18 18 23

 18 23 18

 23 18 18

 23 18 18

 18 23 18

 18 18 18

 18 18 19

 18 19 20

 19 20 18

 19 18 18

 20 23 18

 20 18 18

 23 19 18

 23 18 20

 19 23 19

 19 19 23

 23 19 18

 23 18 19

 19 23 18

 19 18 23

 18 23 23

 18 23 19

 23 19 23

 23 23 23

 18 23 18

 18 18 20

 20 23 23

 20 23 18

 23 18 19

 23 19 23

 19 23 23

 19 23 18

 20 18 23

 20 23 19

 18 20 18

 18 18 23

 20 18 18

 20 18 23

 23 18 18

 23 18 20

 18 20 19

 18 19 18

 19 23 18

 19 18 23

 23 23 23

 23 23 19

 23 23 20

 23 20 23

 23 20 18

 23 18 18

 18 18 20

 18 20 23

 18 23 19

 18 19 20

 20 18 20

 20 20 23

 19 20 18

 19 18 20

 20 18 23

 20 23 18

 23 18 19

 23 19 18

 23 23 18

 23 18 23

 23 19 20

 23 20 18

 23 23 23

 23 23 22

 22 20 23

 22 23 23

 20 23 23

 20 23 23

 20 19 23

 20 23 19

 22 24 19

 22 19 20

 24 22 23

 24 23 19

 23 23 23

 23 23 18

 23 20 23

 23 23 23

 20 22 20

 20 20 23

 18 18 18

 18 18 23

 23 23 18

 23 18 18

 23 23 23

 23 23 18

 23 23 20

 23 20 23

 18 18 23

 18 23 23

 18 23 18

 18 18 23

 23 18 20

 23 20 18

 19 23 18

 19 18 23

 23 18 23

 23 23 18

 23 23 23

 23 23 18

 23 23 23

 23 23 23

 23 19 23

 23 23 23

 14 18 11

 14 11 12

 20 18 18

 20 18 14

 18 23 23

 18 23 18

 11 14 17

 11 17 15

 23 23 14

 23 14 11

 23 20 14

 23 14 14

 17 0 2

 17 2 57

 9 11 0

 9 0 17

 11 23 11

 11 11 0

 1 9 5

 1 5 5

 18 4 9

 18 9 1

 4 3 15

 4 15 9

 4 11 2

 4 2 10

 19 18 11

 19 11 4

 18 18 1

 18 1 11

 26 25 21

 26 21 43

 5 1 25

 5 25 26

 1 19 4

 1 4 25

 4 12 4

 4 4 19

 9 6 12

 9 12 4

 6 5 13

 6 13 12

 19 23 18

 19 18 23

 23 14 23

 23 23 19

 14 9 4

 14 4 23

 23 23 23

 23 23 18

 19 23 23

 19 23 23

 23 23 19

 23 19 23

 19 18 22

 19 22 24

 23 23 18

 23 18 19

 23 19 23

 23 23 18

 27 14 22

 27 22 24

 14 22 14

 14 14 27

 22 23 19

 22 19 14

 22 24 22

 22 22 14

 24 22 24

 24 24 22

 22 14 27

 22 27 24

 24 20 20

 24 20 9

 23 23 20

 23 20 24

 23 24 22

 23 22 20

 1 1 6

 1 6 17

 23 23 1

 23 1 1

 23 23 24

 23 24 1

 1 11 13

 1 13 15

 18 23 11

 18 11 1

 23 23 1

 23 1 11

 12 11 7

 12 7 13

 20 23 11

 20 11 12

 23 18 1

 23 1 11

 4 11 5

 4 5 13

 18 23 11

 18 11 4

 23 20 12

 23 12 11

 14 1 13

 14 13 7

 20 19 1

 20 1 14

 19 18 4

 19 4 1

 4 3 2

 4 2 13

 20 18 3

 20 3 4

 18 20 14

 18 14 3

 11 4 13

 11 13 15

 23 18 4

 23 4 11

 18 20 4

 18 4 4

 11 12 6

 11 6 12

 20 18 12

 20 12 11

 18 23 11

 18 11 12

 18 23 24

 18 24 18

 18 23 23

 18 23 18

 23 20 11

 23 11 23

 18 18 23

 18 23 23

 23 18 18

 23 18 18

 18 18 18

 18 18 18

 19 18 23

 19 23 20

 23 18 18

 23 18 19

 18 23 18

 18 18 18

 18 18 23

 18 23 23

 18 18 18

 18 18 18

 18 23 19

 18 19 18

 18 23 23

 18 23 23

 23 20 23

 23 23 18

 20 18 18

 20 18 23

 18 23 19

 18 19 23

 18 19 23

 18 23 18

 19 23 18

 19 18 23

 20 18 20

 20 20 19

 22 23 18

 22 18 20

 23 18 18

 23 18 18

 20 19 20

 20 20 19

 19 23 19

 19 19 20

 23 22 20

 23 20 19

 18 23 20

 18 20 23

 18 23 23

 18 23 18

 23 19 20

 23 20 23

 19 18 23

 19 23 20

 23 18 18

 23 18 19

 18 18 18

 18 18 18

 24 23 20

 24 20 0

 23 20 23

 23 23 24

 20 23 19

 20 19 23

 14 11 6

 14 6 17

 18 20 11

 18 11 14

 20 23 24

 20 24 11

 12 1 7

 12 7 10

 18 23 1

 18 1 12

 23 18 14

 23 14 1

 15 0 2

 15 2 57

 12 11 0

 12 0 15

 11 18 12

 11 12 0

 14 0 11

 14 11 23

 9 13 0

 9 0 14

 13 47 2

 13 2 0

 23 19 23

 23 23 23

 19 4 19

 19 19 23

 4 9 14

 4 14 19

 23 23 23

 23 23 23

 23 18 23

 23 23 23

 18 19 23

 18 23 23

 18 20 18

 18 18 23

 18 23 20

 18 20 18

 23 23 23

 23 23 20

 19 20 19

 19 19 24

 24 22 20

 24 20 19

 22 18 18

 22 18 20

 18 24 19

 18 19 23

 24 22 24

 24 24 18

 22 24 19

 22 19 24

 20 14 24

 20 24 6

 14 22 14

 14 14 20

 22 24 18

 22 18 14

 29 0 6

 29 6 5

 9 20 0

 9 0 29

 20 14 20

 20 20 0

 20 4 11

 20 11 18

 18 24 4

 18 4 20

 24 12 15

 24 15 4

 23 23 24

 23 24 22

 23 23 23

 23 23 23

 23 18 20

 23 20 23

 19 18 20

 19 20 19

 20 23 18

 20 18 19

 23 23 23

 23 23 18

 23 23 23

 23 23 23

 23 23 23

 23 23 23

 23 20 19

 23 19 23

 19 23 18

 19 18 18

 23 23 23

 23 23 19

 23 23 23

 23 23 23

 18 23 23

 18 23 18

 23 19 23

 23 23 18

 19 23 19

 19 19 23

 24 18 23

 24 23 18

 19 20 18

 19 18 24

 20 23 18

 20 18 18

 11 19 4

 11 4 12

 19 20 19

 19 19 11

 20 19 24

 20 24 19

 1 11 15

 1 15 15

 23 20 11

 23 11 1

 20 19 11

 20 11 11

 11 12 13

 11 13 10

 20 23 12

 20 12 11

 23 23 1

 23 1 12

 6 25 13

 6 13 78

 0 20 25

 0 25 6

 20 20 11

 20 11 25

 19 4 1

 19 1 18

 23 11 4

 23 4 19

 11 26 13

 11 13 4

 23 23 20

 23 20 23

 23 23 23

 23 23 23

 23 23 19

 23 19 23

 19 18 18

 19 18 23

 23 23 18

 23 18 19

 23 23 23

 23 23 18

 22 18 18

 22 18 23

 23 18 18

 23 18 22

 18 23 19

 18 19 18

 20 24 24

 20 24 9

 24 19 24

 24 24 20

 19 23 22

 19 22 24

 14 4 17

 14 17 13

 23 19 4

 23 4 14

 19 24 20

 19 20 4

 6 0 13

 6 13 75

 6 24 0

 6 0 6

 24 23 14

 24 14 0

 1 9 6

 1 6 0

 18 11 9

 18 9 1

 11 13 13

 11 13 9

 14 19 1

 14 1 22

 22 24 19

 22 19 14

 24 18 1

 24 1 19

 23 22 24

 23 24 18

 19 20 22

 19 22 23

 20 22 14

 20 14 22

 23 23 24

 23 24 18

 23 23 23

 23 23 23

 23 19 23

 23 23 23

 19 18 23

 19 23 18

 18 18 18

 18 18 19

 18 23 23

 18 23 18

 20 23 23

 20 23 22

 18 23 23

 18 23 20

 23 18 19

 23 19 23

 4 18 11

 4 11 0

 18 23 18

 18 18 4

 23 18 20

 23 20 18

 17 9 6

 17 6 10

 12 4 9

 12 9 17

 4 18 4

 4 4 9

 19 12 11

 19 11 20

 18 1 12

 18 12 19

 1 2 2

 1 2 12

 19 18 19

 19 19 20

 23 20 18

 23 18 19

 20 18 19

 20 19 18

 11 18 11

 11 11 3

 23 18 18

 23 18 11

 18 23 19

 18 19 18

 4 1 13

 4 13 17

 23 18 1

 23 1 4

 18 23 11

 18 11 1

 13 0 2

 13 2 57

 9 24 0

 9 0 13

 24 23 4

 24 4 0

 12 0 2

 12 2 2

 22 1 0

 22 0 12

 1 0 15

 1 15 0

 12 14 7

 12 7 13

 18 24 14

 18 14 12

 24 22 12

 24 12 14

 12 14 5

 12 5 6

 18 24 14

 18 14 12

 24 18 12

 24 12 14

 12 4 7

 12 7 13

 18 23 4

 18 4 12

 23 18 12

 23 12 4

 3 11 2

 3 2 7

 22 23 11

 22 11 3

 23 18 12

 23 12 11

 15 9 10

 15 10 21

 0 11 9

 0 9 15

 11 22 3

 11 3 9

 4 6 2

 4 2 5

 20 11 6

 20 6 4

 11 21 7

 11 7 6

 1 3 5

 1 5 2

 20 19 3

 20 3 1

 19 20 4

 19 4 3

 13 0 2

 13 2 57

 3 11 0

 3 0 13

 11 20 1

 11 1 0

 2 9 5

 2 5 78

 9 9 2

 9 2 5

 9 7 75

 9 75 2

 6 11 9

 6 9 2

 11 14 9

 11 9 9

 14 0 7

 14 7 9

 6 11 11

 6 11 6

 11 14 14

 11 14 11

 14 4 0

 14 0 14

 15 3 11

 15 11 6

 3 23 14

 3 14 11

 23 12 4

 23 4 14

 12 3 13

 12 13 4

 10 3 3

 10 3 15

 3 1 23

 3 23 3

 1 23 12

 1 12 23

 23 3 3

 23 3 12

 3 17 21

 3 21 3

 15 3 1

 15 1 3

 3 1 23

 3 23 1

 1 14 3

 1 3 23

 14 0 17

 14 17 3

 17 11 1

 17 1 3

 11 1 14

 11 14 1

 1 4 0

 1 0 14

 29 14 1

 29 1 11

 14 1 4

 14 4 1

 1 3 17

 1 17 4

 17 12 14

 17 14 29

 12 23 1

 12 1 14

 23 3 3

 23 3 1

 3 15 10

 3 10 3

 3 6 5

 3 5 21

 6 9 26

 6 26 5

 10 1 12

 10 12 17

 1 24 23

 1 23 12

 24 11 3

 24 3 23

 11 6 15

 11 15 3

 11 12 3

 11 3 2

 12 23 6

 12 6 3

 23 6 9

 23 9 6

 6 7 26

 6 26 9

 9 14 24

 9 24 1

 14 14 11

 14 11 24

 14 9 6

 14 6 11

 9 12 17

 9 17 2

 12 14 11

 12 11 17

 14 14 12

 14 12 11

 14 12 23

 14 23 12

 12 9 6

 12 6 23

 9 26 7

 9 7 6

 25 11 14

 25 14 9

 11 24 14

 11 14 14

 24 20 9

 24 9 14

 14 1 9

 14 9 17

 1 23 12

 1 12 9

 23 1 14

 23 14 12

 1 11 14

 1 14 14

 11 6 12

 11 12 14

 6 5 9

 6 9 12

 6 11 11

 6 11 25

 11 23 24

 11 24 11

 23 24 20

 23 20 24

 24 24 14

 24 14 20

 24 23 1

 24 1 14

 23 14 23

 23 23 1

 14 11 1

 14 1 23

 11 7 11

 11 11 1

 3 14 11

 3 11 6

 14 23 23

 14 23 11

 23 23 24

 23 24 23

 23 23 24

 23 24 24

 23 23 23

 23 23 24

 23 3 14

 23 14 23

 3 6 11

 3 11 14

 12 24 14

 12 14 3

 24 23 23

 24 23 14

 23 24 23

 23 23 23

 24 14 23

 24 23 23

 14 3 23

 14 23 23

 3 0 3

 3 3 23

 0 26 6

 0 6 3

 15 12 12

 15 12 10

 12 23 24

 12 24 12

 23 24 23

 23 23 24

 24 20 24

 24 24 23

 20 25 14

 20 14 24

 25 15 3

 25 3 14

 15 21 0

 15 0 3

 15 11 12

 15 12 15

 11 23 23

 11 23 12

 23 14 24

 23 24 23

 14 25 20

 14 20 24

 17 3 11

 17 11 15

 3 23 23

 3 23 11

 23 3 14

 23 14 23

 3 6 25

 3 25 14

 57 9 3

 57 3 17

 9 6 23

 9 23 3

 6 0 3

 6 3 23

 0 21 6

 0 6 3

 21 10 6

 21 6 9

 10 10 0

 10 0 6

 5 9 5

 5 5 78

 9 3 7

 9 7 5

 3 0 26

 3 26 7

 13 12 9

 13 9 5

 12 23 3

 12 3 9

 23 3 0

 23 0 3

 3 15 10

 3 10 0

 10 1 12

 10 12 13

 1 24 23

 1 23 12

 24 11 3

 24 3 23

 11 17 15

 11 15 3

 15 9 10

 15 10 16

 9 9 2

 9 2 10

 9 10 78

 9 78 2

 11 14 24

 11 24 1

 14 11 11

 14 11 24

 11 25 17

 11 17 11

 1 14 9

 1 9 15

 14 3 9

 14 9 9

 3 15 10

 3 10 9

 3 24 14

 3 14 11

 24 12 11

 24 11 14

 12 13 25

 12 25 11

 13 12 1

 13 1 26

 12 14 14

 12 14 1

 14 4 3

 14 3 14

 4 28 15

 4 15 3

 13 12 3

 13 3 2

 12 24 24

 12 24 3

 24 1 12

 24 12 24

 1 10 13

 1 13 12

 7 9 12

 7 12 13

 9 9 14

 9 14 12

 9 13 4

 9 4 14

 6 11 12

 6 12 13

 11 14 24

 11 24 12

 14 9 1

 14 1 24

 47 5 9

 47 9 7

 5 2 9

 5 9 9

 2 16 13

 2 13 9

 25 11 11

 25 11 6

 11 11 14

 11 14 11

 11 25 9

 11 9 14

 25 11 11

 25 11 25

 11 11 11

 11 11 11

 11 25 25

 11 25 11

 25 11 11

 25 11 25

 11 11 11

 11 11 11

 11 25 25

 11 25 11

 12 3 13

 12 13 21

 3 9 5

 3 5 13

 9 5 47

 9 47 5

 25 11 11

 25 11 25

 11 11 11

 11 11 11

 11 6 25

 11 25 11

 9 3 6

 9 6 26

 3 14 12

 3 12 6

 14 24 3

 14 3 12

 24 9 9

 24 9 3

 9 2 5

 9 5 9

 6 11 11

 6 11 25

 11 14 11

 11 11 11

 14 9 6

 14 6 11

 29 3 9

 29 9 28

 3 23 3

 3 3 9

 23 24 14

 23 14 3

 24 14 24

 24 24 14

 14 17 9

 14 9 24

 17 78 2

 17 2 9

 6 0 7

 6 7 78

 0 14 7

 0 7 7

 14 15 16

 14 16 7

 9 4 11

 9 11 6

 4 14 14

 4 14 11

 14 4 9

 14 9 14

 12 14 3

 12 3 29

 14 23 23

 14 23 3

 23 24 24

 23 24 23

 24 20 14

 24 14 24

 6 14 0

 6 0 6

 14 13 14

 14 14 0

 13 20 15

 13 15 14

 2 9 5

 2 5 78

 9 11 17

 9 17 5

 11 11 17

 11 17 17

 11 3 13

 11 13 17

 3 1 21

 3 21 13

 6 4 4

 6 4 9

 4 20 14

 4 14 4

 20 12 4

 20 4 14

 12 29 21

 12 21 4

 17 12 12

 17 12 5

 12 23 14

 12 14 12

 23 23 23

 23 23 14

 23 23 24

 23 24 23

 23 4 20

 23 20 24

 4 24 13

 4 13 20

 9 25 78

 9 78 57

 12 5 14

 12 14 6

 5 12 13

 5 13 14

 12 13 20

 12 20 13

 13 33 25

 13 25 20

 33 2 0

 33 0 25

 2 25 75

 2 75 0

 6 11 9

 6 9 2

 11 23 11

 11 11 9

 23 24 11

 23 11 11

 24 24 3

 24 3 11

 24 14 1

 24 1 3

 14 4 12

 14 12 1

 4 14 6

 4 6 12

 18 11 20

 18 20 4

 11 14 12

 11 12 20

 14 12 29

 14 29 12

 4 14 12

 4 12 17

 14 23 23

 14 23 12

 23 23 23

 23 23 23

 23 23 23

 23 23 23

 23 23 4

 23 4 23

 23 24 24

 23 24 4

 24 24 9

 24 9 24

 24 12 25

 24 25 9

 12 1 13

 12 13 25

 17 9 5

 17 5 12

 9 6 12

 9 12 5

 6 27 13

 6 13 12

 27 3 33

 27 33 13

 3 3 2

 3 2 33

 3 28 25

 3 25 2

 0 3 13

 0 13 21

 3 11 15

 3 15 13

 11 12 13

 11 13 15

 12 12 10

 12 10 13

 6 11 11

 6 11 6

 11 24 23

 11 23 11

 24 23 24

 24 24 23

 23 23 24

 23 24 24

 23 24 14

 23 14 24

 24 23 4

 24 4 14

 23 11 14

 23 14 4

 11 11 18

 11 18 14

 11 20 11

 11 11 18

 20 24 14

 20 14 11

 24 12 12

 24 12 14

 12 6 26

 12 26 12

 15 12 4

 15 4 26

 12 23 14

 12 14 4

 23 23 23

 23 23 14

 23 23 23

 23 23 23

 23 23 23

 23 23 23

 23 23 23

 23 23 23

 23 23 24

 23 24 23

 23 23 24

 23 24 24

 23 23 12

 23 12 24

 23 14 1

 23 1 12

 14 3 6

 14 6 1

 3 3 26

 3 26 6

 7 0 9

 7 9 17

 0 14 6

 0 6 9

 14 11 27

 14 27 6

 11 20 3

 11 3 27

 20 7 3

 20 3 3

 7 15 28

 7 28 3

 13 3 0

 13 0 26

 3 23 3

 3 3 0

 23 24 11

 23 11 3

 24 24 12

 24 12 11

 24 14 12

 24 12 12

 14 3 6

 14 6 12

 3 9 26

 3 26 6

 9 14 11

 9 11 6

 14 14 24

 14 24 11

 14 0 23

 14 23 24

 0 14 24

 0 24 23

 14 23 23

 14 23 24

 23 14 11

 23 11 23

 14 1 11

 14 11 11

 1 14 24

 1 24 20

 14 14 12

 14 12 24

 14 12 6

 14 6 12

 15 11 12

 15 12 15

 11 23 23

 11 23 12

 23 23 23

 23 23 23

 23 23 23

 23 23 23

 23 23 23

 23 23 23

 23 23 23

 23 23 23

 23 23 23

 23 23 23

 23 23 23

 23 23 23

 23 23 23

 23 23 23

 23 23 14

 23 14 23

 23 23 3

 23 3 14

 23 12 3

 23 3 3

 12 11 2

 12 2 3

 26 15 14

 26 14 0

 15 6 11

 15 11 14

 6 13 20

 6 20 11

 13 10 7

 13 7 20

 6 11 3

 6 3 13

 11 24 23

 11 23 3

 24 23 24

 24 24 23

 23 14 24

 23 24 24

 14 1 14

 14 14 24

 1 23 3

 1 3 14

 23 3 9

 23 9 3

 3 25 28

 3 28 9

 4 14 14

 4 14 9

 14 11 14

 14 14 14

 11 6 0

 11 0 14

 6 11 14

 6 14 0

 11 23 23

 11 23 14

 23 24 14

 23 14 23

 24 20 1

 24 1 14

 20 24 14

 20 14 1

 24 23 14

 24 14 14

 23 12 12

 23 12 14

 12 13 10

 12 10 12

 13 3 11

 13 11 15

 3 23 23

 3 23 11

 23 23 23

 23 23 23

 23 23 23

 23 23 23

 23 23 23

 23 23 23

 23 23 23

 23 23 23

 23 23 23

 23 23 23

 23 23 23

 23 23 23

 23 23 23

 23 23 23

 23 23 23

 23 23 23

 23 23 23

 23 23 23

 23 23 12

 23 12 23

 23 14 11

 23 11 12

 14 12 6

 14 6 11

 12 0 10

 12 10 6

 25 11 11

 25 11 6

 11 14 24

 11 24 11

 14 0 23

 14 23 24

 13 11 1

 13 1 14

 11 14 23

 11 23 1

 14 24 3

 14 3 23

 24 20 25

 24 25 3

 14 1 4

 14 4 13

 1 23 14

 1 14 4

 23 3 11

 23 11 14

 3 13 6

 3 6 11

 7 9 11

 7 11 6

 9 14 23

 9 23 11

 14 23 24

 14 24 23

 23 24 20

 23 20 24

 24 24 20

 24 20 20

 24 23 24

 24 24 20

 23 23 23

 23 23 24

 23 11 12

 23 12 23

 11 15 13

 11 13 12

 21 0 3

 21 3 13

 0 3 23

 0 23 3

 3 14 23

 3 23 23

 14 24 23

 14 23 23

 24 23 23

 24 23 23

 23 23 23

 23 23 23

 23 23 23

 23 23 23

 23 23 23

 23 23 23

 23 23 23

 23 23 23

 23 23 23

 23 23 23

 23 23 23

 23 23 23

 23 23 23

 23 23 23

 23 23 14

 23 14 23

 23 23 12

 23 12 14

 23 6 0

 23 0 12

 6 2 28

 6 28 0

 6 11 11

 6 11 25

 11 11 14

 11 14 11

 11 25 0

 11 0 14

 25 14 14

 25 14 11

 14 23 24

 14 24 14

 23 24 20

 23 20 24

 24 24 14

 24 14 20

 24 14 1

 24 1 14

 14 3 23

 14 23 1

 3 0 3

 3 3 23

 0 21 13

 0 13 3

 78 15 9

 78 9 7

 15 12 14

 15 14 9

 12 3 23

 12 23 14

 3 11 24

 3 24 23

 11 11 24

 11 24 24

 11 11 23

 11 23 24

 11 11 23

 11 23 23

 11 0 11

 11 11 23

 0 7 15

 0 15 11

 26 7 3

 26 3 0

 7 0 14

 7 14 3

 0 20 24

 0 24 14

 20 24 23

 20 23 24

 24 23 23

 24 23 23

 23 23 23

 23 23 23

 23 23 23

 23 23 23

 23 23 23

 23 23 23

 23 23 23

 23 23 23

 23 23 23

 23 23 23

 23 23 23

 23 23 23

 23 23 23

 23 23 23

 23 14 23

 23 23 23

 14 1 6

 14 6 23

 1 28 2

 1 2 6

 9 14 11

 9 11 6

 14 11 11

 14 11 11

 11 25 25

 11 25 11

 13 0 14

 13 14 25

 0 11 23

 0 23 14

 11 11 24

 11 24 23

 11 3 24

 11 24 24

 3 12 14

 3 14 24

 12 6 3

 12 3 14

 6 26 0

 6 0 3

 21 13 3

 21 3 12

 13 17 11

 13 11 3

 17 17 11

 17 11 11

 17 17 11

 17 11 11

 17 17 11

 17 11 11

 17 5 0

 17 0 11

 5 80 7

 5 7 0

 14 24 24

 14 24 20

 24 23 23

 24 23 24

 23 24 23

 23 23 23

 24 24 23

 24 23 23

 24 23 23

 24 23 23

 23 23 23

 23 23 23

 23 23 23

 23 23 23

 23 23 23

 23 23 23

 23 23 23

 23 23 23

 23 14 14

 23 14 23

 14 0 1

 14 1 14

 4 14 14

 4 14 9

 14 11 11

 14 11 14

 11 17 25

 11 25 11

 80 5 0

 80 0 13

 5 17 11

 5 11 0

 17 17 11

 17 11 11

 17 13 3

 17 3 11

 13 21 12

 13 12 3

 1 1 14

 1 14 13

 1 23 24

 1 24 14

 23 1 23

 23 23 24

 1 14 24

 1 24 23

 14 14 24

 14 24 24

 14 1 23

 14 23 24

 1 23 23

 1 23 23

 23 23 23

 23 23 23

 23 23 23

 23 23 23

 23 23 23

 23 23 23

 23 11 14

 23 14 23

 11 25 0

 11 0 14

 26 15 5

 26 5 43

 15 11 17

 15 17 5

 11 11 17

 11 17 17

 11 3 13

 11 13 17

 3 1 21

 3 21 13

 4 1 4

 4 4 13

 1 23 14

 1 14 4

 23 3 11

 23 11 14

 3 13 17

 3 17 11

 13 9 6

 13 6 47

 9 14 1

 9 1 6

 14 23 1

 14 1 1

 23 12 23

 23 23 1

 12 3 1

 12 1 23

 3 13 14

 3 14 1

 13 11 1

 13 1 14

 11 14 23

 11 23 1

 14 23 23

 14 23 23

 23 23 23

 23 23 23

 23 23 23

 23 23 23

 23 11 11

 23 11 23

 11 17 25

 11 25 11

 57 0 15

 57 15 26

 0 9 11

 0 11 15

 9 14 11

 9 11 11

 14 14 3

 14 3 11

 14 14 1

 14 1 3

 14 14 9

 14 9 1

 14 11 6

 14 6 9

 11 11 25

 11 25 6

 11 11 25

 11 25 25

 11 11 6

 11 6 25

 11 14 9

 11 9 6

 14 14 4

 14 4 9

 14 23 1

 14 1 4

 23 12 23

 23 23 1

 12 9 3

 12 3 23

 9 21 13

 9 13 3

 15 11 9

 15 9 13

 11 23 14

 11 14 9

 23 14 23

 23 23 14

 14 1 12

 14 12 23

 1 13 3

 1 3 12

 0 14 14

 0 14 11

 14 23 23

 14 23 14

 23 23 23

 23 23 23

 23 23 23

 23 23 23

 23 3 11

 23 11 23

 3 13 17

 3 17 11

 28 13 9

 28 9 0

 13 0 14

 13 14 9

 0 1 14

 0 14 14

 1 3 14

 1 14 14

 3 11 14

 3 14 14

 11 11 11

 11 11 14

 11 11 11

 11 11 11

 11 11 11

 11 11 11

 11 11 11

 11 11 11

 11 11 14

 11 14 11

 11 11 14

 11 14 14

 11 3 23

 11 23 14

 3 9 12

 3 12 23

 9 13 9

 9 9 12

 7 0 11

 7 11 15

 0 11 23

 0 23 11

 11 9 14

 11 14 23

 9 15 1

 9 1 14

 6 11 14

 6 14 0

 11 23 23

 11 23 14

 23 23 23

 23 23 23

 23 12 23

 23 23 23

 12 9 3

 12 3 23

 9 21 13

 9 13 3

 21 13 3

 21 3 1

 13 17 11

 13 11 3

 17 17 11

 17 11 11

 17 17 11

 17 11 11

 17 17 11

 17 11 11

 17 17 11

 17 11 11

 17 17 11

 17 11 11

 17 17 11

 17 11 11

 17 13 3

 17 3 11

 13 28 9

 13 9 3

 80 5 0

 80 0 7

 5 15 11

 5 11 0

 15 5 9

 15 9 11

 5 78 15

 5 15 9

 13 3 11

 13 11 6

 3 23 23

 3 23 11

 23 14 23

 23 23 23

 14 1 12

 14 12 23

 1 13 9

 1 9 12

 21 0 3

 21 3 13

 0 9 23

 0 23 3

 9 9 14

 9 14 23

 9 15 1

 9 1 14

 28 7 9

 28 9 0

 7 5 9

 7 9 9

 5 78 15

 5 15 9

 23 23 23

 23 23 18

 18 23 23

 18 23 23

 23 23 23

 23 23 23

 23 23 23

 23 23 23

 23 23 23

 23 23 23

 23 23 23

 23 23 23

 23 23 23

 23 23 23

 23 23 18

 23 18 23

 23 18 14

 23 14 24

 24 14 9

 24 9 9

 23 9 9

 23 9 1

 16 60 42

 16 42 44

 57 38 42

 57 42 44

 44 42 60

 44 60 16

 7 10 60

 7 60 16

 38 42 60

 38 60 10

 42 38 10

 42 10 60

 38 38 10

 38 10 10

 16 60 10

 16 10 7

 10 7 38

 10 38 42

 44 42 38

 44 38 57

 57 38 38

 57 38 57

 38 42 42

 38 42 38

 10 10 42

 10 42 42

 7 10 42

 7 42 38

 57 42 42

 57 42 57

 42 60 57

 44 60 42

 42 58 16

 7 16 3

 38 3 9

 7 38 4

 16 4 3

 44 16 42

 44 42 42

 57 42 42

 16 7 4

