vectors:

 20.442173 7.167374 -118.716003

 16.208620 7.167374 -121.326569

 8.709183 7.167374 -121.326569

 1.209748 7.167374 -119.804657

 -6.289692 7.167374 -116.362198

 -10.523247 6.934394 -115.273560

 21.530804 7.167374 -111.040024

 16.208620 6.934394 -111.040024

 1.209746 7.167374 -111.040024

 -6.289692 7.167374 -111.040024

 -13.789131 7.167374 -111.040024

 -18.022686 7.167374 -107.774139

 21.530804 6.934394 -103.540588

 16.208620 7.167374 -103.540588

 8.709183 7.167374 -103.540588

 1.209746 7.167374 -103.540588

 -6.289692 6.934394 -103.540588

 -13.789131 6.934394 -103.540588

 -21.288570 6.934394 -103.540588

 -25.522121 7.167374 -100.274689

 20.442173 7.167374 -99.307007

 16.208620 6.934394 -98.218384

 8.709183 7.167374 -98.218384

 1.209746 7.167374 -96.041138

 -6.289692 6.934394 -96.041138

 -13.789131 7.167374 -96.041138

 -21.288570 7.167374 -96.041138

 -26.610752 6.934394 -96.041138

 -114.547699 7.167374 -92.775269

 -118.781250 7.167374 -93.863892

 -126.280701 6.934394 -93.863892

 -130.514252 7.167374 -92.775269

 -0.967507 7.167374 -88.541718

 -6.289692 7.167374 -88.541718

 -13.789131 6.934394 -88.541718

 -21.288570 7.167374 -88.541718

 -26.610752 7.167374 -88.541718

 -92.049393 7.167374 -85.275833

 -96.282959 7.167374 -86.364456

 -103.782379 7.167374 -86.364456

 -111.281815 7.167374 -88.541718

 -118.781250 6.934394 -88.541718

 -126.280701 7.167374 -88.541718

 -131.602875 7.167374 -88.541718

 12.942733 6.934394 -77.776382

 8.492676 7.885582 -78.818802

 1.282957 7.632807 -81.070969

 -6.301876 6.947160 -81.042519

 -13.789131 7.108796 -81.042267

 -21.288570 7.167374 -81.042267

 -28.788006 7.167374 -81.042267

 -33.021564 7.167374 -77.776382

 -84.549957 6.934394 -77.776382

 -88.783508 7.167374 -81.042267

 -96.282944 7.167374 -81.042267

 -103.782379 7.167374 -81.042267

 -111.281815 7.167374 -81.042267

 -118.781250 7.167374 -81.042267

 -126.280701 7.167374 -81.042267

 -131.602875 7.167374 -81.042267

 35.441044 6.934394 -70.276947

 31.207499 7.167374 -71.365570

 23.708054 6.934394 -71.365570

 16.208620 7.167374 -73.542831

 8.689669 6.871902 -73.312210

 1.209998 4.388539 -73.517342

 -6.289692 4.342072 -73.542831

 -13.789131 6.989178 -73.542831

 -21.288570 7.167374 -73.542831

 -28.788006 7.167374 -73.542831

 -36.287445 6.934394 -73.542831

 -43.786884 11.200068 -71.365570

 -51.286320 12.797897 -71.365570

 -58.785763 11.200068 -71.365570

 -66.285202 7.167374 -71.365570

 -73.784622 7.130554 -71.365570

 -81.284073 7.167374 -73.542831

 -88.783508 6.934394 -73.542831

 -96.282944 4.073719 -73.542831

 -103.782379 4.073719 -73.542831

 -111.281815 7.167374 -73.542831

 -118.781250 6.934394 -73.542831

 -126.280701 7.167374 -75.720093

 -130.514252 7.167374 -76.808716

 65.438789 6.934394 -62.777504

 61.205238 7.167374 -63.866135

 53.705807 7.167374 -63.866135

 46.206367 6.934394 -63.866135

 38.706928 7.167374 -66.043396

 31.207495 6.934394 -66.043396

 23.708054 7.167374 -66.043396

 16.208620 7.167374 -66.043396

 8.708237 7.021457 -66.041580

 1.210692 4.827677 -66.042450

 -6.289692 2.340679 -66.043396

 -13.789131 5.546735 -66.043396

 -21.288570 6.846984 -66.043396

 -28.788006 6.934394 -66.043396

 -36.287445 6.934394 -66.043396

 -43.786884 11.433048 -66.043396

 -51.286320 10.671835 -66.043396

 -58.785763 10.438854 -66.043396

 -66.285202 6.934394 -66.043396

 -73.784622 7.167374 -66.043396

 -81.284073 7.167374 -66.043396

 -88.783508 7.167374 -66.043396

 -96.282944 4.306699 -66.043396

 -103.782379 6.934394 -66.043396

 -111.281815 7.167374 -66.043396

 -115.515381 7.167374 -69.309280

 66.527420 7.167374 -58.543961

 61.205238 7.167374 -58.543961

 53.705795 6.934394 -58.543961

 46.206367 7.167374 -58.543961

 38.706928 7.167374 -58.543961

 31.207495 7.165661 -58.543961

 23.708054 7.152474 -58.543961

 16.208620 7.165661 -58.543961

 8.464009 7.501820 -58.298782

 1.454919 5.850914 -58.298786

 -6.288746 1.339494 -58.543007

 -13.789131 1.449474 -58.543953

 -21.288570 5.758810 -58.543953

 -28.788006 7.167374 -58.543961

 -36.287445 7.167374 -58.543961

 -43.786884 6.934394 -58.543961

 -51.286320 8.396480 -58.543961

 -58.785763 8.396480 -58.543961

 -66.285202 7.167374 -58.543961

 -73.784622 6.934394 -58.543961

 -81.284073 6.934394 -58.543961

 -88.783508 7.167374 -58.543961

 -96.282944 6.934394 -58.543961

 -103.782379 7.167374 -60.721214

 -108.015930 7.167374 -61.809837

 66.527420 7.167374 -51.044518

 61.205238 7.167374 -51.044518

 53.705795 7.167374 -51.044518

 46.206367 6.919490 -51.044518

 38.706928 6.882145 -51.044518

 31.207495 6.544779 -51.044518

 23.708054 6.400795 -51.044518

 16.208620 6.311799 -51.044518

 8.465523 7.525790 -51.288185

 1.454919 6.510298 -51.289696

 -6.288746 1.275013 -51.045464

 -13.789131 1.319408 -51.044518

 -21.288570 5.952275 -51.044518

 -28.788006 6.934394 -51.044518

 -36.287445 6.934394 -51.044518

 -43.786884 7.167374 -51.044518

 -51.286320 7.167374 -51.044518

 -58.785763 6.934394 -51.044518

 -66.285202 7.167374 -51.044518

 -73.784622 7.167374 -51.044518

 -81.284073 6.934394 -51.044518

 -88.783508 7.167374 -53.221771

 -93.017059 7.167374 -54.310402

 66.527420 7.167374 -43.545082

 61.205238 7.167374 -43.545082

 53.705795 6.919490 -43.545082

 46.206367 6.439723 -43.545082

 38.706928 5.867276 -43.545082

 31.207495 4.934968 -43.545082

 23.708054 7.059738 -43.545082

 16.208620 4.934964 -43.545082

 8.709183 5.867276 -43.545082

 1.210692 5.148431 -43.546028

 -6.289692 1.123623 -43.545082

 -13.789131 1.448180 -43.545082

 -21.288570 5.768682 -43.545082

 -28.788006 7.167374 -43.545082

 -36.287445 6.934394 -43.545082

 -42.617111 4.626531 -44.714844

 -52.456089 4.859511 -44.714844

 -58.785763 6.934394 -43.545082

 -66.285202 7.167374 -43.545082

 -73.784622 7.167374 -43.545082

 -79.106827 6.934394 -43.545082

 66.527420 6.934394 -36.045647

 61.205238 6.934394 -36.045647

 53.705795 6.882142 -36.045647

 46.206367 5.634295 -36.045647

 38.706928 4.598366 -36.045647

 31.207495 3.330413 -36.045647

 23.708054 3.162320 -36.045647

 16.208620 2.323740 -36.045647

 8.709183 4.598366 -36.045639

 1.209746 4.574756 -36.045639

 -6.289692 2.208122 -36.045639

 -13.789131 4.875208 -36.045639

 -21.288570 6.847253 -36.045639

 -28.788006 6.934394 -36.045639

 -36.287445 6.934394 -36.045639

 -42.617111 4.859511 -34.875870

 -52.456089 4.626531 -34.875870

 -58.785763 7.167374 -36.045639

 -66.285202 6.934394 -36.045639

 -73.784622 7.167374 -36.045639

 -81.284073 7.167374 -36.045639

 -85.517624 7.167374 -32.779755

 72.938225 7.167374 -25.280319

 68.704681 6.934394 -28.546204

 61.205238 6.932681 -28.546204

 53.705795 6.544775 -28.546204

 46.206367 5.768851 -28.546204

 38.706928 3.563393 -28.546204

 31.207495 2.255208 -28.546204

 23.708054 1.734797 -28.546204

 16.208620 2.022223 -28.546204

 8.709183 3.563391 -28.546204

 1.209746 5.004691 -28.546196

 -6.289692 6.018728 -28.546196

 -13.789131 6.941178 -28.546194

 -21.288570 7.167374 -28.546196

 -28.788006 6.934394 -28.546196

 -36.287445 7.167374 -28.546196

 -43.786884 7.167374 -28.546196

 -51.286320 7.167374 -28.546196

 -58.785763 7.167374 -28.546196

 -66.285202 7.167374 -28.546188

 -73.784622 7.167374 -28.546188

 -81.284073 7.167374 -28.546188

 -88.783508 7.167374 -28.546188

 -93.017059 7.167374 -25.280304

 74.026855 6.934394 -21.046761

 68.704681 7.167374 -21.046753

 61.205238 7.152466 -21.046753

 53.705795 6.400788 -21.046753

 46.206367 4.661216 -21.046753

 38.706928 3.162320 -21.046753

 31.207495 1.501813 -21.046753

 23.708054 1.141255 -21.046753

 16.208620 1.501813 -21.046753

 8.709183 2.929338 -21.046753

 1.209746 4.894196 -21.046753

 -6.289692 6.167808 -21.046753

 -13.789131 7.152466 -21.046753

 -21.288570 6.934394 -21.046753

 -26.610752 7.167374 -21.046753

 -38.464699 6.934394 -21.046753

 -43.786884 6.934394 -21.046753

 -51.286320 6.934394 -21.046753

 -58.785763 7.167374 -21.046753

 -66.285202 6.934394 -21.046753

 -73.784622 7.167374 -21.046753

 -81.284073 7.167374 -21.046745

 -88.783508 7.167374 -21.046745

 -94.105682 7.167374 -21.046745

 74.026855 7.167374 -13.547318

 68.704681 6.934394 -13.547318

 61.205238 6.932681 -13.547318

 53.705795 6.544775 -13.547318

 46.206367 4.934962 -13.547318

 38.706928 3.563391 -13.547318

 31.207495 2.255206 -13.547318

 23.708054 1.734793 -13.547318

 16.208620 2.022223 -13.547318

 8.709183 3.330411 -13.547318

 1.209746 5.167943 -13.547318

 -6.289692 6.544775 -13.547318

 -13.789131 7.165661 -13.547318

 -21.288570 7.167374 -13.547318

 -28.788006 6.934394 -13.547310

 -36.287445 7.167374 -13.547310

 -43.786884 6.934394 -13.547310

 -51.286320 7.167374 -13.547310

 -58.785763 6.934394 -13.547310

 -66.285202 7.167374 -13.547310

 -73.784622 7.167374 -13.547310

 -81.284073 7.167374 -13.547310

 -88.783508 7.167374 -13.547310

 -96.282944 7.167374 -13.547310

 -100.516495 6.934394 -10.281425

 74.026855 6.934394 -6.047882

 68.704681 7.167374 -6.047882

 61.205238 6.934394 -6.047882

 53.705795 6.649161 -6.047882

 46.206367 5.634294 -6.047882

 38.706928 4.365384 -6.047882

 31.207495 3.563393 -6.047882

 23.708054 3.162318 -6.047874

 16.208620 3.563393 -6.047874

 8.709183 4.598361 -6.047874

 1.660252 5.848692 -6.047874

 -6.461313 5.848695 -6.047874

 -14.582878 5.848697 -6.047874

 -21.288570 6.934394 -6.047874

 -28.788006 6.934394 -6.047874

 -36.287445 6.934394 -6.047874

 -43.786884 7.167374 -6.047874

 -51.286320 7.167374 -6.047874

 -58.785763 7.167374 -6.047874

 -66.285202 6.934394 -6.047874

 -73.784622 6.712872 -6.047869

 -81.284073 6.712872 -6.047868

 -88.783508 4.892102 -6.047868

 -96.282944 7.167374 -6.047867

 -103.782379 7.167374 -6.047867

 -108.015930 6.934394 -2.781982

 80.437653 6.934394 4.717438

 76.204109 7.167374 1.451553

 68.704681 7.167374 1.451557

 61.205238 7.167374 1.451557

 53.705795 7.152466 1.451557

 46.206367 6.672699 1.451557

 38.706928 5.634294 1.451557

 31.207495 4.934962 1.451561

 23.708054 4.894196 1.451561

 16.208620 5.167943 1.451561

 8.709183 5.867274 1.451561

 1.660252 5.848694 1.451561

 -6.461313 5.848697 1.451561

 -14.582878 5.848697 1.451561

 -21.288570 7.147891 1.451565

 -28.788006 6.914910 1.451565

 -36.287445 7.165137 1.451565

 -43.786884 7.167374 1.451569

 -51.286320 6.934394 1.451569

 -58.785763 7.167374 1.451569

 -66.285202 6.670765 1.451568

 -73.784622 4.186824 1.451568

 -81.284073 4.228930 1.451568

 -88.783508 4.471506 1.451569

 -96.282944 7.125268 1.451569

 -103.782379 7.167374 1.451569

 -109.104568 7.167374 1.451569

 87.937103 7.167374 12.216869

 83.703552 7.167374 8.950989

 76.204109 6.934394 8.950989

 68.704681 7.167374 8.950989

 61.205238 6.934394 8.950989

 53.705795 7.167374 8.950989

 46.206367 7.152466 8.950989

 38.706928 6.649161 8.950993

 31.207495 6.544775 8.950993

 23.708054 6.400788 8.950993

 16.208620 6.544775 8.950996

 8.709183 6.649161 8.950996

 1.660252 5.848697 8.950996

 -6.461313 5.848695 8.950996

 -13.789131 6.353325 8.950996

 -21.288570 5.932086 8.950996

 -28.788006 8.330605 8.950996

 -36.287445 6.353325 8.950996

 -43.786884 6.561456 8.950996

 -51.286320 7.147891 8.950996

 -58.785763 7.167374 8.950996

 -66.285202 6.733925 8.950996

 -73.784622 4.207877 8.950996

 -81.284073 4.186823 8.950996

 -88.783508 4.186824 8.951000

 -96.282944 6.733925 8.951000

 -103.782379 7.167374 8.951004

 -109.104568 6.934394 8.951004

 147.932587 7.167374 19.716309

 143.699066 7.167374 18.627678

 136.199615 6.934394 18.627678

 128.700180 7.167374 18.627678

 124.466629 6.934394 19.716309

 102.935989 7.167374 19.716309

 98.702438 6.934394 18.627678

 91.202988 7.167374 16.450424

 83.703552 7.167374 16.450424

 76.204109 7.167374 16.450424

 68.704681 7.167374 16.450424

 61.205238 7.167374 16.450424

 53.705795 7.167374 16.450424

 46.206367 6.934394 16.450424

 38.706928 6.934394 16.450424

 31.207495 6.932681 16.450424

 23.708054 7.152466 16.450424

 16.208620 6.932681 16.450424

 8.709183 6.914910 16.450424

 1.209746 6.520588 16.450424

 -6.289692 5.467494 16.450424

 -13.789131 4.320136 16.450424

 -21.288570 4.195191 16.450424

 -28.788006 3.962211 16.450428

 -36.287445 4.320136 16.450428

 -43.786884 5.234513 16.450428

 -51.286320 6.520588 16.450428

 -58.785763 6.914910 16.450428

 -66.285202 6.860759 16.450428

 -73.784622 4.228930 16.450428

 -81.284073 4.038056 16.450428

 -88.783508 4.059109 16.450428

 -96.282944 6.882692 16.450432

 -103.782379 6.934394 16.450432

 -109.104568 7.167374 16.450432

 149.021225 7.167374 23.949860

 143.699066 6.934394 23.949860

 136.199615 6.934394 23.949860

 128.700180 7.167374 23.949860

 121.200729 6.934394 23.949860

 113.701309 6.934394 26.127113

 106.201874 6.934394 23.949860

 98.702438 6.934394 23.949860

 91.202988 7.167374 23.949860

 83.703552 7.167374 23.949860

 76.204109 7.167374 23.949860

 68.704681 7.167374 23.949860

 61.205238 6.934394 23.949860

 53.705795 6.934394 23.949860

 46.206367 6.931249 23.949860

 38.706928 6.907016 23.949860

 31.207495 6.931249 23.949860

 23.708054 6.934394 23.949860

 16.208620 7.167374 23.949860

 8.709183 6.794436 23.949860

 1.209746 5.467494 23.949860

 -6.289692 3.575412 23.949860

 -13.789131 2.455166 23.949860

 -21.288570 1.697783 23.949860

 -28.788006 1.930764 23.949860

 -36.287445 2.455166 23.949860

 -43.786884 3.575412 23.949860

 -51.286320 5.234513 23.949860

 -58.785763 6.794436 23.949860

 -66.285202 6.959549 23.949860

 -73.784622 4.343791 23.949860

 -81.284073 4.471506 23.949860

 -88.783508 6.733925 23.949862

 -96.282944 7.167374 23.949863

 -103.782379 7.167374 23.949863

 -111.281815 7.167374 23.949863

 -115.515381 6.934394 27.215752

 149.021225 6.934394 31.449303

 143.699066 7.167374 31.449303

 136.199615 6.934394 31.449303

 128.700180 7.167374 31.449303

 121.200729 6.934394 31.449303

 113.701309 6.934394 31.449303

 106.201874 7.167374 31.449303

 98.702438 7.167374 31.449303

 91.202988 7.167374 31.449303

 83.703552 6.934394 31.449303

 76.204109 7.167374 31.449303

 68.704681 7.167374 31.449303

 61.205238 6.907010 31.449303

 53.705795 6.410348 31.449303

 46.206367 5.790507 31.449303

 38.706928 5.758946 31.449303

 31.207495 6.023488 31.449303

 23.708054 6.643328 31.449303

 16.208620 6.904773 31.449303

 8.709183 6.353325 31.449303

 1.209746 4.553116 31.449303

 -6.289692 2.222186 31.449303

 -13.789131 0.744710 31.449303

 -21.288570 0.064274 31.449303

 -28.788006 -0.168706 31.449303

 -36.287445 0.511729 31.449303

 -43.786884 2.455170 31.449303

 -51.286320 4.320136 31.449303

 -58.785763 6.353325 31.449303

 -66.285202 7.165137 31.449303

 -73.784622 4.777140 31.449305

 -81.284073 4.322738 31.449305

 -88.783508 6.861639 31.449305

 -96.282944 7.167374 31.449303

 -103.782379 6.934394 31.449303

 -111.281815 7.167374 31.449303

 -116.603989 6.934394 31.449303

 147.932587 7.167374 35.682854

 143.699066 7.167374 36.771477

 136.199615 7.167374 38.948738

 128.700180 7.167374 38.948738

 121.200729 6.934394 38.948738

 113.701309 6.934394 38.948738

 106.201874 6.934394 38.948738

 98.702438 7.167374 38.948738

 91.202988 6.934394 38.948738

 83.703552 6.934394 38.948738

 76.204109 7.167374 38.948738

 68.704681 6.907010 38.948738

 61.205238 6.258521 38.948738

 53.705795 4.545745 38.948738

 46.206367 3.260879 38.948738

 38.706928 2.990912 38.948738

 31.207495 3.260879 38.948738

 23.708054 4.778727 38.948738

 16.208620 6.239371 38.948738

 8.709183 5.904706 38.948738

 1.209746 3.962211 38.948738

 -6.289692 1.930764 38.948738

 -13.789131 -0.168706 38.948738

 -21.288570 -0.711777 38.948738

 -28.788006 -0.944757 38.948738

 -36.287445 0.064274 38.948738

 -43.786884 1.930764 38.948738

 -51.286320 4.195195 38.948738

 -58.785763 5.932086 38.948738

 -66.285202 7.147891 38.948738

 -73.784622 7.167374 38.948738

 -81.284073 5.694741 38.948738

 -88.783508 7.167374 38.948738

 -96.282944 7.167374 38.948738

 -103.782379 6.934394 38.948738

 -111.281815 7.167374 38.948738

 -116.603989 7.167374 38.948738

 132.933716 7.167374 43.182293

 128.700180 6.934394 44.270920

 121.200729 7.167374 46.448177

 113.701309 6.934394 46.448177

 106.119720 6.807160 46.603252

 98.663544 6.484126 45.673351

 91.227905 6.484126 45.673351

 83.792267 6.484126 45.673351

 76.326126 6.752684 46.603252

 68.704681 6.643328 46.448177

 61.205238 4.778725 46.448177

 53.705795 2.447382 46.448177

 46.206367 0.545854 46.448177

 38.706928 1.741529 46.448177

 31.207495 0.545854 46.448177

 23.708054 2.447386 46.448177

 16.208620 4.761508 46.448177

 8.709183 5.408904 46.448177

 1.209746 4.195191 46.448177

 -6.289692 1.697783 46.448177

 -13.789131 -0.168706 46.448177

 -21.288570 -0.711777 46.448177

 -28.788006 -0.711777 46.448177

 -36.287445 0.064274 46.448177

 -43.786884 1.697783 46.448177

 -51.286320 3.962214 46.448177

 -58.785763 5.932086 46.448177

 -66.285202 7.147891 46.448177

 -73.784622 6.934394 46.448177

 -81.284073 7.167374 46.448177

 -88.783508 7.167374 46.448177

 -96.282944 6.934394 46.448177

 -103.782379 7.167374 46.448177

 -111.281815 6.934394 46.448177

 -115.515381 7.167374 43.182293

 119.023483 7.167374 53.947617

 113.701309 7.167374 53.947613

 107.067841 6.717106 54.077660

 75.387955 6.563916 54.077660

 68.704681 6.023484 53.947613

 61.205238 3.260879 53.947613

 53.705795 0.545853 53.947613

 46.206367 -1.857651 53.947613

 38.706928 -2.813790 53.947613

 31.207495 -2.090631 53.947613

 23.708054 0.312877 53.947613

 16.208620 3.260116 53.947613

 8.709183 4.980140 53.947613

 1.209746 4.316989 53.947613

 -6.289692 2.455170 53.947613

 -13.789131 0.744710 53.947613

 -21.288570 -0.168708 53.947613

 -28.788006 0.064273 53.947613

 -36.287445 0.744710 53.947613

 -43.786884 2.455166 53.947613

 -51.286320 4.320136 53.947613

 -58.785763 6.353325 53.947613

 -66.285202 6.932157 53.947613

 -73.784622 6.934394 53.947613

 -81.284073 6.934394 53.947613

 -88.783508 7.167374 53.947613

 -96.282944 7.167374 53.947613

 -103.782379 7.167374 53.947613

 -108.015930 6.934394 50.681732

 119.023483 7.167374 61.447052

 113.701309 6.934394 61.447052

 107.067841 6.717106 61.513294

 75.387955 6.284856 61.513294

 68.704681 5.758946 61.447052

 61.205238 2.757928 61.447052

 53.705795 -0.191034 61.447052

 46.206367 -2.813792 61.447052

 38.706928 -4.137265 61.447052

 31.207495 -2.813792 61.447052

 23.708054 -0.424009 61.447052

 16.208620 2.990912 61.447052

 8.709183 5.156705 61.447052

 1.209746 5.440117 61.447052

 -6.289692 3.575412 61.447052

 -13.789131 2.455170 61.447052

 -21.288570 1.930764 61.447052

 -28.788006 1.930764 61.447052

 -36.287445 2.222190 61.447052

 -43.786884 3.808392 61.447052

 -51.286320 5.234513 61.447052

 -58.785763 6.794436 61.447052

 -66.285202 6.934394 61.447052

 -73.784622 7.167374 61.447052

 -81.284073 7.167374 61.447052

 -88.783508 6.934394 61.447052

 -96.282959 6.934394 59.269798

 -100.516495 7.167374 58.181160

 170.430908 6.934394 72.212364

 166.197372 7.167374 71.123741

 158.697922 7.167374 71.123741

 151.198486 7.167374 71.123741

 146.964935 7.167374 72.212364

 119.154419 7.875831 68.870094

 113.343124 6.574180 68.948433

 107.356506 6.567017 67.658165

 75.387955 6.563916 68.948921

 68.704681 6.023484 68.946480

 61.205238 3.260877 68.946480

 53.705795 0.545851 68.946480

 46.206367 -1.857651 68.946480

 38.706928 -3.046772 68.946480

 31.207495 -2.090631 68.946480

 23.708054 0.312873 68.946480

 16.208620 3.260879 68.946480

 8.709183 5.771554 68.946480

 1.209746 6.284465 68.946480

 -6.289692 5.467494 68.946480

 -13.789131 4.320136 68.946480

 -21.288570 4.195191 68.946480

 -28.788006 3.962211 68.946480

 -36.287445 4.320136 68.946480

 -43.786884 5.467494 68.946480

 -51.286320 6.520588 68.946480

 -58.785763 6.914910 68.946480

 -66.285202 6.934394 68.946480

 -73.784622 7.167374 68.946480

 -81.284073 6.934394 66.769234

 -85.517624 6.934394 65.680603

 171.519547 7.167374 76.445930

 166.197372 7.167374 76.445923

 158.697922 7.167374 76.445923

 151.198486 7.167374 76.445923

 143.699066 7.167374 76.445923

 136.199615 7.167374 78.623184

 128.700180 6.934394 78.623184

 121.200729 7.167374 76.445923

 114.503479 6.717106 76.384552

 75.387955 6.645062 76.384552

 68.704681 6.643324 76.445923

 61.205238 4.778723 76.445923

 53.705795 2.447381 76.445923

 46.206367 0.312873 76.445923

 38.706928 -0.424010 76.445923

 31.207495 0.312873 76.445923

 23.708054 2.447382 76.445923

 16.208620 4.777480 76.445923

 8.709183 6.627438 76.445923

 1.209746 6.913075 76.445923

 -6.289692 6.794436 76.445923

 -13.789131 6.120345 76.445923

 -21.288570 5.932086 76.445923

 -28.788006 5.932086 76.445923

 -36.287445 6.353325 76.445923

 -43.786884 6.561456 76.445923

 -51.286320 6.813022 74.268669

 -58.785763 7.167374 74.268669

 -66.285202 7.167374 74.268669

 -70.518753 6.934394 73.180038

 171.519547 6.934394 83.945358

 166.197372 6.934394 83.945358

 158.697922 7.167374 83.945358

 151.198486 6.934394 83.945358

 143.699066 7.167374 83.945358

 136.199615 7.167374 83.945358

 128.700180 6.934394 83.945358

 121.200729 6.934394 83.945358

 114.503479 6.484126 83.820183

 82.530273 6.106540 85.070038

 76.326126 6.390391 83.845222

 68.704681 6.903501 83.945358

 61.205238 6.025540 83.945358

 53.705795 4.778725 83.945358

 46.206367 3.493859 83.945358

 38.706928 2.757932 83.945358

 31.207495 3.482090 83.945358

 23.708054 4.481553 83.945358

 16.208620 5.359935 83.945358

 8.709183 6.318116 83.945358

 1.209746 6.499863 83.945358

 -6.289692 6.861565 83.945358

 -13.789131 7.149157 83.945358

 -21.288570 7.147891 83.945358

 -28.788006 6.914910 83.945358

 -36.287445 7.165137 83.945358

 -41.609627 6.934394 83.945358

 170.430908 7.167374 88.178909

 166.197372 6.934394 89.267540

 158.697922 6.934394 91.444809

 151.198486 7.167374 91.444809

 143.699066 7.167374 91.444809

 136.199615 7.167374 91.444809

 128.700180 6.934394 91.444809

 121.200729 7.167374 91.444809

 113.568115 6.807160 91.293625

 106.099182 6.476226 92.224510

 98.663544 6.491978 92.224510

 91.227905 5.850243 92.224510

 83.774536 5.186351 91.293625

 76.204109 5.361739 91.444809

 68.704681 5.890107 91.444809

 61.205238 6.554842 91.444809

 53.705795 6.612931 91.444809

 46.206367 6.023488 91.444809

 38.706928 5.510650 91.444809

 31.207495 5.495799 91.444809

 23.708054 5.250397 91.444809

 16.208620 4.996333 91.444809

 8.709183 4.497235 91.444809

 1.209746 5.023709 91.444809

 -6.289692 5.773488 91.444809

 -13.789131 6.404037 91.444809

 -21.288570 7.151394 91.444809

 -28.788006 7.167374 91.444809

 -36.287445 6.934394 91.444809

 -40.521000 6.934394 88.178909

 155.432022 6.934394 95.678352

 151.198486 7.167374 96.766991

 143.699066 6.934394 98.944237

 136.199615 6.934394 98.944237

 128.700180 7.167374 98.944237

 121.200729 7.167374 98.944237

 113.701309 6.934394 98.944237

 106.201874 7.136801 98.944237

 98.702438 5.919570 98.944237

 91.202988 4.500210 98.944237

 83.703552 2.832549 98.944237

 76.204109 2.503935 98.944237

 68.704681 2.832545 98.944237

 61.205238 4.267230 98.944237

 53.705795 6.152548 98.944237

 46.206367 7.133656 98.944237

 38.706928 6.834187 98.944237

 31.207495 5.537364 98.944237

 23.708054 4.413044 98.944237

 16.208620 3.070434 98.944237

 8.709183 5.038948 98.944237

 1.209746 3.303414 98.944237

 -6.289692 4.180064 98.944237

 -13.789131 5.773491 98.944237

 -21.288570 6.861565 98.944237

 -28.788006 7.167374 98.944237

 -34.110188 6.934394 98.944237

 140.433151 7.167374 103.177788

 136.199615 6.934394 106.443665

 128.700180 7.167374 106.443665

 121.200729 6.934394 106.443665

 113.701309 7.167374 106.443665

 106.201874 6.582226 106.443665

 98.702438 4.267236 106.443665

 91.202988 1.897038 106.443665

 83.703552 -0.226212 106.443665

 76.204109 -1.281999 106.443665

 68.704681 -0.459192 106.443665

 61.205238 1.664054 106.443665

 53.705795 4.267230 106.443665

 46.206367 6.580426 106.443665

 38.706928 6.499863 106.443665

 31.207495 4.790732 106.443665

 23.708054 3.303414 106.443665

 16.208620 1.667880 106.443665

 8.709183 1.109931 106.443665

 1.209746 1.667882 106.443665

 -6.289692 3.303418 106.443665

 -13.789131 5.023713 106.443665

 -21.288570 6.266883 106.443665

 -28.788006 6.932559 106.443665

 -33.021564 7.167374 103.177788

 132.933716 7.167374 110.677216

 128.700180 7.167374 113.943108

 121.200729 6.934394 113.943108

 113.701309 6.930881 113.943108

 106.201874 5.890114 113.943108

 98.702438 3.065531 113.943108

 91.202988 -0.226212 113.943108

 83.703552 -3.142950 113.943108

 76.204109 -3.977595 113.943108

 68.704681 -2.909971 113.943108

 61.205238 -0.459197 113.943108

 53.705795 2.832549 113.943108

 46.206367 5.874672 113.943108

 38.706928 6.341980 113.943108

 31.207495 4.730217 113.943108

 23.708054 2.873410 113.943108

 16.208620 1.342911 113.943108

 8.709183 0.706557 113.943108

 1.209746 1.342911 113.943108

 -6.289692 2.873412 113.943108

 -13.789131 4.497237 113.943108

 -21.288570 6.345494 113.943108

 -26.610752 7.034142 113.943108

 140.433151 6.934394 124.708435

 136.199615 6.934394 123.619820

 128.700180 6.934394 121.442551

 121.200729 7.167374 121.442551

 113.701309 7.136799 121.442551

 106.201874 5.361749 121.442551

 98.702438 2.270959 121.442551

 91.202988 -1.281999 121.442551

 83.703552 -3.977595 121.442551

 76.204109 -5.195243 121.442551

 68.704681 -3.977597 121.442551

 61.205238 -1.049021 121.442551

 53.705795 2.270955 121.442551

 46.206367 5.360175 121.442551

 38.706928 6.236310 121.442551

 31.207495 4.790732 121.442551

 23.708054 3.303414 121.442551

 16.208620 1.900860 121.442551

 8.709183 1.109931 121.442551

 1.209746 1.900862 121.442551

 -6.289692 3.070437 121.442551

 -13.789131 4.790732 121.442551

 -21.288570 6.499863 121.442551

 -28.788006 6.932559 121.442551

 -33.021564 7.167374 124.708435

 147.932587 6.934394 132.207886

 143.699066 7.167374 128.942001

 136.199615 6.934394 128.942001

 128.700180 7.167374 128.942001

 121.200729 7.167374 128.942001

 113.701309 7.163861 128.942001

 106.201874 5.890114 128.942001

 98.702438 3.065533 128.942001

 91.202988 -0.459191 128.942001

 83.703552 -2.909966 128.942001

 76.204109 -4.210573 128.942001

 68.704681 -2.909970 128.942001

 61.205238 -0.226212 128.942001

 53.705795 3.065529 128.942001

 46.206367 5.890110 128.942001

 38.706928 6.858057 128.942001

 31.207495 5.540511 128.942001

 23.708054 4.180066 128.942001

 16.208620 3.303421 128.942001

 8.709183 2.873414 128.942001

 1.209746 3.070441 128.942001

 -6.289692 4.413050 128.942001

 -13.789131 5.540511 128.942001

 -21.288570 6.628591 128.942001

 -28.788006 6.934394 128.942001

 -36.287445 6.934394 128.942001

 -43.786884 6.934394 131.119263

 -48.020435 7.167374 132.207886

 149.021225 7.167374 136.441437

 143.699066 7.167374 136.441437

 136.199615 6.934394 136.441437

 128.700180 6.934394 136.441437

 121.200729 7.167374 136.441437

 113.701309 7.167374 136.441437

 106.201874 6.349246 136.441437

 98.702438 4.500216 136.441437

 91.202988 1.664058 136.441437

 83.703552 -0.226212 136.441437

 76.204109 -1.049018 136.441437

 68.704681 -0.459192 136.441437

 61.205238 1.664054 136.441437

 53.705795 4.267230 136.441437

 46.206367 6.349240 136.441437

 38.706928 6.918414 136.441437

 31.207495 6.637017 136.441437

 23.708054 5.773491 136.441437

 16.208620 5.023713 136.441437

 8.709183 4.730217 136.441437

 1.209746 5.023713 136.441437

 -6.289692 5.773491 136.441437

 -13.789131 6.637017 136.441437

 -21.288570 6.918414 136.441437

 -28.788006 6.934394 136.441437

 -36.287445 7.167374 136.441437

 -43.786884 6.934394 136.441437

 -51.286320 6.934394 136.441437

 -55.519878 6.934394 139.707306

 149.021225 7.167374 143.940872

 143.699066 7.167374 143.940872

 136.199615 6.934394 143.940872

 128.700180 6.934394 143.940872

 121.200729 6.934394 143.940872

 113.701309 7.167374 143.940872

 106.201874 7.136801 143.940872

 98.702438 6.152550 143.940872

 91.202988 4.267230 143.940872

 83.703552 2.832549 143.940872

 76.204109 2.503935 143.940872

 68.704681 2.832545 143.940872

 61.205238 4.267230 143.940872

 53.705795 6.152548 143.940872

 46.206367 7.136799 143.940872

 38.706928 6.934394 143.940872

 31.207495 7.151394 143.940872

 23.708054 6.628585 143.940872

 16.208620 6.266883 143.940872

 8.709183 6.345494 143.940872

 1.209746 6.499863 143.940872

 -6.289692 6.628585 143.940872

 -13.789131 6.918414 143.940872

 -21.288570 7.167374 143.940872

 -28.788006 6.934394 143.940872

 -36.287445 6.934394 143.940872

 -43.786884 7.167374 143.940872

 -51.286320 6.934394 143.940872

 -58.785763 6.934394 143.940872

 -66.285202 7.167374 146.118134

 -73.784622 6.934394 146.118134

 -81.284073 7.167374 146.118134

 -88.783508 7.167374 146.118134

 -93.017059 7.167374 147.206757

 149.021225 7.167374 151.440308

 143.699066 6.934394 151.440292

 136.199615 7.167374 151.440292

 128.700180 7.167374 151.440292

 121.200729 6.934394 151.440292

 113.701309 6.934394 151.440292

 106.201874 7.167374 151.440292

 98.702438 6.903819 151.440292

 91.202988 6.349240 151.440292

 83.703552 5.890107 151.440292

 76.204109 5.361739 151.440292

 68.704681 5.890107 151.440292

 61.205238 6.349240 151.440292

 53.705795 6.903819 151.440292

 46.206367 6.934394 151.440292

 38.706928 7.167374 151.440292

 31.207495 6.934394 151.440292

 23.708054 6.934394 151.440292

 16.208620 7.165539 151.440292

 8.709183 6.918414 151.440292

 1.209746 6.932559 151.440292

 -6.289692 6.934394 151.440292

 -13.789131 7.167374 151.440292

 -21.288570 7.167374 151.440292

 -28.788006 7.167374 151.440292

 -36.287445 6.934394 151.440292

 -43.786884 6.934394 151.440292

 -51.286320 7.167374 151.440292

 -58.785763 6.934394 151.440292

 -66.285202 6.934394 151.440292

 -73.784622 7.167374 151.440292

 -81.284073 6.934394 151.440292

 -88.783508 6.934394 151.440292

 -96.282944 7.167374 151.440292

 -103.782379 6.934394 153.617569

 -111.281815 7.167374 153.617569

 -118.781250 6.934394 153.617569

 -123.014816 7.167374 154.706207

 147.932587 6.934394 155.673859

 143.699066 7.167374 156.762512

 136.199615 6.934394 158.939758

 128.700180 7.167374 158.939758

 121.200729 7.167374 158.939758

 113.701309 7.167374 158.939758

 106.201874 7.167374 158.939758

 98.702438 6.934394 158.939758

 91.202988 7.167374 158.939758

 83.703552 7.163861 158.939758

 76.204109 6.903819 158.939758

 68.704681 7.163861 158.939758

 61.205238 7.167374 158.939758

 53.705795 6.934394 158.939758

 46.206367 6.934394 158.939758

 38.706928 6.934394 158.939758

 31.207495 6.934394 158.939758

 23.708054 7.167374 158.939758

 16.208620 6.934394 158.939758

 8.709183 7.167374 158.939758

 1.209746 7.167374 158.939758

 -6.289692 6.934394 158.939758

 -13.789131 6.934394 158.939758

 -21.288570 7.167374 158.939758

 -28.788006 6.934394 158.939758

 -36.287445 6.934394 158.939758

 -43.786884 7.167374 158.939758

 -51.286320 6.934394 158.939758

 -58.785763 7.167374 158.939758

 -66.285202 6.934394 158.939758

 -73.784622 7.167374 158.939758

 -81.284073 7.167374 158.939758

 -88.783508 7.167374 158.939758

 -96.282944 6.934394 158.939758

 -103.782379 6.934394 158.939758

 -111.281815 7.167374 158.939758

 -118.781250 7.167374 158.939758

 -126.280701 6.934394 158.939758

 -133.780151 7.167374 161.117020

 -138.013702 6.934394 162.205627

 132.933716 7.167374 163.173294

 128.700180 7.167374 166.439178

 121.200729 7.167374 166.439178

 113.701309 7.167374 166.439178

 106.201874 7.167374 166.439178

 98.702438 7.167374 166.439178

 91.202988 6.934394 166.439178

 83.703552 6.934394 166.439178

 76.204109 7.167374 166.439178

 68.704681 6.934394 166.439178

 61.205238 6.934394 166.439178

 53.705795 7.167374 166.439178

 46.206367 7.167374 166.439178

 38.706928 6.934394 166.439178

 31.207495 6.934394 166.439178

 23.708054 7.167374 166.439178

 16.208620 7.167374 166.439178

 8.709183 7.167374 166.439178

 1.209746 6.934394 166.439178

 -6.289692 6.934394 166.439178

 -13.789131 6.934394 166.439178

 -21.288570 7.167374 166.439178

 -28.788006 7.167374 166.439178

 -36.287445 6.934394 166.439178

 -43.786884 7.167374 166.439178

 -51.286320 7.167374 166.439178

 -58.785763 6.934394 166.439178

 -66.285202 6.934394 166.439178

 -73.784622 7.167374 166.439178

 -81.284073 7.167374 166.439178

 -88.783508 7.167374 166.439178

 -96.282944 7.167374 166.439178

 -103.782379 7.167374 166.439178

 -111.281815 6.934394 166.439178

 -118.781250 6.934394 166.439178

 -126.280701 6.934394 166.439178

 -133.780136 7.167374 166.439178

 -139.102325 7.167374 166.439194

 126.522919 6.934394 173.938614

 121.200729 7.167374 173.938614

 113.701309 6.934394 173.938614

 106.201874 6.934394 173.938614

 98.702438 7.167374 173.938614

 91.202988 6.934394 173.938614

 83.703552 6.934394 173.938614

 76.204109 7.167374 173.938614

 68.704681 7.167374 173.938614

 61.205238 7.167374 173.938614

 53.705795 6.934394 173.938614

 46.206367 6.934394 173.938614

 38.706928 7.167374 173.938614

 31.207495 7.167374 173.938614

 23.708054 6.934394 173.938614

 16.208620 7.167374 173.938614

 8.709183 6.934394 173.938614

 1.209746 7.167374 173.938614

 -6.289692 6.934394 173.938614

 -13.789131 6.934394 173.938614

 -21.288570 6.934394 173.938614

 -28.788006 7.167374 173.938614

 -36.287445 6.934394 173.938614

 -43.786884 6.934394 173.938614

 -51.286320 7.167374 173.938614

 -58.785763 7.167374 173.938614

 -66.285202 6.934394 173.938614

 -73.784622 7.167374 173.938614

 -81.284073 6.934394 173.938614

 -88.783508 6.934394 173.938614

 -96.282944 7.167374 173.938614

 -103.782379 7.167374 171.761368

 -111.281815 6.934394 171.761368

 -118.781250 6.934394 173.938614

 -126.280701 6.934394 173.938614

 -133.780136 7.167374 173.938614

 -139.102325 7.167374 173.938614

 132.933716 6.934394 184.703934

 128.700180 6.934394 181.438065

 121.200729 7.167374 181.438065

 113.701309 6.934394 181.438065

 106.201874 7.167374 181.438065

 98.702438 7.167374 181.438065

 91.202988 6.934394 181.438065

 83.703552 6.934394 181.438065

 76.204109 6.934394 181.438065

 68.704681 6.934394 181.438065

 61.205238 6.934394 181.438065

 53.705795 7.167374 181.438065

 46.206367 7.167374 181.438065

 38.706928 6.934394 181.438065

 31.207495 7.167374 181.438065

 23.708054 6.934394 181.438065

 16.208620 7.167374 181.438065

 8.709183 6.934394 181.438065

 1.209746 7.167374 181.438065

 -6.289692 6.934394 181.438065

 -13.789131 6.934394 181.438065

 -21.288570 7.167374 181.438065

 -28.788006 7.167374 181.438065

 -36.287445 7.167374 181.438065

 -43.786884 7.167374 181.438065

 -51.286320 6.934394 181.438065

 -58.785763 6.934394 181.438065

 -66.285202 7.167374 181.438065

 -73.784622 6.934394 181.438065

 -81.284073 7.167374 181.438065

 -88.783508 7.167374 179.260803

 -93.017059 7.167374 178.172165

 -122.047150 6.934394 178.172165

 -126.280701 6.934394 179.260803

 -133.780151 7.167374 179.260803

 -138.013702 7.167374 178.172165

 140.433151 6.934394 192.203369

 136.199615 6.934394 188.937485

 128.700180 6.934394 188.937485

 121.200729 7.167374 188.937485

 113.701309 7.167374 188.937485

 106.201874 7.167374 188.937485

 98.702438 7.167374 188.937485

 91.202988 7.167374 188.937485

 83.703552 7.167374 188.937485

 76.204109 7.167374 186.760254

 68.704681 7.167374 186.760254

 61.205238 6.934394 186.760254

 53.705807 6.934394 186.760254

 46.206367 7.167374 186.760254

 38.706928 6.934394 186.760254

 31.207499 6.934394 186.760254

 23.708054 7.167374 188.937485

 16.208620 7.167374 188.937485

 8.709183 7.167374 188.937485

 1.209746 6.934394 188.937485

 -6.289692 6.934394 188.937485

 -13.789131 7.167374 188.937485

 -21.288570 7.167374 188.937485

 -28.788006 6.934394 188.937485

 -36.287445 6.934394 188.937485

 -43.786884 6.934394 188.937485

 -51.286320 7.167374 188.937485

 -58.785763 7.167374 188.937485

 -66.285202 7.167374 186.760254

 -73.784622 6.934394 186.760254

 -78.018188 7.167374 185.671600

 141.521805 7.167374 196.436935

 136.199615 7.167374 196.436920

 128.700180 6.934394 196.436920

 121.200729 7.167374 196.436920

 113.701309 7.167374 196.436920

 106.201874 7.167374 196.436920

 98.702438 7.167374 196.436920

 91.202988 7.167374 196.436920

 86.969437 6.934394 193.171036

 21.530804 7.167374 196.436935

 16.208620 6.934394 196.436920

 8.709183 6.934394 196.436920

 1.209746 7.167374 196.436920

 -6.289692 6.934394 196.436920

 -13.789131 7.167374 196.436920

 -21.288570 6.934394 196.436920

 -28.788006 6.934394 196.436920

 -36.287445 6.934394 196.436920

 -43.786884 6.934394 194.259674

 -51.286320 7.167374 194.259674

 -55.519878 6.934394 193.171036

 141.521805 6.934394 203.936356

 136.199615 6.934394 203.936356

 128.700180 6.934394 203.936356

 121.200729 6.934394 203.936356

 113.701309 7.167374 203.936356

 106.201874 7.167374 203.936356

 98.702438 6.934394 201.759109

 94.468872 6.934394 200.670486

 20.442173 7.167374 200.670486

 16.208620 7.167374 203.936356

 8.709183 6.934394 203.936356

 1.209746 6.934394 203.936356

 -6.289692 6.934394 203.936356

 -13.789131 7.167374 203.936356

 -21.288570 7.167374 203.936356

 -28.788006 7.167374 203.936356

 -33.021564 6.934394 200.670486

 141.521805 7.167374 211.435822

 136.199615 7.167374 211.435822

 128.700180 7.167374 211.435822

 121.200729 6.934394 211.435822

 113.701309 6.934394 209.258545

 109.467758 6.934394 208.169907

 12.942733 7.167374 208.169907

 8.709183 7.167374 209.258545

 1.209748 6.934394 209.258545

 -6.289692 6.934394 209.258545

 -13.789127 7.167374 209.258545

 -21.288570 6.934394 209.258545

 -25.522121 7.167374 208.169907

 140.433151 7.167374 215.669342

 136.199615 6.934394 216.757965

 128.700180 7.167374 216.757965

 124.466629 6.934394 215.669342

 23.412357 13.616839 -121.686188

 16.735836 13.616839 -125.493820

 8.709183 13.616839 -125.527039

 1.209748 13.616839 -124.005127

 -6.816908 13.615561 -120.529449

 -12.834707 13.615561 -118.780853

 25.698061 13.616839 -111.567230

 -16.759314 13.616839 -114.010193

 -20.992870 13.616839 -110.744324

 25.698061 14.455944 -103.013367

 -24.258755 13.615561 -106.510757

 -29.029423 13.616839 -102.586136

 23.412357 14.455944 -96.336823

 16.735830 14.222963 -94.051132

 9.300642 13.616839 -94.059769

 4.179930 13.615561 -93.070953

 -30.778004 13.615561 -96.568359

 -112.236252 13.616839 -96.282562

 -118.254044 13.616839 -98.031158

 -126.807907 13.616839 -98.031158

 -133.484421 13.615561 -95.745453

 3.232966 13.615561 -88.541718

 -30.769375 14.455944 -89.133163

 -89.737946 13.616839 -88.783127

 -95.755737 13.616839 -90.531708

 -103.190933 13.616839 -90.523071

 -108.916519 13.615561 -92.012909

 -135.770142 13.615561 -89.068924

 15.254190 13.615561 -81.283691

 9.817926 13.616839 -82.916519

 4.179932 14.222963 -84.012451

 -32.259216 13.615561 -83.407593

 -35.991745 13.615561 -80.746567

 -81.579773 13.616839 -80.746567

 -85.813324 13.616839 -84.012451

 -135.770142 14.222963 -80.515045

 37.752502 13.615561 -73.784241

 31.734716 13.616839 -75.532837

 24.299515 14.222963 -75.524200

 18.573925 13.615561 -77.014038

 -38.652756 13.615561 -77.014038

 -44.378334 13.616839 -77.764587

 -51.286316 13.615561 -79.898193

 -58.785759 13.615561 -77.806427

 -66.285202 13.616839 -75.566040

 -73.193176 13.616839 -75.524200

 -78.918762 13.616839 -77.014038

 -121.146561 13.616839 -70.071625

 -127.389450 13.616839 -71.668579

 -133.484421 14.455944 -73.838531

 68.408974 13.616839 -65.747696

 61.732460 13.615561 -68.033386

 53.705811 13.616839 -68.066620

 46.797829 13.615561 -68.024765

 41.072235 13.615561 -69.514618

 -114.251999 13.615561 -63.073212

 -118.485550 14.455944 -66.339096

 70.694679 13.615561 -59.071175

 5.924345 11.396014 -55.759121

 3.994584 7.840506 -55.759121

 -98.648254 13.615561 -55.072739

 -104.891129 11.362288 -56.669708

 -110.327393 11.362288 -58.302536

 70.727898 14.222963 -51.044518

 5.924345 11.826564 -53.829357

 3.994584 9.112901 -53.829357

 -84.254257 13.615561 -48.074341

 -89.892258 13.615561 -49.170273

 -95.328522 13.615561 -50.803101

 70.727898 14.222963 -43.545082

 -44.792683 1.253836 -42.539276

 -50.280529 1.253836 -42.539276

 -83.307297 13.615561 -43.545082

 70.686050 14.222963 -36.637100

 -44.792683 1.253836 -37.051437

 -50.280529 1.020856 -37.051437

 -84.755280 13.616839 -38.410950

 -88.487808 13.616839 -35.749939

 76.445518 13.616839 -27.591774

 72.175896 13.615561 -30.911507

 -31.310368 14.222963 -25.187378

 -33.765079 13.615561 -25.187378

 -91.753708 13.615561 -31.516373

 -96.524368 14.455944 -27.591759

 78.194122 13.615561 -21.573975

 -30.811226 14.455944 -21.046753

 -34.264225 14.455944 -21.046753

 -98.157181 14.222963 -22.155487

 78.227325 14.222963 -13.547318

 -31.310368 14.455944 -16.906128

 -33.765079 14.222963 -16.906128

 -99.754150 13.616839 -15.912613

 -103.486679 13.615561 -13.251610

 78.185486 14.455944 -6.639343

 -106.752579 13.616839 -9.018051

 -111.523239 13.615561 -5.093445

 83.407837 13.616839 1.747253

 79.675323 13.616839 -0.913750

 13.238435 13.410679 4.421745

 11.679367 13.519985 4.421745

 -113.271820 13.616839 0.924351

 90.907288 13.615561 9.246685

 86.673737 13.616839 5.980801

 13.238435 13.422409 5.980812

 11.679367 13.516382 5.980812

 -46.757065 13.798010 11.921181

 -48.316139 13.613889 11.921181

 -113.305054 14.222963 8.951004

 150.902771 13.616839 16.746124

 144.226273 13.616839 14.460426

 136.199615 13.616839 14.427208

 128.172958 13.616839 14.460423

 122.155174 13.615561 16.209007

 105.247437 13.616839 16.209007

 99.811172 13.616839 14.576180

 93.568298 13.615561 12.979214

 50.735615 3.974614 19.420609

 49.176552 3.741633 19.420609

 -46.757065 13.827274 13.480244

 -48.316139 13.977085 13.480244

 -113.263199 14.455944 15.858971

 153.188461 13.616839 23.422646

 118.835419 13.616839 20.478653

 113.701309 13.616839 21.926636

 108.567184 13.616839 20.478653

 50.735615 3.974614 20.979675

 49.176552 3.741633 20.979675

 -114.753021 14.455944 21.584557

 -119.022659 14.455944 24.904297

 153.188461 14.455944 31.976515

 -120.771255 14.455944 30.922092

 150.902771 14.455944 38.653038

 144.807816 13.615561 40.822983

 138.564926 13.616839 42.419952

 -120.771255 14.455944 39.475956

 135.245178 13.615561 46.689598

 129.808929 13.615561 48.322418

 124.170921 13.615561 49.418365

 -114.251999 14.222963 49.418362

 -119.022659 14.222963 45.493755

 123.182114 14.222963 54.539074

 -1.760437 4.062747 56.917789

 -3.319508 3.651639 56.917789

 -106.752579 14.455944 56.917789

 -110.986115 14.455944 53.651917

 123.223953 14.222963 61.447052

 -1.760437 4.294089 58.476868

 -3.319508 3.902215 58.476868

 -91.148819 13.615561 64.918259

 -97.391693 14.222963 63.321297

 -102.827957 13.615561 61.688461

 173.401093 13.616839 69.242188

 166.724579 13.616839 66.956482

 158.697922 13.615561 66.923264

 150.671280 13.615561 66.956482

 144.653473 14.222963 68.705070

 122.643387 12.967709 68.149078

 -76.149933 14.222963 72.417694

 -82.392807 13.616839 70.820732

 -87.829086 14.455944 69.187904

 175.686798 13.616839 75.918709

 141.333755 14.222963 72.974709

 135.608170 14.455944 74.464554

 129.291641 14.455944 74.464554

 124.170914 14.222963 73.475739

 -46.757065 13.616822 79.416100

 -51.877777 13.615561 78.427292

 -58.785763 14.222963 78.469147

 -66.812408 13.616839 78.435928

 -72.830215 13.615561 76.687332

 175.686798 14.455944 84.472572

 -45.661133 13.616839 85.054108

 173.401093 14.222963 91.149101

 167.306122 13.615561 93.319031

 161.063232 13.616839 94.916016

 -7.133411 13.154768 92.288536

 -12.945414 13.704823 92.288536

 -39.758656 13.615561 93.810120

 -44.028297 13.615561 90.490372

 157.743484 13.615561 99.185638

 152.307236 14.455944 100.818489

 146.064346 13.616839 102.415466

 -7.133411 12.293493 98.100510

 -12.945414 13.154772 98.100510

 -38.161690 14.455944 100.052979

 143.403336 14.222963 106.147980

 139.169785 13.615561 109.413849

 -32.259216 14.222963 108.808975

 -36.528854 14.222963 105.489243

 135.903915 14.455944 113.647392

 132.469849 14.222963 115.796066

 52.862068 10.995705 114.786812

 47.050095 13.176525 114.786812

 0.366025 -4.525238 114.786812

 -5.445976 -3.654348 114.786812

 -30.811226 14.455944 113.943108

 142.744598 14.222963 121.201126

 137.308365 14.222963 119.568314

 132.059006 14.455944 118.920189

 52.862068 10.427040 120.598824

 47.050095 12.882759 120.598824

 0.366025 -4.383885 120.598824

 -5.445976 -3.298748 120.598824

 -32.259216 14.222963 119.077232

 -35.991745 14.222963 121.738243

 151.439880 14.455944 129.896439

 146.669235 13.616839 125.971802

 -38.652756 14.222963 125.470787

 -44.895626 14.222963 127.067757

 -50.331886 13.616839 128.700577

 153.188461 14.455944 135.914215

 45.362640 13.616758 137.285141

 39.550652 13.615580 137.285141

 -54.256500 13.615561 133.471252

 -58.490059 13.616839 136.737122

 153.221695 14.455944 143.940872

 45.362637 14.226286 143.097137

 39.550648 14.459267 143.097137

 -61.151070 13.616839 140.469650

 -66.876663 14.455944 141.959503

 -73.784622 14.455944 141.917648

 -81.284073 14.222963 141.917648

 -89.310715 14.222963 141.950867

 -95.328522 14.455944 143.699432

 153.188461 14.222963 151.967529

 60.361534 13.615480 152.284012

 54.549530 13.616858 152.284012

 -98.648254 14.455944 147.969070

 -104.373856 14.455944 149.458939

 -111.281815 14.455944 149.417084

 -119.308472 14.222963 149.450317

 -125.326279 13.616839 151.198898

 150.902771 14.455944 158.644043

 144.807816 14.455944 160.814011

 138.564896 14.222963 162.410965

 60.361534 14.459267 158.096054

 54.549530 14.226286 158.096054

 -128.646011 13.616839 155.468536

 -134.888885 14.222963 157.065521

 -140.983887 13.615561 159.235458

 135.903915 14.455944 166.143478

 132.171387 14.455944 168.804489

 112.857574 13.616839 167.282898

 107.045593 14.222963 167.282898

 -143.269592 13.616839 165.911972

 130.723404 13.615561 173.938614

 112.857574 14.222963 173.094894

 107.045593 14.222963 173.094894

 -98.648254 14.455944 177.409836

 -104.373840 14.455944 175.919998

 -110.690369 14.455944 175.919998

 -116.415955 14.455944 177.409836

 -143.269592 14.222963 174.465820

 135.903915 14.455944 181.733734

 132.171387 14.222963 179.072754

 -83.649384 14.222963 184.909271

 -89.892273 14.222963 183.312302

 -95.328537 14.455944 181.679443

 -119.735687 14.222963 181.679443

 -125.753479 13.616839 183.428055

 -134.307388 14.455944 183.428055

 -140.983887 14.222963 181.142334

 143.940445 14.455944 189.891891

 139.169785 14.455944 185.967316

 81.338257 13.616839 192.408707

 75.612656 13.616839 190.918884

 68.704681 14.455944 190.960724

 61.205238 14.222963 190.960724

 53.705807 14.455944 190.960724

 46.206367 14.455944 190.960724

 38.706928 14.222963 190.960724

 31.798954 14.222963 190.918884

 26.678236 13.616839 191.907669

 -61.151066 14.455944 192.408707

 -66.876663 14.222963 190.918884

 -74.311859 14.455944 190.927505

 -80.329651 14.222963 189.178894

 145.689056 14.455944 195.909729

 88.232803 13.615561 199.407104

 83.999252 13.615561 196.141220

 25.582304 14.222963 197.545700

 -38.652756 14.455944 199.908142

 -44.378338 14.455944 198.418304

 -51.813541 14.455944 198.426910

 -57.831337 13.616839 196.678345

 145.722290 14.455944 203.936356

 103.836578 13.615561 207.407562

 97.593689 13.615561 205.810623

 92.157410 14.455944 204.177780

 23.949469 14.222963 202.981949

 19.178802 14.222963 206.906540

 -31.758186 14.222963 206.906540

 -35.991741 14.455944 203.640671

 145.689056 14.455944 211.963058

 118.835419 14.455944 214.907043

 112.592560 13.616839 213.310059

 107.156296 14.455944 211.677216

 15.254196 14.455944 211.677216

 9.236402 14.455944 213.425797

 1.209748 14.222963 213.459030

 -6.289692 13.616839 213.459015

 -13.789127 13.616839 213.459015

 -21.815784 13.615561 213.425812

 -27.833588 13.616839 211.677216

 143.403336 14.222963 218.639526

 136.726837 14.222963 220.925232

 128.172958 14.222963 220.925232

 122.155167 14.455944 219.176636

 -7.133411 13.154768 92.288536

 -12.945414 13.937803 92.288536

 -7.133411 12.060513 98.100510

 -12.945414 13.154772 98.100510

 104.337265 3.724877 48.896980

 98.440262 3.341809 48.659977

 91.371002 3.574790 48.659977

 84.301712 3.341809 48.659977

 78.388092 3.724371 48.896980

 104.604660 3.341809 54.824375

 98.401382 2.369327 54.954422

 91.395920 2.369327 54.954422

 84.390442 2.368945 54.954422

 78.137299 3.569661 54.824375

 104.604660 3.341809 61.893646

 98.401382 2.369327 61.959888

 91.395920 2.369327 61.959888

 84.390442 2.366023 61.959888

 78.137299 3.325150 61.893646

 111.427795 3.491897 70.168602

 105.488998 3.484734 68.963409

 98.401382 1.659379 68.965355

 91.395920 1.659379 68.965355

 84.390442 2.368945 68.965355

 78.137299 3.569661 68.962914

 111.673935 3.574790 76.032181

 105.406845 2.602307 75.970825

 98.401382 1.659379 75.970825

 91.395920 1.659379 75.970825

 84.390442 2.368903 75.970825

 78.137299 3.570717 76.032181

 111.673935 3.574790 83.101463

 105.406845 2.602307 82.976295

 98.401382 2.598618 82.976295

 91.395920 2.298299 82.976295

 84.319458 3.123563 83.076431

 78.388092 3.705246 81.936699

 111.427795 3.491897 89.027245

 105.509537 3.338119 89.265877

 98.440262 3.253451 89.265877

 91.371002 3.077210 89.265877

 85.478638 2.600539 89.027245

 18.325396 6.934394 -120.021271

 12.458899 7.167374 -121.326569

 4.959466 7.167374 -120.565613

 -2.539972 7.167374 -118.083435

 -8.406467 7.167374 -115.817886

 18.869713 6.934394 -111.040024

 -2.539972 6.934394 -111.040024

 -10.039412 6.934394 -111.040024

 -15.905907 7.167374 -109.407074

 18.869713 6.934394 -103.540588

 12.458899 7.167374 -103.540588

 4.959463 7.167374 -103.540588

 -2.539972 6.934394 -103.540588

 -10.039412 6.934394 -103.540588

 -17.538849 6.934394 -103.540588

 -23.405346 7.167374 -101.907623

 18.325396 6.934394 -98.762711

 12.458899 6.934394 -98.218384

 4.959463 7.167374 -97.129761

 -2.539972 6.934394 -96.041138

 -10.039412 7.167374 -96.041138

 -17.538849 7.167374 -96.041138

 -23.949661 6.934394 -96.041138

 -116.664490 7.167374 -93.319580

 -122.530975 7.167374 -93.863892

 -128.397476 6.934394 -93.319580

 -3.628599 7.167374 -88.541718

 -10.039412 6.934394 -88.541718

 -17.538849 6.934394 -88.541718

 -23.949661 6.934394 -88.541718

 -94.166168 6.934394 -85.820129

 -100.032669 6.934394 -86.364456

 -107.532104 6.934394 -87.453094

 -115.031540 7.167374 -88.541718

 -122.530975 6.934394 -88.541718

 -128.941788 7.167374 -88.541718

 10.825958 7.167374 -78.320694

 5.150395 7.972320 -79.659454

 -2.644156 7.053741 -81.047806

 -10.039845 7.062841 -81.042267

 -17.538849 7.167374 -81.042267

 -25.038288 7.167374 -81.042267

 -30.904785 6.934394 -79.409332

 -86.666733 6.934394 -79.409332

 -92.533234 7.167374 -81.042267

 -100.032669 7.167374 -81.042267

 -107.532104 6.934394 -81.042267

 -115.031540 7.167374 -81.042267

 -122.530975 6.934394 -81.042267

 -128.941788 6.934394 -81.042267

 33.324268 7.167374 -70.821259

 27.457777 7.167374 -71.365570

 19.958338 7.167374 -72.454193

 12.458899 6.934394 -73.542831

 4.958976 6.031221 -73.403763

 -2.540406 4.369958 -73.541534

 -10.039412 6.116332 -73.542831

 -17.538849 7.167374 -73.542831

 -25.038288 7.167374 -73.542831

 -32.537724 7.167374 -73.542831

 -40.037167 9.067233 -72.454193

 -47.536606 12.115471 -71.365570

 -55.036045 12.115471 -71.365570

 -62.535480 9.300214 -71.365570

 -70.034912 7.167374 -71.365570

 -77.534348 6.934394 -72.454193

 -85.033798 7.167374 -73.542831

 -92.533234 6.934394 -73.542831

 -100.032669 4.306699 -73.542831

 -107.532104 7.167374 -73.542831

 -115.031540 7.167374 -73.542831

 -122.530975 6.934394 -74.631454

 -128.397476 7.167374 -76.264404

 63.322014 7.167374 -63.321823

 57.455524 7.167374 -63.866135

 49.956081 7.167374 -63.866135

 42.456650 7.167374 -64.954773

 34.957211 7.167374 -66.043396

 27.457775 6.934394 -66.043396

 19.958338 6.934394 -66.043396

 12.458899 7.167374 -66.043396

 4.959464 6.569425 -66.044769

 -2.539973 2.492175 -66.043396

 -10.039412 4.579679 -66.043396

 -17.538849 5.957082 -66.043396

 -25.038288 7.084793 -66.043396

 -32.537724 7.167374 -66.043396

 -40.037167 9.300214 -66.043396

 -47.536606 10.819462 -66.043396

 -55.036045 10.438854 -66.043396

 -62.535480 8.686624 -66.043396

 -70.034912 7.167374 -66.043396

 -77.534348 7.167374 -66.043396

 -85.033798 7.167374 -66.043396

 -92.533234 7.167374 -66.043396

 -100.032669 6.934394 -66.043396

 -107.532104 7.167374 -66.043396

 -113.398605 7.167374 -67.676331

 63.866325 7.167374 -58.543961

 57.455509 7.167374 -58.543961

 49.956081 7.167374 -58.543961

 42.456650 7.167374 -58.543961

 34.957211 7.166520 -58.543961

 27.457775 7.159070 -58.543961

 19.958338 7.159070 -58.543961

 12.433559 7.054705 -58.516811

 4.959464 6.759841 -58.952507

 -2.514631 2.517006 -58.516811

 -10.039412 1.335632 -58.543953

 -17.538849 2.608206 -58.543953

 -25.038288 6.981483 -58.543953

 -32.537724 6.934394 -58.543961

 -40.037167 7.167374 -58.543961

 -47.536606 7.898415 -58.543961

 -55.036045 8.396480 -58.543961

 -62.535480 7.898415 -58.543961

 -70.034912 7.167374 -58.543961

 -77.534348 7.167374 -58.543961

 -85.033798 7.167374 -58.543961

 -92.533234 6.934394 -58.543961

 -100.032669 7.167374 -59.632584

 -105.899170 7.167374 -61.265518

 63.866325 7.167374 -51.044518

 57.455509 7.167374 -51.044518

 49.956081 6.926944 -51.044518

 42.456650 6.784328 -51.044518

 34.957211 6.713463 -51.044518

 27.457775 6.239806 -51.044518

 19.958338 6.239806 -51.044518

 12.458899 6.713463 -51.044518

 4.959464 7.546538 -50.635971

 -2.514631 2.496496 -51.071663

 -10.039412 1.175053 -51.044518

 -17.538849 2.543975 -51.044518

 -25.038288 7.371181 -51.044518

 -32.537724 7.167374 -51.044518

 -40.037167 6.934394 -51.044518

 -47.536606 7.167374 -51.044518

 -55.036045 7.167374 -51.044518

 -62.535480 7.167374 -51.044518

 -70.034912 7.167374 -51.044518

 -77.534348 7.167374 -51.044518

 -85.033798 6.934394 -52.133141

 -90.900284 6.934394 -53.766083

 63.866325 7.167374 -43.545082

 57.455509 6.926944 -43.545082

 49.956081 6.912587 -43.545082

 42.456650 6.037007 -43.545082

 34.957211 5.517613 -43.545082

 27.457775 4.798091 -43.545082

 19.958338 4.798091 -43.545082

 12.458899 5.284633 -43.545082

 4.959464 5.984784 -43.543278

 -2.539973 2.155082 -43.545082

 -10.039412 1.129035 -43.545082

 -17.538849 2.668235 -43.545082

 -25.038288 6.937765 -43.545082

 -32.537724 7.167374 -43.545082

 -39.452278 5.780461 -44.129959

 -47.536602 4.859511 -44.714844

 -55.620930 5.780461 -44.129959

 -62.535480 7.167374 -43.545082

 -70.034912 7.167374 -43.545082

 -76.445724 6.934394 -43.545082

 63.866325 7.167374 -36.045647

 57.455509 7.024758 -36.045647

 49.956081 6.141728 -36.045647

 42.456650 5.232819 -36.045647

 34.957211 4.914772 -36.045647

 27.457775 3.362858 -36.045647

 19.958338 3.362858 -36.045647

 12.458899 4.080880 -36.045647

 4.959464 5.059800 -36.045639

 -2.539973 2.349393 -36.045639

 -10.039412 3.128824 -36.045639

 -17.538849 5.899249 -36.045639

 -25.038288 7.010328 -36.045639

 -32.537724 7.167374 -36.045639

 -39.452278 6.013442 -35.460754

 -47.536602 4.626531 -34.875870

 -55.620930 6.013442 -35.460754

 -62.535480 6.934394 -36.045639

 -70.034912 7.167374 -36.045639

 -77.534348 7.167374 -36.045639

 -83.400848 6.934394 -34.412697

 70.821449 6.934394 -26.913254

 64.954964 6.933539 -28.546204

 57.455509 6.855217 -28.546204

 49.956081 5.623378 -28.546204

 42.456650 4.365666 -28.546204

 34.957211 2.676320 -28.546204

 27.457775 0.755346 -28.546204

 19.958338 1.995000 -28.546204

 12.458899 2.676320 -28.546204

 4.959464 4.395842 -28.546200

 -2.539973 5.196922 -28.546196

 -10.039412 6.529755 -28.546194

 -17.538849 7.084816 -28.546194

 -25.038288 7.167374 -28.546196

 -32.537724 7.167374 -28.546196

 -40.037167 7.167374 -28.546196

 -47.536606 6.934394 -28.546196

 -55.036045 7.167374 -28.546196

 -62.535480 6.934394 -28.546196

 -70.034912 7.167374 -28.546188

 -77.534348 7.167374 -28.546188

 -85.033798 7.167374 -28.546188

 -90.900284 7.167374 -26.913246

 71.365768 7.167374 -21.046761

 64.954964 6.926940 -21.046753

 57.455509 6.776631 -21.046753

 49.956081 5.647492 -21.046753

 42.456650 4.028256 -21.046753

 34.957211 2.448555 -21.046753

 27.457775 1.438026 -21.046753

 19.958338 1.205046 -21.046753

 12.458899 2.448555 -21.046753

 4.959463 3.795276 -21.046753

 -2.539972 5.647492 -21.046753

 -10.039412 6.543651 -21.046753

 -17.538849 7.159920 -21.046753

 -23.949661 6.934394 -21.046753

 -41.125793 6.934394 -21.046753

 -47.536606 6.934394 -21.046753

 -55.036045 6.934394 -21.046753

 -62.535480 6.934394 -21.046753

 -70.034912 7.167374 -21.046753

 -77.534348 6.934394 -21.046745

 -85.033798 6.934394 -21.046745

 -91.444595 7.167374 -21.046745

 71.365768 6.934394 -13.547318

 64.954964 6.933539 -13.547318

 57.455509 6.622237 -13.547318

 49.956081 5.623378 -13.547318

 42.456650 4.365666 -13.547318

 34.957211 2.909300 -13.547318

 27.457775 1.762019 -13.547318

 19.958338 1.995000 -13.547318

 12.458899 2.909300 -13.547318

 4.959463 4.365666 -13.547318

 -2.539972 5.856358 -13.547318

 -10.039412 6.855217 -13.547318

 -17.538849 6.933539 -13.547318

 -25.038288 6.934394 -13.547310

 -32.537724 7.167374 -13.547310

 -40.037167 6.934394 -13.547310

 -47.536606 6.934394 -13.547310

 -55.036045 6.934394 -13.547310

 -62.535480 6.934394 -13.547310

 -70.034912 7.167374 -13.547310

 -77.534348 6.934394 -13.547310

 -85.033798 7.167374 -13.547310

 -92.533234 6.934394 -13.547310

 -98.399719 7.167374 -11.914368

 71.365768 6.934394 -6.047882

 64.954964 7.167374 -6.047882

 57.455509 6.791778 -6.047882

 49.956081 6.141728 -6.047882

 42.456650 5.232819 -6.047882

 34.957211 4.080878 -6.047882

 27.457775 3.362856 -6.047882

 19.958338 3.129876 -6.047874

 12.458899 3.847898 -6.047874

 5.721031 5.848691 -6.047874

 -2.400530 5.848694 -6.047874

 -10.522097 5.848696 -6.047874

 -17.538849 6.934394 -6.047874

 -25.038288 6.934394 -6.047874

 -32.537724 6.934394 -6.047874

 -40.037167 6.934394 -6.047874

 -47.536606 6.934394 -6.047874

 -55.036045 7.167374 -6.047874

 -62.535480 6.934394 -6.047874

 -70.034912 6.691818 -6.047873

 -77.534348 6.861639 -6.047868

 -85.033798 6.576958 -6.047868

 -92.533234 6.882692 -6.047868

 -100.032669 6.934394 -6.047867

 -105.899170 7.167374 -4.414925

 78.320892 7.167374 3.084496

 72.454391 6.934394 1.451553

 64.954964 6.934394 1.451557

 57.455509 7.159920 1.451557

 49.956081 6.679606 1.451557

 42.456650 6.269988 1.451557

 34.957211 5.517609 1.451561

 27.457775 4.798091 1.451561

 19.958338 5.031071 1.451561

 12.458899 5.284629 1.451561

 5.721031 5.848693 1.451561

 -2.400530 5.848696 1.451561

 -10.522097 5.848697 1.451561

 -17.538849 6.923533 1.451565

 -25.038288 7.147891 1.451565

 -32.537724 6.923533 1.451565

 -40.037167 6.933272 1.451565

 -47.536606 6.934394 1.451569

 -55.036045 7.167374 1.451569

 -62.535480 6.934394 1.451569

 -70.034912 4.301685 1.451568

 -77.534348 4.228930 1.451568

 -85.033798 4.249983 1.451568

 -92.533234 6.470296 1.451569

 -100.032669 6.934394 1.451569

 -106.443481 6.934394 1.451569

 85.820328 7.167374 10.583931

 79.953827 7.167374 8.950989

 72.454391 6.934394 8.950989

 64.954964 7.167374 8.950989

 57.455509 7.167374 8.950989

 49.956081 7.159920 8.950989

 42.456650 6.784328 8.950989

 34.957211 6.480479 8.950993

 27.457775 6.239802 8.950993

 19.958338 6.239802 8.950996

 12.458899 6.713459 8.950996

 4.959463 6.774585 8.950996

 -2.400530 5.848696 8.950996

 -10.039412 6.340899 8.950996

 -17.538849 6.026216 8.950996

 -25.038288 6.165066 8.950996

 -32.537724 6.026216 8.950996

 -40.037167 6.340899 8.950996

 -47.536606 6.971163 8.950996

 -55.036045 7.157631 8.950996

 -62.535480 7.167374 8.950996

 -70.034912 4.471506 8.950996

 -77.534348 4.080162 8.950996

 -85.033798 4.101215 8.950997

 -92.533234 4.471506 8.951000

 -100.032669 6.934394 8.951004

 -106.443481 6.934394 8.951004

 145.815811 7.167374 19.171993

 139.949341 7.167374 18.627678

 132.449890 7.167374 18.627678

 126.583405 6.934394 19.171993

 100.819199 7.167374 19.171993

 94.952713 7.167374 17.539051

 87.453278 7.167374 16.450424

 79.953827 7.167374 16.450424

 72.454391 6.934394 16.450424

 64.954964 7.167374 16.450424

 57.455509 6.934394 16.450424

 49.956081 6.934394 16.450424

 42.456650 7.167374 16.450424

 34.957211 7.166520 16.450424

 27.457775 6.926085 16.450424

 19.958338 6.926085 16.450424

 12.458899 6.923793 16.450424

 4.959463 6.601256 16.450424

 -2.539972 5.761062 16.450424

 -10.039412 5.010306 16.450424

 -17.538849 4.374154 16.450424

 -25.038288 4.195191 16.450424

 -32.537724 4.141173 16.450428

 -40.037167 4.777326 16.450428

 -47.536606 5.994042 16.450428

 -55.036045 6.834237 16.450428

 -62.535480 6.924651 16.450428

 -70.034912 4.343791 16.450428

 -77.534348 4.207877 16.450428

 -85.033798 4.038056 16.450428

 -92.533234 4.756187 16.450432

 -100.032669 6.934394 16.450432

 -106.443481 7.167374 16.450432

 146.360138 7.167374 23.949860

 139.949326 6.934394 23.949860

 132.449890 6.934394 23.949860

 124.950470 7.167374 23.949860

 117.451019 6.934394 25.038490

 109.951584 6.934394 25.038490

 102.452164 7.167374 23.949860

 94.952713 6.934394 23.949860

 87.453278 6.934394 23.949860

 79.953827 7.167374 23.949860

 72.454391 7.167374 23.949860

 64.954964 6.934394 23.949860

 57.455509 6.934394 23.949860

 49.956081 6.932818 23.949860

 42.456650 6.919131 23.949860

 34.957211 7.152112 23.949860

 27.457775 6.932818 23.949860

 19.958338 6.934394 23.949860

 12.458899 6.980904 23.949860

 4.959463 5.897985 23.949860

 -2.539972 4.637944 23.949860

 -10.039412 2.898801 23.949860

 -17.538849 1.959987 23.949860

 -25.038288 1.930764 23.949860

 -32.537724 1.959987 23.949860

 -40.037167 3.131781 23.949860

 -47.536606 4.404963 23.949860

 -55.036045 6.130965 23.949860

 -62.535480 6.980904 23.949860

 -70.034912 6.428139 23.949860

 -77.534348 4.186823 23.949860

 -85.033798 6.576957 23.949860

 -92.533234 7.125268 23.949863

 -100.032669 6.934394 23.949863

 -107.532104 6.934394 23.949863

 -113.398605 7.167374 25.582809

 146.360138 6.934394 31.449303

 139.949326 7.167374 31.449303

 132.449890 7.167374 31.449303

 124.950470 6.934394 31.449303

 117.451019 7.167374 31.449303

 109.951584 7.167374 31.449303

 102.452164 6.934394 31.449303

 94.952713 7.167374 31.449303

 87.453278 7.167374 31.449303

 79.953827 6.934394 31.449303

 72.454391 7.167374 31.449303

 64.954964 6.920703 31.449303

 57.455509 6.891659 31.449303

 49.956081 8.265963 31.449303

 42.456650 5.891221 31.449303

 34.957211 5.891221 31.449303

 27.457775 6.333405 31.449303

 19.958338 6.890542 31.449303

 12.458899 6.512561 31.449303

 4.959463 5.453221 31.449303

 -2.539972 3.504143 31.449303

 -10.039412 1.599940 31.449303

 -17.538849 0.404493 31.449303

 -25.038288 0.064274 31.449303

 -32.537724 0.404493 31.449303

 -40.037167 1.366960 31.449303

 -47.536606 3.504143 31.449303

 -55.036045 5.220241 31.449303

 -62.535480 6.526248 31.449303

 -70.034912 6.881232 31.449305

 -77.534348 4.450452 31.449305

 -85.033798 4.977710 31.449305

 -92.533234 6.934394 31.449303

 -100.032669 7.167374 31.449303

 -107.532104 7.167374 31.449303

 -113.942902 6.934394 31.449303

 145.815811 6.934394 36.227165

 139.949326 7.167374 37.860107

 132.449890 7.167374 38.948738

 124.950470 7.167374 38.948738

 117.451019 6.934394 38.948738

 109.951584 6.934394 38.948738

 102.452164 6.934394 38.948738

 94.952713 6.934394 38.948738

 87.453278 6.934394 38.948738

 79.953827 7.167374 38.948738

 72.454391 7.153683 38.948738

 64.954964 6.699257 38.948738

 57.455509 5.285640 38.948738

 49.956081 4.136292 38.948738

 42.456650 3.009402 38.948738

 34.957211 3.009402 38.948738

 27.457775 3.903314 38.948738

 19.958338 5.509049 38.948738

 12.458899 5.955548 38.948738

 4.959463 5.166441 38.948738

 -2.539972 3.062977 38.948738

 -10.039412 0.764539 38.948738

 -17.538849 -0.556732 38.948738

 -25.038288 -0.711777 38.948738

 -32.537724 -0.556732 38.948738

 -40.037167 0.997519 38.948738

 -47.536606 2.829997 38.948738

 -55.036045 4.947150 38.948738

 -62.535480 6.423497 38.948738

 -70.034912 7.157631 38.948738

 -77.534348 6.934394 38.948738

 -85.033798 6.934394 38.948738

 -92.533234 6.934394 38.948738

 -100.032669 6.934394 38.948738

 -107.532104 7.167374 38.948738

 -113.942902 6.934394 38.948738

 130.816940 6.934394 43.726608

 124.950470 7.167374 45.359550

 117.451019 6.934394 46.448177

 109.910507 6.754289 46.525715

 102.391632 6.762133 46.138302

 94.945724 6.484126 45.673351

 87.510086 6.484126 45.673351

 80.059204 6.734894 46.138302

 72.515396 6.698006 46.525715

 64.954964 5.711026 46.448177

 57.455509 3.380075 46.448177

 49.956081 0.256968 46.448177

 42.456650 0.177415 46.448177

 34.957211 -0.055566 46.448177

 27.457775 1.263640 46.448177

 19.958338 3.604447 46.448177

 12.458899 4.968717 46.448177

 4.959463 4.685559 46.448177

 -2.539972 3.062977 46.448177

 -10.039412 0.764539 46.448177

 -17.538849 -0.556732 46.448177

 -25.038288 -0.711777 46.448177

 -32.537724 -0.323752 46.448177

 -40.037167 0.997519 46.448177

 -47.536606 3.062977 46.448177

 -55.036045 3.940477 46.448177

 -62.535480 6.423497 46.448177

 -70.034912 6.924651 46.448177

 -77.534348 7.167374 46.448177

 -85.033798 6.934394 46.448177

 -92.533234 6.934394 46.448177

 -100.032669 7.167374 46.448177

 -107.532104 6.934394 46.448177

 -113.398605 7.167374 44.815235

 116.362381 6.934394 53.947617

 110.384583 6.709260 54.012634

 72.046318 6.060721 54.012634

 64.954964 4.525691 53.947613

 57.455509 1.786876 53.947613

 49.956081 -1.895554 53.947613

 42.456650 -2.335721 53.947613

 34.957211 -2.568702 53.947613

 27.457775 -0.888877 53.947613

 19.958338 1.786498 53.947613

 12.458899 4.353110 53.947613

 4.959463 4.648564 53.947613

 -2.539972 3.269588 53.947613

 -10.039412 1.599940 53.947613

 -17.538849 0.171513 53.947613

 -25.038288 -0.168708 53.947613

 -32.537724 0.171513 53.947613

 -40.037167 1.366960 53.947613

 -47.536606 3.271163 53.947613

 -55.036045 5.453221 53.947613

 -62.535480 6.526248 53.947613

 -70.034912 7.166253 53.947613

 -77.534348 6.934394 53.947613

 -85.033798 6.934394 53.947613

 -92.533234 6.934394 53.947613

 -100.032669 7.167374 53.947613

 -105.899170 7.167374 52.314671

 116.362381 6.934394 61.447052

 110.384583 6.942240 61.480175

 72.046318 6.138390 61.480175

 64.954964 4.374926 61.447052

 57.455509 1.399939 61.447052

 49.956081 -1.735394 61.447052

 42.456650 -3.592020 61.447052

 34.957211 -3.592020 61.447052

 27.457775 -1.735391 61.447052

 19.958338 1.399942 61.447052

 12.458899 4.190299 61.447052

 4.959463 5.414900 61.447052

 -2.539972 4.391273 61.447052

 -10.039412 3.131781 61.447052

 -17.538849 1.959987 61.447052

 -25.038288 1.930764 61.447052

 -32.537724 2.192967 61.447052

 -40.037167 2.898801 61.447052

 -47.536606 4.637944 61.447052

 -55.036045 5.897985 61.447052

 -62.535480 6.747924 61.447052

 -70.034912 6.934394 61.447052

 -77.534348 7.167374 61.447052

 -85.033798 7.167374 61.447052

 -92.533234 7.167374 60.358421

 -98.399734 7.167374 58.725483

 168.314133 7.167374 71.668053

 162.447647 6.934394 71.123741

 154.948212 7.167374 71.123741

 149.081711 6.934394 71.668053

 116.248764 7.225007 68.909264

 110.349808 6.454108 68.303307

 72.046318 6.293702 68.947701

 64.954964 4.525691 68.946480

 57.455509 1.786876 68.946480

 49.956081 -0.655900 68.946480

 42.456650 -2.335721 68.946480

 34.957211 -2.568702 68.946480

 27.457775 -0.888879 68.946480

 19.958338 1.786876 68.946480

 12.458899 6.681753 68.946480

 4.959463 6.028008 68.946480

 -2.539972 5.992465 68.946480

 -10.039412 4.777326 68.946480

 -17.538849 4.374154 68.946480

 -25.038288 3.962211 68.946480

 -32.537724 4.374154 68.946480

 -40.037167 4.777326 68.946480

 -47.536606 5.994042 68.946480

 -55.036045 6.834237 68.946480

 -62.535480 7.157631 68.946480

 -70.034912 7.167374 68.946480

 -77.534348 6.934394 67.857857

 -83.400848 6.934394 66.224915

 168.858444 7.167374 76.445930

 162.447647 7.167374 76.445923

 154.948212 6.934394 76.445923

 147.448776 6.934394 76.445923

 139.949341 7.167374 77.534546

 132.449890 7.167374 78.623184

 124.950470 6.934394 77.534546

 117.852112 6.709260 76.415237

 72.046318 6.411214 76.415237

 64.954964 5.478045 76.445923

 57.455509 3.380073 76.445923

 49.956081 1.496615 76.445923

 42.456650 0.177411 76.445923

 34.957211 0.177411 76.445923

 27.457775 1.263637 76.445923

 19.958338 3.612431 76.445923

 12.458899 5.702458 76.445923

 4.959463 6.886746 76.445923

 -2.539972 6.737266 76.445923

 -10.039412 6.340899 76.445923

 -17.538849 6.259196 76.445923

 -25.038288 5.932086 76.445923

 -32.537724 6.026216 76.445923

 -40.037167 6.573880 76.445923

 -47.536606 6.687240 75.357300

 -55.036045 6.873706 74.268669

 -62.535480 6.934394 74.268669

 -68.401978 6.934394 73.724350

 168.858444 7.167374 83.945358

 162.447647 6.934394 83.945358

 154.948212 6.934394 83.945358

 147.448776 7.167374 83.945358

 139.949326 6.934394 83.945358

 132.449890 7.167374 83.945358

 124.950470 6.934394 83.945358

 117.852112 6.942240 83.882774

 113.088699 5.145947 83.460831

 98.551910 4.989205 90.745193

 79.428207 6.481444 84.457634

 72.515396 6.646945 83.895287

 64.954964 6.464520 83.945358

 57.455509 5.518620 83.945358

 49.956081 4.136292 83.945358

 42.456650 3.242383 83.945358

 34.957211 3.003520 83.945358

 27.457775 3.981822 83.945358

 19.958338 5.037234 83.945358

 12.458899 5.722537 83.945358

 4.959463 6.408989 83.945358

 -2.539972 6.447736 83.945358

 -10.039412 6.772380 83.945358

 -17.538849 7.148524 83.945358

 -25.038288 6.914910 83.945358

 -32.537724 7.156514 83.945358

 -38.948532 6.933272 83.945358

 168.314133 6.934394 88.723221

 162.447647 7.167374 90.356171

 154.948212 6.934394 91.444809

 147.448776 7.167374 91.444809

 139.949326 6.934394 91.444809

 132.449890 7.167374 91.444809

 124.950470 7.167374 91.444809

 117.384415 6.754289 91.369217

 109.833633 6.758183 91.759071

 102.381363 6.367616 92.224510

 94.945724 6.171113 92.224510

 87.501221 5.634787 91.759071

 79.989319 5.274047 91.369217

 72.454391 5.509437 91.444809

 64.954964 5.989497 91.444809

 57.455509 6.350905 91.444809

 49.956081 6.085229 91.444809

 42.456650 5.883561 91.444809

 34.957211 5.619715 91.444809

 27.457775 5.140117 91.444809

 19.958338 4.890384 91.444809

 12.458899 4.863274 91.444809

 4.959463 4.876961 91.444809

 -2.539972 7.331160 91.444809

 -10.039412 5.972270 91.444809

 -17.538849 6.894207 91.444809

 -25.038288 6.926406 91.444809

 -32.537724 6.934394 91.444809

 -38.404221 7.167374 89.811859

 153.315277 6.934394 96.222672

 147.448776 6.934394 97.855614

 139.949326 7.167374 98.944237

 132.449890 6.934394 98.944237

 124.950470 7.167374 98.944237

 117.451019 6.934394 98.944237

 109.951584 6.919105 98.944237

 102.452164 6.644677 98.944237

 94.952713 5.326382 98.944237

 87.453278 3.549888 98.944237

 79.953827 2.551751 98.944237

 72.454391 2.551749 98.944237

 64.954964 3.782868 98.944237

 57.455509 5.093398 98.944237

 49.956081 6.410123 98.944237

 42.456650 6.750939 98.944237

 34.957211 6.302264 98.944237

 27.457775 5.091694 98.944237

 19.958338 3.858231 98.944237

 12.458899 2.855433 98.944237

 4.959463 3.088414 98.944237

 -2.539972 3.625251 98.944237

 -10.039412 5.093266 98.944237

 -17.538849 6.317530 98.944237

 -25.038288 6.781489 98.944237

 -31.449097 6.934394 98.944237

 138.316376 7.167374 104.810730

 132.449890 7.167374 106.443665

 124.950470 6.934394 106.443665

 117.451019 7.167374 106.443665

 109.951584 6.641818 106.443665

 102.452164 5.541218 106.443665

 94.952713 3.198626 106.443665

 87.453278 0.835414 106.443665

 79.953827 -0.870597 106.443665

 72.454391 -0.870597 106.443665

 64.954964 0.835412 106.443665

 57.455509 2.965642 106.443665

 49.956081 5.307334 106.443665

 42.456650 6.307160 106.443665

 34.957211 5.761786 106.443665

 27.457775 4.163563 106.443665

 19.958338 2.602139 106.443665

 12.458899 1.388905 106.443665

 4.959463 1.388905 106.443665

 -2.539972 2.369159 106.443665

 -10.039412 4.163563 106.443665

 -17.538849 5.528808 106.443665

 -25.038288 6.599719 106.443665

 -30.904785 6.933478 104.810730

 130.816940 6.934394 112.310165

 124.950470 6.934394 113.943108

 117.451019 6.932635 113.943108

 109.951584 6.526986 113.943108

 102.452164 4.477824 113.943108

 94.952713 1.419661 113.943108

 87.453278 -1.568091 113.943108

 79.953827 -3.676762 113.943108

 72.454391 -3.443783 113.943108

 64.954964 -1.568095 113.943108

 57.455509 1.186676 113.943108

 49.956081 4.237123 113.943108

 42.456650 5.875346 113.943108

 34.957211 5.536099 113.943108

 27.457775 3.801814 113.943108

 19.958338 4.273699 113.943108

 12.458899 1.024733 113.943108

 4.959463 1.024733 113.943108

 -2.539972 1.875180 113.943108

 -10.039412 3.568835 113.943108

 -17.538849 5.304875 113.943108

 -23.949661 6.689816 113.943108

 138.316391 6.934394 124.164124

 132.449890 7.167374 122.531181

 124.950470 6.934394 121.442551

 117.451019 6.919105 121.442551

 109.951584 6.365765 121.442551

 102.452164 3.816352 121.442551

 94.952713 0.727460 121.442551

 87.453278 -2.746288 121.442551

 79.953827 -4.586419 121.442551

 72.454391 -4.819401 121.442551

 64.954964 -2.746288 121.442551

 57.455509 0.494477 121.442551

 49.956081 4.048542 121.442551

 42.456650 6.031224 121.442551

 34.957211 5.746502 121.442551

 27.457775 4.163563 121.442551

 19.958338 2.602139 121.442551

 12.458899 1.621885 121.442551

 4.959463 1.388905 121.442551

 -2.539972 2.602139 121.442551

 -10.039412 3.930583 121.442551

 -17.538849 5.761788 121.442551

 -25.038288 6.599719 121.442551

 -30.904785 7.166459 123.075493

 145.815811 6.934394 130.574951

 139.949326 6.934394 128.942001

 132.449890 7.167374 128.942001

 124.950470 6.934394 128.942001

 117.451019 7.165616 128.942001

 109.951584 6.294005 128.942001

 102.452164 4.244845 128.942001

 94.952713 1.186681 128.942001

 87.453278 -1.568088 128.942001

 79.953827 -3.676758 128.942001

 72.454391 -3.443780 128.942001

 64.954964 -1.568091 128.942001

 57.455509 1.186678 128.942001

 49.956081 4.477822 128.942001

 42.456650 6.141101 128.942001

 34.957211 6.315773 128.942001

 27.457775 5.093272 128.942001

 19.958338 3.858235 128.942001

 12.458899 2.855435 128.942001

 4.959463 2.855435 128.942001

 -2.539972 3.625255 128.942001

 -10.039412 4.860291 128.942001

 -17.538849 6.084550 128.942001

 -25.038288 6.781489 128.942001

 -32.537724 6.934394 128.942001

 -40.037167 7.167374 130.030624

 -45.903664 7.167374 131.663559

 146.360138 6.934394 136.441437

 139.949326 7.167374 136.441437

 132.449890 7.167374 136.441437

 124.950470 6.934394 136.441437

 117.451019 6.934394 136.441437

 109.951584 6.641818 136.441437

 102.452164 5.541218 136.441437

 94.952713 3.198626 136.441437

 87.453278 0.602433 136.441437

 79.953827 -0.637617 136.441437

 72.454391 -0.870597 136.441437

 64.954964 0.602431 136.441437

 57.455509 2.965642 136.441437

 49.956081 5.541218 136.441437

 42.456650 6.633826 136.441437

 34.957211 6.661227 136.441437

 27.457775 5.972274 136.441437

 19.958338 5.398602 136.441437

 12.458899 4.876965 136.441437

 4.959463 4.876965 136.441437

 -2.539972 5.165622 136.441437

 -10.039412 5.972274 136.441437

 -17.538849 6.661227 136.441437

 -25.038288 7.159386 136.441437

 -32.537724 6.934394 136.441437

 -40.037167 7.167374 136.441437

 -47.536606 7.167374 136.441437

 -53.403103 6.934394 138.074371

 146.360138 7.167374 143.940872

 139.949326 6.934394 143.940872

 132.449890 6.934394 143.940872

 124.950470 7.167374 143.940872

 117.451019 6.934394 143.940872

 109.951584 7.152085 143.940872

 102.452164 6.644677 143.940872

 94.952713 5.093402 143.940872

 87.453278 3.782868 143.940872

 79.953827 2.784731 143.940872

 72.454391 2.784729 143.940872

 64.954964 3.549888 143.940872

 57.455509 5.093398 143.940872

 49.956081 6.411693 143.940872

 42.456650 7.152085 143.940872

 34.957211 7.159386 143.940872

 27.457775 7.006482 143.940872

 19.958338 6.680716 143.940872

 12.458899 6.189698 143.940872

 4.959463 6.422678 143.940872

 -2.539972 6.680716 143.940872

 -10.039412 7.006482 143.940872

 -17.538849 7.159386 143.940872

 -25.038288 7.167374 143.940872

 -32.537724 7.167374 143.940872

 -40.037167 7.167374 143.940872

 -47.536606 7.167374 143.940872

 -55.036045 7.167374 143.940872

 -62.535480 7.167374 145.029495

 -70.034912 7.167374 146.118134

 -77.534348 7.167374 146.118134

 -85.033798 6.934394 146.118134

 -90.900284 7.167374 146.662460

 146.360138 7.167374 151.440292

 139.949326 7.167374 151.440292

 132.449890 6.934394 151.440292

 124.950470 6.934394 151.440292

 117.451019 6.934394 151.440292

 109.951584 6.934394 151.440292

 102.452164 6.919105 151.440292

 94.952713 6.626531 151.440292

 87.453278 6.003186 151.440292

 79.953827 5.742417 151.440292

 72.454391 5.509437 151.440292

 64.954964 6.236166 151.440292

 57.455509 6.859511 151.440292

 49.956081 7.152085 151.440292

 42.456650 6.934394 151.440292

 34.957211 6.934394 151.440292

 27.457775 6.934394 151.440292

 19.958338 7.166459 151.440292

 12.458899 6.925487 151.440292

 4.959463 7.158467 151.440292

 -2.539972 6.933478 151.440292

 -10.039412 7.167374 151.440292

 -17.538849 7.167374 151.440292

 -25.038288 6.934394 151.440292

 -32.537724 6.934394 151.440292

 -40.037167 6.934394 151.440292

 -47.536606 6.934394 151.440292

 -55.036045 7.167374 151.440292

 -62.535480 6.934394 151.440292

 -70.034912 7.167374 151.440292

 -77.534348 6.934394 151.440292

 -85.033798 6.934394 151.440292

 -92.533234 6.934394 151.440292

 -100.032669 7.167374 152.528931

 -107.532104 7.167374 153.617569

 -115.031540 6.934394 153.617569

 -120.898041 6.934394 154.161880

 145.815811 7.167374 156.218170

 139.949326 7.167374 157.851135

 132.449890 6.934394 158.939758

 124.950470 6.934394 158.939758

 117.451019 7.167374 158.939758

 109.951584 7.167374 158.939758

 102.452164 7.167374 158.939758

 94.952713 6.934394 158.939758

 87.453278 7.165616 158.939758

 79.953827 6.917354 158.939758

 72.454391 6.917354 158.939758

 64.954964 6.932635 158.939758

 57.455509 7.167374 158.939758

 49.956081 6.934394 158.939758

 42.456650 6.934394 158.939758

 34.957211 6.934394 158.939758

 27.457775 6.934394 158.939758

 19.958338 7.167374 158.939758

 12.458899 6.934394 158.939758

 4.959463 6.934394 158.939758

 -2.539972 6.934394 158.939758

 -10.039412 7.167374 158.939758

 -17.538849 6.934394 158.939758

 -25.038288 7.167374 158.939758

 -32.537724 7.167374 158.939758

 -40.037167 6.934394 158.939758

 -47.536606 6.934394 158.939758

 -55.036045 6.934394 158.939758

 -62.535480 6.934394 158.939758

 -70.034912 7.167374 158.939758

 -77.534348 6.934394 158.939758

 -85.033798 6.934394 158.939758

 -92.533234 6.934394 158.939758

 -100.032669 7.167374 158.939758

 -107.532104 7.167374 158.939758

 -115.031540 6.934394 158.939758

 -122.530975 6.934394 158.939758

 -130.030426 6.934394 160.028381

 -135.896927 7.167374 161.661316

 130.816940 7.167374 164.806244

 124.950470 6.934394 166.439178

 117.451019 7.167374 166.439178

 109.951584 6.934394 166.439178

 102.452164 6.934394 166.439178

 94.952713 6.934394 166.439178

 87.453278 6.934394 166.439178

 79.953827 7.167374 166.439178

 72.454391 6.934394 166.439178

 64.954964 6.934394 166.439178

 57.455509 7.167374 166.439178

 49.956081 6.934394 166.439178

 42.456650 7.167374 166.439178

 34.957211 6.934394 166.439178

 27.457775 6.934394 166.439178

 19.958338 6.934394 166.439178

 12.458899 7.167374 166.439178

 4.959463 6.934394 166.439178

 -2.539972 6.934394 166.439178

 -10.039412 7.167374 166.439178

 -17.538849 7.167374 166.439178

 -25.038288 6.934394 166.439178

 -32.537724 7.167374 166.439178

 -40.037167 7.167374 166.439178

 -47.536606 6.934394 166.439178

 -55.036045 7.167374 166.439178

 -62.535480 7.167374 166.439178

 -70.034912 6.934394 166.439178

 -77.534348 7.167374 166.439178

 -85.033798 6.934394 166.439178

 -92.533234 6.934394 166.439178

 -100.032669 6.934394 166.439178

 -107.532104 6.934394 166.439178

 -115.031540 7.167374 166.439178

 -122.530975 6.934394 166.439178

 -130.030411 7.167374 166.439178

 -136.441238 7.167374 166.439194

 123.861832 7.167374 173.938614

 117.451019 7.167374 173.938614

 109.951584 7.167374 173.938614

 102.452164 7.167374 173.938614

 94.952713 7.167374 173.938614

 87.453278 7.167374 173.938614

 79.953827 6.934394 173.938614

 72.454391 6.934394 173.938614

 64.954964 6.934394 173.938614

 57.455509 7.167374 173.938614

 49.956081 7.167374 173.938614

 42.456650 7.167374 173.938614

 34.957211 7.167374 173.938614

 27.457775 6.934394 173.938614

 19.958338 6.934394 173.938614

 12.458899 7.167374 173.938614

 4.959463 7.167374 173.938614

 -2.539972 6.934394 173.938614

 -10.039412 7.167374 173.938614

 -17.538849 7.167374 173.938614

 -25.038288 6.934394 173.938614

 -32.537724 7.167374 173.938614

 -40.037167 7.167374 173.938614

 -47.536606 6.934394 173.938614

 -55.036045 6.934394 173.938614

 -62.535480 7.167374 173.938614

 -70.034912 6.934394 173.938614

 -77.534348 6.934394 173.938614

 -85.033798 6.934394 173.938614

 -92.533234 6.934394 173.938614

 -100.032669 6.934394 172.849991

 -107.532104 6.934394 171.761368

 -115.031540 7.167374 172.849991

 -122.530975 6.934394 173.938614

 -130.030411 7.167374 173.938614

 -136.441238 7.167374 173.938614

 130.816940 7.167374 183.070999

 124.950470 6.934394 181.438065

 117.451019 7.167374 181.438065

 109.951584 7.167374 181.438065

 102.452164 6.934394 181.438065

 94.952713 6.934394 181.438065

 87.453278 6.934394 181.438065

 79.953827 6.934394 181.438065

 72.454391 7.167374 181.438065

 64.954964 6.934394 181.438065

 57.455509 7.167374 181.438065

 49.956081 6.934394 181.438065

 42.456650 6.934394 181.438065

 34.957211 6.934394 181.438065

 27.457775 6.934394 181.438065

 19.958338 6.934394 181.438065

 12.458899 7.167374 181.438065

 4.959463 7.167374 181.438065

 -2.539972 6.934394 181.438065

 -10.039412 6.934394 181.438065

 -17.538849 7.167374 181.438065

 -25.038288 7.167374 181.438065

 -32.537724 7.167374 181.438065

 -40.037167 6.934394 181.438065

 -47.536606 7.167374 181.438065

 -55.036045 6.934394 181.438065

 -62.535480 6.934394 181.438065

 -70.034912 6.934394 181.438065

 -77.534348 7.167374 181.438065

 -85.033798 7.167374 180.349426

 -90.900284 6.934394 178.716476

 -124.163910 6.934394 178.716476

 -130.030426 6.934394 179.260803

 -135.896927 6.934394 178.716476

 138.316376 7.167374 190.570435

 132.449890 7.167374 188.937485

 124.950470 7.167374 188.937485

 117.451019 6.934394 188.937485

 109.951584 7.167374 188.937485

 102.452164 6.934394 188.937485

 94.952713 6.934394 188.937485

 87.453278 6.934394 188.937485

 79.953827 6.934394 187.848877

 72.454391 7.167374 186.760254

 64.954964 7.167374 186.760254

 57.455524 7.167374 186.760254

 49.956081 7.167374 186.760254

 42.456650 6.934394 186.760254

 34.957211 7.167374 186.760254

 27.457777 7.167374 187.848877

 19.958338 7.167374 188.937485

 12.458899 6.934394 188.937485

 4.959463 6.934394 188.937485

 -2.539972 6.934394 188.937485

 -10.039412 6.934394 188.937485

 -17.538849 6.934394 188.937485

 -25.038288 6.934394 188.937485

 -32.537724 7.167374 188.937485

 -40.037167 6.934394 188.937485

 -47.536606 6.934394 188.937485

 -55.036045 6.934394 188.937485

 -62.535480 7.167374 187.848877

 -70.034912 6.934394 186.760254

 -75.901413 6.934394 186.215942

 138.860703 6.934394 196.436920

 132.449890 6.934394 196.436920

 124.950470 6.934394 196.436920

 117.451019 7.167374 196.436920

 109.951584 6.934394 196.436920

 102.452164 7.167374 196.436920

 94.952713 6.934394 196.436920

 89.086212 6.934394 194.803970

 18.869713 7.167374 196.436920

 12.458899 7.167374 196.436920

 4.959463 7.167374 196.436920

 -2.539972 6.934394 196.436920

 -10.039412 7.167374 196.436920

 -17.538849 6.934394 196.436920

 -25.038288 7.167374 196.436920

 -32.537724 6.934394 196.436920

 -40.037167 6.934394 195.348282

 -47.536606 7.167374 194.259674

 -53.403103 6.934394 193.715363

 138.860703 6.934394 203.936356

 132.449890 6.934394 203.936356

 124.950470 7.167374 203.936356

 117.451019 6.934394 203.936356

 109.951584 6.934394 203.936356

 102.452164 7.167374 202.847733

 96.585663 6.934394 201.214798

 18.325396 7.167374 202.303421

 12.458899 7.167374 203.936356

 4.959463 7.167374 203.936356

 -2.539972 6.934394 203.936356

 -10.039412 6.934394 203.936356

 -17.538849 7.167374 203.936356

 -25.038288 7.167374 203.936356

 -30.904785 6.934394 202.303421

 138.860703 6.934394 211.435822

 132.449890 6.934394 211.435822

 124.950470 6.934394 211.435822

 117.451019 6.934394 210.347168

 111.584534 7.167374 208.714218

 10.825958 6.934394 208.714218

 4.959466 7.167374 209.258545

 -2.539972 7.167374 209.258545

 -10.039410 7.167374 209.258545

 -17.538849 7.167374 209.258545

 -23.405346 6.934394 208.714218

 138.316391 7.167374 216.213654

 132.449890 7.167374 216.757965

 126.583405 7.167374 216.213654

 122.833694 7.167374 213.552582

 128.700180 6.934394 214.096893

 136.199615 6.934394 214.096893

 140.977478 6.934394 213.552582

 -27.155064 7.167374 206.053131

 -21.288570 7.167374 206.597443

 -13.789127 6.934394 206.597443

 -6.289692 7.167374 206.597443

 1.209748 6.934394 206.597443

 8.709183 7.167374 206.597443

 14.575676 7.167374 206.053131

 107.834824 6.934394 206.053131

 113.701309 6.934394 206.597443

 121.200729 6.934394 207.686081

 128.700180 7.167374 207.686081

 136.199615 7.167374 207.686081

 141.521805 6.934394 207.686081

 -34.654503 6.934394 198.553696

 -28.788006 6.934394 200.186630

 -21.288570 6.934394 200.186630

 -13.789131 7.167374 200.186630

 -6.289692 6.934394 200.186630

 1.209746 7.167374 200.186630

 8.709183 7.167374 200.186630

 16.208620 6.934394 200.186630

 20.986486 7.167374 198.553696

 92.835938 6.934394 198.553696

 98.702438 7.167374 199.098022

 106.201874 6.934394 200.186630

 113.701309 7.167374 200.186630

 121.200729 7.167374 200.186630

 128.700180 6.934394 200.186630

 136.199615 7.167374 200.186630

 141.521805 7.167374 200.186661

 -57.152821 7.167374 191.054276

 -51.286320 6.934394 191.598587

 -43.786884 6.934394 191.598587

 -36.287445 7.167374 192.687210

 -28.788006 6.934394 192.687210

 -21.288570 7.167374 192.687210

 -13.789131 7.167374 192.687210

 -6.289692 6.934394 192.687210

 1.209746 7.167374 192.687210

 8.709183 7.167374 192.687210

 16.208620 6.934394 192.687210

 22.619429 6.934394 192.687210

 85.336502 7.167374 191.054276

 91.202988 6.934394 192.687210

 98.702438 6.934394 192.687210

 106.201874 6.934394 192.687210

 113.701309 7.167374 192.687210

 121.200729 6.934394 192.687210

 128.700180 7.167374 192.687210

 136.199615 7.167374 192.687210

 140.977478 6.934394 194.320145

 -79.651123 7.167374 183.554840

 -73.784622 6.934394 184.099152

 -66.285202 7.167374 184.099152

 -58.785763 7.167374 185.187775

 -51.286320 7.167374 185.187775

 -43.786884 7.167374 185.187775

 -36.287445 6.934394 185.187775

 -28.788006 7.167374 185.187775

 -21.288570 7.167374 185.187775

 -13.789131 6.934394 185.187775

 -6.289692 7.167374 185.187775

 1.209746 7.167374 185.187775

 8.709183 7.167374 185.187775

 16.208620 7.167374 185.187775

 23.708054 6.934394 185.187775

 31.207495 6.934394 184.099152

 38.706928 6.934394 184.099152

 46.206367 6.934394 184.099152

 53.705795 7.167374 184.099152

 61.205238 6.934394 184.099152

 68.704681 7.167374 184.099152

 76.204109 6.934394 184.099152

 83.703552 7.167374 185.187775

 91.202988 6.934394 185.187775

 98.702438 6.934394 185.187775

 106.201874 6.934394 185.187775

 113.701309 7.167374 185.187775

 121.200729 6.934394 185.187775

 128.700180 6.934394 185.187775

 134.566681 6.934394 186.820709

 -138.558014 7.167374 176.055374

 -133.780151 7.167374 176.599701

 -126.280701 6.934394 176.599701

 -120.414200 7.167374 176.055374

 -94.650009 7.167374 176.055374

 -88.783508 7.167374 176.599701

 -81.284073 7.167374 177.688324

 -73.784622 6.934394 177.688324

 -66.285202 7.167374 177.688324

 -58.785763 7.167374 177.688324

 -51.286320 7.167374 177.688324

 -43.786884 6.934394 177.688324

 -36.287445 7.167374 177.688324

 -28.788006 7.167374 177.688324

 -21.288570 6.934394 177.688324

 -13.789131 6.934394 177.688324

 -6.289692 7.167374 177.688324

 1.209746 6.934394 177.688324

 8.709183 6.934394 177.688324

 16.208620 7.167374 177.688324

 23.708054 7.167374 177.688324

 31.207495 7.167374 177.688324

 38.706928 7.167374 177.688324

 46.206367 7.167374 177.688324

 53.705795 7.167374 177.688324

 61.205238 6.934394 177.688324

 68.704681 7.167374 177.688324

 76.204109 6.934394 177.688324

 83.703552 6.934394 177.688324

 91.202988 6.934394 177.688324

 98.702438 6.934394 177.688324

 106.201874 7.167374 177.688324

 113.701309 7.167374 177.688324

 121.200729 6.934394 177.688324

 127.611572 6.934394 177.688324

 -139.102325 6.934394 170.188889

 -133.780136 7.167374 170.188889

 -126.280701 7.167374 170.188889

 -118.781250 6.934394 170.188889

 -111.281815 7.167374 169.100266

 -103.782379 6.934394 169.100266

 -96.282944 6.934394 170.188889

 -88.783508 6.934394 170.188889

 -81.284073 6.934394 170.188889

 -73.784622 6.934394 170.188889

 -66.285202 7.167374 170.188889

 -58.785763 6.934394 170.188889

 -51.286320 7.167374 170.188889

 -43.786884 7.167374 170.188889

 -36.287445 7.167374 170.188889

 -28.788006 7.167374 170.188889

 -21.288570 6.934394 170.188889

 -13.789131 7.167374 170.188889

 -6.289692 7.167374 170.188889

 1.209746 7.167374 170.188889

 8.709183 7.167374 170.188889

 16.208620 6.934394 170.188889

 23.708054 7.167374 170.188889

 31.207495 7.167374 170.188889

 38.706928 6.934394 170.188889

 46.206367 7.167374 170.188889

 53.705795 6.934394 170.188889

 61.205238 7.167374 170.188889

 68.704681 7.167374 170.188889

 76.204109 6.934394 170.188889

 83.703552 7.167374 170.188889

 91.202988 6.934394 170.188889

 98.702438 6.934394 170.188889

 106.201874 7.167374 170.188889

 113.701309 7.167374 170.188889

 121.200729 7.167374 170.188889

 127.611572 6.934394 170.188889

 -138.558014 7.167374 164.322418

 -133.780151 7.167374 163.778091

 -126.280701 6.934394 162.689468

 -118.781250 6.934394 162.689468

 -111.281815 6.934394 162.689468

 -103.782379 6.934394 162.689468

 -96.282944 7.167374 162.689468

 -88.783508 6.934394 162.689468

 -81.284073 6.934394 162.689468

 -73.784622 7.167374 162.689468

 -66.285202 7.167374 162.689468

 -58.785763 7.167374 162.689468

 -51.286320 7.167374 162.689468

 -43.786884 7.167374 162.689468

 -36.287445 6.934394 162.689468

 -28.788006 6.934394 162.689468

 -21.288570 6.934394 162.689468

 -13.789131 6.934394 162.689468

 -6.289692 6.934394 162.689468

 1.209746 6.934394 162.689468

 8.709183 7.167374 162.689468

 16.208620 7.167374 162.689468

 23.708054 7.167374 162.689468

 31.207495 6.934394 162.689468

 38.706928 6.934394 162.689468

 46.206367 6.934394 162.689468

 53.705795 7.167374 162.689468

 61.205238 6.934394 162.689468

 68.704681 6.932635 162.689468

 76.204109 7.152085 162.689468

 83.703552 7.165616 162.689468

 91.202988 6.934394 162.689468

 98.702438 7.167374 162.689468

 106.201874 7.167374 162.689468

 113.701309 6.934394 162.689468

 121.200729 6.934394 162.689468

 128.700180 6.934394 162.689468

 134.566681 6.934394 161.056503

 -124.647766 6.934394 156.822983

 -118.781250 6.934394 156.278671

 -111.281815 7.167374 156.278671

 -103.782379 7.167374 156.278671

 -96.282944 7.167374 155.190033

 -88.783508 7.167374 155.190033

 -81.284073 7.167374 155.190033

 -73.784622 6.934394 155.190033

 -66.285202 6.934394 155.190033

 -58.785763 7.167374 155.190033

 -51.286320 6.934394 155.190033

 -43.786884 6.934394 155.190033

 -36.287445 7.167374 155.190033

 -28.788006 6.934394 155.190033

 -21.288570 6.934394 155.190033

 -13.789131 7.167374 155.190033

 -6.289692 6.934394 155.190033

 1.209746 7.166459 155.190033

 8.709183 7.159386 155.190033

 16.208620 6.933478 155.190033

 23.708054 6.934394 155.190033

 31.207495 7.167374 155.190033

 38.706928 6.934394 155.190033

 46.206367 6.934394 155.190033

 53.705795 7.152085 155.190033

 61.205238 6.641818 155.190033

 68.704681 6.526986 155.190033

 76.204109 6.132779 155.190033

 83.703552 6.294005 155.190033

 91.202988 6.641818 155.190033

 98.702438 6.919105 155.190033

 106.201874 6.934394 155.190033

 113.701309 6.934394 155.190033

 121.200729 6.934394 155.190033

 128.700180 6.934394 155.190033

 136.199615 6.934394 155.190033

 143.699066 7.167374 154.101395

 148.476898 7.167374 153.557083

 -94.650009 6.934394 149.323517

 -88.783508 6.934394 148.779221

 -81.284073 6.934394 148.779221

 -73.784622 6.934394 148.779221

 -66.285202 6.934394 148.779221

 -58.785763 7.167374 147.690582

 -51.286320 6.934394 147.690582

 -43.786884 6.934394 147.690582

 -36.287445 6.934394 147.690582

 -28.788006 7.167374 147.690582

 -21.288570 6.934394 147.690582

 -13.789131 6.926406 147.690582

 -6.289692 6.781489 147.690582

 1.209746 6.599719 147.690582

 8.709183 6.748444 147.690582

 16.208620 6.832699 147.690582

 23.708054 6.781489 147.690582

 31.207495 6.926406 147.690582

 38.706928 7.167374 147.690582

 46.206367 7.152085 147.690582

 53.705795 6.411693 147.690582

 61.205238 5.308234 147.690582

 68.704681 4.244838 147.690582

 76.204109 4.049326 147.690582

 83.703552 4.244838 147.690582

 91.202988 5.541218 147.690582

 98.702438 6.411696 147.690582

 106.201874 7.152085 147.690582

 113.701309 7.167374 147.690582

 121.200729 7.167374 147.690582

 128.700180 6.934394 147.690582

 136.199615 6.934394 147.690582

 143.699066 7.167374 147.690582

 149.021225 6.934394 147.690598

 -57.152821 6.934394 141.824081

 -51.286320 6.934394 140.191147

 -43.786884 7.167374 140.191147

 -36.287445 7.167374 140.191147

 -28.788006 6.934394 140.191147

 -21.288570 6.926406 140.191147

 -13.789131 6.661227 140.191147

 -6.289692 6.317530 140.191147

 1.209746 5.528810 140.191147

 8.709183 5.537856 140.191147

 16.208620 5.761790 140.191147

 23.708054 6.317530 140.191147

 31.207495 6.661227 140.191147

 38.706928 6.926406 140.191147

 46.206367 6.626531 140.191147

 53.705795 5.093402 140.191147

 61.205238 2.965642 140.191147

 68.704681 1.419656 140.191147

 76.204109 0.727458 140.191147

 83.703552 1.419658 140.191147

 91.202988 3.198624 140.191147

 98.702438 5.326382 140.191147

 106.201874 6.859515 140.191147

 113.701309 7.167374 140.191147

 121.200729 7.167374 140.191147

 128.700180 7.167374 140.191147

 136.199615 6.934394 140.191147

 143.699066 7.167374 140.191147

 149.021225 7.167374 140.191147

 -49.653381 7.167374 134.324646

 -43.786884 7.167374 133.780350

 -36.287445 6.934394 132.691711

 -28.788006 7.167374 132.691711

 -21.288570 7.006482 132.691711

 -13.789131 5.972274 132.691711

 -6.289692 4.860291 132.691711

 1.209746 3.930587 132.691711

 8.709183 3.568835 132.691711

 16.208620 4.163567 132.691711

 23.708054 4.860291 132.691711

 31.207495 6.205254 132.691711

 38.706928 7.004723 132.691711

 46.206367 6.236166 132.691711

 53.705795 3.782868 132.691711

 61.205238 0.835412 132.691711

 68.704681 -1.801071 132.691711

 76.204109 -2.746285 132.691711

 83.703552 -1.801068 132.691711

 91.202988 0.602433 132.691711

 98.702438 3.782872 132.691711

 106.201874 6.236172 132.691711

 113.701309 7.165616 132.691711

 121.200729 7.167374 132.691711

 128.700180 6.934394 132.691711

 136.199615 6.934394 132.691711

 143.699066 6.934394 132.691711

 148.476898 7.167374 134.324646

 -34.654503 7.167374 126.825218

 -28.788006 7.166459 125.192276

 -21.288570 6.447736 125.192276

 -13.789131 5.165622 125.192276

 -6.289692 3.625251 125.192276

 1.209746 2.602143 125.192276

 8.709183 1.875182 125.192276

 16.208620 2.369159 125.192276

 23.708054 3.625251 125.192276

 31.207495 5.398602 125.192276

 38.706928 6.663672 125.192276

 46.206367 5.741631 125.192276

 53.705795 2.784731 125.192276

 61.205238 -0.870598 125.192276

 68.704681 -3.443783 125.192276

 76.204109 -4.586418 125.192276

 83.703552 -3.443780 125.192276

 91.202988 -0.870597 125.192276

 98.702438 2.551757 125.192276

 106.201874 5.509440 125.192276

 113.701309 7.150334 125.192276

 121.200729 6.934394 125.192276

 128.700180 7.167374 125.192276

 136.199615 6.934394 126.280907

 142.066101 7.167374 126.825218

 -27.699375 6.866858 117.692833

 -21.288570 6.422678 117.692833

 -13.789131 4.876965 117.692833

 -6.289692 3.088416 117.692833

 1.209746 1.621885 117.692833

 8.709183 1.024735 117.692833

 16.208620 1.388905 117.692833

 23.708054 3.088414 117.692833

 31.207495 4.876965 117.692833

 38.706928 6.405636 117.692833

 46.206367 5.500934 117.692833

 53.705795 2.784731 117.692833

 61.205238 -0.637619 117.692833

 68.704681 -3.443783 117.692833

 76.204109 -4.819399 117.692833

 83.703552 -3.443781 117.692833

 91.202988 -0.637617 117.692833

 98.702438 2.551755 117.692833

 106.201874 5.509440 117.692833

 113.701309 7.150334 117.692833

 121.200729 6.934394 117.692833

 128.700180 7.167374 117.692833

 -27.699375 7.099839 110.193382

 -21.288570 6.189698 110.193382

 -13.789131 4.643985 110.193382

 -6.289692 3.088416 110.193382

 1.209746 1.388905 110.193382

 8.709183 2.957293 110.193382

 16.208620 1.388905 110.193382

 23.708054 3.088414 110.193382

 31.207495 4.876965 110.193382

 38.706928 6.187942 110.193382

 46.206367 6.227547 110.193382

 53.705795 3.549888 110.193382

 61.205238 0.602429 110.193382

 68.704681 -1.568091 110.193382

 76.204109 -2.746288 110.193382

 83.703552 -1.801071 110.193382

 91.202988 0.835414 110.193382

 98.702438 3.549891 110.193382

 106.201874 6.003192 110.193382

 113.701309 7.165616 110.193382

 121.200729 6.934394 110.193382

 128.700180 6.934394 110.193382

 134.566681 6.934394 108.560448

 -33.565876 6.934394 101.061012

 -28.788006 6.933478 102.693954

 -21.288570 6.447736 102.693954

 -13.789131 5.165622 102.693954

 -6.289692 3.858231 102.693954

 1.209746 2.602139 102.693954

 8.709183 1.875180 102.693954

 16.208620 2.369159 102.693954

 23.708054 5.790789 102.693954

 31.207495 5.164048 102.693954

 38.706928 6.667023 102.693954

 46.206367 6.624059 102.693954

 53.705795 5.326382 102.693954

 61.205238 3.198622 102.693954

 68.704681 1.419656 102.693954

 76.204109 0.727458 102.693954

 83.703552 1.186678 102.693954

 91.202988 2.965644 102.693954

 98.702438 5.093402 102.693954

 106.201874 6.626534 102.693954

 113.701309 6.934394 102.693954

 121.200729 6.934394 102.693954

 128.700180 7.167374 102.693954

 136.199615 6.934394 102.693954

 142.066101 6.934394 101.061012

 -35.198818 6.934394 95.194527

 -28.788006 6.934394 95.194527

 -21.288570 7.006482 95.194527

 -13.789131 6.205254 95.194527

 -6.289692 4.860286 95.194527

 1.209746 3.930583 95.194527

 8.709183 3.801812 95.194527

 16.208620 3.916896 95.194527

 23.708054 4.598742 95.194527

 31.207495 5.400092 95.194527

 38.706928 6.288912 95.194527

 46.206367 6.345592 95.194527

 53.705795 6.149756 95.194527

 61.205238 5.294545 95.194527

 68.704681 4.244838 95.194527

 76.204109 3.816346 95.194527

 83.739044 4.009452 95.118927

 91.215454 5.175227 95.584373

 98.682999 6.089282 95.584373

 106.150513 6.690026 95.584373

 113.634705 6.987269 95.118927

 121.200729 6.934394 95.194527

 128.700180 7.167374 95.194527

 136.199615 6.934394 95.194527

 143.699066 6.934394 95.194527

 151.198486 7.167374 94.105896

 157.064957 7.167374 93.561577

 -41.065311 6.934394 86.062141

 -36.287445 6.933272 87.695084

 -28.788006 7.157631 87.695084

 -21.288570 6.916661 87.695084

 -13.789131 6.660108 87.695084

 -6.289692 6.317530 87.695084

 1.209746 5.528806 87.695084

 8.709183 5.291183 87.695084

 16.208620 5.294625 87.695084

 23.708054 4.632995 87.695084

 31.207495 4.255965 87.695084

 38.706928 4.367270 87.695084

 46.206367 4.525695 87.695084

 53.705795 5.695830 87.695084

 61.205238 6.406678 87.695084

 68.704681 6.280313 87.695084

 76.265121 5.876067 87.645012

 83.152405 5.879424 88.181839

 112.497955 5.266018 90.160439

 105.804367 4.907174 90.745193

 113.088699 4.912967 76.208366

 114.035797 6.529153 87.556908

 121.200729 6.934394 87.695084

 128.700180 7.167374 87.695084

 136.199615 7.167374 87.695084

 143.699066 7.167374 87.695084

 151.198486 7.167374 87.695084

 158.697922 7.167374 87.695084

 166.197372 7.167374 86.606453

 170.975220 6.934394 86.062141

 -42.698257 6.980904 80.195641

 -36.287445 6.526248 80.195641

 -28.788006 6.423497 80.195641

 -21.288570 6.656477 80.195641

 -13.789131 6.518260 80.195641

 -6.289692 6.595019 80.195641

 1.209746 6.822960 80.195641

 8.709183 6.239799 80.195641

 16.208620 4.952216 80.195641

 23.708054 3.464467 80.195641

 31.207495 1.780993 80.195641

 38.706928 1.399939 80.195641

 46.206367 1.786876 80.195641

 53.705795 3.380073 80.195641

 61.205238 5.518620 80.195641

 68.704681 6.889903 80.195641

 75.857040 6.401238 80.114883

 105.836258 4.912967 61.703472

 105.228500 5.266018 47.750118

 105.836258 4.912967 54.451015

 106.422745 4.792895 68.310791

 114.503479 6.484126 80.102371

 121.200729 6.934394 80.195641

 128.700180 6.934394 81.284271

 136.199615 6.934394 81.284271

 143.699066 7.167374 80.195641

 151.198486 7.167374 80.195641

 158.697922 7.167374 80.195641

 166.197372 7.167374 80.195641

 171.519547 6.934394 80.195641

 -72.151688 7.167374 71.063263

 -66.285202 6.934394 71.607574

 -58.785763 7.157631 71.607574

 -51.286320 6.783291 71.607574

 -43.786884 6.130963 72.696198

 -36.287445 5.453221 72.696198

 -28.788006 5.180129 72.696198

 -21.288570 4.947148 72.696198

 -13.789131 5.220241 72.696198

 -6.289692 5.897983 72.696198

 1.209746 6.598767 72.696198

 8.709183 6.083005 72.696198

 16.208620 4.135668 72.696198

 23.708054 1.496621 72.696198

 31.207495 -0.888881 72.696198

 38.706928 -1.735393 72.696198

 46.206367 -0.655900 72.696198

 53.705795 1.496615 72.696198

 61.205238 3.903312 72.696198

 68.704681 6.100425 72.696198

 75.387955 6.371512 72.666740

 112.385468 5.033038 69.558510

 77.357109 4.931327 82.890961

 76.762634 4.874911 76.208366

 83.424866 4.615050 84.073235

 113.923309 6.529153 72.666496

 120.177567 7.405112 72.657997

 145.332001 6.934394 74.329147

 151.198486 7.167374 73.784828

 158.697922 7.167374 73.784828

 166.197372 7.167374 73.784828

 170.975220 7.167374 74.329147

 -87.150558 6.934394 63.563831

 -81.284073 6.934394 64.108139

 -73.784622 6.934394 65.196770

 -66.285202 6.934394 65.196770

 -58.785763 6.738183 65.196770

 -51.286320 5.761062 65.196770

 -43.786884 4.404962 65.196770

 -36.287445 3.504143 65.196770

 -28.788006 3.062977 65.196770

 -21.288570 3.062977 65.196770

 -13.789131 3.271163 65.196770

 -6.289692 4.404962 65.196770

 1.209746 5.745799 65.196770

 8.709183 5.464129 65.196770

 16.208620 3.009402 65.196770

 23.708054 0.177413 65.196770

 31.207495 -2.568702 65.196770

 38.706928 -3.592020 65.196770

 46.206367 -2.335721 65.196770

 53.705795 0.177408 65.196770

 61.205238 3.242383 65.196770

 68.704681 5.891213 65.196770

 75.387955 6.307899 65.231102

 84.046997 5.145947 47.166660

 76.762634 4.833810 68.955925

 91.299454 5.145947 47.166660

 107.212173 6.642064 64.585732

 113.522217 6.754289 65.197746

 119.088943 7.638093 65.158569

 -102.149445 6.934394 56.064384

 -96.282959 6.934394 56.608700

 -88.783508 6.934394 57.697330

 -81.284073 7.167374 57.697330

 -73.784622 7.167374 57.697330

 -66.285202 6.933272 57.697330

 -58.785763 6.340903 57.697330

 -51.286320 5.010306 57.697330

 -43.786884 3.131779 57.697330

 -36.287445 1.366960 57.697330

 -28.788006 0.764539 57.697330

 -21.288570 0.997519 57.697330

 -13.789131 1.599940 57.697330

 -6.289692 2.898801 57.697330

 1.209746 4.995045 57.697330

 8.709183 5.301402 57.697330

 16.208620 3.009023 57.697330

 23.708054 -0.055566 57.697330

 31.207495 -2.335721 57.697330

 38.706928 -3.592017 57.697330

 46.206367 -2.335721 57.697330

 53.705795 0.177411 57.697330

 61.205238 3.009402 57.697330

 68.704681 5.891213 57.697330

 75.387955 6.540879 57.795479

 98.551910 4.912967 47.166660

 76.762634 4.805003 61.703472

 76.762634 5.066790 54.451015

 107.067841 6.717106 57.795479

 113.701309 6.934394 57.697330

 119.023483 6.934394 57.697330

 -109.648880 7.167374 48.564953

 -103.782379 6.934394 50.197895

 -96.282944 6.934394 50.197895

 -88.783508 7.167374 50.197895

 -81.284073 7.167374 50.197895

 -73.784622 7.167374 50.197895

 -66.285202 7.156514 50.197895

 -58.785763 6.026219 50.197895

 -51.286320 4.374154 50.197895

 -43.786884 1.959987 50.197895

 -36.287445 0.404493 50.197895

 -28.788006 -0.323752 50.197895

 -21.288570 -0.556732 50.197895

 -13.789131 0.404493 50.197895

 -6.289692 2.192967 50.197895

 1.209746 4.139602 50.197895

 8.709183 5.427502 50.197895

 16.208620 3.894324 50.197895

 23.708054 1.496621 50.197895

 31.207495 -0.888879 50.197895

 38.706928 -1.502408 50.197895

 46.206367 -0.888879 50.197895

 53.705795 1.263637 50.197895

 61.205238 4.136292 50.197895

 68.704681 6.100425 50.197895

 75.857040 6.425323 50.340454

 77.357109 5.238528 47.750118

 91.299454 4.463727 90.745193

 84.626587 3.893443 90.160439

 106.593796 6.529153 50.340454

 113.701309 6.934394 50.197895

 120.112106 6.934394 50.197899

 -116.059677 7.167374 41.065517

 -111.281815 7.167374 42.698460

 -103.782379 6.934394 42.698460

 -96.282944 6.934394 42.698460

 -88.783508 6.934394 42.698460

 -81.284073 7.167374 42.698460

 -73.784622 7.167374 42.698460

 -66.285202 7.147891 42.698460

 -58.785763 6.165066 42.698460

 -51.286320 3.962214 42.698460

 -43.786884 1.697783 42.698460

 -36.287445 0.064274 42.698460

 -28.788006 -0.944757 42.698460

 -21.288570 -0.944757 42.698460

 -13.789131 0.064274 42.698460

 -6.289692 1.697783 42.698460

 1.209746 3.962211 42.698460

 8.709183 5.656804 42.698460

 16.208620 5.267459 42.698460

 23.708054 3.380076 42.698460

 31.207495 1.786876 42.698460

 38.706928 1.166962 42.698460

 46.206367 1.786876 42.698460

 53.705795 3.380075 42.698460

 61.205238 5.285640 42.698460

 68.704681 6.658679 42.698460

 76.265121 6.727050 42.775997

 83.747910 6.942240 42.311047

 91.215454 6.709260 42.311047

 98.682999 6.709260 42.311047

 106.160797 6.987269 42.775997

 113.701309 7.167374 42.698460

 121.200729 7.167374 42.698460

 128.700180 6.934394 41.609829

 134.566681 6.934394 41.065517

 -116.603989 6.934394 35.199024

 -111.281815 7.167374 35.199017

 -103.782379 7.167374 35.199017

 -96.282944 6.934394 35.199017

 -88.783508 7.146321 35.199020

 -81.284073 6.558744 35.199020

 -73.784622 6.861148 35.199020

 -66.285202 5.683880 35.199017

 -58.785763 6.026219 35.199017

 -51.286320 4.374154 35.199017

 -43.786884 2.192967 35.199017

 -36.287445 0.404493 35.199017

 -28.788006 -0.556732 35.199017

 -21.288570 -0.556732 35.199017

 -13.789131 0.404493 35.199017

 -6.289692 1.959987 35.199017

 1.209746 4.141173 35.199017

 8.709183 6.245507 35.199017

 16.208620 6.455585 35.199017

 23.708054 5.478045 35.199017

 31.207495 4.525691 35.199017

 38.706928 4.141950 35.199017

 46.206367 4.525691 35.199017

 53.705795 5.711026 35.199017

 61.205238 6.699257 35.199017

 68.704681 7.153683 35.199017

 76.204109 6.934394 35.199017

 83.703552 6.934394 35.199017

 91.202988 7.167374 35.199017

 98.702438 6.934394 35.199017

 106.201874 6.934394 35.199017

 113.701309 6.934394 35.199017

 121.200729 7.167374 35.199017

 128.700180 6.934394 35.199017

 136.199615 7.167374 35.199017

 143.699066 7.167374 34.110390

 148.476898 7.167374 33.566074

 -116.059677 6.934394 29.332527

 -111.281815 7.167374 27.699585

 -103.782379 6.934394 27.699585

 -96.282944 7.167374 27.699585

 -88.783508 6.955448 27.699581

 -81.284073 4.301684 27.699581

 -73.784622 4.471455 27.699581

 -66.285202 6.933272 27.699581

 -58.785763 6.573884 27.699581

 -51.286320 5.010306 27.699581

 -43.786884 2.898801 27.699581

 -36.287445 1.366960 27.699581

 -28.788006 0.764539 27.699581

 -21.288570 2.930077 27.699581

 -13.789131 1.599940 27.699581

 -6.289692 2.898801 27.699581

 1.209746 4.777326 27.699581

 8.709183 6.573880 27.699581

 16.208620 7.152565 27.699581

 23.708054 8.837908 27.699581

 31.207495 6.360881 27.699581

 38.706928 6.449471 27.699581

 46.206367 6.360881 27.699581

 53.705795 6.905350 27.699581

 61.205238 6.920703 27.699581

 68.704681 7.167374 27.699581

 76.204109 7.167374 27.699581

 83.703552 7.167374 27.699581

 91.202988 6.934394 27.699581

 98.702438 7.167374 27.699581

 106.201874 6.934394 27.699581

 113.701309 7.167374 28.788208

 121.200729 7.167374 27.699581

 128.700180 6.934394 27.699581

 136.199615 6.934394 27.699581

 143.699066 7.167374 27.699581

 149.021225 7.167374 27.699581

 -110.193192 6.934394 20.200150

 -103.782379 6.934394 20.200150

 -96.282944 7.146321 20.200150

 -88.783508 4.714081 20.200142

 -81.284073 4.038056 20.200142

 -73.784622 4.186823 20.200142

 -66.285202 6.831721 20.200142

 -58.785763 6.738183 20.200142

 -51.286320 5.994042 20.200142

 -43.786884 4.404963 20.200142

 -36.287445 3.271163 20.200142

 -28.788006 2.829997 20.200142

 -21.288570 3.062977 20.200142

 -13.789131 3.504143 20.200142

 -6.289692 4.404963 20.200142

 1.209746 5.994042 20.200142

 8.709183 6.971163 20.200142

 16.208620 7.166520 20.200142

 23.708054 7.159920 20.200142

 31.207495 7.164944 20.200142

 38.706928 6.920703 20.200142

 46.206367 6.932818 20.200142

 53.705795 6.934394 20.200142

 61.205238 6.934394 20.200142

 68.704681 6.934394 20.200142

 76.204109 7.167374 20.200142

 83.703552 6.934394 20.200142

 91.202988 6.934394 20.200142

 98.702438 6.934394 21.288769

 104.568924 7.167374 21.833084

 122.833694 7.167374 21.833084

 128.700180 6.934394 21.288769

 136.199615 6.934394 21.288769

 143.699066 7.167374 21.288769

 148.476898 6.934394 21.833084

 -109.104568 7.167374 12.700718

 -103.782379 7.167374 12.700718

 -96.282944 6.882692 12.700716

 -88.783508 4.080162 12.700714

 -81.284073 4.080162 12.700714

 -73.784622 4.249983 12.700714

 -66.285202 6.882252 12.700714

 -58.785763 6.924651 12.700714

 -51.286320 6.601256 12.700714

 -43.786884 5.897983 12.700714

 -36.287445 5.220241 12.700714

 -28.788006 4.947148 12.700710

 -21.288570 3.707495 12.700710

 -13.789131 5.453221 12.700710

 -6.289692 5.897985 12.700710

 1.209746 6.826787 12.700710

 8.709183 6.782035 12.700710

 16.208620 6.855217 12.700710

 23.708054 6.776631 12.700710

 31.207495 6.622237 12.700710

 38.706928 7.024758 12.700710

 46.206367 7.159920 12.700706

 53.705795 6.934394 12.700706

 61.205238 7.167374 12.700706

 68.704681 7.167374 12.700706

 76.204109 6.934394 12.700706

 83.703552 7.167374 12.700706

 89.570053 6.934394 14.333649

 -109.104568 6.934394 5.201286

 -103.782379 6.934394 5.201286

 -96.282944 6.840586 5.201286

 -88.783508 4.080162 5.201286

 -81.284073 4.228930 5.201283

 -73.784622 4.059109 5.201283

 -66.285202 6.866453 5.201283

 -58.785763 6.934394 5.201283

 -51.286320 6.924651 5.201283

 -43.786884 6.980904 5.201283

 -36.287445 6.759228 5.201283

 -28.788006 6.656477 5.201279

 -21.288570 6.656477 5.201279

 -14.582878 5.848694 5.201279

 -6.461313 5.848695 5.201279

 1.660252 5.848695 5.201279

 8.709183 6.374709 5.201279

 16.208620 5.856358 5.201279

 23.708054 5.647492 5.201279

 31.207495 8.021896 5.201279

 38.706928 6.374709 5.201275

 46.206367 6.679606 5.201275

 53.705795 7.159920 5.201275

 61.205238 7.167374 5.201275

 68.704681 7.167374 5.201271

 76.204109 7.167374 5.201271

 82.070602 6.934394 6.834213

 -108.560257 6.934394 -0.665207

 -103.782379 7.167374 -2.298149

 -96.282944 7.167374 -2.298149

 -88.783508 4.492558 -2.298149

 -81.284073 4.343791 -2.298149

 -73.784622 4.322738 -2.298149

 -66.285202 6.670765 -2.298150

 -58.785763 6.934394 -2.298149

 -51.286320 6.934394 -2.298157

 -43.786884 6.934394 -2.298157

 -36.287445 6.933272 -2.298157

 -28.788006 6.924651 -2.298157

 -21.288570 7.157631 -2.298157

 -14.582878 5.848696 -2.298157

 -6.461313 5.848696 -2.298157

 1.660252 5.848694 -2.298157

 8.709183 4.999839 -2.298157

 16.208620 4.132686 -2.298157

 23.708054 3.795278 -2.298157

 31.207495 4.365666 -2.298157

 38.706928 4.999839 -2.298164

 46.206367 6.037007 -2.298164

 53.705795 6.784328 -2.298164

 61.205238 7.167374 -2.298164

 68.704681 6.934394 -2.298164

 75.115486 7.167374 -2.298164

 -102.149445 6.934394 -8.164642

 -96.282944 6.934394 -9.797592

 -88.783508 6.861639 -9.797592

 -81.284073 6.934394 -9.797592

 -73.784622 7.167374 -9.797592

 -66.285202 6.934394 -9.797592

 -58.785763 6.934394 -9.797592

 -51.286320 7.167374 -9.797592

 -43.786884 7.167374 -9.797592

 -36.287445 7.167374 -9.797592

 -28.788006 6.934394 -9.797592

 -21.288570 6.934394 -9.797592

 -13.789131 6.933539 -9.797592

 -6.461313 5.848432 -9.797592

 1.209746 5.284629 -9.797592

 8.709183 3.847898 -9.797592

 16.208620 2.909300 -9.797600

 23.708054 2.448555 -9.797600

 31.207495 2.676320 -9.797600

 38.706928 3.847898 -9.797600

 46.206367 5.284629 -9.797600

 53.705795 6.480479 -9.797600

 61.205238 7.444963 -9.797600

 68.704681 7.167374 -9.797600

 74.026855 7.167374 -9.797600

 -95.194321 7.167374 -17.297028

 -88.783508 7.167374 -17.297028

 -81.284073 6.934394 -17.297028

 -73.784622 7.167374 -17.297028

 -66.285202 7.167374 -17.297028

 -58.785763 7.167374 -17.297028

 -51.286320 7.167374 -17.297028

 -43.786884 6.934394 -17.297028

 -37.376072 7.167374 -17.297028

 -27.699375 6.934394 -17.297035

 -21.288570 6.934394 -17.297035

 -13.789131 7.159066 -17.297035

 -6.289692 6.472783 -17.297035

 1.209746 4.798087 -17.297035

 8.709183 3.362856 -17.297035

 16.208620 1.762019 -17.297035

 23.708054 1.205046 -17.297035

 31.207495 1.995000 -17.297035

 38.706928 3.362856 -17.297035

 46.206367 5.031067 -17.297035

 53.705795 6.472783 -17.297035

 61.205238 7.159066 -17.297043

 68.704681 7.167374 -17.297043

 74.026855 6.934394 -17.297043

 -93.561386 6.934394 -23.163521

 -88.783508 7.167374 -24.796463

 -81.284073 6.934394 -24.796463

 -73.784622 6.934394 -24.796471

 -66.285202 7.167374 -24.796471

 -58.785763 6.934394 -24.796471

 -51.286320 6.934394 -24.796471

 -43.786884 6.934394 -24.796471

 -37.376072 7.167374 -24.796471

 -27.699375 7.167374 -24.796471

 -21.288570 6.934394 -24.796471

 -13.789131 7.159066 -24.796471

 -6.289692 6.198876 -24.796474

 1.209746 4.957430 -24.796474

 8.709183 3.129876 -24.796478

 16.208620 1.762019 -24.796478

 23.708054 1.438026 -24.796478

 31.207495 1.762019 -24.796478

 38.706928 3.129876 -24.796478

 46.206367 4.798087 -24.796478

 53.705795 6.472783 -24.796478

 61.205238 6.926085 -24.796478

 68.704681 6.934394 -24.796478

 73.482536 6.934394 -23.163536

 -87.150558 7.167374 -30.662971

 -81.284073 7.167374 -32.295914

 -73.784622 6.934394 -32.295914

 -66.285202 7.167374 -32.295914

 -58.785763 7.167374 -32.295914

 -51.871204 5.780461 -31.711029

 -43.202000 6.013442 -31.711029

 -36.287445 7.167374 -32.295914

 -28.788006 6.934394 -32.295914

 -21.288570 7.104887 -32.295914

 -13.789131 6.543902 -32.295914

 -6.289692 4.722797 -32.295914

 1.209746 4.743985 -32.295914

 8.709183 3.847898 -32.295914

 16.208620 2.676320 -32.295914

 23.708054 2.215577 -32.295914

 31.207495 2.909302 -32.295914

 38.706928 3.847898 -32.295929

 46.206367 5.284629 -32.295929

 53.705795 6.480479 -32.295929

 61.205238 7.166520 -32.295929

 67.616051 7.167374 -32.295929

 -80.195450 7.167374 -39.795364

 -73.784622 6.934394 -39.795364

 -66.285202 6.934394 -39.795364

 -58.785763 6.934394 -39.795364

 -52.456089 4.859511 -39.795364

 -42.617111 4.626531 -39.795364

 -36.287445 7.167374 -39.795364

 -28.788006 7.167374 -39.795364

 -21.288570 6.024725 -39.795364

 -13.789131 2.418905 -39.795364

 -6.289692 1.161962 -39.795364

 1.209746 4.797815 -39.795364

 8.709183 4.999839 -39.795364

 16.208620 4.365672 -39.795364

 23.708054 3.795280 -39.795364

 31.207495 4.132691 -39.795364

 38.706928 4.999841 -39.795364

 46.206367 6.269988 -39.795364

 53.705795 6.784328 -39.795364

 61.205238 6.934394 -39.795364

 66.527420 6.934394 -39.795364

 -80.195450 6.934394 -47.294800

 -73.784622 6.934394 -47.294800

 -66.285202 7.167374 -47.294800

 -58.785763 6.934394 -47.294800

 -51.871204 6.013442 -47.879684

 -43.202000 5.780461 -47.879684

 -36.287445 6.934394 -47.294800

 -28.788006 7.167374 -47.294800

 -21.288570 5.788525 -47.294800

 -13.789131 1.250592 -47.294800

 -6.289692 1.159369 -47.294800

 1.236891 5.492403 -47.320141

 8.709183 6.374709 -47.294800

 16.208620 5.623382 -47.294800

 23.708054 5.647496 -47.294800

 31.207495 5.623382 -47.294800

 38.706928 6.141728 -47.294800

 46.206367 6.679606 -47.294800

 53.705795 7.159924 -47.294800

 61.205238 6.934394 -47.294800

 66.527420 6.934394 -47.294800

 -94.650009 6.934394 -56.427185

 -88.783508 6.934394 -55.882858

 -81.284073 6.934394 -54.794235

 -73.784622 7.167374 -54.794235

 -66.285202 7.167374 -54.794235

 -58.785763 7.898415 -54.794235

 -51.286320 7.665435 -54.794235

 -43.786884 6.934394 -54.794235

 -36.287445 6.934394 -54.794235

 -28.788006 6.934394 -54.794235

 -21.288570 5.833172 -54.794235

 -13.789131 1.354079 -54.794235

 -6.291495 1.323950 -54.794235

 0.801197 6.276381 -54.794235

 9.117732 7.777934 -54.794235

 16.208620 6.855219 -54.794235

 23.708054 6.543651 -54.794235

 31.207495 6.855219 -54.794235

 38.706928 7.024758 -54.794235

 46.206367 7.159924 -54.794235

 53.705795 6.934394 -54.794235

 61.205238 6.934394 -54.794235

 66.527420 7.167374 -54.794235

 -109.648880 7.167374 -63.926613

 -103.782379 6.934394 -63.382294

 -96.282944 7.167374 -62.293671

 -88.783508 7.167374 -62.293671

 -81.284073 7.167374 -62.293671

 -73.784622 6.934394 -62.293671

 -66.285202 6.934394 -62.293671

 -58.785763 9.650648 -62.293671

 -51.286320 9.650648 -62.293671

 -43.786884 9.067233 -62.293671

 -36.287445 6.934394 -62.293671

 -28.788006 6.934394 -62.293671

 -21.288570 6.010672 -62.293674

 -13.789131 2.557378 -62.293674

 -6.289692 1.522873 -62.293674

 1.236891 5.539608 -62.268330

 8.682037 7.074426 -62.268330

 16.208620 6.933539 -62.293671

 23.708054 7.159924 -62.293671

 31.207495 6.933539 -62.293671

 38.706928 6.934394 -62.293671

 46.206367 6.934394 -61.205048

 53.705795 7.167374 -61.205048

 61.205238 6.934394 -61.205048

 65.983109 7.167374 -60.660736

 -117.148315 6.934394 -71.426056

 -111.281815 7.167374 -69.793106

 -103.782379 4.306699 -69.793106

 -96.282944 4.073719 -69.793106

 -88.783508 7.167374 -69.793106

 -81.284073 6.934394 -69.793106

 -73.784622 6.934394 -68.704483

 -66.285202 6.934394 -68.704483

 -58.785763 10.819462 -68.704483

 -51.286320 11.734865 -68.704483

 -43.786884 11.200068 -68.704483

 -36.287445 7.167374 -69.793106

 -28.788006 7.167374 -69.793106

 -21.288570 7.067502 -69.793106

 -13.789131 6.783126 -69.793106

 -6.289692 2.894008 -69.793106

 1.209746 3.635307 -69.791809

 8.708532 6.870834 -69.767578

 16.208620 6.934394 -69.793106

 23.708054 7.167374 -68.704483

 31.207495 7.167374 -68.704483

 37.073986 7.167374 -68.160172

 -131.058563 7.167374 -78.925491

 -126.280701 6.934394 -78.381180

 -118.781250 7.167374 -77.292542

 -111.281815 6.934394 -77.292542

 -103.782379 7.167374 -77.292542

 -96.282944 4.306699 -77.292542

 -88.783508 6.934394 -77.292542

 -82.917007 7.167374 -75.659607

 -34.654503 6.934394 -75.659607

 -28.788006 7.167374 -77.292542

 -21.288570 7.167374 -77.292542

 -13.789131 7.115989 -77.292542

 -6.290558 6.249131 -77.292107

 1.217024 6.239890 -77.184547

 8.517912 7.134724 -76.229439

 14.575676 7.167374 -75.659607

 -131.602875 6.934394 -84.791992

 -126.280701 6.934394 -84.791992

 -118.781250 7.167374 -84.791992

 -111.281815 7.167374 -84.791992

 -103.782379 7.167374 -83.703369

 -96.282959 6.934394 -83.703369

 -90.416458 7.167374 -83.159058

 -27.699375 6.934394 -84.791992

 -21.288570 6.934394 -84.791992

 -13.789131 7.167374 -84.791992

 -6.289692 6.934394 -84.791992

 0.121119 6.934394 -84.791992

 -131.058563 6.934394 -90.658493

 -126.280701 6.934394 -91.202789

 -118.781250 7.167374 -91.202789

 -112.914764 7.167374 -90.658493

 -26.610752 6.934394 -92.291428

 -21.288570 6.934394 -92.291428

 -13.789131 7.167374 -92.291428

 -6.289692 6.934394 -92.291428

 0.121119 6.934394 -92.291428

 -26.066437 6.934394 -98.157913

 -21.288570 6.934394 -99.790863

 -13.789131 7.167374 -99.790863

 -6.289692 7.167374 -99.790863

 1.209746 6.934394 -99.790863

 8.709183 6.934394 -100.879486

 16.208620 7.167374 -100.879486

 20.986486 6.934394 -101.423798

 -19.655628 6.934394 -105.657349

 -13.789131 6.934394 -107.290314

 -6.289692 6.934394 -107.290314

 1.209746 7.167374 -107.290314

 16.208620 7.167374 -107.290314

 21.530804 6.934394 -107.290314

 -12.156189 7.167374 -113.156799

 -6.289692 7.167374 -113.701111

 1.209748 6.934394 -115.422333

 8.709183 6.934394 -116.183289

 16.208620 6.934394 -116.183289

 20.986486 6.934394 -114.878021

 20.074097 13.615561 -123.589996

 12.722506 13.615561 -125.510437

 4.959466 13.615561 -124.766083

 -2.803579 13.615561 -122.267273

 -9.825806 13.616839 -119.655167

 -18.876087 13.616839 -112.377258

 -26.644093 13.616839 -104.548431

 20.074097 14.222963 -95.193985

 13.018235 14.455944 -94.055450

 6.740286 13.615561 -93.565369

 -115.245148 13.616839 -97.156845

 -122.530975 13.616839 -98.031158

 -130.146179 13.616839 -96.888290

 -92.746841 13.615561 -89.657410

 -99.473343 13.615561 -90.527405

 -106.053726 13.615561 -91.268005

 12.536058 14.455944 -82.100098

 6.998929 13.616839 -83.464478

 -34.125481 13.616839 -82.077072

 -83.696548 13.616839 -82.379517

 34.743614 13.615561 -74.658539

 28.017115 13.615561 -75.528519

 21.436722 13.615561 -76.269119

 -41.515549 13.615561 -77.389313

 -47.832336 13.615561 -78.831390

 -55.036041 13.615561 -78.852310

 -62.535477 13.615561 -76.686249

 -69.739182 13.616839 -75.545135

 -76.055969 13.615561 -76.269119

 -124.268005 13.616839 -70.870117

 -130.436935 13.615561 -72.753555

 65.070709 13.615561 -66.890549

 57.719131 13.616839 -68.050003

 50.251816 13.615561 -68.045685

 43.935036 13.615561 -68.769684

 -116.368790 13.615561 -64.706146

 4.959465 8.821206 -56.033298

 -101.769699 11.362288 -55.871231

 -107.609268 11.362288 -57.486130

 4.959465 10.138314 -53.555187

 -87.073257 13.616839 -48.622299

 -92.610397 14.455944 -49.986687

 -47.536606 1.253836 -42.539276

 -47.536606 1.253836 -37.051437

 -86.621552 14.455944 -37.080444

 74.310699 13.616839 -29.251640

 -32.537724 14.455944 -25.187378

 -94.139038 13.616839 -29.554062

 -32.537724 14.222963 -16.906128

 -101.620422 13.615561 -14.582115

 -109.137894 13.616839 -7.055748

 81.541580 13.615561 0.416752

 12.458899 13.232351 4.421745

 88.790512 13.616839 7.613743

 12.458899 13.469398 5.980812

 -47.536598 13.614838 11.921181

 147.564514 13.615561 15.603275

 140.212952 13.615561 14.443817

 132.186279 13.615561 14.443817

 125.164085 13.616839 15.334717

 102.529312 13.615561 15.392593

 96.689743 13.616839 13.777695

 49.956081 3.974614 19.420609

 -47.536606 13.669201 13.480244

 116.268372 13.616839 21.202644

 111.134232 13.615561 21.202644

 49.956081 3.741633 20.979675

 -116.887848 13.615561 23.244423

 147.855286 13.615561 39.738007

 141.686356 13.616839 41.621468

 132.527054 13.615561 47.506012

 126.989937 13.615561 48.870392

 -116.637344 14.222963 47.456059

 -2.539972 3.624215 56.917789

 -108.869339 14.455944 55.284859

 -2.539972 4.098151 58.476868

 -94.270264 14.455944 64.119781

 -100.109833 13.616839 62.504868

 170.062851 13.615561 68.099335

 162.711258 13.615561 66.939873

 154.684586 13.616839 66.939873

 147.662354 14.455944 67.830772

 -79.271378 14.222963 71.619217

 -85.110947 14.455944 70.004311

 138.470963 14.455944 73.719635

 132.449890 14.222963 74.464554

 126.731285 13.615561 73.970146

 -49.317429 13.615553 78.921692

 -55.331772 13.616839 78.448212

 -62.799080 13.616839 78.452530

 -69.821320 14.222963 77.561630

 170.353607 13.615561 92.234070

 164.184677 13.615561 94.117523

 -10.039413 13.546286 92.288536

 -41.893478 13.616839 92.150238

 155.025360 13.615561 100.002075

 149.185791 13.616839 101.616974

 -10.039413 12.724133 98.100510

 141.286560 14.222963 107.780922

 -34.394035 13.615561 107.149109

 134.186890 13.615561 114.721741

 49.956081 12.086117 114.786812

 -2.539976 -3.973303 114.786812

 140.026505 14.455944 120.384727

 134.683685 14.455944 119.244255

 49.956081 11.538408 120.598824

 -2.539976 -3.841317 120.598824

 -34.125481 14.222963 120.407745

 149.054565 14.222963 127.934128

 -41.774189 14.222963 126.269264

 -47.613758 14.222963 127.884171

 42.456642 13.616808 137.285141

 -56.373276 13.615561 135.104202

 42.456642 14.459267 143.097137

 -64.013870 13.616839 141.214569

 -70.330643 13.616839 141.938583

 -77.534348 13.616839 141.917648

 -85.297394 14.455944 141.934265

 -92.319611 14.455944 142.825150

 57.455528 13.615530 152.284012

 -101.511063 14.455944 148.714020

 -107.827850 13.616839 149.438019

 -115.295135 14.222963 149.433701

 -122.317368 14.455944 150.324615

 147.855286 14.222963 159.729034

 141.686356 14.222963 161.612488

 57.455528 14.459267 158.096054

 -131.767456 13.616839 156.267014

 -137.936386 13.616839 158.150482

 134.037643 14.455944 167.473999

 109.951584 13.615561 167.282898

 109.951584 14.222963 173.094894

 -101.511047 14.455944 176.664902

 -107.532104 14.222963 175.919998

 -113.553146 14.222963 176.664902

 134.037643 14.222963 180.403244

 -86.770828 14.455944 184.110794

 -92.610397 14.455944 182.495880

 -122.744583 13.616839 182.553757

 -130.030426 14.222963 183.428055

 -137.645630 14.222963 182.285187

 141.555115 14.222963 187.929596

 78.475449 14.222963 191.663803

 72.158661 14.455944 190.939804

 64.954964 14.222963 190.960724

 57.455524 14.455944 190.960724

 49.956085 13.616839 190.960724

 42.456650 14.455944 190.960724

 35.252945 13.615561 190.939804

 29.238592 13.615561 191.413284

 -64.013855 14.222963 191.663803

 -70.594254 13.615561 190.923187

 -77.320755 14.222963 190.053192

 86.116028 13.615561 197.774155

 -41.515553 14.222963 199.163223

 -48.095943 14.455944 198.422623

 -54.822437 14.222963 197.552628

 100.715118 13.616839 206.609100

 94.875549 13.615561 204.994202

 21.564135 13.615561 204.944229

 -33.874966 14.455944 205.273590

 115.713989 13.616839 214.108521

 109.874420 14.222963 212.493637

 12.245300 13.615561 212.551514

 5.223076 14.222963 213.442429

 -2.539972 14.455944 213.459030

 -10.039410 13.615561 213.459015

 -17.802456 13.615561 213.442413

 -24.824688 13.615561 212.551514

 140.065094 14.455944 219.782379

 132.449890 14.222963 220.925232

 125.164078 14.455944 220.050949

 120.495285 14.222963 217.041855

 144.546188 14.222963 215.301270

 -29.795891 14.222963 209.291885

 17.216499 13.615561 209.291885

 105.496429 13.615561 209.542389

 145.705658 14.455944 207.949692

 -37.322250 14.222963 201.774399

 24.765888 14.455944 200.263840

 90.195114 13.615561 201.792450

 145.705658 14.222963 199.923050

 -59.491199 14.455944 194.543518

 26.130270 14.455944 194.726685

 82.668747 13.615561 194.274979

 144.814758 14.222963 192.900818

 -81.989517 14.455944 187.044083

 137.536850 14.222963 183.850525

 -142.126740 14.222963 177.804092

 -118.075821 14.455944 179.544632

 -96.988388 14.455944 179.544632

 131.447403 14.222963 176.505692

 -143.269592 13.615561 170.188889

 107.045593 14.222963 170.188889

 112.857574 14.222963 170.188889

 131.447403 13.615561 171.371552

 -142.126724 13.616839 162.573715

 137.234390 14.222963 164.277206

 -126.986130 14.222963 153.333710

 54.549530 14.226286 155.190033

 60.361534 14.450184 155.190033

 152.045609 14.455944 155.305801

 -96.988388 14.222963 145.834274

 153.205093 14.222963 147.954208

 -59.820564 13.615561 138.603378

 39.550648 14.459267 140.191147

 45.362637 14.217203 140.191147

 153.205093 14.455944 139.927536

 -52.294197 13.615561 131.085922

 152.314178 14.455944 132.905319

 -37.322250 14.455944 123.604515

 144.706909 14.455944 123.586472

 -31.535221 14.455944 116.510185

 -5.445976 -3.243568 117.692818

 0.366025 -4.338071 117.692818

 47.050095 12.796659 117.692818

 52.862068 10.594881 117.692818

 132.264420 14.222963 117.358131

 -31.535221 14.222963 111.376045

 137.536850 13.615561 111.530624

 -37.345276 14.222963 102.771118

 144.733856 14.455944 104.281723

 -38.960171 14.222963 96.931549

 -12.945414 13.313305 95.194527

 -7.133411 12.724133 95.194527

 159.403366 13.616839 97.050842

 -44.844719 14.455944 87.772232

 174.543945 14.222963 87.810844

 -46.209099 13.615553 82.235100

 175.686798 14.222963 80.195641

 -74.490082 13.616839 74.552505

 123.407166 13.595337 70.812401

 142.993591 13.615561 70.839882

 174.543945 13.615561 72.580444

 -89.488953 14.222963 67.053078

 122.933685 13.828318 64.798065

 -104.790253 13.615561 59.303123

 -3.319508 3.776928 57.697330

 -1.760437 3.945437 57.697330

 123.203033 14.455944 57.993061

 -112.619064 14.222963 51.535137

 123.676521 13.615561 51.978714

 -119.896957 14.455944 42.484856

 136.905045 13.616839 44.554779

 -120.771255 14.222963 35.199024

 152.045609 14.455944 35.314777

 -119.896957 14.455944 27.913193

 153.188461 14.455944 27.699581

 -114.008102 14.455944 18.721764

 49.176552 3.974614 20.200142

 50.735615 3.741633 20.200142

 106.907318 13.615561 18.343834

 120.495293 13.615561 18.343834

 152.045609 13.616839 20.084381

 -113.284119 14.222963 12.404987

 -48.316139 14.064062 12.700714

 -46.757065 13.613950 12.700714

 92.237793 13.616839 11.112949

 -113.288437 14.455944 4.937675

 11.679367 13.634676 5.201279

 13.238435 13.300056 5.201279

 85.040787 13.615561 3.864025

 -112.397522 14.222963 -2.084549

 78.930420 13.615561 -3.776543

 -105.119629 13.616839 -11.134827

 78.206406 14.455944 -10.093330

 -98.955673 14.222963 -19.034058

 -34.014652 14.455944 -18.976440

 -31.060799 14.455944 -18.976440

 78.210739 14.222963 -17.560654

 -97.340775 14.222963 -24.873627

 -34.014652 14.455944 -23.117065

 -31.060799 14.455944 -23.117065

 77.319817 13.615561 -24.582878

 -90.120758 14.222963 -33.633156

 71.430977 13.616839 -33.774307

 -84.031296 14.455944 -40.978012

 -50.280529 1.020856 -39.795364

 -44.792683 1.253836 -39.795364

 70.706978 14.222963 -40.091095

 -83.780777 14.222963 -45.809708

 70.727898 14.455944 -47.294800

 -96.988388 13.616839 -52.937927

 3.720406 8.544189 -54.794243

 6.198524 12.516869 -54.794243

 70.711296 14.222963 -55.057846

 -112.289703 14.222963 -60.687874

 69.551826 13.616839 -62.409439

 -119.816071 13.615561 -68.205353

 39.412369 13.616839 -71.649429

 -134.627274 14.222963 -77.176788

 -80.249268 13.616839 -78.880310

 -37.322250 13.615561 -78.880310

 16.914059 13.616839 -79.148865

 -135.770142 14.222963 -84.791992

 -87.775635 13.615561 -86.397781

 -31.514297 13.615561 -86.270370

 3.706450 14.455944 -86.277084

 -134.627274 13.615561 -92.407196

 -110.576385 13.616839 -94.147736

 -30.773693 14.222963 -92.850769

 3.706447 13.615561 -90.806335

 -29.903717 13.615561 -99.577240

 24.555212 14.222963 -99.675110

 -22.625813 13.616839 -108.627533

 25.698061 14.455944 -107.290314

 -14.797009 13.616839 -116.395523

 24.555212 13.615561 -116.626709

 -26.677853 10.811659 209.923569

 -21.552177 10.811659 211.342163

 135.903915 10.811659 76.543869

 128.995911 10.811659 76.543869

 -74.967285 10.811659 70.682091

 -71.674484 10.578678 74.933678

 136.463242 10.811659 218.841599

 141.918243 10.578678 217.154434

 122.685822 10.578678 74.960831

 128.436569 10.578678 218.841599

 39.889584 10.578678 -67.778992

 36.596779 10.578678 -72.030594

 76.127090 10.811659 -13.547318

 76.110481 10.578678 -21.310371

 123.310898 10.578678 217.423004

 120.018082 10.811659 213.171432

 46.628227 9.004977 121.020683

 46.628227 9.292620 114.364960

 141.588898 10.578678 122.954781

 136.753998 10.578678 121.594063

 53.283928 6.797637 114.364960

 53.283928 6.581978 121.020683

 130.379578 10.811659 120.181358

 -37.470097 10.578678 -75.278427

 -44.082611 12.711515 -74.565079

 143.605423 10.811659 211.699417

 149.417679 10.578678 37.167942

 151.104843 10.811659 31.712906

 -51.286320 13.626921 -75.631866

 -94.770721 10.578678 -26.436028

 -96.131439 10.811659 -21.601120

 -30.273098 10.578678 205.421448

 -117.269012 10.578678 26.060020

 -118.687622 10.811659 31.185699

 -58.785763 12.944496 -74.585999

 134.418808 10.578678 164.658386

 137.382263 10.578678 160.675354

 -66.285202 10.811659 -73.465820

 -73.488907 10.578678 -73.444885

 -133.686508 10.578678 -80.778656

 -131.999344 10.811659 -75.323624

 -80.101410 10.811659 -75.278427

 -127.463364 10.578678 157.204132

 -134.334534 10.811659 159.091278

 -139.498779 10.578678 160.720551

 14.098464 10.578678 209.923569

 17.693710 10.578678 205.421448

 105.019211 10.811659 205.671951

 108.312012 10.811659 209.923569

 130.585022 10.811659 114.869583

 -124.170547 10.578678 152.952545

 -36.364460 10.578678 -21.046753

 -35.026260 10.578678 -26.866791

 -30.049191 10.578678 -26.866791

 -28.710991 10.578678 -21.046753

 144.253433 10.811659 38.797230

 -126.835068 10.811659 -73.694336

 -119.963913 10.578678 -71.807220

 137.382263 10.578678 40.684345

 -83.064865 10.578678 -79.261475

 130.435791 10.811659 167.621826

 -34.506653 10.578678 -79.261475

 143.622055 10.578678 203.936356

 -37.470097 10.811659 198.172531

 -34.506653 10.811659 202.155579

 106.623734 10.811659 166.861038

 113.279419 10.811659 166.861038

 0.787886 -1.125022 121.020683

 -5.867832 0.118823 121.020683

 -51.582050 10.517988 76.347984

 -45.271976 10.623636 77.931007

 -58.785763 10.811659 76.368912

 66.923882 10.811659 -64.262596

 61.468845 10.578678 -65.949768

 -66.548813 10.578678 76.352303

 120.898911 10.421770 68.509583

 17.391270 10.578678 -75.278427

 14.098464 10.578678 -79.530029

 53.705807 10.578678 -65.966370

 145.809189 10.811659 70.458717

 142.516403 10.578678 74.710320

 -30.523613 10.810741 107.626328

 -28.710991 10.512060 113.943108

 46.502094 10.811659 -65.945450

 -30.523613 10.810741 120.259895

 -34.506653 10.578678 123.223343

 22.195820 10.578678 201.826218

 23.556553 10.811659 196.991302

 89.717896 10.811659 197.922012

 93.313141 10.578678 202.424133

 -30.049191 10.811659 -15.226723

 -35.026260 10.811659 -15.226723

 74.691872 10.578678 -26.436050

 173.603165 10.578678 76.182320

 171.916000 10.578678 70.727272

 -133.686508 10.578678 -88.805328

 -87.002731 10.811659 -34.264847

 -90.268616 10.811659 -30.031281

 149.686234 10.578678 131.052155

 145.184143 10.811659 127.456902

 143.605423 10.578678 196.173325

 -89.966171 10.578678 63.182655

 -86.673355 10.578678 67.434242

 -87.298416 10.811659 -82.527359

 -90.893661 10.578678 -87.029480

 -59.968410 10.578678 190.673096

 -56.675602 10.578678 194.924698

 -28.690067 10.578678 -88.837433

 -30.523613 10.811659 -82.224915

 -98.018555 10.578678 -14.729965

 -102.001587 10.578678 -11.766518

 54.127666 10.813324 158.517899

 54.127666 10.565054 151.862167

 60.783386 10.278677 151.862167

 60.783386 10.813324 158.517899

 2.694839 10.811659 -82.527359

 1.132730 10.811659 -88.541718

 151.104843 10.578678 23.686249

 -111.183868 10.811659 16.154701

 -113.017426 10.578678 22.767212

 25.193146 10.578678 190.422577

 134.418808 10.811659 112.162315

 137.684708 10.811659 107.928764

 -117.000458 10.578678 -67.824188

 -112.766907 10.578678 -64.558289

 82.520905 10.578678 190.673096

 85.484344 10.811659 194.656128

 -131.999344 10.811659 -94.260345

 149.417679 10.578678 157.158951

 151.104843 10.811659 151.703918

 -110.099167 13.596845 -90.277313

 -113.391983 10.811659 -94.528900

 129.254562 10.578678 46.296669

 134.089447 10.811659 44.935944

 -28.694378 10.811659 -96.304749

 122.685822 10.811659 47.933270

 70.440285 10.811659 -29.728851

 68.606735 10.578678 -36.341370

 142.186813 10.811659 191.047638

 -94.172791 10.811659 145.453094

 -97.465607 10.578678 149.704697

 2.694838 10.578678 -94.556046

 -36.135937 10.578678 99.498611

 -34.775211 10.578678 104.333527

 113.279419 10.811659 173.516754

 106.623734 10.578678 173.516754

 -37.470097 10.578678 127.206383

 -44.341259 10.578678 129.093506

 -49.176167 10.578678 130.454224

 -82.466721 10.578678 183.173660

 -79.173920 10.578678 187.425232

 -81.207062 10.578678 -43.545082

 -83.019684 10.578678 -37.228294

 -105.267487 10.811659 -7.532959

 -109.769577 10.578678 -3.937714

 121.123718 10.811659 61.447052

 81.922745 10.811659 3.232346

 77.939720 10.578678 0.268902

 47.691456 5.336440 22.464767

 47.691456 5.338012 17.935516

 3.162280 6.885881 -56.591423

 6.756649 9.442078 -56.591423

 52.220707 5.338012 17.935516

 52.220707 5.570992 22.464767

 -51.368305 2.823693 -35.963654

 -51.368305 3.056674 -43.627068

 -43.704899 2.823693 -43.627068

 -43.704899 2.823693 -35.963654

 -27.275772 10.811659 -101.430420

 -105.267487 10.578678 55.432701

 -101.672241 10.811659 59.934811

 166.751740 10.578678 91.293289

 171.916000 10.811659 89.664009

 159.880569 10.578678 93.180412

 107.384521 10.811659 22.214256

 104.091705 10.578678 17.962658

 10.194275 9.693630 2.936653

 14.723527 9.289311 2.936653

 123.310898 10.811659 17.962658

 120.018082 10.578678 22.214256

 21.927263 10.578678 -97.821930

 23.614431 10.578678 -103.276978

 149.417679 10.578678 18.231216

 -111.204803 10.578678 8.951004

 -104.336761 7.950984 -58.695465

 -97.465607 10.811659 -56.808350

 -109.171661 7.950984 -60.056183

 -104.078125 10.578678 173.840683

 -97.465591 10.811659 175.674210

 68.627663 10.811659 -43.545082

 39.128788 10.805330 136.863297

 45.784496 10.278677 136.863297

 -110.986084 10.578678 173.840683

 -4.804600 3.855301 59.961956

 -4.804600 2.820426 55.432701

 21.927263 10.578678 -120.201111

 16.472227 10.811659 -123.410202

 -117.598618 10.578678 175.674210

 -0.275346 4.073379 55.432701

 -0.275346 4.867102 59.961956

 141.918243 10.811659 104.662872

 144.881699 10.578678 100.679848

 8.709183 10.811659 -123.426804

 1.209748 10.811659 -121.904877

 -6.553299 10.811659 -118.445816

 -49.801231 10.015856 14.965336

 -49.801231 10.416483 10.436089

 -117.269012 10.578678 44.338024

 -112.766907 10.578678 47.933270

 -11.678978 10.578678 -117.027222

 -45.271976 10.412712 10.436089

 -45.271976 9.647381 14.965336

 89.422195 10.578678 10.731773

 85.188644 10.578678 7.465893

 151.121445 10.811659 143.940872

 137.684708 10.811659 187.452393

 134.418808 10.578678 183.218826

 130.435791 10.578678 180.255402

 -82.769165 10.811659 -49.559433

 -19.507778 10.811659 -109.259216

 -22.773663 10.578678 -105.025665

 -38.023052 10.578678 92.627464

 -13.367271 10.054430 91.866676

 -6.711552 9.231150 91.866676

 -57.004963 10.578678 138.222229

 -59.968418 10.811659 142.205246

 -52.771412 10.811659 134.956329

 -141.185944 10.811659 174.202209

 -139.498779 10.811659 179.657242

 -13.367271 9.231150 98.522369

 6.756649 10.296721 -52.997055

 3.162280 9.057313 -52.997055

 -6.711552 8.353271 98.522369

 23.614431 10.578678 -111.303619

 -120.891418 10.811659 179.925812

 -42.274651 10.578678 89.334641

 -94.172806 10.811659 179.925812

 121.102798 10.578678 54.243347

 14.723527 9.867105 7.465904

 10.194275 10.315754 7.465904

 92.385651 10.811659 14.714817

 -109.501038 10.578678 52.166821

 -111.188187 10.578678 1.187958

 151.752869 10.578678 98.792732

 156.587753 10.578678 97.431999

 39.128788 10.580343 143.518997

 45.784496 10.565054 143.518997

 -89.337891 10.578678 -51.196014

 -94.172806 10.578678 -52.556755

 68.627663 10.811659 -51.044518

 -15.274221 10.578678 -112.525116

 143.962662 10.578678 16.544052

 136.199615 10.811659 16.527443

 128.436569 10.578678 16.544052

 -89.337891 10.811659 181.286545

 99.256790 10.578678 16.601929

 -126.017090 10.811659 181.344437

 -134.043747 10.811659 181.344437

 151.104843 10.578678 136.177811

 -66.580933 10.578678 144.038803

 -43.635376 10.811659 84.499741

 -73.784622 10.578678 144.017914

 128.623154 10.811659 173.938614

 -81.284073 10.578678 144.017914

 -89.047119 10.811659 144.034515

 -141.185944 10.578678 166.175583

 75.908379 10.578678 188.839569

 68.704681 10.811659 188.860489

 61.205238 10.811659 188.860489

 53.705807 10.578678 188.860489

 46.206367 10.811659 188.860489

 38.706928 10.811659 188.860489

 -118.687622 10.578678 39.212349

 31.503227 10.811659 188.839569

 68.611053 10.811659 -58.807571

 16.472221 10.578678 -96.134766

 9.004911 10.811659 -96.139084

 113.701309 10.578678 24.026878

 -118.517654 10.578678 -95.947510

 -66.580933 10.578678 188.839569

 -96.837326 10.578678 61.295551

 -126.544312 10.811659 -95.947510

 -74.048248 10.811659 188.843887

 173.603165 10.811659 84.208969

 76.106163 10.578678 -6.343613

 166.460968 10.811659 69.040108

 158.697922 10.578678 69.023506

 150.934875 10.578678 69.040108

 -96.019348 13.595567 -88.448090

 -104.078125 10.578678 151.538239

 -103.486664 13.595567 -88.443756

 -111.281815 10.578678 151.517349

 -119.044861 10.578678 151.533936

 -44.082611 10.578678 196.338974

 -51.549931 10.811659 196.343292

 144.253433 10.578678 158.788254

 9.263555 10.578678 -80.890762

 98.148071 10.578678 203.784882

 -81.838440 10.578678 68.794975

 -5.867832 -0.506958 114.364960

 0.787886 -1.591162 114.364960

 113.146927 10.811659 211.284317

 8.972792 10.811659 211.342163

 1.209748 10.578678 211.358765

 31.471107 10.811659 -73.449203

 -6.289692 10.811659 211.358765

 24.003782 10.578678 -73.444885

 -13.789127 10.811659 211.358765

 -10.039413 13.313305 92.288536

 -10.039413 12.724133 98.100510

 -12.945414 13.546286 95.194527

 -7.133411 12.724133 95.194527

 -12.945414 12.921791 98.100510

 -7.133411 12.060513 98.100510

 -7.133411 13.154768 92.288536

 -12.945414 13.704823 92.288536

 101.388763 3.416854 48.778477

 94.905640 3.341809 48.659977

 87.836365 3.574790 48.659977

 81.344910 3.649579 48.778477

 101.503021 2.855567 54.889400

 94.898651 2.369327 54.954422

 87.893173 2.369136 54.954422

 81.263870 2.852813 54.889400

 101.503021 3.088547 61.926769

 94.898651 2.369327 61.959888

 87.893173 2.367675 61.959888

 81.263870 3.078566 61.926769

 108.458405 3.371825 69.566010

 101.945175 2.572056 68.964386

 94.898651 1.426398 68.965355

 87.893173 2.130654 68.965355

 81.263870 2.852813 68.964127

 108.540390 2.855567 76.001495

 101.904114 1.897862 75.970825

 94.898651 1.426398 75.970825

 87.893173 2.130629 75.970825

 81.263870 3.086300 76.001495

 108.540390 2.855567 83.038879

 101.904114 2.600461 82.976295

 94.898651 2.331967 82.976295

 87.857681 2.710933 83.026360

 81.353775 3.297915 82.506569

 108.468674 3.415009 89.146568

 101.974899 3.528767 89.265877

 94.905640 3.048839 89.265877

 88.424820 2.722384 89.146568

 84.899048 2.862052 86.051842

 91.383453 2.804245 86.121086

 98.420822 2.809545 86.121086

 105.458191 2.853723 86.121086

 111.550873 3.416854 86.064354

 78.262695 3.405002 78.984444

 84.354950 2.979212 79.523628

 91.395920 1.862348 79.473557

 98.401382 2.128996 79.473557

 105.406845 2.369327 79.473557

 111.673935 3.574790 79.566826

 78.137299 3.570189 72.497551

 84.390442 2.601906 72.468094

 91.395920 1.659379 72.468094

 98.401382 1.426398 72.468094

 105.447922 2.810542 72.467117

 111.550873 3.416854 73.100388

 78.137299 3.563897 65.428276

 84.390442 2.600464 65.462616

 91.395920 2.130843 65.462616

 98.401382 1.897862 65.462616

 105.046829 3.296779 65.428528

 78.137299 3.563897 58.359009

 84.390442 2.600464 58.457161

 91.395920 2.602307 58.457161

 98.401382 2.369327 58.457161

 104.604660 3.341809 58.359009

 78.262695 3.414035 51.860676

 84.346085 2.855376 51.807198

 91.383453 3.088547 51.807198

 98.420822 2.855567 51.807198

 104.470963 3.649834 51.860676

 101.445892 3.369191 51.833935

 94.902145 2.855567 51.807198

 87.864761 3.088452 51.807198

 81.304382 3.367688 51.833935

 101.503021 3.088547 58.408085

 94.898651 2.602307 58.457161

 87.893173 2.368405 58.457161

 81.263870 3.082181 58.408085

 101.724091 2.830302 65.445580

 94.898651 1.897862 65.462616

 87.893173 2.132670 65.462616

 81.263870 2.849200 65.445450

 108.499390 3.113696 72.783760

 101.924652 2.351449 72.467598

 94.898651 1.659379 72.468094

 87.893173 2.130642 72.468094

 81.263870 3.086049 72.482811

 108.540390 3.088547 79.520195

 101.904114 2.365651 79.473557

 94.898651 1.879180 79.473557

 87.875443 2.304290 79.498596

 81.308838 3.308596 79.254028

 108.504532 3.368268 86.092728

 101.939499 2.831634 86.121086

 94.902145 2.923384 86.121086

 88.141251 2.949639 86.086464

 -12.945414 13.546286 95.194527

 -10.039413 13.313305 92.288536

 -7.133411 12.724133 95.194527

 -10.039413 12.902227 95.194527

 -10.039413 12.491152 98.100510

 57.455528 14.454721 155.190033

 42.456642 14.221741 140.191147

 49.956081 11.928753 117.692818

 -2.539976 -3.790821 117.692818

 -2.539972 3.744693 57.697330

 12.458899 13.350876 5.201279

 49.956081 3.974614 20.200142

 -47.536606 1.253836 -39.795364

 139.210144 10.578678 75.627090

 -17.670654 10.811659 211.350494

 20.697529 10.811659 -74.361664

 0.787886 -1.591072 117.692818

 -10.039410 10.811659 211.358765

 27.737446 10.811659 -73.447052

 -5.867832 -0.310557 117.692818

 -2.539972 10.578678 211.358765

 34.033939 10.811659 -72.739899

 5.091272 10.811659 211.350494

 11.535628 10.811659 210.632874

 -29.617298 10.777893 117.101509

 110.729477 10.578678 210.603943

 116.582504 10.578678 212.227859

 173.603165 10.578678 80.195641

 -2.539974 -1.165553 114.364960

 -32.389874 10.811659 203.788498

 -29.380093 10.578678 -18.136734

 -35.695362 10.811659 -18.136734

 -84.255905 10.811659 68.114616

 57.455524 10.813324 158.517899

 -92.519669 10.811659 -28.233658

 -78.402863 10.811659 69.738541

 49.956081 8.045127 114.364960

 -85.181641 10.578678 -80.894409

 143.386505 10.578678 125.205841

 -32.515133 10.811659 -80.743195

 19.944767 10.811659 203.623825

 -118.482193 10.578678 -69.815704

 95.730606 10.578678 203.104507

 -115.143234 10.811659 24.413616

 101.583633 10.578678 204.728409

 -97.074997 10.578678 -18.165543

 76.116631 10.578678 -9.945465

 -32.537724 10.811659 -26.866791

 5.979197 10.811659 -81.709061

 11.681007 10.811659 -80.210388

 140.817841 10.578678 159.731812

 146.835541 10.811659 157.973602

 -54.112766 10.811659 195.634003

 -47.816273 10.578678 196.341125

 132.501923 10.578678 113.515953

 67.767464 10.811659 -61.535080

 -40.776356 10.811659 197.255753

 -140.342361 10.811659 163.448074

 -118.687622 10.578678 35.199024

 135.735855 10.811659 42.810146

 -121.607697 10.578678 152.243256

 -115.163330 10.811659 151.525635

 -106.792908 13.596845 -89.360535

 -107.679977 10.578678 151.527786

 -99.753006 13.596845 -88.445923

 129.529465 10.811659 170.780228

 -100.771866 10.811659 150.621475

 -93.456512 10.811659 -87.738770

 72.566078 10.811659 -28.082451

 113.279419 10.578678 170.188889

 87.601120 10.578678 196.289062

 106.623734 10.578678 170.188889

 -44.453674 10.484667 81.215378

 -32.649414 10.811199 105.979927

 -85.011200 10.578678 -35.746567

 -35.988377 10.811659 125.214867

 148.372040 10.578678 69.749413

 49.956081 5.570208 22.464767

 154.816391 10.578678 69.031815

 162.579453 10.578678 69.031815

 169.188477 10.578678 69.883690

 -103.634537 10.578678 -9.649734

 -47.536606 2.823693 -35.963654

 77.022949 10.578678 -3.037354

 172.759583 10.811659 86.936493

 -76.611084 10.811659 188.134567

 -129.271820 10.811659 -95.103943

 -99.254791 10.811659 60.615181

 -70.314590 10.578678 188.841721

 -122.530975 10.811659 -95.947510

 150.395538 10.811659 133.614990

 110.542908 10.578678 23.120567

 -93.401749 10.811659 62.239109

 -63.274662 10.578678 189.756348

 -115.954803 10.811659 -95.238205

 116.859695 10.578678 23.120567

 -110.969299 7.950984 -62.307251

 57.455524 10.421864 151.862167

 5.849874 10.811659 -95.347565

 12.738566 10.578678 -96.136932

 19.199745 10.811659 -96.978363

 139.801468 10.578678 106.295830

 -2.539972 4.361203 59.961956

 28.348185 10.811659 189.631088

 68.619362 10.578678 -54.926041

 35.105076 10.578678 188.850037

 -47.536606 9.948111 14.965336

 -117.978317 10.811659 41.775181

 42.456650 10.578678 188.860489

 49.956081 10.578678 188.860489

 57.455524 10.811659 188.860489

 64.954964 10.578678 188.860489

 121.894302 10.578678 51.088306

 72.306534 10.578678 188.850037

 79.214645 10.811659 189.756348

 -141.185944 10.811659 170.188889

 -25.024715 10.578678 -103.228027

 7.217303 10.430912 -54.794235

 -110.478882 10.811659 -1.374878

 2.701626 8.308622 -54.794235

 83.555695 10.578678 5.349121

 -91.609955 10.578678 144.743820

 -47.536606 2.823693 -43.627068

 -85.165588 10.578678 144.026199

 -77.534348 10.578678 144.017914

 -10.039413 8.908702 98.522369

 129.529465 10.578678 177.097015

 -70.182785 10.578678 144.028366

 -42.955009 10.578678 86.917183

 -63.274677 10.811659 143.122025

 -50.973789 10.578678 132.705276

 49.956081 5.570992 17.935516

 139.935760 10.811659 189.250015

 -136.771271 10.578678 180.500824

 14.723527 9.694698 5.201279

 151.113159 10.811659 140.059341

 -130.030426 10.811659 181.344437

 10.194275 9.771711 5.201279

 95.821228 10.578678 15.658375

 -107.384247 10.811659 53.799763

 -123.454254 10.578678 180.635101

 101.674255 10.811659 17.282295

 -91.755341 10.578678 180.606186

 -95.819199 10.811659 -54.682549

 125.873734 10.811659 17.253357

 158.234161 10.578678 95.306213

 -85.902313 10.578678 182.230118

 132.318085 10.578678 16.535751

 140.081146 10.811659 16.535751

 22.770849 10.811659 -115.752380

 146.690170 10.811659 17.387634

 -17.390999 10.811659 -110.892181

 42.456642 10.572697 143.518997

 -13.476599 10.578678 -114.776169

 68.627663 10.578678 -47.294800

 -91.755341 10.811659 -51.876389

 -86.053528 10.578678 -50.377724

 45.784496 10.421864 140.191147

 148.317276 10.811659 99.736298

 39.128788 10.809326 140.191147

 -47.536606 10.531088 10.436089

 -2.539972 3.446902 55.432701

 154.170319 10.578678 98.112366

 -111.196503 10.811659 5.069481

 -111.133957 10.578678 50.050049

 90.903915 10.811659 12.723297

 12.458899 9.974939 7.465904

 121.113251 10.578678 57.845200

 -95.819199 10.578678 177.800018

 -40.148849 10.578678 90.981041

 -119.245026 10.811659 177.800018

 23.614431 10.578678 -107.290314

 -6.711552 8.675721 95.194527

 4.959464 9.593801 -52.536404

 -13.367271 9.642790 95.194527

 -140.342361 10.578678 176.929733

 -54.888203 10.811659 136.589294

 -58.486698 10.578678 140.213730

 -10.039413 9.642786 91.866676

 -37.079494 10.578678 96.063034

 -21.140720 10.811659 -107.142441

 -81.988113 10.578678 -46.552254

 132.427292 10.811659 181.737122

 136.051758 10.578678 185.335617

 151.113159 10.578678 147.822403

 87.305420 10.811659 9.098835

 -45.271976 10.030048 12.700714

 -9.116138 10.578678 -117.736511

 -115.017960 10.578678 46.135651

 -49.801231 10.449150 12.700714

 -2.671776 10.811659 -120.175354

 4.959466 10.578678 -122.665833

 12.590703 10.578678 -123.418488

 143.399979 10.811659 102.671371

 -0.275346 4.586730 57.697330

 -114.292358 10.811659 174.757446

 19.199745 10.578678 -121.805634

 -4.804600 3.221374 57.697330

 -107.532104 10.811659 173.840683

 42.456642 10.425512 136.863297

 68.617195 10.811659 -39.943222

 -100.771866 10.811659 174.757446

 -106.754211 7.950984 -59.375824

 -100.901184 7.718003 -57.751907

 -111.194351 10.578678 12.552853

 150.261261 10.578678 20.958733

 22.770849 10.578678 -100.549438

 121.664490 10.578678 20.088455

 12.458899 9.258492 2.936653

 105.738113 10.578678 20.088455

 163.316162 10.811659 92.236847

 169.333862 10.578678 90.478645

 -103.469849 10.578678 57.683754

 -27.985077 10.578678 -98.867584

 -43.704899 2.823693 -39.795364

 -51.368305 2.823693 -39.795364

 52.220707 5.570992 20.200142

 4.959464 7.269621 -57.052082

 47.691456 5.337228 20.200142

 79.931229 10.578678 1.750626

 121.011322 10.500223 64.978317

 -107.518539 10.578678 -5.735336

 -82.113373 10.578678 -40.386688

 -80.820328 10.578678 185.299469

 -46.758713 10.811659 129.773880

 -40.905678 10.811659 128.149948

 109.951584 10.578678 173.516754

 -35.455574 10.811659 101.916069

 1.913782 10.811659 -91.548874

 -95.819199 10.811659 147.578903

 142.896088 10.578678 193.610489

 69.523514 10.811659 -33.035110

 125.970200 10.578678 47.114971

 -28.692223 10.811659 -92.571091

 131.671982 10.811659 45.616306

 -111.745560 13.596845 -92.403107

 150.261261 10.578678 154.431442

 -132.842926 10.811659 -91.532837

 84.002625 10.578678 192.664627

 -114.883698 10.578678 -66.191254

 136.051758 10.811659 110.045532

 24.374849 10.811659 193.706955

 -112.100647 10.811659 19.460957

 151.104843 10.811659 27.699581

 1.913782 10.578678 -85.534546

 60.783386 10.429506 155.190033

 54.127666 10.572697 155.190033

 -100.010071 10.578678 -13.248238

 -29.606838 10.578678 -85.531189

 -58.322010 10.811659 192.798889

 -89.096039 10.578678 -84.778412

 -88.319763 10.811659 65.308456

 143.613724 10.578678 200.054855

 147.435181 10.811659 129.254532

 -88.635666 10.578678 -32.148064

 -133.686508 10.811659 -84.791992

 172.759583 10.811659 73.454796

 75.401176 10.811659 -23.873207

 -32.537724 10.811659 -15.226723

 91.515518 10.811659 200.173080

 22.876186 10.578678 199.408768

 43.195839 10.811659 -66.862213

 -32.515133 10.811199 121.741623

 50.103951 10.811659 -65.955917

 -29.617298 10.777893 110.784721

 144.162796 10.811659 72.584518

 -69.111649 10.578678 75.642990

 57.587322 10.811659 -65.958069

 15.744866 10.811659 -77.404236

 121.792374 10.733204 71.735207

 -62.667286 10.578678 76.360596

 64.196358 10.811659 -65.106186

 -55.183910 10.781319 76.358437

 -48.427013 10.454321 77.139496

 -2.539974 -0.503099 121.020683

 109.951584 10.811659 166.861038

 -35.988377 10.578678 200.164047

 143.613724 10.811659 207.817886

 -35.988377 10.578678 -77.269958

 132.427292 10.578678 166.140121

 -129.417191 10.578678 -74.508972

 -81.583145 10.578678 -77.269958

 140.817841 10.578678 39.740791

 -123.399506 10.811659 -72.750793

 146.835541 10.578678 37.982586

 49.956081 7.909966 121.020683

 -29.380093 10.578678 -23.956772

 -35.695362 10.811659 -23.956772

 -125.816956 10.578678 155.078354

 130.482285 10.811659 117.525482

 106.665619 10.578678 207.797760

 15.896085 10.578678 207.672501

 -136.916656 10.811659 159.905899

 -130.898926 10.811659 158.147705

 -76.795151 10.578678 -74.361664

 -132.842926 10.811659 -78.051147

 -69.887039 10.578678 -73.455353

 -62.535480 11.878077 -74.025909

 135.900543 10.578678 162.666855

 -55.036045 13.285707 -75.108948

 -117.978317 10.578678 28.622860

 -28.475475 10.811659 207.672501

 -95.451080 10.578678 -24.018570

 -47.684464 13.609140 -75.098480

 150.261261 10.578678 34.440426

 142.761826 10.811659 214.426941

 -40.776356 11.645096 -74.921753

 133.566803 10.811659 120.887726

 53.283928 6.806298 117.692818

 139.171448 10.811659 122.274429

 46.628227 9.148797 117.692818

 121.664490 10.578678 215.297195

 125.873734 10.811659 218.132294

 76.118790 10.811659 -17.428848

 38.243179 10.811659 -69.904785

 132.449890 10.811659 218.841599

 125.840881 10.811659 75.752350

 139.190750 10.578678 217.998016

 -73.320877 10.578678 72.807884

 132.449890 10.578678 76.543869

 -24.115017 10.578678 210.632874

 18.597555 7.167374 -115.530655

 12.458899 7.167374 -116.183289

 4.959463 6.934394 -115.802811

 -2.539972 7.167374 -114.561707

 -9.222940 6.934394 -113.428955

 18.869713 7.167374 -107.290314

 -2.539972 7.167374 -107.290314

 -10.039412 6.934394 -107.290314

 -16.722378 7.167374 -106.473831

 18.597555 7.167374 -101.151642

 12.458899 6.934394 -100.879486

 4.959463 7.167374 -100.335175

 -2.539972 6.934394 -99.790863

 -10.039412 6.934394 -99.790863

 -17.538849 7.167374 -99.790863

 -23.677502 6.934394 -98.974396

 -3.084284 7.167374 -92.291428

 -10.039412 7.167374 -92.291428

 -17.538849 7.167374 -92.291428

 -23.949661 7.167374 -92.291428

 -115.848007 7.167374 -90.930634

 -122.530975 6.934394 -91.202789

 -128.669632 6.934394 -90.930634

 -3.084284 6.934394 -84.791992

 -10.039412 6.934394 -84.791992

 -17.538849 6.934394 -84.791992

 -24.493973 6.934394 -84.791992

 -93.349701 6.934394 -83.431198

 -100.032669 6.934394 -83.703369

 -107.532104 7.167374 -84.247681

 -115.031540 7.167374 -84.791992

 -122.530975 6.934394 -84.791992

 -128.941788 6.934394 -84.791992

 11.642427 7.167374 -75.931763

 4.962895 6.866174 -76.695068

 -2.551904 6.425116 -77.280609

 -10.039412 6.871094 -77.292542

 -17.538849 7.167374 -77.292542

 -25.038288 7.167374 -77.292542

 -31.721256 7.167374 -76.476074

 -85.850266 7.167374 -76.476074

 -92.533234 7.167374 -77.292542

 -100.032669 4.073719 -77.292542

 -107.532104 7.167374 -77.292542

 -115.031540 7.167374 -77.292542

 -122.530975 7.167374 -77.836853

 -128.669632 6.934394 -78.653336

 34.140743 7.167374 -68.432327

 27.457777 7.167374 -68.704483

 19.958338 6.934394 -69.248810

 12.458899 6.934394 -69.793106

 4.959464 5.898750 -69.778938

 -2.539973 2.569563 -69.793106

 -10.039412 5.623172 -69.793106

 -17.538849 6.927163 -69.793106

 -25.038288 7.130010 -69.793106

 -32.537724 7.167374 -69.793106

 -40.037167 9.067233 -69.248810

 -47.536606 11.583960 -68.704483

 -55.036045 11.393654 -68.704483

 -62.535480 9.109906 -68.704483

 -70.034912 7.167374 -68.704483

 -77.534348 7.167374 -69.248810

 -85.033798 6.934394 -69.793106

 -92.533234 7.167374 -69.793106

 -100.032669 4.073719 -69.793106

 -107.532104 7.167374 -69.793106

 -114.215073 7.167374 -70.609589

 63.594170 7.167374 -60.932892

 57.455509 7.167374 -61.205048

 49.956081 6.934394 -61.205048

 42.456650 6.934394 -61.749359

 34.957211 6.933967 -62.293671

 27.457775 6.930238 -62.293671

 19.958338 6.930238 -62.293671

 12.457008 7.019404 -62.291782

 4.959464 6.802174 -62.341629

 -2.538080 2.495063 -62.291782

 -10.039412 2.216728 -62.293674

 -17.538849 3.538330 -62.293674

 -25.038288 6.946360 -62.293674

 -32.537724 7.167374 -62.293671

 -40.037167 8.000812 -62.293671

 -47.536606 9.242449 -62.293671

 -55.036045 9.417667 -62.293671

 -62.535480 8.409009 -62.293671

 -70.034912 7.167374 -62.293671

 -77.534348 6.934394 -62.293671

 -85.033798 6.934394 -62.293671

 -92.533234 6.934394 -62.293671

 -100.032669 7.167374 -62.837990

 -106.715622 6.934394 -63.654465

 63.866325 6.934394 -54.794235

 57.455509 6.934394 -54.794235

 49.956081 6.930667 -54.794235

 42.456650 6.859363 -54.794235

 34.957211 6.707011 -54.794235

 27.457775 6.582946 -54.794235

 19.958338 6.582946 -54.794235

 12.507805 6.955610 -54.793289

 -2.587931 2.547579 -54.794235

 -10.039412 1.221516 -54.794235

 -17.538849 2.538214 -54.794235

 -25.038288 7.148249 -54.794235

 -32.537724 7.167374 -54.794235

 -40.037167 7.167374 -54.794235

 -47.536606 7.299914 -54.794235

 -55.036045 7.665435 -54.794235

 -62.535480 7.532895 -54.794235

 -70.034912 6.934394 -54.794235

 -77.534348 6.934394 -54.794235

 -85.033798 7.167374 -55.338554

 -91.716751 7.167374 -56.155029

 63.866325 6.934394 -47.294800

 57.455509 7.163647 -47.294800

 49.956081 7.036255 -47.294800

 42.456650 6.643651 -47.294800

 34.957211 6.115536 -47.294800

 27.457775 5.518949 -47.294800

 19.958338 7.917467 -47.294800

 12.458899 5.882556 -47.294800

 4.960410 6.500673 -47.245895

 -2.538080 2.269272 -47.296692

 -10.039412 1.083997 -47.294800

 -17.538849 2.477555 -47.294800

 -25.038288 7.134954 -47.294800

 -32.537724 6.934394 -47.294800

 -39.744720 6.357425 -47.587242

 -47.536606 6.013442 -47.879684

 -55.328487 6.357425 -47.587242

 -62.535480 6.934394 -47.294800

 -70.034912 7.167374 -47.294800

 -76.990036 7.167374 -47.294800

 63.866325 7.167374 -39.795364

 57.455509 7.092343 -39.795364

 49.956081 6.410670 -39.795364

 42.456650 6.585293 -39.795364

 34.957211 4.799246 -39.795364

 27.457775 3.963984 -39.795364

 19.958338 3.963984 -39.795364

 12.458899 4.566266 -39.795364

 4.959464 5.458300 -39.795364

 -2.539973 1.984772 -39.795364

 -10.039412 1.460540 -39.795364

 -17.538849 3.638384 -39.795364

 -25.038288 6.911486 -39.795364

 -32.537724 6.934394 -39.795364

 -39.452278 6.013442 -39.795364

 -55.620930 6.013442 -39.795364

 -62.535480 6.934394 -39.795364

 -70.034912 6.934394 -39.795364

 -76.990036 7.167374 -39.795364

 64.410645 7.166947 -32.295929

 57.455509 6.939984 -32.295929

 49.956081 6.115532 -32.295929

 42.456650 6.964785 -32.295929

 34.957211 3.495091 -32.295914

 27.457775 2.445949 -32.295914

 19.958338 2.678929 -32.295914

 12.458899 3.495091 -32.295914

 4.959464 4.658047 -32.295914

 -2.539973 3.927555 -32.295914

 -10.039412 5.568447 -32.295914

 -17.538849 6.905960 -32.295914

 -25.038288 7.077594 -32.295914

 -32.537724 7.167374 -32.295914

 -39.744720 6.357425 -32.003471

 -47.536606 6.013442 -31.711029

 -55.328487 6.357425 -32.003471

 -62.535480 7.167374 -32.295914

 -70.034912 7.167374 -32.295914

 -77.534348 6.934394 -32.295914

 -84.217316 6.934394 -31.479446

 71.093613 7.167374 -23.980011

 64.954964 7.163218 -24.796478

 57.455509 6.815926 -24.796478

 49.956081 5.518947 -24.796478

 42.456650 4.196961 -24.796478

 34.957211 2.445949 -24.796478

 27.457775 1.716511 -24.796478

 19.958338 1.716511 -24.796478

 12.458899 2.678927 -24.796478

 4.959464 4.099982 -24.796476

 -2.539973 5.560497 -24.796474

 -10.039412 6.671926 -24.796474

 -17.538849 7.163218 -24.796471

 -24.493973 6.934394 -24.796471

 -40.581482 6.934394 -24.796471

 -47.536606 6.934394 -24.796471

 -55.036045 7.167374 -24.796471

 -62.535480 7.167374 -24.796471

 -70.034912 7.167374 -24.796471

 -77.534348 7.167374 -24.796463

 -85.033798 7.167374 -24.796463

 -91.172440 7.167374 -23.979996

 71.365768 7.167374 -17.297043

 64.954964 6.930238 -17.297043

 57.455509 6.582946 -17.297035

 49.956081 5.518947 -17.297035

 42.456650 4.196961 -17.297035

 34.957211 2.678927 -17.297035

 27.457775 1.716511 -17.297035

 19.958338 1.483531 -17.297035

 12.458899 2.445947 -17.297035

 4.959463 4.196961 -17.297035

 -2.539972 5.751927 -17.297035

 -10.039412 6.582946 -17.297035

 -17.538849 7.163218 -17.297035

 -24.493973 7.167374 -17.297035

 -40.581482 6.934394 -17.297028

 -47.536606 6.934394 -17.297028

 -55.036045 6.934394 -17.297028

 -62.535480 7.167374 -17.297028

 -70.034912 7.167374 -17.297028

 -77.534348 7.167374 -17.297028

 -85.033798 6.934394 -17.297028

 -91.988907 7.167374 -17.297028

 71.365768 6.934394 -9.797600

 64.954964 7.166947 -9.797600

 57.455509 6.707004 -9.797600

 49.956081 6.115532 -9.797600

 42.456650 4.799241 -9.797600

 34.957211 3.262109 -9.797600

 27.457775 2.678927 -9.797600

 19.958338 2.678927 -9.797600

 12.458899 3.495087 -9.797600

 4.959463 4.799241 -9.797592

 -2.400530 5.847486 -9.797592

 -10.039412 6.939984 -9.797592

 -17.538849 9.332485 -9.797592

 -25.038288 7.167374 -9.797592

 -32.537724 6.934394 -9.797592

 -40.037167 7.167374 -9.797592

 -47.536606 6.934394 -9.797592

 -55.036045 6.934394 -9.797592

 -62.535480 7.167374 -9.797592

 -70.034912 7.167374 -9.797592

 -77.534348 7.167374 -9.797592

 -85.033798 6.997554 -9.797592

 -92.533234 7.125268 -9.797592

 -99.216202 6.934394 -8.981117

 71.910080 7.167374 -2.298164

 64.954964 7.167374 -2.298164

 57.455509 6.859359 -2.298164

 49.956081 8.576204 -2.298164

 42.456650 5.518424 -2.298164

 34.957211 4.566266 -2.298157

 27.457775 4.196961 -2.298157

 19.958338 4.196961 -2.298157

 12.458899 4.566266 -2.298157

 5.721031 5.848692 -2.298157

 -2.400530 5.848695 -2.298157

 -10.522097 5.848696 -2.298157

 -17.538849 6.928962 -2.298157

 -25.038288 6.924651 -2.298157

 -32.537724 7.161942 -2.298157

 -40.037167 7.166811 -2.298157

 -47.536606 6.934394 -2.298157

 -55.036045 6.934394 -2.298149

 -62.535480 6.934394 -2.298149

 -70.034912 4.544261 -2.298150

 -77.534348 4.471506 -2.298149

 -85.033798 4.492558 -2.298149

 -92.533234 6.882692 -2.298149

 -100.032669 6.934394 -2.298149

 -106.171326 6.934394 -1.481674

 79.137344 6.934394 6.017742

 72.454391 7.167374 5.201271

 64.954964 6.934394 5.201275

 57.455509 7.163647 5.201275

 49.956081 7.036252 5.201275

 42.456650 6.410666 5.201275

 34.957211 5.882552 5.201275

 27.457775 5.518947 5.201279

 19.958338 5.751927 5.201279

 5.721031 5.848694 5.201279

 -2.400530 5.848696 5.201279

 -10.522097 5.848696 5.201279

 -17.538849 6.474872 5.201279

 -25.038288 6.423497 5.201279

 -32.537724 6.707852 5.201279

 -40.037167 6.637088 5.201283

 -47.536606 6.836287 5.201283

 -55.036045 6.929523 5.201283

 -62.535480 9.099932 5.201283

 -70.034912 4.301684 5.201283

 -77.534348 4.059109 5.201283

 -85.033798 4.207877 5.201283

 -92.533234 4.586367 5.201286

 -100.032669 6.934394 5.201286

 -106.443481 6.934394 5.201286

 86.636795 7.167374 13.517178

 79.953827 6.934394 12.700706

 72.454391 7.167374 12.700706

 64.954964 6.934394 12.700706

 57.455509 7.167374 12.700706

 49.956081 6.930667 12.700706

 42.456650 6.859359 12.700706

 34.957211 6.707004 12.700710

 27.457775 6.815926 12.700710

 19.958338 6.582946 12.700710

 12.458899 6.935116 12.700710

 4.959463 6.920903 12.700710

 -2.539972 6.245894 12.700710

 -10.039412 5.792096 12.700710

 -17.538849 5.083694 12.700710

 -25.038288 4.947148 12.700710

 -32.537724 5.083694 12.700710

 -40.037167 5.792092 12.700714

 -55.036045 6.762954 12.700714

 -62.535480 7.162503 12.700714

 -70.034912 4.492558 12.700714

 -77.534348 4.207877 12.700714

 -85.033798 4.165771 12.700714

 -92.533234 4.492558 12.700715

 -100.032669 7.167374 12.700718

 -106.443481 7.167374 12.700718

 146.087982 7.167374 21.560928

 139.949326 7.167374 21.288769

 132.449890 7.167374 21.288769

 125.766922 7.167374 21.560928

 101.635681 7.167374 21.560928

 94.952713 6.934394 20.744457

 87.453278 6.934394 20.200142

 79.953827 7.167374 20.200142

 72.454391 6.934394 20.200142

 64.954964 6.934394 20.200142

 57.455509 6.934394 20.200142

 42.456650 7.159743 20.200142

 34.957211 6.926335 20.200142

 27.457775 7.162432 20.200142

 19.958338 7.163218 20.200142

 12.458899 7.068841 20.200142

 4.959463 6.249621 20.200142

 -2.539972 5.083013 20.200142

 -10.039412 3.838061 20.200142

 -17.538849 3.050580 20.200142

 -25.038288 3.062977 20.200142

 -32.537724 3.050580 20.200142

 -40.037167 4.071042 20.200142

 -47.536606 5.315991 20.200142

 -55.036045 6.249621 20.200142

 -62.535480 6.836287 20.200142

 -70.034912 4.586367 20.200142

 -77.534348 4.080162 20.200142

 -85.033798 4.322738 20.200142

 -92.533234 6.640117 20.200144

 -100.032669 6.934394 20.200150

 -106.987778 7.167374 20.200150

 146.360138 6.934394 27.699581

 139.949326 6.934394 27.699581

 132.449890 7.167374 27.699581

 124.950470 6.934394 27.699581

 117.451019 6.934394 28.243893

 109.951584 6.934394 28.243893

 102.452164 6.934394 27.699581

 94.952713 7.167374 27.699581

 87.453278 6.934394 27.699581

 79.953827 6.934394 27.699581

 72.454391 6.934394 27.699581

 64.954964 6.927547 27.699581

 57.455509 6.796536 27.699581

 49.956081 6.516623 27.699581

 42.456650 6.288684 27.699581

 34.957211 6.521664 27.699581

 27.457775 6.749604 27.699581

 19.958338 7.028958 27.699581

 12.458899 6.863225 27.699581

 4.959463 5.792096 27.699581

 -2.539972 4.071042 27.699581

 -10.039412 2.132880 27.699581

 -17.538849 -0.173904 27.699581

 -25.038288 0.997519 27.699581

 -32.537724 1.065749 27.699581

 -40.037167 0.893227 27.699581

 -47.536606 3.838061 27.699581

 -55.036045 5.792096 27.699581

 -62.535480 6.870068 27.699581

 -70.034912 6.861077 27.699581

 -77.534348 4.080162 27.699581

 -85.033798 6.449243 27.699581

 -92.533234 6.934394 27.699581

 -100.032669 6.934394 27.699585

 -107.532104 6.934394 27.699585

 -113.670761 7.167374 28.516052

 146.087982 6.934394 33.838230

 139.949326 7.167374 34.654705

 132.449890 6.934394 35.199017

 124.950470 7.167374 35.199017

 117.451019 7.167374 35.199017

 109.951584 6.934394 35.199017

 102.452164 7.167374 35.199017

 94.952713 6.934394 35.199017

 87.453278 6.934394 35.199017

 79.953827 6.934394 35.199017

 72.454391 7.160527 35.199017

 64.954964 6.926468 35.199017

 57.455509 5.972159 35.199017

 49.956081 5.234848 35.199017

 42.456650 4.566802 35.199017

 34.957211 4.566802 35.199017

 27.457775 5.001868 35.199017

 19.958338 5.966815 35.199017

 12.458899 6.234057 35.199017

 4.959463 5.309832 35.199017

 -2.539972 3.283560 35.199017

 -10.039412 1.298730 35.199017

 -17.538849 0.040370 35.199017

 -25.038288 -0.323752 35.199017

 -32.537724 -0.192611 35.199017

 -40.037167 1.065749 35.199017

 -47.536606 3.283560 35.199017

 -55.036045 5.316678 35.199017

 -62.535480 6.707852 35.199017

 -70.034912 6.880101 35.199020

 -77.534348 6.712872 35.199020

 -85.033798 6.712872 35.199020

 -92.533234 7.167374 35.199017

 -100.032669 6.934394 35.199017

 -107.532104 7.167374 35.199017

 -113.942902 7.167374 35.199017

 131.633423 7.167374 41.337669

 124.950470 6.934394 42.154148

 117.451019 7.167374 42.698460

 109.931046 7.077321 42.737225

 102.421890 6.964755 42.543518

 94.949219 6.942240 42.311047

 87.481689 6.942240 42.311047

 80.006516 6.718154 42.543518

 72.484894 6.692866 42.737225

 64.954964 6.205140 42.698460

 57.455509 4.332858 42.698460

 49.956081 2.583474 42.698460

 42.456650 1.476918 42.698460

 34.957211 1.709899 42.698460

 27.457775 1.343825 42.698460

 19.958338 4.323768 42.698460

 12.458899 5.695115 42.698460

 4.959463 5.042489 42.698460

 -2.539972 2.829997 42.698460

 -10.039412 0.764539 42.698460

 -17.538849 -0.556732 42.698460

 -25.038288 -0.711777 42.698460

 -32.537724 -0.323752 42.698460

 -40.037167 0.997519 42.698460

 -47.536606 2.829997 42.698460

 -55.036045 4.947150 42.698460

 -62.535480 6.656477 42.698460

 -70.034912 6.924651 42.698460

 -77.534348 6.934394 42.698460

 -85.033798 7.167374 42.698460

 -92.533234 6.934394 42.698460

 -100.032669 7.167374 42.698460

 -107.532104 6.934394 42.698460

 -113.670761 6.934394 41.881985

 116.906708 6.934394 50.197895

 110.147537 6.964755 50.269176

 87.963028 4.295077 90.452812

 77.059875 4.919677 51.100567

 76.762634 4.819404 58.077244

 94.925690 5.145947 47.166660

 72.280869 6.495852 50.269176

 64.954964 5.001868 50.197895

 57.455509 2.583474 50.197895

 49.956081 0.187380 50.197895

 42.456650 -1.079152 50.197895

 34.957211 -1.079152 50.197895

 27.457775 0.187382 50.197895

 19.958338 4.744518 50.197895

 12.458899 4.544421 50.197895

 4.959463 4.900042 50.197895

 -2.539972 3.049792 50.197895

 -10.039412 1.065749 50.197895

 -17.538849 -0.192611 50.197895

 -25.038288 -0.556732 50.197895

 -32.537724 -0.192611 50.197895

 -40.037167 0.059076 50.197895

 -47.536606 3.283560 50.197895

 -55.036045 5.316678 50.197895

 -62.535480 6.474872 50.197895

 -70.034912 6.928962 50.197895

 -77.534348 7.167374 50.197895

 -85.033798 7.167374 50.197895

 -92.533234 7.167374 50.197895

 -100.032669 7.167374 50.197895

 -106.715622 7.167374 49.381428

 116.362381 6.934394 57.697330

 110.384583 6.709260 57.746399

 76.762634 4.819404 65.329689

 87.673233 4.912967 47.166660

 84.025726 4.487229 87.116837

 77.059875 4.903119 79.549660

 72.046318 6.216046 57.746399

 64.954964 4.566800 57.697330

 57.455509 3.875437 57.697330

 49.956081 -1.312137 57.697330

 42.456650 -4.320013 57.697330

 34.957211 -2.847379 57.697330

 27.457775 -1.312133 57.697330

 19.958338 1.476729 57.697330

 12.458899 4.038722 57.697330

 4.959463 5.148224 57.697330

 -10.039412 2.365860 57.697330

 -17.538849 1.065749 57.697330

 -25.038288 0.997519 57.697330

 -32.537724 1.065749 57.697330

 -40.037167 2.365860 57.697330

 -47.536606 4.071042 57.697330

 -55.036045 5.792096 57.697330

 -62.535480 6.870068 57.697330

 -70.034912 7.166811 57.697330

 -77.534348 7.167374 57.697330

 -85.033798 7.167374 57.697330

 -92.533234 6.934394 57.153015

 -99.216202 7.167374 56.336544

 116.305588 7.079700 65.178154

 110.367203 6.581683 64.891739

 80.390991 4.773189 83.482101

 80.702057 5.192238 47.458389

 109.404099 5.145947 68.934654

 105.532379 4.973001 51.100567

 72.046318 6.216046 65.213936

 64.954964 4.333819 65.196770

 57.455509 1.476918 65.196770

 49.956081 -1.079156 65.196770

 42.456650 -2.847379 65.196770

 34.957211 -2.847379 65.196770

 27.457775 -1.079152 65.196770

 19.958338 1.476918 65.196770

 12.458899 4.469746 65.196770

 4.959463 5.604962 65.196770

 -2.539972 5.308360 65.196770

 -10.039412 3.838061 65.196770

 -17.538849 3.283560 65.196770

 -25.038288 2.829997 65.196770

 -32.537724 3.050580 65.196770

 -40.037167 3.838061 65.196770

 -47.536606 5.315991 65.196770

 -55.036045 6.482600 65.196770

 -62.535480 7.069268 65.196770

 -70.034912 6.934394 65.196770

 -77.534348 7.167374 64.652443

 -84.217316 6.934394 63.835979

 168.586288 7.167374 74.056992

 162.447647 6.934394 73.784828

 154.948212 7.167374 73.784828

 148.265244 6.934394 74.056992

 117.050430 6.967134 72.662254

 105.836258 4.912967 58.077244

 112.737091 4.973001 72.883438

 109.151154 5.203089 90.452812

 106.129517 4.852931 65.007133

 102.178131 4.831698 90.745193

 72.046318 6.468947 72.681473

 64.954964 5.234848 72.696198

 57.455509 2.583474 72.696198

 49.956081 0.187377 72.696198

 42.456650 -1.079154 72.696198

 34.957211 -1.079154 72.696198

 27.457775 0.187380 72.696198

 19.958338 2.583163 72.696198

 12.458899 5.225829 72.696198

 4.959463 6.340888 72.696198

 -2.539972 6.248374 72.696198

 -10.039412 5.792092 72.696198

 -17.538849 5.083694 72.696198

 -25.038288 4.947148 72.696198

 -32.537724 5.083694 72.696198

 -40.037167 5.792092 72.696198

 -47.536606 6.457127 72.151886

 -55.036045 6.970463 71.607574

 -62.535480 7.162503 71.607574

 -69.218445 6.934394 71.335419

 168.858444 7.167374 80.195641

 162.447647 6.934394 80.195641

 154.948212 7.167374 80.195641

 147.448776 6.934394 80.195641

 139.949326 7.167374 80.739952

 132.449890 6.934394 81.284271

 124.950470 6.934394 80.739952

 117.852112 6.942240 80.149002

 112.793335 4.973001 86.810623

 94.925690 4.493485 90.745193

 76.762634 4.854362 72.582146

 113.088699 5.145947 79.834595

 101.890198 5.205981 47.458389

 72.280869 6.529078 80.155266

 64.954964 6.204262 80.195641

 57.455509 4.332856 80.195641

 49.956081 2.583474 80.195641

 42.456650 1.709899 80.195641

 34.957211 1.473975 80.195641

 27.457775 2.506238 80.195641

 19.958338 4.324830 80.195641

 12.458899 5.596005 80.195641

 4.959463 6.414887 80.195641

 -2.539972 6.825480 80.195641

 -10.039412 6.556643 80.195641

 -17.538849 6.470880 80.195641

 -25.038288 6.423497 80.195641

 -32.537724 6.707852 80.195641

 -39.492851 6.870068 80.195641

 168.586288 7.167374 86.334290

 162.447647 6.934394 87.150764

 154.948212 7.167374 87.695084

 147.448776 7.167374 87.695084

 139.949326 6.934394 87.695084

 132.449890 6.934394 87.695084

 124.950470 6.934394 87.695084

 117.618271 6.964755 87.625992

 79.708755 5.761254 87.913429

 72.484894 6.078191 87.670052

 64.954964 6.227006 87.695084

 57.455509 6.051255 87.695084

 49.956081 5.227253 87.695084

 42.456650 4.562973 87.695084

 34.957211 4.195127 87.695084

 27.457775 4.677458 87.695084

 19.958338 5.080300 87.695084

 12.458899 5.176414 87.695084

 4.959463 5.409999 87.695084

 -2.539972 6.039658 87.695084

 -10.039412 6.605309 87.695084

 -17.538849 7.021365 87.695084

 -25.038288 7.153636 87.695084

 -32.537724 6.928962 87.695084

 -38.676380 6.933831 86.878609

 154.131729 7.167374 93.833740

 147.448776 7.167374 94.650208

 139.949326 7.167374 95.194527

 132.449890 6.934394 95.194527

 124.950470 6.934394 95.194527

 117.417725 7.077321 95.156723

 109.892609 6.955136 95.351654

 102.416748 6.389653 95.584373

 94.949219 5.515765 95.584373

 87.477249 4.708828 95.351654

 79.971573 3.912898 95.156723

 72.454391 4.030593 95.194527

 64.954964 5.002671 95.194527

 57.455509 5.955132 95.194527

 49.956081 6.247674 95.194527

 42.456650 6.433741 95.194527

 34.957211 5.728011 95.194527

 27.457775 4.999415 95.194527

 19.958338 4.490796 95.194527

 12.458899 3.742862 95.194527

 4.959463 3.982687 95.194527

 -2.539972 4.628415 95.194527

 -17.538849 6.372886 95.194527

 -25.038288 6.853950 95.194527

 -31.993412 7.167374 95.194527

 139.132843 7.167374 101.877480

 132.449890 7.167374 102.693954

 124.950470 7.167374 102.693954

 117.451019 6.934394 102.693954

 109.951584 7.013447 102.693954

 102.452164 5.859965 102.693954

 94.952713 4.029521 102.693954

 87.453278 2.309140 102.693954

 79.953827 0.840579 102.693954

 72.454391 0.840577 102.693954

 64.954964 2.309140 102.693954

 57.455509 4.262501 102.693954

 49.956081 5.858729 102.693954

 42.456650 6.762032 102.693954

 34.957211 6.032025 102.693954

 27.457775 4.627629 102.693954

 19.958338 3.230183 102.693954

 12.458899 2.355149 102.693954

 4.959463 2.355149 102.693954

 -2.539972 3.230183 102.693954

 -10.039412 4.395438 102.693954

 -17.538849 6.039658 102.693954

 -25.038288 6.690608 102.693954

 -31.176945 7.166916 101.877480

 131.633423 7.167374 109.376923

 124.950470 7.167374 110.193382

 117.451019 7.166495 110.193382

 109.951584 6.467914 110.193382

 102.452164 4.776542 110.193382

 94.952713 2.076163 110.193382

 87.453278 -0.599320 110.193382

 79.953827 -2.040699 110.193382

 72.454391 -2.273679 110.193382

 64.954964 -0.599320 110.193382

 57.455509 2.076159 110.193382

 49.956081 4.772229 110.193382

 42.456650 6.324234 110.193382

 34.957211 5.648945 110.193382

 27.457775 3.982689 110.193382

 19.958338 2.355149 110.193382

 12.458899 1.090329 110.193382

 4.959463 1.323310 110.193382

 -2.539972 2.122169 110.193382

 -10.039412 3.982689 110.193382

 -17.538849 5.416841 110.193382

 -24.493973 6.761260 110.193382

 124.950470 6.934394 117.692833

 117.451019 6.925872 117.692833

 109.951584 6.213393 117.692833

 102.452164 4.030595 117.692833

 94.952713 1.073559 117.692833

 87.453278 -2.040699 117.692833

 79.953827 -4.015101 117.692833

 72.454391 -4.248081 117.692833

 64.954964 -2.273681 117.692833

 57.455509 0.840577 117.692833

 42.456650 6.069775 117.692833

 34.957211 5.408320 117.692833

 27.457775 3.749709 117.692833

 19.958338 2.355149 117.692833

 12.458899 1.323310 117.692833

 4.959463 1.323310 117.692833

 -10.039412 3.749709 117.692833

 -17.538849 5.649821 117.692833

 -24.493973 6.761260 117.692833

 139.132858 6.934394 126.553062

 132.449890 7.167374 125.736588

 124.950470 6.934394 125.192276

 117.451019 7.158852 125.192276

 109.951584 6.446373 125.192276

 102.452164 4.030597 125.192276

 94.952713 0.840581 125.192276

 87.453278 -2.273679 125.192276

 79.953827 -4.015099 125.192276

 72.454391 -4.015101 125.192276

 64.954964 -2.040699 125.192276

 57.455509 0.840579 125.192276

 49.956081 4.263182 125.192276

 42.456650 5.969674 125.192276

 34.957211 6.031140 125.192276

 27.457775 4.395438 125.192276

 19.958338 2.997207 125.192276

 12.458899 2.122169 125.192276

 4.959463 2.122169 125.192276

 -2.539972 3.230187 125.192276

 -10.039412 4.628418 125.192276

 -17.538849 5.806678 125.192276

 -25.038288 6.923588 125.192276

 -31.721256 6.933936 126.008736

 146.087982 7.167374 133.508194

 139.949326 6.934394 132.691711

 132.449890 6.934394 132.691711

 124.950470 6.934394 132.691711

 117.451019 6.933515 132.691711

 109.951584 6.467914 132.691711

 102.452164 4.776542 132.691711

 94.952713 2.309145 132.691711

 87.453278 -0.366336 132.691711

 79.953827 -2.273678 132.691711

 72.454391 -2.040699 132.691711

 64.954964 -0.366340 132.691711

 57.455509 2.309140 132.691711

 49.956081 5.009518 132.691711

 42.456650 6.387467 132.691711

 34.957211 6.604992 132.691711

 27.457775 5.649262 132.691711

 19.958338 4.628418 132.691711

 12.458899 3.749709 132.691711

 4.959463 3.749709 132.691711

 -2.539972 4.395438 132.691711

 -10.039412 5.649262 132.691711

 -17.538849 6.372890 132.691711

 -25.038288 6.853950 132.691711

 -32.537724 7.167374 132.691711

 -40.037167 6.934394 133.236023

 -46.720131 7.167374 134.052505

 146.360138 7.167374 140.191147

 139.949326 7.167374 140.191147

 132.449890 6.934394 140.191147

 124.950470 6.934394 140.191147

 117.451019 7.167374 140.191147

 109.951584 6.780467 140.191147

 102.452164 5.859965 140.191147

 94.952713 4.262501 140.191147

 87.453278 2.076159 140.191147

 79.953827 1.073559 140.191147

 72.454391 0.840577 140.191147

 64.954964 2.309140 140.191147

 57.455509 4.029521 140.191147

 49.956081 5.859963 140.191147

 34.957211 6.793815 140.191147

 27.457775 6.605866 140.191147

 19.958338 5.806678 140.191147

 12.458899 5.416842 140.191147

 4.959463 5.649823 140.191147

 -2.539972 5.806678 140.191147

 -10.039412 6.605870 140.191147

 -17.538849 7.026795 140.191147

 -25.038288 6.930398 140.191147

 -32.537724 6.934394 140.191147

 -40.037167 7.167374 140.191147

 -47.536606 6.934394 140.191147

 -54.219570 6.934394 141.007614

 146.360138 6.934394 147.690582

 139.949326 7.167374 147.690582

 132.449890 7.167374 147.690582

 124.950470 7.167374 147.690582

 117.451019 6.934394 147.690582

 109.951584 7.159733 147.690582

 102.452164 6.898383 147.690582

 94.952713 5.859965 147.690582

 87.453278 4.776538 147.690582

 79.953827 4.030593 147.690582

 72.454391 4.263573 147.690582

 64.954964 5.009518 147.690582

 57.455509 6.092944 147.690582

 49.956081 6.665402 147.690582

 42.456650 7.159729 147.690582

 34.957211 7.163378 147.690582

 27.457775 7.086930 147.690582

 19.958338 6.923588 147.690582

 12.458899 6.790574 147.690582

 4.959463 6.557593 147.690582

 -2.539972 6.923588 147.690582

 -10.039412 7.086930 147.690582

 -17.538849 7.163378 147.690582

 -25.038288 7.167374 147.690582

 -32.537724 6.934394 147.690582

 -40.037167 6.934394 147.690582

 -47.536606 6.934394 147.690582

 -55.036045 6.934394 147.690582

 -62.535480 6.934394 148.234894

 -70.034912 6.934394 148.779221

 -77.534348 6.934394 148.779221

 -85.033798 6.934394 148.779221

 -91.716751 6.934394 149.051376

 146.087982 7.167374 153.829239

 139.949326 7.167374 154.645706

 132.449890 6.934394 155.190033

 124.950470 6.934394 155.190033

 117.451019 6.934394 155.190033

 109.951584 6.934394 155.190033

 102.452164 7.159729 155.190033

 94.952713 7.013443 155.190033

 87.453278 6.467910 155.190033

 79.953827 6.213393 155.190033

 72.454391 6.213393 155.190033

 64.954964 6.700890 155.190033

 49.956081 7.159729 155.190033

 42.456650 6.934394 155.190033

 34.957211 6.934394 155.190033

 27.457775 6.934394 155.190033

 19.958338 7.166916 155.190033

 12.458899 6.929940 155.190033

 4.959463 6.929940 155.190033

 -2.539972 7.166916 155.190033

 -10.039412 7.167374 155.190033

 -17.538849 6.934394 155.190033

 -25.038288 6.934394 155.190033

 -32.537724 7.167374 155.190033

 -40.037167 7.167374 155.190033

 -47.536606 6.934394 155.190033

 -55.036045 7.167374 155.190033

 -62.535480 7.167374 155.190033

 -70.034912 7.167374 155.190033

 -77.534348 6.934394 155.190033

 -85.033798 6.934394 155.190033

 -92.533234 6.934394 155.190033

 -100.032669 6.934394 155.734360

 -107.532104 6.934394 156.278671

 -115.031540 7.167374 156.278671

 -121.714508 6.934394 156.550812

 131.633423 7.167374 161.873001

 124.950470 6.934394 162.689468

 117.451019 6.934394 162.689468

 109.951584 6.934394 162.689468

 102.452164 6.934394 162.689468

 94.952713 7.167374 162.689468

 87.453278 7.166495 162.689468

 79.953827 7.158852 162.689468

 72.454391 6.925872 162.689468

 64.954964 7.166495 162.689468

 57.455509 7.167374 162.689468

 49.956081 6.934394 162.689468

 42.456650 7.167374 162.689468

 34.957211 6.934394 162.689468

 27.457775 6.934394 162.689468

 19.958338 6.934394 162.689468

 12.458899 6.934394 162.689468

 4.959463 6.934394 162.689468

 -2.539972 6.934394 162.689468

 -10.039412 7.167374 162.689468

 -17.538849 7.167374 162.689468

 -25.038288 6.934394 162.689468

 -32.537724 6.934394 162.689468

 -40.037167 6.934394 162.689468

 -47.536606 7.167374 162.689468

 -55.036045 7.167374 162.689468

 -62.535480 7.167374 162.689468

 -70.034912 6.934394 162.689468

 -77.534348 7.167374 162.689468

 -85.033798 7.167374 162.689468

 -92.533234 6.934394 162.689468

 -100.032669 7.167374 162.689468

 -107.532104 6.934394 162.689468

 -115.031540 6.934394 162.689468

 -122.530975 7.167374 162.689468

 -130.030411 7.167374 163.233780

 -136.169083 7.167374 164.050247

 124.406143 7.167374 170.188889

 117.451019 6.934394 170.188889

 102.452164 6.934394 170.188889

 94.952713 6.934394 170.188889

 87.453278 7.167374 170.188889

 79.953827 6.934394 170.188889

 72.454391 7.167374 170.188889

 64.954964 7.167374 170.188889

 57.455509 7.167374 170.188889

 49.956081 6.934394 170.188889

 42.456650 6.934394 170.188889

 34.957211 6.934394 170.188889

 27.457775 7.167374 170.188889

 19.958338 7.167374 170.188889

 12.458899 7.167374 170.188889

 4.959463 6.934394 170.188889

 -2.539972 7.167374 170.188889

 -10.039412 7.167374 170.188889

 -17.538849 6.934394 170.188889

 -25.038288 6.934394 170.188889

 -32.537724 6.934394 170.188889

 -40.037167 7.167374 170.188889

 -47.536606 6.934394 170.188889

 -55.036045 7.167374 170.188889

 -62.535480 7.167374 170.188889

 -70.034912 6.934394 170.188889

 -77.534348 7.167374 170.188889

 -85.033798 6.934394 170.188889

 -92.533234 6.934394 170.188889

 -100.032669 6.934394 169.644577

 -107.532104 7.167374 169.100266

 -115.031540 7.167374 169.644577

 -122.530975 6.934394 170.188889

 -130.030411 7.167374 170.188889

 -136.441238 7.167374 170.188889

 124.406143 6.934394 177.688324

 117.451019 7.167374 177.688324

 109.951584 6.934394 177.688324

 102.452164 7.167374 177.688324

 94.952713 7.167374 177.688324

 87.453278 6.934394 177.688324

 79.953827 7.167374 177.688324

 72.454391 7.167374 177.688324

 64.954964 7.167374 177.688324

 57.455509 7.167374 177.688324

 49.956081 7.167374 177.688324

 42.456650 7.167374 177.688324

 34.957211 6.934394 177.688324

 27.457775 7.167374 177.688324

 19.958338 7.167374 177.688324

 12.458899 7.167374 177.688324

 4.959463 7.167374 177.688324

 -2.539972 7.167374 177.688324

 -10.039412 6.934394 177.688324

 -17.538849 7.167374 177.688324

 -25.038288 6.934394 177.688324

 -32.537724 6.934394 177.688324

 -40.037167 6.934394 177.688324

 -47.536606 7.167374 177.688324

 -55.036045 6.934394 177.688324

 -62.535480 6.934394 177.688324

 -70.034912 6.934394 177.688324

 -77.534348 6.934394 177.688324

 -85.033798 7.167374 177.144012

 -91.716751 6.934394 176.327545

 -123.347458 6.934394 176.327545

 -130.030411 7.167374 176.599701

 -136.169083 6.934394 176.327545

 131.633423 6.934394 186.004242

 124.950470 7.167374 185.187775

 117.451019 6.934394 185.187775

 109.951584 7.167374 185.187775

 102.452164 7.167374 185.187775

 94.952713 7.167374 185.187775

 87.453278 7.167374 185.187775

 79.953827 6.934394 184.643478

 72.454391 6.934394 184.099152

 64.954964 7.167374 184.099152

 57.455509 6.934394 184.099152

 49.956081 7.167374 184.099152

 42.456650 6.934394 184.099152

 34.957211 7.167374 184.099152

 27.457777 6.934394 184.643478

 19.958338 6.934394 185.187775

 12.458899 7.167374 185.187775

 4.959463 7.167374 185.187775

 -2.539972 7.167374 185.187775

 -10.039412 6.934394 185.187775

 -17.538849 7.167374 185.187775

 -25.038288 6.934394 185.187775

 -32.537724 6.934394 185.187775

 -40.037167 6.934394 185.187775

 -47.536606 7.167374 185.187775

 -55.036045 7.167374 185.187775

 -62.535480 7.167374 184.643478

 -70.034912 6.934394 184.099152

 -76.717880 6.934394 183.826996

 138.588547 7.167374 193.503677

 132.449890 7.167374 192.687210

 124.950470 6.934394 192.687210

 117.451019 6.934394 192.687210

 109.951584 7.167374 192.687210

 102.452164 6.934394 192.687210

 94.952713 6.934394 192.687210

 88.269745 7.167374 191.870728

 19.414026 6.934394 192.687210

 12.458899 6.934394 192.687210

 4.959463 7.167374 192.687210

 -2.539972 7.167374 192.687210

 -10.039412 6.934394 192.687210

 -17.538849 7.167374 192.687210

 -25.038288 6.934394 192.687210

 -32.537724 6.934394 192.687210

 -40.037167 6.934394 192.142883

 -47.536606 6.934394 191.598587

 -54.219570 7.167374 191.326416

 138.860703 7.167374 200.186630

 132.449890 6.934394 200.186630

 124.950470 7.167374 200.186630

 117.451019 7.167374 200.186630

 109.951584 7.167374 200.186630

 102.452164 7.167374 199.642334

 95.769180 7.167374 198.825851

 18.597555 7.167374 199.370163

 12.458899 6.934394 200.186630

 4.959463 6.934394 200.186630

 -2.539972 6.934394 200.186630

 -10.039412 7.167374 200.186630

 -17.538849 6.934394 200.186630

 -25.038288 6.934394 200.186630

 -31.721256 6.934394 199.370163

 138.860703 6.934394 207.686081

 132.449890 7.167374 207.686081

 124.950470 7.167374 207.686081

 117.451019 6.934394 207.141754

 110.768066 6.934394 206.325287

 11.642427 6.934394 206.325287

 4.959463 7.167374 206.597443

 -2.539972 6.934394 206.597443

 -10.039412 6.934394 206.597443

 -17.538849 6.934394 206.597443

 -24.221817 6.934394 206.325287

 138.588547 7.167374 213.824738

 132.449890 6.934394 214.096893

 125.766922 6.934394 213.824738

 -137.046036 8.760960 -227.765137

 -141.279587 8.760960 -228.853745

 -148.779037 8.760960 -228.853745

 -153.012589 8.760960 -227.765137

 -135.957382 8.760960 -223.531570

 -141.279587 8.760960 -223.531570

 -148.779037 8.760960 -223.531570

 -156.278473 8.760960 -223.531570

 -160.512024 8.760960 -220.265686

 -129.546570 8.760960 -212.766251

 -133.780136 8.760960 -216.032150

 -141.279587 8.760960 -216.032150

 -148.779037 8.760960 -216.032150

 -156.278473 8.760960 -216.032150

 -161.600647 8.760960 -216.032150

 -197.041519 8.760960 -212.766251

 -201.275085 8.760960 -213.854889

 -208.774506 8.760960 -213.854889

 -216.273941 8.760960 -213.854889

 -220.507477 8.760960 -212.766251

 42.940479 8.760960 -205.266800

 38.706928 8.760960 -206.355423

 31.207499 8.760960 -206.355423

 23.708054 8.760960 -206.355423

 16.208620 8.760960 -206.355423

 8.709183 8.760960 -206.355423

 1.209748 8.760960 -206.355423

 -6.289691 8.760960 -206.355423

 -13.789128 8.760960 -206.355423

 -21.288568 8.760960 -206.355423

 -25.522123 8.760960 -205.266800

 -122.047150 8.760960 -205.266800

 -126.280701 8.760960 -208.532684

 -133.780136 8.760960 -208.532684

 -141.279587 8.760960 -208.532684

 -148.779037 8.760960 -208.532684

 -156.278473 8.760960 -208.532684

 -161.600647 8.760960 -208.532684

 -195.952896 8.760960 -208.532684

 -201.275085 8.760960 -208.532684

 -208.774506 8.760960 -208.532684

 -216.273941 8.760960 -208.532684

 -221.596130 8.760960 -208.532684

 50.439911 8.760960 -197.767365

 46.206367 8.760960 -201.033249

 38.706928 8.760960 -201.033249

 31.207495 8.760960 -201.033249

 23.708054 8.760960 -201.033249

 16.208620 8.760960 -201.033249

 8.709183 8.760960 -201.033249

 1.209746 8.760960 -201.033249

 -6.289691 8.760960 -201.033249

 -13.789130 8.760960 -201.033249

 -21.288568 8.760960 -201.033249

 -28.788008 8.760960 -201.033249

 -36.287445 8.760960 -198.856003

 -43.786884 8.760960 -198.856003

 -48.020435 8.760960 -197.767365

 -120.958519 8.760960 -201.033249

 -126.280701 8.760960 -201.033249

 -133.780136 8.760960 -201.033249

 -141.279587 8.760960 -201.033249

 -148.779037 8.760960 -201.033249

 -156.278473 8.760960 -201.033249

 -161.600647 8.760960 -201.033249

 -189.542099 8.760960 -197.767365

 -193.775650 8.760960 -201.033249

 -201.275085 8.760960 -201.033249

 -208.774506 8.760960 -201.033249

 -216.273941 8.760960 -201.033249

 -221.596130 8.760960 -201.033249

 57.939339 8.760960 -190.267929

 53.705795 8.760960 -193.533813

 46.206367 8.760960 -193.533813

 38.706928 8.760960 -193.533813

 31.207495 8.760960 -193.533813

 23.708054 8.760960 -193.533813

 16.208620 8.760960 -193.533813

 8.709183 8.760960 -193.533813

 1.209746 8.760960 -193.533813

 -6.289691 8.760960 -193.533813

 -13.789130 8.760960 -193.533813

 -21.288568 8.760960 -193.533813

 -28.788008 8.760960 -193.533813

 -36.287445 8.760960 -193.533813

 -43.786884 8.760960 -193.533813

 -51.286320 8.760960 -193.533813

 -55.519878 8.760960 -190.267929

 -120.958519 8.760960 -193.533829

 -126.280701 8.760960 -193.533813

 -133.780136 8.760960 -193.533813

 -141.279587 8.760960 -193.533813

 -148.779037 8.760960 -193.533813

 -156.278473 8.760960 -193.533813

 -163.777908 8.760960 -193.533813

 -168.011459 8.760960 -190.267929

 -182.042648 8.760960 -190.267929

 -186.276199 8.760960 -193.533813

 -193.775650 8.760960 -193.533813

 -201.275085 8.760960 -193.533813

 -208.774506 8.760960 -193.533813

 -216.273941 8.760960 -193.533813

 -221.596130 8.760960 -193.533829

 59.027977 8.760960 -186.034393

 53.705795 8.760960 -186.034363

 46.206367 8.760960 -186.034363

 38.706928 8.760960 -186.034363

 31.207495 8.760960 -186.034363

 23.708054 8.760960 -188.211624

 16.208620 8.760960 -188.211624

 8.709183 8.760960 -188.211624

 1.209748 8.760960 -188.211624

 -6.289691 8.760960 -188.211624

 -13.789128 8.760960 -188.211624

 -21.288568 8.760960 -186.034363

 -28.788008 8.760960 -186.034363

 -36.287445 8.760960 -186.034363

 -43.786884 8.760960 -186.034363

 -51.286320 8.760960 -186.034363

 -56.608501 8.760960 -186.034393

 -120.958519 8.760960 -186.034393

 -126.280701 8.760960 -186.034363

 -133.780136 8.760960 -186.034363

 -141.279587 8.760960 -186.034363

 -148.779037 8.760960 -186.034363

 -156.278473 8.760960 -186.034363

 -163.777908 8.760960 -186.034363

 -171.277313 8.760960 -186.034363

 -178.776779 8.760960 -186.034363

 -186.276199 8.760960 -186.034363

 -193.775650 8.760960 -186.034363

 -201.275085 8.760960 -186.034363

 -208.774506 8.760960 -186.034363

 -216.273941 8.760960 -188.211624

 -220.507477 8.760960 -189.300262

 110.435417 8.760960 -175.269058

 106.201866 8.760960 -176.357697

 98.702431 8.760960 -176.357697

 91.202988 8.760960 -176.357697

 83.703552 8.760960 -176.357697

 79.469986 8.760960 -175.269058

 59.027977 8.760960 -178.534943

 53.705795 8.760960 -178.534943

 46.206367 8.760960 -178.534943

 38.706928 8.760960 -178.534943

 34.473373 8.760960 -181.800827

 -24.554455 8.760960 -181.800827

 -28.788008 8.760960 -180.712219

 -36.287445 8.760960 -180.712219

 -43.786884 8.760960 -180.712219

 -51.286320 8.760960 -180.712219

 -55.519878 8.760960 -181.800827

 -120.958519 8.760960 -178.534943

 -126.280701 8.760960 -178.534943

 -133.780136 8.760960 -178.534943

 -141.279587 8.760960 -178.534943

 -148.779037 8.760960 -178.534943

 -156.278473 8.760960 -178.534943

 -163.777908 8.760960 -178.534943

 -171.277313 8.760960 -178.534943

 -178.776779 8.760960 -178.534943

 -186.276199 8.760960 -178.534943

 -193.775650 8.760960 -178.534943

 -201.275085 8.760960 -178.534943

 -205.508621 8.760960 -181.800827

 207.928116 8.760960 -167.769608

 203.694550 8.760960 -168.858261

 196.195114 8.760960 -168.858261

 188.695694 8.760960 -168.858261

 181.196243 8.760960 -168.858261

 173.696808 8.760960 -168.858261

 166.197372 8.760960 -168.858261

 161.963821 8.760960 -167.769608

 125.434288 8.760960 -167.769608

 121.200729 8.760960 -168.858261

 113.701302 8.760960 -171.035507

 106.201866 8.760960 -171.035507

 98.702431 8.760960 -171.035507

 91.202988 8.760960 -171.035507

 83.703545 8.760960 -171.035507

 78.381363 8.760960 -171.035507

 59.027977 8.760960 -171.035507

 53.705795 8.760960 -171.035507

 46.206367 8.760960 -171.035507

 40.884186 8.760960 -171.035507

 -114.547707 8.760960 -167.769608

 -118.781258 8.760960 -171.035507

 -126.280701 8.760960 -171.035507

 -133.780136 8.760960 -171.035507

 -141.279587 8.760960 -171.035507

 -148.779037 8.760960 -171.035507

 -156.278473 8.760960 -171.035507

 -163.777908 8.760960 -171.035507

 -171.277313 8.760960 -171.035507

 -178.776779 8.760960 -171.035507

 -186.276199 8.760960 -171.035507

 -193.775650 8.760960 -171.035507

 -201.275085 8.760960 -171.035507

 -208.774506 8.760960 -168.858261

 -216.273941 8.760960 -168.858261

 -220.507477 8.760960 -167.769608

 209.016739 8.760960 -163.536087

 203.694550 8.760960 -163.536087

 196.195114 8.760960 -163.536087

 188.695679 8.760960 -163.536087

 181.196243 8.760960 -163.536087

 173.696808 8.760960 -163.536087

 166.197372 8.760960 -163.536087

 158.697922 8.760960 -163.536087

 151.198486 8.760960 -161.358810

 146.964935 8.760960 -160.270172

 132.933716 8.760960 -160.270172

 128.700180 8.760960 -163.536087

 121.200729 8.760960 -163.536087

 113.701302 8.760960 -163.536087

 106.201866 8.760960 -163.536087

 98.702431 8.760960 -163.536087

 91.202988 8.760960 -163.536087

 83.703545 8.760960 -163.536087

 78.381363 8.760960 -163.536087

 59.027977 8.760960 -163.536087

 53.705795 8.760960 -163.536087

 46.206367 8.760960 -163.536087

 40.884186 8.760960 -163.536087

 -113.459076 8.760960 -163.536087

 -118.781258 8.760960 -163.536087

 -126.280701 8.760960 -163.536087

 -133.780136 8.760960 -163.536087

 -141.279587 8.760960 -163.536087

 -148.779037 8.760960 -163.536087

 -156.278473 8.760960 -163.536087

 -163.777908 8.760960 -163.536087

 -171.277313 8.760960 -163.536087

 -178.776779 8.760960 -163.536087

 -186.276199 8.760960 -163.536087

 -193.775650 8.760960 -163.536087

 -201.275085 8.760960 -163.536087

 -208.774506 8.760960 -163.536087

 -216.273941 8.760960 -163.536087

 -223.773361 8.760960 -163.536087

 -228.006927 8.760960 -160.270172

 209.016739 8.760960 -156.036652

 203.694550 8.760960 -156.036621

 196.195114 8.760960 -156.036621

 188.695679 8.760960 -156.036621

 181.196243 8.760960 -156.036621

 173.696808 8.760960 -156.036621

 166.197372 8.760960 -156.036621

 158.697922 8.760960 -156.036621

 151.198486 8.760960 -156.036621

 145.876312 8.760960 -156.036652

 134.022354 8.760960 -156.036652

 128.700180 8.760960 -156.036621

 121.200729 8.760960 -156.036621

 113.701302 8.760960 -156.036621

 106.201866 8.760960 -156.036621

 98.702431 8.760960 -156.036621

 91.202988 8.760960 -156.036621

 83.703545 8.760960 -156.036621

 76.204109 8.760960 -156.036621

 71.970558 8.760960 -152.770752

 59.027977 8.760960 -156.036652

 53.705795 8.760960 -156.036621

 46.206367 8.760960 -156.036621

 40.884186 8.760960 -156.036652

 -114.547707 8.760960 -159.302521

 -118.781258 8.760960 -156.036621

 -126.280701 8.760960 -156.036621

 -133.780136 8.760960 -156.036621

 -141.279587 8.760960 -156.036621

 -148.779037 8.760960 -156.036621

 -156.278473 8.760960 -156.036621

 -163.777908 8.760960 -156.036621

 -171.277313 8.760960 -156.036621

 -178.776779 8.760960 -156.036621

 -186.276199 8.760960 -156.036621

 -193.775650 8.760960 -156.036621

 -201.275085 8.760960 -156.036621

 -208.774506 8.760960 -156.036621

 -216.273941 8.760960 -156.036621

 -223.773361 8.760960 -156.036621

 -229.095566 8.760960 -156.036652

 209.016739 8.760960 -148.537201

 203.694550 8.760960 -148.537201

 196.195114 8.760960 -148.537201

 188.695679 8.760960 -148.537201

 181.196243 8.760960 -148.537201

 173.696808 8.760960 -148.537201

 166.197372 8.760960 -148.537201

 158.697922 8.760960 -148.537201

 151.198486 8.760960 -148.537201

 145.876312 8.760960 -148.537201

 134.022354 8.760960 -148.537201

 128.700180 8.760960 -148.537201

 121.200729 8.760960 -148.537201

 113.701302 8.760960 -148.537201

 109.467751 8.760960 -151.803070

 96.525177 8.760960 -148.537201

 91.202988 8.760960 -148.537201

 83.703545 8.760960 -148.537201

 76.204109 8.760960 -148.537201

 68.704681 8.760960 -148.537201

 61.205238 8.760960 -148.537201

 53.705795 8.760960 -148.537201

 46.206367 8.760960 -148.537201

 40.884186 8.760960 -148.537201

 -62.051647 8.760960 -145.271317

 -66.285202 8.760960 -146.359955

 -73.784630 8.760960 -146.359955

 -81.284073 8.760960 -146.359955

 -85.517632 8.760960 -145.271317

 -122.047150 8.760960 -151.803070

 -126.280701 8.760960 -150.714447

 -133.780136 8.760960 -148.537201

 -141.279587 8.760960 -148.537201

 -148.779037 8.760960 -148.537201

 -156.278473 8.760960 -148.537201

 -163.777908 8.760960 -148.537201

 -171.277313 8.760960 -148.537201

 -178.776779 8.760960 -148.537201

 -186.276199 8.760960 -148.537201

 -193.775650 8.760960 -148.537201

 -201.275085 8.760960 -148.537201

 -208.774506 8.760960 -148.537201

 -216.273941 8.760960 -148.537201

 -223.773361 8.760960 -148.537201

 -229.095566 8.760960 -148.537201

 207.928116 8.760960 -144.303650

 203.694550 8.760960 -141.037766

 196.195114 8.760960 -141.037766

 188.695679 8.760960 -141.037766

 183.373505 8.760960 -141.037766

 171.519547 8.760960 -141.037766

 166.197372 8.760960 -141.037766

 158.697922 8.760960 -141.037766

 151.198486 8.760960 -141.037766

 145.876312 8.760960 -141.037766

 134.022354 8.760960 -141.037766

 128.700180 8.760960 -141.037766

 121.200729 8.760960 -141.037766

 115.878555 8.760960 -141.037766

 95.436539 8.760960 -144.303650

 91.202988 8.760960 -141.037766

 83.703545 8.760960 -141.037766

 76.204109 8.760960 -141.037766

 68.704681 8.760960 -141.037766

 61.205238 8.760960 -141.037766

 53.705795 8.760960 -141.037766

 46.206367 8.760960 -141.037766

 40.884186 8.760960 -141.037766

 -54.552212 8.760960 -137.771881

 -58.785763 8.760960 -141.037766

 -66.285202 8.760960 -141.037766

 -73.784630 8.760960 -141.037766

 -81.284073 8.760960 -141.037766

 -88.783516 8.760960 -141.037766

 -93.017067 8.760960 -137.771881

 -137.046036 8.760960 -144.303650

 -141.279587 8.760960 -141.037766

 -148.779037 8.760960 -141.037766

 -156.278473 8.760960 -141.037766

 -163.777908 8.760960 -141.037766

 -171.277313 8.760960 -141.037766

 -178.776779 8.760960 -141.037766

 -186.276199 8.760960 -141.037766

 -193.775650 8.760960 -141.037766

 -201.275085 8.760960 -141.037766

 -208.774506 8.760960 -141.037766

 -216.273941 8.760960 -141.037766

 -223.773361 8.760960 -141.037766

 -229.095566 8.760960 -141.037766

 201.517303 8.760960 -133.538330

 196.195114 8.760960 -133.538330

 188.695679 8.760960 -133.538330

 181.196243 8.760960 -133.538330

 173.696808 8.760960 -133.538330

 166.197372 8.760960 -133.538330

 158.697922 8.760960 -133.538330

 151.198486 8.760960 -133.538330

 143.699066 8.760960 -133.538330

 136.199615 8.760960 -133.538330

 128.700180 8.760960 -133.538330

 121.200729 8.760960 -133.538330

 115.878555 8.760960 -133.538330

 87.937103 8.760960 -136.804214

 83.703552 8.760960 -135.715591

 76.204109 8.760960 -133.538330

 68.704681 8.760960 -133.538330

 61.205238 8.760960 -133.538330

 53.705795 8.760960 -133.538330

 46.206367 8.760960 -133.538330

 41.972813 8.760960 -136.804214

 -53.463581 8.760960 -133.538330

 -58.785763 4.758134 -133.538330

 -66.285202 8.760960 -133.538330

 -73.784630 6.347920 -133.538330

 -81.284073 6.347920 -133.538330

 -88.783516 6.347920 -133.538330

 -94.105690 8.760960 -133.538330

 -144.545471 8.760960 -136.804214

 -148.779037 8.760960 -135.715591

 -156.278473 8.760960 -133.538330

 -163.777908 8.760960 -133.538330

 -171.277313 8.760960 -133.538330

 -178.776779 8.760960 -133.538330

 -186.276199 8.760960 -133.538330

 -193.775650 8.760960 -133.538330

 -201.275085 8.760960 -133.538330

 -208.774506 8.760960 -133.538330

 -216.273941 8.760960 -133.538330

 -223.773361 8.760960 -133.538330

 -228.006927 8.760960 -136.804214

 200.428680 8.760960 -129.304779

 196.195114 8.760960 -126.038887

 188.695679 8.760960 -126.038887

 181.196243 8.760960 -126.038887

 173.696808 8.760960 -126.038887

 166.197372 8.760960 -126.038887

 158.697922 8.760960 -126.038887

 151.198486 8.760960 -126.038887

 143.699066 8.760960 -126.038887

 136.199615 8.760960 -126.038887

 128.700180 8.760960 -126.038887

 121.200729 8.760960 -126.038887

 115.878555 8.760960 -126.038887

 72.938225 8.760960 -129.304779

 68.704681 8.760960 -128.216156

 61.205238 8.760960 -128.216156

 53.705807 8.760960 -128.216156

 49.472244 8.760960 -129.304779

 -53.463581 8.760960 -126.038887

 -58.785763 8.760960 -126.038887

 -66.285202 8.760960 -126.038887

 -73.784630 6.347920 -126.038887

 -81.284073 3.352080 -126.038887

 -88.783516 6.347920 -126.038887

 -94.105690 8.760960 -126.038887

 -159.544357 8.760960 -129.304779

 -163.777908 8.760960 -126.038887

 -171.277313 8.760960 -126.038887

 -178.776779 8.760960 -126.038887

 -186.276199 8.760960 -126.038887

 -193.775650 8.760960 -126.038887

 -201.275085 8.760960 -126.038887

 -208.774506 8.760960 -126.038887

 -216.273941 8.760960 -126.038887

 -221.596130 8.760960 -126.038887

 194.017853 8.760960 -118.539452

 188.695679 8.760960 -118.539452

 181.196243 8.760960 -118.539452

 173.696808 8.760960 -118.539452

 166.197372 8.760960 -118.539452

 158.697922 8.760960 -120.716721

 151.198486 8.760960 -118.539452

 143.699066 8.760960 -118.539452

 136.199615 8.760960 -118.539452

 128.700180 8.760960 -118.539452

 121.200729 8.760960 -118.539452

 115.878555 8.760960 -118.539452

 -54.552212 8.760960 -121.805336

 -58.785763 8.760960 -120.716721

 -66.285202 8.760960 -120.716721

 -73.784630 6.347920 -118.539452

 -81.284073 6.347920 -118.539452

 -88.783516 6.347920 -118.539452

 -94.105690 8.760960 -118.539452

 -167.043793 8.760960 -121.805336

 -168.011459 8.760960 -121.805336

 -182.042648 8.760960 -121.805336

 -186.276199 8.760960 -118.539452

 -193.775650 8.760960 -118.539452

 -201.275085 8.760960 -118.539452

 -208.774506 8.760960 -118.539452

 -216.273941 8.760960 -118.539452

 -220.507477 8.760960 -121.805336

 192.929245 8.760960 -114.305901

 188.695679 8.760960 -111.040024

 181.196243 8.760960 -111.040024

 173.696808 8.760960 -111.040024

 168.374619 8.760960 -111.040024

 147.932587 8.760960 -114.305901

 143.699066 8.760960 -113.217293

 136.199615 8.760960 -113.217293

 128.700180 8.760960 -113.217293

 121.200729 8.760960 -113.217293

 116.967178 8.760960 -114.305901

 -75.961891 8.760960 -111.040024

 -81.284073 8.760960 -111.040024

 -88.783516 8.760960 -111.040024

 -94.105690 8.760960 -111.040024

 -174.543213 8.760960 -107.774132

 -178.776779 8.760960 -108.862770

 -186.276199 8.760960 -111.040024

 -193.775650 8.760960 -111.040024

 -201.275085 8.760960 -111.040024

 -208.774506 8.760960 -111.040024

 -214.096710 8.760960 -111.040024

 186.518417 8.760960 -103.540581

 181.196243 8.760960 -103.540581

 173.696808 8.760960 -103.540581

 168.374619 8.760960 -103.540581

 -77.050522 8.760960 -106.806473

 -81.284073 8.760960 -105.717827

 -88.783516 8.760960 -105.717827

 -93.017067 8.760960 -106.806473

 -173.454590 8.760960 -103.540581

 -178.776779 8.760960 -103.540581

 -186.276199 8.760960 -103.540581

 -193.775650 8.760960 -103.540581

 -201.275085 8.760960 -103.540565

 -208.774506 8.760960 -103.540565

 -213.008041 8.760960 -106.806458

 186.518417 8.760960 -96.041138

 181.196243 8.760960 -96.041138

 173.696808 8.760960 -96.041138

 168.374619 8.760960 -96.041138

 -173.454590 8.760960 -96.041138

 -178.776779 8.760960 -96.041138

 -186.276199 8.760960 -96.041138

 -193.775650 8.760960 -96.041138

 -201.275085 8.760960 -98.218391

 -205.508621 8.760960 -99.307014

 186.518417 8.760960 -88.541710

 181.196243 8.760960 -88.541710

 173.696808 8.760960 -88.541710

 168.374619 8.760960 -88.541710

 -174.543213 8.760960 -91.807594

 -178.776779 8.760960 -90.718971

 -186.276230 8.760960 -90.718971

 -190.509750 8.760960 -91.807594

 186.518417 8.760960 -81.042267

 181.196243 8.760960 -81.042267

 173.696808 8.760960 -81.042267

 168.374619 8.760960 -81.042267

 186.518417 8.760960 -73.542839

 181.196243 8.760960 -73.542831

 173.696808 8.760960 -73.542831

 168.374619 8.760960 -73.542839

 132.933716 8.760960 -70.276947

 128.700180 8.760960 -71.365578

 121.200729 8.760960 -71.365578

 116.967178 8.760960 -70.276947

 186.518417 8.760960 -66.043388

 181.196243 8.760960 -66.043388

 173.696808 8.760960 -66.043388

 168.374619 8.760960 -66.043388

 134.022354 8.760960 -66.043388

 128.700180 8.760960 -66.043388

 121.200729 8.760960 -66.043388

 115.878555 8.760960 -66.043388

 192.929245 8.760960 -55.278072

 188.695679 8.760960 -58.543961

 181.196243 8.760960 -58.543961

 173.696808 8.760960 -58.543961

 168.374619 8.760960 -58.543961

 140.433151 8.760960 -55.278072

 136.199615 8.760960 -58.543961

 128.700180 8.760960 -58.543961

 121.200729 8.760960 -58.543961

 115.878555 8.760960 -58.543961

 194.017853 8.760960 -51.044518

 188.695679 8.760960 -51.044518

 181.196243 8.760960 -51.044518

 173.696808 8.760960 -51.044518

 169.463242 8.760960 -54.310402

 141.521805 8.760960 -51.044518

 136.199615 8.760960 -51.044518

 128.700180 8.760960 -51.044518

 121.200729 8.760960 -51.044518

 116.967178 8.760960 -54.310402

 194.017853 8.760960 -43.545082

 188.695679 8.760960 -43.545082

 181.196243 8.760960 -43.545082

 175.874054 8.760960 -43.545082

 141.521805 8.760960 -43.545082

 136.199615 8.760960 -43.545082

 128.700180 8.760960 -43.545082

 123.377998 8.760960 -43.545082

 194.017853 8.760960 -36.045647

 188.695679 8.760960 -36.045647

 181.196243 8.760960 -36.045647

 173.696808 8.760960 -36.045647

 169.463242 8.760960 -32.779762

 140.433151 8.760960 -39.311527

 136.199615 8.760960 -38.222904

 128.700180 8.760960 -38.222904

 124.466621 8.760960 -39.311527

 194.017853 8.760960 -28.546207

 188.695679 8.760960 -28.546207

 181.196243 8.760960 -28.546207

 173.696808 8.760960 -28.546207

 168.374619 8.760960 -28.546206

 192.929245 8.760960 -24.312654

 188.695679 8.760960 -21.046770

 181.196243 8.760960 -21.046766

 173.696808 8.760960 -21.046766

 168.374619 8.760960 -21.046766

 185.429794 8.760960 -16.813213

 181.196243 8.760960 -15.724586

 173.696808 8.760960 -15.724586

 169.463242 8.760960 -16.813211

 -189.542099 8.760960 42.214626

 -193.775650 8.760960 41.125999

 -198.009186 8.760960 42.214626

 -182.042648 8.760960 49.714066

 -186.276199 8.760960 46.448177

 -193.775650 8.760960 46.448177

 -201.275085 8.760960 46.448177

 -205.508621 8.760960 49.714066

 -180.954041 8.760960 53.947617

 -186.276199 8.760960 53.947613

 -193.775650 8.760960 53.947617

 -201.275085 8.760960 53.947617

 -206.597244 8.760960 53.947617

 -180.954041 8.760960 61.447052

 -186.276199 8.760960 61.447052

 -193.775650 8.760960 61.447052

 -201.275085 8.760960 61.447052

 -206.597244 8.760960 61.447060

 -159.544357 8.760960 72.212364

 -163.777908 8.760960 71.123741

 -171.277313 8.760960 71.123741

 -178.776779 8.760960 68.946480

 -186.276199 8.760960 68.946480

 -193.775650 8.760960 68.946480

 -201.275085 8.760960 68.946487

 -206.597244 8.760960 68.946495

 -152.044907 8.760960 79.711815

 -156.278473 8.760960 76.445923

 -163.777908 8.760960 76.445923

 -171.277313 8.760960 76.445923

 -178.776779 8.760960 76.445923

 -186.276199 8.760960 76.445923

 -193.775650 8.760960 76.445930

 -201.275085 8.760960 76.445930

 -205.508621 8.760960 73.180046

 -150.956284 8.760960 83.945358

 -156.278473 8.760960 83.945358

 -163.777908 8.760960 83.945358

 -171.277313 8.760960 83.945358

 -178.776779 8.760960 83.945358

 -186.276199 8.760960 83.945358

 -193.775650 8.760960 83.945358

 -199.097809 8.760960 83.945358

 -144.545471 8.760960 94.710686

 -148.779037 8.760960 91.444809

 -156.278473 8.760960 91.444809

 -163.777908 8.760960 91.444809

 -171.277313 8.760960 91.444809

 -178.776779 8.760960 91.444809

 -186.276199 8.760960 91.444809

 -193.775650 8.760960 91.444809

 -199.097809 8.760960 91.444794

 -129.546570 8.760960 102.210114

 -133.780151 8.760960 101.121490

 -141.279587 8.760960 98.944237

 -148.779037 8.760960 98.944237

 -156.278473 8.760960 98.944237

 -163.777908 8.760960 98.944237

 -171.277313 8.760960 98.944237

 -178.776779 8.760960 98.944237

 -186.276199 8.760960 98.944237

 -193.775650 8.760960 98.944237

 -199.097809 8.760960 98.944237

 -122.047150 8.760960 109.709541

 -126.280701 8.760960 106.443665

 -133.780136 8.760960 106.443665

 -141.279587 8.760960 106.443665

 -148.779037 8.760960 106.443665

 -156.278473 8.760960 106.443665

 -163.777908 8.760960 106.443665

 -168.011459 8.760960 103.177788

 -180.954041 8.760960 106.443665

 -186.276199 8.760960 106.443665

 -193.775650 8.760960 106.443665

 -199.097809 8.760960 106.443665

 -120.958519 8.760960 113.943108

 -126.280701 8.760960 113.943108

 -133.780136 8.760960 113.943108

 -141.279587 8.760960 113.943108

 -148.779037 8.760960 113.943108

 -156.278473 8.760960 111.765862

 -160.512024 8.760960 110.677216

 -180.954041 8.760960 113.943108

 -186.276199 8.760960 113.943108

 -193.775650 8.760960 113.943108

 -201.275085 8.760960 113.943108

 -205.508621 8.760960 117.209000

 -122.047150 8.760960 118.176666

 -126.280701 8.760960 121.442551

 -133.780136 8.760960 121.442551

 -141.279587 8.760960 121.442551

 -145.513138 8.760960 118.176666

 -180.954041 8.760960 121.442551

 -186.276199 8.760960 121.442551

 -193.775650 8.760960 121.442551

 -201.275085 8.760960 121.442551

 -206.597244 8.760960 121.442551

 -129.546570 8.760960 125.676102

 -133.780151 8.760960 126.764740

 -138.013702 8.760960 125.676102

 -182.042648 8.760960 125.676102

 -186.276199 8.760960 128.942001

 -193.775650 8.760960 128.942001

 -201.275085 8.760960 128.942001

 -206.597244 8.760960 128.941986

 -189.542099 8.760960 133.175552

 -193.775650 8.760960 136.441437

 -201.275085 8.760960 136.441437

 -208.774506 8.760960 136.441437

 -213.008041 8.760960 139.707306

 -195.952896 8.760960 143.940872

 -201.275085 8.760960 143.940872

 -208.774506 8.760960 143.940872

 -216.273941 8.760960 143.940872

 -220.507477 8.760960 147.206757

 -195.952896 8.760960 151.440308

 -201.275085 8.760960 151.440292

 -208.774506 8.760960 151.440292

 -216.273941 8.760960 151.440292

 -223.773361 8.760960 151.440292

 -228.006927 8.760960 154.706207

 -197.041519 8.760960 155.673859

 -201.275085 8.760960 158.939758

 -208.774506 8.760960 158.939758

 -216.273941 8.760960 158.939758

 -223.773361 8.760960 158.939758

 -229.095566 8.760960 158.939758

 -204.540955 8.760960 163.173294

 -208.774506 8.760960 166.439178

 -216.273941 8.760960 166.439178

 -223.773361 8.760960 166.439178

 -229.095566 8.760960 166.439194

 -210.951767 8.760960 173.938614

 -216.273941 8.760960 173.938614

 -223.773361 8.760960 173.938614

 -229.095566 8.760960 173.938614

 -210.951767 8.760960 181.438065

 -216.273941 8.760960 181.438065

 -223.773361 8.760960 181.438065

 -229.095566 8.760960 181.438065

 -212.040405 8.760960 185.671600

 -216.273941 8.760960 186.760254

 -223.773361 8.760960 186.760254

 -228.006927 8.760960 185.671600

 -134.075851 13.607999 -230.735306

 -140.752380 13.607999 -233.020996

 -149.306229 13.607999 -233.020996

 -155.324036 13.607999 -231.272430

 -131.905899 13.607999 -224.640320

 -159.248672 13.607999 -226.501740

 -164.019318 13.607999 -222.577133

 -126.576401 13.607999 -215.736420

 -130.308929 13.607999 -218.397446

 -165.767914 13.607999 -216.559341

 -194.071335 13.607999 -215.736420

 -200.747864 13.607999 -218.022141

 -208.774506 13.607999 -218.055359

 -216.801163 13.607999 -218.022141

 -223.477676 13.607999 -215.736420

 45.251945 13.607999 -208.774094

 39.234146 13.607999 -210.522690

 31.207499 13.607999 -210.555908

 23.708054 13.607999 -210.555908

 16.208620 13.607999 -210.555908

 8.709183 13.607999 -210.555908

 1.209748 13.607999 -210.555908

 -6.289691 13.607999 -210.555908

 -13.789128 13.607999 -210.555908

 -21.815784 13.607999 -210.522690

 -27.833580 13.607999 -208.774094

 -118.539848 13.607999 -207.578247

 -123.310516 13.607999 -211.502853

 -165.801132 12.844583 -208.532684

 -191.901398 13.607999 -209.641434

 -225.763397 13.607999 -209.059937

 53.410103 13.607999 -200.737549

 49.176552 13.607999 -204.003433

 -31.153311 13.607999 -204.504471

 -36.878902 13.607999 -203.014633

 -44.314095 13.607999 -203.023254

 -50.331902 13.607999 -201.274673

 -116.791260 13.607999 -201.560471

 -165.759277 12.844583 -201.624710

 -186.571899 13.607999 -200.737549

 -190.304428 13.607999 -203.398560

 -225.796616 12.844583 -201.033249

 61.446640 13.607999 -192.579391

 56.675987 13.607999 -196.503998

 -54.256508 13.607999 -196.503998

 -59.027184 13.607999 -192.579391

 -116.758049 12.844583 -193.533829

 -167.249115 13.607999 -195.899139

 -170.981628 13.607999 -193.238129

 -179.072464 13.607999 -193.238129

 -183.306015 13.607999 -196.503998

 -225.763397 12.844583 -193.006622

 63.195236 13.607999 -186.561615

 28.842188 13.607999 -182.563156

 23.116594 13.607999 -184.052994

 16.208620 12.844583 -184.011139

 8.709183 12.844583 -184.011139

 1.209748 12.844583 -184.011139

 -6.289691 12.844583 -184.011139

 -13.197670 13.607999 -184.052994

 -18.923264 13.607999 -182.563156

 -60.808975 13.607999 -186.034393

 -116.758049 12.844583 -186.034393

 -173.130295 13.607999 -189.804062

 -176.923798 13.607999 -189.804062

 -211.139816 13.607999 -182.563156

 -217.382690 13.607999 -184.160126

 -223.477676 12.844583 -186.330078

 112.746880 13.607999 -178.776352

 106.729088 13.607999 -180.524933

 98.702431 13.607999 -180.558167

 91.202988 13.607999 -180.558167

 83.176346 13.607999 -180.524933

 76.499802 13.607999 -178.239243

 63.228455 12.844583 -178.534943

 35.235718 13.607999 -176.169632

 31.503191 13.607999 -178.830643

 -22.243000 13.607999 -178.293518

 -28.260796 13.607999 -176.544968

 -36.287445 13.607999 -176.511734

 -43.786880 13.607999 -176.511734

 -51.813530 13.607999 -176.544968

 -58.490059 13.607999 -178.830643

 -116.799896 12.844583 -179.126404

 -205.044754 13.607999 -176.681976

 -208.478806 13.607999 -178.830643

 210.898331 13.607999 -170.739792

 204.221786 13.607999 -173.025513

 196.195114 13.607999 -173.058731

 188.695694 13.607999 -173.058731

 181.196243 13.607999 -173.058731

 173.696808 13.607999 -173.058731

 165.670135 13.607999 -173.025513

 159.652359 13.607999 -171.276901

 127.745750 13.607999 -171.276901

 122.309486 13.607999 -172.909760

 116.066612 13.607999 -174.506729

 74.214104 13.607999 -171.562729

 63.228455 12.844583 -171.035507

 36.725571 13.607999 -170.444046

 -111.040405 13.607999 -170.081070

 -115.310051 13.607999 -173.400818

 -204.633896 13.607999 -173.557877

 -209.365952 13.607999 -173.016891

 -216.801163 12.844583 -173.025513

 -222.818954 13.607999 -171.276901

 213.183975 13.607999 -164.063293

 156.332626 13.607999 -167.007294

 150.089737 13.607999 -165.410309

 143.994736 13.607999 -163.240356

 136.441025 13.607999 -162.581619

 131.670364 13.607999 -166.506256

 74.222740 12.844583 -164.127533

 63.228455 12.844583 -163.536087

 36.683712 12.844583 -163.536087

 -109.258606 13.607999 -163.536087

 -226.743561 13.607999 -166.506256

 -231.514236 13.607999 -162.581619

 213.217209 12.844583 -156.036652

 141.709061 13.607999 -156.563873

 138.189606 13.607999 -156.563873

 104.348900 13.607999 -152.266953

 101.224792 13.607999 -152.677811

 72.732903 13.607999 -158.401947

 69.000374 13.607999 -155.740936

 63.186600 12.844583 -156.628098

 36.683712 12.844583 -156.036652

 -111.040405 12.844583 -156.991058

 -115.811081 12.844583 -153.066452

 -233.262787 13.607999 -156.563873

 213.183975 12.844583 -148.009979

 178.673874 13.607999 -145.178391

 176.219177 13.607999 -145.178391

 141.675827 12.844583 -148.537201

 138.222824 12.844583 -148.537201

 110.230087 13.607999 -146.171890

 106.497566 13.607999 -148.832886

 100.576675 13.607999 -147.428452

 66.851715 13.607999 -152.306870

 63.727608 13.607999 -151.896011

 36.683712 12.844583 -148.537201

 -59.740189 13.607999 -148.778625

 -65.757988 13.607999 -150.527191

 -73.784630 13.607999 -150.560410

 -81.811287 13.607999 -150.527191

 -87.829094 13.607999 -148.778625

 -119.735687 13.607999 -148.295776

 -125.171959 13.607999 -146.662949

 -131.414825 13.607999 -145.065994

 -233.296021 12.844583 -148.537201

 211.435410 13.607999 -141.992203

 207.165756 13.607999 -138.672455

 179.173019 13.607999 -141.037766

 175.720016 13.607999 -141.037766

 141.717682 12.844583 -141.629211

 138.180984 12.844583 -141.629211

 111.719940 13.607999 -140.446304

 98.943840 12.844583 -141.992188

 94.173164 13.607999 -138.067596

 36.716930 12.844583 -140.510544

 -51.044907 12.844583 -140.083344

 -55.815582 13.607999 -144.007950

 -91.753700 13.607999 -144.007950

 -96.524368 13.607999 -140.083344

 -134.075836 12.844583 -141.333466

 -138.309402 13.607999 -138.067596

 -233.262787 12.844583 -140.510544

 205.568802 13.607999 -132.429581

 178.673874 12.844583 -136.897156

 176.219177 12.844583 -136.897156

 141.176697 13.607999 -136.897156

 138.721985 13.607999 -136.897156

 111.678085 12.844583 -133.538330

 90.248558 13.607999 -133.296921

 84.812294 13.607999 -131.664093

 78.569405 13.607999 -130.067123

 43.236183 13.607999 -130.568146

 38.465515 13.607999 -134.492767

 -49.296326 13.607999 -134.065552

 -98.272949 13.607999 -134.065552

 -142.234009 13.607999 -133.296906

 -147.670288 13.607999 -131.664093

 -153.913162 13.607999 -130.067123

 -227.244598 13.607999 -131.173035

 -231.514236 12.844583 -134.492752

 203.935989 13.607999 -126.993324

 199.666321 13.607999 -123.673592

 170.726608 13.607999 -123.068710

 169.167557 13.607999 -123.068710

 111.678085 12.844583 -126.038887

 75.249687 13.607999 -125.797493

 69.231895 12.844583 -124.048889

 61.205238 12.844583 -124.015678

 53.178596 13.607999 -124.048889

 47.160782 13.607999 -125.797493

 -49.296326 12.844583 -125.511673

 -98.306160 12.844583 -126.038887

 -156.574188 13.607999 -126.334602

 -160.807724 13.607999 -123.068710

 -173.130295 12.844583 -122.269211

 -176.923798 12.844583 -122.269211

 -225.647644 12.844583 -124.930138

 198.069351 13.607999 -117.430710

 170.726608 12.844583 -121.509628

 163.227173 13.607999 -115.569283

 158.697922 13.607999 -116.516235

 153.563797 13.607999 -115.068237

 111.711304 12.844583 -118.012230

 -51.582027 12.844583 -118.835144

 -58.258553 13.607999 -116.549461

 -65.693741 12.844583 -116.558090

 -70.814453 13.607999 -115.569267

 -98.306160 12.844583 -118.539452

 -165.190826 13.607999 -118.035667

 -169.864426 13.607999 -118.035667

 -179.072464 12.844583 -118.835144

 -182.506531 13.607999 -116.686478

 -219.745148 13.607999 -116.174149

 -224.014771 13.607999 -119.493866

 196.436539 12.844583 -111.994453

 192.166885 13.607999 -108.674706

 164.215988 13.607999 -110.448563

 150.244034 13.607999 -110.798599

 144.226273 13.607999 -109.050034

 136.199615 13.607999 -109.016808

 128.700180 13.607999 -109.016808

 120.673515 13.607999 -109.050034

 113.996994 13.607999 -111.335716

 -71.910393 13.607999 -109.931282

 -98.272949 12.844583 -110.512802

 -171.573029 13.607999 -110.744324

 -177.668030 13.607999 -112.914261

 -182.917389 12.844583 -113.562378

 -218.148193 13.607999 -109.931282

 190.677048 13.607999 -102.949120

 164.174133 12.844583 -103.540581

 -74.080338 13.607999 -103.836281

 -80.756851 13.607999 -101.550575

 -89.310730 13.607999 -101.550575

 -95.987259 13.607999 -103.836281

 -169.287338 13.607999 -104.067787

 -211.744705 13.607999 -100.570389

 -216.515366 12.844583 -104.495003

 190.718903 12.844583 -96.041138

 164.174133 12.844583 -96.041138

 -169.287338 12.844583 -95.513931

 -196.140945 13.607999 -92.569923

 -202.383835 13.607999 -94.166885

 -207.820084 13.607999 -95.799721

 190.718903 12.844583 -88.541710

 164.174133 12.844583 -88.541710

 -171.573029 12.844583 -88.837410

 -178.249557 12.844583 -86.551712

 -186.803436 13.607999 -86.551712

 -192.821198 13.607999 -88.300293

 190.718903 12.844583 -81.042267

 164.174133 12.844583 -81.042267

 190.718903 12.844583 -73.542839

 164.174133 12.844583 -73.542839

 135.903915 13.607999 -73.247131

 129.227402 13.607999 -75.532837

 120.673508 12.844583 -75.532837

 113.996994 12.844583 -73.247131

 190.677048 12.844583 -66.634850

 164.174133 12.844583 -66.043388

 138.073853 12.844583 -67.152145

 111.711304 12.844583 -66.570602

 196.436539 12.844583 -57.589527

 192.166885 12.844583 -60.909271

 164.207367 12.844583 -58.016754

 143.940445 12.844583 -57.589539

 139.670822 13.607999 -60.909260

 111.711304 12.844583 -58.016743

 198.185120 12.844583 -51.571728

 170.225571 12.844583 -48.679207

 165.955933 13.607999 -51.998951

 145.689056 13.607999 -51.571743

 117.729515 13.607999 -48.679207

 113.459877 12.844583 -51.998951

 198.218338 13.607999 -43.545082

 171.673584 13.607999 -43.545082

 145.689056 12.844583 -43.017853

 119.326492 13.607999 -42.436337

 198.218338 12.844583 -36.045647

 170.225571 12.844583 -38.410954

 165.955933 12.844583 -35.091217

 143.403336 13.607999 -36.341339

 136.726837 13.607999 -34.055649

 128.172958 12.844583 -34.055649

 121.496437 13.607999 -36.341347

 198.185120 12.844583 -28.018997

 164.207367 12.844583 -29.073416

 196.436539 12.844583 -22.001196

 191.665863 12.844583 -18.076582

 164.207367 12.844583 -20.519558

 187.741257 13.607999 -13.305916

 181.723465 13.607999 -11.557327

 173.169601 13.607999 -11.557327

 166.493042 13.607999 -13.843029

 -187.230637 13.607999 38.707321

 -193.775650 12.844583 36.925526

 -200.320633 13.607999 38.707329

 -178.535355 12.844583 47.402607

 -183.306015 12.844583 43.477997

 -204.245270 13.607999 43.477997

 -209.015915 12.844583 47.402607

 -176.786774 13.607999 53.420410

 -210.764511 13.607999 53.420395

 -176.795410 12.844583 60.855587

 -210.797729 12.844583 61.447060

 -157.232910 13.607999 68.705070

 -163.250702 13.607999 66.956482

 -170.685867 12.844583 66.965118

 -175.806595 13.607999 65.976295

 -210.764511 12.844583 69.473717

 -148.537613 13.607999 77.400360

 -153.308289 13.607999 73.475739

 -204.746292 12.844583 78.811241

 -209.015915 12.844583 75.491508

 -146.904770 13.607999 82.836617

 -203.256439 13.607999 84.536835

 -141.575272 12.844583 91.740501

 -145.307816 13.607999 89.079498

 -203.298294 12.844583 91.444794

 -127.235130 12.844583 98.702812

 -132.671402 12.844583 97.069984

 -138.914261 13.607999 95.473022

 -173.130295 12.844583 102.713913

 -176.254410 12.844583 102.303055

 -203.298294 12.844583 98.944237

 -118.539848 12.844583 107.398102

 -123.310516 12.844583 103.473488

 -166.748093 12.844583 109.413857

 -170.981628 12.844583 106.147964

 -176.795410 12.844583 107.035133

 -203.256439 12.844583 105.852211

 -116.758049 12.844583 113.943108

 -151.144348 13.607999 117.414307

 -157.387222 12.844583 115.817360

 -162.823502 13.607999 114.184509

 -176.753555 12.844583 113.943108

 -204.746292 12.844583 111.577797

 -209.015915 12.844583 114.897530

 -118.539848 12.844583 120.488113

 -123.310516 12.844583 124.412727

 -144.249756 13.607999 124.412720

 -148.483322 12.844583 121.146851

 -176.786774 12.844583 121.969749

 -210.764511 12.844583 120.915329

 -127.235115 12.844583 129.183395

 -133.780151 12.844583 130.965210

 -140.325165 13.607999 129.183395

 -178.535355 12.844583 127.987541

 -183.306015 12.844583 131.912186

 -210.755890 12.844583 128.350525

 -186.571899 12.844583 136.145737

 -190.304428 12.844583 138.806747

 -212.245728 13.607999 134.076111

 -215.978241 13.607999 136.737122

 -191.794266 12.844583 144.532333

 -219.244125 12.844583 140.970673

 -223.477676 12.844583 144.236572

 -191.785660 12.844583 151.967529

 -226.743561 12.844583 148.470123

 -231.514236 12.844583 152.394745

 -193.534210 12.844583 157.985321

 -198.304901 13.607999 161.909927

 -233.262787 12.844583 158.412537

 -201.570770 13.607999 166.143478

 -205.303299 13.607999 168.804489

 -233.296021 12.844583 166.439194

 -206.793152 13.607999 174.530075

 -233.296021 12.844583 173.938614

 -206.784531 12.844583 181.965286

 -233.262787 12.844583 181.965286

 -209.070190 12.844583 188.641769

 -215.746704 13.607999 190.927505

 -224.300598 13.607999 190.927505

 -230.977097 13.607999 188.641785

 -81.284073 8.760960 -105.717827

 -79.971886 8.424664 -101.775375

 -79.353157 8.275637 -98.468285

 -78.734428 8.126610 -95.161194

 -78.115700 7.977583 -91.854103

 -77.496971 7.828556 -88.547012

 -76.878250 7.679529 -85.239922

 -76.259521 7.530502 -81.932831

 -75.640793 7.381475 -78.625748

 -75.022072 7.232448 -75.318657

 -77.050522 8.760960 -106.806473

 -76.222176 8.463493 -101.775375

 -75.603447 8.333881 -98.468285

 -74.984718 8.204269 -95.161194

 -74.365990 8.074657 -91.854103

 -73.747261 7.945045 -88.547012

 -73.128540 7.815434 -85.239922

 -72.509811 7.685822 -81.932831

 -71.891083 7.556210 -78.625748

 -71.272362 7.426598 -75.318657

 -80.627975 8.592812 -103.746597

 -76.636353 8.612226 -104.290924

 3.679018 7.023272 -113.242874

 4.082616 6.777812 -112.965286

 3.679018 7.023272 -106.929207

 4.082616 6.777812 -107.206795

 12.858690 7.023272 -113.242874

 12.455093 6.777812 -112.965286

 12.858690 7.023272 -106.929207

 12.455093 6.777812 -107.206795

 9.798800 7.023272 -106.929207

 6.738909 7.023272 -106.929207

 7.043836 6.777812 -107.206795

 9.493873 6.777812 -107.206795

 6.738909 7.023272 -113.242874

 9.798800 7.023272 -113.242874

 9.493873 6.777812 -112.965286

 7.043836 6.777812 -112.965286

 6.738909 6.988390 -115.603714

 9.798800 6.988390 -115.603714

 9.493873 6.742930 -115.326126

 7.043836 6.742930 -115.326126

tris:

 5842 2645 1175

 5842 1175 2643

 5841 2646 1174

 5841 1174 2642

 5840 2647 1173

 5840 1173 2641

 5839 2649 1171

 5839 1171 2640

 5838 2650 1170

 5838 1170 2639

 5837 2651 1169

 5837 1169 2638

 5836 2652 1168

 5836 1168 2637

 5835 2653 1167

 5835 1167 2636

 5834 2654 1166

 5834 1166 2635

 5833 2656 1164

 5833 1164 2634

 5832 2657 1163

 5832 1163 2633

 5831 2658 1162

 5831 1162 2632

 5830 2659 1161

 5830 1161 2631

 5829 2660 1160

 5829 1160 2630

 5828 2662 1158

 5828 1158 2629

 5827 2663 1157

 5827 1157 2628

 5826 2664 1156

 5826 1156 2627

 5825 2665 1155

 5825 1155 2626

 5824 2666 1154

 5824 1154 2625

 5823 2667 1153

 5823 1153 2624

 5822 2668 1152

 5822 1152 2623

 5821 2669 1151

 5821 1151 2622

 5820 2671 1149

 5820 1149 2621

 5819 2672 1148

 5819 1148 2620

 5818 2673 1147

 5818 1147 2619

 5817 2674 1146

 5817 1146 2618

 5816 2675 1145

 5816 1145 2617

 5815 2676 1144

 5815 1144 2616

 5814 2677 1143

 5814 1143 2615

 5813 2679 1141

 5813 1141 2614

 5812 2680 1140

 5812 1140 2613

 5811 2681 1139

 5811 1139 2612

 5810 2682 1138

 5810 1138 2611

 5809 2683 1137

 5809 1137 2610

 5808 2684 1136

 5808 1136 2609

 5807 2685 1135

 5807 1135 2608

 5806 2686 1134

 5806 1134 2607

 5805 2687 1133

 5805 1133 2606

 5804 2688 1132

 5804 1132 2605

 5803 2689 1131

 5803 1131 2604

 5802 2691 1129

 5802 1129 2603

 5801 2692 1128

 5801 1128 2602

 5800 2693 1127

 5800 1127 2601

 5799 2694 1126

 5799 1126 2600

 5798 2695 1125

 5798 1125 2599

 5797 2696 1124

 5797 1124 2598

 5796 2697 1123

 5796 1123 2597

 5795 2698 1122

 5795 1122 2596

 5794 2700 1120

 5794 1120 2595

 5793 2701 1119

 5793 1119 2594

 5792 2702 1118

 5792 1118 2593

 5791 2703 1117

 5791 1117 2592

 5790 2704 1116

 5790 1116 2591

 5789 2705 1115

 5789 1115 2590

 5788 2706 1114

 5788 1114 2589

 5787 2707 1113

 5787 1113 2588

 5786 2708 1112

 5786 1112 2587

 5785 2709 1111

 5785 1111 2586

 5784 2710 1110

 5784 1110 2585

 5783 2711 1109

 5783 1109 2584

 5782 2712 1108

 5782 1108 2583

 5781 2713 1107

 5781 1107 2582

 5780 2714 1106

 5780 1106 2581

 5779 2715 1105

 5779 1105 2580

 5778 2716 1104

 5778 1104 2579

 5777 2717 1103

 5777 1103 2578

 5776 2718 1102

 5776 1102 2577

 5775 2719 1101

 5775 1101 2576

 5774 2720 1100

 5774 1100 2575

 5773 2721 1099

 5773 1099 2574

 5772 2722 1098

 5772 1098 2573

 5771 2723 1097

 5771 1097 2572

 5770 2724 1096

 5770 1096 2571

 5769 2725 1095

 5769 1095 2570

 5768 2726 1094

 5768 1094 2569

 5767 2727 1093

 5767 1093 2568

 5766 2728 1092

 5766 1092 2567

 5765 2730 1089

 5765 1089 2565

 5764 2731 1088

 5764 1088 2564

 5763 2732 1087

 5763 1087 2563

 5762 2734 1085

 5762 1085 2562

 5761 2735 1084

 5761 1084 2561

 5760 2736 1083

 5760 1083 2560

 5759 2737 1082

 5759 1082 2559

 5758 2738 1081

 5758 1081 2558

 5757 2739 1080

 5757 1080 2557

 5756 2740 1079

 5756 1079 2556

 5755 2741 1078

 5755 1078 2555

 5754 2742 1077

 5754 1077 2554

 5753 2743 1076

 5753 1076 2553

 5752 2744 1075

 5752 1075 2552

 5751 2745 1074

 5751 1074 2551

 5750 2746 1073

 5750 1073 2550

 5749 2747 1072

 5749 1072 2549

 5748 2748 1071

 5748 1071 2548

 5747 2749 1070

 5747 1070 2547

 5746 2750 1069

 5746 1069 2546

 5745 2751 1068

 5745 1068 2545

 5744 2752 1067

 5744 1067 2544

 5743 2753 1066

 5743 1066 2543

 5742 2754 1065

 5742 1065 2542

 5741 2755 1064

 5741 1064 2541

 5740 2756 1063

 5740 1063 2540

 5739 2757 1062

 5739 1062 2539

 5738 2758 1061

 5738 1061 2538

 5737 2759 1060

 5737 1060 2537

 5736 2760 1059

 5736 1059 2536

 5735 2761 1058

 5735 1058 2535

 5734 2762 1057

 5734 1057 2534

 5733 2763 1056

 5733 1056 2533

 5732 2765 1053

 5732 1053 2531

 5731 2766 1052

 5731 1052 2530

 5730 2767 1051

 5730 1051 2529

 5729 2768 1050

 5729 1050 2528

 5728 2769 1049

 5728 1049 2527

 5727 2770 1048

 5727 1048 2526

 5726 2771 1047

 5726 1047 2525

 5725 2772 1046

 5725 1046 2524

 5724 2773 1045

 5724 1045 2523

 5723 2774 1044

 5723 1044 2522

 5722 2775 1043

 5722 1043 2521

 5721 2776 1042

 5721 1042 2520

 5720 2777 1041

 5720 1041 2519

 5719 2778 1040

 5719 1040 2518

 5718 2779 1039

 5718 1039 2517

 5717 2780 1038

 5717 1038 2516

 5716 2781 1037

 5716 1037 2515

 5715 2782 1036

 5715 1036 2514

 5714 2783 1035

 5714 1035 2513

 5713 2784 1034

 5713 1034 2512

 5712 2785 1033

 5712 1033 2511

 5711 2786 1032

 5711 1032 2510

 5710 2787 1031

 5710 1031 2509

 5709 2788 1030

 5709 1030 2508

 5708 2789 1029

 5708 1029 2507

 5707 2790 1028

 5707 1028 2506

 5706 2791 1027

 5706 1027 2505

 5705 2792 1026

 5705 1026 2504

 5704 2793 1025

 5704 1025 2503

 5703 2794 1024

 5703 1024 2502

 5702 2795 1023

 5702 1023 2501

 5701 2796 1022

 5701 1022 2500

 5700 2797 1021

 5700 1021 2499

 5699 2799 1019

 5699 1019 2497

 5698 2800 1018

 5698 1018 2496

 5697 2802 1016

 5697 1016 2495

 5696 2803 1015

 5696 1015 2494

 5695 2804 1014

 5695 1014 2493

 5694 2805 1013

 5694 1013 2492

 5693 2806 1012

 5693 1012 2491

 5692 2807 1011

 5692 1011 2490

 5691 2808 1010

 5691 1010 2489

 5690 2809 1009

 5690 1009 2488

 5689 2810 1008

 5689 1008 2487

 5688 2811 1007

 5688 1007 2486

 5687 2812 1006

 5687 1006 2485

 5686 2813 1005

 5686 1005 2484

 5685 2814 1004

 5685 1004 2483

 5684 2815 1003

 5684 1003 2482

 5683 2816 1002

 5683 1002 2481

 5682 2817 1001

 5682 1001 2480

 5681 2818 1000

 5681 1000 2479

 5680 2819 999

 5680 999 2478

 5679 2820 998

 5679 998 2477

 5678 2821 997

 5678 997 2476

 5677 2822 996

 5677 996 2475

 5676 2823 995

 5676 995 2474

 5675 2824 994

 5675 994 2473

 5674 2825 993

 5674 993 2472

 5673 2826 992

 5673 992 2471

 5672 2827 991

 5672 991 2470

 5671 2828 990

 5671 990 2469

 5670 2829 989

 5670 989 2468

 5669 2830 988

 5669 988 2467

 5668 2831 987

 5668 987 2466

 5667 2832 986

 5667 986 2465

 5666 2833 985

 5666 985 2464

 5665 2834 984

 5665 984 2463

 5664 2835 983

 5664 983 2462

 5663 2836 982

 5663 982 2461

 5662 2837 981

 5662 981 2460

 5661 2838 980

 5661 980 2459

 5660 2840 976

 5660 976 2456

 5659 2841 975

 5659 975 2455

 5658 2842 974

 5658 974 2454

 5657 2843 973

 5657 973 2453

 5656 2844 972

 5656 972 2452

 5655 2845 971

 5655 971 2451

 5654 2846 970

 5654 970 2450

 5653 2847 969

 5653 969 2449

 5652 2848 968

 5652 968 2448

 5651 2849 967

 5651 967 2447

 5650 2850 966

 5650 966 2446

 5649 2851 965

 5649 965 2445

 5648 2852 964

 5648 964 2444

 5647 2853 963

 5647 963 2443

 5646 2854 962

 5646 962 2442

 5645 2855 961

 5645 961 2441

 5644 2856 960

 5644 960 2440

 5643 2857 959

 5643 959 2439

 5642 2858 958

 5642 958 2438

 5641 2859 957

 5641 957 2437

 5640 2860 956

 5640 956 2436

 5639 2861 955

 5639 955 2435

 5638 2862 954

 5638 954 2434

 5637 2863 953

 5637 953 2433

 5636 2865 951

 5636 951 2431

 5635 2866 950

 5635 950 2430

 5634 2867 949

 5634 949 2429

 5633 2868 948

 5633 948 2428

 5632 2869 947

 5632 947 2427

 5631 2870 946

 5631 946 2426

 5630 2871 945

 5630 945 2425

 5629 2872 944

 5629 944 2424

 5628 2873 943

 5628 943 2423

 5627 2874 942

 5627 942 2422

 5626 2875 941

 5626 941 2421

 5625 2876 940

 5625 940 2420

 5624 2878 934

 5624 934 2415

 5623 2879 933

 5623 933 2414

 5622 2880 932

 5622 932 2413

 5621 2881 931

 5621 931 2412

 5620 2882 930

 5620 930 2411

 5619 2883 929

 5619 929 2410

 5618 2884 928

 5618 928 2409

 5617 2885 927

 5617 927 2408

 5616 2886 926

 5616 926 2407

 5615 2887 925

 5615 925 2406

 5614 2888 924

 5614 924 2405

 5613 2889 923

 5613 923 2404

 5612 2890 922

 5612 922 2403

 5611 2891 921

 5611 921 2402

 5610 2892 920

 5610 920 2401

 5609 2893 919

 5609 919 2400

 5608 2894 918

 5608 918 2399

 5607 2895 917

 5607 917 2398

 5606 2896 916

 5606 916 2397

 5605 2897 915

 5605 915 2396

 5604 2898 914

 5604 914 2395

 5603 2899 913

 5603 913 2394

 5602 2900 912

 5602 912 2393

 5601 2901 911

 5601 911 2392

 5600 2902 910

 5600 910 2391

 5599 2903 909

 5599 909 2390

 5598 2904 908

 5598 908 2389

 5597 2905 907

 5597 907 2388

 5596 2906 906

 5596 906 2387

 5595 2907 905

 5595 905 2386

 5594 2908 904

 5594 904 2385

 5593 2909 903

 5593 903 2384

 5592 2910 902

 5592 902 2383

 5591 2912 895

 5591 895 2377

 5590 2913 894

 5590 894 2376

 5589 2914 893

 5589 893 2375

 5588 2915 892

 5588 892 2374

 5587 2916 891

 5587 891 2373

 5586 2917 890

 5586 890 2372

 5585 2918 889

 5585 889 2371

 5584 2919 888

 5584 888 2370

 5583 2920 887

 5583 887 2369

 5582 2921 886

 5582 886 2368

 5581 2922 885

 5581 885 2367

 5580 2923 884

 5580 884 2366

 5579 2924 883

 5579 883 2365

 5578 2926 881

 5578 881 2363

 5577 2927 880

 5577 880 2362

 5576 2928 879

 5576 879 2361

 5575 2929 878

 5575 878 2360

 5574 2930 877

 5574 877 2359

 5573 2931 876

 5573 876 2358

 5572 2932 875

 5572 875 2357

 5571 2933 874

 5571 874 2356

 5570 2934 873

 5570 873 2355

 5569 2935 872

 5569 872 2354

 5568 2936 871

 5568 871 2353

 5567 2937 870

 5567 870 2352

 5566 2938 869

 5566 869 2351

 5565 2939 868

 5565 868 2350

 5564 2941 865

 5564 865 2348

 5563 2942 864

 5563 864 2347

 5562 2943 863

 5562 863 2346

 5561 2944 862

 5561 862 2345

 5560 2945 861

 5560 861 2344

 5559 2946 860

 5559 860 2343

 5558 2947 859

 5558 859 2342

 5557 2948 858

 5557 858 2341

 5556 2949 857

 5556 857 2340

 5555 2950 856

 5555 856 2339

 5554 2951 855

 5554 855 2338

 5553 2952 854

 5553 854 2337

 5552 2953 853

 5552 853 2336

 5551 2954 852

 5551 852 2335

 5550 2955 851

 5550 851 2334

 5549 2956 850

 5549 850 2333

 5548 2957 849

 5548 849 2332

 5547 2958 848

 5547 848 2331

 5546 2959 847

 5546 847 2330

 5545 2960 846

 5545 846 2329

 5544 2961 845

 5544 845 2328

 5543 2962 844

 5543 844 2327

 5542 2963 843

 5542 843 2326

 5541 2964 842

 5541 842 2325

 5540 2965 841

 5540 841 2324

 5539 2966 840

 5539 840 2323

 5538 2967 839

 5538 839 2322

 5537 2969 835

 5537 835 2319

 5536 2970 834

 5536 834 2318

 5535 2971 833

 5535 833 2317

 5534 2972 832

 5534 832 2316

 5533 2973 831

 5533 831 2315

 5532 2974 830

 5532 830 2314

 5531 2975 829

 5531 829 2313

 5530 2976 828

 5530 828 2312

 5529 2977 827

 5529 827 2311

 5528 2978 826

 5528 826 2310

 5527 2979 825

 5527 825 2309

 5526 2980 824

 5526 824 2308

 5525 2981 823

 5525 823 2307

 5524 2982 822

 5524 822 2306

 5523 2983 821

 5523 821 2305

 5522 2984 820

 5522 820 2304

 5521 2985 819

 5521 819 2303

 5520 2986 818

 5520 818 2302

 5519 2987 817

 5519 817 2301

 5518 2988 816

 5518 816 2300

 5517 2989 815

 5517 815 2299

 5516 2990 814

 5516 814 2298

 5515 2991 813

 5515 813 2297

 5514 2992 812

 5514 812 2296

 5513 2994 808

 5513 808 2293

 5512 2995 807

 5512 807 2292

 5511 2996 806

 5511 806 2291

 5510 2998 804

 5510 804 2289

 5509 2999 803

 5509 803 2288

 5508 3000 802

 5508 802 2287

 5507 3001 801

 5507 801 2286

 5506 3002 800

 5506 800 2285

 5505 3003 799

 5505 799 2284

 5504 3005 797

 5504 797 2282

 5503 3006 796

 5503 796 2281

 5502 3007 795

 5502 795 2280

 5501 3008 794

 5501 794 2279

 5500 3009 793

 5500 793 2278

 5499 3010 792

 5499 792 2277

 5498 3011 791

 5498 791 2276

 5497 3012 790

 5497 790 2275

 5496 3013 789

 5496 789 2274

 5495 3014 788

 5495 788 2273

 5494 3016 784

 5494 784 2270

 5493 3017 783

 5493 783 2269

 5492 3018 782

 5492 782 2268

 5491 3019 781

 5491 781 2267

 5490 3020 780

 5490 780 2266

 5489 3021 779

 5489 779 2265

 5488 3022 778

 5488 778 2264

 5487 3023 777

 5487 777 2263

 5486 3024 776

 5486 776 2262

 5485 3025 775

 5485 775 2261

 5484 3026 774

 5484 774 2260

 5483 3027 773

 5483 773 2259

 5482 3028 772

 5482 772 2258

 5481 3029 771

 5481 771 2257

 5480 3030 770

 5480 770 2256

 5479 3031 769

 5479 769 2255

 5478 3032 768

 5478 768 2254

 5477 3033 767

 5477 767 2253

 5476 3034 766

 5476 766 2252

 5475 3035 765

 5475 765 2251

 5474 3036 764

 5474 764 2250

 5473 3037 763

 5473 763 2249

 5472 3039 761

 5472 761 2248

 5471 3040 760

 5471 760 2247

 5470 3041 759

 5470 759 2246

 5469 3042 758

 5469 758 2245

 5468 3043 757

 5468 757 2244

 5467 3044 756

 5467 756 2243

 5466 3045 755

 5466 755 2242

 5465 3046 754

 5465 754 2241

 5464 3047 753

 5464 753 2240

 5463 3048 752

 5463 752 2239

 5462 3049 751

 5462 751 2238

 5461 3050 750

 5461 750 2237

 5460 3051 749

 5460 749 2236

 5459 3052 748

 5459 748 2235

 5458 3053 747

 5458 747 2234

 5457 3054 746

 5457 746 2233

 5456 3055 745

 5456 745 2232

 5455 3056 744

 5455 744 2231

 5454 3057 743

 5454 743 2230

 5453 3058 742

 5453 742 2229

 5452 3059 741

 5452 741 2228

 5451 3060 740

 5451 740 2227

 5450 3061 739

 5450 739 2226

 5449 3062 738

 5449 738 2225

 5448 3064 736

 5448 736 2224

 5447 3065 735

 5447 735 2223

 5446 3066 734

 5446 734 2222

 5445 3068 732

 5445 732 2220

 5444 3069 731

 5444 731 2219

 5443 3070 730

 5443 730 2218

 5442 3071 729

 5442 729 2217

 5441 3072 728

 5441 728 2216

 5440 3073 727

 5440 727 2215

 5439 3074 726

 5439 726 2214

 5438 3075 725

 5438 725 2213

 5437 3076 724

 5437 724 2212

 5436 3077 723

 5436 723 2211

 5435 3078 722

 5435 722 2210

 5434 3079 721

 5434 721 2209

 5433 3080 720

 5433 720 2208

 5432 3081 719

 5432 719 2207

 5431 3082 718

 5431 718 2206

 5430 3083 717

 5430 717 2205

 5429 3084 716

 5429 716 2204

 5428 3085 715

 5428 715 2203

 5427 3086 714

 5427 714 2202

 5426 3087 713

 5426 713 2201

 5425 3088 712

 5425 712 2200

 5424 3089 711

 5424 711 2199

 5423 3091 709

 5423 709 2198

 5422 3092 708

 5422 708 2197

 5421 3093 707

 5421 707 2196

 5420 3094 706

 5420 706 2195

 5419 3095 705

 5419 705 2194

 5418 3096 704

 5418 704 2193

 5417 3097 703

 5417 703 2192

 5416 3098 702

 5416 702 2191

 5415 3099 701

 5415 701 2190

 5414 3100 700

 5414 700 2189

 5413 3101 699

 5413 699 2188

 5412 3102 698

 5412 698 2187

 5411 3103 697

 5411 697 2186

 5410 3104 696

 5410 696 2185

 5409 3105 695

 5409 695 2184

 5408 3106 694

 5408 694 2183

 5407 3107 693

 5407 693 2182

 5406 3112 688

 5406 688 2177

 5405 3113 687

 5405 687 2176

 5404 3114 686

 5404 686 2175

 5403 3115 685

 5403 685 2174

 5402 3116 684

 5402 684 2173

 5401 3117 683

 5401 683 2172

 5400 3118 682

 5400 682 2171

 5399 3119 681

 5399 681 2170

 5398 3121 679

 5398 679 2169

 5397 3122 678

 5397 678 2168

 5396 3123 677

 5396 677 2167

 5395 3124 676

 5395 676 2166

 5394 3125 675

 5394 675 2165

 5393 3126 674

 5393 674 2164

 5392 3127 673

 5392 673 2163

 5391 3128 672

 5391 672 2162

 5390 3129 671

 5390 671 2161

 5389 3130 670

 5389 670 2160

 5388 3131 669

 5388 669 2159

 5387 3132 668

 5387 668 2158

 5386 3133 667

 5386 667 2157

 5385 3134 666

 5385 666 2156

 5384 3135 665

 5384 665 2155

 5383 3136 664

 5383 664 2154

 5382 3138 1489

 5382 1489 4387

 5381 2151 1516

 5381 1516 4428

 5380 3206 1509

 5380 1509 4429

 5379 3269 1525

 5379 1525 4416

 5378 3108 1522

 5378 1522 4422

 5377 3142 661

 5377 661 2150

 5376 3143 660

 5376 660 2149

 5375 3144 659

 5375 659 2148

 5374 3145 658

 5374 658 2147

 5373 3146 657

 5373 657 2146

 5372 3147 656

 5372 656 2145

 5371 3148 655

 5371 655 2144

 5370 3149 654

 5370 654 2143

 5369 3151 652

 5369 652 2142

 5368 3152 651

 5368 651 2141

 5367 3153 650

 5367 650 2140

 5366 3154 649

 5366 649 2139

 5365 3155 648

 5365 648 2138

 5364 3156 647

 5364 647 2137

 5363 3157 646

 5363 646 2136

 5362 3158 645

 5362 645 2135

 5361 3159 644

 5361 644 2134

 5360 3160 643

 5360 643 2133

 5359 3161 642

 5359 642 2132

 5358 3162 641

 5358 641 2131

 5357 3163 640

 5357 640 2130

 5356 3164 639

 5356 639 2129

 5355 3165 638

 5355 638 2128

 5354 3166 637

 5354 637 2127

 5353 3167 636

 5353 636 2126

 5352 3168 635

 5352 635 2125

 5351 3169 634

 5351 634 2124

 5350 3170 633

 5350 633 2123

 5349 2152 1524

 5349 1524 4415

 5348 3140 1505

 5348 1505 4439

 5347 3109 1523

 5347 1523 4414

 5346 3110 1510

 5346 1510 4434

 5345 3137 1499

 5345 1499 4444

 5344 3176 631

 5344 631 2122

 5343 3178 627

 5343 627 2118

 5342 3179 626

 5342 626 2117

 5341 3180 625

 5341 625 2116

 5340 3181 624

 5340 624 2115

 5339 3183 622

 5339 622 2114

 5338 3184 621

 5338 621 2113

 5337 3185 620

 5337 620 2112

 5336 3186 619

 5336 619 2111

 5335 3187 618

 5335 618 2110

 5334 3188 617

 5334 617 2109

 5333 3189 616

 5333 616 2108

 5332 3190 615

 5332 615 2107

 5331 3191 614

 5331 614 2106

 5330 3192 613

 5330 613 2105

 5329 3193 612

 5329 612 2104

 5328 3194 611

 5328 611 2103

 5327 3195 610

 5327 610 2102

 5326 3196 609

 5326 609 2101

 5325 3197 608

 5325 608 2100

 5324 3198 607

 5324 607 2099

 5323 3199 606

 5323 606 2098

 5322 3200 605

 5322 605 2097

 5321 3201 604

 5321 604 2096

 5320 3202 603

 5320 603 2095

 5319 3203 602

 5319 602 2094

 5318 3204 601

 5318 601 2093

 5317 3139 1494

 5317 1494 4449

 5316 3171 1504

 5316 1504 4399

 5315 3205 1492

 5315 1492 4390

 5314 3172 1521

 5314 1521 4413

 5313 3209 599

 5313 599 2092

 5312 3210 598

 5312 598 2091

 5311 3212 591

 5311 591 2086

 5310 3213 590

 5310 590 2085

 5309 3214 589

 5309 589 2084

 5308 3215 588

 5308 588 2083

 5307 3216 587

 5307 587 2082

 5306 3217 586

 5306 586 2081

 5305 3218 585

 5305 585 2080

 5304 3219 584

 5304 584 2079

 5303 3220 583

 5303 583 2078

 5302 3221 582

 5302 582 2077

 5301 3222 581

 5301 581 2076

 5300 3223 580

 5300 580 2075

 5299 3224 579

 5299 579 2074

 5298 3226 577

 5298 577 2072

 5297 3227 576

 5297 576 2071

 5296 3228 575

 5296 575 2070

 5295 3229 574

 5295 574 2069

 5294 3230 573

 5294 573 2068

 5293 3231 572

 5293 572 2067

 5292 3232 571

 5292 571 2066

 5291 3233 570

 5291 570 2065

 5290 3234 569

 5290 569 2064

 5289 3235 568

 5289 568 2063

 5288 3173 1515

 5288 1515 4423

 5287 3174 1520

 5287 1520 4418

 5286 3207 1491

 5286 1491 4389

 5285 3237 1503

 5285 1503 4435

 5284 3240 566

 5284 566 2062

 5283 3241 565

 5283 565 2061

 5282 3243 563

 5282 563 2060

 5281 3244 562

 5281 562 2059

 5280 3245 561

 5280 561 2058

 5279 3246 560

 5279 560 2057

 5278 3247 559

 5278 559 2056

 5277 3248 558

 5277 558 2055

 5276 3249 557

 5276 557 2054

 5275 3250 556

 5275 556 2053

 5274 3251 555

 5274 555 2052

 5273 3252 554

 5273 554 2051

 5272 3253 553

 5272 553 2050

 5271 3254 552

 5271 552 2049

 5270 3255 551

 5270 551 2048

 5269 3256 550

 5269 550 2047

 5268 3257 549

 5268 549 2046

 5267 3258 548

 5267 548 2045

 5266 3259 547

 5266 547 2044

 5265 3260 546

 5265 546 2043

 5264 3261 545

 5264 545 2042

 5263 3262 544

 5263 544 2041

 5262 3263 543

 5262 543 2040

 5261 3264 542

 5261 542 2039

 5260 3265 541

 5260 541 2038

 5259 3266 540

 5259 540 2037

 5258 3267 539

 5258 539 2036

 5257 3236 1490

 5257 1490 4388

 5256 3238 1498

 5256 1498 4440

 5255 3268 1493

 5255 1493 4445

 5254 3270 1526

 5254 1526 4417

 5253 3272 537

 5253 537 2035

 5252 3273 536

 5252 536 2034

 5251 3275 534

 5251 534 2033

 5250 3276 533

 5250 533 2032

 5249 3277 532

 5249 532 2031

 5248 3278 531

 5248 531 2030

 5247 3279 530

 5247 530 2029

 5246 3280 529

 5246 529 2028

 5245 3281 528

 5245 528 2027

 5244 3282 527

 5244 527 2026

 5243 3283 526

 5243 526 2025

 5242 3284 525

 5242 525 2024

 5241 3285 524

 5241 524 2023

 5240 3286 523

 5240 523 2022

 5239 3287 522

 5239 522 2021

 5238 3288 521

 5238 521 2020

 5237 3289 520

 5237 520 2019

 5236 3290 519

 5236 519 2018

 5235 3291 518

 5235 518 2017

 5234 3292 517

 5234 517 2016

 5233 3293 516

 5233 516 2015

 5232 3294 515

 5232 515 2014

 5231 3295 514

 5231 514 2013

 5230 3296 513

 5230 513 2012

 5229 3297 512

 5229 512 2011

 5228 3298 511

 5228 511 2010

 5227 3299 510

 5227 510 2009

 5226 3300 509

 5226 509 2008

 5225 3301 508

 5225 508 2007

 5224 3302 507

 5224 507 2006

 5223 3303 506

 5223 506 2005

 5222 3304 505

 5222 505 2004

 5221 3305 504

 5221 504 2003

 5220 3306 503

 5220 503 2002

 5219 3307 502

 5219 502 2001

 5218 3308 501

 5218 501 2000

 5217 3310 499

 5217 499 1999

 5216 3311 498

 5216 498 1998

 5215 3312 497

 5215 497 1997

 5214 3313 496

 5214 496 1996

 5213 3314 495

 5213 495 1995

 5212 3315 494

 5212 494 1994

 5211 3316 493

 5211 493 1993

 5210 3317 492

 5210 492 1992

 5209 3318 491

 5209 491 1991

 5208 3319 490

 5208 490 1990

 5207 3320 489

 5207 489 1989

 5206 3321 488

 5206 488 1988

 5205 3322 487

 5205 487 1987

 5204 3323 486

 5204 486 1986

 5203 3324 485

 5203 485 1985

 5202 3325 484

 5202 484 1984

 5201 3326 483

 5201 483 1983

 5200 3327 482

 5200 482 1982

 5199 3328 481

 5199 481 1981

 5198 3329 480

 5198 480 1980

 5197 3330 479

 5197 479 1979

 5196 3331 478

 5196 478 1978

 5195 3332 477

 5195 477 1977

 5194 3333 476

 5194 476 1976

 5193 3334 475

 5193 475 1975

 5192 3335 474

 5192 474 1974

 5191 3336 473

 5191 473 1973

 5190 3337 472

 5190 472 1972

 5189 3338 471

 5189 471 1971

 5188 3339 470

 5188 470 1970

 5187 3340 469

 5187 469 1969

 5186 3341 468

 5186 468 1968

 5185 3342 467

 5185 467 1967

 5184 3343 466

 5184 466 1966

 5183 3344 465

 5183 465 1965

 5182 3345 464

 5182 464 1964

 5181 3347 462

 5181 462 1963

 5180 3348 461

 5180 461 1962

 5179 3349 460

 5179 460 1961

 5178 3350 459

 5178 459 1960

 5177 3351 458

 5177 458 1959

 5176 3352 457

 5176 457 1958

 5175 3353 456

 5175 456 1957

 5174 3354 455

 5174 455 1956

 5173 3355 454

 5173 454 1955

 5172 3356 453

 5172 453 1954

 5171 3357 452

 5171 452 1953

 5170 3358 451

 5170 451 1952

 5169 3359 450

 5169 450 1951

 5168 3360 449

 5168 449 1950

 5167 3361 448

 5167 448 1949

 5166 3362 447

 5166 447 1948

 5165 3363 446

 5165 446 1947

 5164 3364 445

 5164 445 1946

 5163 3365 444

 5163 444 1945

 5162 3366 443

 5162 443 1944

 5161 3367 442

 5161 442 1943

 5160 3368 441

 5160 441 1942

 5159 3369 440

 5159 440 1941

 5158 3370 439

 5158 439 1940

 5157 3371 438

 5157 438 1939

 5156 3372 437

 5156 437 1938

 5155 3373 436

 5155 436 1937

 5154 3374 435

 5154 435 1936

 5153 3375 434

 5153 434 1935

 5152 3376 433

 5152 433 1934

 5151 3377 432

 5151 432 1933

 5150 3378 431

 5150 431 1932

 5149 3379 430

 5149 430 1931

 5148 3380 429

 5148 429 1930

 5147 3381 428

 5147 428 1929

 5146 3382 427

 5146 427 1928

 5145 3384 424

 5145 424 1926

 5144 3385 423

 5144 423 1925

 5143 3386 422

 5143 422 1924

 5142 3387 421

 5142 421 1923

 5141 3388 420

 5141 420 1922

 5140 3389 419

 5140 419 1921

 5139 3390 418

 5139 418 1920

 5138 3391 417

 5138 417 1919

 5137 3392 416

 5137 416 1918

 5136 3393 415

 5136 415 1917

 5135 3394 414

 5135 414 1916

 5134 3395 413

 5134 413 1915

 5133 3396 412

 5133 412 1914

 5132 3397 411

 5132 411 1913

 5131 3398 410

 5131 410 1912

 5130 3399 409

 5130 409 1911

 5129 3400 408

 5129 408 1910

 5128 3401 407

 5128 407 1909

 5127 3402 406

 5127 406 1908

 5126 3403 405

 5126 405 1907

 5125 3404 404

 5125 404 1906

 5124 3406 402

 5124 402 1904

 5123 3407 401

 5123 401 1903

 5122 3408 400

 5122 400 1902

 5121 3409 399

 5121 399 1901

 5120 3410 398

 5120 398 1900

 5119 3411 397

 5119 397 1899

 5118 3412 396

 5118 396 1898

 5117 3414 393

 5117 393 1895

 5116 3415 392

 5116 392 1894

 5115 3416 391

 5115 391 1893

 5114 3417 390

 5114 390 1892

 5113 3419 388

 5113 388 1891

 5112 3420 387

 5112 387 1890

 5111 3421 386

 5111 386 1889

 5110 3422 385

 5110 385 1888

 5109 3423 384

 5109 384 1887

 5108 3424 383

 5108 383 1886

 5107 3425 382

 5107 382 1885

 5106 3426 381

 5106 381 1884

 5105 3428 379

 5105 379 1882

 5104 3429 378

 5104 378 1881

 5103 3430 377

 5103 377 1880

 5102 3431 376

 5102 376 1879

 5101 3432 375

 5101 375 1878

 5100 3433 374

 5100 374 1877

 5099 3434 373

 5099 373 1876

 5098 3435 372

 5098 372 1875

 5097 3436 371

 5097 371 1874

 5096 3437 370

 5096 370 1873

 5095 3438 369

 5095 369 1872

 5094 3439 368

 5094 368 1871

 5093 3440 367

 5093 367 1870

 5092 3441 366

 5092 366 1869

 5091 3442 365

 5091 365 1868

 5090 3443 364

 5090 364 1867

 5089 3444 363

 5089 363 1866

 5088 3445 362

 5088 362 1865

 5087 3447 353

 5087 353 1858

 5086 3448 352

 5086 352 1857

 5085 3449 351

 5085 351 1856

 5084 3450 350

 5084 350 1855

 5083 3451 349

 5083 349 1854

 5082 3452 348

 5082 348 1853

 5081 3453 347

 5081 347 1852

 5080 3454 346

 5080 346 1851

 5079 3455 345

 5079 345 1850

 5078 3456 344

 5078 344 1849

 5077 3457 343

 5077 343 1848

 5076 3458 342

 5076 342 1847

 5075 3459 341

 5075 341 1846

 5074 3460 340

 5074 340 1845

 5073 3461 339

 5073 339 1844

 5072 3462 338

 5072 338 1843

 5071 3464 336

 5071 336 1841

 5070 3465 335

 5070 335 1840

 5069 3466 334

 5069 334 1839

 5068 3467 333

 5068 333 1838

 5067 3468 332

 5067 332 1837

 5066 3469 331

 5066 331 1836

 5065 3470 330

 5065 330 1835

 5064 3471 329

 5064 329 1834

 5063 3472 328

 5063 328 1833

 5062 3474 325

 5062 325 1831

 5061 3475 324

 5061 324 1830

 5060 3476 323

 5060 323 1829

 5059 3477 322

 5059 322 1828

 5058 3478 321

 5058 321 1827

 5057 3479 320

 5057 320 1826

 5056 3480 319

 5056 319 1825

 5055 3481 318

 5055 318 1824

 5054 3482 317

 5054 317 1823

 5053 3483 316

 5053 316 1822

 5052 3484 315

 5052 315 1821

 5051 3485 314

 5051 314 1820

 5050 3486 313

 5050 313 1819

 5049 3487 312

 5049 312 1818

 5048 3488 311

 5048 311 1817

 5047 3489 310

 5047 310 1816

 5046 3490 309

 5046 309 1815

 5045 3491 308

 5045 308 1814

 5044 3492 307

 5044 307 1813

 5043 3493 306

 5043 306 1812

 5042 3494 305

 5042 305 1811

 5041 3495 304

 5041 304 1810

 5040 3496 303

 5040 303 1809

 5039 3497 302

 5039 302 1808

 5038 3498 301

 5038 301 1807

 5037 3500 297

 5037 297 1804

 5036 3501 296

 5036 296 1803

 5035 3502 295

 5035 295 1802

 5034 3503 294

 5034 294 1801

 5033 3504 293

 5033 293 1800

 5032 3505 292

 5032 292 1799

 5031 3506 291

 5031 291 1798

 5030 3507 290

 5030 290 1797

 5029 3508 289

 5029 289 1796

 5028 3509 288

 5028 288 1795

 5027 3510 287

 5027 287 1794

 5026 3511 286

 5026 286 1793

 5025 3512 285

 5025 285 1792

 5024 3513 284

 5024 284 1791

 5023 3514 283

 5023 283 1790

 5022 3515 282

 5022 282 1789

 5021 3516 281

 5021 281 1788

 5020 3517 280

 5020 280 1787

 5019 3518 279

 5019 279 1786

 5018 3519 278

 5018 278 1785

 5017 3520 277

 5017 277 1784

 5016 3521 276

 5016 276 1783

 5015 3522 275

 5015 275 1782

 5014 3523 274

 5014 274 1781

 5013 3525 271

 5013 271 1779

 5012 3526 270

 5012 270 1778

 5011 3527 269

 5011 269 1777

 5010 3528 268

 5010 268 1776

 5009 3529 267

 5009 267 1775

 5008 3530 266

 5008 266 1774

 5007 3531 265

 5007 265 1773

 5006 3532 264

 5006 264 1772

 5005 3534 262

 5005 262 1770

 5004 3535 261

 5004 261 1769

 5003 3536 260

 5003 260 1768

 5002 3537 259

 5002 259 1767

 5001 3538 258

 5001 258 1766

 5000 3539 257

 5000 257 1765

 4999 3540 256

 4999 256 1764

 4998 3541 255

 4998 255 1763

 4997 3542 254

 4997 254 1762

 4996 3543 253

 4996 253 1761

 4995 3544 252

 4995 252 1760

 4994 3545 251

 4994 251 1759

 4993 3546 250

 4993 250 1758

 4992 3547 249

 4992 249 1757

 4991 3549 247

 4991 247 1756

 4990 3550 246

 4990 246 1755

 4989 3551 245

 4989 245 1754

 4988 3552 244

 4988 244 1753

 4987 3553 243

 4987 243 1752

 4986 3554 242

 4986 242 1751

 4985 3555 241

 4985 241 1750

 4984 3556 240

 4984 240 1749

 4983 3558 238

 4983 238 1748

 4982 3559 237

 4982 237 1747

 4981 3560 236

 4981 236 1746

 4980 3561 235

 4980 235 1745

 4979 3562 234

 4979 234 1744

 4978 3563 233

 4978 233 1743

 4977 3564 232

 4977 232 1742

 4976 3565 231

 4976 231 1741

 4975 3566 230

 4975 230 1740

 4974 3567 229

 4974 229 1739

 4973 3568 228

 4973 228 1738

 4972 3569 227

 4972 227 1737

 4971 3570 226

 4971 226 1736

 4970 3571 225

 4970 225 1735

 4969 3573 222

 4969 222 1733

 4968 3574 221

 4968 221 1732

 4967 3575 220

 4967 220 1731

 4966 3576 219

 4966 219 1730

 4965 3577 218

 4965 218 1729

 4964 3578 217

 4964 217 1728

 4963 3579 216

 4963 216 1727

 4962 3580 215

 4962 215 1726

 4961 3581 214

 4961 214 1725

 4960 3582 213

 4960 213 1724

 4959 3583 212

 4959 212 1723

 4958 3584 211

 4958 211 1722

 4957 3585 210

 4957 210 1721

 4956 3586 209

 4956 209 1720

 4955 3587 208

 4955 208 1719

 4954 3588 207

 4954 207 1718

 4953 3589 206

 4953 206 1717

 4952 3590 205

 4952 205 1716

 4951 3591 204

 4951 204 1715

 4950 3592 203

 4950 203 1714

 4949 3593 202

 4949 202 1713

 4948 3595 198

 4948 198 1710

 4947 3596 197

 4947 197 1709

 4946 3597 196

 4946 196 1708

 4945 3598 195

 4945 195 1707

 4944 3600 193

 4944 193 1705

 4943 3601 192

 4943 192 1704

 4942 3602 191

 4942 191 1703

 4941 3603 190

 4941 190 1702

 4940 3604 189

 4940 189 1701

 4939 3605 188

 4939 188 1700

 4938 3606 187

 4938 187 1699

 4937 3607 186

 4937 186 1698

 4936 3608 185

 4936 185 1697

 4935 3609 184

 4935 184 1696

 4934 3610 183

 4934 183 1695

 4933 3611 182

 4933 182 1694

 4932 3612 181

 4932 181 1693

 4931 3613 180

 4931 180 1692

 4930 3614 179

 4930 179 1691

 4929 3616 177

 4929 177 1690

 4928 3617 176

 4928 176 1689

 4927 3618 175

 4927 175 1688

 4926 3619 174

 4926 174 1687

 4925 3620 173

 4925 173 1686

 4924 3621 172

 4924 172 1685

 4923 3622 171

 4923 171 1684

 4922 3623 170

 4922 170 1683

 4921 3624 169

 4921 169 1682

 4920 3625 168

 4920 168 1681

 4919 3626 167

 4919 167 1680

 4918 3627 166

 4918 166 1679

 4917 3628 165

 4917 165 1678

 4916 3629 164

 4916 164 1677

 4915 3630 163

 4915 163 1676

 4914 3631 162

 4914 162 1675

 4913 3632 161

 4913 161 1674

 4912 3633 160

 4912 160 1673

 4911 3634 159

 4911 159 1672

 4910 3635 158

 4910 158 1671

 4909 3637 156

 4909 156 1670

 4908 3638 155

 4908 155 1669

 4907 3639 154

 4907 154 1668

 4906 3640 153

 4906 153 1667

 4905 3641 152

 4905 152 1666

 4904 3642 151

 4904 151 1665

 4903 3643 150

 4903 150 1664

 4902 3644 149

 4902 149 1663

 4901 3645 148

 4901 148 1662

 4900 3646 147

 4900 147 1661

 4899 3647 146

 4899 146 1660

 4898 3648 145

 4898 145 1659

 4897 3649 144

 4897 144 1658

 4896 3651 142

 4896 142 1656

 4895 3652 141

 4895 141 1655

 4894 3653 140

 4894 140 1654

 4893 3654 139

 4893 139 1653

 4892 3655 138

 4892 138 1652

 4891 3656 137

 4891 137 1651

 4890 3657 136

 4890 136 1650

 4889 3658 135

 4889 135 1649

 4888 3660 133

 4888 133 1648

 4887 3661 132

 4887 132 1647

 4886 3662 131

 4886 131 1646

 4885 3663 130

 4885 130 1645

 4884 3664 129

 4884 129 1644

 4883 3665 128

 4883 128 1643

 4882 3666 127

 4882 127 1642

 4881 3667 126

 4881 126 1641

 4880 3668 125

 4880 125 1640

 4879 3669 124

 4879 124 1639

 4878 3670 123

 4878 123 1638

 4877 3671 122

 4877 122 1637

 4876 3672 121

 4876 121 1636

 4875 3673 120

 4875 120 1635

 4874 3674 119

 4874 119 1634

 4873 3675 118

 4873 118 1633

 4872 3676 117

 4872 117 1632

 4871 3677 116

 4871 116 1631

 4870 3678 115

 4870 115 1630

 4869 3679 114

 4869 114 1629

 4868 3680 113

 4868 113 1628

 4867 3681 112

 4867 112 1627

 4866 3682 111

 4866 111 1626

 4865 3683 110

 4865 110 1625

 4864 3685 108

 4864 108 1624

 4863 3686 107

 4863 107 1623

 4862 3687 106

 4862 106 1622

 4861 3688 105

 4861 105 1621

 4860 3689 104

 4860 104 1620

 4859 3690 103

 4859 103 1619

 4858 3691 102

 4858 102 1618

 4857 3692 101

 4857 101 1617

 4856 3693 100

 4856 100 1616

 4855 3694 99

 4855 99 1615

 4854 3695 98

 4854 98 1614

 4853 3696 97

 4853 97 1613

 4852 3697 96

 4852 96 1612

 4851 3698 95

 4851 95 1611

 4850 3699 94

 4850 94 1610

 4849 3700 93

 4849 93 1609

 4848 3701 92

 4848 92 1608

 4847 3702 91

 4847 91 1607

 4846 3703 90

 4846 90 1606

 4845 3704 89

 4845 89 1605

 4844 3705 88

 4844 88 1604

 4843 3707 82

 4843 82 1599

 4842 3708 81

 4842 81 1598

 4841 3709 80

 4841 80 1597

 4840 3710 79

 4840 79 1596

 4839 3711 78

 4839 78 1595

 4838 3712 77

 4838 77 1594

 4837 3713 76

 4837 76 1593

 4836 3715 69

 4836 69 1586

 4835 3716 68

 4835 68 1585

 4834 3717 67

 4834 67 1584

 4833 3718 66

 4833 66 1583

 4832 3719 65

 4832 65 1582

 4831 3720 64

 4831 64 1581

 4830 3721 63

 4830 63 1580

 4829 3723 58

 4829 58 1576

 4828 3724 57

 4828 57 1575

 4827 3725 56

 4827 56 1574

 4826 3726 55

 4826 55 1573

 4825 3727 54

 4825 54 1572

 4824 3728 53

 4824 53 1571

 4823 3730 49

 4823 49 1568

 4822 3731 48

 4822 48 1567

 4821 3732 47

 4821 47 1566

 4820 3733 46

 4820 46 1565

 4819 3735 42

 4819 42 1562

 4818 3736 41

 4818 41 1561

 4817 3737 40

 4817 40 1560

 4816 3739 35

 4816 35 1556

 4815 3740 34

 4815 34 1555

 4814 3741 33

 4814 33 1554

 4813 3742 32

 4813 32 1553

 4812 3744 26

 4812 26 1549

 4811 3745 25

 4811 25 1548

 4810 3746 24

 4810 24 1547

 4809 3747 23

 4809 23 1546

 4808 3748 22

 4808 22 1545

 4807 3749 21

 4807 21 1544

 4806 3750 20

 4806 20 1543

 4805 3752 17

 4805 17 1541

 4804 3753 16

 4804 16 1540

 4803 3754 15

 4803 15 1539

 6991 3754 6989

 4802 3756 12

 4802 12 1536

 4801 3758 9

 4801 9 1534

 4800 3759 8

 4800 8 1533

 6989 8 3759

 15 6991 6998

 4797 3762 6

 4797 6 1532

 4796 4072 1479

 4796 1479 3931

 4795 4074 1340

 4795 1340 3848

 4794 4076 1346

 4794 1346 3993

 4793 4078 1481

 4793 1481 3932

 4792 4079 1341

 4792 1341 3849

 4791 4077 1482

 4791 1482 3933

 4790 4082 1213

 4790 1213 4052

 4789 4084 1261

 4789 1261 4032

 4788 4080 1483

 4788 1483 3934

 4787 4085 1484

 4787 1484 3935

 4786 4088 1369

 4786 1369 3978

 4785 4090 1374

 4785 1374 3866

 4784 4092 1376

 4784 1376 3979

 4783 4093 1375

 4783 1375 3867

 4782 4095 1218

 4782 1218 3786

 4781 4096 1470

 4781 1470 3936

 4780 4098 1306

 4780 1306 4008

 4779 4099 1219

 4779 1219 3787

 4778 4101 1264

 4778 1264 4033

 4777 4071 1480

 4777 1480 3937

 4776 4104 1307

 4776 1307 4009

 4775 4105 1220

 4775 1220 3788

 4774 4107 1411

 4774 1411 3960

 4773 4108 1221

 4773 1221 3789

 4772 4109 1222

 4772 1222 3790

 4771 4111 1226

 4771 1226 4053

 4770 4112 1223

 4770 1223 3791

 4769 4114 1415

 4769 1415 3890

 4768 4115 1416

 4768 1416 3891

 4767 4117 1467

 4767 1467 3938

 4766 4119 1473

 4766 1473 3939

 4765 4120 1367

 4765 1367 3980

 4764 4113 1414

 4764 1414 3961

 4763 4123 1258

 4763 1258 4034

 4762 4125 1262

 4762 1262 4035

 4761 4087 1377

 4761 1377 3868

 4760 4097 1308

 4760 1308 3831

 4759 4128 1224

 4759 1224 3792

 4758 4126 1309

 4758 1309 3832

 4757 4130 1210

 4757 1210 4054

 4756 4127 1225

 4756 1225 3793

 4755 4106 1417

 4755 1417 3892

 4754 4094 1217

 4754 1217 4055

 4753 4133 1462

 4753 1462 3940

 4752 4135 1469

 4752 1469 3941

 4751 4137 1419

 4751 1419 3893

 4750 4139 1379

 4750 1379 3869

 4749 4141 1342

 4749 1342 3850

 4748 4140 1343

 4748 1343 3851

 4747 4144 1228

 4747 1228 3794

 4746 4142 1344

 4746 1344 3852

 4745 4146 1333

 4745 1333 3994

 4744 4148 1205

 4744 1205 4056

 4743 4149 1229

 4743 1229 3795

 4742 4145 1345

 4742 1345 3853

 4741 4151 1338

 4741 1338 3995

 4740 4153 1372

 4740 1372 3981

 4739 4154 1230

 4739 1230 3796

 4738 4156 1381

 4738 1381 3870

 4737 4081 1231

 4737 1231 3797

 4736 4158 1457

 4736 1457 3942

 4735 4160 1465

 4735 1465 3943

 4734 4162 1267

 4734 1267 3811

 4733 4163 1255

 4733 1255 4036

 4732 4165 1328

 4732 1328 3996

 4731 4110 1212

 4731 1212 4057

 4730 4168 1259

 4730 1259 4037

 4729 4170 1383

 4729 1383 3871

 4728 4171 1454

 4728 1454 3944

 4727 4173 1336

 4727 1336 3997

 4726 4175 1200

 4726 1200 4058

 4725 4177 1461

 4725 1461 3945

 4724 4179 1208

 4724 1208 4059

 4723 4181 1269

 4723 1269 3812

 4722 4183 1403

 4722 1403 3962

 4721 4185 1412

 4721 1412 3963

 4720 4187 1198

 4720 1198 4060

 4719 4188 1298

 4719 1298 4010

 4718 4190 1304

 4718 1304 4011

 4717 4191 1449

 4717 1449 3946

 4716 4193 1363

 4716 1363 3982

 4715 4195 1232

 4715 1232 3798

 4714 4197 1456

 4714 1456 3947

 4713 4166 1204

 4713 1204 4061

 4712 4200 1401

 4712 1401 3964

 4711 4202 1194

 4711 1194 4062

 4710 4204 1312

 4710 1312 3833

 4709 4178 1199

 4709 1199 4063

 4708 4203 1313

 4708 1313 3834

 4707 4208 1250

 4707 1250 4038

 4706 4209 1439

 4706 1439 3948

 4705 4211 1404

 4705 1404 3965

 4704 4212 1192

 4704 1192 4064

 4703 4214 1365

 4703 1365 3983

 4702 4216 1424

 4702 1424 3894

 4701 4218 1385

 4701 1385 3872

 4700 4219 1386

 4700 1386 3873

 4699 4221 1453

 4699 1453 3949

 4698 4223 1253

 4698 1253 4039

 4697 4225 1272

 4697 1272 3813

 4696 4226 1322

 4696 1322 3998

 4695 4228 1274

 4695 1274 3814

 4694 4230 1294

 4694 1294 4012

 4693 4232 1235

 4693 1235 3799

 4692 4234 1302

 4692 1302 4013

 4691 4236 1248

 4691 1248 4040

 4690 4238 1251

 4690 1251 4041

 4689 4205 1193

 4689 1193 4065

 4688 4241 1327

 4688 1327 3999

 4687 4243 1349

 4687 1349 3854

 4686 4242 1350

 4686 1350 3855

 4685 4246 1290

 4685 1290 4014

 4684 4248 1275

 4684 1275 3815

 4683 4250 1299

 4683 1299 4015

 4682 4252 1186

 4682 1186 4066

 4681 4253 1285

 4681 1285 4016

 4680 4189 1297

 4680 1297 4017

 4679 4256 1237

 4679 1237 3800

 4678 4255 1238

 4678 1238 3801

 4677 4259 1425

 4677 1425 3895

 4676 4260 1246

 4676 1246 4042

 4675 4262 1388

 4675 1388 3874

 4674 4258 1426

 4674 1426 3896

 4673 4265 1319

 4673 1319 4000

 4672 4267 1178

 4672 1178 3763

 4671 4263 1427

 4671 1427 3897

 4670 4270 1323

 4670 1323 4001

 4669 4272 1358

 4669 1358 3984

 4668 4273 1179

 4668 1179 3764

 4667 4274 1180

 4667 1180 3765

 4666 4275 1181

 4666 1181 3766

 4665 4277 1283

 4665 1283 4018

 4664 4279 1315

 4664 1315 3835

 4663 4280 1182

 4663 1182 3767

 4662 4282 1295

 4662 1295 4019

 4661 4284 1279

 4661 1279 3816

 4660 4285 1392

 4660 1392 3966

 4659 4287 1430

 4659 1430 3950

 4658 4288 1431

 4658 1431 3898

 4657 4222 1249

 4657 1249 4043

 4656 4291 1187

 4656 1187 4067

 4655 4213 1361

 4655 1361 3985

 4654 4294 1352

 4654 1352 3856

 4653 4296 1395

 4653 1395 3967

 4652 4295 1391

 4652 1391 3875

 4651 4299 1438

 4651 1438 3951

 4650 4293 1353

 4650 1353 3986

 4649 4302 1242

 4649 1242 3802

 4648 4303 1359

 4648 1359 3987

 4647 4304 1183

 4647 1183 4068

 4646 4268 1428

 4646 1428 3952

 4645 4292 1354

 4645 1354 3857

 4644 4307 1434

 4644 1434 3953

 4643 4308 1317

 4643 1317 4002

 4642 4310 1281

 4642 1281 3817

 4641 4283 1278

 4641 1278 4020

 4640 4312 1321

 4640 1321 4003

 4639 4254 1284

 4639 1284 4021

 4638 4315 1356

 4638 1356 3858

 4637 4269 1318

 4637 1318 3836

 4636 4281 1282

 4636 1282 3818

 4635 4261 1389

 4635 1389 3968

 4634 4314 1357

 4634 1357 3859

 4633 4317 1393

 4633 1393 3969

 4632 4289 1243

 4632 1243 3803

 4631 4318 1244

 4631 1244 3804

 4630 4320 1240

 4630 1240 4044

 4629 4321 1184

 4629 1184 4069

 4628 4316 1394

 4628 1394 3876

 4627 4290 1185

 4627 1185 3768

 4626 4322 1286

 4626 1286 3819

 4625 4266 1177

 4625 1177 4070

 4624 4323 1287

 4624 1287 3820

 4623 4324 1288

 4623 1288 3821

 4622 4220 1432

 4622 1432 3899

 4621 4244 1351

 4621 1351 3988

 4620 4249 1289

 4620 1289 3822

 4619 4319 1245

 4619 1245 4045

 4618 4325 1433

 4618 1433 3900

 4617 4326 1291

 4617 1291 3823

 4616 4305 1435

 4616 1435 3901

 4615 4240 1320

 4615 1320 3837

 4614 4311 1292

 4614 1292 3824

 4613 4247 1276

 4613 1276 4022

 4612 4327 1436

 4612 1436 3902

 4611 4329 1387

 4611 1387 3970

 4610 4309 1280

 4610 1280 4023

 4609 4328 1437

 4609 1437 3903

 4608 4286 1440

 4608 1440 3904

 4607 4233 1293

 4607 1293 3825

 4606 4297 1390

 4606 1390 3971

 4605 4330 1396

 4605 1396 3877

 4604 4306 1355

 4604 1355 3989

 4603 4332 1397

 4603 1397 3878

 4602 4333 1422

 4602 1422 3954

 4601 4300 1360

 4601 1360 3860

 4600 4334 1398

 4600 1398 3879

 4599 4335 1399

 4599 1399 3880

 4598 4237 1247

 4598 1247 3805

 4597 4210 1400

 4597 1400 3881

 4596 4227 1273

 4596 1273 4024

 4595 4231 1236

 4595 1236 4046

 4594 4313 1277

 4594 1277 4025

 4593 4301 1241

 4593 1241 4047

 4592 4239 1188

 4592 1188 3769

 4591 4298 1429

 4591 1429 3955

 4590 4196 1441

 4590 1441 3905

 4589 4337 1442

 4589 1442 3906

 4588 4206 1314

 4588 1314 4004

 4587 4338 1443

 4587 1443 3907

 4586 4339 1444

 4586 1444 3908

 4585 4340 1445

 4585 1445 3909

 4584 4341 1446

 4584 1446 3910

 4583 4278 1316

 4583 1316 4005

 4582 4276 1296

 4582 1296 3826

 4581 4342 1447

 4581 1447 3911

 4580 4345 1234

 4580 1234 4048

 4579 4344 1448

 4579 1448 3912

 4578 4264 1324

 4578 1324 3838

 4577 4271 1362

 4577 1362 3861

 4576 4251 1189

 4576 1189 3770

 4575 4346 1190

 4575 1190 3771

 4574 4347 1191

 4574 1191 3772

 4573 4184 1402

 4573 1402 3882

 4572 4257 1239

 4572 1239 4049

 4571 4348 1300

 4571 1300 3827

 4570 4349 1195

 4570 1195 3773

 4569 4176 1450

 4569 1450 3913

 4568 4172 1325

 4568 1325 3839

 4567 4245 1301

 4567 1301 3828

 4566 4169 1382

 4566 1382 3972

 4565 4352 1196

 4565 1196 3774

 4564 4350 1451

 4564 1451 3914

 4563 4351 1326

 4563 1326 3840

 4562 4198 1197

 4562 1197 3775

 4561 4353 1452

 4561 1452 3915

 4560 4354 1347

 4560 1347 3990

 4559 4355 1270

 4559 1270 4026

 4558 4235 1252

 4558 1252 3806

 4557 4224 1271

 4557 1271 4027

 4556 4356 1329

 4556 1329 3841

 4555 4357 1330

 4555 1330 3842

 4554 4358 1331

 4554 1331 3843

 4553 4229 1303

 4553 1303 3829

 4552 4150 1332

 4552 1332 3844

 4551 4217 1384

 4551 1384 3973

 4550 4167 1254

 4550 1254 3807

 4549 4152 1364

 4549 1364 3862

 4548 4331 1348

 4548 1348 3991

 4547 4136 1420

 4547 1420 3956

 4546 4159 1455

 4546 1455 3916

 4545 4215 1423

 4545 1423 3957

 4544 4207 1256

 4544 1256 3808

 4543 4359 1201

 4543 1201 3776

 4542 4360 1405

 4542 1405 3883

 4541 4131 1418

 4541 1418 3958

 4540 4361 1202

 4540 1202 3777

 4539 4362 1406

 4539 1406 3884

 4538 4201 1203

 4538 1203 3778

 4537 4363 1407

 4537 1407 3885

 4536 4121 1408

 4536 1408 3886

 4535 4129 1310

 4535 1310 4006

 4534 4343 1311

 4534 1311 4007

 4533 4336 1421

 4533 1421 3959

 4532 4134 1458

 4532 1458 3917

 4531 4143 1227

 4531 1227 4050

 4530 4192 1366

 4530 1366 3863

 4529 4364 1459

 4529 1459 3918

 4528 4365 1460

 4528 1460 3919

 4527 4199 1409

 4527 1409 3887

 4526 4366 1410

 4526 1410 3888

 4525 4367 1206

 4525 1206 3779

 4524 4186 1207

 4524 1207 3780

 4523 4124 1257

 4523 1257 3809

 4522 4083 1265

 4522 1265 4028

 4521 4180 1268

 4521 1268 4029

 4520 4118 1463

 4520 1463 3920

 4519 4103 1305

 4519 1305 3830

 4518 4368 1464

 4518 1464 3921

 4517 4194 1233

 4517 1233 4051

 4516 4157 1466

 4516 1466 3922

 4515 4132 1209

 4515 1209 3781

 4514 4089 1373

 4514 1373 3974

 4513 4174 1211

 4513 1211 3782

 4512 4091 1368

 4512 1368 3864

 4511 4075 1334

 4511 1334 3845

 4510 4100 1260

 4510 1260 3810

 4509 4182 1413

 4509 1413 3889

 4508 4369 1335

 4508 1335 3846

 4507 4122 1263

 4507 1263 4030

 4506 4161 1266

 4506 1266 4031

 4505 4102 1468

 4505 1468 3923

 4504 4371 1370

 4504 1370 3865

 4503 4164 1337

 4503 1337 3992

 4502 4086 1471

 4502 1471 3924

 4501 4372 1472

 4501 1472 3925

 4500 4155 1380

 4500 1380 3975

 4499 4116 1474

 4499 1474 3926

 4498 4373 1475

 4498 1475 3927

 4497 4375 1214

 4497 1214 3783

 4496 4374 1476

 4496 1476 3928

 4495 4370 1371

 4495 1371 3976

 4494 4377 1215

 4494 1215 3784

 4493 4376 1477

 4493 1477 3929

 4492 4138 1378

 4492 1378 3977

 4491 4147 1216

 4491 1216 3785

 4490 4378 1478

 4490 1478 3930

 4489 4073 1339

 4489 1339 3847

 4488 4041 1251

 4488 1251 3806

 4487 4013 1302

 4487 1302 3829

 4486 4023 1280

 4486 1280 3817

 4485 4001 1323

 4485 1323 3838

 4484 3977 1378

 4484 1378 3869

 4483 3979 1376

 4483 1376 3868

 4482 3969 1393

 4482 1393 3876

 4481 3963 1412

 4481 1412 3889

 4480 4383 1488

 4480 1488 4380

 4479 4382 1487

 4479 1487 4380

 4478 4384 1487

 4478 1487 4382

 4477 4385 1485

 4477 1485 4379

 4476 4386 1486

 4476 1486 4381

 4475 4419 1525

 4475 1525 4417

 4474 4420 1524

 4474 1524 4416

 4473 4421 1523

 4473 1523 4415

 4472 4422 1522

 4472 1522 4414

 4471 4424 1520

 4471 1520 4413

 4470 4425 1519

 4470 1519 4412

 4469 4426 1518

 4469 1518 4411

 4468 4427 1517

 4468 1517 4410

 4467 4428 1516

 4467 1516 4409

 4466 4430 1514

 4466 1514 4408

 4465 4431 1513

 4465 1513 4407

 4464 4432 1512

 4464 1512 4406

 4463 4433 1511

 4463 1511 4405

 4462 4434 1510

 4462 1510 4404

 4461 4436 1508

 4461 1508 4403

 4460 4437 1507

 4460 1507 4402

 4459 4438 1506

 4459 1506 4401

 4458 4439 1505

 4458 1505 4400

 4457 4441 1502

 4457 1502 4398

 4456 4442 1501

 4456 1501 4397

 4455 4443 1500

 4455 1500 4396

 4454 4444 1499

 4454 1499 4395

 4453 4446 1497

 4453 1497 4394

 4452 4447 1496

 4452 1496 4393

 4451 4448 1495

 4451 1495 4392

 4450 4449 1494

 4450 1494 4391

 4448 4450 4391

 4448 4391 1495

 1490 4387 4450

 1490 4450 4448

 4387 1489 4449

 4387 4449 4450

 4447 4451 4392

 4447 4392 1496

 1491 4388 4451

 1491 4451 4447

 4388 1490 4448

 4388 4448 4451

 4446 4452 4393

 4446 4393 1497

 1492 4389 4452

 1492 4452 4446

 4389 1491 4447

 4389 4447 4452

 4445 4453 4394

 4445 4394 1498

 1493 4390 4453

 1493 4453 4445

 4390 1492 4446

 4390 4446 4453

 4443 4454 4395

 4443 4395 1500

 1495 4391 4454

 1495 4454 4443

 4391 1494 4444

 4391 4444 4454

 4442 4455 4396

 4442 4396 1501

 1496 4392 4455

 1496 4455 4442

 4392 1495 4443

 4392 4443 4455

 4441 4456 4397

 4441 4397 1502

 1497 4393 4456

 1497 4456 4441

 4393 1496 4442

 4393 4442 4456

 4440 4457 4398

 4440 4398 1503

 1498 4394 4457

 1498 4457 4440

 4394 1497 4441

 4394 4441 4457

 4438 4458 4400

 4438 4400 1506

 1500 4395 4458

 1500 4458 4438

 4395 1499 4439

 4395 4439 4458

 4437 4459 4401

 4437 4401 1507

 1501 4396 4459

 1501 4459 4437

 4396 1500 4438

 4396 4438 4459

 4436 4460 4402

 4436 4402 1508

 1502 4397 4460

 1502 4460 4436

 4397 1501 4437

 4397 4437 4460

 4435 4461 4403

 4435 4403 1509

 1503 4398 4461

 1503 4461 4435

 4398 1502 4436

 4398 4436 4461

 4433 4462 4404

 4433 4404 1511

 1505 4399 4462

 1505 4462 4433

 4399 1504 4434

 4399 4434 4462

 4432 4463 4405

 4432 4405 1512

 1506 4400 4463

 1506 4463 4432

 4400 1505 4433

 4400 4433 4463

 4431 4464 4406

 4431 4406 1513

 1507 4401 4464

 1507 4464 4431

 4401 1506 4432

 4401 4432 4464

 4430 4465 4407

 4430 4407 1514

 1508 4402 4465

 1508 4465 4430

 4402 1507 4431

 4402 4431 4465

 4429 4466 4408

 4429 4408 1515

 1509 4403 4466

 1509 4466 4429

 4403 1508 4430

 4403 4430 4466

 4427 4467 4409

 4427 4409 1517

 1511 4404 4467

 1511 4467 4427

 4404 1510 4428

 4404 4428 4467

 4426 4468 4410

 4426 4410 1518

 1512 4405 4468

 1512 4468 4426

 4405 1511 4427

 4405 4427 4468

 4425 4469 4411

 4425 4411 1519

 1513 4406 4469

 1513 4469 4425

 4406 1512 4426

 4406 4426 4469

 4424 4470 4412

 4424 4412 1520

 1514 4407 4470

 1514 4470 4424

 4407 1513 4425

 4407 4425 4470

 4423 4471 4413

 4423 4413 1521

 1515 4408 4471

 1515 4471 4423

 4408 1514 4424

 4408 4424 4471

 4421 4472 4414

 4421 4414 1523

 1517 4409 4472

 1517 4472 4421

 4409 1516 4422

 4409 4422 4472

 4420 4473 4415

 4420 4415 1524

 1518 4410 4473

 1518 4473 4420

 4410 1517 4421

 4410 4421 4473

 4419 4474 4416

 4419 4416 1525

 1519 4411 4474

 1519 4474 4419

 4411 1518 4420

 4411 4420 4474

 4418 4475 4417

 4418 4417 1526

 1520 4412 4475

 1520 4475 4418

 4412 1519 4419

 4412 4419 4475

 4383 4476 4381

 4383 4381 1488

 1360 3986 4383

 3986 4476 4383

 3986 1353 4386

 3986 4386 4476

 4386 4477 4379

 4386 4379 1486

 1353 3856 4477

 1353 4477 4386

 3856 1352 4385

 3856 4385 4477

 4385 4478 4382

 4385 4382 1485

 1352 3987 4478

 1352 4478 4385

 3987 1359 4384

 3987 4384 4478

 4381 4479 4380

 4381 4380 1488

 1486 4379 4479

 1486 4479 4381

 4379 1485 4382

 4379 4382 4479

 4384 4480 4380

 4384 4380 1487

 1359 3860 4480

 1359 4480 4384

 3860 1360 4383

 3860 4383 4480

 3962 4481 3889

 3962 3889 1413

 1403 3882 4481

 1403 4481 3962

 3882 1402 3963

 3882 3963 4481

 3968 4482 3876

 3968 3876 1394

 1389 3874 4482

 1389 4482 3968

 3874 1388 3969

 3874 3969 4482

 3978 4483 3868

 3978 3868 1377

 1369 3864 4483

 1369 4483 3978

 3864 1368 3979

 3864 3979 4483

 3976 4484 3869

 3976 3869 1379

 1371 3865 4484

 1371 4484 3976

 3865 1370 3977

 3865 3977 4484

 4000 4485 3838

 4000 3838 1324

 1319 3836 4485

 1319 4485 4000

 3836 1318 4001

 3836 4001 4485

 4022 4486 3817

 4022 3817 1281

 1276 3815 4486

 1276 4486 4022

 3815 1275 4023

 3815 4023 4486

 4012 4487 3829

 4012 3829 1303

 1294 3825 4487

 1294 4487 4012

 3825 1293 4013

 3825 4013 4487

 4040 4488 3806

 4040 3806 1252

 1248 3805 4488

 1248 4488 4040

 3805 1247 4041

 3805 4041 4488

 4151 4489 3847

 4151 3847 1338

 628 2119 4489

 628 4489 4151

 2119 629 4073

 2119 4073 4489

 4072 4490 3930

 4072 3930 1479

 1171 2639 4490

 1171 4490 4072

 2639 1170 4378

 2639 4378 4490

 4377 4491 3785

 4377 3785 1215

 62 1579 4491

 62 4491 4377

 1579 63 4147

 1579 4147 4491

 4371 4492 3977

 4371 3977 1370

 781 2997 4492

 781 4492 4371

 2997 805 4138

 2997 4138 4492

 4378 4493 3929

 4378 3929 1478

 1170 2638 4493

 1170 4493 4378

 2638 1169 4376

 2638 4376 4493

 4375 4494 3784

 4375 3784 1214

 61 1578 4494

 61 4494 4375

 1578 62 4377

 1578 4377 4494

 4139 4495 3976

 4139 3976 1379

 806 2996 4495

 806 4495 4139

 2996 782 4370

 2996 4370 4495

 4376 4496 3928

 4376 3928 1477

 1169 2637 4496

 1169 4496 4376

 2637 1168 4374

 2637 4374 4496

 4082 4497 3783

 4082 3783 1213

 60 1577 4497

 60 4497 4082

 1577 61 4375

 1577 4375 4497

 4374 4498 3927

 4374 3927 1476

 1168 2636 4498

 1168 4498 4374

 2636 1167 4373

 2636 4373 4498

 4373 4499 3926

 4373 3926 1475

 1167 2635 4499

 1167 4499 4373

 2635 1166 4116

 2635 4116 4499

 4153 4500 3975

 4153 3975 1372

 785 2993 4500

 785 4500 4153

 2993 809 4155

 2993 4155 4500

 4119 4501 3925

 4119 3925 1473

 1165 2634 4501

 1165 4501 4119

 2634 1164 4372

 2634 4372 4501

 4372 4502 3924

 4372 3924 1472

 1164 2633 4502

 1164 4502 4372

 2633 1163 4086

 2633 4086 4502

 4354 4503 3992

 4354 3992 1347

 654 3149 4503

 654 4503 4354

 3149 624 4164

 3149 4164 4503

 4370 4504 3865

 4370 3865 1371

 782 2267 4504

 782 4504 4370

 2267 781 4371

 2267 4371 4504

 4135 4505 3923

 4135 3923 1469

 1159 2629 4505

 1159 4505 4135

 2629 1158 4102

 2629 4102 4505

 4125 4506 4031

 4125 4031 1262

 239 3533 4506

 239 4506 4125

 3533 263 4161

 3533 4161 4506

 4162 4507 4030

 4162 4030 1267

 264 3532 4507

 264 4507 4162

 3532 240 4122

 3532 4122 4507

 4173 4508 3846

 4173 3846 1336

 623 2114 4508

 623 4508 4173

 2114 622 4369

 2114 4369 4508

 4185 4509 3889

 4185 3889 1412

 952 2432 4509

 952 4509 4185

 2432 953 4182

 2432 4182 4509

 4168 4510 3810

 4168 3810 1259

 223 1734 4510

 223 4510 4168

 1734 224 4100

 1734 4100 4510

 4369 4511 3845

 4369 3845 1335

 622 2113 4511

 622 4511 4369

 2113 621 4075

 2113 4075 4511

 4088 4512 3864

 4088 3864 1369

 775 2260 4512

 775 4512 4088

 2260 774 4091

 2260 4091 4512

 4130 4513 3782

 4130 3782 1210

 52 1570 4513

 52 4513 4130

 1570 53 4174

 1570 4174 4513

 4170 4514 3974

 4170 3974 1383

 812 2992 4514

 812 4514 4170

 2992 786 4089

 2992 4089 4514

 4179 4515 3781

 4179 3781 1208

 50 1569 4515

 50 4515 4179

 1569 51 4132

 1569 4132 4515

 4117 4516 3922

 4117 3922 1467

 1152 2622 4516

 1152 4516 4117

 2622 1151 4157

 2622 4157 4516

 4128 4517 4051

 4128 4051 1224

 81 3684 4517

 81 4517 4128

 3684 109 4194

 3684 4194 4517

 4160 4518 3921

 4160 3921 1465

 1150 2621 4518

 1150 4518 4160

 2621 1149 4368

 2621 4368 4518

 4190 4519 3830

 4190 3830 1304

 425 1927 4519

 425 4519 4190

 1927 426 4103

 1927 4103 4519

 4368 4520 3920

 4368 3920 1464

 1149 2620 4520

 1149 4520 4368

 2620 1148 4118

 2620 4118 4520

 4101 4521 4029

 4101 4029 1264

 248 3524 4521

 248 4521 4101

 3524 272 4180

 3524 4180 4521

 4355 4522 4028

 4355 4028 1270

 274 3523 4522

 274 4522 4355

 3523 249 4083

 3523 4083 4522

 4123 4523 3809

 4123 3809 1258

 216 1726 4523

 216 4523 4123

 1726 215 4124

 1726 4124 4523

 4367 4524 3780

 4367 3780 1206

 45 1564 4524

 45 4524 4367

 1564 46 4186

 1564 4186 4524

 4148 4525 3779

 4148 3779 1205

 44 1563 4525

 44 4525 4148

 1563 45 4367

 1563 4367 4525

 4107 4526 3888

 4107 3888 1411

 942 2421 4526

 942 4526 4107

 2421 941 4366

 2421 4366 4526

 4366 4527 3887

 4366 3887 1410

 941 2420 4527

 941 4527 4366

 2420 940 4199

 2420 4199 4527

 4177 4528 3919

 4177 3919 1461

 1142 2614 4528

 1142 4528 4177

 2614 1141 4365

 2614 4365 4528

 4365 4529 3918

 4365 3918 1460

 1141 2613 4529

 1141 4529 4365

 2613 1140 4364

 2613 4364 4529

 4120 4530 3863

 4120 3863 1367

 764 2249 4530

 764 4530 4120

 2249 763 4192

 2249 4192 4530

 4345 4531 4050

 4345 4050 1234

 110 3683 4531

 110 4531 4345

 3683 84 4143

 3683 4143 4531

 4364 4532 3917

 4364 3917 1459

 1140 2612 4532

 1140 4532 4364

 2612 1139 4134

 2612 4134 4532

 4115 4533 3959

 4115 3959 1416

 979 2801 4533

 979 4533 4115

 2801 1017 4336

 2801 4336 4533

 4104 4534 4007

 4104 4007 1307

 463 3309 4534

 463 4534 4104

 3309 500 4343

 3309 4343 4534

 4204 4535 4006

 4204 4006 1312

 501 3308 4535

 501 4535 4204

 3308 466 4129

 3308 4129 4535

 4363 4536 3886

 4363 3886 1407

 938 2419 4536

 938 4536 4363

 2419 939 4121

 2419 4121 4536

 4362 4537 3885

 4362 3885 1406

 937 2418 4537

 937 4537 4362

 2418 938 4363

 2418 4363 4537

 4361 4538 3778

 4361 3778 1202

 39 1559 4538

 39 4538 4361

 1559 40 4201

 1559 4201 4538

 4360 4539 3884

 4360 3884 1405

 936 2417 4539

 936 4539 4360

 2417 937 4362

 2417 4362 4539

 4359 4540 3777

 4359 3777 1201

 38 1558 4540

 38 4540 4359

 1558 39 4361

 1558 4361 4540

 4333 4541 3958

 4333 3958 1422

 1018 2800 4541

 1018 4541 4333

 2800 981 4131

 2800 4131 4541

 4211 4542 3883

 4211 3883 1404

 935 2416 4542

 935 4542 4211

 2416 936 4360

 2416 4360 4542

 4175 4543 3776

 4175 3776 1200

 37 1557 4543

 37 4543 4175

 1557 38 4359

 1557 4359 4543

 4163 4544 3808

 4163 3808 1255

 201 1712 4544

 201 4544 4163

 1712 202 4207

 1712 4207 4544

 4137 4545 3957

 4137 3957 1419

 983 2798 4545

 983 4545 4137

 2798 1020 4215

 2798 4215 4545

 4197 4546 3916

 4197 3916 1456

 1130 2603 4546

 1130 4546 4197

 2603 1129 4159

 2603 4159 4546

 4216 4547 3956

 4216 3956 1424

 1021 2797 4547

 1021 4547 4216

 2797 984 4136

 2797 4136 4547

 4141 4548 3991

 4141 3991 1342

 649 3120 4548

 649 4548 4141

 3120 680 4331

 3120 4331 4548

 4214 4549 3862

 4214 3862 1365

 762 2248 4549

 762 4549 4214

 2248 761 4152

 2248 4152 4549

 4223 4550 3807

 4223 3807 1253

 199 1711 4550

 199 4550 4223

 1711 200 4167

 1711 4167 4550

 4156 4551 3973

 4156 3973 1381

 810 2968 4551

 810 4551 4156

 2968 836 4217

 2968 4217 4551

 4358 4552 3844

 4358 3844 1331

 596 2090 4552

 596 4552 4358

 2090 597 4150

 2090 4150 4552

 4234 4553 3829

 4234 3829 1302

 403 1905 4553

 403 4553 4234

 1905 404 4229

 1905 4229 4553

 4357 4554 3843

 4357 3843 1330

 595 2089 4554

 595 4554 4357

 2089 596 4358

 2089 4358 4554

 4356 4555 3842

 4356 3842 1329

 594 2088 4555

 594 4555 4356

 2088 595 4357

 2088 4357 4555

 4165 4556 3841

 4165 3841 1328

 593 2087 4556

 593 4556 4165

 2087 594 4356

 2087 4356 4556

 4181 4557 4027

 4181 4027 1269

 273 3499 4557

 273 4557 4181

 3499 298 4224

 3499 4224 4557

 4238 4558 3806

 4238 3806 1251

 194 1706 4558

 194 4558 4238

 1706 195 4235

 1706 4235 4558

 4228 4559 4026

 4228 4026 1274

 301 3498 4559

 301 4559 4228

 3498 274 4355

 3498 4355 4559

 4243 4560 3990

 4243 3990 1349

 681 3119 4560

 681 4560 4243

 3119 654 4354

 3119 4354 4560

 4221 4561 3915

 4221 3915 1453

 1121 2595 4561

 1121 4561 4221

 2595 1120 4353

 2595 4353 4561

 4352 4562 3775

 4352 3775 1196

 30 1552 4562

 30 4562 4352

 1552 31 4198

 1552 4198 4562

 4241 4563 3840

 4241 3840 1327

 592 2086 4563

 592 4563 4241

 2086 591 4351

 2086 4351 4563

 4353 4564 3914

 4353 3914 1452

 1120 2594 4564

 1120 4564 4353

 2594 1119 4350

 2594 4350 4564

 4349 4565 3774

 4349 3774 1195

 29 1551 4565

 29 4565 4349

 1551 30 4352

 1551 4352 4565

 4329 4566 3972

 4329 3972 1387

 839 2967 4566

 839 4566 4329

 2967 811 4169

 2967 4169 4566

 4348 4567 3828

 4348 3828 1300

 395 1897 4567

 395 4567 4348

 1897 396 4245

 1897 4245 4567

 4351 4568 3839

 4351 3839 1326

 591 2085 4568

 591 4568 4351

 2085 590 4172

 2085 4172 4568

 4350 4569 3913

 4350 3913 1451

 1119 2593 4569

 1119 4569 4350

 2593 1118 4176

 2593 4176 4569

 4202 4570 3773

 4202 3773 1194

 28 1550 4570

 28 4570 4202

 1550 29 4349

 1550 4349 4570

 4250 4571 3827

 4250 3827 1299

 394 1896 4571

 394 4571 4250

 1896 395 4348

 1896 4348 4571

 4195 4572 4049

 4195 4049 1232

 108 3659 4572

 108 4572 4195

 3659 134 4257

 3659 4257 4572

 4183 4573 3882

 4183 3882 1403

 915 2395 4573

 915 4573 4183

 2395 914 4184

 2395 4184 4573

 4212 4574 3772

 4212 3772 1192

 23 1545 4574

 23 4574 4212

 1545 22 4347

 1545 4347 4574

 4347 4575 3771

 4347 3771 1191

 22 1544 4575

 22 4575 4347

 1544 21 4346

 1544 4346 4575

 4346 4576 3770

 4346 3770 1190

 21 1543 4576

 21 4576 4346

 1543 20 4251

 1543 4251 4576

 4193 4577 3861

 4193 3861 1363

 739 2225 4577

 739 4577 4193

 2225 738 4271

 2225 4271 4577

 4270 4578 3838

 4270 3838 1323

 578 2073 4578

 578 4578 4270

 2073 579 4264

 2073 4264 4578

 4191 4579 3912

 4191 3912 1449

 1107 2581 4579

 1107 4579 4191

 2581 1106 4344

 2581 4344 4579

 4320 4580 4048

 4320 4048 1240

 135 3658 4580

 135 4580 4320

 3658 110 4345

 3658 4345 4580

 4344 4581 3911

 4344 3911 1448

 1106 2580 4581

 1106 4581 4344

 2580 1105 4342

 2580 4342 4581

 4282 4582 3826

 4282 3826 1295

 380 1883 4582

 380 4582 4282

 1883 381 4276

 1883 4276 4582

 4343 4583 4005

 4343 4005 1311

 500 3274 4583

 500 4583 4343

 3274 535 4278

 3274 4278 4583

 4342 4584 3910

 4342 3910 1447

 1105 2579 4584

 1105 4584 4342

 2579 1104 4341

 2579 4341 4584

 4341 4585 3909

 4341 3909 1446

 1104 2578 4585

 1104 4585 4341

 2578 1103 4340

 2578 4340 4585

 4340 4586 3908

 4340 3908 1445

 1103 2577 4586

 1103 4586 4340

 2577 1102 4339

 2577 4339 4586

 4339 4587 3907

 4339 3907 1444

 1102 2576 4587

 1102 4587 4339

 2576 1101 4338

 2576 4338 4587

 4308 4588 4004

 4308 4004 1317

 536 3273 4588

 536 4588 4308

 3273 503 4206

 3273 4206 4588

 4338 4589 3906

 4338 3906 1443

 1101 2575 4589

 1101 4589 4338

 2575 1100 4337

 2575 4337 4589

 4337 4590 3905

 4337 3905 1442

 1100 2574 4590

 1100 4590 4337

 2574 1099 4196

 2574 4196 4590

 4336 4591 3955

 4336 3955 1421

 1017 2764 4591

 1017 4591 4336

 2764 1054 4298

 2764 4298 4591

 4291 4592 3769

 4291 3769 1187

 18 1542 4592

 18 4592 4291

 1542 19 4239

 1542 4239 4592

 4232 4593 4047

 4232 4047 1235

 118 3650 4593

 118 4593 4232

 3650 143 4301

 3650 4301 4593

 4225 4594 4025

 4225 4025 1272

 299 3473 4594

 299 4594 4225

 3473 326 4313

 3473 4313 4594

 4302 4595 4046

 4302 4046 1242

 144 3649 4595

 144 4595 4302

 3649 119 4231

 3649 4231 4595

 4284 4596 4024

 4284 4024 1279

 328 3472 4596

 328 4596 4284

 3472 300 4227

 3472 4227 4596

 4335 4597 3881

 4335 3881 1399

 900 2382 4597

 900 4597 4335

 2382 901 4210

 2382 4210 4597

 4236 4598 3805

 4236 3805 1248

 174 1686 4598

 174 4598 4236

 1686 173 4237

 1686 4237 4598

 4334 4599 3880

 4334 3880 1398

 899 2381 4599

 899 4599 4334

 2381 900 4335

 2381 4335 4599

 4332 4600 3879

 4332 3879 1397

 898 2380 4600

 898 4600 4332

 2380 899 4334

 2380 4334 4600

 4303 4601 3860

 4303 3860 1359

 733 2221 4601

 733 4601 4303

 2221 734 4300

 2221 4300 4601

 4288 4602 3954

 4288 3954 1431

 1056 2763 4602

 1056 4602 4288

 2763 1018 4333

 2763 4333 4602

 4330 4603 3878

 4330 3878 1396

 897 2379 4603

 897 4603 4330

 2379 898 4332

 2379 4332 4603

 4331 4604 3989

 4331 3989 1348

 680 3090 4604

 680 4604 4331

 3090 710 4306

 3090 4306 4604

 4296 4605 3877

 4296 3877 1395

 896 2378 4605

 896 4605 4296

 2378 897 4330

 2378 4330 4605

 4219 4606 3971

 4219 3971 1386

 838 2940 4606

 838 4606 4219

 2940 866 4297

 2940 4297 4606

 4230 4607 3825

 4230 3825 1294

 368 1870 4607

 368 4607 4230

 1870 367 4233

 1870 4233 4607

 4209 4608 3904

 4209 3904 1439

 1091 2566 4608

 1091 4608 4209

 2566 1092 4286

 2566 4286 4608

 4299 4609 3903

 4299 3903 1438

 1090 2565 4609

 1090 4609 4299

 2565 1089 4328

 2565 4328 4609

 4248 4610 4023

 4248 4023 1275

 309 3463 4610

 309 4610 4248

 3463 337 4309

 3463 4309 4610

 4285 4611 3970

 4285 3970 1392

 868 2939 4611

 868 4611 4285

 2939 839 4329

 2939 4329 4611

 4328 4612 3902

 4328 3902 1437

 1089 2564 4612

 1089 4612 4328

 2564 1088 4327

 2564 4327 4612

 4310 4613 4022

 4310 4022 1281

 338 3462 4613

 338 4613 4310

 3462 310 4247

 3462 4247 4613

 4326 4614 3824

 4326 3824 1291

 361 1864 4614

 361 4614 4326

 1864 362 4311

 1864 4311 4614

 4312 4615 3837

 4312 3837 1321

 564 2060 4615

 564 4615 4312

 2060 563 4240

 2060 4240 4615

 4327 4616 3901

 4327 3901 1436

 1088 2563 4616

 1088 4616 4327

 2563 1087 4305

 2563 4305 4616

 4246 4617 3823

 4246 3823 1290

 360 1863 4617

 360 4617 4246

 1863 361 4326

 1863 4326 4617

 4307 4618 3900

 4307 3900 1434

 1086 2562 4618

 1086 4618 4307

 2562 1085 4325

 2562 4325 4618

 4256 4619 4045

 4256 4045 1237

 132 3636 4619

 132 4619 4256

 3636 157 4319

 3636 4319 4619

 4324 4620 3822

 4324 3822 1288

 358 1862 4620

 358 4620 4324

 1862 359 4249

 1862 4249 4620

 4315 4621 3988

 4315 3988 1356

 711 3089 4621

 711 4621 4315

 3089 683 4244

 3089 4244 4621

 4325 4622 3899

 4325 3899 1433

 1085 2561 4622

 1085 4622 4325

 2561 1084 4220

 2561 4220 4622

 4323 4623 3821

 4323 3821 1287

 357 1861 4623

 357 4623 4323

 1861 358 4324

 1861 4324 4623

 4322 4624 3820

 4322 3820 1286

 356 1860 4624

 356 4624 4322

 1860 357 4323

 1860 4323 4624

 4304 4625 4070

 4304 4070 1183

 6 3762 4625

 6 4625 4304

 3762 0 4266

 3762 4266 4625

 4253 4626 3819

 4253 3819 1285

 355 1859 4626

 355 4626 4253

 1859 356 4322

 1859 4322 4626

 4321 4627 3768

 4321 3768 1184

 10 1535 4627

 10 4627 4321

 1535 11 4290

 1535 4290 4627

 4317 4628 3876

 4317 3876 1393

 882 2364 4628

 882 4628 4317

 2364 883 4316

 2364 4316 4628

 4280 4629 4069

 4280 4069 1182

 5 3757 4629

 5 4629 4280

 3757 10 4321

 3757 4321 4629

 4260 4630 4044

 4260 4044 1246

 158 3635 4630

 158 4630 4260

 3635 135 4320

 3635 4320 4630

 4319 4631 3804

 4319 3804 1245

 157 1670 4631

 157 4631 4319

 1670 156 4318

 1670 4318 4631

 4318 4632 3803

 4318 3803 1244

 156 1669 4632

 156 4632 4318

 1669 155 4289

 1669 4289 4632

 4262 4633 3969

 4262 3969 1388

 853 2925 4633

 853 4633 4262

 2925 882 4317

 2925 4317 4633

 4272 4634 3859

 4272 3859 1358

 713 2200 4634

 713 4634 4272

 2200 712 4314

 2200 4314 4634

 4316 4635 3968

 4316 3968 1394

 883 2924 4635

 883 4635 4316

 2924 854 4261

 2924 4261 4635

 4277 4636 3818

 4277 3818 1283

 346 1850 4636

 346 4636 4277

 1850 345 4281

 1850 4281 4636

 4265 4637 3836

 4265 3836 1319

 550 2046 4637

 550 4637 4265

 2046 549 4269

 2046 4269 4637

 4314 4638 3858

 4314 3858 1357

 712 2199 4638

 712 4638 4314

 2199 711 4315

 2199 4315 4638

 4313 4639 4021

 4313 4021 1277

 326 3446 4639

 326 4639 4313

 3446 354 4254

 3446 4254 4639

 4279 4640 4003

 4279 4003 1315

 534 3242 4640

 534 4640 4279

 3242 564 4312

 3242 4312 4640

 4311 4641 4020

 4311 4020 1292

 362 3445 4641

 362 4641 4311

 3445 327 4283

 3445 4283 4641

 4309 4642 3817

 4309 3817 1280

 337 1842 4642

 337 4642 4309

 1842 338 4310

 1842 4310 4642

 4226 4643 4002

 4226 4002 1322

 565 3241 4643

 565 4643 4226

 3241 536 4308

 3241 4308 4643

 4259 4644 3953

 4259 3953 1425

 1048 2733 4644

 1048 4644 4259

 2733 1086 4307

 2733 4307 4644

 4306 4645 3857

 4306 3857 1355

 710 2198 4645

 710 4645 4306

 2198 709 4292

 2198 4292 4645

 4305 4646 3952

 4305 3952 1435

 1087 2732 4646

 1087 4646 4305

 2732 1051 4268

 2732 4268 4646

 4252 4647 4068

 4252 4068 1186

 12 3756 4647

 12 4647 4252

 3756 6 4304

 3756 4304 4647

 4294 4648 3987

 4294 3987 1352

 705 3067 4648

 705 4648 4294

 3067 733 4303

 3067 4303 4648

 4301 4649 3802

 4301 3802 1241

 143 1657 4649

 143 4649 4301

 1657 144 4302

 1657 4302 4649

 4300 4650 3986

 4300 3986 1360

 734 3066 4650

 734 4650 4300

 3066 706 4293

 3066 4293 4650

 4298 4651 3951

 4298 3951 1429

 1054 2729 4651

 1054 4651 4298

 2729 1090 4299

 2729 4299 4651

 4297 4652 3875

 4297 3875 1390

 866 2349 4652

 866 4652 4297

 2349 867 4295

 2349 4295 4652

 4295 4653 3967

 4295 3967 1391

 867 2911 4653

 867 4653 4295

 2911 896 4296

 2911 4296 4653

 4293 4654 3856

 4293 3856 1353

 706 2194 4654

 706 4654 4293

 2194 705 4294

 2194 4294 4654

 4292 4655 3985

 4292 3985 1354

 709 3063 4655

 709 4655 4292

 3063 737 4213

 3063 4213 4655

 4290 4656 4067

 4290 4067 1185

 11 3751 4656

 11 4656 4290

 3751 18 4291

 3751 4291 4656

 4289 4657 4043

 4289 4043 1243

 155 3615 4657

 155 4657 4289

 3615 178 4222

 3615 4222 4657

 4287 4658 3898

 4287 3898 1430

 1055 2532 4658

 1055 4658 4287

 2532 1056 4288

 2532 4288 4658

 4286 4659 3950

 4286 3950 1440

 1092 2728 4659

 1092 4659 4286

 2728 1055 4287

 2728 4287 4659

 4200 4660 3966

 4200 3966 1401

 902 2910 4660

 902 4660 4200

 2910 868 4285

 2910 4285 4660

 4283 4661 3816

 4283 3816 1278

 327 1832 4661

 327 4661 4283

 1832 328 4284

 1832 4284 4661

 4281 4662 4019

 4281 4019 1282

 345 3427 4662

 345 4662 4281

 3427 380 4282

 3427 4282 4662

 4275 4663 3767

 4275 3767 1181

 4 1531 4663

 4 4663 4275

 1531 5 4280

 1531 4280 4663

 4278 4664 3835

 4278 3835 1316

 535 2033 4664

 535 4664 4278

 2033 534 4279

 2033 4279 4664

 4276 4665 4018

 4276 4018 1296

 381 3426 4665

 381 4665 4276

 3426 346 4277

 3426 4277 4665

 4274 4666 3766

 4274 3766 1180

 3 1530 4666

 3 4666 4274

 1530 4 4275

 1530 4275 4666

 4273 4667 3765

 4273 3765 1179

 2 1529 4667

 2 4667 4273

 1529 3 4274

 1529 4274 4667

 4267 4668 3764

 4267 3764 1178

 1 1528 4668

 1 4668 4267

 1528 2 4273

 1528 4273 4668

 4271 4669 3984

 4271 3984 1362

 738 3062 4669

 738 4669 4271

 3062 713 4272

 3062 4272 4669

 4269 4670 4001

 4269 4001 1318

 549 3225 4670

 549 4670 4269

 3225 578 4270

 3225 4270 4670

 4268 4671 3897

 4268 3897 1428

 1051 2528 4671

 1051 4671 4268

 2528 1050 4263

 2528 4263 4671

 4266 4672 3763

 4266 3763 1177

 0 1527 4672

 0 4672 4266

 1527 1 4267

 1527 4267 4672

 4264 4673 4000

 4264 4000 1324

 579 3224 4673

 579 4673 4264

 3224 550 4265

 3224 4265 4673

 4263 4674 3896

 4263 3896 1427

 1050 2527 4674

 1050 4674 4263

 2527 1049 4258

 2527 4258 4674

 4261 4675 3874

 4261 3874 1389

 854 2336 4675

 854 4675 4261

 2336 853 4262

 2336 4262 4675

 4208 4676 4042

 4208 4042 1250

 179 3614 4676

 179 4676 4208

 3614 158 4260

 3614 4260 4676

 4258 4677 3895

 4258 3895 1426

 1049 2526 4677

 1049 4677 4258

 2526 1048 4259

 2526 4259 4677

 4257 4678 3801

 4257 3801 1239

 134 1648 4678

 134 4678 4257

 1648 133 4255

 1648 4255 4678

 4255 4679 3800

 4255 3800 1238

 133 1647 4679

 133 4679 4255

 1647 132 4256

 1647 4256 4679

 4254 4680 4017

 4254 4017 1284

 354 3418 4680

 354 4680 4254

 3418 389 4189

 3418 4189 4680

 4188 4681 4016

 4188 4016 1298

 390 3417 4681

 390 4681 4188

 3417 355 4253

 3417 4253 4681

 4251 4682 4066

 4251 4066 1189

 20 3750 4682

 20 4682 4251

 3750 12 4252

 3750 4252 4682

 4249 4683 4015

 4249 4015 1289

 359 3413 4683

 359 4683 4249

 3413 394 4250

 3413 4250 4683

 4247 4684 3815

 4247 3815 1276

 310 1815 4684

 310 4684 4247

 1815 309 4248

 1815 4248 4684

 4245 4685 4014

 4245 4014 1301

 396 3412 4685

 396 4685 4245

 3412 360 4246

 3412 4246 4685

 4244 4686 3855

 4244 3855 1351

 683 2171 4686

 683 4686 4244

 2171 682 4242

 2171 4242 4686

 4242 4687 3854

 4242 3854 1350

 682 2170 4687

 682 4687 4242

 2170 681 4243

 2170 4243 4687

 4240 4688 3999

 4240 3999 1320

 563 3211 4688

 563 4688 4240

 3211 592 4241

 3211 4241 4688

 4239 4689 4065

 4239 4065 1188

 19 3743 4689

 19 4689 4239

 3743 27 4205

 3743 4205 4689

 4237 4690 4041

 4237 4041 1247

 173 3599 4690

 173 4690 4237

 3599 194 4238

 3599 4238 4690

 4235 4691 4040

 4235 4040 1252

 195 3598 4691

 195 4691 4235

 3598 174 4236

 3598 4236 4691

 4233 4692 4013

 4233 4013 1293

 367 3405 4692

 367 4692 4233

 3405 403 4234

 3405 4234 4692

 4231 4693 3799

 4231 3799 1236

 119 1633 4693

 119 4693 4231

 1633 118 4232

 1633 4232 4693

 4229 4694 4012

 4229 4012 1303

 404 3404 4694

 404 4694 4229

 3404 368 4230

 3404 4230 4694

 4227 4695 3814

 4227 3814 1273

 300 1806 4695

 300 4695 4227

 1806 301 4228

 1806 4228 4695

 4146 4696 3998

 4146 3998 1333

 598 3210 4696

 598 4696 4146

 3210 565 4226

 3210 4226 4696

 4224 4697 3813

 4224 3813 1271

 298 1805 4697

 298 4697 4224

 1805 299 4225

 1805 4225 4697

 4222 4698 4039

 4222 4039 1249

 178 3594 4698

 178 4698 4222

 3594 199 4223

 3594 4223 4698

 4220 4699 3949

 4220 3949 1432

 1084 2699 4699

 1084 4699 4220

 2699 1121 4221

 2699 4221 4699

 4218 4700 3873

 4218 3873 1385

 837 2321 4700

 837 4700 4218

 2321 838 4219

 2321 4219 4700

 4217 4701 3872

 4217 3872 1384

 836 2320 4701

 836 4701 4217

 2320 837 4218

 2320 4218 4701

 4215 4702 3894

 4215 3894 1423

 1020 2498 4702

 1020 4702 4215

 2498 1021 4216

 2498 4216 4702

 4213 4703 3983

 4213 3983 1361

 737 3038 4703

 737 4703 4213

 3038 762 4214

 3038 4214 4703

 4187 4704 4064

 4187 4064 1198

 32 3742 4704

 32 4704 4187

 3742 23 4212

 3742 4212 4704

 4210 4705 3965

 4210 3965 1400

 901 2877 4705

 901 4705 4210

 2877 935 4211

 2877 4211 4705

 4171 4706 3948

 4171 3948 1454

 1122 2698 4706

 1122 4706 4171

 2698 1091 4209

 2698 4209 4706

 4207 4707 4038

 4207 4038 1256

 202 3593 4707

 202 4707 4207

 3593 179 4208

 3593 4208 4707

 4206 4708 3834

 4206 3834 1314

 503 2001 4708

 503 4708 4206

 2001 502 4203

 2001 4203 4708

 4205 4709 4063

 4205 4063 1193

 27 3738 4709

 27 4709 4205

 3738 36 4178

 3738 4178 4709

 4203 4710 3833

 4203 3833 1313

 502 2000 4710

 502 4710 4203

 2000 501 4204

 2000 4204 4710

 4201 4711 4062

 4201 4062 1203

 40 3737 4711

 40 4711 4201

 3737 28 4202

 3737 4202 4711

 4199 4712 3964

 4199 3964 1409

 940 2876 4712

 940 4712 4199

 2876 902 4200

 2876 4200 4712

 4198 4713 4061

 4198 4061 1197

 31 3734 4713

 31 4713 4198

 3734 43 4166

 3734 4166 4713

 4196 4714 3947

 4196 3947 1441

 1099 2690 4714

 1099 4714 4196

 2690 1130 4197

 2690 4197 4714

 4194 4715 3798

 4194 3798 1233

 109 1624 4715

 109 4715 4194

 1624 108 4195

 1624 4195 4715

 4192 4716 3982

 4192 3982 1366

 763 3037 4716

 763 4716 4192

 3037 739 4193

 3037 4193 4716

 4158 4717 3946

 4158 3946 1457

 1131 2689 4717

 1131 4717 4158

 2689 1107 4191

 2689 4191 4717

 4189 4718 4011

 4189 4011 1297

 389 3383 4718

 389 4718 4189

 3383 425 4190

 3383 4190 4718

 4098 4719 4010

 4098 4010 1306

 427 3382 4719

 427 4719 4098

 3382 390 4188

 3382 4188 4719

 4186 4720 4060

 4186 4060 1207

 46 3733 4720

 46 4720 4186

 3733 32 4187

 3733 4187 4720

 4184 4721 3963

 4184 3963 1402

 914 2864 4721

 914 4721 4184

 2864 952 4185

 2864 4185 4721

 4182 4722 3962

 4182 3962 1413

 953 2863 4722

 953 4722 4182

 2863 915 4183

 2863 4183 4722

 4180 4723 3812

 4180 3812 1268

 272 1780 4723

 272 4723 4180

 1780 273 4181

 1780 4181 4723

 4178 4724 4059

 4178 4059 1199

 36 3729 4724

 36 4724 4178

 3729 50 4179

 3729 4179 4724

 4176 4725 3945

 4176 3945 1450

 1118 2678 4725

 1118 4725 4176

 2678 1142 4177

 2678 4177 4725

 4174 4726 4058

 4174 4058 1211

 53 3728 4726

 53 4726 4174

 3728 37 4175

 3728 4175 4726

 4172 4727 3997

 4172 3997 1325

 590 3182 4727

 590 4727 4172

 3182 623 4173

 3182 4173 4727

 4133 4728 3944

 4133 3944 1462

 1143 2677 4728

 1143 4728 4133

 2677 1122 4171

 2677 4171 4728

 4169 4729 3871

 4169 3871 1382

 811 2295 4729

 811 4729 4169

 2295 812 4170

 2295 4170 4729

 4167 4730 4037

 4167 4037 1254

 200 3572 4730

 200 4730 4167

 3572 223 4168

 3572 4168 4730

 4166 4731 4057

 4166 4057 1204

 43 3722 4731

 43 4731 4166

 3722 59 4110

 3722 4110 4731

 4164 4732 3996

 4164 3996 1337

 624 3181 4732

 624 4732 4164

 3181 593 4165

 3181 4165 4732

 4084 4733 4036

 4084 4036 1261

 225 3571 4733

 225 4733 4084

 3571 201 4163

 3571 4163 4733

 4161 4734 3811

 4161 3811 1266

 263 1771 4734

 263 4734 4161

 1771 264 4162

 1771 4162 4734

 4159 4735 3943

 4159 3943 1455

 1129 2670 4735

 1129 4735 4159

 2670 1150 4160

 2670 4160 4735

 4157 4736 3942

 4157 3942 1466

 1151 2669 4736

 1151 4736 4157

 2669 1131 4158

 2669 4158 4736

 4154 4737 3797

 4154 3797 1230

 87 1603 4737

 87 4737 4154

 1603 88 4081

 1603 4081 4737

 4155 4738 3870

 4155 3870 1380

 809 2294 4738

 809 4738 4155

 2294 810 4156

 2294 4156 4738

 4149 4739 3796

 4149 3796 1229

 86 1602 4739

 86 4739 4149

 1602 87 4154

 1602 4154 4739

 4152 4740 3981

 4152 3981 1364

 761 3015 4740

 761 4740 4152

 3015 785 4153

 3015 4153 4740

 4150 4741 3995

 4150 3995 1332

 597 3177 4741

 597 4741 4150

 3177 628 4151

 3177 4151 4741

 4076 4742 3853

 4076 3853 1346

 653 2142 4742

 653 4742 4076

 2142 652 4145

 2142 4145 4742

 4144 4743 3795

 4144 3795 1228

 85 1601 4743

 85 4743 4144

 1601 86 4149

 1601 4149 4743

 4147 4744 4056

 4147 4056 1216

 63 3721 4744

 63 4744 4147

 3721 44 4148

 3721 4148 4744

 4079 4745 3994

 4079 3994 1341

 631 3176 4745

 631 4745 4079

 3176 598 4146

 3176 4146 4745

 4145 4746 3852

 4145 3852 1345

 652 2141 4746

 652 4746 4145

 2141 651 4142

 2141 4142 4746

 4143 4747 3794

 4143 3794 1227

 84 1600 4747

 84 4747 4143

 1600 85 4144

 1600 4144 4747

 4142 4748 3851

 4142 3851 1344

 651 2140 4748

 651 4748 4142

 2140 650 4140

 2140 4140 4748

 4140 4749 3850

 4140 3850 1343

 650 2139 4749

 650 4749 4140

 2139 649 4141

 2139 4141 4749

 4138 4750 3869

 4138 3869 1378

 805 2290 4750

 805 4750 4138

 2290 806 4139

 2290 4139 4750

 4136 4751 3893

 4136 3893 1420

 984 2462 4751

 984 4751 4136

 2462 983 4137

 2462 4137 4751

 4134 4752 3941

 4134 3941 1458

 1139 2661 4752

 1139 4752 4134

 2661 1159 4135

 2661 4135 4752

 4096 4753 3940

 4096 3940 1470

 1160 2660 4753

 1160 4753 4096

 2660 1143 4133

 2660 4133 4753

 4132 4754 4055

 4132 4055 1209

 51 3714 4754

 51 4754 4132

 3714 70 4094

 3714 4094 4754

 4131 4755 3892

 4131 3892 1418

 981 2459 4755

 981 4755 4131

 2459 980 4106

 2459 4106 4755

 4111 4756 3793

 4111 3793 1226

 83 1599 4756

 83 4756 4111

 1599 82 4127

 1599 4127 4756

 4112 4757 4054

 4112 4054 1223

 76 3713 4757

 76 4757 4112

 3713 52 4130

 3713 4130 4757

 4129 4758 3832

 4129 3832 1310

 466 1965 4758

 466 4758 4129

 1965 465 4126

 1965 4126 4758

 4127 4759 3792

 4127 3792 1225

 82 1598 4759

 82 4759 4127

 1598 81 4128

 1598 4128 4759

 4126 4760 3831

 4126 3831 1309

 465 1964 4760

 465 4760 4126

 1964 464 4097

 1964 4097 4760

 4092 4761 3868

 4092 3868 1376

 798 2283 4761

 798 4761 4092

 2283 799 4087

 2283 4087 4761

 4124 4762 4035

 4124 4035 1257

 215 3557 4762

 215 4762 4124

 3557 239 4125

 3557 4125 4762

 4122 4763 4034

 4122 4034 1263

 240 3556 4763

 240 4763 4122

 3556 216 4123

 3556 4123 4763

 4121 4764 3961

 4121 3961 1408

 939 2839 4764

 939 4764 4121

 2839 977 4113

 2839 4113 4764

 4093 4765 3980

 4093 3980 1375

 788 3014 4765

 788 4765 4093

 3014 764 4120

 3014 4120 4765

 4118 4766 3939

 4118 3939 1463

 1148 2655 4766

 1148 4766 4118

 2655 1165 4119

 2655 4119 4766

 4116 4767 3938

 4116 3938 1474

 1166 2654 4767

 1166 4767 4116

 2654 1152 4117

 2654 4117 4767

 4114 4768 3891

 4114 3891 1415

 978 2458 4768

 978 4768 4114

 2458 979 4115

 2458 4115 4768

 4113 4769 3890

 4113 3890 1414

 977 2457 4769

 977 4769 4113

 2457 978 4114

 2457 4114 4769

 4109 4770 3791

 4109 3791 1222

 75 1592 4770

 75 4770 4109

 1592 76 4112

 1592 4112 4770

 4110 4771 4053

 4110 4053 1212

 59 3706 4771

 59 4771 4110

 3706 83 4111

 3706 4111 4771

 4108 4772 3790

 4108 3790 1221

 74 1591 4772

 74 4772 4108

 1591 75 4109

 1591 4109 4772

 4105 4773 3789

 4105 3789 1220

 73 1590 4773

 73 4773 4105

 1590 74 4108

 1590 4108 4773

 4106 4774 3960

 4106 3960 1417

 980 2838 4774

 980 4774 4106

 2838 942 4107

 2838 4107 4774

 4099 4775 3788

 4099 3788 1219

 72 1589 4775

 72 4775 4099

 1589 73 4105

 1589 4105 4775

 4103 4776 4009

 4103 4009 1305

 426 3346 4776

 426 4776 4103

 3346 463 4104

 3346 4104 4776

 4102 4777 3937

 4102 3937 1468

 1158 2648 4777

 1158 4777 4102

 2648 1172 4071

 2648 4071 4777

 4100 4778 4033

 4100 4033 1260

 224 3548 4778

 224 4778 4100

 3548 248 4101

 3548 4101 4778

 4095 4779 3787

 4095 3787 1218

 71 1588 4779

 71 4779 4095

 1588 72 4099

 1588 4099 4779

 4097 4780 4008

 4097 4008 1308

 464 3345 4780

 464 4780 4097

 3345 427 4098

 3345 4098 4780

 4078 4781 3936

 4078 3936 1481

 1173 2647 4781

 1173 4781 4078

 2647 1160 4096

 2647 4096 4781

 4094 4782 3786

 4094 3786 1217

 70 1587 4782

 70 4782 4094

 1587 71 4095

 1587 4095 4782

 4090 4783 3867

 4090 3867 1374

 787 2272 4783

 787 4783 4090

 2272 788 4093

 2272 4093 4783

 4091 4784 3979

 4091 3979 1368

 774 3004 4784

 774 4784 4091

 3004 798 4092

 3004 4092 4784

 4089 4785 3866

 4089 3866 1373

 786 2271 4785

 786 4785 4089

 2271 787 4090

 2271 4090 4785

 4087 4786 3978

 4087 3978 1377

 799 3003 4786

 799 4786 4087

 3003 775 4088

 3003 4088 4786

 4086 4787 3935

 4086 3935 1471

 1163 2644 4787

 1163 4787 4086

 2644 1176 4085

 2644 4085 4787

 4085 4788 3934

 4085 3934 1484

 1176 2643 4788

 1176 4788 4085

 2643 1175 4080

 2643 4080 4788

 4083 4789 4032

 4083 4032 1265

 249 3547 4789

 249 4789 4083

 3547 225 4084

 3547 4084 4789

 4081 4790 4052

 4081 4052 1231

 88 3705 4790

 88 4790 4081

 3705 60 4082

 3705 4082 4790

 4080 4791 3933

 4080 3933 1483

 1175 2642 4791

 1175 4791 4080

 2642 1174 4077

 2642 4077 4791

 4074 4792 3849

 4074 3849 1340

 630 2121 4792

 630 4792 4074

 2121 631 4079

 2121 4079 4792

 4077 4793 3932

 4077 3932 1482

 1174 2641 4793

 1174 4793 4077

 2641 1173 4078

 2641 4078 4793

 4075 4794 3993

 4075 3993 1334

 621 3150 4794

 621 4794 4075

 3150 653 4076

 3150 4076 4794

 4073 4795 3848

 4073 3848 1339

 629 2120 4795

 629 4795 4073

 2120 630 4074

 2120 4074 4795

 4071 4796 3931

 4071 3931 1480

 1172 2640 4796

 1172 4796 4071

 2640 1171 4072

 2640 4072 4796

 3761 4797 1532

 3761 1532 7

 1 1527 4797

 1 4797 3761

 1527 0 3762

 1527 3762 4797

 7001 4799 7005

 2 1528 4798

 2 4798 3760

 1528 1 3761

 1528 3761 4798

 7005 3760 7006

 3 1529 4799

 3 4799 3759

 1529 2 3760

 1529 3760 4799

 3758 4800 1533

 3758 1533 9

 4 1530 4800

 4 4800 3758

 1530 3 3759

 1530 3759 4800

 3757 4801 1534

 3757 1534 10

 5 1531 4801

 5 4801 3757

 1531 4 3758

 1531 3758 4801

 3755 4802 1536

 3755 1536 13

 7 1532 4802

 7 4802 3755

 1532 6 3756

 1532 3756 4802

 7006 3760 4798

 3761 6993 4798

 6993 3761 7

 6995 7 3755

 6995 3755 13

 6995 1537 6997

 3753 4803 1539

 3753 1539 16

 9 1533 4803

 9 4803 3753

 1533 8 3754

 1533 3754 4803

 3752 4804 1540

 3752 1540 17

 10 1534 4804

 10 4804 3752

 1534 9 3753

 1534 3753 4804

 3751 4805 1541

 3751 1541 18

 11 1535 4805

 11 4805 3751

 1535 10 3752

 1535 3752 4805

 3749 4806 1543

 3749 1543 21

 13 1536 4806

 13 4806 3749

 1536 12 3750

 1536 3750 4806

 3748 4807 1544

 3748 1544 22

 14 1537 4807

 14 4807 3748

 1537 13 3749

 1537 3749 4807

 3747 4808 1545

 3747 1545 23

 15 1538 4808

 15 4808 3747

 1538 14 3748

 1538 3748 4808

 3746 4809 1546

 3746 1546 24

 16 1539 4809

 16 4809 3746

 1539 15 3747

 1539 3747 4809

 3745 4810 1547

 3745 1547 25

 17 1540 4810

 17 4810 3745

 1540 16 3746

 1540 3746 4810

 3744 4811 1548

 3744 1548 26

 18 1541 4811

 18 4811 3744

 1541 17 3745

 1541 3745 4811

 3743 4812 1549

 3743 1549 27

 19 1542 4812

 19 4812 3743

 1542 18 3744

 1542 3744 4812

 3741 4813 1553

 3741 1553 33

 24 1546 4813

 24 4813 3741

 1546 23 3742

 1546 3742 4813

 3740 4814 1554

 3740 1554 34

 25 1547 4814

 25 4814 3740

 1547 24 3741

 1547 3741 4814

 3739 4815 1555

 3739 1555 35

 26 1548 4815

 26 4815 3739

 1548 25 3740

 1548 3740 4815

 3738 4816 1556

 3738 1556 36

 27 1549 4816

 27 4816 3738

 1549 26 3739

 1549 3739 4816

 3736 4817 1560

 3736 1560 41

 29 1550 4817

 29 4817 3736

 1550 28 3737

 1550 3737 4817

 3735 4818 1561

 3735 1561 42

 30 1551 4818

 30 4818 3735

 1551 29 3736

 1551 3736 4818

 3734 4819 1562

 3734 1562 43

 31 1552 4819

 31 4819 3734

 1552 30 3735

 1552 3735 4819

 3732 4820 1565

 3732 1565 47

 33 1553 4820

 33 4820 3732

 1553 32 3733

 1553 3733 4820

 3731 4821 1566

 3731 1566 48

 34 1554 4821

 34 4821 3731

 1554 33 3732

 1554 3732 4821

 3730 4822 1567

 3730 1567 49

 35 1555 4822

 35 4822 3730

 1555 34 3731

 1555 3731 4822

 3729 4823 1568

 3729 1568 50

 36 1556 4823

 36 4823 3729

 1556 35 3730

 1556 3730 4823

 3727 4824 1571

 3727 1571 54

 38 1557 4824

 38 4824 3727

 1557 37 3728

 1557 3728 4824

 3726 4825 1572

 3726 1572 55

 39 1558 4825

 39 4825 3726

 1558 38 3727

 1558 3727 4825

 3725 4826 1573

 3725 1573 56

 40 1559 4826

 40 4826 3725

 1559 39 3726

 1559 3726 4826

 3724 4827 1574

 3724 1574 57

 41 1560 4827

 41 4827 3724

 1560 40 3725

 1560 3725 4827

 3723 4828 1575

 3723 1575 58

 42 1561 4828

 42 4828 3723

 1561 41 3724

 1561 3724 4828

 3722 4829 1576

 3722 1576 59

 43 1562 4829

 43 4829 3722

 1562 42 3723

 1562 3723 4829

 3720 4830 1580

 3720 1580 64

 45 1563 4830

 45 4830 3720

 1563 44 3721

 1563 3721 4830

 3719 4831 1581

 3719 1581 65

 46 1564 4831

 46 4831 3719

 1564 45 3720

 1564 3720 4831

 3718 4832 1582

 3718 1582 66

 47 1565 4832

 47 4832 3718

 1565 46 3719

 1565 3719 4832

 3717 4833 1583

 3717 1583 67

 48 1566 4833

 48 4833 3717

 1566 47 3718

 1566 3718 4833

 3716 4834 1584

 3716 1584 68

 49 1567 4834

 49 4834 3716

 1567 48 3717

 1567 3717 4834

 3715 4835 1585

 3715 1585 69

 50 1568 4835

 50 4835 3715

 1568 49 3716

 1568 3716 4835

 3714 4836 1586

 3714 1586 70

 51 1569 4836

 51 4836 3714

 1569 50 3715

 1569 3715 4836

 3712 4837 1593

 3712 1593 77

 53 1570 4837

 53 4837 3712

 1570 52 3713

 1570 3713 4837

 3711 4838 1594

 3711 1594 78

 54 1571 4838

 54 4838 3711

 1571 53 3712

 1571 3712 4838

 3710 4839 1595

 3710 1595 79

 55 1572 4839

 55 4839 3710

 1572 54 3711

 1572 3711 4839

 3709 4840 1596

 3709 1596 80

 56 1573 4840

 56 4840 3709

 1573 55 3710

 1573 3710 4840

 3708 4841 1597

 3708 1597 81

 57 1574 4841

 57 4841 3708

 1574 56 3709

 1574 3709 4841

 3707 4842 1598

 3707 1598 82

 58 1575 4842

 58 4842 3707

 1575 57 3708

 1575 3708 4842

 3706 4843 1599

 3706 1599 83

 59 1576 4843

 59 4843 3706

 1576 58 3707

 1576 3707 4843

 3704 4844 1604

 3704 1604 89

 61 1577 4844

 61 4844 3704

 1577 60 3705

 1577 3705 4844

 3703 4845 1605

 3703 1605 90

 62 1578 4845

 62 4845 3703

 1578 61 3704

 1578 3704 4845

 3702 4846 1606

 3702 1606 91

 63 1579 4846

 63 4846 3702

 1579 62 3703

 1579 3703 4846

 3701 4847 1607

 3701 1607 92

 64 1580 4847

 64 4847 3701

 1580 63 3702

 1580 3702 4847

 3700 4848 1608

 3700 1608 93

 65 1581 4848

 65 4848 3700

 1581 64 3701

 1581 3701 4848

 3699 4849 1609

 3699 1609 94

 66 1582 4849

 66 4849 3699

 1582 65 3700

 1582 3700 4849

 3698 4850 1610

 3698 1610 95

 67 1583 4850

 67 4850 3698

 1583 66 3699

 1583 3699 4850

 3697 4851 1611

 3697 1611 96

 68 1584 4851

 68 4851 3697

 1584 67 3698

 1584 3698 4851

 3696 4852 1612

 3696 1612 97

 69 1585 4852

 69 4852 3696

 1585 68 3697

 1585 3697 4852

 3695 4853 1613

 3695 1613 98

 70 1586 4853

 70 4853 3695

 1586 69 3696

 1586 3696 4853

 3694 4854 1614

 3694 1614 99

 71 1587 4854

 71 4854 3694

 1587 70 3695

 1587 3695 4854

 3693 4855 1615

 3693 1615 100

 72 1588 4855

 72 4855 3693

 1588 71 3694

 1588 3694 4855

 3692 4856 1616

 3692 1616 101

 73 1589 4856

 73 4856 3692

 1589 72 3693

 1589 3693 4856

 3691 4857 1617

 3691 1617 102

 74 1590 4857

 74 4857 3691

 1590 73 3692

 1590 3692 4857

 3690 4858 1618

 3690 1618 103

 1591 74 3691

 1591 3691 4858

 3689 4859 1619

 3689 1619 104

 76 1592 4859

 76 4859 3689

 1592 75 3690

 1592 3690 4859

 3688 4860 1620

 3688 1620 105

 77 1593 4860

 77 4860 3688

 1593 76 3689

 1593 3689 4860

 3687 4861 1621

 3687 1621 106

 78 1594 4861

 78 4861 3687

 1594 77 3688

 1594 3688 4861

 3686 4862 1622

 3686 1622 107

 79 1595 4862

 79 4862 3686

 1595 78 3687

 1595 3687 4862

 3685 4863 1623

 3685 1623 108

 80 1596 4863

 80 4863 3685

 1596 79 3686

 1596 3686 4863

 3684 4864 1624

 3684 1624 109

 81 1597 4864

 81 4864 3684

 1597 80 3685

 1597 3685 4864

 3682 4865 1625

 3682 1625 111

 85 1600 4865

 85 4865 3682

 1600 84 3683

 1600 3683 4865

 3681 4866 1626

 3681 1626 112

 86 1601 4866

 86 4866 3681

 1601 85 3682

 1601 3682 4866

 3680 4867 1627

 3680 1627 113

 87 1602 4867

 87 4867 3680

 1602 86 3681

 1602 3681 4867

 3679 4868 1628

 3679 1628 114

 88 1603 4868

 88 4868 3679

 1603 87 3680

 1603 3680 4868

 3678 4869 1629

 3678 1629 115

 89 1604 4869

 89 4869 3678

 1604 88 3679

 1604 3679 4869

 3677 4870 1630

 3677 1630 116

 90 1605 4870

 90 4870 3677

 1605 89 3678

 1605 3678 4870

 3676 4871 1631

 3676 1631 117

 91 1606 4871

 91 4871 3676

 1606 90 3677

 1606 3677 4871

 3675 4872 1632

 3675 1632 118

 92 1607 4872

 92 4872 3675

 1607 91 3676

 1607 3676 4872

 3674 4873 1633

 3674 1633 119

 93 1608 4873

 93 4873 3674

 1608 92 3675

 1608 3675 4873

 3673 4874 1634

 3673 1634 120

 94 1609 4874

 94 4874 3673

 1609 93 3674

 1609 3674 4874

 3672 4875 1635

 3672 1635 121

 95 1610 4875

 95 4875 3672

 1610 94 3673

 1610 3673 4875

 3671 4876 1636

 3671 1636 122

 96 1611 4876

 96 4876 3671

 1611 95 3672

 1611 3672 4876

 3670 4877 1637

 3670 1637 123

 97 1612 4877

 97 4877 3670

 1612 96 3671

 1612 3671 4877

 3669 4878 1638

 3669 1638 124

 98 1613 4878

 98 4878 3669

 1613 97 3670

 1613 3670 4878

 3668 4879 1639

 3668 1639 125

 99 1614 4879

 99 4879 3668

 1614 98 3669

 1614 3669 4879

 3667 4880 1640

 3667 1640 126

 100 1615 4880

 100 4880 3667

 1615 99 3668

 1615 3668 4880

 3666 4881 1641

 3666 1641 127

 101 1616 4881

 101 4881 3666

 1616 100 3667

 1616 3667 4881

 3665 4882 1642

 3665 1642 128

 102 1617 4882

 102 4882 3665

 1617 101 3666

 1617 3666 4882

 3664 4883 1643

 3664 1643 129

 103 1618 4883

 103 4883 3664

 1618 102 3665

 1618 3665 4883

 3663 4884 1644

 3663 1644 130

 104 1619 4884

 104 4884 3663

 1619 103 3664

 1619 3664 4884

 3662 4885 1645

 3662 1645 131

 105 1620 4885

 105 4885 3662

 1620 104 3663

 1620 3663 4885

 3661 4886 1646

 3661 1646 132

 106 1621 4886

 106 4886 3661

 1621 105 3662

 1621 3662 4886

 3660 4887 1647

 3660 1647 133

 107 1622 4887

 107 4887 3660

 1622 106 3661

 1622 3661 4887

 3659 4888 1648

 3659 1648 134

 108 1623 4888

 108 4888 3659

 1623 107 3660

 1623 3660 4888

 3657 4889 1649

 3657 1649 136

 111 1625 4889

 111 4889 3657

 1625 110 3658

 1625 3658 4889

 3656 4890 1650

 3656 1650 137

 112 1626 4890

 112 4890 3656

 1626 111 3657

 1626 3657 4890

 3655 4891 1651

 3655 1651 138

 113 1627 4891

 113 4891 3655

 1627 112 3656

 1627 3656 4891

 3654 4892 1652

 3654 1652 139

 114 1628 4892

 114 4892 3654

 1628 113 3655

 1628 3655 4892

 3653 4893 1653

 3653 1653 140

 115 1629 4893

 115 4893 3653

 1629 114 3654

 1629 3654 4893

 3652 4894 1654

 3652 1654 141

 116 1630 4894

 116 4894 3652

 1630 115 3653

 1630 3653 4894

 3651 4895 1655

 3651 1655 142

 117 1631 4895

 117 4895 3651

 1631 116 3652

 1631 3652 4895

 3650 4896 1656

 3650 1656 143

 118 1632 4896

 118 4896 3650

 1632 117 3651

 1632 3651 4896

 3648 4897 1658

 3648 1658 145

 120 1634 4897

 120 4897 3648

 1634 119 3649

 1634 3649 4897

 3647 4898 1659

 3647 1659 146

 121 1635 4898

 121 4898 3647

 1635 120 3648

 1635 3648 4898

 3646 4899 1660

 3646 1660 147

 122 1636 4899

 122 4899 3646

 1636 121 3647

 1636 3647 4899

 3645 4900 1661

 3645 1661 148

 123 1637 4900

 123 4900 3645

 1637 122 3646

 1637 3646 4900

 3644 4901 1662

 3644 1662 149

 124 1638 4901

 124 4901 3644

 1638 123 3645

 1638 3645 4901

 3643 4902 1663

 3643 1663 150

 125 1639 4902

 125 4902 3643

 1639 124 3644

 1639 3644 4902

 3642 4903 1664

 3642 1664 151

 126 1640 4903

 126 4903 3642

 1640 125 3643

 1640 3643 4903

 3641 4904 1665

 3641 1665 152

 127 1641 4904

 127 4904 3641

 1641 126 3642

 1641 3642 4904

 3640 4905 1666

 3640 1666 153

 128 1642 4905

 128 4905 3640

 1642 127 3641

 1642 3641 4905

 3639 4906 1667

 3639 1667 154

 129 1643 4906

 129 4906 3639

 1643 128 3640

 1643 3640 4906

 3638 4907 1668

 3638 1668 155

 130 1644 4907

 130 4907 3638

 1644 129 3639

 1644 3639 4907

 3637 4908 1669

 3637 1669 156

 131 1645 4908

 131 4908 3637

 1645 130 3638

 1645 3638 4908

 3636 4909 1670

 3636 1670 157

 132 1646 4909

 132 4909 3636

 1646 131 3637

 1646 3637 4909

 3634 4910 1671

 3634 1671 159

 136 1649 4910

 136 4910 3634

 1649 135 3635

 1649 3635 4910

 3633 4911 1672

 3633 1672 160

 137 1650 4911

 137 4911 3633

 1650 136 3634

 1650 3634 4911

 3632 4912 1673

 3632 1673 161

 138 1651 4912

 138 4912 3632

 1651 137 3633

 1651 3633 4912

 3631 4913 1674

 3631 1674 162

 139 1652 4913

 139 4913 3631

 1652 138 3632

 1652 3632 4913

 3630 4914 1675

 3630 1675 163

 140 1653 4914

 140 4914 3630

 1653 139 3631

 1653 3631 4914

 3629 4915 1676

 3629 1676 164

 141 1654 4915

 141 4915 3629

 1654 140 3630

 1654 3630 4915

 3628 4916 1677

 3628 1677 165

 142 1655 4916

 142 4916 3628

 1655 141 3629

 1655 3629 4916

 3627 4917 1678

 3627 1678 166

 143 1656 4917

 143 4917 3627

 1656 142 3628

 1656 3628 4917

 3626 4918 1679

 3626 1679 167

 144 1657 4918

 144 4918 3626

 1657 143 3627

 1657 3627 4918

 3625 4919 1680

 3625 1680 168

 145 1658 4919

 145 4919 3625

 1658 144 3626

 1658 3626 4919

 3624 4920 1681

 3624 1681 169

 146 1659 4920

 146 4920 3624

 1659 145 3625

 1659 3625 4920

 3623 4921 1682

 3623 1682 170

 147 1660 4921

 147 4921 3623

 1660 146 3624

 1660 3624 4921

 3622 4922 1683

 3622 1683 171

 148 1661 4922

 148 4922 3622

 1661 147 3623

 1661 3623 4922

 3621 4923 1684

 3621 1684 172

 149 1662 4923

 149 4923 3621

 1662 148 3622

 1662 3622 4923

 3620 4924 1685

 3620 1685 173

 150 1663 4924

 150 4924 3620

 1663 149 3621

 1663 3621 4924

 3619 4925 1686

 3619 1686 174

 151 1664 4925

 151 4925 3619

 1664 150 3620

 1664 3620 4925

 3618 4926 1687

 3618 1687 175

 152 1665 4926

 152 4926 3618

 1665 151 3619

 1665 3619 4926

 3617 4927 1688

 3617 1688 176

 153 1666 4927

 153 4927 3617

 1666 152 3618

 1666 3618 4927

 3616 4928 1689

 3616 1689 177

 154 1667 4928

 154 4928 3616

 1667 153 3617

 1667 3617 4928

 3615 4929 1690

 3615 1690 178

 155 1668 4929

 155 4929 3615

 1668 154 3616

 1668 3616 4929

 3613 4930 1691

 3613 1691 180

 159 1671 4930

 159 4930 3613

 1671 158 3614

 1671 3614 4930

 3612 4931 1692

 3612 1692 181

 160 1672 4931

 160 4931 3612

 1672 159 3613

 1672 3613 4931

 3611 4932 1693

 3611 1693 182

 161 1673 4932

 161 4932 3611

 1673 160 3612

 1673 3612 4932

 3610 4933 1694

 3610 1694 183

 162 1674 4933

 162 4933 3610

 1674 161 3611

 1674 3611 4933

 3609 4934 1695

 3609 1695 184

 163 1675 4934

 163 4934 3609

 1675 162 3610

 1675 3610 4934

 3608 4935 1696

 3608 1696 185

 164 1676 4935

 164 4935 3608

 1676 163 3609

 1676 3609 4935

 3607 4936 1697

 3607 1697 186

 165 1677 4936

 165 4936 3607

 1677 164 3608

 1677 3608 4936

 3606 4937 1698

 3606 1698 187

 166 1678 4937

 166 4937 3606

 1678 165 3607

 1678 3607 4937

 3605 4938 1699

 3605 1699 188

 167 1679 4938

 167 4938 3605

 1679 166 3606

 1679 3606 4938

 3604 4939 1700

 3604 1700 189

 168 1680 4939

 168 4939 3604

 1680 167 3605

 1680 3605 4939

 3603 4940 1701

 3603 1701 190

 169 1681 4940

 169 4940 3603

 1681 168 3604

 1681 3604 4940

 3602 4941 1702

 3602 1702 191

 170 1682 4941

 170 4941 3602

 1682 169 3603

 1682 3603 4941

 3601 4942 1703

 3601 1703 192

 171 1683 4942

 171 4942 3601

 1683 170 3602

 1683 3602 4942

 3600 4943 1704

 3600 1704 193

 172 1684 4943

 172 4943 3600

 1684 171 3601

 1684 3601 4943

 3599 4944 1705

 3599 1705 194

 173 1685 4944

 173 4944 3599

 1685 172 3600

 1685 3600 4944

 3597 4945 1707

 3597 1707 196

 175 1687 4945

 175 4945 3597

 1687 174 3598

 1687 3598 4945

 3596 4946 1708

 3596 1708 197

 176 1688 4946

 176 4946 3596

 1688 175 3597

 1688 3597 4946

 3595 4947 1709

 3595 1709 198

 177 1689 4947

 177 4947 3595

 1689 176 3596

 1689 3596 4947

 3594 4948 1710

 3594 1710 199

 178 1690 4948

 178 4948 3594

 1690 177 3595

 1690 3595 4948

 3592 4949 1713

 3592 1713 203

 180 1691 4949

 180 4949 3592

 1691 179 3593

 1691 3593 4949

 3591 4950 1714

 3591 1714 204

 181 1692 4950

 181 4950 3591

 1692 180 3592

 1692 3592 4950

 3590 4951 1715

 3590 1715 205

 182 1693 4951

 182 4951 3590

 1693 181 3591

 1693 3591 4951

 3589 4952 1716

 3589 1716 206

 183 1694 4952

 183 4952 3589

 1694 182 3590

 1694 3590 4952

 3588 4953 1717

 3588 1717 207

 184 1695 4953

 184 4953 3588

 1695 183 3589

 1695 3589 4953

 3587 4954 1718

 3587 1718 208

 185 1696 4954

 185 4954 3587

 1696 184 3588

 1696 3588 4954

 3586 4955 1719

 3586 1719 209

 186 1697 4955

 186 4955 3586

 1697 185 3587

 1697 3587 4955

 3585 4956 1720

 3585 1720 210

 187 1698 4956

 187 4956 3585

 1698 186 3586

 1698 3586 4956

 3584 4957 1721

 3584 1721 211

 188 1699 4957

 188 4957 3584

 1699 187 3585

 1699 3585 4957

 3583 4958 1722

 3583 1722 212

 189 1700 4958

 189 4958 3583

 1700 188 3584

 1700 3584 4958

 3582 4959 1723

 3582 1723 213

 190 1701 4959

 190 4959 3582

 1701 189 3583

 1701 3583 4959

 3581 4960 1724

 3581 1724 214

 191 1702 4960

 191 4960 3581

 1702 190 3582

 1702 3582 4960

 3580 4961 1725

 3580 1725 215

 192 1703 4961

 192 4961 3580

 1703 191 3581

 1703 3581 4961

 3579 4962 1726

 3579 1726 216

 193 1704 4962

 193 4962 3579

 1704 192 3580

 1704 3580 4962

 3578 4963 1727

 3578 1727 217

 194 1705 4963

 194 4963 3578

 1705 193 3579

 1705 3579 4963

 3577 4964 1728

 3577 1728 218

 195 1706 4964

 195 4964 3577

 1706 194 3578

 1706 3578 4964

 3576 4965 1729

 3576 1729 219

 196 1707 4965

 196 4965 3576

 1707 195 3577

 1707 3577 4965

 3575 4966 1730

 3575 1730 220

 197 1708 4966

 197 4966 3575

 1708 196 3576

 1708 3576 4966

 3574 4967 1731

 3574 1731 221

 198 1709 4967

 198 4967 3574

 1709 197 3575

 1709 3575 4967

 3573 4968 1732

 3573 1732 222

 199 1710 4968

 199 4968 3573

 1710 198 3574

 1710 3574 4968

 3572 4969 1733

 3572 1733 223

 200 1711 4969

 200 4969 3572

 1711 199 3573

 1711 3573 4969

 3570 4970 1735

 3570 1735 226

 202 1712 4970

 202 4970 3570

 1712 201 3571

 1712 3571 4970

 3569 4971 1736

 3569 1736 227

 203 1713 4971

 203 4971 3569

 1713 202 3570

 1713 3570 4971

 3568 4972 1737

 3568 1737 228

 204 1714 4972

 204 4972 3568

 1714 203 3569

 1714 3569 4972

 3567 4973 1738

 3567 1738 229

 205 1715 4973

 205 4973 3567

 1715 204 3568

 1715 3568 4973

 3566 4974 1739

 3566 1739 230

 206 1716 4974

 206 4974 3566

 1716 205 3567

 1716 3567 4974

 3565 4975 1740

 3565 1740 231

 207 1717 4975

 207 4975 3565

 1717 206 3566

 1717 3566 4975

 3564 4976 1741

 3564 1741 232

 208 1718 4976

 208 4976 3564

 1718 207 3565

 1718 3565 4976

 3563 4977 1742

 3563 1742 233

 209 1719 4977

 209 4977 3563

 1719 208 3564

 1719 3564 4977

 3562 4978 1743

 3562 1743 234

 210 1720 4978

 210 4978 3562

 1720 209 3563

 1720 3563 4978

 3561 4979 1744

 3561 1744 235

 211 1721 4979

 211 4979 3561

 1721 210 3562

 1721 3562 4979

 3560 4980 1745

 3560 1745 236

 212 1722 4980

 212 4980 3560

 1722 211 3561

 1722 3561 4980

 3559 4981 1746

 3559 1746 237

 213 1723 4981

 213 4981 3559

 1723 212 3560

 1723 3560 4981

 3558 4982 1747

 3558 1747 238

 214 1724 4982

 214 4982 3558

 1724 213 3559

 1724 3559 4982

 3557 4983 1748

 3557 1748 239

 215 1725 4983

 215 4983 3557

 1725 214 3558

 1725 3558 4983

 3555 4984 1749

 3555 1749 241

 217 1727 4984

 217 4984 3555

 1727 216 3556

 1727 3556 4984

 3554 4985 1750

 3554 1750 242

 218 1728 4985

 218 4985 3554

 1728 217 3555

 1728 3555 4985

 3553 4986 1751

 3553 1751 243

 219 1729 4986

 219 4986 3553

 1729 218 3554

 1729 3554 4986

 3552 4987 1752

 3552 1752 244

 220 1730 4987

 220 4987 3552

 1730 219 3553

 1730 3553 4987

 3551 4988 1753

 3551 1753 245

 221 1731 4988

 221 4988 3551

 1731 220 3552

 1731 3552 4988

 3550 4989 1754

 3550 1754 246

 222 1732 4989

 222 4989 3550

 1732 221 3551

 1732 3551 4989

 3549 4990 1755

 3549 1755 247

 223 1733 4990

 223 4990 3549

 1733 222 3550

 1733 3550 4990

 3548 4991 1756

 3548 1756 248

 224 1734 4991

 224 4991 3548

 1734 223 3549

 1734 3549 4991

 3546 4992 1757

 3546 1757 250

 226 1735 4992

 226 4992 3546

 1735 225 3547

 1735 3547 4992

 3545 4993 1758

 3545 1758 251

 227 1736 4993

 227 4993 3545

 1736 226 3546

 1736 3546 4993

 3544 4994 1759

 3544 1759 252

 228 1737 4994

 228 4994 3544

 1737 227 3545

 1737 3545 4994

 3543 4995 1760

 3543 1760 253

 229 1738 4995

 229 4995 3543

 1738 228 3544

 1738 3544 4995

 3542 4996 1761

 3542 1761 254

 230 1739 4996

 230 4996 3542

 1739 229 3543

 1739 3543 4996

 3541 4997 1762

 3541 1762 255

 231 1740 4997

 231 4997 3541

 1740 230 3542

 1740 3542 4997

 3540 4998 1763

 3540 1763 256

 232 1741 4998

 232 4998 3540

 1741 231 3541

 1741 3541 4998

 3539 4999 1764

 3539 1764 257

 233 1742 4999

 233 4999 3539

 1742 232 3540

 1742 3540 4999

 3538 5000 1765

 3538 1765 258

 234 1743 5000

 234 5000 3538

 1743 233 3539

 1743 3539 5000

 3537 5001 1766

 3537 1766 259

 235 1744 5001

 235 5001 3537

 1744 234 3538

 1744 3538 5001

 3536 5002 1767

 3536 1767 260

 236 1745 5002

 236 5002 3536

 1745 235 3537

 1745 3537 5002

 3535 5003 1768

 3535 1768 261

 237 1746 5003

 237 5003 3535

 1746 236 3536

 1746 3536 5003

 3534 5004 1769

 3534 1769 262

 238 1747 5004

 238 5004 3534

 1747 237 3535

 1747 3535 5004

 3533 5005 1770

 3533 1770 263

 239 1748 5005

 239 5005 3533

 1748 238 3534

 1748 3534 5005

 3531 5006 1772

 3531 1772 265

 241 1749 5006

 241 5006 3531

 1749 240 3532

 1749 3532 5006

 3530 5007 1773

 3530 1773 266

 242 1750 5007

 242 5007 3530

 1750 241 3531

 1750 3531 5007

 3529 5008 1774

 3529 1774 267

 243 1751 5008

 243 5008 3529

 1751 242 3530

 1751 3530 5008

 3528 5009 1775

 3528 1775 268

 244 1752 5009

 244 5009 3528

 1752 243 3529

 1752 3529 5009

 3527 5010 1776

 3527 1776 269

 245 1753 5010

 245 5010 3527

 1753 244 3528

 1753 3528 5010

 3526 5011 1777

 3526 1777 270

 246 1754 5011

 246 5011 3526

 1754 245 3527

 1754 3527 5011

 3525 5012 1778

 3525 1778 271

 247 1755 5012

 247 5012 3525

 1755 246 3526

 1755 3526 5012

 3524 5013 1779

 3524 1779 272

 248 1756 5013

 248 5013 3524

 1756 247 3525

 1756 3525 5013

 3522 5014 1781

 3522 1781 275

 250 1757 5014

 250 5014 3522

 1757 249 3523

 1757 3523 5014

 3521 5015 1782

 3521 1782 276

 251 1758 5015

 251 5015 3521

 1758 250 3522

 1758 3522 5015

 3520 5016 1783

 3520 1783 277

 252 1759 5016

 252 5016 3520

 1759 251 3521

 1759 3521 5016

 3519 5017 1784

 3519 1784 278

 253 1760 5017

 253 5017 3519

 1760 252 3520

 1760 3520 5017

 3518 5018 1785

 3518 1785 279

 254 1761 5018

 254 5018 3518

 1761 253 3519

 1761 3519 5018

 3517 5019 1786

 3517 1786 280

 255 1762 5019

 255 5019 3517

 1762 254 3518

 1762 3518 5019

 3516 5020 1787

 3516 1787 281

 256 1763 5020

 256 5020 3516

 1763 255 3517

 1763 3517 5020

 3515 5021 1788

 3515 1788 282

 257 1764 5021

 257 5021 3515

 1764 256 3516

 1764 3516 5021

 3514 5022 1789

 3514 1789 283

 258 1765 5022

 258 5022 3514

 1765 257 3515

 1765 3515 5022

 3513 5023 1790

 3513 1790 284

 259 1766 5023

 259 5023 3513

 1766 258 3514

 1766 3514 5023

 3512 5024 1791

 3512 1791 285

 260 1767 5024

 260 5024 3512

 1767 259 3513

 1767 3513 5024

 3511 5025 1792

 3511 1792 286

 261 1768 5025

 261 5025 3511

 1768 260 3512

 1768 3512 5025

 3510 5026 1793

 3510 1793 287

 262 1769 5026

 262 5026 3510

 1769 261 3511

 1769 3511 5026

 3509 5027 1794

 3509 1794 288

 263 1770 5027

 263 5027 3509

 1770 262 3510

 1770 3510 5027

 3508 5028 1795

 3508 1795 289

 264 1771 5028

 264 5028 3508

 1771 263 3509

 1771 3509 5028

 3507 5029 1796

 3507 1796 290

 265 1772 5029

 265 5029 3507

 1772 264 3508

 1772 3508 5029

 3506 5030 1797

 3506 1797 291

 266 1773 5030

 266 5030 3506

 1773 265 3507

 1773 3507 5030

 3505 5031 1798

 3505 1798 292

 267 1774 5031

 267 5031 3505

 1774 266 3506

 1774 3506 5031

 3504 5032 1799

 3504 1799 293

 268 1775 5032

 268 5032 3504

 1775 267 3505

 1775 3505 5032

 3503 5033 1800

 3503 1800 294

 269 1776 5033

 269 5033 3503

 1776 268 3504

 1776 3504 5033

 3502 5034 1801

 3502 1801 295

 270 1777 5034

 270 5034 3502

 1777 269 3503

 1777 3503 5034

 3501 5035 1802

 3501 1802 296

 271 1778 5035

 271 5035 3501

 1778 270 3502

 1778 3502 5035

 3500 5036 1803

 3500 1803 297

 272 1779 5036

 272 5036 3500

 1779 271 3501

 1779 3501 5036

 3499 5037 1804

 3499 1804 298

 273 1780 5037

 273 5037 3499

 1780 272 3500

 1780 3500 5037

 3497 5038 1807

 3497 1807 302

 275 1781 5038

 275 5038 3497

 1781 274 3498

 1781 3498 5038

 3496 5039 1808

 3496 1808 303

 276 1782 5039

 276 5039 3496

 1782 275 3497

 1782 3497 5039

 3495 5040 1809

 3495 1809 304

 277 1783 5040

 277 5040 3495

 1783 276 3496

 1783 3496 5040

 3494 5041 1810

 3494 1810 305

 278 1784 5041

 278 5041 3494

 1784 277 3495

 1784 3495 5041

 3493 5042 1811

 3493 1811 306

 279 1785 5042

 279 5042 3493

 1785 278 3494

 1785 3494 5042

 3492 5043 1812

 3492 1812 307

 280 1786 5043

 280 5043 3492

 1786 279 3493

 1786 3493 5043

 3491 5044 1813

 3491 1813 308

 281 1787 5044

 281 5044 3491

 1787 280 3492

 1787 3492 5044

 3490 5045 1814

 3490 1814 309

 282 1788 5045

 282 5045 3490

 1788 281 3491

 1788 3491 5045

 3489 5046 1815

 3489 1815 310

 283 1789 5046

 283 5046 3489

 1789 282 3490

 1789 3490 5046

 3488 5047 1816

 3488 1816 311

 284 1790 5047

 284 5047 3488

 1790 283 3489

 1790 3489 5047

 3487 5048 1817

 3487 1817 312

 285 1791 5048

 285 5048 3487

 1791 284 3488

 1791 3488 5048

 3486 5049 1818

 3486 1818 313

 286 1792 5049

 286 5049 3486

 1792 285 3487

 1792 3487 5049

 3485 5050 1819

 3485 1819 314

 287 1793 5050

 287 5050 3485

 1793 286 3486

 1793 3486 5050

 3484 5051 1820

 3484 1820 315

 288 1794 5051

 288 5051 3484

 1794 287 3485

 1794 3485 5051

 3483 5052 1821

 3483 1821 316

 289 1795 5052

 289 5052 3483

 1795 288 3484

 1795 3484 5052

 3482 5053 1822

 3482 1822 317

 290 1796 5053

 290 5053 3482

 1796 289 3483

 1796 3483 5053

 3481 5054 1823

 3481 1823 318

 291 1797 5054

 291 5054 3481

 1797 290 3482

 1797 3482 5054

 3480 5055 1824

 3480 1824 319

 292 1798 5055

 292 5055 3480

 1798 291 3481

 1798 3481 5055

 3479 5056 1825

 3479 1825 320

 293 1799 5056

 293 5056 3479

 1799 292 3480

 1799 3480 5056

 3478 5057 1826

 3478 1826 321

 294 1800 5057

 294 5057 3478

 1800 293 3479

 1800 3479 5057

 3477 5058 1827

 3477 1827 322

 295 1801 5058

 295 5058 3477

 1801 294 3478

 1801 3478 5058

 3476 5059 1828

 3476 1828 323

 296 1802 5059

 296 5059 3476

 1802 295 3477

 1802 3477 5059

 3475 5060 1829

 3475 1829 324

 297 1803 5060

 297 5060 3475

 1803 296 3476

 1803 3476 5060

 3474 5061 1830

 3474 1830 325

 298 1804 5061

 298 5061 3474

 1804 297 3475

 1804 3475 5061

 3473 5062 1831

 3473 1831 326

 299 1805 5062

 299 5062 3473

 1805 298 3474

 1805 3474 5062

 3471 5063 1833

 3471 1833 329

 301 1806 5063

 301 5063 3471

 1806 300 3472

 1806 3472 5063

 3470 5064 1834

 3470 1834 330

 302 1807 5064

 302 5064 3470

 1807 301 3471

 1807 3471 5064

 3469 5065 1835

 3469 1835 331

 303 1808 5065

 303 5065 3469

 1808 302 3470

 1808 3470 5065

 3468 5066 1836

 3468 1836 332

 304 1809 5066

 304 5066 3468

 1809 303 3469

 1809 3469 5066

 3467 5067 1837

 3467 1837 333

 305 1810 5067

 305 5067 3467

 1810 304 3468

 1810 3468 5067

 3466 5068 1838

 3466 1838 334

 306 1811 5068

 306 5068 3466

 1811 305 3467

 1811 3467 5068

 3465 5069 1839

 3465 1839 335

 307 1812 5069

 307 5069 3465

 1812 306 3466

 1812 3466 5069

 3464 5070 1840

 3464 1840 336

 308 1813 5070

 308 5070 3464

 1813 307 3465

 1813 3465 5070

 3463 5071 1841

 3463 1841 337

 309 1814 5071

 309 5071 3463

 1814 308 3464

 1814 3464 5071

 3461 5072 1843

 3461 1843 339

 311 1816 5072

 311 5072 3461

 1816 310 3462

 1816 3462 5072

 3460 5073 1844

 3460 1844 340

 312 1817 5073

 312 5073 3460

 1817 311 3461

 1817 3461 5073

 3459 5074 1845

 3459 1845 341

 313 1818 5074

 313 5074 3459

 1818 312 3460

 1818 3460 5074

 3458 5075 1846

 3458 1846 342

 314 1819 5075

 314 5075 3458

 1819 313 3459

 1819 3459 5075

 3457 5076 1847

 3457 1847 343

 315 1820 5076

 315 5076 3457

 1820 314 3458

 1820 3458 5076

 3456 5077 1848

 3456 1848 344

 316 1821 5077

 316 5077 3456

 1821 315 3457

 1821 3457 5077

 3455 5078 1849

 3455 1849 345

 317 1822 5078

 317 5078 3455

 1822 316 3456

 1822 3456 5078

 3454 5079 1850

 3454 1850 346

 318 1823 5079

 318 5079 3454

 1823 317 3455

 1823 3455 5079

 3453 5080 1851

 3453 1851 347

 319 1824 5080

 319 5080 3453

 1824 318 3454

 1824 3454 5080

 3452 5081 1852

 3452 1852 348

 320 1825 5081

 320 5081 3452

 1825 319 3453

 1825 3453 5081

 3451 5082 1853

 3451 1853 349

 321 1826 5082

 321 5082 3451

 1826 320 3452

 1826 3452 5082

 3450 5083 1854

 3450 1854 350

 322 1827 5083

 322 5083 3450

 1827 321 3451

 1827 3451 5083

 3449 5084 1855

 3449 1855 351

 323 1828 5084

 323 5084 3449

 1828 322 3450

 1828 3450 5084

 3448 5085 1856

 3448 1856 352

 324 1829 5085

 324 5085 3448

 1829 323 3449

 1829 3449 5085

 3447 5086 1857

 3447 1857 353

 325 1830 5086

 325 5086 3447

 1830 324 3448

 1830 3448 5086

 3446 5087 1858

 3446 1858 354

 326 1831 5087

 326 5087 3446

 1831 325 3447

 1831 3447 5087

 3444 5088 1865

 3444 1865 363

 328 1832 5088

 328 5088 3444

 1832 327 3445

 1832 3445 5088

 3443 5089 1866

 3443 1866 364

 329 1833 5089

 329 5089 3443

 1833 328 3444

 1833 3444 5089

 3442 5090 1867

 3442 1867 365

 330 1834 5090

 330 5090 3442

 1834 329 3443

 1834 3443 5090

 3441 5091 1868

 3441 1868 366

 331 1835 5091

 331 5091 3441

 1835 330 3442

 1835 3442 5091

 3440 5092 1869

 3440 1869 367

 332 1836 5092

 332 5092 3440

 1836 331 3441

 1836 3441 5092

 3439 5093 1870

 3439 1870 368

 333 1837 5093

 333 5093 3439

 1837 332 3440

 1837 3440 5093

 3438 5094 1871

 3438 1871 369

 334 1838 5094

 334 5094 3438

 1838 333 3439

 1838 3439 5094

 3437 5095 1872

 3437 1872 370

 335 1839 5095

 335 5095 3437

 1839 334 3438

 1839 3438 5095

 3436 5096 1873

 3436 1873 371

 336 1840 5096

 336 5096 3436

 1840 335 3437

 1840 3437 5096

 3435 5097 1874

 3435 1874 372

 337 1841 5097

 337 5097 3435

 1841 336 3436

 1841 3436 5097

 3434 5098 1875

 3434 1875 373

 338 1842 5098

 338 5098 3434

 1842 337 3435

 1842 3435 5098

 3433 5099 1876

 3433 1876 374

 339 1843 5099

 339 5099 3433

 1843 338 3434

 1843 3434 5099

 3432 5100 1877

 3432 1877 375

 340 1844 5100

 340 5100 3432

 1844 339 3433

 1844 3433 5100

 3431 5101 1878

 3431 1878 376

 341 1845 5101

 341 5101 3431

 1845 340 3432

 1845 3432 5101

 3430 5102 1879

 3430 1879 377

 342 1846 5102

 342 5102 3430

 1846 341 3431

 1846 3431 5102

 3429 5103 1880

 3429 1880 378

 343 1847 5103

 343 5103 3429

 1847 342 3430

 1847 3430 5103

 3428 5104 1881

 3428 1881 379

 344 1848 5104

 344 5104 3428

 1848 343 3429

 1848 3429 5104

 3427 5105 1882

 3427 1882 380

 345 1849 5105

 345 5105 3427

 1849 344 3428

 1849 3428 5105

 3425 5106 1884

 3425 1884 382

 347 1851 5106

 347 5106 3425

 1851 346 3426

 1851 3426 5106

 3424 5107 1885

 3424 1885 383

 348 1852 5107

 348 5107 3424

 1852 347 3425

 1852 3425 5107

 3423 5108 1886

 3423 1886 384

 349 1853 5108

 349 5108 3423

 1853 348 3424

 1853 3424 5108

 3422 5109 1887

 3422 1887 385

 350 1854 5109

 350 5109 3422

 1854 349 3423

 1854 3423 5109

 3421 5110 1888

 3421 1888 386

 351 1855 5110

 351 5110 3421

 1855 350 3422

 1855 3422 5110

 3420 5111 1889

 3420 1889 387

 352 1856 5111

 352 5111 3420

 1856 351 3421

 1856 3421 5111

 3419 5112 1890

 3419 1890 388

 353 1857 5112

 353 5112 3419

 1857 352 3420

 1857 3420 5112

 3418 5113 1891

 3418 1891 389

 354 1858 5113

 354 5113 3418

 1858 353 3419

 1858 3419 5113

 3416 5114 1892

 3416 1892 391

 356 1859 5114

 356 5114 3416

 1859 355 3417

 1859 3417 5114

 3415 5115 1893

 3415 1893 392

 357 1860 5115

 357 5115 3415

 1860 356 3416

 1860 3416 5115

 3414 5116 1894

 3414 1894 393

 358 1861 5116

 358 5116 3414

 1861 357 3415

 1861 3415 5116

 3413 5117 1895

 3413 1895 394

 359 1862 5117

 359 5117 3413

 1862 358 3414

 1862 3414 5117

 3411 5118 1898

 3411 1898 397

 361 1863 5118

 361 5118 3411

 1863 360 3412

 1863 3412 5118

 3410 5119 1899

 3410 1899 398

 362 1864 5119

 362 5119 3410

 1864 361 3411

 1864 3411 5119

 3409 5120 1900

 3409 1900 399

 363 1865 5120

 363 5120 3409

 1865 362 3410

 1865 3410 5120

 3408 5121 1901

 3408 1901 400

 364 1866 5121

 364 5121 3408

 1866 363 3409

 1866 3409 5121

 3407 5122 1902

 3407 1902 401

 365 1867 5122

 365 5122 3407

 1867 364 3408

 1867 3408 5122

 3406 5123 1903

 3406 1903 402

 366 1868 5123

 366 5123 3406

 1868 365 3407

 1868 3407 5123

 3405 5124 1904

 3405 1904 403

 367 1869 5124

 367 5124 3405

 1869 366 3406

 1869 3406 5124

 3403 5125 1906

 3403 1906 405

 369 1871 5125

 369 5125 3403

 1871 368 3404

 1871 3404 5125

 3402 5126 1907

 3402 1907 406

 370 1872 5126

 370 5126 3402

 1872 369 3403

 1872 3403 5126

 3401 5127 1908

 3401 1908 407

 371 1873 5127

 371 5127 3401

 1873 370 3402

 1873 3402 5127

 3400 5128 1909

 3400 1909 408

 372 1874 5128

 372 5128 3400

 1874 371 3401

 1874 3401 5128

 3399 5129 1910

 3399 1910 409

 373 1875 5129

 373 5129 3399

 1875 372 3400

 1875 3400 5129

 3398 5130 1911

 3398 1911 410

 374 1876 5130

 374 5130 3398

 1876 373 3399

 1876 3399 5130

 3397 5131 1912

 3397 1912 411

 375 1877 5131

 375 5131 3397

 1877 374 3398

 1877 3398 5131

 3396 5132 1913

 3396 1913 412

 376 1878 5132

 376 5132 3396

 1878 375 3397

 1878 3397 5132

 3395 5133 1914

 3395 1914 413

 377 1879 5133

 377 5133 3395

 1879 376 3396

 1879 3396 5133

 3394 5134 1915

 3394 1915 414

 378 1880 5134

 378 5134 3394

 1880 377 3395

 1880 3395 5134

 3393 5135 1916

 3393 1916 415

 379 1881 5135

 379 5135 3393

 1881 378 3394

 1881 3394 5135

 3392 5136 1917

 3392 1917 416

 380 1882 5136

 380 5136 3392

 1882 379 3393

 1882 3393 5136

 3391 5137 1918

 3391 1918 417

 381 1883 5137

 381 5137 3391

 1883 380 3392

 1883 3392 5137

 3390 5138 1919

 3390 1919 418

 382 1884 5138

 382 5138 3390

 1884 381 3391

 1884 3391 5138

 3389 5139 1920

 3389 1920 419

 383 1885 5139

 383 5139 3389

 1885 382 3390

 1885 3390 5139

 3388 5140 1921

 3388 1921 420

 384 1886 5140

 384 5140 3388

 1886 383 3389

 1886 3389 5140

 3387 5141 1922

 3387 1922 421

 385 1887 5141

 385 5141 3387

 1887 384 3388

 1887 3388 5141

 3386 5142 1923

 3386 1923 422

 386 1888 5142

 386 5142 3386

 1888 385 3387

 1888 3387 5142

 3385 5143 1924

 3385 1924 423

 387 1889 5143

 387 5143 3385

 1889 386 3386

 1889 3386 5143

 3384 5144 1925

 3384 1925 424

 388 1890 5144

 388 5144 3384

 1890 387 3385

 1890 3385 5144

 3383 5145 1926

 3383 1926 425

 389 1891 5145

 389 5145 3383

 1891 388 3384

 1891 3384 5145

 3381 5146 1928

 3381 1928 428

 391 1892 5146

 391 5146 3381

 1892 390 3382

 1892 3382 5146

 3380 5147 1929

 3380 1929 429

 392 1893 5147

 392 5147 3380

 1893 391 3381

 1893 3381 5147

 3379 5148 1930

 3379 1930 430

 393 1894 5148

 393 5148 3379

 1894 392 3380

 1894 3380 5148

 3378 5149 1931

 3378 1931 431

 394 1895 5149

 394 5149 3378

 1895 393 3379

 1895 3379 5149

 3377 5150 1932

 3377 1932 432

 395 1896 5150

 395 5150 3377

 1896 394 3378

 1896 3378 5150

 3376 5151 1933

 3376 1933 433

 396 1897 5151

 396 5151 3376

 1897 395 3377

 1897 3377 5151

 3375 5152 1934

 3375 1934 434

 397 1898 5152

 397 5152 3375

 1898 396 3376

 1898 3376 5152

 3374 5153 1935

 3374 1935 435

 398 1899 5153

 398 5153 3374

 1899 397 3375

 1899 3375 5153

 3373 5154 1936

 3373 1936 436

 399 1900 5154

 399 5154 3373

 1900 398 3374

 1900 3374 5154

 3372 5155 1937

 3372 1937 437

 400 1901 5155

 400 5155 3372

 1901 399 3373

 1901 3373 5155

 3371 5156 1938

 3371 1938 438

 401 1902 5156

 401 5156 3371

 1902 400 3372

 1902 3372 5156

 3370 5157 1939

 3370 1939 439

 402 1903 5157

 402 5157 3370

 1903 401 3371

 1903 3371 5157

 3369 5158 1940

 3369 1940 440

 403 1904 5158

 403 5158 3369

 1904 402 3370

 1904 3370 5158

 3368 5159 1941

 3368 1941 441

 404 1905 5159

 404 5159 3368

 1905 403 3369

 1905 3369 5159

 3367 5160 1942

 3367 1942 442

 405 1906 5160

 405 5160 3367

 1906 404 3368

 1906 3368 5160

 3366 5161 1943

 3366 1943 443

 406 1907 5161

 406 5161 3366

 1907 405 3367

 1907 3367 5161

 3365 5162 1944

 3365 1944 444

 407 1908 5162

 407 5162 3365

 1908 406 3366

 1908 3366 5162

 3364 5163 1945

 3364 1945 445

 408 1909 5163

 408 5163 3364

 1909 407 3365

 1909 3365 5163

 3363 5164 1946

 3363 1946 446

 409 1910 5164

 409 5164 3363

 1910 408 3364

 1910 3364 5164

 3362 5165 1947

 3362 1947 447

 410 1911 5165

 410 5165 3362

 1911 409 3363

 1911 3363 5165

 3361 5166 1948

 3361 1948 448

 411 1912 5166

 411 5166 3361

 1912 410 3362

 1912 3362 5166

 3360 5167 1949

 3360 1949 449

 412 1913 5167

 412 5167 3360

 1913 411 3361

 1913 3361 5167

 3359 5168 1950

 3359 1950 450

 413 1914 5168

 413 5168 3359

 1914 412 3360

 1914 3360 5168

 3358 5169 1951

 3358 1951 451

 414 1915 5169

 414 5169 3358

 1915 413 3359

 1915 3359 5169

 3357 5170 1952

 3357 1952 452

 415 1916 5170

 415 5170 3357

 1916 414 3358

 1916 3358 5170

 3356 5171 1953

 3356 1953 453

 416 1917 5171

 416 5171 3356

 1917 415 3357

 1917 3357 5171

 3355 5172 1954

 3355 1954 454

 417 1918 5172

 417 5172 3355

 1918 416 3356

 1918 3356 5172

 3354 5173 1955

 3354 1955 455

 418 1919 5173

 418 5173 3354

 1919 417 3355

 1919 3355 5173

 3353 5174 1956

 3353 1956 456

 419 1920 5174

 419 5174 3353

 1920 418 3354

 1920 3354 5174

 3352 5175 1957

 3352 1957 457

 420 1921 5175

 420 5175 3352

 1921 419 3353

 1921 3353 5175

 3351 5176 1958

 3351 1958 458

 421 1922 5176

 421 5176 3351

 1922 420 3352

 1922 3352 5176

 3350 5177 1959

 3350 1959 459

 422 1923 5177

 422 5177 3350

 1923 421 3351

 1923 3351 5177

 3349 5178 1960

 3349 1960 460

 423 1924 5178

 423 5178 3349

 1924 422 3350

 1924 3350 5178

 3348 5179 1961

 3348 1961 461

 424 1925 5179

 424 5179 3348

 1925 423 3349

 1925 3349 5179

 3347 5180 1962

 3347 1962 462

 425 1926 5180

 425 5180 3347

 1926 424 3348

 1926 3348 5180

 3346 5181 1963

 3346 1963 463

 426 1927 5181

 426 5181 3346

 1927 425 3347

 1927 3347 5181

 3344 5182 1964

 3344 1964 465

 428 1928 5182

 428 5182 3344

 1928 427 3345

 1928 3345 5182

 3343 5183 1965

 3343 1965 466

 429 1929 5183

 429 5183 3343

 1929 428 3344

 1929 3344 5183

 3342 5184 1966

 3342 1966 467

 430 1930 5184

 430 5184 3342

 1930 429 3343

 1930 3343 5184

 3341 5185 1967

 3341 1967 468

 431 1931 5185

 431 5185 3341

 1931 430 3342

 1931 3342 5185

 3340 5186 1968

 3340 1968 469

 432 1932 5186

 432 5186 3340

 1932 431 3341

 1932 3341 5186

 3339 5187 1969

 3339 1969 470

 433 1933 5187

 433 5187 3339

 1933 432 3340

 1933 3340 5187

 3338 5188 1970

 3338 1970 471

 434 1934 5188

 434 5188 3338

 1934 433 3339

 1934 3339 5188

 3337 5189 1971

 3337 1971 472

 435 1935 5189

 435 5189 3337

 1935 434 3338

 1935 3338 5189

 3336 5190 1972

 3336 1972 473

 436 1936 5190

 436 5190 3336

 1936 435 3337

 1936 3337 5190

 3335 5191 1973

 3335 1973 474

 437 1937 5191

 437 5191 3335

 1937 436 3336

 1937 3336 5191

 3334 5192 1974

 3334 1974 475

 438 1938 5192

 438 5192 3334

 1938 437 3335

 1938 3335 5192

 3333 5193 1975

 3333 1975 476

 439 1939 5193

 439 5193 3333

 1939 438 3334

 1939 3334 5193

 3332 5194 1976

 3332 1976 477

 440 1940 5194

 440 5194 3332

 1940 439 3333

 1940 3333 5194

 3331 5195 1977

 3331 1977 478

 441 1941 5195

 441 5195 3331

 1941 440 3332

 1941 3332 5195

 3330 5196 1978

 3330 1978 479

 442 1942 5196

 442 5196 3330

 1942 441 3331

 1942 3331 5196

 3329 5197 1979

 3329 1979 480

 443 1943 5197

 443 5197 3329

 1943 442 3330

 1943 3330 5197

 3328 5198 1980

 3328 1980 481

 444 1944 5198

 444 5198 3328

 1944 443 3329

 1944 3329 5198

 3327 5199 1981

 3327 1981 482

 445 1945 5199

 445 5199 3327

 1945 444 3328

 1945 3328 5199

 3326 5200 1982

 3326 1982 483

 446 1946 5200

 446 5200 3326

 1946 445 3327

 1946 3327 5200

 3325 5201 1983

 3325 1983 484

 447 1947 5201

 447 5201 3325

 1947 446 3326

 1947 3326 5201

 3324 5202 1984

 3324 1984 485

 448 1948 5202

 448 5202 3324

 1948 447 3325

 1948 3325 5202

 3323 5203 1985

 3323 1985 486

 449 1949 5203

 449 5203 3323

 1949 448 3324

 1949 3324 5203

 3322 5204 1986

 3322 1986 487

 450 1950 5204

 450 5204 3322

 1950 449 3323

 1950 3323 5204

 3321 5205 1987

 3321 1987 488

 451 1951 5205

 451 5205 3321

 1951 450 3322

 1951 3322 5205

 3320 5206 1988

 3320 1988 489

 452 1952 5206

 452 5206 3320

 1952 451 3321

 1952 3321 5206

 3319 5207 1989

 3319 1989 490

 453 1953 5207

 453 5207 3319

 1953 452 3320

 1953 3320 5207

 3318 5208 1990

 3318 1990 491

 454 1954 5208

 454 5208 3318

 1954 453 3319

 1954 3319 5208

 3317 5209 1991

 3317 1991 492

 455 1955 5209

 455 5209 3317

 1955 454 3318

 1955 3318 5209

 3316 5210 1992

 3316 1992 493

 456 1956 5210

 456 5210 3316

 1956 455 3317

 1956 3317 5210

 3315 5211 1993

 3315 1993 494

 457 1957 5211

 457 5211 3315

 1957 456 3316

 1957 3316 5211

 3314 5212 1994

 3314 1994 495

 458 1958 5212

 458 5212 3314

 1958 457 3315

 1958 3315 5212

 3313 5213 1995

 3313 1995 496

 459 1959 5213

 459 5213 3313

 1959 458 3314

 1959 3314 5213

 3312 5214 1996

 3312 1996 497

 460 1960 5214

 460 5214 3312

 1960 459 3313

 1960 3313 5214

 3311 5215 1997

 3311 1997 498

 461 1961 5215

 461 5215 3311

 1961 460 3312

 1961 3312 5215

 3310 5216 1998

 3310 1998 499

 462 1962 5216

 462 5216 3310

 1962 461 3311

 1962 3311 5216

 3309 5217 1999

 3309 1999 500

 463 1963 5217

 463 5217 3309

 1963 462 3310

 1963 3310 5217

 3307 5218 2000

 3307 2000 502

 467 1966 5218

 467 5218 3307

 1966 466 3308

 1966 3308 5218

 3306 5219 2001

 3306 2001 503

 468 1967 5219

 468 5219 3306

 1967 467 3307

 1967 3307 5219

 3305 5220 2002

 3305 2002 504

 469 1968 5220

 469 5220 3305

 1968 468 3306

 1968 3306 5220

 3304 5221 2003

 3304 2003 505

 470 1969 5221

 470 5221 3304

 1969 469 3305

 1969 3305 5221

 3303 5222 2004

 3303 2004 506

 471 1970 5222

 471 5222 3303

 1970 470 3304

 1970 3304 5222

 3302 5223 2005

 3302 2005 507

 472 1971 5223

 472 5223 3302

 1971 471 3303

 1971 3303 5223

 3301 5224 2006

 3301 2006 508

 473 1972 5224

 473 5224 3301

 1972 472 3302

 1972 3302 5224

 3300 5225 2007

 3300 2007 509

 474 1973 5225

 474 5225 3300

 1973 473 3301

 1973 3301 5225

 3299 5226 2008

 3299 2008 510

 475 1974 5226

 475 5226 3299

 1974 474 3300

 1974 3300 5226

 3298 5227 2009

 3298 2009 511

 476 1975 5227

 476 5227 3298

 1975 475 3299

 1975 3299 5227

 3297 5228 2010

 3297 2010 512

 477 1976 5228

 477 5228 3297

 1976 476 3298

 1976 3298 5228

 3296 5229 2011

 3296 2011 513

 478 1977 5229

 478 5229 3296

 1977 477 3297

 1977 3297 5229

 3295 5230 2012

 3295 2012 514

 479 1978 5230

 479 5230 3295

 1978 478 3296

 1978 3296 5230

 3294 5231 2013

 3294 2013 515

 480 1979 5231

 480 5231 3294

 1979 479 3295

 1979 3295 5231

 3293 5232 2014

 3293 2014 516

 481 1980 5232

 481 5232 3293

 1980 480 3294

 1980 3294 5232

 3292 5233 2015

 3292 2015 517

 482 1981 5233

 482 5233 3292

 1981 481 3293

 1981 3293 5233

 3291 5234 2016

 3291 2016 518

 483 1982 5234

 483 5234 3291

 1982 482 3292

 1982 3292 5234

 3290 5235 2017

 3290 2017 519

 484 1983 5235

 484 5235 3290

 1983 483 3291

 1983 3291 5235

 3289 5236 2018

 3289 2018 520

 485 1984 5236

 485 5236 3289

 1984 484 3290

 1984 3290 5236

 3288 5237 2019

 3288 2019 521

 486 1985 5237

 486 5237 3288

 1985 485 3289

 1985 3289 5237

 3287 5238 2020

 3287 2020 522

 487 1986 5238

 487 5238 3287

 1986 486 3288

 1986 3288 5238

 3286 5239 2021

 3286 2021 523

 488 1987 5239

 488 5239 3286

 1987 487 3287

 1987 3287 5239

 3285 5240 2022

 3285 2022 524

 489 1988 5240

 489 5240 3285

 1988 488 3286

 1988 3286 5240

 3284 5241 2023

 3284 2023 525

 490 1989 5241

 490 5241 3284

 1989 489 3285

 1989 3285 5241

 3283 5242 2024

 3283 2024 526

 491 1990 5242

 491 5242 3283

 1990 490 3284

 1990 3284 5242

 3282 5243 2025

 3282 2025 527

 492 1991 5243

 492 5243 3282

 1991 491 3283

 1991 3283 5243

 3281 5244 2026

 3281 2026 528

 493 1992 5244

 493 5244 3281

 1992 492 3282

 1992 3282 5244

 3280 5245 2027

 3280 2027 529

 494 1993 5245

 494 5245 3280

 1993 493 3281

 1993 3281 5245

 3279 5246 2028

 3279 2028 530

 495 1994 5246

 495 5246 3279

 1994 494 3280

 1994 3280 5246

 3278 5247 2029

 3278 2029 531

 496 1995 5247

 496 5247 3278

 1995 495 3279

 1995 3279 5247

 3277 5248 2030

 3277 2030 532

 497 1996 5248

 497 5248 3277

 1996 496 3278

 1996 3278 5248

 3276 5249 2031

 3276 2031 533

 498 1997 5249

 498 5249 3276

 1997 497 3277

 1997 3277 5249

 3275 5250 2032

 3275 2032 534

 499 1998 5250

 499 5250 3275

 1998 498 3276

 1998 3276 5250

 3274 5251 2033

 3274 2033 535

 500 1999 5251

 500 5251 3274

 1999 499 3275

 1999 3275 5251

 3272 5252 2034

 3272 2034 537

 504 2002 5252

 504 5252 3272

 2002 503 3273

 2002 3273 5252

 3271 5253 2035

 3271 2035 538

 505 2003 5253

 505 5253 3271

 2003 504 3272

 2003 3272 5253

 3269 5254 4417

 3269 4417 1525

 692 2181 5254

 692 5254 3269

 2181 693 3270

 2181 3270 5254

 3238 5255 4445

 3238 4445 1498

 539 3267 5255

 539 5255 3238

 3267 509 3268

 3267 3268 5255

 3237 5256 4440

 3237 4440 1503

 568 3235 5256

 568 5256 3237

 3235 539 3238

 3235 3238 5256

 3207 5257 4388

 3207 4388 1491

 507 2005 5257

 507 5257 3207

 2005 506 3236

 2005 3236 5257

 3266 5258 2036

 3266 2036 540

 510 2008 5258

 510 5258 3266

 2008 509 3267

 2008 3267 5258

 3265 5259 2037

 3265 2037 541

 511 2009 5259

 511 5259 3265

 2009 510 3266

 2009 3266 5259

 3264 5260 2038

 3264 2038 542

 512 2010 5260

 512 5260 3264

 2010 511 3265

 2010 3265 5260

 3263 5261 2039

 3263 2039 543

 513 2011 5261

 513 5261 3263

 2011 512 3264

 2011 3264 5261

 3262 5262 2040

 3262 2040 544

 514 2012 5262

 514 5262 3262

 2012 513 3263

 2012 3263 5262

 3261 5263 2041

 3261 2041 545

 515 2013 5263

 515 5263 3261

 2013 514 3262

 2013 3262 5263

 3260 5264 2042

 3260 2042 546

 516 2014 5264

 516 5264 3260

 2014 515 3261

 2014 3261 5264

 3259 5265 2043

 3259 2043 547

 517 2015 5265

 517 5265 3259

 2015 516 3260

 2015 3260 5265

 3258 5266 2044

 3258 2044 548

 518 2016 5266

 518 5266 3258

 2016 517 3259

 2016 3259 5266

 3257 5267 2045

 3257 2045 549

 519 2017 5267

 519 5267 3257

 2017 518 3258

 2017 3258 5267

 3256 5268 2046

 3256 2046 550

 520 2018 5268

 520 5268 3256

 2018 519 3257

 2018 3257 5268

 3255 5269 2047

 3255 2047 551

 521 2019 5269

 521 5269 3255

 2019 520 3256

 2019 3256 5269

 3254 5270 2048

 3254 2048 552

 522 2020 5270

 522 5270 3254

 2020 521 3255

 2020 3255 5270

 3253 5271 2049

 3253 2049 553

 523 2021 5271

 523 5271 3253

 2021 522 3254

 2021 3254 5271

 3252 5272 2050

 3252 2050 554

 524 2022 5272

 524 5272 3252

 2022 523 3253

 2022 3253 5272

 3251 5273 2051

 3251 2051 555

 525 2023 5273

 525 5273 3251

 2023 524 3252

 2023 3252 5273

 3250 5274 2052

 3250 2052 556

 526 2024 5274

 526 5274 3250

 2024 525 3251

 2024 3251 5274

 3249 5275 2053

 3249 2053 557

 527 2025 5275

 527 5275 3249

 2025 526 3250

 2025 3250 5275

 3248 5276 2054

 3248 2054 558

 528 2026 5276

 528 5276 3248

 2026 527 3249

 2026 3249 5276

 3247 5277 2055

 3247 2055 559

 529 2027 5277

 529 5277 3247

 2027 528 3248

 2027 3248 5277

 3246 5278 2056

 3246 2056 560

 530 2028 5278

 530 5278 3246

 2028 529 3247

 2028 3247 5278

 3245 5279 2057

 3245 2057 561

 531 2029 5279

 531 5279 3245

 2029 530 3246

 2029 3246 5279

 3244 5280 2058

 3244 2058 562

 532 2030 5280

 532 5280 3244

 2030 531 3245

 2030 3245 5280

 3243 5281 2059

 3243 2059 563

 533 2031 5281

 533 5281 3243

 2031 532 3244

 2031 3244 5281

 3242 5282 2060

 3242 2060 564

 534 2032 5282

 534 5282 3242

 2032 533 3243

 2032 3243 5282

 3240 5283 2061

 3240 2061 566

 537 2034 5283

 537 5283 3240

 2034 536 3241

 2034 3241 5283

 3239 5284 2062

 3239 2062 567

 538 2035 5284

 538 5284 3239

 2035 537 3240

 2035 3240 5284

 3206 5285 4435

 3206 4435 1509

 601 3204 5285

 601 5285 3206

 3204 568 3237

 3204 3237 5285

 3205 5286 4389

 3205 4389 1492

 508 2006 5286

 508 5286 3205

 2006 507 3207

 2006 3207 5286

 3270 5287 4418

 3270 4418 1526

 693 3107 5287

 693 5287 3270

 3107 663 3174

 3107 3174 5287

 3172 5288 4423

 3172 4423 1521

 664 3136 5288

 664 5288 3172

 3136 633 3173

 3136 3173 5288

 3234 5289 2063

 3234 2063 569

 540 2036 5289

 540 5289 3234

 2036 539 3235

 2036 3235 5289

 3233 5290 2064

 3233 2064 570

 541 2037 5290

 541 5290 3233

 2037 540 3234

 2037 3234 5290

 3232 5291 2065

 3232 2065 571

 542 2038 5291

 542 5291 3232

 2038 541 3233

 2038 3233 5291

 3231 5292 2066

 3231 2066 572

 543 2039 5292

 543 5292 3231

 2039 542 3232

 2039 3232 5292

 3230 5293 2067

 3230 2067 573

 544 2040 5293

 544 5293 3230

 2040 543 3231

 2040 3231 5293

 3229 5294 2068

 3229 2068 574

 545 2041 5294

 545 5294 3229

 2041 544 3230

 2041 3230 5294

 3228 5295 2069

 3228 2069 575

 546 2042 5295

 546 5295 3228

 2042 545 3229

 2042 3229 5295

 3227 5296 2070

 3227 2070 576

 547 2043 5296

 547 5296 3227

 2043 546 3228

 2043 3228 5296

 3226 5297 2071

 3226 2071 577

 548 2044 5297

 548 5297 3226

 2044 547 3227

 2044 3227 5297

 3225 5298 2072

 3225 2072 578

 549 2045 5298

 549 5298 3225

 2045 548 3226

 2045 3226 5298

 3223 5299 2074

 3223 2074 580

 551 2047 5299

 551 5299 3223

 2047 550 3224

 2047 3224 5299

 3222 5300 2075

 3222 2075 581

 552 2048 5300

 552 5300 3222

 2048 551 3223

 2048 3223 5300

 3221 5301 2076

 3221 2076 582

 553 2049 5301

 553 5301 3221

 2049 552 3222

 2049 3222 5301

 3220 5302 2077

 3220 2077 583

 554 2050 5302

 554 5302 3220

 2050 553 3221

 2050 3221 5302

 3219 5303 2078

 3219 2078 584

 555 2051 5303

 555 5303 3219

 2051 554 3220

 2051 3220 5303

 3218 5304 2079

 3218 2079 585

 556 2052 5304

 556 5304 3218

 2052 555 3219

 2052 3219 5304

 3217 5305 2080

 3217 2080 586

 557 2053 5305

 557 5305 3217

 2053 556 3218

 2053 3218 5305

 3216 5306 2081

 3216 2081 587

 558 2054 5306

 558 5306 3216

 2054 557 3217

 2054 3217 5306

 3215 5307 2082

 3215 2082 588

 559 2055 5307

 559 5307 3215

 2055 558 3216

 2055 3216 5307

 3214 5308 2083

 3214 2083 589

 560 2056 5308

 560 5308 3214

 2056 559 3215

 2056 3215 5308

 3213 5309 2084

 3213 2084 590

 561 2057 5309

 561 5309 3213

 2057 560 3214

 2057 3214 5309

 3212 5310 2085

 3212 2085 591

 562 2058 5310

 562 5310 3212

 2058 561 3213

 2058 3213 5310

 3211 5311 2086

 3211 2086 592

 563 2059 5311

 563 5311 3211

 2059 562 3212

 2059 3212 5311

 3209 5312 2091

 3209 2091 599

 566 2061 5312

 566 5312 3209

 2061 565 3210

 2061 3210 5312

 3208 5313 2092

 3208 2092 600

 567 2062 5313

 567 5313 3208

 2062 566 3209

 2062 3209 5313

 3174 5314 4413

 3174 4413 1520

 663 2153 5314

 663 5314 3174

 2153 664 3172

 2153 3172 5314

 3268 5315 4390

 3268 4390 1493

 509 2007 5315

 509 5315 3268

 2007 508 3205

 2007 3205 5315

 3140 5316 4399

 3140 4399 1505

 600 2092 5316

 600 5316 3140

 2092 599 3171

 2092 3171 5316

 3138 5317 4449

 3138 4449 1489

 505 3271 5317

 505 5317 3138

 3271 538 3139

 3271 3139 5317

 3203 5318 2093

 3203 2093 602

 569 2063 5318

 569 5318 3203

 2063 568 3204

 2063 3204 5318

 3202 5319 2094

 3202 2094 603

 570 2064 5319

 570 5319 3202

 2064 569 3203

 2064 3203 5319

 3201 5320 2095

 3201 2095 604

 571 2065 5320

 571 5320 3201

 2065 570 3202

 2065 3202 5320

 3200 5321 2096

 3200 2096 605

 572 2066 5321

 572 5321 3200

 2066 571 3201

 2066 3201 5321

 3199 5322 2097

 3199 2097 606

 573 2067 5322

 573 5322 3199

 2067 572 3200

 2067 3200 5322

 3198 5323 2098

 3198 2098 607

 574 2068 5323

 574 5323 3198

 2068 573 3199

 2068 3199 5323

 3197 5324 2099

 3197 2099 608

 575 2069 5324

 575 5324 3197

 2069 574 3198

 2069 3198 5324

 3196 5325 2100

 3196 2100 609

 576 2070 5325

 576 5325 3196

 2070 575 3197

 2070 3197 5325

 3195 5326 2101

 3195 2101 610

 577 2071 5326

 577 5326 3195

 2071 576 3196

 2071 3196 5326

 3194 5327 2102

 3194 2102 611

 578 2072 5327

 578 5327 3194

 2072 577 3195

 2072 3195 5327

 3193 5328 2103

 3193 2103 612

 579 2073 5328

 579 5328 3193

 2073 578 3194

 2073 3194 5328

 3192 5329 2104

 3192 2104 613

 580 2074 5329

 580 5329 3192

 2074 579 3193

 2074 3193 5329

 3191 5330 2105

 3191 2105 614

 581 2075 5330

 581 5330 3191

 2075 580 3192

 2075 3192 5330

 3190 5331 2106

 3190 2106 615

 582 2076 5331

 582 5331 3190

 2076 581 3191

 2076 3191 5331

 3189 5332 2107

 3189 2107 616

 583 2077 5332

 583 5332 3189

 2077 582 3190

 2077 3190 5332

 3188 5333 2108

 3188 2108 617

 584 2078 5333

 584 5333 3188

 2078 583 3189

 2078 3189 5333

 3187 5334 2109

 3187 2109 618

 585 2079 5334

 585 5334 3187

 2079 584 3188

 2079 3188 5334

 3186 5335 2110

 3186 2110 619

 586 2080 5335

 586 5335 3186

 2080 585 3187

 2080 3187 5335

 3185 5336 2111

 3185 2111 620

 587 2081 5336

 587 5336 3185

 2081 586 3186

 2081 3186 5336

 3184 5337 2112

 3184 2112 621

 588 2082 5337

 588 5337 3184

 2082 587 3185

 2082 3185 5337

 3183 5338 2113

 3183 2113 622

 589 2083 5338

 589 5338 3183

 2083 588 3184

 2083 3184 5338

 3182 5339 2114

 3182 2114 623

 590 2084 5339

 590 5339 3182

 2084 589 3183

 2084 3183 5339

 3180 5340 2115

 3180 2115 625

 594 2087 5340

 594 5340 3180

 2087 593 3181

 2087 3181 5340

 3179 5341 2116

 3179 2116 626

 595 2088 5341

 595 5341 3179

 2088 594 3180

 2088 3180 5341

 3178 5342 2117

 3178 2117 627

 596 2089 5342

 596 5342 3178

 2089 595 3179

 2089 3179 5342

 3177 5343 2118

 3177 2118 628

 597 2090 5343

 597 5343 3177

 2090 596 3178

 2090 3178 5343

 3175 5344 2122

 3175 2122 632

 599 2091 5344

 599 5344 3175

 2091 598 3176

 2091 3176 5344

 3139 5345 4444

 3139 4444 1494

 538 3239 5345

 538 5345 3139

 3239 567 3137

 3239 3137 5345

 3171 5346 4434

 3171 4434 1504

 599 3175 5346

 599 5346 3171

 3175 632 3110

 3175 3110 5346

 3108 5347 4414

 3108 4414 1522

 689 2178 5347

 689 5347 3108

 2178 690 3109

 2178 3109 5347

 3137 5348 4439

 3137 4439 1499

 567 3208 5348

 567 5348 3137

 3208 600 3140

 3208 3140 5348

 3109 5349 4415

 3109 4415 1523

 690 2179 5349

 690 5349 3109

 2179 691 2152

 2179 2152 5349

 3169 5350 2123

 3169 2123 634

 602 2093 5350

 602 5350 3169

 2093 601 3170

 2093 3170 5350

 3168 5351 2124

 3168 2124 635

 603 2094 5351

 603 5351 3168

 2094 602 3169

 2094 3169 5351

 3167 5352 2125

 3167 2125 636

 604 2095 5352

 604 5352 3167

 2095 603 3168

 2095 3168 5352

 3166 5353 2126

 3166 2126 637

 605 2096 5353

 605 5353 3166

 2096 604 3167

 2096 3167 5353

 3165 5354 2127

 3165 2127 638

 606 2097 5354

 606 5354 3165

 2097 605 3166

 2097 3166 5354

 3164 5355 2128

 3164 2128 639

 607 2098 5355

 607 5355 3164

 2098 606 3165

 2098 3165 5355

 3163 5356 2129

 3163 2129 640

 608 2099 5356

 608 5356 3163

 2099 607 3164

 2099 3164 5356

 3162 5357 2130

 3162 2130 641

 609 2100 5357

 609 5357 3162

 2100 608 3163

 2100 3163 5357

 3161 5358 2131

 3161 2131 642

 610 2101 5358

 610 5358 3161

 2101 609 3162

 2101 3162 5358

 3160 5359 2132

 3160 2132 643

 611 2102 5359

 611 5359 3160

 2102 610 3161

 2102 3161 5359

 3159 5360 2133

 3159 2133 644

 612 2103 5360

 612 5360 3159

 2103 611 3160

 2103 3160 5360

 3158 5361 2134

 3158 2134 645

 613 2104 5361

 613 5361 3158

 2104 612 3159

 2104 3159 5361

 3157 5362 2135

 3157 2135 646

 614 2105 5362

 614 5362 3157

 2105 613 3158

 2105 3158 5362

 3156 5363 2136

 3156 2136 647

 615 2106 5363

 615 5363 3156

 2106 614 3157

 2106 3157 5363

 3155 5364 2137

 3155 2137 648

 616 2107 5364

 616 5364 3155

 2107 615 3156

 2107 3156 5364

 3154 5365 2138

 3154 2138 649

 617 2108 5365

 617 5365 3154

 2108 616 3155

 2108 3155 5365

 3153 5366 2139

 3153 2139 650

 618 2109 5366

 618 5366 3153

 2109 617 3154

 2109 3154 5366

 3152 5367 2140

 3152 2140 651

 619 2110 5367

 619 5367 3152

 2110 618 3153

 2110 3153 5367

 3151 5368 2141

 3151 2141 652

 620 2111 5368

 620 5368 3151

 2111 619 3152

 2111 3152 5368

 3150 5369 2142

 3150 2142 653

 621 2112 5369

 621 5369 3150

 2112 620 3151

 2112 3151 5369

 3148 5370 2143

 3148 2143 655

 625 2115 5370

 625 5370 3148

 2115 624 3149

 2115 3149 5370

 3147 5371 2144

 3147 2144 656

 626 2116 5371

 626 5371 3147

 2116 625 3148

 2116 3148 5371

 3146 5372 2145

 3146 2145 657

 627 2117 5372

 627 5372 3146

 2117 626 3147

 2117 3147 5372

 3145 5373 2146

 3145 2146 658

 628 2118 5373

 628 5373 3145

 2118 627 3146

 2118 3146 5373

 3144 5374 2147

 3144 2147 659

 629 2119 5374

 629 5374 3144

 2119 628 3145

 2119 3145 5374

 3143 5375 2148

 3143 2148 660

 630 2120 5375

 630 5375 3143

 2120 629 3144

 2120 3144 5375

 3142 5376 2149

 3142 2149 661

 631 2121 5376

 631 5376 3142

 2121 630 3143

 2121 3143 5376

 3141 5377 2150

 3141 2150 662

 632 2122 5377

 632 5377 3141

 2122 631 3142

 2122 3142 5377

 2151 5378 4422

 2151 4422 1516

 662 3111 5378

 662 5378 2151

 3111 689 3108

 3111 3108 5378

 2152 5379 4416

 2152 4416 1524

 691 2180 5379

 691 5379 2152

 2180 692 3269

 2180 3269 5379

 3173 5380 4429

 3173 4429 1515

 633 3170 5380

 633 5380 3173

 3170 601 3206

 3170 3206 5380

 3110 5381 4428

 3110 4428 1510

 632 3141 5381

 632 5381 3110

 3141 662 2151

 3141 2151 5381

 3236 5382 4387

 3236 4387 1490

 506 2004 5382

 506 5382 3236

 2004 505 3138

 2004 3138 5382

 3135 5383 2154

 3135 2154 665

 634 2123 5383

 634 5383 3135

 2123 633 3136

 2123 3136 5383

 3134 5384 2155

 3134 2155 666

 635 2124 5384

 635 5384 3134

 2124 634 3135

 2124 3135 5384

 3133 5385 2156

 3133 2156 667

 636 2125 5385

 636 5385 3133

 2125 635 3134

 2125 3134 5385

 3132 5386 2157

 3132 2157 668

 637 2126 5386

 637 5386 3132

 2126 636 3133

 2126 3133 5386

 3131 5387 2158

 3131 2158 669

 638 2127 5387

 638 5387 3131

 2127 637 3132

 2127 3132 5387

 3130 5388 2159

 3130 2159 670

 639 2128 5388

 639 5388 3130

 2128 638 3131

 2128 3131 5388

 3129 5389 2160

 3129 2160 671

 640 2129 5389

 640 5389 3129

 2129 639 3130

 2129 3130 5389

 3128 5390 2161

 3128 2161 672

 641 2130 5390

 641 5390 3128

 2130 640 3129

 2130 3129 5390

 3127 5391 2162

 3127 2162 673

 642 2131 5391

 642 5391 3127

 2131 641 3128

 2131 3128 5391

 3126 5392 2163

 3126 2163 674

 643 2132 5392

 643 5392 3126

 2132 642 3127

 2132 3127 5392

 3125 5393 2164

 3125 2164 675

 644 2133 5393

 644 5393 3125

 2133 643 3126

 2133 3126 5393

 3124 5394 2165

 3124 2165 676

 645 2134 5394

 645 5394 3124

 2134 644 3125

 2134 3125 5394

 3123 5395 2166

 3123 2166 677

 646 2135 5395

 646 5395 3123

 2135 645 3124

 2135 3124 5395

 3122 5396 2167

 3122 2167 678

 647 2136 5396

 647 5396 3122

 2136 646 3123

 2136 3123 5396

 3121 5397 2168

 3121 2168 679

 648 2137 5397

 648 5397 3121

 2137 647 3122

 2137 3122 5397

 3120 5398 2169

 3120 2169 680

 649 2138 5398

 649 5398 3120

 2138 648 3121

 2138 3121 5398

 3118 5399 2170

 3118 2170 682

 655 2143 5399

 655 5399 3118

 2143 654 3119

 2143 3119 5399

 3117 5400 2171

 3117 2171 683

 656 2144 5400

 656 5400 3117

 2144 655 3118

 2144 3118 5400

 3116 5401 2172

 3116 2172 684

 657 2145 5401

 657 5401 3116

 2145 656 3117

 2145 3117 5401

 3115 5402 2173

 3115 2173 685

 658 2146 5402

 658 5402 3115

 2146 657 3116

 2146 3116 5402

 3114 5403 2174

 3114 2174 686

 659 2147 5403

 659 5403 3114

 2147 658 3115

 2147 3115 5403

 3113 5404 2175

 3113 2175 687

 660 2148 5404

 660 5404 3113

 2148 659 3114

 2148 3114 5404

 3112 5405 2176

 3112 2176 688

 661 2149 5405

 661 5405 3112

 2149 660 3113

 2149 3113 5405

 3111 5406 2177

 3111 2177 689

 662 2150 5406

 662 5406 3111

 2150 661 3112

 2150 3112 5406

 3106 5407 2182

 3106 2182 694

 664 2153 5407

 664 5407 3106

 2153 663 3107

 2153 3107 5407

 3105 5408 2183

 3105 2183 695

 665 2154 5408

 665 5408 3105

 2154 664 3106

 2154 3106 5408

 3104 5409 2184

 3104 2184 696

 666 2155 5409

 666 5409 3104

 2155 665 3105

 2155 3105 5409

 3103 5410 2185

 3103 2185 697

 667 2156 5410

 667 5410 3103

 2156 666 3104

 2156 3104 5410

 3102 5411 2186

 3102 2186 698

 668 2157 5411

 668 5411 3102

 2157 667 3103

 2157 3103 5411

 3101 5412 2187

 3101 2187 699

 669 2158 5412

 669 5412 3101

 2158 668 3102

 2158 3102 5412

 3100 5413 2188

 3100 2188 700

 670 2159 5413

 670 5413 3100

 2159 669 3101

 2159 3101 5413

 3099 5414 2189

 3099 2189 701

 671 2160 5414

 671 5414 3099

 2160 670 3100

 2160 3100 5414

 3098 5415 2190

 3098 2190 702

 672 2161 5415

 672 5415 3098

 2161 671 3099

 2161 3099 5415

 3097 5416 2191

 3097 2191 703

 673 2162 5416

 673 5416 3097

 2162 672 3098

 2162 3098 5416

 3096 5417 2192

 3096 2192 704

 674 2163 5417

 674 5417 3096

 2163 673 3097

 2163 3097 5417

 3095 5418 2193

 3095 2193 705

 675 2164 5418

 675 5418 3095

 2164 674 3096

 2164 3096 5418

 3094 5419 2194

 3094 2194 706

 676 2165 5419

 676 5419 3094

 2165 675 3095

 2165 3095 5419

 3093 5420 2195

 3093 2195 707

 677 2166 5420

 677 5420 3093

 2166 676 3094

 2166 3094 5420

 3092 5421 2196

 3092 2196 708

 678 2167 5421

 678 5421 3092

 2167 677 3093

 2167 3093 5421

 3091 5422 2197

 3091 2197 709

 679 2168 5422

 679 5422 3091

 2168 678 3092

 2168 3092 5422

 3090 5423 2198

 3090 2198 710

 680 2169 5423

 680 5423 3090

 2169 679 3091

 2169 3091 5423

 3088 5424 2199

 3088 2199 712

 684 2172 5424

 684 5424 3088

 2172 683 3089

 2172 3089 5424

 3087 5425 2200

 3087 2200 713

 685 2173 5425

 685 5425 3087

 2173 684 3088

 2173 3088 5425

 3086 5426 2201

 3086 2201 714

 686 2174 5426

 686 5426 3086

 2174 685 3087

 2174 3087 5426

 3085 5427 2202

 3085 2202 715

 687 2175 5427

 687 5427 3085

 2175 686 3086

 2175 3086 5427

 3084 5428 2203

 3084 2203 716

 688 2176 5428

 688 5428 3084

 2176 687 3085

 2176 3085 5428

 3083 5429 2204

 3083 2204 717

 689 2177 5429

 689 5429 3083

 2177 688 3084

 2177 3084 5429

 3082 5430 2205

 3082 2205 718

 690 2178 5430

 690 5430 3082

 2178 689 3083

 2178 3083 5430

 3081 5431 2206

 3081 2206 719

 691 2179 5431

 691 5431 3081

 2179 690 3082

 2179 3082 5431

 3080 5432 2207

 3080 2207 720

 692 2180 5432

 692 5432 3080

 2180 691 3081

 2180 3081 5432

 3079 5433 2208

 3079 2208 721

 693 2181 5433

 693 5433 3079

 2181 692 3080

 2181 3080 5433

 3078 5434 2209

 3078 2209 722

 694 2182 5434

 694 5434 3078

 2182 693 3079

 2182 3079 5434

 3077 5435 2210

 3077 2210 723

 695 2183 5435

 695 5435 3077

 2183 694 3078

 2183 3078 5435

 3076 5436 2211

 3076 2211 724

 696 2184 5436

 696 5436 3076

 2184 695 3077

 2184 3077 5436

 3075 5437 2212

 3075 2212 725

 697 2185 5437

 697 5437 3075

 2185 696 3076

 2185 3076 5437

 3074 5438 2213

 3074 2213 726

 698 2186 5438

 698 5438 3074

 2186 697 3075

 2186 3075 5438

 3073 5439 2214

 3073 2214 727

 699 2187 5439

 699 5439 3073

 2187 698 3074

 2187 3074 5439

 3072 5440 2215

 3072 2215 728

 700 2188 5440

 700 5440 3072

 2188 699 3073

 2188 3073 5440

 3071 5441 2216

 3071 2216 729

 701 2189 5441

 701 5441 3071

 2189 700 3072

 2189 3072 5441

 3070 5442 2217

 3070 2217 730

 702 2190 5442

 702 5442 3070

 2190 701 3071

 2190 3071 5442

 3069 5443 2218

 3069 2218 731

 703 2191 5443

 703 5443 3069

 2191 702 3070

 2191 3070 5443

 3068 5444 2219

 3068 2219 732

 704 2192 5444

 704 5444 3068

 2192 703 3069

 2192 3069 5444

 3067 5445 2220

 3067 2220 733

 705 2193 5445

 705 5445 3067

 2193 704 3068

 2193 3068 5445

 3065 5446 2222

 3065 2222 735

 707 2195 5446

 707 5446 3065

 2195 706 3066

 2195 3066 5446

 3064 5447 2223

 3064 2223 736

 708 2196 5447

 708 5447 3064

 2196 707 3065

 2196 3065 5447

 3063 5448 2224

 3063 2224 737

 709 2197 5448

 709 5448 3063

 2197 708 3064

 2197 3064 5448

 3061 5449 2225

 3061 2225 739

 714 2201 5449

 714 5449 3061

 2201 713 3062

 2201 3062 5449

 3060 5450 2226

 3060 2226 740

 715 2202 5450

 715 5450 3060

 2202 714 3061

 2202 3061 5450

 3059 5451 2227

 3059 2227 741

 716 2203 5451

 716 5451 3059

 2203 715 3060

 2203 3060 5451

 3058 5452 2228

 3058 2228 742

 717 2204 5452

 717 5452 3058

 2204 716 3059

 2204 3059 5452

 3057 5453 2229

 3057 2229 743

 718 2205 5453

 718 5453 3057

 2205 717 3058

 2205 3058 5453

 3056 5454 2230

 3056 2230 744

 719 2206 5454

 719 5454 3056

 2206 718 3057

 2206 3057 5454

 3055 5455 2231

 3055 2231 745

 720 2207 5455

 720 5455 3055

 2207 719 3056

 2207 3056 5455

 3054 5456 2232

 3054 2232 746

 721 2208 5456

 721 5456 3054

 2208 720 3055

 2208 3055 5456

 3053 5457 2233

 3053 2233 747

 722 2209 5457

 722 5457 3053

 2209 721 3054

 2209 3054 5457

 3052 5458 2234

 3052 2234 748

 723 2210 5458

 723 5458 3052

 2210 722 3053

 2210 3053 5458

 3051 5459 2235

 3051 2235 749

 724 2211 5459

 724 5459 3051

 2211 723 3052

 2211 3052 5459

 3050 5460 2236

 3050 2236 750

 725 2212 5460

 725 5460 3050

 2212 724 3051

 2212 3051 5460

 3049 5461 2237

 3049 2237 751

 726 2213 5461

 726 5461 3049

 2213 725 3050

 2213 3050 5461

 3048 5462 2238

 3048 2238 752

 727 2214 5462

 727 5462 3048

 2214 726 3049

 2214 3049 5462

 3047 5463 2239

 3047 2239 753

 728 2215 5463

 728 5463 3047

 2215 727 3048

 2215 3048 5463

 3046 5464 2240

 3046 2240 754

 729 2216 5464

 729 5464 3046

 2216 728 3047

 2216 3047 5464

 3045 5465 2241

 3045 2241 755

 730 2217 5465

 730 5465 3045

 2217 729 3046

 2217 3046 5465

 3044 5466 2242

 3044 2242 756

 731 2218 5466

 731 5466 3044

 2218 730 3045

 2218 3045 5466

 3043 5467 2243

 3043 2243 757

 732 2219 5467

 732 5467 3043

 2219 731 3044

 2219 3044 5467

 3042 5468 2244

 3042 2244 758

 733 2220 5468

 733 5468 3042

 2220 732 3043

 2220 3043 5468

 3041 5469 2245

 3041 2245 759

 734 2221 5469

 734 5469 3041

 2221 733 3042

 2221 3042 5469

 3040 5470 2246

 3040 2246 760

 735 2222 5470

 735 5470 3040

 2222 734 3041

 2222 3041 5470

 3039 5471 2247

 3039 2247 761

 736 2223 5471

 736 5471 3039

 2223 735 3040

 2223 3040 5471

 3038 5472 2248

 3038 2248 762

 737 2224 5472

 737 5472 3038

 2224 736 3039

 2224 3039 5472

 3036 5473 2249

 3036 2249 764

 740 2226 5473

 740 5473 3036

 2226 739 3037

 2226 3037 5473

 3035 5474 2250

 3035 2250 765

 741 2227 5474

 741 5474 3035

 2227 740 3036

 2227 3036 5474

 3034 5475 2251

 3034 2251 766

 742 2228 5475

 742 5475 3034

 2228 741 3035

 2228 3035 5475

 3033 5476 2252

 3033 2252 767

 743 2229 5476

 743 5476 3033

 2229 742 3034

 2229 3034 5476

 3032 5477 2253

 3032 2253 768

 744 2230 5477

 744 5477 3032

 2230 743 3033

 2230 3033 5477

 3031 5478 2254

 3031 2254 769

 745 2231 5478

 745 5478 3031

 2231 744 3032

 2231 3032 5478

 3030 5479 2255

 3030 2255 770

 746 2232 5479

 746 5479 3030

 2232 745 3031

 2232 3031 5479

 3029 5480 2256

 3029 2256 771

 747 2233 5480

 747 5480 3029

 2233 746 3030

 2233 3030 5480

 3028 5481 2257

 3028 2257 772

 748 2234 5481

 748 5481 3028

 2234 747 3029

 2234 3029 5481

 3027 5482 2258

 3027 2258 773

 749 2235 5482

 749 5482 3027

 2235 748 3028

 2235 3028 5482

 3026 5483 2259

 3026 2259 774

 750 2236 5483

 750 5483 3026

 2236 749 3027

 2236 3027 5483

 3025 5484 2260

 3025 2260 775

 751 2237 5484

 751 5484 3025

 2237 750 3026

 2237 3026 5484

 3024 5485 2261

 3024 2261 776

 752 2238 5485

 752 5485 3024

 2238 751 3025

 2238 3025 5485

 3023 5486 2262

 3023 2262 777

 753 2239 5486

 753 5486 3023

 2239 752 3024

 2239 3024 5486

 3022 5487 2263

 3022 2263 778

 754 2240 5487

 754 5487 3022

 2240 753 3023

 2240 3023 5487

 3021 5488 2264

 3021 2264 779

 755 2241 5488

 755 5488 3021

 2241 754 3022

 2241 3022 5488

 3020 5489 2265

 3020 2265 780

 756 2242 5489

 756 5489 3020

 2242 755 3021

 2242 3021 5489

 3019 5490 2266

 3019 2266 781

 757 2243 5490

 757 5490 3019

 2243 756 3020

 2243 3020 5490

 3018 5491 2267

 3018 2267 782

 758 2244 5491

 758 5491 3018

 2244 757 3019

 2244 3019 5491

 3017 5492 2268

 3017 2268 783

 759 2245 5492

 759 5492 3017

 2245 758 3018

 2245 3018 5492

 3016 5493 2269

 3016 2269 784

 760 2246 5493

 760 5493 3016

 2246 759 3017

 2246 3017 5493

 3015 5494 2270

 3015 2270 785

 761 2247 5494

 761 5494 3015

 2247 760 3016

 2247 3016 5494

 3013 5495 2273

 3013 2273 789

 765 2250 5495

 765 5495 3013

 2250 764 3014

 2250 3014 5495

 3012 5496 2274

 3012 2274 790

 766 2251 5496

 766 5496 3012

 2251 765 3013

 2251 3013 5496

 3011 5497 2275

 3011 2275 791

 767 2252 5497

 767 5497 3011

 2252 766 3012

 2252 3012 5497

 3010 5498 2276

 3010 2276 792

 768 2253 5498

 768 5498 3010

 2253 767 3011

 2253 3011 5498

 3009 5499 2277

 3009 2277 793

 769 2254 5499

 769 5499 3009

 2254 768 3010

 2254 3010 5499

 3008 5500 2278

 3008 2278 794

 770 2255 5500

 770 5500 3008

 2255 769 3009

 2255 3009 5500

 3007 5501 2279

 3007 2279 795

 771 2256 5501

 771 5501 3007

 2256 770 3008

 2256 3008 5501

 3006 5502 2280

 3006 2280 796

 772 2257 5502

 772 5502 3006

 2257 771 3007

 2257 3007 5502

 3005 5503 2281

 3005 2281 797

 773 2258 5503

 773 5503 3005

 2258 772 3006

 2258 3006 5503

 3004 5504 2282

 3004 2282 798

 774 2259 5504

 774 5504 3004

 2259 773 3005

 2259 3005 5504

 3002 5505 2284

 3002 2284 800

 776 2261 5505

 776 5505 3002

 2261 775 3003

 2261 3003 5505

 3001 5506 2285

 3001 2285 801

 777 2262 5506

 777 5506 3001

 2262 776 3002

 2262 3002 5506

 3000 5507 2286

 3000 2286 802

 778 2263 5507

 778 5507 3000

 2263 777 3001

 2263 3001 5507

 2999 5508 2287

 2999 2287 803

 779 2264 5508

 779 5508 2999

 2264 778 3000

 2264 3000 5508

 2998 5509 2288

 2998 2288 804

 780 2265 5509

 780 5509 2998

 2265 779 2999

 2265 2999 5509

 2997 5510 2289

 2997 2289 805

 781 2266 5510

 781 5510 2997

 2266 780 2998

 2266 2998 5510

 2995 5511 2291

 2995 2291 807

 783 2268 5511

 783 5511 2995

 2268 782 2996

 2268 2996 5511

 2994 5512 2292

 2994 2292 808

 784 2269 5512

 784 5512 2994

 2269 783 2995

 2269 2995 5512

 2993 5513 2293

 2993 2293 809

 785 2270 5513

 785 5513 2993

 2270 784 2994

 2270 2994 5513

 2991 5514 2296

 2991 2296 813

 787 2271 5514

 787 5514 2991

 2271 786 2992

 2271 2992 5514

 2990 5515 2297

 2990 2297 814

 788 2272 5515

 788 5515 2990

 2272 787 2991

 2272 2991 5515

 2989 5516 2298

 2989 2298 815

 789 2273 5516

 789 5516 2989

 2273 788 2990

 2273 2990 5516

 2988 5517 2299

 2988 2299 816

 790 2274 5517

 790 5517 2988

 2274 789 2989

 2274 2989 5517

 2987 5518 2300

 2987 2300 817

 791 2275 5518

 791 5518 2987

 2275 790 2988

 2275 2988 5518

 2986 5519 2301

 2986 2301 818

 792 2276 5519

 792 5519 2986

 2276 791 2987

 2276 2987 5519

 2985 5520 2302

 2985 2302 819

 793 2277 5520

 793 5520 2985

 2277 792 2986

 2277 2986 5520

 2984 5521 2303

 2984 2303 820

 794 2278 5521

 794 5521 2984

 2278 793 2985

 2278 2985 5521

 2983 5522 2304

 2983 2304 821

 795 2279 5522

 795 5522 2983

 2279 794 2984

 2279 2984 5522

 2982 5523 2305

 2982 2305 822

 796 2280 5523

 796 5523 2982

 2280 795 2983

 2280 2983 5523

 2981 5524 2306

 2981 2306 823

 797 2281 5524

 797 5524 2981

 2281 796 2982

 2281 2982 5524

 2980 5525 2307

 2980 2307 824

 798 2282 5525

 798 5525 2980

 2282 797 2981

 2282 2981 5525

 2979 5526 2308

 2979 2308 825

 799 2283 5526

 799 5526 2979

 2283 798 2980

 2283 2980 5526

 2978 5527 2309

 2978 2309 826

 800 2284 5527

 800 5527 2978

 2284 799 2979

 2284 2979 5527

 2977 5528 2310

 2977 2310 827

 801 2285 5528

 801 5528 2977

 2285 800 2978

 2285 2978 5528

 2976 5529 2311

 2976 2311 828

 802 2286 5529

 802 5529 2976

 2286 801 2977

 2286 2977 5529

 2975 5530 2312

 2975 2312 829

 803 2287 5530

 803 5530 2975

 2287 802 2976

 2287 2976 5530

 2974 5531 2313

 2974 2313 830

 804 2288 5531

 804 5531 2974

 2288 803 2975

 2288 2975 5531

 2973 5532 2314

 2973 2314 831

 805 2289 5532

 805 5532 2973

 2289 804 2974

 2289 2974 5532

 2972 5533 2315

 2972 2315 832

 806 2290 5533

 806 5533 2972

 2290 805 2973

 2290 2973 5533

 2971 5534 2316

 2971 2316 833

 807 2291 5534

 807 5534 2971

 2291 806 2972

 2291 2972 5534

 2970 5535 2317

 2970 2317 834

 808 2292 5535

 808 5535 2970

 2292 807 2971

 2292 2971 5535

 2969 5536 2318

 2969 2318 835

 809 2293 5536

 809 5536 2969

 2293 808 2970

 2293 2970 5536

 2968 5537 2319

 2968 2319 836

 810 2294 5537

 810 5537 2968

 2294 809 2969

 2294 2969 5537

 2966 5538 2322

 2966 2322 840

 812 2295 5538

 812 5538 2966

 2295 811 2967

 2295 2967 5538

 2965 5539 2323

 2965 2323 841

 813 2296 5539

 813 5539 2965

 2296 812 2966

 2296 2966 5539

 2964 5540 2324

 2964 2324 842

 814 2297 5540

 814 5540 2964

 2297 813 2965

 2297 2965 5540

 2963 5541 2325

 2963 2325 843

 815 2298 5541

 815 5541 2963

 2298 814 2964

 2298 2964 5541

 2962 5542 2326

 2962 2326 844

 816 2299 5542

 816 5542 2962

 2299 815 2963

 2299 2963 5542

 2961 5543 2327

 2961 2327 845

 817 2300 5543

 817 5543 2961

 2300 816 2962

 2300 2962 5543

 2960 5544 2328

 2960 2328 846

 818 2301 5544

 818 5544 2960

 2301 817 2961

 2301 2961 5544

 2959 5545 2329

 2959 2329 847

 819 2302 5545

 819 5545 2959

 2302 818 2960

 2302 2960 5545

 2958 5546 2330

 2958 2330 848

 820 2303 5546

 820 5546 2958

 2303 819 2959

 2303 2959 5546

 2957 5547 2331

 2957 2331 849

 821 2304 5547

 821 5547 2957

 2304 820 2958

 2304 2958 5547

 2956 5548 2332

 2956 2332 850

 822 2305 5548

 822 5548 2956

 2305 821 2957

 2305 2957 5548

 2955 5549 2333

 2955 2333 851

 823 2306 5549

 823 5549 2955

 2306 822 2956

 2306 2956 5549

 2954 5550 2334

 2954 2334 852

 824 2307 5550

 824 5550 2954

 2307 823 2955

 2307 2955 5550

 2953 5551 2335

 2953 2335 853

 825 2308 5551

 825 5551 2953

 2308 824 2954

 2308 2954 5551

 2952 5552 2336

 2952 2336 854

 826 2309 5552

 826 5552 2952

 2309 825 2953

 2309 2953 5552

 2951 5553 2337

 2951 2337 855

 827 2310 5553

 827 5553 2951

 2310 826 2952

 2310 2952 5553

 2950 5554 2338

 2950 2338 856

 828 2311 5554

 828 5554 2950

 2311 827 2951

 2311 2951 5554

 2949 5555 2339

 2949 2339 857

 829 2312 5555

 829 5555 2949

 2312 828 2950

 2312 2950 5555

 2948 5556 2340

 2948 2340 858

 830 2313 5556

 830 5556 2948

 2313 829 2949

 2313 2949 5556

 2947 5557 2341

 2947 2341 859

 831 2314 5557

 831 5557 2947

 2314 830 2948

 2314 2948 5557

 2946 5558 2342

 2946 2342 860

 832 2315 5558

 832 5558 2946

 2315 831 2947

 2315 2947 5558

 2945 5559 2343

 2945 2343 861

 833 2316 5559

 833 5559 2945

 2316 832 2946

 2316 2946 5559

 2944 5560 2344

 2944 2344 862

 834 2317 5560

 834 5560 2944

 2317 833 2945

 2317 2945 5560

 2943 5561 2345

 2943 2345 863

 835 2318 5561

 835 5561 2943

 2318 834 2944

 2318 2944 5561

 2942 5562 2346

 2942 2346 864

 836 2319 5562

 836 5562 2942

 2319 835 2943

 2319 2943 5562

 2941 5563 2347

 2941 2347 865

 837 2320 5563

 837 5563 2941

 2320 836 2942

 2320 2942 5563

 2940 5564 2348

 2940 2348 866

 838 2321 5564

 838 5564 2940

 2321 837 2941

 2321 2941 5564

 2938 5565 2350

 2938 2350 869

 840 2322 5565

 840 5565 2938

 2322 839 2939

 2322 2939 5565

 2937 5566 2351

 2937 2351 870

 841 2323 5566

 841 5566 2937

 2323 840 2938

 2323 2938 5566

 2936 5567 2352

 2936 2352 871

 842 2324 5567

 842 5567 2936

 2324 841 2937

 2324 2937 5567

 2935 5568 2353

 2935 2353 872

 843 2325 5568

 843 5568 2935

 2325 842 2936

 2325 2936 5568

 2934 5569 2354

 2934 2354 873

 844 2326 5569

 844 5569 2934

 2326 843 2935

 2326 2935 5569

 2933 5570 2355

 2933 2355 874

 845 2327 5570

 845 5570 2933

 2327 844 2934

 2327 2934 5570

 2932 5571 2356

 2932 2356 875

 846 2328 5571

 846 5571 2932

 2328 845 2933

 2328 2933 5571

 2931 5572 2357

 2931 2357 876

 847 2329 5572

 847 5572 2931

 2329 846 2932

 2329 2932 5572

 2930 5573 2358

 2930 2358 877

 848 2330 5573

 848 5573 2930

 2330 847 2931

 2330 2931 5573

 2929 5574 2359

 2929 2359 878

 849 2331 5574

 849 5574 2929

 2331 848 2930

 2331 2930 5574

 2928 5575 2360

 2928 2360 879

 850 2332 5575

 850 5575 2928

 2332 849 2929

 2332 2929 5575

 2927 5576 2361

 2927 2361 880

 851 2333 5576

 851 5576 2927

 2333 850 2928

 2333 2928 5576

 2926 5577 2362

 2926 2362 881

 852 2334 5577

 852 5577 2926

 2334 851 2927

 2334 2927 5577

 2925 5578 2363

 2925 2363 882

 853 2335 5578

 853 5578 2925

 2335 852 2926

 2335 2926 5578

 2923 5579 2365

 2923 2365 884

 855 2337 5579

 855 5579 2923

 2337 854 2924

 2337 2924 5579

 2922 5580 2366

 2922 2366 885

 856 2338 5580

 856 5580 2922

 2338 855 2923

 2338 2923 5580

 2921 5581 2367

 2921 2367 886

 857 2339 5581

 857 5581 2921

 2339 856 2922

 2339 2922 5581

 2920 5582 2368

 2920 2368 887

 858 2340 5582

 858 5582 2920

 2340 857 2921

 2340 2921 5582

 2919 5583 2369

 2919 2369 888

 859 2341 5583

 859 5583 2919

 2341 858 2920

 2341 2920 5583

 2918 5584 2370

 2918 2370 889

 860 2342 5584

 860 5584 2918

 2342 859 2919

 2342 2919 5584

 2917 5585 2371

 2917 2371 890

 861 2343 5585

 861 5585 2917

 2343 860 2918

 2343 2918 5585

 2916 5586 2372

 2916 2372 891

 862 2344 5586

 862 5586 2916

 2344 861 2917

 2344 2917 5586

 2915 5587 2373

 2915 2373 892

 863 2345 5587

 863 5587 2915

 2345 862 2916

 2345 2916 5587

 2914 5588 2374

 2914 2374 893

 864 2346 5588

 864 5588 2914

 2346 863 2915

 2346 2915 5588

 2913 5589 2375

 2913 2375 894

 865 2347 5589

 865 5589 2913

 2347 864 2914

 2347 2914 5589

 2912 5590 2376

 2912 2376 895

 866 2348 5590

 866 5590 2912

 2348 865 2913

 2348 2913 5590

 2911 5591 2377

 2911 2377 896

 867 2349 5591

 867 5591 2911

 2349 866 2912

 2349 2912 5591

 2909 5592 2383

 2909 2383 903

 869 2350 5592

 869 5592 2909

 2350 868 2910

 2350 2910 5592

 2908 5593 2384

 2908 2384 904

 870 2351 5593

 870 5593 2908

 2351 869 2909

 2351 2909 5593

 2907 5594 2385

 2907 2385 905

 871 2352 5594

 871 5594 2907

 2352 870 2908

 2352 2908 5594

 2906 5595 2386

 2906 2386 906

 872 2353 5595

 872 5595 2906

 2353 871 2907

 2353 2907 5595

 2905 5596 2387

 2905 2387 907

 873 2354 5596

 873 5596 2905

 2354 872 2906

 2354 2906 5596

 2904 5597 2388

 2904 2388 908

 874 2355 5597

 874 5597 2904

 2355 873 2905

 2355 2905 5597

 2903 5598 2389

 2903 2389 909

 875 2356 5598

 875 5598 2903

 2356 874 2904

 2356 2904 5598

 2902 5599 2390

 2902 2390 910

 876 2357 5599

 876 5599 2902

 2357 875 2903

 2357 2903 5599

 2901 5600 2391

 2901 2391 911

 877 2358 5600

 877 5600 2901

 2358 876 2902

 2358 2902 5600

 2900 5601 2392

 2900 2392 912

 878 2359 5601

 878 5601 2900

 2359 877 2901

 2359 2901 5601

 2899 5602 2393

 2899 2393 913

 879 2360 5602

 879 5602 2899

 2360 878 2900

 2360 2900 5602

 2898 5603 2394

 2898 2394 914

 880 2361 5603

 880 5603 2898

 2361 879 2899

 2361 2899 5603

 2897 5604 2395

 2897 2395 915

 881 2362 5604

 881 5604 2897

 2362 880 2898

 2362 2898 5604

 2896 5605 2396

 2896 2396 916

 882 2363 5605

 882 5605 2896

 2363 881 2897

 2363 2897 5605

 2895 5606 2397

 2895 2397 917

 883 2364 5606

 883 5606 2895

 2364 882 2896

 2364 2896 5606

 2894 5607 2398

 2894 2398 918

 884 2365 5607

 884 5607 2894

 2365 883 2895

 2365 2895 5607

 2893 5608 2399

 2893 2399 919

 885 2366 5608

 885 5608 2893

 2366 884 2894

 2366 2894 5608

 2892 5609 2400

 2892 2400 920

 886 2367 5609

 886 5609 2892

 2367 885 2893

 2367 2893 5609

 2891 5610 2401

 2891 2401 921

 887 2368 5610

 887 5610 2891

 2368 886 2892

 2368 2892 5610

 2890 5611 2402

 2890 2402 922

 888 2369 5611

 888 5611 2890

 2369 887 2891

 2369 2891 5611

 2889 5612 2403

 2889 2403 923

 889 2370 5612

 889 5612 2889

 2370 888 2890

 2370 2890 5612

 2888 5613 2404

 2888 2404 924

 890 2371 5613

 890 5613 2888

 2371 889 2889

 2371 2889 5613

 2887 5614 2405

 2887 2405 925

 891 2372 5614

 891 5614 2887

 2372 890 2888

 2372 2888 5614

 2886 5615 2406

 2886 2406 926

 892 2373 5615

 892 5615 2886

 2373 891 2887

 2373 2887 5615

 2885 5616 2407

 2885 2407 927

 893 2374 5616

 893 5616 2885

 2374 892 2886

 2374 2886 5616

 2884 5617 2408

 2884 2408 928

 894 2375 5617

 894 5617 2884

 2375 893 2885

 2375 2885 5617

 2883 5618 2409

 2883 2409 929

 895 2376 5618

 895 5618 2883

 2376 894 2884

 2376 2884 5618

 2882 5619 2410

 2882 2410 930

 896 2377 5619

 896 5619 2882

 2377 895 2883

 2377 2883 5619

 2881 5620 2411

 2881 2411 931

 897 2378 5620

 897 5620 2881

 2378 896 2882

 2378 2882 5620

 2880 5621 2412

 2880 2412 932

 898 2379 5621

 898 5621 2880

 2379 897 2881

 2379 2881 5621

 2879 5622 2413

 2879 2413 933

 899 2380 5622

 899 5622 2879

 2380 898 2880

 2380 2880 5622

 2878 5623 2414

 2878 2414 934

 900 2381 5623

 900 5623 2878

 2381 899 2879

 2381 2879 5623

 2877 5624 2415

 2877 2415 935

 901 2382 5624

 901 5624 2877

 2382 900 2878

 2382 2878 5624

 2875 5625 2420

 2875 2420 941

 903 2383 5625

 903 5625 2875

 2383 902 2876

 2383 2876 5625

 2874 5626 2421

 2874 2421 942

 904 2384 5626

 904 5626 2874

 2384 903 2875

 2384 2875 5626

 2873 5627 2422

 2873 2422 943

 905 2385 5627

 905 5627 2873

 2385 904 2874

 2385 2874 5627

 2872 5628 2423

 2872 2423 944

 906 2386 5628

 906 5628 2872

 2386 905 2873

 2386 2873 5628

 2871 5629 2424

 2871 2424 945

 907 2387 5629

 907 5629 2871

 2387 906 2872

 2387 2872 5629

 2870 5630 2425

 2870 2425 946

 908 2388 5630

 908 5630 2870

 2388 907 2871

 2388 2871 5630

 2869 5631 2426

 2869 2426 947

 909 2389 5631

 909 5631 2869

 2389 908 2870

 2389 2870 5631

 2868 5632 2427

 2868 2427 948

 910 2390 5632

 910 5632 2868

 2390 909 2869

 2390 2869 5632

 2867 5633 2428

 2867 2428 949

 911 2391 5633

 911 5633 2867

 2391 910 2868

 2391 2868 5633

 2866 5634 2429

 2866 2429 950

 912 2392 5634

 912 5634 2866

 2392 911 2867

 2392 2867 5634

 2865 5635 2430

 2865 2430 951

 913 2393 5635

 913 5635 2865

 2393 912 2866

 2393 2866 5635

 2864 5636 2431

 2864 2431 952

 914 2394 5636

 914 5636 2864

 2394 913 2865

 2394 2865 5636

 2862 5637 2433

 2862 2433 954

 916 2396 5637

 916 5637 2862

 2396 915 2863

 2396 2863 5637

 2861 5638 2434

 2861 2434 955

 917 2397 5638

 917 5638 2861

 2397 916 2862

 2397 2862 5638

 2860 5639 2435

 2860 2435 956

 918 2398 5639

 918 5639 2860

 2398 917 2861

 2398 2861 5639

 2859 5640 2436

 2859 2436 957

 919 2399 5640

 919 5640 2859

 2399 918 2860

 2399 2860 5640

 2858 5641 2437

 2858 2437 958

 920 2400 5641

 920 5641 2858

 2400 919 2859

 2400 2859 5641

 2857 5642 2438

 2857 2438 959

 921 2401 5642

 921 5642 2857

 2401 920 2858

 2401 2858 5642

 2856 5643 2439

 2856 2439 960

 922 2402 5643

 922 5643 2856

 2402 921 2857

 2402 2857 5643

 2855 5644 2440

 2855 2440 961

 923 2403 5644

 923 5644 2855

 2403 922 2856

 2403 2856 5644

 2854 5645 2441

 2854 2441 962

 924 2404 5645

 924 5645 2854

 2404 923 2855

 2404 2855 5645

 2853 5646 2442

 2853 2442 963

 925 2405 5646

 925 5646 2853

 2405 924 2854

 2405 2854 5646

 2852 5647 2443

 2852 2443 964

 926 2406 5647

 926 5647 2852

 2406 925 2853

 2406 2853 5647

 2851 5648 2444

 2851 2444 965

 927 2407 5648

 927 5648 2851

 2407 926 2852

 2407 2852 5648

 2850 5649 2445

 2850 2445 966

 928 2408 5649

 928 5649 2850

 2408 927 2851

 2408 2851 5649

 2849 5650 2446

 2849 2446 967

 929 2409 5650

 929 5650 2849

 2409 928 2850

 2409 2850 5650

 2848 5651 2447

 2848 2447 968

 930 2410 5651

 930 5651 2848

 2410 929 2849

 2410 2849 5651

 2847 5652 2448

 2847 2448 969

 931 2411 5652

 931 5652 2847

 2411 930 2848

 2411 2848 5652

 2846 5653 2449

 2846 2449 970

 932 2412 5653

 932 5653 2846

 2412 931 2847

 2412 2847 5653

 2845 5654 2450

 2845 2450 971

 933 2413 5654

 933 5654 2845

 2413 932 2846

 2413 2846 5654

 2844 5655 2451

 2844 2451 972

 934 2414 5655

 934 5655 2844

 2414 933 2845

 2414 2845 5655

 2843 5656 2452

 2843 2452 973

 935 2415 5656

 935 5656 2843

 2415 934 2844

 2415 2844 5656

 2842 5657 2453

 2842 2453 974

 936 2416 5657

 936 5657 2842

 2416 935 2843

 2416 2843 5657

 2841 5658 2454

 2841 2454 975

 937 2417 5658

 937 5658 2841

 2417 936 2842

 2417 2842 5658

 2840 5659 2455

 2840 2455 976

 938 2418 5659

 938 5659 2840

 2418 937 2841

 2418 2841 5659

 2839 5660 2456

 2839 2456 977

 939 2419 5660

 939 5660 2839

 2419 938 2840

 2419 2840 5660

 2837 5661 2459

 2837 2459 981

 943 2422 5661

 943 5661 2837

 2422 942 2838

 2422 2838 5661

 2836 5662 2460

 2836 2460 982

 944 2423 5662

 944 5662 2836

 2423 943 2837

 2423 2837 5662

 2835 5663 2461

 2835 2461 983

 945 2424 5663

 945 5663 2835

 2424 944 2836

 2424 2836 5663

 2834 5664 2462

 2834 2462 984

 946 2425 5664

 946 5664 2834

 2425 945 2835

 2425 2835 5664

 2833 5665 2463

 2833 2463 985

 947 2426 5665

 947 5665 2833

 2426 946 2834

 2426 2834 5665

 2832 5666 2464

 2832 2464 986

 948 2427 5666

 948 5666 2832

 2427 947 2833

 2427 2833 5666

 2831 5667 2465

 2831 2465 987

 949 2428 5667

 949 5667 2831

 2428 948 2832

 2428 2832 5667

 2830 5668 2466

 2830 2466 988

 950 2429 5668

 950 5668 2830

 2429 949 2831

 2429 2831 5668

 2829 5669 2467

 2829 2467 989

 951 2430 5669

 951 5669 2829

 2430 950 2830

 2430 2830 5669

 2828 5670 2468

 2828 2468 990

 952 2431 5670

 952 5670 2828

 2431 951 2829

 2431 2829 5670

 2827 5671 2469

 2827 2469 991

 953 2432 5671

 953 5671 2827

 2432 952 2828

 2432 2828 5671

 2826 5672 2470

 2826 2470 992

 954 2433 5672

 954 5672 2826

 2433 953 2827

 2433 2827 5672

 2825 5673 2471

 2825 2471 993

 955 2434 5673

 955 5673 2825

 2434 954 2826

 2434 2826 5673

 2824 5674 2472

 2824 2472 994

 956 2435 5674

 956 5674 2824

 2435 955 2825

 2435 2825 5674

 2823 5675 2473

 2823 2473 995

 957 2436 5675

 957 5675 2823

 2436 956 2824

 2436 2824 5675

 2822 5676 2474

 2822 2474 996

 958 2437 5676

 958 5676 2822

 2437 957 2823

 2437 2823 5676

 2821 5677 2475

 2821 2475 997

 959 2438 5677

 959 5677 2821

 2438 958 2822

 2438 2822 5677

 2820 5678 2476

 2820 2476 998

 960 2439 5678

 960 5678 2820

 2439 959 2821

 2439 2821 5678

 2819 5679 2477

 2819 2477 999

 961 2440 5679

 961 5679 2819

 2440 960 2820

 2440 2820 5679

 2818 5680 2478

 2818 2478 1000

 962 2441 5680

 962 5680 2818

 2441 961 2819

 2441 2819 5680

 2817 5681 2479

 2817 2479 1001

 963 2442 5681

 963 5681 2817

 2442 962 2818

 2442 2818 5681

 2816 5682 2480

 2816 2480 1002

 964 2443 5682

 964 5682 2816

 2443 963 2817

 2443 2817 5682

 2815 5683 2481

 2815 2481 1003

 965 2444 5683

 965 5683 2815

 2444 964 2816

 2444 2816 5683

 2814 5684 2482

 2814 2482 1004

 966 2445 5684

 966 5684 2814

 2445 965 2815

 2445 2815 5684

 2813 5685 2483

 2813 2483 1005

 967 2446 5685

 967 5685 2813

 2446 966 2814

 2446 2814 5685

 2812 5686 2484

 2812 2484 1006

 968 2447 5686

 968 5686 2812

 2447 967 2813

 2447 2813 5686

 2811 5687 2485

 2811 2485 1007

 969 2448 5687

 969 5687 2811

 2448 968 2812

 2448 2812 5687

 2810 5688 2486

 2810 2486 1008

 970 2449 5688

 970 5688 2810

 2449 969 2811

 2449 2811 5688

 2809 5689 2487

 2809 2487 1009

 971 2450 5689

 971 5689 2809

 2450 970 2810

 2450 2810 5689

 2808 5690 2488

 2808 2488 1010

 972 2451 5690

 972 5690 2808

 2451 971 2809

 2451 2809 5690

 2807 5691 2489

 2807 2489 1011

 973 2452 5691

 973 5691 2807

 2452 972 2808

 2452 2808 5691

 2806 5692 2490

 2806 2490 1012

 974 2453 5692

 974 5692 2806

 2453 973 2807

 2453 2807 5692

 2805 5693 2491

 2805 2491 1013

 975 2454 5693

 975 5693 2805

 2454 974 2806

 2454 2806 5693

 2804 5694 2492

 2804 2492 1014

 976 2455 5694

 976 5694 2804

 2455 975 2805

 2455 2805 5694

 2803 5695 2493

 2803 2493 1015

 977 2456 5695

 977 5695 2803

 2456 976 2804

 2456 2804 5695

 2802 5696 2494

 2802 2494 1016

 978 2457 5696

 978 5696 2802

 2457 977 2803

 2457 2803 5696

 2801 5697 2495

 2801 2495 1017

 979 2458 5697

 979 5697 2801

 2458 978 2802

 2458 2802 5697

 2799 5698 2496

 2799 2496 1019

 982 2460 5698

 982 5698 2799

 2460 981 2800

 2460 2800 5698

 2798 5699 2497

 2798 2497 1020

 983 2461 5699

 983 5699 2798

 2461 982 2799

 2461 2799 5699

 2796 5700 2499

 2796 2499 1022

 985 2463 5700

 985 5700 2796

 2463 984 2797

 2463 2797 5700

 2795 5701 2500

 2795 2500 1023

 986 2464 5701

 986 5701 2795

 2464 985 2796

 2464 2796 5701

 2794 5702 2501

 2794 2501 1024

 987 2465 5702

 987 5702 2794

 2465 986 2795

 2465 2795 5702

 2793 5703 2502

 2793 2502 1025

 988 2466 5703

 988 5703 2793

 2466 987 2794

 2466 2794 5703

 2792 5704 2503

 2792 2503 1026

 989 2467 5704

 989 5704 2792

 2467 988 2793

 2467 2793 5704

 2791 5705 2504

 2791 2504 1027

 990 2468 5705

 990 5705 2791

 2468 989 2792

 2468 2792 5705

 2790 5706 2505

 2790 2505 1028

 991 2469 5706

 991 5706 2790

 2469 990 2791

 2469 2791 5706

 2789 5707 2506

 2789 2506 1029

 992 2470 5707

 992 5707 2789

 2470 991 2790

 2470 2790 5707

 2788 5708 2507

 2788 2507 1030

 993 2471 5708

 993 5708 2788

 2471 992 2789

 2471 2789 5708

 2787 5709 2508

 2787 2508 1031

 994 2472 5709

 994 5709 2787

 2472 993 2788

 2472 2788 5709

 2786 5710 2509

 2786 2509 1032

 995 2473 5710

 995 5710 2786

 2473 994 2787

 2473 2787 5710

 2785 5711 2510

 2785 2510 1033

 996 2474 5711

 996 5711 2785

 2474 995 2786

 2474 2786 5711

 2784 5712 2511

 2784 2511 1034

 997 2475 5712

 997 5712 2784

 2475 996 2785

 2475 2785 5712

 2783 5713 2512

 2783 2512 1035

 998 2476 5713

 998 5713 2783

 2476 997 2784

 2476 2784 5713

 2782 5714 2513

 2782 2513 1036

 999 2477 5714

 999 5714 2782

 2477 998 2783

 2477 2783 5714

 2781 5715 2514

 2781 2514 1037

 1000 2478 5715

 1000 5715 2781

 2478 999 2782

 2478 2782 5715

 2780 5716 2515

 2780 2515 1038

 1001 2479 5716

 1001 5716 2780

 2479 1000 2781

 2479 2781 5716

 2779 5717 2516

 2779 2516 1039

 1002 2480 5717

 1002 5717 2779

 2480 1001 2780

 2480 2780 5717

 2778 5718 2517

 2778 2517 1040

 1003 2481 5718

 1003 5718 2778

 2481 1002 2779

 2481 2779 5718

 2777 5719 2518

 2777 2518 1041

 1004 2482 5719

 1004 5719 2777

 2482 1003 2778

 2482 2778 5719

 2776 5720 2519

 2776 2519 1042

 1005 2483 5720

 1005 5720 2776

 2483 1004 2777

 2483 2777 5720

 2775 5721 2520

 2775 2520 1043

 1006 2484 5721

 1006 5721 2775

 2484 1005 2776

 2484 2776 5721

 2774 5722 2521

 2774 2521 1044

 1007 2485 5722

 1007 5722 2774

 2485 1006 2775

 2485 2775 5722

 2773 5723 2522

 2773 2522 1045

 1008 2486 5723

 1008 5723 2773

 2486 1007 2774

 2486 2774 5723

 2772 5724 2523

 2772 2523 1046

 1009 2487 5724

 1009 5724 2772

 2487 1008 2773

 2487 2773 5724

 2771 5725 2524

 2771 2524 1047

 1010 2488 5725

 1010 5725 2771

 2488 1009 2772

 2488 2772 5725

 2770 5726 2525

 2770 2525 1048

 1011 2489 5726

 1011 5726 2770

 2489 1010 2771

 2489 2771 5726

 2769 5727 2526

 2769 2526 1049

 1012 2490 5727

 1012 5727 2769

 2490 1011 2770

 2490 2770 5727

 2768 5728 2527

 2768 2527 1050

 1013 2491 5728

 1013 5728 2768

 2491 1012 2769

 2491 2769 5728

 2767 5729 2528

 2767 2528 1051

 1014 2492 5729

 1014 5729 2767

 2492 1013 2768

 2492 2768 5729

 2766 5730 2529

 2766 2529 1052

 1015 2493 5730

 1015 5730 2766

 2493 1014 2767

 2493 2767 5730

 2765 5731 2530

 2765 2530 1053

 1016 2494 5731

 1016 5731 2765

 2494 1015 2766

 2494 2766 5731

 2764 5732 2531

 2764 2531 1054

 1017 2495 5732

 1017 5732 2764

 2495 1016 2765

 2495 2765 5732

 2762 5733 2533

 2762 2533 1057

 1019 2496 5733

 1019 5733 2762

 2496 1018 2763

 2496 2763 5733

 2761 5734 2534

 2761 2534 1058

 1020 2497 5734

 1020 5734 2761

 2497 1019 2762

 2497 2762 5734

 2760 5735 2535

 2760 2535 1059

 1021 2498 5735

 1021 5735 2760

 2498 1020 2761

 2498 2761 5735

 2759 5736 2536

 2759 2536 1060

 1022 2499 5736

 1022 5736 2759

 2499 1021 2760

 2499 2760 5736

 2758 5737 2537

 2758 2537 1061

 1023 2500 5737

 1023 5737 2758

 2500 1022 2759

 2500 2759 5737

 2757 5738 2538

 2757 2538 1062

 1024 2501 5738

 1024 5738 2757

 2501 1023 2758

 2501 2758 5738

 2756 5739 2539

 2756 2539 1063

 1025 2502 5739

 1025 5739 2756

 2502 1024 2757

 2502 2757 5739

 2755 5740 2540

 2755 2540 1064

 1026 2503 5740

 1026 5740 2755

 2503 1025 2756

 2503 2756 5740

 2754 5741 2541

 2754 2541 1065

 1027 2504 5741

 1027 5741 2754

 2504 1026 2755

 2504 2755 5741

 2753 5742 2542

 2753 2542 1066

 1028 2505 5742

 1028 5742 2753

 2505 1027 2754

 2505 2754 5742

 2752 5743 2543

 2752 2543 1067

 1029 2506 5743

 1029 5743 2752

 2506 1028 2753

 2506 2753 5743

 2751 5744 2544

 2751 2544 1068

 1030 2507 5744

 1030 5744 2751

 2507 1029 2752

 2507 2752 5744

 2750 5745 2545

 2750 2545 1069

 1031 2508 5745

 1031 5745 2750

 2508 1030 2751

 2508 2751 5745

 2749 5746 2546

 2749 2546 1070

 1032 2509 5746

 1032 5746 2749

 2509 1031 2750

 2509 2750 5746

 2748 5747 2547

 2748 2547 1071

 1033 2510 5747

 1033 5747 2748

 2510 1032 2749

 2510 2749 5747

 2747 5748 2548

 2747 2548 1072

 1034 2511 5748

 1034 5748 2747

 2511 1033 2748

 2511 2748 5748

 2746 5749 2549

 2746 2549 1073

 1035 2512 5749

 1035 5749 2746

 2512 1034 2747

 2512 2747 5749

 2745 5750 2550

 2745 2550 1074

 1036 2513 5750

 1036 5750 2745

 2513 1035 2746

 2513 2746 5750

 2744 5751 2551

 2744 2551 1075

 1037 2514 5751

 1037 5751 2744

 2514 1036 2745

 2514 2745 5751

 2743 5752 2552

 2743 2552 1076

 1038 2515 5752

 1038 5752 2743

 2515 1037 2744

 2515 2744 5752

 2742 5753 2553

 2742 2553 1077

 1039 2516 5753

 1039 5753 2742

 2516 1038 2743

 2516 2743 5753

 2741 5754 2554

 2741 2554 1078

 1040 2517 5754

 1040 5754 2741

 2517 1039 2742

 2517 2742 5754

 2740 5755 2555

 2740 2555 1079

 1041 2518 5755

 1041 5755 2740

 2518 1040 2741

 2518 2741 5755

 2739 5756 2556

 2739 2556 1080

 1042 2519 5756

 1042 5756 2739

 2519 1041 2740

 2519 2740 5756

 2738 5757 2557

 2738 2557 1081

 1043 2520 5757

 1043 5757 2738

 2520 1042 2739

 2520 2739 5757

 2737 5758 2558

 2737 2558 1082

 1044 2521 5758

 1044 5758 2737

 2521 1043 2738

 2521 2738 5758

 2736 5759 2559

 2736 2559 1083

 1045 2522 5759

 1045 5759 2736

 2522 1044 2737

 2522 2737 5759

 2735 5760 2560

 2735 2560 1084

 1046 2523 5760

 1046 5760 2735

 2523 1045 2736

 2523 2736 5760

 2734 5761 2561

 2734 2561 1085

 1047 2524 5761

 1047 5761 2734

 2524 1046 2735

 2524 2735 5761

 2733 5762 2562

 2733 2562 1086

 1048 2525 5762

 1048 5762 2733

 2525 1047 2734

 2525 2734 5762

 2731 5763 2563

 2731 2563 1088

 1052 2529 5763

 1052 5763 2731

 2529 1051 2732

 2529 2732 5763

 2730 5764 2564

 2730 2564 1089

 1053 2530 5764

 1053 5764 2730

 2530 1052 2731

 2530 2731 5764

 2729 5765 2565

 2729 2565 1090

 1054 2531 5765

 1054 5765 2729

 2531 1053 2730

 2531 2730 5765

 2727 5766 2567

 2727 2567 1093

 1056 2532 5766

 1056 5766 2727

 2532 1055 2728

 2532 2728 5766

 2726 5767 2568

 2726 2568 1094

 1057 2533 5767

 1057 5767 2726

 2533 1056 2727

 2533 2727 5767

 2725 5768 2569

 2725 2569 1095

 1058 2534 5768

 1058 5768 2725

 2534 1057 2726

 2534 2726 5768

 2724 5769 2570

 2724 2570 1096

 1059 2535 5769

 1059 5769 2724

 2535 1058 2725

 2535 2725 5769

 2723 5770 2571

 2723 2571 1097

 1060 2536 5770

 1060 5770 2723

 2536 1059 2724

 2536 2724 5770

 2722 5771 2572

 2722 2572 1098

 1061 2537 5771

 1061 5771 2722

 2537 1060 2723

 2537 2723 5771

 2721 5772 2573

 2721 2573 1099

 1062 2538 5772

 1062 5772 2721

 2538 1061 2722

 2538 2722 5772

 2720 5773 2574

 2720 2574 1100

 1063 2539 5773

 1063 5773 2720

 2539 1062 2721

 2539 2721 5773

 2719 5774 2575

 2719 2575 1101

 1064 2540 5774

 1064 5774 2719

 2540 1063 2720

 2540 2720 5774

 2718 5775 2576

 2718 2576 1102

 1065 2541 5775

 1065 5775 2718

 2541 1064 2719

 2541 2719 5775

 2717 5776 2577

 2717 2577 1103

 1066 2542 5776

 1066 5776 2717

 2542 1065 2718

 2542 2718 5776

 2716 5777 2578

 2716 2578 1104

 1067 2543 5777

 1067 5777 2716

 2543 1066 2717

 2543 2717 5777

 2715 5778 2579

 2715 2579 1105

 1068 2544 5778

 1068 5778 2715

 2544 1067 2716

 2544 2716 5778

 2714 5779 2580

 2714 2580 1106

 1069 2545 5779

 1069 5779 2714

 2545 1068 2715

 2545 2715 5779

 2713 5780 2581

 2713 2581 1107

 1070 2546 5780

 1070 5780 2713

 2546 1069 2714

 2546 2714 5780

 2712 5781 2582

 2712 2582 1108

 1071 2547 5781

 1071 5781 2712

 2547 1070 2713

 2547 2713 5781

 2711 5782 2583

 2711 2583 1109

 1072 2548 5782

 1072 5782 2711

 2548 1071 2712

 2548 2712 5782

 2710 5783 2584

 2710 2584 1110

 1073 2549 5783

 1073 5783 2710

 2549 1072 2711

 2549 2711 5783

 2709 5784 2585

 2709 2585 1111

 1074 2550 5784

 1074 5784 2709

 2550 1073 2710

 2550 2710 5784

 2708 5785 2586

 2708 2586 1112

 1075 2551 5785

 1075 5785 2708

 2551 1074 2709

 2551 2709 5785

 2707 5786 2587

 2707 2587 1113

 1076 2552 5786

 1076 5786 2707

 2552 1075 2708

 2552 2708 5786

 2706 5787 2588

 2706 2588 1114

 1077 2553 5787

 1077 5787 2706

 2553 1076 2707

 2553 2707 5787

 2705 5788 2589

 2705 2589 1115

 1078 2554 5788

 1078 5788 2705

 2554 1077 2706

 2554 2706 5788

 2704 5789 2590

 2704 2590 1116

 1079 2555 5789

 1079 5789 2704

 2555 1078 2705

 2555 2705 5789

 2703 5790 2591

 2703 2591 1117

 1080 2556 5790

 1080 5790 2703

 2556 1079 2704

 2556 2704 5790

 2702 5791 2592

 2702 2592 1118

 1081 2557 5791

 1081 5791 2702

 2557 1080 2703

 2557 2703 5791

 2701 5792 2593

 2701 2593 1119

 1082 2558 5792

 1082 5792 2701

 2558 1081 2702

 2558 2702 5792

 2700 5793 2594

 2700 2594 1120

 1083 2559 5793

 1083 5793 2700

 2559 1082 2701

 2559 2701 5793

 2699 5794 2595

 2699 2595 1121

 1084 2560 5794

 1084 5794 2699

 2560 1083 2700

 2560 2700 5794

 2697 5795 2596

 2697 2596 1123

 1092 2566 5795

 1092 5795 2697

 2566 1091 2698

 2566 2698 5795

 2696 5796 2597

 2696 2597 1124

 1093 2567 5796

 1093 5796 2696

 2567 1092 2697

 2567 2697 5796

 2695 5797 2598

 2695 2598 1125

 1094 2568 5797

 1094 5797 2695

 2568 1093 2696

 2568 2696 5797

 2694 5798 2599

 2694 2599 1126

 1095 2569 5798

 1095 5798 2694

 2569 1094 2695

 2569 2695 5798

 2693 5799 2600

 2693 2600 1127

 1096 2570 5799

 1096 5799 2693

 2570 1095 2694

 2570 2694 5799

 2692 5800 2601

 2692 2601 1128

 1097 2571 5800

 1097 5800 2692

 2571 1096 2693

 2571 2693 5800

 2691 5801 2602

 2691 2602 1129

 1098 2572 5801

 1098 5801 2691

 2572 1097 2692

 2572 2692 5801

 2690 5802 2603

 2690 2603 1130

 1099 2573 5802

 1099 5802 2690

 2573 1098 2691

 2573 2691 5802

 2688 5803 2604

 2688 2604 1132

 1108 2582 5803

 1108 5803 2688

 2582 1107 2689

 2582 2689 5803

 2687 5804 2605

 2687 2605 1133

 1109 2583 5804

 1109 5804 2687

 2583 1108 2688

 2583 2688 5804

 2686 5805 2606

 2686 2606 1134

 1110 2584 5805

 1110 5805 2686

 2584 1109 2687

 2584 2687 5805

 2685 5806 2607

 2685 2607 1135

 1111 2585 5806

 1111 5806 2685

 2585 1110 2686

 2585 2686 5806

 2684 5807 2608

 2684 2608 1136

 1112 2586 5807

 1112 5807 2684

 2586 1111 2685

 2586 2685 5807

 2683 5808 2609

 2683 2609 1137

 1113 2587 5808

 1113 5808 2683

 2587 1112 2684

 2587 2684 5808

 2682 5809 2610

 2682 2610 1138

 1114 2588 5809

 1114 5809 2682

 2588 1113 2683

 2588 2683 5809

 2681 5810 2611

 2681 2611 1139

 1115 2589 5810

 1115 5810 2681

 2589 1114 2682

 2589 2682 5810

 2680 5811 2612

 2680 2612 1140

 1116 2590 5811

 1116 5811 2680

 2590 1115 2681

 2590 2681 5811

 2679 5812 2613

 2679 2613 1141

 1117 2591 5812

 1117 5812 2679

 2591 1116 2680

 2591 2680 5812

 2678 5813 2614

 2678 2614 1142

 1118 2592 5813

 1118 5813 2678

 2592 1117 2679

 2592 2679 5813

 2676 5814 2615

 2676 2615 1144

 1123 2596 5814

 1123 5814 2676

 2596 1122 2677

 2596 2677 5814

 2675 5815 2616

 2675 2616 1145

 1124 2597 5815

 1124 5815 2675

 2597 1123 2676

 2597 2676 5815

 2674 5816 2617

 2674 2617 1146

 1125 2598 5816

 1125 5816 2674

 2598 1124 2675

 2598 2675 5816

 2673 5817 2618

 2673 2618 1147

 1126 2599 5817

 1126 5817 2673

 2599 1125 2674

 2599 2674 5817

 2672 5818 2619

 2672 2619 1148

 1127 2600 5818

 1127 5818 2672

 2600 1126 2673

 2600 2673 5818

 2671 5819 2620

 2671 2620 1149

 1128 2601 5819

 1128 5819 2671

 2601 1127 2672

 2601 2672 5819

 2670 5820 2621

 2670 2621 1150

 1129 2602 5820

 1129 5820 2670

 2602 1128 2671

 2602 2671 5820

 2668 5821 2622

 2668 2622 1152

 1132 2604 5821

 1132 5821 2668

 2604 1131 2669

 2604 2669 5821

 2667 5822 2623

 2667 2623 1153

 1133 2605 5822

 1133 5822 2667

 2605 1132 2668

 2605 2668 5822

 2666 5823 2624

 2666 2624 1154

 1134 2606 5823

 1134 5823 2666

 2606 1133 2667

 2606 2667 5823

 2665 5824 2625

 2665 2625 1155

 1135 2607 5824

 1135 5824 2665

 2607 1134 2666

 2607 2666 5824

 2664 5825 2626

 2664 2626 1156

 1136 2608 5825

 1136 5825 2664

 2608 1135 2665

 2608 2665 5825

 2663 5826 2627

 2663 2627 1157

 1137 2609 5826

 1137 5826 2663

 2609 1136 2664

 2609 2664 5826

 2662 5827 2628

 2662 2628 1158

 1138 2610 5827

 1138 5827 2662

 2610 1137 2663

 2610 2663 5827

 2661 5828 2629

 2661 2629 1159

 1139 2611 5828

 1139 5828 2661

 2611 1138 2662

 2611 2662 5828

 2659 5829 2630

 2659 2630 1161

 1144 2615 5829

 1144 5829 2659

 2615 1143 2660

 2615 2660 5829

 2658 5830 2631

 2658 2631 1162

 1145 2616 5830

 1145 5830 2658

 2616 1144 2659

 2616 2659 5830

 2657 5831 2632

 2657 2632 1163

 1146 2617 5831

 1146 5831 2657

 2617 1145 2658

 2617 2658 5831

 2656 5832 2633

 2656 2633 1164

 1147 2618 5832

 1147 5832 2656

 2618 1146 2657

 2618 2657 5832

 2655 5833 2634

 2655 2634 1165

 1148 2619 5833

 1148 5833 2655

 2619 1147 2656

 2619 2656 5833

 2653 5834 2635

 2653 2635 1167

 1153 2623 5834

 1153 5834 2653

 2623 1152 2654

 2623 2654 5834

 2652 5835 2636

 2652 2636 1168

 1154 2624 5835

 1154 5835 2652

 2624 1153 2653

 2624 2653 5835

 2651 5836 2637

 2651 2637 1169

 1155 2625 5836

 1155 5836 2651

 2625 1154 2652

 2625 2652 5836

 2650 5837 2638

 2650 2638 1170

 1156 2626 5837

 1156 5837 2650

 2626 1155 2651

 2626 2651 5837

 2649 5838 2639

 2649 2639 1171

 1157 2627 5838

 1157 5838 2649

 2627 1156 2650

 2627 2650 5838

 2648 5839 2640

 2648 2640 1172

 1158 2628 5839

 1158 5839 2648

 2628 1157 2649

 2628 2649 5839

 2646 5840 2641

 2646 2641 1174

 1161 2630 5840

 1161 5840 2646

 2630 1160 2647

 2630 2647 5840

 2645 5841 2642

 2645 2642 1175

 1162 2631 5841

 1162 5841 2645

 2631 1161 2646

 2631 2646 5841

 2644 5842 2643

 2644 2643 1176

 1163 2632 5842

 1163 5842 2644

 2632 1162 2645

 2632 2645 5842

 6583 6582 6586

 6583 6586 6587

 6582 6581 6585

 6582 6585 6586

 6581 6580 6584

 6581 6584 6585

 6579 6578 6582

 6579 6582 6583

 6578 6577 6581

 6578 6581 6582

 6577 6576 6580

 6577 6580 6581

 6575 6574 6578

 6575 6578 6579

 6574 6573 6577

 6574 6577 6578

 6573 6572 6576

 6573 6576 6577

 6570 6569 6574

 6570 6574 6575

 6569 6568 6573

 6569 6573 6574

 6568 6567 6572

 6568 6572 6573

 6567 6566 6571

 6567 6571 6572

 6564 6563 6569

 6564 6569 6570

 6563 6562 6568

 6563 6568 6569

 6562 6561 6567

 6562 6567 6568

 6561 6560 6566

 6561 6566 6567

 6560 6559 6565

 6560 6565 6566

 6558 6557 6562

 6558 6562 6563

 6557 6556 6561

 6557 6561 6562

 6556 6555 6560

 6556 6560 6561

 6555 6554 6559

 6555 6559 6560

 6553 6552 6556

 6553 6556 6557

 6552 6551 6555

 6552 6555 6556

 6551 6550 6554

 6551 6554 6555

 6548 6547 6551

 6548 6551 6552

 6547 6546 6550

 6547 6550 6551

 6546 6545 6549

 6546 6549 6550

 6540 6539 6547

 6540 6547 6548

 6539 6538 6546

 6539 6546 6547

 6538 6537 6545

 6538 6545 6546

 6537 6536 6544

 6537 6544 6545

 6534 6533 6542

 6534 6542 6543

 6533 6532 6541

 6533 6541 6542

 6530 6529 6539

 6530 6539 6540

 6529 6528 6538

 6529 6538 6539

 6528 6527 6537

 6528 6537 6538

 6527 6526 6536

 6527 6536 6537

 6523 6522 6534

 6523 6534 6535

 6522 6521 6533

 6522 6533 6534

 6521 6520 6532

 6521 6532 6533

 6520 6519 6531

 6520 6531 6532

 6518 6517 6528

 6518 6528 6529

 6517 6516 6527

 6517 6527 6528

 6516 6515 6526

 6516 6526 6527

 6513 6512 6524

 6513 6524 6525

 6512 6511 6523

 6512 6523 6524

 6511 6510 6522

 6511 6522 6523

 6510 6509 6521

 6510 6521 6522

 6509 6508 6520

 6509 6520 6521

 6508 6507 6519

 6508 6519 6520

 6506 6505 6517

 6506 6517 6518

 6505 6504 6516

 6505 6516 6517

 6504 6503 6515

 6504 6515 6516

 6502 6501 6513

 6502 6513 6514

 6501 6500 6512

 6501 6512 6513

 6500 6499 6511

 6500 6511 6512

 6499 6498 6510

 6499 6510 6511

 6498 6497 6509

 6498 6509 6510

 6497 6496 6508

 6497 6508 6509

 6495 6494 6505

 6495 6505 6506

 6494 6493 6504

 6494 6504 6505

 6493 6492 6503

 6493 6503 6504

 6492 6491 6502

 6492 6502 6503

 6491 6490 6501

 6491 6501 6502

 6490 6489 6500

 6490 6500 6501

 6489 6488 6499

 6489 6499 6500

 6488 6487 6498

 6488 6498 6499

 6486 6485 6494

 6486 6494 6495

 6485 6484 6493

 6485 6493 6494

 6484 6483 6492

 6484 6492 6493

 6483 6482 6491

 6483 6491 6492

 6482 6481 6490

 6482 6490 6491

 6481 6480 6489

 6481 6489 6490

 6480 6479 6488

 6480 6488 6489

 6477 6476 6485

 6477 6485 6486

 6476 6475 6484

 6476 6484 6485

 6475 6474 6483

 6475 6483 6484

 6474 6473 6482

 6474 6482 6483

 6473 6472 6481

 6473 6481 6482

 6472 6471 6480

 6472 6480 6481

 6471 6470 6479

 6471 6479 6480

 6469 6468 6477

 6469 6477 6478

 6468 6467 6476

 6468 6476 6477

 6467 6466 6475

 6467 6475 6476

 6466 6465 6474

 6466 6474 6475

 6465 6464 6473

 6465 6473 6474

 6464 6463 6472

 6464 6472 6473

 6463 6462 6471

 6463 6471 6472

 6461 6460 6468

 6461 6468 6469

 6460 6459 6467

 6460 6467 6468

 6459 6458 6466

 6459 6466 6467

 6458 6457 6465

 6458 6465 6466

 6456 6455 6460

 6456 6460 6461

 6455 6454 6459

 6455 6459 6460

 6454 6453 6458

 6454 6458 6459

 6453 6452 6457

 6453 6457 6458

 6451 6450 6455

 6451 6455 6456

 6450 6449 6454

 6450 6454 6455

 6449 6448 6453

 6449 6453 6454

 6448 6447 6452

 6448 6452 6453

 6446 6445 6449

 6446 6449 6450

 6445 6444 6448

 6445 6448 6449

 6439 6438 6442

 6439 6442 6443

 6438 6437 6441

 6438 6441 6442

 6437 6436 6440

 6437 6440 6441

 6434 6433 6438

 6434 6438 6439

 6433 6432 6437

 6433 6437 6438

 6432 6431 6436

 6432 6436 6437

 6431 6430 6435

 6431 6435 6436

 6425 6424 6433

 6425 6433 6434

 6424 6423 6432

 6424 6432 6433

 6423 6422 6431

 6423 6431 6432

 6422 6421 6430

 6422 6430 6431

 6420 6419 6428

 6420 6428 6429

 6419 6418 6427

 6419 6427 6428

 6418 6417 6426

 6418 6426 6427

 6416 6415 6423

 6416 6423 6424

 6415 6414 6422

 6415 6422 6423

 6414 6413 6421

 6414 6421 6422

 6411 6410 6419

 6411 6419 6420

 6410 6409 6418

 6410 6418 6419

 6409 6408 6417

 6409 6417 6418

 6406 6405 6415

 6406 6415 6416

 6405 6404 6414

 6405 6414 6415

 6404 6403 6413

 6404 6413 6414

 6402 6401 6411

 6402 6411 6412

 6401 6400 6410

 6401 6410 6411

 6400 6399 6409

 6400 6409 6410

 6399 6398 6408

 6399 6408 6409

 6397 6396 6406

 6397 6406 6407

 6396 6395 6405

 6396 6405 6406

 6395 6394 6404

 6395 6404 6405

 6394 6393 6403

 6394 6403 6404

 6392 6391 6401

 6392 6401 6402

 6391 6390 6400

 6391 6400 6401

 6390 6389 6399

 6390 6399 6400

 6388 6387 6396

 6388 6396 6397

 6387 6386 6395

 6387 6395 6396

 6386 6385 6394

 6386 6394 6395

 6384 6383 6391

 6384 6391 6392

 6383 6382 6390

 6383 6390 6391

 6382 6381 6389

 6382 6389 6390

 6380 6379 6387

 6380 6387 6388

 6379 6378 6386

 6379 6386 6387

 6378 6377 6385

 6378 6385 6386

 6376 6375 6379

 6376 6379 6380

 6375 6374 6378

 6375 6378 6379

 6374 6373 6377

 6374 6377 6378

 6368 6367 6375

 6368 6375 6376

 6367 6366 6374

 6367 6374 6375

 6366 6365 6373

 6366 6373 6374

 6362 6361 6371

 6362 6371 6372

 6361 6360 6370

 6361 6370 6371

 6360 6359 6369

 6360 6369 6370

 6358 6357 6367

 6358 6367 6368

 6357 6356 6366

 6357 6366 6367

 6356 6355 6365

 6356 6365 6366

 6353 6352 6363

 6353 6363 6364

 6352 6351 6362

 6352 6362 6363

 6351 6350 6361

 6351 6361 6362

 6350 6349 6360

 6350 6360 6361

 6349 6348 6359

 6349 6359 6360

 6343 6342 6357

 6343 6357 6358

 6342 6341 6356

 6342 6356 6357

 6341 6340 6355

 6341 6355 6356

 6339 6338 6353

 6339 6353 6354

 6338 6337 6352

 6338 6352 6353

 6337 6336 6351

 6337 6351 6352

 6336 6335 6350

 6336 6350 6351

 6335 6334 6349

 6335 6349 6350

 6334 6333 6348

 6334 6348 6349

 6332 6331 6346

 6332 6346 6347

 6331 6330 6345

 6331 6345 6346

 6330 6329 6344

 6330 6344 6345

 6322 6321 6342

 6322 6342 6343

 6321 6320 6341

 6321 6341 6342

 6320 6319 6340

 6320 6340 6341

 6316 6315 6338

 6316 6338 6339

 6315 6314 6337

 6315 6337 6338

 6314 6313 6336

 6314 6336 6337

 6313 6312 6335

 6313 6335 6336

 6308 6307 6331

 6308 6331 6332

 6307 6306 6330

 6307 6330 6331

 6306 6305 6329

 6306 6329 6330

 6301 6300 6327

 6301 6327 6328

 6300 6299 6326

 6300 6326 6327

 6299 6298 6325

 6299 6325 6326

 6298 6297 6324

 6298 6324 6325

 6297 6296 6323

 6297 6323 6324

 6294 6293 6321

 6294 6321 6322

 6293 6292 6320

 6293 6320 6321

 6292 6291 6319

 6292 6319 6320

 6291 6290 6318

 6291 6318 6319

 6289 6288 6316

 6289 6316 6317

 6288 6287 6315

 6288 6315 6316

 6287 6286 6314

 6287 6314 6315

 6286 6285 6313

 6286 6313 6314

 6285 6284 6312

 6285 6312 6313

 6284 6283 6311

 6284 6311 6312

 6282 6281 6309

 6282 6309 6310

 6279 6278 6307

 6279 6307 6308

 6278 6277 6306

 6278 6306 6307

 6277 6276 6305

 6277 6305 6306

 6276 6275 6304

 6276 6304 6305

 6275 6274 6303

 6275 6303 6304

 6274 6273 6302

 6274 6302 6303

 6267 6266 6300

 6267 6300 6301

 6266 6265 6299

 6266 6299 6300

 6265 6264 6298

 6265 6298 6299

 6264 6263 6297

 6264 6297 6298

 6263 6262 6296

 6263 6296 6297

 6262 6261 6295

 6262 6295 6296

 6261 6260 6294

 6261 6294 6295

 6259 6258 6292

 6259 6292 6293

 6258 6257 6291

 6258 6291 6292

 6257 6256 6290

 6257 6290 6291

 6253 6252 6288

 6253 6288 6289

 6252 6251 6287

 6252 6287 6288

 6251 6250 6286

 6251 6286 6287

 6250 6249 6285

 6250 6285 6286

 6249 6248 6284

 6249 6284 6285

 6248 6247 6283

 6248 6283 6284

 6247 6246 6282

 6247 6282 6283

 6246 6245 6281

 6246 6281 6282

 6245 6244 6280

 6245 6280 6281

 6241 6240 6278

 6241 6278 6279

 6240 6239 6277

 6240 6277 6278

 6239 6238 6276

 6239 6276 6277

 6238 6237 6275

 6238 6275 6276

 6237 6236 6274

 6237 6274 6275

 6236 6235 6273

 6236 6273 6274

 6233 6232 6271

 6233 6271 6272

 6232 6231 6270

 6232 6270 6271

 6231 6230 6269

 6231 6269 6270

 6230 6229 6268

 6230 6268 6269

 6226 6225 6266

 6226 6266 6267

 6225 6224 6265

 6225 6265 6266

 6224 6223 6264

 6224 6264 6265

 6223 6222 6263

 6223 6263 6264

 6222 6221 6262

 6222 6262 6263

 6221 6220 6261

 6221 6261 6262

 6220 6219 6260

 6220 6260 6261

 6219 6218 6259

 6219 6259 6260

 6218 6217 6258

 6218 6258 6259

 6217 6216 6257

 6217 6257 6258

 6216 6215 6256

 6216 6256 6257

 6215 6214 6255

 6215 6255 6256

 6213 6212 6253

 6213 6253 6254

 6212 6211 6252

 6212 6252 6253

 6211 6210 6251

 6211 6251 6252

 6210 6209 6250

 6210 6250 6251

 6209 6208 6249

 6209 6249 6250

 6208 6207 6248

 6208 6248 6249

 6207 6206 6247

 6207 6247 6248

 6206 6205 6246

 6206 6246 6247

 6205 6204 6245

 6205 6245 6246

 6204 6203 6244

 6204 6244 6245

 6203 6202 6243

 6203 6243 6244

 6202 6201 6242

 6202 6242 6243

 6199 6198 6240

 6199 6240 6241

 6198 6197 6239

 6198 6239 6240

 6197 6196 6238

 6197 6238 6239

 6196 6195 6237

 6196 6237 6238

 6195 6194 6236

 6195 6236 6237

 6194 6193 6235

 6194 6235 6236

 6192 6191 6233

 6192 6233 6234

 6191 6190 6232

 6191 6232 6233

 6190 6189 6231

 6190 6231 6232

 6189 6188 6230

 6189 6230 6231

 6188 6187 6229

 6188 6229 6230

 6187 6186 6228

 6187 6228 6229

 6186 6185 6227

 6186 6227 6228

 6183 6182 6225

 6183 6225 6226

 6182 6181 6224

 6182 6224 6225

 6181 6180 6223

 6181 6223 6224

 6179 6178 6221

 6179 6221 6222

 6178 6177 6220

 6178 6220 6221

 6177 6176 6219

 6177 6219 6220

 6176 6175 6218

 6176 6218 6219

 6174 6173 6216

 6174 6216 6217

 6173 6172 6215

 6173 6215 6216

 6172 6171 6214

 6172 6214 6215

 6169 6168 6212

 6169 6212 6213

 6168 6167 6211

 6168 6211 6212

 6167 6166 6210

 6167 6210 6211

 6166 6165 6209

 6166 6209 6210

 6165 6164 6208

 6165 6208 6209

 6164 6163 6207

 6164 6207 6208

 6163 6162 6206

 6163 6206 6207

 6162 6161 6205

 6162 6205 6206

 6161 6160 6204

 6161 6204 6205

 6160 6159 6203

 6160 6203 6204

 6159 6158 6202

 6159 6202 6203

 6158 6157 6201

 6158 6201 6202

 6157 6156 6200

 6157 6200 6201

 6153 6152 6197

 6153 6197 6198

 6152 6151 6196

 6152 6196 6197

 6151 6150 6195

 6151 6195 6196

 6150 6149 6194

 6150 6194 6195

 6148 6147 6191

 6148 6191 6192

 6147 6146 6190

 6147 6190 6191

 6146 6145 6189

 6146 6189 6190

 6145 6144 6188

 6145 6188 6189

 6144 6143 6187

 6144 6187 6188

 6143 6142 6186

 6143 6186 6187

 6142 6141 6185

 6142 6185 6186

 6141 6140 6184

 6141 6184 6185

 6138 6137 6182

 6138 6182 6183

 6137 6136 6181

 6137 6181 6182

 6136 6135 6180

 6136 6180 6181

 6134 6133 6178

 6134 6178 6179

 6133 6132 6177

 6133 6177 6178

 6132 6131 6176

 6132 6176 6177

 6131 6130 6175

 6131 6175 6176

 6129 6128 6173

 6129 6173 6174

 6128 6127 6172

 6128 6172 6173

 6127 6126 6171

 6127 6171 6172

 6126 6125 6170

 6126 6170 6171

 6124 6123 6168

 6124 6168 6169

 6123 6122 6167

 6123 6167 6168

 6122 6121 6166

 6122 6166 6167

 6121 6120 6165

 6121 6165 6166

 6120 6119 6164

 6120 6164 6165

 6119 6118 6163

 6119 6163 6164

 6118 6117 6162

 6118 6162 6163

 6117 6116 6161

 6117 6161 6162

 6116 6115 6160

 6116 6160 6161

 6115 6114 6159

 6115 6159 6160

 6114 6113 6158

 6114 6158 6159

 6113 6112 6157

 6113 6157 6158

 6112 6111 6156

 6112 6156 6157

 6111 6110 6155

 6111 6155 6156

 6110 6109 6154

 6110 6154 6155

 6107 6106 6147

 6107 6147 6148

 6106 6105 6146

 6106 6146 6147

 6105 6104 6145

 6105 6145 6146

 6103 6102 6143

 6103 6143 6144

 6102 6101 6142

 6102 6142 6143

 6101 6100 6141

 6101 6141 6142

 6100 6099 6140

 6100 6140 6141

 6098 6097 6138

 6098 6138 6139

 6097 6096 6137

 6097 6137 6138

 6096 6095 6136

 6096 6136 6137

 6095 6094 6135

 6095 6135 6136

 6093 6092 6133

 6093 6133 6134

 6092 6091 6132

 6092 6132 6133

 6091 6090 6131

 6091 6131 6132

 6090 6089 6130

 6090 6130 6131

 6089 6088 6129

 6089 6129 6130

 6088 6087 6128

 6088 6128 6129

 6087 6086 6127

 6087 6127 6128

 6086 6085 6126

 6086 6126 6127

 6085 6084 6125

 6085 6125 6126

 6083 6082 6123

 6083 6123 6124

 6082 6081 6122

 6082 6122 6123

 6081 6080 6121

 6081 6121 6122

 6080 6079 6120

 6080 6120 6121

 6079 6078 6119

 6079 6119 6120

 6078 6077 6118

 6078 6118 6119

 6077 6076 6117

 6077 6117 6118

 6076 6075 6116

 6076 6116 6117

 6075 6074 6115

 6075 6115 6116

 6074 6073 6114

 6074 6114 6115

 6073 6072 6113

 6073 6113 6114

 6072 6071 6112

 6072 6112 6113

 6071 6070 6111

 6071 6111 6112

 6070 6069 6110

 6070 6110 6111

 6069 6068 6109

 6069 6109 6110

 6068 6067 6108

 6068 6108 6109

 6066 6065 6106

 6066 6106 6107

 6065 6064 6105

 6065 6105 6106

 6064 6063 6104

 6064 6104 6105

 6062 6061 6101

 6062 6101 6102

 6061 6060 6100

 6061 6100 6101

 6060 6059 6099

 6060 6099 6100

 6059 6058 6098

 6059 6098 6099

 6058 6057 6097

 6058 6097 6098

 6057 6056 6096

 6057 6096 6097

 6056 6055 6095

 6056 6095 6096

 6055 6054 6094

 6055 6094 6095

 6053 6052 6092

 6053 6092 6093

 6052 6051 6091

 6052 6091 6092

 6051 6050 6090

 6051 6090 6091

 6050 6049 6089

 6050 6089 6090

 6049 6048 6088

 6049 6088 6089

 6048 6047 6087

 6048 6087 6088

 6047 6046 6086

 6047 6086 6087

 6046 6045 6085

 6046 6085 6086

 6045 6044 6084

 6045 6084 6085

 6043 6042 6081

 6043 6081 6082

 6042 6041 6080

 6042 6080 6081

 6041 6040 6079

 6041 6079 6080

 6040 6039 6078

 6040 6078 6079

 6039 6038 6077

 6039 6077 6078

 6038 6037 6076

 6038 6076 6077

 6037 6036 6075

 6037 6075 6076

 6036 6035 6074

 6036 6074 6075

 6035 6034 6073

 6035 6073 6074

 6034 6033 6072

 6034 6072 6073

 6033 6032 6071

 6033 6071 6072

 6032 6031 6070

 6032 6070 6071

 6031 6030 6069

 6031 6069 6070

 6030 6029 6068

 6030 6068 6069

 6029 6028 6067

 6029 6067 6068

 6027 6026 6065

 6027 6065 6066

 6026 6025 6064

 6026 6064 6065

 6025 6024 6063

 6025 6063 6064

 6023 6022 6061

 6023 6061 6062

 6022 6021 6060

 6022 6060 6061

 6021 6020 6059

 6021 6059 6060

 6020 6019 6058

 6020 6058 6059

 6019 6018 6057

 6019 6057 6058

 6018 6017 6056

 6018 6056 6057

 6017 6016 6055

 6017 6055 6056

 6015 6014 6050

 6015 6050 6051

 6014 6013 6049

 6014 6049 6050

 6013 6012 6048

 6013 6048 6049

 6012 6011 6047

 6012 6047 6048

 6011 6010 6046

 6011 6046 6047

 6010 6009 6045

 6010 6045 6046

 6009 6008 6044

 6009 6044 6045

 6006 6005 6039

 6006 6039 6040

 6005 6004 6038

 6005 6038 6039

 6004 6003 6037

 6004 6037 6038

 6003 6002 6036

 6003 6036 6037

 6002 6001 6035

 6002 6035 6036

 6001 6000 6034

 6001 6034 6035

 6000 5999 6033

 6000 6033 6034

 5999 5998 6032

 5999 6032 6033

 5998 5997 6031

 5998 6031 6032

 5997 5996 6030

 5997 6030 6031

 5996 5995 6029

 5996 6029 6030

 5987 5986 6026

 5987 6026 6027

 5986 5985 6025

 5986 6025 6026

 5985 5984 6024

 5985 6024 6025

 5983 5982 6022

 5983 6022 6023

 5982 5981 6021

 5982 6021 6022

 5981 5980 6020

 5981 6020 6021

 5980 5979 6019

 5980 6019 6020

 5979 5978 6018

 5979 6018 6019

 5975 5974 6006

 5975 6006 6007

 5974 5973 6005

 5974 6005 6006

 5973 5972 6004

 5973 6004 6005

 5972 5971 6003

 5972 6003 6004

 5971 5970 6002

 5971 6002 6003

 5970 5969 6001

 5970 6001 6002

 5969 5968 6000

 5969 6000 6001

 5968 5967 5999

 5968 5999 6000

 5967 5966 5998

 5967 5998 5999

 5966 5965 5997

 5966 5997 5998

 5965 5964 5996

 5965 5996 5997

 5964 5963 5995

 5964 5995 5996

 5962 5961 5993

 5962 5993 5994

 5961 5960 5992

 5961 5992 5993

 5960 5959 5991

 5960 5991 5992

 5959 5958 5990

 5959 5990 5991

 5958 5957 5989

 5958 5989 5990

 5950 5949 5987

 5950 5987 5988

 5949 5948 5986

 5949 5986 5987

 5948 5947 5985

 5948 5985 5986

 5947 5946 5984

 5947 5984 5985

 5945 5944 5976

 5945 5976 5977

 5944 5943 5975

 5944 5975 5976

 5943 5942 5974

 5943 5974 5975

 5942 5941 5973

 5942 5973 5974

 5941 5940 5972

 5941 5972 5973

 5940 5939 5971

 5940 5971 5972

 5938 5937 5969

 5938 5969 5970

 5937 5936 5968

 5937 5968 5969

 5936 5935 5967

 5936 5967 5968

 5935 5934 5966

 5935 5966 5967

 5934 5933 5965

 5934 5965 5966

 5933 5932 5964

 5933 5964 5965

 5932 5931 5963

 5932 5963 5964

 5930 5929 5961

 5930 5961 5962

 5929 5928 5960

 5929 5960 5961

 5928 5927 5959

 5928 5959 5960

 5927 5926 5958

 5927 5958 5959

 5926 5925 5957

 5926 5957 5958

 5925 5924 5956

 5925 5956 5957

 5924 5923 5955

 5924 5955 5956

 5923 5922 5954

 5923 5954 5955

 5922 5921 5953

 5922 5953 5954

 5921 5920 5952

 5921 5952 5953

 5920 5919 5951

 5920 5951 5952

 5919 5918 5950

 5919 5950 5951

 5918 5917 5949

 5918 5949 5950

 5917 5916 5948

 5917 5948 5949

 5916 5915 5947

 5916 5947 5948

 5915 5914 5946

 5915 5946 5947

 5913 5912 5944

 5913 5944 5945

 5912 5911 5943

 5912 5943 5944

 5911 5910 5942

 5911 5942 5943

 5910 5909 5941

 5910 5941 5942

 5909 5908 5940

 5909 5940 5941

 5907 5906 5936

 5907 5936 5937

 5906 5905 5935

 5906 5935 5936

 5905 5904 5934

 5905 5934 5935

 5904 5903 5933

 5904 5933 5934

 5903 5902 5932

 5903 5932 5933

 5902 5901 5931

 5902 5931 5932

 5900 5899 5928

 5900 5928 5929

 5899 5898 5927

 5899 5927 5928

 5898 5897 5926

 5898 5926 5927

 5897 5896 5925

 5897 5925 5926

 5896 5895 5924

 5896 5924 5925

 5895 5894 5923

 5895 5923 5924

 5894 5893 5922

 5894 5922 5923

 5893 5892 5921

 5893 5921 5922

 5892 5891 5920

 5892 5920 5921

 5891 5890 5919

 5891 5919 5920

 5890 5889 5918

 5890 5918 5919

 5889 5888 5917

 5889 5917 5918

 5888 5887 5916

 5888 5916 5917

 5887 5886 5915

 5887 5915 5916

 5885 5884 5912

 5885 5912 5913

 5884 5883 5911

 5884 5911 5912

 5883 5882 5910

 5883 5910 5911

 5882 5881 5909

 5882 5909 5910

 5880 5879 5906

 5880 5906 5907

 5879 5878 5905

 5879 5905 5906

 5878 5877 5904

 5878 5904 5905

 5877 5876 5903

 5877 5903 5904

 5876 5875 5902

 5876 5902 5903

 5875 5874 5901

 5875 5901 5902

 5873 5872 5896

 5873 5896 5897

 5872 5871 5895

 5872 5895 5896

 5871 5870 5894

 5871 5894 5895

 5870 5869 5893

 5870 5893 5894

 5869 5868 5892

 5869 5892 5893

 5868 5867 5891

 5868 5891 5892

 5867 5866 5890

 5867 5890 5891

 5866 5865 5889

 5866 5889 5890

 5865 5864 5888

 5865 5888 5889

 5864 5863 5887

 5864 5887 5888

 5862 5861 5884

 5862 5884 5885

 5861 5860 5883

 5861 5883 5884

 5860 5859 5882

 5860 5882 5883

 5859 5858 5881

 5859 5881 5882

 5857 5856 5879

 5857 5879 5880

 5856 5855 5878

 5856 5878 5879

 5855 5854 5877

 5855 5877 5878

 5854 5853 5876

 5854 5876 5877

 5853 5852 5875

 5853 5875 5876

 5851 5850 5856

 5851 5856 5857

 5850 5849 5855

 5850 5855 5856

 5849 5848 5854

 5849 5854 5855

 5848 5847 5853

 5848 5853 5854

 5846 5845 5849

 5846 5849 5850

 5845 5844 5848

 5845 5848 5849

 5844 5843 5847

 5844 5847 5848

 6242 6201 6753

 6242 6753 6768

 6525 6524 6926

 6525 6926 6927

 6199 6241 6767

 6199 6767 6751

 5976 5975 6653

 5976 6653 6654

 5977 5976 6654

 5977 6654 6655

 5978 5979 6657

 5978 6657 6656

 6384 6392 6854

 6384 6854 6850

 6439 6443 6886

 6439 6886 6882

 6529 6530 6930

 6529 6930 6929

 5979 5980 6658

 5979 6658 6657

 5875 5852 6595

 5875 6595 6615

 5980 5981 6659

 5980 6659 6658

 5851 5857 6597

 5851 6597 6594

 5981 5982 6660

 5981 6660 6659

 6235 6193 6748

 6235 6748 6766

 6389 6381 6847

 6389 6847 6853

 6440 6436 6881

 6440 6881 6883

 5982 5983 6661

 5982 6661 6660

 6192 6234 6765

 6192 6765 6747

 6380 6388 6852

 6380 6852 6846

 6217 6218 6757

 6217 6757 6756

 5853 5847 6592

 5853 6592 6596

 6564 6570 6955

 6564 6955 6952

 5846 5850 6593

 5846 6593 6591

 6385 6377 6845

 6385 6845 6851

 5988 5987 6663

 5988 6663 6664

 6108 6067 6703

 6108 6703 6715

 5990 5989 6665

 5990 6665 6666

 6066 6107 6714

 6066 6714 6702

 5991 5990 6666

 5991 6666 6667

 5847 5843 6588

 5847 6588 6592

 6441 6440 6883

 6441 6883 6884

 6566 6565 6953

 6566 6953 6954

 6222 6223 6759

 6222 6759 6758

 5992 5991 6667

 5992 6667 6668

 6227 6185 6746

 6227 6746 6761

 6442 6441 6884

 6442 6884 6885

 6565 6559 6950

 6565 6950 6953

 5993 5992 6668

 5993 6668 6669

 6104 6063 6701

 6104 6701 6713

 6183 6226 6760

 6183 6760 6744

 6443 6442 6885

 6443 6885 6886

 5994 5993 6669

 5994 6669 6670

 6062 6102 6711

 6062 6711 6700

 6518 6529 6929

 6518 6929 6923

 6228 6227 6761

 6228 6761 6762

 6223 6180 6743

 6223 6743 6759

 6229 6228 6762

 6229 6762 6763

 6179 6222 6758

 6179 6758 6742

 6526 6515 6922

 6526 6922 6928

 6513 6525 6927

 6513 6927 6920

 6218 6175 6741

 6218 6741 6757

 6234 6233 6764

 6234 6764 6765

 6094 6054 6698

 6094 6698 6708

 6174 6217 6756

 6174 6756 6740

 6053 6093 6707

 6053 6707 6697

 6519 6507 6918

 6519 6918 6924

 6214 6171 6739

 6214 6739 6755

 6376 6380 6846

 6376 6846 6844

 6007 6006 6672

 6007 6672 6673

 6470 6471 6904

 6470 6904 6903

 6169 6213 6754

 6169 6754 6737

 6532 6531 6931

 6532 6931 6932

 6008 6009 6675

 6008 6675 6674

 6009 6010 6676

 6009 6676 6675

 6377 6373 6843

 6377 6843 6845

 6243 6242 6768

 6243 6768 6769

 6010 6011 6677

 6010 6677 6676

 6434 6439 6882

 6434 6882 6879

 6244 6243 6769

 6244 6769 6770

 6535 6534 6933

 6535 6933 6934

 6011 6012 6678

 6011 6678 6677

 6461 6469 6902

 6461 6902 6897

 6012 6013 6679

 6012 6679 6678

 6013 6014 6680

 6013 6680 6679

 6084 6044 6694

 6084 6694 6706

 6014 6015 6681

 6014 6681 6680

 6478 6477 6905

 6478 6905 6906

 6043 6082 6704

 6043 6704 6693

 6435 6430 6878

 6435 6878 6880

 6016 6017 6683

 6016 6683 6682

 6465 6457 6896

 6465 6896 6901

 6017 6018 6684

 6017 6684 6683

 6200 6156 6736

 6200 6736 6752

 6254 6253 6771

 6254 6771 6772

 6153 6198 6750

 6153 6750 6733

 6256 6255 6773

 6256 6773 6774

 6368 6376 6844

 6368 6844 6838

 6028 6029 6689

 6028 6689 6688

 6194 6149 6729

 6194 6729 6749

 6373 6365 6837

 6373 6837 6843

 6260 6259 6775

 6260 6775 6776

 6148 6192 6747

 6148 6747 6728

 6362 6372 6842

 6362 6842 6834

 6067 6028 6688

 6067 6688 6703

 6506 6518 6923

 6506 6923 6917

 6369 6359 6833

 6369 6833 6839

 6393 6394 6856

 6393 6856 6855

 6027 6066 6702

 6027 6702 6687

 6444 6445 6888

 6444 6888 6887

 6515 6503 6916

 6515 6916 6922

 6558 6563 6951

 6558 6951 6949

 6445 6446 6889

 6445 6889 6888

 6063 6024 6686

 6063 6686 6701

 6502 6514 6921

 6502 6921 6915

 6398 6399 6859

 6398 6859 6858

 6269 6268 6778

 6269 6778 6779

 6023 6062 6700

 6023 6700 6685

 6184 6140 6725

 6184 6725 6745

 6572 6571 6956

 6572 6956 6957

 6270 6269 6779

 6270 6779 6780

 6138 6183 6744

 6138 6744 6723

 6271 6270 6780

 6271 6780 6781

 6559 6554 6947

 6559 6947 6950

 6272 6271 6781

 6272 6781 6782

 6040 6041 6691

 6040 6691 6690

 6425 6434 6879

 6425 6879 6873

 6583 6587 6966

 6583 6966 6962

 6041 6042 6692

 6041 6692 6691

 6042 6043 6693

 6042 6693 6692

 6508 6496 6912

 6508 6912 6919

 6358 6368 6838

 6358 6838 6832

 6584 6580 6961

 6584 6961 6963

 6055 6016 6682

 6055 6682 6699

 6430 6421 6871

 6430 6871 6878

 6015 6051 6695

 6015 6695 6681

 6365 6355 6831

 6365 6831 6837

 6542 6541 6937

 6542 6937 6938

 6353 6364 6836

 6353 6836 6829

 6543 6542 6938

 6543 6938 6939

 6281 6280 6785

 6281 6785 6786

 6545 6544 6940

 6545 6940 6941

 6456 6461 6897

 6456 6897 6895

 6283 6282 6787

 6283 6787 6788

 6051 6052 6696

 6051 6696 6695

 6052 6053 6697

 6052 6697 6696

 6359 6348 6828

 6359 6828 6833

 6054 6055 6699

 6054 6699 6698

 6457 6452 6894

 6457 6894 6896

 6044 6008 6674

 6044 6674 6694

 6006 6040 6690

 6006 6690 6672

 6293 6294 6792

 6293 6792 6791

 6295 6294 6792

 6295 6792 6793

 6343 6358 6832

 6343 6832 6823

 6296 6295 6793

 6296 6793 6794

 6355 6340 6822

 6355 6822 6831

 6029 5995 6671

 6029 6671 6689

 6339 6354 6830

 6339 6830 6821

 5987 6027 6687

 5987 6687 6663

 6420 6429 6877

 6420 6877 6870

 6407 6406 6862

 6407 6862 6863

 6024 5984 6662

 6024 6662 6686

 6495 6506 6917

 6495 6917 6911

 5983 6023 6685

 5983 6685 6661

 6426 6417 6869

 6426 6869 6874

 6348 6333 6818

 6348 6818 6828

 6416 6424 6872

 6416 6872 6868

 5843 5844 6589

 5843 6589 6588

 6447 6448 6891

 6447 6891 6890

 6332 6347 6827

 6332 6827 6817

 6412 6411 6865

 6412 6865 6866

 6303 6302 6796

 6303 6796 6797

 5844 5845 6590

 5844 6590 6589

 6304 6303 6797

 6304 6797 6798

 5845 5846 6591

 5845 6591 6590

 6421 6413 6867

 6421 6867 6871

 6305 6304 6798

 6305 6798 6799

 6450 6451 6893

 6450 6893 6892

 6018 5978 6656

 6018 6656 6684

 6344 6329 6816

 6344 6816 6824

 6553 6557 6948

 6553 6948 6946

 6579 6583 6962

 6579 6962 6960

 5975 6007 6673

 5975 6673 6653

 6498 6487 6909

 6498 6909 6914

 5850 5851 6594

 5850 6594 6593

 6554 6550 6944

 6554 6944 6947

 6310 6309 6801

 6310 6801 6802

 6580 6576 6959

 6580 6959 6961

 6082 6083 6705

 6082 6705 6704

 5852 5853 6596

 5852 6596 6595

 6312 6311 6803

 6312 6803 6804

 6550 6549 6943

 6550 6943 6944

 6322 6343 6823

 6322 6823 6809

 6552 6553 6946

 6552 6946 6945

 6487 6488 6910

 6487 6910 6909

 5858 5859 6599

 5858 6599 6598

 6317 6316 6805

 6317 6805 6806

 6451 6456 6895

 6451 6895 6893

 5859 5860 6600

 5859 6600 6599

 6319 6318 6807

 6319 6807 6808

 5860 5861 6601

 5860 6601 6600

 6340 6319 6808

 6340 6808 6822

 5861 5862 6602

 5861 6602 6601

 6316 6339 6821

 6316 6821 6805

 5863 5864 6604

 5863 6604 6603

 5995 5963 6650

 5995 6650 6671

 6452 6447 6890

 6452 6890 6894

 5864 5865 6605

 5864 6605 6604

 5962 5994 6670

 5962 6670 6649

 6324 6323 6810

 6324 6810 6811

 5865 5866 6606

 5865 6606 6605

 6325 6324 6811

 6325 6811 6812

 5866 5867 6607

 5866 6607 6606

 6335 6312 6804

 6335 6804 6820

 6326 6325 6812

 6326 6812 6813

 5867 5868 6608

 5867 6608 6607

 6308 6332 6817

 6308 6817 6800

 6327 6326 6813

 6327 6813 6814

 6099 6098 6709

 6099 6709 6710

 5868 5869 6609

 5868 6609 6608

 6328 6327 6814

 6328 6814 6815

 5869 5870 6610

 5869 6610 6609

 5989 5957 6648

 5989 6648 6665

 5870 5871 6611

 5870 6611 6610

 5950 5988 6664

 5950 6664 6641

 6329 6305 6799

 6329 6799 6816

 5871 5872 6612

 5871 6612 6611

 6411 6420 6870

 6411 6870 6865

 6102 6103 6712

 6102 6712 6711

 5872 5873 6613

 5872 6613 6612

 5874 5875 6615

 5874 6615 6614

 5984 5946 6640

 5984 6640 6662

 6417 6408 6864

 6417 6864 6869

 5945 5977 6655

 5945 6655 6639

 6406 6416 6868

 6406 6868 6862

 6109 6108 6715

 6109 6715 6716

 6301 6328 6815

 6301 6815 6795

 6413 6403 6861

 6413 6861 6867

 6333 6334 6819

 6333 6819 6818

 6334 6335 6820

 6334 6820 6819

 6486 6495 6911

 6486 6911 6908

 5971 5939 6637

 5971 6637 6652

 5938 5970 6651

 5938 6651 6636

 6323 6296 6794

 6323 6794 6810

 5886 5887 6620

 5886 6620 6619

 6294 6322 6809

 6294 6809 6792

 6548 6552 6945

 6548 6945 6942

 6549 6545 6941

 6549 6941 6943

 6488 6479 6907

 6488 6907 6910

 6318 6290 6790

 6318 6790 6807

 6289 6317 6806

 6289 6806 6789

 5963 5931 6634

 5963 6634 6650

 6575 6579 6960

 6575 6960 6958

 5930 5962 6649

 5930 6649 6633

 6576 6572 6957

 6576 6957 6959

 6496 6497 6913

 6496 6913 6912

 6497 6498 6914

 6497 6914 6913

 5897 5898 6622

 5897 6622 6621

 6311 6283 6788

 6311 6788 6803

 6345 6344 6824

 6345 6824 6825

 5898 5899 6623

 5898 6623 6622

 6282 6310 6802

 6282 6802 6787

 6346 6345 6825

 6346 6825 6826

 6557 6558 6949

 6557 6949 6948

 6130 6129 6719

 6130 6719 6720

 5899 5900 6624

 5899 6624 6623

 6309 6281 6786

 6309 6786 6801

 6347 6346 6826

 6347 6826 6827

 6446 6450 6892

 6446 6892 6889

 6279 6308 6800

 6279 6800 6784

 6503 6502 6915

 6503 6915 6916

 6448 6444 6887

 6448 6887 6891

 6424 6425 6873

 6424 6873 6872

 6427 6426 6874

 6427 6874 6875

 6428 6427 6875

 6428 6875 6876

 6429 6428 6876

 6429 6876 6877

 6402 6412 6866

 6402 6866 6860

 6354 6353 6829

 6354 6829 6830

 5908 5909 6628

 5908 6628 6627

 6302 6273 6783

 6302 6783 6796

 6139 6138 6723

 6139 6723 6724

 6267 6301 6795

 6267 6795 6777

 5946 5914 6630

 5946 6630 6640

 6408 6398 6858

 6408 6858 6864

 5913 5945 6639

 5913 6639 6629

 6397 6407 6863

 6397 6863 6857

 5914 5915 6631

 5914 6631 6630

 6180 6135 6722

 6180 6722 6743

 6144 6145 6727

 6144 6727 6726

 6134 6179 6742

 6134 6742 6721

 6294 6260 6776

 6294 6776 6792

 6403 6393 6855

 6403 6855 6861

 5940 5908 6627

 5940 6627 6638

 6259 6293 6791

 6259 6791 6775

 6149 6150 6730

 6149 6730 6729

 5907 5937 6635

 5907 6635 6626

 6175 6130 6720

 6175 6720 6741

 6150 6151 6731

 6150 6731 6730

 6129 6174 6740

 6129 6740 6719

 6151 6152 6732

 6151 6732 6731

 6290 6256 6774

 6290 6774 6790

 6540 6548 6942

 6540 6942 6936

 6152 6153 6733

 6152 6733 6732

 6253 6289 6789

 6253 6789 6771

 6155 6154 6734

 6155 6734 6735

 6585 6584 6963

 6585 6963 6964

 6156 6155 6735

 6156 6735 6736

 6586 6585 6964

 6586 6964 6965

 6477 6486 6908

 6477 6908 6905

 6170 6125 6718

 6170 6718 6738

 6587 6586 6965

 6587 6965 6966

 5931 5901 6625

 5931 6625 6634

 6124 6169 6737

 6124 6737 6717

 6544 6536 6935

 6544 6935 6940

 6363 6362 6834

 6363 6834 6835

 5900 5929 6632

 5900 6632 6624

 6534 6543 6939

 6534 6939 6933

 6364 6363 6835

 6364 6835 6836

 6541 6532 6932

 6541 6932 6937

 5929 5930 6633

 5929 6633 6632

 6479 6470 6903

 6479 6903 6907

 6280 6244 6770

 6280 6770 6785

 6241 6279 6784

 6241 6784 6767

 6507 6508 6919

 6507 6919 6918

 5937 5938 6636

 5937 6636 6635

 6570 6575 6958

 6570 6958 6955

 5939 5940 6638

 5939 6638 6637

 6171 6170 6738

 6171 6738 6739

 6273 6235 6766

 6273 6766 6783

 6514 6513 6920

 6514 6920 6921

 6233 6272 6782

 6233 6782 6764

 5915 5886 6619

 5915 6619 6631

 6154 6109 6716

 6154 6716 6734

 6571 6566 6954

 6571 6954 6956

 6370 6369 6839

 6370 6839 6840

 5885 5913 6629

 5885 6629 6618

 6107 6148 6728

 6107 6728 6714

 6371 6370 6840

 6371 6840 6841

 6372 6371 6841

 6372 6841 6842

 6268 6229 6763

 6268 6763 6778

 6392 6402 6860

 6392 6860 6854

 6563 6564 6952

 6563 6952 6951

 6145 6104 6713

 6145 6713 6727

 6226 6267 6777

 6226 6777 6760

 5909 5881 6617

 5909 6617 6628

 6103 6144 6726

 6103 6726 6712

 5880 5907 6626

 5880 6626 6616

 6399 6389 6853

 6399 6853 6859

 5951 5950 6641

 5951 6641 6642

 6388 6397 6857

 6388 6857 6852

 5952 5951 6642

 5952 6642 6643

 6185 6184 6745

 6185 6745 6746

 5953 5952 6643

 5953 6643 6644

 6140 6099 6710

 6140 6710 6725

 5954 5953 6644

 5954 6644 6645

 6098 6139 6724

 6098 6724 6709

 6394 6385 6851

 6394 6851 6856

 5955 5954 6645

 5955 6645 6646

 5956 5955 6646

 5956 6646 6647

 5901 5874 6614

 5901 6614 6625

 5957 5956 6647

 5957 6647 6648

 5873 5897 6621

 5873 6621 6613

 6135 6094 6708

 6135 6708 6722

 6530 6540 6936

 6530 6936 6930

 6093 6134 6721

 6093 6721 6707

 6255 6214 6755

 6255 6755 6773

 6193 6194 6749

 6193 6749 6748

 6213 6254 6772

 6213 6772 6754

 6436 6435 6880

 6436 6880 6881

 6462 6463 6899

 6462 6899 6898

 6536 6526 6928

 6536 6928 6935

 6463 6464 6900

 6463 6900 6899

 6523 6535 6934

 6523 6934 6925

 6464 6465 6901

 6464 6901 6900

 6198 6199 6751

 6198 6751 6750

 6469 6478 6906

 6469 6906 6902

 6201 6200 6752

 6201 6752 6753

 5887 5863 6603

 5887 6603 6620

 6531 6519 6924

 6531 6924 6931

 6381 6382 6848

 6381 6848 6847

 5862 5885 6618

 5862 6618 6602

 6125 6084 6706

 6125 6706 6718

 6382 6383 6849

 6382 6849 6848

 6083 6124 6717

 6083 6717 6705

 6383 6384 6850

 6383 6850 6849

 5970 5971 6652

 5970 6652 6651

 5881 5858 6598

 5881 6598 6617

 6524 6523 6925

 6524 6925 6926

 5857 5880 6616

 5857 6616 6597

 6471 6462 6898

 6471 6898 6904

 6987 6988 6978

 6987 6978 6968

 6968 6978 6979

 6968 6979 6969

 6969 6979 6980

 6969 6980 6970

 6970 6980 6981

 6970 6981 6971

 6971 6981 6982

 6971 6982 6972

 6972 6982 6983

 6972 6983 6973

 6973 6983 6984

 6973 6984 6974

 6974 6984 6985

 6974 6985 6975

 6975 6985 6986

 6975 6986 6976

 6976 6986 1591

 6976 1591 75

 3690 75 1591

 3690 1591 4858

 4046 1236 3799

 3799 1235 4047

 4047 1241 3802

 3802 1242 4046

 4046 3799 4047

 4047 3802 4046

 6967 6977 6988

 6967 6988 6987

 6989 6990 6992

 6989 6992 6991

 6997 7000 6996

 6997 6996 6995

 6995 6996 6994

 6995 6994 6993

 7001 7004 6990

 7001 6990 6989

 6999 6992 6990

 6999 6990 7004

 6996 7000 7003

 6996 7003 6994

 7000 6999 7004

 7000 7004 7003

 6993 6994 7003

 6993 7003 7002

 7004 7001 7005

 7004 7005 7008

 6991 6992 6999

 6991 6999 6998

 6998 6999 7000

 6998 7000 6997

 7006 7007 7008

 7006 7008 7005

 7003 7004 7008

 7003 7008 7007

 7002 7003 7007

 7002 7007 7006

 6998 14 1538

 6997 14 6998

 1538 15 6998

 6991 15 3754

 3754 8 6989

 7001 6989 4799

 7005 4799 3760

 7002 7006 4798

 6989 3759 4799

 6995 6993 7

 6995 13 1537

 6997 1537 14

 6993 7002 4798

vector2s:

 0.085189 0.864407

 0.147126 0.864407

 0.147126 0.926344

 0.085189 0.926344

 0.381030 0.955545

 0.421047 0.955545

 0.421047 0.997556

 0.381030 0.997556

 0.047354 0.928520

 0.009429 0.922974

 0.047354 0.831550

 0.009429 0.865383

 0.009429 0.798076

 0.009429 0.980565

 0.094350 0.928520

 0.376495 0.883862

 0.337776 0.883862

 0.337776 0.774047

 0.376495 0.774047

 0.376495 0.874294

 0.415214 0.874294

 0.415214 0.993677

 0.376495 0.993677

 0.357135 0.993677

 0.337776 0.993677

 0.415214 0.883862

 0.415214 0.774047

 0.337776 0.874294

 0.337776 0.754912

 0.376495 0.754912

 0.415214 0.754912

 0.094350 0.831550

 0.067020 0.792232

 0.094350 0.795290

 0.124611 0.786389

 0.141346 0.795290

 0.182202 0.786389

 0.239793 0.786389

 0.188342 0.831550

 0.239793 0.865383

 0.188342 0.928520

 0.239793 0.922974

 0.239793 0.980565

 0.182202 0.980565

 0.141346 0.928520

 0.341012 0.955545

 0.341012 0.997556

 0.341012 0.913535

 0.381030 0.913535

 0.421047 0.913535

 0.031315 0.794240

 0.218105 0.794240

 0.218105 0.981030

 0.031315 0.981030

 0.282496 0.754912

 0.462749 0.754912

 0.462749 0.993677

 0.282496 0.993677

 0.810345 0.874847

 0.880244 0.874847

 0.880244 0.909796

 0.810345 0.909796

 0.810345 0.839897

 0.880244 0.839897

 0.094215 0.868534

 0.146235 0.926559

 0.839266 0.930851

 0.805034 0.946750

 0.790584 0.906025

 0.792634 0.820929

 0.819561 0.783222

 0.851032 0.803631

 0.865235 0.862431

 0.865235 0.906618

 0.799295 0.252033

 0.799295 0.276494

 0.626880 0.276494

 0.626880 0.252033

 0.658495 0.452123

 0.593266 0.452123

 0.593266 0.317890

 0.658495 0.317890

 0.777692 0.452123

 0.712463 0.452123

 0.712463 0.317890

 0.777692 0.317890

 0.658809 0.282210

 0.712778 0.282210

 0.124611 0.980565

 0.067020 0.980565

 0.141346 0.831550

uv:

 0 1 2

 0 2 3

 0 1 2

 0 2 3

 0 1 2

 0 2 3

 0 1 2

 0 2 3

 0 1 2

 0 2 3

 0 1 2

 0 2 3

 0 1 2

 0 2 3

 0 1 2

 0 2 3

 0 1 2

 0 2 3

 0 1 2

 0 2 3

 0 1 2

 0 2 3

 0 1 2

 0 2 3

 0 1 2

 0 2 3

 0 1 2

 0 2 3

 0 1 2

 0 2 3

 0 1 2

 0 2 3

 0 1 2

 0 2 3

 0 1 2

 0 2 3

 0 1 2

 0 2 3

 0 1 2

 0 2 3

 0 1 2

 0 2 3

 0 1 2

 0 2 3

 0 1 2

 0 2 3

 0 1 2

 0 2 3

 0 1 2

 0 2 3

 0 1 2

 0 2 3

 0 1 2

 0 2 3

 0 1 2

 0 2 3

 0 1 2

 0 2 3

 0 1 2

 0 2 3

 0 1 2

 0 2 3

 0 1 2

 0 2 3

 0 1 2

 0 2 3

 0 1 2

 0 2 3

 0 1 2

 0 2 3

 0 1 2

 0 2 3

 0 1 2

 0 2 3

 0 1 2

 0 2 3

 0 1 2

 0 2 3

 0 1 2

 0 2 3

 0 1 2

 0 2 3

 0 1 2

 0 2 3

 0 1 2

 0 2 3

 0 1 2

 0 2 3

 0 1 2

 0 2 3

 0 1 2

 0 2 3

 0 1 2

 0 2 3

 0 1 2

 0 2 3

 0 1 2

 0 2 3

 0 1 2

 0 2 3

 0 1 2

 0 2 3

 0 1 2

 0 2 3

 0 1 2

 0 2 3

 0 1 2

 0 2 3

 0 1 2

 0 2 3

 0 1 2

 0 2 3

 0 1 2

 0 2 3

 0 1 2

 0 2 3

 0 1 2

 0 2 3

 0 1 2

 0 2 3

 0 1 2

 0 2 3

 0 1 2

 0 2 3

 0 1 2

 0 2 3

 0 1 2

 0 2 3

 0 1 2

 0 2 3

 0 1 2

 0 2 3

 0 1 2

 0 2 3

 0 1 2

 0 2 3

 0 1 2

 0 2 3

 0 1 2

 0 2 3

 0 1 2

 0 2 3

 0 1 2

 0 2 3

 0 1 2

 0 2 3

 0 1 2

 0 2 3

 0 1 2

 0 2 3

 0 1 2

 0 2 3

 0 1 2

 0 2 3

 0 1 2

 0 2 3

 0 1 2

 0 2 3

 0 1 2

 0 2 3

 0 1 2

 0 2 3

 0 1 2

 0 2 3

 0 1 2

 0 2 3

 0 1 2

 0 2 3

 0 1 2

 0 2 3

 0 1 2

 0 2 3

 0 1 2

 0 2 3

 0 1 2

 0 2 3

 0 1 2

 0 2 3

 0 1 2

 0 2 3

 0 1 2

 0 2 3

 0 1 2

 0 2 3

 0 1 2

 0 2 3

 0 1 2

 0 2 3

 0 1 2

 0 2 3

 0 1 2

 0 2 3

 0 1 2

 0 2 3

 0 1 2

 0 2 3

 0 1 2

 0 2 3

 0 1 2

 0 2 3

 0 1 2

 0 2 3

 0 1 2

 0 2 3

 0 1 2

 0 2 3

 0 1 2

 0 2 3

 0 1 2

 0 2 3

 0 1 2

 0 2 3

 0 1 2

 0 2 3

 0 1 2

 0 2 3

 0 1 2

 0 2 3

 0 1 2

 0 2 3

 0 1 2

 0 2 3

 0 1 2

 0 2 3

 0 1 2

 0 2 3

 0 1 2

 0 2 3

 0 1 2

 0 2 3

 0 1 2

 0 2 3

 0 1 2

 0 2 3

 0 1 2

 0 2 3

 0 1 2

 0 2 3

 0 1 2

 0 2 3

 0 1 2

 0 2 3

 0 1 2

 0 2 3

 0 1 2

 0 2 3

 0 1 2

 0 2 3

 0 1 2

 0 2 3

 0 1 2

 0 2 3

 0 1 2

 0 2 3

 0 1 2

 0 2 3

 0 1 2

 0 2 3

 0 1 2

 0 2 3

 0 1 2

 0 2 3

 0 1 2

 0 2 3

 0 1 2

 0 2 3

 0 1 2

 0 2 3

 0 1 2

 0 2 3

 0 1 2

 0 2 3

 0 1 2

 0 2 3

 0 1 2

 0 2 3

 0 1 2

 0 2 3

 0 1 2

 0 2 3

 0 1 2

 0 2 3

 0 1 2

 0 2 3

 0 1 2

 0 2 3

 0 1 2

 0 2 3

 0 1 2

 0 2 3

 0 1 2

 0 2 3

 0 1 2

 0 2 3

 0 1 2

 0 2 3

 0 1 2

 0 2 3

 0 1 2

 0 2 3

 0 1 2

 0 2 3

 0 1 2

 0 2 3

 0 1 2

 0 2 3

 0 1 2

 0 2 3

 0 1 2

 0 2 3

 0 1 2

 0 2 3

 0 1 2

 0 2 3

 0 1 2

 0 2 3

 0 1 2

 0 2 3

 0 1 2

 0 2 3

 0 1 2

 0 2 3

 0 1 2

 0 2 3

 0 1 2

 0 2 3

 0 1 2

 0 2 3

 0 1 2

 0 2 3

 0 1 2

 0 2 3

 0 1 2

 0 2 3

 0 1 2

 0 2 3

 0 1 2

 0 2 3

 0 1 2

 0 2 3

 0 1 2

 0 2 3

 0 1 2

 0 2 3

 0 1 2

 0 2 3

 0 1 2

 0 2 3

 0 1 2

 0 2 3

 0 1 2

 0 2 3

 0 1 2

 0 2 3

 0 1 2

 0 2 3

 0 1 2

 0 2 3

 0 1 2

 0 2 3

 0 1 2

 0 2 3

 0 1 2

 0 2 3

 0 1 2

 0 2 3

 0 1 2

 0 2 3

 0 1 2

 0 2 3

 0 1 2

 0 2 3

 0 1 2

 0 2 3

 0 1 2

 0 2 3

 0 1 2

 0 2 3

 0 1 2

 0 2 3

 0 1 2

 0 2 3

 0 1 2

 0 2 3

 0 1 2

 0 2 3

 0 1 2

 0 2 3

 0 1 2

 0 2 3

 0 1 2

 0 2 3

 0 1 2

 0 2 3

 0 1 2

 0 2 3

 0 1 2

 0 2 3

 0 1 2

 0 2 3

 0 1 2

 0 2 3

 0 1 2

 0 2 3

 0 1 2

 0 2 3

 0 1 2

 0 2 3

 0 1 2

 0 2 3

 0 1 2

 0 2 3

 0 1 2

 0 2 3

 0 1 2

 0 2 3

 0 1 2

 0 2 3

 0 1 2

 0 2 3

 0 1 2

 0 2 3

 0 1 2

 0 2 3

 0 1 2

 0 2 3

 0 1 2

 0 2 3

 0 1 2

 0 2 3

 0 1 2

 0 2 3

 0 1 2

 0 2 3

 0 1 2

 0 2 3

 0 1 2

 0 2 3

 0 1 2

 0 2 3

 0 1 2

 0 2 3

 0 1 2

 0 2 3

 0 1 2

 0 2 3

 0 1 2

 0 2 3

 0 1 2

 0 2 3

 0 1 2

 0 2 3

 0 1 2

 0 2 3

 0 1 2

 0 2 3

 0 1 2

 0 2 3

 0 1 2

 0 2 3

 0 1 2

 0 2 3

 0 1 2

 0 2 3

 0 1 2

 0 2 3

 0 1 2

 0 2 3

 0 1 2

 0 2 3

 0 1 2

 0 2 3

 0 1 2

 0 2 3

 0 1 2

 0 2 3

 0 1 2

 0 2 3

 0 1 2

 0 2 3

 0 1 2

 0 2 3

 0 1 2

 0 2 3

 0 1 2

 0 2 3

 0 1 2

 0 2 3

 0 1 2

 0 2 3

 0 1 2

 0 2 3

 0 1 2

 0 2 3

 0 1 2

 0 2 3

 0 1 2

 0 2 3

 0 1 2

 0 2 3

 0 1 2

 0 2 3

 0 1 2

 0 2 3

 0 1 2

 0 2 3

 0 1 2

 0 2 3

 0 1 2

 0 2 3

 0 1 2

 0 2 3

 0 1 2

 0 2 3

 0 1 2

 0 2 3

 0 1 2

 0 2 3

 0 1 2

 0 2 3

 0 1 2

 0 2 3

 0 1 2

 0 2 3

 0 1 2

 0 2 3

 0 1 2

 0 2 3

 0 1 2

 0 2 3

 0 1 2

 0 2 3

 0 1 2

 0 2 3

 0 1 2

 0 2 3

 0 1 2

 0 2 3

 0 1 2

 0 2 3

 0 1 2

 0 2 3

 0 1 2

 0 2 3

 0 1 2

 0 2 3

 0 1 2

 0 2 3

 0 1 2

 0 2 3

 0 1 2

 0 2 3

 0 1 2

 0 2 3

 0 1 2

 0 2 3

 0 1 2

 0 2 3

 0 1 2

 0 2 3

 0 1 2

 0 2 3

 0 1 2

 0 2 3

 0 1 2

 0 2 3

 0 1 2

 0 2 3

 0 1 2

 0 2 3

 0 1 2

 0 2 3

 0 1 2

 0 2 3

 0 1 2

 0 2 3

 0 1 2

 0 2 3

 0 1 2

 0 2 3

 0 1 2

 0 2 3

 0 1 2

 0 2 3

 0 1 2

 0 2 3

 0 1 2

 0 2 3

 0 1 2

 0 2 3

 0 1 2

 0 2 3

 0 1 2

 0 2 3

 0 1 2

 0 2 3

 0 1 2

 0 2 3

 0 1 2

 0 2 3

 0 1 2

 0 2 3

 0 1 2

 0 2 3

 0 1 2

 0 2 3

 0 1 2

 0 2 3

 0 1 2

 0 2 3

 0 1 2

 0 2 3

 0 1 2

 0 2 3

 0 1 2

 0 2 3

 0 1 2

 0 2 3

 0 1 2

 0 2 3

 0 1 2

 0 2 3

 0 1 2

 0 2 3

 0 1 2

 0 2 3

 0 1 2

 0 2 3

 0 1 2

 0 2 3

 0 1 2

 0 2 3

 0 1 2

 0 2 3

 0 1 2

 0 2 3

 0 1 2

 0 2 3

 0 1 2

 0 2 3

 0 1 2

 0 2 3

 0 1 2

 0 2 3

 0 1 2

 0 2 3

 0 1 2

 0 2 3

 0 1 2

 0 2 3

 0 1 2

 0 2 3

 0 1 2

 0 2 3

 0 1 2

 0 2 3

 0 1 2

 0 2 3

 0 1 2

 0 2 3

 0 1 2

 0 2 3

 0 1 2

 0 2 3

 0 1 2

 0 2 3

 0 1 2

 0 2 3

 0 1 2

 0 2 3

 0 1 2

 0 2 3

 0 1 2

 0 2 3

 0 1 2

 0 2 3

 0 1 2

 0 2 3

 0 1 2

 0 2 3

 0 1 2

 0 2 3

 0 1 2

 0 2 3

 0 1 2

 0 2 3

 0 1 2

 0 2 3

 0 1 2

 0 2 3

 0 1 2

 0 2 3

 0 1 2

 0 2 3

 0 1 2

 0 2 3

 0 1 2

 0 2 3

 0 1 2

 0 2 3

 0 1 2

 0 2 3

 0 1 2

 0 2 3

 0 1 2

 0 2 3

 0 1 2

 0 2 3

 0 1 2

 0 2 3

 0 1 2

 0 2 3

 0 1 2

 0 2 3

 0 1 2

 0 2 3

 0 1 2

 0 2 3

 0 1 2

 0 2 3

 0 1 2

 0 2 3

 0 1 2

 0 2 3

 0 1 2

 0 2 3

 0 1 2

 0 2 3

 0 1 2

 0 2 3

 0 1 2

 0 2 3

 0 1 2

 0 2 3

 0 1 2

 0 2 3

 0 1 2

 0 2 3

 0 1 2

 0 2 3

 0 1 2

 0 2 3

 0 1 2

 0 2 3

 0 1 2

 0 2 3

 0 1 2

 0 2 3

 0 1 2

 0 2 3

 0 1 2

 0 2 3

 0 1 2

 0 2 3

 0 1 2

 0 2 3

 0 1 2

 0 2 3

 0 1 2

 0 2 3

 0 1 2

 0 2 3

 0 1 2

 0 2 3

 0 1 2

 0 2 3

 0 1 2

 0 2 3

 0 1 2

 0 2 3

 0 1 2

 0 2 3

 0 1 2

 0 2 3

 0 1 2

 0 2 3

 0 1 2

 0 2 3

 0 1 2

 0 2 3

 0 1 2

 0 2 3

 0 1 2

 0 2 3

 0 1 2

 0 2 3

 0 1 2

 0 2 3

 0 1 2

 0 2 3

 0 1 2

 0 2 3

 0 1 2

 0 2 3

 0 1 2

 0 2 3

 0 1 2

 0 2 3

 0 1 2

 0 2 3

 0 1 2

 0 2 3

 0 1 2

 0 2 3

 0 1 2

 0 2 3

 0 1 2

 0 2 3

 0 1 2

 0 2 3

 0 1 2

 0 2 3

 0 1 2

 0 2 3

 0 1 2

 0 2 3

 0 1 2

 0 2 3

 0 1 2

 0 2 3

 0 1 2

 0 2 3

 0 1 2

 0 2 3

 0 1 2

 0 2 3

 0 1 2

 0 2 3

 0 1 2

 0 2 3

 0 1 2

 0 2 3

 0 1 2

 0 2 3

 0 1 2

 0 2 3

 0 1 2

 0 2 3

 0 1 2

 0 2 3

 0 1 2

 0 2 3

 0 1 2

 0 2 3

 0 1 2

 0 2 3

 0 1 2

 0 2 3

 0 1 2

 0 2 3

 0 1 2

 0 2 3

 0 1 2

 0 2 3

 0 1 2

 0 2 3

 0 1 2

 0 2 3

 0 1 2

 0 2 3

 0 1 2

 0 2 3

 0 1 2

 0 2 3

 0 1 2

 0 2 3

 0 1 2

 0 2 3

 0 1 2

 0 2 3

 0 1 2

 0 2 3

 0 1 2

 0 2 3

 0 1 2

 0 2 3

 0 1 2

 0 2 3

 0 1 2

 0 2 3

 0 1 2

 0 2 3

 0 1 2

 0 2 3

 0 1 2

 0 2 3

 0 1 2

 0 2 3

 0 1 2

 0 2 3

 0 1 2

 0 2 3

 0 1 2

 0 2 3

 0 1 2

 0 2 3

 0 1 2

 0 2 3

 0 1 2

 0 2 3

 0 1 2

 0 2 3

 0 1 2

 0 2 3

 0 1 2

 0 2 3

 0 1 2

 0 2 3

 0 1 2

 0 2 3

 0 1 2

 0 2 3

 0 1 2

 0 2 3

 0 1 2

 0 2 3

 0 1 2

 0 2 3

 0 1 2

 0 2 3

 4 5 6

 4 6 7

 4 5 6

 4 6 7

 4 5 6

 4 6 7

 4 5 6

 4 6 7

 4 5 6

 4 6 7

 0 1 2

 0 2 3

 0 1 2

 0 2 3

 0 1 2

 0 2 3

 0 1 2

 0 2 3

 0 1 2

 0 2 3

 0 1 2

 0 2 3

 0 1 2

 0 2 3

 0 1 2

 0 2 3

 0 1 2

 0 2 3

 0 1 2

 0 2 3

 0 1 2

 0 2 3

 0 1 2

 0 2 3

 0 1 2

 0 2 3

 0 1 2

 0 2 3

 0 1 2

 0 2 3

 0 1 2

 0 2 3

 0 1 2

 0 2 3

 0 1 2

 0 2 3

 0 1 2

 0 2 3

 0 1 2

 0 2 3

 0 1 2

 0 2 3

 0 1 2

 0 2 3

 0 1 2

 0 2 3

 0 1 2

 0 2 3

 0 1 2

 0 2 3

 0 1 2

 0 2 3

 0 1 2

 0 2 3

 0 1 2

 0 2 3

 4 5 6

 4 6 7

 4 5 6

 4 6 7

 4 5 6

 4 6 7

 4 5 6

 4 6 7

 4 5 6

 4 6 7

 0 1 2

 0 2 3

 0 1 2

 0 2 3

 0 1 2

 0 2 3

 0 1 2

 0 2 3

 0 1 2

 0 2 3

 0 1 2

 0 2 3

 0 1 2

 0 2 3

 0 1 2

 0 2 3

 0 1 2

 0 2 3

 0 1 2

 0 2 3

 0 1 2

 0 2 3

 0 1 2

 0 2 3

 0 1 2

 0 2 3

 0 1 2

 0 2 3

 0 1 2

 0 2 3

 0 1 2

 0 2 3

 0 1 2

 0 2 3

 0 1 2

 0 2 3

 0 1 2

 0 2 3

 0 1 2

 0 2 3

 0 1 2

 0 2 3

 0 1 2

 0 2 3

 0 1 2

 0 2 3

 0 1 2

 0 2 3

 0 1 2

 0 2 3

 0 1 2

 0 2 3

 0 1 2

 0 2 3

 4 5 6

 4 6 7

 4 5 6

 4 6 7

 4 5 6

 4 6 7

 4 5 6

 4 6 7

 0 1 2

 0 2 3

 0 1 2

 0 2 3

 0 1 2

 0 2 3

 0 1 2

 0 2 3

 0 1 2

 0 2 3

 0 1 2

 0 2 3

 0 1 2

 0 2 3

 0 1 2

 0 2 3

 0 1 2

 0 2 3

 0 1 2

 0 2 3

 0 1 2

 0 2 3

 0 1 2

 0 2 3

 0 1 2

 0 2 3

 0 1 2

 0 2 3

 0 1 2

 0 2 3

 0 1 2

 0 2 3

 0 1 2

 0 2 3

 0 1 2

 0 2 3

 0 1 2

 0 2 3

 0 1 2

 0 2 3

 0 1 2

 0 2 3

 0 1 2

 0 2 3

 0 1 2

 0 2 3

 0 1 2

 0 2 3

 0 1 2

 0 2 3

 4 5 6

 4 6 7

 4 5 6

 4 6 7

 4 5 6

 4 6 7

 4 5 6

 4 6 7

 0 1 2

 0 2 3

 0 1 2

 0 2 3

 0 1 2

 0 2 3

 0 1 2

 0 2 3

 0 1 2

 0 2 3

 0 1 2

 0 2 3

 0 1 2

 0 2 3

 0 1 2

 0 2 3

 0 1 2

 0 2 3

 0 1 2

 0 2 3

 0 1 2

 0 2 3

 0 1 2

 0 2 3

 0 1 2

 0 2 3

 0 1 2

 0 2 3

 0 1 2

 0 2 3

 0 1 2

 0 2 3

 0 1 2

 0 2 3

 0 1 2

 0 2 3

 0 1 2

 0 2 3

 0 1 2

 0 2 3

 0 1 2

 0 2 3

 0 1 2

 0 2 3

 0 1 2

 0 2 3

 0 1 2

 0 2 3

 0 1 2

 0 2 3

 0 1 2

 0 2 3

 0 1 2

 0 2 3

 4 5 6

 4 6 7

 4 5 6

 4 6 7

 4 5 6

 4 6 7

 4 5 6

 4 6 7

 0 1 2

 0 2 3

 0 1 2

 0 2 3

 0 1 2

 0 2 3

 0 1 2

 0 2 3

 0 1 2

 0 2 3

 0 1 2

 0 2 3

 0 1 2

 0 2 3

 0 1 2

 0 2 3

 0 1 2

 0 2 3

 0 1 2

 0 2 3

 0 1 2

 0 2 3

 0 1 2

 0 2 3

 0 1 2

 0 2 3

 0 1 2

 0 2 3

 0 1 2

 0 2 3

 0 1 2

 0 2 3

 0 1 2

 0 2 3

 0 1 2

 0 2 3

 0 1 2

 0 2 3

 0 1 2

 0 2 3

 0 1 2

 0 2 3

 0 1 2

 0 2 3

 0 1 2

 0 2 3

 0 1 2

 0 2 3

 0 1 2

 0 2 3

 0 1 2

 0 2 3

 0 1 2

 0 2 3

 0 1 2

 0 2 3

 0 1 2

 0 2 3

 0 1 2

 0 2 3

 0 1 2

 0 2 3

 0 1 2

 0 2 3

 0 1 2

 0 2 3

 0 1 2

 0 2 3

 0 1 2

 0 2 3

 0 1 2

 0 2 3

 0 1 2

 0 2 3

 0 1 2

 0 2 3

 0 1 2

 0 2 3

 0 1 2

 0 2 3

 0 1 2

 0 2 3

 0 1 2

 0 2 3

 0 1 2

 0 2 3

 0 1 2

 0 2 3

 0 1 2

 0 2 3

 0 1 2

 0 2 3

 0 1 2

 0 2 3

 0 1 2

 0 2 3

 0 1 2

 0 2 3

 0 1 2

 0 2 3

 0 1 2

 0 2 3

 0 1 2

 0 2 3

 0 1 2

 0 2 3

 0 1 2

 0 2 3

 0 1 2

 0 2 3

 0 1 2

 0 2 3

 0 1 2

 0 2 3

 0 1 2

 0 2 3

 0 1 2

 0 2 3

 0 1 2

 0 2 3

 0 1 2

 0 2 3

 0 1 2

 0 2 3

 0 1 2

 0 2 3

 0 1 2

 0 2 3

 0 1 2

 0 2 3

 0 1 2

 0 2 3

 0 1 2

 0 2 3

 0 1 2

 0 2 3

 0 1 2

 0 2 3

 0 1 2

 0 2 3

 0 1 2

 0 2 3

 0 1 2

 0 2 3

 0 1 2

 0 2 3

 0 1 2

 0 2 3

 0 1 2

 0 2 3

 0 1 2

 0 2 3

 0 1 2

 0 2 3

 0 1 2

 0 2 3

 0 1 2

 0 2 3

 0 1 2

 0 2 3

 0 1 2

 0 2 3

 0 1 2

 0 2 3

 0 1 2

 0 2 3

 0 1 2

 0 2 3

 0 1 2

 0 2 3

 0 1 2

 0 2 3

 0 1 2

 0 2 3

 0 1 2

 0 2 3

 0 1 2

 0 2 3

 0 1 2

 0 2 3

 0 1 2

 0 2 3

 0 1 2

 0 2 3

 0 1 2

 0 2 3

 0 1 2

 0 2 3

 0 1 2

 0 2 3

 0 1 2

 0 2 3

 0 1 2

 0 2 3

 0 1 2

 0 2 3

 0 1 2

 0 2 3

 0 1 2

 0 2 3

 0 1 2

 0 2 3

 0 1 2

 0 2 3

 0 1 2

 0 2 3

 0 1 2

 0 2 3

 0 1 2

 0 2 3

 0 1 2

 0 2 3

 0 1 2

 0 2 3

 0 1 2

 0 2 3

 0 1 2

 0 2 3

 0 1 2

 0 2 3

 0 1 2

 0 2 3

 0 1 2

 0 2 3

 0 1 2

 0 2 3

 0 1 2

 0 2 3

 0 1 2

 0 2 3

 0 1 2

 0 2 3

 0 1 2

 0 2 3

 0 1 2

 0 2 3

 0 1 2

 0 2 3

 0 1 2

 0 2 3

 0 1 2

 0 2 3

 0 1 2

 0 2 3

 0 1 2

 0 2 3

 0 1 2

 0 2 3

 0 1 2

 0 2 3

 0 1 2

 0 2 3

 0 1 2

 0 2 3

 0 1 2

 0 2 3

 0 1 2

 0 2 3

 0 1 2

 0 2 3

 0 1 2

 0 2 3

 0 1 2

 0 2 3

 0 1 2

 0 2 3

 0 1 2

 0 2 3

 0 1 2

 0 2 3

 0 1 2

 0 2 3

 0 1 2

 0 2 3

 0 1 2

 0 2 3

 0 1 2

 0 2 3

 0 1 2

 0 2 3

 0 1 2

 0 2 3

 0 1 2

 0 2 3

 0 1 2

 0 2 3

 0 1 2

 0 2 3

 0 1 2

 0 2 3

 0 1 2

 0 2 3

 0 1 2

 0 2 3

 0 1 2

 0 2 3

 0 1 2

 0 2 3

 0 1 2

 0 2 3

 0 1 2

 0 2 3

 0 1 2

 0 2 3

 0 1 2

 0 2 3

 0 1 2

 0 2 3

 0 1 2

 0 2 3

 0 1 2

 0 2 3

 0 1 2

 0 2 3

 0 1 2

 0 2 3

 0 1 2

 0 2 3

 0 1 2

 0 2 3

 0 1 2

 0 2 3

 0 1 2

 0 2 3

 0 1 2

 0 2 3

 0 1 2

 0 2 3

 0 1 2

 0 2 3

 0 1 2

 0 2 3

 0 1 2

 0 2 3

 0 1 2

 0 2 3

 0 1 2

 0 2 3

 0 1 2

 0 2 3

 0 1 2

 0 2 3

 0 1 2

 0 2 3

 0 1 2

 0 2 3

 0 1 2

 0 2 3

 0 1 2

 0 2 3

 0 1 2

 0 2 3

 0 1 2

 0 2 3

 0 1 2

 0 2 3

 0 1 2

 0 2 3

 0 1 2

 0 2 3

 0 1 2

 0 2 3

 0 1 2

 0 2 3

 0 1 2

 0 2 3

 0 1 2

 0 2 3

 0 1 2

 0 2 3

 0 1 2

 0 2 3

 0 1 2

 0 2 3

 0 1 2

 0 2 3

 0 1 2

 0 2 3

 0 1 2

 0 2 3

 0 1 2

 0 2 3

 0 1 2

 0 2 3

 0 1 2

 0 2 3

 0 1 2

 0 2 3

 0 1 2

 0 2 3

 0 1 2

 0 2 3

 0 1 2

 0 2 3

 0 1 2

 0 2 3

 0 1 2

 0 2 3

 0 1 2

 0 2 3

 0 1 2

 0 2 3

 0 1 2

 0 2 3

 0 1 2

 0 2 3

 0 1 2

 0 2 3

 0 1 2

 0 2 3

 0 1 2

 0 2 3

 0 1 2

 0 2 3

 0 1 2

 0 2 3

 0 1 2

 0 2 3

 0 1 2

 0 2 3

 0 1 2

 0 2 3

 0 1 2

 0 2 3

 0 1 2

 0 2 3

 0 1 2

 0 2 3

 0 1 2

 0 2 3

 0 1 2

 0 2 3

 0 1 2

 0 2 3

 0 1 2

 0 2 3

 0 1 2

 0 2 3

 0 1 2

 0 2 3

 0 1 2

 0 2 3

 0 1 2

 0 2 3

 0 1 2

 0 2 3

 0 1 2

 0 2 3

 0 1 2

 0 2 3

 0 1 2

 0 2 3

 0 1 2

 0 2 3

 0 1 2

 0 2 3

 0 1 2

 0 2 3

 0 1 2

 0 2 3

 0 1 2

 0 2 3

 0 1 2

 0 2 3

 0 1 2

 0 2 3

 0 1 2

 0 2 3

 0 1 2

 0 2 3

 0 1 2

 0 2 3

 0 1 2

 0 2 3

 0 1 2

 0 2 3

 0 1 2

 0 2 3

 0 1 2

 0 2 3

 0 1 2

 0 2 3

 0 1 2

 0 2 3

 0 1 2

 0 2 3

 0 1 2

 0 2 3

 0 1 2

 0 2 3

 0 1 2

 0 2 3

 0 1 2

 0 2 3

 0 1 2

 0 2 3

 0 1 2

 0 2 3

 0 1 2

 0 2 3

 0 1 2

 0 2 3

 0 1 2

 0 2 3

 0 1 2

 0 2 3

 0 1 2

 0 2 3

 0 1 2

 0 2 3

 0 1 2

 0 2 3

 0 1 2

 0 2 3

 0 1 2

 0 2 3

 0 1 2

 0 2 3

 0 1 2

 0 2 3

 0 1 2

 0 2 3

 0 1 2

 0 2 3

 0 1 2

 0 2 3

 0 1 2

 0 2 3

 0 1 2

 0 2 3

 0 1 2

 0 2 3

 0 1 2

 0 2 3

 0 1 2

 0 2 3

 0 1 2

 0 2 3

 0 1 2

 0 2 3

 0 1 2

 0 2 3

 0 1 2

 0 2 3

 0 1 2

 0 2 3

 0 1 2

 0 2 3

 0 1 2

 0 2 3

 0 1 2

 0 2 3

 0 1 2

 0 2 3

 0 1 2

 0 2 3

 0 1 2

 0 2 3

 0 1 2

 0 2 3

 0 1 2

 0 2 3

 0 1 2

 0 2 3

 0 1 2

 0 2 3

 0 1 2

 0 2 3

 0 1 2

 0 2 3

 0 1 2

 0 2 3

 0 1 2

 0 2 3

 0 1 2

 0 2 3

 0 1 2

 0 2 3

 0 1 2

 0 2 3

 0 1 2

 0 2 3

 0 1 2

 0 2 3

 0 1 2

 0 2 3

 0 1 2

 0 2 3

 0 1 2

 0 2 3

 0 1 2

 0 2 3

 0 1 2

 0 2 3

 0 1 2

 0 2 3

 0 1 2

 0 2 3

 0 1 2

 0 2 3

 0 1 2

 0 2 3

 0 1 2

 0 2 3

 0 1 2

 0 2 3

 0 1 2

 0 2 3

 0 1 2

 0 2 3

 0 1 2

 0 2 3

 0 1 2

 0 2 3

 0 1 2

 0 2 3

 0 1 2

 0 2 3

 0 1 2

 0 2 3

 0 1 2

 0 2 3

 0 1 2

 0 2 3

 0 1 2

 0 2 3

 0 1 2

 0 2 3

 0 1 2

 0 2 3

 0 1 2

 0 2 3

 0 1 2

 0 2 3

 0 1 2

 0 2 3

 0 1 2

 0 2 3

 0 1 2

 0 2 3

 0 1 2

 0 2 3

 0 1 2

 0 2 3

 0 1 2

 0 2 3

 0 1 2

 0 2 3

 0 1 2

 0 2 3

 0 1 2

 0 2 3

 0 1 2

 0 2 3

 0 1 2

 0 2 3

 0 1 2

 0 2 3

 0 1 2

 0 2 3

 0 1 2

 0 2 3

 0 1 2

 0 2 3

 0 1 2

 0 2 3

 0 1 2

 0 2 3

 0 1 2

 0 2 3

 0 1 2

 0 2 3

 0 1 2

 0 2 3

 0 1 2

 0 2 3

 0 1 2

 0 2 3

 0 1 2

 0 2 3

 0 1 2

 0 2 3

 0 1 2

 0 2 3

 0 1 2

 0 2 3

 0 1 2

 0 2 3

 0 1 2

 0 2 3

 0 1 2

 0 2 3

 0 1 2

 0 2 3

 0 1 2

 0 2 3

 0 1 2

 0 2 3

 0 1 2

 0 2 3

 0 1 2

 0 2 3

 0 1 2

 0 2 3

 0 1 2

 0 2 3

 0 1 2

 0 2 3

 0 1 2

 0 2 3

 0 1 2

 0 2 3

 0 1 2

 0 2 3

 0 1 2

 0 2 3

 0 1 2

 0 2 3

 0 1 2

 0 2 3

 0 1 2

 0 2 3

 0 1 2

 0 2 3

 0 1 2

 0 2 3

 0 1 2

 0 2 3

 0 1 2

 0 2 3

 0 1 2

 0 2 3

 0 1 2

 0 2 3

 0 1 2

 0 2 3

 0 1 2

 0 2 3

 0 1 2

 0 2 3

 0 1 2

 0 2 3

 0 1 2

 0 2 3

 0 1 2

 0 2 3

 0 1 2

 0 2 3

 0 1 2

 0 2 3

 0 1 2

 0 2 3

 0 1 2

 0 2 3

 0 1 2

 0 2 3

 0 1 2

 0 2 3

 0 1 2

 0 2 3

 0 1 2

 0 2 3

 0 1 2

 0 2 3

 0 1 2

 0 2 3

 0 1 2

 0 2 3

 0 1 2

 0 2 3

 0 1 2

 0 2 3

 0 1 2

 0 2 3

 0 1 2

 0 2 3

 0 1 2

 0 2 3

 0 1 2

 0 2 3

 0 1 2

 0 2 3

 0 1 2

 0 2 3

 0 1 2

 0 2 3

 0 1 2

 0 2 3

 0 1 2

 0 2 3

 0 1 2

 0 2 3

 0 1 2

 0 2 3

 0 1 2

 0 2 3

 0 1 2

 0 2 3

 0 1 2

 0 2 3

 0 1 2

 0 2 3

 0 1 2

 0 2 3

 0 1 2

 0 2 3

 0 1 2

 0 2 3

 0 1 2

 0 2 3

 0 1 2

 0 2 3

 0 1 2

 0 2 3

 0 1 2

 0 2 3

 0 1 2

 0 2 3

 0 1 2

 0 2 3

 0 1 2

 0 2 3

 0 1 2

 0 2 3

 0 1 2

 0 2 3

 0 1 2

 0 2 3

 0 1 2

 0 2 3

 0 1 2

 0 2 3

 0 1 2

 0 2 3

 0 1 2

 0 2 3

 0 1 2

 0 2 3

 0 1 2

 0 2 3

 0 1 2

 0 2 3

 0 1 2

 0 2 3

 0 1 2

 0 2 3

 0 1 2

 0 2 3

 0 1 2

 0 2 3

 0 1 2

 0 2 3

 0 1 2

 0 2 3

 0 1 2

 0 2 3

 0 1 2

 0 2 3

 0 1 2

 0 2 3

 0 1 2

 0 2 3

 0 1 2

 0 2 3

 0 1 2

 0 2 3

 0 1 2

 0 2 3

 0 1 2

 0 2 3

 0 1 2

 0 2 3

 0 1 2

 0 2 3

 0 1 2

 0 2 3

 0 1 2

 0 2 3

 0 1 2

 0 2 3

 0 1 2

 0 2 3

 0 1 2

 0 2 3

 0 1 2

 0 2 3

 0 1 2

 0 2 3

 0 1 2

 0 2 3

 0 1 2

 0 2 3

 0 1 2

 0 2 3

 0 1 2

 0 2 3

 0 1 2

 0 2 3

 0 1 2

 0 2 3

 0 1 2

 0 2 3

 8 9 10

 0 1 2

 0 2 3

 0 1 2

 0 2 3

 0 1 2

 0 2 3

 10 11 12

 13 8 14

 0 1 2

 0 2 3

 15 16 17

 15 17 18

 15 16 17

 15 17 18

 15 16 17

 15 17 18

 15 16 17

 15 17 18

 15 16 17

 15 17 18

 15 16 17

 15 17 18

 15 16 17

 15 17 18

 15 16 17

 15 17 18

 15 16 17

 15 17 18

 15 16 17

 15 17 18

 19 20 21

 19 21 22

 15 16 17

 15 17 18

 19 20 21

 19 21 22

 15 16 17

 15 17 18

 15 16 17

 15 17 18

 15 16 17

 15 17 18

 15 16 17

 15 17 18

 15 16 17

 15 17 18

 15 16 17

 15 17 18

 15 16 17

 15 17 18

 15 16 17

 15 17 18

 15 16 17

 15 17 18

 15 16 17

 15 17 18

 15 16 17

 15 17 18

 15 16 17

 15 17 18

 15 16 17

 15 17 18

 15 16 17

 15 17 18

 15 16 17

 15 17 18

 15 16 17

 15 17 18

 15 16 17

 15 17 18

 15 16 17

 15 17 18

 15 16 17

 15 17 18

 15 16 17

 15 17 18

 19 20 21

 19 21 22

 19 20 21

 19 21 22

 19 20 21

 19 21 22

 15 16 17

 15 17 18

 15 16 17

 15 17 18

 15 16 17

 15 17 18

 15 16 17

 15 17 18

 15 16 17

 15 17 18

 15 16 17

 15 17 18

 15 16 17

 15 17 18

 15 16 17

 15 17 18

 15 16 17

 15 17 18

 19 20 21

 19 21 22

 19 20 21

 19 21 22

 15 16 17

 15 17 18

 15 16 17

 15 17 18

 15 16 17

 15 17 18

 15 16 17

 15 17 18

 15 16 17

 15 17 18

 15 16 17

 15 17 18

 15 16 17

 15 17 18

 15 16 17

 15 17 18

 15 16 17

 15 17 18

 15 16 17

 15 17 18

 15 16 17

 15 17 18

 15 16 17

 15 17 18

 15 16 17

 15 17 18

 15 16 17

 15 17 18

 15 16 17

 15 17 18

 19 20 21

 19 21 22

 15 16 17

 15 17 18

 15 16 17

 15 17 18

 15 16 17

 15 17 18

 15 16 17

 15 17 18

 15 16 17

 15 17 18

 15 16 17

 15 17 18

 15 16 17

 15 17 18

 15 16 17

 15 17 18

 15 16 17

 15 17 18

 15 16 17

 15 17 18

 15 16 17

 15 17 18

 19 20 21

 19 21 22

 19 20 21

 19 21 22

 15 16 17

 15 17 18

 15 16 17

 15 17 18

 15 16 17

 15 17 18

 15 16 17

 15 17 18

 15 16 17

 15 17 18

 15 16 17

 15 17 18

 15 16 17

 15 17 18

 15 16 17

 15 17 18

 15 16 17

 15 17 18

 15 16 17

 15 17 18

 15 16 17

 15 17 18

 15 16 17

 15 17 18

 15 16 17

 15 17 18

 15 16 17

 15 17 18

 15 16 17

 15 17 18

 15 16 17

 15 17 18

 15 16 17

 15 17 18

 15 16 17

 15 17 18

 19 20 21

 19 21 22

 15 16 17

 15 17 18

 15 16 17

 15 17 18

 15 16 17

 15 17 18

 15 16 17

 15 17 18

 15 16 17

 15 17 18

 15 16 17

 15 17 18

 15 16 17

 15 17 18

 19 20 21

 19 21 22

 19 20 21

 19 21 22

 19 20 21

 19 21 22

 19 20 21

 19 21 22

 19 20 21

 19 21 22

 15 16 17

 15 17 18

 15 16 17

 15 17 18

 15 16 17

 15 17 18

 15 16 17

 15 17 18

 15 16 17

 15 17 18

 19 20 21

 19 21 22

 15 16 17

 15 17 18

 15 16 17

 15 17 18

 15 16 17

 15 17 18

 15 16 17

 15 17 18

 15 16 17

 15 17 18

 15 16 17

 15 17 18

 15 16 17

 15 17 18

 15 16 17

 15 17 18

 19 20 21

 19 21 22

 15 16 17

 15 17 18

 19 20 21

 19 21 22

 15 16 17

 15 17 18

 15 16 17

 15 17 18

 19 20 21

 19 21 22

 15 16 17

 15 17 18

 15 16 17

 15 17 18

 15 16 17

 15 17 18

 15 16 17

 15 17 18

 19 20 21

 19 21 22

 15 16 17

 15 17 18

 15 16 17

 15 17 18

 19 20 21

 19 21 22

 15 16 17

 15 17 18

 15 16 17

 15 17 18

 15 16 17

 15 17 18

 15 16 17

 15 17 18

 15 16 17

 15 17 18

 15 16 17

 15 17 18

 15 16 17

 15 17 18

 19 20 21

 19 21 22

 15 16 17

 15 17 18

 15 16 17

 15 17 18

 15 16 17

 15 17 18

 19 20 21

 19 21 22

 19 20 21

 19 21 22

 19 20 21

 19 21 22

 15 16 17

 15 17 18

 15 16 17

 15 17 18

 15 16 17

 15 17 18

 15 16 17

 15 17 18

 15 16 17

 15 17 18

 19 20 21

 19 21 22

 15 16 17

 15 17 18

 15 16 17

 15 17 18

 15 16 17

 15 17 18

 15 16 17

 15 17 18

 19 20 21

 19 21 22

 19 20 21

 19 21 22

 19 20 21

 19 21 22

 15 16 17

 15 17 18

 19 20 21

 19 21 22

 15 16 17

 15 17 18

 15 16 17

 15 17 18

 15 16 17

 15 17 18

 15 16 17

 15 17 18

 19 20 21

 19 21 22

 15 16 17

 15 17 18

 15 16 17

 15 17 18

 15 16 17

 15 17 18

 15 16 17

 15 17 18

 15 16 17

 15 17 18

 15 16 17

 15 17 18

 15 16 17

 15 17 18

 15 16 17

 15 17 18

 15 16 17

 15 17 18

 15 16 17

 15 17 18

 15 16 17

 15 17 18

 15 16 17

 15 17 18

 15 16 17

 15 17 18

 15 16 17

 15 17 18

 19 20 21

 19 21 22

 15 16 17

 15 17 18

 15 16 17

 15 17 18

 19 20 21

 19 21 22

 15 16 17

 15 17 18

 15 16 17

 15 17 18

 19 20 21

 19 21 22

 15 16 17

 15 17 18

 15 16 17

 15 17 18

 15 16 17

 15 17 18

 15 16 17

 15 17 18

 15 16 17

 15 17 18

 19 20 21

 19 21 22

 15 16 17

 15 17 18

 15 16 17

 15 17 18

 19 20 21

 19 21 22

 15 16 17

 15 17 18

 15 16 17

 15 17 18

 19 20 21

 19 21 22

 15 16 17

 15 17 18

 19 20 21

 19 21 22

 15 16 17

 15 17 18

 15 16 17

 15 17 18

 15 16 17

 15 17 18

 15 16 17

 15 17 18

 15 16 17

 15 17 18

 15 16 17

 15 17 18

 15 16 17

 15 17 18

 15 16 17

 15 17 18

 15 16 17

 15 17 18

 15 16 17

 15 17 18

 19 20 21

 19 21 22

 15 16 17

 15 17 18

 15 16 17

 15 17 18

 15 16 17

 15 17 18

 19 20 21

 19 21 22

 15 16 17

 15 17 18

 15 16 17

 15 17 18

 15 16 17

 15 17 18

 15 16 17

 15 17 18

 19 20 21

 19 21 22

 15 16 17

 15 17 18

 15 16 17

 15 17 18

 15 16 17

 15 17 18

 15 16 17

 15 17 18

 15 16 17

 15 17 18

 15 16 17

 15 17 18

 15 16 17

 15 17 18

 15 16 17

 15 17 18

 15 16 17

 15 17 18

 15 16 17

 15 17 18

 15 16 17

 15 17 18

 15 16 17

 15 17 18

 15 16 17

 15 17 18

 15 16 17

 15 17 18

 19 20 21

 19 21 22

 15 16 17

 15 17 18

 15 16 17

 15 17 18

 15 16 17

 15 17 18

 15 16 17

 15 17 18

 19 20 21

 19 21 22

 15 16 17

 15 17 18

 15 16 17

 15 17 18

 15 16 17

 15 17 18

 15 16 17

 15 17 18

 15 16 17

 15 17 18

 19 20 21

 19 21 22

 15 16 17

 15 17 18

 19 20 21

 19 21 22

 15 16 17

 15 17 18

 15 16 17

 15 17 18

 15 16 17

 15 17 18

 15 16 17

 15 17 18

 15 16 17

 15 17 18

 15 16 17

 15 17 18

 15 16 17

 15 17 18

 15 16 17

 15 17 18

 15 16 17

 15 17 18

 15 16 17

 15 17 18

 15 16 17

 15 17 18

 15 16 17

 15 17 18

 15 16 17

 15 17 18

 15 16 17

 15 17 18

 15 16 17

 15 17 18

 15 16 17

 15 17 18

 15 16 17

 15 17 18

 15 16 17

 15 17 18

 15 16 17

 15 17 18

 15 16 17

 15 17 18

 15 16 17

 15 17 18

 19 20 21

 19 21 22

 15 16 17

 15 17 18

 15 16 17

 15 17 18

 15 16 17

 15 17 18

 15 16 17

 15 17 18

 15 16 17

 15 17 18

 15 16 17

 15 17 18

 15 16 17

 15 17 18

 15 16 17

 15 17 18

 15 16 17

 15 17 18

 15 16 17

 15 17 18

 19 20 21

 19 21 22

 15 16 17

 15 17 18

 15 16 17

 15 17 18

 19 20 21

 19 21 22

 15 16 17

 15 17 18

 19 20 21

 19 21 22

 19 20 21

 19 21 22

 15 16 17

 15 17 18

 19 20 21

 19 21 22

 15 16 17

 15 17 18

 15 16 17

 15 17 18

 15 16 17

 15 17 18

 15 16 17

 15 17 18

 15 16 17

 15 17 18

 15 16 17

 15 17 18

 15 16 17

 15 17 18

 15 16 17

 15 17 18

 19 20 21

 19 21 22

 15 16 17

 15 17 18

 15 16 17

 15 17 18

 19 20 21

 19 21 22

 15 16 17

 15 17 18

 15 16 17

 15 17 18

 15 16 17

 15 17 18

 0 1 2

 0 2 3

 23 24 24

 23 24 24

 23 24 24

 23 24 24

 23 24 24

 23 24 24

 0 1 2

 0 2 3

 0 1 2

 0 2 3

 0 1 2

 0 2 3

 0 1 2

 0 2 3

 22 21 21

 22 21 22

 0 1 2

 0 2 3

 22 21 21

 22 21 22

 22 21 21

 22 21 22

 22 21 21

 22 21 22

 0 1 2

 0 2 3

 0 1 2

 0 2 3

 0 1 2

 0 2 3

 0 1 2

 0 2 3

 0 1 2

 0 2 3

 0 1 2

 0 2 3

 0 1 2

 0 2 3

 0 1 2

 0 2 3

 0 1 2

 0 2 3

 0 1 2

 0 2 3

 0 1 2

 0 2 3

 0 1 2

 0 2 3

 0 1 2

 0 2 3

 0 1 2

 0 2 3

 0 1 2

 0 2 3

 0 1 2

 0 2 3

 0 1 2

 0 2 3

 0 1 2

 0 2 3

 0 1 2

 0 2 3

 0 1 2

 0 2 3

 0 1 2

 0 2 3

 0 1 2

 0 2 3

 0 1 2

 0 2 3

 0 1 2

 0 2 3

 0 1 2

 0 2 3

 0 1 2

 0 2 3

 0 1 2

 0 2 3

 0 1 2

 0 2 3

 0 1 2

 0 2 3

 0 1 2

 0 2 3

 0 1 2

 0 2 3

 0 1 2

 0 2 3

 0 1 2

 0 2 3

 0 1 2

 0 2 3

 0 1 2

 0 2 3

 0 1 2

 0 2 3

 0 1 2

 0 2 3

 0 1 2

 0 2 3

 0 1 2

 0 2 3

 0 1 2

 0 2 3

 0 1 2

 0 2 3

 0 1 2

 0 2 3

 0 1 2

 0 2 3

 0 1 2

 0 2 3

 0 1 2

 0 2 3

 0 1 2

 0 2 3

 0 1 2

 0 2 3

 0 1 2

 0 2 3

 0 1 2

 0 2 3

 0 1 2

 0 2 3

 0 1 2

 0 2 3

 0 1 2

 0 2 3

 0 1 2

 0 2 3

 0 1 2

 0 2 3

 0 1 2

 0 2 3

 0 1 2

 0 2 3

 0 1 2

 0 2 3

 0 1 2

 0 2 3

 0 1 2

 0 2 3

 0 1 2

 0 2 3

 0 1 2

 0 2 3

 0 1 2

 0 2 3

 0 1 2

 0 2 3

 0 1 2

 0 2 3

 0 1 2

 0 2 3

 0 1 2

 0 2 3

 0 1 2

 0 2 3

 0 1 2

 0 2 3

 0 1 2

 0 2 3

 0 1 2

 0 2 3

 0 1 2

 0 2 3

 0 1 2

 0 2 3

 0 1 2

 0 2 3

 0 1 2

 0 2 3

 0 1 2

 0 2 3

 0 1 2

 0 2 3

 0 1 2

 0 2 3

 0 1 2

 0 2 3

 0 1 2

 0 2 3

 0 1 2

 0 2 3

 0 1 2

 0 2 3

 0 1 2

 0 2 3

 0 1 2

 0 2 3

 0 1 2

 0 2 3

 0 1 2

 0 2 3

 0 1 2

 0 2 3

 0 1 2

 0 2 3

 0 1 2

 0 2 3

 0 1 2

 0 2 3

 0 1 2

 0 2 3

 0 1 2

 0 2 3

 0 1 2

 0 2 3

 0 1 2

 0 2 3

 0 1 2

 0 2 3

 0 1 2

 0 2 3

 0 1 2

 0 2 3

 0 1 2

 0 2 3

 0 1 2

 0 2 3

 0 1 2

 0 2 3

 0 1 2

 0 2 3

 0 1 2

 0 2 3

 0 1 2

 0 2 3

 0 1 2

 0 2 3

 0 1 2

 0 2 3

 24 22 22

 24 22 24

 24 22 24

 22 22 24

 22 21 21

 22 21 22

 24 22 22

 24 22 24

 24 22 22

 24 22 24

 22 21 21

 22 21 22

 24 22 22

 24 22 24

 24 22 22

 24 22 24

 22 21 21

 22 21 22

 0 1 2

 0 2 3

 0 1 2

 0 2 3

 0 1 2

 0 2 3

 24 22 22

 24 22 24

 24 22 22

 24 22 24

 22 21 21

 22 21 22

 0 1 2

 0 2 3

 0 1 2

 0 2 3

 0 1 2

 0 2 3

 0 1 2

 0 2 3

 0 1 2

 0 2 3

 0 1 2

 0 2 3

 0 1 2

 0 2 3

 0 1 2

 0 2 3

 0 1 2

 0 2 3

 0 1 2

 0 2 3

 0 1 2

 0 2 3

 0 1 2

 0 2 3

 22 23 24

 22 24 24

 21 22 23

 21 23 22

 22 24 24

 22 24 23

 22 23 24

 22 24 24

 21 22 23

 21 23 22

 22 24 24

 22 24 23

 22 23 24

 22 24 24

 21 22 23

 21 23 22

 22 24 24

 22 24 23

 0 1 2

 0 2 3

 0 1 2

 0 2 3

 0 1 2

 0 2 3

 25 15 18

 25 18 26

 21 22 15

 21 15 25

 22 24 16

 22 16 15

 25 15 18

 25 18 26

 21 22 15

 21 15 25

 22 24 16

 22 16 15

 25 15 18

 25 18 26

 21 22 15

 21 15 25

 22 24 16

 22 16 15

 27 19 22

 27 22 24

 28 29 19

 28 19 27

 29 30 20

 29 20 19

 25 15 18

 25 18 26

 21 22 15

 21 15 25

 22 24 16

 22 16 15

 25 15 18

 25 18 26

 21 22 15

 21 15 25

 22 24 16

 22 16 15

 27 19 22

 27 22 24

 28 29 19

 28 19 27

 29 30 20

 29 20 19

 25 15 18

 25 18 26

 21 22 15

 21 15 25

 22 24 16

 22 16 15

 25 15 18

 25 18 26

 21 22 15

 21 15 25

 22 24 16

 22 16 15

 25 15 18

 25 18 26

 21 22 15

 21 15 25

 22 24 16

 22 16 15

 25 15 18

 25 18 26

 21 22 15

 21 15 25

 22 24 16

 22 16 15

 25 15 18

 25 18 26

 21 22 15

 21 15 25

 22 24 16

 22 16 15

 25 15 18

 25 18 26

 21 22 15

 21 15 25

 22 24 16

 22 16 15

 25 15 18

 25 18 26

 21 22 15

 21 15 25

 22 24 16

 22 16 15

 25 15 18

 25 18 26

 21 22 15

 21 15 25

 22 24 16

 22 16 15

 27 19 22

 27 22 24

 28 29 19

 28 19 27

 29 30 20

 29 20 19

 25 15 18

 25 18 26

 21 22 15

 21 15 25

 22 24 16

 22 16 15

 27 19 22

 27 22 24

 28 29 19

 28 19 27

 29 30 20

 29 20 19

 27 19 22

 27 22 24

 28 29 19

 28 19 27

 29 30 20

 29 20 19

 25 15 18

 25 18 26

 21 22 15

 21 15 25

 22 24 16

 22 16 15

 27 19 22

 27 22 24

 28 29 19

 28 19 27

 29 30 20

 29 20 19

 25 15 18

 25 18 26

 21 22 15

 21 15 25

 22 24 16

 22 16 15

 25 15 18

 25 18 26

 21 22 15

 21 15 25

 22 24 16

 22 16 15

 27 19 22

 27 22 24

 28 29 19

 28 19 27

 29 30 20

 29 20 19

 25 15 18

 25 18 26

 21 22 15

 21 15 25

 22 24 16

 22 16 15

 25 15 18

 25 18 26

 21 22 15

 21 15 25

 22 24 16

 22 16 15

 25 15 18

 25 18 26

 21 22 15

 21 15 25

 22 24 16

 22 16 15

 25 15 18

 25 18 26

 21 22 15

 21 15 25

 22 24 16

 22 16 15

 25 15 18

 25 18 26

 21 22 15

 21 15 25

 22 24 16

 22 16 15

 25 15 18

 25 18 26

 21 22 15

 21 15 25

 22 24 16

 22 16 15

 25 15 18

 25 18 26

 21 22 15

 21 15 25

 22 24 16

 22 16 15

 25 15 18

 25 18 26

 21 22 15

 21 15 25

 22 24 16

 22 16 15

 25 15 18

 25 18 26

 21 22 15

 21 15 25

 22 24 16

 22 16 15

 25 15 18

 25 18 26

 21 22 15

 21 15 25

 22 24 16

 22 16 15

 27 19 22

 27 22 24

 28 29 19

 28 19 27

 29 30 20

 29 20 19

 25 15 18

 25 18 26

 21 22 15

 21 15 25

 22 24 16

 22 16 15

 25 15 18

 25 18 26

 21 22 15

 21 15 25

 22 24 16

 22 16 15

 25 15 18

 25 18 26

 21 22 15

 21 15 25

 22 24 16

 22 16 15

 25 15 18

 25 18 26

 21 22 15

 21 15 25

 22 24 16

 22 16 15

 25 15 18

 25 18 26

 21 22 15

 21 15 25

 22 24 16

 22 16 15

 25 15 18

 25 18 26

 21 22 15

 21 15 25

 22 24 16

 22 16 15

 25 15 18

 25 18 26

 21 22 15

 21 15 25

 22 24 16

 22 16 15

 25 15 18

 25 18 26

 21 22 15

 21 15 25

 22 24 16

 22 16 15

 25 15 18

 25 18 26

 21 22 15

 21 15 25

 22 24 16

 22 16 15

 25 15 18

 25 18 26

 21 22 15

 21 15 25

 22 24 16

 22 16 15

 25 15 18

 25 18 26

 21 22 15

 21 15 25

 22 24 16

 22 16 15

 25 15 18

 25 18 26

 21 22 15

 21 15 25

 22 24 16

 22 16 15

 25 15 18

 25 18 26

 21 22 15

 21 15 25

 22 24 16

 22 16 15

 25 15 18

 25 18 26

 21 22 15

 21 15 25

 22 24 16

 22 16 15

 25 15 18

 25 18 26

 21 22 15

 21 15 25

 22 24 16

 22 16 15

 25 15 18

 25 18 26

 21 22 15

 21 15 25

 22 24 16

 22 16 15

 25 15 18

 25 18 26

 21 22 15

 21 15 25

 22 24 16

 22 16 15

 25 15 18

 25 18 26

 21 22 15

 21 15 25

 22 24 16

 22 16 15

 25 15 18

 25 18 26

 21 22 15

 21 15 25

 22 24 16

 22 16 15

 25 15 18

 25 18 26

 21 22 15

 21 15 25

 22 24 16

 22 16 15

 25 15 18

 25 18 26

 21 22 15

 21 15 25

 22 24 16

 22 16 15

 27 19 22

 27 22 24

 28 29 19

 28 19 27

 29 30 20

 29 20 19

 25 15 18

 25 18 26

 21 22 15

 21 15 25

 22 24 16

 22 16 15

 27 19 22

 27 22 24

 28 29 19

 28 19 27

 29 30 20

 29 20 19

 25 15 18

 25 18 26

 21 22 15

 21 15 25

 22 24 16

 22 16 15

 25 15 18

 25 18 26

 21 22 15

 21 15 25

 22 24 16

 22 16 15

 25 15 18

 25 18 26

 21 22 15

 21 15 25

 22 24 16

 22 16 15

 25 15 18

 25 18 26

 21 22 15

 21 15 25

 22 24 16

 22 16 15

 25 15 18

 25 18 26

 21 22 15

 21 15 25

 22 24 16

 22 16 15

 27 19 22

 27 22 24

 28 29 19

 28 19 27

 29 30 20

 29 20 19

 25 15 18

 25 18 26

 21 22 15

 21 15 25

 22 24 16

 22 16 15

 25 15 18

 25 18 26

 21 22 15

 21 15 25

 22 24 16

 22 16 15

 25 15 18

 25 18 26

 21 22 15

 21 15 25

 22 24 16

 22 16 15

 25 15 18

 25 18 26

 21 22 15

 21 15 25

 22 24 16

 22 16 15

 27 19 22

 27 22 24

 28 29 19

 28 19 27

 29 30 20

 29 20 19

 25 15 18

 25 18 26

 21 22 15

 21 15 25

 22 24 16

 22 16 15

 25 15 18

 25 18 26

 21 22 15

 21 15 25

 22 24 16

 22 16 15

 25 15 18

 25 18 26

 21 22 15

 21 15 25

 22 24 16

 22 16 15

 25 15 18

 25 18 26

 21 22 15

 21 15 25

 22 24 16

 22 16 15

 25 15 18

 25 18 26

 21 22 15

 21 15 25

 22 24 16

 22 16 15

 25 15 18

 25 18 26

 21 22 15

 21 15 25

 22 24 16

 22 16 15

 25 15 18

 25 18 26

 21 22 15

 21 15 25

 22 24 16

 22 16 15

 25 15 18

 25 18 26

 21 22 15

 21 15 25

 22 24 16

 22 16 15

 25 15 18

 25 18 26

 21 22 15

 21 15 25

 22 24 16

 22 16 15

 25 15 18

 25 18 26

 21 22 15

 21 15 25

 22 24 16

 22 16 15

 25 15 18

 25 18 26

 21 22 15

 21 15 25

 22 24 16

 22 16 15

 25 15 18

 25 18 26

 21 22 15

 21 15 25

 22 24 16

 22 16 15

 25 15 18

 25 18 26

 21 22 15

 21 15 25

 22 24 16

 22 16 15

 25 15 18

 25 18 26

 21 22 15

 21 15 25

 22 24 16

 22 16 15

 27 19 22

 27 22 24

 28 29 19

 28 19 27

 29 30 20

 29 20 19

 25 15 18

 25 18 26

 21 22 15

 21 15 25

 22 24 16

 22 16 15

 25 15 18

 25 18 26

 21 22 15

 21 15 25

 22 24 16

 22 16 15

 25 15 18

 25 18 26

 21 22 15

 21 15 25

 22 24 16

 22 16 15

 25 15 18

 25 18 26

 21 22 15

 21 15 25

 22 24 16

 22 16 15

 27 19 22

 27 22 24

 28 29 19

 28 19 27

 29 30 20

 29 20 19

 25 15 18

 25 18 26

 21 22 15

 21 15 25

 22 24 16

 22 16 15

 25 15 18

 25 18 26

 21 22 15

 21 15 25

 22 24 16

 22 16 15

 25 15 18

 25 18 26

 21 22 15

 21 15 25

 22 24 16

 22 16 15

 27 19 22

 27 22 24

 28 29 19

 28 19 27

 29 30 20

 29 20 19

 25 15 18

 25 18 26

 21 22 15

 21 15 25

 22 24 16

 22 16 15

 25 15 18

 25 18 26

 21 22 15

 21 15 25

 22 24 16

 22 16 15

 25 15 18

 25 18 26

 21 22 15

 21 15 25

 22 24 16

 22 16 15

 25 15 18

 25 18 26

 21 22 15

 21 15 25

 22 24 16

 22 16 15

 25 15 18

 25 18 26

 21 22 15

 21 15 25

 22 24 16

 22 16 15

 25 15 18

 25 18 26

 21 22 15

 21 15 25

 22 24 16

 22 16 15

 25 15 18

 25 18 26

 21 22 15

 21 15 25

 22 24 16

 22 16 15

 25 15 18

 25 18 26

 21 22 15

 21 15 25

 22 24 16

 22 16 15

 25 15 18

 25 18 26

 21 22 15

 21 15 25

 22 24 16

 22 16 15

 25 15 18

 25 18 26

 21 22 15

 21 15 25

 22 24 16

 22 16 15

 27 19 22

 27 22 24

 28 29 19

 28 19 27

 29 30 20

 29 20 19

 25 15 18

 25 18 26

 21 22 15

 21 15 25

 22 24 16

 22 16 15

 27 19 22

 27 22 24

 28 29 19

 28 19 27

 29 30 20

 29 20 19

 25 15 18

 25 18 26

 21 22 15

 21 15 25

 22 24 16

 22 16 15

 25 15 18

 25 18 26

 21 22 15

 21 15 25

 22 24 16

 22 16 15

 27 19 22

 27 22 24

 28 29 19

 28 19 27

 29 30 20

 29 20 19

 25 15 18

 25 18 26

 21 22 15

 21 15 25

 22 24 16

 22 16 15

 25 15 18

 25 18 26

 21 22 15

 21 15 25

 22 24 16

 22 16 15

 27 19 22

 27 22 24

 28 29 19

 28 19 27

 29 30 20

 29 20 19

 25 15 18

 25 18 26

 21 22 15

 21 15 25

 22 24 16

 22 16 15

 25 15 18

 25 18 26

 21 22 15

 21 15 25

 22 24 16

 22 16 15

 25 15 18

 25 18 26

 21 22 15

 21 15 25

 22 24 16

 22 16 15

 25 15 18

 25 18 26

 21 22 15

 21 15 25

 22 24 16

 22 16 15

 25 15 18

 25 18 26

 21 22 15

 21 15 25

 22 24 16

 22 16 15

 27 19 22

 27 22 24

 28 29 19

 28 19 27

 29 30 20

 29 20 19

 25 15 18

 25 18 26

 21 22 15

 21 15 25

 22 24 16

 22 16 15

 25 15 18

 25 18 26

 21 22 15

 21 15 25

 22 24 16

 22 16 15

 27 19 22

 27 22 24

 28 29 19

 28 19 27

 29 30 20

 29 20 19

 25 15 18

 25 18 26

 21 22 15

 21 15 25

 22 24 16

 22 16 15

 25 15 18

 25 18 26

 21 22 15

 21 15 25

 22 24 16

 22 16 15

 27 19 22

 27 22 24

 28 29 19

 28 19 27

 29 30 20

 29 20 19

 25 15 18

 25 18 26

 21 22 15

 21 15 25

 22 24 16

 22 16 15

 25 15 18

 25 18 26

 21 22 15

 21 15 25

 22 24 16

 22 16 15

 25 15 18

 25 18 26

 21 22 15

 21 15 25

 22 24 16

 22 16 15

 25 15 18

 25 18 26

 21 22 15

 21 15 25

 22 24 16

 22 16 15

 25 15 18

 25 18 26

 21 22 15

 21 15 25

 22 24 16

 22 16 15

 25 15 18

 25 18 26

 21 22 15

 21 15 25

 22 24 16

 22 16 15

 25 15 18

 25 18 26

 21 22 15

 21 15 25

 22 24 16

 22 16 15

 25 15 18

 25 18 26

 21 22 15

 21 15 25

 22 24 16

 22 16 15

 25 15 18

 25 18 26

 21 22 15

 21 15 25

 22 24 16

 22 16 15

 25 15 18

 25 18 26

 21 22 15

 21 15 25

 22 24 16

 22 16 15

 25 15 18

 25 18 26

 21 22 15

 21 15 25

 22 24 16

 22 16 15

 25 15 18

 25 18 26

 21 22 15

 21 15 25

 22 24 16

 22 16 15

 25 15 18

 25 18 26

 21 22 15

 21 15 25

 22 24 16

 22 16 15

 25 15 18

 25 18 26

 21 22 15

 21 15 25

 22 24 16

 22 16 15

 27 19 22

 27 22 24

 28 29 19

 28 19 27

 29 30 20

 29 20 19

 25 15 18

 25 18 26

 21 22 15

 21 15 25

 22 24 16

 22 16 15

 25 15 18

 25 18 26

 21 22 15

 21 15 25

 22 24 16

 22 16 15

 25 15 18

 25 18 26

 21 22 15

 21 15 25

 22 24 16

 22 16 15

 25 15 18

 25 18 26

 21 22 15

 21 15 25

 22 24 16

 22 16 15

 27 19 22

 27 22 24

 28 29 19

 28 19 27

 29 30 20

 29 20 19

 25 15 18

 25 18 26

 21 22 15

 21 15 25

 22 24 16

 22 16 15

 27 19 22

 27 22 24

 28 29 19

 28 19 27

 29 30 20

 29 20 19

 27 19 22

 27 22 24

 28 29 19

 28 19 27

 29 30 20

 29 20 19

 27 19 22

 27 22 24

 28 29 19

 28 19 27

 29 30 20

 29 20 19

 25 15 18

 25 18 26

 21 22 15

 21 15 25

 22 24 16

 22 16 15

 25 15 18

 25 18 26

 21 22 15

 21 15 25

 22 24 16

 22 16 15

 25 15 18

 25 18 26

 21 22 15

 21 15 25

 22 24 16

 22 16 15

 25 15 18

 25 18 26

 21 22 15

 21 15 25

 22 24 16

 22 16 15

 27 19 22

 27 22 24

 28 29 19

 28 19 27

 29 30 20

 29 20 19

 25 15 18

 25 18 26

 21 22 15

 21 15 25

 22 24 16

 22 16 15

 25 15 18

 25 18 26

 21 22 15

 21 15 25

 22 24 16

 22 16 15

 25 15 18

 25 18 26

 21 22 15

 21 15 25

 22 24 16

 22 16 15

 25 15 18

 25 18 26

 21 22 15

 21 15 25

 22 24 16

 22 16 15

 25 15 18

 25 18 26

 21 22 15

 21 15 25

 22 24 16

 22 16 15

 27 19 22

 27 22 24

 28 29 19

 28 19 27

 29 30 20

 29 20 19

 27 19 22

 27 22 24

 28 29 19

 28 19 27

 29 30 20

 29 20 19

 27 19 22

 27 22 24

 28 29 19

 28 19 27

 29 30 20

 29 20 19

 25 15 18

 25 18 26

 21 22 15

 21 15 25

 22 24 16

 22 16 15

 25 15 18

 25 18 26

 21 22 15

 21 15 25

 22 24 16

 22 16 15

 25 15 18

 25 18 26

 21 22 15

 21 15 25

 22 24 16

 22 16 15

 27 19 22

 27 22 24

 28 29 19

 28 19 27

 29 30 20

 29 20 19

 25 15 18

 25 18 26

 21 22 15

 21 15 25

 22 24 16

 22 16 15

 25 15 18

 25 18 26

 21 22 15

 21 15 25

 22 24 16

 22 16 15

 25 15 18

 25 18 26

 21 22 15

 21 15 25

 22 24 16

 22 16 15

 25 15 18

 25 18 26

 21 22 15

 21 15 25

 22 24 16

 22 16 15

 25 15 18

 25 18 26

 21 22 15

 21 15 25

 22 24 16

 22 16 15

 25 15 18

 25 18 26

 21 22 15

 21 15 25

 22 24 16

 22 16 15

 25 15 18

 25 18 26

 21 22 15

 21 15 25

 22 24 16

 22 16 15

 27 19 22

 27 22 24

 28 29 19

 28 19 27

 29 30 20

 29 20 19

 25 15 18

 25 18 26

 21 22 15

 21 15 25

 22 24 16

 22 16 15

 25 15 18

 25 18 26

 21 22 15

 21 15 25

 22 24 16

 22 16 15

 27 19 22

 27 22 24

 28 29 19

 28 19 27

 29 30 20

 29 20 19

 25 15 18

 25 18 26

 21 22 15

 21 15 25

 22 24 16

 22 16 15

 25 15 18

 25 18 26

 21 22 15

 21 15 25

 22 24 16

 22 16 15

 25 15 18

 25 18 26

 21 22 15

 21 15 25

 22 24 16

 22 16 15

 25 15 18

 25 18 26

 21 22 15

 21 15 25

 22 24 16

 22 16 15

 27 19 22

 27 22 24

 28 29 19

 28 19 27

 29 30 20

 29 20 19

 25 15 18

 25 18 26

 21 22 15

 21 15 25

 22 24 16

 22 16 15

 25 15 18

 25 18 26

 21 22 15

 21 15 25

 22 24 16

 22 16 15

 27 19 22

 27 22 24

 28 29 19

 28 19 27

 29 30 20

 29 20 19

 25 15 18

 25 18 26

 21 22 15

 21 15 25

 22 24 16

 22 16 15

 27 19 22

 27 22 24

 28 29 19

 28 19 27

 29 30 20

 29 20 19

 25 15 18

 25 18 26

 21 22 15

 21 15 25

 22 24 16

 22 16 15

 25 15 18

 25 18 26

 21 22 15

 21 15 25

 22 24 16

 22 16 15

 25 15 18

 25 18 26

 21 22 15

 21 15 25

 22 24 16

 22 16 15

 25 15 18

 25 18 26

 21 22 15

 21 15 25

 22 24 16

 22 16 15

 25 15 18

 25 18 26

 21 22 15

 21 15 25

 22 24 16

 22 16 15

 25 15 18

 25 18 26

 21 22 15

 21 15 25

 22 24 16

 22 16 15

 25 15 18

 25 18 26

 21 22 15

 21 15 25

 22 24 16

 22 16 15

 25 15 18

 25 18 26

 21 22 15

 21 15 25

 22 24 16

 22 16 15

 27 19 22

 27 22 24

 28 29 19

 28 19 27

 29 30 20

 29 20 19

 25 15 18

 25 18 26

 21 22 15

 21 15 25

 22 24 16

 22 16 15

 25 15 18

 25 18 26

 21 22 15

 21 15 25

 22 24 16

 22 16 15

 25 15 18

 25 18 26

 21 22 15

 21 15 25

 22 24 16

 22 16 15

 25 15 18

 25 18 26

 21 22 15

 21 15 25

 22 24 16

 22 16 15

 25 15 18

 25 18 26

 21 22 15

 21 15 25

 22 24 16

 22 16 15

 27 19 22

 27 22 24

 28 29 19

 28 19 27

 29 30 20

 29 20 19

 27 19 22

 27 22 24

 28 29 19

 28 19 27

 29 30 20

 29 20 19

 27 19 22

 27 22 24

 28 29 19

 28 19 27

 29 30 20

 29 20 19

 27 19 22

 27 22 24

 28 29 19

 28 19 27

 29 30 20

 29 20 19

 27 19 22

 27 22 24

 28 29 19

 28 19 27

 29 30 20

 29 20 19

 25 15 18

 25 18 26

 21 22 15

 21 15 25

 22 24 16

 22 16 15

 25 15 18

 25 18 26

 21 22 15

 21 15 25

 22 24 16

 22 16 15

 25 15 18

 25 18 26

 21 22 15

 21 15 25

 22 24 16

 22 16 15

 25 15 18

 25 18 26

 21 22 15

 21 15 25

 22 24 16

 22 16 15

 25 15 18

 25 18 26

 21 22 15

 21 15 25

 22 24 16

 22 16 15

 25 15 18

 25 18 26

 21 22 15

 21 15 25

 22 24 16

 22 16 15

 25 15 18

 25 18 26

 21 22 15

 21 15 25

 22 24 16

 22 16 15

 27 19 22

 27 22 24

 28 29 19

 28 19 27

 29 30 20

 29 20 19

 25 15 18

 25 18 26

 21 22 15

 21 15 25

 22 24 16

 22 16 15

 25 15 18

 25 18 26

 21 22 15

 21 15 25

 22 24 16

 22 16 15

 25 15 18

 25 18 26

 21 22 15

 21 15 25

 22 24 16

 22 16 15

 25 15 18

 25 18 26

 21 22 15

 21 15 25

 22 24 16

 22 16 15

 25 15 18

 25 18 26

 21 22 15

 21 15 25

 22 24 16

 22 16 15

 25 15 18

 25 18 26

 21 22 15

 21 15 25

 22 24 16

 22 16 15

 25 15 18

 25 18 26

 21 22 15

 21 15 25

 22 24 16

 22 16 15

 25 15 18

 25 18 26

 21 22 15

 21 15 25

 22 24 16

 22 16 15

 25 15 18

 25 18 26

 21 22 15

 21 15 25

 22 24 16

 22 16 15

 25 15 18

 25 18 26

 21 22 15

 21 15 25

 22 24 16

 22 16 15

 25 15 18

 25 18 26

 21 22 15

 21 15 25

 22 24 16

 22 16 15

 25 15 18

 25 18 26

 21 22 15

 21 15 25

 22 24 16

 22 16 15

 25 15 18

 25 18 26

 21 22 15

 21 15 25

 22 24 16

 22 16 15

 25 15 18

 25 18 26

 21 22 15

 21 15 25

 22 24 16

 22 16 15

 25 15 18

 25 18 26

 21 22 15

 21 15 25

 22 24 16

 22 16 15

 25 15 18

 25 18 26

 21 22 15

 21 15 25

 22 24 16

 22 16 15

 25 15 18

 25 18 26

 21 22 15

 21 15 25

 22 24 16

 22 16 15

 25 15 18

 25 18 26

 21 22 15

 21 15 25

 22 24 16

 22 16 15

 27 19 22

 27 22 24

 28 29 19

 28 19 27

 29 30 20

 29 20 19

 27 19 22

 27 22 24

 28 29 19

 28 19 27

 29 30 20

 29 20 19

 25 15 18

 25 18 26

 21 22 15

 21 15 25

 22 24 16

 22 16 15

 25 15 18

 25 18 26

 21 22 15

 21 15 25

 22 24 16

 22 16 15

 25 15 18

 25 18 26

 21 22 15

 21 15 25

 22 24 16

 22 16 15

 25 15 18

 25 18 26

 21 22 15

 21 15 25

 22 24 16

 22 16 15

 25 15 18

 25 18 26

 21 22 15

 21 15 25

 22 24 16

 22 16 15

 25 15 18

 25 18 26

 21 22 15

 21 15 25

 22 24 16

 22 16 15

 25 15 18

 25 18 26

 21 22 15

 21 15 25

 22 24 16

 22 16 15

 25 15 18

 25 18 26

 21 22 15

 21 15 25

 22 24 16

 22 16 15

 25 15 18

 25 18 26

 21 22 15

 21 15 25

 22 24 16

 22 16 15

 25 15 18

 25 18 26

 21 22 15

 21 15 25

 22 24 16

 22 16 15

 25 15 18

 25 18 26

 21 22 15

 21 15 25

 22 24 16

 22 16 15

 27 19 22

 27 22 24

 28 29 19

 28 19 27

 29 30 20

 29 20 19

 25 15 18

 25 18 26

 21 22 15

 21 15 25

 22 24 16

 22 16 15

 25 15 18

 25 18 26

 21 22 15

 21 15 25

 22 24 16

 22 16 15

 25 15 18

 25 18 26

 21 22 15

 21 15 25

 22 24 16

 22 16 15

 25 15 18

 25 18 26

 21 22 15

 21 15 25

 22 24 16

 22 16 15

 25 15 18

 25 18 26

 21 22 15

 21 15 25

 22 24 16

 22 16 15

 25 15 18

 25 18 26

 21 22 15

 21 15 25

 22 24 16

 22 16 15

 25 15 18

 25 18 26

 21 22 15

 21 15 25

 22 24 16

 22 16 15

 25 15 18

 25 18 26

 21 22 15

 21 15 25

 22 24 16

 22 16 15

 25 15 18

 25 18 26

 21 22 15

 21 15 25

 22 24 16

 22 16 15

 25 15 18

 25 18 26

 21 22 15

 21 15 25

 22 24 16

 22 16 15

 25 15 18

 25 18 26

 21 22 15

 21 15 25

 22 24 16

 22 16 15

 25 15 18

 25 18 26

 21 22 15

 21 15 25

 22 24 16

 22 16 15

 25 15 18

 25 18 26

 21 22 15

 21 15 25

 22 24 16

 22 16 15

 25 15 18

 25 18 26

 21 22 15

 21 15 25

 22 24 16

 22 16 15

 25 15 18

 25 18 26

 21 22 15

 21 15 25

 22 24 16

 22 16 15

 27 19 22

 27 22 24

 28 29 19

 28 19 27

 29 30 20

 29 20 19

 27 19 22

 27 22 24

 28 29 19

 28 19 27

 29 30 20

 29 20 19

 25 15 18

 25 18 26

 21 22 15

 21 15 25

 22 24 16

 22 16 15

 25 15 18

 25 18 26

 21 22 15

 21 15 25

 22 24 16

 22 16 15

 25 15 18

 25 18 26

 21 22 15

 21 15 25

 22 24 16

 22 16 15

 25 15 18

 25 18 26

 21 22 15

 21 15 25

 22 24 16

 22 16 15

 25 15 18

 25 18 26

 21 22 15

 21 15 25

 22 24 16

 22 16 15

 25 15 18

 25 18 26

 21 22 15

 21 15 25

 22 24 16

 22 16 15

 25 15 18

 25 18 26

 21 22 15

 21 15 25

 22 24 16

 22 16 15

 25 15 18

 25 18 26

 21 22 15

 21 15 25

 22 24 16

 22 16 15

 25 15 18

 25 18 26

 21 22 15

 21 15 25

 22 24 16

 22 16 15

 27 19 22

 27 22 24

 28 29 19

 28 19 27

 29 30 20

 29 20 19

 27 19 22

 27 22 24

 28 29 19

 28 19 27

 29 30 20

 29 20 19

 27 19 22

 27 22 24

 28 29 19

 28 19 27

 29 30 20

 29 20 19

 25 15 18

 25 18 26

 21 22 15

 21 15 25

 22 24 16

 22 16 15

 25 15 18

 25 18 26

 21 22 15

 21 15 25

 22 24 16

 22 16 15

 25 15 18

 25 18 26

 21 22 15

 21 15 25

 22 24 16

 22 16 15

 25 15 18

 25 18 26

 21 22 15

 21 15 25

 22 24 16

 22 16 15

 25 15 18

 25 18 26

 21 22 15

 21 15 25

 22 24 16

 22 16 15

 25 15 18

 25 18 26

 21 22 15

 21 15 25

 22 24 16

 22 16 15

 25 15 18

 25 18 26

 21 22 15

 21 15 25

 22 24 16

 22 16 15

 25 15 18

 25 18 26

 21 22 15

 21 15 25

 22 24 16

 22 16 15

 25 15 18

 25 18 26

 21 22 15

 21 15 25

 22 24 16

 22 16 15

 25 15 18

 25 18 26

 21 22 15

 21 15 25

 22 24 16

 22 16 15

 25 15 18

 25 18 26

 21 22 15

 21 15 25

 22 24 16

 22 16 15

 25 15 18

 25 18 26

 21 22 15

 21 15 25

 22 24 16

 22 16 15

 25 15 18

 25 18 26

 21 22 15

 21 15 25

 22 24 16

 22 16 15

 25 15 18

 25 18 26

 21 22 15

 21 15 25

 22 24 16

 22 16 15

 25 15 18

 25 18 26

 21 22 15

 21 15 25

 22 24 16

 22 16 15

 25 15 18

 25 18 26

 21 22 15

 21 15 25

 22 24 16

 22 16 15

 25 15 18

 25 18 26

 21 22 15

 21 15 25

 22 24 16

 22 16 15

 25 15 18

 25 18 26

 21 22 15

 21 15 25

 22 24 16

 22 16 15

 25 15 18

 25 18 26

 21 22 15

 21 15 25

 22 24 16

 22 16 15

 25 15 18

 25 18 26

 21 22 15

 21 15 25

 22 24 16

 22 16 15

 27 19 22

 27 22 24

 28 29 19

 28 19 27

 29 30 20

 29 20 19

 25 15 18

 25 18 26

 21 22 15

 21 15 25

 22 24 16

 22 16 15

 27 19 22

 27 22 24

 28 29 19

 28 19 27

 29 30 20

 29 20 19

 25 15 18

 25 18 26

 21 22 15

 21 15 25

 22 24 16

 22 16 15

 25 15 18

 25 18 26

 21 22 15

 21 15 25

 22 24 16

 22 16 15

 25 15 18

 25 18 26

 21 22 15

 21 15 25

 22 24 16

 22 16 15

 25 15 18

 25 18 26

 21 22 15

 21 15 25

 22 24 16

 22 16 15

 25 15 18

 25 18 26

 21 22 15

 21 15 25

 22 24 16

 22 16 15

 25 15 18

 25 18 26

 21 22 15

 21 15 25

 22 24 16

 22 16 15

 25 15 18

 25 18 26

 21 22 15

 21 15 25

 22 24 16

 22 16 15

 25 15 18

 25 18 26

 21 22 15

 21 15 25

 22 24 16

 22 16 15

 25 15 18

 25 18 26

 21 22 15

 21 15 25

 22 24 16

 22 16 15

 25 15 18

 25 18 26

 21 22 15

 21 15 25

 22 24 16

 22 16 15

 0 1 2

 0 2 3

 0 1 2

 0 2 3

 0 1 2

 0 2 3

 31 32 33

 0 1 2

 0 2 3

 0 1 2

 0 2 3

 33 34 35

 0 1 2

 0 2 3

 0 1 2

 0 2 3

 0 1 2

 0 2 3

 0 1 2

 0 2 3

 0 1 2

 0 2 3

 0 1 2

 0 2 3

 0 1 2

 0 2 3

 0 1 2

 0 2 3

 0 1 2

 0 2 3

 0 1 2

 0 2 3

 0 1 2

 0 2 3

 35 34 36

 37 38 36

 38 37 39

 40 39 41

 40 41 42

 40 43 44

 0 1 2

 0 2 3

 0 1 2

 0 2 3

 0 1 2

 0 2 3

 0 1 2

 0 2 3

 0 1 2

 0 2 3

 0 1 2

 0 2 3

 0 1 2

 0 2 3

 0 1 2

 0 2 3

 0 1 2

 0 2 3

 0 1 2

 0 2 3

 0 1 2

 0 2 3

 0 1 2

 0 2 3

 0 1 2

 0 2 3

 0 1 2

 0 2 3

 0 1 2

 0 2 3

 0 1 2

 0 2 3

 0 1 2

 0 2 3

 0 1 2

 0 2 3

 0 1 2

 0 2 3

 0 1 2

 0 2 3

 0 1 2

 0 2 3

 0 1 2

 0 2 3

 0 1 2

 0 2 3

 0 1 2

 0 2 3

 0 1 2

 0 2 3

 0 1 2

 0 2 3

 0 1 2

 0 2 3

 0 1 2

 0 2 3

 0 1 2

 0 2 3

 0 1 2

 0 2 3

 0 1 2

 0 2 3

 0 1 2

 0 2 3

 0 1 2

 0 2 3

 0 1 2

 0 2 3

 0 1 2

 0 2 3

 0 1 2

 0 2 3

 0 1 2

 0 2 3

 0 1 2

 0 2 3

 0 1 2

 0 2 3

 0 1 2

 0 2 3

 0 1 2

 0 2 3

 0 1 2

 0 2 3

 0 1 2

 0 2 3

 0 1 2

 0 2 3

 0 1 2

 0 2 3

 0 1 2

 0 2 3

 0 1 2

 0 2 3

 0 1 2

 0 2 3

 0 1 2

 0 2 3

 0 1 2

 0 2 3

 0 1 2

 0 2 3

 0 1 2

 0 2 3

 0 1 2

 0 2 3

 0 1 2

 0 2 3

 0 1 2

 0 2 3

 0 1 2

 0 2 3

 0 1 2

 0 2 3

 0 1 2

 0 2 3

 0 1 2

 0 2 3

 0 1 2

 0 2 3

 0 1 2

 0 2 3

 0 1 2

 0 2 3

 0 1 2

 0 2 3

 0 1 2

 0 2 3

 0 1 2

 0 2 3

 0 1 2

 0 2 3

 0 1 2

 0 2 3

 0 1 2

 0 2 3

 0 1 2

 0 2 3

 0 1 2

 0 2 3

 0 1 2

 0 2 3

 0 1 2

 0 2 3

 0 1 2

 0 2 3

 0 1 2

 0 2 3

 0 1 2

 0 2 3

 0 1 2

 0 2 3

 0 1 2

 0 2 3

 0 1 2

 0 2 3

 0 1 2

 0 2 3

 0 1 2

 0 2 3

 0 1 2

 0 2 3

 0 1 2

 0 2 3

 0 1 2

 0 2 3

 0 1 2

 0 2 3

 0 1 2

 0 2 3

 0 1 2

 0 2 3

 0 1 2

 0 2 3

 0 1 2

 0 2 3

 0 1 2

 0 2 3

 0 1 2

 0 2 3

 0 1 2

 0 2 3

 0 1 2

 0 2 3

 0 1 2

 0 2 3

 0 1 2

 0 2 3

 0 1 2

 0 2 3

 0 1 2

 0 2 3

 0 1 2

 0 2 3

 0 1 2

 0 2 3

 0 1 2

 0 2 3

 0 1 2

 0 2 3

 0 1 2

 0 2 3

 0 1 2

 0 2 3

 0 1 2

 0 2 3

 0 1 2

 0 2 3

 0 1 2

 0 2 3

 0 1 2

 0 2 3

 0 1 2

 0 2 3

 0 1 2

 0 2 3

 0 1 2

 0 2 3

 0 1 2

 0 2 3

 0 1 2

 0 2 3

 0 1 2

 0 2 3

 0 1 2

 0 2 3

 0 1 2

 0 2 3

 0 1 2

 0 2 3

 0 1 2

 0 2 3

 0 1 2

 0 2 3

 0 1 2

 0 2 3

 0 1 2

 0 2 3

 0 1 2

 0 2 3

 0 1 2

 0 2 3

 0 1 2

 0 2 3

 0 1 2

 0 2 3

 0 1 2

 0 2 3

 0 1 2

 0 2 3

 0 1 2

 0 2 3

 0 1 2

 0 2 3

 0 1 2

 0 2 3

 0 1 2

 0 2 3

 0 1 2

 0 2 3

 0 1 2

 0 2 3

 0 1 2

 0 2 3

 0 1 2

 0 2 3

 0 1 2

 0 2 3

 0 1 2

 0 2 3

 0 1 2

 0 2 3

 0 1 2

 0 2 3

 0 1 2

 0 2 3

 0 1 2

 0 2 3

 0 1 2

 0 2 3

 0 1 2

 0 2 3

 0 1 2

 0 2 3

 0 1 2

 0 2 3

 0 1 2

 0 2 3

 0 1 2

 0 2 3

 0 1 2

 0 2 3

 0 1 2

 0 2 3

 0 1 2

 0 2 3

 0 1 2

 0 2 3

 0 1 2

 0 2 3

 0 1 2

 0 2 3

 0 1 2

 0 2 3

 0 1 2

 0 2 3

 0 1 2

 0 2 3

 0 1 2

 0 2 3

 0 1 2

 0 2 3

 0 1 2

 0 2 3

 0 1 2

 0 2 3

 0 1 2

 0 2 3

 0 1 2

 0 2 3

 0 1 2

 0 2 3

 0 1 2

 0 2 3

 0 1 2

 0 2 3

 0 1 2

 0 2 3

 0 1 2

 0 2 3

 0 1 2

 0 2 3

 0 1 2

 0 2 3

 0 1 2

 0 2 3

 0 1 2

 0 2 3

 0 1 2

 0 2 3

 0 1 2

 0 2 3

 0 1 2

 0 2 3

 0 1 2

 0 2 3

 0 1 2

 0 2 3

 0 1 2

 0 2 3

 0 1 2

 0 2 3

 0 1 2

 0 2 3

 0 1 2

 0 2 3

 0 1 2

 0 2 3

 0 1 2

 0 2 3

 0 1 2

 0 2 3

 0 1 2

 0 2 3

 0 1 2

 0 2 3

 0 1 2

 0 2 3

 0 1 2

 0 2 3

 0 1 2

 0 2 3

 0 1 2

 0 2 3

 0 1 2

 0 2 3

 0 1 2

 0 2 3

 0 1 2

 0 2 3

 0 1 2

 0 2 3

 0 1 2

 0 2 3

 0 1 2

 0 2 3

 0 1 2

 0 2 3

 0 1 2

 0 2 3

 0 1 2

 0 2 3

 0 1 2

 0 2 3

 0 1 2

 0 2 3

 0 1 2

 0 2 3

 0 1 2

 0 2 3

 0 1 2

 0 2 3

 0 1 2

 0 2 3

 0 1 2

 0 2 3

 0 1 2

 0 2 3

 0 1 2

 0 2 3

 0 1 2

 0 2 3

 0 1 2

 0 2 3

 0 1 2

 0 2 3

 0 1 2

 0 2 3

 0 1 2

 0 2 3

 0 1 2

 0 2 3

 0 1 2

 0 2 3

 0 1 2

 0 2 3

 0 1 2

 0 2 3

 0 1 2

 0 2 3

 0 1 2

 0 2 3

 0 1 2

 0 2 3

 0 1 2

 0 2 3

 0 1 2

 0 2 3

 0 1 2

 0 2 3

 0 1 2

 0 2 3

 0 1 2

 0 2 3

 0 1 2

 0 2 3

 0 1 2

 0 2 3

 0 1 2

 0 2 3

 0 1 2

 0 2 3

 0 1 2

 0 2 3

 0 1 2

 0 2 3

 0 1 2

 0 2 3

 0 1 2

 0 2 3

 0 1 2

 0 2 3

 0 1 2

 0 2 3

 0 1 2

 0 2 3

 0 1 2

 0 2 3

 0 1 2

 0 2 3

 0 1 2

 0 2 3

 0 1 2

 0 2 3

 0 1 2

 0 2 3

 0 1 2

 0 2 3

 0 1 2

 0 2 3

 0 1 2

 0 2 3

 0 1 2

 0 2 3

 0 1 2

 0 2 3

 0 1 2

 0 2 3

 0 1 2

 0 2 3

 0 1 2

 0 2 3

 0 1 2

 0 2 3

 0 1 2

 0 2 3

 0 1 2

 0 2 3

 0 1 2

 0 2 3

 0 1 2

 0 2 3

 0 1 2

 0 2 3

 0 1 2

 0 2 3

 0 1 2

 0 2 3

 0 1 2

 0 2 3

 0 1 2

 0 2 3

 0 1 2

 0 2 3

 0 1 2

 0 2 3

 0 1 2

 0 2 3

 0 1 2

 0 2 3

 0 1 2

 0 2 3

 0 1 2

 0 2 3

 0 1 2

 0 2 3

 0 1 2

 0 2 3

 0 1 2

 0 2 3

 0 1 2

 0 2 3

 0 1 2

 0 2 3

 0 1 2

 0 2 3

 0 1 2

 0 2 3

 0 1 2

 0 2 3

 0 1 2

 0 2 3

 0 1 2

 0 2 3

 0 1 2

 0 2 3

 0 1 2

 0 2 3

 0 1 2

 0 2 3

 0 1 2

 0 2 3

 0 1 2

 0 2 3

 0 1 2

 0 2 3

 0 1 2

 0 2 3

 0 1 2

 0 2 3

 0 1 2

 0 2 3

 0 1 2

 0 2 3

 0 1 2

 0 2 3

 0 1 2

 0 2 3

 0 1 2

 0 2 3

 0 1 2

 0 2 3

 0 1 2

 0 2 3

 0 1 2

 0 2 3

 0 1 2

 0 2 3

 0 1 2

 0 2 3

 0 1 2

 0 2 3

 0 1 2

 0 2 3

 0 1 2

 0 2 3

 0 1 2

 0 2 3

 0 1 2

 0 2 3

 0 1 2

 0 2 3

 0 1 2

 0 2 3

 0 1 2

 0 2 3

 0 1 2

 0 2 3

 0 1 2

 0 2 3

 0 1 2

 0 2 3

 0 1 2

 0 2 3

 0 1 2

 0 2 3

 0 1 2

 0 2 3

 0 1 2

 0 2 3

 0 1 2

 0 2 3

 0 1 2

 0 2 3

 0 1 2

 0 2 3

 0 1 2

 0 2 3

 0 1 2

 0 2 3

 0 1 2

 0 2 3

 0 1 2

 0 2 3

 0 1 2

 0 2 3

 0 1 2

 0 2 3

 0 1 2

 0 2 3

 0 1 2

 0 2 3

 0 1 2

 0 2 3

 0 1 2

 0 2 3

 0 1 2

 0 2 3

 0 1 2

 0 2 3

 0 1 2

 0 2 3

 0 1 2

 0 2 3

 0 1 2

 0 2 3

 0 1 2

 0 2 3

 0 1 2

 0 2 3

 0 1 2

 0 2 3

 0 1 2

 0 2 3

 0 1 2

 0 2 3

 0 1 2

 0 2 3

 0 1 2

 0 2 3

 0 1 2

 0 2 3

 0 1 2

 0 2 3

 0 1 2

 0 2 3

 0 1 2

 0 2 3

 0 1 2

 0 2 3

 0 1 2

 0 2 3

 0 1 2

 0 2 3

 0 1 2

 0 2 3

 0 1 2

 0 2 3

 0 1 2

 0 2 3

 0 1 2

 0 2 3

 0 1 2

 0 2 3

 0 1 2

 0 2 3

 0 1 2

 0 2 3

 0 1 2

 0 2 3

 0 1 2

 0 2 3

 0 1 2

 0 2 3

 0 1 2

 0 2 3

 0 1 2

 0 2 3

 0 1 2

 0 2 3

 0 1 2

 0 2 3

 0 1 2

 0 2 3

 0 1 2

 0 2 3

 0 1 2

 0 2 3

 0 1 2

 0 2 3

 0 1 2

 0 2 3

 0 1 2

 0 2 3

 0 1 2

 0 2 3

 0 1 2

 0 2 3

 0 1 2

 0 2 3

 0 1 2

 0 2 3

 0 1 2

 0 2 3

 0 1 2

 0 2 3

 0 1 2

 0 2 3

 0 1 2

 0 2 3

 0 1 2

 0 2 3

 0 1 2

 0 2 3

 0 1 2

 0 2 3

 0 1 2

 0 2 3

 0 1 2

 0 2 3

 0 1 2

 0 2 3

 0 1 2

 0 2 3

 0 1 2

 0 2 3

 0 1 2

 0 2 3

 0 1 2

 0 2 3

 0 1 2

 0 2 3

 0 1 2

 0 2 3

 0 1 2

 0 2 3

 0 1 2

 0 2 3

 0 1 2

 0 2 3

 0 1 2

 0 2 3

 0 1 2

 0 2 3

 0 1 2

 0 2 3

 0 1 2

 0 2 3

 0 1 2

 0 2 3

 0 1 2

 0 2 3

 0 1 2

 0 2 3

 0 1 2

 0 2 3

 0 1 2

 0 2 3

 0 1 2

 0 2 3

 0 1 2

 0 2 3

 0 1 2

 0 2 3

 0 1 2

 0 2 3

 0 1 2

 0 2 3

 0 1 2

 0 2 3

 0 1 2

 0 2 3

 0 1 2

 0 2 3

 0 1 2

 0 2 3

 0 1 2

 0 2 3

 0 1 2

 0 2 3

 0 1 2

 0 2 3

 0 1 2

 0 2 3

 0 1 2

 0 2 3

 0 1 2

 0 2 3

 0 1 2

 0 2 3

 0 1 2

 0 2 3

 0 1 2

 0 2 3

 0 1 2

 0 2 3

 0 1 2

 0 2 3

 0 1 2

 0 2 3

 0 1 2

 0 2 3

 0 1 2

 0 2 3

 0 1 2

 0 2 3

 0 1 2

 0 2 3

 0 1 2

 0 2 3

 0 1 2

 0 2 3

 0 1 2

 0 2 3

 0 1 2

 0 2 3

 0 1 2

 0 2 3

 0 1 2

 0 2 3

 0 1 2

 0 2 3

 0 1 2

 0 2 3

 0 1 2

 0 2 3

 0 1 2

 0 2 3

 0 1 2

 0 2 3

 0 1 2

 0 2 3

 0 1 2

 0 2 3

 0 1 2

 0 2 3

 0 1 2

 0 2 3

 0 1 2

 0 2 3

 0 1 2

 0 2 3

 0 1 2

 0 2 3

 0 1 2

 0 2 3

 0 1 2

 0 2 3

 0 1 2

 0 2 3

 0 1 2

 0 2 3

 0 1 2

 0 2 3

 0 1 2

 0 2 3

 0 1 2

 0 2 3

 0 1 2

 0 2 3

 0 1 2

 0 2 3

 0 1 2

 0 2 3

 0 1 2

 0 2 3

 0 1 2

 0 2 3

 0 1 2

 0 2 3

 0 1 2

 0 2 3

 0 1 2

 0 2 3

 0 1 2

 0 2 3

 0 1 2

 0 2 3

 0 1 2

 0 2 3

 0 1 2

 0 2 3

 0 1 2

 0 2 3

 0 1 2

 0 2 3

 0 1 2

 0 2 3

 0 1 2

 0 2 3

 0 1 2

 0 2 3

 0 1 2

 0 2 3

 0 1 2

 0 2 3

 0 1 2

 0 2 3

 0 1 2

 0 2 3

 0 1 2

 0 2 3

 0 1 2

 0 2 3

 0 1 2

 0 2 3

 0 1 2

 0 2 3

 0 1 2

 0 2 3

 0 1 2

 0 2 3

 0 1 2

 0 2 3

 0 1 2

 0 2 3

 0 1 2

 0 2 3

 0 1 2

 0 2 3

 0 1 2

 0 2 3

 0 1 2

 0 2 3

 0 1 2

 0 2 3

 0 1 2

 0 2 3

 0 1 2

 0 2 3

 0 1 2

 0 2 3

 0 1 2

 0 2 3

 0 1 2

 0 2 3

 0 1 2

 0 2 3

 0 1 2

 0 2 3

 0 1 2

 0 2 3

 0 1 2

 0 2 3

 0 1 2

 0 2 3

 0 1 2

 0 2 3

 0 1 2

 0 2 3

 0 1 2

 0 2 3

 0 1 2

 0 2 3

 0 1 2

 0 2 3

 0 1 2

 0 2 3

 0 1 2

 0 2 3

 0 1 2

 0 2 3

 0 1 2

 0 2 3

 0 1 2

 0 2 3

 0 1 2

 0 2 3

 0 1 2

 0 2 3

 0 1 2

 0 2 3

 0 1 2

 0 2 3

 0 1 2

 0 2 3

 0 1 2

 0 2 3

 0 1 2

 0 2 3

 0 1 2

 0 2 3

 0 1 2

 0 2 3

 0 1 2

 0 2 3

 0 1 2

 0 2 3

 0 1 2

 0 2 3

 0 1 2

 0 2 3

 0 1 2

 0 2 3

 0 1 2

 0 2 3

 0 1 2

 0 2 3

 0 1 2

 0 2 3

 0 1 2

 0 2 3

 0 1 2

 0 2 3

 0 1 2

 0 2 3

 0 1 2

 0 2 3

 0 1 2

 0 2 3

 0 1 2

 0 2 3

 0 1 2

 0 2 3

 0 1 2

 0 2 3

 0 1 2

 0 2 3

 0 1 2

 0 2 3

 0 1 2

 0 2 3

 0 1 2

 0 2 3

 0 1 2

 0 2 3

 0 1 2

 0 2 3

 0 1 2

 0 2 3

 0 1 2

 0 2 3

 0 1 2

 0 2 3

 0 1 2

 0 2 3

 0 1 2

 0 2 3

 0 1 2

 0 2 3

 0 1 2

 0 2 3

 0 1 2

 0 2 3

 0 1 2

 0 2 3

 0 1 2

 0 2 3

 0 1 2

 0 2 3

 0 1 2

 0 2 3

 0 1 2

 0 2 3

 0 1 2

 0 2 3

 0 1 2

 0 2 3

 0 1 2

 0 2 3

 0 1 2

 0 2 3

 0 1 2

 0 2 3

 0 1 2

 0 2 3

 0 1 2

 0 2 3

 0 1 2

 0 2 3

 0 1 2

 0 2 3

 0 1 2

 0 2 3

 0 1 2

 0 2 3

 0 1 2

 0 2 3

 0 1 2

 0 2 3

 0 1 2

 0 2 3

 0 1 2

 0 2 3

 0 1 2

 0 2 3

 0 1 2

 0 2 3

 0 1 2

 0 2 3

 0 1 2

 0 2 3

 0 1 2

 0 2 3

 0 1 2

 0 2 3

 0 1 2

 0 2 3

 0 1 2

 0 2 3

 0 1 2

 0 2 3

 0 1 2

 0 2 3

 0 1 2

 0 2 3

 0 1 2

 0 2 3

 0 1 2

 0 2 3

 0 1 2

 0 2 3

 0 1 2

 0 2 3

 0 1 2

 0 2 3

 0 1 2

 0 2 3

 0 1 2

 0 2 3

 0 1 2

 0 2 3

 0 1 2

 0 2 3

 0 1 2

 0 2 3

 0 1 2

 0 2 3

 0 1 2

 0 2 3

 0 1 2

 0 2 3

 0 1 2

 0 2 3

 0 1 2

 0 2 3

 0 1 2

 0 2 3

 0 1 2

 0 2 3

 0 1 2

 0 2 3

 0 1 2

 0 2 3

 0 1 2

 0 2 3

 0 1 2

 0 2 3

 0 1 2

 0 2 3

 0 1 2

 0 2 3

 0 1 2

 0 2 3

 0 1 2

 0 2 3

 0 1 2

 0 2 3

 0 1 2

 0 2 3

 0 1 2

 0 2 3

 0 1 2

 0 2 3

 0 1 2

 0 2 3

 0 1 2

 0 2 3

 0 1 2

 0 2 3

 0 1 2

 0 2 3

 0 1 2

 0 2 3

 0 1 2

 0 2 3

 0 1 2

 0 2 3

 0 1 2

 0 2 3

 0 1 2

 0 2 3

 0 1 2

 0 2 3

 0 1 2

 0 2 3

 0 1 2

 0 2 3

 0 1 2

 0 2 3

 0 1 2

 0 2 3

 0 1 2

 0 2 3

 0 1 2

 0 2 3

 0 1 2

 0 2 3

 0 1 2

 0 2 3

 0 1 2

 0 2 3

 0 1 2

 0 2 3

 0 1 2

 0 2 3

 0 1 2

 0 2 3

 0 1 2

 0 2 3

 0 1 2

 0 2 3

 0 1 2

 0 2 3

 0 1 2

 0 2 3

 0 1 2

 0 2 3

 0 1 2

 0 2 3

 0 1 2

 0 2 3

 0 1 2

 0 2 3

 0 1 2

 0 2 3

 0 1 2

 0 2 3

 0 1 2

 0 2 3

 0 1 2

 0 2 3

 0 1 2

 0 2 3

 0 1 2

 0 2 3

 0 1 2

 0 2 3

 0 1 2

 0 2 3

 0 1 2

 0 2 3

 0 1 2

 0 2 3

 0 1 2

 0 2 3

 0 1 2

 0 2 3

 0 1 2

 0 2 3

 0 1 2

 0 2 3

 0 1 2

 0 2 3

 0 1 2

 0 2 3

 0 1 2

 0 2 3

 0 1 2

 0 2 3

 0 1 2

 0 2 3

 0 1 2

 0 2 3

 0 1 2

 0 2 3

 0 1 2

 0 2 3

 0 1 2

 0 2 3

 0 1 2

 0 2 3

 0 1 2

 0 2 3

 0 1 2

 0 2 3

 0 1 2

 0 2 3

 0 1 2

 0 2 3

 0 1 2

 0 2 3

 0 1 2

 0 2 3

 0 1 2

 0 2 3

 0 1 2

 0 2 3

 0 1 2

 0 2 3

 0 1 2

 0 2 3

 0 1 2

 0 2 3

 0 1 2

 0 2 3

 0 1 2

 0 2 3

 0 1 2

 0 2 3

 0 1 2

 0 2 3

 0 1 2

 0 2 3

 0 1 2

 0 2 3

 0 1 2

 0 2 3

 0 1 2

 0 2 3

 0 1 2

 0 2 3

 0 1 2

 0 2 3

 0 1 2

 0 2 3

 0 1 2

 0 2 3

 0 1 2

 0 2 3

 0 1 2

 0 2 3

 0 1 2

 0 2 3

 0 1 2

 0 2 3

 0 1 2

 0 2 3

 0 1 2

 0 2 3

 0 1 2

 0 2 3

 0 1 2

 0 2 3

 0 1 2

 0 2 3

 0 1 2

 0 2 3

 0 1 2

 0 2 3

 0 1 2

 0 2 3

 0 1 2

 0 2 3

 0 1 2

 0 2 3

 0 1 2

 0 2 3

 0 1 2

 0 2 3

 0 1 2

 0 2 3

 0 1 2

 0 2 3

 0 1 2

 0 2 3

 0 1 2

 0 2 3

 0 1 2

 0 2 3

 0 1 2

 0 2 3

 0 1 2

 0 2 3

 0 1 2

 0 2 3

 0 1 2

 0 2 3

 0 1 2

 0 2 3

 0 1 2

 0 2 3

 0 1 2

 0 2 3

 0 1 2

 0 2 3

 0 1 2

 0 2 3

 0 1 2

 0 2 3

 0 1 2

 0 2 3

 0 1 2

 0 2 3

 0 1 2

 0 2 3

 0 1 2

 0 2 3

 0 1 2

 0 2 3

 0 1 2

 0 2 3

 0 1 2

 0 2 3

 0 1 2

 0 2 3

 0 1 2

 0 2 3

 0 1 2

 0 2 3

 0 1 2

 0 2 3

 0 1 2

 0 2 3

 0 1 2

 0 2 3

 0 1 2

 0 2 3

 0 1 2

 0 2 3

 0 1 2

 0 2 3

 0 1 2

 0 2 3

 0 1 2

 0 2 3

 0 1 2

 0 2 3

 0 1 2

 0 2 3

 0 1 2

 0 2 3

 0 1 2

 0 2 3

 0 1 2

 0 2 3

 0 1 2

 0 2 3

 0 1 2

 0 2 3

 0 1 2

 0 2 3

 0 1 2

 0 2 3

 0 1 2

 0 2 3

 0 1 2

 0 2 3

 0 1 2

 0 2 3

 0 1 2

 0 2 3

 0 1 2

 0 2 3

 0 1 2

 0 2 3

 0 1 2

 0 2 3

 0 1 2

 0 2 3

 0 1 2

 0 2 3

 0 1 2

 0 2 3

 0 1 2

 0 2 3

 0 1 2

 0 2 3

 0 1 2

 0 2 3

 0 1 2

 0 2 3

 0 1 2

 0 2 3

 0 1 2

 0 2 3

 0 1 2

 0 2 3

 0 1 2

 0 2 3

 0 1 2

 0 2 3

 0 1 2

 0 2 3

 0 1 2

 0 2 3

 0 1 2

 0 2 3

 0 1 2

 0 2 3

 0 1 2

 0 2 3

 0 1 2

 0 2 3

 0 1 2

 0 2 3

 0 1 2

 0 2 3

 0 1 2

 0 2 3

 0 1 2

 0 2 3

 0 1 2

 0 2 3

 0 1 2

 0 2 3

 0 1 2

 0 2 3

 0 1 2

 0 2 3

 0 1 2

 0 2 3

 0 1 2

 0 2 3

 0 1 2

 0 2 3

 0 1 2

 0 2 3

 0 1 2

 0 2 3

 0 1 2

 0 2 3

 0 1 2

 0 2 3

 0 1 2

 0 2 3

 0 1 2

 0 2 3

 0 1 2

 0 2 3

 0 1 2

 0 2 3

 0 1 2

 0 2 3

 0 1 2

 0 2 3

 0 1 2

 0 2 3

 0 1 2

 0 2 3

 0 1 2

 0 2 3

 0 1 2

 0 2 3

 0 1 2

 0 2 3

 0 1 2

 0 2 3

 0 1 2

 0 2 3

 0 1 2

 0 2 3

 0 1 2

 0 2 3

 0 1 2

 0 2 3

 0 1 2

 0 2 3

 0 1 2

 0 2 3

 0 1 2

 0 2 3

 0 1 2

 0 2 3

 0 1 2

 0 2 3

 0 1 2

 0 2 3

 0 1 2

 0 2 3

 0 1 2

 0 2 3

 0 1 2

 0 2 3

 0 1 2

 0 2 3

 0 1 2

 0 2 3

 0 1 2

 0 2 3

 0 1 2

 0 2 3

 0 1 2

 0 2 3

 0 1 2

 0 2 3

 0 1 2

 0 2 3

 0 1 2

 0 2 3

 0 1 2

 0 2 3

 0 1 2

 0 2 3

 0 1 2

 0 2 3

 0 1 2

 0 2 3

 0 1 2

 0 2 3

 0 1 2

 0 2 3

 0 1 2

 0 2 3

 0 1 2

 0 2 3

 0 1 2

 0 2 3

 0 1 2

 0 2 3

 0 1 2

 0 2 3

 0 1 2

 0 2 3

 0 1 2

 0 2 3

 0 1 2

 0 2 3

 0 1 2

 0 2 3

 0 1 2

 0 2 3

 0 1 2

 0 2 3

 0 1 2

 0 2 3

 0 1 2

 0 2 3

 0 1 2

 0 2 3

 0 1 2

 0 2 3

 0 1 2

 0 2 3

 0 1 2

 0 2 3

 0 1 2

 0 2 3

 0 1 2

 0 2 3

 0 1 2

 0 2 3

 0 1 2

 0 2 3

 0 1 2

 0 2 3

 0 1 2

 0 2 3

 0 1 2

 0 2 3

 0 1 2

 0 2 3

 0 1 2

 0 2 3

 0 1 2

 0 2 3

 0 1 2

 0 2 3

 0 1 2

 0 2 3

 0 1 2

 0 2 3

 0 1 2

 0 2 3

 0 1 2

 0 2 3

 0 1 2

 0 2 3

 0 1 2

 0 2 3

 0 1 2

 0 2 3

 0 1 2

 0 2 3

 0 1 2

 0 2 3

 0 1 2

 0 2 3

 0 1 2

 0 2 3

 0 1 2

 0 2 3

 0 1 2

 0 2 3

 0 1 2

 0 2 3

 0 1 2

 0 2 3

 0 1 2

 0 2 3

 0 1 2

 0 2 3

 0 1 2

 0 2 3

 0 1 2

 0 2 3

 0 1 2

 0 2 3

 0 1 2

 0 2 3

 0 1 2

 0 2 3

 0 1 2

 0 2 3

 0 1 2

 0 2 3

 0 1 2

 0 2 3

 0 1 2

 0 2 3

 0 1 2

 0 2 3

 0 1 2

 0 2 3

 0 1 2

 0 2 3

 0 1 2

 0 2 3

 0 1 2

 0 2 3

 0 1 2

 0 2 3

 0 1 2

 0 2 3

 0 1 2

 0 2 3

 0 1 2

 0 2 3

 0 1 2

 0 2 3

 0 1 2

 0 2 3

 0 1 2

 0 2 3

 0 1 2

 0 2 3

 0 1 2

 0 2 3

 0 1 2

 0 2 3

 0 1 2

 0 2 3

 0 1 2

 0 2 3

 0 1 2

 0 2 3

 0 1 2

 0 2 3

 0 1 2

 0 2 3

 0 1 2

 0 2 3

 0 1 2

 0 2 3

 0 1 2

 0 2 3

 0 1 2

 0 2 3

 0 1 2

 0 2 3

 0 1 2

 0 2 3

 0 1 2

 0 2 3

 0 1 2

 0 2 3

 0 1 2

 0 2 3

 0 1 2

 0 2 3

 0 1 2

 0 2 3

 0 1 2

 0 2 3

 0 1 2

 0 2 3

 0 1 2

 0 2 3

 0 1 2

 0 2 3

 0 1 2

 0 2 3

 0 1 2

 0 2 3

 0 1 2

 0 2 3

 0 1 2

 0 2 3

 0 1 2

 0 2 3

 0 1 2

 0 2 3

 0 1 2

 0 2 3

 0 1 2

 0 2 3

 0 1 2

 0 2 3

 0 1 2

 0 2 3

 0 1 2

 0 2 3

 0 1 2

 0 2 3

 0 1 2

 0 2 3

 0 1 2

 0 2 3

 0 1 2

 0 2 3

 0 1 2

 0 2 3

 0 1 2

 0 2 3

 0 1 2

 0 2 3

 0 1 2

 0 2 3

 0 1 2

 0 2 3

 0 1 2

 0 2 3

 0 1 2

 0 2 3

 0 1 2

 0 2 3

 0 1 2

 0 2 3

 0 1 2

 0 2 3

 0 1 2

 0 2 3

 0 1 2

 0 2 3

 0 1 2

 0 2 3

 0 1 2

 0 2 3

 0 1 2

 0 2 3

 0 1 2

 0 2 3

 0 1 2

 0 2 3

 0 1 2

 0 2 3

 0 1 2

 0 2 3

 0 1 2

 0 2 3

 0 1 2

 0 2 3

 0 1 2

 0 2 3

 0 1 2

 0 2 3

 0 1 2

 0 2 3

 0 1 2

 0 2 3

 0 1 2

 0 2 3

 0 1 2

 0 2 3

 0 1 2

 0 2 3

 0 1 2

 0 2 3

 0 1 2

 0 2 3

 0 1 2

 0 2 3

 0 1 2

 0 2 3

 0 1 2

 0 2 3

 0 1 2

 0 2 3

 0 1 2

 0 2 3

 0 1 2

 0 2 3

 0 1 2

 0 2 3

 0 1 2

 0 2 3

 0 1 2

 0 2 3

 0 1 2

 0 2 3

 0 1 2

 0 2 3

 0 1 2

 0 2 3

 0 1 2

 0 2 3

 0 1 2

 0 2 3

 0 1 2

 0 2 3

 0 1 2

 0 2 3

 0 1 2

 0 2 3

 0 1 2

 0 2 3

 0 1 2

 0 2 3

 0 1 2

 0 2 3

 0 1 2

 0 2 3

 0 1 2

 0 2 3

 0 1 2

 0 2 3

 0 1 2

 0 2 3

 0 1 2

 0 2 3

 0 1 2

 0 2 3

 0 1 2

 0 2 3

 0 1 2

 0 2 3

 0 1 2

 0 2 3

 0 1 2

 0 2 3

 0 1 2

 0 2 3

 0 1 2

 0 2 3

 0 1 2

 0 2 3

 0 1 2

 0 2 3

 0 1 2

 0 2 3

 0 1 2

 0 2 3

 0 1 2

 0 2 3

 0 1 2

 0 2 3

 0 1 2

 0 2 3

 0 1 2

 0 2 3

 0 1 2

 0 2 3

 0 1 2

 0 2 3

 0 1 2

 0 2 3

 0 1 2

 0 2 3

 0 1 2

 0 2 3

 0 1 2

 0 2 3

 0 1 2

 0 2 3

 0 1 2

 0 2 3

 0 1 2

 0 2 3

 0 1 2

 0 2 3

 0 1 2

 0 2 3

 0 1 2

 0 2 3

 0 1 2

 0 2 3

 0 1 2

 0 2 3

 0 1 2

 0 2 3

 0 1 2

 0 2 3

 0 1 2

 0 2 3

 0 1 2

 0 2 3

 0 1 2

 0 2 3

 0 1 2

 0 2 3

 0 1 2

 0 2 3

 0 1 2

 0 2 3

 0 1 2

 0 2 3

 0 1 2

 0 2 3

 0 1 2

 0 2 3

 0 1 2

 0 2 3

 0 1 2

 0 2 3

 0 1 2

 0 2 3

 0 1 2

 0 2 3

 0 1 2

 0 2 3

 0 1 2

 0 2 3

 0 1 2

 0 2 3

 0 1 2

 0 2 3

 0 1 2

 0 2 3

 0 1 2

 0 2 3

 0 1 2

 0 2 3

 0 1 2

 0 2 3

 0 1 2

 0 2 3

 0 1 2

 0 2 3

 0 1 2

 0 2 3

 0 1 2

 0 2 3

 0 1 2

 0 2 3

 0 1 2

 0 2 3

 0 1 2

 0 2 3

 0 1 2

 0 2 3

 0 1 2

 0 2 3

 0 1 2

 0 2 3

 0 1 2

 0 2 3

 0 1 2

 0 2 3

 0 1 2

 0 2 3

 0 1 2

 0 2 3

 0 1 2

 0 2 3

 0 1 2

 0 2 3

 0 1 2

 0 2 3

 0 1 2

 0 2 3

 0 1 2

 0 2 3

 0 1 2

 0 2 3

 0 1 2

 0 2 3

 0 1 2

 0 2 3

 0 1 2

 0 2 3

 0 1 2

 0 2 3

 0 1 2

 0 2 3

 0 1 2

 0 2 3

 0 1 2

 0 2 3

 0 1 2

 0 2 3

 0 1 2

 0 2 3

 0 1 2

 0 2 3

 0 1 2

 0 2 3

 0 1 2

 0 2 3

 0 1 2

 0 2 3

 0 1 2

 0 2 3

 0 1 2

 0 2 3

 0 1 2

 0 2 3

 0 1 2

 0 2 3

 0 1 2

 0 2 3

 0 1 2

 0 2 3

 0 1 2

 0 2 3

 0 1 2

 0 2 3

 0 1 2

 0 2 3

 0 1 2

 0 2 3

 0 1 2

 0 2 3

 0 1 2

 0 2 3

 0 1 2

 0 2 3

 0 1 2

 0 2 3

 0 1 2

 0 2 3

 0 1 2

 0 2 3

 0 1 2

 0 2 3

 0 1 2

 0 2 3

 0 1 2

 0 2 3

 0 1 2

 0 2 3

 0 1 2

 0 2 3

 0 1 2

 0 2 3

 0 1 2

 0 2 3

 0 1 2

 0 2 3

 0 1 2

 0 2 3

 0 1 2

 0 2 3

 0 1 2

 0 2 3

 0 1 2

 0 2 3

 0 1 2

 0 2 3

 0 1 2

 0 2 3

 0 1 2

 0 2 3

 0 1 2

 0 2 3

 0 1 2

 0 2 3

 0 1 2

 0 2 3

 0 1 2

 0 2 3

 0 1 2

 0 2 3

 0 1 2

 0 2 3

 0 1 2

 0 2 3

 0 1 2

 0 2 3

 0 1 2

 0 2 3

 0 1 2

 0 2 3

 0 1 2

 0 2 3

 0 1 2

 0 2 3

 0 1 2

 0 2 3

 0 1 2

 0 2 3

 0 1 2

 0 2 3

 0 1 2

 0 2 3

 0 1 2

 0 2 3

 0 1 2

 0 2 3

 0 1 2

 0 2 3

 0 1 2

 0 2 3

 0 1 2

 0 2 3

 0 1 2

 0 2 3

 0 1 2

 0 2 3

 0 1 2

 0 2 3

 0 1 2

 0 2 3

 0 1 2

 0 2 3

 0 1 2

 0 2 3

 0 1 2

 0 2 3

 0 1 2

 0 2 3

 0 1 2

 0 2 3

 0 1 2

 0 2 3

 0 1 2

 0 2 3

 0 1 2

 0 2 3

 0 1 2

 0 2 3

 0 1 2

 0 2 3

 0 1 2

 0 2 3

 0 1 2

 0 2 3

 0 1 2

 0 2 3

 0 1 2

 0 2 3

 0 1 2

 0 2 3

 0 1 2

 0 2 3

 0 1 2

 0 2 3

 0 1 2

 0 2 3

 0 1 2

 0 2 3

 0 1 2

 0 2 3

 0 1 2

 0 2 3

 0 1 2

 0 2 3

 0 1 2

 0 2 3

 0 1 2

 0 2 3

 0 1 2

 0 2 3

 0 1 2

 0 2 3

 0 1 2

 0 2 3

 0 1 2

 0 2 3

 0 1 2

 0 2 3

 0 1 2

 0 2 3

 0 1 2

 0 2 3

 0 1 2

 0 2 3

 0 1 2

 0 2 3

 0 1 2

 0 2 3

 0 1 2

 0 2 3

 0 1 2

 0 2 3

 0 1 2

 0 2 3

 0 1 2

 0 2 3

 0 1 2

 0 2 3

 0 1 2

 0 2 3

 0 1 2

 0 2 3

 0 1 2

 0 2 3

 0 1 2

 0 2 3

 0 1 2

 0 2 3

 0 1 2

 0 2 3

 0 1 2

 0 2 3

 0 1 2

 0 2 3

 0 1 2

 0 2 3

 0 1 2

 0 2 3

 0 1 2

 0 2 3

 0 1 2

 0 2 3

 0 1 2

 0 2 3

 0 1 2

 0 2 3

 0 1 2

 0 2 3

 0 1 2

 0 2 3

 0 1 2

 0 2 3

 0 1 2

 0 2 3

 0 1 2

 0 2 3

 0 1 2

 0 2 3

 0 1 2

 0 2 3

 0 1 2

 0 2 3

 0 1 2

 0 2 3

 0 1 2

 0 2 3

 0 1 2

 0 2 3

 0 1 2

 0 2 3

 0 1 2

 0 2 3

 0 1 2

 0 2 3

 0 1 2

 0 2 3

 0 1 2

 0 2 3

 0 1 2

 0 2 3

 0 1 2

 0 2 3

 0 1 2

 0 2 3

 0 1 2

 0 2 3

 0 1 2

 0 2 3

 0 1 2

 0 2 3

 0 1 2

 0 2 3

 0 1 2

 0 2 3

 0 1 2

 0 2 3

 0 1 2

 0 2 3

 0 1 2

 0 2 3

 0 1 2

 0 2 3

 0 1 2

 0 2 3

 0 1 2

 0 2 3

 0 1 2

 0 2 3

 0 1 2

 0 2 3

 0 1 2

 0 2 3

 0 1 2

 0 2 3

 0 1 2

 0 2 3

 0 1 2

 0 2 3

 0 1 2

 0 2 3

 0 1 2

 0 2 3

 0 1 2

 0 2 3

 0 1 2

 0 2 3

 0 1 2

 0 2 3

 0 1 2

 0 2 3

 0 1 2

 0 2 3

 0 1 2

 0 2 3

 0 1 2

 0 2 3

 0 1 2

 0 2 3

 0 1 2

 0 2 3

 0 1 2

 0 2 3

 0 1 2

 0 2 3

 0 1 2

 0 2 3

 0 1 2

 0 2 3

 0 1 2

 0 2 3

 0 1 2

 0 2 3

 0 1 2

 0 2 3

 0 1 2

 0 2 3

 0 1 2

 0 2 3

 0 1 2

 0 2 3

 0 1 2

 0 2 3

 0 1 2

 0 2 3

 0 1 2

 0 2 3

 0 1 2

 0 2 3

 0 1 2

 0 2 3

 0 1 2

 0 2 3

 0 1 2

 0 2 3

 0 1 2

 0 2 3

 0 1 2

 0 2 3

 0 1 2

 0 2 3

 0 1 2

 0 2 3

 0 1 2

 0 2 3

 0 1 2

 0 2 3

 0 1 2

 0 2 3

 0 1 2

 0 2 3

 0 1 2

 0 2 3

 0 1 2

 0 2 3

 0 1 2

 0 2 3

 0 1 2

 0 2 3

 0 1 2

 0 2 3

 0 1 2

 0 2 3

 0 1 2

 0 2 3

 0 1 2

 0 2 3

 0 1 2

 0 2 3

 0 1 2

 0 2 3

 0 1 2

 0 2 3

 0 1 2

 0 2 3

 0 1 2

 0 2 3

 0 1 2

 0 2 3

 0 1 2

 0 2 3

 0 1 2

 0 2 3

 0 1 2

 0 2 3

 0 1 2

 0 2 3

 0 1 2

 0 2 3

 0 1 2

 0 2 3

 0 1 2

 0 2 3

 0 1 2

 0 2 3

 0 1 2

 0 2 3

 0 1 2

 0 2 3

 0 1 2

 0 2 3

 0 1 2

 0 2 3

 0 1 2

 0 2 3

 0 1 2

 0 2 3

 0 1 2

 0 2 3

 0 1 2

 0 2 3

 0 1 2

 0 2 3

 0 1 2

 0 2 3

 0 1 2

 0 2 3

 0 1 2

 0 2 3

 0 1 2

 0 2 3

 0 1 2

 0 2 3

 0 1 2

 0 2 3

 0 1 2

 0 2 3

 0 1 2

 0 2 3

 0 1 2

 0 2 3

 0 1 2

 0 2 3

 0 1 2

 0 2 3

 0 1 2

 0 2 3

 0 1 2

 0 2 3

 0 1 2

 0 2 3

 0 1 2

 0 2 3

 0 1 2

 0 2 3

 0 1 2

 0 2 3

 0 1 2

 0 2 3

 0 1 2

 0 2 3

 0 1 2

 0 2 3

 0 1 2

 0 2 3

 0 1 2

 0 2 3

 0 1 2

 0 2 3

 0 1 2

 0 2 3

 0 1 2

 0 2 3

 0 1 2

 0 2 3

 0 1 2

 0 2 3

 0 1 2

 0 2 3

 0 1 2

 0 2 3

 0 1 2

 0 2 3

 0 1 2

 0 2 3

 0 1 2

 0 2 3

 0 1 2

 0 2 3

 0 1 2

 0 2 3

 0 1 2

 0 2 3

 0 1 2

 0 2 3

 0 1 2

 0 2 3

 0 1 2

 0 2 3

 0 1 2

 0 2 3

 0 1 2

 0 2 3

 0 1 2

 0 2 3

 0 1 2

 0 2 3

 0 1 2

 0 2 3

 0 1 2

 0 2 3

 0 1 2

 0 2 3

 0 1 2

 0 2 3

 0 1 2

 0 2 3

 0 1 2

 0 2 3

 0 1 2

 0 2 3

 0 1 2

 0 2 3

 0 1 2

 0 2 3

 0 1 2

 0 2 3

 0 1 2

 0 2 3

 0 1 2

 0 2 3

 0 1 2

 0 2 3

 0 1 2

 0 2 3

 0 1 2

 0 2 3

 0 1 2

 0 2 3

 0 1 2

 0 2 3

 0 1 2

 0 2 3

 0 1 2

 0 2 3

 0 1 2

 0 2 3

 0 1 2

 0 2 3

 0 1 2

 0 2 3

 0 1 2

 0 2 3

 0 1 2

 0 2 3

 0 1 2

 0 2 3

 0 1 2

 0 2 3

 0 1 2

 0 2 3

 0 1 2

 0 2 3

 0 1 2

 0 2 3

 0 1 2

 0 2 3

 0 1 2

 0 2 3

 0 1 2

 0 2 3

 0 1 2

 0 2 3

 0 1 2

 0 2 3

 0 1 2

 0 2 3

 0 1 2

 0 2 3

 0 1 2

 0 2 3

 0 1 2

 0 2 3

 0 1 2

 0 2 3

 0 1 2

 0 2 3

 0 1 2

 0 2 3

 0 1 2

 0 2 3

 0 1 2

 0 2 3

 0 1 2

 0 2 3

 0 1 2

 0 2 3

 0 1 2

 0 2 3

 0 1 2

 0 2 3

 0 1 2

 0 2 3

 45 4 7

 45 7 46

 47 48 4

 47 4 45

 48 49 5

 48 5 4

 45 4 7

 45 7 46

 47 48 4

 47 4 45

 48 49 5

 48 5 4

 45 4 7

 45 7 46

 47 48 4

 47 4 45

 48 49 5

 48 5 4

 45 4 7

 45 7 46

 47 48 4

 47 4 45

 48 49 5

 48 5 4

 0 1 2

 0 2 3

 0 1 2

 0 2 3

 0 1 2

 0 2 3

 0 1 2

 0 2 3

 0 1 2

 0 2 3

 0 1 2

 0 2 3

 0 1 2

 0 2 3

 0 1 2

 0 2 3

 0 1 2

 0 2 3

 0 1 2

 0 2 3

 0 1 2

 0 2 3

 0 1 2

 0 2 3

 0 1 2

 0 2 3

 0 1 2

 0 2 3

 0 1 2

 0 2 3

 0 1 2

 0 2 3

 0 1 2

 0 2 3

 0 1 2

 0 2 3

 0 1 2

 0 2 3

 0 1 2

 0 2 3

 0 1 2

 0 2 3

 0 1 2

 0 2 3

 0 1 2

 0 2 3

 0 1 2

 0 2 3

 0 1 2

 0 2 3

 0 1 2

 0 2 3

 0 1 2

 0 2 3

 0 1 2

 0 2 3

 0 1 2

 0 2 3

 0 1 2

 0 2 3

 0 1 2

 0 2 3

 0 1 2

 0 2 3

 0 1 2

 0 2 3

 0 1 2

 0 2 3

 0 1 2

 0 2 3

 0 1 2

 0 2 3

 0 1 2

 0 2 3

 0 1 2

 0 2 3

 0 1 2

 0 2 3

 0 1 2

 0 2 3

 0 1 2

 0 2 3

 0 1 2

 0 2 3

 0 1 2

 0 2 3

 0 1 2

 0 2 3

 0 1 2

 0 2 3

 0 1 2

 0 2 3

 0 1 2

 0 2 3

 0 1 2

 0 2 3

 0 1 2

 0 2 3

 0 1 2

 0 2 3

 0 1 2

 0 2 3

 0 1 2

 0 2 3

 0 1 2

 0 2 3

 0 1 2

 0 2 3

 0 1 2

 0 2 3

 0 1 2

 0 2 3

 0 1 2

 0 2 3

 0 1 2

 0 2 3

 0 1 2

 0 2 3

 0 1 2

 0 2 3

 0 1 2

 0 2 3

 0 1 2

 0 2 3

 0 1 2

 0 2 3

 0 1 2

 0 2 3

 0 1 2

 0 2 3

 0 1 2

 0 2 3

 0 1 2

 0 2 3

 0 1 2

 0 2 3

 0 1 2

 0 2 3

 0 1 2

 0 2 3

 0 1 2

 0 2 3

 0 1 2

 0 2 3

 0 1 2

 0 2 3

 0 1 2

 0 2 3

 0 1 2

 0 2 3

 0 1 2

 0 2 3

 0 1 2

 0 2 3

 0 1 2

 0 2 3

 0 1 2

 0 2 3

 0 1 2

 0 2 3

 0 1 2

 0 2 3

 45 4 7

 45 7 46

 47 48 4

 47 4 45

 48 49 5

 48 5 4

 45 4 7

 45 7 46

 47 48 4

 47 4 45

 48 49 5

 48 5 4

 45 4 7

 45 7 46

 47 48 4

 47 4 45

 48 49 5

 48 5 4

 45 4 7

 45 7 46

 47 48 4

 47 4 45

 48 49 5

 48 5 4

 0 1 2

 0 2 3

 0 1 2

 0 2 3

 0 1 2

 0 2 3

 0 1 2

 0 2 3

 0 1 2

 0 2 3

 0 1 2

 0 2 3

 0 1 2

 0 2 3

 0 1 2

 0 2 3

 0 1 2

 0 2 3

 0 1 2

 0 2 3

 0 1 2

 0 2 3

 0 1 2

 0 2 3

 0 1 2

 0 2 3

 0 1 2

 0 2 3

 0 1 2

 0 2 3

 0 1 2

 0 2 3

 0 1 2

 0 2 3

 0 1 2

 0 2 3

 0 1 2

 0 2 3

 0 1 2

 0 2 3

 0 1 2

 0 2 3

 0 1 2

 0 2 3

 0 1 2

 0 2 3

 0 1 2

 0 2 3

 0 1 2

 0 2 3

 0 1 2

 0 2 3

 0 1 2

 0 2 3

 0 1 2

 0 2 3

 0 1 2

 0 2 3

 0 1 2

 0 2 3

 0 1 2

 0 2 3

 0 1 2

 0 2 3

 0 1 2

 0 2 3

 0 1 2

 0 2 3

 0 1 2

 0 2 3

 0 1 2

 0 2 3

 0 1 2

 0 2 3

 0 1 2

 0 2 3

 0 1 2

 0 2 3

 0 1 2

 0 2 3

 0 1 2

 0 2 3

 0 1 2

 0 2 3

 0 1 2

 0 2 3

 0 1 2

 0 2 3

 0 1 2

 0 2 3

 0 1 2

 0 2 3

 0 1 2

 0 2 3

 0 1 2

 0 2 3

 0 1 2

 0 2 3

 0 1 2

 0 2 3

 0 1 2

 0 2 3

 0 1 2

 0 2 3

 0 1 2

 0 2 3

 0 1 2

 0 2 3

 0 1 2

 0 2 3

 0 1 2

 0 2 3

 0 1 2

 0 2 3

 0 1 2

 0 2 3

 0 1 2

 0 2 3

 0 1 2

 0 2 3

 0 1 2

 0 2 3

 0 1 2

 0 2 3

 0 1 2

 0 2 3

 0 1 2

 0 2 3

 0 1 2

 0 2 3

 0 1 2

 0 2 3

 0 1 2

 0 2 3

 0 1 2

 0 2 3

 0 1 2

 0 2 3

 0 1 2

 0 2 3

 0 1 2

 0 2 3

 0 1 2

 0 2 3

 0 1 2

 0 2 3

 0 1 2

 0 2 3

 0 1 2

 0 2 3

 45 4 7

 45 7 46

 47 48 4

 47 4 45

 48 49 5

 48 5 4

 45 4 7

 45 7 46

 47 48 4

 47 4 45

 48 49 5

 48 5 4

 45 4 7

 45 7 46

 47 48 4

 47 4 45

 48 49 5

 48 5 4

 45 4 7

 45 7 46

 47 48 4

 47 4 45

 48 49 5

 48 5 4

 0 1 2

 0 2 3

 0 1 2

 0 2 3

 0 1 2

 0 2 3

 0 1 2

 0 2 3

 0 1 2

 0 2 3

 0 1 2

 0 2 3

 0 1 2

 0 2 3

 0 1 2

 0 2 3

 0 1 2

 0 2 3

 0 1 2

 0 2 3

 0 1 2

 0 2 3

 0 1 2

 0 2 3

 0 1 2

 0 2 3

 0 1 2

 0 2 3

 0 1 2

 0 2 3

 0 1 2

 0 2 3

 0 1 2

 0 2 3

 0 1 2

 0 2 3

 0 1 2

 0 2 3

 0 1 2

 0 2 3

 0 1 2

 0 2 3

 0 1 2

 0 2 3

 0 1 2

 0 2 3

 0 1 2

 0 2 3

 0 1 2

 0 2 3

 0 1 2

 0 2 3

 0 1 2

 0 2 3

 0 1 2

 0 2 3

 0 1 2

 0 2 3

 0 1 2

 0 2 3

 0 1 2

 0 2 3

 0 1 2

 0 2 3

 0 1 2

 0 2 3

 0 1 2

 0 2 3

 0 1 2

 0 2 3

 0 1 2

 0 2 3

 0 1 2

 0 2 3

 0 1 2

 0 2 3

 0 1 2

 0 2 3

 0 1 2

 0 2 3

 0 1 2

 0 2 3

 0 1 2

 0 2 3

 0 1 2

 0 2 3

 0 1 2

 0 2 3

 0 1 2

 0 2 3

 0 1 2

 0 2 3

 0 1 2

 0 2 3

 0 1 2

 0 2 3

 0 1 2

 0 2 3

 0 1 2

 0 2 3

 0 1 2

 0 2 3

 0 1 2

 0 2 3

 0 1 2

 0 2 3

 0 1 2

 0 2 3

 0 1 2

 0 2 3

 0 1 2

 0 2 3

 0 1 2

 0 2 3

 0 1 2

 0 2 3

 0 1 2

 0 2 3

 0 1 2

 0 2 3

 0 1 2

 0 2 3

 0 1 2

 0 2 3

 0 1 2

 0 2 3

 0 1 2

 0 2 3

 0 1 2

 0 2 3

 0 1 2

 0 2 3

 0 1 2

 0 2 3

 0 1 2

 0 2 3

 0 1 2

 0 2 3

 0 1 2

 0 2 3

 0 1 2

 0 2 3

 0 1 2

 0 2 3

 0 1 2

 0 2 3

 0 1 2

 0 2 3

 0 1 2

 0 2 3

 0 1 2

 0 2 3

 0 1 2

 0 2 3

 0 1 2

 0 2 3

 0 1 2

 0 2 3

 0 1 2

 0 2 3

 0 1 2

 0 2 3

 45 4 7

 45 7 46

 47 48 4

 47 4 45

 48 49 5

 48 5 4

 45 4 7

 45 7 46

 47 48 4

 47 4 45

 48 49 5

 48 5 4

 45 4 7

 45 7 46

 47 48 4

 47 4 45

 48 49 5

 48 5 4

 45 4 7

 45 7 46

 47 48 4

 47 4 45

 48 49 5

 48 5 4

 45 4 7

 45 7 46

 47 48 4

 47 4 45

 48 49 5

 48 5 4

 0 1 2

 0 2 3

 0 1 2

 0 2 3

 0 1 2

 0 2 3

 0 1 2

 0 2 3

 0 1 2

 0 2 3

 0 1 2

 0 2 3

 0 1 2

 0 2 3

 0 1 2

 0 2 3

 0 1 2

 0 2 3

 0 1 2

 0 2 3

 0 1 2

 0 2 3

 0 1 2

 0 2 3

 0 1 2

 0 2 3

 0 1 2

 0 2 3

 0 1 2

 0 2 3

 0 1 2

 0 2 3

 0 1 2

 0 2 3

 0 1 2

 0 2 3

 0 1 2

 0 2 3

 0 1 2

 0 2 3

 0 1 2

 0 2 3

 0 1 2

 0 2 3

 0 1 2

 0 2 3

 0 1 2

 0 2 3

 0 1 2

 0 2 3

 0 1 2

 0 2 3

 0 1 2

 0 2 3

 0 1 2

 0 2 3

 0 1 2

 0 2 3

 0 1 2

 0 2 3

 0 1 2

 0 2 3

 0 1 2

 0 2 3

 0 1 2

 0 2 3

 0 1 2

 0 2 3

 0 1 2

 0 2 3

 0 1 2

 0 2 3

 0 1 2

 0 2 3

 0 1 2

 0 2 3

 0 1 2

 0 2 3

 0 1 2

 0 2 3

 0 1 2

 0 2 3

 0 1 2

 0 2 3

 0 1 2

 0 2 3

 0 1 2

 0 2 3

 0 1 2

 0 2 3

 0 1 2

 0 2 3

 0 1 2

 0 2 3

 0 1 2

 0 2 3

 0 1 2

 0 2 3

 0 1 2

 0 2 3

 0 1 2

 0 2 3

 0 1 2

 0 2 3

 0 1 2

 0 2 3

 0 1 2

 0 2 3

 0 1 2

 0 2 3

 0 1 2

 0 2 3

 0 1 2

 0 2 3

 0 1 2

 0 2 3

 0 1 2

 0 2 3

 0 1 2

 0 2 3

 0 1 2

 0 2 3

 0 1 2

 0 2 3

 0 1 2

 0 2 3

 0 1 2

 0 2 3

 0 1 2

 0 2 3

 0 1 2

 0 2 3

 0 1 2

 0 2 3

 0 1 2

 0 2 3

 0 1 2

 0 2 3

 0 1 2

 0 2 3

 0 1 2

 0 2 3

 0 1 2

 0 2 3

 0 1 2

 0 2 3

 0 1 2

 0 2 3

 0 1 2

 0 2 3

 0 1 2

 0 2 3

 0 1 2

 0 2 3

 0 1 2

 0 2 3

 0 1 2

 0 2 3

 0 1 2

 0 2 3

 0 1 2

 0 2 3

 0 1 2

 0 2 3

 0 1 2

 0 2 3

 0 1 2

 0 2 3

 45 4 7

 45 7 46

 47 48 4

 47 4 45

 48 49 5

 48 5 4

 45 4 7

 45 7 46

 47 48 4

 47 4 45

 48 49 5

 48 5 4

 45 4 7

 45 7 46

 47 48 4

 47 4 45

 48 49 5

 48 5 4

 45 4 7

 45 7 46

 47 48 4

 47 4 45

 48 49 5

 48 5 4

 45 4 7

 45 7 46

 47 48 4

 47 4 45

 48 49 5

 48 5 4

 0 1 2

 0 2 3

 0 1 2

 0 2 3

 0 1 2

 0 2 3

 0 1 2

 0 2 3

 0 1 2

 0 2 3

 0 1 2

 0 2 3

 0 1 2

 0 2 3

 0 1 2

 0 2 3

 0 1 2

 0 2 3

 0 1 2

 0 2 3

 0 1 2

 0 2 3

 0 1 2

 0 2 3

 0 1 2

 0 2 3

 0 1 2

 0 2 3

 0 1 2

 0 2 3

 0 1 2

 0 2 3

 0 1 2

 0 2 3

 0 1 2

 0 2 3

 0 1 2

 0 2 3

 0 1 2

 0 2 3

 0 1 2

 0 2 3

 0 1 2

 0 2 3

 0 1 2

 0 2 3

 0 1 2

 0 2 3

 0 1 2

 0 2 3

 0 1 2

 0 2 3

 0 1 2

 0 2 3

 0 1 2

 0 2 3

 0 1 2

 0 2 3

 0 1 2

 0 2 3

 0 1 2

 0 2 3

 0 1 2

 0 2 3

 0 1 2

 0 2 3

 0 1 2

 0 2 3

 0 1 2

 0 2 3

 0 1 2

 0 2 3

 0 1 2

 0 2 3

 0 1 2

 0 2 3

 0 1 2

 0 2 3

 0 1 2

 0 2 3

 0 1 2

 0 2 3

 0 1 2

 0 2 3

 0 1 2

 0 2 3

 0 1 2

 0 2 3

 0 1 2

 0 2 3

 0 1 2

 0 2 3

 0 1 2

 0 2 3

 0 1 2

 0 2 3

 0 1 2

 0 2 3

 0 1 2

 0 2 3

 0 1 2

 0 2 3

 0 1 2

 0 2 3

 0 1 2

 0 2 3

 0 1 2

 0 2 3

 0 1 2

 0 2 3

 0 1 2

 0 2 3

 0 1 2

 0 2 3

 0 1 2

 0 2 3

 0 1 2

 0 2 3

 0 1 2

 0 2 3

 0 1 2

 0 2 3

 0 1 2

 0 2 3

 0 1 2

 0 2 3

 0 1 2

 0 2 3

 0 1 2

 0 2 3

 0 1 2

 0 2 3

 0 1 2

 0 2 3

 0 1 2

 0 2 3

 0 1 2

 0 2 3

 0 1 2

 0 2 3

 0 1 2

 0 2 3

 0 1 2

 0 2 3

 0 1 2

 0 2 3

 0 1 2

 0 2 3

 0 1 2

 0 2 3

 0 1 2

 0 2 3

 0 1 2

 0 2 3

 0 1 2

 0 2 3

 0 1 2

 0 2 3

 0 1 2

 0 2 3

 0 1 2

 0 2 3

 0 1 2

 0 2 3

 0 1 2

 0 2 3

 0 1 2

 0 2 3

 0 1 2

 0 2 3

 0 1 2

 0 2 3

 0 1 2

 0 2 3

 0 1 2

 0 2 3

 0 1 2

 0 2 3

 0 1 2

 0 2 3

 0 1 2

 0 2 3

 0 1 2

 0 2 3

 0 1 2

 0 2 3

 0 1 2

 0 2 3

 0 1 2

 0 2 3

 0 1 2

 0 2 3

 0 1 2

 0 2 3

 0 1 2

 0 2 3

 0 1 2

 0 2 3

 0 1 2

 0 2 3

 0 1 2

 0 2 3

 0 1 2

 0 2 3

 0 1 2

 0 2 3

 0 1 2

 0 2 3

 0 1 2

 0 2 3

 0 1 2

 0 2 3

 0 1 2

 0 2 3

 0 1 2

 0 2 3

 0 1 2

 0 2 3

 0 1 2

 0 2 3

 0 1 2

 0 2 3

 0 1 2

 0 2 3

 0 1 2

 0 2 3

 0 1 2

 0 2 3

 0 1 2

 0 2 3

 0 1 2

 0 2 3

 0 1 2

 0 2 3

 0 1 2

 0 2 3

 0 1 2

 0 2 3

 0 1 2

 0 2 3

 0 1 2

 0 2 3

 0 1 2

 0 2 3

 0 1 2

 0 2 3

 0 1 2

 0 2 3

 0 1 2

 0 2 3

 0 1 2

 0 2 3

 0 1 2

 0 2 3

 0 1 2

 0 2 3

 0 1 2

 0 2 3

 0 1 2

 0 2 3

 0 1 2

 0 2 3

 0 1 2

 0 2 3

 0 1 2

 0 2 3

 0 1 2

 0 2 3

 0 1 2

 0 2 3

 0 1 2

 0 2 3

 0 1 2

 0 2 3

 0 1 2

 0 2 3

 0 1 2

 0 2 3

 0 1 2

 0 2 3

 0 1 2

 0 2 3

 0 1 2

 0 2 3

 0 1 2

 0 2 3

 0 1 2

 0 2 3

 0 1 2

 0 2 3

 0 1 2

 0 2 3

 0 1 2

 0 2 3

 0 1 2

 0 2 3

 0 1 2

 0 2 3

 0 1 2

 0 2 3

 0 1 2

 0 2 3

 0 1 2

 0 2 3

 0 1 2

 0 2 3

 0 1 2

 0 2 3

 0 1 2

 0 2 3

 0 1 2

 0 2 3

 0 1 2

 0 2 3

 0 1 2

 0 2 3

 0 1 2

 0 2 3

 0 1 2

 0 2 3

 0 1 2

 0 2 3

 0 1 2

 0 2 3

 0 1 2

 0 2 3

 0 1 2

 0 2 3

 0 1 2

 0 2 3

 0 1 2

 0 2 3

 0 1 2

 0 2 3

 0 1 2

 0 2 3

 0 1 2

 0 2 3

 0 1 2

 0 2 3

 0 1 2

 0 2 3

 0 1 2

 0 2 3

 0 1 2

 0 2 3

 0 1 2

 0 2 3

 0 1 2

 0 2 3

 0 1 2

 0 2 3

 0 1 2

 0 2 3

 0 1 2

 0 2 3

 0 1 2

 0 2 3

 0 1 2

 0 2 3

 0 1 2

 0 2 3

 0 1 2

 0 2 3

 0 1 2

 0 2 3

 0 1 2

 0 2 3

 0 1 2

 0 2 3

 0 1 2

 0 2 3

 0 1 2

 0 2 3

 0 1 2

 0 2 3

 0 1 2

 0 2 3

 0 1 2

 0 2 3

 0 1 2

 0 2 3

 0 1 2

 0 2 3

 0 1 2

 0 2 3

 0 1 2

 0 2 3

 0 1 2

 0 2 3

 0 1 2

 0 2 3

 0 1 2

 0 2 3

 0 1 2

 0 2 3

 0 1 2

 0 2 3

 0 1 2

 0 2 3

 0 1 2

 0 2 3

 0 1 2

 0 2 3

 0 1 2

 0 2 3

 0 1 2

 0 2 3

 0 1 2

 0 2 3

 0 1 2

 0 2 3

 0 1 2

 0 2 3

 0 1 2

 0 2 3

 0 1 2

 0 2 3

 0 1 2

 0 2 3

 0 1 2

 0 2 3

 0 1 2

 0 2 3

 0 1 2

 0 2 3

 0 1 2

 0 2 3

 0 1 2

 0 2 3

 0 1 2

 0 2 3

 0 1 2

 0 2 3

 0 1 2

 0 2 3

 0 1 2

 0 2 3

 0 1 2

 0 2 3

 0 1 2

 0 2 3

 0 1 2

 0 2 3

 0 1 2

 0 2 3

 0 1 2

 0 2 3

 0 1 2

 0 2 3

 0 1 2

 0 2 3

 0 1 2

 0 2 3

 0 1 2

 0 2 3

 0 1 2

 0 2 3

 0 1 2

 0 2 3

 0 1 2

 0 2 3

 0 1 2

 0 2 3

 0 1 2

 0 2 3

 0 1 2

 0 2 3

 0 1 2

 0 2 3

 0 1 2

 0 2 3

 0 1 2

 0 2 3

 0 1 2

 0 2 3

 0 1 2

 0 2 3

 0 1 2

 0 2 3

 0 1 2

 0 2 3

 0 1 2

 0 2 3

 0 1 2

 0 2 3

 0 1 2

 0 2 3

 0 1 2

 0 2 3

 0 1 2

 0 2 3

 0 1 2

 0 2 3

 0 1 2

 0 2 3

 0 1 2

 0 2 3

 0 1 2

 0 2 3

 0 1 2

 0 2 3

 0 1 2

 0 2 3

 0 1 2

 0 2 3

 0 1 2

 0 2 3

 0 1 2

 0 2 3

 0 1 2

 0 2 3

 0 1 2

 0 2 3

 0 1 2

 0 2 3

 0 1 2

 0 2 3

 0 1 2

 0 2 3

 0 1 2

 0 2 3

 0 1 2

 0 2 3

 0 1 2

 0 2 3

 0 1 2

 0 2 3

 0 1 2

 0 2 3

 0 1 2

 0 2 3

 0 1 2

 0 2 3

 0 1 2

 0 2 3

 0 1 2

 0 2 3

 0 1 2

 0 2 3

 0 1 2

 0 2 3

 0 1 2

 0 2 3

 0 1 2

 0 2 3

 0 1 2

 0 2 3

 0 1 2

 0 2 3

 0 1 2

 0 2 3

 0 1 2

 0 2 3

 0 1 2

 0 2 3

 0 1 2

 0 2 3

 0 1 2

 0 2 3

 0 1 2

 0 2 3

 0 1 2

 0 2 3

 0 1 2

 0 2 3

 0 1 2

 0 2 3

 0 1 2

 0 2 3

 0 1 2

 0 2 3

 0 1 2

 0 2 3

 0 1 2

 0 2 3

 0 1 2

 0 2 3

 0 1 2

 0 2 3

 0 1 2

 0 2 3

 0 1 2

 0 2 3

 0 1 2

 0 2 3

 0 1 2

 0 2 3

 0 1 2

 0 2 3

 0 1 2

 0 2 3

 0 1 2

 0 2 3

 0 1 2

 0 2 3

 0 1 2

 0 2 3

 0 1 2

 0 2 3

 0 1 2

 0 2 3

 0 1 2

 0 2 3

 0 1 2

 0 2 3

 0 1 2

 0 2 3

 0 1 2

 0 2 3

 0 1 2

 0 2 3

 0 1 2

 0 2 3

 0 1 2

 0 2 3

 0 1 2

 0 2 3

 0 1 2

 0 2 3

 0 1 2

 0 2 3

 0 1 2

 0 2 3

 0 1 2

 0 2 3

 0 1 2

 0 2 3

 0 1 2

 0 2 3

 0 1 2

 0 2 3

 0 1 2

 0 2 3

 0 1 2

 0 2 3

 0 1 2

 0 2 3

 0 1 2

 0 2 3

 0 1 2

 0 2 3

 0 1 2

 0 2 3

 0 1 2

 0 2 3

 0 1 2

 0 2 3

 0 1 2

 0 2 3

 0 1 2

 0 2 3

 0 1 2

 0 2 3

 0 1 2

 0 2 3

 0 1 2

 0 2 3

 0 1 2

 0 2 3

 0 1 2

 0 2 3

 0 1 2

 0 2 3

 0 1 2

 0 2 3

 0 1 2

 0 2 3

 0 1 2

 0 2 3

 0 1 2

 0 2 3

 0 1 2

 0 2 3

 0 1 2

 0 2 3

 0 1 2

 0 2 3

 0 1 2

 0 2 3

 0 1 2

 0 2 3

 0 1 2

 0 2 3

 0 1 2

 0 2 3

 0 1 2

 0 2 3

 0 1 2

 0 2 3

 0 1 2

 0 2 3

 0 1 2

 0 2 3

 0 1 2

 0 2 3

 0 1 2

 0 2 3

 0 1 2

 0 2 3

 0 1 2

 0 2 3

 0 1 2

 0 2 3

 0 1 2

 0 2 3

 0 1 2

 0 2 3

 0 1 2

 0 2 3

 0 1 2

 0 2 3

 0 1 2

 0 2 3

 0 1 2

 0 2 3

 0 1 2

 0 2 3

 0 1 2

 0 2 3

 0 1 2

 0 2 3

 0 1 2

 0 2 3

 0 1 2

 0 2 3

 0 1 2

 0 2 3

 0 1 2

 0 2 3

 0 1 2

 0 2 3

 0 1 2

 0 2 3

 0 1 2

 0 2 3

 0 1 2

 0 2 3

 0 1 2

 0 2 3

 0 1 2

 0 2 3

 0 1 2

 0 2 3

 0 1 2

 0 2 3

 0 1 2

 0 2 3

 0 1 2

 0 2 3

 0 1 2

 0 2 3

 0 1 2

 0 2 3

 0 1 2

 0 2 3

 0 1 2

 0 2 3

 0 1 2

 0 2 3

 0 1 2

 0 2 3

 0 1 2

 0 2 3

 0 1 2

 0 2 3

 0 1 2

 0 2 3

 0 1 2

 0 2 3

 0 1 2

 0 2 3

 0 1 2

 0 2 3

 0 1 2

 0 2 3

 0 1 2

 0 2 3

 0 1 2

 0 2 3

 0 1 2

 0 2 3

 0 1 2

 0 2 3

 0 1 2

 0 2 3

 0 1 2

 0 2 3

 0 1 2

 0 2 3

 0 1 2

 0 2 3

 0 1 2

 0 2 3

 0 1 2

 0 2 3

 0 1 2

 0 2 3

 0 1 2

 0 2 3

 0 1 2

 0 2 3

 0 1 2

 0 2 3

 0 1 2

 0 2 3

 0 1 2

 0 2 3

 0 1 2

 0 2 3

 0 1 2

 0 2 3

 0 1 2

 0 2 3

 0 1 2

 0 2 3

 0 1 2

 0 2 3

 0 1 2

 0 2 3

 0 1 2

 0 2 3

 0 1 2

 0 2 3

 0 1 2

 0 2 3

 0 1 2

 0 2 3

 0 1 2

 0 2 3

 0 1 2

 0 2 3

 0 1 2

 0 2 3

 0 1 2

 0 2 3

 0 1 2

 0 2 3

 0 1 2

 0 2 3

 0 1 2

 0 2 3

 0 1 2

 0 2 3

 0 1 2

 0 2 3

 0 1 2

 0 2 3

 0 1 2

 0 2 3

 0 1 2

 0 2 3

 0 1 2

 0 2 3

 0 1 2

 0 2 3

 0 1 2

 0 2 3

 0 1 2

 0 2 3

 0 1 2

 0 2 3

 0 1 2

 0 2 3

 0 1 2

 0 2 3

 0 1 2

 0 2 3

 0 1 2

 0 2 3

 0 1 2

 0 2 3

 0 1 2

 0 2 3

 0 1 2

 0 2 3

 0 1 2

 0 2 3

 0 1 2

 0 2 3

 0 1 2

 0 2 3

 0 1 2

 0 2 3

 0 1 2

 0 2 3

 0 1 2

 0 2 3

 0 1 2

 0 2 3

 0 1 2

 0 2 3

 0 1 2

 0 2 3

 0 1 2

 0 2 3

 0 1 2

 0 2 3

 0 1 2

 0 2 3

 0 1 2

 0 2 3

 0 1 2

 0 2 3

 0 1 2

 0 2 3

 0 1 2

 0 2 3

 0 1 2

 0 2 3

 0 1 2

 0 2 3

 0 1 2

 0 2 3

 0 1 2

 0 2 3

 0 1 2

 0 2 3

 0 1 2

 0 2 3

 0 1 2

 0 2 3

 0 1 2

 0 2 3

 0 1 2

 0 2 3

 0 1 2

 0 2 3

 0 1 2

 0 2 3

 0 1 2

 0 2 3

 0 1 2

 0 2 3

 0 1 2

 0 2 3

 0 1 2

 0 2 3

 0 1 2

 0 2 3

 0 1 2

 0 2 3

 0 1 2

 0 2 3

 0 1 2

 0 2 3

 0 1 2

 0 2 3

 0 1 2

 0 2 3

 0 1 2

 0 2 3

 0 1 2

 0 2 3

 0 1 2

 0 2 3

 0 1 2

 0 2 3

 0 1 2

 0 2 3

 0 1 2

 0 2 3

 0 1 2

 0 2 3

 0 1 2

 0 2 3

 0 1 2

 0 2 3

 0 1 2

 0 2 3

 0 1 2

 0 2 3

 0 1 2

 0 2 3

 0 1 2

 0 2 3

 0 1 2

 0 2 3

 0 1 2

 0 2 3

 0 1 2

 0 2 3

 0 1 2

 0 2 3

 0 1 2

 0 2 3

 0 1 2

 0 2 3

 0 1 2

 0 2 3

 0 1 2

 0 2 3

 0 1 2

 0 2 3

 0 1 2

 0 2 3

 0 1 2

 0 2 3

 0 1 2

 0 2 3

 0 1 2

 0 2 3

 0 1 2

 0 2 3

 0 1 2

 0 2 3

 0 1 2

 0 2 3

 0 1 2

 0 2 3

 0 1 2

 0 2 3

 0 1 2

 0 2 3

 0 1 2

 0 2 3

 0 1 2

 0 2 3

 0 1 2

 0 2 3

 0 1 2

 0 2 3

 0 1 2

 0 2 3

 0 1 2

 0 2 3

 0 1 2

 0 2 3

 0 1 2

 0 2 3

 0 1 2

 0 2 3

 0 1 2

 0 2 3

 0 1 2

 0 2 3

 0 1 2

 0 2 3

 0 1 2

 0 2 3

 0 1 2

 0 2 3

 0 1 2

 0 2 3

 0 1 2

 0 2 3

 0 1 2

 0 2 3

 0 1 2

 0 2 3

 0 1 2

 0 2 3

 0 1 2

 0 2 3

 0 1 2

 0 2 3

 0 1 2

 0 2 3

 0 1 2

 0 2 3

 0 1 2

 0 2 3

 0 1 2

 0 2 3

 0 1 2

 0 2 3

 0 1 2

 0 2 3

 0 1 2

 0 2 3

 0 1 2

 0 2 3

 0 1 2

 0 2 3

 0 1 2

 0 2 3

 0 1 2

 0 2 3

 0 1 2

 0 2 3

 0 1 2

 0 2 3

 0 1 2

 0 2 3

 0 1 2

 0 2 3

 0 1 2

 0 2 3

 0 1 2

 0 2 3

 0 1 2

 0 2 3

 0 1 2

 0 2 3

 0 1 2

 0 2 3

 0 1 2

 0 2 3

 0 1 2

 0 2 3

 0 1 2

 0 2 3

 0 1 2

 0 2 3

 0 1 2

 0 2 3

 0 1 2

 0 2 3

 0 1 2

 0 2 3

 0 1 2

 0 2 3

 0 1 2

 0 2 3

 0 1 2

 0 2 3

 0 1 2

 0 2 3

 0 1 2

 0 2 3

 0 1 2

 0 2 3

 0 1 2

 0 2 3

 0 1 2

 0 2 3

 0 1 2

 0 2 3

 0 1 2

 0 2 3

 0 1 2

 0 2 3

 0 1 2

 0 2 3

 0 1 2

 0 2 3

 0 1 2

 0 2 3

 0 1 2

 0 2 3

 0 1 2

 0 2 3

 0 1 2

 0 2 3

 0 1 2

 0 2 3

 0 1 2

 0 2 3

 0 1 2

 0 2 3

 0 1 2

 0 2 3

 0 1 2

 0 2 3

 0 1 2

 0 2 3

 0 1 2

 0 2 3

 0 1 2

 0 2 3

 0 1 2

 0 2 3

 0 1 2

 0 2 3

 0 1 2

 0 2 3

 0 1 2

 0 2 3

 0 1 2

 0 2 3

 0 1 2

 0 2 3

 0 1 2

 0 2 3

 0 1 2

 0 2 3

 0 1 2

 0 2 3

 0 1 2

 0 2 3

 0 1 2

 0 2 3

 0 1 2

 0 2 3

 0 1 2

 0 2 3

 0 1 2

 0 2 3

 0 1 2

 0 2 3

 0 1 2

 0 2 3

 0 1 2

 0 2 3

 0 1 2

 0 2 3

 0 1 2

 0 2 3

 0 1 2

 0 2 3

 0 1 2

 0 2 3

 0 1 2

 0 2 3

 0 1 2

 0 2 3

 0 1 2

 0 2 3

 0 1 2

 0 2 3

 0 1 2

 0 2 3

 0 1 2

 0 2 3

 0 1 2

 0 2 3

 0 1 2

 0 2 3

 0 1 2

 0 2 3

 0 1 2

 0 2 3

 0 1 2

 0 2 3

 0 1 2

 0 2 3

 0 1 2

 0 2 3

 0 1 2

 0 2 3

 0 1 2

 0 2 3

 0 1 2

 0 2 3

 0 1 2

 0 2 3

 0 1 2

 0 2 3

 0 1 2

 0 2 3

 0 1 2

 0 2 3

 0 1 2

 0 2 3

 0 1 2

 0 2 3

 0 1 2

 0 2 3

 0 1 2

 0 2 3

 0 1 2

 0 2 3

 0 1 2

 0 2 3

 0 1 2

 0 2 3

 0 1 2

 0 2 3

 0 1 2

 0 2 3

 0 1 2

 0 2 3

 0 1 2

 0 2 3

 0 1 2

 0 2 3

 0 1 2

 0 2 3

 0 1 2

 0 2 3

 0 1 2

 0 2 3

 0 1 2

 0 2 3

 0 1 2

 0 2 3

 0 1 2

 0 2 3

 0 1 2

 0 2 3

 0 1 2

 0 2 3

 0 1 2

 0 2 3

 0 1 2

 0 2 3

 0 1 2

 0 2 3

 0 1 2

 0 2 3

 0 1 2

 0 2 3

 0 1 2

 0 2 3

 0 1 2

 0 2 3

 0 1 2

 0 2 3

 0 1 2

 0 2 3

 0 1 2

 0 2 3

 0 1 2

 0 2 3

 0 1 2

 0 2 3

 0 1 2

 0 2 3

 0 1 2

 0 2 3

 0 1 2

 0 2 3

 0 1 2

 0 2 3

 0 1 2

 0 2 3

 0 1 2

 0 2 3

 0 1 2

 0 2 3

 0 1 2

 0 2 3

 0 1 2

 0 2 3

 0 1 2

 0 2 3

 0 1 2

 0 2 3

 0 1 2

 0 2 3

 0 1 2

 0 2 3

 0 1 2

 0 2 3

 0 1 2

 0 2 3

 0 1 2

 0 2 3

 0 1 2

 0 2 3

 0 1 2

 0 2 3

 0 1 2

 0 2 3

 0 1 2

 0 2 3

 0 1 2

 0 2 3

 0 1 2

 0 2 3

 0 1 2

 0 2 3

 0 1 2

 0 2 3

 0 1 2

 0 2 3

 0 1 2

 0 2 3

 0 1 2

 0 2 3

 0 1 2

 0 2 3

 0 1 2

 0 2 3

 0 1 2

 0 2 3

 0 1 2

 0 2 3

 0 1 2

 0 2 3

 0 1 2

 0 2 3

 0 1 2

 0 2 3

 0 1 2

 0 2 3

 0 1 2

 0 2 3

 0 1 2

 0 2 3

 0 1 2

 0 2 3

 0 1 2

 0 2 3

 0 1 2

 0 2 3

 0 1 2

 0 2 3

 0 1 2

 0 2 3

 0 1 2

 0 2 3

 0 1 2

 0 2 3

 0 1 2

 0 2 3

 0 1 2

 0 2 3

 0 1 2

 0 2 3

 0 1 2

 0 2 3

 0 1 2

 0 2 3

 0 1 2

 0 2 3

 0 1 2

 0 2 3

 0 1 2

 0 2 3

 0 1 2

 0 2 3

 0 1 2

 0 2 3

 0 1 2

 0 2 3

 0 1 2

 0 2 3

 0 1 2

 0 2 3

 0 1 2

 0 2 3

 0 1 2

 0 2 3

 0 1 2

 0 2 3

 0 1 2

 0 2 3

 0 1 2

 0 2 3

 0 1 2

 0 2 3

 0 1 2

 0 2 3

 0 1 2

 0 2 3

 0 1 2

 0 2 3

 0 1 2

 0 2 3

 0 1 2

 0 2 3

 0 1 2

 0 2 3

 0 1 2

 0 2 3

 0 1 2

 0 2 3

 0 1 2

 0 2 3

 0 1 2

 0 2 3

 0 1 2

 0 2 3

 0 1 2

 0 2 3

 0 1 2

 0 2 3

 0 1 2

 0 2 3

 0 1 2

 0 2 3

 0 1 2

 0 2 3

 0 1 2

 0 2 3

 0 1 2

 0 2 3

 0 1 2

 0 2 3

 0 1 2

 0 2 3

 0 1 2

 0 2 3

 0 1 2

 0 2 3

 0 1 2

 0 2 3

 0 1 2

 0 2 3

 0 1 2

 0 2 3

 0 1 2

 0 2 3

 0 1 2

 0 2 3

 0 1 2

 0 2 3

 0 1 2

 0 2 3

 0 1 2

 0 2 3

 0 1 2

 0 2 3

 0 1 2

 0 2 3

 0 1 2

 0 2 3

 0 1 2

 0 2 3

 0 1 2

 0 2 3

 0 1 2

 0 2 3

 0 1 2

 0 2 3

 0 1 2

 0 2 3

 0 1 2

 0 2 3

 0 1 2

 0 2 3

 0 1 2

 0 2 3

 0 1 2

 0 2 3

 0 1 2

 0 2 3

 0 1 2

 0 2 3

 0 1 2

 0 2 3

 0 1 2

 0 2 3

 0 1 2

 0 2 3

 0 1 2

 0 2 3

 0 1 2

 0 2 3

 0 1 2

 0 2 3

 0 1 2

 0 2 3

 0 1 2

 0 2 3

 0 1 2

 0 2 3

 0 1 2

 0 2 3

 0 1 2

 0 2 3

 0 1 2

 0 2 3

 0 1 2

 0 2 3

 0 1 2

 0 2 3

 0 1 2

 0 2 3

 0 1 2

 0 2 3

 0 1 2

 0 2 3

 0 1 2

 0 2 3

 0 1 2

 0 2 3

 0 1 2

 0 2 3

 0 1 2

 0 2 3

 0 1 2

 0 2 3

 0 1 2

 0 2 3

 0 1 2

 0 2 3

 0 1 2

 0 2 3

 0 1 2

 0 2 3

 0 1 2

 0 2 3

 0 1 2

 0 2 3

 0 1 2

 0 2 3

 0 1 2

 0 2 3

 0 1 2

 0 2 3

 0 1 2

 0 2 3

 0 1 2

 0 2 3

 0 1 2

 0 2 3

 0 1 2

 0 2 3

 0 1 2

 0 2 3

 0 1 2

 0 2 3

 0 1 2

 0 2 3

 0 1 2

 0 2 3

 0 1 2

 0 2 3

 0 1 2

 0 2 3

 0 1 2

 0 2 3

 0 1 2

 0 2 3

 0 1 2

 0 2 3

 0 1 2

 0 2 3

 0 1 2

 0 2 3

 0 1 2

 0 2 3

 0 1 2

 0 2 3

 0 1 2

 0 2 3

 0 1 2

 0 2 3

 0 1 2

 0 2 3

 0 1 2

 0 2 3

 0 1 2

 0 2 3

 0 1 2

 0 2 3

 0 1 2

 0 2 3

 0 1 2

 0 2 3

 0 1 2

 0 2 3

 0 1 2

 0 2 3

 0 1 2

 0 2 3

 0 1 2

 0 2 3

 0 1 2

 0 2 3

 0 1 2

 0 2 3

 0 1 2

 0 2 3

 0 1 2

 0 2 3

 0 1 2

 0 2 3

 0 1 2

 0 2 3

 0 1 2

 0 2 3

 0 1 2

 0 2 3

 0 1 2

 0 2 3

 0 1 2

 0 2 3

 0 1 2

 0 2 3

 0 1 2

 0 2 3

 0 1 2

 0 2 3

 0 1 2

 0 2 3

 0 1 2

 0 2 3

 0 1 2

 0 2 3

 0 1 2

 0 2 3

 0 1 2

 0 2 3

 0 1 2

 0 2 3

 0 1 2

 0 2 3

 0 1 2

 0 2 3

 0 1 2

 0 2 3

 0 1 2

 0 2 3

 0 1 2

 0 2 3

 0 1 2

 0 2 3

 0 1 2

 0 2 3

 0 1 2

 0 2 3

 0 1 2

 0 2 3

 0 1 2

 0 2 3

 0 1 2

 0 2 3

 0 1 2

 0 2 3

 0 1 2

 0 2 3

 0 1 2

 0 2 3

 0 1 2

 0 2 3

 0 1 2

 0 2 3

 0 1 2

 0 2 3

 0 1 2

 0 2 3

 0 1 2

 0 2 3

 0 1 2

 0 2 3

 0 1 2

 0 2 3

 0 1 2

 0 2 3

 0 1 2

 0 2 3

 0 1 2

 0 2 3

 0 1 2

 0 2 3

 0 1 2

 0 2 3

 0 1 2

 0 2 3

 0 1 2

 0 2 3

 0 1 2

 0 2 3

 0 1 2

 0 2 3

 0 1 2

 0 2 3

 0 1 2

 0 2 3

 0 1 2

 0 2 3

 0 1 2

 0 2 3

 0 1 2

 0 2 3

 0 1 2

 0 2 3

 0 1 2

 0 2 3

 0 1 2

 0 2 3

 0 1 2

 0 2 3

 0 1 2

 0 2 3

 0 1 2

 0 2 3

 0 1 2

 0 2 3

 0 1 2

 0 2 3

 0 1 2

 0 2 3

 0 1 2

 0 2 3

 0 1 2

 0 2 3

 0 1 2

 0 2 3

 0 1 2

 0 2 3

 0 1 2

 0 2 3

 0 1 2

 0 2 3

 0 1 2

 0 2 3

 0 1 2

 0 2 3

 0 1 2

 0 2 3

 0 1 2

 0 2 3

 0 1 2

 0 2 3

 0 1 2

 0 2 3

 0 1 2

 0 2 3

 0 1 2

 0 2 3

 0 1 2

 0 2 3

 0 1 2

 0 2 3

 0 1 2

 0 2 3

 0 1 2

 0 2 3

 0 1 2

 0 2 3

 0 1 2

 0 2 3

 0 1 2

 0 2 3

 0 1 2

 0 2 3

 0 1 2

 0 2 3

 0 1 2

 0 2 3

 0 1 2

 0 2 3

 0 1 2

 0 2 3

 0 1 2

 0 2 3

 0 1 2

 0 2 3

 0 1 2

 0 2 3

 0 1 2

 0 2 3

 0 1 2

 0 2 3

 0 1 2

 0 2 3

 0 1 2

 0 2 3

 0 1 2

 0 2 3

 0 1 2

 0 2 3

 0 1 2

 0 2 3

 0 1 2

 0 2 3

 0 1 2

 0 2 3

 0 1 2

 0 2 3

 0 1 2

 0 2 3

 0 1 2

 0 2 3

 0 1 2

 0 2 3

 0 1 2

 0 2 3

 0 1 2

 0 2 3

 0 1 2

 0 2 3

 0 1 2

 0 2 3

 0 1 2

 0 2 3

 0 1 2

 0 2 3

 0 1 2

 0 2 3

 0 1 2

 0 2 3

 0 1 2

 0 2 3

 0 1 2

 0 2 3

 0 1 2

 0 2 3

 0 1 2

 0 2 3

 0 1 2

 0 2 3

 0 1 2

 0 2 3

 0 1 2

 0 2 3

 0 1 2

 0 2 3

 0 1 2

 0 2 3

 0 1 2

 0 2 3

 0 1 2

 0 2 3

 0 1 2

 0 2 3

 0 1 2

 0 2 3

 0 1 2

 0 2 3

 0 1 2

 0 2 3

 0 1 2

 0 2 3

 0 1 2

 0 2 3

 0 1 2

 0 2 3

 0 1 2

 0 2 3

 0 1 2

 0 2 3

 0 1 2

 0 2 3

 0 1 2

 0 2 3

 0 1 2

 0 2 3

 0 1 2

 0 2 3

 0 1 2

 0 2 3

 0 1 2

 0 2 3

 0 1 2

 0 2 3

 0 1 2

 0 2 3

 0 1 2

 0 2 3

 0 1 2

 0 2 3

 0 1 2

 0 2 3

 0 1 2

 0 2 3

 0 1 2

 0 2 3

 0 1 2

 0 2 3

 0 1 2

 0 2 3

 0 1 2

 0 2 3

 0 1 2

 0 2 3

 0 1 2

 0 2 3

 0 1 2

 0 2 3

 0 1 2

 0 2 3

 0 1 2

 0 2 3

 0 1 2

 0 2 3

 0 1 2

 0 2 3

 0 1 2

 0 2 3

 0 1 2

 0 2 3

 0 1 2

 0 2 3

 0 1 2

 0 2 3

 0 1 2

 0 2 3

 0 1 2

 0 2 3

 0 1 2

 0 2 3

 0 1 2

 0 2 3

 0 1 2

 0 2 3

 0 1 2

 0 2 3

 0 1 2

 0 2 3

 0 1 2

 0 2 3

 0 1 2

 0 2 3

 0 1 2

 0 2 3

 0 1 2

 0 2 3

 0 1 2

 0 2 3

 0 1 2

 0 2 3

 0 1 2

 0 2 3

 0 1 2

 0 2 3

 0 1 2

 0 2 3

 0 1 2

 0 2 3

 0 1 2

 0 2 3

 0 1 2

 0 2 3

 0 1 2

 0 2 3

 0 1 2

 0 2 3

 0 1 2

 0 2 3

 0 1 2

 0 2 3

 0 1 2

 0 2 3

 0 1 2

 0 2 3

 0 1 2

 0 2 3

 0 1 2

 0 2 3

 0 1 2

 0 2 3

 0 1 2

 0 2 3

 0 1 2

 0 2 3

 0 1 2

 0 2 3

 0 1 2

 0 2 3

 0 1 2

 0 2 3

 0 1 2

 0 2 3

 0 1 2

 0 2 3

 0 1 2

 0 2 3

 0 1 2

 0 2 3

 0 1 2

 0 2 3

 0 1 2

 0 2 3

 0 1 2

 0 2 3

 0 1 2

 0 2 3

 0 1 2

 0 2 3

 0 1 2

 0 2 3

 0 1 2

 0 2 3

 0 1 2

 0 2 3

 0 1 2

 0 2 3

 0 1 2

 0 2 3

 0 1 2

 0 2 3

 0 1 2

 0 2 3

 0 1 2

 0 2 3

 0 1 2

 0 2 3

 0 1 2

 0 2 3

 0 1 2

 0 2 3

 0 1 2

 0 2 3

 0 1 2

 0 2 3

 0 1 2

 0 2 3

 0 1 2

 0 2 3

 0 1 2

 0 2 3

 0 1 2

 0 2 3

 0 1 2

 0 2 3

 0 1 2

 0 2 3

 0 1 2

 0 2 3

 0 1 2

 0 2 3

 0 1 2

 0 2 3

 0 1 2

 0 2 3

 0 1 2

 0 2 3

 0 1 2

 0 2 3

 0 1 2

 0 2 3

 0 1 2

 0 2 3

 0 1 2

 0 2 3

 0 1 2

 0 2 3

 0 1 2

 0 2 3

 0 1 2

 0 2 3

 0 1 2

 0 2 3

 0 1 2

 0 2 3

 0 1 2

 0 2 3

 0 1 2

 0 2 3

 0 1 2

 0 2 3

 0 1 2

 0 2 3

 0 1 2

 0 2 3

 0 1 2

 0 2 3

 0 1 2

 0 2 3

 0 1 2

 0 2 3

 0 1 2

 0 2 3

 0 1 2

 0 2 3

 0 1 2

 0 2 3

 0 1 2

 0 2 3

 0 1 2

 0 2 3

 0 1 2

 0 2 3

 0 1 2

 0 2 3

 0 1 2

 0 2 3

 0 1 2

 0 2 3

 0 1 2

 0 2 3

 0 1 2

 0 2 3

 0 1 2

 0 2 3

 0 1 2

 0 2 3

 0 1 2

 0 2 3

 0 1 2

 0 2 3

 0 1 2

 0 2 3

 0 1 2

 0 2 3

 0 1 2

 0 2 3

 0 1 2

 0 2 3

 0 1 2

 0 2 3

 0 1 2

 0 2 3

 0 1 2

 0 2 3

 0 1 2

 0 2 3

 0 1 2

 0 2 3

 0 1 2

 0 2 3

 0 1 2

 0 2 3

 0 1 2

 0 2 3

 0 1 2

 0 2 3

 0 1 2

 0 2 3

 0 1 2

 0 2 3

 0 1 2

 0 2 3

 0 1 2

 0 2 3

 0 1 2

 0 2 3

 0 1 2

 0 2 3

 0 1 2

 0 2 3

 0 1 2

 0 2 3

 0 1 2

 0 2 3

 0 1 2

 0 2 3

 0 1 2

 0 2 3

 0 1 2

 0 2 3

 0 1 2

 0 2 3

 0 1 2

 0 2 3

 0 1 2

 0 2 3

 0 1 2

 0 2 3

 0 1 2

 0 2 3

 0 1 2

 0 2 3

 0 1 2

 0 2 3

 0 1 2

 0 2 3

 0 1 2

 0 2 3

 0 1 2

 0 2 3

 0 1 2

 0 2 3

 0 1 2

 0 2 3

 0 1 2

 0 2 3

 0 1 2

 0 2 3

 0 1 2

 0 2 3

 0 1 2

 0 2 3

 0 1 2

 0 2 3

 0 1 2

 0 2 3

 0 1 2

 0 2 3

 0 1 2

 0 2 3

 0 1 2

 0 2 3

 0 1 2

 0 2 3

 0 1 2

 0 2 3

 0 1 2

 0 2 3

 0 1 2

 0 2 3

 0 1 2

 0 2 3

 0 1 2

 0 2 3

 0 1 2

 0 2 3

 0 1 2

 0 2 3

 0 1 2

 0 2 3

 0 1 2

 0 2 3

 0 1 2

 0 2 3

 0 1 2

 0 2 3

 0 1 2

 0 2 3

 0 1 2

 0 2 3

 0 1 2

 0 2 3

 0 1 2

 0 2 3

 0 1 2

 0 2 3

 0 1 2

 0 2 3

 0 1 2

 0 2 3

 0 1 2

 0 2 3

 0 1 2

 0 2 3

 0 1 2

 0 2 3

 0 1 2

 0 2 3

 0 1 2

 0 2 3

 0 1 2

 0 2 3

 0 1 2

 0 2 3

 0 1 2

 0 2 3

 0 1 2

 0 2 3

 0 1 2

 0 2 3

 0 1 2

 0 2 3

 0 1 2

 0 2 3

 0 1 2

 0 2 3

 0 1 2

 0 2 3

 0 1 2

 0 2 3

 0 1 2

 0 2 3

 0 1 2

 0 2 3

 0 1 2

 0 2 3

 0 1 2

 0 2 3

 0 1 2

 0 2 3

 0 1 2

 0 2 3

 0 1 2

 0 2 3

 0 1 2

 0 2 3

 0 1 2

 0 2 3

 0 1 2

 0 2 3

 0 1 2

 0 2 3

 0 1 2

 0 2 3

 0 1 2

 0 2 3

 0 1 2

 0 2 3

 0 1 2

 0 2 3

 0 1 2

 0 2 3

 0 1 2

 0 2 3

 0 1 2

 0 2 3

 0 1 2

 0 2 3

 0 1 2

 0 2 3

 0 1 2

 0 2 3

 0 1 2

 0 2 3

 0 1 2

 0 2 3

 0 1 2

 0 2 3

 0 1 2

 0 2 3

 0 1 2

 0 2 3

 0 1 2

 0 2 3

 0 1 2

 0 2 3

 0 1 2

 0 2 3

 0 1 2

 0 2 3

 0 1 2

 0 2 3

 0 1 2

 0 2 3

 0 1 2

 0 2 3

 0 1 2

 0 2 3

 0 1 2

 0 2 3

 0 1 2

 0 2 3

 0 1 2

 0 2 3

 0 1 2

 0 2 3

 0 1 2

 0 2 3

 0 1 2

 0 2 3

 0 1 2

 0 2 3

 0 1 2

 0 2 3

 0 1 2

 0 2 3

 0 1 2

 0 2 3

 0 1 2

 0 2 3

 0 1 2

 0 2 3

 0 1 2

 0 2 3

 0 1 2

 0 2 3

 0 1 2

 0 2 3

 0 1 2

 0 2 3

 0 1 2

 0 2 3

 0 1 2

 0 2 3

 0 1 2

 0 2 3

 0 1 2

 0 2 3

 0 1 2

 0 2 3

 0 1 2

 0 2 3

 0 1 2

 0 2 3

 0 1 2

 0 2 3

 0 1 2

 0 2 3

 0 1 2

 0 2 3

 0 1 2

 0 2 3

 0 1 2

 0 2 3

 0 1 2

 0 2 3

 0 1 2

 0 2 3

 0 1 2

 0 2 3

 0 1 2

 0 2 3

 0 1 2

 0 2 3

 0 1 2

 0 2 3

 0 1 2

 0 2 3

 0 1 2

 0 2 3

 0 1 2

 0 2 3

 0 1 2

 0 2 3

 0 1 2

 0 2 3

 0 1 2

 0 2 3

 0 1 2

 0 2 3

 0 1 2

 0 2 3

 0 1 2

 0 2 3

 0 1 2

 0 2 3

 0 1 2

 0 2 3

 0 1 2

 0 2 3

 0 1 2

 0 2 3

 0 1 2

 0 2 3

 0 1 2

 0 2 3

 0 1 2

 0 2 3

 0 1 2

 0 2 3

 0 1 2

 0 2 3

 0 1 2

 0 2 3

 0 1 2

 0 2 3

 0 1 2

 0 2 3

 0 1 2

 0 2 3

 0 1 2

 0 2 3

 0 1 2

 0 2 3

 0 1 2

 0 2 3

 0 1 2

 0 2 3

 0 1 2

 0 2 3

 0 1 2

 0 2 3

 0 1 2

 0 2 3

 0 1 2

 0 2 3

 0 1 2

 0 2 3

 0 1 2

 0 2 3

 0 1 2

 0 2 3

 0 1 2

 0 2 3

 0 1 2

 0 2 3

 0 1 2

 0 2 3

 0 1 2

 0 2 3

 0 1 2

 0 2 3

 0 1 2

 0 2 3

 0 1 2

 0 2 3

 0 1 2

 0 2 3

 0 1 2

 0 2 3

 0 1 2

 0 2 3

 0 1 2

 0 2 3

 0 1 2

 0 2 3

 0 1 2

 0 2 3

 0 1 2

 0 2 3

 0 1 2

 0 2 3

 0 1 2

 0 2 3

 0 1 2

 0 2 3

 0 1 2

 0 2 3

 0 1 2

 0 2 3

 0 1 2

 0 2 3

 0 1 2

 0 2 3

 0 1 2

 0 2 3

 0 1 2

 0 2 3

 0 1 2

 0 2 3

 0 1 2

 0 2 3

 0 1 2

 0 2 3

 0 1 2

 0 2 3

 0 1 2

 0 2 3

 0 1 2

 0 2 3

 0 1 2

 0 2 3

 0 1 2

 0 2 3

 0 1 2

 0 2 3

 0 1 2

 0 2 3

 0 1 2

 0 2 3

 0 1 2

 0 2 3

 0 1 2

 0 2 3

 0 1 2

 0 2 3

 0 1 2

 0 2 3

 0 1 2

 0 2 3

 0 1 2

 0 2 3

 0 1 2

 0 2 3

 0 1 2

 0 2 3

 0 1 2

 0 2 3

 0 1 2

 0 2 3

 0 1 2

 0 2 3

 0 1 2

 0 2 3

 0 1 2

 0 2 3

 0 1 2

 0 2 3

 0 1 2

 0 2 3

 0 1 2

 0 2 3

 0 1 2

 0 2 3

 0 1 2

 0 2 3

 0 1 2

 0 2 3

 0 1 2

 0 2 3

 0 1 2

 0 2 3

 0 1 2

 0 2 3

 0 1 2

 0 2 3

 0 1 2

 0 2 3

 0 1 2

 0 2 3

 0 1 2

 0 2 3

 0 1 2

 0 2 3

 0 1 2

 0 2 3

 0 1 2

 0 2 3

 0 1 2

 0 2 3

 0 1 2

 0 2 3

 0 1 2

 0 2 3

 0 1 2

 0 2 3

 0 1 2

 0 2 3

 0 1 2

 0 2 3

 0 1 2

 0 2 3

 0 1 2

 0 2 3

 0 1 2

 0 2 3

 0 1 2

 0 2 3

 0 1 2

 0 2 3

 0 1 2

 0 2 3

 0 1 2

 0 2 3

 0 1 2

 0 2 3

 0 1 2

 0 2 3

 0 1 2

 0 2 3

 0 1 2

 0 2 3

 0 1 2

 0 2 3

 0 1 2

 0 2 3

 0 1 2

 0 2 3

 0 1 2

 0 2 3

 0 1 2

 0 2 3

 0 1 2

 0 2 3

 0 1 2

 0 2 3

 0 1 2

 0 2 3

 0 1 2

 0 2 3

 0 1 2

 0 2 3

 0 1 2

 0 2 3

 0 1 2

 0 2 3

 0 1 2

 0 2 3

 0 1 2

 0 2 3

 0 1 2

 0 2 3

 0 1 2

 0 2 3

 0 1 2

 0 2 3

 0 1 2

 0 2 3

 0 1 2

 0 2 3

 0 1 2

 0 2 3

 0 1 2

 0 2 3

 0 1 2

 0 2 3

 0 1 2

 0 2 3

 0 1 2

 0 2 3

 0 1 2

 0 2 3

 0 1 2

 0 2 3

 0 1 2

 0 2 3

 0 1 2

 0 2 3

 0 1 2

 0 2 3

 0 1 2

 0 2 3

 0 1 2

 0 2 3

 0 1 2

 0 2 3

 0 1 2

 0 2 3

 0 1 2

 0 2 3

 0 1 2

 0 2 3

 0 1 2

 0 2 3

 0 1 2

 0 2 3

 0 1 2

 0 2 3

 0 1 2

 0 2 3

 0 1 2

 0 2 3

 0 1 2

 0 2 3

 50 51 52

 50 52 53

 50 51 52

 50 52 53

 50 51 52

 50 52 53

 50 51 52

 50 52 53

 50 51 52

 50 52 53

 50 51 52

 50 52 53

 50 51 52

 50 52 53

 50 51 52

 50 52 53

 50 51 52

 50 52 53

 50 51 52

 50 52 53

 50 51 52

 50 52 53

 50 51 52

 50 52 53

 50 51 52

 50 52 53

 50 51 52

 50 52 53

 50 51 52

 50 52 53

 50 51 52

 50 52 53

 50 51 52

 50 52 53

 50 51 52

 50 52 53

 50 51 52

 50 52 53

 50 51 52

 50 52 53

 50 51 52

 50 52 53

 50 51 52

 50 52 53

 50 51 52

 50 52 53

 50 51 52

 50 52 53

 50 51 52

 50 52 53

 50 51 52

 50 52 53

 50 51 52

 50 52 53

 50 51 52

 50 52 53

 50 51 52

 50 52 53

 50 51 52

 50 52 53

 50 51 52

 50 52 53

 50 51 52

 50 52 53

 50 51 52

 50 52 53

 50 51 52

 50 52 53

 50 51 52

 50 52 53

 50 51 52

 50 52 53

 50 51 52

 50 52 53

 50 51 52

 50 52 53

 50 51 52

 50 52 53

 50 51 52

 50 52 53

 50 51 52

 50 52 53

 50 51 52

 50 52 53

 50 51 52

 50 52 53

 50 51 52

 50 52 53

 50 51 52

 50 52 53

 50 51 52

 50 52 53

 50 51 52

 50 52 53

 50 51 52

 50 52 53

 50 51 52

 50 52 53

 50 51 52

 50 52 53

 50 51 52

 50 52 53

 50 51 52

 50 52 53

 50 51 52

 50 52 53

 50 51 52

 50 52 53

 50 51 52

 50 52 53

 50 51 52

 50 52 53

 50 51 52

 50 52 53

 50 51 52

 50 52 53

 50 51 52

 50 52 53

 50 51 52

 50 52 53

 50 51 52

 50 52 53

 50 51 52

 50 52 53

 50 51 52

 50 52 53

 50 51 52

 50 52 53

 50 51 52

 50 52 53

 50 51 52

 50 52 53

 50 51 52

 50 52 53

 50 51 52

 50 52 53

 50 51 52

 50 52 53

 50 51 52

 50 52 53

 50 51 52

 50 52 53

 50 51 52

 50 52 53

 50 51 52

 50 52 53

 50 51 52

 50 52 53

 50 51 52

 50 52 53

 50 51 52

 50 52 53

 50 51 52

 50 52 53

 50 51 52

 50 52 53

 50 51 52

 50 52 53

 50 51 52

 50 52 53

 50 51 52

 50 52 53

 50 51 52

 50 52 53

 50 51 52

 50 52 53

 50 51 52

 50 52 53

 50 51 52

 50 52 53

 50 51 52

 50 52 53

 50 51 52

 50 52 53

 50 51 52

 50 52 53

 50 51 52

 50 52 53

 50 51 52

 50 52 53

 50 51 52

 50 52 53

 50 51 52

 50 52 53

 50 51 52

 50 52 53

 50 51 52

 50 52 53

 50 51 52

 50 52 53

 50 51 52

 50 52 53

 50 51 52

 50 52 53

 50 51 52

 50 52 53

 50 51 52

 50 52 53

 50 51 52

 50 52 53

 50 51 52

 50 52 53

 50 51 52

 50 52 53

 50 51 52

 50 52 53

 50 51 52

 50 52 53

 50 51 52

 50 52 53

 50 51 52

 50 52 53

 50 51 52

 50 52 53

 50 51 52

 50 52 53

 50 51 52

 50 52 53

 50 51 52

 50 52 53

 50 51 52

 50 52 53

 50 51 52

 50 52 53

 50 51 52

 50 52 53

 50 51 52

 50 52 53

 50 51 52

 50 52 53

 50 51 52

 50 52 53

 50 51 52

 50 52 53

 50 51 52

 50 52 53

 50 51 52

 50 52 53

 50 51 52

 50 52 53

 50 51 52

 50 52 53

 50 51 52

 50 52 53

 50 51 52

 50 52 53

 50 51 52

 50 52 53

 50 51 52

 50 52 53

 50 51 52

 50 52 53

 50 51 52

 50 52 53

 50 51 52

 50 52 53

 50 51 52

 50 52 53

 50 51 52

 50 52 53

 50 51 52

 50 52 53

 50 51 52

 50 52 53

 50 51 52

 50 52 53

 50 51 52

 50 52 53

 50 51 52

 50 52 53

 50 51 52

 50 52 53

 50 51 52

 50 52 53

 50 51 52

 50 52 53

 50 51 52

 50 52 53

 50 51 52

 50 52 53

 50 51 52

 50 52 53

 50 51 52

 50 52 53

 50 51 52

 50 52 53

 50 51 52

 50 52 53

 50 51 52

 50 52 53

 50 51 52

 50 52 53

 50 51 52

 50 52 53

 50 51 52

 50 52 53

 50 51 52

 50 52 53

 50 51 52

 50 52 53

 50 51 52

 50 52 53

 50 51 52

 50 52 53

 50 51 52

 50 52 53

 50 51 52

 50 52 53

 50 51 52

 50 52 53

 50 51 52

 50 52 53

 50 51 52

 50 52 53

 50 51 52

 50 52 53

 50 51 52

 50 52 53

 50 51 52

 50 52 53

 50 51 52

 50 52 53

 50 51 52

 50 52 53

 50 51 52

 50 52 53

 50 51 52

 50 52 53

 50 51 52

 50 52 53

 50 51 52

 50 52 53

 50 51 52

 50 52 53

 50 51 52

 50 52 53

 50 51 52

 50 52 53

 50 51 52

 50 52 53

 50 51 52

 50 52 53

 50 51 52

 50 52 53

 50 51 52

 50 52 53

 50 51 52

 50 52 53

 50 51 52

 50 52 53

 50 51 52

 50 52 53

 50 51 52

 50 52 53

 50 51 52

 50 52 53

 50 51 52

 50 52 53

 50 51 52

 50 52 53

 50 51 52

 50 52 53

 50 51 52

 50 52 53

 50 51 52

 50 52 53

 50 51 52

 50 52 53

 50 51 52

 50 52 53

 50 51 52

 50 52 53

 50 51 52

 50 52 53

 50 51 52

 50 52 53

 50 51 52

 50 52 53

 50 51 52

 50 52 53

 50 51 52

 50 52 53

 50 51 52

 50 52 53

 50 51 52

 50 52 53

 50 51 52

 50 52 53

 50 51 52

 50 52 53

 50 51 52

 50 52 53

 50 51 52

 50 52 53

 50 51 52

 50 52 53

 50 51 52

 50 52 53

 50 51 52

 50 52 53

 50 51 52

 50 52 53

 50 51 52

 50 52 53

 50 51 52

 50 52 53

 50 51 52

 50 52 53

 50 51 52

 50 52 53

 50 51 52

 50 52 53

 50 51 52

 50 52 53

 50 51 52

 50 52 53

 50 51 52

 50 52 53

 50 51 52

 50 52 53

 50 51 52

 50 52 53

 50 51 52

 50 52 53

 50 51 52

 50 52 53

 50 51 52

 50 52 53

 50 51 52

 50 52 53

 50 51 52

 50 52 53

 50 51 52

 50 52 53

 50 51 52

 50 52 53

 50 51 52

 50 52 53

 50 51 52

 50 52 53

 50 51 52

 50 52 53

 50 51 52

 50 52 53

 50 51 52

 50 52 53

 50 51 52

 50 52 53

 50 51 52

 50 52 53

 50 51 52

 50 52 53

 50 51 52

 50 52 53

 50 51 52

 50 52 53

 50 51 52

 50 52 53

 50 51 52

 50 52 53

 50 51 52

 50 52 53

 50 51 52

 50 52 53

 50 51 52

 50 52 53

 50 51 52

 50 52 53

 50 51 52

 50 52 53

 50 51 52

 50 52 53

 50 51 52

 50 52 53

 50 51 52

 50 52 53

 50 51 52

 50 52 53

 50 51 52

 50 52 53

 50 51 52

 50 52 53

 50 51 52

 50 52 53

 50 51 52

 50 52 53

 50 51 52

 50 52 53

 50 51 52

 50 52 53

 50 51 52

 50 52 53

 50 51 52

 50 52 53

 50 51 52

 50 52 53

 50 51 52

 50 52 53

 50 51 52

 50 52 53

 50 51 52

 50 52 53

 50 51 52

 50 52 53

 50 51 52

 50 52 53

 50 51 52

 50 52 53

 50 51 52

 50 52 53

 50 51 52

 50 52 53

 50 51 52

 50 52 53

 50 51 52

 50 52 53

 50 51 52

 50 52 53

 50 51 52

 50 52 53

 50 51 52

 50 52 53

 50 51 52

 50 52 53

 50 51 52

 50 52 53

 50 51 52

 50 52 53

 50 51 52

 50 52 53

 50 51 52

 50 52 53

 50 51 52

 50 52 53

 50 51 52

 50 52 53

 50 51 52

 50 52 53

 50 51 52

 50 52 53

 50 51 52

 50 52 53

 50 51 52

 50 52 53

 50 51 52

 50 52 53

 50 51 52

 50 52 53

 50 51 52

 50 52 53

 50 51 52

 50 52 53

 50 51 52

 50 52 53

 50 51 52

 50 52 53

 50 51 52

 50 52 53

 50 51 52

 50 52 53

 50 51 52

 50 52 53

 50 51 52

 50 52 53

 50 51 52

 50 52 53

 50 51 52

 50 52 53

 50 51 52

 50 52 53

 50 51 52

 50 52 53

 50 51 52

 50 52 53

 50 51 52

 50 52 53

 50 51 52

 50 52 53

 50 51 52

 50 52 53

 50 51 52

 50 52 53

 50 51 52

 50 52 53

 50 51 52

 50 52 53

 50 51 52

 50 52 53

 50 51 52

 50 52 53

 50 51 52

 50 52 53

 50 51 52

 50 52 53

 50 51 52

 50 52 53

 50 51 52

 50 52 53

 50 51 52

 50 52 53

 50 51 52

 50 52 53

 50 51 52

 50 52 53

 50 51 52

 50 52 53

 50 51 52

 50 52 53

 50 51 52

 50 52 53

 50 51 52

 50 52 53

 50 51 52

 50 52 53

 50 51 52

 50 52 53

 50 51 52

 50 52 53

 50 51 52

 50 52 53

 50 51 52

 50 52 53

 50 51 52

 50 52 53

 50 51 52

 50 52 53

 50 51 52

 50 52 53

 50 51 52

 50 52 53

 50 51 52

 50 52 53

 50 51 52

 50 52 53

 50 51 52

 50 52 53

 50 51 52

 50 52 53

 50 51 52

 50 52 53

 50 51 52

 50 52 53

 50 51 52

 50 52 53

 50 51 52

 50 52 53

 50 51 52

 50 52 53

 50 51 52

 50 52 53

 50 51 52

 50 52 53

 50 51 52

 50 52 53

 50 51 52

 50 52 53

 50 51 52

 50 52 53

 50 51 52

 50 52 53

 50 51 52

 50 52 53

 50 51 52

 50 52 53

 50 51 52

 50 52 53

 50 51 52

 50 52 53

 50 51 52

 50 52 53

 50 51 52

 50 52 53

 50 51 52

 50 52 53

 50 51 52

 50 52 53

 50 51 52

 50 52 53

 50 51 52

 50 52 53

 50 51 52

 50 52 53

 50 51 52

 50 52 53

 50 51 52

 50 52 53

 50 51 52

 50 52 53

 50 51 52

 50 52 53

 50 51 52

 50 52 53

 50 51 52

 50 52 53

 50 51 52

 50 52 53

 50 51 52

 50 52 53

 50 51 52

 50 52 53

 50 51 52

 50 52 53

 50 51 52

 50 52 53

 50 51 52

 50 52 53

 50 51 52

 50 52 53

 50 51 52

 50 52 53

 50 51 52

 50 52 53

 50 51 52

 50 52 53

 50 51 52

 50 52 53

 50 51 52

 50 52 53

 50 51 52

 50 52 53

 50 51 52

 50 52 53

 50 51 52

 50 52 53

 50 51 52

 50 52 53

 50 51 52

 50 52 53

 50 51 52

 50 52 53

 50 51 52

 50 52 53

 50 51 52

 50 52 53

 50 51 52

 50 52 53

 50 51 52

 50 52 53

 50 51 52

 50 52 53

 50 51 52

 50 52 53

 50 51 52

 50 52 53

 50 51 52

 50 52 53

 50 51 52

 50 52 53

 50 51 52

 50 52 53

 50 51 52

 50 52 53

 50 51 52

 50 52 53

 50 51 52

 50 52 53

 50 51 52

 50 52 53

 50 51 52

 50 52 53

 50 51 52

 50 52 53

 50 51 52

 50 52 53

 50 51 52

 50 52 53

 50 51 52

 50 52 53

 50 51 52

 50 52 53

 50 51 52

 50 52 53

 50 51 52

 50 52 53

 50 51 52

 50 52 53

 50 51 52

 50 52 53

 50 51 52

 50 52 53

 50 51 52

 50 52 53

 50 51 52

 50 52 53

 50 51 52

 50 52 53

 50 51 52

 50 52 53

 50 51 52

 50 52 53

 50 51 52

 50 52 53

 50 51 52

 50 52 53

 50 51 52

 50 52 53

 50 51 52

 50 52 53

 50 51 52

 50 52 53

 50 51 52

 50 52 53

 50 51 52

 50 52 53

 50 51 52

 50 52 53

 50 51 52

 50 52 53

 50 51 52

 50 52 53

 50 51 52

 50 52 53

 50 51 52

 50 52 53

 50 51 52

 50 52 53

 50 51 52

 50 52 53

 50 51 52

 50 52 53

 50 51 52

 50 52 53

 50 51 52

 50 52 53

 50 51 52

 50 52 53

 50 51 52

 50 52 53

 50 51 52

 50 52 53

 50 51 52

 50 52 53

 50 51 52

 50 52 53

 50 51 52

 50 52 53

 50 51 52

 50 52 53

 50 51 52

 50 52 53

 50 51 52

 50 52 53

 50 51 52

 50 52 53

 50 51 52

 50 52 53

 50 51 52

 50 52 53

 50 51 52

 50 52 53

 50 51 52

 50 52 53

 50 51 52

 50 52 53

 50 51 52

 50 52 53

 50 51 52

 50 52 53

 50 51 52

 50 52 53

 50 51 52

 50 52 53

 50 51 52

 50 52 53

 50 51 52

 50 52 53

 50 51 52

 50 52 53

 50 51 52

 50 52 53

 50 51 52

 50 52 53

 50 51 52

 50 52 53

 50 51 52

 50 52 53

 50 51 52

 50 52 53

 50 51 52

 50 52 53

 50 51 52

 50 52 53

 50 51 52

 50 52 53

 50 51 52

 50 52 53

 50 51 52

 50 52 53

 50 51 52

 50 52 53

 50 51 52

 50 52 53

 50 51 52

 50 52 53

 50 51 52

 50 52 53

 50 51 52

 50 52 53

 50 51 52

 50 52 53

 50 51 52

 50 52 53

 50 51 52

 50 52 53

 50 51 52

 50 52 53

 50 51 52

 50 52 53

 50 51 52

 50 52 53

 50 51 52

 50 52 53

 50 51 52

 50 52 53

 50 51 52

 50 52 53

 50 51 52

 50 52 53

 50 51 52

 50 52 53

 50 51 52

 50 52 53

 50 51 52

 50 52 53

 50 51 52

 50 52 53

 50 51 52

 50 52 53

 50 51 52

 50 52 53

 50 51 52

 50 52 53

 50 51 52

 50 52 53

 50 51 52

 50 52 53

 50 51 52

 50 52 53

 50 51 52

 50 52 53

 50 51 52

 50 52 53

 50 51 52

 50 52 53

 50 51 52

 50 52 53

 50 51 52

 50 52 53

 50 51 52

 50 52 53

 50 51 52

 50 52 53

 50 51 52

 50 52 53

 50 51 52

 50 52 53

 50 51 52

 50 52 53

 50 51 52

 50 52 53

 50 51 52

 50 52 53

 50 51 52

 50 52 53

 50 51 52

 50 52 53

 50 51 52

 50 52 53

 50 51 52

 50 52 53

 50 51 52

 50 52 53

 50 51 52

 50 52 53

 50 51 52

 50 52 53

 50 51 52

 50 52 53

 50 51 52

 50 52 53

 50 51 52

 50 52 53

 50 51 52

 50 52 53

 50 51 52

 50 52 53

 50 51 52

 50 52 53

 50 51 52

 50 52 53

 50 51 52

 50 52 53

 50 51 52

 50 52 53

 50 51 52

 50 52 53

 50 51 52

 50 52 53

 50 51 52

 50 52 53

 50 51 52

 50 52 53

 50 51 52

 50 52 53

 50 51 52

 50 52 53

 50 51 52

 50 52 53

 50 51 52

 50 52 53

 50 51 52

 50 52 53

 50 51 52

 50 52 53

 50 51 52

 50 52 53

 50 51 52

 50 52 53

 50 51 52

 50 52 53

 50 51 52

 50 52 53

 50 51 52

 50 52 53

 50 51 52

 50 52 53

 50 51 52

 50 52 53

 50 51 52

 50 52 53

 50 51 52

 50 52 53

 50 51 52

 50 52 53

 50 51 52

 50 52 53

 50 51 52

 50 52 53

 50 51 52

 50 52 53

 50 51 52

 50 52 53

 50 51 52

 50 52 53

 50 51 52

 50 52 53

 50 51 52

 50 52 53

 50 51 52

 50 52 53

 50 51 52

 50 52 53

 50 51 52

 50 52 53

 50 51 52

 50 52 53

 50 51 52

 50 52 53

 50 51 52

 50 52 53

 50 51 52

 50 52 53

 50 51 52

 50 52 53

 50 51 52

 50 52 53

 50 51 52

 50 52 53

 50 51 52

 50 52 53

 50 51 52

 50 52 53

 50 51 52

 50 52 53

 50 51 52

 50 52 53

 50 51 52

 50 52 53

 50 51 52

 50 52 53

 50 51 52

 50 52 53

 50 51 52

 50 52 53

 50 51 52

 50 52 53

 50 51 52

 50 52 53

 50 51 52

 50 52 53

 50 51 52

 50 52 53

 50 51 52

 50 52 53

 50 51 52

 50 52 53

 50 51 52

 50 52 53

 50 51 52

 50 52 53

 50 51 52

 50 52 53

 50 51 52

 50 52 53

 54 55 56

 54 56 57

 54 55 56

 54 56 57

 54 55 56

 54 56 57

 54 55 56

 54 56 57

 54 55 56

 54 56 57

 54 55 56

 54 56 57

 54 55 56

 54 56 57

 54 55 56

 54 56 57

 54 55 56

 54 56 57

 54 55 56

 54 56 57

 54 55 56

 54 56 57

 54 55 56

 54 56 57

 54 55 56

 54 56 57

 54 55 56

 54 56 57

 54 55 56

 54 56 57

 54 55 56

 54 56 57

 54 55 56

 54 56 57

 54 55 56

 54 56 57

 54 55 56

 54 56 57

 54 55 56

 54 56 57

 54 55 56

 54 56 57

 54 55 56

 54 56 57

 54 55 56

 54 56 57

 54 55 56

 54 56 57

 54 55 56

 54 56 57

 54 55 56

 54 56 57

 54 55 56

 54 56 57

 54 55 56

 54 56 57

 54 55 56

 54 56 57

 54 55 56

 54 56 57

 54 55 56

 54 56 57

 54 55 56

 54 56 57

 54 55 56

 54 56 57

 54 55 56

 54 56 57

 54 55 56

 54 56 57

 54 55 56

 54 56 57

 54 55 56

 54 56 57

 54 55 56

 54 56 57

 54 55 56

 54 56 57

 54 55 56

 54 56 57

 54 55 56

 54 56 57

 54 55 56

 54 56 57

 54 55 56

 54 56 57

 54 55 56

 54 56 57

 54 55 56

 54 56 57

 54 55 56

 54 56 57

 54 55 56

 54 56 57

 54 55 56

 54 56 57

 54 55 56

 54 56 57

 54 55 56

 54 56 57

 54 55 56

 54 56 57

 54 55 56

 54 56 57

 54 55 56

 54 56 57

 54 55 56

 54 56 57

 54 55 56

 54 56 57

 54 55 56

 54 56 57

 54 55 56

 54 56 57

 54 55 56

 54 56 57

 54 55 56

 54 56 57

 54 55 56

 54 56 57

 54 55 56

 54 56 57

 54 55 56

 54 56 57

 54 55 56

 54 56 57

 54 55 56

 54 56 57

 54 55 56

 54 56 57

 54 55 56

 54 56 57

 54 55 56

 54 56 57

 54 55 56

 54 56 57

 54 55 56

 54 56 57

 54 55 56

 54 56 57

 54 55 56

 54 56 57

 54 55 56

 54 56 57

 54 55 56

 54 56 57

 54 55 56

 54 56 57

 54 55 56

 54 56 57

 54 55 56

 54 56 57

 54 55 56

 54 56 57

 54 55 56

 54 56 57

 54 55 56

 54 56 57

 54 55 56

 54 56 57

 54 55 56

 54 56 57

 54 55 56

 54 56 57

 54 55 56

 54 56 57

 54 55 56

 54 56 57

 54 55 56

 54 56 57

 54 55 56

 54 56 57

 54 55 56

 54 56 57

 54 55 56

 54 56 57

 54 55 56

 54 56 57

 54 55 56

 54 56 57

 54 55 56

 54 56 57

 54 55 56

 54 56 57

 54 55 56

 54 56 57

 54 55 56

 54 56 57

 54 55 56

 54 56 57

 54 55 56

 54 56 57

 54 55 56

 54 56 57

 54 55 56

 54 56 57

 54 55 56

 54 56 57

 54 55 56

 54 56 57

 54 55 56

 54 56 57

 54 55 56

 54 56 57

 54 55 56

 54 56 57

 54 55 56

 54 56 57

 54 55 56

 54 56 57

 54 55 56

 54 56 57

 54 55 56

 54 56 57

 54 55 56

 54 56 57

 54 55 56

 54 56 57

 54 55 56

 54 56 57

 54 55 56

 54 56 57

 54 55 56

 54 56 57

 54 55 56

 54 56 57

 54 55 56

 54 56 57

 54 55 56

 54 56 57

 54 55 56

 54 56 57

 54 55 56

 54 56 57

 54 55 56

 54 56 57

 54 55 56

 54 56 57

 54 55 56

 54 56 57

 54 55 56

 54 56 57

 54 55 56

 54 56 57

 54 55 56

 54 56 57

 54 55 56

 54 56 57

 54 55 56

 54 56 57

 54 55 56

 54 56 57

 54 55 56

 54 56 57

 54 55 56

 54 56 57

 54 55 56

 54 56 57

 54 55 56

 54 56 57

 54 55 56

 54 56 57

 54 55 56

 54 56 57

 54 55 56

 54 56 57

 54 55 56

 54 56 57

 54 55 56

 54 56 57

 54 55 56

 54 56 57

 54 55 56

 54 56 57

 54 55 56

 54 56 57

 54 55 56

 54 56 57

 54 55 56

 54 56 57

 54 55 56

 54 56 57

 54 55 56

 54 56 57

 54 55 56

 54 56 57

 54 55 56

 54 56 57

 54 55 56

 54 56 57

 54 55 56

 54 56 57

 54 55 56

 54 56 57

 54 55 56

 54 56 57

 54 55 56

 54 56 57

 54 55 56

 54 56 57

 54 55 56

 54 56 57

 54 55 56

 54 56 57

 54 55 56

 54 56 57

 54 55 56

 54 56 57

 54 55 56

 54 56 57

 54 55 56

 54 56 57

 54 55 56

 54 56 57

 54 55 56

 54 56 57

 54 55 56

 54 56 57

 54 55 56

 54 56 57

 54 55 56

 54 56 57

 54 55 56

 54 56 57

 54 55 56

 54 56 57

 54 55 56

 54 56 57

 54 55 56

 54 56 57

 54 55 56

 54 56 57

 54 55 56

 54 56 57

 54 55 56

 54 56 57

 54 55 56

 54 56 57

 54 55 56

 54 56 57

 54 55 56

 54 56 57

 54 55 56

 54 56 57

 54 55 56

 54 56 57

 54 55 56

 54 56 57

 54 55 56

 54 56 57

 54 55 56

 54 56 57

 54 55 56

 54 56 57

 54 55 56

 54 56 57

 54 55 56

 54 56 57

 54 55 56

 54 56 57

 54 55 56

 54 56 57

 54 55 56

 54 56 57

 54 55 56

 54 56 57

 54 55 56

 54 56 57

 54 55 56

 54 56 57

 54 55 56

 54 56 57

 54 55 56

 54 56 57

 54 55 56

 54 56 57

 54 55 56

 54 56 57

 54 55 56

 54 56 57

 54 55 56

 54 56 57

 54 55 56

 54 56 57

 54 55 56

 54 56 57

 54 55 56

 54 56 57

 54 55 56

 54 56 57

 54 55 56

 54 56 57

 54 55 56

 54 56 57

 54 55 56

 54 56 57

 54 55 56

 54 56 57

 54 55 56

 54 56 57

 54 55 56

 54 56 57

 54 55 56

 54 56 57

 54 55 56

 54 56 57

 54 55 56

 54 56 57

 54 55 56

 54 56 57

 54 55 56

 54 56 57

 54 55 56

 54 56 57

 54 55 56

 54 56 57

 54 55 56

 54 56 57

 54 55 56

 54 56 57

 54 55 56

 54 56 57

 54 55 56

 54 56 57

 54 55 56

 54 56 57

 54 55 56

 54 56 57

 54 55 56

 54 56 57

 54 55 56

 54 56 57

 54 55 56

 54 56 57

 54 55 56

 54 56 57

 54 55 56

 54 56 57

 54 55 56

 54 56 57

 54 55 56

 54 56 57

 54 55 56

 54 56 57

 54 55 56

 54 56 57

 54 55 56

 54 56 57

 54 55 56

 54 56 57

 54 55 56

 54 56 57

 54 55 56

 54 56 57

 54 55 56

 54 56 57

 54 55 56

 54 56 57

 54 55 56

 54 56 57

 54 55 56

 54 56 57

 54 55 56

 54 56 57

 54 55 56

 54 56 57

 54 55 56

 54 56 57

 54 55 56

 54 56 57

 54 55 56

 54 56 57

 54 55 56

 54 56 57

 54 55 56

 54 56 57

 54 55 56

 54 56 57

 54 55 56

 54 56 57

 54 55 56

 54 56 57

 54 55 56

 54 56 57

 54 55 56

 54 56 57

 54 55 56

 54 56 57

 54 55 56

 54 56 57

 54 55 56

 54 56 57

 54 55 56

 54 56 57

 54 55 56

 54 56 57

 54 55 56

 54 56 57

 54 55 56

 54 56 57

 54 55 56

 54 56 57

 54 55 56

 54 56 57

 54 55 56

 54 56 57

 54 55 56

 54 56 57

 54 55 56

 54 56 57

 54 55 56

 54 56 57

 54 55 56

 54 56 57

 54 55 56

 54 56 57

 54 55 56

 54 56 57

 54 55 56

 54 56 57

 54 55 56

 54 56 57

 54 55 56

 54 56 57

 54 55 56

 54 56 57

 54 55 56

 54 56 57

 54 55 56

 54 56 57

 54 55 56

 54 56 57

 54 55 56

 54 56 57

 54 55 56

 54 56 57

 54 55 56

 54 56 57

 54 55 56

 54 56 57

 54 55 56

 54 56 57

 54 55 56

 54 56 57

 54 55 56

 54 56 57

 54 55 56

 54 56 57

 54 55 56

 54 56 57

 54 55 56

 54 56 57

 54 55 56

 54 56 57

 54 55 56

 54 56 57

 54 55 56

 54 56 57

 54 55 56

 54 56 57

 54 55 56

 54 56 57

 54 55 56

 54 56 57

 54 55 56

 54 56 57

 54 55 56

 54 56 57

 54 55 56

 54 56 57

 54 55 56

 54 56 57

 54 55 56

 54 56 57

 54 55 56

 54 56 57

 54 55 56

 54 56 57

 54 55 56

 54 56 57

 54 55 56

 54 56 57

 54 55 56

 54 56 57

 54 55 56

 54 56 57

 54 55 56

 54 56 57

 54 55 56

 54 56 57

 54 55 56

 54 56 57

 54 55 56

 54 56 57

 54 55 56

 54 56 57

 54 55 56

 54 56 57

 54 55 56

 54 56 57

 54 55 56

 54 56 57

 54 55 56

 54 56 57

 54 55 56

 54 56 57

 54 55 56

 54 56 57

 54 55 56

 54 56 57

 54 55 56

 54 56 57

 54 55 56

 54 56 57

 54 55 56

 54 56 57

 54 55 56

 54 56 57

 54 55 56

 54 56 57

 54 55 56

 54 56 57

 54 55 56

 54 56 57

 54 55 56

 54 56 57

 54 55 56

 54 56 57

 54 55 56

 54 56 57

 54 55 56

 54 56 57

 54 55 56

 54 56 57

 54 55 56

 54 56 57

 54 55 56

 54 56 57

 54 55 56

 54 56 57

 54 55 56

 54 56 57

 54 55 56

 54 56 57

 54 55 56

 54 56 57

 54 55 56

 54 56 57

 54 55 56

 54 56 57

 54 55 56

 54 56 57

 54 55 56

 54 56 57

 54 55 56

 54 56 57

 54 55 56

 54 56 57

 54 55 56

 54 56 57

 54 55 56

 54 56 57

 54 55 56

 54 56 57

 54 55 56

 54 56 57

 54 55 56

 54 56 57

 54 55 56

 54 56 57

 54 55 56

 54 56 57

 54 55 56

 54 56 57

 54 55 56

 54 56 57

 54 55 56

 54 56 57

 54 55 56

 54 56 57

 54 55 56

 54 56 57

 54 55 56

 54 56 57

 54 55 56

 54 56 57

 54 55 56

 54 56 57

 54 55 56

 54 56 57

 54 55 56

 54 56 57

 54 55 56

 54 56 57

 54 55 56

 54 56 57

 54 55 56

 54 56 57

 54 55 56

 54 56 57

 54 55 56

 54 56 57

 54 55 56

 54 56 57

 54 55 56

 54 56 57

 54 55 56

 54 56 57

 54 55 56

 54 56 57

 54 55 56

 54 56 57

 54 55 56

 54 56 57

 54 55 56

 54 56 57

 54 55 56

 54 56 57

 54 55 56

 54 56 57

 54 55 56

 54 56 57

 54 55 56

 54 56 57

 54 55 56

 54 56 57

 54 55 56

 54 56 57

 54 55 56

 54 56 57

 54 55 56

 54 56 57

 54 55 56

 54 56 57

 54 55 56

 54 56 57

 54 55 56

 54 56 57

 54 55 56

 54 56 57

 54 55 56

 54 56 57

 54 55 56

 54 56 57

 54 55 56

 54 56 57

 54 55 56

 54 56 57

 54 55 56

 54 56 57

 54 55 56

 54 56 57

 54 55 56

 54 56 57

 54 55 56

 54 56 57

 54 55 56

 54 56 57

 54 55 56

 54 56 57

 58 59 60

 58 60 61

 62 63 60

 62 60 61

 62 63 60

 62 60 61

 62 63 60

 62 60 61

 62 63 60

 62 60 61

 62 63 60

 62 60 61

 62 63 60

 62 60 61

 62 63 60

 62 60 61

 62 63 60

 62 60 61

 62 63 60

 62 60 61

 64 1 65

 64 65 3

 66 67 68

 68 69 70

 70 71 72

 72 73 66

 66 68 70

 70 72 66

 62 63 59

 62 59 58

 74 75 76

 74 76 77

 74 75 76

 74 76 77

 74 75 76

 74 76 77

 74 75 76

 74 76 77

 78 79 80

 78 80 81

 82 83 84

 82 84 85

 83 78 81

 83 81 84

 74 75 76

 74 76 77

 74 75 76

 74 76 77

 74 75 76

 74 76 77

 74 75 76

 74 76 77

 74 75 76

 74 76 77

 84 81 86

 84 86 87

 74 75 76

 74 76 77

 14 88 89

 44 88 14

 89 13 14

 8 13 9

 9 11 10

 31 10 32

 33 32 34

 90 35 36

 10 12 32

 40 38 39

 40 42 43

 44 43 88

 38 90 36

palette:

 115 115 115 255

 109 109 109 255

 127 127 127 255

 112 112 112 255

 108 108 108 255

 128 128 128 255

 119 119 119 255

 125 125 125 255

 149 149 149 255

 114 114 114 255

 130 130 130 255

 107 107 107 255

 111 111 111 255

 124 124 124 255

 105 105 105 255

 122 122 122 255

 138 138 138 255

 121 121 121 255

 100 100 100 255

 99 99 99 255

 103 103 103 255

 133 133 133 255

 97 97 97 255

 101 101 101 255

 104 104 104 255

 118 118 118 255

 131 131 131 255

 96 96 96 255

 134 134 134 255

 116 116 116 255

 95 95 95 255

 87 87 87 255

 93 93 93 255

 92 92 92 255

 91 91 91 255

 90 90 90 255

 86 86 86 255

 85 85 85 255

 147 147 147 255

 139 139 139 255

 142 142 142 255

 84 84 84 255

 88 88 88 255

 170 170 170 255

 184 184 184 255

 146 146 146 255

 166 166 166 255

 163 163 163 255

 181 181 181 255

 164 164 164 255

 152 152 152 255

 183 183 183 255

 151 151 151 255

 179 179 179 255

 81 81 81 255

 82 82 82 255

 171 171 171 255

 161 161 161 255

 136 136 136 255

 168 168 168 255

 175 175 175 255

 173 173 173 255

 177 177 177 255

 56 255 237 255

 80 80 80 255

 70 70 70 255

 71 71 71 255

 72 72 72 255

 76 76 76 255

 79 95 91 255

 73 73 73 255

 154 154 154 255

 78 93 91 255

 78 78 78 255

 77 77 77 255

 74 74 74 255

 141 141 141 255

 79 95 92 255

 74 84 82 255

 73 80 79 255

 156 156 156 255

 159 159 159 255

 79 79 79 255

 144 144 144 255

color:

 0 1 2

 0 2 2

 3 4 5

 3 5 5

 6 7 8

 6 8 2

 9 3 7

 9 7 10

 11 12 13

 11 13 2

 4 12 6

 4 6 7

 14 12 13

 14 13 5

 14 12 2

 14 2 7

 0 15 16

 0 16 2

 0 4 17

 0 17 2

 1 11 3

 1 3 13

 18 19 20

 18 20 11

 18 19 20

 18 20 19

 12 2 21

 12 21 11

 9 4 0

 9 0 6

 18 20 22

 18 22 11

 23 19 18

 23 18 23

 18 23 18

 18 18 23

 23 23 18

 23 18 24

 22 14 22

 22 22 24

 19 1 0

 19 0 1

 9 13 16

 9 16 6

 0 14 13

 0 13 13

 4 20 9

 4 9 17

 24 22 23

 24 23 24

 18 19 23

 18 23 18

 18 23 23

 18 23 18

 23 19 18

 23 18 20

 4 13 2

 4 2 1

 25 11 10

 25 10 13

 12 1 15

 12 15 13

 11 11 12

 11 12 15

 19 24 18

 19 18 4

 18 18 18

 18 18 23

 23 19 18

 23 18 23

 23 23 23

 23 23 18

 23 19 19

 23 19 23

 18 23 22

 18 22 20

 23 20 18

 23 18 24

 4 15 13

 4 13 11

 0 20 6

 0 6 6

 14 18 23

 14 23 24

 24 19 24

 24 24 19

 20 18 23

 20 23 19

 20 23 23

 20 23 18

 23 23 23

 23 23 23

 19 14 23

 19 23 23

 0 2 26

 0 26 11

 0 12 10

 0 10 2

 1 14 17

 1 17 7

 11 24 0

 11 0 6

 23 19 20

 23 20 20

 18 18 23

 18 23 23

 23 20 19

 23 19 20

 19 20 19

 19 19 20

 18 18 23

 18 23 20

 23 18 23

 23 23 19

 23 18 23

 23 23 23

 18 19 20

 18 20 23

 18 18 23

 18 23 23

 18 18 18

 18 18 23

 23 11 12

 23 12 24

 12 11 15

 12 15 6

 4 4 13

 4 13 13

 3 14 7

 3 7 2

 1 4 13

 1 13 13

 11 12 13

 11 13 5

 11 1 15

 11 15 7

 11 1 17

 11 17 13

 1 24 9

 1 9 6

 20 22 14

 20 14 20

 24 27 24

 24 24 22

 14 19 24

 14 24 22

 18 23 18

 18 18 22

 23 19 23

 23 23 23

 23 4 19

 23 19 18

 12 13 9

 12 9 4

 25 4 10

 25 10 21

 11 1 5

 11 5 2

 9 15 28

 9 28 5

 0 11 15

 0 15 2

 14 14 12

 14 12 17

 18 23 18

 18 18 11

 23 23 18

 23 18 23

 18 23 23

 18 23 20

 23 18 23

 23 23 20

 18 23 18

 18 18 18

 23 20 19

 23 19 23

 19 23 22

 19 22 23

 23 23 18

 23 18 23

 18 20 23

 18 23 19

 18 23 18

 18 18 20

 20 19 23

 20 23 18

 23 20 23

 23 23 18

 18 19 18

 18 18 18

 23 18 20

 23 20 23

 23 19 23

 23 23 18

 23 23 20

 23 20 18

 19 18 20

 19 20 18

 18 18 18

 18 18 19

 18 18 20

 18 20 23

 20 19 18

 20 18 23

 23 19 23

 23 23 23

 23 23 23

 23 23 23

 23 23 24

 23 24 23

 23 22 14

 23 14 22

 23 11 23

 23 23 22

 4 1 19

 4 19 23

 19 18 23

 19 23 23

 1 13 9

 1 9 14

 4 18 19

 4 19 1

 19 23 18

 19 18 18

 23 4 3

 23 3 4

 24 14 13

 24 13 17

 1 20 7

 1 7 6

 9 24 9

 9 9 6

 20 18 23

 20 23 11

 24 18 20

 24 20 23

 20 19 23

 20 23 18

 23 23 19

 23 19 23

 19 23 18

 19 18 23

 23 19 23

 23 23 18

 20 23 23

 20 23 23

 27 24 22

 27 22 20

 22 23 22

 22 22 24

 23 23 23

 23 23 20

 19 20 19

 19 19 23

 27 23 18

 27 18 20

 18 18 23

 18 23 18

 18 23 23

 18 23 23

 18 19 20

 18 20 18

 20 19 20

 20 20 18

 23 18 18

 23 18 23

 18 20 19

 18 19 23

 18 20 19

 18 19 23

 23 20 23

 23 23 20

 18 19 23

 18 23 18

 23 22 20

 23 20 19

 20 19 24

 20 24 22

 23 23 18

 23 18 18

 19 23 18

 19 18 23

 20 23 23

 20 23 19

 3 13 12

 3 12 14

 1 18 18

 1 18 11

 4 6 25

 4 25 14

 0 11 18

 0 18 4

 4 14 23

 4 23 18

 23 19 23

 23 23 23

 20 20 23

 20 23 23

 23 23 24

 23 24 18

 18 18 23

 18 23 19

 20 22 20

 20 20 19

 24 22 20

 24 20 22

 20 19 23

 20 23 27

 18 20 19

 18 19 20

 19 18 23

 19 23 23

 18 19 18

 18 18 18

 23 19 18

 23 18 23

 23 24 19

 23 19 23

 18 20 19

 18 19 20

 20 19 23

 20 23 18

 23 23 18

 23 18 18

 18 23 23

 18 23 23

 20 23 23

 20 23 23

 23 18 19

 23 19 20

 18 23 23

 18 23 18

 18 18 23

 18 23 18

 23 23 23

 23 23 23

 23 18 23

 23 23 20

 18 18 18

 18 18 18

 20 14 18

 20 18 23

 1 24 20

 1 20 18

 20 19 20

 20 20 18

 23 19 18

 23 18 18

 22 19 18

 22 18 23

 18 19 24

 18 24 23

 23 18 23

 23 23 18

 18 14 3

 18 3 11

 12 11 3

 12 3 15

 23 18 23

 23 23 14

 14 20 0

 14 0 24

 0 29 5

 0 5 0

 25 11 20

 25 20 20

 1 11 18

 1 18 19

 14 3 19

 14 19 20

 24 4 19

 24 19 20

 18 18 23

 18 23 20

 18 18 20

 18 20 19

 20 19 23

 20 23 18

 18 23 23

 18 23 18

 23 19 23

 23 23 18

 23 18 24

 23 24 18

 24 19 23

 24 23 18

 23 19 18

 23 18 23

 18 23 18

 18 18 23

 20 18 23

 20 23 18

 23 23 23

 23 23 23

 19 18 20

 19 20 18

 23 19 23

 23 23 18

 19 23 19

 19 19 23

 23 18 23

 23 23 20

 18 18 18

 18 18 18

 23 23 18

 23 18 23

 23 18 23

 23 23 23

 20 23 20

 20 20 18

 4 15 3

 4 3 11

 1 27 19

 1 19 18

 18 23 19

 18 19 22

 18 19 22

 18 22 22

 23 22 23

 23 23 27

 23 22 23

 23 23 22

 23 18 19

 23 19 18

 20 23 18

 20 18 18

 23 23 23

 23 23 19

 24 19 20

 24 20 19

 14 14 0

 14 0 24

 11 4 13

 11 13 17

 3 26 8

 3 8 5

 29 1 23

 29 23 11

 1 4 23

 1 23 20

 1 1 18

 1 18 23

 4 1 23

 4 23 19

 11 1 18

 11 18 20

 19 20 18

 19 18 18

 23 23 20

 23 20 18

 23 24 23

 23 23 23

 18 18 23

 18 23 23

 23 19 20

 23 20 19

 23 18 18

 23 18 19

 18 18 20

 18 20 19

 18 18 19

 18 19 19

 19 18 22

 19 22 23

 19 19 19

 19 19 18

 19 18 23

 19 23 22

 23 19 23

 23 23 23

 18 24 23

 18 23 18

 4 24 18

 4 18 18

 19 20 1

 19 1 24

 1 20 1

 1 1 29

 23 18 19

 23 19 19

 18 23 19

 18 19 19

 19 20 22

 19 22 22

 19 18 22

 19 22 22

 18 22 18

 18 18 27

 18 27 23

 18 23 22

 19 18 23

 19 23 18

 18 23 23

 18 23 20

 18 19 20

 18 20 18

 20 19 20

 20 20 22

 23 23 18

 23 18 18

 4 10 7

 4 7 12

 3 12 19

 3 19 4

 19 20 22

 19 22 23

 22 23 19

 22 19 23

 18 24 19

 18 19 20

 18 18 18

 18 18 18

 23 22 23

 23 23 22

 18 19 19

 18 19 19

 23 18 19

 23 19 22

 18 18 19

 18 19 19

 18 24 19

 18 19 23

 19 18 19

 19 19 23

 18 22 19

 18 19 22

 12 13 3

 12 3 20

 1 19 19

 1 19 20

 20 23 20

 20 20 22

 23 24 20

 23 20 18

 20 24 18

 20 18 23

 18 24 18

 18 18 20

 18 20 22

 18 22 20

 19 19 22

 19 22 18

 22 18 30

 22 30 22

 19 19 19

 19 19 19

 18 23 18

 18 18 20

 19 20 18

 19 18 23

 19 23 24

 19 24 23

 23 19 18

 23 18 18

 1 13 7

 1 7 4

 1 12 22

 1 22 1

 11 11 18

 11 18 20

 18 23 19

 18 19 23

 22 18 19

 22 19 23

 18 22 23

 18 23 19

 24 22 23

 24 23 27

 14 20 20

 14 20 18

 24 20 18

 24 18 19

 20 23 19

 20 19 23

 18 23 23

 18 23 18

 23 19 23

 23 23 22

 22 18 1

 22 1 24

 11 23 4

 11 4 17

 22 18 18

 22 18 24

 23 23 24

 23 24 20

 14 14 11

 14 11 20

 11 4 11

 11 11 14

 4 14 14

 4 14 20

 14 24 24

 14 24 24

 23 18 22

 23 22 23

 19 22 30

 19 30 23

 19 19 19

 19 19 23

 18 18 18

 18 18 18

 23 20 19

 23 19 20

 18 20 18

 18 18 20

 20 14 20

 20 20 19

 25 13 26

 25 26 11

 12 14 19

 12 19 4

 18 19 19

 18 19 23

 23 18 20

 23 20 23

 20 27 14

 20 14 22

 30 22 24

 30 24 23

 14 14 14

 14 14 20

 14 24 20

 14 20 20

 20 14 20

 20 20 23

 18 24 19

 18 19 20

 30 22 30

 30 30 19

 22 20 27

 22 27 18

 11 14 23

 11 23 18

 14 24 11

 14 11 20

 11 14 1

 11 1 24

 4 1 3

 4 3 11

 11 11 1

 11 1 1

 14 11 11

 14 11 14

 20 23 20

 20 20 20

 20 22 19

 20 19 18

 19 30 22

 19 22 19

 23 19 23

 23 23 19

 20 24 18

 20 18 23

 14 1 23

 14 23 18

 0 13 29

 0 29 4

 4 27 18

 4 18 24

 19 23 23

 19 23 18

 30 31 32

 30 32 19

 30 1 11

 30 11 23

 24 12 14

 24 14 24

 32 12 23

 32 23 11

 18 14 19

 18 19 14

 22 27 32

 22 32 20

 1 17 1

 1 1 14

 1 14 11

 1 11 1

 14 1 3

 14 3 11

 1 12 0

 1 0 12

 1 11 12

 1 12 4

 24 24 11

 24 11 1

 23 23 20

 23 20 24

 23 18 19

 23 19 20

 22 19 27

 22 27 19

 23 18 20

 23 20 19

 1 25 1

 1 1 14

 11 19 18

 11 18 23

 24 18 20

 24 20 23

 23 22 32

 23 32 19

 27 20 32

 27 32 31

 30 14 27

 30 27 14

 27 25 27

 27 27 0

 32 9 32

 32 32 20

 23 23 19

 23 19 4

 18 30 22

 18 22 18

 23 22 3

 23 3 23

 1 14 12

 1 12 17

 20 11 24

 20 24 1

 23 4 14

 23 14 4

 14 11 3

 14 3 4

 4 11 12

 4 12 11

 24 14 20

 24 20 11

 23 20 23

 23 23 20

 18 22 27

 18 27 18

 18 22 27

 18 27 18

 19 18 20

 19 20 23

 24 23 9

 24 9 24

 0 25 10

 0 10 0

 29 23 9

 29 9 29

 20 22 20

 20 20 14

 23 14 20

 23 20 19

 12 11 20

 12 20 18

 20 23 4

 20 4 24

 12 30 23

 12 23 3

 3 11 11

 3 11 3

 33 18 32

 33 32 9

 34 14 20

 34 20 1

 22 32 18

 22 18 19

 18 33 22

 18 22 30

 18 27 18

 18 18 19

 18 23 20

 18 20 20

 19 14 20

 19 20 14

 23 24 11

 23 11 4

 24 23 11

 24 11 24

 20 23 23

 20 23 23

 19 23 19

 19 19 20

 22 30 22

 22 22 19

 23 19 19

 23 19 22

 20 18 20

 20 20 19

 23 22 20

 23 20 19

 23 11 0

 23 0 24

 3 25 2

 3 2 6

 12 22 20

 12 20 20

 20 19 19

 20 19 19

 1 13 3

 1 3 20

 20 11 1

 20 1 1

 1 32 24

 1 24 35

 1 23 1

 1 1 33

 23 23 34

 23 34 14

 23 18 22

 23 22 14

 27 22 30

 27 30 22

 19 30 22

 19 22 33

 23 32 22

 23 22 32

 23 27 23

 23 23 27

 18 18 23

 18 23 18

 23 18 23

 23 23 20

 23 22 24

 23 24 18

 32 32 19

 32 19 22

 32 30 30

 32 30 19

 30 32 22

 30 22 27

 30 30 20

 30 20 27

 20 19 23

 20 23 18

 18 20 18

 18 18 19

 23 23 20

 23 20 23

 23 24 0

 23 0 20

 1 24 2

 1 2 6

 0 17 16

 0 16 13

 9 14 9

 9 9 17

 18 19 23

 18 23 14

 23 22 19

 23 19 19

 18 23 9

 18 9 24

 3 11 24

 3 24 7

 32 11 32

 32 32 23

 18 23 20

 18 20 24

 19 22 22

 19 22 18

 18 27 23

 18 23 30

 23 22 22

 23 22 32

 18 20 30

 18 30 22

 19 19 19

 19 19 27

 18 30 27

 18 27 32

 22 30 27

 22 27 34

 19 27 22

 19 22 32

 19 22 22

 19 22 27

 36 37 33

 36 33 27

 27 19 23

 27 23 30

 19 24 22

 19 22 23

 22 18 18

 22 18 20

 20 18 23

 20 23 18

 19 18 23

 19 23 19

 23 14 3

 23 3 14

 14 4 13

 14 13 13

 9 5 38

 9 38 2

 11 22 18

 11 18 14

 18 18 19

 18 19 27

 18 18 22

 18 22 19

 22 18 19

 22 19 27

 20 27 18

 20 18 30

 18 22 19

 18 19 19

 22 22 27

 22 27 22

 18 19 22

 18 22 22

 19 18 19

 19 19 27

 23 24 18

 23 18 27

 23 14 23

 23 23 20

 23 14 20

 23 20 18

 20 20 19

 20 19 19

 23 22 27

 23 27 19

 22 32 32

 22 32 22

 32 31 34

 32 34 30

 4 3 39

 4 39 6

 20 18 6

 20 6 12

 20 19 0

 20 0 9

 19 19 6

 19 6 0

 4 3 40

 4 40 17

 22 20 23

 22 23 32

 1 1 19

 1 19 20

 4 11 18

 4 18 23

 1 24 18

 1 18 18

 23 23 23

 23 23 23

 23 18 18

 23 18 23

 18 20 19

 18 19 24

 11 5 26

 11 26 4

 0 1 10

 0 10 5

 11 14 7

 11 7 13

 14 24 17

 14 17 17

 14 20 4

 14 4 6

 19 23 18

 19 18 23

 19 23 19

 19 19 19

 18 23 22

 18 22 18

 18 23 19

 18 19 18

 23 27 18

 23 18 27

 18 19 30

 18 30 27

 22 20 30

 22 30 27

 35 14 22

 35 22 19

 18 24 18

 18 18 18

 24 14 14

 24 14 24

 14 4 14

 14 14 24

 20 11 24

 20 24 14

 20 20 23

 20 23 14

 20 19 23

 20 23 23

 20 32 19

 20 19 27

 27 41 31

 27 31 34

 19 18 9

 19 9 29

 30 36 17

 30 17 39

 11 20 6

 11 6 6

 12 19 17

 12 17 15

 23 18 15

 23 15 25

 20 3 9

 20 9 19

 6 11 23

 6 23 11

 4 11 18

 4 18 18

 4 1 19

 4 19 23

 9 5 5

 9 5 4

 0 11 2

 0 2 13

 1 14 3

 1 3 6

 20 18 18

 20 18 11

 18 22 19

 18 19 19

 23 19 19

 23 19 22

 23 18 23

 23 23 22

 20 14 18

 20 18 23

 22 24 19

 22 19 24

 23 23 18

 23 18 20

 23 20 20

 23 20 18

 24 23 23

 24 23 19

 18 27 27

 18 27 27

 19 24 42

 19 42 23

 35 11 33

 35 33 19

 23 43 24

 23 24 1

 44 44 12

 44 12 11

 44 45 3

 44 3 14

 14 14 11

 14 11 11

 14 24 20

 14 20 11

 14 24 20

 14 20 14

 19 27 19

 19 19 18

 32 37 36

 32 36 35

 4 20 15

 4 15 17

 20 9 38

 20 38 25

 24 24 29

 24 29 6

 18 1 39

 18 39 0

 35 18 30

 35 30 37

 11 6 9

 11 9 23

 0 4 7

 0 7 17

 12 14 3

 12 3 13

 18 19 18

 18 18 24

 18 18 23

 18 23 22

 18 19 20

 18 20 18

 20 30 23

 20 23 27

 23 18 20

 23 20 19

 23 19 20

 23 20 18

 20 24 24

 20 24 20

 14 20 23

 14 23 24

 20 20 20

 20 20 23

 24 20 24

 24 24 20

 23 24 20

 23 20 23

 27 22 30

 27 30 22

 22 23 18

 22 18 20

 44 44 44

 44 44 46

 44 44 44

 44 44 44

 44 44 44

 44 44 44

 44 44 14

 44 14 47

 43 35 3

 43 3 14

 23 32 4

 23 4 30

 24 30 27

 24 27 23

 32 37 37

 32 37 32

 12 18 6

 12 6 25

 18 35 11

 18 11 25

 19 19 3

 19 3 0

 18 20 3

 18 3 29

 30 19 18

 30 18 30

 12 13 13

 12 13 1

 3 24 6

 3 6 6

 20 19 20

 20 20 20

 20 27 20

 20 20 19

 20 18 20

 20 20 18

 19 20 18

 19 18 20

 22 19 19

 22 19 23

 23 30 18

 23 18 19

 24 22 23

 24 23 22

 18 1 20

 18 20 20

 24 12 20

 24 20 4

 20 24 11

 20 11 14

 24 14 11

 24 11 14

 24 14 24

 24 24 11

 23 20 20

 23 20 20

 18 19 23

 18 23 23

 19 30 30

 19 30 18

 23 35 11

 23 11 23

 20 44 44

 20 44 44

 44 44 44

 44 44 44

 44 44 44

 44 44 44

 44 44 44

 44 44 44

 44 44 48

 44 48 44

 11 18 12

 11 12 33

 18 30 18

 18 18 18

 27 31 36

 27 36 33

 23 18 15

 23 15 0

 19 18 6

 19 6 29

 1 12 16

 1 16 6

 11 3 8

 11 8 6

 22 22 23

 22 23 32

 3 6 13

 3 13 24

 0 4 9

 0 9 7

 23 23 20

 23 20 4

 23 19 24

 23 24 22

 14 19 20

 14 20 18

 22 14 22

 22 22 19

 30 20 19

 30 19 23

 19 30 22

 19 22 20

 19 30 14

 19 14 22

 11 19 14

 11 14 23

 20 24 18

 20 18 18

 18 20 18

 18 18 1

 24 24 24

 24 24 24

 24 20 14

 24 14 20

 14 14 24

 14 24 14

 20 24 23

 20 23 11

 23 18 18

 23 18 23

 18 30 22

 18 22 27

 18 30 14

 18 14 22

 20 11 2

 20 2 35

 14 44 44

 14 44 44

 44 44 44

 44 44 44

 44 44 44

 44 44 44

 44 8 44

 44 44 44

 20 22 18

 20 18 19

 19 19 22

 19 22 22

 18 19 32

 18 32 32

 30 22 36

 30 36 35

 30 30 42

 30 42 35

 22 32 35

 22 35 36

 27 27 27

 27 27 31

 18 19 20

 18 20 27

 18 14 1

 18 1 14

 4 4 2

 4 2 15

 29 25 39

 29 39 17

 12 19 18

 12 18 1

 22 20 23

 22 23 23

 23 19 20

 23 20 18

 23 32 19

 23 19 22

 19 24 22

 19 22 20

 34 22 33

 34 33 24

 23 27 14

 23 14 30

 1 30 23

 1 23 32

 23 19 23

 23 23 22

 23 23 24

 23 24 23

 23 11 24

 23 24 20

 20 11 4

 20 4 14

 24 14 11

 24 11 23

 20 24 14

 20 14 24

 20 20 24

 20 24 24

 20 23 23

 20 23 23

 19 27 27

 19 27 19

 19 22 27

 19 27 27

 19 20 27

 19 27 27

 18 18 23

 18 23 11

 20 19 16

 20 16 18

 23 11 48

 23 48 48

 42 11 19

 42 19 3

 22 19 22

 22 22 18

 22 19 22

 22 22 22

 19 18 19

 19 19 19

 23 20 19

 23 19 18

 19 23 23

 19 23 18

 23 19 20

 23 20 19

 20 19 20

 20 20 22

 23 20 23

 23 23 23

 19 23 18

 19 18 23

 18 18 23

 18 23 18

 23 11 9

 23 9 20

 14 11 13

 14 13 6

 25 26 45

 25 45 10

 0 24 18

 0 18 11

 23 20 19

 23 19 23

 23 18 18

 23 18 23

 19 34 24

 19 24 22

 19 4 29

 19 29 24

 0 12 11

 0 11 0

 33 35 24

 33 24 32

 18 27 23

 18 23 33

 19 20 23

 19 23 18

 19 12 19

 19 19 20

 24 3 18

 24 18 9

 23 11 14

 23 14 11

 34 12 33

 34 33 1

 32 0 18

 32 18 25

 23 24 14

 23 14 24

 23 19 20

 23 20 18

 23 27 22

 23 22 19

 19 18 27

 19 27 19

 35 22 31

 35 31 20

 35 20 19

 35 19 23

 22 19 19

 22 19 27

 19 14 35

 19 35 18

 37 14 36

 37 36 19

 22 23 22

 22 22 20

 23 18 19

 23 19 18

 18 23 18

 18 18 18

 18 23 18

 18 18 20

 23 18 19

 23 19 23

 23 18 23

 23 23 19

 23 4 18

 23 18 19

 14 4 22

 14 22 23

 24 1 19

 24 19 20

 23 19 23

 23 23 23

 23 23 18

 23 18 18

 18 20 22

 18 22 23

 11 10 5

 11 5 9

 1 18 20

 1 20 24

 23 33 22

 23 22 18

 23 24 33

 23 33 33

 24 4 23

 24 23 33

 24 3 24

 24 24 1

 24 19 34

 24 34 19

 22 18 22

 22 22 22

 19 24 19

 19 19 18

 11 24 18

 11 18 20

 18 23 18

 18 18 11

 24 23 24

 24 24 23

 18 24 34

 18 34 4

 19 24 22

 19 22 17

 23 20 20

 23 20 24

 23 19 18

 23 18 18

 18 22 19

 18 19 18

 19 19 19

 19 19 22

 18 23 33

 18 33 11

 19 18 19

 19 19 14

 22 23 22

 22 22 19

 32 35 32

 32 32 27

 22 23 23

 22 23 19

 23 23 18

 23 18 23

 20 18 19

 20 19 23

 18 23 18

 18 18 18

 24 14 20

 24 20 18

 1 12 23

 1 23 18

 12 17 12

 12 12 11

 0 14 20

 0 20 24

 12 11 24

 12 24 19

 11 4 18

 11 18 20

 0 5 5

 0 5 1

 11 19 23

 11 23 14

 27 32 22

 27 22 19

 49 44 50

 49 50 24

 44 44 51

 44 51 51

 44 29 11

 44 11 29

 4 32 30

 4 30 12

 19 18 19

 19 19 27

 4 29 11

 4 11 24

 1 19 24

 1 24 20

 1 35 24

 1 24 23

 9 20 24

 9 24 27

 11 22 19

 11 19 19

 27 22 19

 27 19 18

 22 22 27

 22 27 22

 32 20 18

 32 18 19

 4 20 18

 4 18 19

 23 22 18

 23 18 18

 23 24 19

 23 19 19

 19 20 22

 19 22 23

 22 19 30

 22 30 19

 27 22 19

 27 19 35

 23 23 18

 23 18 27

 19 18 23

 19 23 18

 20 23 23

 20 23 18

 18 11 18

 18 18 18

 9 29 3

 9 3 24

 3 19 23

 3 23 11

 18 19 30

 18 30 27

 44 44 44

 44 44 44

 44 44 44

 44 44 44

 44 44 44

 44 44 44

 13 36 19

 13 19 4

 27 35 11

 27 11 36

 24 14 1

 24 1 20

 4 20 4

 4 4 0

 18 27 20

 18 20 23

 11 35 22

 11 22 31

 24 22 4

 24 4 31

 22 20 27

 22 27 32

 23 20 19

 23 19 27

 23 4 19

 23 19 14

 11 6 24

 11 24 11

 4 20 18

 4 18 24

 33 23 35

 33 35 14

 42 14 22

 42 22 4

 19 19 19

 19 19 23

 14 22 18

 14 18 19

 19 20 19

 19 19 23

 23 19 18

 23 18 24

 23 14 23

 23 23 18

 3 13 9

 3 9 1

 0 14 23

 0 23 4

 23 32 34

 23 34 19

 32 44 44

 32 44 46

 44 44 44

 44 44 44

 44 44 44

 44 44 44

 12 18 23

 12 23 10

 20 18 11

 20 11 31

 23 23 23

 23 23 18

 24 22 18

 24 18 18

 24 22 23

 24 23 22

 23 18 20

 23 20 22

 19 22 33

 19 33 18

 19 4 14

 19 14 27

 14 23 23

 14 23 24

 23 22 23

 23 23 23

 27 24 4

 27 4 24

 0 24 12

 0 12 0

 14 18 20

 14 20 23

 20 14 35

 20 35 1

 19 14 22

 19 22 12

 20 35 11

 20 11 18

 23 35 11

 23 11 42

 24 23 19

 24 19 19

 23 19 24

 23 24 23

 12 6 3

 12 3 24

 0 24 19

 0 19 11

 22 24 1

 22 1 18

 32 30 44

 32 44 48

 22 30 18

 22 18 48

 22 22 22

 22 22 18

 20 18 23

 20 23 22

 23 18 18

 23 18 18

 23 19 23

 23 23 18

 18 24 20

 18 20 19

 4 14 20

 4 20 23

 14 31 11

 14 11 18

 19 31 0

 19 0 35

 24 22 11

 24 11 20

 24 18 27

 24 27 19

 19 14 23

 19 23 30

 20 23 14

 20 14 23

 20 23 11

 20 11 23

 14 24 23

 14 23 18

 24 24 23

 24 23 24

 18 18 4

 18 4 23

 14 22 4

 14 4 35

 19 18 22

 19 22 20

 27 23 23

 27 23 18

 1 13 15

 1 15 4

 4 18 19

 4 19 24

 20 19 20

 20 20 22

 24 19 23

 24 23 19

 18 18 23

 18 23 19

 23 19 20

 23 20 19

 23 18 19

 23 19 20

 18 20 23

 18 23 23

 1 6 1

 1 1 14

 12 19 3

 12 3 23

 14 22 14

 14 14 31

 18 19 18

 18 18 30

 18 18 20

 18 20 27

 20 24 20

 20 20 23

 23 4 24

 23 24 14

 14 14 11

 14 11 24

 14 24 11

 14 11 20

 23 23 20

 23 20 20

 18 20 20

 18 20 23

 19 18 19

 19 19 18

 19 18 22

 19 22 20

 18 18 23

 18 23 24

 4 7 7

 4 7 1

 29 14 23

 29 23 14

 20 19 14

 20 14 18

 24 19 20

 24 20 22

 23 18 23

 23 23 18

 24 22 20

 24 20 18

 23 22 23

 23 23 18

 23 19 23

 23 23 23

 11 6 6

 11 6 4

 1 23 24

 1 24 14

 19 27 22

 19 22 19

 22 22 19

 22 19 23

 19 22 20

 19 20 19

 20 20 24

 20 24 20

 24 24 11

 24 11 24

 14 19 4

 14 4 14

 12 23 11

 12 11 20

 11 23 20

 11 20 14

 4 19 23

 4 23 20

 24 19 22

 24 22 20

 19 19 19

 19 19 18

 20 20 23

 20 23 19

 29 15 26

 29 26 14

 9 11 18

 9 18 11

 23 23 20

 23 20 19

 18 18 23

 18 23 19

 18 27 18

 18 18 19

 23 23 22

 23 22 30

 18 18 27

 18 27 33

 18 20 14

 18 14 23

 14 11 12

 14 12 25

 19 30 19

 19 19 14

 32 34 32

 32 32 22

 30 23 30

 30 30 32

 14 22 22

 14 22 19

 22 19 14

 22 14 22

 18 1 11

 18 11 23

 18 18 3

 18 3 18

 12 20 3

 12 3 24

 23 33 9

 23 9 23

 11 31 12

 11 12 36

 1 27 23

 1 23 27

 19 18 23

 19 23 19

 14 6 0

 14 0 14

 1 18 23

 1 23 24

 20 20 23

 20 23 18

 18 32 27

 18 27 19

 25 44 51

 25 51 23

 24 27 32

 24 32 20

 30 23 18

 30 18 23

 27 22 30

 27 30 22

 4 3 19

 4 19 27

 0 6 0

 0 0 11

 0 30 22

 0 22 0

 32 19 19

 32 19 32

 22 1 23

 22 23 11

 4 33 24

 4 24 4

 1 11 22

 1 22 20

 19 22 1

 19 1 18

 24 27 9

 24 9 31

 23 19 18

 23 18 18

 23 18 18

 23 18 22

 11 13 15

 11 15 11

 1 19 24

 1 24 24

 23 23 19

 23 19 19

 19 20 22

 19 22 19

 20 14 44

 20 44 14

 52 24 44

 52 44 44

 20 18 30

 20 30 20

 22 18 27

 22 27 18

 35 30 22

 35 22 32

 12 44 25

 12 25 3

 44 44 44

 44 44 44

 44 27 32

 44 32 53

 22 18 19

 22 19 33

 14 33 12

 14 12 23

 4 54 4

 4 4 55

 0 18 11

 0 11 33

 23 22 11

 23 11 19

 24 19 20

 24 20 30

 19 22 18

 19 18 18

 23 18 20

 23 20 19

 1 2 7

 1 7 14

 6 20 10

 6 10 6

 1 11 12

 1 12 6

 19 20 18

 19 18 24

 18 24 18

 18 18 23

 19 20 19

 19 19 24

 19 18 22

 19 22 20

 23 24 19

 23 19 30

 20 19 18

 20 18 27

 20 19 22

 20 22 23

 34 32 33

 34 33 34

 44 44 44

 44 44 56

 44 44 44

 44 44 44

 3 34 34

 3 34 44

 24 23 4

 24 4 24

 24 18 3

 24 3 35

 18 18 19

 18 19 19

 19 18 19

 19 19 22

 19 18 18

 19 18 19

 18 24 18

 18 18 18

 23 23 23

 23 23 19

 4 5 13

 4 13 4

 11 23 12

 11 12 9

 35 0 24

 35 24 6

 33 23 23

 33 23 14

 19 20 19

 19 19 18

 18 20 19

 18 19 24

 20 11 24

 20 24 20

 18 30 27

 18 27 23

 19 23 18

 19 18 20

 18 22 4

 18 4 1

 23 11 11

 23 11 14

 24 19 23

 24 23 22

 27 19 22

 27 22 33

 12 25 44

 12 44 44

 4 29 57

 4 57 44

 3 30 18

 3 18 12

 32 19 20

 32 20 14

 23 18 19

 23 19 20

 23 18 22

 23 22 19

 23 20 22

 23 22 19

 23 11 22

 23 22 18

 4 12 22

 4 22 18

 11 1 19

 11 19 20

 4 4 23

 4 23 23

 0 10 7

 0 7 4

 3 23 4

 3 4 25

 19 29 22

 19 22 18

 1 5 18

 1 18 14

 33 22 32

 33 32 24

 23 14 19

 23 19 20

 12 23 23

 12 23 19

 1 25 9

 1 9 23

 11 30 32

 11 32 18

 22 30 18

 22 18 19

 22 35 31

 22 31 33

 20 6 11

 20 11 27

 23 23 18

 23 18 24

 19 22 30

 19 30 22

 32 35 32

 32 32 22

 30 29 0

 30 0 27

 13 0 23

 13 23 0

 23 22 30

 23 30 32

 18 14 23

 18 23 19

 1 11 18

 1 18 23

 11 1 23

 11 23 20

 12 17 3

 12 3 11

 6 11 13

 6 13 5

 1 24 0

 1 0 6

 23 18 22

 23 22 24

 35 12 20

 35 20 18

 20 0 0

 20 0 58

 23 23 22

 23 22 32

 3 25 3

 3 3 14

 0 24 18

 0 18 4

 18 18 18

 18 18 18

 19 22 32

 19 32 22

 27 19 4

 27 4 22

 19 24 3

 19 3 3

 14 20 18

 14 18 24

 29 6 9

 29 9 14

 12 19 24

 12 24 1

 20 23 18

 20 18 19

 18 24 20

 18 20 19

 12 11 42

 12 42 18

 11 11 19

 11 19 23

 25 17 0

 25 0 22

 3 18 18

 3 18 24

 23 23 22

 23 22 18

 18 18 19

 18 19 19

 1 25 11

 1 11 19

 6 12 18

 6 18 11

 4 12 18

 4 18 20

 9 1 1

 9 1 4

 3 27 24

 3 24 20

 20 18 23

 20 23 18

 23 18 23

 23 23 23

 1 0 6

 1 6 20

 29 11 20

 29 20 11

 23 23 19

 23 19 22

 19 23 23

 19 23 23

 20 24 0

 20 0 14

 59 44 15

 59 15 0

 44 60 26

 44 26 2

 6 7 52

 6 52 7

 9 14 20

 9 20 11

 24 18 23

 24 23 20

 20 44 61

 20 61 18

 46 44 16

 44 13 28

 44 28 62

 9 11 20

 9 20 4

 1 4 59

 1 59 22

 16 59 4

 61 46 58

 6 17 10

 6 10 0

 12 3 63

 12 63 63

 24 23 63

 24 63 63

 14 6 63

 14 63 63

 0 2 63

 0 63 63

 20 31 63

 20 63 63

 12 0 63

 12 63 63

 14 29 63

 14 63 63

 1 3 63

 1 63 63

 3 3 63

 3 63 63

 11 17 63

 11 63 63

 41 64 65

 41 65 66

 12 12 63

 12 63 63

 37 36 67

 37 67 68

 18 31 63

 18 63 63

 22 32 63

 22 63 63

 6 12 63

 6 63 63

 0 0 63

 0 63 63

 69 34 63

 69 63 63

 0 4 63

 0 63 63

 11 29 63

 11 63 63

 0 9 63

 0 63 63

 30 27 63

 30 63 63

 14 22 63

 14 63 63

 18 14 63

 18 63 63

 23 19 63

 23 63 63

 0 13 63

 0 63 63

 23 30 63

 23 63 63

 24 20 63

 24 63 63

 9 13 63

 9 63 63

 3 18 63

 3 63 63

 11 25 63

 11 63 63

 30 34 63

 30 63 63

 24 22 63

 24 63 63

 27 33 66

 27 66 34

 22 23 30

 22 30 42

 37 54 65

 37 65 70

 29 13 63

 29 63 63

 20 27 63

 20 63 63

 20 11 63

 20 63 63

 23 12 63

 23 63 63

 9 14 63

 9 63 63

 14 12 63

 14 63 63

 14 27 63

 14 63 63

 12 4 63

 12 63 63

 14 1 63

 14 63 63

 34 37 65

 34 65 65

 13 13 56

 13 56 71

 22 35 63

 22 63 63

 11 23 63

 11 63 63

 3 1 63

 3 63 63

 12 20 63

 12 63 63

 18 20 63

 18 63 63

 14 6 63

 14 63 63

 1 14 63

 1 63 63

 12 3 63

 12 63 63

 1 30 63

 1 63 63

 18 22 63

 18 63 63

 20 23 63

 20 63 63

 20 12 63

 20 63 63

 18 30 63

 18 63 63

 12 1 63

 12 63 63

 12 3 63

 12 63 63

 32 31 55

 32 55 64

 9 3 63

 9 63 63

 9 7 63

 9 63 63

 3 3 63

 3 63 63

 23 24 63

 23 63 63

 1 14 63

 1 63 63

 12 3 63

 12 63 63

 11 29 63

 11 63 63

 11 25 63

 11 63 63

 14 15 63

 14 63 63

 24 32 63

 24 63 63

 23 12 63

 23 63 63

 55 41 65

 55 65 70

 55 55 65

 55 65 70

 22 18 63

 22 63 63

 1 9 63

 1 63 63

 24 32 63

 24 63 63

 18 34 63

 18 63 63

 11 24 63

 11 63 63

 14 3 63

 14 63 63

 23 12 63

 23 63 63

 0 12 63

 0 63 63

 0 0 63

 0 63 63

 72 20 63

 72 63 63

 12 3 63

 12 63 63

 11 18 63

 11 63 63

 19 11 63

 19 63 63

 23 23 63

 23 63 63

 0 25 63

 0 63 63

 1 27 63

 1 63 63

 19 42 63

 19 63 63

 9 3 63

 9 63 63

 35 36 73

 35 73 74

 20 4 63

 20 63 63

 1 25 63

 1 63 63

 11 25 63

 11 63 63

 27 18 63

 27 63 63

 11 6 63

 11 63 63

 24 1 63

 24 63 63

 23 27 63

 23 63 63

 12 6 16

 12 16 13

 1 32 70

 1 70 14

 15 20 8

 15 8 0

 44 44 44

 44 44 44

 44 44 44

 44 44 44

 12 3 63

 12 63 63

 3 9 63

 3 63 63

 0 17 63

 0 63 63

 23 4 63

 23 63 63

 24 0 63

 24 63 63

 42 41 70

 42 70 73

 24 22 63

 24 63 63

 6 9 63

 6 63 63

 25 17 63

 25 63 63

 11 20 63

 11 63 63

 3 18 63

 3 63 63

 17 13 63

 17 63 63

 20 27 63

 20 63 63

 11 11 63

 11 63 63

 41 41 65

 41 65 65

 11 23 63

 11 63 63

 23 23 23

 23 23 23

 29 0 63

 29 63 63

 20 20 63

 20 63 63

 24 30 20

 24 20 18

 23 22 63

 23 63 63

 1 12 63

 1 63 63

 11 1 63

 11 63 63

 14 20 63

 14 63 63

 34 31 66

 34 66 73

 1 14 63

 1 63 63

 11 6 63

 11 63 63

 32 41 55

 32 55 65

 14 23 63

 14 63 63

 12 11 63

 12 63 63

 4 12 63

 4 63 63

 20 22 63

 20 63 63

 30 20 63

 30 63 63

 14 20 63

 14 63 63

 24 11 63

 24 63 63

 54 35 75

 54 75 64

 20 27 63

 20 63 63

 24 4 63

 24 63 63

 0 2 63

 0 63 63

 33 35 75

 33 75 36

 37 41 32

 37 32 31

 31 41 74

 31 74 73

 12 1 63

 12 63 63

 24 22 63

 24 63 63

 24 22 63

 24 63 63

 11 6 63

 11 63 63

 11 23 63

 11 63 63

 41 31 66

 41 66 73

 24 11 63

 24 63 63

 11 3 63

 11 63 63

 4 1 63

 4 63 63

 0 25 63

 0 63 63

 1 30 11

 1 11 18

 34 41 64

 34 64 66

 55 41 65

 55 65 70

 14 20 63

 14 63 63

 55 55 65

 55 65 70

 23 33 63

 23 63 63

 1 11 63

 1 63 63

 11 1 63

 11 63 63

 11 23 63

 11 63 63

 41 41 65

 41 65 70

 24 14 63

 24 63 63

 0 12 63

 0 63 63

 0 6 63

 0 63 63

 11 11 63

 11 63 63

 11 1 63

 11 63 63

 20 19 63

 20 63 63

 24 27 63

 24 63 63

 3 29 63

 3 63 63

 24 0 63

 24 63 63

 3 1 63

 3 63 63

 4 11 63

 4 63 63

 3 25 63

 3 63 63

 11 23 63

 11 63 63

 23 32 63

 23 63 63

 54 37 66

 54 66 74

 1 3 63

 1 63 63

 12 3 63

 12 63 63

 31 37 67

 31 67 74

 25 3 63

 25 63 63

 4 24 63

 4 63 63

 9 14 45

 9 45 25

 11 23 63

 11 63 63

 23 19 63

 23 63 63

 11 17 63

 11 63 63

 4 14 63

 4 63 63

 19 19 63

 19 63 63

 64 36 67

 64 67 70

 1 11 63

 1 63 63

 1 9 63

 1 63 63

 44 44 44

 44 44 44

 3 25 63

 3 63 63

 14 1 63

 14 63 63

 31 14 12

 31 12 23

 12 3 63

 12 63 63

 74 55 66

 74 66 65

 14 0 63

 14 63 63

 3 12 63

 3 63 63

 18 27 63

 18 63 63

 24 24 63

 24 63 63

 23 35 63

 23 63 63

 11 4 63

 11 63 63

 14 1 63

 14 63 63

 1 4 63

 1 63 63

 11 14 63

 11 63 63

 3 6 63

 3 63 63

 32 37 64

 32 64 74

 11 4 63

 11 63 63

 11 9 63

 11 63 63

 18 23 63

 18 63 63

 19 23 32

 19 32 18

 20 12 63

 20 63 63

 6 13 63

 6 63 63

 11 0 63

 11 63 63

 19 20 63

 19 63 63

 41 41 65

 41 65 65

 3 76 63

 3 63 63

 19 22 63

 19 63 63

 9 12 63

 9 63 63

 24 27 63

 24 63 63

 23 19 63

 23 63 63

 19 27 63

 19 63 63

 9 6 63

 9 63 63

 4 12 63

 4 63 63

 12 23 63

 12 63 63

 1 11 63

 1 63 63

 9 6 63

 9 63 63

 9 1 63

 9 63 63

 29 9 63

 29 63 63

 20 20 63

 20 63 63

 44 44 44

 44 44 44

 14 23 63

 14 63 63

 3 12 63

 3 63 63

 4 11 63

 4 63 63

 4 9 63

 4 63 63

 29 9 45

 29 45 6

 3 9 63

 3 63 63

 20 22 63

 20 63 63

 18 9 63

 18 63 63

 1 32 63

 1 63 63

 22 1 63

 22 63 63

 35 41 73

 35 73 68

 14 18 63

 14 63 63

 35 36 73

 35 73 74

 14 30 63

 14 63 63

 23 77 63

 23 63 63

 20 20 63

 20 63 63

 23 32 63

 23 63 63

 78 78 63

 78 63 63

 1 14 63

 1 63 63

 78 79 63

 78 63 63

 3 9 63

 3 63 63

 3 6 63

 3 63 63

 11 30 63

 11 63 63

 9 3 63

 9 63 63

 9 1 63

 9 63 63

 20 27 63

 20 63 63

 3 13 63

 3 63 63

 11 24 63

 11 63 63

 4 20 63

 4 63 63

 9 12 63

 9 63 63

 0 5 63

 0 63 63

 14 4 63

 14 63 63

 12 11 63

 12 63 63

 18 42 63

 18 63 63

 35 35 64

 35 64 55

 14 11 63

 14 63 63

 23 22 63

 23 63 63

 23 30 63

 23 63 63

 12 29 63

 12 63 63

 9 4 63

 9 63 63

 11 14 63

 11 63 63

 3 29 63

 3 63 63

 24 11 63

 24 63 63

 11 17 63

 11 63 63

 14 23 63

 14 63 63

 37 37 66

 37 66 67

 20 30 63

 20 63 63

 1 9 63

 1 63 63

 55 41 65

 55 65 67

 1 1 63

 1 63 63

 22 20 32

 22 32 36

 19 31 54

 19 54 36

 11 20 63

 11 63 63

 13 5 44

 13 44 80

 3 3 63

 3 63 63

 20 27 63

 20 63 63

 11 1 63

 11 63 63

 18 27 63

 18 63 63

 6 3 63

 6 63 63

 1 4 63

 1 63 63

 12 1 63

 12 63 63

 24 1 63

 24 63 63

 17 7 60

 17 60 38

 11 18 63

 11 63 63

 24 1 63

 24 63 63

 13 5 44

 13 44 81

 20 30 63

 20 63 63

 14 14 63

 14 63 63

 20 20 63

 20 63 63

 44 44 44

 44 44 44

 5 0 8

 5 8 6

 82 74 67

 82 67 73

 1 18 20

 1 20 18

 45 81 44

 45 44 71

 68 68 67

 68 67 70

 70 70 65

 70 65 70

 70 70 65

 70 65 67

 55 75 66

 55 66 82

 36 19 18

 36 18 82

 4 27 18

 4 18 19

 36 22 18

 36 18 31

 55 82 70

 55 70 70

 9 20 6

 9 6 6

 11 14 9

 11 9 0

 11 11 6

 11 6 29

 29 17 40

 29 40 6

 3 24 11

 3 11 0

 23 15 24

 23 24 20

 15 18 23

 15 23 23

 14 18 4

 14 4 18

 3 12 6

 3 6 24

 51 44 59

 51 59 14

 44 44 44

 44 44 44

 44 44 44

 44 44 44

 44 18 4

 44 4 15

 6 15 17

 6 17 24

 44 44 44

 44 44 44

 44 44 44

 44 44 44

 44 44 44

 44 44 44

 44 39 17

 44 17 44

 44 44 44

 44 44 44

 44 44 44

 44 44 44

 44 44 44

 44 44 44

 13 25 15

 13 15 44

 0 1 48

 0 48 4

 14 14 44

 14 44 44

 4 4 29

 4 29 51

 9 17 15

 9 15 11

 4 9 11

 4 11 29

 15 6 9

 15 9 4

 6 39 17

 6 17 9

 14 4 51

 14 51 44

 3 0 4

 3 4 14

 0 15 4

 0 4 4

 1 14 44

 1 44 48

 29 0 14

 29 14 1

 0 3 14

 0 14 14

 6 0 4

 6 4 6

 16 6 0

 16 0 6

 6 29 1

 6 1 0

 44 13 44

 44 44 44

 29 11 13

 29 13 44

 11 15 25

 11 25 13

 44 44 44

 44 44 44

 44 51 44

 44 44 44

 51 29 44

 51 44 44

 44 44 44

 44 44 44

 48 44 44

 48 44 44

 44 44 44

 44 44 44

 29 44 44

 29 44 3

 6 4 44

 6 44 29

 4 48 44

 4 44 44

 44 44 44

 44 44 44

 44 44 44

 44 44 44

 44 15 39

 44 39 44

 44 44 44

 44 44 44

 44 44 44

 44 44 44

 44 44 44

 44 44 44

 44 44 44

 44 44 44

 44 44 44

 44 44 44

 44 44 44

 44 44 44

 29 44 44

 29 44 0

 3 44 44

 3 44 29

 44 44 44

 44 44 44

 18 6 24

 18 24 4

 17 25 6

 17 6 18

 25 38 15

 25 15 6

 44 44 15

 44 15 44

 44 44 44

 44 44 44

 44 17 18

 44 18 44

 44 44 44

 44 44 44

 44 44 44

 44 44 44

 44 44 44

 44 44 44

 44 44 44

 44 44 59

 44 44 44

 44 44 44

 44 44 44

 44 44 44

 9 51 14

 9 14 6

 0 44 51

 0 51 9

 44 44 44

 44 44 51

 18 3 24

 18 24 4

 4 24 3

 4 3 18

 24 17 12

 24 12 3

 18 14 18

 18 18 23

 44 15 14

 44 14 18

 15 4 18

 15 18 14

 15 15 23

 15 23 24

 44 44 15

 44 15 15

 44 44 18

 44 18 15

 24 23 20

 24 20 11

 59 44 23

 59 23 24

 44 44 15

 44 15 23

 25 3 0

 25 0 39

 6 14 3

 6 3 25

 14 59 24

 14 24 3

 11 29 6

 11 6 6

 4 24 29

 4 29 11

 24 6 17

 24 17 29

 14 11 29

 14 29 9

 23 18 11

 23 11 14

 18 4 11

 18 11 11

 20 11 0

 20 0 6

 24 23 11

 24 11 20

 23 23 14

 23 14 11

 25 9 6

 25 6 8

 11 20 9

 11 9 25

 20 24 20

 20 20 9

 75 55 70

 75 70 66

 67 36 75

 36 55 75

 36 75 82

 36 82 55

 82 36 31

 82 31 70

 75 64 36

 75 36 82

 64 75 22

 64 22 36

 22 4 19

 22 19 18

 75 73 4

 75 4 22

 73 74 27

 73 27 4

 70 36 82

 70 82 66

 70 31 36

 70 36 70

 31 18 19

 31 19 36

 27 55 82

 27 82 18

 74 70 55

 74 55 27

 70 67 75

 70 75 55

 70 70 67

 70 67 65

 65 65 70

 65 70 70

 65 65 70

 65 70 70

 70 70 70

 70 70 65

 65 65 70

 65 70 70

 65 65 70

 65 70 70

 66 68 70

 66 70 65

 65 67 68

 65 68 66

 67 66 68

 67 68 68

 38 45 71

 38 71 56

 60 80 45

 60 45 38

 80 44 81

 80 81 45

 23 1 18

 23 18 32

 23 18 1

 23 1 23

 18 11 18

 18 18 1

 74 82 73

 74 73 66

 66 73 82

 66 82 74

 73 70 74

 73 74 82

 13 5 6

 13 6 45

 16 25 5

 16 5 13

 25 45 0

 25 0 5

 44 44 44

 44 44 44

 44 44 44

 44 44 44

 44 44 44

 44 44 44

 30 20 63

 30 63 63

 0 6 20

 0 20 30

 6 17 20

 6 20 20

 3 14 63

 3 63 63

 7 2 14

 7 14 3

 2 13 14

 2 14 14

 18 20 63

 18 63 63

 17 6 20

 17 20 18

 6 9 30

 6 30 20

 5 13 81

 5 81 44

 32 37 13

 32 13 5

 37 33 5

 37 5 13

 14 24 63

 14 63 63

 13 7 24

 13 24 14

 7 6 1

 7 1 24

 1 11 63

 1 63 63

 13 13 11

 13 11 1

 13 17 18

 13 18 11

 13 17 38

 13 38 56

 32 31 17

 32 17 13

 31 32 7

 31 7 17

 1 24 63

 1 63 63

 6 5 24

 6 24 1

 5 13 1

 5 1 24

 29 12 63

 29 63 63

 39 2 12

 39 12 29

 2 13 1

 2 1 12

 1 1 63

 1 63 63

 13 7 1

 13 1 1

 7 2 4

 7 4 1

 4 6 63

 4 63 63

 2 2 6

 2 6 4

 2 16 3

 2 3 6

 22 18 63

 22 63 63

 29 25 18

 29 18 22

 25 3 27

 25 27 18

 25 11 63

 25 63 63

 58 2 11

 58 11 25

 2 17 1

 2 1 11

 1 20 63

 1 63 63

 17 13 20

 17 20 1

 13 3 27

 13 27 20

 9 3 63

 9 63 63

 26 5 3

 26 3 9

 5 5 3

 5 3 3

 7 13 80

 7 80 60

 32 31 13

 32 13 7

 31 32 5

 31 5 13

 1 11 63

 1 63 63

 10 6 11

 10 11 1

 6 0 20

 6 20 11

 23 19 36

 23 36 30

 6 25 19

 6 19 23

 25 3 31

 25 31 19

 31 22 36

 31 36 55

 1 6 22

 1 22 31

 6 6 20

 6 20 22

 29 1 63

 29 63 63

 76 13 1

 76 1 29

 13 2 1

 13 1 1

 55 55 67

 55 67 65

 9 17 55

 9 55 55

 17 3 41

 17 41 55

 24 1 63

 24 63 63

 9 6 1

 9 1 24

 6 76 9

 6 9 1

 1 20 63

 1 63 63

 2 6 20

 2 20 1

 6 3 30

 6 30 20

 64 37 67

 64 67 65

 3 17 37

 3 37 64

 17 12 37

 17 37 37

 12 14 63

 12 63 63

 10 17 14

 10 14 12

 17 0 23

 17 23 14

 14 11 63

 14 63 63

 29 13 11

 29 11 14

 13 16 17

 13 17 11

 32 24 63

 32 63 63

 9 0 24

 9 24 32

 0 26 11

 0 11 24

 18 3 63

 18 63 63

 0 6 3

 0 3 18

 6 16 29

 6 29 3

 27 11 63

 27 63 63

 0 6 11

 0 11 27

 6 5 14

 6 14 11

 3 9 63

 3 63 63

 40 13 9

 40 9 3

 13 13 4

 13 4 9

 32 12 63

 32 63 63

 0 25 12

 0 12 32

 25 76 29

 25 29 12

 4 23 63

 4 63 63

 13 17 23

 13 23 4

 17 9 30

 17 30 23

 4 23 63

 4 63 63

 13 6 23

 13 23 4

 6 9 22

 6 22 23

 20 14 63

 20 63 63

 15 13 14

 15 14 20

 13 7 11

 13 11 14

 33 35 55

 33 55 66

 14 25 35

 14 35 33

 25 12 35

 25 35 35

 11 18 63

 11 63 63

 25 11 18

 25 18 11

 11 11 42

 11 42 18

 6 12 63

 6 63 63

 83 15 12

 83 12 6

 15 25 11

 15 11 12

 22 14 63

 22 63 63

 0 17 14

 0 14 22

 17 13 4

 17 4 14

 4 0 63

 4 63 63

 13 5 0

 13 0 4

 5 8 5

 5 5 0

 15 9 63

 15 63 63

 76 13 9

 76 9 15

 13 10 12

 13 12 9

 12 4 63

 12 63 63

 10 13 4

 10 4 12

 13 15 20

 13 20 4

 34 11 63

 34 63 63

 9 0 11

 9 11 34

 0 10 24

 0 24 11

 9 3 63

 9 63 63

 7 10 3

 7 3 9

 10 38 13

 10 13 3

 20 20 63

 20 63 63

 15 15 20

 15 20 20

 15 12 27

 15 27 20

 13 9 63

 13 63 63

 38 5 9

 38 9 13

 5 10 1

 5 1 9

 9 9 63

 9 63 63

 26 2 9

 26 9 9

 2 10 3

 2 3 9

 3 11 63

 3 63 63

 39 25 11

 39 11 3

 25 9 30

 25 30 11

 9 3 63

 9 63 63

 26 7 3

 26 3 9

 7 58 6

 7 6 3

 14 3 63

 14 63 63

 13 13 3

 13 3 14

 13 26 9

 13 9 3

 78 78 63

 78 63 63

 25 9 78

 25 78 78

 9 1 79

 9 79 78

 20 1 63

 20 63 63

 6 7 1

 6 1 20

 7 13 14

 7 14 1

 77 78 63

 77 63 63

 25 6 78

 25 78 77

 6 25 78

 6 78 78

 19 23 63

 19 63 63

 25 6 23

 25 23 19

 6 0 32

 6 32 23

 27 20 63

 27 63 63

 9 13 20

 9 20 27

 13 6 20

 13 20 20

 25 23 63

 25 63 63

 16 26 23

 16 23 25

 26 25 77

 26 77 23

 3 14 63

 3 63 63

 39 25 14

 39 14 3

 25 0 30

 25 30 14

 37 35 74

 37 74 65

 3 7 35

 3 35 37

 7 1 36

 7 36 35

 12 14 63

 12 63 63

 5 6 14

 5 14 12

 6 6 18

 6 18 14

 36 35 68

 36 68 73

 12 13 35

 12 35 36

 13 3 41

 13 41 35

 35 22 63

 35 63 63

 4 6 22

 4 22 35

 6 15 1

 6 1 22

 3 1 63

 3 63 63

 76 29 1

 76 1 3

 29 9 32

 29 32 1

 18 18 63

 18 63 63

 3 17 18

 3 18 18

 17 7 9

 17 9 18

 12 20 63

 12 63 63

 7 6 20

 7 20 12

 6 9 22

 6 22 20

 9 3 63

 9 63 63

 2 2 3

 2 3 9

 2 39 9

 2 9 3

 20 29 6

 20 6 8

 32 33 29

 32 29 20

 33 32 9

 33 9 29

 11 4 63

 11 63 63

 13 13 4

 13 4 11

 13 2 9

 13 9 4

 12 4 63

 12 63 63

 7 5 4

 7 4 12

 5 13 11

 5 11 4

 7 3 63

 7 63 63

 38 26 3

 38 3 7

 26 7 12

 26 12 3

 12 14 63

 12 63 63

 5 15 14

 5 14 12

 15 3 23

 15 23 14

 44 44 44

 44 44 44

 62 44 44

 62 44 44

 44 51 44

 44 44 44

 27 20 63

 27 63 63

 3 6 20

 3 20 27

 6 15 20

 6 20 20

 17 29 63

 17 63 63

 38 5 29

 38 29 17

 5 26 9

 5 9 29

 25 9 63

 25 63 63

 58 2 9

 58 9 25

 2 10 1

 2 1 9

 12 9 63

 12 63 63

 5 5 9

 5 9 12

 5 38 6

 5 6 9

 9 1 63

 9 63 63

 28 17 1

 28 1 9

 17 7 11

 17 11 1

 1 12 63

 1 63 63

 10 7 12

 10 12 1

 7 17 23

 7 23 12

 12 4 63

 12 63 63

 7 2 4

 7 4 12

 2 5 12

 2 12 4

 3 9 63

 3 63 63

 26 13 9

 26 9 3

 13 40 6

 13 6 9

 22 19 63

 22 63 63

 29 13 19

 29 19 22

 13 12 27

 13 27 19

 11 23 63

 11 63 63

 7 13 23

 7 23 11

 13 3 19

 13 19 23

 23 24 63

 23 63 63

 17 6 24

 17 24 23

 6 0 27

 6 27 24

 20 9 63

 20 63 63

 83 13 9

 83 9 20

 13 7 12

 13 12 9

 22 19 63

 22 63 63

 12 13 19

 12 19 22

 13 29 22

 13 22 19

 3 3 63

 3 63 63

 4 7 3

 4 3 3

 7 6 76

 7 76 3

 41 41 65

 41 65 65

 1 29 41

 1 41 41

 29 1 41

 29 41 41

 42 19 63

 42 63 63

 0 0 19

 0 19 42

 0 15 20

 0 20 19

 20 11 63

 20 63 63

 15 2 11

 15 11 20

 2 26 0

 2 0 11

 0 6 63

 0 63 63

 26 7 6

 26 6 0

 7 52 13

 7 13 6

 24 20 63

 24 63 63

 0 6 20

 0 20 24

 6 2 12

 6 12 20

 30 19 18

 30 18 20

 22 18 19

 22 19 30

 18 20 23

 18 23 19

 34 18 63

 34 63 63

 12 6 18

 12 18 34

 6 15 23

 6 23 18

 1 11 63

 1 63 63

 13 5 11

 13 11 1

 5 7 9

 5 9 11

 23 11 63

 23 63 63

 15 13 11

 15 11 23

 13 13 4

 13 4 11

 41 32 74

 41 74 55

 12 9 32

 12 32 41

 9 11 37

 9 37 32

 3 3 63

 3 63 63

 10 7 3

 10 3 3

 7 28 6

 7 6 3

 4 11 63

 4 63 63

 13 2 11

 13 11 4

 2 7 14

 2 14 11

 14 1 63

 14 63 63

 7 13 1

 7 1 14

 13 13 4

 13 4 1

 4 14 63

 4 63 63

 13 5 14

 13 14 4

 5 13 1

 5 1 14

 1 11 63

 1 63 63

 13 7 11

 13 11 1

 7 15 4

 7 4 11

 23 23 63

 23 63 63

 13 6 23

 13 23 23

 6 1 35

 6 35 23

 4 24 63

 4 63 63

 15 13 24

 15 24 4

 13 17 24

 13 24 24

 24 18 63

 24 63 63

 17 6 18

 17 18 24

 6 9 27

 6 27 18

 1 3 63

 1 63 63

 10 2 3

 10 3 1

 2 5 12

 2 12 3

 20 14 63

 20 63 63

 29 17 14

 29 14 20

 17 26 0

 17 0 14

 32 74 65

 32 65 70

 20 20 74

 20 74 32

 20 19 55

 20 55 74

 6 12 63

 6 63 63

 16 2 12

 16 12 6

 2 10 3

 2 3 12

 41 31 23

 41 23 32

 34 34 31

 34 31 41

 34 18 14

 34 14 31

 23 14 63

 23 63 63

 9 13 14

 9 14 23

 13 2 1

 13 1 14

 9 3 63

 9 63 63

 2 7 3

 2 3 9

 7 58 25

 7 25 3

 44 44 44

 44 44 44

 44 44 44

 44 44 44

 44 44 44

 44 44 44

 11 1 63

 11 63 63

 13 7 1

 13 1 11

 7 2 9

 7 9 1

 14 1 63

 14 63 63

 13 13 1

 13 1 14

 13 13 11

 13 11 1

 41 64 70

 41 70 74

 3 15 64

 3 64 41

 15 3 36

 15 36 64

 22 19 63

 22 63 63

 9 13 19

 9 19 22

 13 25 19

 13 19 19

 19 4 63

 19 63 63

 6 13 4

 6 4 19

 13 13 14

 13 14 4

 1 11 63

 1 63 63

 15 5 11

 15 11 1

 5 28 17

 5 17 11

 27 23 63

 27 63 63

 1 6 23

 1 23 27

 6 6 19

 6 19 23

 25 11 63

 25 63 63

 28 13 11

 28 11 25

 13 9 23

 13 23 11

 6 9 25

 6 25 16

 30 35 9

 30 9 6

 35 19 14

 35 14 9

 25 4 63

 25 63 63

 39 13 4

 39 4 25

 13 9 24

 13 24 4

 2 25 63

 2 63 63

 45 21 25

 45 25 2

 21 10 3

 21 3 25

 41 31 74

 41 74 70

 12 0 31

 12 31 41

 0 1 37

 0 37 31

 11 12 63

 11 63 63

 7 13 12

 7 12 11

 13 26 3

 13 3 12

 3 1 63

 3 63 63

 10 2 1

 10 1 3

 2 5 3

 2 3 1

 31 54 74

 31 74 66

 24 6 54

 24 54 31

 6 4 37

 6 37 54

 11 23 63

 11 63 63

 13 15 23

 13 23 11

 15 3 32

 15 32 23

 3 11 63

 3 63 63

 5 6 11

 5 11 3

 6 6 23

 6 23 11

 3 3 63

 3 63 63

 5 5 3

 5 3 3

 5 28 25

 5 25 3

 0 4 63

 0 63 63

 28 15 4

 28 4 0

 15 13 11

 15 11 4

 6 3 63

 6 63 63

 58 2 3

 58 3 6

 2 15 1

 2 1 3

 18 24 63

 18 63 63

 24 29 24

 24 24 18

 29 76 0

 29 0 24

 1 3 63

 1 63 63

 10 13 3

 10 3 1

 13 16 29

 13 29 3

 25 24 63

 25 63 63

 16 17 24

 16 24 25

 17 3 27

 17 27 24

 1 20 63

 1 63 63

 15 17 20

 15 20 1

 17 12 19

 17 19 20

 11 11 63

 11 63 63

 13 13 11

 13 11 11

 13 10 1

 13 1 11

 12 11 63

 12 63 63

 5 13 11

 5 11 12

 13 13 11

 13 11 11

 1 0 63

 1 63 63

 10 17 0

 10 0 1

 17 38 6

 17 6 0

 17 0 63

 17 63 63

 8 7 0

 8 0 17

 7 5 12

 7 12 0

 23 24 63

 23 63 63

 0 0 24

 0 24 23

 0 2 14

 0 14 24

 55 41 70

 55 70 65

 1 17 41

 1 41 55

 17 3 41

 17 41 41

 6 11 63

 6 63 63

 28 13 11

 28 11 6

 13 0 23

 13 23 11

 11 11 63

 11 63 63

 7 2 11

 7 11 11

 2 13 1

 2 1 11

 0 1 63

 0 63 63

 76 6 1

 76 1 0

 6 10 11

 6 11 1

 11 23 63

 11 63 63

 10 6 23

 10 23 11

 6 12 33

 6 33 23

 41 55 70

 41 70 65

 4 6 55

 4 55 41

 6 1 55

 6 55 55

 22 14 63

 22 63 63

 0 6 14

 0 14 22

 6 2 20

 6 20 14

 41 55 70

 41 70 65

 3 13 55

 3 55 41

 13 1 41

 13 41 55

 31 34 66

 31 66 66

 1 0 34

 1 34 31

 0 4 41

 0 41 34

 23 1 18

 23 18 23

 20 23 1

 20 1 23

 23 23 30

 23 30 1

 20 0 63

 20 63 63

 2 13 0

 2 0 20

 13 16 25

 13 25 0

 3 4 63

 3 63 63

 10 13 4

 10 4 3

 13 5 1

 13 1 4

 14 11 63

 14 63 63

 9 17 11

 9 11 14

 17 5 3

 17 3 11

 32 24 63

 32 63 63

 3 29 24

 3 24 32

 29 10 11

 29 11 24

 37 41 73

 37 73 67

 1 29 41

 1 41 37

 29 24 31

 29 31 41

 1 11 63

 1 63 63

 13 13 11

 13 11 1

 13 13 23

 13 23 11

 27 11 63

 27 63 63

 9 17 11

 9 11 27

 17 58 6

 17 6 11

 17 24 63

 17 63 63

 28 17 24

 28 24 17

 17 9 22

 17 22 24

 25 24 63

 25 63 63

 28 15 24

 28 24 25

 15 3 22

 15 22 24

 9 12 63

 9 63 63

 28 13 12

 28 12 9

 13 10 1

 13 1 12

 35 31 73

 35 73 75

 24 5 31

 24 31 35

 5 3 41

 5 41 31

 55 37 31

 55 31 66

 19 27 37

 19 37 55

 27 34 41

 27 41 37

 36 33 36

 36 36 67

 3 13 33

 3 33 36

 13 9 35

 13 35 33

 12 0 63

 12 63 63

 5 26 0

 5 0 12

 26 45 2

 26 2 0

 23 24 63

 23 63 63

 9 17 24

 9 24 23

 17 5 4

 17 4 24

 4 20 63

 4 63 63

 5 17 20

 5 20 4

 17 1 27

 17 27 20

 35 54 64

 35 64 75

 9 7 54

 9 54 35

 7 24 35

 7 35 54

 22 24 63

 22 63 63

 9 17 24

 9 24 22

 17 10 11

 17 11 24

 14 14 63

 14 63 63

 2 29 14

 2 14 14

 29 29 20

 29 20 14

 33 30 63

 33 63 63

 12 6 30

 12 30 33

 6 17 20

 6 20 30

 12 20 63

 12 63 63

 5 6 20

 5 20 12

 6 9 22

 6 22 20

 24 4 63

 24 63 63

 9 13 4

 9 4 24

 13 5 12

 13 12 4

 0 12 63

 0 63 63

 7 10 12

 7 12 0

 10 7 11

 10 11 12

 11 14 63

 11 63 63

 10 0 14

 10 14 11

 0 9 23

 0 23 14

 41 32 65

 41 65 64

 4 0 32

 4 32 41

 0 12 41

 0 41 32

 20 11 63

 20 63 63

 25 2 11

 25 11 20

 2 28 6

 2 6 11

 6 1 63

 6 63 63

 28 7 1

 28 1 6

 7 9 14

 7 14 1

 37 34 73

 37 73 64

 11 29 34

 11 34 37

 29 1 31

 29 31 34

 1 14 63

 1 63 63

 2 15 14

 2 14 1

 15 25 20

 15 20 14

 12 11 63

 12 63 63

 2 2 11

 2 11 12

 2 2 1

 2 1 11

 0 1 63

 0 63 63

 21 2 1

 21 1 0

 2 2 12

 2 12 1

 12 23 63

 12 63 63

 2 25 23

 2 23 12

 25 0 22

 25 22 23

 30 24 18

 30 18 11

 23 30 24

 23 24 30

 30 22 30

 30 30 24

 22 20 63

 22 63 63

 3 17 20

 3 20 22

 17 13 20

 17 20 20

 6 29 63

 6 63 63

 38 7 29

 38 29 6

 7 21 0

 7 0 29

 23 23 23

 23 23 32

 20 24 23

 20 23 23

 24 20 23

 24 23 23

 20 11 63

 20 63 63

 13 6 11

 13 11 20

 6 7 23

 6 23 11

 41 41 65

 41 65 65

 1 17 41

 1 41 41

 17 4 41

 17 41 41

 23 11 63

 23 63 63

 15 13 11

 15 11 23

 13 7 11

 13 11 11

 23 20 63

 23 63 63

 7 6 20

 7 20 23

 6 9 27

 6 27 20

 76 17 63

 76 63 63

 6 9 17

 6 17 76

 9 12 13

 9 13 17

 13 3 63

 13 63 63

 12 6 3

 12 3 13

 6 24 18

 6 18 3

 1 11 63

 1 63 63

 5 13 11

 5 11 1

 13 17 20

 13 20 11

 9 25 63

 9 63 63

 5 5 25

 5 25 9

 5 8 17

 5 17 25

 13 6 63

 13 63 63

 52 7 6

 52 6 13

 7 28 9

 7 9 6

 29 24 63

 29 63 63

 16 17 24

 16 24 29

 17 12 22

 17 22 24

 37 42 73

 37 73 66

 4 0 42

 4 42 37

 0 12 41

 0 41 42

 27 24 63

 27 63 63

 12 17 24

 12 24 27

 17 28 0

 17 0 24

 27 23 63

 27 63 63

 3 13 23

 3 23 27

 13 13 4

 13 4 23

 4 0 63

 4 63 63

 13 2 0

 13 0 4

 2 38 17

 2 17 0

 23 3 63

 23 63 63

 6 15 3

 6 3 23

 15 28 9

 15 9 3

 0 12 63

 0 63 63

 26 2 12

 26 12 0

 2 10 3

 2 3 12

 44 44 44

 44 44 44

 44 44 44

 44 44 44

 44 62 44

 44 44 44

 44 44 44

 44 44 44

 51 44 44

 51 44 44

 44 44 44

 44 44 44

 14 15 0

 14 0 45

 19 42 15

 19 15 14

 42 32 20

 42 20 15

 14 1 14

 14 14 12

 18 14 1

 18 1 14

 14 20 32

 14 32 1

 9 12 13

 9 13 45

 32 35 12

 32 12 9

 35 30 6

 35 6 12

 1 23 63

 1 63 63

 2 6 23

 2 23 1

 6 3 27

 6 27 23

 20 24 63

 20 63 63

 9 6 24

 9 24 20

 6 13 1

 6 1 24

 23 11 63

 23 63 63

 3 13 11

 3 11 23

 13 16 6

 13 6 11

 20 27 63

 20 63 63

 17 6 27

 17 27 20

 6 3 18

 6 18 27

 19 11 63

 19 63 63

 12 15 11

 12 11 19

 15 58 25

 15 25 11

 4 1 63

 4 63 63

 15 13 1

 15 1 4

 13 28 25

 13 25 1

 22 20 63

 22 63 63

 9 13 20

 9 20 22

 13 15 4

 13 4 20

 36 35 74

 36 74 73

 1 2 35

 1 35 36

 2 12 36

 2 36 35

 11 9 63

 11 63 63

 10 6 9

 10 9 11

 6 76 3

 6 3 9

 18 19 63

 18 63 63

 6 0 19

 6 19 18

 0 0 42

 0 42 19

 25 1 63

 25 63 63

 58 17 1

 58 1 25

 17 9 27

 17 27 1

 3 0 63

 3 63 63

 26 2 0

 26 0 3

 2 39 25

 2 25 0

 30 23 63

 30 63 63

 0 6 23

 0 23 30

 6 15 23

 6 23 23

 35 19 63

 35 63 63

 1 15 19

 1 19 35

 15 2 11

 15 11 19

 3 11 63

 3 63 63

 10 17 11

 10 11 3

 17 7 18

 17 18 11

 11 12 63

 11 63 63

 2 17 12

 2 12 11

 17 39 3

 17 3 12

 79 72 63

 79 63 63

 1 1 72

 1 72 79

 1 83 20

 1 20 72

 5 0 63

 5 63 63

 8 26 0

 8 0 5

 26 7 0

 26 0 0

 6 0 63

 6 63 63

 38 2 0

 38 0 6

 2 10 12

 2 12 0

 27 23 63

 27 63 63

 9 29 23

 9 23 27

 29 5 12

 29 12 23

 14 14 63

 14 63 63

 5 25 14

 5 14 14

 25 4 3

 25 3 14

 24 11 63

 24 63 63

 10 25 11

 10 11 24

 25 0 24

 25 24 11

 1 18 63

 1 63 63

 13 15 18

 13 18 1

 15 12 34

 15 34 18

 20 24 63

 20 63 63

 17 6 24

 17 24 20

 6 0 32

 6 32 24

 0 1 63

 0 63 63

 5 10 1

 5 1 0

 10 5 9

 10 9 1

 42 22 63

 42 63 63

 11 25 22

 11 22 42

 25 6 18

 25 18 22

 41 55 70

 41 70 65

 1 6 55

 1 55 41

 6 9 55

 6 55 55

 41 55 70

 41 70 65

 3 15 55

 3 55 41

 15 1 41

 15 41 55

 22 23 63

 22 63 63

 9 25 23

 9 23 22

 25 5 12

 25 12 23

 18 24 63

 18 63 63

 7 6 24

 7 24 18

 6 9 32

 6 32 24

 27 14 63

 27 63 63

 0 6 14

 0 14 27

 6 76 15

 6 15 14

 23 11 63

 23 63 63

 0 17 11

 0 11 23

 17 16 25

 17 25 11

 19 11 63

 19 63 63

 3 13 11

 3 11 19

 13 76 29

 13 29 11

 4 12 63

 4 63 63

 2 13 12

 2 12 4

 13 26 3

 13 3 12

 6 1 63

 6 63 63

 40 15 1

 40 1 6

 15 29 14

 15 14 1

 9 23 63

 9 63 63

 7 17 23

 7 23 9

 17 9 24

 17 24 23

 12 3 63

 12 63 63

 10 7 3

 10 3 12

 7 26 3

 7 3 3

 3 9 63

 3 63 63

 5 5 9

 5 9 3

 5 38 7

 5 7 9

 3 9 63

 3 63 63

 26 15 9

 26 9 3

 15 39 3

 15 3 9

 31 32 64

 31 64 54

 3 25 32

 3 32 31

 25 1 31

 25 31 32

 18 12 63

 18 63 63

 6 6 12

 6 12 18

 6 40 3

 6 3 12

 29 12 63

 29 63 63

 16 13 12

 16 12 29

 13 13 1

 13 1 12

 23 18 63

 23 63 63

 6 17 18

 6 18 23

 17 3 30

 17 30 18

 27 20 63

 27 63 63

 3 6 20

 3 20 27

 6 7 12

 6 12 20

 14 20 63

 14 63 63

 13 13 20

 13 20 14

 13 6 23

 13 23 20

 32 18 63

 32 63 63

 9 0 18

 9 18 32

 0 29 22

 0 22 18

 9 1 63

 9 63 63

 39 6 1

 39 1 9

 6 0 30

 6 30 1

 6 12 63

 6 63 63

 16 5 12

 16 12 6

 5 10 3

 5 3 12

 1 1 63

 1 63 63

 10 13 1

 10 1 1

 13 13 14

 13 14 1

 30 14 63

 30 63 63

 9 6 14

 9 14 30

 6 83 6

 6 6 14

 31 18 63

 31 63 63

 9 3 18

 9 18 31

 3 9 20

 3 20 18

 3 12 63

 3 63 63

 10 13 12

 10 12 3

 13 7 20

 13 20 12

 13 3 63

 13 63 63

 38 5 3

 38 3 13

 5 10 1

 5 1 3

 20 11 63

 20 63 63

 7 17 11

 7 11 20

 17 17 23

 17 23 11

 23 22 63

 23 63 63

 17 6 22

 17 22 23

 6 4 35

 6 35 22

 5 13 71

 5 71 44

 33 36 13

 33 13 5

 36 32 13

 36 13 13

 41 34 65

 41 65 73

 3 15 34

 3 34 41

 15 3 37

 15 37 34

 27 14 63

 27 63 63

 12 17 14

 12 14 27

 17 10 1

 17 1 14

 12 12 63

 12 63 63

 21 2 12

 21 12 12

 2 2 4

 2 4 12

 11 14 63

 11 63 63

 26 17 14

 26 14 11

 17 29 27

 17 27 14

 32 14 63

 32 63 63

 0 0 14

 0 14 32

 0 5 12

 0 12 14

 13 9 63

 13 63 63

 83 5 9

 83 9 13

 5 13 14

 5 14 9

 30 23 63

 30 63 63

 3 25 23

 3 23 30

 25 10 12

 25 12 23

 30 20 63

 30 63 63

 9 6 20

 9 20 30

 6 13 11

 6 11 20

 14 20 63

 14 63 63

 13 6 20

 13 20 14

 6 0 27

 6 27 20

 11 29 63

 11 63 63

 13 10 29

 13 29 11

 10 45 13

 10 13 29

 36 37 70

 36 70 67

 12 15 37

 12 37 36

 15 1 54

 15 54 37

 35 22 42

 35 42 64

 12 6 22

 12 22 35

 6 6 23

 6 23 22

 20 27 34

 20 34 32

 6 6 27

 6 27 20

 6 14 33

 6 33 27

 6 24 63

 6 63 63

 58 6 24

 58 24 6

 6 29 22

 6 22 24

 31 30 63

 31 63 63

 1 25 30

 1 30 31

 25 9 34

 25 34 30

 30 11 63

 30 63 63

 9 13 11

 9 11 30

 13 58 25

 13 25 11

 3 3 63

 3 63 63

 16 15 3

 16 3 3

 15 0 18

 15 18 3

 20 9 63

 20 63 63

 13 5 9

 13 9 20

 5 38 13

 5 13 9

 22 24 63

 22 63 63

 29 6 24

 29 24 22

 6 13 20

 6 20 24

 19 23 63

 19 63 63

 9 0 23

 9 23 19

 0 3 30

 0 30 23

 3 0 63

 3 63 63

 26 5 0

 26 0 3

 5 83 13

 5 13 0

 14 23 63

 14 63 63

 7 9 23

 7 23 14

 9 9 19

 9 19 23

 27 18 63

 27 63 63

 18 9 18

 18 18 27

 9 7 14

 9 14 18

 12 14 63

 12 63 63

 5 29 14

 5 14 12

 29 0 22

 29 22 14

 34 30 63

 34 63 63

 27 27 30

 27 30 34

 27 18 27

 27 27 30

 29 0 63

 29 63 63

 76 5 0

 76 0 29

 5 26 9

 5 9 0

 20 11 63

 20 63 63

 0 15 11

 0 11 20

 15 21 29

 15 29 11

 9 0 63

 9 63 63

 76 13 0

 76 0 9

 13 13 4

 13 4 0

 32 69 63

 32 63 63

 23 32 69

 23 69 32

 32 27 34

 32 34 69

 13 0 63

 13 63 63

 45 26 0

 45 0 13

 26 5 0

 26 0 0

 2 6 63

 2 63 63

 8 7 6

 8 6 2

 7 21 12

 7 12 6

 27 22 63

 27 63 63

 29 0 22

 29 22 27

 0 23 32

 0 32 22

 12 18 63

 12 63 63

 7 17 18

 7 18 12

 17 1 31

 17 31 18

 37 37 68

 37 68 66

 12 6 37

 12 37 37

 6 12 36

 6 36 37

 17 12 63

 17 63 63

 16 2 12

 16 12 17

 2 7 12

 2 12 12

 54 41 66

 54 66 65

 1 17 41

 1 41 54

 17 3 64

 17 64 41

 27 11 63

 27 63 63

 3 13 11

 3 11 27

 13 58 17

 13 17 11

 17 3 63

 17 63 63

 58 2 3

 58 3 17

 2 2 3

 2 3 3

 11 1 63

 11 63 63

 7 7 1

 7 1 11

 7 26 3

 7 3 1

 30 14 63

 30 63 63

 3 17 14

 3 14 30

 17 39 29

 17 29 14

 3 12 63

 3 63 63

 2 5 12

 2 12 3

 5 5 0

 5 0 12

 23 20 63

 23 63 63

 17 6 20

 17 20 23

 6 9 31

 6 31 20

 0 0 63

 0 63 63

 5 2 0

 5 0 0

 2 8 2

 2 2 0

 30 14 63

 30 63 63

 3 15 14

 3 14 30

 15 16 6

 15 6 14

 20 24 63

 20 63 63

 17 13 24

 17 24 20

 13 17 23

 13 23 24

 29 12 63

 29 63 63

 21 10 12

 21 12 29

 10 7 3

 10 3 12

 4 6 0

 4 0 44

 21 7 6

 21 6 4

 7 38 17

 7 17 6

 7 3 38

 2 2 4

 2 4 9

 2 21 4

 2 4 4

 38 9 38

 2 2 3

 2 3 4

 2 2 9

 2 9 3

 11 1 22

 11 22 20

 25 15 1

 25 1 11

 15 2 4

 15 4 1

 13 9 4

 13 4 0

 28 2 9

 28 9 13

 2 25 11

 2 11 9

 44 44 62

 44 62 44

 44 0 44

 44 44 44

 0 10 13

 0 13 44

 38 9 4

 4 16 4

 16 4 44

 46 44 44

 46 44 44

 46 44 58

 18 20 18

 18 18 23

 20 22 20

 20 20 18

 22 59 44

 22 44 20

 14 24 20

 14 20 20

 0 4 24

 0 24 14

 4 20 18

 4 18 24

 29 9 11

 29 11 29

 2 0 9

 2 9 29

 0 0 14

 0 14 9

 60 6 7

 60 7 26

 44 62 6

 44 6 60

 62 28 7

 62 7 6

 44 44 2

 44 2 15

 44 44 44

 44 44 44

 44 44 60

 44 60 44

 24 59 0

 24 0 0

 61 44 59

 61 59 24

 44 44 44

 44 44 59

 23 20 14

 23 14 23

 23 18 20

 23 20 23

 18 61 24

 18 24 20

 23 19 23

 23 23 19

 20 20 19

 20 19 23

 20 23 23

 20 23 19

 11 23 22

 11 22 20

 29 11 23

 29 23 11

 11 20 23

 11 23 23

 2 29 11

 2 11 10

 26 17 29

 26 29 2

 17 29 11

 17 11 29

 18 1 20

 18 20 23

 23 14 1

 23 1 18

 14 0 0

 14 0 1

 18 23 23

 18 23 23

 19 23 23

 19 23 18

 23 23 18

 23 18 23

 27 20 18

 27 18 24

 20 22 20

 20 20 27

 22 19 18

 22 18 20

 17 3 20

 17 20 7

 10 11 3

 10 3 17

 11 20 27

 11 27 3

 12 9 4

 12 4 18

 7 13 9

 7 9 12

 13 83 1

 13 1 9

 12 4 20

 12 20 18

 5 2 4

 5 4 12

 2 7 12

 2 12 4

 2 6 11

 2 11 10

 38 5 6

 38 6 2

 5 5 12

 5 12 6

 18 1 19

 18 19 19

 23 20 1

 23 1 18

 20 6 25

 20 25 1

 23 18 19

 23 19 22

 23 23 18

 23 18 23

 23 23 18

 23 18 18

 18 23 18

 18 18 18

 24 18 23

 24 23 18

 18 23 23

 18 23 23

 6 3 24

 6 24 9

 7 20 3

 7 3 6

 20 24 18

 20 18 3

 11 25 22

 11 22 19

 25 26 25

 25 25 11

 26 16 17

 26 17 25

 11 11 23

 11 23 42

 25 6 11

 25 11 11

 6 25 11

 6 11 11

 24 12 18

 24 18 20

 1 9 12

 1 12 24

 9 25 11

 9 11 12

 23 18 19

 23 19 18

 18 4 18

 18 18 23

 4 1 24

 4 24 18

 19 20 19

 19 19 24

 18 20 20

 18 20 19

 20 18 23

 20 23 20

 7 12 1

 7 1 26

 10 11 12

 10 12 7

 11 18 19

 11 19 12

 20 29 14

 20 14 18

 25 15 29

 25 29 20

 15 83 6

 15 6 29

 24 14 24

 24 24 3

 11 11 14

 11 14 24

 11 25 20

 11 20 14

 19 19 3

 19 3 4

 19 19 19

 19 19 19

 19 11 24

 19 24 19

 22 27 22

 22 22 32

 22 19 27

 22 27 22

 19 19 19

 19 19 27

 18 19 22

 18 22 18

 18 18 19

 18 19 18

 18 22 22

 18 22 19

 24 18 18

 24 18 18

 9 24 18

 9 18 24

 24 18 18

 24 18 18

 17 0 4

 17 4 29

 26 0 0

 26 0 17

 0 9 24

 0 24 0

 23 3 14

 23 14 22

 0 17 3

 0 3 23

 17 10 25

 17 25 3

 0 23 32

 0 32 0

 19 22 23

 19 23 0

 22 0 23

 22 23 23

 12 20 58

 12 58 20

 42 23 20

 42 20 12

 23 19 0

 23 0 20

 18 35 18

 18 18 22

 20 18 35

 20 35 18

 18 42 12

 18 12 35

 24 23 24

 24 24 0

 18 19 23

 18 23 24

 19 20 18

 19 18 23

 11 1 6

 11 6 13

 24 19 1

 24 1 11

 19 18 24

 19 24 1

 5 6 5

 5 5 83

 26 1 6

 26 6 5

 1 24 11

 1 11 6

 1 12 11

 1 11 23

 13 2 12

 13 12 1

 2 39 17

 2 17 12

 11 11 20

 11 20 18

 17 13 11

 17 11 11

 13 13 1

 13 1 11

 14 1 23

 14 23 23

 9 6 1

 9 1 14

 6 17 11

 6 11 1

 22 18 19

 22 19 30

 18 14 18

 18 18 22

 14 9 14

 14 14 18

 0 23 32

 0 32 23

 3 24 23

 3 23 0

 24 18 22

 24 22 23

 29 13 0

 29 0 0

 4 3 13

 4 13 29

 3 3 0

 3 0 13

 35 30 27

 35 27 32

 32 22 30

 32 30 35

 22 4 29

 22 29 30

 22 32 22

 22 22 30

 18 22 32

 18 32 22

 22 32 35

 22 35 32

 23 19 22

 23 22 18

 18 18 19

 18 19 23

 18 18 22

 18 22 19

 6 23 24

 6 24 11

 29 4 23

 29 23 6

 4 18 23

 4 23 23

 35 20 27

 35 27 31

 23 0 20

 23 20 35

 0 29 6

 0 6 20

 30 22 33

 30 33 18

 27 32 22

 27 22 30

 32 23 35

 32 35 22

 30 22 19

 30 19 32

 18 27 22

 18 22 30

 27 27 30

 27 30 22

 25 11 18

 25 18 9

 7 9 11

 7 11 25

 9 18 30

 9 30 11

 23 1 23

 23 23 23

 9 7 25

 9 25 1

 14 12 19

 14 19 19

 3 0 12

 3 12 14

 0 9 23

 0 23 12

 22 23 20

 22 20 32

 22 14 23

 22 23 22

 14 3 14

 14 14 23

 5 33 24

 5 24 18

 0 32 33

 0 33 5

 32 22 22

 32 22 33

 29 1 14

 29 14 22

 20 58 1

 20 1 29

 58 0 5

 58 5 1

 23 19 18

 23 18 4

 22 18 19

 22 19 23

 18 20 29

 18 29 19

 6 3 25

 6 25 5

 0 24 3

 0 3 6

 24 22 23

 24 23 3

 4 0 4

 4 4 23

 10 5 0

 10 0 4

 5 38 10

 5 10 0

 1 4 23

 1 23 19

 13 13 4

 13 4 1

 13 10 4

 13 4 4

 12 11 20

 12 20 22

 6 13 11

 6 11 12

 13 13 1

 13 1 11

 11 4 18

 11 18 22

 3 17 4

 3 4 11

 17 6 12

 17 12 4

 20 23 18

 20 18 22

 23 11 23

 23 23 20

 11 3 11

 11 11 23

 18 23 19

 18 19 22

 18 20 23

 18 23 18

 20 23 20

 20 20 23

 18 23 19

 18 19 19

 23 23 23

 23 23 18

 23 18 18

 23 18 23

 19 23 20

 19 20 20

 30 19 23

 30 23 19

 19 23 18

 19 18 23

 30 32 14

 30 14 18

 23 32 32

 23 32 30

 32 30 19

 32 19 32

 29 3 12

 29 12 57

 0 0 3

 0 3 29

 0 23 30

 0 30 3

 25 4 44

 25 44 44

 32 27 4

 32 4 25

 27 0 29

 27 29 4

 19 12 44

 19 44 22

 30 22 12

 30 12 19

 22 32 25

 22 25 12

 19 27 33

 19 33 23

 18 22 27

 18 27 19

 22 30 19

 22 19 27

 11 24 22

 11 22 11

 11 24 24

 11 24 11

 24 18 19

 24 19 24

 22 23 14

 22 14 4

 31 27 23

 31 23 22

 27 11 11

 27 11 23

 23 18 1

 23 1 18

 18 33 18

 18 18 23

 33 31 22

 33 22 18

 30 19 20

 30 20 27

 32 19 19

 32 19 30

 19 18 23

 19 23 19

 11 18 23

 11 23 24

 9 18 18

 9 18 11

 18 32 30

 18 30 18

 20 20 20

 20 20 19

 23 23 20

 23 20 20

 23 9 11

 23 11 20

 20 18 24

 20 24 19

 19 19 18

 19 18 20

 19 23 20

 19 20 18

 23 19 18

 23 18 23

 32 20 19

 32 19 23

 20 19 20

 20 20 19

 0 33 14

 0 14 24

 18 24 33

 18 33 0

 24 32 23

 24 23 33

 23 35 6

 23 6 12

 22 14 35

 22 35 23

 14 18 0

 14 0 35

 7 11 9

 7 9 6

 4 18 11

 4 11 7

 18 22 23

 18 23 11

 23 4 4

 23 4 23

 23 4 4

 23 4 23

 4 7 5

 4 5 4

 24 23 19

 24 19 18

 19 23 23

 19 23 24

 23 23 23

 23 23 23

 18 18 18

 18 18 18

 22 20 18

 22 18 18

 20 19 24

 20 24 18

 18 19 19

 18 19 19

 22 18 19

 22 19 18

 18 22 18

 18 18 19

 18 19 22

 18 22 19

 22 18 19

 22 19 18

 18 22 18

 18 18 19

 18 18 19

 18 19 3

 22 19 18

 22 18 18

 19 22 18

 19 18 18

 23 24 35

 23 35 4

 19 19 24

 19 24 23

 19 22 18

 19 18 24

 20 24 24

 20 24 19

 20 20 24

 20 24 20

 20 19 23

 20 23 24

 44 3 44

 44 44 44

 57 12 3

 57 3 44

 12 18 34

 12 34 3

 44 44 44

 44 44 44

 44 44 44

 44 44 44

 44 57 44

 44 44 44

 32 44 56

 32 56 33

 22 44 44

 22 44 32

 44 44 44

 44 44 44

 19 34 34

 19 34 22

 23 33 34

 23 34 19

 33 22 32

 33 32 34

 19 20 23

 19 23 18

 11 22 20

 11 20 19

 22 23 19

 22 19 20

 24 20 27

 24 27 19

 4 14 20

 4 20 24

 14 11 19

 14 19 20

 18 23 30

 18 30 22

 18 1 23

 18 23 18

 1 4 24

 1 24 23

 20 19 20

 20 20 19

 27 20 19

 27 19 20

 20 18 18

 20 18 19

 24 19 24

 24 24 18

 24 23 19

 24 19 24

 23 27 20

 23 20 19

 20 18 23

 20 23 18

 19 20 18

 19 18 20

 20 24 24

 20 24 18

 11 19 24

 11 24 12

 19 24 19

 19 19 11

 24 19 20

 24 20 19

 20 1 6

 20 6 10

 23 18 1

 23 1 20

 18 19 11

 18 11 1

 29 6 6

 29 6 76

 24 14 6

 24 6 29

 14 23 20

 14 20 6

 18 1 14

 18 14 20

 23 4 1

 23 1 18

 4 13 2

 4 2 1

 22 23 19

 22 19 18

 18 19 23

 18 23 22

 19 23 18

 19 18 23

 19 19 18

 19 18 20

 18 18 19

 18 19 19

 18 18 22

 18 22 19

 22 24 30

 22 30 11

 19 19 24

 19 24 22

 19 18 19

 19 19 24

 18 23 19

 18 19 11

 19 22 23

 19 23 18

 22 19 22

 22 22 23

 54 0 33

 54 33 4

 3 19 0

 3 0 54

 19 19 18

 19 18 0

 33 4 55

 33 55 12

 4 35 4

 4 4 33

 35 3 54

 35 54 4

 18 14 23

 18 23 19

 19 24 14

 19 14 18

 24 4 33

 24 33 14

 27 22 33

 27 33 32

 34 27 22

 34 22 27

 27 19 18

 27 18 22

 44 44 53

 44 53 44

 44 44 44

 44 44 44

 44 34 27

 44 27 44

 44 44 44

 44 44 25

 44 44 44

 44 44 44

 44 44 44

 44 44 44

 30 12 3

 30 3 22

 33 56 12

 33 12 30

 56 44 44

 56 44 12

 18 35 32

 18 32 27

 22 34 35

 22 35 18

 34 33 30

 34 30 35

 18 22 18

 18 18 30

 18 23 22

 18 22 18

 23 22 18

 23 18 22

 24 20 20

 24 20 44

 19 27 20

 19 20 24

 27 18 18

 27 18 20

 14 52 44

 14 44 44

 22 30 52

 22 52 14

 30 19 24

 30 24 52

 20 20 14

 20 14 22

 19 20 20

 19 20 20

 20 22 14

 20 14 20

 23 19 19

 23 19 19

 18 24 19

 18 19 23

 24 19 20

 24 20 19

 19 23 19

 19 19 24

 18 23 23

 18 23 19

 23 18 23

 23 23 23

 6 1 24

 6 24 17

 12 24 1

 12 1 6

 24 18 19

 24 19 1

 18 11 11

 18 11 18

 20 14 11

 20 11 18

 14 7 13

 14 13 11

 19 23 22

 19 22 18

 18 19 23

 18 23 19

 19 20 18

 19 18 23

 27 23 18

 27 18 9

 20 18 23

 20 23 27

 18 18 19

 18 19 23

 22 24 31

 22 31 1

 11 30 24

 11 24 22

 30 20 27

 30 27 24

 11 19 18

 11 18 22

 11 19 19

 11 19 11

 19 11 22

 19 22 19

 33 1 20

 33 20 24

 4 33 1

 4 1 33

 33 11 11

 33 11 1

 1 4 4

 1 4 23

 12 55 4

 12 4 1

 55 4 33

 55 33 4

 19 22 11

 19 11 19

 19 23 22

 19 22 19

 23 12 1

 23 1 22

 30 32 32

 30 32 22

 32 33 32

 32 32 30

 33 19 19

 33 19 32

 6 0 0

 6 0 0

 44 53 0

 44 0 6

 53 32 30

 53 30 0

 3 0 11

 3 11 19

 25 44 0

 25 0 3

 44 44 6

 44 6 0

 22 4 27

 22 27 30

 22 3 4

 22 4 22

 3 25 3

 3 3 4

 23 27 22

 23 22 18

 27 32 27

 27 27 23

 32 22 22

 32 22 27

 27 30 23

 27 23 32

 30 18 30

 30 30 27

 18 27 23

 18 23 30

 44 24 20

 44 20 62

 44 20 24

 44 24 44

 20 30 27

 20 27 24

 32 25 23

 32 23 27

 22 14 25

 22 25 32

 14 44 44

 14 44 25

 20 18 19

 20 19 23

 19 19 18

 19 18 20

 19 22 32

 19 32 18

 18 20 18

 18 18 23

 24 19 20

 24 20 18

 19 19 20

 19 20 20

 6 1 24

 6 24 3

 17 24 1

 17 1 6

 24 24 18

 24 18 1

 18 14 14

 18 14 23

 18 11 14

 18 14 18

 11 15 6

 11 6 14

 27 19 19

 27 19 23

 18 22 19

 18 19 27

 22 18 18

 22 18 19

 31 1 27

 31 27 12

 9 18 1

 9 1 31

 18 18 27

 18 27 1

 33 11 36

 33 36 9

 1 31 11

 1 11 33

 31 9 31

 31 31 11

 20 23 23

 20 23 3

 22 18 23

 22 23 20

 18 1 33

 18 33 23

 18 12 24

 18 24 3

 24 20 12

 24 12 18

 20 22 20

 20 20 12

 1 18 18

 1 18 11

 23 4 18

 23 18 1

 4 24 18

 4 18 18

 19 18 23

 19 23 14

 19 11 18

 19 18 19

 11 23 1

 11 1 18

 22 22 22

 22 22 22

 22 32 22

 22 22 22

 32 19 19

 32 19 22

 23 14 19

 23 19 30

 0 0 14

 0 14 23

 0 22 22

 0 22 14

 34 30 32

 34 32 32

 19 11 30

 19 30 34

 11 0 23

 11 23 30

 30 32 22

 30 22 19

 30 27 32

 30 32 30

 27 19 34

 27 34 32

 11 19 14

 11 14 12

 18 22 19

 18 19 11

 22 30 30

 22 30 19

 20 14 25

 20 25 14

 32 23 14

 32 14 20

 23 18 11

 23 11 14

 18 18 23

 18 23 27

 62 20 18

 62 18 18

 20 32 20

 20 20 18

 23 18 33

 23 33 22

 51 44 18

 51 18 23

 44 62 18

 44 18 18

 27 23 30

 27 30 18

 27 23 23

 27 23 27

 23 51 23

 23 23 23

 18 18 19

 18 19 23

 23 19 18

 23 18 18

 19 27 27

 19 27 18

 23 18 19

 23 19 20

 23 18 18

 23 18 23

 18 23 18

 18 18 18

 11 23 19

 11 19 18

 3 24 23

 3 23 11

 24 23 23

 24 23 23

 17 9 11

 17 11 9

 7 17 9

 7 9 17

 17 3 11

 17 11 9

 20 29 14

 20 14 23

 0 25 29

 0 29 20

 25 39 15

 25 15 29

 19 20 19

 19 19 19

 23 14 20

 23 20 19

 14 0 20

 14 20 20

 19 19 18

 19 18 22

 23 19 19

 23 19 19

 19 23 19

 19 19 19

 19 24 20

 19 20 23

 12 27 24

 12 24 19

 27 23 19

 27 19 24

 23 4 20

 23 20 20

 9 36 4

 9 4 23

 36 12 19

 36 19 4

 23 11 14

 23 14 11

 3 23 11

 3 11 23

 23 9 23

 23 23 11

 19 12 20

 19 20 4

 3 24 12

 3 12 19

 24 3 23

 24 23 12

 24 14 14

 24 14 11

 11 18 14

 11 14 24

 18 3 19

 18 19 14

 20 24 24

 20 24 24

 14 23 24

 14 24 20

 23 11 24

 23 24 24

 22 20 20

 22 20 20

 22 22 20

 22 20 22

 22 14 20

 22 20 20

 22 19 19

 22 19 19

 30 19 19

 30 19 22

 19 22 22

 19 22 19

 27 22 23

 27 23 22

 32 32 22

 32 22 27

 32 30 22

 32 22 22

 23 19 19

 23 19 24

 19 22 19

 19 19 23

 22 32 27

 22 27 19

 6 1 14

 6 14 6

 12 14 1

 12 1 6

 14 19 23

 14 23 1

 19 11 4

 19 4 23

 27 23 11

 27 11 19

 23 14 6

 23 6 11

 22 23 23

 22 23 23

 22 33 23

 22 23 22

 33 27 19

 33 19 23

 22 23 18

 22 18 20

 18 30 23

 18 23 22

 30 22 22

 30 22 23

 18 24 18

 18 18 23

 23 19 24

 23 24 18

 19 18 22

 19 22 24

 19 23 18

 19 18 20

 20 19 23

 20 23 19

 19 23 18

 19 18 23

 19 24 22

 19 22 14

 18 19 24

 18 24 19

 19 20 19

 19 19 24

 14 20 18

 14 18 23

 9 11 20

 9 20 14

 11 18 19

 11 19 20

 13 29 14

 13 14 13

 76 6 29

 76 29 13

 6 9 14

 6 14 29

 18 4 1

 18 1 23

 23 14 4

 23 4 18

 14 26 7

 14 7 4

 18 18 24

 18 24 22

 19 19 18

 19 18 18

 19 23 18

 19 18 18

 18 19 20

 18 20 19

 22 18 19

 22 19 18

 18 19 18

 18 18 19

 20 19 18

 20 18 20

 23 20 19

 23 19 20

 20 22 18

 20 18 19

 23 18 23

 23 23 20

 20 20 18

 20 18 23

 20 23 20

 20 20 18

 24 23 20

 24 20 11

 11 14 23

 11 23 24

 14 20 23

 14 23 23

 14 14 20

 14 20 11

 4 20 14

 4 14 14

 20 11 24

 20 24 14

 4 14 24

 4 24 24

 11 14 14

 11 14 4

 14 4 14

 14 14 14

 24 23 14

 24 14 20

 24 24 23

 24 23 24

 24 11 4

 24 4 23

 18 20 23

 18 23 20

 20 20 20

 20 20 18

 20 24 24

 20 24 20

 19 18 27

 19 27 18

 19 19 18

 19 18 19

 19 20 18

 19 18 18

 22 18 30

 22 30 14

 22 23 18

 22 18 22

 23 19 19

 23 19 18

 19 14 31

 19 31 3

 24 19 14

 24 14 19

 19 22 22

 19 22 14

 25 12 23

 25 23 3

 6 14 12

 6 12 25

 14 24 19

 14 19 12

 20 1 14

 20 14 23

 23 4 1

 23 1 20

 4 6 6

 4 6 1

 18 18 23

 18 23 19

 23 23 18

 23 18 18

 23 23 20

 23 20 18

 19 23 20

 19 20 20

 20 18 23

 20 23 19

 18 23 18

 18 18 23

 18 23 19

 18 19 23

 23 18 23

 23 23 18

 18 20 19

 18 19 23

 19 18 19

 19 19 23

 20 18 18

 20 18 19

 18 23 18

 18 18 18

 19 24 19

 19 19 20

 14 22 24

 14 24 19

 22 20 19

 22 19 24

 18 20 22

 18 22 19

 23 18 20

 23 20 18

 18 14 19

 18 19 20

 6 4 24

 6 24 9

 13 14 4

 13 4 6

 14 23 18

 14 18 4

 23 1 4

 23 4 23

 23 1 1

 23 1 23

 1 7 13

 1 13 1

 18 27 18

 18 18 22

 22 24 27

 22 27 18

 24 23 23

 24 23 27

 22 19 20

 22 20 4

 19 20 19

 19 19 22

 20 22 18

 20 18 19

 18 14 35

 18 35 4

 20 18 14

 20 14 18

 18 19 22

 18 22 14

 24 18 23

 24 23 23

 20 23 18

 20 18 24

 23 20 18

 23 18 18

 24 24 24

 24 24 23

 11 20 24

 11 24 24

 20 20 24

 20 24 24

 23 14 18

 23 18 11

 11 20 14

 11 14 23

 20 11 24

 20 24 14

 23 20 23

 23 23 14

 24 24 20

 24 20 23

 24 11 23

 24 23 20

 14 20 23

 14 23 23

 20 14 20

 20 20 14

 14 24 23

 14 23 20

 18 19 30

 18 30 27

 20 23 19

 20 19 18

 23 20 14

 23 14 19

 22 24 19

 22 19 11

 18 27 24

 18 24 22

 27 20 18

 27 18 24

 31 24 20

 31 20 0

 14 30 24

 14 24 31

 30 18 22

 30 22 24

 31 19 35

 31 35 11

 3 31 19

 3 19 31

 31 14 31

 31 31 19

 14 14 18

 14 18 20

 3 23 14

 3 14 14

 23 3 31

 23 31 14

 24 4 23

 24 23 20

 1 25 4

 1 4 24

 25 3 14

 25 14 4

 19 18 19

 19 19 23

 23 14 18

 23 18 19

 14 1 24

 14 24 18

 18 23 18

 18 18 18

 19 23 23

 19 23 18

 23 23 19

 23 19 23

 18 23 18

 18 18 23

 20 20 23

 20 23 18

 20 19 18

 20 18 23

 22 20 22

 22 22 22

 23 19 20

 23 20 22

 19 20 18

 19 18 20

 30 22 18

 30 18 18

 23 19 22

 23 22 30

 19 23 22

 19 22 22

 30 22 48

 30 48 44

 20 19 22

 20 22 30

 19 23 30

 19 30 22

 24 32 48

 24 48 1

 19 22 32

 19 32 24

 22 20 30

 22 30 32

 24 22 18

 24 18 19

 9 24 22

 9 22 24

 24 19 24

 24 24 22

 15 0 11

 15 11 3

 5 25 0

 5 0 15

 25 9 24

 25 24 0

 19 12 24

 19 24 24

 23 4 12

 23 12 19

 4 15 6

 4 6 12

 23 23 23

 23 23 19

 22 18 23

 22 23 23

 18 23 19

 18 19 23

 35 24 19

 35 19 11

 4 20 24

 4 24 35

 20 22 23

 20 23 24

 35 23 42

 35 42 11

 4 35 23

 4 23 35

 35 4 35

 35 35 23

 14 20 18

 14 18 22

 23 23 20

 23 20 14

 23 4 35

 23 35 20

 14 19 12

 14 12 35

 23 24 19

 23 19 14

 24 23 14

 24 14 19

 18 20 1

 18 1 20

 11 18 20

 11 20 18

 18 23 14

 18 14 20

 24 14 23

 24 23 12

 14 23 14

 14 14 24

 23 11 18

 23 18 14

 24 0 0

 24 0 4

 23 23 0

 23 0 24

 23 14 24

 23 24 0

 22 27 24

 22 24 23

 27 30 27

 27 27 22

 30 23 24

 30 24 27

 23 23 23

 23 23 23

 11 19 23

 11 23 23

 19 27 22

 19 22 23

 4 14 24

 4 24 14

 0 20 14

 0 14 4

 20 11 23

 20 23 14

 22 19 27

 22 27 33

 11 35 19

 11 19 22

 35 0 4

 35 4 19

 18 19 18

 18 18 20

 20 18 19

 20 19 18

 18 11 22

 18 22 19

 22 23 22

 22 22 23

 20 23 23

 20 23 22

 23 20 18

 23 18 23

 22 24 22

 22 22 18

 23 19 24

 23 24 22

 19 20 22

 19 22 24

 23 24 18

 23 18 23

 18 18 24

 18 24 23

 18 23 22

 18 22 24

 18 23 18

 18 18 11

 23 18 23

 23 23 18

 18 18 23

 18 23 23

 18 20 31

 18 31 23

 22 22 20

 22 20 18

 22 23 18

 22 18 20

 44 12 10

 44 10 44

 18 18 12

 18 12 44

 18 22 18

 18 18 12

 44 44 44

 44 44 44

 44 48 44

 44 44 44

 48 18 44

 48 44 44

 44 44 44

 44 44 44

 1 48 44

 1 44 44

 48 44 44

 48 44 44

 32 32 46

 32 46 34

 19 18 32

 19 32 32

 18 1 44

 18 44 32

 14 23 19

 14 19 23

 3 11 23

 3 23 14

 11 19 32

 11 32 23

 2 0 4

 2 4 10

 16 13 0

 16 0 2

 13 3 14

 13 14 0

 14 3 1

 14 1 23

 3 6 3

 3 3 14

 6 2 13

 6 13 3

 19 23 18

 19 18 18

 24 24 23

 24 23 19

 24 3 14

 24 14 23

 20 23 24

 20 24 19

 19 23 23

 19 23 20

 23 24 19

 23 19 23

 22 19 23

 22 23 18

 11 19 19

 11 19 22

 19 19 20

 19 20 19

 19 14 19

 19 19 19

 11 42 14

 11 14 19

 42 11 22

 42 22 14

 14 19 23

 14 23 22

 22 18 19

 22 19 14

 18 11 19

 18 19 19

 23 42 4

 23 4 35

 35 12 42

 35 42 23

 12 22 14

 12 14 42

 20 33 14

 20 14 18

 20 1 33

 20 33 20

 1 35 23

 1 23 33

 0 4 24

 0 24 1

 12 23 4

 12 4 0

 23 20 20

 23 20 4

 4 11 11

 4 11 19

 23 24 11

 23 11 4

 24 4 6

 24 6 11

 20 23 14

 20 14 19

 23 23 23

 23 23 20

 23 23 4

 23 4 23

 20 23 27

 20 27 27

 14 24 23

 14 23 20

 24 23 20

 24 20 23

 22 22 32

 22 32 4

 33 27 22

 33 22 22

 27 14 20

 27 20 22

 35 24 31

 35 31 22

 20 18 24

 20 24 35

 18 33 22

 18 22 24

 27 11 31

 27 31 20

 23 22 11

 23 11 27

 22 20 35

 22 35 11

 20 18 23

 20 23 4

 18 22 18

 18 18 20

 22 23 27

 22 27 18

 14 4 0

 14 0 1

 23 18 4

 23 4 14

 18 18 20

 18 20 4

 35 24 20

 35 20 11

 11 18 24

 11 24 35

 18 23 14

 18 14 24

 36 27 36

 36 36 19

 23 31 27

 23 27 36

 31 11 35

 31 35 27

 44 13 4

 44 4 44

 44 10 13

 44 13 44

 10 23 36

 10 36 13

 44 44 44

 44 44 44

 44 44 44

 44 44 44

 44 44 44

 44 44 44

 44 44 44

 44 44 44

 44 44 44

 44 44 44

 44 44 44

 44 44 44

 19 44 44

 19 44 30

 34 46 44

 34 44 19

 46 44 44

 46 44 44

 19 18 27

 19 27 23

 23 19 18

 23 18 19

 19 34 19

 19 19 18

 13 3 11

 13 11 5

 10 4 3

 10 3 13

 4 23 19

 4 19 3

 11 9 24

 11 24 18

 9 0 9

 9 9 11

 0 10 29

 0 29 9

 23 18 18

 23 18 23

 23 1 18

 23 18 23

 1 9 11

 1 11 18

 18 20 18

 18 18 23

 18 18 20

 18 20 18

 18 23 23

 18 23 20

 23 19 18

 23 18 18

 19 24 19

 19 19 23

 24 18 18

 24 18 19

 22 23 27

 22 27 19

 18 23 23

 18 23 22

 23 19 23

 23 23 23

 19 27 35

 19 35 30

 19 19 27

 19 27 19

 19 18 22

 19 22 27

 20 22 19

 20 19 22

 22 23 22

 22 22 20

 23 19 19

 23 19 22

 24 19 23

 24 23 19

 35 4 19

 35 19 24

 4 22 20

 4 20 19

 22 23 19

 22 19 18

 18 14 23

 18 23 22

 14 35 24

 14 24 23

 20 23 18

 20 18 18

 1 24 23

 1 23 20

 24 18 22

 24 22 23

 20 4 19

 20 19 18

 24 29 4

 24 4 20

 29 1 20

 29 20 4

 22 32 19

 22 19 27

 19 11 32

 19 32 22

 11 24 20

 11 20 32

 22 22 22

 22 22 19

 19 14 22

 19 22 22

 14 19 22

 14 22 22

 22 27 18

 22 18 19

 27 27 27

 27 27 22

 27 19 22

 27 22 27

 20 11 19

 20 19 24

 4 32 11

 4 11 20

 32 27 22

 32 22 11

 35 9 27

 35 27 24

 22 31 9

 22 9 35

 31 4 20

 31 20 9

 19 1 23

 19 23 24

 20 31 1

 20 1 19

 31 22 35

 31 35 1

 0 1 20

 0 20 12

 4 23 1

 4 1 0

 23 20 19

 23 19 1

 18 4 24

 18 24 19

 11 20 4

 11 4 18

 20 1 29

 20 29 4

 32 19 27

 32 27 30

 19 36 19

 19 19 32

 36 11 18

 36 18 19

 29 4 12

 29 12 11

 44 4 4

 44 4 29

 4 19 32

 4 32 4

 44 44 29

 44 29 51

 44 44 44

 44 44 44

 44 44 29

 44 29 44

 44 44 51

 44 51 50

 44 44 44

 44 44 44

 44 44 44

 44 44 44

 32 49 24

 32 24 22

 30 44 49

 30 49 32

 44 44 44

 44 44 49

 19 27 19

 19 19 23

 23 27 27

 23 27 19

 27 30 32

 27 32 27

 13 11 14

 13 14 17

 5 11 11

 5 11 13

 11 23 19

 11 19 11

 4 0 1

 4 1 18

 5 7 0

 5 0 4

 7 8 5

 7 5 0

 11 11 20

 11 20 24

 13 13 11

 13 11 11

 13 5 4

 13 4 11

 14 12 19

 14 19 20

 10 13 12

 10 12 14

 13 13 11

 13 11 12

 17 0 24

 17 24 12

 16 13 0

 16 0 17

 13 10 14

 13 14 0

 12 12 11

 12 11 23

 13 15 12

 13 12 12

 15 28 17

 15 17 12

 14 1 18

 14 18 20

 3 15 1

 3 1 14

 15 13 12

 15 12 1

 23 24 18

 23 18 18

 18 24 24

 18 24 23

 24 3 14

 24 14 24

 18 18 18

 18 18 19

 23 18 18

 23 18 18

 18 18 23

 18 23 18

 23 20 23

 23 23 18

 23 18 20

 23 20 23

 18 23 18

 18 18 20

 23 23 23

 23 23 23

 18 18 23

 18 23 23

 18 23 23

 18 23 23

 42 22 19

 42 19 32

 19 27 22

 19 22 42

 27 18 23

 27 23 22

 23 32 27

 23 27 22

 22 19 32

 22 32 23

 19 30 35

 19 35 32

 18 22 19

 18 19 19

 19 23 22

 19 22 18

 23 22 23

 23 23 22

 23 19 14

 23 14 33

 18 19 19

 18 19 23

 19 19 18

 19 18 19

 19 18 11

 19 11 19

 18 18 18

 18 18 19

 18 18 23

 18 23 18

 22 19 22

 22 22 19

 18 19 19

 18 19 22

 19 18 19

 19 19 19

 19 18 18

 19 18 18

 27 19 18

 27 18 19

 19 18 22

 19 22 18

 20 23 18

 20 18 20

 19 22 23

 19 23 20

 22 27 19

 22 19 23

 24 23 24

 24 24 22

 19 18 23

 19 23 24

 18 19 20

 18 20 23

 24 19 17

 24 17 34

 24 19 19

 24 19 24

 19 19 24

 19 24 19

 23 18 4

 23 4 24

 24 27 18

 24 18 23

 27 24 24

 27 24 18

 23 24 23

 23 23 18

 24 23 24

 24 24 23

 23 24 23

 23 23 24

 24 18 11

 24 11 18

 12 20 18

 12 18 24

 20 24 23

 20 23 18

 24 11 20

 24 20 19

 11 9 11

 11 11 24

 9 12 24

 9 24 11

 18 19 18

 18 18 22

 19 24 19

 19 19 18

 24 11 24

 24 24 19

 19 22 22

 19 22 34

 30 27 22

 30 22 19

 27 19 18

 27 18 22

 3 24 19

 3 19 24

 11 12 24

 11 24 3

 12 30 19

 12 19 24

 4 24 1

 4 1 23

 51 29 24

 51 24 4

 29 11 3

 29 3 24

 24 24 33

 24 33 33

 50 51 24

 50 24 24

 51 51 4

 51 4 24

 33 23 33

 33 33 22

 22 24 23

 22 23 33

 24 50 24

 24 24 23

 18 23 18

 18 18 20

 23 19 23

 23 23 18

 19 22 33

 19 33 23

 6 1 24

 6 24 0

 17 14 1

 17 1 6

 14 23 18

 14 18 1

 20 11 9

 20 9 22

 18 1 11

 18 11 20

 1 5 10

 1 10 11

 23 18 23

 23 23 18

 24 20 18

 24 18 23

 20 18 20

 20 20 18

 19 23 18

 19 18 23

 20 19 23

 20 23 19

 19 24 23

 19 23 23

 1 23 23

 1 23 19

 12 24 23

 12 23 1

 24 20 19

 24 19 23

 4 24 20

 4 20 22

 29 13 24

 29 24 4

 13 12 1

 13 1 24

 4 14 23

 4 23 18

 12 13 14

 12 14 4

 13 29 4

 13 4 14

 18 23 19

 18 19 23

 23 11 23

 23 23 18

 11 12 4

 11 4 23

 18 23 19

 18 19 19

 20 18 23

 20 23 18

 18 23 18

 18 18 23

 23 23 23

 23 23 18

 18 18 23

 18 23 23

 18 20 18

 18 18 23

 23 18 20

 23 20 18

 19 18 18

 19 18 23

 18 18 23

 18 23 18

 18 18 18

 18 18 19

 18 23 18

 18 18 18

 23 19 23

 23 23 18

 23 23 18

 23 18 22

 23 23 23

 23 23 23

 23 18 18

 23 18 23

 14 22 20

 14 20 36

 32 19 22

 32 22 14

 19 23 23

 19 23 22

 14 37 19

 14 19 35

 32 33 37

 32 37 14

 33 32 14

 33 14 37

 19 19 18

 19 18 19

 22 27 19

 22 19 19

 27 32 14

 27 14 19

 20 22 27

 20 27 19

 19 19 22

 19 22 20

 19 22 19

 19 19 22

 22 35 23

 22 23 31

 33 14 35

 33 35 22

 14 19 20

 14 20 35

 18 35 20

 18 20 27

 19 11 35

 19 35 18

 11 33 22

 11 22 35

 27 19 19

 27 19 22

 19 22 19

 19 19 27

 22 19 18

 22 18 19

 19 23 19

 19 19 20

 18 18 23

 18 23 19

 18 19 27

 18 27 23

 24 23 18

 24 18 14

 20 18 23

 20 23 24

 18 18 19

 18 19 23

 0 23 24

 0 24 18

 22 24 23

 22 23 0

 24 20 24

 24 24 23

 12 32 25

 12 25 33

 34 17 32

 34 32 12

 17 22 0

 17 0 32

 11 34 1

 11 1 14

 24 4 34

 24 34 11

 4 34 12

 4 12 34

 3 23 11

 3 11 18

 18 23 23

 18 23 3

 23 24 11

 23 11 23

 12 24 9

 12 9 19

 18 11 24

 18 24 12

 11 18 3

 11 3 24

 20 19 20

 20 20 23

 19 20 19

 19 19 20

 20 18 12

 20 12 19

 27 19 18

 27 18 23

 22 18 19

 22 19 27

 18 19 20

 18 20 19

 35 18 33

 35 33 24

 34 22 18

 34 18 35

 22 22 27

 22 27 18

 12 33 32

 12 32 11

 24 19 33

 24 33 12

 19 34 35

 19 35 33

 4 0 0

 4 0 29

 23 1 0

 23 0 4

 1 24 12

 1 12 0

 34 19 24

 34 24 24

 33 33 19

 33 19 34

 33 23 4

 33 4 19

 18 19 22

 18 22 18

 22 33 19

 22 19 18

 33 33 34

 33 34 19

 20 23 23

 20 23 19

 20 18 23

 20 23 20

 18 22 18

 18 18 23

 24 23 23

 24 23 18

 0 24 23

 0 23 24

 24 20 20

 24 20 23

 5 0 11

 5 11 26

 76 25 0

 76 0 5

 25 0 24

 25 24 0

 11 25 10

 11 10 13

 22 9 25

 22 25 11

 9 5 26

 9 26 25

 11 14 6

 11 6 9

 18 23 14

 18 14 11

 23 22 11

 23 11 14

 18 23 20

 18 20 23

 23 18 23

 23 23 18

 18 18 11

 18 11 23

 23 18 18

 23 18 18

 19 23 18

 19 18 23

 23 23 18

 23 18 18

 20 19 23

 20 23 23

 22 20 19

 22 19 20

 20 19 23

 20 23 19

 19 23 23

 19 23 20

 18 23 23

 18 23 19

 23 22 20

 23 20 23

 19 20 22

 19 22 20

 23 19 20

 23 20 19

 19 18 19

 19 19 20

 23 23 19

 23 19 23

 19 19 23

 19 23 23

 19 23 19

 19 19 23

 20 19 18

 20 18 19

 18 23 19

 18 19 20

 23 19 23

 23 23 19

 18 23 18

 18 18 19

 18 20 23

 18 23 18

 20 18 20

 20 20 23

 19 19 19

 19 19 22

 19 18 19

 19 19 19

 18 18 18

 18 18 19

 19 22 22

 19 22 22

 22 18 22

 22 22 19

 18 19 19

 18 19 22

 11 22 18

 11 18 19

 36 20 22

 36 22 11

 20 22 19

 20 19 22

 11 42 3

 11 3 48

 35 19 42

 35 42 11

 19 36 11

 19 11 42

 19 23 48

 19 48 16

 19 18 23

 19 23 19

 18 35 11

 18 11 23

 18 20 18

 18 18 23

 19 27 20

 19 20 18

 27 19 19

 27 19 20

 20 18 11

 20 11 27

 31 23 18

 31 18 20

 23 19 18

 23 18 18

 22 19 27

 22 27 27

 27 20 19

 27 19 22

 20 31 20

 20 20 19

 27 19 27

 27 27 27

 22 19 19

 22 19 27

 19 27 22

 19 22 19

 23 19 19

 23 19 23

 20 19 19

 20 19 23

 19 22 27

 19 27 19

 20 20 23

 20 23 24

 14 18 20

 14 20 20

 18 20 23

 18 23 20

 24 20 24

 24 24 14

 18 24 20

 18 20 24

 24 14 20

 24 20 20

 14 20 24

 14 24 11

 33 25 20

 33 20 14

 25 18 24

 25 24 20

 11 24 23

 11 23 4

 14 1 24

 14 24 11

 1 33 14

 1 14 24

 11 20 14

 11 14 24

 18 11 20

 18 20 11

 11 14 11

 11 11 20

 23 23 20

 23 20 24

 19 9 23

 19 23 23

 9 18 11

 9 11 23

 19 23 23

 19 23 23

 23 20 23

 23 23 19

 20 19 23

 20 23 23

 30 23 22

 30 22 23

 23 18 23

 23 23 30

 18 23 19

 18 19 23

 27 1 32

 27 32 14

 24 33 1

 24 1 27

 33 23 30

 33 30 1

 22 23 30

 22 30 33

 11 32 23

 11 23 22

 32 24 27

 32 27 23

 24 34 24

 24 24 22

 29 0 34

 29 34 24

 0 11 22

 0 22 34

 32 19 20

 32 20 19

 24 24 19

 24 19 32

 24 29 24

 24 24 19

 19 23 22

 19 22 20

 18 22 23

 18 23 19

 22 24 32

 22 32 23

 20 23 18

 20 18 23

 19 23 23

 19 23 20

 23 18 19

 23 19 23

 19 22 23

 19 23 18

 18 23 22

 18 22 19

 23 19 20

 23 20 22

 2 12 1

 2 1 10

 26 11 12

 26 12 2

 11 18 19

 11 19 12

 4 29 17

 4 17 2

 23 20 29

 23 29 4

 20 9 25

 20 25 29

 14 4 15

 14 15 1

 18 18 4

 18 4 14

 18 23 4

 18 4 4

 19 18 14

 19 14 20

 23 23 18

 23 18 19

 23 18 14

 23 14 18

 27 18 27

 27 27 27

 20 23 18

 20 18 27

 23 23 19

 23 19 18

 32 27 31

 32 31 35

 20 22 27

 20 27 32

 22 20 27

 22 27 27

 30 22 36

 30 36 42

 23 19 22

 23 22 30

 19 20 32

 19 32 22

 22 30 35

 22 35 36

 19 18 30

 19 30 22

 18 23 30

 18 30 30

 19 30 35

 19 35 32

 19 18 30

 19 30 19

 18 19 22

 18 22 30

 19 18 32

 19 32 22

 22 19 18

 22 18 19

 19 19 19

 19 19 18

 22 19 22

 22 22 18

 22 22 19

 22 19 22

 22 22 19

 22 19 19

 8 20 19

 8 19 44

 19 18 20

 19 20 8

 18 22 22

 18 22 20

 44 44 44

 44 44 44

 48 3 44

 48 44 44

 3 19 8

 3 8 44

 44 44 44

 44 44 44

 16 48 44

 16 44 44

 48 48 44

 48 44 44

 44 44 44

 44 44 44

 23 18 44

 23 44 44

 18 16 44

 18 44 44

 11 14 44

 11 44 2

 27 11 14

 27 14 11

 11 23 44

 11 44 14

 30 20 35

 30 35 14

 27 27 20

 27 20 30

 27 27 11

 27 11 20

 30 18 22

 30 22 22

 27 27 18

 27 18 30

 27 27 30

 27 30 18

 18 18 27

 18 27 18

 23 19 18

 23 18 18

 19 27 30

 19 30 18

 24 23 23

 24 23 23

 24 23 23

 24 23 24

 23 23 18

 23 18 23

 14 20 11

 14 11 24

 14 24 20

 14 20 14

 24 24 24

 24 24 20

 20 14 14

 20 14 14

 11 24 14

 11 14 20

 24 14 14

 24 14 14

 24 24 20

 24 20 24

 4 23 24

 4 24 24

 23 11 20

 23 20 24

 20 24 24

 20 24 18

 24 14 24

 24 24 20

 14 4 24

 14 24 24

 24 18 1

 24 1 18

 24 20 18

 24 18 24

 20 24 20

 20 20 18

 19 20 18

 19 18 14

 23 23 20

 23 20 19

 23 24 24

 23 24 20

 30 11 23

 30 23 14

 23 22 11

 23 11 30

 22 23 19

 22 19 11

 30 19 22

 30 22 22

 14 32 19

 14 19 30

 32 23 30

 32 30 19

 20 19 20

 20 20 19

 33 30 19

 33 19 20

 30 14 30

 30 30 19

 14 30 23

 14 23 22

 22 24 30

 22 30 14

 24 33 20

 24 20 30

 19 22 19

 19 19 20

 19 20 22

 19 22 19

 20 22 14

 20 14 22

 19 14 18

 19 18 24

 20 22 14

 20 14 19

 22 19 19

 22 19 14

 23 23 22

 23 22 20

 23 18 23

 23 23 23

 18 20 19

 18 19 23

 4 23 4

 4 4 9

 18 23 23

 18 23 4

 23 23 23

 23 23 23

 7 0 7

 7 7 28

 10 1 0

 10 0 7

 1 18 4

 1 4 0

 22 3 24

 22 24 23

 20 14 3

 20 3 22

 14 1 6

 14 6 3

 31 22 32

 31 32 31

 27 27 22

 27 22 31

 27 20 22

 27 22 22

 19 11 6

 19 6 6

 41 37 11

 41 11 19

 37 33 3

 37 3 11

 18 1 6

 18 6 6

 36 31 1

 36 1 18

 31 32 12

 31 12 1

 20 19 29

 20 29 3

 37 37 19

 37 19 20

 37 36 18

 37 18 19

 19 23 0

 19 0 3

 42 36 23

 42 23 19

 36 35 18

 36 18 23

 30 27 33

 30 33 18

 22 32 27

 22 27 30

 32 32 31

 32 31 27

 18 18 18

 18 18 12

 18 22 18

 18 18 18

 22 22 30

 22 30 18

 44 11 33

 44 33 48

 44 19 11

 44 11 44

 19 18 18

 19 18 11

 44 44 44

 44 44 44

 44 44 44

 44 44 44

 44 44 44

 44 44 44

 44 44 44

 44 44 44

 44 44 44

 44 44 44

 44 44 44

 44 44 44

 44 44 44

 44 44 44

 44 44 44

 44 44 44

 44 44 44

 44 44 44

 44 44 44

 44 44 44

 2 44 44

 2 44 44

 44 44 44

 44 44 44

 35 20 44

 35 44 11

 14 35 20

 14 20 35

 35 2 44

 35 44 20

 30 23 23

 30 23 30

 22 22 23

 22 23 30

 22 14 35

 22 35 23

 19 19 18

 19 18 23

 18 27 19

 18 19 19

 27 22 30

 27 30 19

 20 18 23

 20 23 20

 23 23 18

 23 18 20

 23 18 19

 23 19 18

 14 23 20

 14 20 24

 24 11 23

 24 23 14

 11 23 20

 11 20 23

 14 24 11

 14 11 11

 14 14 24

 14 24 14

 14 24 14

 14 14 24

 24 24 14

 24 14 11

 24 20 24

 24 24 24

 20 14 14

 20 14 24

 12 20 14

 12 14 20

 18 24 20

 18 20 12

 24 24 24

 24 24 20

 1 24 4

 1 4 20

 18 1 24

 18 24 1

 1 18 12

 1 12 24

 22 18 20

 22 20 23

 14 18 18

 14 18 22

 18 18 1

 18 1 18

 30 24 22

 30 22 18

 14 23 24

 14 24 30

 23 14 22

 23 22 24

 19 23 19

 19 19 19

 22 22 23

 22 23 19

 22 14 30

 22 30 23

 20 22 23

 20 23 18

 19 20 22

 19 22 20

 20 22 19

 20 19 22

 18 19 20

 18 20 20

 22 23 19

 22 19 18

 23 19 20

 23 20 19

 27 20 18

 27 18 20

 20 19 20

 20 20 27

 19 22 18

 19 18 20

 19 20 19

 19 19 20

 24 18 20

 24 20 19

 18 20 27

 18 27 20

 24 20 20

 24 20 6

 20 22 20

 20 20 24

 22 24 19

 22 19 20

 17 3 6

 17 6 5

 9 4 3

 9 3 17

 4 20 24

 4 24 3

 19 12 1

 19 1 18

 23 24 12

 23 12 19

 24 13 13

 24 13 12

 37 30 30

 37 30 55

 31 32 30

 31 30 37

 32 23 19

 32 19 30

 19 18 29

 19 29 0

 36 37 18

 36 18 19

 37 37 20

 37 20 18

 24 19 0

 24 0 29

 36 35 19

 36 19 24

 35 42 19

 35 19 19

 3 18 25

 3 25 8

 33 37 18

 33 18 3

 37 75 35

 37 35 18

 1 12 25

 1 25 39

 34 31 12

 34 12 1

 31 31 18

 31 18 12

 30 32 32

 30 32 27

 18 33 32

 18 32 30

 33 36 37

 33 37 32

 32 24 23

 32 23 4

 12 18 24

 12 24 32

 18 18 30

 18 30 24

 35 23 30

 35 30 3

 48 33 23

 48 23 35

 33 12 32

 33 32 23

 44 43 14

 44 14 14

 44 44 43

 44 43 44

 44 48 35

 44 35 43

 44 44 47

 44 47 44

 44 44 44

 44 44 44

 44 44 44

 44 44 44

 44 44 44

 44 44 44

 44 44 44

 44 44 44

 44 44 44

 44 44 44

 44 44 44

 44 44 44

 44 44 44

 44 44 44

 44 44 44

 44 44 44

 23 44 46

 23 46 18

 11 44 44

 11 44 23

 44 44 44

 44 44 44

 22 22 20

 22 20 30

 30 23 22

 30 22 22

 23 11 23

 23 23 22

 30 27 22

 30 22 22

 23 18 27

 23 27 30

 18 30 22

 18 22 27

 20 23 23

 20 23 24

 24 20 23

 24 23 20

 20 20 24

 20 24 23

 20 24 20

 20 20 20

 11 11 24

 11 24 20

 11 24 20

 11 20 24

 20 20 23

 20 23 23

 11 14 20

 11 20 20

 14 11 20

 14 20 20

 24 14 24

 24 24 24

 20 14 14

 20 14 24

 14 11 20

 14 20 14

 19 20 20

 19 20 20

 20 4 20

 20 20 19

 4 20 24

 4 24 20

 18 23 18

 18 18 20

 23 20 23

 23 23 18

 20 20 19

 20 19 23

 30 23 19

 30 19 23

 18 22 23

 18 23 30

 22 23 18

 22 18 23

 19 20 27

 19 27 20

 19 19 20

 19 20 19

 19 18 30

 19 30 20

 18 18 18

 18 18 23

 18 23 18

 18 18 18

 23 19 19

 23 19 18

 19 18 22

 19 22 18

 20 20 18

 20 18 19

 20 18 18

 20 18 18

 14 18 24

 14 24 3

 20 18 18

 20 18 14

 18 20 19

 18 19 18

 4 12 13

 4 13 7

 20 19 12

 20 12 4

 19 20 14

 19 14 12

 15 0 17

 15 17 28

 6 20 0

 6 0 15

 20 20 4

 20 4 0

 18 11 23

 18 23 30

 18 1 11

 18 11 18

 1 13 6

 1 6 11

 55 35 37

 55 37 68

 55 30 35

 55 35 55

 30 18 18

 30 18 35

 35 18 0

 35 0 11

 75 37 18

 75 18 35

 37 34 1

 37 1 18

 12 24 6

 12 6 16

 32 35 24

 32 24 12

 35 36 24

 35 24 24

 36 20 25

 36 25 17

 68 37 20

 68 20 36

 37 30 9

 37 9 20

 3 4 17

 3 17 39

 27 31 4

 27 4 3

 31 31 20

 31 20 4

 27 32 35

 27 35 19

 27 32 32

 27 32 27

 32 37 37

 32 37 32

 24 19 18

 24 18 20

 4 23 19

 4 19 24

 23 27 27

 23 27 19

 24 14 14

 24 14 20

 3 30 14

 3 14 24

 30 4 24

 30 24 14

 14 14 11

 14 11 11

 14 14 14

 14 14 14

 14 3 24

 14 24 14

 45 14 11

 45 11 3

 44 47 14

 44 14 45

 47 14 14

 47 14 14

 44 44 14

 44 14 12

 44 44 44

 44 44 44

 44 44 45

 44 45 44

 43 44 11

 43 11 24

 44 44 44

 44 44 43

 44 44 44

 44 44 44

 11 23 1

 11 1 33

 18 46 23

 18 23 11

 46 44 43

 46 43 23

 24 35 19

 24 19 42

 30 20 35

 30 35 24

 20 18 11

 20 11 35

 27 19 23

 27 23 27

 22 22 19

 22 19 27

 22 30 24

 22 24 19

 23 18 27

 23 27 23

 20 18 18

 20 18 23

 18 22 27

 18 27 18

 20 24 19

 20 19 20

 24 23 24

 24 24 20

 23 20 23

 23 23 24

 23 23 18

 23 18 18

 20 20 23

 20 23 23

 20 24 20

 20 20 23

 24 23 20

 24 20 19

 23 23 23

 23 23 24

 23 20 23

 23 23 23

 14 22 24

 14 24 18

 24 24 22

 24 22 14

 24 23 24

 24 24 22

 18 20 23

 18 23 23

 20 20 20

 20 20 18

 20 24 14

 20 14 20

 19 23 22

 19 22 19

 20 18 23

 20 23 19

 18 20 18

 18 18 23

 22 23 22

 22 22 19

 23 19 23

 23 23 22

 19 20 19

 19 19 23

 18 18 19

 18 19 18

 20 27 18

 20 18 18

 27 23 22

 27 22 18

 14 20 11

 14 11 3

 23 18 20

 23 20 14

 18 20 18

 18 18 20

 11 1 6

 11 6 2

 18 22 1

 18 1 11

 22 23 14

 22 14 1

 13 0 13

 13 13 76

 3 24 0

 3 0 13

 24 18 11

 24 11 0

 1 9 4

 1 4 19

 7 26 9

 7 9 1

 26 38 5

 26 5 9

 11 4 23

 11 23 18

 13 5 4

 13 4 11

 5 7 1

 5 1 4

 11 4 18

 11 18 23

 2 13 4

 2 4 11

 13 13 11

 13 11 4

 6 6 11

 6 11 0

 39 2 6

 39 6 6

 2 2 11

 2 11 6

 42 20 19

 42 19 35

 30 23 20

 30 20 42

 23 9 3

 23 3 20

 20 23 25

 20 25 15

 31 37 23

 31 23 20

 37 55 18

 37 18 23

 9 12 15

 9 15 38

 30 42 12

 30 12 9

 42 35 19

 42 19 12

 3 11 6

 3 6 40

 27 31 11

 27 11 3

 31 42 20

 31 20 11

 18 30 39

 18 39 15

 55 55 30

 55 30 18

 55 68 36

 55 36 30

 20 19 29

 20 29 6

 42 31 19

 42 19 20

 31 41 18

 31 18 19

 32 27 34

 32 34 19

 19 35 27

 19 27 32

 35 36 41

 35 41 27

 19 20 27

 19 27 23

 20 18 20

 20 20 19

 18 19 32

 18 32 20

 20 20 23

 20 23 23

 20 14 20

 20 20 20

 14 20 19

 14 19 20

 11 20 14

 11 14 24

 11 11 20

 11 20 11

 11 20 20

 11 20 20

 4 20 14

 4 14 14

 3 11 20

 3 20 4

 11 11 11

 11 11 20

 14 14 24

 14 24 14

 12 14 14

 12 14 14

 14 3 4

 14 4 14

 24 24 24

 24 24 18

 24 11 24

 24 24 24

 11 12 14

 11 14 24

 14 18 18

 14 18 22

 33 1 18

 33 18 14

 1 24 24

 1 24 18

 20 35 19

 20 19 30

 42 19 35

 42 35 20

 19 33 14

 19 14 35

 19 22 27

 19 27 30

 27 23 22

 27 22 19

 23 42 20

 23 20 22

 27 18 27

 27 27 18

 23 27 18

 23 18 27

 27 27 19

 27 19 18

 23 23 27

 23 27 19

 20 19 23

 20 23 23

 19 23 27

 19 27 23

 23 18 18

 23 18 22

 18 18 18

 18 18 23

 18 20 23

 18 23 18

 23 18 18

 23 18 19

 19 20 18

 19 18 23

 20 18 23

 20 23 18

 23 19 19

 23 19 18

 18 24 19

 18 19 23

 24 19 23

 24 23 19

 20 19 23

 20 23 4

 23 23 19

 23 19 20

 23 18 23

 23 23 19

 24 14 6

 24 6 17

 19 22 14

 19 14 24

 22 23 20

 22 20 14

 14 14 17

 14 17 7

 19 22 14

 19 14 14

 22 19 24

 22 24 14

 1 11 13

 1 13 10

 18 19 11

 18 11 1

 19 19 14

 19 14 11

 15 0 5

 15 5 16

 3 11 0

 3 0 15

 11 18 1

 11 1 0

 20 11 4

 20 4 19

 19 4 11

 19 11 20

 4 5 5

 4 5 11

 18 18 24

 18 24 18

 18 23 18

 18 18 18

 23 19 20

 23 20 18

 23 23 23

 23 23 23

 23 18 23

 23 23 23

 18 18 18

 18 18 23

 24 23 23

 24 23 18

 0 11 23

 0 23 24

 11 23 23

 11 23 23

 11 1 18

 11 18 18

 17 6 1

 17 1 11

 6 0 24

 6 24 1

 1 4 23

 1 23 19

 17 13 4

 17 4 1

 13 17 11

 13 11 4

 20 1 20

 20 20 23

 9 6 1

 9 1 20

 6 17 1

 6 1 1

 36 22 32

 36 32 42

 35 19 22

 35 22 36

 19 9 20

 19 20 22

 18 4 17

 18 17 6

 42 35 4

 42 4 18

 35 27 3

 35 3 4

 18 19 0

 18 0 9

 41 36 19

 41 19 18

 36 41 19

 36 19 19

 18 20 9

 18 9 6

 31 41 20

 31 20 18

 41 36 19

 41 19 20

 19 20 12

 19 12 17

 35 36 20

 35 20 19

 36 42 18

 36 18 20

 18 4 6

 18 6 15

 35 31 4

 35 4 18

 31 27 3

 31 3 4

 32 32 30

 32 30 32

 19 34 32

 19 32 32

 34 31 31

 34 31 32

 22 22 22

 22 22 27

 23 27 22

 23 22 22

 27 19 32

 27 32 22

 20 23 19

 20 19 19

 23 23 23

 23 23 20

 23 23 22

 23 22 23

 14 20 19

 14 19 20

 24 14 20

 24 20 14

 14 23 20

 14 20 20

 14 23 18

 14 18 23

 14 14 23

 14 23 14

 14 24 14

 14 14 23

 24 23 20

 24 20 18

 14 24 23

 14 23 24

 24 14 14

 24 14 23

 18 23 27

 18 27 19

 18 24 23

 18 23 18

 24 14 24

 24 24 23

 19 19 27

 19 27 22

 22 18 19

 22 19 19

 18 18 18

 18 18 19

 22 18 22

 22 22 27

 30 19 18

 30 18 22

 19 22 19

 19 19 18

 22 22 22

 22 22 19

 30 27 22

 30 22 22

 27 30 22

 27 22 22

 27 18 19

 27 19 18

 18 27 18

 18 18 27

 27 30 22

 27 22 18

 18 20 30

 18 30 19

 19 27 20

 19 20 18

 27 18 27

 27 27 20

 18 22 27

 18 27 22

 22 18 22

 22 22 18

 18 19 18

 18 18 22

 18 18 19

 18 19 19

 19 18 18

 19 18 18

 18 22 18

 18 18 18

 22 18 27

 22 27 18

 18 19 18

 18 18 22

 19 19 18

 19 18 18

 6 11 14

 6 14 15

 4 23 11

 4 11 6

 23 18 22

 23 22 11

 4 9 2

 4 2 13

 19 4 9

 19 9 4

 4 26 5

 4 5 9

 14 14 13

 14 13 3

 18 24 14

 18 14 14

 24 19 4

 24 4 14

 18 23 14

 18 14 23

 23 23 23

 23 23 18

 23 18 14

 23 14 23

 18 19 19

 18 19 23

 18 23 19

 18 19 18

 23 23 18

 23 18 19

 18 20 18

 18 18 18

 18 18 20

 18 20 18

 18 18 18

 18 18 20

 24 22 20

 24 20 22

 19 23 22

 19 22 24

 23 18 18

 23 18 22

 19 19 23

 19 23 23

 23 20 19

 23 19 19

 20 19 24

 20 24 19

 35 27 30

 35 30 27

 42 32 27

 42 27 35

 32 23 19

 32 19 27

 22 36 27

 22 27 22

 34 37 36

 34 36 22

 37 75 37

 37 37 36

 27 19 27

 27 27 22

 32 30 19

 32 19 27

 30 34 22

 30 22 19

 30 19 32

 30 32 27

 27 22 19

 27 19 30

 22 32 27

 22 27 19

 30 22 34

 30 34 27

 19 19 22

 19 22 30

 19 27 30

 19 30 22

 19 18 32

 19 32 19

 20 19 18

 20 18 19

 19 19 30

 19 30 18

 20 19 27

 20 27 30

 23 18 19

 23 19 20

 18 20 19

 18 19 19

 22 18 22

 22 22 22

 18 20 18

 18 18 22

 20 23 20

 20 20 18

 27 23 32

 27 32 23

 19 27 23

 19 23 27

 27 18 22

 27 22 23

 22 18 30

 22 30 22

 22 27 18

 22 18 22

 27 19 27

 27 27 18

 23 19 18

 23 18 20

 27 22 19

 27 19 23

 22 22 22

 22 22 19

 11 18 24

 11 24 32

 19 22 18

 19 18 11

 22 27 23

 22 23 18

 11 32 23

 11 23 24

 18 19 32

 18 32 11

 19 19 11

 19 11 32

 23 3 7

 23 7 9

 19 30 3

 19 3 23

 30 18 11

 30 11 3

 22 18 24

 22 24 19

 22 27 18

 22 18 22

 27 19 23

 27 23 18

 19 23 19

 19 19 23

 19 19 23

 19 23 19

 19 22 22

 19 22 23

 14 18 14

 14 14 9

 18 27 18

 18 18 14

 27 19 19

 27 19 18

 5 9 17

 5 17 28

 15 14 9

 15 9 5

 14 18 14

 14 14 9

 24 0 13

 24 13 2

 23 14 0

 23 0 24

 14 3 17

 14 17 0

 24 1 6

 24 6 0

 23 19 1

 23 1 24

 19 23 24

 19 24 1

 23 23 20

 23 20 20

 18 18 23

 18 23 23

 18 23 24

 18 24 23

 20 23 23

 20 23 18

 22 20 23

 22 23 20

 20 18 23

 20 23 23

 19 18 19

 19 19 23

 23 23 18

 23 18 19

 23 22 20

 23 20 18

 30 20 18

 30 18 20

 27 30 20

 27 20 30

 30 23 19

 30 19 20

 32 30 27

 32 27 22

 42 31 30

 42 30 32

 31 27 30

 31 30 30

 30 30 27

 30 27 30

 41 31 30

 41 30 30

 31 42 32

 31 32 30

 32 32 19

 32 19 19

 41 36 32

 41 32 32

 36 41 30

 36 30 32

 22 32 22

 22 22 24

 33 37 32

 33 32 22

 37 41 32

 37 32 32

 18 23 18

 18 18 23

 22 27 23

 22 23 18

 27 33 22

 27 22 23

 18 23 20

 18 20 23

 22 27 23

 22 23 18

 27 22 18

 27 18 23

 27 18 18

 27 18 23

 27 32 18

 27 18 27

 32 22 18

 32 18 18

 32 23 27

 32 27 22

 27 34 23

 27 23 32

 34 27 27

 34 27 23

 30 23 32

 30 32 22

 19 32 23

 19 23 30

 32 27 32

 32 32 23

 22 19 33

 22 33 30

 30 27 19

 30 19 22

 27 19 30

 27 30 19

 18 27 22

 18 22 22

 22 22 27

 22 27 18

 22 30 22

 22 22 27

 23 23 14

 23 14 34

 23 32 23

 23 23 23

 32 22 18

 32 18 23

 23 23 14

 23 14 1

 22 30 23

 22 23 23

 30 23 23

 30 23 23

 32 1 33

 32 33 24

 20 18 1

 20 1 32

 18 22 23

 18 23 1

 11 1 35

 11 35 1

 32 24 1

 32 1 11

 24 20 32

 24 32 1

 5 20 1

 5 1 3

 24 23 20

 24 20 5

 23 32 11

 23 11 20

 19 1 20

 19 20 19

 19 24 1

 19 1 19

 24 9 13

 24 13 1

 22 20 19

 22 19 20

 23 19 20

 23 20 22

 19 19 19

 19 19 20

 17 12 20

 17 20 10

 9 14 12

 9 12 17

 14 23 22

 14 22 12

 11 3 6

 11 6 0

 20 20 3

 20 3 11

 20 0 25

 20 25 3

 22 23 24

 22 24 20

 18 23 23

 18 23 22

 23 20 11

 23 11 23

 18 23 19

 18 19 20

 23 19 23

 23 23 18

 19 18 22

 19 22 23

 19 20 19

 19 19 19

 20 18 20

 20 20 19

 18 23 18

 18 18 20

 30 23 22

 30 22 22

 22 27 23

 22 23 30

 27 20 19

 27 19 23

 23 22 19

 23 19 19

 30 27 22

 30 22 23

 27 22 30

 27 30 22

 23 19 20

 23 20 23

 19 19 19

 19 19 23

 19 30 23

 19 23 19

 23 20 23

 23 23 11

 24 22 20

 24 20 23

 22 19 23

 22 23 20

 24 24 24

 24 24 11

 23 18 24

 23 24 24

 18 24 23

 18 23 24

 14 23 4

 14 4 20

 23 20 23

 23 23 14

 20 23 24

 20 24 23

 23 19 14

 23 14 20

 23 18 19

 23 19 23

 18 23 14

 18 14 19

 27 18 20

 27 20 18

 22 27 18

 22 18 27

 27 23 23

 27 23 18

 33 18 19

 33 19 22

 22 32 18

 22 18 33

 32 22 27

 32 27 18

 32 18 30

 32 30 18

 30 33 18

 30 18 32

 33 22 33

 33 33 18

 14 22 19

 14 19 20

 22 22 22

 22 22 14

 22 30 32

 22 32 22

 18 34 1

 18 1 32

 34 14 34

 34 34 18

 14 22 14

 14 14 34

 11 33 9

 11 9 11

 1 14 33

 1 33 11

 14 34 18

 14 18 33

 30 3 3

 30 3 23

 24 33 3

 24 3 30

 33 1 11

 33 11 3

 23 12 3

 23 3 4

 1 35 12

 1 12 23

 35 24 30

 35 30 12

 11 20 24

 11 24 20

 3 1 20

 3 20 11

 1 1 23

 1 23 20

 14 12 18

 14 18 20

 3 15 12

 3 12 14

 15 3 11

 15 11 12

 22 23 19

 22 19 20

 19 20 23

 19 23 22

 20 3 14

 20 14 23

 23 20 14

 23 14 9

 20 19 20

 20 20 23

 19 19 22

 19 22 20

 6 29 29

 6 29 76

 10 20 29

 10 29 6

 20 20 23

 20 23 29

 23 0 0

 23 0 9

 20 24 0

 20 0 23

 24 0 25

 24 25 0

 18 24 24

 18 24 20

 20 19 24

 20 24 18

 19 20 23

 19 23 24

 22 19 23

 22 23 27

 19 19 19

 19 19 22

 19 20 18

 19 18 19

 22 18 18

 22 18 27

 22 22 18

 22 18 22

 22 19 22

 22 22 18

 20 18 18

 20 18 23

 19 19 18

 19 18 20

 19 22 22

 19 22 18

 14 23 20

 14 20 20

 23 20 23

 23 23 14

 20 19 20

 20 20 23

 11 24 11

 11 11 12

 11 23 24

 11 24 11

 23 23 14

 23 14 24

 11 4 11

 11 11 3

 11 24 4

 11 4 11

 24 11 11

 24 11 4

 4 14 4

 4 4 14

 20 4 14

 20 14 4

 4 11 11

 4 11 14

 11 23 4

 11 4 24

 20 14 23

 20 23 11

 14 20 4

 14 4 23

 14 20 1

 14 1 12

 18 20 20

 18 20 14

 20 20 11

 20 11 20

 22 1 17

 22 17 3

 22 19 1

 22 1 22

 19 18 14

 19 14 1

 30 23 23

 30 23 22

 18 30 23

 18 23 30

 30 22 22

 30 22 23

 23 18 18

 23 18 19

 20 19 18

 20 18 23

 19 18 30

 19 30 18

 9 23 4

 9 4 32

 32 1 23

 32 23 9

 1 20 23

 1 23 23

 25 32 20

 25 20 27

 11 9 32

 11 32 25

 9 32 9

 9 9 32

 14 27 0

 14 0 27

 23 3 27

 23 27 14

 3 11 25

 3 25 27

 20 30 14

 20 14 32

 4 3 30

 4 30 20

 3 23 14

 3 14 30

 22 27 31

 22 31 32

 20 24 27

 20 27 22

 24 4 20

 24 20 27

 18 23 19

 18 19 20

 20 18 23

 20 23 18

 18 20 22

 18 22 23

 19 24 23

 19 23 18

 20 19 24

 20 24 19

 19 20 18

 19 18 24

 0 11 23

 0 23 29

 9 14 11

 9 11 0

 14 20 19

 14 19 11

 18 1 14

 18 14 20

 20 24 1

 20 1 18

 24 9 25

 24 25 1

 19 23 19

 19 19 27

 27 23 23

 27 23 19

 23 20 18

 23 18 23

 18 22 19

 18 19 19

 27 18 22

 27 22 18

 18 27 19

 18 19 22

 23 23 20

 23 20 20

 23 18 23

 23 23 23

 18 27 18

 18 18 23

 24 23 24

 24 24 11

 20 20 23

 20 23 24

 20 23 23

 20 23 23

 11 24 1

 11 1 12

 12 11 24

 12 24 11

 11 20 24

 11 24 24

 12 1 4

 12 4 0

 3 11 1

 3 1 12

 11 12 11

 11 11 1

 1 1 12

 1 12 3

 14 4 1

 14 1 1

 4 3 12

 4 12 1

 14 14 11

 14 11 11

 24 4 14

 24 14 14

 4 14 1

 4 1 14

 6 1 1

 6 1 12

 12 1 1

 12 1 6

 1 24 14

 1 14 1

 27 1 14

 27 14 32

 22 23 1

 22 1 27

 23 3 17

 23 17 1

 14 22 20

 14 20 19

 19 18 22

 19 22 14

 18 22 27

 18 27 22

 12 18 14

 12 14 23

 32 4 18

 32 18 12

 4 19 14

 4 14 18

 12 32 11

 12 11 14

 27 20 32

 27 32 12

 20 32 12

 20 12 32

 1 24 24

 1 24 11

 27 0 24

 27 24 1

 0 27 12

 0 12 24

 37 30 23

 37 23 33

 32 14 30

 32 30 37

 14 27 1

 14 1 30

 23 30 19

 23 19 23

 20 19 30

 20 30 23

 19 32 31

 19 31 30

 27 19 18

 27 18 18

 18 23 19

 18 19 27

 23 20 23

 23 23 19

 25 4 24

 25 24 3

 29 23 4

 29 4 25

 23 18 27

 23 27 4

 1 0 4

 1 4 23

 7 2 0

 7 0 1

 2 16 13

 2 13 0

 24 14 18

 24 18 18

 1 17 14

 1 14 24

 17 7 1

 17 1 14

 19 20 23

 19 23 23

 20 14 20

 20 20 19

 14 1 24

 14 24 20

 30 23 19

 30 19 22

 27 19 23

 27 23 30

 19 20 19

 19 19 23

 22 19 19

 22 19 19

 19 19 19

 19 19 22

 19 27 30

 19 30 19

 23 20 18

 23 18 20

 20 20 20

 20 20 23

 20 19 22

 20 22 20

 11 20 20

 11 20 11

 11 24 20

 11 20 11

 24 20 23

 24 23 20

 11 14 14

 11 14 1

 12 1 14

 12 14 11

 1 11 11

 1 11 14

 1 11 1

 1 1 3

 0 4 11

 0 11 1

 4 12 11

 4 11 11

 14 4 11

 14 11 1

 3 12 4

 3 4 14

 12 0 1

 12 1 4

 24 11 24

 24 24 11

 11 11 11

 11 11 24

 11 3 14

 11 14 11

 14 14 20

 14 20 23

 12 1 14

 12 14 14

 1 11 24

 1 24 14

 20 11 18

 20 18 27

 1 15 11

 1 11 20

 15 12 14

 15 14 11

 22 22 18

 22 18 30

 32 14 22

 32 22 22

 14 1 20

 14 20 22

 24 30 19

 24 19 19

 19 20 30

 19 30 24

 20 32 22

 20 22 30

 14 18 20

 14 20 20

 23 14 18

 23 18 14

 14 19 24

 14 24 18

 24 20 23

 24 23 20

 14 11 20

 14 20 24

 11 23 14

 11 14 20

 14 14 20

 14 20 14

 11 24 14

 11 14 14

 24 14 24

 24 24 14

 22 14 20

 22 20 24

 33 23 14

 33 14 22

 23 11 14

 23 14 14

 27 30 23

 27 23 14

 32 36 30

 32 30 27

 36 33 22

 36 22 30

 18 20 22

 18 22 20

 23 19 20

 23 20 18

 19 32 27

 19 27 20

 19 23 23

 19 23 19

 18 18 23

 18 23 19

 18 23 18

 18 18 23

 14 18 23

 14 23 19

 3 24 18

 3 18 14

 24 18 19

 24 19 18

 6 12 4

 6 4 9

 7 6 12

 7 12 6

 6 3 14

 6 14 12

 14 25 11

 14 11 20

 29 15 25

 29 25 14

 15 40 13

 15 13 25

 20 20 19

 20 19 18

 23 4 20

 23 20 20

 4 29 14

 4 14 20

 20 18 20

 20 20 19

 18 18 18

 18 18 20

 18 23 20

 18 20 18

 18 23 20

 18 20 18

 23 23 23

 23 23 18

 23 18 20

 23 20 23

 19 18 18

 19 18 19

 22 19 18

 22 18 19

 19 23 18

 19 18 18

 22 19 23

 22 23 30

 19 19 19

 19 19 22

 19 22 19

 19 19 19

 18 19 23

 18 23 22

 20 18 19

 20 19 18

 18 19 22

 18 22 19

 24 23 23

 24 23 24

 11 20 23

 11 23 24

 20 20 18

 20 18 23

 14 14 24

 14 24 14

 1 14 14

 1 14 14

 14 11 24

 14 24 14

 4 4 20

 4 20 11

 3 1 4

 3 4 4

 1 1 14

 1 14 4

 14 11 14

 14 14 11

 1 11 11

 1 11 14

 11 3 4

 11 4 11

 23 14 20

 23 20 24

 11 24 14

 11 14 23

 24 1 14

 24 14 14

 18 23 20

 18 20 18

 23 20 23

 23 23 18

 20 11 23

 20 23 23

 23 22 24

 23 24 4

 27 18 22

 27 22 23

 18 23 18

 18 18 22

 18 11 17

 18 17 1

 30 18 11

 30 11 18

 18 27 23

 18 23 11

 19 22 24

 19 24 23

 19 19 22

 19 22 19

 19 30 18

 19 18 22

 23 23 22

 23 22 23

 20 20 23

 20 23 23

 20 19 19

 20 19 23

 23 18 18

 23 18 19

 20 23 18

 20 18 23

 23 20 23

 23 23 18

 20 20 23

 20 23 18

 14 20 20

 14 20 20

 20 20 23

 20 23 20

 20 24 19

 20 19 20

 24 20 24

 24 24 20

 20 14 20

 20 20 24

 22 14 18

 22 18 23

 14 23 14

 14 14 22

 23 24 20

 23 20 14

 22 24 27

 22 27 23

 20 22 24

 20 24 22

 22 14 22

 22 22 24

 18 18 19

 18 19 19

 19 23 18

 19 18 18

 23 20 22

 23 22 18

 23 22 23

 23 23 19

 19 23 22

 19 22 23

 23 19 18

 23 18 22

 11 18 23

 11 23 18

 9 4 18

 9 18 11

 4 19 23

 4 23 18

 12 11 20

 12 20 22

 15 13 11

 15 11 12

 13 9 11

 13 11 11

 13 1 1

 13 1 9

 28 13 1

 28 1 13

 13 15 12

 13 12 1

 19 1 4

 19 4 18

 20 11 1

 20 1 19

 11 26 13

 11 13 1

 23 23 18

 23 18 24

 18 19 23

 18 23 23

 19 20 19

 19 19 23

 20 19 23

 20 23 18

 19 20 19

 19 19 20

 20 18 23

 20 23 19

 23 19 23

 23 23 18

 18 20 19

 18 19 23

 20 19 20

 20 20 19

 19 18 20

 19 20 19

 19 18 18

 19 18 19

 18 18 23

 18 23 18

 18 19 19

 18 19 30

 30 23 19

 30 19 18

 23 19 19

 23 19 19

 19 22 22

 19 22 22

 22 23 22

 22 22 19

 23 30 18

 23 18 22

 20 19 18

 20 18 22

 24 23 19

 24 19 20

 23 22 19

 23 19 19

 24 18 20

 24 20 18

 14 24 18

 14 18 24

 24 24 20

 24 20 18

 24 18 20

 24 20 18

 11 20 18

 11 18 24

 20 14 24

 20 24 18

 24 20 23

 24 23 20

 11 14 20

 11 20 24

 14 11 24

 14 24 20

 23 23 18

 23 18 20

 24 20 23

 24 23 23

 20 11 24

 20 24 23

 19 20 22

 19 22 19

 18 20 20

 18 20 19

 20 24 23

 20 23 20

 6 1 20

 6 20 1

 4 24 1

 4 1 6

 24 18 19

 24 19 1

 22 12 20

 22 20 19

 23 24 12

 23 12 22

 24 1 13

 24 13 12

 18 18 22

 18 22 19

 23 22 18

 23 18 18

 22 23 22

 22 22 18

 24 19 23

 24 23 19

 19 18 19

 19 19 24

 18 23 18

 18 18 19

 18 18 23

 18 23 19

 18 23 18

 18 18 18

 23 19 24

 23 24 18

 18 18 19

 18 19 19

 20 19 18

 20 18 18

 19 18 18

 19 18 18

 19 23 22

 19 22 19

 23 18 23

 23 23 19

 18 20 18

 18 18 23

 22 18 19

 22 19 23

 23 27 18

 23 18 22

 27 23 19

 27 19 18

 18 23 22

 18 22 18

 19 19 23

 19 23 18

 19 23 22

 19 22 23

 24 18 18

 24 18 19

 19 23 18

 19 18 24

 23 19 18

 23 18 18

 23 18 20

 23 20 19

 18 23 18

 18 18 23

 23 19 24

 23 24 18

 20 22 23

 20 23 22

 22 20 22

 22 22 20

 20 18 23

 20 23 22

 12 19 23

 12 23 19

 9 1 19

 9 19 12

 1 22 20

 1 20 19

 17 3 4

 17 4 1

 5 17 3

 5 3 17

 17 9 12

 17 12 3

 23 4 12

 23 12 18

 18 4 4

 18 4 23

 4 7 10

 4 10 4

 19 23 18

 19 18 20

 24 18 23

 24 23 19

 18 18 23

 18 23 23

 19 20 22

 19 22 20

 18 23 20

 18 20 19

 23 24 19

 23 19 20

 23 18 18

 23 18 23

 18 23 18

 18 18 23

 23 18 19

 23 19 18

 18 18 20

 18 20 23

 19 20 18

 19 18 18

 20 18 23

 20 23 18

 27 19 18

 27 18 23

 30 19 19

 30 19 27

 19 19 18

 19 18 19

 22 18 22

 22 22 18

 22 22 18

 22 18 22

 22 30 27

 22 27 18

 18 18 27

 18 27 22

 22 18 18

 22 18 18

 18 22 22

 18 22 18

 20 19 22

 20 22 22

 18 20 19

 18 19 20

 20 22 18

 20 18 19

 23 19 22

 23 22 19

 18 20 19

 18 19 23

 20 18 20

 20 20 19

 18 18 19

 18 19 19

 20 23 18

 20 18 18

 23 18 23

 23 23 18

 20 23 19

 20 19 1

 20 18 23

 20 23 20

 18 20 18

 18 18 23

 20 1 29

 20 29 1

 19 22 1

 19 1 20

 22 20 20

 22 20 1

 24 19 24

 24 24 18

 1 20 19

 1 19 24

 20 19 20

 20 20 19

 24 4 18

 24 18 23

 3 17 4

 3 4 24

 17 1 24

 17 24 4

 19 18 18

 19 18 23

 19 20 18

 19 18 19

 20 3 24

 20 24 18

 18 23 23

 18 23 23

 19 22 23

 19 23 18

 22 19 19

 22 19 23

 19 19 22

 19 22 19

 19 23 19

 19 19 19

 23 19 18

 23 18 19

 18 19 18

 18 18 22

 19 23 19

 19 19 18

 23 19 19

 23 19 19

 18 19 23

 18 23 19

 19 19 19

 19 19 18

 19 19 18

 19 18 19

 18 18 19

 18 19 20

 19 22 18

 19 18 18

 22 19 18

 22 18 18

 18 18 19

 18 19 18

 23 19 18

 23 18 18

 19 19 18

 19 18 18

 19 23 19

 19 19 20

 18 22 23

 18 23 19

 22 23 18

 22 18 23

 18 23 19

 18 19 23

 19 18 23

 19 23 18

 18 18 19

 18 19 23

 24 18 23

 24 23 23

 19 20 18

 19 18 24

 20 19 18

 20 18 18

 23 23 23

 23 23 20

 22 23 23

 22 23 23

 23 19 24

 23 24 23

 20 23 18

 20 18 18

 19 23 23

 19 23 20

 23 22 23

 23 23 23

 1 19 18

 1 18 18

 1 4 19

 1 19 1

 4 19 20

 4 20 19

 1 11 20

 1 20 23

 6 6 11

 6 11 1

 6 1 1

 6 1 11

 1 4 19

 1 19 18

 13 13 4

 13 4 1

 13 6 1

 13 1 4

 4 1 23

 4 23 23

 13 13 1

 13 1 4

 13 13 1

 13 1 1

 1 1 20

 1 20 23

 2 7 1

 2 1 1

 7 13 4

 7 4 1

 17 29 11

 17 11 9

 58 7 29

 58 29 17

 7 2 1

 7 1 29

 4 3 5

 4 5 13

 18 12 3

 18 3 4

 12 7 26

 12 26 3

 14 11 17

 14 17 0

 20 18 11

 20 11 14

 18 18 4

 18 4 11

 19 14 24

 19 24 20

 20 22 14

 20 14 19

 22 20 14

 22 14 14

 23 24 19

 23 19 23

 23 18 24

 23 24 23

 18 20 19

 18 19 24

 23 23 19

 23 19 18

 23 20 23

 23 23 23

 20 23 23

 20 23 23

 18 20 18

 18 18 19

 23 18 20

 23 20 18

 18 23 23

 18 23 20

 22 23 18

 22 18 23

 18 22 23

 18 23 22

 22 23 18

 22 18 23

 22 23 22

 22 22 23

 22 27 23

 22 23 22

 27 18 22

 27 22 23

 19 23 27

 19 27 22

 22 22 23

 22 23 19

 22 22 22

 22 22 23

 23 18 22

 23 22 19

 19 22 18

 19 18 23

 22 22 19

 22 19 18

 27 18 22

 27 22 19

 19 19 18

 19 18 27

 19 19 23

 19 23 18

 6 1 18

 6 18 9

 1 19 1

 1 1 6

 19 19 27

 19 27 1

 23 4 11

 23 11 20

 18 24 4

 18 4 23

 24 1 15

 24 15 4

 18 20 18

 18 18 23

 23 18 20

 23 20 18

 18 18 23

 18 23 20

 23 23 23

 23 23 18

 23 18 23

 23 23 23

 18 23 18

 18 18 23

 18 23 23

 18 23 18

 23 23 23

 23 23 18

 23 23 23

 23 23 23

 18 18 18

 18 18 23

 19 22 18

 19 18 18

 22 23 18

 22 18 18

 23 23 20

 23 20 19

 22 18 23

 22 23 23

 18 19 18

 18 18 23

 19 19 23

 19 23 23

 19 23 19

 19 19 19

 23 22 23

 23 23 19

 18 23 18

 18 18 20

 20 19 23

 20 23 18

 19 19 19

 19 19 23

 23 19 18

 23 18 23

 18 19 19

 18 19 23

 19 20 18

 19 18 19

 18 23 23

 18 23 23

 20 19 23

 20 23 18

 19 18 23

 19 23 23

 23 20 18

 23 18 18

 23 19 20

 23 20 23

 19 20 18

 19 18 20

 19 18 23

 19 23 18

 23 23 18

 23 18 19

 23 23 23

 23 23 18

 19 23 23

 19 23 23

 20 23 23

 20 23 19

 23 23 19

 23 19 23

 18 24 18

 18 18 24

 18 18 24

 18 24 18

 18 20 19

 18 19 24

 19 23 18

 19 18 23

 18 18 23

 18 23 19

 18 18 18

 18 18 23

 23 23 18

 23 18 23

 23 20 23

 23 23 23

 20 18 19

 20 19 23

 19 18 18

 19 18 23

 18 19 18

 18 18 19

 19 23 23

 19 23 18

 18 20 18

 18 18 20

 23 23 20

 23 20 18

 23 18 19

 23 19 20

 18 18 19

 18 19 23

 23 20 18

 23 18 18

 20 23 18

 20 18 18

 4 18 20

 4 20 19

 9 11 18

 9 18 4

 11 23 18

 11 18 18

 3 24 20

 3 20 19

 6 13 24

 6 24 3

 13 9 4

 13 4 24

 11 14 20

 11 20 18

 13 7 14

 13 14 11

 7 6 3

 7 3 14

 11 1 19

 11 19 20

 26 13 1

 26 1 11

 13 13 11

 13 11 1

 6 25 20

 6 20 29

 58 7 25

 58 25 6

 7 26 11

 7 11 25

 20 0 0

 20 0 0

 20 24 0

 20 0 20

 24 0 29

 24 29 0

 18 14 24

 18 24 23

 23 19 14

 23 14 18

 19 20 20

 19 20 14

 11 23 14

 11 14 3

 18 19 23

 18 23 11

 19 23 18

 19 18 23

 14 12 15

 14 15 3

 19 18 12

 19 12 14

 18 18 11

 18 11 12

 18 18 11

 18 11 23

 23 18 18

 23 18 18

 18 19 14

 18 14 18

 19 23 18

 19 18 24

 23 22 23

 23 23 19

 22 23 18

 22 18 23

 19 18 23

 19 23 18

 22 27 18

 22 18 19

 27 23 19

 27 19 18

 19 22 23

 19 23 18

 19 22 22

 19 22 19

 22 22 19

 22 19 22

 19 23 18

 19 18 20

 19 22 23

 19 23 19

 22 19 19

 22 19 23

 24 20 18

 24 18 20

 9 18 20

 9 20 24

 18 19 19

 18 19 20

 14 1 18

 14 18 18

 3 17 1

 3 1 14

 17 9 24

 17 24 1

 18 20 23

 18 23 18

 20 11 20

 20 20 18

 11 3 14

 11 14 20

 18 18 18

 18 18 23

 23 18 18

 23 18 18

 18 20 18

 18 18 18

 23 23 20

 23 20 23

 18 23 23

 18 23 23

 23 23 18

 23 18 23

 18 23 23

 18 23 23

 18 23 23

 18 23 18

 23 18 23

 23 23 23

 23 18 18

 23 18 23

 23 18 18

 23 18 23

 18 18 18

 18 18 18

 18 18 18

 18 18 19

 19 20 18

 19 18 18

 20 23 23

 20 23 18

 23 23 20

 23 20 23

 23 23 23

 23 23 23

 23 19 18

 23 18 23

 23 20 23

 23 23 23

 20 18 20

 20 20 23

 18 23 23

 18 23 20

 23 18 23

 23 23 18

 23 18 18

 23 18 23

 18 20 23

 18 23 18

 19 23 18

 19 18 23

 23 23 23

 23 23 19

 23 23 23

 23 23 23

 20 20 18

 20 18 19

 18 18 20

 18 20 20

 18 23 19

 18 19 20

 24 18 20

 24 20 19

 18 23 18

 18 18 24

 23 18 20

 23 20 18

 19 23 23

 19 23 18

 23 23 23

 23 23 19

 23 18 24

 23 24 23

 19 23 23

 19 23 18

 24 18 23

 24 23 19

 18 23 19

 18 19 23

 18 18 18

 18 18 23

 23 18 18

 23 18 18

 18 24 19

 18 19 18

 20 19 23

 20 23 19

 23 18 19

 23 19 20

 18 23 18

 18 18 19

 19 18 20

 19 20 23

 23 18 18

 23 18 19

 18 23 20

 18 20 18

 22 20 27

 22 27 20

 20 18 20

 20 20 22

 18 23 19

 18 19 20

 22 24 22

 22 22 20

 23 19 24

 23 24 22

 19 20 22

 19 22 24

 18 20 19

 18 19 23

 19 20 20

 19 20 18

 20 23 22

 20 22 20

 23 18 19

 23 19 24

 19 20 18

 19 18 23

 20 19 18

 20 18 18

 20 23 18

 20 18 23

 18 20 23

 18 23 20

 20 19 23

 20 23 23

 19 20 23

 19 23 23

 20 19 20

 20 20 19

 19 18 20

 19 20 20

 14 23 23

 14 23 23

 29 20 23

 29 23 14

 20 20 19

 20 19 23

 11 4 18

 11 18 18

 13 6 4

 13 4 11

 6 29 14

 6 14 4

 5 0 4

 5 4 10

 38 5 0

 38 0 5

 5 13 11

 5 11 0

 18 4 14

 18 14 18

 23 24 4

 23 4 18

 24 0 6

 24 6 4

 7 1 11

 7 11 1

 3 14 1

 3 1 7

 14 23 18

 14 18 1

 23 3 14

 23 14 23

 23 11 3

 23 3 23

 11 3 13

 11 13 3

 23 20 19

 23 19 18

 24 18 20

 24 20 23

 18 23 23

 18 23 20

 23 19 23

 23 23 18

 18 23 19

 18 19 23

 23 24 23

 23 23 19

 19 23 18

 19 18 24

 18 23 23

 18 23 19

 23 18 23

 23 23 23

 22 20 22

 22 22 20

 20 18 20

 20 20 22

 18 18 19

 18 19 20

 19 23 19

 19 19 23

 20 18 23

 20 23 19

 18 20 22

 18 22 23

 20 18 18

 20 18 23

 18 18 18

 18 18 20

 18 20 19

 18 19 18

 20 23 20

 20 20 19

 18 23 23

 18 23 20

 23 18 20

 23 20 23

 20 18 23

 20 23 19

 23 18 18

 23 18 20

 18 18 20

 18 20 18

 18 18 23

 18 23 18

 23 20 18

 23 18 18

 20 23 20

 20 20 18

 19 23 23

 19 23 20

 23 23 23

 23 23 19

 23 23 18

 23 18 23

 19 20 18

 19 18 20

 23 18 20

 23 20 19

 18 23 19

 18 19 20

 23 18 18

 23 18 23

 19 18 18

 19 18 23

 18 23 19

 18 19 18

 18 18 23

 18 23 23

 23 20 18

 23 18 18

 20 19 23

 20 23 18

 23 18 18

 23 18 18

 23 23 18

 23 18 23

 23 23 18

 23 18 18

 20 27 20

 20 20 19

 18 23 27

 18 27 20

 23 23 23

 23 23 27

 23 19 23

 23 23 23

 23 18 19

 23 19 23

 18 18 20

 18 20 19

 23 23 20

 23 20 22

 19 18 23

 19 23 23

 18 23 23

 18 23 23

 24 22 24

 24 24 22

 19 20 22

 19 22 24

 20 19 23

 20 23 22

 23 27 20

 23 20 23

 18 23 27

 18 27 23

 23 19 24

 23 24 27

 19 20 23

 19 23 23

 18 23 20

 18 20 19

 23 18 23

 23 23 20

 23 23 18

 23 18 18

 23 18 23

 23 23 23

 18 18 19

 18 19 23

 23 19 23

 23 23 19

 19 23 19

 19 19 23

 23 23 23

 23 23 19

 19 23 23

 19 23 23

 23 20 23

 23 23 19

 20 19 23

 20 23 23

 18 20 18

 18 18 20

 20 27 20

 20 20 18

 27 23 19

 27 19 20

 18 24 23

 18 23 23

 20 22 24

 20 24 18

 22 20 18

 22 18 24

 24 20 11

 24 11 9

 23 19 20

 23 20 24

 19 20 18

 19 18 20

 20 9 6

 20 6 7

 24 19 9

 24 9 20

 19 23 24

 19 24 9

 14 1 6

 14 6 13

 23 18 1

 23 1 14

 18 24 20

 18 20 1

 4 24 17

 4 17 3

 23 23 24

 23 24 4

 23 23 14

 23 14 24

 23 23 4

 23 4 18

 23 23 23

 23 23 23

 23 23 4

 23 4 23

 18 19 18

 18 18 19

 18 18 19

 18 19 18

 18 23 23

 18 23 19

 2 4 1

 2 1 5

 10 4 4

 10 4 2

 4 18 18

 4 18 4

 18 1 14

 18 14 23

 18 14 1

 18 1 18

 14 25 13

 14 13 1

 1 19 23

 1 23 19

 1 11 19

 1 19 1

 11 18 18

 11 18 19

 11 4 23

 11 23 23

 12 2 4

 12 4 11

 2 1 1

 2 1 4

 22 23 22

 22 22 14

 23 14 23

 23 23 22

 14 12 11

 14 11 23

 23 23 22

 23 22 24

 18 19 23

 18 23 23

 19 23 22

 19 22 23

 23 23 23

 23 23 23

 18 23 23

 18 23 23

 23 18 23

 23 23 23

 19 23 23

 19 23 23

 24 18 23

 24 23 19

 18 18 23

 18 23 23

 19 23 23

 19 23 18

 20 22 23

 20 23 19

 22 24 19

 22 19 23

 18 20 23

 18 23 20

 23 19 20

 23 20 18

 19 20 19

 19 19 20

 18 18 23

 18 23 18

 23 18 18

 23 18 18

 18 23 18

 18 18 18

 18 18 19

 18 19 20

 19 20 18

 19 18 18

 20 23 18

 20 18 18

 23 19 18

 23 18 20

 19 23 19

 19 19 23

 23 19 18

 23 18 19

 19 23 18

 19 18 23

 18 23 23

 18 23 19

 23 19 23

 23 23 23

 18 23 18

 18 18 20

 20 23 23

 20 23 18

 23 18 19

 23 19 23

 19 23 23

 19 23 18

 20 18 23

 20 23 19

 18 20 18

 18 18 23

 20 18 18

 20 18 23

 23 18 18

 23 18 20

 18 20 19

 18 19 18

 19 23 18

 19 18 23

 23 23 23

 23 23 19

 23 23 20

 23 20 23

 23 20 18

 23 18 18

 18 18 20

 18 20 23

 18 23 19

 18 19 20

 20 18 20

 20 20 23

 19 20 18

 19 18 20

 20 18 23

 20 23 18

 23 18 19

 23 19 18

 23 23 18

 23 18 23

 23 19 20

 23 20 18

 23 23 23

 23 23 22

 22 20 23

 22 23 23

 20 23 23

 20 23 23

 20 19 23

 20 23 19

 22 24 19

 22 19 20

 24 22 23

 24 23 19

 23 23 23

 23 23 18

 23 20 23

 23 23 23

 20 22 20

 20 20 23

 18 18 18

 18 18 23

 23 23 18

 23 18 18

 23 23 23

 23 23 18

 23 23 20

 23 20 23

 18 18 23

 18 23 23

 18 23 18

 18 18 23

 23 18 20

 23 20 18

 19 23 18

 19 18 23

 23 18 23

 23 23 18

 23 23 23

 23 23 18

 23 23 23

 23 23 23

 23 19 23

 23 23 23

 14 18 11

 14 11 12

 20 18 18

 20 18 14

 18 23 23

 18 23 18

 11 14 17

 11 17 15

 23 23 14

 23 14 11

 23 20 14

 23 14 14

 17 0 2

 17 2 58

 9 11 0

 9 0 17

 11 23 11

 11 11 0

 1 9 5

 1 5 5

 18 4 9

 18 9 1

 4 3 15

 4 15 9

 4 11 2

 4 2 10

 19 18 11

 19 11 4

 18 18 1

 18 1 11

 26 25 21

 26 21 45

 5 1 25

 5 25 26

 1 19 4

 1 4 25

 4 12 4

 4 4 19

 9 6 12

 9 12 4

 6 5 13

 6 13 12

 19 23 18

 19 18 23

 23 14 23

 23 23 19

 14 9 4

 14 4 23

 23 23 23

 23 23 18

 19 23 23

 19 23 23

 23 23 19

 23 19 23

 19 18 22

 19 22 24

 23 23 18

 23 18 19

 23 19 23

 23 23 18

 27 14 22

 27 22 24

 14 22 14

 14 14 27

 22 23 19

 22 19 14

 22 24 22

 22 22 14

 24 22 24

 24 24 22

 22 14 27

 22 27 24

 24 20 20

 24 20 9

 23 23 20

 23 20 24

 23 24 22

 23 22 20

 1 1 6

 1 6 17

 23 23 1

 23 1 1

 23 23 24

 23 24 1

 1 11 13

 1 13 15

 18 23 11

 18 11 1

 23 23 1

 23 1 11

 12 11 7

 12 7 13

 20 23 11

 20 11 12

 23 18 1

 23 1 11

 4 11 5

 4 5 13

 18 23 11

 18 11 4

 23 20 12

 23 12 11

 14 1 13

 14 13 7

 20 19 1

 20 1 14

 19 18 4

 19 4 1

 4 3 2

 4 2 13

 20 18 3

 20 3 4

 18 20 14

 18 14 3

 11 4 13

 11 13 15

 23 18 4

 23 4 11

 18 20 4

 18 4 4

 11 12 6

 11 6 12

 20 18 12

 20 12 11

 18 23 11

 18 11 12

 18 23 24

 18 24 18

 18 23 23

 18 23 18

 23 20 11

 23 11 23

 18 18 23

 18 23 23

 23 18 18

 23 18 18

 18 18 18

 18 18 18

 19 18 23

 19 23 20

 23 18 18

 23 18 19

 18 23 18

 18 18 18

 18 18 23

 18 23 23

 18 18 18

 18 18 18

 18 23 19

 18 19 18

 18 23 23

 18 23 23

 23 20 23

 23 23 18

 20 18 18

 20 18 23

 18 23 19

 18 19 23

 18 19 23

 18 23 18

 19 23 18

 19 18 23

 20 18 20

 20 20 19

 22 23 18

 22 18 20

 23 18 18

 23 18 18

 20 19 20

 20 20 19

 19 23 19

 19 19 20

 23 22 20

 23 20 19

 18 23 20

 18 20 23

 18 23 23

 18 23 18

 23 19 20

 23 20 23

 19 18 23

 19 23 20

 23 18 18

 23 18 19

 18 18 18

 18 18 18

 24 23 20

 24 20 0

 23 20 23

 23 23 24

 20 23 19

 20 19 23

 14 11 6

 14 6 17

 18 20 11

 18 11 14

 20 23 24

 20 24 11

 12 1 7

 12 7 10

 18 23 1

 18 1 12

 23 18 14

 23 14 1

 15 0 2

 15 2 58

 12 11 0

 12 0 15

 11 18 12

 11 12 0

 14 0 11

 14 11 23

 9 13 0

 9 0 14

 13 39 2

 13 2 0

 23 19 23

 23 23 23

 19 4 19

 19 19 23

 4 9 14

 4 14 19

 23 23 23

 23 23 23

 23 18 23

 23 23 23

 18 19 23

 18 23 23

 18 20 18

 18 18 23

 18 23 20

 18 20 18

 23 23 23

 23 23 20

 19 20 19

 19 19 24

 24 22 20

 24 20 19

 22 18 18

 22 18 20

 18 24 19

 18 19 23

 24 22 24

 24 24 18

 22 24 19

 22 19 24

 20 14 24

 20 24 6

 14 22 14

 14 14 20

 22 24 18

 22 18 14

 29 0 6

 29 6 5

 9 20 0

 9 0 29

 20 14 20

 20 20 0

 20 4 11

 20 11 18

 18 24 4

 18 4 20

 24 12 15

 24 15 4

 23 23 24

 23 24 22

 23 23 23

 23 23 23

 23 18 20

 23 20 23

 19 18 20

 19 20 19

 20 23 18

 20 18 19

 23 23 23

 23 23 18

 23 23 23

 23 23 23

 23 23 23

 23 23 23

 23 20 19

 23 19 23

 19 23 18

 19 18 18

 23 23 23

 23 23 19

 23 23 23

 23 23 23

 18 23 23

 18 23 18

 23 19 23

 23 23 18

 19 23 19

 19 19 23

 24 18 23

 24 23 18

 19 20 18

 19 18 24

 20 23 18

 20 18 18

 11 19 4

 11 4 12

 19 20 19

 19 19 11

 20 19 24

 20 24 19

 1 11 15

 1 15 15

 23 20 11

 23 11 1

 20 19 11

 20 11 11

 11 12 13

 11 13 10

 20 23 12

 20 12 11

 23 23 1

 23 1 12

 6 25 13

 6 13 76

 0 20 25

 0 25 6

 20 20 11

 20 11 25

 19 4 1

 19 1 18

 23 11 4

 23 4 19

 11 26 13

 11 13 4

 23 23 20

 23 20 23

 23 23 23

 23 23 23

 23 23 19

 23 19 23

 19 18 18

 19 18 23

 23 23 18

 23 18 19

 23 23 23

 23 23 18

 22 18 18

 22 18 23

 23 18 18

 23 18 22

 18 23 19

 18 19 18

 20 24 24

 20 24 9

 24 19 24

 24 24 20

 19 23 22

 19 22 24

 14 4 17

 14 17 13

 23 19 4

 23 4 14

 19 24 20

 19 20 4

 6 0 13

 6 13 40

 6 24 0

 6 0 6

 24 23 14

 24 14 0

 1 9 6

 1 6 0

 18 11 9

 18 9 1

 11 13 13

 11 13 9

 14 19 1

 14 1 22

 22 24 19

 22 19 14

 24 18 1

 24 1 19

 23 22 24

 23 24 18

 19 20 22

 19 22 23

 20 22 14

 20 14 22

 23 23 24

 23 24 18

 23 23 23

 23 23 23

 23 19 23

 23 23 23

 19 18 23

 19 23 18

 18 18 18

 18 18 19

 18 23 23

 18 23 18

 20 23 23

 20 23 22

 18 23 23

 18 23 20

 23 18 19

 23 19 23

 4 18 11

 4 11 0

 18 23 18

 18 18 4

 23 18 20

 23 20 18

 17 9 6

 17 6 10

 12 4 9

 12 9 17

 4 18 4

 4 4 9

 19 12 11

 19 11 20

 18 1 12

 18 12 19

 1 2 2

 1 2 12

 19 18 19

 19 19 20

 23 20 18

 23 18 19

 20 18 19

 20 19 18

 11 18 11

 11 11 3

 23 18 18

 23 18 11

 18 23 19

 18 19 18

 4 1 13

 4 13 17

 23 18 1

 23 1 4

 18 23 11

 18 11 1

 13 0 2

 13 2 58

 9 24 0

 9 0 13

 24 23 4

 24 4 0

 12 0 2

 12 2 2

 22 1 0

 22 0 12

 1 0 15

 1 15 0

 12 14 7

 12 7 13

 18 24 14

 18 14 12

 24 22 12

 24 12 14

 12 14 5

 12 5 6

 18 24 14

 18 14 12

 24 18 12

 24 12 14

 12 4 7

 12 7 13

 18 23 4

 18 4 12

 23 18 12

 23 12 4

 3 11 2

 3 2 7

 22 23 11

 22 11 3

 23 18 12

 23 12 11

 15 9 10

 15 10 21

 0 11 9

 0 9 15

 11 22 3

 11 3 9

 4 6 2

 4 2 5

 20 11 6

 20 6 4

 11 21 7

 11 7 6

 1 3 5

 1 5 2

 20 19 3

 20 3 1

 19 20 4

 19 4 3

 13 0 2

 13 2 58

 3 11 0

 3 0 13

 11 20 1

 11 1 0

 2 9 5

 2 5 76

 9 9 2

 9 2 5

 9 7 40

 9 40 2

 6 11 9

 6 9 2

 11 14 9

 11 9 9

 14 0 7

 14 7 9

 6 11 11

 6 11 6

 11 14 14

 11 14 11

 14 4 0

 14 0 14

 15 3 11

 15 11 6

 3 23 14

 3 14 11

 23 12 4

 23 4 14

 12 3 13

 12 13 4

 10 3 3

 10 3 15

 3 1 23

 3 23 3

 1 23 12

 1 12 23

 23 3 3

 23 3 12

 3 17 21

 3 21 3

 15 3 1

 15 1 3

 3 1 23

 3 23 1

 1 14 3

 1 3 23

 14 0 17

 14 17 3

 17 11 1

 17 1 3

 11 1 14

 11 14 1

 1 4 0

 1 0 14

 29 14 1

 29 1 11

 14 1 4

 14 4 1

 1 3 17

 1 17 4

 17 12 14

 17 14 29

 12 23 1

 12 1 14

 23 3 3

 23 3 1

 3 15 10

 3 10 3

 3 6 5

 3 5 21

 6 9 26

 6 26 5

 10 1 12

 10 12 17

 1 24 23

 1 23 12

 24 11 3

 24 3 23

 11 6 15

 11 15 3

 11 12 3

 11 3 2

 12 23 6

 12 6 3

 23 6 9

 23 9 6

 6 7 26

 6 26 9

 9 14 24

 9 24 1

 14 14 11

 14 11 24

 14 9 6

 14 6 11

 9 12 17

 9 17 2

 12 14 11

 12 11 17

 14 14 12

 14 12 11

 14 12 23

 14 23 12

 12 9 6

 12 6 23

 9 26 7

 9 7 6

 25 11 14

 25 14 9

 11 24 14

 11 14 14

 24 20 9

 24 9 14

 14 1 9

 14 9 17

 1 23 12

 1 12 9

 23 1 14

 23 14 12

 1 11 14

 1 14 14

 11 6 12

 11 12 14

 6 5 9

 6 9 12

 6 11 11

 6 11 25

 11 23 24

 11 24 11

 23 24 20

 23 20 24

 24 24 14

 24 14 20

 24 23 1

 24 1 14

 23 14 23

 23 23 1

 14 11 1

 14 1 23

 11 7 11

 11 11 1

 3 14 11

 3 11 6

 14 23 23

 14 23 11

 23 23 24

 23 24 23

 23 23 24

 23 24 24

 23 23 23

 23 23 24

 23 3 14

 23 14 23

 3 6 11

 3 11 14

 12 24 14

 12 14 3

 24 23 23

 24 23 14

 23 24 23

 23 23 23

 24 14 23

 24 23 23

 14 3 23

 14 23 23

 3 0 3

 3 3 23

 0 26 6

 0 6 3

 15 12 12

 15 12 10

 12 23 24

 12 24 12

 23 24 23

 23 23 24

 24 20 24

 24 24 23

 20 25 14

 20 14 24

 25 15 3

 25 3 14

 15 21 0

 15 0 3

 15 11 12

 15 12 15

 11 23 23

 11 23 12

 23 14 24

 23 24 23

 14 25 20

 14 20 24

 17 3 11

 17 11 15

 3 23 23

 3 23 11

 23 3 14

 23 14 23

 3 6 25

 3 25 14

 58 9 3

 58 3 17

 9 6 23

 9 23 3

 6 0 3

 6 3 23

 0 21 6

 0 6 3

 21 10 6

 21 6 9

 10 10 0

 10 0 6

 5 9 5

 5 5 76

 9 3 7

 9 7 5

 3 0 26

 3 26 7

 13 12 9

 13 9 5

 12 23 3

 12 3 9

 23 3 0

 23 0 3

 3 15 10

 3 10 0

 10 1 12

 10 12 13

 1 24 23

 1 23 12

 24 11 3

 24 3 23

 11 17 15

 11 15 3

 15 9 10

 15 10 16

 9 9 2

 9 2 10

 9 10 76

 9 76 2

 11 14 24

 11 24 1

 14 11 11

 14 11 24

 11 25 17

 11 17 11

 1 14 9

 1 9 15

 14 3 9

 14 9 9

 3 15 10

 3 10 9

 3 24 14

 3 14 11

 24 12 11

 24 11 14

 12 13 25

 12 25 11

 13 12 1

 13 1 26

 12 14 14

 12 14 1

 14 4 3

 14 3 14

 4 28 15

 4 15 3

 13 12 3

 13 3 2

 12 24 24

 12 24 3

 24 1 12

 24 12 24

 1 10 13

 1 13 12

 7 9 12

 7 12 13

 9 9 14

 9 14 12

 9 13 4

 9 4 14

 6 11 12

 6 12 13

 11 14 24

 11 24 12

 14 9 1

 14 1 24

 39 5 9

 39 9 7

 5 2 9

 5 9 9

 2 16 13

 2 13 9

 25 11 11

 25 11 6

 11 11 14

 11 14 11

 11 25 9

 11 9 14

 25 11 11

 25 11 25

 11 11 11

 11 11 11

 11 25 25

 11 25 11

 25 11 11

 25 11 25

 11 11 11

 11 11 11

 11 25 25

 11 25 11

 12 3 13

 12 13 21

 3 9 5

 3 5 13

 9 5 39

 9 39 5

 25 11 11

 25 11 25

 11 11 11

 11 11 11

 11 6 25

 11 25 11

 9 3 6

 9 6 26

 3 14 12

 3 12 6

 14 24 3

 14 3 12

 24 9 9

 24 9 3

 9 2 5

 9 5 9

 6 11 11

 6 11 25

 11 14 11

 11 11 11

 14 9 6

 14 6 11

 29 3 9

 29 9 28

 3 23 3

 3 3 9

 23 24 14

 23 14 3

 24 14 24

 24 24 14

 14 17 9

 14 9 24

 17 76 2

 17 2 9

 6 0 7

 6 7 76

 0 14 7

 0 7 7

 14 15 16

 14 16 7

 9 4 11

 9 11 6

 4 14 14

 4 14 11

 14 4 9

 14 9 14

 12 14 3

 12 3 29

 14 23 23

 14 23 3

 23 24 24

 23 24 23

 24 20 14

 24 14 24

 6 14 0

 6 0 6

 14 13 14

 14 14 0

 13 20 15

 13 15 14

 2 9 5

 2 5 76

 9 11 17

 9 17 5

 11 11 17

 11 17 17

 11 3 13

 11 13 17

 3 1 21

 3 21 13

 6 4 4

 6 4 9

 4 20 14

 4 14 4

 20 12 4

 20 4 14

 12 29 21

 12 21 4

 17 12 12

 17 12 5

 12 23 14

 12 14 12

 23 23 23

 23 23 14

 23 23 24

 23 24 23

 23 4 20

 23 20 24

 4 24 13

 4 13 20

 9 25 76

 9 76 58

 12 5 14

 12 14 6

 5 12 13

 5 13 14

 12 13 20

 12 20 13

 13 33 25

 13 25 20

 33 2 0

 33 0 25

 2 25 40

 2 40 0

 6 11 9

 6 9 2

 11 23 11

 11 11 9

 23 24 11

 23 11 11

 24 24 3

 24 3 11

 24 14 1

 24 1 3

 14 4 12

 14 12 1

 4 14 6

 4 6 12

 18 11 20

 18 20 4

 11 14 12

 11 12 20

 14 12 29

 14 29 12

 4 14 12

 4 12 17

 14 23 23

 14 23 12

 23 23 23

 23 23 23

 23 23 23

 23 23 23

 23 23 4

 23 4 23

 23 24 24

 23 24 4

 24 24 9

 24 9 24

 24 12 25

 24 25 9

 12 1 13

 12 13 25

 17 9 5

 17 5 12

 9 6 12

 9 12 5

 6 27 13

 6 13 12

 27 3 33

 27 33 13

 3 3 2

 3 2 33

 3 28 25

 3 25 2

 0 3 13

 0 13 21

 3 11 15

 3 15 13

 11 12 13

 11 13 15

 12 12 10

 12 10 13

 6 11 11

 6 11 6

 11 24 23

 11 23 11

 24 23 24

 24 24 23

 23 23 24

 23 24 24

 23 24 14

 23 14 24

 24 23 4

 24 4 14

 23 11 14

 23 14 4

 11 11 18

 11 18 14

 11 20 11

 11 11 18

 20 24 14

 20 14 11

 24 12 12

 24 12 14

 12 6 26

 12 26 12

 15 12 4

 15 4 26

 12 23 14

 12 14 4

 23 23 23

 23 23 14

 23 23 23

 23 23 23

 23 23 23

 23 23 23

 23 23 23

 23 23 23

 23 23 24

 23 24 23

 23 23 24

 23 24 24

 23 23 12

 23 12 24

 23 14 1

 23 1 12

 14 3 6

 14 6 1

 3 3 26

 3 26 6

 7 0 9

 7 9 17

 0 14 6

 0 6 9

 14 11 27

 14 27 6

 11 20 3

 11 3 27

 20 7 3

 20 3 3

 7 15 28

 7 28 3

 13 3 0

 13 0 26

 3 23 3

 3 3 0

 23 24 11

 23 11 3

 24 24 12

 24 12 11

 24 14 12

 24 12 12

 14 3 6

 14 6 12

 3 9 26

 3 26 6

 9 14 11

 9 11 6

 14 14 24

 14 24 11

 14 0 23

 14 23 24

 0 14 24

 0 24 23

 14 23 23

 14 23 24

 23 14 11

 23 11 23

 14 1 11

 14 11 11

 1 14 24

 1 24 20

 14 14 12

 14 12 24

 14 12 6

 14 6 12

 15 11 12

 15 12 15

 11 23 23

 11 23 12

 23 23 23

 23 23 23

 23 23 23

 23 23 23

 23 23 23

 23 23 23

 23 23 23

 23 23 23

 23 23 23

 23 23 23

 23 23 23

 23 23 23

 23 23 23

 23 23 23

 23 23 14

 23 14 23

 23 23 3

 23 3 14

 23 12 3

 23 3 3

 12 11 2

 12 2 3

 26 15 14

 26 14 0

 15 6 11

 15 11 14

 6 13 20

 6 20 11

 13 10 7

 13 7 20

 6 11 3

 6 3 13

 11 24 23

 11 23 3

 24 23 24

 24 24 23

 23 14 24

 23 24 24

 14 1 14

 14 14 24

 1 23 3

 1 3 14

 23 3 9

 23 9 3

 3 25 28

 3 28 9

 4 14 14

 4 14 9

 14 11 14

 14 14 14

 11 6 0

 11 0 14

 6 11 14

 6 14 0

 11 23 23

 11 23 14

 23 24 14

 23 14 23

 24 20 1

 24 1 14

 20 24 14

 20 14 1

 24 23 14

 24 14 14

 23 12 12

 23 12 14

 12 13 10

 12 10 12

 13 3 11

 13 11 15

 3 23 23

 3 23 11

 23 23 23

 23 23 23

 23 23 23

 23 23 23

 23 23 23

 23 23 23

 23 23 23

 23 23 23

 23 23 23

 23 23 23

 23 23 23

 23 23 23

 23 23 23

 23 23 23

 23 23 23

 23 23 23

 23 23 23

 23 23 23

 23 23 12

 23 12 23

 23 14 11

 23 11 12

 14 12 6

 14 6 11

 12 0 10

 12 10 6

 25 11 11

 25 11 6

 11 14 24

 11 24 11

 14 0 23

 14 23 24

 13 11 1

 13 1 14

 11 14 23

 11 23 1

 14 24 3

 14 3 23

 24 20 25

 24 25 3

 14 1 4

 14 4 13

 1 23 14

 1 14 4

 23 3 11

 23 11 14

 3 13 6

 3 6 11

 7 9 11

 7 11 6

 9 14 23

 9 23 11

 14 23 24

 14 24 23

 23 24 20

 23 20 24

 24 24 20

 24 20 20

 24 23 24

 24 24 20

 23 23 23

 23 23 24

 23 11 12

 23 12 23

 11 15 13

 11 13 12

 21 0 3

 21 3 13

 0 3 23

 0 23 3

 3 14 23

 3 23 23

 14 24 23

 14 23 23

 24 23 23

 24 23 23

 23 23 23

 23 23 23

 23 23 23

 23 23 23

 23 23 23

 23 23 23

 23 23 23

 23 23 23

 23 23 23

 23 23 23

 23 23 23

 23 23 23

 23 23 23

 23 23 23

 23 23 14

 23 14 23

 23 23 12

 23 12 14

 23 6 0

 23 0 12

 6 2 28

 6 28 0

 6 11 11

 6 11 25

 11 11 14

 11 14 11

 11 25 0

 11 0 14

 25 14 14

 25 14 11

 14 23 24

 14 24 14

 23 24 20

 23 20 24

 24 24 14

 24 14 20

 24 14 1

 24 1 14

 14 3 23

 14 23 1

 3 0 3

 3 3 23

 0 21 13

 0 13 3

 76 15 9

 76 9 7

 15 12 14

 15 14 9

 12 3 23

 12 23 14

 3 11 24

 3 24 23

 11 11 24

 11 24 24

 11 11 23

 11 23 24

 11 11 23

 11 23 23

 11 0 11

 11 11 23

 0 7 15

 0 15 11

 26 7 3

 26 3 0

 7 0 14

 7 14 3

 0 20 24

 0 24 14

 20 24 23

 20 23 24

 24 23 23

 24 23 23

 23 23 23

 23 23 23

 23 23 23

 23 23 23

 23 23 23

 23 23 23

 23 23 23

 23 23 23

 23 23 23

 23 23 23

 23 23 23

 23 23 23

 23 23 23

 23 23 23

 23 14 23

 23 23 23

 14 1 6

 14 6 23

 1 28 2

 1 2 6

 9 14 11

 9 11 6

 14 11 11

 14 11 11

 11 25 25

 11 25 11

 13 0 14

 13 14 25

 0 11 23

 0 23 14

 11 11 24

 11 24 23

 11 3 24

 11 24 24

 3 12 14

 3 14 24

 12 6 3

 12 3 14

 6 26 0

 6 0 3

 21 13 3

 21 3 12

 13 17 11

 13 11 3

 17 17 11

 17 11 11

 17 17 11

 17 11 11

 17 17 11

 17 11 11

 17 5 0

 17 0 11

 5 83 7

 5 7 0

 14 24 24

 14 24 20

 24 23 23

 24 23 24

 23 24 23

 23 23 23

 24 24 23

 24 23 23

 24 23 23

 24 23 23

 23 23 23

 23 23 23

 23 23 23

 23 23 23

 23 23 23

 23 23 23

 23 23 23

 23 23 23

 23 14 14

 23 14 23

 14 0 1

 14 1 14

 4 14 14

 4 14 9

 14 11 11

 14 11 14

 11 17 25

 11 25 11

 83 5 0

 83 0 13

 5 17 11

 5 11 0

 17 17 11

 17 11 11

 17 13 3

 17 3 11

 13 21 12

 13 12 3

 1 1 14

 1 14 13

 1 23 24

 1 24 14

 23 1 23

 23 23 24

 1 14 24

 1 24 23

 14 14 24

 14 24 24

 14 1 23

 14 23 24

 1 23 23

 1 23 23

 23 23 23

 23 23 23

 23 23 23

 23 23 23

 23 23 23

 23 23 23

 23 11 14

 23 14 23

 11 25 0

 11 0 14

 26 15 5

 26 5 45

 15 11 17

 15 17 5

 11 11 17

 11 17 17

 11 3 13

 11 13 17

 3 1 21

 3 21 13

 4 1 4

 4 4 13

 1 23 14

 1 14 4

 23 3 11

 23 11 14

 3 13 17

 3 17 11

 13 9 6

 13 6 39

 9 14 1

 9 1 6

 14 23 1

 14 1 1

 23 12 23

 23 23 1

 12 3 1

 12 1 23

 3 13 14

 3 14 1

 13 11 1

 13 1 14

 11 14 23

 11 23 1

 14 23 23

 14 23 23

 23 23 23

 23 23 23

 23 23 23

 23 23 23

 23 11 11

 23 11 23

 11 17 25

 11 25 11

 58 0 15

 58 15 26

 0 9 11

 0 11 15

 9 14 11

 9 11 11

 14 14 3

 14 3 11

 14 14 1

 14 1 3

 14 14 9

 14 9 1

 14 11 6

 14 6 9

 11 11 25

 11 25 6

 11 11 25

 11 25 25

 11 11 6

 11 6 25

 11 14 9

 11 9 6

 14 14 4

 14 4 9

 14 23 1

 14 1 4

 23 12 23

 23 23 1

 12 9 3

 12 3 23

 9 21 13

 9 13 3

 15 11 9

 15 9 13

 11 23 14

 11 14 9

 23 14 23

 23 23 14

 14 1 12

 14 12 23

 1 13 3

 1 3 12

 0 14 14

 0 14 11

 14 23 23

 14 23 14

 23 23 23

 23 23 23

 23 23 23

 23 23 23

 23 3 11

 23 11 23

 3 13 17

 3 17 11

 28 13 9

 28 9 0

 13 0 14

 13 14 9

 0 1 14

 0 14 14

 1 3 14

 1 14 14

 3 11 14

 3 14 14

 11 11 11

 11 11 14

 11 11 11

 11 11 11

 11 11 11

 11 11 11

 11 11 11

 11 11 11

 11 11 14

 11 14 11

 11 11 14

 11 14 14

 11 3 23

 11 23 14

 3 9 12

 3 12 23

 9 13 9

 9 9 12

 7 0 11

 7 11 15

 0 11 23

 0 23 11

 11 9 14

 11 14 23

 9 15 1

 9 1 14

 6 11 14

 6 14 0

 11 23 23

 11 23 14

 23 23 23

 23 23 23

 23 12 23

 23 23 23

 12 9 3

 12 3 23

 9 21 13

 9 13 3

 21 13 3

 21 3 1

 13 17 11

 13 11 3

 17 17 11

 17 11 11

 17 17 11

 17 11 11

 17 17 11

 17 11 11

 17 17 11

 17 11 11

 17 17 11

 17 11 11

 17 17 11

 17 11 11

 17 13 3

 17 3 11

 13 28 9

 13 9 3

 83 5 0

 83 0 7

 5 15 11

 5 11 0

 15 5 9

 15 9 11

 5 76 15

 5 15 9

 13 3 11

 13 11 6

 3 23 23

 3 23 11

 23 14 23

 23 23 23

 14 1 12

 14 12 23

 1 13 9

 1 9 12

 21 0 3

 21 3 13

 0 9 23

 0 23 3

 9 9 14

 9 14 23

 9 15 1

 9 1 14

 28 7 9

 28 9 0

 7 5 9

 7 9 9

 5 76 15

 5 15 9

 26 3 63

 26 63 63

 2 17 63

 2 63 63

 7 17 63

 7 63 63

 6 1 63

 6 63 63

 39 6 63

 39 63 63

 21 13 63

 21 63 63

 39 7 63

 39 63 63

 5 76 63

 5 63 63

 1 10 63

 1 63 63

 13 17 63

 13 63 63

 9 13 63

 9 63 63

 17 17 63

 17 63 63

 21 13 63

 21 63 63

 17 5 63

 17 63 63

 28 15 63

 28 63 63

 13 16 63

 13 63 63

 26 0 63

 26 63 63

 5 83 63

 5 63 63

 13 26 63

 13 63 63

 25 6 63

 25 63 63

 20 11 37

 20 37 37

 1 15 63

 1 63 63

 10 15 63

 10 63 63

 28 0 63

 28 63 63

 9 25 63

 9 63 63

 13 4 63

 13 63 63

 28 2 63

 28 63 63

 13 21 63

 13 63 63

 6 25 63

 6 63 63

 17 13 63

 17 63 63

 15 76 63

 15 63 63

 7 26 63

 7 63 63

 3 21 63

 3 63 63

 23 23 63

 23 63 63

 17 17 63

 17 63 63

 26 9 63

 26 63 63

 5 7 63

 5 63 63

 21 17 63

 21 63 63

 5 17 63

 5 63 63

 0 25 63

 0 63 63

 9 6 63

 9 63 63

 76 5 63

 76 63 63

 45 5 63

 45 63 63

 25 11 63

 25 63 63

 9 1 63

 9 63 63

 6 26 63

 6 63 63

 23 0 63

 23 63 63

 12 6 63

 12 63 63

 0 23 63

 0 63 63

 6 9 63

 6 63 63

 9 2 63

 9 63 63

 11 1 75

 11 75 37

 26 0 63

 26 63 63

 13 21 63

 13 63 63

 1 20 37

 1 37 75

 76 7 63

 76 63 63

 7 26 63

 7 63 63

 6 12 63

 6 63 63

 25 25 63

 25 63 63

 13 14 63

 13 63 63

 26 0 63

 26 63 63

 15 15 63

 15 63 63

 9 26 63

 9 63 63

 83 5 63

 83 63 63

 5 17 63

 5 63 63

 25 25 63

 25 63 63

 6 26 63

 6 63 63

 17 17 63

 17 63 63

 13 5 63

 13 63 63

 1 6 63

 1 63 63

 2 3 63

 2 63 63

 17 17 63

 17 63 63

 15 15 63

 15 63 63

 17 17 63

 17 63 63

 17 13 63

 17 63 63

 15 7 63

 15 63 63

 13 21 63

 13 63 63

 10 12 63

 10 63 63

 26 0 63

 26 63 63

 10 15 63

 10 63 63

 26 6 63

 26 63 63

 20 25 63

 20 63 63

 6 12 63

 6 63 63

 2 11 63

 2 63 63

 26 4 63

 26 63 63

 26 0 63

 26 63 63

 12 26 63

 12 63 63

 25 25 63

 25 63 63

 28 1 63

 28 63 63

 7 10 63

 7 63 63

 25 25 63

 25 63 63

 14 18 75

 14 75 68

 6 13 63

 6 63 63

 12 21 63

 12 63 63

 2 28 63

 2 63 63

 25 9 63

 25 63 63

 39 5 63

 39 63 63

 10 1 63

 10 63 63

 9 6 63

 9 63 63

 10 10 63

 10 63 63

 9 20 63

 9 63 63

 15 3 63

 15 63 63

 10 21 63

 10 63 63

 25 25 63

 25 63 63

 14 17 63

 14 63 63

 28 4 63

 28 63 63

 13 10 63

 13 63 63

 13 25 63

 13 63 63

 28 25 63

 28 63 63

 4 13 63

 4 63 63

 15 13 63

 15 63 63

 4 9 63

 4 63 63

 13 15 63

 13 63 63

 17 0 63

 17 63 63

 21 13 63

 21 63 63

 20 0 63

 20 63 63

 10 13 63

 10 63 63

 2 76 63

 2 63 63

 0 7 63

 0 63 63

 7 26 63

 7 63 63

 9 5 63

 9 63 63

 25 25 63

 25 63 63

 40 7 63

 40 63 63

 0 26 63

 0 63 63

 15 17 63

 15 63 63

 21 12 63

 21 63 63

 25 6 63

 25 63 63

 5 26 63

 5 63 63

 9 26 63

 9 63 63

 21 5 63

 21 63 63

 25 13 63

 25 63 63

 3 10 63

 3 63 63

 17 15 63

 17 63 63

 24 9 63

 24 63 63

 12 15 63

 12 63 63

 15 76 63

 15 63 63

 5 2 63

 5 63 63

 21 0 63

 21 63 63

 25 6 63

 25 63 63

 7 83 63

 7 63 63

 14 20 63

 14 63 63

 4 6 63

 4 63 42

 12 6 63

 12 63 63

 6 25 63

 6 63 63

 1 12 63

 1 63 63

 6 9 63

 6 63 63

 1 0 63

 1 63 63

 29 28 63

 29 63 63

 4 9 63

 4 63 63

 15 16 63

 15 63 63

 2 3 63

 2 63 63

 25 17 63

 25 63 63

 6 25 63

 6 63 63

 83 13 63

 83 63 63

 76 10 63

 76 63 63

 2 76 63

 2 63 63

 11 1 63

 11 63 63

 76 5 63

 76 63 63

 21 0 63

 21 63 63

 6 76 63

 6 63 63

 26 1 63

 26 63 63

 0 40 63

 0 63 63

 5 7 63

 5 63 63

 25 0 63

 25 63 63

 7 28 63

 7 63 63

 17 25 63

 17 63 63

 20 25 63

 20 63 63

 9 58 63

 9 63 63

 12 21 63

 12 63 63

 16 15 63

 16 63 63

 17 3 63

 17 63 63

 6 2 63

 6 63 63

 1 13 63

 1 63 63

 11 7 63

 11 63 63

 0 21 63

 0 63 63

 0 4 63

 0 63 63

 58 76 63

 58 63 63

 7 0 63

 7 63 63

 0 21 63

 0 63 63

 13 1 63

 13 63 63

 20 13 63

 20 63 63

 4 17 63

 4 63 63

 9 6 63

 9 63 63

 11 17 63

 11 63 63

 7 11 63

 7 63 63

 76 5 63

 76 63 63

 5 12 63

 5 63 63

 58 17 63

 58 63 63

 5 15 63

 5 63 63

 4 21 63

 4 63 63

 15 5 63

 15 63 63

 9 4 63

 9 63 63

 5 83 63

 5 63 63

 12 29 63

 12 63 63

 28 13 63

 28 63 63

 0 25 63

 0 63 63

 6 21 63

 6 63 63

 13 17 63

 13 63 63

 26 45 63

 26 63 63

 13 21 63

 13 63 63

 17 17 63

 17 63 63

 17 13 63

 17 63 63

 17 17 63

 17 63 63

 14 20 63

 14 63 63

 17 17 63

 17 63 63

 17 17 63

 17 63 63

 6 6 63

 6 63 63

 5 17 63

 5 63 63

 20 14 63

 20 63 63

 17 17 63

 17 63 63

 76 5 63

 76 63 63

 17 17 63

 17 63 63

 21 1 63

 21 63 63

 17 17 63

 17 63 63

 4 13 63

 4 63 63

 15 20 63

 15 63 63

 17 13 63

 17 63 63

 1 15 63

 1 63 63

 11 13 63

 11 63 63

 13 21 63

 13 63 63

 21 9 63

 21 63 63

 17 13 63

 17 63 63

 10 15 63

 10 63 63

 13 39 63

 13 63 63

 3 11 63

 3 63 63

 0 28 63

 0 63 63

 2 76 63

 2 63 63

 25 13 63

 25 63 63

 76 17 63

 76 63 63

 17 14 63

 17 63 63

 3 6 63

 3 63 63

 14 13 63

 14 63 63

 13 14 63

 13 63 63

 21 1 63

 21 63 63

 13 9 63

 13 63 63

 6 9 63

 6 63 63

 29 11 63

 29 63 63

 17 3 63

 17 63 63

 11 6 63

 11 63 63

 21 29 63

 21 63 63

 17 5 63

 17 63 63

 25 17 63

 25 63 63

 6 6 63

 6 63 63

 58 26 63

 58 63 63

 0 4 63

 0 63 63

 5 6 63

 5 63 63

 6 11 63

 6 63 63

 1 0 63

 1 63 63

 13 24 63

 13 63 63

 7 16 63

 7 63 63

 0 13 63

 0 63 63

 9 58 63

 9 63 63

 7 7 63

 7 63 63

 3 15 63

 3 63 63

 20 20 70

 20 70 70

 13 28 63

 13 63 63

 76 25 63

 76 63 63

 76 7 63

 76 63 63

 21 9 63

 21 63 63

 12 6 63

 12 63 63

 20 14 63

 20 63 63

 0 10 63

 0 63 63

 1 10 63

 1 63 63

 2 76 63

 2 63 63

 10 2 63

 10 63 63

 16 10 63

 16 63 63

 13 26 63

 13 63 63

 28 9 63

 28 63 63

 13 1 63

 13 63 63

 40 25 63

 40 63 63

 13 4 63

 13 63 63

 6 2 63

 6 63 63

 13 21 63

 13 63 63

 15 28 63

 15 63 63

 15 13 63

 15 63 63

 13 2 63

 13 63 63

 21 9 63

 21 63 63

 0 6 63

 0 63 63

 14 23 63

 14 63 63

 6 0 63

 6 63 63

 6 14 68

 6 68 63

 13 10 63

 13 63 63

 3 13 63

 3 63 63

 18 4 42

 18 42 75

 10 13 63

 10 63 63

 0 11 63

 0 63 63

 1 20 70

 1 70 75

 13 6 63

 13 63 63

 20 1 75

 20 75 70

 6 15 63

 6 63 63

 29 12 63

 29 63 63

 17 29 63

 17 63 63

 15 26 63

 15 63 63

 4 17 63

 4 63 63

 6 10 63

 6 63 63

 2 40 63

 2 63 63

 11 6 63

 11 63 63

 5 2 63

 5 63 63

 12 3 63

 12 63 63

 10 13 63

 10 63 63

 76 5 63

 76 63 63

 17 13 63

 17 63 63

 13 15 63

 13 63 63

 10 15 63

 10 63 63

 6 12 63

 6 63 63

 28 0 63

 28 63 63

 3 21 63

 3 63 63

 26 6 63

 26 63 63

 26 9 63

 26 63 63

 0 58 63

 0 63 63

 6 26 63

 6 63 63

 13 1 63

 13 63 63

 17 12 63

 17 63 63

 26 9 63

 26 63 63

 11 13 63

 11 63 63

 15 6 63

 15 63 63

 13 3 63

 13 63 63

 12 10 63

 12 63 63

 25 28 63

 25 63 63

 17 9 63

 17 63 63

 0 21 63

 0 63 63

 9 13 63

 9 63 63

 10 0 63

 10 63 63

 13 3 63

 13 63 63

 5 39 63

 5 63 63

 7 15 63

 7 63 63

 25 6 63

 25 63 63

 13 5 63

 13 63 63

 21 13 63

 21 63 63

 10 12 63

 10 63 63

 7 13 63

 7 63 63

 3 10 63

 3 63 63

 23 0 63

 23 63 63

 6 6 63

 6 63 63

 1 15 63

 1 63 63

 13 14 63

 13 63 63

 6 0 63

 6 63 63

 4 13 63

 4 63 63

 9 4 63

 9 63 63

 6 13 63

 6 63 63

 6 9 63

 6 63 63

 9 28 63

 9 63 63

 25 6 63

 25 63 63

 25 20 63

 25 63 63

 25 25 63

 25 63 63

 14 13 63

 14 63 63

 1 9 63

 1 63 63

 6 25 63

 6 63 63

 9 6 63

 9 63 63

 13 21 63

 13 63 63

 1 9 63

 1 63 63

 21 1 63

 21 63 63

 6 13 63

 6 63 63

 10 17 63

 10 63 63

 7 6 63

 7 63 63

 26 6 63

 26 63 63

 15 7 63

 15 63 63

 15 26 63

 15 63 63

 0 10 63

 0 63 63

 21 15 63

 21 63 63

 15 6 63

 15 63 63

 15 25 63

 15 63 63

 11 2 63

 11 63 63

 25 20 63

 25 63 63

 0 7 63

 0 63 63

 15 10 63

 15 63 63

 3 2 63

 3 63 63

 9 28 63

 9 63 63

 26 7 63

 26 63 63

 16 2 63

 16 63 63

 83 7 63

 83 63 63

 13 15 63

 13 63 63

 2 5 63

 2 63 63

 21 13 63

 21 63 63

 5 39 63

 5 63 63

 14 14 63

 14 63 63

 15 76 63

 15 63 63

 17 11 63

 17 63 63

 13 6 63

 13 63 63

 0 21 63

 0 63 63

 23 23 23

 23 23 18

 18 23 23

 18 23 23

 23 23 23

 23 23 23

 23 23 23

 23 23 23

 23 23 23

 23 23 23

 23 23 23

 23 23 23

 23 23 23

 23 23 23

 23 23 18

 23 18 23

 23 18 14

 23 14 24

 24 14 9

 24 9 9

 23 9 9

 23 9 1

 23 12 14

 14 70 65

 65 66 31

 31 32 23

 23 14 65

 65 31 23

 23 23 23

 23 23 23

 16 61 44

 16 44 46

 58 38 44

 58 44 46

 46 44 61

 46 61 16

 7 10 61

 7 61 16

 38 44 61

 38 61 10

 44 38 10

 44 10 61

 38 38 10

 38 10 10

 16 61 10

 16 10 7

 10 7 38

 10 38 44

 46 44 38

 46 38 58

 58 38 38

 58 38 58

 38 44 44

 38 44 38

 10 10 44

 10 44 44

 7 10 44

 7 44 38

 58 44 44

 58 44 58

 44 61 58

 46 61 44

 44 59 16

 7 16 3

 38 3 9

 7 38 4

 16 4 3

 46 16 44

 46 44 44

 58 44 44

 16 7 4

